,name,position,value,team_code,selected,web_name,DefCon,Risk_share_avg,Point_STD,offset,id,0,6,7,8,9,10,11,12,13
0,Aaron_Anselmino,DEF,4.5,8,0.0,Anselmino,0.0,3.9630572853859967,3.0,1,561,0,0.2837582035977833,0.2379536092927587,0.2882205145543603,0.2608521192321278,0.2411531712061092,0.3154509781495133,0.2407979198099287,0.295300004080841
1,Aaron_Hickey,DEF,4.5,94,0.001,Hickey,10.07,4.354186834941883,0.83,1,90,0,0.2516433296881281,0.2132496535203759,0.2792534174581693,0.3450475781129303,0.19909131229417,0.3032465411191053,0.2222166763148274,0.1898178236408391
2,Aaron_Wan-Bissaka,DEF,4.5,7,0.002,Wan-Bissaka,12.43,1.1087343371152771,1.8,1,611,0,1.0354538254468075,0.8719491165769331,0.808522756300936,1.0009510356120443,0.7884887953351317,1.0345181649834594,1.0650493679470037,1.0217522721538723
3,Abdoul_Ouattara,DEF,4.0,40,0.009000000000000001,Ouattara,7.56,1.9966046276350493,1.7016157407407404,1,592,0,0.476173866041037,0.3619919024149476,0.4781472203380613,0.5623586390938855,0.493020388807956,0.5386971120910266,0.5625761472439169,0.6209470431376015
4,Abdukodir_Khusanov,DEF,5.4,43,0.013999999999999999,Khusanov,5.71,0.6327326540863257,2.02,1,393,0,2.151914518772241,2.7242615917383275,2.2914339533488963,2.3271497711982514,2.3534273205586533,2.461818507112104,1.9049690043582816,2.5619477067016367
5,Abdul_Fatawu,MID,5.4,40,0.002,Fatawu,7.16,1.713306248039154,1.26,1,315,0,0.2396687189642348,0.1808365748849346,0.2273218528750478,0.2752749818188067,0.2273084274775835,0.2226172290876293,0.2640335706050341,0.2645260783530415
6,Abdülkadir_Ömür,MID,4.9,88,0.0,Ömür,0.0,1.2322441618305482,3.0,1,292,0,0.3129180681115118,0.2646260077376625,0.315243786656632,0.3513615939633784,0.2175012498260894,0.2925902977134796,0.3109297525982883,0.341929353818157
7,Abu_Kamara,MID,5.0,88,0.0,Kamara,0.0,1.2407710189980117,3.0,1,293,0,0.298822049817819,0.251893657943733,0.3009918338764892,0.3336569473728157,0.2085848790401738,0.2793014272094111,0.296713780110792,0.3278582250016423
8,Adam_Aznou,DEF,4.0,11,0.001,Aznou,0.0,4.1688816444286685,3.0,1,235,0,0.2571340161293476,0.2282551328566574,0.1719869541071532,0.2225296238167825,0.274335794795339,0.2285402237104065,0.2161527241084191,0.217574045970543
9,Adam_Smith,DEF,4.5,91,0.001,Smith,4.35,0.4519363120891831,2.08,1,64,0,1.9007539335902448,2.867152700498139,1.9224498679291608,2.802671155268259,2.8349529305056484,2.7109317303504272,2.392244971854883,2.5092733341459543
10,Adam_Wharton,MID,5.4,31,0.006999999999999999,Wharton,8.46,0.3451502079362666,1.87,1,210,0,3.343053419930553,2.9548492559854416,3.190715111866103,3.192121834934916,3.090498707978282,3.259634039871903,3.567198615404912,3.0046226230100403
11,Adrien_Truffert,DEF,5.4,91,0.03,Truffert,9.0,0.4586613792969588,2.02,1,61,0,2.9385271132864585,4.300941774366231,2.997407408591044,3.9342782330465873,4.1574194728043645,3.965912161919217,3.5084042923218623,3.5387339469562624
12,Ainsley_Maitland-Niles,DEF,4.5,11,0.013000000000000001,Maitland-Niles,6.61,3.5398846106202635,1.25,1,649,0,0.3270603782864508,0.2698786957321482,0.2361553020846204,0.2538115043165594,0.3387547872700774,0.2535320413322002,0.2479618487629908,0.2770811166080474
13,Aladji_Bamba,MID,4.9,4,0.001,Bamba,26.67,1.1539404922099281,3.0,1,559,0,0.4471899820252526,0.5048471058921703,0.4210288682946512,0.4870946504903241,0.389764952072711,0.3728152931777743,0.3680523350954529,0.4632881177182908
14,Alejandro_Garnacho,MID,5.8,7,0.003,Garnacho,5.81,0.5114953372404549,1.73,1,160,0,2.274509135197526,2.2829736863747154,2.12127956649914,2.25328788893944,1.876522507771868,2.287111822023316,2.233427871382019,2.280699007492819
15,Alex_Cairns,GKP,4.0,2,0.002,Cairns,0.0,5.55399243929775,3.0,1,625,0,0.1838481084807612,0.2033650887081614,0.2159198430841588,0.1985818275350048,0.22888670947158,0.1813849297765331,0.2405350056364432,0.1733392336385862
16,Alex_Iwobi,MID,5.4,54,0.006999999999999999,Iwobi,6.4,0.40323634158115174,1.98,1,261,0,3.621275517505806,4.008131490343312,3.679712999790188,3.410218102357419,3.6898475953145504,3.092159570402598,3.595657723556355,3.621559583411504
17,Alex_Murphy,DEF,4.0,4,0.001,A.Murphy,0.0,3.730640018170469,3.0,1,451,0,0.2854490652319413,0.2849508434486183,0.2765387168929894,0.2872227472422673,0.2354993196602525,0.2258377953304848,0.2102906748385549,0.2790105608297595
18,Alex_Palmer,GKP,4.0,40,0.039,Palmer,0.0,5.051180982456031,1.0,1,301,0,0.2048959467324617,0.1567955052341376,0.198606016833303,0.2022421246168965,0.1931939744392056,0.1955774819119016,0.2077363465472679,0.2040087211301653
19,Alex_Scott,MID,6.1,91,0.057,Scott,12.11,0.29957011730825867,2.9,1,69,0,3.608271527784992,4.222281879733046,3.814913268723384,4.145395477038748,4.394113908628249,4.119868121415626,3.837090880733456,3.9638722283311294
20,Alex_Tóth,MID,4.9,91,0.0,Tóth.A,10.59,0.9758841183238905,1.6511111111111108,1,76,0,0.5316122892376054,0.6334760981566031,0.5145221784265777,0.6346385085772904,0.6255503782913434,0.6143497749389913,0.5436138661127794,0.5554328752024142
21,Alexander_Isak,FWD,9.1,14,0.225,Isak,1.53,0.5654693314234001,2.21,1,379,0,4.310873128852138,4.302370553346143,4.493829890499133,3.9687365748344985,4.694530149512556,4.407118615052405,4.2604466903261615,4.9693314039111165
22,Alexis_Mac Allister,MID,5.4,14,0.013000000000000001,Mac Allister,12.06,0.3881106813627107,2.31,1,372,0,2.4842167654972043,2.583019796075587,2.5870751160128163,2.410514824232405,2.629950982311806,2.6770439240837347,2.531259896313906,2.760597455038784
23,Alfie_Cresswell,MID,4.5,2,0.001,Cresswell,0.0,1.404942627015194,3.0,1,604,0,0.1772854040546424,0.2402407235451305,0.2126025153859395,0.2198121993722263,0.2461652933272937,0.2081468958884499,0.2635665915918556,0.178894276820479
24,Alfie_McNally,GKP,4.0,54,0.001,McNally,0.0,6.300754355276652,3.0,1,252,0,0.2203900141178843,0.2288112862281395,0.2234171496640907,0.2105680557461794,0.2159959197548364,0.1694830864858938,0.2117079297430867,0.2144222171949133
25,Ali_Al-Hamadi,FWD,5.0,40,0.001,Al-Hamadi,0.0,0.9935714825410219,1.763375,1,322,0,0.4376170218582134,0.3782258033999069,0.4565800217018343,0.4727220951155576,0.4243861271299541,0.3755766869618922,0.4050548947192626,0.4569450721665201
26,Alisson_Ramses Becker,GKP,5.5,14,0.04,A.Becker,0.0,0.39646399562078377,2.83,1,350,0,2.713325080229087,2.8020571274535504,3.1387166539197677,3.1437491651416964,3.457346604935508,3.58251034721018,3.5543755226439497,3.827562501258165
27,Allan_Andrade Elias,MID,6.0,43,0.0,Allan,0.0,1.373318333110098,3.0,1,628,0,0.4231932707235407,0.6292927233631334,0.493014942028298,0.5061440685910742,0.4341955356650183,0.5337360644313264,0.3103755472931665,0.5529257138535593
28,Altay_Bayındır,GKP,4.5,1,0.0,Bayindir,0.0,6.377957167082283,0.8956250000000001,1,413,0,0.2355156934817283,0.2105149024300978,0.2182795872287906,0.1947595428697766,0.2328943777047613,0.192273346589485,0.2161275669802015,0.20378021212757
29,Alysson_Edward Franco da Rocha dos Santos,MID,5.0,7,0.0,Alysson,8.28,1.6358765365568706,2.6608819444444447,1,52,0,0.2939422568790374,0.2415279379021256,0.2231655685004768,0.2654230569079241,0.2447891251879205,0.2915973563611311,0.2739765729714182,0.2978382283102001
30,Amad_Diallo,MID,5.7,1,0.003,Amad,0.0,0.8195378571581804,1.73,1,431,0,1.0846411056149954,0.9619848182715104,1.070409052869805,0.9896395228494138,1.191183002258464,0.8872293667970629,1.111734925069247,0.9978779118328004
31,Amadou_Onana,MID,4.9,7,0.0,Onana,0.0,0.847775500436346,1.86,1,48,0,0.5283868641111875,0.4905725141757681,0.4701487027618217,0.4862395304958769,0.4844213937032269,0.5416003414019349,0.5135757828545334,0.503591122614044
32,Amar_Dedic,DEF,4.5,4,0.018000000000000002,Dedić,6.61,0.5045521814832051,2.913166666666667,1,593,0,2.9355854689583856,2.8769246379680324,2.7129666246352104,2.814648062856952,2.521048630836785,2.3929192867611118,2.357964432080545,2.454897530267164
33,Amario_Cozier-Duberry,MID,5.0,36,0.0,Cozier-Duberry,0.0,1.3428346226889987,3.0,1,624,0,0.3866014889765376,0.4677398229058327,0.3231988464449575,0.3083599741159312,0.4371351991615845,0.4281447824289068,0.4067088420241739,0.3587719736978841
34,Amine_Adli,MID,4.9,91,0.0,Adli,0.0,0.9295933025046917,2.34,1,77,0,0.7274996428725993,0.8029955717031515,0.6604139661612485,0.8081993801914782,0.8263841273829283,0.8123633184039808,0.7418261271383848,0.7801208078269823
35,Anan_Khalaili,DEF,5.0,31,0.003,Khalaili,10.45,0.4959698721460211,1.775208333333333,1,588,0,3.868228561976807,3.121348364421688,3.787728407310379,3.786955071514902,3.3402802697749028,3.922192918369087,4.348841114758793,2.9964721204660574
36,Andrew_Robertson,DEF,4.4,6,0.025,Robertson,4.92,0.49346527584953753,1.97,1,502,0,2.3500912800667977,3.5783994344258887,2.5027848152452177,3.3732140000943693,2.685158595925153,3.417773996053024,3.026382417879468,3.244172353650545
37,Andrey_Nascimento dos Santos,MID,4.8,1,0.006,Andrey Santos,19.76,0.6749125324842876,1.41,1,162,0,1.4848792910709694,1.31295972331002,1.4737059445331,1.2225209340080496,1.5607893227313987,1.244326501122967,1.4495486487238398,1.330520018319864
38,Andrés_García,DEF,4.0,7,0.015,A.García,0.0,2.9923394482297265,0.9342916666666669,1,38,0,0.3486569925519687,0.3072107844457852,0.2687738893473695,0.3366752191741765,0.2693838193075808,0.3527057734722391,0.3509962263486287,0.3498439349588745
39,Anis_Mehmeti,MID,4.8,40,0.0,Mehmeti,0.0,1.2640003643145374,3.0,1,324,0,0.2691086048146521,0.2257929621877622,0.3228192660298031,0.301997385869331,0.2850495068149506,0.2641447176687038,0.3136236672291924,0.2938376800831486
40,Anthony_Elanga,MID,6.1,4,0.046,Elanga,3.49,0.40244103292997846,1.59,1,454,0,3.525962230430439,3.6329144304607306,3.360974734068813,3.450933378162833,3.0864827005142352,2.922023423853052,2.971044329219735,3.340314402433832
41,Anthony_Patterson,GKP,4.0,56,0.001,Patterson,0.0,5.660665974621075,3.0,1,530,0,0.2001068324811987,0.1958427551545121,0.2183087745967433,0.2180279902250241,0.1988804056201029,0.2068614770014828,0.2263420837454684,0.1809291613257006
42,Antoine_Semenyo,MID,8.4,43,0.155,Semenyo,4.4,0.5377749636189044,2.04,1,397,0,3.860835627108932,4.79607222931443,3.9687191366409382,4.142267755298384,3.870269390672241,4.29456954727111,3.2411216632989186,4.397157497134452
43,Anton_Stach,MID,6.0,2,0.025,Stach,12.28,0.3644007374926111,2.46,1,335,0,3.253193467812461,4.053929620895109,3.7789319946849433,3.706282536203102,4.251773678515463,3.4877243316967297,4.272090350690107,3.648967362507271
44,Antonee_Robinson,DEF,4.5,54,0.013999999999999999,Robinson,6.5,0.5077317180254007,2.07,1,254,0,3.19570479639969,3.474844359776869,3.139066695951312,2.8863368468525925,3.102657670299323,2.04234056028129,3.0067229447057247,3.06168568928638
45,Antoni_Milambo,MID,5.0,94,0.0,Milambo,0.0,1.289386524047241,3.0,1,99,0,0.4190843848482517,0.4594867920976129,0.468507354041937,0.4534420639336043,0.3734509218941251,0.466325186268019,0.3960336975609492,0.3951344753510295
46,Antonín_Kinský,GKP,4.5,6,0.174,Kinsky,0.0,0.4221551240258092,1.55,1,496,0,2.914443830768712,3.4685182448543186,2.422461407014994,3.031667479212753,2.584973098435305,3.3612982824762345,2.8611210543875027,3.2474691722126083
47,António_João Pereira de Albuquerque Tavares da Silva,DEF,5.0,91,0.004,Silva,11.2,0.41949350096411425,1.2703125,1,566,0,3.2245479077869983,4.382780037900326,3.458201617747352,4.278957945570539,4.346174304557188,4.218123452149986,3.651181049952588,3.8444936651268655
48,Archie_Gray,MID,4.9,6,0.002,Gray,7.92,1.1224927328132737,2.09,1,522,0,0.2827184353891773,0.3796591118135083,0.285030317523776,0.3669180818203356,0.3231118356304836,0.3599545999215084,0.3121707826272427,0.3110693319762072
49,Armin_Pecsi,GKP,4.0,14,0.0,Pecsi,0.0,6.190804509097726,3.0,1,353,0,0.1895118516307841,0.1967045753114541,0.2089727246179191,0.2041765668815407,0.2177916388551675,0.2090935653750913,0.2145983829423855,0.2379767050253498
50,Arnaud_Kalimuendo,FWD,5.4,17,0.001,Kalimuendo,0.0,0.9620819003650024,1.5940625,1,493,0,0.6140847626880755,0.3901085976583143,0.5243075662386191,0.4966389136157519,0.4616757465523813,0.4212965847066105,0.502001873337047,0.5235598398881858
51,Arthur_Masuaku,DEF,4.0,56,0.001,Masuaku,0.0,4.025923842844974,1.8175868055555555,1,540,0,0.2084106561425948,0.2008043058895159,0.25681855632451,0.2536481876400876,0.2283076743618916,0.2224860509596081,0.2714417534442678,0.1902569457777007
52,Ashley_Phillips,DEF,4.5,6,0.0,Phillips,0.0,4.184708440657779,3.0,1,507,0,0.2047593590600365,0.2772081155786796,0.1977608330829979,0.2687265288047964,0.2365828845371125,0.2747349811990347,0.2235592085891876,0.2293301422848589
53,Aurèle_Amenda,DEF,4.0,9,0.006,Amenda,6.0,0.4665165370705752,1.4366666666666663,1,182,0,2.657522529627024,2.734690931760621,2.584869385273901,2.873176180780196,2.5076084183121155,2.689870643973234,2.435426309755267,2.988024856147999
54,Axel_Disasi,DEF,4.5,31,0.001,Disasi,12.95,1.6698165029364778,2.03,1,153,0,0.1878597579368106,0.1248959228169552,3.0304758263226863,3.085977240247063,2.692909705435805,3.2452148277451265,3.549253894718653,2.370906953021552
55,Ayden_Heaven,DEF,4.4,1,0.003,Heaven,2.0,5.257359401104183,2.3,1,421,0,0.2357393344168885,0.2127342910954268,0.2349813057645411,0.1591499618719341,0.2165482881924795,0.1433246503521932,0.2396120559841637,0.1875521448522884
56,Ayyoub_Bouaddi,MID,5.5,43,0.002,Bouaddi,24.55,1.2906109612016634,3.0,1,616,0,0.4156977751424833,0.6149976433249948,0.5301380518215271,0.5525283215524396,0.5272524199263902,0.5159212976871154,0.3619282756800548,0.5393417951819365
57,Azor_Matusiwa,MID,4.9,40,0.0,Matusiwa,0.0,1.2640003643145374,3.0,1,310,0,0.2691086048146521,0.2257929621877622,0.3228192660298031,0.301997385869331,0.2850495068149506,0.2641447176687038,0.3136236672291924,0.2938376800831486
58,Bafodé_Diakité,DEF,4.9,91,0.002,Diakité,0.0,3.7465627040027494,1.88,1,62,0,0.2214206438492759,0.2769364644832782,0.2412221818433925,0.3189667099039342,0.2805928734861455,0.2815154605484731,0.2308384896972583,0.2359668925776853
59,Bart_Verbruggen,GKP,4.5,36,0.21600000000000003,Verbruggen,0.0,0.38729002293372317,1.96,1,109,0,3.519774947536819,3.726331568844128,2.99852828145901,2.587075562525862,3.3232090943413777,3.807312539576903,3.8593053307776346,3.3306253700648307
60,Bazoumana_Touré,MID,5.8,4,0.001,Touré,7.2,1.3353400248004104,3.0,1,461,0,0.3566646612207924,0.41503476420335,0.3434999835653087,0.3879451599367471,0.295762450494999,0.285160312685438,0.3028990684609837,0.3782838908393575
61,Ben_Chilwell,DEF,4.5,31,0.004,Chilwell,3.1,2.7708404341358825,1.62,1,643,0,0.3927189746952338,0.2979389374755788,0.4244189603003026,0.4055659971055347,0.3570457472774244,0.4341031265486315,0.526496772367678,0.3450883815304686
62,Ben_Davies,DEF,3.9,6,0.009000000000000001,Davies,0.0,7.064023612077808,2.06,1,508,0,0.1095192945301785,0.1768298235490885,0.0994584474646134,0.1695452703379676,0.1397983463633183,0.1747593558429637,0.1269161653747247,0.1305997794082115
63,Ben_Gannon-Doak,MID,4.9,91,0.001,Gannon-Doak,52.5,1.028101051531773,1.7182812500000002,1,72,0,0.5437149646595925,0.6278294790202265,0.5351987897647996,0.6224791937006086,0.5991015812129391,0.6563608334538364,0.5143067949173487,0.5714281820534124
64,Ben_Johnson,DEF,4.0,40,0.001,Johnson,0.0,0.9285416058657299,2.02,1,307,0,1.4584087268104715,0.976718535430473,1.3008808393786824,1.4181861598113668,1.2789144794339786,1.277702305770315,1.4519899011740791,1.420328916962955
65,Ben_Wilson,GKP,4.4,9,0.004,Wilson,0.0,5.372305655768109,3.0,1,172,0,0.204439226040615,0.2082531873933885,0.2102473824143927,0.2197831581919423,0.2005826845394075,0.2127762809259656,0.1958248543089149,0.219438269565612
66,Bendito_Mantato,MID,4.4,1,0.002,Bendito Mantato,0.0,1.162556581550845,3.0,1,437,0,0.571774175704333,0.4813271388114309,0.5547266032200796,0.4526584461551045,0.6243267169550235,0.4257161429075851,0.5920561723165403,0.4776071381965256
67,Benjamin_Fredrick,DEF,4.0,94,0.0,Fredrick,0.0,3.9766799197511937,3.0,1,660,0,0.23842943554721,0.2486282715452611,0.2903983176691385,0.2928753709471343,0.1994883326661798,0.2911467409384559,0.2340559312281639,0.2238406794529254
68,Benjamin_Lecomte,GKP,4.0,54,0.011000000000000001,Lecomte,0.0,6.300754355276652,3.0,1,251,0,0.2203900141178843,0.2288112862281395,0.2234171496640907,0.2105680557461794,0.2159959197548364,0.1694830864858938,0.2117079297430867,0.2144222171949133
69,Benjamin_Sesko,FWD,7.0,1,0.016,Šeško,5.92,0.8133898036148937,2.07,1,439,0,1.1109426134732543,1.0183090607313985,1.1305203309323848,0.9924148518664534,1.0943786574402985,0.995349972823685,1.317003018026589,1.0899633743975723
70,Benjamin_White,DEF,5.5,3,0.05,White,5.14,1.376273934596043,2.41,1,10,0,1.2818347597707296,1.1729038783019592,1.2408183477604182,0.9943907876046978,1.405555859404531,1.1350257007682607,1.018023308407357,1.095496781272447
71,Benoît_Badiashile Mukinayi,DEF,4.5,8,0.0,B.Badiashile,0.0,7.696652019282517,1.440208333333333,1,146,0,0.150484089061626,0.1087531530577629,0.1558068484037325,0.1295828434461023,0.1105413302640214,0.1804570344655995,0.1125216663094408,0.1598474974846946
72,Bernd_Leno,GKP,4.5,54,0.033,Leno,0.0,0.38213301620684936,2.01,1,250,0,3.814768413841293,3.724318000656827,3.877442955123136,3.3017279604649223,3.557736234182708,2.379103655988237,3.573978047178381,3.6673615534942896
73,Bobby_Thomas,DEF,4.0,9,0.086,Thomas,10.71,0.3546612856137644,2.5314907407407405,1,173,0,3.791093679794388,4.120773047749875,3.6683364035905326,4.1667291417623975,3.6923336489490506,3.937274662426622,3.487579822001581,4.1681256089499685
74,Borna_Sosa,DEF,4.5,31,0.0,Sosa,0.0,4.136204806327548,1.82684375,1,205,0,0.2476618607427426,0.1770938100503818,0.256104244687369,0.2370131746385823,0.2086096156612155,0.2576051156771343,0.2865772617100493,0.1974833242594947
75,Boubacar_Kamara,MID,5.0,7,0.003,Kamara,7.31,0.27122432651497774,2.66,1,47,0,2.7028527173109143,2.43772329208315,2.3680492277855847,2.5063236590768043,2.304751993259479,2.644171490018174,2.536525903073276,2.5684743233519507
76,Bradley_Barcola,MID,8.0,14,0.018000000000000002,Barcola,4.29,0.4931700570342953,1.822,1,627,0,3.145474448438108,3.125612324535034,3.3182622808137467,2.932035613758578,3.38189002863162,3.3558159350356926,3.077447817670815,3.58659285660564
77,Bradley_Burrowes,MID,4.5,7,0.006,Burrowes,0.0,1.088746427113417,3.0,1,50,0,0.4690981472611223,0.4255659311690919,0.3726976879934274,0.4424178489135605,0.3987275605408341,0.4640757417227988,0.4421331868971285,0.4582751117944479
78,Braiden_Graham,MID,4.5,11,0.001,Graham,0.0,1.2480345920961777,3.0,1,654,0,0.544262143053505,0.5303391003503353,0.3499507155717433,0.5010259864793931,0.5897718124530174,0.5201242812066594,0.5318877989576267,0.4119858465287098
79,Brandon_Austin,GKP,4.0,6,0.01,Austin,0.0,6.0342653754560445,1.485,1,495,0,0.1827360316158857,0.2343558888639683,0.185153310385092,0.2174080676022759,0.1976595408355008,0.2223291779531773,0.2104661693093222,0.2173370477119493
80,Brandon_Thomas-Asante,FWD,5.0,9,0.008,Thomas-Asante,10.7,0.44848395685119596,1.7910583333333334,1,194,0,1.600964063372744,1.4382190166230056,1.5590892977734905,1.5818265969335543,1.485718876709378,1.561061186557981,1.5048761972817049,1.7078807306492128
81,Brenden_Aaronson,MID,5.3,2,0.005,Aaronson,6.96,0.44233109838433765,1.85,1,337,0,2.042207716461218,2.38945287937269,2.3857186682301648,2.320897603688109,2.611364828300276,2.307399575503454,2.790115388609058,2.125777448843305
82,Brennan_Johnson,MID,5.9,11,0.001,Johnson,9.83,0.513081355810777,0.64,1,209,0,2.215862064531177,2.028221778505461,1.6700990885513505,1.9816140661022996,2.32341126931863,1.90470577453742,1.9835255560408065,1.9374366725395669
83,Brian_Brobbey,FWD,5.7,56,0.07,Brobbey,2.48,0.5203957191125118,2.68,1,552,0,3.615028185768064,3.3722032733784006,3.756464673214136,3.72253221663556,3.571024334581699,3.386660375785564,3.552276114603115,3.2735127064438085
84,Brian_Madjo,FWD,5.4,7,0.002,Madjo,0.0,0.9901245735491552,3.0,1,582,0,0.5295373642238806,0.4523057162375875,0.440465261256549,0.4835864412018154,0.3372530775082871,0.5316379771675702,0.4680693363483525,0.433340311072981
85,Brooke_Norton-Cuffy,DEF,4.0,88,0.002,Norton-Cuffy,2.65,2.405096238922343,3.0,1,638,0,0.3375894621232335,0.2910276826695675,0.3413167563142854,0.4042817334092668,0.2857773591046659,0.3583804997941285,0.3825169486794254,0.3369711414202733
86,Bruno_Borges Fernandes,MID,11.9,1,0.386,B.Fernandes,5.8,0.5790157346766107,2.93,1,426,0,6.186862779187597,5.242992337246618,5.898346332218492,5.252807322112016,6.156960251974809,5.0806704875580655,5.909051195918735,5.360424770037097
87,Bruno_Guimarães Rodriguez Moura,MID,6.7,3,0.018000000000000002,Bruno G.,8.78,0.4668574880420784,2.62,1,452,0,3.3548993161143783,3.0272886050069765,3.343783442969844,2.8606750305673536,3.681592125302107,3.1191812064225943,2.954487933996905,3.11166581023268
88,Bryan_Mbeumo,MID,7.9,1,0.20600000000000002,Mbeumo,5.2,0.5754495321259072,3.1,1,427,0,4.657485508389201,4.160743639829793,4.707550540443247,4.04903854609142,4.817720050933834,3.7700483290439903,4.582346416460929,4.167170096730359
89,Bukayo_Saka,MID,9.5,3,0.136,Saka,6.71,0.5678904693815856,2.57,1,12,0,5.703445010993564,4.858011961227638,5.423928179403617,4.645436389827406,6.067845595932208,5.034808636188399,4.906082903307879,4.9583556269885
90,Caleb_Yirenkyi,MID,4.8,9,0.001,Yirenkyi,7.13,0.2950269091704373,1.4161458333333337,1,575,0,2.3021199897132183,2.240087691989967,2.25490982546695,2.3402276912039954,2.233041891875943,2.2751719490102422,2.210344843564008,2.4108703717905016
91,Callum_Hudson-Odoi,MID,5.8,17,0.001,Hudson-Odoi,0.0,0.7247855125080924,1.66,1,482,0,0.9650733691108384,0.859949474681929,1.1073780478236237,1.002299211567526,0.968528973111374,0.9913457660979436,1.0798746325169024,1.0993812354639996
92,Callum_Olusesi,MID,4.4,6,0.01,Olusesi,0.0,1.0398380840765116,3.0,1,524,0,0.4412451885219166,0.5146450882257639,0.4023900606206274,0.5013662370401748,0.4261817669320278,0.5477491765774969,0.4294712718347708,0.4364059994908165
93,Callum_Wilson,FWD,5.4,94,0.003,Wilson,13.85,0.8586754824437188,1.1,1,108,0,0.4985181702892332,0.6507744402280321,0.6175131884050031,0.6768777220861141,0.5033332598339838,0.5846823585949197,0.4561154793115481,0.5149815480286485
94,Calvin_Bassey,DEF,4.5,54,0.006999999999999999,Bassey,5.8,0.4568827937628783,2.11,1,257,0,3.2047777774416084,3.393416041082819,3.196882558586565,2.7845544116447702,3.0331889603505253,1.9776414665073696,2.970918276453594,2.960368627541426
95,Calvin_Ramsay,DEF,4.0,14,0.001,Ramsay,0.0,4.175393610228427,3.0,1,365,0,0.2014237771038869,0.2559847534744564,0.2311634711239302,0.2193593815553312,0.2755348237857981,0.2741995194664136,0.2480002511246294,0.2877115475081667
96,Cameron_Humphreys,MID,4.5,40,0.0,Humphreys,0.0,1.3700542605741786,3.0,1,602,0,0.1692731932772408,0.14741065585643,0.1835871648190415,0.1895619279834458,0.194099297952413,0.1803594311161286,0.179251332935868,0.185826116601986
97,Caoimhín_Kelleher,GKP,5.0,94,0.061,Kelleher,0.0,0.3415797287803051,2.29,1,82,0,3.663099554662861,3.496981320135547,4.207453402535991,3.779650299545218,2.9753333113476423,4.033963864742828,3.486656468966816,3.4158684407515
98,Carl_Rushworth,GKP,4.5,9,0.008,Rushworth,0.0,0.3576794950190427,2.911625,1,110,0,3.035668535816435,3.2907757991386988,3.2520922030400143,3.253323268346504,3.042180684534871,3.0939501775717764,2.6150218075676634,3.5551548909804453
99,Carlos_Alcaraz Durán,MID,4.9,11,0.001,Alcaraz,54.0,1.2029586178934455,1.8,1,243,0,0.6175687116465877,0.6238466397452366,0.4180589829090224,0.546324364683146,0.7422981477537045,0.5396217346785429,0.5625972657016524,0.5385190192149472
100,Carlos_Baleba,MID,4.9,1,0.001,Baleba,0.0,0.4147660168929275,1.05,1,131,0,1.6390473437879651,1.4955473507670063,1.6098603687230648,1.411820224295541,1.5696614105447904,1.3690676271040312,1.627688819658134,1.460118526069958
101,Cathal_McCarthy,DEF,4.0,88,0.001,McCarthy,0.0,5.747863364655424,3.0,1,284,0,0.1256672161328326,0.1106874048240298,0.1220024747134404,0.1433989375040547,0.0927093111136351,0.1127628783041466,0.1220282046470027,0.1279692296846238
102,Chadi_Riad Dnanou,DEF,4.3,31,0.0,Chadi Riad,8.75,6.640887483062179,1.2095277777777778,1,206,0,0.152499130676917,0.0911221085221417,0.1583206907324337,0.1448764713838609,0.1156717240402269,0.1593746053651323,0.1821456173085758,0.1066229719870489
103,Charalampos_Kostoulas,FWD,5.6,36,0.038,Kostoulas,6.88,0.5238131106466458,2.850055555555556,1,138,0,4.089154687730487,4.6999057737290215,3.672444704738792,3.3229924619927984,4.070412892622471,4.000519598280645,4.028551999556177,3.31685782940705
104,Charlie_Hughes,DEF,3.9,88,0.002,Hughes,0.0,2.897058571851706,3.0,1,278,0,0.3234289297806675,0.2615160319148757,0.3205674253820427,0.3682652720744072,0.2040313967198329,0.2921789569744522,0.3162029069925977,0.3553460864908408
105,Cheick_Doucouré,MID,4.8,31,0.0,Doucouré,0.0,1.7871548102447368,0.69,1,218,0,0.2563158010844344,0.1824413044524156,0.2000295176614507,0.180783499512577,0.1713495652786187,0.2209101548455731,0.2394846780819862,0.170725565043151
106,Chemsdine_Talbi,MID,5.3,56,0.001,Talbi,5.81,0.81850027777216,2.24,1,549,0,0.6796211200892488,0.6405826268114561,0.6835431862561251,0.6821542311325359,0.7221760867654247,0.6664209028904201,0.6878025884273246,0.5979754161484798
107,Chido_Obi,FWD,4.5,1,0.009000000000000001,Obi,0.0,1.018967035552366,3.0,1,441,0,0.527238426769449,0.5058736596157454,0.5749293912610697,0.5033614526939091,0.544499403348512,0.4914189145248345,0.6741347898746904,0.5315737268041711
108,Chiedozie_Ogbene,MID,4.9,40,0.0,Ogbene,0.0,1.0410888684272548,2.0,1,314,0,0.3819586163536159,0.3242319488533059,0.3691043312657853,0.4153405911334434,0.3684263868871265,0.3637052081244713,0.4057723216011856,0.4058725877108564
109,Chris_Richards,DEF,5.0,31,0.006,Richards,10.8,0.37937188959561496,2.05,1,202,0,3.57704001803989,2.8529695134068285,3.504891754897997,3.62618117389585,3.197681954428603,3.5615337036884096,3.969789311112143,2.7267370674541374
110,Chris_Rigg,MID,4.9,56,0.0,Rigg,5.29,1.0882923150286024,1.31,1,548,0,0.4023781472383003,0.3653248172021124,0.4383748633214719,0.4364699546884335,0.4173318892283946,0.4039381794810841,0.4191179984425498,0.3583968486989289
111,Chris_Wood,FWD,5.8,17,0.009000000000000001,Wood,1.45,0.8188528122303402,1.85,1,490,0,1.2408722700168096,0.8753442306224422,1.1069186596710827,1.0807851439497962,1.045543893523569,0.9483473733553872,1.1255364427461851,1.1355033237615049
112,Christantus_Uche,FWD,5.0,31,0.0,Uche,0.0,0.8033054520656419,1.4657812499999998,1,225,0,0.7142501224191429,0.5394063739848776,0.6917151484148362,0.5300112787512462,0.6685147386186477,0.6791896302041925,0.7589974509252624,0.598490339004649
113,Christian_Nørgaard,MID,4.9,11,0.0,Nørgaard,0.0,0.7919678865628266,2.05,1,21,0,0.7219732002663464,0.6639536394905335,0.519311294887241,0.6533797569641973,0.7349259468182369,0.6682554510023011,0.6424929415245616,0.6169310444736273
114,Christian_Walton,GKP,4.4,40,0.004,Walton,0.0,1.4273558792499326,1.88,1,300,0,0.7203287417584551,0.5835708621377661,0.6381585764129228,0.7278689562004352,0.7157291362235279,0.7188265725608907,0.7119087427030399,0.7405997295519094
115,Christos_Mouzakitis,MID,5.0,88,0.0,Mouzakitis,0.0,1.2407710189980117,3.0,1,645,0,0.298822049817819,0.251893657943733,0.3009918338764892,0.3336569473728157,0.2085848790401738,0.2793014272094111,0.296713780110792,0.3278582250016423
116,Christos_Tzolis,MID,6.3,3,0.12300000000000001,Tzolis,5.72,0.4867063517430866,1.852951388888889,1,557,0,3.6811809486650624,3.425000809733256,3.721623070891636,3.392120750154677,4.062259600531686,3.490457028950768,3.459515222763584,3.491241146753935
117,Chuba_Akpom,FWD,5.0,40,0.012,Akpom,3.46,0.9827431297972742,2.1010083333333336,1,320,0,0.451215863210139,0.3903252906274324,0.4700572876968794,0.4870391624098042,0.4381197941047006,0.3889391309198796,0.4189251871848603,0.4709549779460361
118,Claudio_Echeverri,MID,4.9,43,0.0,Echeverri,0.0,1.4001238967254785,3.0,1,407,0,0.3558656194776986,0.5447967028728121,0.4597830132631205,0.4735607983083092,0.4683053683338605,0.4555822983746094,0.3084764275517658,0.4726340718417857
119,Cody_Drameh,DEF,4.0,88,0.0,Drameh,8.31,3.4969737494810906,1.6308333333333331,1,281,0,0.215848443765585,0.1926029697260763,0.229659038762699,0.2673909545292893,0.1803884172726028,0.2458745573407469,0.253194799678211,0.2312929164655592
120,Cody_Gakpo,MID,7.2,14,0.126,Gakpo,7.78,0.5432212099727775,1.83,1,367,0,3.6689191956029865,3.859861215414412,3.9938260712357887,3.4734319464525383,4.226422264174974,3.848670027645845,3.6912894398128566,4.530866628085708
121,Cole_Palmer,MID,9.7,8,0.259,Palmer,5.9,0.6008746330054245,2.64,1,154,0,5.235815323568861,4.574082519413173,5.262032347256332,4.750752829934096,4.857970328987571,5.148521983052258,4.388366100244004,5.178737494229658
122,Conor_Bradley,DEF,5.0,14,0.0,Bradley,0.0,9.121565668142614,2.08,1,360,0,0.0602029830362459,0.1053258683336797,0.1801137303407768,0.1222541094377111,0.1716859540714128,0.1019127995052866,0.0995217662890641,0.1533861702117929
123,Conor_Gallagher,MID,5.3,6,0.002,Gallagher,12.09,0.848137863320914,1.99,1,519,0,0.6928178497690997,0.8543939240951005,0.7182559986413594,0.7889024267888864,0.7049850514045293,0.8878004865446276,0.74294561552601,0.7694470992980498
124,Cristhian_Mosquera,DEF,5.3,3,0.016,Mosquera,5.36,2.199203218532804,1.57,1,11,0,0.7597958280847763,0.6549356794025541,0.7260059394588211,0.5741522845630244,0.8044576944998852,0.6667917985283848,0.5775322560084492,0.6394667920719858
125,Cristian_Romero,DEF,5.0,6,0.001,Romero,0.0,17.264434814715703,2.83,1,500,0,0.0339961421954386,0.1056318607983955,0.0235786715873,0.0980541028245332,0.0646695903707897,0.1059301399001901,0.0522541521079886,0.0562974738835599
126,Curtis_Jones,MID,5.5,14,0.0,C.Jones,0.0,1.1366383741746717,1.64,1,373,0,0.2965536870719183,0.3573710045980943,0.3928316506809713,0.3326383880965312,0.3897210622779825,0.3223693698016708,0.3166061591562938,0.3581743512327808
127,Cédric_Kipré,DEF,3.9,40,0.009000000000000001,Kipré,0.0,3.785306889688582,3.0,1,303,0,0.2042238666185107,0.1407099633170284,0.2167397861208218,0.2266664289013133,0.2246676593862721,0.2118992336980389,0.2186021510286877,0.222603528340615
128,César_Palacios,MID,5.4,54,0.002,Palacios,6.77,0.45838015581858843,1.6570277777777778,1,570,0,3.0955103697784128,3.49287010708092,3.253837412898817,2.8927584157905946,3.364860559231898,2.708923884059508,3.2368300908439247,2.9641373068497705
129,Daichi_Kamada,MID,5.0,31,0.005,Kamada,7.76,0.3100113695322576,1.03,1,214,0,3.1832977886691256,2.9014259213261733,3.1955022863613203,3.085070132326167,3.045388218649579,3.1624866687399167,3.406287777350154,2.9146302092071195
130,Daizen_Maeda,MID,5.3,40,0.002,Maeda,6.95,0.3828705078441029,1.283979166666667,1,562,0,3.357982724597349,3.174008860934946,3.3590044433990704,3.6260502302405215,3.392668665524333,3.374633108472056,3.4528049029373644,3.528493452151952
131,Dan_Bentley,GKP,4.0,9,0.006,Bentley,0.0,5.56311617426835,3.0,1,623,0,0.1971091866680921,0.2028533699571092,0.2033473575665675,0.2119796405547146,0.1952472638196286,0.2029752690357334,0.1894574415167152,0.2111350532435882
132,Dan_Burn,DEF,4.8,4,0.006999999999999999,Burn,0.0,2.027107254585051,2.14,1,448,0,0.6040871525675462,0.5938926534307354,0.556655323464747,0.5884094127101132,0.4787758846696063,0.4474826942746794,0.4186577341170094,0.5459246116788038
133,Dan_Ndoye,MID,5.5,17,0.006999999999999999,Ndoye,5.7,0.46932403616625396,1.5,1,483,0,2.615985834522466,2.4291209365061004,2.841533211407626,2.5478782894458787,2.4855645991193,2.47493909730374,2.722101770849435,2.8235697899106174
134,Dane_Scarlett,FWD,4.5,6,0.011000000000000001,Scarlett,0.0,0.9647867928594539,3.0,1,528,0,0.2999130771940689,0.4651752820817555,0.3813818929911194,0.5775450685676756,0.3860312338531143,0.4916901674417248,0.4132736090854237,0.4163099515174646
135,Dango_Ouattara,MID,6.3,94,0.005,O.Dango,14.08,0.6260338162183822,2.38,1,95,0,1.747086317892324,1.8547354715792148,2.043220295603688,1.9975966410257544,1.6136216032441133,1.9888607508520368,1.6729009918158102,1.607584447682905
136,Daniel_Ballard,DEF,4.9,56,0.025,Ballard,9.8,0.37126772221253995,2.24,1,532,0,3.359298156949717,3.55147422798887,3.972896520126537,3.8488416492798527,3.3401385386430005,3.485014093207464,4.327032461685711,3.2877155544866707
137,Daniel_James,MID,4.9,2,0.001,James,8.65,0.7755940922515429,0.45,1,343,0,0.5472030693686004,0.608423662278117,0.5893329429055914,0.5629013457552461,0.6617105013035299,0.5666512188487427,0.7131136273779796,0.5193416472676621
138,Daniel_Jebbison,FWD,5.0,91,0.001,Jebbison,2.9,0.9063937428413139,1.8247083333333327,1,608,0,0.5543668894736821,0.6812058794635921,0.4272009545482203,0.6510938852623709,0.6006443958056736,0.6401187013980948,0.5435534188779166,0.5337171331489085
139,Daniel_Muñoz,DEF,5.4,17,0.057,Muñoz,5.25,0.4885128938608613,2.23,1,201,0,3.067625698829825,2.652909806109359,3.2868344592193086,2.707790403793989,2.47325093372403,2.6342208081405816,2.8316702785295798,3.384583664692121
140,Danny_Welbeck,FWD,5.9,8,0.01,Welbeck,5.29,0.7607704344653426,2.16,1,136,0,3.26109534300518,1.2446901841997908,1.442764490445672,1.288156842467435,1.428548100085537,1.6627452186335614,1.4328549181618329,1.8515720615458071
141,Dara_O'Shea,DEF,4.0,40,0.027000000000000003,O'Shea,9.6,0.311991014291169,1.02,1,304,0,3.1559591254028074,2.4104560156097152,3.1482189493637467,3.28716061994262,3.1444845787852533,3.256357692092621,3.2566726322749853,3.1989883679292053
142,Darko_Gyabi,MID,4.4,88,0.0,Gyabi,0.0,1.2322441618305482,3.0,1,297,0,0.3129180681115118,0.2646260077376625,0.315243786656632,0.3513615939633784,0.2175012498260894,0.2925902977134796,0.3109297525982883,0.341929353818157
143,Darnell_Furlong,DEF,3.9,40,0.006,Furlong,15.88,2.800842777051509,3.0,1,308,0,0.2864307133682682,0.209258310766584,0.3009808228273179,0.3162825953519608,0.3037994751232349,0.2908047563144544,0.300158022355633,0.305520614363345
144,Darío_Osorio,MID,5.5,31,0.0,Osorio,90.0,1.2865781753062766,3.0,1,647,0,0.3587313578528888,0.3168973544800029,0.3923146163197166,0.3470389350480687,0.3532560685016574,0.4044203018664303,0.4338669299808581,0.3517873600119082
145,David_Affengruber,DEF,4.5,54,0.0,Affengruber,11.5,4.2416204612034,2.18875,1,650,0,0.2546942310589515,0.2855741144045065,0.2560539594692763,0.2241186675431274,0.2634537313311057,0.1654418766175271,0.2664009089774994,0.2437360023869168
146,David_Akintola,MID,5.0,88,0.0,Akintola,0.0,1.2322441618305482,3.0,1,296,0,0.3129180681115118,0.2646260077376625,0.315243786656632,0.3513615939633784,0.2175012498260894,0.2925902977134796,0.3109297525982883,0.341929353818157
147,David_Brooks,MID,5.0,91,0.001,Brooks,10.0,1.1367390581488372,1.77,1,74,0,0.6238066171941218,0.6745912297440456,0.5692133510111907,0.7083769457612977,0.6967822070327413,0.6660776083175779,0.6048814164317206,0.5983730624425766
148,David_Button,GKP,4.0,40,0.006,Button,0.0,5.051142185523826,3.0,1,302,0,0.2048974564486502,0.1567966936301704,0.1986074998829487,0.2022437873554672,0.1931955110595735,0.1955789399856338,0.2077379132073036,0.2040103181523219
149,David_Raya Martin,GKP,6.1,3,0.42200000000000004,Raya,0.0,0.5025273536012058,2.38,1,1,0,3.741006606702925,3.76508840675273,4.176727543097714,3.263604499438234,4.147108897718185,3.614888128940825,3.229469049188161,3.211374731938565
150,Dayann_Méthalie,DEF,4.5,56,0.0,Methalie,3.0,3.9045697896775184,2.1175,1,612,0,0.2168817131937737,0.2310948890450913,0.2924161447778648,0.257466389796787,0.2354841689022447,0.225900325980539,0.2751856520108305,0.190595718227346
151,Dean_Henderson,GKP,5.0,31,0.013000000000000001,Henderson,0.0,0.3583120363175976,1.9,1,198,0,3.394229110398609,2.692255735007808,3.4045470913058207,3.5983499634720144,2.868324972461731,3.688316020532633,3.811247256032989,2.685096004436045
152,Declan_Rice,MID,7.4,3,0.11800000000000001,Rice,9.2,0.35110420542776244,2.15,1,13,0,3.609941359166798,3.3512960766764373,3.5443518347201195,3.2452812080463564,3.670892264235521,3.3060876579550875,3.27880729000744,3.535451632868261
153,Dejan_Kulusevski,MID,6.5,6,0.0,Kulusevski,0.0,1.420553142892354,2.07,1,521,0,0.2761531102698801,0.3349074405700972,0.2570426724239634,0.3318572226272858,0.2655127478655956,0.3489493968572933,0.2805716540291601,0.2853768646639074
154,Destiny_Udogie,DEF,4.4,6,0.003,Udogie,4.19,4.644982957242464,1.38,1,506,0,0.1526726912666283,0.2521438629713437,0.170335104071437,0.3048396894020991,0.1850446696098889,0.2491979776159504,0.2023919453891649,0.2359251520433469
155,Diego_Coppola,DEF,4.5,36,0.0,Coppola,0.0,4.130865875992828,2.6067916666666666,1,117,0,0.2458265687612283,0.3062638847897535,0.203249767761872,0.1726798288972998,0.294566559319751,0.2815230709278064,0.2850589301674066,0.2463498358278706
156,Diego_Gómez Amarilla,MID,5.0,36,0.04,Gomez,7.48,0.46704916119365825,3.06,1,127,0,3.636287849555249,4.070658213740927,3.373218035144236,3.0819127042312244,3.824604769690244,3.685156576544644,3.66199292986117,3.1942128351592176
157,Dilane_Bakwa,MID,5.5,17,0.0,Bakwa,0.0,0.7545995193049977,1.4725625,1,485,0,0.9570133201335836,0.8245099117511123,1.033303345835936,0.8768858011751006,0.8649716655592713,0.8769923976986678,0.9997259423385856,1.011840436768034
158,Dillon_Phillips,GKP,4.0,88,0.013999999999999999,Phillips,0.0,4.939361857386669,3.0,1,273,0,0.201818959678071,0.1882821420967184,0.1956658771323866,0.2173604333157381,0.1726343334340601,0.1896177277835786,0.1986587358198846,0.2042837396653991
159,Diogo_Dalot Teixeira,DEF,4.9,1,0.016,Dalot,4.16,0.5343206984774248,2.38,1,417,0,3.579926241369666,2.932260005638664,3.276179072906406,2.600584232183973,3.5177204462649985,2.446653695231807,3.1890399618441703,2.8721192074433826
160,Divine_Mukasa,MID,4.5,43,0.001,Mukasa,0.0,1.4001238967254785,3.0,1,409,0,0.3558656194776986,0.5447967028728121,0.4597830132631205,0.4735607983083092,0.4683053683338605,0.4555822983746094,0.3084764275517658,0.4726340718417857
161,Djed_Spence,DEF,4.5,6,0.002,Spence,0.0,4.495643983155662,1.92,1,505,0,0.1602813006314003,0.2622291178980752,0.1784291203154879,0.3137443250610943,0.1932761569578019,0.2599300559502713,0.2106151774185479,0.2443636431307577
162,Djiamgone_Jocelin Ta Bi,MID,5.0,56,0.0,Jocelin.T,0.0,1.1652950406654257,3.0,1,550,0,0.3835981307928689,0.3414431752045007,0.4214938253702572,0.4159357888678986,0.4009463487435349,0.3952579414055603,0.4093808636778283,0.3579943255255413
163,Dominic_Calvert-Lewin,FWD,6.0,2,0.249,Calvert-Lewin,4.73,0.5926178748883749,2.2,1,346,0,3.634487227113457,4.517715166087411,4.528854737725767,4.316193318348123,4.8572649586559695,4.47447917729624,5.279817207756255,4.0210794806759145
164,Dominic_Solanke-Mitchell,FWD,5.8,6,0.008,Solanke,4.76,0.45065680128921226,2.2,1,526,0,2.776668613698817,3.3945756150332587,3.0407807307296952,3.450639869611646,3.057108193325892,3.4701790670968298,3.213781799211511,3.1770301608882616
165,Dominik_Szoboszlai,MID,7.0,14,0.33,Szoboszlai,8.39,0.48264214028065566,2.67,1,368,0,3.9649336108283855,4.290438625635609,4.214403040160405,3.7017613198092953,4.17962240798265,4.253609563527975,3.982492455727791,4.553247862599464
166,Dwight_McNeil,MID,5.4,31,0.001,McNeil,7.5,0.8782190692438092,1.34,1,241,0,0.6313846636996564,0.5792445917586958,0.6674888602084725,0.6126211145440432,0.6294335605646287,0.6690916923761102,0.719923537085314,0.6053007917296552
167,Dário_Luís Essugo,MID,4.5,8,0.001,D.Essugo,0.0,1.3413487750248716,3.0,1,163,0,0.4139454451021354,0.3680039957659851,0.3985477223530221,0.4114804779251622,0.3644380477052325,0.414240228402687,0.3929919987534905,0.4424538163287313
168,Eberechi_Eze,MID,6.3,3,0.01,Eze,5.29,0.8496447895136595,1.58,1,14,0,1.3862673819444145,1.2030132187272435,1.4412380213964484,1.2186870988809582,1.4996474064352192,1.2175489524077237,1.204237063435699,1.1958206885289495
169,Eddie_Nketiah,FWD,5.5,31,0.005,Nketiah,6.17,0.595410914906394,1.95,1,224,0,1.4522148225802536,1.2828519860410448,1.4476679518029616,1.297682952876409,1.342187997071365,1.4486954955664484,1.5339488867515634,1.3122543418088877
170,El_Hadji Malick Diouf,DEF,4.5,94,0.001,Diouf,4.62,2.084727959631833,1.72,1,620,0,0.539333419239981,0.559694015597743,0.6571382981831824,0.6545079350429297,0.4372905558130162,0.6681272642171325,0.4802542932557296,0.481468616260837
171,Eliot_Matazo,MID,4.5,88,0.0,Matazo,0.0,1.2322441618305482,3.0,1,291,0,0.3129180681115118,0.2646260077376625,0.315243786656632,0.3513615939633784,0.2175012498260894,0.2925902977134796,0.3109297525982883,0.341929353818157
172,Ellery_Balcombe,GKP,4.0,94,0.0,Balcombe,0.0,5.992555824233712,3.0,1,661,0,0.2087643763528478,0.2040473644661893,0.2309202079334329,0.2203627621571935,0.1873383350624384,0.2208068811001055,0.1867926301836221,0.1968916201416618
173,Elliot_Anderson,MID,6.3,43,0.04,Anderson,11.77,0.3362584820603588,2.79,1,481,0,4.036618583338887,4.413981101157569,3.767407169117582,3.886537273579025,3.968514483904913,3.931990443285692,3.370470074841585,4.184718085298728
174,Elliot_Stroud,MID,5.0,88,0.001,Stroud,7.23,0.335400803150916,1.5242708333333337,1,576,0,2.888451137278736,2.667222549158848,2.93898500436172,3.194294874345739,2.426557576836517,2.803188047518125,2.7877615896961534,2.927964528067529
175,Ellis_Simms,FWD,4.9,9,0.006,Simms,2.6,0.7243458253363392,1.6439694444444444,1,195,0,0.8118330540453346,0.6987299700523599,0.7855728574292136,0.859378601552449,0.6627115082527754,0.9755567760679796,0.7281299318272997,0.9137269805210791
176,Emersonn_Correia da Silva,FWD,5.5,40,0.035,Emersonn,2.84,0.4970883226824634,2.556279166666667,1,316,0,3.575489283121979,3.1334610293673464,3.466942312451625,3.5692068262194847,3.334849985165696,3.343820683650615,3.355164722313517,3.5207898957147963
177,Emile_Smith Rowe,MID,5.3,54,0.002,Smith Rowe,7.11,0.7405201609238554,1.01,1,262,0,1.0982493875055026,1.2315052565012727,1.0874079453240642,1.015692450494638,1.069035727080092,0.8922186634370403,1.072651908069863,0.99700752205004
178,Emiliano_Buendía Stati,MID,5.9,7,0.01,Buendía,7.63,0.4421914172155098,2.29,1,41,0,3.915398170452372,3.409105195937536,3.259777618248997,3.550250732982443,3.148023268678109,3.6194906100463298,3.6617140622092337,3.5640697578407243
179,Emiliano_Martínez Romero,GKP,5.0,8,0.048,Martinez,0.0,0.3516086664010807,1.81,1,28,0,3.679107433150431,3.692270168862599,4.164799286313686,3.61967308122535,3.745750885548063,3.622793377964557,3.595179613968372,3.837310836767336
180,Emmanuel_Emegha,FWD,5.0,8,0.001,Emegha,0.0,1.0400483198915067,3.0,1,170,0,0.6000847231789397,0.4695802465469322,0.550573566709377,0.4862329908314869,0.5756662563154967,0.6600258629195639,0.5321276820960537,0.8212145850445032
181,Endo_Wataru,MID,4.9,14,0.001,Endo,0.0,1.0840147207013988,1.11621875,1,374,0,0.3297524550939033,0.3475467257859429,0.4127667086909983,0.3745543202425848,0.4167092317927144,0.347200993511141,0.3422989730956622,0.3840117865030994
182,Enes_Ünal,FWD,5.5,91,0.0,Enes Ünal,0.0,0.9259213362779273,0.7,1,80,0,0.441830035331048,0.5419617246640063,0.3509830999674018,0.5185463847192834,0.4978265074967924,0.5147056393230413,0.433020044584588,0.4539433300800287
183,Enis_Destan,FWD,4.5,88,0.002,Destan,0.0,0.9736830049933227,3.0,1,298,0,0.4038421207733437,0.408741944631328,0.4941120993617379,0.5327990281625214,0.3104742099738581,0.4108362612843934,0.5573315402717217,0.4677971157359873
184,Enzo_Fernández,MID,6.9,43,0.036000000000000004,Enzo,6.97,0.531839045808426,2.83,1,155,0,3.4747775532536185,4.391085408808422,3.487469017428314,3.713094447312773,3.423365840302719,3.7027741458805465,2.788661733257317,3.5794673135282222
185,Enzo_Le Fée,MID,5.7,56,0.034,E.Le Fée,4.32,0.4965504874997936,2.41,1,542,0,4.334300016697514,4.113454924254341,4.514368823592704,4.548679850950105,4.502300484841466,4.269081838553644,4.612812678473642,3.875046772558632
186,Ephron_Mason-Clark,MID,5.3,9,0.001,Mason-Clark,5.84,0.4126080394181333,1.4172708333333337,1,186,0,2.483112989771505,2.2606705963525178,2.388758499060267,2.414857211226733,2.265222598846856,2.3440062772918573,2.2309294249427527,2.5914142106763007
187,Erling_Haaland,FWD,15.6,43,0.737,Haaland,4.0,0.683601339418456,3.05,1,411,0,5.724349222824658,7.203501245266662,5.8313891007300205,6.360461150024401,5.883523501250018,6.602260325014304,4.877166042661194,6.578497145809341
188,Estêvão_Almeida de Oliveira Gonçalves,MID,6.3,8,0.006999999999999999,Estêvão,7.83,0.8383384596458356,2.04,1,157,0,1.2205082151308946,1.0505989994416414,1.190575284753381,1.0455579817487144,1.0402923322418682,1.1642327570674,0.9155316580185732,1.1508947549808546
189,Ethan_Ampadu,MID,5.4,2,0.009000000000000001,Ampadu,12.0,0.26857103549621775,1.91,1,338,0,3.069100238179959,3.658790945391485,3.480067806619015,3.44139881977069,3.790719468533265,3.1256000809730717,3.819523599904105,3.315284452078627
190,Ethan_Nwaneri,MID,5.4,3,0.0,Nwaneri,0.0,1.2661552297623024,1.56,1,22,0,0.6104268854032134,0.5022502131883723,0.5944183596279193,0.509381809081483,0.677653868624276,0.5337669553299925,0.5210094928503463,0.5399260951447181
191,Ethan_Pinnock,DEF,4.5,9,0.001,Pinnock,14.04,0.35867548718528947,2.14,1,91,0,3.3406591183857803,3.4642983654428057,3.1110085926433912,3.532363152630891,3.2134284486004376,3.3089170765262725,3.089357156171139,3.4702735200481856
192,Evan_Ferguson,FWD,5.0,36,0.0,Ferguson,0.0,0.8973811370353537,0.67,1,139,0,0.614683164148469,0.849514009579992,0.5672257334558319,0.5226326026971468,0.6909951332494162,0.634967436330834,0.6452653695753773,0.5194505149313895
193,Evann_Guessand,MID,5.4,31,0.0,Guessand,3.33,0.9321732548972756,1.38,1,42,0,0.6171655129275577,0.5476943774904915,0.6554536065884548,0.5999927813463359,0.6417591065017695,0.6685993314314951,0.7004728078238049,0.6036535284931857
194,Ewen_Jaouen,GKP,4.4,4,0.0,Jaouen,0.0,5.886065141966751,3.0,1,444,0,0.222600783599726,0.2181463574280176,0.210162705668834,0.2119913834578544,0.2033009659936434,0.1934837745514924,0.18994803963592,0.1931661063580994
195,Exequiel_Palacios,MID,5.0,40,0.001,Palacios,14.4,1.2027157757217086,1.5133680555555558,1,619,0,0.2792826717059824,0.2361696685100273,0.334570159844918,0.3127647842190917,0.2973642220426208,0.2750488304230216,0.3264862493273882,0.3085438856363157
196,Ezri_Konsa Ngoyo,DEF,4.6,3,0.19399999999999998,Konsa,7.37,0.5081062363561933,1.7,1,31,0,4.087871495912249,3.7087016061853153,4.242875154506939,3.2372397335009198,4.507417374209167,3.552985563573751,3.277856512814576,3.5646796984680726
197,Fabian_Schär,DEF,4.9,4,0.002,Schär,25.2,4.180563219744602,2.25,1,446,0,0.2665103649791547,0.2694699149948059,0.2561040013314788,0.2713350773167206,0.2061640376148276,0.2016294706209372,0.186490713180024,0.2610949664381776
198,Facundo_Buonanotte,MID,5.0,36,0.0,Buonanotte,0.0,1.58961385176943,1.33,1,128,0,0.4264145458968604,0.5059781834748757,0.377408120159329,0.3266904308504453,0.480430409840735,0.4874366589443236,0.4618069473920431,0.3927969932260549
199,Federico_Chiesa,MID,5.3,14,0.0,Chiesa,0.0,1.33608481877841,1.2602083333333334,1,370,0,0.3915588398958295,0.4052558546069524,0.4334613676338426,0.3230911071132772,0.4772125027207479,0.442662445747957,0.4052036919768979,0.4515568380340605
200,Felipe_Rodrigues da Silva,DEF,5.0,17,0.0,Morato,0.0,0.47069541946828525,1.86,1,470,0,2.8969564751386265,2.556985667808061,3.2398812616856354,2.8477170125596647,2.552797170740431,2.7326055092538293,2.7487520402205248,3.328349058189113
201,Femi_Azeez,MID,5.5,36,0.0,Azeez,0.0,1.3292853922095345,3.0,1,652,0,0.3758373789744966,0.5150517390840634,0.361320368773063,0.3334816889320639,0.4346755362160012,0.4641394154776032,0.458790166045526,0.3563872639161008
202,Ferdi_Kadıoğlu,DEF,4.4,36,0.016,F.Kadıoğlu,2.71,0.5433276231640273,2.22,1,113,0,3.4207280468629038,3.92232291106752,2.702284400777338,2.2849519987735185,3.4340299500194043,3.7765812655325184,3.6082320603403697,2.896186587377049
203,Filip_Jörgensen,GKP,5.0,8,0.0,Jörgensen,0.0,6.233770900646339,1.202,1,141,0,0.2049011133966997,0.2049887088227865,0.2248581685863062,0.1967909858818338,0.2136852514462706,0.2152413473387917,0.2091761927133296,0.2173490551311737
204,Florentino_Ibrain Morris Luís,MID,4.8,40,0.001,Florentino,6.0,0.5936510146713316,1.53,1,571,0,0.3262265023267091,0.4244420770999547,0.6181557227786398,0.7562192960600507,0.6882097793430073,0.7260562545406712,0.6529899285573229,0.681656554328112
205,Florian_Wirtz,MID,7.3,14,0.057999999999999996,Wirtz,8.06,0.4997586392155612,2.35,1,366,0,3.785256704664456,3.807849754974656,4.180646725181427,3.7364772056645714,4.064427915538929,4.146524183003603,3.787920986564612,4.545827726781112
206,Floyd_Samba,MID,4.5,43,0.0,Samba,0.0,1.411616919318989,3.0,1,653,0,0.3424267200808064,0.524269694446953,0.4446752687257979,0.4568654549226716,0.4542713898876314,0.4379851853784856,0.2983410561161769,0.4551331517776402
207,Francisco_Evanilson de Lima Barbosa,FWD,6.0,91,0.032,Evanilson,5.73,0.47884613577506036,2.05,1,79,0,3.6285279109855137,4.122882024450575,3.35234586319328,4.208430254182233,3.9597056509882433,4.087042305238876,3.6345386094807774,3.812208547387174
208,Frank_Onyeka,MID,4.9,9,0.001,Onyeka,8.03,0.30985054155185265,1.1,1,104,0,2.13871479859948,2.127699645099208,2.099428049209444,2.246937033594341,2.1480459666444367,2.21636919607758,2.055424840017439,2.2716788437201454
209,Fraser_Forster,GKP,4.0,91,0.035,Forster,0.0,6.0516800458131454,1.6,1,58,0,0.1825108118886788,0.2271951620389654,0.1831518893495393,0.220055175302165,0.2228875565012541,0.2198908935525629,0.2069107947338782,0.2055052048249734
210,Freddie_Woodman,GKP,4.0,14,0.01,Woodman,0.0,3.443419770569574,1.8694629629629629,1,352,0,0.3364628243779717,0.3405186429989187,0.3680976980342144,0.3659972218737612,0.390109145053637,0.4052093611452824,0.3976629798264174,0.4169625345872538
211,Fábio_Ferreira Vieira,MID,5.5,3,0.0,Fábio Vieira,0.0,1.3082794204255699,1.09,1,23,0,0.4734868072835682,0.4730685905244158,0.4977530945785835,0.3722007809466459,0.5178727905283278,0.4256472722641728,0.4030942070393077,0.4389566680113626
212,Fábio_Freitas Gouveia Carvalho,MID,5.0,94,0.0,Carvalho,0.0,1.1079851505686271,1.36,1,100,0,0.5523415572614006,0.58167097996178,0.5988653567050064,0.6384450880474324,0.4993849789485831,0.6227158586850211,0.4745607021185888,0.4561725205048091
213,Gabriel_Fernando de Jesus,FWD,5.9,3,0.001,G.Jesus,0.0,1.2555840559976656,2.21,1,27,0,0.5358968959998885,0.4360182317817788,0.4354802428514786,0.4199643905211749,0.5683892666168832,0.4643887582564203,0.4536373933922459,0.4774486556458374
214,Gabriel_Gudmundsson,DEF,4.5,2,0.001,Gudmundsson,5.0,0.51315869171993,1.99,1,331,0,2.0368646274770845,2.578845882563084,2.709168578644265,2.441234748605811,3.1046961889510625,2.1585118712191464,3.329498340474656,1.925818543036793
215,Gabriel_Martinelli Silva,MID,6.3,3,0.001,Martinelli,0.0,1.3901709230793613,1.4,1,18,0,0.5382020261682826,0.4731198541754496,0.5373845356033525,0.4307367927006149,0.5930670703748074,0.5452060386517369,0.4911920977651721,0.4785524947511734
216,Gabriel_dos Santos Magalhães,DEF,8.0,3,0.228,Gabriel,8.2,0.4631300130131444,2.7,1,4,0,4.469899071354056,4.350548624550096,4.721180549552676,3.7060263725278495,5.038958347141802,4.046010271153395,3.757499950593647,4.211519484337559
217,George_Hemmings,MID,4.5,7,0.012,George Hemmings,5.76,1.3403650294022709,2.1947847222222223,1,51,0,0.3972745932386523,0.3981696866935999,0.3523332945015578,0.3811212953070018,0.2936214685253612,0.3690640140499127,0.3771893998017547,0.3924895904559188
218,George_Hirst,FWD,5.0,40,0.001,Hirst,0.0,1.000023993036009,1.629375,1,317,0,0.3987899387773813,0.3456879111470908,0.4182406106597316,0.430838917587694,0.3849695023728719,0.3376971504621513,0.3650835294502759,0.416382259897587
219,George_Shepherd,MID,4.4,9,0.003,Shepherd,0.0,1.3283772697737737,3.0,1,189,0,0.2896555541798111,0.2681801025268641,0.2806373022307491,0.3066608451558893,0.2822466768702575,0.3213774966357902,0.2670819173424461,0.3368660547905611
220,Georginio_Rutter,FWD,5.3,36,0.005,Georginio,7.79,0.6344797949688216,1.54,1,125,0,1.833075784316164,2.1497330922056546,1.6620427140690623,1.5238062655766895,1.8734198338606995,1.838815701444432,1.7263177441087372,1.550259770934169
221,Geovany_Quenda,MID,5.3,8,0.0,Quenda,3.33,1.2376122157909155,3.0,1,164,0,0.4690095640064817,0.4283378214268619,0.4564184335174801,0.4574447990646491,0.4260582374596088,0.471987656542343,0.4498702307561275,0.4886934696535993
222,Gerónimo_Rulli,GKP,5.0,43,0.0,Rulli,0.0,7.073259888845015,3.0,1,587,0,0.2037837851005891,0.2418558735067246,0.222263161969747,0.220591266530979,0.2262538192458719,0.2326801270897925,0.2008191488769452,0.2313564405913972
223,Gianluigi_Donnarumma,GKP,5.5,43,0.076,Donnarumma,0.0,0.4587535150904716,1.95,1,384,0,2.9968467583882075,3.9841824729973623,3.391567921340575,3.3131976350536325,3.4634003736175,3.812180336921023,2.980082752197962,3.4915576239745043
224,Giorgi_Mamardashvili,GKP,4.9,14,0.001,Mamardashvili,0.0,5.851046474245876,2.45,1,351,0,0.2001755409531026,0.2070590690889182,0.220465906554674,0.2159269443962008,0.23028057178787,0.2235698652785588,0.2279801574435468,0.250844803931151
225,Giovanni_Leoni,DEF,4.0,14,0.0,Leoni,0.0,4.175393610228427,3.0,1,363,0,0.2014237771038869,0.2559847534744564,0.2311634711239302,0.2193593815553312,0.2755348237857981,0.2741995194664136,0.2480002511246294,0.2877115475081667
226,Gonzalo_García,FWD,6.0,54,0.039,Gonzalo,3.81,0.5585551212746955,1.2536284722222222,1,569,0,4.525537936367801,5.162850862044518,4.25326816335425,3.9316170561556016,4.334082318961253,3.702615754990477,4.207097952312224,3.876488773323402
227,Granit_Xhaka,MID,5.5,56,0.036000000000000004,Xhaka,10.8,0.29413424560054185,1.49,1,544,0,3.123097649006799,3.280317174261594,3.4068198417988365,3.2452084365620677,3.0503086922078344,3.1554430804489524,3.657519783262253,3.191739505327005
228,Guglielmo_Vicario,GKP,4.5,6,0.001,Vicario,0.0,6.034496732632962,1.51,1,494,0,0.1827295748536059,0.2343466746155507,0.1851460412082434,0.2173993885547693,0.1976526531652982,0.2223193239422875,0.2104588460852804,0.2173290599293192
229,Gustavo_Hamer,MID,5.4,9,0.001,Hamer,8.44,0.8288186248402539,1.56,1,584,0,0.6124666379092377,0.5602390376781615,0.5771988173134225,0.6271754232685995,0.5667378648230283,0.6078125537230741,0.5436591265268786,0.6593804788397285
230,Gustavo_Nunes Fernandes Gomes,MID,4.5,94,0.0,Nunes,0.0,0.9964030764416184,3.0,1,657,0,0.4324989884132094,0.4444911601473139,0.5367013947985978,0.6313104497264411,0.508736638909002,0.7430314878691284,0.6298626792883059,0.6756483207427957
231,Habib_Diarra,MID,5.4,56,0.0,Diarra,0.0,0.7606566820484888,1.58,1,543,0,1.142847741354134,1.082969803941577,1.1707300410577026,1.1963133793042315,1.165241766465373,1.1720110564544697,1.2377736452740378,1.030457141790898
232,Haji_Wright,FWD,5.4,9,0.001,Wright,0.0,0.8429929271995896,3.0,1,193,0,0.8678668940364547,0.7468859588814238,0.8465737112733046,0.8942136101058537,0.7566132296569051,1.0270093089776926,0.8182413751668245,0.9822218494617584
233,Harrison_Armstrong,MID,5.0,11,0.004,Armstrong,8.07,0.3487804513095274,1.22,1,244,0,2.878991963951086,2.820001849131334,2.395457494604437,2.6817750087937497,3.0234704049331143,2.6982404787103484,2.779062197192715,2.657458990697092
234,Harrison_Reed,MID,4.4,54,0.011000000000000001,Reed,0.0,1.239595613690958,1.32,1,270,0,0.3861409657486403,0.3989160915461191,0.3797582235503574,0.3442061098207745,0.4062006852995763,0.2821864774941826,0.381938273366614,0.344275680704401
235,Harry_Amass,DEF,4.0,1,0.002,Amass,0.0,4.291874988026882,1.5434374999999998,1,424,0,0.3023327530444443,0.2383458101805851,0.2541743803428822,0.2178313382242073,0.2843433190252936,0.2018537025892286,0.2773758544991553,0.2382637248479668
236,Harry_Howell,MID,4.5,36,0.0,Howell,0.0,1.2763535833587822,2.657055555555556,1,132,0,0.4056054250944548,0.544762851886007,0.3811836986881873,0.3623911596887837,0.4647564446627633,0.4943486204075505,0.4872417766230323,0.3778396378163192
237,Harry_Maguire,DEF,4.8,1,0.087,Maguire,6.2,0.4641203619056269,2.81,1,418,0,3.7354328502841487,3.075381123683979,3.381836122258476,2.6576139668154424,3.5774575881753528,2.6889596605497474,3.463484647085427,2.95337391145659
238,Harry_Wilson,MID,6.2,2,0.017,Wilson,6.83,0.5928034248674252,2.15,1,260,0,1.3536068208256031,1.6540678207689063,1.6350620740851458,1.5294756564256442,1.784583267890194,1.675410129125318,2.0009687425499054,1.429199550956317
239,Harvey_Barnes,MID,6.1,4,0.055,Barnes,6.6,0.45936037488219283,2.2,1,453,0,3.923335024999034,4.06396151142018,3.536109394391812,3.895483461863072,3.4094592905012915,3.3524970140629007,3.36984493344084,3.628975140089108
240,Harvey_Cartwright,GKP,4.0,88,0.0,Cartwright,0.0,4.973912860113794,3.0,1,275,0,0.1998911053090533,0.1873774614180013,0.1939482812566551,0.2157791812163436,0.1716725638182937,0.1880367069778129,0.1976441022220629,0.2031419508735913
241,Harvey_Davies,GKP,4.0,14,0.002,Davies,0.0,6.1407992319542295,3.0,1,355,0,0.1907795427173833,0.1986007839753271,0.2104362671615127,0.2056500866723239,0.2197908075083294,0.2111133692936906,0.2162369817190397,0.2398783487111656
242,Harvey_Elliott,MID,5.4,14,0.0,Elliott,0.0,1.1668145496734215,1.69,1,383,0,0.5348084291208601,0.5659502562541784,0.5987880473452745,0.5232535744836986,0.5889530742125241,0.6215363665939058,0.5425138068966385,0.6661687232235052
243,Hayden_Hackney,MID,5.4,11,0.002,Hackney,7.88,1.4013809257177379,1.8840138888888889,1,247,0,0.2811049533801359,0.2723550582428678,0.2025895656696943,0.2623536513063434,0.2993656462395465,0.2591634838234256,0.2401197007720778,0.2403953019121288
244,Hidemasa_Morita,MID,5.0,88,0.0,Morita,6.0,0.6583677694437564,3.0,1,563,0,0.7629324527046654,0.6778720225222491,0.7616566608636774,0.8153141976606246,0.5869871556384081,0.7488264571960933,0.7810604125093871,0.786286346635149
245,Honest_Ahanor,DEF,4.5,31,0.0,Ahanor,11.0,3.567060145711489,2.0575,1,633,0,0.2801820506759541,0.2115324455048454,0.288174009152255,0.2714981651680367,0.2428601851932854,0.2884466697745211,0.3176338238280107,0.229764180174837
246,Hugo_Ekitiké,FWD,7.4,14,0.001,Ekitiké,0.0,0.8674240026305401,2.85,1,380,0,0.6720931863551884,0.726307217178062,0.6853972693645826,0.5787995877274014,0.8544047002356263,0.6311541517548507,0.5917755241335838,0.8095386984714167
247,Hugo_Larsson,MID,5.0,54,0.0,Larsson,14.59,1.2761899170619502,3.0,1,635,0,0.328437443544185,0.3732749006330246,0.329429873565497,0.2977416328647021,0.3466679497747262,0.2620612564052443,0.3414987538004489,0.3281833420345915
248,Hákon_Rafn Valdimarsson,GKP,4.5,94,0.001,Valdimarsson,0.0,5.994821535681262,1.4175,1,83,0,0.2084161571915903,0.204049512802259,0.2309224018509384,0.2200983370409011,0.1873400370549708,0.2208091945835928,0.1867943570337852,0.1968933290292637
249,Ian_Maatsen,DEF,4.4,7,0.005,Maatsen,6.45,0.601930868049488,1.7,1,36,0,2.9917927807710987,2.114108187609036,1.940341704111976,2.5735946784650765,1.860103751729297,2.5053002241914424,2.5681773481260257,2.524421042395671
250,Ibrahim_Mbaye,MID,6.0,7,0.001,Mbaye,5.45,0.46200054339604935,3.0,1,631,0,2.0630836424702874,1.897279145707222,1.8054822613279773,2.0824509604986026,1.7784493913341763,2.051431536809293,2.0242470189090755,2.004868685073369
251,Ibrahim_Osman,MID,5.0,36,0.0,Osman,9.0,1.3428346226889987,3.0,1,600,0,0.3866014889765376,0.4677398229058327,0.3231988464449575,0.3083599741159312,0.4371351991615845,0.4281447824289068,0.4067088420241739,0.3587719736978841
252,Ibrahim_Sangaré,MID,4.9,17,0.004,I.Sangaré,6.86,0.6898806930562694,1.49,1,488,0,0.6055606958640556,0.5670665150037221,0.6619653793200946,0.622818041505658,0.5637110651687561,0.5834419505636278,0.6218550509652198,0.6324934460243049
253,Igor_Jesus Maciel da Cruz,FWD,5.8,17,0.026000000000000002,Igor Jesus,5.25,0.6080787582917948,2.15,1,491,0,1.7697960089201803,1.3253152041392593,1.6321217993468176,1.5080650173249914,1.4539599724201897,1.3930870290233404,1.5643382532721146,1.710875882169152
254,Igor_Julio dos Santos de Paulo,DEF,4.5,36,0.0,Igor,0.0,3.3800618799633315,1.31,1,118,0,0.3139709996670031,0.3990806427184634,0.2650358696220782,0.2033494292672531,0.3682277040213874,0.3582078782596152,0.3558678736157867,0.3051894302522065
255,Igor_Thiago Nascimento Rodrigues,FWD,7.8,94,0.09,Thiago,3.87,0.5759856941147808,2.36,1,106,0,4.099846420573003,4.688514538443981,4.631627393147088,4.712969816446584,3.9630067322828686,4.558924529451041,3.916682156295695,4.015720303413627
256,Ilia_Gruev,MID,5.0,2,0.0,Gruev,0.0,0.5564837273104686,1.68,1,344,0,0.8370646643969384,1.031433233105154,0.9948991636306694,0.9705926606332216,1.0476641444924184,0.9111436019764066,1.1680211965022436,0.8686236438145242
257,Iliman_Ndiaye,MID,5.8,43,0.068,Ndiaye,10.29,0.625610855524095,1.81,1,237,0,2.022024649597488,2.391007912262297,2.163238601268408,2.217470002390286,2.1170855183328525,2.273478553390104,1.6755464585774695,2.206947239638522
258,Illan_Meslier,GKP,4.9,3,0.0,Meslier,0.0,7.777308006485091,2.05,1,3,0,0.2454397634549764,0.2398107931880595,0.253583559350028,0.2154376920826544,0.2635941440446379,0.2285308259638848,0.2162067613765562,0.2215107464860746
259,Ilyas_Ansah,FWD,5.0,88,0.0,Ansah,0.0,0.9652134272466467,3.0,1,632,0,0.3889699962756011,0.3953085702316327,0.4790754548521975,0.5141195895581316,0.3010669168196264,0.3968157249561084,0.5423328570772532,0.4529512510937272
260,Ismaïla_Sarr,MID,6.2,31,0.006,Sarr,0.0,0.5445428457729046,2.05,1,208,0,3.7451756368641167,3.3836743579934665,4.067527304491311,3.911369581417246,3.928248295428737,4.398939052954964,4.476831573941353,3.8536387391597353
261,Issa_Diop,DEF,4.0,40,0.128,Diop,9.0,0.3682314593339425,1.7,1,259,0,2.7200853665762685,1.7923265254589331,2.615691862890249,2.7390430986897383,2.600500921671004,2.619355309813588,2.755708744312607,2.676382095387811
262,Jack_Butland,GKP,4.4,88,0.001,Butland,0.0,4.973912860113794,3.0,1,274,0,0.1998911053090533,0.1873774614180013,0.1939482812566551,0.2157791812163436,0.1716725638182937,0.1880367069778129,0.1976441022220629,0.2031419508735913
263,Jack_Clarke,MID,5.4,40,0.002,Clarke,5.29,0.9273076572858236,0.97,1,313,0,0.5217734981991863,0.4838029876096942,0.5175685654003614,0.5504961759321861,0.5025290257508157,0.4814608421877883,0.5279170114973384,0.53976976186687
264,Jack_Fletcher,MID,4.9,1,0.0,J.Fletcher,0.0,1.0814035734692597,2.2965833333333334,1,434,0,0.6692392498490805,0.577614949543655,0.6962732577470742,0.5744659860688496,0.7552105934366601,0.5107388189868058,0.6855726684811169,0.6026493766248412
265,Jack_Grealish,MID,6.5,11,0.005,Grealish,8.67,0.5283519341684464,2.84,1,238,0,2.249841703418601,2.1864332471706955,1.714026976472543,2.0973921501791994,2.317755450279687,2.019191317573259,2.04927572449371,2.0966233246144625
266,Jack_Harrison,MID,5.0,2,0.0,Harrison,0.0,0.9944714636911302,1.66,1,342,0,0.3354018079844444,0.4371922829186278,0.41736918793577,0.4230925090827798,0.4915867481788796,0.4467362633058556,0.5386812613089276,0.4110299242324111
267,Jack_Hinshelwood,MID,5.9,36,0.006,Hinshelwood,4.29,0.6223038929734487,2.09,1,123,0,1.9153542200108955,2.16290531387271,2.570139965055333,2.403176357411494,3.0662383147369194,3.1521253778389084,2.985166558001395,3.882580858464901
268,Jack_Rudoni,MID,4.9,9,0.001,Rudoni,10.3,0.4440033463280569,1.5130625000000002,1,183,0,3.510233679216508,3.3871617059809536,3.412350928493221,3.629933432312416,3.357884899971357,3.646263395290725,3.302964648425041,3.880060640253788
269,Jack_Taylor,MID,4.4,40,0.0,Taylor,0.0,1.4616254119093715,0.65,1,312,0,0.1801210916896521,0.1534078879945198,0.1956331416474006,0.2059709604831543,0.1993129545251496,0.1975002459009966,0.1911072975131815,0.2005201157876616
270,Jacob_Greaves,DEF,4.0,40,0.011000000000000001,Greaves,7.56,0.38532239309758276,1.41,1,306,0,2.8910362836573245,1.972622717358764,2.819142871020076,2.941091282116892,2.7166618432240086,2.858619801636148,2.9402086743775078,2.8747969081245173
271,Jacob_Murphy,MID,5.9,4,0.001,J.Murphy,8.95,0.7781963032845812,1.43,1,457,0,0.8869231284785496,0.9322939520624433,0.8044570689663397,0.8898235788988553,0.7562736188938063,0.6563266431236815,0.7313272751146508,0.8307244318397575
272,Jacob_Ramsey,MID,4.9,4,0.002,J.Ramsey,14.35,0.810261616313842,1.89,1,456,0,0.8120209671306172,0.8703441634943984,0.7666533878524211,0.8153325576710754,0.7080651810404298,0.7061576115074641,0.6725321769291805,0.7998983475885578
273,Jaden_Philogene,MID,5.4,40,0.001,Philogene,6.92,1.4641239359621525,1.56,1,318,0,0.3346047338987695,0.2780769783191669,0.3224403227194578,0.3690510664691332,0.3220561652986903,0.3180055941774132,0.3585741237745043,0.358820116163084
274,Jahnoah_Markelo,FWD,5.0,9,0.0,Markelo,0.0,0.9795614026304756,3.0,1,196,0,0.456598530047653,0.3607952682213322,0.4349727826365967,0.4803254298293749,0.3572126441274899,0.5795316069506842,0.4082078180347087,0.5061845939990961
275,Jaidon_Anthony,MID,5.9,94,0.001,Anthony,8.76,0.5053540340682089,2.02,1,105,0,3.2769343928682257,3.672300074307227,3.7992591623773015,3.749414399332125,3.0880956149019,3.854197107449775,3.160475669360328,3.1822293147403062
276,Jair_Paula da Cunha Filho,DEF,4.5,17,0.002,Jair Cunha,9.0,0.43385809981727597,1.38,1,474,0,2.8248122000810434,2.478553265285127,3.094328291657076,2.711949970797199,2.368314125000004,2.594839383992933,2.642089240363645,3.182932286276312
277,Jaka_Bijol,DEF,5.0,2,0.006999999999999999,Bijol,11.52,4.064055576383988,2.55,1,327,0,0.1652500155686278,0.2476686323448688,0.2223682235528007,0.2210471335126043,0.270509223143456,0.1880745631263,0.2873910644024955,0.1628220876499135
278,Jake_Bidwell,DEF,4.0,9,0.001,Bidwell,0.0,3.854239708959092,3.0,1,178,0,0.2360362812057988,0.2281129142784597,0.2148311479038204,0.2389089740674564,0.2135813462212156,0.2501170039230578,0.2289366471901285,0.2589753127355028
279,Jake_O'Brien,DEF,4.8,11,0.003,O'Brien,11.25,6.4685075246357195,2.24,1,232,0,0.1856768985581244,0.1362986156172445,0.118909936987201,0.1336144831450108,0.2057755343977813,0.1348973177874045,0.1233081492837079,0.1498383177029945
280,James_Garner,MID,6.0,11,0.002,Garner,12.35,0.2898337327109518,1.89,1,239,0,4.075887903850428,3.607561644231221,3.2776185222829106,3.748924924094168,3.955982887244185,4.017310245983827,3.863990488223556,3.4730174006501384
281,James_Hill,DEF,5.5,91,0.008,Hill,10.0,0.3743650947492201,2.07,1,60,0,2.992330082991108,4.242541340929957,3.304991444806656,4.05690947155812,4.167457775900075,4.042794541497815,3.5378654223072057,3.5370204499990163
282,James_Justin,DEF,4.5,2,0.015,Justin,8.8,0.408612460998182,2.46,1,332,0,2.683304207795291,3.49482937551374,3.640879550498007,3.2176531396761763,4.17937504987353,2.8187777288329343,4.3071535422693135,2.7717447466450547
283,James_Maddison,MID,6.3,6,0.004,Maddison,16.78,0.7728142390965291,1.77,1,515,0,0.8802353729433474,0.9409772405981892,0.8057280799615866,0.9202383198842244,0.8306299005015418,1.012177293715218,0.8416984694423318,0.8401506966967384
284,James_McAtee,MID,5.5,17,0.001,McAtee,8.44,0.37382175369070303,1.0,1,486,0,3.480843632172408,3.01762347415447,3.610677669337753,3.350720690153761,3.190591117186984,3.2648609849439034,3.380539386813941,3.6001384595685666
285,James_McConnell,MID,4.4,14,0.002,McConnell,0.0,1.349099020887123,3.0,1,378,0,0.3296437404834488,0.3729957948745039,0.3927084697225202,0.3132021357846666,0.3961013717958074,0.4149770744707544,0.3714655630147295,0.4241714645697816
286,James_Rowswell,DEF,4.0,6,0.001,Rowswell,0.0,3.546406403396775,3.0,1,510,0,0.2552552726419808,0.3340076484895182,0.2483520939596945,0.3116714411871187,0.2846834861856396,0.3220142617233248,0.2667299796649209,0.280887360400238
287,James_Tarkowski,DEF,6.1,11,0.161,Tarkowski,10.2,0.3865493975410202,2.69,1,229,0,4.618336029765387,3.739908738373491,3.126919405572022,3.630918301337563,4.584720035713211,3.993436303819149,4.051639442523022,3.846425936423268
288,James_Trafford,GKP,5.0,2,0.055,Trafford,0.0,0.3112090031144842,2.03,1,385,0,3.078810503484999,4.02303807027376,3.690661010071764,3.500369181864732,4.289262932815889,3.047870680589824,4.493545271587513,2.805611149186227
289,James_Wright,GKP,4.0,7,0.001,Wright,0.0,5.930979711834144,3.0,1,667,0,0.2126141251263243,0.1946306438691542,0.1827815196393306,0.2203335499496391,0.1805100722167024,0.2225530272471738,0.2222156825451449,0.221440807694322
290,Jamie_Bynoe-Gittens,MID,5.8,8,0.0,Gittens,0.0,1.0085883623089997,1.3549375,1,158,0,0.7631636335714677,0.6421818515406849,0.724074447174669,0.6470260438851815,0.6273339335961526,0.718862017440913,0.6278668156828363,0.6614533673044692
291,Jan_Paul van Hecke,DEF,4.9,6,0.066,Van Hecke,8.6,0.4320554599873493,1.96,1,112,0,3.052216506738952,4.154169366165652,2.819607787303329,3.869872945618656,3.295328412890177,4.126535810035294,3.6376694259212528,3.667805405748227
292,Jannik_Schuster,DEF,4.5,94,0.003,Schuster,13.52,3.6273634855036403,2.1859965277777778,1,93,0,0.2624375851841073,0.2765098722140321,0.3197558522220117,0.3197664000490418,0.2233261817076516,0.3180758162495315,0.2600727028587991,0.2478684238588066
293,Jaouen_Hadjam,DEF,4.5,36,0.0,Hadjam,0.0,4.120251840816262,3.0,1,614,0,0.2471810097396113,0.3081434265018031,0.2044891326789933,0.1735323237087758,0.2961372671051139,0.2828633021440199,0.2868206261241917,0.2474556086468922
294,Jarrad_Branthwaite,DEF,5.5,11,0.024,Branthwaite,10.8,0.3509275985675935,1.59,1,230,0,4.296946492607178,3.5583721623711204,2.972786306955212,3.4548544924066147,4.3162722977441765,3.735877937018041,3.7416417978764898,3.6427017541930615
295,Jason_Steele,GKP,4.0,36,0.040999999999999995,Steele,0.0,2.799912611853082,1.91,1,111,0,0.4827745716683698,0.4978237902290721,0.4396651618244483,0.4029429938440676,0.4587825189696736,0.5065701416739116,0.5149914933944985,0.469323960253701
296,Jay_Dasilva,DEF,4.0,9,0.006999999999999999,Dasilva,4.66,0.48101689387030716,2.996444444444444,1,176,0,2.901924120491441,3.004197177533012,3.009677676943698,3.2957453432818204,2.861638198986807,3.100600655813949,2.6282508320611413,3.3153150639521805
297,Jaydee_Canvot,DEF,4.8,31,0.002,Canvot,8.5,0.3433554059022874,2.4,1,203,0,3.6531324211708815,2.91848593711853,3.594220104107888,3.6156075102360674,3.28561458010705,3.595270118848834,4.076011642398969,2.7563012262663538
298,Jayden_Bogle,DEF,4.6,2,0.07,Bogle,3.95,0.5669265512220719,2.47,1,330,0,2.335449800024644,3.0186657094403224,3.1109193996151694,2.691908952581945,3.62276630931024,2.4625524083892274,3.9396620293590177,2.1526225317955032
299,Jayden_Danns,FWD,4.5,14,0.002,Danns,0.0,1.026473863899227,3.0,1,382,0,0.5392646789657654,0.5794469852691377,0.5425208195660521,0.4555939688150465,0.712783475095905,0.4740195914947441,0.4607985464642492,0.6665301801382342
300,Jayden_Lienou,DEF,4.0,2,0.001,Lienou,0.0,3.7529140141433754,3.0,1,603,0,0.1842480235672303,0.2737528377052606,0.2475897949439264,0.2434259502769223,0.2974211278814728,0.2183526150131614,0.3232999998973342,0.179915087353974
301,Jean-Mattéo_Bahoya,MID,5.0,2,0.0,Bahoya,0.0,1.2650462429756117,3.0,1,648,0,0.2504662458322621,0.3625262398033901,0.340673178895636,0.3472929398071503,0.4188025204341784,0.3728503373483349,0.4814449402608478,0.335001232583786
302,Jean-Philippe_Mateta,FWD,6.3,31,0.013000000000000001,Mateta,7.26,0.5487380569885314,2.35,1,223,0,2.7457855352702465,2.361910209189893,2.777447544490533,2.463873305640932,2.559681121516581,2.726224697786599,2.858612194866653,2.490216807782852
303,Jefferson_Lerma Solís,MID,4.8,31,0.001,Lerma,21.18,0.9595670041681686,2.07,1,213,0,0.5563848392521894,0.4648446955892706,0.4995974466206936,0.4681966217199463,0.462834567782721,0.5036847435784956,0.5515312082141064,0.4300302864901691
304,Jens_Hjertø-Dahl,MID,4.9,88,0.001,Hjertø-Dahl,11.25,0.6816376343283098,3.0,1,574,0,0.79128914325963,0.7472798015753348,0.7716491174416388,0.8410220887563838,0.6314979757438192,0.7500830687313885,0.7870622986292194,0.8125903047404391
305,Jenson_Seelt,DEF,4.5,56,0.0,Seelt,0.0,3.830239280793258,1.7374340277777778,1,537,0,0.2213092910781523,0.2358735488977549,0.2968534342643436,0.2618200835985991,0.2392896229756258,0.2300267790710704,0.280366301144951,0.1959379519582699
306,Jeremie_Frimpong,DEF,5.3,14,0.018000000000000002,Frimpong,6.07,1.5598290854879806,1.87,1,357,0,0.7208091041579335,0.7415202971891945,0.8779498551303228,0.7883302596030748,0.8711401992488543,0.8015331443863974,0.7765668209258196,0.8966440574301086
307,Jeremy_Jacquet,DEF,5.0,14,0.035,Jacquet,7.81,0.41631835383129107,2.3766145833333336,1,362,0,2.916942782132045,3.2544937800054266,3.4148275447495906,3.1826615705266845,3.623219553438125,3.4627557959813764,3.5594147324406573,4.092912046557273
308,Jeremy_Monga,MID,4.9,43,0.0,Monga,0.0,1.1363216384005161,2.2960937500000003,1,410,0,0.5263244128824086,0.7500490553479056,0.6846865638187115,0.6776920430788512,0.6384959842944566,0.6518595431506706,0.46891829562213,0.6653165205721615
309,Jesurun_Rak-Sakyi,MID,4.9,31,0.0,J.Rak-Sakyi,0.0,1.314949059117491,1.0833333333333333,1,219,0,0.3810232536109383,0.2959459566280359,0.328543888474454,0.3017773962063688,0.2943723960437656,0.350298476784629,0.3769208086989162,0.2901143524487507
310,Joachim_Andersen,DEF,5.0,54,0.001,Andersen,9.47,0.38089990162432596,2.06,1,253,0,3.65831215831394,3.9728801379607415,3.6070669897817007,3.2739088259934115,3.596347738248112,2.644870346905837,3.5443437101796587,3.6549681632152433
311,Joao_Gomes,MID,5.5,7,0.0,Gomes,13.95,0.47984297449430724,2.8213750000000006,1,54,0,0.3437756448577401,2.961295718303451,2.847784926825077,3.0868321495454847,2.842383806711725,3.130750942546938,3.133597703065327,3.115782205671761
312,Joe_Gelhardt,MID,5.0,88,0.0,Gelhardt,12.86,0.7864402909452285,1.4731111111111117,1,340,0,1.1572166175968144,1.1469252575466848,1.2942279035051885,1.385504574180389,0.8838578200668248,1.1075871521979153,1.2902072659337902,1.2374202432083274
313,Joe_Gomez,DEF,4.9,14,0.0,Gomez,0.0,3.5552387050765457,1.47,1,359,0,0.2295379710486371,0.2775189226573146,0.3666777605614355,0.3007753337778444,0.3555912876049701,0.283723744069791,0.2785970182649245,0.3433840395445429
314,Joe_Rodon,DEF,4.3,2,0.008,Rodon,8.05,3.6175305848040575,1.71,1,329,0,0.192665883364046,0.2748946814148947,0.2476197212077362,0.2474366826429808,0.2942155693319201,0.2183295968182577,0.3141978922936231,0.185275804658766
315,Joe_Willock,MID,5.0,4,0.005,Willock,5.7,0.4677551793263908,2.04,1,460,0,2.624681769110184,2.3026068023575585,2.466810558288629,2.7248963957169896,2.4359032099786155,2.342512301147067,2.3454552582238763,2.611099460382356
316,Joel_Latibeaudiere,DEF,4.0,9,0.0,Latibeaudiere,180.0,3.854239708959092,3.0,1,179,0,0.2360362812057988,0.2281129142784597,0.2148311479038204,0.2389089740674564,0.2135813462212156,0.2501170039230578,0.2289366471901285,0.2589753127355028
317,Joelinton_Cássio Apolinário de Lira,MID,5.4,4,0.0,Joelinton,0.0,3.368681681567068,1.41,1,458,0,0.144851273829302,0.1992988481252995,0.1348125214526261,0.1760692135990137,0.0880231762998147,0.0802364016459602,0.0970990457266091,0.1684741525767117
318,Johan_Manzambi,MID,5.9,7,0.004,Manzambi,8.27,0.3568699325507805,2.6428888888888893,1,53,0,3.2545059435234527,2.846135316119013,2.792539141875884,3.03670885611593,2.7902214124873117,3.1414774905667446,2.9484898766008043,3.094925645495488
319,John_Egan,DEF,4.1,88,0.07,Egan,12.15,0.3730443379715226,2.66,1,277,0,3.40974485544512,2.800220120820008,3.667760735945868,3.80518867347529,2.5439080433434285,2.8862951732168,3.2659951811502443,3.446503937451066
320,John_McGinn,MID,5.4,7,0.022000000000000002,McGinn,6.22,0.4329928410015431,1.92,1,45,0,3.0542251124298336,2.7929001059604324,2.749095951802231,3.0005858349574472,2.545506971683878,2.928999845675897,2.962085702724952,3.062743029876057
321,John_Victor Maciel Furtado,GKP,4.5,17,0.001,John,0.0,1.4967710501398082,1.6286666666666667,1,468,0,0.8184079784948489,0.8083622947007789,0.9343032906938242,0.7202423972566665,0.743648546558295,0.8474886464824601,0.8227479824893429,0.8842439779346054
322,Jonah_Kusi-Asare,FWD,4.5,54,0.054000000000000006,Kusi-Asare,0.0,0.983990048591434,3.0,1,272,0,0.4759974022770655,0.5518930657524567,0.4767040961395093,0.3808763046633754,0.5027582608278518,0.3884839935241665,0.4600730656065521,0.3779615780115614
323,Jordan_Henderson,MID,4.9,8,0.0,Henderson,10.0,1.6761829590779067,1.2,1,101,0,0.27034232669409,0.2271766618744435,0.2798072271212947,0.2577946036423499,0.2295650578491488,0.313259037237681,0.2200257948456582,0.2686453103177623
324,Jordan_Pickford,GKP,5.5,11,0.091,Pickford,0.0,0.3752777712095843,2.24,1,226,0,3.58482897471138,3.15199902397201,2.744536396914576,3.02158247349877,3.929643645576986,2.6559346518097766,3.2369552159403483,3.3322905428699263
325,Jorge_Cuenca Barreno,DEF,4.5,54,0.0,J.Cuenca,10.0,1.0057880937927668,1.38,1,255,0,1.1504940073875285,1.265723987175341,1.1521856378231945,1.0452569953172517,1.1531210323966432,0.834766207162811,1.1437571358104028,1.150982477936307
326,Jorrel_Hato,DEF,4.5,8,0.008,Hato,6.28,0.5384022030080644,1.03,1,148,0,2.5169048801798324,2.334502986500624,2.780567534730034,2.284193863360321,2.4784091159054755,2.6391804493565845,2.415309923662657,2.6345011762396817
327,Josh_Acheampong,DEF,4.5,8,0.003,Acheampong,8.14,0.8507120708530987,2.0,1,151,0,1.5081842367961662,1.367079906720057,1.5960589698095011,1.3717179355094524,1.4029845436383992,1.563402725504653,1.378133503165139,1.4778940582003577
328,Josh_Dasilva,MID,4.9,94,0.0,Dasilva,0.0,0.9861800172080947,1.35,1,103,0,0.4806342090243264,0.4697992885175935,0.518229656918572,0.5864094895966422,0.4397042331196125,0.5487905530993493,0.4618403813111882,0.4292774493020543
329,Josh_Eccles,MID,4.8,9,0.0,Eccles,0.0,0.9352059988850069,3.0,1,187,0,0.485567546634686,0.4489654217720918,0.4750101079529813,0.5301473375901822,0.4719608429855086,0.5406491513478608,0.4478029766275396,0.541516088971215
330,Josh_King,MID,5.5,54,0.025,King,5.93,0.47113047447074474,1.8,1,268,0,3.3088030673628466,3.602582025709625,3.369730208801321,3.12742561122868,3.3948541046084806,2.837605191459794,3.250341455293731,3.121520109192724
331,Joshua_Zirkzee,FWD,5.3,1,0.004,Zirkzee,18.0,0.8542791026551138,1.7,1,440,0,0.6501690609850721,0.6178191820981939,0.697984331421372,0.6074238223978128,0.6601962053873281,0.604199399098743,0.8122678645694519,0.6489009012612017
332,José_María Andrés Baixauli,MID,5.5,36,0.0,Andrés,10.73,1.3345672357339622,3.006145833333333,1,639,0,0.3845333210826568,0.46450274792588,0.321883746947803,0.3075251449450113,0.4351930835557749,0.4258643707513077,0.4039316044707773,0.3573455603153362
333,João_Pedro Junqueira de Jesus,FWD,7.7,8,0.655,João Pedro,2.25,0.6139234207395361,3.08,1,165,0,4.1758726173593,4.2720222153614245,5.030175489066768,4.61031982598348,4.694332812233631,5.164661085159427,4.568529770672206,5.51132179981153
334,João_Pedro Loureiro da Costa,DEF,4.5,36,0.0,Costinha,9.26,3.408606881127364,3.0,1,119,0,0.3363978117429724,0.3826289704007357,0.2674828094256515,0.2402949859265477,0.3808343190668935,0.376937502876953,0.3766135240065117,0.309844417132846
335,João_Victor de Souza Menezes,DEF,4.0,6,0.002,Souza,0.0,3.040512155120876,1.8931319444444443,1,511,0,0.297666012260054,0.44161861431645,0.3220183227376152,0.4414877836568005,0.3397952787823982,0.4527675822916268,0.3278583506057895,0.3759720777344639
336,Joél_Drakes-Thomas,MID,4.5,31,0.001,Drakes-Thomas,0.0,1.319742256747866,3.0,1,221,0,0.3757791101404579,0.2941727436573764,0.322955106531081,0.2966838177418371,0.2891993930446768,0.3447810204100318,0.3715439784557307,0.2873482792930204
337,Joël_Piroe,FWD,5.0,2,0.001,Piroe,0.0,0.9108993407598577,1.2300138888888887,1,348,0,0.3920790553903295,0.4588207556044021,0.5236596078998282,0.4590507398987222,0.50172974871083,0.4972088609317928,0.6168304237048019,0.4564632834024215
338,Joško_Gvardiol,DEF,5.7,43,0.267,Gvardiol,6.43,0.5352769561826414,2.63,1,391,0,3.1383267763730225,4.152626609303183,3.4185070269322946,3.499692832868756,3.577928315570356,3.86580148096694,2.8731727293991427,3.9137688920689
339,Juan_Angulo,FWD,4.5,56,0.006999999999999999,J.Angulo,0.0,0.5952228148856932,3.0,1,651,0,1.4397540781727631,1.3412599433879415,1.666231170487685,1.5490302500864146,1.5932473364639008,1.4023766033610336,1.5078117252247931,1.3675488582636082
340,Juanlu_Sánchez,DEF,4.4,91,0.002,Sanchez,0.0,4.0992496575250374,3.0,1,573,0,0.2052002306119314,0.2669497683486891,0.2198601108967545,0.3033323099796978,0.2682481671784382,0.2671962537412933,0.214675936296645,0.2230125435243127
341,Jules_Ahoka,MID,4.5,56,0.002,Ahoka,0.0,1.3516669391696952,3.0,1,613,0,0.3087964994422122,0.2778773827772341,0.3165863492997453,0.3173562917051563,0.2942795726476879,0.3108022866992186,0.3101971814350008,0.2467717733362759
342,Julio_Enciso,MID,5.5,40,0.008,Enciso,6.76,0.4756375764397478,2.18,1,591,0,4.106736187490775,3.461466489563089,3.84692055769134,4.053874793490416,3.816163787412081,3.84034644573358,3.971388901183112,3.998297871583675
343,Julio_Soler Barreto,DEF,4.0,91,0.003,Soler,0.0,3.124846524102576,3.0,1,66,0,0.2826549348762079,0.3647098523387084,0.2969631330399283,0.396562532334169,0.3595219798435011,0.3564523205399129,0.2905348480271644,0.2914841466533182
344,Julián_Araujo Zúñiga,DEF,4.4,91,0.0,J.Araujo,0.0,7.258539835579857,0.9875416666666668,1,65,0,0.0824684090419174,0.1548993115551036,0.0845131510925921,0.1773844290441673,0.1656367320004712,0.1592326751615626,0.1158696918352081,0.1901725210305477
345,Jun'ai_Byfield,DEF,4.0,6,0.001,Byfield,0.0,4.007227891487101,3.0,1,509,0,0.2142615743598704,0.2899846496503906,0.2141209862718349,0.2809102324707582,0.2472707798373482,0.2948964664999157,0.2330911963415634,0.2405665425028249
346,Junior_Kroupi,MID,7.4,91,0.002,Kroupi.Jr,0.0,1.375608853197478,2.23,1,78,0,0.4740675121701386,0.5430140771421537,0.4423094109381205,0.5258970758969462,0.5394595830490964,0.4842138501979516,0.4481802794934492,0.4925793047260454
347,Jurriën_Timber,DEF,6.5,3,0.004,J.Timber,4.33,0.6044633284350375,2.15,1,5,0,3.3534746810042813,3.3083017084198083,3.5925329190254454,2.809068015647294,3.86893547210188,3.1259326993853622,2.8734436744419183,3.025003498673108
348,Justin_Devenny,MID,5.0,31,0.0,Devenny,0.0,0.9509351917580191,0.93,1,215,0,0.5286599904828041,0.4748021357842069,0.5321129345214062,0.505195829515465,0.5217232506896339,0.5742940169200267,0.6127911117212678,0.5109172612225225
349,Justin_Kluivert,MID,6.0,91,0.009000000000000001,Kluivert,6.73,0.5848944866853452,1.89,1,70,0,3.819611792152906,4.361972762432902,3.524981782128992,4.326357207292376,4.284580138191428,4.142547192685574,3.882981920582735,4.1028793541582935
350,Jérémy_Doku,MID,7.4,43,0.006999999999999999,Doku,12.0,0.6341635643951125,2.84,1,400,0,2.2088657357127177,2.828014148312478,2.342492883923592,2.470385625693821,2.28299449488663,2.533895067433806,1.8833741453556223,2.421712717907608
351,Jørgen_Strand Larsen,FWD,6.0,31,0.006,Strand Larsen,3.93,0.5194690194187285,1.2,1,222,0,1.880490363130336,1.6126786183444886,1.849777817599236,1.6743920796224177,1.8427783796263997,1.889131324668427,1.9513236753158296,1.6981191635880557
352,Kaden_Braithwaite,DEF,4.0,43,0.002,Braithwaite,0.0,4.304656592480562,3.0,1,622,0,0.2437836719984345,0.3628114310411712,0.2807870322373591,0.2827336677889506,0.2923016541142458,0.300625721197267,0.2238398378040854,0.3764471209418414
353,Kai_Andrews,MID,4.5,9,0.003,Andrews,0.0,1.361050714253867,3.0,1,192,0,0.2541075668754817,0.2367625674965021,0.2464919933902267,0.2705764791972451,0.2522954078548379,0.2847673380665233,0.2369377925188537,0.2956100767669941
354,Kai_Havertz,FWD,7.6,3,0.085,Havertz,2.68,0.5336510869513603,2.32,1,26,0,4.409829207808071,3.8467054293620544,4.138028296116113,3.848846388271246,4.706805792239264,4.045376224966707,3.965950983382826,4.001286536499588
355,Kaine_Kesler-Hayden,DEF,3.9,9,0.0,Kesler-Hayden,0.0,3.854239708959092,3.0,1,177,0,0.2360362812057988,0.2281129142784597,0.2148311479038204,0.2389089740674564,0.2135813462212156,0.2501170039230578,0.2289366471901285,0.2589753127355028
356,Kalvin_Phillips,MID,5.0,43,0.0,Phillips,0.0,2.58367277931184,0.67,1,408,0,0.1278873546028603,0.2402183022892025,0.1617753558901738,0.1687201639353942,0.167943344720765,0.1800556058730622,0.1131708373363816,0.2568110018836217
357,Karl_Darlow,GKP,4.5,1,0.0,Darlow,0.0,6.377970185425645,1.78,1,325,0,0.2355152016381287,0.2105145285961659,0.2182791005326951,0.1947591497231765,0.2328938834039043,0.1922730006913166,0.2161270911922437,0.2037798069407427
358,Kasey_McAteer,MID,4.4,40,0.01,McAteer,10.71,0.7487967745319184,0.92,1,323,0,0.8763232230972415,0.7124296173256067,0.8319020382919368,0.8696971012267454,0.8349473230139937,0.806206504895458,0.8388039004358202,0.8844823616602375
359,Kaye_Furo,FWD,4.5,94,0.009000000000000001,Furo,0.0,0.8460415658298749,3.0,1,107,0,0.6267103741724469,0.7685624163880135,0.7036511053618743,0.7772426979602451,0.6030407353239028,0.7004031597676609,0.542633561206027,0.6081155421859411
360,Kayne_van Oevelen,GKP,4.5,40,0.0,Van Oevelen,0.0,5.051142185523826,3.0,1,554,0,0.2048974564486502,0.1567966936301704,0.1986074998829487,0.2022437873554672,0.1931955110595735,0.1955789399856338,0.2077379132073036,0.2040103181523219
361,Keane_Lewis-Potter,MID,5.5,94,0.017,Lewis-Potter,8.42,0.3932946565523111,2.61,1,86,0,2.9830832384785007,3.093373879874097,3.3269415409883063,3.163506614119244,2.8306602700884915,3.2733442432756643,2.7827950100794294,2.7685107212977558
362,Kenny_Tete,DEF,4.4,54,0.002,Tete,10.0,1.8101393776455668,1.88,1,256,0,0.6877731605169439,0.7811255009819972,0.6895005143053078,0.6180401353518037,0.6858586362289572,0.4567251817090657,0.655331459371754,0.6621698256727937
363,Kepa_Arrizabalaga,GKP,4.9,3,0.001,Arrizabalaga,0.0,4.9882340780050765,2.11,1,2,0,0.3773548608594047,0.3703194645923849,0.4014194692396138,0.3441801601647637,0.4042110577164095,0.3640944058626204,0.3382679577548842,0.3394845241616033
364,Kevin_Danso,DEF,5.0,56,0.002,Danso,6.67,0.389944938966307,1.96,1,501,0,3.120522397133647,3.23480791645384,3.657474119659432,3.541508340739539,3.1012204413815434,3.194423037260279,3.9898112383006974,2.9932791131872656
365,Kevin_Santos Lopes de Macedo,MID,5.3,54,0.0,Kevin,11.8,0.8973676403743912,1.2,1,263,0,0.7370669926062202,0.8306776736052374,0.7079429626465518,0.6844173859235027,0.8115704601122251,0.614109539515161,0.7088110892357155,0.6696723763575959
366,Kevin_Schade,MID,6.2,94,0.111,Schade,6.85,0.5283417659873958,2.59,1,94,0,3.632350488989117,3.819265816638501,4.063032804303433,4.220054591690921,3.4997271271032906,4.203228517110711,3.336671877305666,3.3704766295423205
367,Kieran_Dowell,MID,4.5,88,0.003,Dowell,0.0,1.2322441618305482,3.0,1,288,0,0.3129180681115118,0.2646260077376625,0.315243786656632,0.3513615939633784,0.2175012498260894,0.2925902977134796,0.3109297525982883,0.341929353818157
368,Kiernan_Dewsbury-Hall,MID,6.6,11,0.06,Dewsbury-Hall,8.4,0.47077125653600854,2.37,1,236,0,4.47539794412004,4.136945454380268,3.309038417439761,3.939885643554277,4.543154403540333,3.97612892836119,4.12313811064308,4.0390480976496095
369,Kim_Ji-soo,DEF,4.4,94,0.0,Ji-soo,0.0,3.9766799197511937,3.0,1,92,0,0.23842943554721,0.2486282715452611,0.2903983176691385,0.2928753709471343,0.1994883326661798,0.2911467409384559,0.2340559312281639,0.2238406794529254
370,Kjell_Scherpen,GKP,4.5,40,0.006,Scherpen,0.0,0.301443062684846,1.1344999999999998,1,564,0,3.4679058730100185,2.355219808698676,3.033977832962285,3.489846365728336,3.313826251992043,3.4291524013027628,3.507764518850304,3.548018641323597
371,Kobbie_Mainoo,MID,5.5,1,0.016,Mainoo,14.24,0.2801479490477333,1.88,1,432,0,3.4223996870960103,3.076648160645562,3.3079718269378784,2.8697253727445147,3.213190152341136,3.007646658635293,3.532556282518388,3.1098904405298766
372,Konstantinos_Tzolakis,GKP,4.7,88,0.127,Tzolakis,0.0,0.29689268084900905,2.149125,1,572,0,3.439594939881771,3.210465423664348,2.986418194409707,4.041012235206634,2.7703650161115667,3.028391344889754,3.2892680773123866,3.325991674694013
373,Kosta_Nedeljkovic,DEF,4.0,7,0.001,Nedeljkovic,0.0,3.7062542563696317,3.0,1,39,0,0.2979840586064701,0.2518398295309521,0.2092147533127052,0.2617097964629568,0.2302358913247321,0.2807328784647325,0.2818749772320033,0.2939554975493033
374,Kostas_Tsimikas,DEF,4.9,14,0.001,Tsimikas,4.22,1.6283694155399713,3.0,1,364,0,0.6081589456050535,0.6837862359551886,0.6811955091312808,0.6243113332869075,0.8261450216184844,0.70981109617049,0.7328636416676078,0.832185976027924
375,Kristoffer_Ajer,DEF,4.5,94,0.039,Ajer,10.0,1.0326216146104468,2.07,1,87,0,3.11320935788162,0.9473274276810384,1.1015041079661692,1.034570551306387,0.8087155610049241,1.0776741498224358,0.8858554820742887,0.8756652725163905
376,Kyran_Thompson,MID,4.5,4,0.0,Thompson,0.0,1.3353400248004104,3.0,1,666,0,0.3566646612207924,0.41503476420335,0.3434999835653087,0.3879451599367471,0.295762450494999,0.285160312685438,0.3028990684609837,0.3782838908393575
377,Lamare_Bogarde,MID,4.9,7,0.001,Bogarde,5.62,0.6128298812400164,1.04,1,35,0,0.6119091663216153,0.5757319941210487,0.5414124757797244,0.5763062929492149,0.5578597178625214,0.6057599773389455,0.5827636522358445,0.604561904595812
378,Leif_Davis,DEF,4.0,40,0.069,Davis,4.8,0.5618050855252583,2.16,1,305,0,3.463879453720913,2.1684267210774206,3.1549616879324627,3.4054457200965715,3.1016527767001025,3.1543172209173176,3.3804375100074475,3.361485674160751
379,Leny_Yoro,DEF,4.8,1,0.005,Yoro,20.45,2.5151181030131844,0.87,1,420,0,0.4884485133284674,0.4459375618888554,0.4761709053815839,0.3736386816533886,0.4780704983388918,0.3641626217210358,0.4942720342517467,0.4165018935220156
380,Leo_Fuhr Hjelde,DEF,4.0,56,0.0,Hjelde,0.0,4.00903690696568,3.0,1,538,0,0.2066604391446203,0.2227697057494726,0.2808998921472704,0.2461995456090849,0.2231435511159067,0.2160924182765279,0.2646631606626863,0.1841239550744716
381,Leo_Shahar,DEF,4.0,4,0.002,Shahar,0.0,3.8883757713097307,3.0,1,609,0,0.274417209676134,0.2740593527342855,0.2656723194196049,0.276535000260417,0.2196569463845677,0.2172672131684858,0.2018554159416981,0.2663939521631642
382,Leon_Bailey,MID,5.4,7,0.001,Bailey,0.0,1.1878398087425006,1.34,1,44,0,0.4589710953424763,0.4212589396094115,0.3911812486324157,0.4620812825916788,0.3914804728525166,0.4565546855263064,0.4638290833669524,0.4647845672105434
383,Leon_Goretzka,MID,5.9,7,0.0,Goretzka,0.0,0.3742093666369688,3.0,1,618,0,2.664586654222382,2.378325169283704,2.37333731091218,2.611726429405373,2.3482452834508787,2.6645657348538427,2.585752883074589,2.703711646897271
384,Levi_Colwill,DEF,4.8,8,0.009000000000000001,Colwill,6.86,0.4566747517750868,2.14,1,149,0,2.951592447751155,2.76265341734106,3.2833177265009885,2.648770634665737,2.8636702059285035,3.035080910348368,2.7990728215297587,3.0454921064757627
385,Lewie_Coyle,DEF,4.0,88,0.006999999999999999,Coyle,2.84,0.426353196361991,2.035222222222222,1,280,0,2.659791418608009,2.2936530252023277,2.5654642677919384,3.044007429040749,1.9820076904087816,2.4544489192276777,2.5947698576854443,2.708792057458698
386,Lewis_Cook,MID,5.0,91,0.002,Cook,7.0,2.179975182816462,1.42,1,71,0,0.139097900713349,0.171262552456086,0.144872894465018,0.2090991931267907,0.1710366254723153,0.1689498749587302,0.1282999147163687,0.1343807927360208
387,Lewis_Dunk,DEF,4.5,36,0.015,Dunk,5.75,1.0122011019169421,2.67,1,116,0,1.2342036167345825,1.4222400522671024,1.02594812407066,0.8527701382630222,1.2798614027019235,1.3475315413905709,1.2912171428323662,1.1667289862026948
388,Lewis_Hall,DEF,5.3,4,0.171,Hall,9.22,0.4652159858717509,2.71,1,449,0,4.02615649891987,4.002339408084016,3.741023439480022,3.9449555074872986,3.466331911671172,3.118196881543317,3.026989562410496,3.3958516660067413
389,Lewis_Koumas,MID,5.0,14,0.0,Koumas,4.09,1.142250597565393,3.0,1,381,0,0.4538495639676474,0.49348077277527,0.5178800104237448,0.4310074850996678,0.5149731002664268,0.542982261132585,0.4894494789241749,0.5438734792357107
390,Lewis_Miley,MID,5.5,4,0.001,L.Miley,11.82,0.2966117116698783,1.92,1,459,0,2.697815767072094,2.707238635710159,2.5995527433968,2.6548192194414653,2.406991316799209,2.4949828104670044,2.477695891896321,2.527708378529673
391,Liam_Delap,FWD,5.6,17,0.027000000000000003,Delap,5.52,0.4956670049780234,1.3,1,167,0,3.570551860261324,2.8750343490640806,3.542925869971981,3.19165494511745,3.1209438746787,3.064330995987324,3.294249673850972,3.539445118451443
392,Liam_Kitching,DEF,4.0,9,0.003,Kitching,0.0,2.2740599601981453,3.0,1,174,0,0.4053842893713769,0.4107397967678908,0.3904347891556034,0.4254027419948478,0.3825025767953339,0.450619296761979,0.4044306888667887,0.4621559580361761
393,Liam_Millar,MID,5.0,88,0.0,Millar,7.2,0.6817780584564236,3.0,1,287,0,0.7803617682596299,0.7044594565753348,0.7877802424416388,0.8842215887563838,0.6276586007438192,0.7456574737313886,0.7595860486292193,0.8448901797404391
394,Lisandro_Martínez,DEF,5.0,1,0.013000000000000001,Martinez,5.0,0.46107289357841535,2.72,1,419,0,3.630304724849404,2.981701277209622,3.2549207058884067,2.575832329733159,3.422100197132304,2.517109655826881,3.342555452103523,2.804322960356102
395,Loum_Tchaouna,MID,5.4,9,0.001,Tchaouna,7.68,0.41980964459801323,1.01,1,190,0,2.861993425860748,2.753811141358052,2.846995064100631,2.891028826282881,2.687690849768732,2.8756257627248094,2.6316727636987003,3.0211298979910546
396,Luc_De Fougerolles,DEF,4.0,54,0.001,De Fougerolles,0.0,4.2641919449199515,3.0,1,610,0,0.255865934266348,0.2873840332685631,0.2577970971713275,0.2247646399961517,0.2652028406758391,0.1641501125333214,0.2681932607909312,0.2440932582512494
397,Luca_Netz,DEF,4.4,17,0.0,Netz,3.33,1.4620131047285156,1.3795833333333332,1,478,0,0.8782325314118699,0.6866089924019997,0.8784267458537651,0.7273431330247835,0.6991660766650458,0.7058777480161281,0.7617153823882427,0.8705790783100325
398,Luca_Williams-Barnett,MID,4.5,6,0.001,Williams-Barnett,0.0,1.3915597909553084,3.0,1,601,0,0.2795354553344227,0.3356463829200985,0.2587677963493915,0.3332162314208104,0.2681616244713995,0.3496809580998719,0.2830556172622227,0.2868231317199545
399,Lucas_Bergvall,MID,5.3,6,0.001,Bergvall,15.0,1.3371969568183353,1.45,1,520,0,0.2512394156686157,0.2993871381412406,0.2515477979295696,0.285231214117464,0.2767141140534019,0.3094807229561959,0.2580398961818772,0.2586193100790487
400,Lucas_Digne,DEF,4.5,7,0.0,Digne,0.0,3.7923693584123606,2.02,1,30,0,0.2803746071269298,0.2447428851671776,0.2132599199396281,0.3032875093504284,0.2018483062457499,0.2933138761170729,0.2821590169059774,0.3096005138947068
401,Lucas_Estella Perri,GKP,4.5,2,0.003,Perri,0.0,5.611408971456393,2.36,1,326,0,0.1817148284807612,0.2027650887081614,0.2120865630841588,0.1943818275350048,0.22665342947158,0.1808516497765331,0.2386017256364432,0.1724059536385862
402,Lucas_Gourna-Douath,MID,5.0,88,0.0,Gourna-Douath,11.09,0.6600392140673772,1.5057083333333336,1,589,0,0.8529229397949203,0.7539537273424505,0.8059951934173769,0.9291723074307502,0.6607438929629808,0.819207724248329,0.8309897732690887,0.8558279596066025
403,Lucas_Herrington,DEF,4.0,88,0.006,Herrington,7.31,3.4705497407380834,1.4588796296296294,1,585,0,0.2395799112202454,0.1990445587124198,0.2553297317484517,0.2792874090764035,0.1662550020924547,0.2047184668098859,0.2456710855205923,0.2442644417570439
404,Luka_Lynch,MID,4.5,7,0.001,Lynch,0.0,1.364337827504326,3.0,1,607,0,0.3387318197678198,0.287808573911799,0.269929305815106,0.3108899950553905,0.2921524531233221,0.3365713136713649,0.3195714803573329,0.3432824528450531
405,Luka_Vušković,DEF,5.0,36,0.036000000000000004,Vuskovic,8.86,0.43790538667743395,3.171454861111111,1,504,0,3.713437468859052,4.094934090693084,3.1108670745688505,2.6207484992987298,4.009299568798447,3.988394456151303,3.910878788871956,3.3226717509959
406,Lukas_Nmecha,FWD,5.4,2,0.005,Nmecha,5.62,0.7840338499897802,2.25,1,347,0,0.4297641733115884,0.503344255822517,0.5725503589259159,0.503312011243083,0.550069730192534,0.54427232549146,0.6742627752361675,0.499635273868403
407,Luke_O'Nien,DEF,3.9,56,0.025,O'Nien,6.82,1.8082552549372573,1.8655381944444445,1,539,0,0.5106203958460488,0.5281070257769113,0.6411160132916215,0.5880227945774961,0.554305407021377,0.5511586641618195,0.6435411559980097,0.4633187583573795
408,Luke_Shaw,DEF,4.3,1,0.077,Shaw,6.18,0.5005472125408382,2.03,1,423,0,3.4483432126036084,2.7376776176779387,3.0459817247267686,2.452680855878133,3.290423223034885,2.3912193032264364,3.0941783979554227,2.6763878650484942
409,Luke_Woolfenden,DEF,4.0,9,0.001,Woolfenden,0.0,6.311339364531037,1.08,1,180,0,0.135953109748222,0.1307448990218832,0.1196796146030132,0.1386890612470794,0.1202414376995268,0.1497709181687558,0.1369203328765751,0.1519804539703488
410,Lukás_Hornícek,GKP,5.0,4,0.015,Horníček,0.0,0.33909057386631736,1.7709375,1,567,0,3.944387835009524,3.690643591659372,3.613237962789961,3.677559467356193,3.5739847511043075,3.287502865790773,3.060471337084812,3.72363774251668
411,Macaulay_Zepa,MID,4.5,54,0.003,Zepa,0.0,1.4127554517683805,3.0,1,626,0,0.3276986867298416,0.374151749590465,0.3289305512702693,0.3201192119708573,0.3211335361696012,0.2445134821826676,0.3301709835501489,0.2878720479144389
412,Mahdi_Nicoll-Jazuli,MID,4.5,8,0.0,Nicoll-Jazuli,60.0,1.2989007254983007,3.0,1,662,0,0.4444918013576153,0.3854327414602329,0.4275296991459707,0.4243565006187085,0.3773765212526461,0.4318447779564216,0.4206671709264899,0.4714377572530379
413,Malick_Fofana,MID,5.5,56,0.0,Fofana,4.5,1.1165213152273221,3.0,1,646,0,0.4569948186770359,0.4129360813111626,0.4718227727777206,0.4769622051216827,0.4776367793082627,0.4506513940664831,0.4922578869452457,0.3923378528563036
414,Malick_Thiaw,DEF,5.0,4,0.022000000000000002,Thiaw,9.0,0.42511753138171954,2.58,1,445,0,3.7692489730393,3.6891515622744784,3.4859851654639327,3.672604505784631,3.21534533153492,3.0153697608855192,2.9027379182795165,3.2905355900315576
415,Malick_Yalcouyé,MID,4.5,36,0.04,Yalcouyé,7.25,1.0521231387347187,3.082013888888889,1,605,0,0.8069729536702571,0.9256998514890716,0.7174662714029288,0.6714942275355845,0.9122136950621994,0.8965774361468482,0.8214417298962756,0.7283099648393625
416,Malo_Gusto,DEF,4.9,8,0.01,Gusto,4.96,1.1809095910616492,1.86,1,144,0,1.107471693368545,1.0412602304087804,1.27635236782874,1.028496032753666,1.1289942471000245,1.209929676420732,1.0616819620044489,1.22387402575851
417,Mamadou_Sangaré,MID,5.6,94,0.1,M.Sangaré,13.46,0.2775324041835724,2.78153125,1,565,0,3.61468840789442,4.271267463130743,4.326451103347917,4.140229586267187,3.574705880968885,4.246596676512425,3.7906346352800826,3.5632397999520533
418,Mamadou_Sarr,DEF,4.5,8,0.0,M.Sarr,0.0,3.9079119208775506,1.5106944444444446,1,150,0,0.2829966834295177,0.239483937401549,0.2877425589876019,0.2612674932784853,0.2420041185801511,0.3137188388767051,0.2429875236608278,0.2933001742292233
419,Manuel_Ugarte Ribeiro,MID,5.0,1,0.0,Ugarte,0.0,1.1463972324413714,1.06,1,433,0,0.3875747699264176,0.355994612445528,0.3752686346788997,0.3168983969599795,0.3562939423008626,0.2912151260420317,0.3921771566472451,0.3385859375847864
420,Manuel_Ángel Morán Ibáñez,MID,5.0,54,0.0,Ángel,0.0,1.4237579316964255,3.0,1,636,0,0.3172511144628378,0.3616743270966907,0.3184583973275262,0.3110074310917206,0.3102440533421871,0.2369506316201812,0.3195596895854118,0.2786233871276087
421,Marc_Guiu Paz,FWD,5.0,8,0.002,Marc Guiu,0.0,1.1245275347879133,1.402,1,168,0,0.537264212485149,0.4114210103724701,0.4912567146364117,0.429814872870115,0.5121276930254113,0.5918769933549777,0.4683309813957736,0.7425696668543407
422,Marc_Guéhi,DEF,6.0,43,0.183,Guéhi,5.8,0.5263317986585008,2.11,1,388,0,3.061014371602365,4.136072431381271,3.453472219806215,3.46228187954849,3.593917687666173,3.7488315538127823,2.8657739480446414,3.8426905775780895
423,Marcelino_Núñez,MID,4.9,40,0.001,Núñez,13.5,0.24651078932360587,1.581527777777778,1,309,0,2.674319183921567,2.5861875468826407,2.7401682878808624,2.811040113611521,2.717761183709676,2.785641568143886,2.67383454623772,2.7044396677006337
424,Marco_Bizot,GKP,4.5,7,0.001,M.Bizot,0.0,2.227029439627901,1.83625,1,29,0,0.5177005666439151,0.5389201429179727,0.4926592543686761,0.5941517604845546,0.5472960906351735,0.5626965192104515,0.6127865705972093,0.5803181754494185
425,Marco_Palestra,DEF,5.3,8,0.006,Palestra,0.0,3.7434167583362776,3.0,1,152,0,0.2690937692229675,0.2841708814080317,0.3186320360576894,0.2488034357816918,0.2740637264697095,0.3040719703648322,0.2516860409450389,0.410626485459874
426,Marcos_Senesi,DEF,5.8,6,0.035,Senesi,16.0,1.6885767673352037,2.18,1,498,0,0.5602425064221085,0.7581955168570859,0.5667789912425413,0.7205014155395499,0.6223072250578163,0.7570150024910832,0.6510715463524651,0.6420156355392294
427,Marcus_Bettinelli,GKP,4.5,43,0.0,Bettinelli,0.0,7.073259888845015,3.0,1,386,0,0.2037837851005891,0.2418558735067246,0.222263161969747,0.220591266530979,0.2262538192458719,0.2326801270897925,0.2008191488769452,0.2313564405913972
428,Marcus_Rashford,MID,7.0,1,0.015,Rashford,4.62,0.5461865410555455,2.25,1,429,0,3.658928350659781,3.074554251454039,3.5289169477807314,3.186793581779212,3.745621090049084,2.963140196908472,3.607883598773541,3.393418438352368
429,Marcus_Tavernier,MID,6.1,91,0.067,Tavernier,8.92,0.5533413740969383,2.75,1,68,0,4.318591876476969,4.8420076438855775,4.11275775016276,4.665161374799131,4.806010837122271,4.82265225952999,4.365802616499587,4.667533431772777
430,Mark_Gillespie,GKP,4.5,4,0.0,Gillespie,0.0,5.886065141966751,3.0,1,443,0,0.222600783599726,0.2181463574280176,0.210162705668834,0.2119913834578544,0.2033009659936434,0.1934837745514924,0.18994803963592,0.1931661063580994
431,Mark_Travers,GKP,5.0,11,0.0,Travers,0.0,1.510115803440763,1.83,1,227,0,0.8586559171510864,0.7859936427600767,0.7288723775823569,0.783843069268537,0.9175159559000856,0.6952123261709895,0.8076249421354735,0.8117523176875903
432,Martin_Dubravka,GKP,4.0,6,0.172,Dubravka,0.0,5.855750340307914,1.88,1,497,0,0.1847295748536059,0.2425466746155507,0.1910127612082434,0.2250661085547693,0.2004859331652982,0.2304526039422875,0.2203921260852805,0.2227290599293192
433,Martin_Ødegaard,MID,6.8,3,0.198,Ødegaard,5.49,0.46094383556339064,2.11,1,15,0,4.128216973533307,3.8818277986415377,4.206399013274835,3.543246535562194,4.340904785886852,3.8100635069956095,3.553382373550501,3.7187595361817785
434,Martín_Zubimendi Ibáñez,MID,5.3,3,0.006,Zubimendi,12.13,0.7993092608486733,1.97,1,19,0,0.9192647648355708,0.7720128137908153,0.8430963056341074,0.7377570283656291,0.8855219683880332,0.7809702892831658,0.7399774540212113,0.792580780282257
435,Mason_Burstow,FWD,4.5,88,0.0,Burstow,0.0,0.9736830049933227,3.0,1,299,0,0.4038421207733437,0.408741944631328,0.4941120993617379,0.5327990281625214,0.3104742099738581,0.4108362612843934,0.5573315402717217,0.4677971157359873
436,Mason_Miley,MID,4.5,4,0.0,Miley,0.0,1.3353400248004104,3.0,1,659,0,0.3566646612207924,0.41503476420335,0.3434999835653087,0.3879451599367471,0.295762450494999,0.285160312685438,0.3028990684609837,0.3782838908393575
437,Mason_Mount,MID,5.4,1,0.0,Mount,9.0,1.3617256022432185,2.01,1,430,0,0.3967550174376422,0.3517980626052762,0.3843329647019866,0.3158643089845561,0.3706190219785937,0.2767191720670826,0.3949344544026468,0.3360635328265755
438,Mateo_Joseph Fernández-Regatillo,FWD,4.5,2,0.001,Mateo Joseph,0.0,0.9661840772316829,3.0,1,349,0,0.3225390314578283,0.3917960651450667,0.4627152671389708,0.3936134879403254,0.4375399011541492,0.4341256184159003,0.5609464346328676,0.3912509166508691
439,Mateo_Kovačić,MID,5.4,43,0.001,Kovačić,4.29,1.735406019033674,1.86,1,406,0,0.2289925704419811,0.3591375651181568,0.2651007014681578,0.2758876193300907,0.2716127736343683,0.2897086624525909,0.2053484187905196,0.3713684020209318
440,Mateus_Fernandes,MID,5.7,6,0.008,Fernandes,7.59,0.3145493938672561,1.69,1,525,0,2.9818402939336317,3.373886291191559,2.8830003136739712,3.31809692370014,3.041760646071171,3.4404825625722557,3.069954740051624,3.0962949168126928
441,Matheus_França de Oliveira,MID,4.9,31,0.0,M.França,0.0,1.2292441477949128,1.1303333333333334,1,217,0,0.4556506684233139,0.3832779109400005,0.5026473892383192,0.4107187445336921,0.4189697680842868,0.4658696878455194,0.5023989416291783,0.4170255680729677
442,Matheus_Nunes,DEF,5.9,43,0.01,Matheus N.,8.87,0.7810843669049714,2.77,1,389,0,1.5575010871119987,2.1162153699627257,1.801646648550966,1.9282025211998095,1.8126118107385416,1.9211662156423728,1.5261264459340849,1.978725936031526
443,Matheus_Santos Carneiro Da Cunha,MID,7.9,1,0.057,Cunha,2.87,0.5341802380146887,2.81,1,428,0,4.370696038681075,3.769234660190589,4.3672257703144535,3.88127438708736,4.5291045689505465,3.615513699699017,4.296148097992843,4.020580278204222
444,Mathias_Jensen,MID,5.4,94,0.001,Jensen,6.82,0.6168186364227795,1.83,1,97,0,1.2247083167799933,1.2870971065331385,1.2760797924311162,1.3677733601619424,1.130131066147617,1.3175432349955194,1.1808100659321508,1.1096129601719615
445,Mathys_Tel,MID,5.7,6,0.002,Tel,4.55,0.7843867467811323,1.86,1,514,0,0.8989945699922288,1.1064960028642468,1.006365286521642,1.0074015484801089,0.9673904791849722,1.185126331574112,0.908632225945367,1.0402511337868767
446,Matias_Fernandez-Pardo,FWD,6.0,4,0.001,Fernandez-Pardo,2.87,0.4613648673838627,1.6307395833333334,1,634,0,3.2461624714661244,3.320150639360881,2.8589786705590194,3.2591426213827432,2.9134160442276813,2.732898972248556,2.816100001587845,3.0589721910023684
447,Mats_Wieffer,DEF,4.9,36,0.002,Wieffer,8.65,4.081349609869503,2.05,1,130,0,0.1124694270821594,0.2160679833456198,0.0595261797944257,2.696601226369825,4.006214345953675,3.94551358377069,3.763685652560704,3.3418450681608087
448,Matt_Crooks,MID,4.4,88,0.005,Crooks,9.31,0.37620294820151723,1.4831875,1,289,0,1.805884414601676,1.9718854708967448,1.8001038571738397,1.95059370956005,1.5264246091099434,1.7667006752764414,1.760103544588214,1.8224686199676123
449,Matt_Grimes,MID,4.9,9,0.001,Grimes,7.72,0.2671833382535631,1.0274375,1,184,0,2.735237672281849,2.6798359861553527,2.6625630677130103,2.814121492097088,2.6104303416072296,2.721809302145437,2.615757544555035,2.8647653692166952
450,Matt_O'Riley,MID,5.4,36,0.001,O'Riley,27.0,1.1075976405113372,1.55,1,126,0,0.6051454262104713,0.6817126747066129,0.5487275457829759,0.4972385314011149,0.6494421668882009,0.6587002128990997,0.6190694823631416,0.5603343044250876
451,Matt_Targett,DEF,4.0,88,0.016,Targett,0.0,2.2077963219122103,1.2295833333333333,1,556,0,0.4216586081716347,0.3858846509230993,0.3838876873495529,0.4699448718561114,0.2752197683805559,0.3562148893350814,0.4536237526253288,0.3905066331486376
452,Matteo_Ruggeri,DEF,4.5,7,0.001,Ruggeri,12.74,1.1251409525437428,1.820635416666667,1,596,0,1.0997267507050266,0.9538834459596296,0.8406474042878163,1.049634329065973,0.8191308837990053,1.0835497708081494,1.044712502794299,1.026856850838446
453,Matthijs_de Ligt,DEF,5.0,1,0.0,De Ligt,0.0,3.4872544749809027,1.75,1,416,0,0.3612340945587146,0.3232372212536255,0.3596759487664164,0.2709961453735198,0.3412194924615426,0.2508491500562463,0.3643464588274306,0.3019829162059279
454,Matty_Cash,DEF,4.4,7,0.049,Cash,5.17,0.4861612405001272,2.58,1,32,0,2.969529726112069,2.390860398244328,2.1515657663849668,2.920236106425935,2.053771252597147,3.0369202337570584,3.017505243209227,2.9409408600411537
455,Matty_Jacob,DEF,4.0,88,0.0,Jacob,0.0,2.8353870557344254,3.0,1,283,0,0.3341723481353141,0.2712201169709435,0.3314296907322697,0.3817590418170797,0.2108270960132359,0.3023071997385679,0.3270377496105058,0.3660705350867669
456,Matz_Sels,GKP,5.0,17,0.016,Sels,0.0,0.3728551820452164,2.53,1,467,0,3.365963708972461,3.2199673912727924,3.8919712299088656,2.776126068154558,2.82898356917334,3.3268399698857056,3.276537875101895,3.696429947803892
457,Max_Alleyne,DEF,5.0,43,0.0,Alleyne,0.0,4.197630295206741,2.32578125,1,394,0,0.2517862790489195,0.3744459400319727,0.2898745803727284,0.2915646837814021,0.303388012213625,0.3110025901051964,0.2267810691243874,0.38667089640956
458,Max_Dowman,MID,5.3,3,0.001,Dowman,0.0,1.298877646808015,1.9264236111111115,1,20,0,0.6939006431357678,0.5493812423626562,0.6760705227571194,0.5627325704493725,0.7760431728372528,0.6024187595055257,0.5983922388132208,0.6063685229981088
459,Maxence_Lacroix,DEF,5.9,8,0.068,Lacroix,11.62,0.3624028071524481,2.06,1,200,0,4.045844695827508,3.645987314565112,4.284718032026389,3.5657089542335223,3.7188249742536463,3.9164668607340953,3.7450187656561567,3.896534640035365
460,Maxim_De Cuyper,DEF,4.9,36,0.275,De Cuyper,3.4,0.8362641816620686,3.04,1,115,0,4.308217699938079,4.305054646586005,2.22954421567458,1.9116473290531388,2.186961418860904,2.284708990491312,2.2644013989056,1.8060537842444728
461,Melker_Ellborg,GKP,4.5,56,0.001,Ellborg,0.0,4.580482641744814,2.34125,1,531,0,0.2444792533700372,0.248787110882613,0.2636229702321202,0.2692374922504039,0.2470878674218037,0.2545394828022444,0.2805658013362318,0.2264520878977703
462,Melvin_Bard,DEF,4.5,2,0.0,Bard,10.0,2.7979370448037715,3.0,1,641,0,0.2548847884549208,0.3405942193116373,0.3654782755100378,0.3113935338777391,0.4102116627196995,0.3125350037815448,0.4558353124977289,0.2668587372272172
463,Merlin_Röhl,MID,4.9,11,0.0,Röhl,8.67,0.8552508232250688,1.54,1,246,0,0.6167823339440972,0.5922156794522124,0.429581269511643,0.5327731813758803,0.6228892049033385,0.5148777681878237,0.5619583650133374,0.5499054531512583
464,Michael_Kayode,DEF,4.6,94,0.076,Kayode,4.9,0.5831146793718318,2.23,1,88,0,2.476418541827888,2.554843492408593,2.983160241103788,2.8142816610715364,2.1548117740523804,2.8151552925206684,2.0805639963895004,2.3126124535309778
465,Michael_Keane,DEF,4.8,11,0.006999999999999999,Keane,0.0,1.3741077101958385,2.34,1,231,0,0.9130375991542607,0.8107546849140678,0.6515060812863104,0.7707505009069004,0.972955102096485,0.7894182375324141,0.8196803472324314,0.7631259065630156
466,Michael_Mills,MID,4.5,4,0.0,Mills,0.0,1.3353400248004104,3.0,1,665,0,0.3566646612207924,0.41503476420335,0.3434999835653087,0.3879451599367471,0.295762450494999,0.285160312685438,0.3028990684609837,0.3782838908393575
467,Michael_Svoboda,DEF,5.0,36,0.001,Svoboda,22.5,4.120251840816262,3.0,1,120,0,0.2471810097396113,0.3081434265018031,0.2044891326789933,0.1735323237087758,0.2961372671051139,0.2828633021440199,0.2868206261241917,0.2474556086468922
468,Michael_Zetterer,GKP,4.0,2,0.006999999999999999,Zetterer,0.0,5.55399243929775,3.0,1,629,0,0.1838481084807612,0.2033650887081614,0.2159198430841588,0.1985818275350048,0.22888670947158,0.1813849297765331,0.2405350056364432,0.1733392336385862
469,Michele_Di Gregorio,GKP,4.5,91,0.0,Di Gregorio,0.0,6.051680045797573,3.0,1,615,0,0.1825108118891835,0.2271951620395609,0.1831518893499921,0.2200551753027452,0.2228875565018352,0.2198908935531207,0.2069107947343607,0.2055052048255105
470,Micky_van de Ven,DEF,5.0,6,0.038,Van de Ven,7.25,0.49225314917874896,2.63,1,503,0,2.2160337705043824,3.4066464792234363,2.1937372871096725,2.9657170366479004,2.49580091404049,3.0964466649769964,2.7094593481764737,2.930526433051116
471,Miguel_Brau,DEF,4.0,9,0.0,Brau,0.0,3.854239708959092,3.0,1,181,0,0.2360362812057988,0.2281129142784597,0.2148311479038204,0.2389089740674564,0.2135813462212156,0.2501170039230578,0.2289366471901285,0.2589753127355028
472,Mike_Penders,GKP,4.4,8,0.001,Penders,0.0,6.230675831539994,3.0,1,560,0,0.2049351441582754,0.2050158502112795,0.2248922167148524,0.1968213069900182,0.2137139111713771,0.2152757044875682,0.2093354983169837,0.2178306179779102
473,Mikel_Merino Zazón,MID,5.8,3,0.004,Merino,11.11,0.9316066595237904,2.39,1,17,0,0.9896300909304264,0.94647399179464,0.999082705905802,0.7832804528572651,1.112095628594273,0.8987199665337998,0.8835382906374079,0.8997225236564131
474,Mikey_Moore,MID,5.0,6,0.001,Moore,3.03,1.2341629271169974,1.4606527777777778,1,523,0,0.3272535835435052,0.4268247161775689,0.3487670189160343,0.4274103734982565,0.3485482972890613,0.4447556241508875,0.3303996343103238,0.3736403488555816
475,Mikkel_Damsgaard,MID,5.4,94,0.004,Damsgaard,9.86,0.621221122485134,1.82,1,96,0,1.5541231966907545,1.647297186153676,1.6874129327519227,1.648990688196547,1.4663690124654312,1.708540266880154,1.4976023388020223,1.4676577471415426
476,Milan_van Ewijk,DEF,4.0,9,0.08800000000000001,van Ewijk,6.75,0.4405267502226923,1.830833333333333,1,175,0,2.8635010745150544,2.9775236076720115,2.869582147731196,3.1448538333605147,2.7096741849752983,2.9707917646506825,2.561428938846133,3.2039606346244565
477,Milos_Kerkez,DEF,5.4,14,0.022000000000000002,Kerkez,7.01,0.5103378055133491,2.65,1,358,0,2.3507329893285998,2.4936792721477627,2.7018310740149687,2.5495516150693773,3.049614236245932,2.696871444090461,2.7911946234577214,3.35580302144342
478,Miodrag_Pivas,DEF,4.0,4,0.0,Pivas,0.0,3.8883757713097307,3.0,1,663,0,0.274417209676134,0.2740593527342855,0.2656723194196049,0.276535000260417,0.2196569463845677,0.2172672131684858,0.2018554159416981,0.2663939521631642
479,Mitoma_Kaoru,MID,5.9,36,0.0,Mitoma,0.0,0.8026968386618925,1.84,1,121,0,0.416359848054679,0.4609161778946323,2.8665810318159064,2.5793800864361023,3.2878586156413845,3.271825137968975,3.3356990876160166,2.9376038791611374
480,Mohamed-Ali_Cho,MID,5.0,88,0.0,Cho,2.5,1.1309182712559775,1.7685000000000004,1,617,0,0.3578309291084187,0.3092078488447694,0.3566879512814526,0.4055653734045308,0.2543764156537026,0.3288242704571001,0.3572385531429776,0.3823462025513028
481,Mohamed_Belloumi,MID,5.1,88,0.05,Belloumi,10.05,0.38860872917402667,2.1279583333333334,1,286,0,3.152308647452851,2.9444040024724654,3.1603420523847774,3.4721082126738985,2.546719537725301,2.934029011547484,3.060867198137352,3.045340058498721
482,Mohammed_Kudus,MID,6.5,6,0.002,Kudus,10.24,0.47017849421616065,1.9,1,512,0,1.5213051856630306,2.6889901046709874,2.3458819811835,2.5510287672976024,2.4180279335704937,2.8187650154916613,2.4080245710042,2.5433504340425084
483,Moisés_Caicedo Corozo,MID,5.3,8,0.011000000000000001,Caicedo,0.0,0.7786520707516834,1.7,1,159,0,0.0966812551131668,3.10363619286694,3.464687658258896,3.084497612186269,3.1116067101664737,3.2906901670170186,3.0303273477851107,3.2256575342589464
484,Morgan_Gibbs-White,MID,8.0,17,0.157,Gibbs-White,4.2,0.536732280599612,2.59,1,480,0,4.622362520854569,4.091624707560533,5.046873301011737,4.449227669227725,4.285529451773776,4.457851168679336,4.728819639130023,4.9906621694106175
485,Morgan_Rogers,MID,7.7,8,0.40399999999999997,Rogers,6.38,0.5455854320560853,2.76,1,40,0,4.5184110822983214,4.083901118310472,4.60105943221559,4.07359079650824,4.061149000676202,4.5191015104875545,4.003526305500312,4.4687913070719
486,Murillo_Costa dos Santos,DEF,5.5,17,0.021,Murillo,10.62,0.3711094012685425,2.76,1,472,0,3.484450056202052,3.0871047468239903,3.7520651322482736,3.4319206039147745,3.00555245536664,3.225396010823034,3.1547621087483813,3.905299258163055
487,Mykhailo_Mudryk,MID,5.3,6,0.0,Mudryk,0.0,1.1577611869967313,1.51,1,578,0,0.4159635906870285,0.6274098266228579,0.5052739481480024,0.5102454027730232,0.4767944981726066,0.6449662762533823,0.4641541302352942,0.5165046881867197
488,Myles_Lewis-Skelly,MID,5.4,3,0.006,Lewis-Skelly,4.65,1.3170159994275044,1.08,1,7,0,0.4486079590919855,0.3672387554158833,0.4174399241038266,0.309706135186837,0.4361150212685292,0.3891061363988162,0.3578592946427003,0.3828433280240232
489,Nathan_Collins,DEF,5.4,94,0.01,Collins,7.81,0.44851418031626183,2.26,1,84,0,3.210242120583853,3.4191757888329644,3.9316664835734487,3.712797848975861,2.7999079289140165,3.772662761436617,2.869029140545304,2.9308771730506176
490,Nathan_Patterson,DEF,4.5,11,0.0,Patterson,0.0,3.2115977413790833,1.79,1,234,0,0.3423730417998034,0.2913896326138085,0.2617889486985987,0.274281844965857,0.3607936309767292,0.2910122635229807,0.2694088756484905,0.3019029838339049
491,Neco_Williams,DEF,5.0,17,0.08800000000000001,N.Williams,5.8,0.4912985866986545,2.52,1,469,0,3.4001253608506983,2.826546009852082,3.6096820932779456,2.8954158613259597,2.729749330108767,2.9854323656957007,3.179698083966407,3.662030525416709
492,Nehemiah_Oriola,MID,4.5,36,0.002,Oriola,0.0,1.3147734372974318,3.0,1,134,0,0.4029975702492259,0.4824901595043078,0.341970687141497,0.3185885093955367,0.4526928633567661,0.4407912368315069,0.4154787336080919,0.3717681142771179
493,Nick_Pope,GKP,4.9,4,0.009000000000000001,Pope,0.0,5.879022324663211,1.29,1,442,0,0.2228650356317312,0.2184393329219731,0.2104011997824138,0.212269495096618,0.203521357995326,0.1936859742757117,0.1901538545499642,0.1934257921636072
494,Nick_Woltemade,FWD,5.9,4,0.005,Woltemade,0.0,0.8459881813466678,1.93,1,463,0,0.6412500581280275,0.687422042476294,0.5999537941798647,0.6398213830249868,0.5873114444228168,0.5765586284107896,0.5657110224446008,0.6492484121122121
495,Nico_Elvedi,DEF,4.5,2,0.001,Elvedi,8.01,0.8863476713477422,1.8170972222222224,1,598,0,1.0750653090081006,1.37567830707772,1.340375693435271,1.2657895640741692,1.5604241702910022,1.1846140166829917,1.6290041078500253,1.069984063220396
496,Nico_González Iglesias,MID,5.5,4,0.002,N.Gonzalez,6.59,0.30854405462850953,1.49,1,405,0,3.423162284413355,3.39588981503921,3.204185876000494,3.6126234177860654,3.027325365910841,3.104551841317478,3.003137140701315,3.4507703772564637
497,Nico_O'Reilly,DEF,6.3,43,0.11,O'Reilly,2.76,0.7264241421025739,2.88,1,387,0,2.2141287513919137,3.0719554094326,3.660807453644687,3.682394403050424,3.4650922382321614,3.9248411822243177,2.807041506677034,3.883933877524366
498,Nicolas_Jackson,FWD,6.5,7,0.013999999999999999,N.Jackson,2.83,0.5444950612123061,2.05,1,166,0,4.105229343208254,3.584002761093734,3.603634856374845,3.7383215489098456,3.277305744901333,4.012298251909377,3.795240988846841,3.6960197473485703
499,Nicolás_Domínguez,MID,4.9,17,0.001,Dominguez,0.0,1.431290450243942,1.37,1,487,0,0.300087709885365,0.2316848603005528,0.3105763622087692,0.2839491486280182,0.2465213925808316,0.2623440242738188,0.2724583685126667,0.3115649851644156
500,Nicolò_Savona,DEF,4.5,17,0.0,Savona,0.0,4.914461783242356,2.9,1,475,0,0.2480656827518593,0.2023715517416084,0.2410314044893762,0.188289439835619,0.1524162650605294,0.1643372201759947,0.1891068747990404,0.2429101737096327
501,Nikola_Milenković,DEF,5.4,17,0.01,Milenković,10.33,0.40539047424774804,2.0,1,471,0,2.9284425592945493,2.6267995408665588,3.252530078565181,2.860854377245046,2.53127124705976,2.8018890102095084,2.7880228233104134,3.3268345105311634
502,Nilson_Angulo,MID,5.0,56,0.001,N.Angulo,6.9,0.42027839544763423,0.985,1,551,0,2.6594546355713424,2.538448550505908,2.8195614123947124,2.802273667489978,2.812259261637266,2.6489830119298605,2.9042083702945085,2.4175743350632435
503,Noah_Okafor,MID,5.8,2,0.004,Okafor,5.42,0.4649569039480126,2.4,1,336,0,2.635942227836534,3.2124309023262176,3.080877642694449,3.046015362779298,3.4136387033193567,3.0099498521494814,3.7234440794199295,2.7499073319941854
504,Noah_Sadiki,MID,4.9,56,0.002,Sadiki,6.37,0.31917028813099,0.84,1,545,0,2.3139141127842766,2.2925874844516803,2.5297243534017118,2.4388753165248205,2.3377442958002,2.319237310156547,2.564073007767852,2.2896491762909084
505,Nobel_Mendy,DEF,4.1,88,0.063,Mendy,14.1,0.5074547979887117,2.573180555555555,1,586,0,2.3856660081722865,2.1336372839708337,2.5594536190202017,2.7283722509674755,1.8139658794629427,2.1804525186218355,2.3947118907437352,2.4620632124223225
506,Noni_Madueke,MID,6.2,3,0.002,Madueke,11.74,0.8569060136699085,2.42,1,16,0,1.1393263220898535,0.9811944362773654,1.1393307034181264,0.9607450175743448,1.264741681546548,1.0620356431883755,0.983392279447731,0.9882751665385522
507,Norberto_Bercique Gomes Betuncal,FWD,5.4,11,0.006,Beto,2.9,0.9572861003663681,2.61,1,248,0,0.5297147782734566,0.5223900795702793,0.3511582828838542,0.4955063640238639,0.5725253306880942,0.5039482355381664,0.5164282931703794,0.4134193189167934
508,Nordi_Mukiele,DEF,5.4,56,0.019,Mukiele,12.0,0.46267013701099363,2.8,1,533,0,3.303643214192067,3.148532116740917,3.719651390144766,3.611876573842427,3.130939637078424,3.268737535317626,4.024408765314671,2.835195018543846
509,Norman_Bassette,FWD,4.5,9,0.0,Bassette,0.0,0.9795614026304756,3.0,1,197,0,0.456598530047653,0.3607952682213322,0.4349727826365967,0.4803254298293749,0.3572126441274899,0.5795316069506842,0.4082078180347087,0.5061845939990961
510,Noussair_Mazraoui,DEF,4.4,1,0.005,Mazraoui,5.57,2.09427615428785,2.14,1,422,0,0.6862275857911193,0.529191705512253,0.546179717007528,0.4728113129464528,0.6200805314617833,0.4333336637070861,0.5839498777983932,0.5174457775737066
511,Ola_Aina,DEF,4.4,17,0.024,Aina,6.47,1.0430069046125503,2.35,1,473,0,1.1182106821306494,0.9891560376274396,1.1847155954638031,1.0069417994413024,0.9090306799362964,0.9809738497193328,1.029011780806101,1.204706492240425
512,Oli_McBurnie,FWD,5.5,88,0.019,McBurnie,4.29,0.508948141452058,1.653425,1,295,0,3.846949142884896,3.809931653294431,3.8617994027956506,4.270971757995335,3.119951083312412,3.6701365289852617,4.027949853019994,3.9210089009166778
513,Oliver_Dovin,GKP,4.0,9,0.01,Dovin,0.0,5.56311617426835,3.0,1,171,0,0.1971091866680921,0.2028533699571092,0.2033473575665675,0.2119796405547146,0.1952472638196286,0.2029752690357334,0.1894574415167152,0.2111350532435882
514,Olivier_Boscagli,DEF,4.5,36,0.003,Boscagli,5.97,0.5325192867263876,2.45,1,114,0,2.8526971788750517,3.1363367660956776,2.319276695767298,1.90133805584116,2.968422416466154,3.092023514007169,2.9853346637210745,2.4868837882187
515,Ollie_Watkins,FWD,7.8,7,0.025,Watkins,0.0,1.01537628399494,3.37,1,55,0,0.5714401083633783,0.486326053884922,0.4740754651505971,0.522338104735495,0.361540476268935,0.5745041846314872,0.5051768890802837,0.4686517931455205
516,Omar_Alderete,DEF,4.8,56,0.002,Alderete,0.0,2.8088203327945367,2.09,1,535,0,0.3050953090554707,0.3262976759815412,0.425031194079196,0.3627770595758487,0.3270577420449084,0.3129581673267906,0.3864424150160588,0.2842347402056645
517,Omar_Marmoush,FWD,7.0,6,0.021,Marmoush,3.45,0.4991429971385258,1.88,1,401,0,3.3790953519211087,4.041263243348309,3.5237534829909936,4.0578597330879465,3.622645684716996,4.288844920314132,3.707424567223406,3.886469692892209
518,Omar_Richards,DEF,4.0,17,0.002,O.Richards,0.0,4.183256298834819,3.0,1,476,0,0.251486006854728,0.200523874828546,0.2603891642737221,0.2343022775172653,0.1888342745607827,0.2283570792485768,0.2304330336956694,0.2633690611455719
519,Omari_Hutchinson,MID,5.4,17,0.001,Hutchinson,0.0,0.518161510824547,1.62,1,484,0,1.4956048712082854,1.3054918180774844,1.6385313032352191,1.446862867758444,1.4113174778210276,1.436456187334956,1.5496871646646926,1.5991251928874752
520,Oscar_Bobb,MID,5.5,54,0.003,Bobb,7.35,0.43843567017092383,0.83,1,264,0,3.2590292243341046,3.6825091918586623,3.329968835124941,3.154727675984142,3.413406435484488,2.815194420369429,3.308349388125786,3.170213812457872
521,Oscar_Mingueza,DEF,4.4,31,0.001,Mingueza,11.25,3.770572844814991,3.0,1,207,0,0.2675634315862128,0.1990389534536066,0.2752381158745337,0.2568591605554044,0.2284117635070627,0.2774102951573953,0.3035885951139947,0.2190886145332092
522,Ousmane_Diomande,DEF,5.4,17,0.005,Diomande,10.49,0.5015131163441726,1.7545416666666664,1,581,0,2.638863669847382,2.3601277331322263,2.8670300628200684,2.4530115010837377,2.268631539388002,2.4538550213088786,2.538807271597355,2.9461186703818725
523,Paddy_McNair,DEF,4.0,88,0.001,McNair,6.92,3.6000220951505937,3.0,1,285,0,0.2313738437824565,0.191802703228461,0.2453314790928126,0.2714068561278117,0.1585707199164856,0.1971510413567215,0.2379572688827839,0.2360902743886489
524,Pape_Matar Sarr,MID,4.9,6,0.001,P.M.Sarr,0.0,1.4543239080951276,1.75,1,518,0,0.256000665492553,0.3038617402221784,0.2312804781905454,0.3031373680270848,0.2426713108083093,0.3174037215701588,0.2567050191102379,0.2579274684412684
525,Pascal_Groß,MID,5.8,36,0.28300000000000003,Groß,5.2,0.46849328102215854,3.33,1,124,0,4.165877498277652,4.468148452311859,3.621606362311691,3.4407984963808715,4.142144784642995,4.218259705786079,4.2797503036971865,3.5884524575017243
526,Pascal_Struijk,DEF,4.9,36,0.002,Struijk,9.18,1.1852763118143557,2.02,1,328,0,1.1177465590045164,1.2540167813675245,0.9132896390138158,0.7811183243026072,1.165284373357689,1.2053218606023717,1.1538560832090674,1.0204679344161038
527,Patrick_Dorgu,MID,5.8,1,0.005,Dorgu,10.53,0.7755726328532381,3.43,1,415,0,1.7235830528085327,1.4324428189338896,1.677725693651366,1.4505875603871252,1.727820109187696,1.4041097031388745,1.7312188197069334,1.5631276586174778
528,Pau_Torres,DEF,4.5,7,0.003,Pau,4.33,0.4422900017557838,1.98,1,34,0,3.1485765126349503,2.61689918687924,2.351552432580568,3.1269124111819258,2.2854210405031146,3.211963931557341,3.2369433115601884,3.2036890099729183
529,Pedro_Lomba Neto,MID,6.5,8,0.013999999999999999,Neto,7.59,0.4975266209806025,1.51,1,156,0,3.2733367194812875,2.8961773488187985,3.3442749301765184,3.101757296940239,3.018385429210008,3.3088015684555887,2.825291768107108,3.367417719508905
530,Pedro_Porro,DEF,5.4,6,0.077,Pedro Porro,4.09,0.5398529603172788,2.47,1,499,0,2.6684865838169824,4.106988142062475,2.714573541200449,3.696957035568166,3.0884114893208827,3.9937597655872574,3.3467941837503608,3.550201346063845
531,Pep_Chavarría,DEF,4.9,8,0.001,Chavarria,6.92,1.4805791797508716,1.584888888888889,1,583,0,0.6502507267038627,0.6258818371654465,0.7850207058119953,0.7664911131709646,0.79777202812136,1.006479829422661,0.9251070747019308,1.0588551092212062
532,Phil_Foden,MID,6.9,43,0.018000000000000002,Foden,5.81,0.7489878163262617,2.77,1,398,0,0.3905948099023911,2.5969584525312457,2.100108375250242,2.251021293089312,1.9711029202705,2.851327364204467,2.1500222299521625,2.780562626617632
533,Piero_Hincapié,DEF,5.2,3,0.009000000000000001,Hincapie,8.44,4.206933495682355,2.47,1,9,0,0.3678201997362535,0.3218886508888809,0.4046747114182948,0.2893016387433775,0.4065465144084851,0.3310164571360853,0.2958057790560799,0.321142439553892
534,Promise_David,FWD,5.9,36,0.002,David,0.0,0.9473731940039463,3.0,1,594,0,0.6282299127479227,0.8975039328806603,0.5763178801709229,0.5072585793807826,0.7002383929460075,0.6204590157189963,0.6834178513469826,0.5298254463315254
535,Quinten_Timber,MID,5.0,31,0.0,Timber,9.6,0.3667743660072569,1.2058993055555556,1,644,0,2.554100980071742,2.054180932732732,2.235499934393228,2.1264290842753946,2.1239959937632835,2.281263179402804,2.354735781008784,2.077539596324673
536,Raphael_Borges Rodrigues,MID,4.5,9,0.001,Borges Rodrigues,0.0,1.3933744530636683,3.0,1,191,0,0.239441537997865,0.227053735512091,0.2159854865020993,0.2373708801679599,0.2172173824646445,0.2380160116717117,0.2380847253119856,0.2583571629113785
537,Rayan_Aït-Nouri,DEF,5.3,43,0.004,Aït-Nouri,0.0,2.9316988726856543,2.41,1,392,0,0.4064672751525891,0.5912330739087804,0.4536363493226689,0.469411904855109,0.4501334042224805,0.5689261022465053,0.3311159765025169,0.5307085575271419
538,Rayan_Cherki,MID,7.8,43,0.28300000000000003,Cherki,3.58,0.5872565768057381,2.98,1,399,0,3.354890286552376,3.674528494403466,3.046249031197367,3.0872775594786974,2.7138235681672045,3.23541866077646,2.2645090149589526,3.219726924720971
539,Rayan_Vitor Simplício Rocha,MID,6.3,91,0.016,Rayan,3.11,0.4985378835148899,1.75,1,67,0,3.7639151626586544,4.131684062200803,3.4573533449657035,4.034276119379772,4.051838036379816,3.874916982530812,3.634650776178796,3.866274755252864
540,Reece_James,DEF,5.4,8,0.059000000000000004,James,4.01,0.5923391800490084,2.64,1,142,0,3.0153097036870973,2.807182249081607,3.433647495940089,2.7852221643462927,3.017251159231246,3.320923649204389,2.8284257606579546,3.3076298750185256
541,Regan_Slater,MID,4.5,88,0.053,Slater,6.8,0.32026493624654884,1.498840277777778,1,290,0,2.672214241360424,2.5673018847469824,2.6974855099379167,2.837969312880285,2.2690487019352146,2.5485033544508924,2.6235432200060664,2.7506660146738264
542,Reinildo_Mandava,DEF,4.4,56,0.003,Reinildo,7.25,0.4486089643855556,2.39,1,536,0,2.139745589620849,2.142266938115984,2.574953231594076,2.569711463476128,2.206012520425111,2.36846080671081,2.8822226388681105,1.9110468935502307
543,Reiss_Nelson,MID,5.5,3,0.0,Nelson,0.0,1.2984362241237115,1.26,1,24,0,0.5184676977269355,0.5108415092379512,0.544078080542646,0.4059889617379926,0.5716893246128841,0.4656112247448076,0.439292603494742,0.4801281457843776
544,Remi_Matthews,GKP,4.0,31,0.017,Matthews,0.0,5.73969484463327,3.0,1,555,0,0.2110497330107525,0.1837668664219601,0.209149572254544,0.210594139237724,0.1914261374698162,0.2181499034558559,0.2288149571853353,0.183151276289369
545,Riccardo_Calafiori,DEF,5.8,3,0.505,Calafiori,3.89,0.6306889298956355,2.35,1,8,0,3.9654024417705527,3.6431055562008856,4.201616199752009,3.108428848224189,4.5246761465137,3.556445552820397,3.245834620131644,3.361483615096631
546,Richarlison_de Andrade,FWD,5.9,6,0.006,Richarlison,1.34,1.1313560318664022,2.44,1,527,0,0.3346295877193779,0.5323306441602274,0.4285928986677172,0.6525781354193971,0.4327225711444661,0.5651615636380634,0.4636876794930472,0.4714851732866471
547,Rico_Henry,DEF,4.4,94,0.002,Henry,0.0,4.617892524008167,1.43,1,89,0,0.2086000931643191,0.2189537073246574,0.2590780720455348,0.2472678254857178,0.1648980409956005,0.2852339846516922,0.1725017434749013,0.1770494786235398
548,Rico_Lewis,DEF,4.4,43,0.002,Lewis,3.21,4.965932800289309,1.64,1,395,0,0.1771923382623087,0.3305340350484218,0.2497157545563046,0.3413657612722958,0.2447567904701534,0.2675713926160382,0.2093813446861697,0.3095417483383673
549,Rio_Cardines,DEF,4.5,31,0.0,Cardines,0.0,2.3532539693280072,2.0575,1,220,0,0.454317252795041,0.3541885587092785,0.4556943220090502,0.4503460844800108,0.4219803137203886,0.5014644911328557,0.5352891843322649,0.3976157091359965
550,Rio_Ngumoha,MID,5.7,14,0.005,Ngumoha,3.64,0.7558178100837817,1.8333402777777776,1,369,0,1.1749479277402226,1.185670742489391,1.2572148077367715,1.0838468176298997,1.1770251967796623,1.21717812224602,1.1852553075533874,1.367593784519966
551,Robert_Sánchez,GKP,4.9,8,0.006999999999999999,Sánchez,0.0,6.234147970489384,2.09,1,140,0,0.2048871933218884,0.2049776068038833,0.2248442414076419,0.1967785832180455,0.2136735283610654,0.2152272937572929,0.2091655470993881,0.2173348028778961
552,Robin_Roefs,GKP,4.9,56,0.025,Roefs,0.0,0.3797744871074108,2.15,1,529,0,2.812041753816297,3.015185088273547,3.166972948270056,3.343910959132113,2.9437276534435584,3.07797010730292,3.643531264444541,2.513275001954557
553,Robinio_Vaz,FWD,5.0,88,0.001,Vaz,9.0,0.9660095224996966,3.0,1,637,0,0.390741137582441,0.3969083688544291,0.4808661890684931,0.5163441490221031,0.3021872440125262,0.3984854494826108,0.5441190704294858,0.4547192650790629
554,Rodrigo_Bentancur,MID,5.5,6,0.002,Bentancur,14.59,0.23471552748742958,1.78,1,516,0,2.6761464222439653,2.736451577205268,2.350248685466015,2.670813667836612,2.646409110431348,2.903647359061212,2.6625592913209206,2.5809560260705187
555,Rodrigo_Hernandez,MID,6.5,43,0.0,Rodrigo,0.0,1.301282050925643,1.75,1,402,0,0.6270157784525593,0.8234654920795889,0.5358759495475964,0.6533434869858342,0.6550518821556702,0.7214277696514301,0.4430487552817327,0.764180469082691
556,Rodrigo_Muniz Carvalho,FWD,5.4,54,0.004,Muniz,7.11,0.6514864988824842,1.09,1,271,0,1.08906260217989,1.342836047177666,1.1409440487082292,1.0498105794822477,1.2039775610070569,0.9243616171439124,1.183263854819085,0.9546501210827372
557,Romain_Esse,MID,5.0,31,0.0,Esse,0.0,0.9199091071693453,1.398111111111111,1,216,0,0.6785278746115724,0.6535427058662058,0.7071327712371809,0.6787835136691307,0.7010367434799916,0.7638257984259598,0.7987670803173745,0.6812939569334031
558,Romaine_Mundle,MID,4.9,56,0.0,Mundle,90.0,1.383502441876467,0.83,1,547,0,0.3445580641471937,0.3087520871745353,0.3625783448696269,0.3622503705193974,0.3678382902256011,0.3446258412334164,0.3668590882458353,0.295954049370067
559,Roméo_Lavia,MID,5.0,8,0.002,Lavia,10.81,0.8276192010871036,1.06,1,161,0,0.8023039866266688,0.7140171937734986,0.7759271417007062,0.7463246121778057,0.704363512743244,0.8266760143702616,0.7136769558707375,0.8120470002985138
560,Ronald_Araujo,DEF,5.4,14,0.03,Araujo,7.61,0.5184375243579175,2.5495277777777776,1,579,0,2.27042351149705,2.497849639184983,2.5861067197823204,2.5068178078116725,2.815907755162252,2.723141775627347,2.680503331353552,3.230918946412173
561,Ross_Barkley,MID,5.0,7,0.003,Barkley,8.18,0.6209775741343295,2.07,1,46,0,1.3861694057384846,1.2959653324194729,1.2893754497623575,1.4252978327751815,1.217357889716851,1.4458580924946909,1.373902013563017,1.361365580267231
562,Ryan_Christie,MID,5.0,91,0.0,Christie,12.35,0.7874113052411986,1.51,1,75,0,0.6762925289760665,0.7801002383765832,0.6661965154377187,0.8100349359107918,0.7722981160816709,0.7782888454274329,0.6574475975526876,0.697986618498387
563,Ryan_Giles,DEF,4.0,88,0.028999999999999998,Giles,4.86,0.4526745436110304,1.66,1,282,0,3.139505636012501,2.670139128508156,2.9780824940265886,3.579174850484533,2.150981759383228,2.6607415783574053,3.0496312543170343,3.1702105376563887
564,Ryan_Gravenberch,MID,5.8,14,0.011000000000000001,Gravenberch,11.84,0.4633484408774707,1.67,1,371,0,1.3701459143022017,1.408127452989935,1.4403803410837106,1.3002954886021445,1.4303383945654873,1.4469188832753073,1.406593370106938,1.5518899198954847
565,Ryan_McAidoo,MID,4.5,43,0.001,McAidoo,32.73,1.2813914156037234,3.0,1,621,0,0.421319141262906,0.6350972653253355,0.5206551037854823,0.5376468479843581,0.5305190336565012,0.5317647345647035,0.3630925529048527,0.542933310948653
566,Ryan_Sessegnon,DEF,4.3,54,0.003,Sessegnon,5.4,1.3295942776818805,2.22,1,269,0,1.0409639204297012,1.1236229496738508,1.0541242686616148,0.9291259220029998,0.9938842842679908,0.8070887890043622,1.0365170236480683,0.9863446602322636
567,Ryan_Yates,MID,4.5,17,0.012,Yates,0.0,0.6378790479259625,0.78,1,489,0,0.8887460656512506,0.8011748628379273,0.9514552092092228,0.8699452456483493,0.8160610364132621,0.8561581734036071,0.9048510637776968,0.9632981428925304
568,Rúben_Gato Alves Dias,DEF,5.5,43,0.019,Rúben,5.2,0.5024888057599507,2.37,1,390,0,2.815801652611361,3.807683199942905,3.1541476829585244,3.221464834973604,3.331488663826664,3.4281565184464537,2.6255412241320566,3.485567845306885
569,Sam_Szmodics,MID,5.0,40,0.0,Szmodics,0.0,1.2469591462949852,2.14,1,319,0,0.355541820963335,0.3118403511130376,0.3703686669765481,0.3882835194811827,0.3610905337050747,0.3462780279921886,0.3926060982457369,0.3771182827661908
570,Samuel_Iling-Junior,MID,5.0,7,0.0,Iling Jr,0.0,1.364337827504326,3.0,1,49,0,0.3387318197678198,0.287808573911799,0.269929305815106,0.3108899950553905,0.2921524531233221,0.3365713136713649,0.3195714803573329,0.3432824528450531
571,Sander_Berge,MID,4.9,54,0.003,Berge,4.9,0.3033212200495118,1.35,1,265,0,2.6576532848587804,2.8069202359961,2.6917522974287738,2.5124243682950667,2.6889523013317715,2.2749494644726886,2.605229191124052,2.4950838143000404
572,Sandro_Tonali,MID,5.3,6,0.019,Tonali,8.85,0.295739840504588,1.06,1,455,0,2.641609403320927,3.0237314716962524,2.6019868484435027,2.907230544769708,2.6346812249364984,3.0144371332192303,2.7234957980814625,2.7912087378173807
573,Saša_Lukić,MID,4.9,40,0.001,Lukić,8.32,0.2564118787390579,1.8,1,267,0,2.592606569678528,2.524111343434028,2.683471898699151,2.7495835133058706,2.69078110685188,2.688238891580204,2.601179748269708,2.61069245638852
574,Sean_Longstaff,MID,4.9,2,0.001,Longstaff,0.0,1.119780323974052,1.89,1,339,0,0.3040859034857844,0.4351099629817707,0.3874425858515809,0.3702790505767679,0.4199897920098657,0.3627325636445385,0.4783961594801523,0.3250513768438688
575,Sean_Neave,FWD,4.5,4,0.005,Neave,0.0,0.8885511899000782,3.0,1,466,0,0.6483123118290809,0.6616078579188632,0.792993286837486,0.6253791838347844,0.5886679439551459,0.5510181177407725,0.5411555762959871,0.5750653350428194
576,Sean_Steur,MID,4.9,4,0.001,Steur,8.48,1.3938258355550626,1.6040381944444444,1,462,0,0.2852734242364052,0.2928622852036038,0.2642128654797123,0.3001188584363135,0.2370387086010363,0.2400093685819767,0.2263192968911443,0.2949653546237116
577,Sebastiaan_Bornauw,DEF,4.5,2,0.0,Bornauw,0.0,3.357673018970064,1.7760625,1,333,0,0.2125716299254023,0.2967424587320466,0.2714029197912906,0.2686020060663961,0.3189597260938613,0.2408194070850198,0.3411632940372419,0.2071865492842378
578,Semi_Ajayi,DEF,4.2,88,0.14,Ajayi,5.74,0.4635607173130993,2.625875,1,279,0,3.0761705963073376,2.6852108624405595,3.0392186788904643,3.5587472118700134,2.180917293997772,2.780345560854114,2.972585993388759,3.1145622395076886
579,Senne_Lammens,GKP,4.9,1,0.1,Lammens,0.0,0.40326414876921707,2.13,1,412,0,4.03660223795409,3.20470869250938,3.5155307202062027,2.951088872100353,3.789061055948304,2.899601231013094,3.230024199999658,3.311214587276792
580,Sepp_van den Berg,DEF,4.9,94,0.001,Van den Berg,0.0,0.43437143141861534,1.9,1,85,0,2.8348407946817384,2.936493823106521,4.363004971901227,3.978804787439299,3.011730569193901,4.057275729913895,3.200798754550968,3.216204208564415
581,Shea_Charles,MID,5.0,54,0.001,Charles,13.66,1.3670973516116167,1.5304166666666668,1,580,0,0.3381251865135625,0.3861174632599945,0.338468489005403,0.3294770949066447,0.3315211545001954,0.2558167383335431,0.3409543234629715,0.2994700547214897
582,Shea_Lacey,MID,4.9,1,0.001,Lacey,9.0,1.0218645460169584,3.0,1,435,0,0.732271403928161,0.6103977721752872,0.7030953489494511,0.6091085878436837,0.774063325905498,0.5646035486898681,0.7582093498522751,0.6277746021973598
583,Shumaira_Mheuka,FWD,4.5,8,0.005,Mheuka,0.0,0.9993954675030783,3.0,1,169,0,0.6464571470299757,0.5372767555265006,0.6032687245456549,0.5435120820024598,0.6243359373647428,0.7160141093383817,0.5785093090312429,0.8869033137085207
584,Sidiki_Cherif,FWD,5.0,9,0.001,Cherif,3.0,0.9795614026304756,3.0,1,599,0,0.456598530047653,0.3607952682213322,0.4349727826365967,0.4803254298293749,0.3572126441274899,0.5795316069506842,0.4082078180347087,0.5061845939990961
585,Simon_Adingra,MID,4.9,56,0.0,Adingra,0.0,0.8838758806937791,1.22,1,546,0,0.6461414210525339,0.5935855839055064,0.6973632988281029,0.6681051388618205,0.6556398580797715,0.6584431033272669,0.6606024477914472,0.559465636361755
586,Sindre_Walle Egeli,FWD,4.5,40,0.035,Walle Egeli,0.0,0.9055119793052238,3.0,1,321,0,0.5599166412486519,0.4578962052558847,0.5560452408479595,0.59906574884199,0.522777215925882,0.4811965188493247,0.5183305939421308,0.5473512543923121
587,Sorba_Thomas,MID,5.5,88,0.0,Thomas,6.05,0.9295114051569864,1.546090277777778,1,642,0,0.5077545526427053,0.4892132937798611,0.5349982783598174,0.5888615425173516,0.3672295311197365,0.4965116148827945,0.4628713495272819,0.5196010264218645
588,Stefan_Bajčetić Maquieira,MID,5.0,14,0.0,Bajcetic,0.0,1.3609900546964575,3.0,1,376,0,0.3140783736798216,0.3571580938346613,0.3753651706757745,0.2995635869374761,0.3789588118328376,0.3976644120438089,0.3559028914694206,0.4044074221287205
589,Stefanos_Tzimas,FWD,5.4,36,0.0,Tzimas,0.0,1.012377117322764,2.1737083333333334,1,137,0,0.548032643171636,0.7834023609336911,0.5007063524410047,0.4556532088150306,0.6258910455412384,0.5691783169006438,0.5790313735742669,0.4527003315520878
590,Stephen_Mfuni,DEF,4.0,9,0.001,Mfuni,8.0,3.846315509263005,1.9933333333333327,1,656,0,0.2367505501258618,0.2282150584937174,0.2161051539779226,0.2397619206348845,0.2140523228510457,0.2510670455241446,0.2298473509579189,0.2598908871455033
591,Steven_Benda,GKP,4.5,17,0.001,Benda,0.0,5.953828620772248,3.0,1,590,0,0.212246908432632,0.2008221815518041,0.2245399511229833,0.194126414298875,0.1889578598917919,0.199657368196508,0.2059806158554349,0.2262534373862726
592,Sven_Botman,DEF,5.0,4,0.006999999999999999,Botman,11.8,0.3720476316735694,1.86,1,447,0,4.196834247808251,4.218248211563266,3.615229534859239,3.794755627695941,3.29925836073744,3.0996425528955083,3.05186355799988,3.4627938094421555
593,Sávio_'Savinho' Moreira de Oliveira,MID,6.5,6,0.006999999999999999,Sávio,4.12,0.42705878173745393,1.46,1,403,0,2.90727963729996,3.588368576976684,3.0170565165904164,3.336536141882496,2.986757803162078,3.567023991835644,3.098305654233344,3.242318384329218
594,Taiwo_Awoniyi,FWD,5.4,9,0.004,Awoniyi,4.27,0.4894056133132387,1.89,1,492,0,3.682950792434891,3.3569180149437323,3.72842686051656,3.7772290862293993,3.257173424320078,4.014864475626627,3.392214784850968,3.996000012427226
595,Takehiro_Tomiyasu,DEF,4.4,31,0.003,Tomiyasu,8.1,2.0443130464816033,1.87,1,577,0,0.5185896089895655,0.4268867354221848,0.5540547359000403,0.5248964666306932,0.4871528277951158,0.5566758775900843,0.591670253894129,0.4708328288728337
596,Tammy_Abraham,FWD,5.5,7,0.002,Abraham,2.54,0.7711357133238766,1.5382256944444443,1,56,0,0.8682347904151387,0.7644733507917311,0.7701547556458799,0.8321855846721085,0.6028095369505322,0.8834262357996171,0.7933996870643035,0.8174516209276861
597,Tanaka_Ao,MID,4.9,2,0.003,Tanaka,10.24,0.34922381717342954,1.71,1,345,0,2.197381412697194,2.6517453955195527,2.5654306639783453,2.41625299085079,2.854230696377708,2.3741433160154024,2.96001843429614,2.40118806610862
598,Tarik_Muharemović,DEF,5.0,2,0.043,Muharemović,11.6,0.36955437999053864,1.94265625,1,334,0,3.02110145621194,3.882235319905833,3.911554288886807,3.5656453948290068,4.440212188929298,3.0354184541744638,4.5632571750676645,3.075848131558029
599,Tatsuhiro_Sakamoto,MID,4.8,9,0.001,Sakamoto,11.61,0.6834790824801025,3.0,1,185,0,0.8505727137380255,0.7822676025345299,0.8319770486082418,0.8440761874420802,0.8140388842185831,0.8529944930509643,0.7460592585823516,0.8675598368589943
600,Taylor_Harwood-Bellis,DEF,4.5,7,0.0,Harwood-Bellis,0.0,3.279377210571816,1.55,1,630,0,0.5219869722266796,0.2885682026452751,0.2255322480322141,0.3139780876351546,0.2356719811931424,0.3243463886174759,0.3292791871578439,0.3579750412648823
601,Thierno_Barry,FWD,5.6,11,0.08199999999999999,Barry,3.67,0.5755241455843622,2.46,1,249,0,4.8156354039275895,4.719584610575351,3.598317796075299,4.47660471232587,5.079449728037144,4.278481243739668,4.677899292194402,4.252610384712017
602,Thimothée_Lo-Tutala,GKP,4.0,88,0.0,Lo-Tutala,0.0,4.973912860113794,3.0,1,276,0,0.1998911053090533,0.1873774614180013,0.1939482812566551,0.2157791812163436,0.1716725638182937,0.1880367069778129,0.1976441022220629,0.2031419508735913
603,Thomas_Meunier,DEF,4.5,56,0.003,Meunier,4.55,0.53491538844916,1.8145,1,541,0,2.8807508267300888,2.685902042716193,3.2150510447245995,3.177740662183169,2.79472275429298,2.936066017779668,3.443985247420312,2.2733069236637053
604,Tijjani_Reijnders,MID,6.0,43,0.0,Reijnders,0.0,1.2868885008402655,2.64,1,404,0,0.4305769825274383,0.6450413377755557,0.5417980607167124,0.5609027865755806,0.5467600377334011,0.5457266482856213,0.3724804802843289,0.5624116754395729
605,Tim_Iroegbunam,MID,5.0,88,0.0,Iroegbunam,11.57,0.25500168752682106,1.52,1,240,0,2.8885076726316816,2.6134646083065145,3.120881400577894,2.985889530528389,2.4341520152295018,2.649553734097038,2.739135581784501,2.795013805252104
606,Timothy_Castagne,DEF,4.5,54,0.009000000000000001,Castagne,6.4,0.5459691886050507,1.86,1,258,0,3.067984476433569,3.443386301809665,3.1902470838929258,2.805331495929805,3.074573500945048,1.9991777967785824,2.922898586055493,3.055434016341124
607,Tino_Livramento,DEF,4.9,4,0.001,Livramento,8.18,3.850955051938827,2.06,1,450,0,0.2709495010012486,0.278470298268291,0.2827404231585629,0.2506547061631618,0.2205577201104546,0.2460874484347862,0.2541420802377026,0.2203775386809601
608,Toby_Collyer,MID,5.0,1,0.0,Collyer,0.0,1.340986942487516,2.0855,1,436,0,0.4515564065831841,0.3755927917808622,0.4650079654853674,0.3650714808259552,0.5095725997352504,0.329603702295666,0.4786712996593421,0.3850822783951172
609,Tom_Cairney,MID,4.9,54,0.0,Cairney,0.0,0.774373032593028,1.24,1,266,0,0.8126597122972465,0.8933012398506565,0.8212257186652107,0.753599171657603,0.8192500672040955,0.6744810499938847,0.7950713980305173,0.7544790822026561
610,Tom_Heaton,GKP,4.0,1,0.001,Heaton,0.0,6.378288920065496,3.0,1,414,0,0.2355031602141716,0.2105053763110332,0.2182671851310732,0.1947495246210259,0.2328817818208253,0.1922645323357347,0.2161154428460657,0.203769887067081
611,Tom_King,GKP,4.5,11,0.0,King,0.0,5.359044749417303,3.0,1,228,0,0.2440734140320457,0.2233553145064886,0.2032012053228186,0.2134411689267464,0.255670026748693,0.2056630896160622,0.2239502496947106,0.2303634663052007
612,Tom_Watson,MID,5.0,36,0.0,Watson,0.0,1.3428346226889987,3.0,1,133,0,0.3866014889765376,0.4677398229058327,0.3231988464449575,0.3083599741159312,0.4371351991615845,0.4281447824289068,0.4067088420241739,0.3587719736978841
613,Tosin_Adarabioyo,DEF,4.4,6,0.001,Tosin,72.0,4.7187618998213665,1.91,1,147,0,0.182899270194918,0.2482937968165074,0.1652931000067777,0.2426302258107581,0.210862426858172,0.252159366941997,0.1986774700546497,0.199168651290624
614,Trai_Hume,DEF,4.3,56,0.027999999999999997,Hume,5.68,1.7048892616073916,2.07,1,534,0,0.679509630513826,0.6560549740503968,0.7755377172452634,0.7862186618580905,0.7301260562684553,0.7146798994314832,0.793801033610572,0.5996657205269442
615,Trevoh_Chalobah,DEF,5.5,8,0.001,Chalobah,0.0,4.242771817941553,2.84,1,143,0,0.262298927595272,0.2180151471905849,0.2663783602481269,0.2410615688455701,0.2193481574973674,0.2939506638610831,0.2217119017022116,0.2719987909979087
616,Trey_Nyoni,MID,4.9,14,0.0,Nyoni,23.68,1.1464771242866738,3.0,1,375,0,0.4362543004180018,0.4819625257524111,0.5108861962942209,0.4123210694340197,0.5164054380706288,0.5324437962752436,0.4885700567578159,0.5370733935400271
617,Triston_Rowe,DEF,4.0,7,0.002,Rowe,0.0,2.7879328711665043,3.0,1,606,0,0.4563919060870494,0.3785564219964595,0.3578623648528383,0.4633838010056583,0.3643776205849645,0.4750083743337451,0.4566760084125763,0.450160416007868
618,Tyler_Adams,MID,5.0,91,0.003,Adams,13.23,0.2601222077051489,1.88,1,73,0,2.3760046347086337,2.772765957102882,2.576471081928972,2.823088098637049,2.7629332725112468,2.7464872202934685,2.477890105220251,2.565028243142015
619,Tyler_Bindon,DEF,4.0,17,0.001,Bindon,0.0,4.183256298834819,3.0,1,479,0,0.251486006854728,0.200523874828546,0.2603891642737221,0.2343022775172653,0.1888342745607827,0.2283570792485768,0.2304330336956694,0.2633690611455719
620,Tyler_Dibling,MID,5.4,11,0.0,Dibling,0.0,1.0800487953821412,0.9,1,245,0,0.5464101680830833,0.529106294568958,0.3291227852259856,0.4932412902454704,0.5598566306949084,0.4424903986651745,0.4728776447018131,0.4773534794519788
621,Tyler_Fletcher,MID,4.4,1,0.003,Fletcher,0.0,1.3370605967497622,3.0,1,438,0,0.4394840230118133,0.3656021334787788,0.4536512865076982,0.3541440557936647,0.4982768112227905,0.320828387963496,0.4654502932155551,0.3766938146237775
622,Tyler_Fredricson,DEF,4.0,1,0.0,Fredricson,0.0,4.000233755106468,2.0545,1,425,0,0.3078702880449819,0.2748919770306364,0.3002501133495271,0.2199110850036286,0.2833184318557887,0.2085899159476958,0.3084206837910329,0.2502594395525707
623,Tyrick_Mitchell,DEF,4.5,31,0.06,Mitchell,5.37,0.5080109032439988,2.36,1,204,0,3.1298491274232987,2.476107541065913,3.1565623598585377,3.155693156967016,2.746635023801827,3.340617865899017,3.6631019459718406,2.50540760550351
624,Tyrique_George,MID,5.5,11,0.009000000000000001,George,5.24,0.45489460113143115,1.56,1,242,0,2.836665055605104,2.7837271447943537,2.109489287901841,2.696021593179774,2.930798140650618,2.527430666686795,2.6160823990807187,2.546479691841532
625,Tyrone_Mings,DEF,4.5,7,0.004,Mings,8.28,1.692563669168665,2.19,1,33,0,0.683923804565781,0.5912301474621603,0.5264529016397347,0.6540432667441411,0.5323403922078339,0.6936183788807715,0.6629838812193256,0.6826900615938919
626,Vakhtang_Salia,FWD,4.5,4,0.001,Salia,0.0,0.9956317188417569,3.0,1,664,0,0.5129820842143471,0.4971601859424547,0.6059674425917919,0.4812714339408296,0.4436036022827897,0.4105558728385547,0.4066102410364626,0.4287225396107529
627,Valentín_Barco,MID,5.4,8,0.001,Barco,9.39,2.171552607698155,1.2425763888888888,1,568,0,0.1750677413993521,0.1828416840950671,0.2056537913610355,0.1593332557421788,0.167515112544692,0.2073015168664876,0.1501478621146987,0.3004208422713451
628,Veljko_Milosavljevic,DEF,4.9,91,0.0,Milosavljević,0.0,3.057148038695165,1.494107638888889,1,63,0,0.2921427189140784,0.3740184165247631,0.3161501361287234,0.4184090817634276,0.3739191976034169,0.3582346201405761,0.2956413870939632,0.3151260578399893
629,Victor_Lindelöf,DEF,4.5,7,0.003,Lindelöf,4.4,0.43822639963190535,1.48,1,37,0,3.1275051389417965,2.6182093085194444,2.335303763402932,3.154610049393149,2.29115349173502,3.2623928278299905,3.236551468251045,3.221041327625417
630,Victor_Munoz,MID,6.5,14,0.009000000000000001,Munoz,5.6,0.821898241323801,1.7645798611111112,1,377,0,1.083320619298143,1.0614388694218366,1.1873359539325776,0.9335696994760436,1.0894901659280158,1.0533866318695784,1.063429904759123,1.1879869152337843
631,Victor_Torp,MID,5.3,9,0.001,Torp,5.09,1.3283772697737737,3.0,1,188,0,0.2896555541798111,0.2681801025268641,0.2806373022307491,0.3066608451558893,0.2822466768702575,0.3213774966357902,0.2670819173424461,0.3368660547905611
632,Viktor_Gyökeres,FWD,7.1,3,0.031,Gyökeres,3.1,0.8051843833005711,2.39,1,25,0,1.4931289103298169,1.2882377421735924,1.2608239549089992,1.200126252220847,1.5362975322067869,1.3474519767720867,1.2680240732704513,1.381372022195896
633,Virgil_van Dijk,DEF,6.5,14,0.162,Virgil,9.6,0.43257922584433867,3.02,1,356,0,3.366253779348777,3.906228508876393,3.634513079797141,3.372275055452268,3.908997152664434,3.823259516800333,3.889189176271782,4.439990876947746
634,Vitalii_Mykolenko,DEF,4.6,11,0.042,Mykolenko,7.8,0.4295420774327559,2.05,1,233,0,3.3023222777511414,2.7696477674763376,2.1984677293173043,2.5398565468882146,3.4388205330339554,2.6567070598172204,2.7853712444345864,2.8432607911557373
635,Vitaly_Janelt,MID,5.0,94,0.025,Janelt,12.8,0.30459023309321104,2.56,1,98,0,3.00844011545243,3.3151977194442206,3.4485719839184767,3.307485381861078,2.818647547732993,3.4087389348064194,3.0197718104419264,2.8934592843238978
636,Vitezslav_Jaros,GKP,4.0,14,0.0,Jaros,0.0,4.760627294405135,3.0,1,354,0,0.2447583003970337,0.2504960985345184,0.2686141755243484,0.2650430206050777,0.2825243443374939,0.2836541027158203,0.2837552491732554,0.3048617388433571
637,Vitor_de Oliveira Nunes dos Reis,DEF,4.5,43,0.0,Vitor Reis,0.0,4.374671454539719,3.0,1,396,0,0.2402380615770264,0.358551319579871,0.2769423434311431,0.2766019052161318,0.2884008796380852,0.296569584123949,0.2162293331747042,0.3701325816165718
638,Walter_Benítez,GKP,4.5,31,0.001,Benitez,0.0,3.474037918935587,1.8671875,1,199,0,0.3423269111076898,0.3026132850423314,0.3460533474129135,0.3565532456603003,0.3140196187521842,0.3663922720831434,0.3728204530787324,0.3028814041360375
639,Wellity_Lucky,DEF,4.0,14,0.001,Lucky,0.0,4.175393610228427,3.0,1,361,0,0.2014237771038869,0.2559847534744564,0.2311634711239302,0.2193593815553312,0.2755348237857981,0.2741995194664136,0.2480002511246294,0.2877115475081667
640,Wes_Burns,MID,5.0,40,0.0,Burns,0.0,1.1342090381751413,0.65,1,311,0,0.3334503896656766,0.2796629170460184,0.3209230206063808,0.3649564006330864,0.31958833088672,0.3158300873774219,0.356565997058457,0.3562940415409413
641,Wesley_Fofana,DEF,5.0,8,0.002,Fofana,13.56,0.37936729121703455,2.26,1,145,0,3.4439862222900697,3.196590297490644,3.761596345809149,3.077294622204076,3.2313984728056124,3.3634499519038137,3.209204164446078,3.365035289679015
642,Wilfried_Gnonto,MID,5.0,2,0.0,Gnonto,0.0,1.8085069891371781,0.96,1,341,0,0.1405032470446556,0.2414061002694092,0.2211183891270896,0.2294234451956758,0.2950751724561057,0.2522968889084294,0.343079245463334,0.2180012207772626
643,Will_Dennis,GKP,4.0,91,0.001,Dennis,0.0,5.865257506589003,3.0,1,59,0,0.1889094776986257,0.23457243209918,0.1890050834677428,0.2272655628416957,0.230135975953226,0.2263811578388581,0.21290864875884,0.2120456239863374
644,Will_Hughes,MID,4.4,31,0.07400000000000001,Hughes,21.72,2.095964779736587,0.83,1,212,0,0.2331251113673147,0.157047442877387,0.1794079483817523,0.1596589766396914,0.150956863846296,0.1993360227971743,0.2216224139323511,0.1470384612872926
645,William_Osula,FWD,5.8,4,0.003,Osula,8.18,0.6537795853702122,2.17,1,465,0,1.427179592409512,1.4115988784785676,1.432928070659614,1.4195024036246815,1.2473614327668612,1.139127525685813,1.165035493847688,1.2188834379026676
646,William_Saliba,DEF,5.9,3,0.002,Saliba,0.0,4.159781550343228,2.33,1,6,0,0.3971592166482053,0.3326118706046927,0.3678470561655998,0.2819897186046519,0.3857054703791707,0.3325970136693312,0.2847878571157967,0.3355479839911184
647,Wilson_Isidor,FWD,5.5,56,0.013000000000000001,Isidor,3.85,0.6382098736638616,1.37,1,553,0,1.2455038805326508,1.0837919384050945,1.2499225142956414,1.2620265754065625,1.261622626901115,1.1666725268682614,1.2487665932978278,1.0853802911228083
648,Wilson_Odobert,MID,5.5,6,0.0,Odobert,0.0,1.0448274198932324,1.09,1,517,0,0.3867378657990088,0.4806547928170074,0.4056851407810722,0.4812085372262784,0.4062751673455097,0.4977943910155031,0.3887742208149278,0.4294443392714895
649,Xaver_Schlager,MID,5.0,17,0.001,Schlager,11.73,0.3212725388879454,1.3551666666666669,1,558,0,3.208156498401067,2.930687597831477,3.29277983540908,3.313742767587702,3.078135555290811,3.121311900107025,3.091998648844495,3.408572644588284
650,Xavi_Simons,MID,5.9,6,0.0,Xavi,0.0,1.7383090721067076,2.29,1,513,0,0.2505795683169117,0.4021813636157284,0.3127408988257283,0.3176657470932176,0.2888945193398662,0.4284046723995857,0.2860103926633663,0.3365371319734163
651,Yankuba_Minteh,MID,5.8,36,0.0,Minteh,0.0,1.2664586316254076,2.1,1,122,0,0.4012614449521155,0.429603626583494,0.3915102205192158,0.3875094314037177,0.4878539378407281,0.4804100823289406,0.5347743009966851,0.4006822203912705
652,Yann_Gboho,MID,5.5,9,0.0,Gboho,0.0,1.3283772697737737,3.0,1,655,0,0.2896555541798111,0.2681801025268641,0.2806373022307491,0.3066608451558893,0.2822466768702575,0.3213774966357902,0.2670819173424461,0.3368660547905611
653,Yasin_Ayari,MID,5.4,36,0.004,Ayari,5.68,0.3831665094084097,2.32,1,129,0,3.3641692291265826,3.820618618749321,3.26836346934254,3.060325786193021,3.718754196696159,3.6620290537169407,3.679559258280817,3.310858647435308
654,Yehor_Yarmoliuk,MID,4.8,94,0.006,Yarmoliuk,10.83,0.7562819713168921,1.54,1,102,0,0.5621641725310964,0.5841753696700811,0.6344023156775525,0.6513136456684907,0.5346451270662542,0.6430098784315647,0.572532734000238,0.5484043671687077
655,Yoane_Wissa,FWD,6.2,4,0.187,Wissa,5.51,0.5670734667288447,1.24,1,464,0,4.157763840103899,4.040100332710387,4.108081968937336,4.174610784235568,3.7014579926947695,3.5571848822901675,3.4993743521426373,3.890203616139727
656,Younes_Ibrahim,MID,4.5,36,0.0,Ibrahim,0.0,1.3428346226889987,3.0,1,658,0,0.3866014889765376,0.4677398229058327,0.3231988464449575,0.3083599741159312,0.4371351991615845,0.4281447824289068,0.4067088420241739,0.3587719736978841
657,Youri_Tielemans,MID,5.8,1,0.015,Tielemans,9.63,0.32803939074758454,1.27,1,43,0,3.4649231969084395,3.0768583313575872,3.4186147770228428,2.93169167381955,3.3885992662090096,2.9693357159210683,3.5397464823944875,3.1641667828341573
658,Yéremy_Pino Santos,MID,5.5,31,0.003,Yeremy,7.62,0.49417440489806497,1.62,1,211,0,2.66520509038622,2.497272663884168,2.7693887061468376,2.6041402396639133,2.6275619649851416,2.964072865775231,2.97607557209272,2.5887731407131898
659,Zach_Abbott,DEF,4.0,17,0.001,Abbott,0.0,4.108290479732225,1.2316666666666665,1,477,0,0.2786784504142752,0.235253758193051,0.2684533490759681,0.2260660414090066,0.1876025463566692,0.1991266472524508,0.2162641915241761,0.2722106977629109
660,Zadok_Yohanna,MID,4.9,36,0.0,Yohanna,0.0,1.3428346226889987,3.0,1,135,0,0.3866014889765376,0.4677398229058327,0.3231988464449575,0.3083599741159312,0.4371351991615845,0.4281447824289068,0.4067088420241739,0.3587719736978841
661,Zavier_Gozo,MID,5.0,31,0.0,Gozo,3.21,1.0504386510843322,3.0,1,595,0,0.5231534040182861,0.4293382762309267,0.455753636873299,0.4311253989322129,0.4136821505928494,0.4798691008952638,0.5325994735644278,0.4189217112831085
662,Zian_Flemming,FWD,5.5,40,0.001,Flemming,7.5,0.5326942320356111,2.01,1,640,0,2.032257352510332,1.7136483534465667,3.83019220938944,3.7816783119791246,3.8579451798245032,3.6357391015523057,3.878652115208651,3.980797348081678
663,Zion_Suzuki,GKP,5.0,7,0.019,Suzuki,0.0,0.3309858638509776,2.6366666666666667,1,597,0,3.5102715881420465,3.4945680261487952,3.006605436790778,4.103973327855141,3.3691014334490044,3.904028947106706,4.280645442664218,4.054206863183707
664,Álvaro_Rodríguez,FWD,6.0,91,0.001,Rodríguez,9.0,0.989401349131011,3.0,1,81,0,0.4377807232135964,0.5432909111346139,0.3411209905130461,0.5198672856611,0.4966860210928826,0.5160005441215086,0.4284648839856498,0.4502677533901492
665,Óscar_Zambrano,MID,4.5,88,0.001,Zambrano,0.0,1.2322441618305482,3.0,1,294,0,0.3129180681115118,0.2646260077376625,0.315243786656632,0.3513615939633784,0.2175012498260894,0.2925902977134796,0.3109297525982883,0.341929353818157
666,Đorđe_Petrović,GKP,4.5,91,0.03,Petrović,0.0,0.38933676048941174,1.72,1,57,0,2.632269737891768,3.4618161665147142,3.2912767556131497,3.291399914014794,3.621972492047401,3.4401650405396684,3.2527880353862493,3.0733532855706995
