,name,GW,Goal_pred,Assist_pred,Bonus_pred,GC_pred,Fantasy_pred,CBI_pred,Card_pred,Points_prediction,position,Rolling_adjusted_BPS,Rolling_adjusted_XG,Rolling_adjusted_XA,played_XGC,average_minutes,fix_percentage,Save_pred,Average_Overscore,Point_STD,Risk_share
0,Aaron_Hickey,38,0.018764230041592507,0.03896721517432375,0.1,0.1672497495767363,2.6426814,0.3544915137376547,0.2,1.9683839622077874,DEF,-0.2,0.03,0.01,1.2627343678235523,15.6922145,1.0,2.9537037037037037,1.0097085746377708,1.23,0.4266597201084971
1,Aaron_Ramsdale,38,0.0031973194840890498,0.0071728643367712066,0.15254398124241822,0.2661741155370841,3.2758548,0.0,0.1,3.7192535701548697,GKP,8.87,0.0,0.0,1.2941403914720286,52.20378,1.0,2.4555555555555557,1.0,2.23,0.35783270825226443
2,Aaron_Ramsey,38,0.030576895786318725,0.04495769861284052,0.1,0.230095077900441,2.954702,0.0,0.07,2.5770648479858878,MID,4.43,0.03,0.03,1.5468827004243544,0.0,1.0,4.124999999999999,1.0,0.47,0.19600017625615043
3,Aaron_Wan-Bissaka,38,0.02859851053233402,0.09360333027366553,0.2944941025166511,0.2292814952060826,3.3788111,0.2601269614858276,0.1,2.994362902152079,DEF,6.8,0.0,0.03,1.5087757986722805,78.601361,1.0,3.45,0.9962602431848646,1.83,0.4363622304006094
4,Aarón_Anselmino,38,0.011324901076734305,0.012989886159301713,0.12973100936431886,0.3233117085765303,3.4957948,0.1343149514959135,0.1,3.1058697029604594,DEF,6.136666666666667,0.0266666666666666,0.03,1.3721484807659794,0.0,1.0,2.8916049382716045,1.0,3.0,0.40226041960722925
5,Abdallah_Sima,38,0.015051146592638896,0.017401201310475498,0.16514420731022353,0.2843651376405746,4.0786195,0.05532553580889,0.1,2.7096365589418125,MID,7.6165,0.0855,0.071,1.4654883695230865,0.0,1.0,3.687175925925926,1.0,3.0,0.13634208602937722
6,Abdoullah_Ba,38,0.045651405843323944,0.057490917583688135,0.1420540340023159,0.2174313841115139,3.4938486,0.0536724632394047,0.1,2.853025680371723,MID,8.347,0.067,0.06,1.483127612348932,0.0,1.0,2.722222222222222,1.0,3.0,0.2174873375591864
7,Abdukodir_Khusanov,38,0.06815686642326944,0.06336791383225564,0.14351216679888962,0.3448434516901721,3.8338938,0.2612983558408747,0.11,3.9805660593093535,DEF,10.27,0.03,0.05,1.4428233179320902,83.41308099999999,1.0,3.085185185185185,0.9666355744178874,2.05,0.4686324989718127
8,Adam_Armstrong,38,0.3301931835282904,0.14819426765527724,0.11323700955364101,0.0,4.1809654,0.0359749806404014,0.2,4.189153379432386,FWD,5.2,0.13,0.03,1.8636296707048896,75.23869400000001,1.0,1.9703703703703697,1.0741791387274862,1.28,0.5301465148731248
9,Adam_Aznou,38,0.01120092056233176,0.012033471819555207,0.12879465677798874,0.2320315464082492,3.0181181,0.2201796724467075,0.1,2.406765392337701,DEF,4.810909090909091,0.0454545454545454,0.0309090909090909,1.4430141192563402,0.0,1.0,3.4693602693602688,1.0,3.0,0.3846782088599229
10,Adam_Smith,38,0.012128021167770354,0.041563709116523836,0.1,0.2459506504635776,4.343378,0.3437723810868577,0.22,2.8944982657693004,DEF,0.8,0.0,0.02,1.3171634869420366,24.351197299999995,1.0,2.9555555555555557,0.97746317537874,2.14,0.3734588608993027
11,Adam_Webster,38,0.021395662011203704,0.023069456862137756,0.13562470487529038,0.2843651376405746,3.5061364,0.0,0.1,2.664266980377478,DEF,6.2,0.03,0.02,1.4654883695230865,0.0,1.0,2.9064814814814808,1.0,1.75,0.4552043571752985
12,Adam_Wharton,38,0.03815086442831074,0.10820692126498306,0.20248768043661108,0.1996369348650613,3.3797944,0.1928547087169021,0.15,3.2346263209205848,MID,10.6,0.04,0.19,0.9154820012004722,66.31487,1.0,3.15,1.0535781075283883,2.08,0.2279839342736882
13,Adama_Traoré Diarra,38,0.024643781936664888,0.032975016910182425,0.1,0.2292814952060826,3.9340794,0.0306793383665913,0.08,2.660739565613212,MID,2.2,0.07,0.08,1.5087757986722805,3.010027945,1.0,3.55,0.937916564539075,0.39,0.16201550120963956
14,Adrian_Mazilu,38,0.015051146592638896,0.017401201310475498,0.16514420731022353,0.2843651376405746,4.0786195,0.05532553580889,0.1,2.7096365589418125,MID,7.6165,0.0855,0.071,1.4654883695230865,0.0,1.0,3.687175925925926,1.0,3.0,0.13634208602937722
15,Adrien_Truffert,38,0.06600689566645332,0.1624103802401945,0.2253943654444217,0.2459506504635776,4.1872125,0.3372568857258456,0.14,3.7356878834029827,DEF,14.07,0.06,0.08,1.3171634869420366,90.0,1.0,2.9555555555555557,1.0119566613808273,2.04,0.49309991861341446
16,Ahmed_Abdullahi,38,0.017544048454757044,0.009750290209882722,0.17125794086337093,0.0,4.1345015,0.025390387562703,0.1,2.4250708741753217,FWD,4.22,0.1466666666666666,0.0233333333333333,1.483127612348932,0.0,1.0,2.7006172839506166,1.0,3.0,0.0512892385962266
17,Airidas_Golambeckis,38,0.009503802913913334,0.012700038830586373,0.1,0.2292814952060826,3.2757435,0.1266782905488101,0.1,2.182845996629475,DEF,6.417368421052632,0.0194736842105263,0.0310526315789473,1.5087757986722805,0.0,1.0,3.694736842105263,1.0,3.0,0.4157142031947717
18,Aji_Alese,38,0.008651970211582195,0.009383286197591843,0.1,0.2174313841115139,3.1056676,0.2565557467376755,0.1,2.2860346681486337,DEF,4.5200000000000005,0.03,0.0225,1.483127612348932,0.0,1.0,2.708333333333333,1.0,3.0,0.37145142008064463
19,Alan_Browne,38,0.011342359502564382,0.013095315678355536,0.1420540340023159,0.2174313841115139,3.4938486,0.0536724632394047,0.1,2.5473453591546455,MID,8.347,0.067,0.06,1.483127612348932,0.0,1.0,2.722222222222222,1.0,3.0,0.11025287829559428
20,Albert_Sambi Lokonga,38,0.02937087732895456,0.05662172980916795,0.1746123969631195,0.4137809993029863,3.285757,0.0,0.19,2.731297512759337,MID,11.87,0.03,0.03,1.287355717607569,0.0,1.0,3.407407407407407,1.0,1.2,0.2508252956341979
21,Alejandro_Garnacho,38,0.10598088996322558,0.16007460343357796,0.20650331160449983,0.3233117085765303,4.3485785,0.0299095834788306,0.1,3.637748119401528,MID,5.67,0.14,0.1,1.3721484807659794,29.9221456,1.0,2.9490740740740744,1.0168798860535029,1.76,0.3809493862266411
22,Alex_Cairns,38,0.008532802385449633,0.009323171695950311,0.14461112962973116,0.2537881908128472,3.5146506,0.0206122124302905,0.1,3.5685011150387727,GKP,10.435,0.0,0.0,1.4624541973500107,0.0,1.0,2.430555555555556,1.0,3.0,0.3555949439714407
23,Alex_Iwobi,38,0.06686056795030557,0.10223514727686708,0.27453356351137165,0.2214164354404977,3.805818,0.1252721242967638,0.08,3.4094254512921465,MID,15.8,0.06,0.13,1.3031543227991396,52.5831695,1.0,3.055555555555556,1.0740057231225073,2.32,0.2617642724765221
24,Alex_Murphy,38,0.011201353000461335,0.013037075992734647,0.1328172732785506,0.2661741155370841,3.4033577,0.139539779758395,0.1,2.649200456197335,DEF,4.974545454545456,0.0409090909090909,0.0327272727272727,1.2941403914720286,1.09122148,1.0,2.880134680134681,1.0,3.0,0.39587199028474396
25,Alex_Paulsen,38,0.009760419075004741,0.009772537397410668,0.18145021028333894,0.2459506504635776,4.1866,0.0310713762072417,0.1,3.6731279591121093,GKP,12.89,0.0,0.0,1.3171634869420366,0.0,1.0,3.214814814814815,1.0,3.0,0.33479728068475767
26,Alex_Scott,38,0.12614972866336058,0.12915558957562542,0.25541270692086215,0.2459506504635776,4.3830104,0.4577037536567508,0.15,4.4453217128611024,MID,17.67,0.08,0.09,1.3171634869420366,90.0,1.0,2.9555555555555557,1.02924789249897,2.89,0.2991263891496034
27,Alex_Tóth,38,0.1019376469498117,0.08900349974086838,0.15905806103140108,0.2459506504635776,4.379335,0.0661536250750705,0.1,3.3774195350208034,MID,7.959333333333335,0.0893333333333333,0.076,1.3171634869420366,4.34844802,1.0,3.0765432098765446,1.0,3.0,0.313857803782511
28,Alexander_Isak,38,0.2691561434906814,0.0911214833776514,0.251839971663475,0.0,5.4993153,0.0439175083624984,0.02,4.158554506876627,FWD,4.93,0.25,0.02,1.4275049403718407,43.06000462499999,1.0,2.797222222222222,1.005018057867885,2.09,0.41106230225162027
29,Alexis_Mac Allister,38,0.10774363241359484,0.13050412840515863,0.20916165484666824,0.2771884232344291,4.162508,0.164328072476988,0.15,3.730401712411846,MID,13.07,0.07,0.04,1.4275049403718407,74.094214,1.0,2.846296296296296,1.0317540745176377,2.24,0.3372437743779809
30,Alfie_Brooks,38,0.008208133459477466,0.009383492246646802,0.17557622690778962,0.3346470606552959,2.6724384,0.0359749806404014,0.1,4.168759994634504,GKP,11.54,0.0,0.0,1.8636296707048896,0.0,1.0,1.9820987654320985,1.0,3.0,0.4013748225923427
31,Alfie_Cresswell,38,0.014374760208671466,0.016059395278317325,0.1562579720755114,0.2537881908128472,3.690518,0.0345547097591815,0.1,2.591817704356148,MID,7.32,0.0699999999999999,0.0552941176470588,1.4624541973500107,0.0,1.0,2.4858387799564268,1.0,3.0,0.12990638854667838
32,Alfie_McNally,38,0.008575706154550422,0.008239073922903378,0.18865856053876878,0.2214164354404977,3.4300783,0.0407324898195021,0.1,3.347080635694695,GKP,13.33,0.0,0.0,1.3031543227991396,0.0,1.0,3.055555555555556,1.0,3.0,0.33076053364119523
33,Alfie_Pond,38,0.01101277935306876,0.012673413757747642,0.1,0.3346470606552959,3.0028293,0.1587521182926073,0.1,3.126904344848206,DEF,4.155555555555555,0.03,0.0311111111111111,1.8636296707048896,0.0,1.0,2.0524691358024683,1.0,3.0,0.41124935176974525
34,Alisson_Ramses Becker,38,0.00013292794402576153,0.00832005612791298,0.20346167171216,0.2771884232344291,3.8452837,0.0,0.02,3.847290863660932,GKP,13.0,0.0,0.0,1.4275049403718407,29.8782396,1.0,2.4537037037037037,1.3,2.92,0.3602384548729796
35,Alphonse_Areola,38,0.000107496300383265,0.0032730000642248913,0.1490788985375166,0.2292814952060826,3.139392,0.0,0.0,3.637450777404297,GKP,11.0,0.0,0.0,1.5087757986722805,33.2614874,1.0,3.85,1.0,1.54,0.31516783213998434
36,Altay_Bayındır,38,0.0004074392607204808,0.005874717005081055,0.1008840320864319,0.2051114315148263,2.9313488,0.0,0.1,3.1633370713766773,GKP,8.17,0.0,0.01,1.1599861823136757,30.9705547,1.0,3.081481481481481,1.0,0.6,0.32420103657426913
37,Alysson_Edward Franco da Rocha dos Santos,38,0.012150851275351105,0.012323381374867631,0.1599540163668195,0.1210824738402328,3.2413745,0.0607272188637295,0.1,2.484586144442647,MID,8.050555555555555,0.1027777777777777,0.0683333333333333,1.085727003688141,0.0,1.0,3.86008230452675,1.0,3.0,0.08274825093950898
38,Amad_Diallo,38,0.09443610062669514,0.10438526405798909,0.22615012269973744,0.2051114315148263,3.6666663,0.0606128339292195,0.12,3.3179852450984653,MID,9.93,0.11,0.09,1.1599861823136757,61.1167066,1.0,3.081481481481481,0.986203808799386,1.55,0.31296028154128563
39,Amadou_Onana,38,0.029252172730407443,0.019896712669806967,0.19970184432041646,0.1210824738402328,2.8647048,0.2426751270546294,0.1,2.9544139709477277,MID,12.73,0.08,0.03,1.085727003688141,0.0,1.0,4.094444444444444,1.0668568408191204,1.86,0.11014087916135439
40,Amara_Nallo,38,0.012775178220536327,0.015764613362885115,0.14011728378725052,0.2771884232344291,3.9083912,0.1141946209404306,0.1,2.7887868707314576,DEF,6.683333333333335,0.0366666666666666,0.05,1.4275049403718407,0.0,1.0,2.8258487654320983,1.0,3.0,0.396874295703171
41,Amine_Adli,38,0.12330228230385172,0.10537458889441807,0.1608351668856144,0.2459506504635776,4.158428,0.055476786440526,0.07,3.518425030832866,MID,6.47,0.1,0.06,1.3171634869420366,32.1034192,1.0,2.8,1.0504434176385402,2.31,0.35049678889737523
42,Andre_Harriman-Annous,38,0.04856830049224537,0.07884110478749601,0.1858893896718165,0.4137809993029863,4.1512566,0.0565055254762887,0.1,3.185026349241715,MID,8.100588235294119,0.0935294117647058,0.0741176470588235,1.287355717607569,0.0,1.0,1.430610021786492,1.0,3.0,0.2719632786188569
43,Andreas_Hoelgebaum Pereira,38,0.03259214326904015,0.06739907398734946,0.12726992048051952,0.2214164354404977,4.0375257,0.0,0.22,2.6472876075326637,MID,7.13,0.09,0.12,1.3031543227991396,0.0,1.0,3.544444444444444,1.0,1.36,0.22118744719046635
44,Andrew_Moran,38,0.015051146592638896,0.017401201310475498,0.16514420731022353,0.2843651376405746,4.0786195,0.05532553580889,0.1,2.7096365589418125,MID,7.6165,0.0855,0.071,1.4654883695230865,0.0,1.0,3.687175925925926,1.0,3.0,0.13634208602937722
45,Andrew_Robertson,38,0.07713956946404339,0.07658546553395033,0.10176807440817356,0.2771884232344291,3.961372,0.1255686802035811,0.02,3.416962277234566,DEF,3.4,0.07,0.06,1.4275049403718407,59.09355,1.0,2.748148148148148,1.0174838926047087,2.02,0.5068704671372409
46,Andrey_Nascimento dos Santos,38,0.0665390059609423,0.061933824579881384,0.19470973699021338,0.3233117085765303,3.5199766,0.0520735914254768,0.14,3.057053619038349,MID,11.87,0.06,0.03,1.3721484807659794,53.14341699999999,1.0,2.9490740740740744,1.060574238717556,1.41,0.2732006066287863
47,André_Onana,38,0.0022876277393370052,0.0042693704668430215,0.1546400485213995,0.2051114315148263,3.2682443,0.0,0.0,3.192966701006307,GKP,9.73,0.0,0.0,1.1599861823136757,0.0,1.0,3.2,1.0,1.99,0.3211925627821027
48,André_Trindade da Costa Neto,38,0.010672512143066103,0.031710541659935275,0.20380278635865443,0.3346470606552959,2.9135149,0.492174645686888,0.3,3.379932365355957,MID,14.07,0.01,0.02,1.8636296707048896,88.535763,1.0,1.9703703703703697,1.0148726193374022,1.83,0.12847366752238223
49,Andrés_García,38,0.009861053772591326,0.031361952564064884,0.1,0.1210824738402328,2.0504904,0.3806026040301305,0.0,1.5812749627984033,DEF,-3.08,0.0,0.05,1.085727003688141,1.12376068,1.0,4.094444444444444,1.0,0.26,0.3759726553997642
50,Andy_Irving,38,0.020912332149784538,0.030267619595801005,0.18138003208643189,0.2292814952060826,2.931251,0.0476744045520548,0.12,2.6049335746348623,MID,5.53,0.01,0.03,1.5087757986722805,0.0,1.0,3.5,0.982336605526507,0.32,0.15407415126532073
51,Angel_Gomes,38,0.05982861272041995,0.06407667469119924,0.13172403208643196,0.3346470606552959,3.2590168,0.0415479157486021,0.09,2.9797212815679543,MID,5.91,0.03,0.03,1.8636296707048896,28.065138999999995,1.0,1.9703703703703697,1.0,0.57,0.27339325911984486
52,Angus_Gunn,38,0.010642574309056371,0.011090143292965333,0.13276155558437108,0.1980963809895135,3.4475436,0.0378374155739514,0.1,3.0047972843838298,GKP,8.423333333333334,0.0,0.0,1.6268186028346507,18.12157542,1.0,2.7746913580246906,1.0,3.0,0.32963351973698213
53,Anthony_Elanga,38,0.06356752182041724,0.12744917445009019,0.11262003208643191,0.2661741155370841,3.5195627,0.0230899647895859,0.0,3.1957932984720028,MID,5.8,0.06,0.07,1.2941403914720286,30.8519264,1.0,3.081481481481481,0.9732109478786588,0.73,0.3116246147860784
54,Anthony_Gordon,38,0.19420144513001011,0.13535946517482192,0.17458044364142417,0.2661741155370841,3.97882,0.0230899647895859,0.12,3.860326808871659,MID,10.13,0.22,0.08,1.2941403914720286,37.4974926,1.0,2.4555555555555557,0.9403465751707556,2.54,0.4510678780452984
55,Anthony_Patterson,38,0.026726128885431636,0.031165521882167646,0.19714333015012742,0.2174313841115139,3.3230433,0.025390387562703,0.1,3.207995777597292,GKP,9.93,0.0,0.0,1.483127612348932,0.0,1.0,2.6851851851851847,1.0,3.0,0.33888976043847
56,Antoine_Semenyo,38,0.2779807228188704,0.16421607129991034,0.25371717314195635,0.3448434516901721,5.0060186,0.058822159862132,0.18,4.611384676900084,MID,10.4,0.17,0.06,1.4428233179320902,88.692,1.0,3.085185185185185,1.129512380823493,2.06,0.5124498485483479
57,Anton_Stach,38,0.09568675361842846,0.17926391373674375,0.2876299876763821,0.2537881908128472,4.1470575,0.2090630931441524,0.1,4.006623429027956,MID,17.07,0.07,0.11,1.4624541973500107,43.826684,1.0,2.546296296296296,1.078029969163239,2.5,0.3341479497566283
58,Antonee_Robinson,38,0.054454146813963926,0.09060215245527603,0.15507529193449013,0.2214164354404977,3.430791,0.3432043092908388,0.22,2.991727398822778,DEF,8.2,0.04,0.05,1.3031543227991396,72.373648,1.0,3.055555555555556,0.9565932467840612,1.93,0.48031007011062493
59,Antoni_Milambo,38,0.04876005371442881,0.09489269343806957,0.15878181752545825,0.1672497495767363,3.019629,0.0658750805739278,0.1,2.9387704244229336,MID,7.421333333333332,0.068,0.066,1.2627343678235523,0.0,1.0,3.194753086419753,1.0,3.0,0.2465708946701653
60,Antony_dos Santos,38,0.04739695736313575,0.05436909759439257,0.18106912366616726,0.2051114315148263,3.3390954,0.0556584924383776,0.1,2.866853344453344,MID,8.598333333333334,0.0783333333333333,0.0733333333333333,1.1599861823136757,0.0,1.0,3.397530864197531,1.0,3.0,0.21264685328585828
61,Antonín_Kinský,38,0.004416061133439635,0.006003145147777464,0.1,0.249827415939737,3.9326432,0.0,0.1,3.5317828155932283,GKP,7.83,0.0,0.0,1.4573866124957218,90.0,1.0,2.4685185185185183,1.0,1.2,0.3536845680837454
62,Antoñito_Cordero Campillo,38,0.014407871840001531,0.016112165938856886,0.15480982767344428,0.2661741155370841,3.8088825,0.0450943150249932,0.1,2.6326732815236964,MID,8.696153846153845,0.09,0.0738461538461538,1.2941403914720286,0.0,1.0,2.988888888888889,1.0,3.0,0.1317914965661743
63,Archie_Gray,38,0.05990672704133794,0.1027786741447891,0.15107248572063448,0.249827415939737,3.5736687,0.1071272238545414,0.15,3.163503336071942,MID,8.33,0.05,0.05,1.4573866124957218,43.1358963,1.0,2.6407407407407404,1.0604031394659117,2.08,0.2777921595817297
64,Archie_Whitehall,38,0.01196350584134225,0.013263045395671373,0.13669884468939086,0.1980963809895135,3.4254591,0.0552690333471095,0.1,2.5285466040525195,MID,6.944545454545456,0.0568181818181818,0.0445454545454545,1.6268186028346507,0.0,1.0,2.978602693602693,1.0,3.0,0.10653184751768208
65,Armando_Broja,38,0.11721126213587954,0.0341280463070969,0.10039121358141302,0.0,3.8812115,0.0296888643694742,0.02,2.9550181808361686,FWD,4.67,0.1,0.02,1.5468827004243544,27.287592799999995,1.0,3.5138888888888884,1.0070475693941117,1.41,0.2455260428703697
66,Arnaud_Kalimuendo,38,0.02175449323129575,0.013268078882150293,0.13781450664755274,0.0,4.366301,0.0388316186469792,0.1,2.4674387717904125,FWD,4.2457142857142856,0.1542857142857143,0.0228571428571428,1.6268186028346507,0.0,1.0,2.9997354497354487,1.0,3.0,0.06412918318829497
67,Arthur_Masuaku,38,0.018006851414397198,0.02690954981569284,0.1,0.2174313841115139,3.1056676,0.2565557467376755,0.1,2.394391089856491,DEF,4.5200000000000005,0.03,0.0225,1.483127612348932,0.0,1.0,2.708333333333333,1.0,3.0,0.40492417970672717
68,Asher_Agbinone,38,0.010223053408948756,0.012010056006660778,0.13896660720727436,0.1996369348650613,3.1941955,0.0411600207605978,0.1,2.467903016865265,MID,5.725,0.0725,0.0645,0.9154820012004722,1.46808386,1.0,2.965,1.0,3.0,0.10404401238994565
69,Ashley_Barnes,38,0.019584053472843577,0.009516850672941588,0.13663334951281547,0.0,4.415057,0.0258556533635684,0.1,2.431448562582639,FWD,3.7883333333333336,0.175,0.0166666666666666,1.5468827004243544,3.8271818,1.0,4.201388888888888,1.0,3.0,0.05519112039296001
70,Ashley_Phillips,38,0.03408705673780345,0.03176496942327213,0.10003579846113922,0.249827415939737,3.679745,0.1123771026978151,0.1,2.612558879729257,DEF,5.185625,0.025625,0.0375,1.4573866124957218,0.0,1.0,2.9277777777777776,1.0,3.0,0.46083658820684475
71,Axel_Disasi,38,0.0822300967590639,0.028363492951828568,0.10347203784558169,0.2292814952060826,3.327786,0.2301061654731167,0.2,2.7814098191442436,DEF,8.6,0.04,0.01,1.5087757986722805,89.59254399999999,1.0,3.45,0.960121448032558,1.96,0.5153561795623635
72,Axel_Tuanzebe,38,0.03491075327760725,0.03178223538822459,0.1,0.230095077900441,2.3092403,0.3358887604119889,0.14,2.684181415740578,DEF,5.2,0.03,0.01,1.5468827004243544,43.6759469,1.0,3.819444444444444,1.008556905998425,1.74,0.4248268252618599
73,Ayden_Heaven,38,0.028859215814636064,0.05720199928872106,0.11343945673227313,0.2051114315148263,2.653852,0.4169728045315299,0.14,2.6729608813668895,DEF,5.33,0.02,0.01,1.1599861823136757,73.902339,1.0,3.1407407407407404,0.9547921686898918,2.3,0.4115143316710956
74,Bafodé_Diakité,38,0.01516334266574998,0.02721506911399411,0.10299861816287033,0.2459506504635776,3.7677684,0.3415953700552555,0.06,2.953131832408119,DEF,4.4,0.0,0.01,1.3171634869420366,10.72684854,1.0,3.2666666666666666,1.132758447047323,2.0,0.35620497107292787
75,Bart_Verbruggen,38,0.000248452714942275,0.0014200108688966985,0.20198748591935636,0.2843651376405746,3.6371226,0.0,0.08,4.196296976177074,GKP,12.47,0.0,0.0,1.4654883695230865,90.0,1.0,3.514814814814814,1.0,1.85,0.33882866162113007
76,Bashir_Humphreys,38,0.04520837961424729,0.056987054323045495,0.11477750061562655,0.230095077900441,2.7199955,0.4080983258564128,0.3,2.876343677193386,DEF,7.93,0.02,0.03,1.5468827004243544,79.6413388,1.0,3.819444444444444,0.9788046232823816,1.66,0.4495092972005712
77,Bastien_Meupiyou Menadjou,38,0.01101277935306876,0.012673413757747642,0.1,0.3346470606552959,3.0028293,0.1587521182926073,0.1,3.126904344848206,DEF,4.155555555555555,0.03,0.0311111111111111,1.8636296707048896,0.0,1.0,2.0524691358024683,1.0,3.0,0.41124935176974525
78,Ben_Broggio,38,0.012481623169639907,0.012323381374867631,0.1599540163668195,0.1210824738402328,3.2413745,0.0607272188637295,0.1,2.486223465319376,MID,8.050555555555555,0.1027777777777777,0.0683333333333333,1.085727003688141,0.0,1.0,3.86008230452675,1.0,3.0,0.08342548691740852
79,Ben_Casey,38,0.015736762556317264,0.007959947934528762,0.11415632611310483,0.0,3.7995014,0.0314702338414446,0.1,2.3347546503230396,FWD,4.140000000000001,0.165,0.0275,0.9154820012004722,0.0,1.0,2.9875,1.0,3.0,0.04664087006109217
80,Ben_Davies,38,0.028327937632059937,0.023534040037793698,0.10252671662186086,0.249827415939737,3.6678739,0.2682249592664608,0.2,2.776431818523034,DEF,5.73,0.05,0.03,1.4573866124957218,0.0,1.0,2.8129629629629638,0.9844309685565532,2.1,0.410074282728698
81,Ben_Gannon-Doak,38,0.01638988226146869,0.06613657684399439,0.15905806103140108,0.2459506504635776,4.379335,0.0661536250750705,0.1,2.8839853157490714,MID,7.959333333333335,0.0893333333333333,0.076,1.3171634869420366,5.7699012000000005,1.0,3.0765432098765446,1.0,3.0,0.17745209425436917
82,Ben_Winterburn,38,0.0158042903170599,0.0194508519723579,0.15905806103140108,0.2459506504635776,4.379335,0.0661536250750705,0.1,2.73822831751704,MID,7.959333333333335,0.0893333333333333,0.076,1.3171634869420366,0.0,1.0,3.0765432098765446,1.0,3.0,0.12775304805039564
83,Bendito_Mantato,38,0.014899455784325657,0.01815730950009953,0.18106912366616726,0.2051114315148263,3.3390954,0.0556584924383776,0.1,2.5951826400696976,MID,8.598333333333334,0.0783333333333333,0.0733333333333333,1.1599861823136757,4.640955654,1.0,3.397530864197531,1.0,3.0,0.11859319632229234
84,Benjamin_Arthur,38,0.010054817074080425,0.012852633490488473,0.1,0.1672497495767363,2.572444,0.1490426518870143,0.1,1.509601812694025,DEF,5.922499999999999,0.0408333333333333,0.035,1.2627343678235523,0.0,1.0,3.356867283950617,1.0,3.0,0.4600083164503405
85,Benjamin_Fredrick,38,0.026916063274417666,0.05303971805956788,0.1,0.1672497495767363,2.572444,0.1490426518870143,0.1,1.7312125817473811,DEF,5.922499999999999,0.0408333333333333,0.035,1.2627343678235523,0.0,1.0,3.356867283950617,1.0,3.0,0.5433553256962665
86,Benjamin_Lecomte,38,0.008575706154550422,0.008239073922903378,0.18865856053876878,0.2214164354404977,3.4300783,0.0407324898195021,0.1,3.347080635694695,GKP,13.33,0.0,0.0,1.3031543227991396,0.0,1.0,3.055555555555556,1.0,3.0,0.33076053364119523
87,Benjamin_Sesko,38,0.20889981098028446,0.03755123317029604,0.21085221761369707,0.0,4.8071866,0.0329749390841151,0.07,3.5462084594589256,FWD,7.8,0.3,0.01,1.1599861823136757,33.74633,1.0,3.1407407407407404,1.0915184415653347,2.21,0.342324266538383
88,Benjamin_White,38,0.05623804666474042,0.06819065245479071,0.131720909089744,0.4137809993029863,3.9225588,0.2533613794889016,0.12,4.209197923522402,DEF,8.73,0.03,0.06,1.287355717607569,0.0,1.0,1.448148148148148,1.0428054960221051,2.11,0.4859902186580241
89,Benoît_Badiashile Mukinayi,38,0.023168456557806295,0.03923614347180376,0.1,0.3233117085765303,3.436331,0.321686582550483,0.25,3.462507023582239,DEF,3.5,0.0,0.01,1.3721484807659794,21.89912978,1.0,2.4953703703703702,1.0,1.29,0.40883349139987896
90,Bernardo_Veiga de Carvalho e Silva,38,0.1331590391264268,0.1284245664712971,0.20931833623576163,0.3448434516901721,4.3986163,0.1147628804747832,0.25,3.7331775958566578,MID,15.53,0.08,0.09,1.4428233179320902,77.231459,1.0,3.085185185185185,1.107250337809324,1.56,0.3870410569680743
91,Bernd_Leno,38,0.000153220915579925,0.0014696300007082045,0.18865856053876878,0.2214164354404977,3.4300783,0.0,0.1,3.347080635694695,GKP,13.33,0.0,0.0,1.3031543227991396,90.0,1.0,3.055555555555556,1.0,1.77,0.33076053364119523
92,Bertrand_Traoré,38,0.04067527460576518,0.04526095344349635,0.1342485300268083,0.2174313841115139,3.2151122,0.0338626322665323,0.09,2.725451884953119,MID,6.73,0.05,0.02,1.483127612348932,10.251068,1.0,2.592592592592592,1.0597537203431129,1.7,0.20236877501812672
93,Blondy_Nna Noukeu,38,0.006562959957259712,0.007836820225912687,0.19714333015012742,0.2174313841115139,3.3230433,0.025390387562703,0.1,3.207995777597292,GKP,9.93,0.0,0.0,1.483127612348932,0.0,1.0,2.6851851851851847,1.0,3.0,0.33888976043847
94,Borna_Sosa,38,0.01176914228077467,0.010344891254817322,0.1155099459913969,0.1996369348650613,2.6068785,0.1826433184362013,0.1,1.9366261039300758,DEF,5.552,0.051,0.036,0.9154820012004722,7.744847399999999,1.0,2.975,1.0,3.0,0.4184603963948166
95,Boubacar_Kamara,38,0.020368739207357,0.02681413634019659,0.2026112104523181,0.1210824738402328,2.570128,0.147516023832243,0.15,2.669450834513959,MID,13.53,0.03,0.04,1.085727003688141,0.0,1.0,3.660185185185185,0.9993006827905776,2.72,0.11240593173312817
96,Boubacar_Traoré,38,0.029466640781038438,0.044131480576441354,0.107268032086432,0.3346470606552959,3.359523,0.0,0.17,2.6013416149796527,MID,4.73,0.02,0.02,1.8636296707048896,0.0,1.0,1.548148148148148,1.0,0.56,0.2228969864784115
97,Bradley_Burrowes,38,0.01456773079348861,0.014501167385575397,0.1599540163668195,0.1210824738402328,3.2413745,0.0607272188637295,0.1,2.503213723250194,MID,8.050555555555555,0.1027777777777777,0.0683333333333333,1.085727003688141,6.239617409999999,1.0,3.86008230452675,1.0,3.0,0.09040077778636892
98,Braiden_Graham,38,0.020683989229447204,0.010965852995153647,0.11265051057661771,0.0,3.9625144,0.0395821883873615,0.1,2.393408543020245,FWD,3.64,0.1399999999999999,0.016,1.4430141192563402,0.0,1.0,3.745185185185185,1.0,3.0,0.06051647329455643
99,Brajan_Gruda,38,0.06559717791367752,0.07538969711571426,0.14785550775551798,0.2843651376405746,3.780576,0.0325703965427313,0.05,3.091409753013432,MID,5.2,0.07,0.08,1.4654883695230865,0.0,1.0,4.055555555555555,1.0079599591493609,1.86,0.27320919137549365
100,Brandon_Austin,38,0.001774685237384385,0.0025883200793648305,0.14312281244802472,0.249827415939737,3.6677115,0.0343869229715402,0.1,3.686065223000636,GKP,9.8575,0.0,0.0,1.4573866124957218,27.83409032,1.0,3.085648148148148,1.0,3.0,0.3388808944302475
101,Brayden_Clarke,38,0.07751695343130258,0.07258208659613484,0.10654662008629395,0.4137809993029863,3.8514833,0.1244772376821097,0.1,4.077584622862615,DEF,5.490769230769231,0.0376923076923077,0.0346153846153846,1.287355717607569,0.0,1.0,1.5169515669515663,1.0,3.0,0.539258652527262
102,Brenden_Aaronson,38,0.11815774572940765,0.15682202154336602,0.19981600967311858,0.2537881908128472,3.9371843,0.0333210561645523,0.05,3.6426786757034297,MID,7.47,0.07,0.05,1.4624541973500107,46.5845835,1.0,2.546296296296296,0.9668703357726336,1.91,0.3805147669638468
103,Brennan_Johnson,38,0.08741766612007519,0.0643191797973942,0.1,0.1996369348650613,3.009336,0.0370343029620018,0.15,2.9032749365012465,MID,5.33,0.07,0.05,0.9154820012004722,59.918556,1.0,3.15,1.0229109301269057,0.61,0.29593887649476974
104,Brian_Brobbey,38,0.29030410638155096,0.09820069532514215,0.17082840070724487,0.0,4.167228,0.025390387562703,0.2,3.8851322487848976,FWD,5.53,0.15,0.03,1.483127612348932,87.16419499999999,1.0,2.6851851851851847,1.1205480074340648,2.12,0.4744918832212481
105,Bruno_Borges Fernandes,38,0.19847003676799005,0.33631820675383844,0.3688356371490955,0.2051114315148263,3.0321062,0.1701120590496223,0.15,4.799627436892401,MID,18.0,0.13,0.3,1.1599861823136757,89.547,1.0,3.081481481481481,1.0783964910246433,2.77,0.4998630168578732
106,Bruno_Guimarães Rodriguez Moura,38,0.1953101344968731,0.2585901640735933,0.3505840384869575,0.2661741155370841,4.6259494,0.1437711244670254,0.2,4.6353792545837305,MID,19.13,0.15,0.19,1.2941403914720286,84.92817799999999,1.0,3.081481481481481,1.1138033422455191,2.67,0.46735153070171614
107,Bryan_Gil Salvatierra,38,0.06789086483575357,0.07109736802806298,0.11098803208643192,0.249827415939737,3.8898256,0.0,0.07,2.9593652554572527,MID,3.6,0.07,0.03,1.4573866124957218,0.0,1.0,2.9851851851851854,1.0,0.7,0.275394441135967
108,Bryan_Mbeumo,38,0.23251051271600545,0.10953491720591996,0.3434267136678696,0.2051114315148263,4.514559,0.0355175087455925,0.12,4.157359075077285,MID,7.87,0.2,0.1,1.1599861823136757,67.700685,1.0,3.081481481481481,1.0259952590093018,3.37,0.43665116504671236
109,Bukayo_Saka,38,0.234045209096426,0.22649246129677034,0.2543178492007256,0.4137809993029863,4.604186,0.1004173306496336,0.05,4.794652361673496,MID,10.13,0.17,0.17,1.287355717607569,67.30249199999999,1.0,1.4055555555555552,0.9779640864729882,2.49,0.4981274214942535
110,Caleb_Kporha,38,0.00826684555607631,0.010582564435493491,0.1155099459913969,0.1996369348650613,2.6068785,0.1826433184362013,0.1,1.9168649480234599,DEF,5.552,0.051,0.036,0.9154820012004722,0.1981338099999999,1.0,2.975,1.0,3.0,0.4113197896575231
111,Callan_McKenna,38,0.02412779002910778,0.03846222755715623,0.18145021028333894,0.2459506504635776,4.1866,0.0310713762072417,0.1,3.6731279591121093,GKP,12.89,0.0,0.0,1.3171634869420366,0.0,1.0,3.214814814814815,1.0,3.0,0.33479728068475767
112,Callum_Bates,38,0.013701983505916131,0.014851198962773867,0.1439195964320898,0.2320315464082492,3.596672,0.0784335925895297,0.1,2.6363942225622528,MID,7.724736842105264,0.0768421052631578,0.0557894736842105,1.4430141192563402,0.0,1.0,3.443274853801169,1.0,3.0,0.11814630005517482
113,Callum_Hudson-Odoi,38,0.05147731330478848,0.07420614387614524,0.20621581014299392,0.1980963809895135,4.080639,0.0454948693636182,0.02,3.0911607632880878,MID,10.6,0.07,0.11,1.6268186028346507,0.0,1.0,2.47037037037037,1.090228542096913,1.67,0.22447982175107964
114,Callum_Marshall,38,0.01721516847160688,0.013257908674110693,0.1635700238324006,0.0,4.3412204,0.0443243839733794,0.1,2.474525388001791,FWD,5.271111111111112,0.1377777777777777,0.0466666666666666,1.5087757986722805,0.0,1.0,3.538888888888889,1.0,3.0,0.05439255794139168
115,Callum_Olusesi,38,0.017981061673712807,0.02351220792869104,0.17773838319658147,0.249827415939737,3.938327,0.0648639403057338,0.1,2.7343544765116743,MID,7.145909090909091,0.0759090909090909,0.065,1.4573866124957218,7.71432109,1.0,2.990404040404041,1.0,3.0,0.13849677580862943
116,Callum_Wilson,38,0.18610890072963007,0.04756651680389149,0.28262623436832424,0.0,4.9105916,0.0306793383665913,0.02,3.586917041479297,FWD,2.93,0.24,0.03,1.5087757986722805,28.4637045,1.0,3.45,0.9711240418404342,1.92,0.3148922676119346
117,Calvin_Bassey,38,0.06581951864985702,0.04250067429279838,0.1891529266614914,0.2214164354404977,3.1600354,0.2598936461299341,0.18,2.783997285818063,DEF,11.67,0.04,0.01,1.3031543227991396,87.957,1.0,3.055555555555556,1.0635123897005212,1.98,0.48393965566149394
118,Calvin_Ramsay,38,0.012775178220536327,0.015764613362885115,0.14011728378725052,0.2771884232344291,3.9083912,0.1141946209404306,0.1,2.7887868707314576,DEF,6.683333333333335,0.0366666666666666,0.05,1.4275049403718407,0.0,1.0,2.8258487654320983,1.0,3.0,0.396874295703171
119,Caoimhín_Kelleher,38,0.004620284100083885,0.011898665002925326,0.19511945112693313,0.1672497495767363,3.1345794,0.0,0.03,2.7024044858026643,GKP,11.73,0.0,0.01,1.2627343678235523,90.0,1.0,3.0046296296296293,1.0,2.37,0.30944618108687755
120,Carl_Rushworth,38,0.00976838226689302,0.009604894659272285,0.2506915015015601,0.2843651376405746,3.6250792,0.0325703965427313,0.1,4.255440494695592,GKP,14.935,0.0,0.0,1.4654883695230865,0.0,1.0,3.7513888888888887,1.0,3.0,0.3341195088910723
121,Carlos_Alcaraz Durán,38,0.09841365025387115,0.09286556675552171,0.13119630867263674,0.2320315464082492,3.7456057,0.0459843140874067,0.23,3.1159847924226844,MID,5.6,0.1,0.04,1.4430141192563402,24.4720643,1.0,3.2,1.0212320983409882,1.78,0.33461114541608766
122,Carlos_Baleba,38,0.07145463121913068,0.05665394766550275,0.13218003208643198,0.2843651376405746,3.1935227,0.1253924495331223,0.15,3.0859036014363825,MID,8.6,0.03,0.03,1.4654883695230865,61.72493649999999,1.0,3.514814814814814,0.993056034963578,1.04,0.2634936501263066
123,Carlos_Henrique Casimiro,38,0.12844917591707475,0.10238623598455601,0.27712561475896835,0.2051114315148263,3.4352405,0.3600698383328138,0.3,3.9398823135416357,MID,15.33,0.11,0.07,1.1599861823136757,88.03799999999998,1.0,3.081481481481481,1.1323174590207636,2.04,0.3093170602874618
124,Carlos_Miguel dos Santos Pereira,38,0.007596858392707522,0.008450282678314127,0.13276155558437108,0.1980963809895135,3.4475436,0.0378374155739514,0.1,3.0047972843838298,GKP,8.423333333333334,0.0,0.0,1.6268186028346507,0.0,1.0,2.7746913580246906,1.0,3.0,0.32963351973698213
125,Chadi_Riad Dnanou,38,0.023573954367421924,0.07728475394239591,0.1,0.1996369348650613,2.5369558,0.1926332692767322,0.22,2.101548914749758,DEF,3.78,0.01,0.01,0.9154820012004722,25.5820087,1.0,3.15,1.0,1.1,0.5304316882640058
126,Charalampos_Kostoulas,38,0.13529929450027336,0.09634481449239746,0.20692592141103736,0.0,4.5037694,0.0468127491412494,0.1,3.3401639486756984,FWD,3.6,0.17,0.04,1.4654883695230865,19.4852944,1.0,3.514814814814814,0.9877669769931924,1.26,0.3087060145908086
127,Charlie_Crew,38,0.014374760208671466,0.016059395278317325,0.1562579720755114,0.2537881908128472,3.690518,0.0345547097591815,0.1,2.591817704356148,MID,7.32,0.0699999999999999,0.0552941176470588,1.4624541973500107,0.0,1.0,2.4858387799564268,1.0,3.0,0.12990638854667838
128,Charlie_Gray,38,0.1814697206834414,0.07317516524964526,0.23718636508822433,0.3448434516901721,4.8226457,0.0555941339382912,0.1,3.887398974719858,MID,10.608125,0.10625,0.109375,1.4428233179320902,0.0,1.0,2.9513888888888884,1.0,3.0,0.3917153337906602
129,Charlie_Stevens,38,0.0158042903170599,0.0194508519723579,0.15905806103140108,0.2459506504635776,4.379335,0.0661536250750705,0.1,2.73822831751704,MID,7.959333333333335,0.0893333333333333,0.076,1.3171634869420366,0.0,1.0,3.0765432098765446,1.0,3.0,0.12775304805039564
130,Charlie_Tasker,38,0.013733897383139786,0.014415896950331821,0.10097727872945711,0.2843651376405746,3.418342,0.1080264185727961,0.1,2.76905647758752,DEF,5.632307692307692,0.0346153846153846,0.0438461538461538,1.4654883695230865,0.0,1.0,3.598005698005698,1.0,3.0,0.4093677299609068
131,Cheick_Doucouré,38,0.022255210975884995,0.03224918592598685,0.12546003208643192,0.1996369348650613,2.7165487,0.0,0.15,2.4021532952447835,MID,5.13,0.03,0.02,0.9154820012004722,0.0,1.0,2.9,1.0,0.66,0.16308719397021276
132,Chemsdine_Talbi,38,0.11347127986713358,0.0923527819388847,0.15515545594215385,0.2174313841115139,3.8896215,0.0282011672112124,0.0,3.385837339405952,MID,6.53,0.07,0.05,1.483127612348932,60.184224,1.0,2.6851851851851847,1.0753171943128108,2.19,0.3284376931544389
133,Chido_Obi,38,0.15184641755429112,0.035298624241788285,0.11590814119103969,0.0,3.716747,0.0315320401712419,0.1,3.0487919076456294,FWD,3.8857142857142857,0.1428571428571428,0.0242857142857142,1.1599861823136757,12.579,1.0,3.2186243386243385,1.0,3.0,0.2983531579913002
134,Chris_Mepham,38,0.01650531835035147,0.030154092575077347,0.15059918331354855,0.2459506504635776,3.6070127,0.0,0.25,2.1425500004790514,DEF,11.27,0.01,0.01,1.3171634869420366,0.0,1.0,3.3185185185185184,1.0,1.61,0.4997016454298319
135,Chris_Richards,38,0.041847743593474075,0.028406167233049506,0.1365252686803341,0.1996369348650613,3.0407758,0.4391529259468049,0.12,2.725176161544009,DEF,7.73,0.09,0.02,0.9154820012004722,65.41656675,1.0,3.15,0.9660703472197056,2.01,0.39165195595023483
136,Chris_Rigg,38,0.0551131928807351,0.07005925290810638,0.13029353891086579,0.2174313841115139,3.0920017,0.0322818928422709,0.06,2.8807703559230546,MID,6.87,0.06,0.06,1.483127612348932,31.771041,1.0,2.6851851851851847,1.0240979054011403,1.32,0.24829092209664516
137,Chris_Wood,38,0.2549125243903272,0.06876437483588521,0.3662041231861114,0.0,4.463678,0.0378374155739514,0.0,4.032333493815572,FWD,5.07,0.2,0.02,1.6268186028346507,55.198644,1.0,3.1148148148148143,1.0861324439793825,1.81,0.38671007833635085
138,Christantus_Uche,38,0.020809898109681757,0.008678454247441717,0.1255560320864319,0.0,3.4984589,0.0285294130642131,0.0,2.4267338903181694,FWD,2.36,0.06,0.0,0.9154820012004722,6.6655383,1.0,3.3,1.0,0.56,0.05675043941204066
139,Christian_Nørgaard,38,0.04778460493949258,0.0716313201054639,0.20084703830337527,0.4137809993029863,4.073125,0.0381109280889185,0.22,3.0199446441222326,MID,8.73,0.09,0.04,1.287355717607569,8.3185059,1.0,1.3203703703703702,1.0440655522570017,2.08,0.27728541865758854
140,Christopher_Nkunku,38,0.08428780011541386,0.06433482136896555,0.1801628178129196,0.3233117085765303,4.414373,0.0,0.05,3.205457430167063,MID,5.67,0.19,0.05,1.3721484807659794,0.0,1.0,2.8129629629629638,1.0,1.59,0.2935526927591865
141,Christos_Mandas,38,0.009760419075004741,0.009772537397410668,0.18145021028333894,0.2459506504635776,4.1866,0.0310713762072417,0.1,3.6731279591121093,GKP,12.89,0.0,0.0,1.3171634869420366,0.0,1.0,3.214814814814815,1.0,3.0,0.33479728068475767
142,Claudio_Echeverri,38,0.02093138732790922,0.025271360076099023,0.23718636508822433,0.3448434516901721,4.8226457,0.0555941339382912,0.1,2.9461485807789223,MID,10.608125,0.10625,0.109375,1.4428233179320902,0.0,1.0,2.9513888888888884,1.0,3.0,0.16187914588757224
143,Coby_Ebere,38,0.07436127679368573,0.08147338184847035,0.1439195964320898,0.2320315464082492,3.596672,0.0784335925895297,0.1,3.1405216039669432,MID,7.724736842105264,0.0768421052631578,0.0557894736842105,1.4430141192563402,0.0,1.0,3.443274853801169,1.0,3.0,0.27754044317850984
144,Cody_Gakpo,38,0.2807332387551364,0.19625042364494436,0.13209353497970105,0.2771884232344291,4.522157,0.0543869190709523,0.1,4.579605212543879,MID,7.47,0.18,0.06,1.4275049403718407,85.139365,1.0,2.846296296296296,1.041097309038043,1.57,0.5312761426398372
145,Cole_Palmer,38,0.2810777682366072,0.13114185543397439,0.24744165927028658,0.3233117085765303,4.2610126,0.0651341025337907,0.2,4.424480418985109,MID,11.47,0.24,0.1,1.3721484807659794,85.58399999999999,1.0,2.9490740740740744,0.989942021265626,2.39,0.5086381196267762
146,Connor_Roberts,38,0.01026488185739985,0.03085727781853965,0.1,0.230095077900441,2.8127913,0.0,0.29,1.780750276945151,DEF,5.14,0.0,0.02,1.5468827004243544,0.0,1.0,3.972222222222221,1.0,0.86,0.5486278800324842
147,Conor_Bradley,38,0.015257105450492164,0.07955832146007052,0.1,0.2771884232344291,4.179227,0.2036569931914899,0.25,3.0334176608976806,DEF,4.6,0.02,0.06,1.4275049403718407,0.0,1.0,2.4046296296296297,1.004217869564891,2.12,0.44168957574950113
148,Conor_Gallagher,38,0.11054488928872366,0.10767169308768605,0.21280899298143388,0.249827415939737,4.081686,0.1360586729350502,0.22,3.530362361857503,MID,11.6,0.07,0.03,1.4573866124957218,82.372113,1.0,2.4685185185185183,1.0072811332792044,1.93,0.3325275028482435
149,Conor_McManus,38,0.010054817074080425,0.012852633490488473,0.1,0.1672497495767363,2.572444,0.1490426518870143,0.1,1.509601812694025,DEF,5.922499999999999,0.0408333333333333,0.035,1.2627343678235523,0.0,1.0,3.356867283950617,1.0,3.0,0.4600083164503405
150,Cristhian_Mosquera,38,0.02821643685511712,0.04105026857378293,0.1,0.4137809993029863,3.4194334,0.3129991732097388,0.21,3.921636160721127,DEF,1.87,0.01,0.03,1.287355717607569,40.443277,1.0,1.4055555555555552,0.9332933045302828,1.27,0.4516510909425819
151,Cristian_Romero,38,0.030367154311043587,0.02849776213073817,0.17168893820619582,0.249827415939737,3.751093,0.4381471409761478,0.3,3.123962498544775,DEF,6.93,0.05,0.05,1.4573866124957218,0.0,1.0,2.6407407407407404,1.0074608958661555,2.87,0.37410015344287023
152,Crysencio_Summerville,38,0.18681494208597166,0.15774087383265697,0.2025169024407863,0.2292814952060826,4.5795107,0.1359629407207011,0.18,4.12264587743998,MID,12.47,0.14,0.1,1.5087757986722805,90.0,1.0,3.45,1.0464644306525588,2.2,0.4238118918313961
153,Curtis_Jones,38,0.07699359129347316,0.16138091604070565,0.2094612944135666,0.2771884232344291,3.5025465,0.1539524046550951,0.05,3.6761941689984408,MID,11.27,0.05,0.06,1.4275049403718407,75.09779099999999,1.0,2.846296296296296,0.9779933418668808,1.29,0.32476810265038836
154,Daichi_Kamada,38,0.03984117195312723,0.06785710448592737,0.1627320320864319,0.1996369348650613,3.2557132,0.1085054975784789,0.12,2.929636278032508,MID,10.27,0.05,0.11,0.9154820012004722,55.42493879999999,1.0,3.15,0.9406318811476232,1.16,0.20806342188517854
155,Dan_Burn,38,0.08452339261681056,0.06774591258446366,0.13731715845656395,0.2661741155370841,3.2718108,0.2910746874937117,0.3,3.3595084500545145,DEF,3.8,0.06,0.01,1.2941403914720286,78.79374299999999,1.0,3.081481481481481,0.9581860954687,2.13,0.5094041537976991
156,Dan_Ndoye,38,0.045603907822735414,0.06787374055514311,0.1442126721378564,0.1980963809895135,3.6382143,0.0454514640089665,0.04,2.924578147075732,MID,4.47,0.06,0.06,1.6268186028346507,4.1943317925,1.0,2.47037037037037,1.002618258409202,1.57,0.21885868098417668
157,Dan_Neil,38,0.011342359502564382,0.013095315678355536,0.1420540340023159,0.2174313841115139,3.4938486,0.0536724632394047,0.1,2.5473453591546455,MID,8.347,0.067,0.06,1.483127612348932,0.0,1.0,2.722222222222222,1.0,3.0,0.11025287829559428
158,Dane_Scarlett,38,0.025802375428695838,0.014889489163383219,0.2020599915986061,0.0,4.67586,0.0485571162956664,0.1,2.5937369090989275,FWD,7.834999999999999,0.205,0.0525,1.4573866124957218,0.0,1.0,2.683796296296297,1.0,3.0,0.07124724745075253
159,Dango_Ouattara,38,0.18343685812750274,0.18431118322296763,0.18471062851548192,0.1672497495767363,4.2944894,0.1035175437986144,0.18,4.0331480813498315,MID,10.2,0.18,0.11,1.2627343678235523,76.021552,1.0,3.0046296296296293,1.0464289783798155,2.62,0.43870458178876653
160,Daniel_Adu-Adjei,38,0.029888932545398306,0.014766902698422114,0.20699314403588426,0.0,4.4471154,0.0350105189886509,0.1,2.5750870227860427,FWD,4.432857142857142,0.23,0.0314285714285714,1.3171634869420366,0.0,1.0,3.1185185185185187,1.0,3.0,0.07985358032220242
161,Daniel_Ballard,38,0.014499388757117076,0.014674350489258619,0.1532257152490615,0.2174313841115139,3.225465,0.5191391506979949,0.17,2.858482415017307,DEF,6.33,0.05,0.01,1.483127612348932,0.0,1.0,2.7777777777777777,0.929877403505931,3.0,0.3166535705169131
162,Daniel_Bentley,38,0.008357982104975091,0.0074056050695728405,0.20812949459671976,0.3346470606552959,2.9458096,0.0,0.0,4.1658278958690715,GKP,13.42,0.0,0.0,1.8636296707048896,88.986463,1.0,1.9703703703703697,1.0,2.28,0.40165732841140583
163,Daniel_James,38,0.08732032332218087,0.09885849100752755,0.15540450434955955,0.2537881908128472,3.6004238,0.0206122124302905,0.0,3.258600939088264,MID,4.6,0.07,0.05,1.4624541973500107,17.179172,1.0,2.546296296296296,1.059518650352955,1.37,0.3128370792874966
164,Daniel_Muñoz,38,0.06219599007996555,0.09927787518244065,0.16992918499374382,0.1996369348650613,3.2763486,0.2315201699181329,0.28,2.555436122439846,DEF,9.67,0.05,0.08,0.9154820012004722,78.7574155,1.0,3.15,1.0993839203491806,2.39,0.5637190343041724
165,Danny_Imray,38,0.00826401011292571,0.009242052072184533,0.1155099459913969,0.1996369348650613,2.6068785,0.1826433184362013,0.1,1.9127463928493038,DEF,5.552,0.051,0.036,0.9154820012004722,0.0,1.0,2.975,1.0,3.0,0.4098129881397802
166,Danny_Welbeck,38,0.3184457464403559,0.10657544106246461,0.2507689452581406,0.0,4.8166304,0.0325703965427313,0.15,4.234400588884158,FWD,9.8,0.25,0.03,1.4654883695230865,65.95065399999999,1.0,3.514814814814814,1.0837778377085925,2.37,0.47663756386215755
167,Darko_Churlinov,38,0.009233160039081785,0.012187986895708037,0.128870188346972,0.230095077900441,3.2982495,0.0440550110211482,0.1,2.4925859797372096,MID,6.362777777777778,0.0461111111111111,0.0477777777777777,1.5468827004243544,0.0,1.0,4.126697530864196,1.0,3.0,0.11084777023813626
168,Darko_Gyabi,38,0.014374760208671466,0.016059395278317325,0.1562579720755114,0.2537881908128472,3.690518,0.0345547097591815,0.1,2.591817704356148,MID,7.32,0.0699999999999999,0.0552941176470588,1.4624541973500107,0.0,1.0,2.4858387799564268,1.0,3.0,0.12990638854667838
169,Darwin_Núñez Ribeiro,38,0.13296538385070916,0.04598112070209722,0.12358327049016954,0.0,4.9398913,0.0,0.22,2.970194299210889,FWD,2.27,0.27,0.03,1.4275049403718407,0.0,1.0,3.0425925925925923,1.0,1.72,0.28542099304279417
170,David_Brooks,38,0.14872342123332338,0.12090310958114,0.16784197784054272,0.2459506504635776,5.0113916,0.0310713762072417,0.18,3.635568611227987,MID,4.53,0.21,0.12,1.3171634869420366,31.5596816,1.0,2.9555555555555557,0.8677368956059219,1.81,0.3921834689975554
171,David_Mota Veiga Teixeira do Carmo,38,0.009474242802718726,0.011801879476988264,0.12488450121412586,0.1980963809895135,3.0105135,0.0931519193832931,0.1,1.7813013118446799,DEF,6.75,0.0256521739130434,0.0304347826086956,1.6268186028346507,0.0,1.0,3.108276972624798,1.0,3.0,0.44632892628333326
172,David_Møller Wolfe,38,0.019030898606468796,0.10299185825259959,0.1,0.3346470606552959,3.1450331,0.1892443106455038,0.05,3.570389547340637,DEF,-1.13,0.01,0.05,1.8636296707048896,27.850345,1.0,1.9703703703703697,0.994451068341732,1.06,0.4607726550509827
173,David_Ozoh,38,0.00571625073250167,0.007029054837940657,0.11905203208643199,0.1996369348650613,2.8570821,0.0,0.1,2.2963979809106148,MID,3.0,0.0,0.0,0.9154820012004722,0.0,1.0,2.65,1.0,0.35,0.09364566384287246
174,David_Raya Martin,38,0.005967470604934585,0.012714643283453826,0.1820857469755411,0.4137809993029863,3.8484023,0.0,0.05,4.4202938854038205,GKP,12.13,0.0,0.0,1.287355717607569,90.0,1.0,1.4055555555555552,1.0,2.08,0.4680469331115355
175,Dean_Benamar,38,0.00826401011292571,0.009242052072184533,0.1155099459913969,0.1996369348650613,2.6068785,0.1826433184362013,0.1,1.9127463928493038,DEF,5.552,0.051,0.036,0.9154820012004722,0.0,1.0,2.975,1.0,3.0,0.4098129881397802
176,Dean_Henderson,38,0.0002600837282665681,0.0007048969182541035,0.16769865225303165,0.1996369348650613,3.0710564,0.0,0.12,3.116597573425715,GKP,9.93,0.0,0.0,0.9154820012004722,90.0,1.0,3.15,0.9972680828068408,1.93,0.32028025781593533
177,Declan_Rice,38,0.09021559754778125,0.24164819396915294,0.3781321718583106,0.4137809993029863,4.0692654,0.350248138812017,0.1,4.641674773201789,MID,17.13,0.03,0.12,1.287355717607569,89.532,1.0,1.4055555555555552,1.0347601592727005,2.04,0.35521972693338166
178,Dejan_Kulusevski,38,0.04485718830573948,0.04798206625403547,0.1797454171266556,0.249827415939737,4.169536,0.0,0.1,2.8374684197413593,MID,6.87,0.09,0.06,1.4573866124957218,0.0,1.0,3.7314814814814814,1.0,2.08,0.21488009856076357
179,Dennis_Cirkin,38,0.01467905682066071,0.019712524035245312,0.1,0.2174313841115139,3.0644593,0.2687452276066134,0.25,2.238158724332839,DEF,-2.12,0.01,0.0,1.483127612348932,4.648777,1.0,2.7777777777777777,1.0,2.57,0.4125919602595176
180,Dermot_Mee,38,0.020282226980561806,0.01697105926294104,0.11442255143892757,0.2051114315148263,2.8946946,0.0312975704910373,0.1,3.174448182487789,GKP,8.075000000000001,0.0,0.0025,1.1599861823136757,0.0,1.0,3.1259259259259258,1.0,3.0,0.3230662775444679
181,Destiny_Udogie,38,0.047714988332118305,0.07679458990685505,0.1,0.249827415939737,3.609817,0.0955567381182702,0.12,2.7714071704616474,DEF,3.0,0.01,0.03,1.4573866124957218,69.62749399999998,1.0,2.4685185185185183,0.9779842425882816,0.95,0.5216285073659339
182,Diego_Coppola,38,0.030882162136783554,0.02275877040819227,0.1,0.2843651376405746,3.1185584,0.3696606001044591,0.1,3.3873134713842035,DEF,0.4,0.0,0.0,1.4654883695230865,0.0,1.0,3.9203703703703696,1.0,2.0,0.375929734810931
183,Diego_Gómez Amarilla,38,0.13181678871213878,0.08405628108716728,0.1952497068347931,0.2843651376405746,4.498425,0.1640658628573739,0.29,3.607147185219094,MID,8.53,0.14,0.05,1.4654883695230865,48.5150064,1.0,3.514814814814814,1.015895486794412,2.81,0.3432839693372202
184,Diego_León Blanco,38,0.00946896158566367,0.011125855558047407,0.11249383405725441,0.2051114315148263,2.5530012,0.1887196964247276,0.1,1.9870925376904183,DEF,6.236428571428573,0.0328571428571428,0.0285714285714285,1.1599861823136757,0.0,1.0,3.271957671957672,1.0,3.0,0.4112874232097761
185,Dilane_Bakwa,38,0.06109621854091705,0.1101757445168425,0.13327329783925415,0.1980963809895135,3.427713,0.0378374155739514,0.07,3.057585553514759,MID,5.86,0.04,0.08,1.6268186028346507,32.9756175,1.0,3.1148148148148143,1.0,1.37,0.28424514144007057
186,Diogo_Dalot Teixeira,38,0.0578783886166883,0.0751717681694295,0.17105341149210931,0.2051114315148263,2.8652027,0.2150468403962977,0.15,2.557846236047251,DEF,9.73,0.05,0.05,1.1599861823136757,81.601491,1.0,3.081481481481481,1.0069919266849756,2.55,0.5276640671614998
187,Divine_Mukasa,38,0.02093138732790922,0.025271360076099023,0.23718636508822433,0.3448434516901721,4.8226457,0.0555941339382912,0.1,2.9461485807789223,MID,10.608125,0.10625,0.109375,1.4428233179320902,0.0,1.0,2.9513888888888884,1.0,3.0,0.16187914588757224
188,Djed_Spence,38,0.04714946067696549,0.09398617077701626,0.1,0.249827415939737,3.8375432,0.1817472339260991,0.12,3.0158586827573544,DEF,3.6,0.02,0.06,1.4573866124957218,56.262927,1.0,2.4685185185185183,0.970267818439752,1.86,0.4975101915118246
189,Djiamgone_Jocelin Ta Bi,38,0.05529767342287682,0.051299024470424386,0.1420540340023159,0.2174313841115139,3.4938486,0.0536724632394047,0.1,2.881827511963923,MID,8.347,0.067,0.06,1.483127612348932,11.99464755,1.0,2.722222222222222,1.0,3.0,0.22641847633337642
190,Dominic_Calvert-Lewin,38,0.5263026996993025,0.09959227961941579,0.18651404025721552,0.0,4.8639402,0.0247890352493651,0.1,5.166810315808752,FWD,4.53,0.32,0.01,1.4624541973500107,86.64899999999999,1.0,2.546296296296296,1.0256955706849693,2.61,0.595219797354028
191,Dominic_Sadi,38,0.0158042903170599,0.0194508519723579,0.15905806103140108,0.2459506504635776,4.379335,0.0661536250750705,0.1,2.73822831751704,MID,7.959333333333335,0.0893333333333333,0.076,1.3171634869420366,0.0,1.0,3.0765432098765446,1.0,3.0,0.12775304805039564
192,Dominic_Solanke-Mitchell,38,0.1637855589606238,0.06156293768165497,0.18030224383687976,0.0,4.2559977,0.0797998477462288,0.02,3.436490581539496,FWD,8.47,0.17,0.02,1.4573866124957218,23.7883558,1.0,2.525925925925926,0.9748413688912988,2.32,0.30874488654572685
193,Dominik_Szoboszlai,38,0.16727065902501623,0.3024777762698651,0.30886000954198833,0.2771884232344291,4.660417,0.2582248719436931,0.22,4.815612874763582,MID,18.0,0.07,0.17,1.4275049403718407,90.0,1.0,2.846296296296296,1.106618809223175,2.68,0.4506516323011566
194,Donyell_Malen,38,0.10441351647259728,0.029857286412048427,0.1865220029938221,0.1210824738402328,3.9511929,0.0379056163983134,0.0,3.1341899096162593,MID,4.47,0.26,0.02,1.085727003688141,0.0,1.0,3.660185185185185,1.019958994992077,1.56,0.2465246573290887
195,Douglas_Luiz Soares de Paulo,38,0.0287093678080887,0.05224089984986667,0.15260403208643197,0.1210824738402328,2.7132096,0.077709919143221,0.28,2.5012323325198293,MID,9.6,0.04,0.08,1.085727003688141,23.689739,1.0,3.9703703703703694,1.0039842047207057,1.09,0.1728694115634669
196,Dwight_McNeil,38,0.08316095973246718,0.11465488838079213,0.18661106370759012,0.2320315464082492,3.7300103,0.1353510452459767,0.05,3.4962065003636607,MID,9.33,0.07,0.09,1.4430141192563402,33.4742689,1.0,3.2,1.074502779401839,1.36,0.2954165138822408
197,Dário_Luís Essugo,38,0.02134630054757064,0.024288625557012646,0.1652507742202759,0.3233117085765303,4.1976943,0.0388233007219395,0.1,2.768913540332162,MID,7.889500000000001,0.0839999999999999,0.0685,1.3721484807659794,7.943629399999999,1.0,2.8810185185185184,1.0,3.0,0.16563729422612716
198,Eberechi_Eze,38,0.18362305609826987,0.15823731907178196,0.2314505891413688,0.4137809993029863,4.399845,0.0401383228934447,0.02,4.201629319558361,MID,8.4,0.14,0.07,1.287355717607569,62.67799799999999,1.0,1.4055555555555552,1.2037012471146882,2.36,0.44719758691717054
199,Eddie_Nketiah,38,0.06649177344523653,0.031583279897755404,0.13687534707117083,0.0,4.1178994,0.0380082373241161,0.18,2.6340156208286545,FWD,5.13,0.23,0.04,0.9154820012004722,0.0,1.0,2.35,0.9403660671114924,2.08,0.17203404945071724
200,Ederson_Santana de Moraes,38,0.00299635527110442,0.01131070281272102,0.21454992062401765,0.3448434516901721,4.03266,0.0,0.15,4.401069110302712,GKP,12.87,0.0,0.01,1.4428233179320902,0.0,1.0,2.707407407407407,1.0,2.3,0.3917723660404565
201,Edson_Álvarez Velázquez,38,0.020802286011226974,0.02629529732816411,0.11463603208643199,0.2292814952060826,3.5270925,0.0,0.3,2.334399281005924,MID,7.6,0.01,0.02,1.5087757986722805,0.0,1.0,3.5,1.0,1.02,0.16588498089988474
202,Eiran_Cashin,38,0.013733897383139786,0.014415896950331821,0.10097727872945711,0.2843651376405746,3.418342,0.1080264185727961,0.1,2.76905647758752,DEF,5.632307692307692,0.0346153846153846,0.0438461538461538,1.4654883695230865,0.0,1.0,3.598005698005698,1.0,3.0,0.4093677299609068
203,El_Hadji Malick Diouf,38,0.03489138331995468,0.14973673320124334,0.12350285210239886,0.2292814952060826,3.507174,0.1405499439212059,0.19,2.7417345504159782,DEF,10.13,0.01,0.08,1.5087757986722805,82.42706999999999,1.0,3.45,0.9734205693006516,1.71,0.561098855267304
204,Eliezer_Mayenda Dossou,38,0.1006229928786833,0.03757952478435601,0.13148031301617621,0.0,4.1333094,0.025390387562703,0.0,2.95311871681471,FWD,3.53,0.1,0.01,1.483127612348932,18.1945164,1.0,2.7314814814814814,1.0230516756574313,1.64,0.22044828185510784
205,Elijah_Campbell,38,0.01120092056233176,0.012033471819555207,0.12879465677798874,0.2320315464082492,3.0181181,0.2201796724467075,0.1,2.406765392337701,DEF,4.810909090909091,0.0454545454545454,0.0309090909090909,1.4430141192563402,0.0,1.0,3.4693602693602688,1.0,3.0,0.3846782088599229
206,Ellery_Balcombe,38,0.0075125947868643515,0.009170958290458631,0.20653939445424083,0.1672497495767363,3.1302943,0.0366297804092021,0.1,2.75333041172859,GKP,13.0,0.0,0.005,1.2627343678235523,0.0,1.0,3.208333333333333,1.0,3.0,0.3037226278115563
207,Elliot_Anderson,38,0.07816619443760797,0.17695203763182699,0.2948178316414356,0.1980963809895135,3.5344727,0.6206984615186705,0.28,4.479205533446633,MID,18.8,0.05,0.09,1.6268186028346507,90.0,1.0,3.1148148148148143,1.057252419516444,2.65,0.2656783872185858
208,Elyh_Harrison,38,0.07836172579481357,0.043218889027284366,0.11442255143892757,0.2051114315148263,2.8946946,0.0312975704910373,0.1,3.174448182487789,GKP,8.075000000000001,0.0,0.0025,1.1599861823136757,0.0,1.0,3.1259259259259258,1.0,3.0,0.3230662775444679
209,Emerson_Palmieri dos Santos,38,0.018986355254370004,0.05004335789587631,0.1,0.2292814952060826,3.5057971,0.0,0.2,2.032238263063314,DEF,2.47,0.04,0.04,1.5087757986722805,0.0,1.0,3.7,1.0,2.25,0.5393284730150396
210,Emil_Krafth,38,0.013116280946511658,0.029599016900829646,0.1687682731449604,0.2661741155370841,3.4427106,0.0230899647895859,0.13,2.487473883802651,DEF,-2.07,0.01,0.02,1.2941403914720286,0.0,1.0,2.985185185185185,1.0214739516489209,1.08,0.4492517068306235
211,Emile_Smith Rowe,38,0.1257306560769011,0.08028207464090677,0.15382661873835318,0.2214164354404977,3.9679887,0.0625234420573347,0.05,3.442739440478181,MID,8.47,0.1,0.03,1.3031543227991396,52.74867179999999,1.0,3.055555555555556,1.0194299479350446,1.43,0.3315995387661032
212,Emiliano_Buendía Stati,38,0.07673985403492906,0.07219873757956165,0.1954025367088318,0.1210824738402328,3.3097708,0.0786256503838147,0.15,3.017060459436903,MID,7.87,0.09,0.07,1.085727003688141,38.155903,1.0,3.9703703703703694,1.1404761992022394,2.15,0.25336279942413664
213,Emiliano_Martínez Romero,38,0.00036187598877913507,0.004185773752539907,0.21390719900357713,0.1210824738402328,2.7129247,0.0,0.12,2.4052214540619747,GKP,14.53,0.0,0.0,1.085727003688141,89.481,1.0,3.9703703703703694,1.0,2.12,0.25170753744056884
214,Emmanuel_Agbadou,38,0.02723491099393888,0.02158989307915674,0.11301974901649356,0.3346470606552959,2.6094375,0.5213448935312024,0.17,3.8836523862628427,DEF,6.4,0.03,0.02,1.8636296707048896,0.0,1.0,1.935185185185185,0.9946841144897044,1.53,0.3660722250147987
215,Endo_Wataru,38,0.01491904767222487,0.05034853662246473,0.1749960320864319,0.2771884232344291,3.6137896,0.0682722421556382,0.04,2.846911345960109,MID,5.13,0.0,0.01,1.4275049403718407,5.135937674999999,1.0,2.551851851851852,1.0405287575423716,0.59,0.16684415760792567
216,Enes_Ünal,38,0.08806351585171461,0.023679398547397035,0.30092324941921234,0.0,4.4645877,0.0310713762072417,0.08,2.973385834908489,FWD,2.67,0.31,0.02,1.3171634869420366,11.851891399999998,1.0,2.9555555555555557,0.9668386023640634,0.7,0.18108656843945625
217,Enock_Agyei,38,0.009233160039081785,0.012187986895708037,0.128870188346972,0.230095077900441,3.2982495,0.0440550110211482,0.1,2.4925859797372096,MID,6.362777777777778,0.0461111111111111,0.0477777777777777,1.5468827004243544,0.0,1.0,4.126697530864196,1.0,3.0,0.11084777023813626
218,Enso_González Medina,38,0.01307429246393509,0.014322047104804963,0.12771079914581776,0.3346470606552959,3.8409238,0.0571975402940979,0.1,2.6729162753284266,MID,6.4468421052631575,0.0557894736842105,0.0378947368421052,1.8636296707048896,0.0,1.0,1.9851851851851852,1.0,3.0,0.14527997783413651
219,Enzo_Barrenechea,38,0.012481623169639907,0.012323381374867631,0.1599540163668195,0.1210824738402328,3.2413745,0.0607272188637295,0.1,2.486223465319376,MID,8.050555555555555,0.1027777777777777,0.0683333333333333,1.085727003688141,0.0,1.0,3.86008230452675,1.0,3.0,0.08342548691740852
220,Enzo_Fernández,38,0.19625146652120165,0.22962078812022513,0.27867427271795275,0.3233117085765303,4.849041,0.0857539495359087,0.25,4.389087645620913,MID,15.13,0.15,0.17,1.3721484807659794,90.0,1.0,2.9490740740740744,1.0261568760052322,2.79,0.48272973415113135
221,Enzo_Le Fée,38,0.11391983377650287,0.21558467063708592,0.2495137219333648,0.2174313841115139,4.422608,0.2216246076262066,0.14,4.164215230895904,MID,16.87,0.08,0.16,1.483127612348932,90.0,1.0,2.6851851851851847,1.0362862063199283,2.37,0.36825475826717735
222,Eric_da Silva Moreira,38,0.012127415395962371,0.013718625877328772,0.13669884468939086,0.1980963809895135,3.4254591,0.0552690333471095,0.1,2.5307520326217605,MID,6.944545454545456,0.0568181818181818,0.0445454545454545,1.6268186028346507,1.2106997,1.0,2.978602693602693,1.0,3.0,0.1074072899867339
223,Erling_Haaland,38,0.6040128601977661,0.16674869262926167,0.3244525491447448,0.0,6.873376,0.0331544646164585,0.05,6.117792329864399,FWD,7.2,0.42,0.08,1.4428233179320902,87.91799999999999,1.0,3.085185185185185,1.0929702052474022,3.02,0.6060703319182554
224,Estêvão_Almeida de Oliveira Gonçalves,38,0.0635953800908052,0.08256093421834834,0.12069800868773461,0.3233117085765303,4.714768,0.0299095834788306,0.18,3.0781421951093555,MID,3.4,0.15,0.09,1.3721484807659794,0.0,1.0,3.085185185185185,1.0051769772943642,2.14,0.2888531709534782
225,Ethan_Ampadu,38,0.11457704680529168,0.17660492836031272,0.24623472444915773,0.2537881908128472,3.6543427,0.2946912642959592,0.26,4.0327230104501615,MID,15.33,0.05,0.05,1.4624541973500107,90.0,1.0,2.546296296296296,0.979997454367578,2.1,0.3555069521981401
226,Ethan_Nwaneri,38,0.06611882121146122,0.06724024349068662,0.18735170725488653,0.4137809993029863,3.7025726,0.0381109280889185,0.03,3.219061282283619,MID,4.73,0.05,0.06,1.287355717607569,0.0,1.0,1.2777777777777777,1.1624052971034593,1.55,0.2868212385564682
227,Ethan_Pinnock,38,0.03323052494009044,0.020979680304204607,0.11965361969311533,0.1672497495767363,2.7506251,0.5614488691866,0.1,2.53036726928313,DEF,8.93,0.02,0.01,1.2627343678235523,31.1410207,1.0,2.9027777777777777,1.0578583054356276,1.87,0.3448920080722919
228,Ethan_Sutherland,38,0.01307429246393509,0.014322047104804963,0.12771079914581776,0.3346470606552959,3.8409238,0.0571975402940979,0.1,2.6729162753284266,MID,6.4468421052631575,0.0557894736842105,0.0378947368421052,1.8636296707048896,0.0,1.0,1.9851851851851852,1.0,3.0,0.14527997783413651
229,Ethan_Wheatley,38,0.017582775593529654,0.010277355435891483,0.11590814119103969,0.0,3.716747,0.0315320401712419,0.1,2.343872980723222,FWD,3.8857142857142857,0.1428571428571428,0.0242857142857142,1.1599861823136757,0.0,1.0,3.2186243386243385,1.0,3.0,0.05391650597439442
230,Etienne_Green,38,0.021312265220926815,0.04075196777346104,0.25049501688957215,0.230095077900441,3.008911,0.0248858444725189,0.1,3.562914797727367,GKP,11.27,0.0,0.0,1.5468827004243544,0.0,1.0,3.5138888888888884,1.0,3.0,0.3229028631939346
231,Evan_Ferguson,38,0.08195192920414161,0.05510973731375672,0.10021821265166997,0.0,4.1143,0.0,0.02,2.8357972162419816,FWD,3.6,0.13,0.05,1.4654883695230865,0.0,1.0,5.0,1.0,0.65,0.21634943966175213
232,Evann_Guessand,38,0.046385891558763916,0.04921729731671788,0.1,0.1996369348650613,3.080342,0.0308595063289548,0.0,2.783706898765792,MID,5.27,0.07,0.05,0.9154820012004722,14.988631989999998,1.0,3.15,1.0486346182152628,1.44,0.209135079055991
233,Ezra_Mayers,38,0.011464026234437185,0.03245599345374807,0.1,0.2292814952060826,3.6853125,0.1551592922815415,0.1,2.3526854276668767,DEF,-2.0,0.02,0.1,1.5087757986722805,2.547499218,1.0,3.9,1.0,0.17,0.4196701224383475
234,Ezri_Konsa Ngoyo,38,0.04469979037954712,0.03512733682327586,0.1571762110852598,0.1210824738402328,1.8941777,0.1397186190529067,0.05,1.3056629978045662,DEF,11.0,0.03,0.01,1.085727003688141,90.0,1.0,3.9703703703703694,1.0303672549724578,1.8,0.6385799724040346
235,Fabian_Schär,38,0.04791134741050817,0.024044433102744872,0.15836526730668546,0.2661741155370841,3.8396735,0.375689288846371,0.15,3.3915602290540137,DEF,7.33,0.08,0.03,1.2941403914720286,0.0,1.0,2.5037037037037035,1.068327435452491,2.31,0.39061203270063805
236,Facundo_Buonanotte,38,0.07410568212203586,0.07124078996268395,0.1428315176038742,0.2537881908128472,4.298515,0.0206122124302905,0.22,2.969171731879208,MID,3.07,0.09,0.07,1.4624541973500107,1.46345532,1.0,2.407407407407407,1.1182564716860652,1.25,0.2872284149272964
237,Federico_Chiesa,38,0.09611672073347256,0.09993209189817755,0.16520403208643197,0.2771884232344291,4.0208907,0.0439175083624984,0.09,3.338753349170687,MID,2.67,0.12,0.05,1.4275049403718407,14.7552159,1.0,2.846296296296296,1.122850903406739,0.83,0.3265176253125231
238,Felipe_Rodrigues da Silva,38,0.06474325402574302,0.05736060550211938,0.1,0.1980963809895135,3.2148006,0.5231057638998066,0.25,2.9669750770765866,DEF,3.27,0.08,0.01,1.6268186028346507,71.443078,1.0,3.1148148148148143,0.9092799390976628,1.88,0.44125565915700427
239,Fer_López González,38,0.013381326688586742,0.039546516451347026,0.1,0.3346470606552959,3.3792799,0.0359749806404014,0.11,2.6290737424022423,MID,3.22,0.02,0.08,1.8636296707048896,0.0,1.0,2.146296296296296,1.0,0.39,0.18096605415537695
240,Ferdi_Kadıoğlu,38,0.06972323417782456,0.09595106622700027,0.18710899420392513,0.2843651376405746,3.705548,0.0778307751967612,0.17,3.328939572997983,DEF,11.2,0.04,0.07,1.4654883695230865,90.0,1.0,3.514814814814814,1.033633047775568,2.04,0.5331165045664669
241,Filip_Jörgensen,38,0.0044016776509397506,0.0043607141641299205,0.10978803208643198,0.3233117085765303,3.723256,0.0,0.1,4.365169653993762,GKP,8.0,0.0,0.0,1.3721484807659794,76.02479699999999,1.0,2.9944444444444445,1.0,0.84,0.37033120612016457
242,Filip_Marschall,38,0.006225540660917965,0.007084315921809292,0.1851772875581979,0.1210824738402328,2.7420697,0.0379056163983134,0.1,2.3897121948027156,GKP,12.01,0.0,0.0,1.085727003688141,0.0,1.0,3.908333333333333,1.0,3.0,0.25334112221457034
243,Finlay_Herrick,38,0.0087088097462383,0.008796638280657257,0.15830875860261917,0.2292814952060826,3.2554202,0.0306793383665913,0.1,3.574950777404297,GKP,10.733333333333334,0.0,0.0,1.5087757986722805,0.0,1.0,3.6,1.0,3.0,0.32067783514009596
244,Florentino_Ibrain Morris Luís,38,0.023398475511300167,0.04660122870434469,0.14461203208643197,0.230095077900441,3.1797736,0.1496720158096106,0.2,2.791562890201558,MID,8.07,0.01,0.02,1.5468827004243544,45.6573878,1.0,3.819444444444444,0.929084088249753,1.51,0.16879858121099073
245,Florian_Wirtz,38,0.23234982537208118,0.18287229051818685,0.30420334393501286,0.2771884232344291,4.5516,0.0736578447514854,0.03,4.558555208350725,MID,12.93,0.13,0.13,1.4275049403718407,85.427792,1.0,2.846296296296296,1.0280283977910876,2.36,0.4653756440219482
246,Francisco_Evanilson de Lima Barbosa,38,0.3028624793114763,0.1060240515791256,0.12416271076810353,0.0,4.751626,0.0458541588326429,0.1,4.102934863066825,FWD,6.8,0.22,0.04,1.3171634869420366,75.88148,1.0,2.9555555555555557,0.946359005767852,2.27,0.4717029961187522
247,Franco_Umeh-Chibueze,38,0.010001086283970357,0.011340712448527737,0.13896660720727436,0.1996369348650613,3.1941955,0.0411600207605978,0.1,2.4647560883087345,MID,5.725,0.0725,0.0645,0.9154820012004722,0.0,1.0,2.965,1.0,3.0,0.10275821854351185
248,Frank_Onyeka,38,0.01617845352301174,0.03642731526494086,0.1,0.1672497495767363,3.1134155,0.0366297804092021,0.2,2.4065718601632815,MID,3.8,0.07,0.05,1.2627343678235523,0.0,1.0,3.157407407407407,0.9529451990127564,0.99,0.14403649094244544
249,Fraser_Forster,38,0.0014593503440213172,0.006236521569740984,0.15617188969773055,0.2459506504635776,3.7295394,0.0,0.05,3.6342390702232206,GKP,10.4,0.0,0.0,1.3171634869420366,27.57854468,1.0,3.05925925925926,1.0,1.58,0.33837984473661903
250,Freddie_Potts,38,0.026590127882158844,0.06437412149901575,0.161292032086432,0.2292814952060826,3.685891,0.0602171859810476,0.05,2.8828749221919385,MID,9.07,0.01,0.04,1.5087757986722805,25.8444106,1.0,3.55,0.987476359307766,0.8,0.1902763482351566
251,Freddie_Simmonds,38,0.04632291871872487,0.057302559631005626,0.10097727872945711,0.2843651376405746,3.418342,0.1080264185727961,0.1,3.090935440203555,DEF,5.632307692307692,0.0346153846153846,0.0438461538461538,1.4654883695230865,0.0,1.0,3.598005698005698,1.0,3.0,0.4824447760257774
252,Freddie_Woodman,38,0.06180922538069989,0.08759651828332299,0.20332613766252988,0.2771884232344291,3.9945846,0.0439175083624984,0.1,3.867738394525129,GKP,13.276666666666666,0.0,0.0,1.4275049403718407,64.3604385,1.0,2.535493827160493,1.0,3.0,0.3583339861180833
253,Fábio_Ferreira Vieira,38,0.04477117336861341,0.07454278429436337,0.10657203208643198,0.4137809993029863,4.047128,0.0,0.03,3.0212681764913274,MID,2.53,0.08,0.08,1.287355717607569,0.0,1.0,1.2777777777777777,1.0,1.13,0.2749546452163422
254,Fábio_Freitas Gouveia Carvalho,38,0.09166941685930667,0.04813676151551554,0.13820670225787163,0.1672497495767363,3.8936079,0.0366297804092021,0.03,3.081488306236785,MID,4.33,0.15,0.03,1.2627343678235523,0.0,1.0,3.106481481481481,1.0817834153920411,1.25,0.26014915582117715
255,Fábio_Soares Silva,38,0.1644549445131916,0.04547729647954808,0.1107591764606918,0.0,4.1454186,0.0422737147381172,0.1,3.1922179869971408,FWD,4.128571428571429,0.1128571428571428,0.0357142857142857,1.8636296707048896,0.0,1.0,2.246825396825397,1.0,3.0,0.3163281842318509
256,Gabriel_Fernando de Jesus,38,0.1617777919308094,0.06153485458903224,0.14386244662356376,0.0,4.419189,0.0381109280889185,0.18,3.20816712256432,FWD,3.2,0.21,0.06,1.287355717607569,17.385707099999998,1.0,1.362962962962963,0.9685985172092916,2.06,0.32743400936148015
257,Gabriel_Gudmundsson,38,0.03952560350704989,0.06368375661164698,0.12642279228699208,0.2537881908128472,3.1939194,0.1325838328979198,0.16,2.7452131981369097,DEF,5.67,0.02,0.08,1.4624541973500107,20.84761355,1.0,2.407407407407407,1.0463837152980269,1.79,0.49602699857502225
258,Gabriel_Martinelli Silva,38,0.10652876066250706,0.0899867690079702,0.11935957851076119,0.4137809993029863,4.0889597,0.0450620245691123,0.08,3.4350428377398585,MID,4.47,0.19,0.06,1.287355717607569,20.0823757,1.0,1.4055555555555552,0.9247853277102114,1.06,0.35600371100987355
259,Gabriel_Słonina,38,0.024884198435217834,0.025226425577679856,0.12641283208477488,0.3233117085765303,3.6820107,0.0299095834788306,0.1,4.331141876215985,GKP,9.213333333333331,0.0,0.0,1.3721484807659794,0.0,1.0,2.8583333333333334,1.0,3.0,0.37324072706087386
260,Gabriel_dos Santos Magalhães,38,0.09323968344667527,0.10171346882031097,0.34128982573318484,0.4137809993029863,4.2162642,0.4251014884818228,0.12,5.089700099740152,DEF,14.67,0.07,0.03,1.287355717607569,89.172,1.0,1.4055555555555552,0.9824450674876573,2.69,0.4715635866395023
261,Garang_Kuol,38,0.014407871840001531,0.016112165938856886,0.15480982767344428,0.2661741155370841,3.8088825,0.0450943150249932,0.1,2.6326732815236964,MID,8.696153846153845,0.09,0.0738461538461538,1.2941403914720286,0.0,1.0,2.988888888888889,1.0,3.0,0.1317914965661743
262,George_Brierley,38,0.009233160039081785,0.012187986895708037,0.128870188346972,0.230095077900441,3.2982495,0.0440550110211482,0.1,2.4925859797372096,MID,6.362777777777778,0.0461111111111111,0.0477777777777777,1.5468827004243544,0.0,1.0,4.126697530864196,1.0,3.0,0.11084777023813626
263,George_Earthy,38,0.020641796552790345,0.013217631819686583,0.1567157337733507,0.2292814952060826,3.3721461,0.0534173484739508,0.1,2.6027989901968507,MID,7.7375,0.058125,0.0425,1.5087757986722805,0.0,1.0,3.5656250000000003,1.0,3.0,0.1313566766699451
264,George_Hemmings,38,0.013367873915502865,0.012666228610313633,0.1599540163668195,0.1210824738402328,3.2413745,0.0607272188637295,0.1,2.4916595190518636,MID,8.050555555555555,0.1027777777777777,0.0683333333333333,1.085727003688141,0.178333288,1.0,3.86008230452675,1.0,3.0,0.08566758870960946
265,George_King,38,0.00826401011292571,0.009242052072184533,0.1155099459913969,0.1996369348650613,2.6068785,0.1826433184362013,0.1,1.9127463928493038,DEF,5.552,0.051,0.036,0.9154820012004722,0.0,1.0,2.975,1.0,3.0,0.4098129881397802
266,Georginio_Rutter,38,0.1150524043593658,0.13385174628876814,0.12053033833831547,0.2843651376405746,4.1125784,0.0439815541022779,0.05,3.546536897032745,MID,5.8,0.12,0.1,1.4654883695230865,36.5173722,1.0,3.514814814814814,1.0048331532478334,1.76,0.37089033884613165
267,Gianluigi_Donnarumma,38,0.008135793687890676,0.021997064347993155,0.17576636923998587,0.3448434516901721,3.9060578,0.0,0.24,4.495513554747157,GKP,12.33,0.0,0.01,1.4428233179320902,90.0,1.0,3.085185185185185,1.0,1.92,0.3835417772525961
268,Giorgi_Mamardashvili,38,0.00489604634811781,0.004998572977607455,0.1842574801081419,0.2771884232344291,3.923323,0.0,0.0,3.9454390118090803,GKP,11.9,0.0,0.0,1.4275049403718407,45.8248366,1.0,2.846296296296296,1.0,2.61,0.35127703457685866
269,Giovanni_Leoni,38,0.012775178220536327,0.015764613362885115,0.14011728378725052,0.2771884232344291,3.9083912,0.1141946209404306,0.1,2.7887868707314576,DEF,6.683333333333335,0.0366666666666666,0.05,1.4275049403718407,0.0,1.0,2.8258487654320983,1.0,3.0,0.396874295703171
270,Godwill_Kukonki,38,0.00946896158566367,0.011125855558047407,0.11249383405725441,0.2051114315148263,2.5530012,0.1887196964247276,0.1,1.9870925376904183,DEF,6.236428571428573,0.0328571428571428,0.0285714285714285,1.1599861823136757,0.0,1.0,3.271957671957672,1.0,3.0,0.4112874232097761
271,Gonçalo_Manuel Ganchinho Guedes,38,0.10783183602374452,0.04786633644047647,0.10457024450731277,0.3346470606552959,4.4948606,0.0,0.05,3.219783741553788,MID,2.8,0.14,0.04,1.8636296707048896,0.0,1.0,1.548148148148148,1.0,1.3,0.3178903841717386
272,Granit_Xhaka,38,0.048319332902818084,0.15480639515544448,0.24219089817905426,0.2174313841115139,3.6278636,0.2640046501580181,0.18,3.6162063322820845,MID,15.4,0.03,0.1,1.483127612348932,86.88,1.0,2.6851851851851847,1.047584755782038,1.69,0.2671427161551314
273,Guglielmo_Vicario,38,0.001491754322960035,0.007136574663299391,0.17129491657972337,0.249827415939737,3.6155453,0.0,0.02,3.6178939267043395,GKP,8.53,0.0,0.0,1.4573866124957218,44.0243899,1.0,2.8129629629629638,1.0,1.51,0.34526636352673995
274,Guido_Rodríguez,38,0.02267680665919865,0.02798619532422958,0.13294803208643197,0.2292814952060826,3.009108,0.0306793383665913,0.24,2.4288933328145266,MID,6.0,0.01,0.01,1.5087757986722805,0.0,1.0,3.9,1.0424363148137927,0.59,0.16604298403895193
275,Gustavo_Nunes Fernandes Gomes,38,0.01282206181450793,0.015481387253364296,0.15878181752545825,0.1672497495767363,3.019629,0.0658750805739278,0.1,2.5178787675931273,MID,7.421333333333332,0.068,0.066,1.2627343678235523,0.0,1.0,3.194753086419753,1.0,3.0,0.10205330757376002
276,Habib_Diarra,38,0.0992301812035948,0.0830852050385581,0.1424790262352228,0.2174313841115139,4.4285355,0.025390387562703,0.26,3.0898461696731787,MID,7.53,0.13,0.04,1.483127612348932,59.0557475,1.0,2.6851851851851847,0.9575125688165428,1.56,0.32435297616971187
277,Hamed_Traorè,38,0.03286546610421259,0.041843157781224605,0.13105203208643199,0.2459506504635776,4.556185,0.0310713762072417,0.0,2.903516669652448,MID,6.64,0.1,0.11,1.3171634869420366,0.0,1.0,3.1629629629629625,1.0,0.98,0.17901991947661652
278,Hannes_Delcroix,38,0.020002169593021164,0.034349769774656834,0.1,0.230095077900441,2.9947214,0.0,0.17,1.974593445584254,DEF,4.83,0.03,0.01,1.5468827004243544,0.0,1.0,3.972222222222221,1.0,0.5,0.5328368199503986
279,Hannibal_Mejbri,38,0.053498564478464156,0.12421293200913909,0.16825040648692838,0.230095077900441,3.4651988,0.0896761555428674,0.3,3.0178754791286515,MID,8.6,0.04,0.09,1.5468827004243544,55.86189019999999,1.0,3.819444444444444,1.0481141033664565,2.06,0.2984358175185612
280,Harrison_Armstrong,38,0.06251973361259595,0.06442262058298082,0.11974803208643191,0.2320315464082492,3.7168128,0.0815586051933892,0.07,3.0532403330447777,MID,5.47,0.1,0.02,1.4430141192563402,18.09949542,1.0,3.0222222222222217,1.0,0.74,0.24515616208684296
281,Harrison_Ashby,38,0.011086584503024816,0.012638673029179207,0.1328172732785506,0.2661741155370841,3.4033577,0.139539779758395,0.1,2.647309947418852,DEF,4.974545454545456,0.0409090909090909,0.0327272727272727,1.2941403914720286,0.0,1.0,2.880134680134681,1.0,3.0,0.39536122053602024
282,Harrison_Jones,38,0.011342359502564382,0.013095315678355536,0.1420540340023159,0.2174313841115139,3.4938486,0.0536724632394047,0.1,2.5473453591546455,MID,8.347,0.067,0.06,1.483127612348932,0.0,1.0,2.722222222222222,1.0,3.0,0.11025287829559428
283,Harrison_Reed,38,0.017399216792630356,0.043647407255972596,0.1380430114080011,0.2214164354404977,3.2444923,0.0407324898195021,0.18,2.5472599427501597,MID,3.4,0.04,0.09,1.3031543227991396,9.4655365,1.0,3.2388888888888885,1.0629360428154468,1.33,0.16536593628029544
284,Harry_Amass,38,0.018370798471210127,0.022561965092611103,0.1,0.2051114315148263,2.4290178,0.0,0.1,1.6730805951456456,DEF,-1.8,0.01,0.01,1.1599861823136757,0.0,1.0,3.2,1.0,0.57,0.546304155538944
285,Harry_Gray,38,0.1480674439278017,0.04117716261455495,0.12420402569222452,0.0,3.9470222,0.0214449343678319,0.1,3.0654665064206172,FWD,3.265000000000001,0.15,0.0283333333333333,1.4624541973500107,0.0,1.0,2.572530864197531,1.0,3.0,0.29683999463316907
286,Harry_Howell,38,0.06147886021870275,0.08479358816009627,0.16514420731022353,0.2843651376405746,4.0786195,0.05532553580889,0.1,3.145674445150668,MID,7.6165,0.0855,0.071,1.4654883695230865,10.296236098,1.0,3.687175925925926,1.0,3.0,0.2714597635416629
287,Harry_Maguire,38,0.0701677729032361,0.03579697215671493,0.14558175873976947,0.2051114315148263,2.943313,0.3711001268406526,0.18,2.779245373736253,DEF,11.0,0.04,0.02,1.1599861823136757,87.307486,1.0,3.081481481481481,1.0456669738031923,2.83,0.46620217550777393
288,Harry_Tyrer,38,0.008081810539374712,0.009407428705697014,0.23918331115484237,0.2320315464082492,3.0482612,0.0379739353009365,0.1,3.5070347080962403,GKP,9.07,0.0,0.0,1.4430141192563402,0.0,1.0,3.2,1.0,3.0,0.33080873974897906
289,Harry_Wilson,38,0.20598140487371797,0.22165302151193175,0.2996856495037079,0.2214164354404977,4.24927,0.0760276481530049,0.18,4.341985414327921,MID,11.4,0.12,0.1,1.3031543227991396,75.7845372,1.0,3.055555555555556,1.1614911487884818,2.48,0.4752782313567121
290,Harvey_Barnes,38,0.16401345065354384,0.14426541078409186,0.18477420798730843,0.2661741155370841,4.390893,0.0230899647895859,0.02,3.878530117688813,MID,5.2,0.16,0.07,1.2941403914720286,55.2910754,1.0,3.081481481481481,1.012458623804152,2.52,0.413949516691335
291,Harvey_Elliott,38,0.06204749919345439,0.06880970457547235,0.175516944835186,0.1210824738402328,3.78024,0.0379056163983134,0.05,2.9716726813218064,MID,5.0,0.15,0.1,1.085727003688141,12.23413902,1.0,3.784259259259259,1.0662108846753835,1.72,0.22616226356862715
292,Hjalmar_Ekdal,38,0.037643230023680606,0.025818029666142973,0.14622280000281326,0.230095077900441,2.898576,0.4071936681011712,0.07,2.9880598405764336,DEF,5.4,0.01,0.01,1.5468827004243544,80.73264599999999,1.0,3.5138888888888884,0.9389804740037238,2.15,0.3807805497131071
293,Hugo_Bueno López,38,0.0552073790264714,0.15764280780090933,0.14578896711087228,0.3346470606552959,3.1952324,0.189460954934312,0.08,3.968917152392881,DEF,5.67,0.03,0.1,1.8636296707048896,70.536356,1.0,1.9703703703703697,0.9974253030737774,2.26,0.5205697531990635
294,Hugo_Ekitiké,38,0.14820438393769905,0.06320342318684812,0.2707125775680542,0.0,5.471377,0.0462830690965294,0.0,3.542574308326577,FWD,7.67,0.3,0.1,1.4275049403718407,0.0,1.0,2.5027777777777773,1.0071441002227366,2.82,0.2782028969709516
295,Hwang_Hee-chan,38,0.19311189859550945,0.09716016776376962,0.1,0.3346470606552959,4.403867,0.0454094811489661,0.1,3.825365557374652,MID,4.27,0.07,0.06,1.8636296707048896,38.300423,1.0,1.9703703703703697,1.0302729427590966,1.53,0.4339918986293522
296,Hákon_Rafn Valdimarsson,38,0.0006656480864363416,0.0026419555052065854,0.20653939445424083,0.1672497495767363,3.1302943,0.0366297804092021,0.1,2.75333041172859,GKP,13.0,0.0,0.005,1.2627343678235523,29.89951361,1.0,3.208333333333333,1.0,3.0,0.3037226278115563
297,Ian_Maatsen,38,0.03537211035523827,0.061883297570939945,0.1,0.1210824738402328,2.1608436,0.264722208968154,0.05,1.5581844894039725,DEF,3.8,0.04,0.08,1.085727003688141,57.3624642,1.0,3.9703703703703694,0.9819482360631228,1.29,0.5545624368405784
298,Ian_Poveda-Ocampo,38,0.011342359502564382,0.013095315678355536,0.1420540340023159,0.2174313841115139,3.4938486,0.0536724632394047,0.1,2.5473453591546455,MID,8.347,0.067,0.06,1.483127612348932,0.0,1.0,2.722222222222222,1.0,3.0,0.11025287829559428
299,Ibrahim_Sangaré,38,0.04000625608826848,0.09162154022174743,0.16991906785950064,0.1980963809895135,3.1497378,0.2855551473944108,0.2,3.2800335108902985,MID,12.53,0.02,0.04,1.6268186028346507,48.164023,1.0,3.1148148148148143,0.989110862866044,1.49,0.21037125009242222
300,Ibrahima_Konaté,38,0.06633810587036212,0.03028079504494411,0.1920539571361541,0.2771884232344291,3.7059789,0.3564208476586816,0.15,3.6125037428805546,DEF,13.07,0.01,0.01,1.4275049403718407,86.571108,1.0,2.846296296296296,0.9455813519507646,2.81,0.41641808000762115
301,Idrissa_Gueye,38,0.04246043839500595,0.0767040652423765,0.21575980959904195,0.2320315464082492,3.8099976,0.249952568375392,0.18,3.325045048500812,MID,14.07,0.07,0.06,1.4430141192563402,25.1354359,1.0,3.081481481481481,1.0745488684661686,2.36,0.20449391217414842
302,Igor_Jesus Maciel da Cruz,38,0.22045055586327664,0.10445911161180345,0.1806580042946338,0.0,4.4768777,0.0453431231098158,0.06,3.771113829191166,FWD,8.2,0.15,0.02,1.6268186028346507,67.1261029,1.0,3.1148148148148143,1.0537682505324484,2.09,0.3981592542623448
303,Igor_Julio dos Santos de Paulo,38,0.02246339188205174,0.023764741898951315,0.1,0.2843651376405746,2.995221,0.5313044088536104,0.2,3.5620958156540476,DEF,5.33,0.0,0.02,1.4654883695230865,8.53735017,1.0,4.866666666666666,0.946712651247314,1.25,0.343081773954862
304,Igor_Thiago Nascimento Rodrigues,38,0.4197776587264922,0.06664952599469176,0.22520284457302095,0.0,4.842202,0.0724549140664777,0.18,4.594846632192528,FWD,5.13,0.28,0.04,1.2627343678235523,90.0,1.0,3.0046296296296293,0.9745808485522868,2.28,0.5243814226308552
305,Ilia_Gruev,38,0.030353002509390617,0.06505000289279211,0.17310898701423405,0.2537881908128472,3.193388,0.0419766494664366,0.13,2.7741180559043612,MID,9.13,0.03,0.04,1.4624541973500107,0.0,1.0,2.222222222222222,0.9280513239838184,1.76,0.2130918960097058
306,Iliman_Ndiaye,38,0.2097363689530794,0.12254421126264396,0.2145253895740509,0.2320315464082492,4.18571,0.23524979872541,0.05,4.417386474262839,MID,13.0,0.14,0.07,1.4430141192563402,89.856,1.0,3.2,1.0263528748601676,1.95,0.3974806358672823
307,Illan_Meslier,38,0.00290528937618906,0.0034372885112869387,0.24965021345567695,0.2537881908128472,3.2155743,0.0,0.09,3.5395659298535875,GKP,14.07,0.0,0.0,1.4624541973500107,0.0,1.0,2.3148148148148144,1.0,1.79,0.35850185565457887
308,Illia_Zabarnyi,38,0.017733194164926025,0.034502906102226,0.15517131172025206,0.2459506504635776,4.291641,0.0,0.12,2.3526181889534206,DEF,8.27,0.03,0.03,1.3171634869420366,0.0,1.0,3.05925925925926,1.0,2.05,0.464760038231498
309,Isaac_Hayden,38,0.014407871840001531,0.016112165938856886,0.15480982767344428,0.2661741155370841,3.8088825,0.0450943150249932,0.1,2.6326732815236964,MID,8.696153846153845,0.09,0.0738461538461538,1.2941403914720286,0.0,1.0,2.988888888888889,1.0,3.0,0.1317914965661743
310,Isaac_Heath,38,0.013701983505916131,0.014851198962773867,0.1439195964320898,0.2320315464082492,3.596672,0.0784335925895297,0.1,2.6363942225622528,MID,7.724736842105264,0.0768421052631578,0.0557894736842105,1.4430141192563402,0.0,1.0,3.443274853801169,1.0,3.0,0.11814630005517482
311,Isaac_Schmidt,38,0.01085168510679558,0.013614217160236041,0.1400475609713026,0.2537881908128472,2.9430501,0.0768195157121637,0.1,2.3539047122184713,DEF,8.938571428571429,0.0328571428571428,0.0285714285714285,1.4624541973500107,0.0,1.0,2.4821428571428568,1.0,3.0,0.42698540606458285
312,Ismaïla_Sarr,38,0.2613238558420781,0.0786031287068152,0.18492311054563515,0.1996369348650613,4.3160267,0.0359801870507509,0.08,4.075811096956559,MID,6.33,0.32,0.05,0.9154820012004722,72.269049,1.0,3.15,1.0944592625647782,2.49,0.45739151012633883
313,Ismeal_Kabia,38,0.01706596190687365,0.01942356836487789,0.1858893896718165,0.4137809993029863,4.1512566,0.0565055254762887,0.1,2.8472721117909137,MID,8.100588235294119,0.0935294117647058,0.0741176470588235,1.287355717607569,0.0,1.0,1.430610021786492,1.0,3.0,0.17242037399157784
314,Issa_Diop,38,0.023547068173312015,0.016868125637807985,0.1,0.2214164354404977,2.8343756,0.2200079949479413,0.12,2.3196929352866764,DEF,4.53,0.01,0.0,1.3031543227991396,35.1778944,1.0,3.055555555555556,1.0631712314002215,0.66,0.42478255606492243
315,Iwan_Morgan,38,0.05947509244386165,0.08967325008246861,0.23486964784002307,0.0,4.1379533,0.046107452430379,0.1,2.952472024348178,FWD,3.6,0.2266666666666666,0.0499999999999999,1.2627343678235523,0.0,1.0,3.4459876543209877,1.0,3.0,0.20801535998433818
316,Jack_Fletcher,38,0.01792144102280921,0.02121677055508582,0.18106912366616726,0.2051114315148263,3.3390954,0.0556584924383776,0.1,2.619503417828449,MID,8.598333333333334,0.0783333333333333,0.0733333333333333,1.1599861823136757,20.34502317,1.0,3.397530864197531,1.0,3.0,0.12780822824890437
317,Jack_Grealish,38,0.06266558132803851,0.07706040933178138,0.25389232086038593,0.2320315464082492,3.894073,0.0662176279899659,0.18,3.1014078382972596,MID,12.4,0.07,0.1,1.4430141192563402,0.0,1.0,3.318518518518518,1.026317947793752,2.9,0.2554618313578046
318,Jack_Harrison,38,0.04593385767569469,0.06254477789769773,0.19271287746953958,0.2537881908128472,3.3375387,0.0206122124302905,0.0,2.94990699783006,MID,4.87,0.06,0.06,1.4624541973500107,0.0,1.0,2.546296296296296,0.9363612204045058,1.77,0.22655596098805275
319,Jack_Hinshelwood,38,0.1989814657736792,0.144154147572941,0.21907762224197386,0.2843651376405746,4.8422985,0.0511299401882245,0.05,4.169472436648351,MID,8.4,0.19,0.08,1.4654883695230865,76.45452999999999,1.0,3.514814814814814,1.0479898621700705,1.91,0.43459077884498265
320,Jack_Moorhouse,38,0.012953988275239381,0.015058834539026648,0.18106912366616726,0.2051114315148263,3.3390954,0.0556584924383776,0.1,2.5760712425188372,MID,8.598333333333334,0.0783333333333333,0.0733333333333333,1.1599861823136757,0.0,1.0,3.397530864197531,1.0,3.0,0.11122988892116129
321,Jack_Whittaker,38,0.011342359502564382,0.013095315678355536,0.1420540340023159,0.2174313841115139,3.4938486,0.0536724632394047,0.1,2.5473453591546455,MID,8.347,0.067,0.06,1.483127612348932,0.0,1.0,2.722222222222222,1.0,3.0,0.11025287829559428
322,Jackson_Tchatchoua,38,0.024976797539310546,0.08121613682685165,0.1,0.3346470606552959,2.7551436,0.1486497724688208,0.1,3.3733613221816054,DEF,2.87,0.01,0.06,1.8636296707048896,38.0911911,1.0,2.0407407407407403,1.0125363664003089,1.44,0.47719429013589937
323,Jacob_Bruun Larsen,38,0.09257164995463553,0.04945039542468914,0.11315254981780051,0.230095077900441,4.063104,0.0261269155914189,0.02,3.1176178593821713,MID,4.0,0.08,0.05,1.5468827004243544,10.1776667,1.0,3.819444444444444,0.9607090920209886,0.77,0.27628513832208035
324,Jacob_Murphy,38,0.0801235321767622,0.15766426881962772,0.15364055224966994,0.2661741155370841,3.4056246,0.0277546464897471,0.08,3.333057760053931,MID,5.33,0.06,0.07,1.2941403914720286,42.496038,1.0,3.081481481481481,1.0331812600418926,1.69,0.3569326783491876
325,Jacob_Ramsey,38,0.06608928463222347,0.11641217151547968,0.16230342417123905,0.2661741155370841,3.6970603,0.0512062276211148,0.15,3.1582001339499195,MID,9.6,0.05,0.06,1.2941403914720286,44.709059,1.0,3.081481481481481,1.0456448832526803,1.87,0.30784361339494015
326,Jacob_Slater,38,0.013733897383139786,0.014415896950331821,0.10097727872945711,0.2843651376405746,3.418342,0.1080264185727961,0.1,2.76905647758752,DEF,5.632307692307692,0.0346153846153846,0.0438461538461538,1.4654883695230865,0.0,1.0,3.598005698005698,1.0,3.0,0.4093677299609068
327,Jadon_Sancho,38,0.0287354452456067,0.06825122963279172,0.126228032086432,0.1210824738402328,2.8226924,0.0379056163983134,0.02,2.691954299481479,MID,6.13,0.03,0.09,1.085727003688141,30.538479899999995,1.0,3.9703703703703694,1.024897543244064,0.94,0.18089649915985334
328,Jaidon_Anthony,38,0.14735610107107128,0.14353382110364493,0.14730042395654322,0.230095077900441,4.5414014,0.0735123974433136,0.12,3.7600299654147906,MID,11.4,0.12,0.06,1.5468827004243544,83.87482999999999,1.0,3.819444444444444,1.1349311897531151,1.74,0.3942919667131134
329,Jair_Paula da Cunha Filho,38,0.048888710780651184,0.02482226991613279,0.1,0.1980963809895135,2.98645,0.5153542333691794,0.0,2.9613205711384265,DEF,0.88,0.03,0.01,1.6268186028346507,46.9371702,1.0,3.1148148148148143,1.0,0.69,0.36993957423232715
330,Jaka_Bijol,38,0.07045364807011048,0.10795945277295999,0.15497150458049774,0.2537881908128472,3.3961039,0.3489444057032637,0.12,3.576259325759275,DEF,8.07,0.02,0.02,1.4624541973500107,78.639438,1.0,2.546296296296296,0.969652695734054,2.4,0.47906747348781903
331,Jake_O'Brien,38,0.08114894959766716,0.05933608635492504,0.1,0.2320315464082492,2.873855,0.2391665195475758,0.18,2.8863395557741915,DEF,5.33,0.06,0.02,1.4430141192563402,88.46898519999999,1.0,3.2,1.039813331700861,2.29,0.53400552798336
332,Jakub_Kiwior,38,0.022903878472489685,0.029896830553709446,0.11257499878346922,0.4137809993029863,3.7108843,0.0,0.05,3.414892416326976,DEF,7.73,0.01,0.02,1.287355717607569,0.0,1.0,1.746296296296296,1.0,2.06,0.4974557685601745
333,Jamaal_Lascelles,38,0.03583792620461948,0.01627837086241691,0.10046992791539432,0.2661741155370841,3.425098,0.6320967642911064,0.24,3.63541815998147,DEF,6.4,0.04,0.01,1.2941403914720286,0.0,1.0,2.5037037037037035,1.0686616773866118,2.26,0.3355604037716136
334,Jamaldeen_Jimoh-Aloba,38,0.012481623169639907,0.012323381374867631,0.1599540163668195,0.1210824738402328,3.2413745,0.0607272188637295,0.1,2.486223465319376,MID,8.050555555555555,0.1027777777777777,0.0683333333333333,1.085727003688141,0.0,1.0,3.86008230452675,1.0,3.0,0.08342548691740852
335,James_Garner,38,0.06218977874618878,0.20284606596721227,0.28102564396238316,0.2320315464082492,3.6625354,0.492517272864295,0.3,4.229822245361978,MID,17.6,0.03,0.13,1.4430141192563402,90.0,1.0,3.2,0.989785941001028,1.81,0.2878006625110512
336,James_Hill,38,0.051426576912968085,0.09597736264446724,0.1601147854653596,0.2459506504635776,3.9246964,0.5374964211473132,0.12,3.780583823713948,DEF,13.67,0.04,0.03,1.3171634869420366,89.97299999999998,1.0,2.9555555555555557,0.9424859965802171,2.18,0.40243071718309265
337,James_Justin,38,0.08975395532958316,0.13298418241162968,0.2032447532360554,0.2537881908128472,3.4521818,0.3332623831599403,0.18,3.7294314646248745,DEF,12.07,0.05,0.03,1.4624541973500107,82.65299999999999,1.0,2.546296296296296,1.0093470051735638,2.32,0.5158442019741749
338,James_Maddison,38,0.07054336863065412,0.09689449728909631,0.34951315800094607,0.249827415939737,4.313124,0.0343869229715402,0.2,3.2602106640469146,MID,8.27,0.12,0.12,1.4573866124957218,13.6210767,1.0,2.4685185185185183,1.076422576583922,2.92,0.2813596560243982
339,James_McAtee,38,0.10272709296818003,0.08404375833422006,0.11828403208643191,0.1980963809895135,4.198152,0.0532129637096246,0.05,3.2959991613046924,MID,3.8,0.11,0.08,1.6268186028346507,25.292023,1.0,3.1148148148148143,1.0092336566895246,1.26,0.30619695123146096
340,James_McConnell,38,0.01829320267693181,0.01785818376615308,0.18061434824375308,0.2771884232344291,4.2467885,0.0660566149359336,0.1,2.774118053595275,MID,9.00388888888889,0.1038888888888888,0.0666666666666666,1.4275049403718407,0.0,1.0,2.846296296296296,1.0,3.0,0.13809115932146904
341,James_Milner,38,0.03828276977549249,0.05570884088303527,0.1472520320864319,0.2843651376405746,3.2468686,0.0645207126178414,0.15,2.815966776705461,MID,7.27,0.03,0.05,1.4654883695230865,20.3849815,1.0,4.19074074074074,0.9882626002654434,1.13,0.2228213088558104
342,James_Rowswell,38,0.011366462625240005,0.013983075087873099,0.10003579846113922,0.249827415939737,3.679745,0.1123771026978151,0.1,2.4252308075044393,DEF,5.185625,0.025625,0.0375,1.4573866124957218,2.48743,1.0,2.9277777777777776,1.0,3.0,0.4106085140723602
343,James_Tarkowski,38,0.10076396478511139,0.09232329249516397,0.20045314514732362,0.2320315464082492,3.2462842,0.5136499266346801,0.22,3.742645810216672,DEF,10.8,0.06,0.05,1.4430141192563402,90.0,1.0,3.2,1.0123427246063947,2.58,0.47585998470759594
344,James_Trafford,38,0.00323196493359066,0.0060770524812233905,0.2616872252508401,0.3448434516901721,3.4696202,0.0,0.06,4.432550591784194,GKP,18.4,0.0,0.0,1.4428233179320902,33.176268,1.0,2.833333333333333,1.0,1.63,0.3889898654843841
345,James_Ward-Prowse,38,0.033390820362652604,0.09406257748621291,0.20842107973954072,0.230095077900441,3.2969227,0.081166190521149,0.1,3.008388126799144,MID,12.87,0.03,0.09,1.5468827004243544,56.882677,1.0,3.819444444444444,1.0244482208043335,1.08,0.22854043720069822
346,James_Wilson,38,0.1377143363594432,0.06040822651875394,0.2020599915986061,0.0,4.67586,0.0485571162956664,0.1,3.25677222256226,FWD,7.834999999999999,0.205,0.0525,1.4573866124957218,0.0,1.0,2.683796296296297,1.0,3.0,0.2829496373276844
347,James_Wright,38,0.006225540660917965,0.007084315921809292,0.1851772875581979,0.1210824738402328,2.7420697,0.0379056163983134,0.1,2.3897121948027156,GKP,12.01,0.0,0.0,1.085727003688141,0.0,1.0,3.908333333333333,1.0,3.0,0.25334112221457034
348,Jamie_Bynoe-Gittens,38,0.04910868295186518,0.08927608103903308,0.13354803208643198,0.3233117085765303,3.8303,0.0299095834788306,0.0,3.1120996146017257,MID,5.27,0.05,0.07,1.3721484807659794,2.1219419025,1.0,2.4953703703703702,1.07272801695019,0.91,0.2674354621311528
349,Jan_Paul van Hecke,38,0.09932490734223814,0.06995154055731427,0.2329987851521969,0.2843651376405746,3.7229953,0.4278473810040123,0.25,4.093629565928509,DEF,13.2,0.06,0.04,1.4654883695230865,90.0,1.0,3.514814814814814,1.035878757059574,1.94,0.45893872103088024
350,Jarrad_Branthwaite,38,0.026676934925784386,0.023599877421390858,0.1269614060294926,0.2320315464082492,3.361353,0.4344187252805546,0.12,2.9758449474995636,DEF,6.93,0.03,0.01,1.4430141192563402,0.0,1.0,3.1407407407407404,1.0126931144744158,1.45,0.35813360288636337
351,Jarrod_Bowen,38,0.19431872072990145,0.2748609483057665,0.29405494375777247,0.0,4.5086555,0.1847974097609818,0.1,4.434717487878955,FWD,12.4,0.11,0.12,1.5087757986722805,90.0,1.0,3.45,1.0234771916270256,2.35,0.43858139269325686
352,Jason_Steele,38,0.002008450347886405,0.005085495912126173,0.2825930180130005,0.2843651376405746,3.484395,0.0,0.03,4.314584013214111,GKP,17.4,0.0,0.0,1.4654883695230865,29.8533785,1.0,3.9879629629629623,1.0,1.85,0.32953946054783084
353,Jay_Matete,38,0.044590366287197786,0.04642547810810298,0.1420540340023159,0.2174313841115139,3.4938486,0.0536724632394047,0.1,2.813913289773608,MID,8.347,0.067,0.06,1.483127612348932,0.0,1.0,2.722222222222222,1.0,3.0,0.20506628599162496
354,Jayce_Fitzgerald,38,0.012953988275239381,0.015058834539026648,0.18106912366616726,0.2051114315148263,3.3390954,0.0556584924383776,0.1,2.5760712425188372,MID,8.598333333333334,0.0783333333333333,0.0733333333333333,1.1599861823136757,0.0,1.0,3.397530864197531,1.0,3.0,0.11122988892116129
355,Jaydee_Canvot,38,0.045273124523764356,0.026551866996122213,0.17136757970118524,0.1996369348650613,3.0496566,0.5610491363851252,0.15,2.9885790620566164,DEF,8.87,0.06,0.01,0.9154820012004722,90.0,1.0,3.15,0.8571948836980896,2.43,0.3624735724654142
356,Jayden_Bogle,38,0.024809299536366455,0.07320100053324778,0.1,0.2537881908128472,3.7154884,0.0913802620006257,0.15,2.6432148314556287,DEF,6.2,0.04,0.08,1.4624541973500107,0.0,1.0,2.3148148148148144,1.0038347941637038,1.75,0.4912209560845095
357,Jayden_Danns,38,0.030061078385017814,0.015308980812065314,0.23664770687484735,0.0,4.7631874,0.0444978549778565,0.1,2.649130001283165,FWD,5.249999999999999,0.2299999999999999,0.045,1.4275049403718407,0.0,1.0,2.7113425925925925,1.0,3.0,0.07865531033289683
358,Jayden_Lienou,38,0.01085168510679558,0.013614217160236041,0.1400475609713026,0.2537881908128472,2.9430501,0.0768195157121637,0.1,2.3539047122184713,DEF,8.938571428571429,0.0328571428571428,0.0285714285714285,1.4624541973500107,0.0,1.0,2.4821428571428568,1.0,3.0,0.42698540606458285
359,Jayden_Meghoma,38,0.010054817074080425,0.012852633490488473,0.1,0.1672497495767363,2.572444,0.1490426518870143,0.1,1.509601812694025,DEF,5.922499999999999,0.0408333333333333,0.035,1.2627343678235523,0.0,1.0,3.356867283950617,1.0,3.0,0.4600083164503405
360,Jaydon_Banel,38,0.009233160039081785,0.012187986895708037,0.128870188346972,0.230095077900441,3.2982495,0.0440550110211482,0.1,2.4925859797372096,MID,6.362777777777778,0.0461111111111111,0.0477777777777777,1.5468827004243544,0.0,1.0,4.126697530864196,1.0,3.0,0.11084777023813626
361,Jaydon_Jones,38,0.011342359502564382,0.013095315678355536,0.1420540340023159,0.2174313841115139,3.4938486,0.0536724632394047,0.1,2.5473453591546455,MID,8.347,0.067,0.06,1.483127612348932,0.0,1.0,2.722222222222222,1.0,3.0,0.11025287829559428
362,Jean-Clair_Todibo,38,0.04304248167553878,0.03193058265588313,0.1,0.2292814952060826,3.1996505,0.337201397468834,0.22,2.74332964533044,DEF,5.6,0.01,0.01,1.5087757986722805,52.0866011,1.0,3.45,0.9598825889825822,1.66,0.4340802962448416
363,Jean-Philippe_Mateta,38,0.14775585595221996,0.041492503652205,0.15179184214043617,0.0,4.2786403,0.031676396466678,0.05,3.1822881100118794,FWD,4.67,0.24,0.03,0.9154820012004722,51.5065451,1.0,3.15,0.9128327247649431,2.41,0.2857707825095843
364,Jean-Ricner_Bellegarde,38,0.07754935410499217,0.10531621520686466,0.1399320320864319,0.3346470606552959,3.4897113,0.0478058419335351,0.12,3.2096044477693892,MID,7.47,0.04,0.05,1.8636296707048896,25.3356919,1.0,1.9703703703703697,1.0103126870691777,0.97,0.32786414803742275
365,Jefferson_Lerma Solís,38,0.04886467745458666,0.06210690369207556,0.1604655025449394,0.1996369348650613,2.9954886,0.1336350908829697,0.28,2.8349038658571843,MID,10.27,0.06,0.05,0.9154820012004722,71.4331135,1.0,3.15,0.9642972148507832,1.92,0.2256262563781609
366,Jenson_Jones,38,0.008651970211582195,0.010633286197591843,0.1,0.2174313841115139,3.1056676,0.2565557467376755,0.1,2.289859668148634,DEF,4.5200000000000005,0.03,0.0225,1.483127612348932,0.0,1.0,2.708333333333333,1.0,3.0,0.3726869535753582
367,Jenson_Metcalfe,38,0.013701983505916131,0.014851198962773867,0.1439195964320898,0.2320315464082492,3.596672,0.0784335925895297,0.1,2.6363942225622528,MID,7.724736842105264,0.0768421052631578,0.0557894736842105,1.4430141192563402,0.0,1.0,3.443274853801169,1.0,3.0,0.11814630005517482
368,Jenson_Seelt,38,0.030229451477152915,0.028227540573761322,0.1,0.2174313841115139,3.1056676,0.2565557467376755,0.1,2.4699263519433012,DEF,4.5200000000000005,0.03,0.0225,1.483127612348932,0.0,1.0,2.708333333333333,1.0,3.0,0.4265207811211547
369,Jeremie_Frimpong,38,0.05363953576092145,0.11327836577777173,0.1,0.2771884232344291,3.8384106,0.0865837455958299,0.05,3.272910078634537,DEF,6.4,0.02,0.06,1.4275049403718407,39.962963625,1.0,2.797222222222222,1.0358679233193395,1.99,0.5206262520117299
370,Jeremy_Sarmiento Morante,38,0.08448578594776959,0.06319277303443142,0.1,0.2843651376405746,3.1708398,0.0,0.1,2.9334014050280333,MID,2.5,0.04,0.04,1.4654883695230865,0.0,1.0,3.9879629629629623,1.0,1.1,0.30920397037635944
371,Jerome_Abbey,38,0.01307429246393509,0.014322047104804963,0.12771079914581776,0.3346470606552959,3.8409238,0.0571975402940979,0.1,2.6729162753284266,MID,6.4468421052631575,0.0557894736842105,0.0378947368421052,1.8636296707048896,0.0,1.0,1.9851851851851852,1.0,3.0,0.14527997783413651
372,Jesse_Derry,38,0.02115195709831099,0.021664226722485247,0.1652507742202759,0.3233117085765303,4.1976943,0.0388233007219395,0.1,2.7599208798246733,MID,7.889500000000001,0.0839999999999999,0.0685,1.3721484807659794,18.05841575,1.0,2.8810185185185184,1.0,3.0,0.16255665335844158
373,Jesurun_Rak-Sakyi,38,0.013368211897726147,0.010854158870948767,0.10856403208643198,0.1996369348650613,3.15529,0.0,0.1,2.366361597019481,MID,3.5,0.08,0.03,0.9154820012004722,0.0,1.0,2.5,1.0,0.45,0.11415789278824438
374,Jhon_Arias,38,0.06123001530691818,0.04009200685583288,0.1283302800435722,0.3346470606552959,4.5047464,0.1100558235943759,0.04,3.2167995396478735,MID,5.27,0.13,0.03,1.8636296707048896,0.0,1.0,1.935185185185185,0.953489732167994,1.14,0.23028962386111554
375,Jim_Thwaites,38,0.012953988275239381,0.015058834539026648,0.18106912366616726,0.2051114315148263,3.3390954,0.0556584924383776,0.1,2.5760712425188372,MID,8.598333333333334,0.0783333333333333,0.0733333333333333,1.1599861823136757,0.0,1.0,3.397530864197531,1.0,3.0,0.11122988892116129
376,Jimmy_Sinclair,38,0.01196350584134225,0.013263045395671373,0.13669884468939086,0.1980963809895135,3.4254591,0.0552690333471095,0.1,2.5285466040525195,MID,6.944545454545456,0.0568181818181818,0.0445454545454545,1.6268186028346507,0.0,1.0,2.978602693602693,1.0,3.0,0.10653184751768208
377,Joachim_Andersen,38,0.016769956778629417,0.02236761996630809,0.15686063122284405,0.2214164354404977,3.1690793,0.5567984658266185,0.22,2.9651011661309075,DEF,8.73,0.03,0.03,1.3031543227991396,0.0,1.0,3.055555555555556,0.9566606789827348,2.26,0.32377045409245797
378,Joe_Anderson,38,0.024542427012124116,0.04758152482464081,0.1,0.2174313841115139,3.1056676,0.2565557467376755,0.1,2.495880450630574,DEF,4.5200000000000005,0.03,0.0225,1.483127612348932,0.0,1.0,2.708333333333333,1.0,3.0,0.433639681780208
379,Joe_Gauci,38,0.006225540660917965,0.007084315921809292,0.1851772875581979,0.1210824738402328,2.7420697,0.0379056163983134,0.1,2.3897121948027156,GKP,12.01,0.0,0.0,1.085727003688141,0.0,1.0,3.908333333333333,1.0,3.0,0.25334112221457034
380,Joe_Gelhardt,38,0.015266650181782531,0.009982234112062362,0.1,0.2537881908128472,3.0130587,0.0,0.07,2.4171489221679847,MID,1.73,0.02,0.0,1.4624541973500107,0.0,1.0,2.9814814814814814,1.0,0.71,0.132774907531655
381,Joe_Gomez,38,0.02376675097509043,0.07048991203226063,0.1,0.2771884232344291,3.7067363,0.3333194217510689,0.18,3.3305255414866397,DEF,-3.07,0.02,0.04,1.4275049403718407,27.5495603,1.0,2.846296296296296,0.954296199515462,1.46,0.4096377723496731
382,Joe_Hodge,38,0.05116710450345261,0.06472790866868057,0.12771079914581776,0.3346470606552959,3.8409238,0.0571975402940979,0.1,3.0157176313094975,MID,6.4468421052631575,0.0557894736842105,0.0378947368421052,1.8636296707048896,0.0,1.0,1.9851851851851852,1.0,3.0,0.2550675185172193
383,Joe_Knight,38,0.015051146592638896,0.017401201310475498,0.16514420731022353,0.2843651376405746,4.0786195,0.05532553580889,0.1,2.7096365589418125,MID,7.6165,0.0855,0.071,1.4654883695230865,0.0,1.0,3.687175925925926,1.0,3.0,0.13634208602937722
384,Joe_Rodon,38,0.07864169933682336,0.05563278955668803,0.12914598778063058,0.2537881908128472,3.4301574,0.2321720606304022,0.09,3.2376575309621503,DEF,8.4,0.03,0.02,1.4624541973500107,79.491396,1.0,2.546296296296296,1.0878714475082234,1.6,0.49065757660754505
385,Joe_White,38,0.014407871840001531,0.016112165938856886,0.15480982767344428,0.2661741155370841,3.8088825,0.0450943150249932,0.1,2.6326732815236964,MID,8.696153846153845,0.09,0.0738461538461538,1.2941403914720286,0.0,1.0,2.988888888888889,1.0,3.0,0.1317914965661743
386,Joe_Willock,38,0.07135290585691832,0.12809217405182907,0.116796032086432,0.2661741155370841,3.814133,0.0379585673634391,0.12,3.19125116338171,MID,5.8,0.07,0.07,1.2941403914720286,47.5468414,1.0,3.081481481481481,0.899342504180968,1.09,0.3261710260736485
387,Joe_Worrall,38,0.020185326004457983,0.03168394449202536,0.1,0.230095077900441,2.722183,0.580157641893559,0.1,3.1635689290134255,DEF,1.87,0.02,0.01,1.5468827004243544,27.62535721,1.0,3.3101851851851847,0.9998953650808998,1.83,0.3300901059484944
388,Joelinton_Cássio Apolinário de Lira,38,0.03936905211240504,0.05493901653362808,0.14133835718011856,0.2661741155370841,3.2957,0.1945566193170073,0.3,2.930523321832129,MID,9.67,0.08,0.05,1.2941403914720286,0.0,1.0,2.840740740740741,0.9822248081788422,1.43,0.2102906776653635
389,John_McGinn,38,0.07469512882817425,0.1606045536237558,0.17820076387894151,0.1210824738402328,3.1651683,0.0509074351490915,0.18,3.1650825907423528,MID,11.47,0.06,0.11,1.085727003688141,72.14508500000001,1.0,3.9703703703703694,1.0444547076821329,1.93,0.33292801680121853
390,John_Ruddy,38,0.008437377876942353,0.009521670522858771,0.16199760171425337,0.2661741155370841,3.3190038,0.0230899647895859,0.1,3.7974943108956105,GKP,9.8,0.005,0.0,1.2941403914720286,0.0,1.0,2.768518518518518,1.0,3.0,0.35046018999079015
391,John_Stones,38,0.06744076179219259,0.031865514684739374,0.12540396579074858,0.3448434516901721,3.843214,0.1089228867239855,0.08,3.5868632066850488,DEF,2.93,0.03,0.01,1.4428233179320902,25.591978,1.0,3.2111111111111104,1.1416147905178369,2.76,0.4889118099693818
392,John_Victor Maciel Furtado,38,0.0005309778561661351,0.0021564635081494105,0.1,0.1980963809895135,3.4492407,0.0,0.1,3.0226985189517315,GKP,4.4,0.0,0.0,1.6268186028346507,25.95387792,1.0,2.846296296296296,1.0,1.44,0.3276813412708673
393,Jonah_Kusi-Asare,38,0.035761665051344156,0.012013848584750722,0.194074092751503,0.0,4.215979,0.0434501590328499,0.1,2.57122177523197,FWD,2.6825,0.2175,0.02,1.3031543227991396,11.0874419,1.0,3.605555555555556,1.0,3.0,0.08821010526588278
394,Jordan_Beyer,38,0.0390462952029934,0.042658943604942684,0.23042103126096725,0.230095077900441,2.9032283,0.0,0.3,2.102657270458137,DEF,13.13,0.04,0.01,1.5468827004243544,0.0,1.0,4.124999999999999,1.0,1.45,0.5726915730139104
395,Jordan_Henderson,38,0.02112888236299833,0.078176005603108,0.20190485366392136,0.1672497495767363,2.7260778,0.0948785354800272,0.12,2.800305583795186,MID,6.73,0.01,0.06,1.2627343678235523,34.1420095,1.0,3.0046296296296293,1.012883994333446,1.21,0.18419670863541485
396,Jordan_Pickford,38,0.00029205849563406004,0.005280056208391713,0.23918331115484237,0.2320315464082492,3.0482612,0.0,0.1,3.5070347080962403,GKP,9.07,0.0,0.0,1.4430141192563402,90.0,1.0,3.2,1.0,2.22,0.33080873974897906
397,Jorge_Cuenca Barreno,38,0.018558589350548316,0.032098384983705444,0.1,0.2214164354404977,2.7362258,0.5730739264896659,0.23,2.934431810855404,DEF,6.67,0.0,0.03,1.3031543227991396,25.3664543,1.0,2.75,1.0626294638067484,1.4,0.34239093920946206
398,Jorrel_Hato,38,0.04012311818986568,0.0691178784766469,0.1,0.3233117085765303,3.435969,0.3690960245361019,0.3,3.7029125872158444,DEF,3.07,0.01,0.03,1.3721484807659794,85.1460552,1.0,2.9490740740740744,0.8872302596767744,0.65,0.43948972511289824
399,Josh_Acheampong,38,0.029733043575087367,0.021401254494653087,0.17635957658290863,0.3233117085765303,3.6463187,0.1704414362154369,0.1,3.368567193617778,DEF,0.67,0.04,0.01,1.3721484807659794,17.358074699999996,1.0,2.9490740740740744,1.0655722493072972,2.1,0.41490044526519504
400,Josh_Cullen,38,0.019568219461507153,0.045070392329543046,0.3016326996054649,0.230095077900441,3.37307,0.184628150683202,0.25,2.953479273962502,MID,14.67,0.04,0.06,1.5468827004243544,0.0,1.0,3.87037037037037,1.0872338443698193,2.06,0.1506496447094206
401,Josh_Dasilva,38,0.032811534018902244,0.04882954473949391,0.130162617729187,0.1672497495767363,3.0526679,0.0366297804092021,0.02,2.7099280267663404,MID,3.6,0.06,0.05,1.2627343678235523,2.43019114,1.0,3.0046296296296293,1.1178121327954744,1.36,0.17723116043518541
402,Josh_Gracey,38,0.008208133459477466,0.009383492246646802,0.17557622690778962,0.3346470606552959,2.6724384,0.0359749806404014,0.1,4.168759994634504,GKP,11.54,0.0,0.0,1.8636296707048896,0.0,1.0,1.9820987654320985,1.0,3.0,0.4013748225923427
403,Josh_King,38,0.09781630972057603,0.0872342524577374,0.1285865136809647,0.2214164354404977,3.6714878,0.0513481991817464,0.1,3.2061204198310476,MID,5.13,0.1,0.03,1.3031543227991396,35.820025,1.0,3.055555555555556,0.9406861262788117,1.3,0.31555873694388187
404,Josh_Laurent,38,0.0360412227906173,0.01913574336883122,0.11309689200469843,0.230095077900441,3.5405824,0.0570002550382222,0.21,2.5834738364911702,MID,4.13,0.03,0.02,1.5468827004243544,45.2422042,1.0,3.819444444444444,1.036634652763605,1.82,0.17316386518176496
405,Josh_Nichols,38,0.012842821219636816,0.014692973725014673,0.10654662008629395,0.4137809993029863,3.8514833,0.1244772376821097,0.1,3.522100264038743,DEF,5.490769230769231,0.0376923076923077,0.0346153846153846,1.287355717607569,0.0,1.0,1.5169515669515663,1.0,3.0,0.4490695402121985
406,Joshua_Stephenson,38,0.010054817074080425,0.012852633490488473,0.1,0.1672497495767363,2.572444,0.1490426518870143,0.1,1.509601812694025,DEF,5.922499999999999,0.0408333333333333,0.035,1.2627343678235523,0.0,1.0,3.356867283950617,1.0,3.0,0.4600083164503405
407,Joshua_Zirkzee,38,0.07511554801532551,0.04886035334010881,0.15527806202077865,0.0,3.9405415,0.0312975704910373,0.1,2.7886744504386094,FWD,3.67,0.19,0.03,1.1599861823136757,18.254129,1.0,3.081481481481481,0.9680874908417464,1.7,0.1996382370658215
408,José_Malheiro de Sá,38,0.000250683790522,0.011725267821957349,0.18090473662161818,0.3346470606552959,2.8995013,0.0,0.08,4.1658278958690715,GKP,12.53,0.0,0.0,1.8636296707048896,47.9237511,1.0,1.9703703703703697,1.0,1.99,0.40165732841140583
409,João_Maria Lobo Alves Palhares Costa Palhinha Gonçalves,38,0.07920439933670176,0.0494298480890316,0.2456131099343299,0.249827415939737,4.1589165,0.2646560001491936,0.22,3.491448300585005,MID,11.47,0.08,0.02,1.4573866124957218,68.88252499999999,1.0,2.4685185185185183,1.054801357675344,2.55,0.23014736104547773
410,João_Pedro Ferreira da Silva,38,0.1012886341779116,0.05059137429991921,0.13669884468939086,0.1980963809895135,3.4254591,0.0552690333471095,0.1,3.084930675765536,MID,6.944545454545456,0.0568181818181818,0.0445454545454545,1.6268186028346507,0.0,1.0,2.978602693602693,1.0,3.0,0.28771319639771004
411,João_Pedro Junqueira de Jesus,38,0.33229056530056,0.09294534993396673,0.2886914015774727,0.0,4.850752,0.0323486463825568,0.15,4.294718182759864,FWD,9.33,0.28,0.04,1.3721484807659794,58.55541374999999,1.0,2.9944444444444445,1.0583868548870088,2.67,0.47591600714180865
412,João_Victor Gomes da Silva,38,0.0479849122984703,0.0751748975343364,0.21812860639917853,0.3346470606552959,3.1335769,0.4018693714458916,0.28,3.569918564655354,MID,15.0,0.03,0.05,1.8636296707048896,83.554791,1.0,1.9703703703703697,1.0007313683629036,1.76,0.22051744417272653
413,João_Victor de Souza Menezes,38,0.010742316746859097,0.011479708819531547,0.1,0.249827415939737,3.6078033,0.0797998477462288,0.1,2.3415383548165885,DEF,-2.5,0.0,0.01,1.4573866124957218,15.37815216,1.0,2.583333333333333,1.0,0.42,0.4199171124434084
414,Joél_Drakes-Thomas,38,0.009970546708126917,0.011426656088052498,0.13896660720727436,0.1996369348650613,3.1941955,0.0411600207605978,0.1,2.464867904945255,MID,5.725,0.0725,0.0645,0.9154820012004722,0.213235372,1.0,2.965,1.0,3.0,0.10280396161503574
415,Joël_Piroe,38,0.05269930501761571,0.017742606999300418,0.1016760320864319,0.0,3.8796294,0.0206122124302905,0.0,2.609253591180496,FWD,2.53,0.1,0.01,1.4624541973500107,4.59779551,1.0,2.546296296296296,1.0,0.26,0.12814440536534785
416,Joël_Veltman,38,0.045229931591811934,0.032951950005824515,0.1,0.2843651376405746,3.4305277,0.420426836097935,0.22,3.527168454251826,DEF,1.13,0.05,0.02,1.4654883695230865,37.5257171,1.0,3.514814814814814,0.9951775488704444,1.43,0.3972901167845792
417,Joško_Gvardiol,38,0.10697401953499411,0.05122698186562644,0.24819887158060067,0.3448434516901721,4.3466825,0.1939733465577101,0.1,4.190342038932268,DEF,9.6,0.09,0.03,1.4428233179320902,71.20990699999999,1.0,3.2111111111111104,1.0488977018594745,2.56,0.49553352135552425
418,Julian_Eyestone,38,0.0075125947868643515,0.009170958290458631,0.20653939445424083,0.1672497495767363,3.1302943,0.0366297804092021,0.1,2.75333041172859,GKP,13.0,0.0,0.005,1.2627343678235523,0.0,1.0,3.208333333333333,1.0,3.0,0.3037226278115563
419,Julio_Enciso Espínola,38,0.09841339102463682,0.08940981239730382,0.16514420731022353,0.2843651376405746,4.0786195,0.05532553580889,0.1,3.3426260188058965,MID,7.6165,0.0855,0.071,1.4654883695230865,0.0,1.0,3.687175925925926,1.0,3.0,0.32093303793585093
420,Julio_Soler Barreto,38,0.012911316802009475,0.013160564488992915,0.1,0.2459506504635776,3.871368,0.104396536758312,0.1,2.3942142340122627,DEF,5.973125,0.02125,0.030625,1.3171634869420366,4.981939919999999,1.0,3.2925925925925923,1.0,3.0,0.4132866395334826
421,Julián_Araujo Zúñiga,38,0.011679769809916422,0.029230462164909394,0.1,0.2459506504635776,3.8898351,0.0,0.17,2.166237207480199,DEF,-3.33,0.0,0.01,1.3171634869420366,0.0,1.0,3.2666666666666666,1.0,0.66,0.47830835338338235
422,Jun'ai_Byfield,38,0.010885098712006406,0.013769084175696281,0.10003579846113922,0.249827415939737,3.679745,0.1123771026978151,0.1,2.421760016420762,DEF,5.185625,0.025625,0.0375,1.4573866124957218,0.459868261,1.0,2.9277777777777776,1.0,3.0,0.40960457555185864
423,Junior_Kroupi,38,0.2614402625694949,0.11384406423770192,0.16615542857551566,0.0,4.760847,0.0483187628699068,0.16,3.921174119128437,FWD,5.87,0.22,0.06,1.3171634869420366,74.9043002,1.0,2.9555555555555557,1.1849935553520918,2.35,0.4454174006834895
424,Jurriën_Timber,38,0.033222150038731794,0.04758070418135411,0.1820337896399497,0.4137809993029863,4.252802,0.1334383193376889,0.15,3.8229482787362956,DEF,8.93,0.08,0.04,1.287355717607569,0.0,1.0,1.448148148148148,0.9454078430309892,2.2,0.4776292363631963
425,Justin_Devenny,38,0.06693048753682931,0.03669275034021701,0.10623603208643198,0.1996369348650613,2.9314296,0.0416039010047125,0.02,2.841287513338427,MID,3.93,0.1,0.03,0.9154820012004722,33.5207106,1.0,3.2,1.02196236607783,0.91,0.2296784740853569
426,Justin_Kluivert,38,0.10560643582101119,0.10547973467758556,0.1450739497458935,0.2459506504635776,4.214876,0.0394424233394805,0.22,3.255543315211458,MID,6.87,0.12,0.09,1.3171634869420366,19.9481505,1.0,2.9555555555555557,1.1037209359183906,1.73,0.349013023411858
427,Jérémy_Doku,38,0.18146246142685488,0.3040722791040374,0.2872057972068786,0.3448434516901721,4.745351,0.081515380428492,0.02,4.755038721681385,MID,14.4,0.09,0.16,1.4428233179320902,70.91560299999999,1.0,3.085185185185185,1.0524346200078727,2.77,0.4853302324607653
428,Jørgen_Strand Larsen,38,0.11049334515854842,0.046615405602289786,0.1,0.0,3.7300758,0.0285294130642131,0.1,2.872700754774912,FWD,4.4,0.13,0.04,0.9154820012004722,48.3522151,1.0,3.15,1.039241301678121,1.21,0.2551806945619977
429,Kadan_Young,38,0.018733687796547105,0.03483744209182415,0.1599540163668195,0.1210824738402328,3.2413745,0.0607272188637295,0.1,2.586064211016454,MID,8.050555555555555,0.1027777777777777,0.0683333333333333,1.085727003688141,0.0,1.0,3.86008230452675,1.0,3.0,0.12310157021981691
430,Kaden_Rodney,38,0.010315008091606997,0.011793150669595017,0.13896660720727436,0.1996369348650613,3.1941955,0.0411600207605978,0.1,2.467694462213002,MID,5.725,0.0725,0.0645,0.9154820012004722,1.94363546,1.0,2.965,1.0,3.0,0.10395890115279884
431,Kaelan_Casey,38,0.009503802913913334,0.012700038830586373,0.1,0.2292814952060826,3.2757435,0.1266782905488101,0.1,2.182845996629475,DEF,6.417368421052632,0.0194736842105263,0.0310526315789473,1.5087757986722805,0.0,1.0,3.694736842105263,1.0,3.0,0.4157142031947717
432,Kai_Havertz,38,0.22078973961235748,0.08201666111873424,0.1610573181920052,0.0,4.5535126,0.0381109280889185,0.2,3.5579251101064506,FWD,5.33,0.23,0.05,1.287355717607569,39.6459835,1.0,1.4055555555555552,0.9596869993656876,2.25,0.4010661409748621
433,Kalvin_Phillips,38,0.02784443008683056,0.040951133413493906,0.1173720320864319,0.3448434516901721,3.2027972,0.0,0.2,2.557342231269815,MID,8.2,0.02,0.02,1.4428233179320902,0.0,1.0,4.281481481481481,1.0,0.66,0.22220451118637585
434,Karl_Darlow,38,0.00028145221523414004,0.011641852478386174,0.1775499330806732,0.2537881908128472,3.532736,0.0,0.05,3.5974363002239578,GKP,13.6,0.0,0.0,1.4624541973500107,90.0,1.0,2.546296296296296,1.0,1.83,0.3527347944938562
435,Karl_Hein,38,0.010859119584941382,0.011347273955946532,0.22546227267432203,0.4137809993029863,3.8630323,0.0381109280889185,0.1,4.452238329848265,GKP,14.665,0.0,0.0,1.287355717607569,0.0,1.0,1.533333333333333,1.0,3.0,0.4646887347976812
436,Kaye_Furo,38,0.02687102971388716,0.013602482959373854,0.23486964784002307,0.0,4.1379533,0.046107452430379,0.1,2.5671084633752272,FWD,3.6,0.2266666666666666,0.0499999999999999,1.2627343678235523,6.285025899999999,1.0,3.4459876543209877,1.0,3.0,0.07244641168358007
437,Keane_Lewis-Potter,38,0.14096292296826302,0.12369663035294087,0.1,0.1672497495767363,3.494142,0.0913409095721828,0.08,2.609363177944435,DEF,3.8,0.09,0.08,1.2627343678235523,78.573,1.0,3.0046296296296293,1.0361396025195715,2.69,0.7366554729750302
438,Keiber_Lamadrid,38,0.011861537521901866,0.013217631819686583,0.1567157337733507,0.2292814952060826,3.3721461,0.0534173484739508,0.1,2.559336707993953,MID,7.7375,0.058125,0.0425,1.5087757986722805,0.0,1.0,3.5656250000000003,1.0,3.0,0.1147186299501763
439,Kendry_Páez Andrade,38,0.015741684609312804,0.01792245306535846,0.1652507742202759,0.3233117085765303,4.1976943,0.0388233007219395,0.1,2.721690203613324,MID,7.889500000000001,0.0839999999999999,0.0685,1.3721484807659794,0.0,1.0,2.8810185185185184,1.0,3.0,0.1492326246739756
440,Kenny_Tete,38,0.03924200624529503,0.05227942656853338,0.1560134290047287,0.2214164354404977,3.4349217,0.4097991639662115,0.18,2.9559159379965925,DEF,10.6,0.04,0.05,1.3031543227991396,32.1045546,1.0,2.6277777777777773,0.97617970488593,1.88,0.40859775457206027
441,Kepa_Arrizabalaga,38,0.001656740935196277,0.005633192180479477,0.16478960551726812,0.4137809993029863,3.9082546,0.0,0.08,4.697145737255672,GKP,8.93,0.0,0.0,1.287355717607569,28.43391836,1.0,2.5129629629629626,1.0,2.18,0.4404600394033543
442,Kevin_Danso,38,0.04689315013813753,0.03180118408683895,0.1,0.249827415939737,3.676878,0.6422028521868173,0.24,3.620917923354705,DEF,6.2,0.02,0.01,1.4573866124957218,77.276197,1.0,2.4685185185185183,0.9747868504151704,1.8,0.355524616915245
443,Kevin_Santos Lopes de Macedo,38,0.055068243170071945,0.08798396813990696,0.12022803208643199,0.2214164354404977,3.252667,0.0463403916124495,0.04,2.9913912918198173,MID,5.33,0.06,0.07,1.3031543227991396,22.2699357,1.0,3.055555555555556,0.989318230561912,1.18,0.260465416073829
444,Kevin_Schade,38,0.18422601048345572,0.10363039925804092,0.13901414277982704,0.1672497495767363,3.8411803,0.0460517254225144,0.18,3.588781802664834,MID,4.13,0.15,0.03,1.2627343678235523,70.0495282,1.0,3.0046296296296293,1.0366052877232432,1.99,0.4177980989773109
445,Ki-Jana_Hoever,38,0.01589140475624102,0.05651345039848391,0.1,0.3346470606552959,2.5096314,0.3905187568315739,0.0,3.79380830265535,DEF,3.5,0.0,0.04,1.8636296707048896,0.0,1.0,2.1111111111111107,1.0,0.88,0.38660481963133897
446,Kian_McMahon-Brown,38,0.009233160039081785,0.012187986895708037,0.128870188346972,0.230095077900441,3.2982495,0.0440550110211482,0.1,2.4925859797372096,MID,6.362777777777778,0.0461111111111111,0.0477777777777777,1.5468827004243544,0.0,1.0,4.126697530864196,1.0,3.0,0.11084777023813626
447,Kieran_Morrison,38,0.01829320267693181,0.01785818376615308,0.18061434824375308,0.2771884232344291,4.2467885,0.0660566149359336,0.1,2.774118053595275,MID,9.00388888888889,0.1038888888888888,0.0666666666666666,1.4275049403718407,0.0,1.0,2.846296296296296,1.0,3.0,0.13809115932146904
448,Kieran_Trippier,38,0.04175243327127168,0.1257737353053814,0.28062329048728946,0.2661741155370841,3.3627253,0.0665695576553266,0.1,3.155920184560003,DEF,6.67,0.0,0.07,1.2941403914720286,68.7488679,1.0,3.081481481481481,1.1037375231981277,1.9,0.5166895312052066
449,Kiernan_Dewsbury-Hall,38,0.19732859050729443,0.22953900058376456,0.2842047562875747,0.2320315464082492,4.5416512,0.2343407663959154,0.15,4.689859511662014,MID,13.6,0.13,0.12,1.4430141192563402,90.0,1.0,3.2,1.1287396910265088,2.47,0.437404378915936
450,Kim_Ji-soo,38,0.010054817074080425,0.012852633490488473,0.1,0.1672497495767363,2.572444,0.1490426518870143,0.1,1.509601812694025,DEF,5.922499999999999,0.0408333333333333,0.035,1.2627343678235523,0.0,1.0,3.356867283950617,1.0,3.0,0.4600083164503405
451,Kjell_Scherpen,38,0.00976838226689302,0.009604894659272285,0.2506915015015601,0.2843651376405746,3.6250792,0.0325703965427313,0.1,4.255440494695592,GKP,14.935,0.0,0.0,1.4654883695230865,0.0,1.0,3.7513888888888887,1.0,3.0,0.3341195088910723
452,Kobbie_Mainoo,38,0.03987825152723474,0.07066964277556302,0.20704622502057257,0.2051114315148263,3.13689,0.2234012267088828,0.02,3.2901597385799906,MID,16.53,0.02,0.05,1.1599861823136757,81.34199999999998,1.0,3.081481481481481,1.0230449150949716,1.86,0.1895641438727681
453,Konstantinos_Mavropanos,38,0.0927415082839093,0.03517429154862858,0.1500869546622038,0.2292814952060826,3.803696,0.538789487965094,0.1,3.6606536903897116,DEF,11.07,0.07,0.02,1.5087757986722805,87.591,1.0,3.45,0.9478366213180126,2.34,0.41656429624450403
454,Konstantinos_Tsimikas,38,0.022868441699379717,0.06569935346043218,0.16021485295939436,0.2771884232344291,3.8839486,0.0,0.1,2.787887077155254,DEF,6.47,0.03,0.13,1.4275049403718407,0.0,1.0,2.89537037037037,1.0,1.52,0.4814334716531974
455,Kristoffer_Ajer,38,0.03434650174879612,0.043405256286637,0.1,0.1672497495767363,2.4125564,0.429293708939124,0.15,2.244712547901546,DEF,5.73,0.01,0.02,1.2627343678235523,52.569304200000005,1.0,3.0046296296296293,0.972982319496572,1.9,0.42598071506047336
456,Krisztián_Hegyi,38,0.0087088097462383,0.008796638280657257,0.15830875860261917,0.2292814952060826,3.2554202,0.0306793383665913,0.1,3.574950777404297,GKP,10.733333333333334,0.0,0.0,1.5087757986722805,0.0,1.0,3.6,1.0,3.0,0.32067783514009596
457,Kyle_Walker,38,0.031358561598260996,0.06853584630142863,0.18038607999467848,0.230095077900441,3.0122283,0.1401074995582953,0.28,2.40095089409863,DEF,6.33,0.0,0.03,1.5468827004243544,89.4098132,1.0,3.819444444444444,0.9772871932685376,1.28,0.517372222613258
458,Kyle_Walker-Peters,38,0.04118896941261895,0.06390573011738847,0.1,0.2292814952060826,3.1624327,0.2057305927803512,0.1,2.6716671604476,DEF,5.73,0.02,0.02,1.5087757986722805,67.703708,1.0,3.55,0.9856649223417046,1.41,0.4819062179087951
459,Ladislav_Krejcí,38,0.05527487235922593,0.037890424711418666,0.1,0.3346470606552959,2.5684896,0.2821951235122487,0.15,3.621453682891742,DEF,6.33,0.03,0.03,1.8636296707048896,42.18730299999999,1.0,1.9703703703703697,0.9838194951191545,1.89,0.4582079385652417
460,Lamare_Bogarde,38,0.01668056160994739,0.023804032438335784,0.1,0.1210824738402328,1.9221997,0.2002921045284209,0.2,1.044591779058786,DEF,-1.93,0.0,0.01,1.085727003688141,60.704444,1.0,4.094444444444444,0.9544515140354634,1.66,0.5869718980062055
461,Landon_Emenalo,38,0.015741684609312804,0.01792245306535846,0.1652507742202759,0.3233117085765303,4.1976943,0.0388233007219395,0.1,2.721690203613324,MID,7.889500000000001,0.0839999999999999,0.0685,1.3721484807659794,0.0,1.0,2.8810185185185184,1.0,3.0,0.1492326246739756
462,Largie_Ramazani,38,0.014374760208671466,0.016059395278317325,0.1562579720755114,0.2537881908128472,3.690518,0.0345547097591815,0.1,2.591817704356148,MID,7.32,0.0699999999999999,0.0552941176470588,1.4624541973500107,0.0,1.0,2.4858387799564268,1.0,3.0,0.12990638854667838
463,Leander_Dendoncker,38,0.02470779772127399,0.020701776456324848,0.1608311937313079,0.1210824738402328,2.6391728,0.0,0.0,2.481495770199805,MID,6.4,0.04,0.01,1.085727003688141,0.0,1.0,3.536111111111111,1.0,1.51,0.1221621693380074
464,Leandro_Trossard,38,0.2052617206531544,0.17569222310106208,0.22359062503480912,0.4137809993029863,4.4264545,0.0493271261301763,0.05,4.349117304212196,MID,9.67,0.13,0.09,1.287355717607569,71.684766,1.0,1.4055555555555552,1.1247345164194702,2.38,0.4730426147820389
465,Leny_Yoro,38,0.043936314969447485,0.03069025928926541,0.11014518667012452,0.2051114315148263,2.729483,0.3671387783008663,0.1,2.620966191506941,DEF,3.0,0.06,0.03,1.1599861823136757,69.87112219999999,1.0,3.1407407407407404,0.9459865783527494,1.12,0.4226773099083179
466,Leo_Fuhr Hjelde,38,0.008651970211582195,0.009383286197591843,0.1,0.2174313841115139,3.1056676,0.2565557467376755,0.1,2.2860346681486337,DEF,4.5200000000000005,0.03,0.0225,1.483127612348932,0.0,1.0,2.708333333333333,1.0,3.0,0.37145142008064463
467,Leo_Shahar,38,0.011086584503024816,0.012638673029179207,0.1328172732785506,0.2661741155370841,3.4033577,0.139539779758395,0.1,2.647309947418852,DEF,4.974545454545456,0.0409090909090909,0.0327272727272727,1.2941403914720286,0.0,1.0,2.880134680134681,1.0,3.0,0.39536122053602024
468,Leon_Bailey,38,0.0323945744703377,0.08838008150354645,0.11358510409113765,0.1210824738402328,3.0822055,0.0490644725278789,0.12,2.7185516629317727,MID,3.67,0.06,0.14,1.085727003688141,20.5204842,1.0,4.094444444444444,1.0217272631675005,1.05,0.21170405683974877
469,Leon_Chiwome,38,0.1644549445131916,0.04547729647954808,0.1107591764606918,0.0,4.1454186,0.0422737147381172,0.1,3.1922179869971408,FWD,4.128571428571429,0.1128571428571428,0.0357142857142857,1.8636296707048896,0.0,1.0,2.246825396825397,1.0,3.0,0.3163281842318509
470,Leon_Routh,38,0.00781256477778802,0.009570865308505067,0.1,0.1210824738402328,1.9599895,0.1126461945947608,0.1,0.8676476663060515,DEF,4.327857142857143,0.0271428571428571,0.0307142857142857,1.085727003688141,0.0,1.0,3.930489417989419,1.0,3.0,0.5844668190077021
471,Lesley_Ugochukwu,38,0.03822285557878258,0.04518680085317953,0.24782660429000855,0.230095077900441,3.1583939,0.0745380020573169,0.1,2.891102539789663,MID,8.8,0.03,0.01,1.5468827004243544,40.245326000000006,1.0,3.819444444444444,1.047500321984291,1.51,0.18952523591374645
472,Levi_Colwill,38,0.06926619952093158,0.03390654909708422,0.14506725773710014,0.3233117085765303,3.635871,0.2174312050858065,0.22,3.594874038163917,DEF,10.93,0.06,0.01,1.3721484807659794,81.77736119999999,1.0,2.9944444444444445,0.9450545956343412,2.06,0.47208984955166716
473,Lewis_Cook,38,0.0289652191155191,0.05134729660531246,0.1795588847334385,0.2459506504635776,3.9847496,0.2826252397491047,0.18,3.2409134663261563,MID,11.4,0.01,0.05,1.3171634869420366,15.9993016,1.0,2.9555555555555557,0.994520765297115,1.44,0.16373471228956177
474,Lewis_Dobbin,38,0.03719144524954975,0.03924748407864072,0.11031603208643198,0.1210824738402328,2.8089116,0.0,0.08,2.499549925308668,MID,3.25,0.04,0.01,1.085727003688141,0.0,1.0,4.652777777777778,1.0,1.1,0.1739754703072745
475,Lewis_Dunk,38,0.05412025272580444,0.03378976783966444,0.16291860389369728,0.2843651376405746,3.8629353,0.2457871979091,0.28,3.27832878258389,DEF,12.6,0.07,0.01,1.4654883695230865,53.0194156,1.0,3.514814814814814,0.9683775799870492,2.19,0.44594210406264795
476,Lewis_Hall,38,0.08526924561329306,0.143710191799985,0.14640599167597285,0.2661741155370841,3.2664278,0.1557784812957052,0.1,3.513371621984887,DEF,6.93,0.03,0.07,1.2941403914720286,68.7728865,1.0,3.081481481481481,1.0327790414094924,1.86,0.5619884160932185
477,Lewis_Miley,38,0.028342114905182538,0.061243509964346146,0.22316668849712612,0.2661741155370841,3.6922748,0.1151867403013321,0.0,3.119794952708331,MID,15.33,0.05,0.06,1.2941403914720286,0.0,1.0,2.648148148148148,1.1168827937915922,1.86,0.18496371301133271
478,Lewis_O'Brien,38,0.019702555268414784,0.03286015008956063,0.10945203208643198,0.1980963809895135,3.0412133,0.0,0.15,2.408337261042947,MID,5.62,0.0,0.0,1.6268186028346507,0.0,1.0,3.34037037037037,1.0,0.86,0.15718964083479642
479,Lewis_Orford,38,0.011861537521901866,0.013217631819686583,0.1567157337733507,0.2292814952060826,3.3721461,0.0534173484739508,0.1,2.559336707993953,MID,7.7375,0.058125,0.0425,1.5087757986722805,0.0,1.0,3.5656250000000003,1.0,3.0,0.1147186299501763
480,Liam_Delap,38,0.21685439910981044,0.04921532591193616,0.1,0.0,4.6573863,0.0299095834788306,0.2,3.3830895319948007,FWD,2.13,0.18,0.01,1.3721484807659794,46.65667739999999,1.0,2.9490740740740744,0.9551499510332944,1.13,0.3827788094948909
481,Lino_da Cruz Sousa,38,0.00781256477778802,0.009570865308505067,0.1,0.1210824738402328,1.9599895,0.1126461945947608,0.1,0.8676476663060515,DEF,4.327857142857143,0.0271428571428571,0.0307142857142857,1.085727003688141,0.0,1.0,3.930489417989419,1.0,3.0,0.5844668190077021
482,Lisandro_Martínez,38,0.026749791458845,0.035905389933056336,0.17242196982300273,0.2051114315148263,2.6349144,0.299741910567662,0.2,2.3581818381110984,DEF,10.4,0.02,0.03,1.1599861823136757,48.2128345,1.0,3.081481481481481,1.052053871598433,3.05,0.42992527725040175
483,Lorenzo_Lucca,38,0.13658993655429003,0.042922314435060914,0.1,0.0,4.462558,0.0378374155739514,0.1,3.069811367048896,FWD,3.25,0.2,0.0,1.6268186028346507,9.4325988,1.0,2.846296296296296,1.0,1.3,0.2789107983480464
484,Loum_Tchaouna,38,0.09009258620453912,0.09986450377566981,0.11336403208643199,0.230095077900441,3.6024032,0.0371078540815028,0.07,3.1906957963951306,MID,5.67,0.06,0.04,1.5468827004243544,63.4058585,1.0,3.819444444444444,1.0868340938650072,1.02,0.319405128008132
485,Luca_Koleosho,38,0.057558393732534185,0.04806530265507315,0.1,0.230095077900441,4.198702,0.0,0.0,2.907532531188886,MID,3.13,0.09,0.05,1.5468827004243544,0.0,1.0,3.391666666666666,1.0,1.06,0.22839615713775097
486,Luca_Netz,38,0.016860440467610056,0.03850424021374477,0.1,0.1980963809895135,3.3112228,0.2689743748060647,0.1,2.2655395817915984,DEF,-0.17,0.0,0.06,1.6268186028346507,64.148191,1.0,3.1148148148148143,1.0,0.95,0.4121952318709905
487,Lucas_Bergvall,38,0.0733879092299565,0.0757986286266111,0.10165203208643199,0.249827415939737,3.6672955,0.042442491306933,0.1,3.02819105525398,MID,4.4,0.05,0.02,1.4573866124957218,29.9044764,1.0,2.4685185185185183,0.99043125285718,1.49,0.2843977659047661
488,Lucas_Digne,38,0.02813896549334462,0.09083307887160325,0.1,0.1210824738402328,2.4333076,0.2076422846728538,0.1,1.4725434741513241,DEF,4.13,0.02,0.11,1.085727003688141,51.53325689999999,1.0,3.9703703703703694,0.9632677627876404,2.07,0.6217299647731305
489,Lucas_Estella Perri,38,0.0017341867363149103,0.0044827059155155835,0.11581727005684377,0.2537881908128472,3.5722938,0.0,0.12,3.5395659298535875,GKP,7.27,0.0,0.0,1.4624541973500107,29.86375348,1.0,2.3148148148148144,1.0,2.27,0.35850185565457887
490,Lucas_Pires Silva,38,0.02710394358167421,0.08099612317693934,0.1,0.230095077900441,3.1606147,0.1827080905051006,0.11,2.594882175839061,DEF,3.67,0.01,0.07,1.5468827004243544,54.3518284,1.0,3.819444444444444,0.9976963307191102,1.4,0.4843746804525334
491,Lucas_Tolentino Coelho de Lima,38,0.053689359599327885,0.0320821750656097,0.19275473583912842,0.2292814952060826,4.377582,0.132169813439681,0.3,2.9345935514003965,MID,11.27,0.08,0.08,1.5087757986722805,0.0,1.0,3.75,1.0181726779937743,2.51,0.20029897118248094
492,Lucá_Williams-Barnett,38,0.015029694601738234,0.01691567866895295,0.17773838319658147,0.249827415939737,3.938327,0.0648639403057338,0.1,2.6995598299706014,MID,7.145909090909091,0.0759090909090909,0.065,1.4573866124957218,0.0,1.0,2.990404040404041,1.0,3.0,0.12596074247389177
493,Luis_Díaz,38,0.12392208659700472,0.07100623188091001,0.24666882538318635,0.2771884232344291,5.394928,0.0,0.05,3.546763805784415,MID,12.67,0.29,0.1,1.4275049403718407,0.0,1.0,3.0425925925925923,1.0,2.71,0.3227571572144731
494,Luis_Eduardo Soares da Silva,38,0.009474242802718726,0.011801879476988264,0.12488450121412586,0.1980963809895135,3.0105135,0.0931519193832931,0.1,1.7813013118446799,DEF,6.75,0.0256521739130434,0.0304347826086956,1.6268186028346507,0.0,1.0,3.108276972624798,1.0,3.0,0.44632892628333326
495,Luis_Guilherme Lira dos Santos,38,0.042167219465424434,0.03801852805660855,0.1479000320864319,0.2292814952060826,3.154765,0.0306793383665913,0.0,2.800092314366424,MID,3.4,0.05,0.02,1.5087757986722805,0.0,1.0,3.55,0.9542297305166724,0.15,0.1944964085015882
496,Luis_Sinisterra Lucumí,38,0.04381924468169965,0.017731370243477526,0.17264964426136015,0.2459506504635776,4.1932073,0.0,0.11,2.7239531322884547,MID,5.8,0.16,0.03,1.3171634869420366,0.0,1.0,2.592592592592593,1.0,2.06,0.18284199498308112
497,Luka_Bentt,38,0.01282206181450793,0.015481387253364296,0.15878181752545825,0.1672497495767363,3.019629,0.0658750805739278,0.1,2.5178787675931273,MID,7.421333333333332,0.068,0.066,1.2627343678235523,0.0,1.0,3.194753086419753,1.0,3.0,0.10205330757376002
498,Luka_Vušković,38,0.010880362989082766,0.013519404324851962,0.10003579846113922,0.249827415939737,3.679745,0.1123771026978151,0.1,2.4209682920980757,DEF,5.185625,0.025625,0.0375,1.4573866124957218,0.0,1.0,2.9277777777777776,1.0,3.0,0.4093751633003479
499,Lukas_Nmecha,38,0.2494495298204412,0.05894573485987018,0.201619189608097,0.0,4.6278563,0.0217297537924103,0.0,3.822462304187529,FWD,5.0,0.25,0.05,1.4624541973500107,31.3803015,1.0,2.546296296296296,1.028017776671797,2.24,0.3917770626408206
500,Lukasz_Fabianski,38,0.0013347000718630553,0.0036722677813939984,0.24239538817858688,0.2292814952060826,3.0893018,0.0,0.02,3.887450777404297,GKP,16.2,0.0,0.0,1.5087757986722805,28.61516194,1.0,4.85,1.0,1.76,0.2948995477174594
501,Luke_Harris,38,0.01253530031037605,0.015153767923628166,0.16798504325552777,0.2214164354404977,3.2581084,0.0610561570043384,0.1,2.576949792838474,MID,7.882777777777779,0.0666666666666666,0.0711111111111111,1.3031543227991396,0.0,1.0,3.3712962962962965,1.0,3.0,0.11548541295870568
502,Luke_O'Nien,38,0.01301101534743455,0.01685635173084175,0.1,0.2174313841115139,3.0443356,0.2189149279767798,0.18,2.1809878252033235,DEF,-1.18,0.01,0.01,1.483127612348932,36.3300354,1.0,2.6851851851851847,1.0,1.74,0.4139835305817503
503,Luke_Rawlings,38,0.01307429246393509,0.014322047104804963,0.12771079914581776,0.3346470606552959,3.8409238,0.0571975402940979,0.1,2.6729162753284266,MID,6.4468421052631575,0.0557894736842105,0.0378947368421052,1.8636296707048896,0.0,1.0,1.9851851851851852,1.0,3.0,0.14527997783413651
504,Luke_Shaw,38,0.035363297562767494,0.04961547353908371,0.12579372635743014,0.2051114315148263,2.526416,0.183117925177129,0.22,2.1464604747534075,DEF,8.87,0.02,0.05,1.1599861823136757,87.777969,1.0,3.081481481481481,1.0226665300279856,1.99,0.5201325939258332
505,Lutsharel_Geertruida,38,0.03578794264551466,0.04605076794324958,0.1,0.2174313841115139,3.0600743,0.2005371427780219,0.04,2.4943860631095442,DEF,6.13,0.04,0.03,1.483127612348932,45.156061,1.0,2.6851851851851847,1.0421908306817596,1.38,0.46111710597008726
506,Luís_Hemir Silva Semedo,38,0.017544048454757044,0.009750290209882722,0.17125794086337093,0.0,4.1345015,0.025390387562703,0.1,2.4250708741753217,FWD,4.22,0.1466666666666666,0.0233333333333333,1.483127612348932,0.0,1.0,2.7006172839506166,1.0,3.0,0.0512892385962266
507,Lyle_Foster,38,0.1069395437962279,0.0425366217100348,0.12392720924448959,0.0,4.328197,0.0262288859389633,0.1,2.921713756033642,FWD,3.2,0.11,0.02,1.5468827004243544,36.2334112,1.0,3.717592592592592,0.9841628541871906,1.38,0.23982847057055617
508,Mads_Hermansen,38,0.0032503412632785404,0.014171907180490906,0.1899867473046779,0.2292814952060826,3.6293173,0.0,0.02,3.537450777404297,GKP,13.13,0.0,0.0,1.5087757986722805,90.0,1.0,3.45,1.0,2.29,0.3240772941218482
509,Mads_Roerslev Rasmussen,38,0.01258272849562325,0.04983946432597108,0.1,0.1672497495767363,2.757172,0.0,0.08,1.3759572930925987,DEF,2.6,0.02,0.1,1.2627343678235523,0.0,1.0,4.583333333333333,1.0,1.1,0.6080247124298848
510,Malcolm_Ebiowei,38,0.010001086283970357,0.011340712448527737,0.13896660720727436,0.1996369348650613,3.1941955,0.0411600207605978,0.1,2.4647560883087345,MID,5.725,0.0725,0.0645,0.9154820012004722,0.0,1.0,2.965,1.0,3.0,0.10275821854351185
511,Malcom_DaCosta,38,0.0158042903170599,0.0194508519723579,0.15905806103140108,0.2459506504635776,4.379335,0.0661536250750705,0.1,2.73822831751704,MID,7.959333333333335,0.0893333333333333,0.076,1.3171634869420366,0.0,1.0,3.0765432098765446,1.0,3.0,0.12775304805039564
512,Maldini_Kacurri,38,0.012842821219636816,0.014692973725014673,0.10654662008629395,0.4137809993029863,3.8514833,0.1244772376821097,0.1,3.522100264038743,DEF,5.490769230769231,0.0376923076923077,0.0346153846153846,1.287355717607569,0.0,1.0,1.5169515669515663,1.0,3.0,0.4490695402121985
513,Malick_Thiaw,38,0.14046150579372313,0.0418854612663924,0.19474033298301696,0.2661741155370841,2.9943964,0.2367951584737203,0.12,3.684993790139979,DEF,8.4,0.12,0.02,1.2941403914720286,90.0,1.0,3.081481481481481,0.9680093882828952,2.82,0.5392192968306873
514,Malick_Yalcouyé,38,0.015051146592638896,0.017401201310475498,0.16514420731022353,0.2843651376405746,4.0786195,0.05532553580889,0.1,2.7096365589418125,MID,7.6165,0.0855,0.071,1.4654883695230865,0.0,1.0,3.687175925925926,1.0,3.0,0.13634208602937722
515,Malo_Gusto,38,0.057016788035177526,0.08023418287271415,0.2522416747226715,0.3233117085765303,3.737706,0.1064318906305743,0.12,3.6396193867022335,DEF,7.4,0.03,0.08,1.3721484807659794,58.3285095,1.0,2.9944444444444445,0.960804188039154,2.35,0.4876873473360678
516,Mamadou_Sarr,38,0.028076272657272187,0.03050107568759909,0.12973100936431886,0.3233117085765303,3.4957948,0.1343149514959135,0.1,3.2574494666631955,DEF,6.136666666666667,0.0266666666666666,0.03,1.3721484807659794,4.888011049999999,1.0,2.8916049382716045,1.0,3.0,0.4352455576479876
517,Manor_Solomon,38,0.062075201287005555,0.09267551407801838,0.15238391976857185,0.249827415939737,4.2009273,0.0,0.04,3.091973316717739,MID,5.0,0.08,0.09,1.4573866124957218,0.0,1.0,3.6166666666666663,1.0,1.55,0.2769662606935619
518,Manuel_Akanji,38,0.04210346097503954,0.03005622544405195,0.10685002439309649,0.3448434516901721,4.216297,0.0,0.08,3.235867551122342,DEF,6.13,0.09,0.03,1.4428233179320902,0.0,1.0,2.707407407407407,1.0,1.29,0.48914725919920476
519,Manuel_Benson Hedilazio,38,0.03462189262412147,0.055749198042579454,0.1232520320864319,0.230095077900441,3.1020582,0.0,0.0,2.728772019465801,MID,2.75,0.01,0.03,1.5468827004243544,0.0,1.0,5.0,1.0,0.17,0.2067024071905469
520,Manuel_Ugarte Ribeiro,38,0.02774520842335109,0.030483079527036792,0.17636403208643198,0.2051114315148263,3.1230893,0.0989346860453467,0.05,2.8022031667074776,MID,8.73,0.05,0.01,1.1599861823136757,10.319116515,1.0,2.7259259259259254,0.9633653422035278,1.09,0.1499999239620071
521,Marc_Cucurella Saseta,38,0.09080121004422505,0.10792100617500312,0.12061120792651177,0.3233117085765303,3.5902681,0.1256226881750264,0.25,3.7101503197325263,DEF,4.73,0.05,0.06,1.3721484807659794,86.82,1.0,2.9490740740740744,1.036317758888006,1.8,0.5629772613770837
522,Marc_Guiu Paz,38,0.19817694931794957,0.06240404179552363,0.1,0.0,4.2857003,0.0299095834788306,0.08,3.406867937572669,FWD,1.62,0.14,0.03,1.3721484807659794,20.5661372,1.0,3.175925925925926,1.0,0.53,0.36476138826899024
523,Marc_Guéhi,38,0.11453641216051254,0.09044741809376103,0.2373170143747329,0.3448434516901721,4.182083,0.2872389752331207,0.15,4.469874206515183,DEF,15.0,0.08,0.04,1.4428233179320902,90.0,1.0,3.085185185185185,0.98101642498374,2.21,0.5053743969315992
524,Marco_Bizot,38,0.0005003064437950401,0.001197249039884775,0.1,0.1210824738402328,2.3134484,0.0,0.1,2.436239972580494,GKP,7.5,0.0,0.0,1.085727003688141,32.8118126,1.0,4.094444444444444,1.0,2.08,0.24850276492258028
525,Marcos_Senesi,38,0.06625854917999734,0.1300891920316738,0.1816276634556055,0.2459506504635776,4.128034,0.5226532226552759,0.22,3.891742012608068,DEF,12.8,0.03,0.07,1.3171634869420366,89.994,1.0,2.9555555555555557,1.039072669290006,2.22,0.44551028654601754
526,Marcus_Bettinelli,38,0.011531330212077553,0.016394949823657714,0.21303956017327308,0.3448434516901721,3.930075,0.0314682610924466,0.1,4.443044418944687,GKP,14.533333333333331,0.0,0.0066666666666666,1.4428233179320902,0.0,1.0,2.875308641975308,1.0,3.0,0.3880711277832322
527,Marcus_Edwards,38,0.07409173143771229,0.10437786505738582,0.12909112411585452,0.230095077900441,3.9287674,0.0340720198997774,0.0,3.229021585284418,MID,7.13,0.07,0.06,1.5468827004243544,35.4135753,1.0,3.5648148148148144,1.0523219932209362,1.8,0.2931121088617671
528,Marcus_Rashford,38,0.09338131509656268,0.05314315771141769,0.180762189568758,0.2051114315148263,4.433911,0.0,0.05,3.133612873627481,MID,8.47,0.17,0.08,1.1599861823136757,0.0,1.0,3.318518518518518,1.0,2.33,0.2739244281531561
529,Marcus_Tavernier,38,0.2537102046239775,0.24085480053148417,0.22103655248332016,0.2459506504635776,4.532467,0.127064309781084,0.18,4.714273887645963,MID,12.0,0.16,0.13,1.3171634869420366,82.7566118,1.0,2.9555555555555557,0.9979732155762614,2.17,0.511441003444485
530,Mark_Gillespie,38,0.008437377876942353,0.009521670522858771,0.16199760171425337,0.2661741155370841,3.3190038,0.0230899647895859,0.1,3.7974943108956105,GKP,9.8,0.005,0.0,1.2941403914720286,0.0,1.0,2.768518518518518,1.0,3.0,0.35046018999079015
531,Mark_Travers,38,0.00514006321268745,0.0036039199411936266,0.22494716603958598,0.2320315464082492,3.3512886,0.0,0.0,3.7440717451332777,GKP,16.27,0.0,0.0,1.4430141192563402,29.6349393,1.0,4.148148148148148,1.0,1.75,0.309865251260015
532,Marko_Stamenić,38,0.01196350584134225,0.013263045395671373,0.13669884468939086,0.1980963809895135,3.4254591,0.0552690333471095,0.1,2.5285466040525195,MID,6.944545454545456,0.0568181818181818,0.0445454545454545,1.6268186028346507,0.0,1.0,2.978602693602693,1.0,3.0,0.10653184751768208
533,Marli_Salmon,38,0.012842821219636816,0.014692973725014673,0.10654662008629395,0.4137809993029863,3.8514833,0.1244772376821097,0.1,3.522100264038743,DEF,5.490769230769231,0.0376923076923077,0.0346153846153846,1.287355717607569,0.0,1.0,1.5169515669515663,1.0,3.0,0.4490695402121985
534,Marshall_Munetsi,38,0.051784861251711646,0.05673168570316629,0.13985455821502202,0.3346470606552959,4.557598,0.1100493163942158,0.07,3.209607440301426,MID,7.73,0.12,0.03,1.8636296707048896,0.0,1.0,1.935185185185185,1.0149280905872582,1.63,0.2322471301130243
535,Martial_Godo,38,0.01253530031037605,0.015153767923628166,0.16798504325552777,0.2214164354404977,3.2581084,0.0610561570043384,0.1,2.576949792838474,MID,7.882777777777779,0.0666666666666666,0.0711111111111111,1.3031543227991396,0.0,1.0,3.3712962962962965,1.0,3.0,0.11548541295870568
536,Martin_Dúbravka,38,0.00278881402686628,0.006734256785027852,0.25049501688957215,0.230095077900441,3.008911,0.0,0.02,3.562914797727367,GKP,11.27,0.0,0.0,1.5468827004243544,90.0,1.0,3.5138888888888884,1.0,1.77,0.3229028631939346
537,Martin_Sherif,38,0.020683989229447204,0.010965852995153647,0.11265051057661771,0.0,3.9625144,0.0395821883873615,0.1,2.393408543020245,FWD,3.64,0.1399999999999999,0.016,1.4430141192563402,0.0,1.0,3.745185185185185,1.0,3.0,0.06051647329455643
538,Martin_Ødegaard,38,0.07895420478234025,0.21917514520308498,0.23921099267315865,0.4137809993029863,4.149676,0.0722051635239563,0.08,3.8620893979459296,MID,10.07,0.06,0.15,1.287355717607569,65.334609,1.0,1.4055555555555552,1.0434705809801816,1.7,0.39110136089524467
539,Martín_Zubimendi Ibáñez,38,0.08392009094088779,0.08531953979028795,0.22165359801471232,0.4137809993029863,3.7379043,0.1488224274986129,0.11,3.546328084624293,MID,12.47,0.05,0.04,1.287355717607569,63.757069,1.0,1.4055555555555552,1.0719268656671046,1.95,0.3052937317329318
540,Mason_Mount,38,0.06268260249715309,0.09006617616415216,0.13660627241569748,0.2051114315148263,3.7088313,0.0536913294667939,0.12,3.0267730462216043,MID,5.73,0.1,0.07,1.1599861823136757,31.154675,1.0,3.081481481481481,1.049032572939992,1.98,0.26928628128289644
541,Matai_Akinmboni,38,0.010107141066502451,0.012537977469626076,0.1,0.2459506504635776,3.871368,0.104396536758312,0.1,2.3759046896802842,DEF,5.973125,0.02125,0.030625,1.3171634869420366,0.0,1.0,3.2925925925925923,1.0,3.0,0.4079089624937485
542,Mateo_Joseph Fernández-Regatillo,38,0.023100996696049154,0.013738800310255627,0.12420402569222452,0.0,3.9470222,0.0214449343678319,0.1,2.396662144724859,FWD,3.265000000000001,0.15,0.0283333333333333,1.4624541973500107,0.0,1.0,2.572530864197531,1.0,3.0,0.06961227482210595
543,Mateo_Kovačić,38,0.04809996764851259,0.07530912256723835,0.25750937536573404,0.3448434516901721,4.2674713,0.0733193438950481,0.18,3.159972295752067,MID,9.8,0.04,0.08,1.4428233179320902,18.2299866,1.0,3.085185185185185,1.090703378625214,1.81,0.2520514503302022
544,Mateus_Gonçalo Espanha Fernandes,38,0.06114788911500206,0.09153902230782333,0.2931585214312077,0.2292814952060826,4.122819,0.3175434079581045,0.18,3.6970855211338747,MID,16.53,0.06,0.07,1.5087757986722805,89.42699999999999,1.0,3.45,1.043577026538551,1.63,0.22476387343323412
545,Mateus_Mané,38,0.13420712464736725,0.2001789594345572,0.200506569668293,0.0,4.843556,0.0823613861918081,0.0,3.8207544125894186,FWD,9.93,0.06,0.13,1.8636296707048896,82.286371,1.0,1.9703703703703697,1.091081646062872,2.07,0.3607888289552667
546,Matheus_França de Oliveira,38,0.03853248941799642,0.06030493906633147,0.1226280320864319,0.1996369348650613,3.1974123,0.0,0.07,2.686113988142689,MID,3.43,0.06,0.07,0.9154820012004722,0.0,1.0,2.45,1.0,0.99,0.21468747605729782
547,Matheus_Nunes,38,0.04278931464240029,0.1500693119835456,0.32372461620759957,0.3448434516901721,4.030689,0.104706256211006,0.15,3.9301586849423176,DEF,11.93,0.0,0.05,1.4428233179320902,87.15460499999999,1.0,3.085185185185185,1.041402782469988,2.63,0.5076940772086266
548,Matheus_Santos Carneiro Da Cunha,38,0.18229290020068298,0.12248535302068807,0.2467894052155017,0.2051114315148263,3.6583989,0.1079535984579546,0.12,3.920692818537222,MID,12.8,0.15,0.09,1.1599861823136757,80.62656799999999,1.0,3.081481481481481,1.185278912845999,2.77,0.4037935053470007
549,Mathias_Jensen,38,0.08680854881152753,0.18095775144096654,0.19383890014487498,0.1672497495767363,3.2820754,0.1405827209926369,0.08,3.6156808478373303,MID,15.4,0.04,0.17,1.2627343678235523,84.15299999999999,1.0,3.0046296296296293,1.0714313971549272,1.76,0.33921776413360505
550,Mathis_Eboué,38,0.015741684609312804,0.01792245306535846,0.1652507742202759,0.3233117085765303,4.1976943,0.0388233007219395,0.1,2.721690203613324,MID,7.889500000000001,0.0839999999999999,0.0685,1.3721484807659794,0.0,1.0,2.8810185185185184,1.0,3.0,0.1492326246739756
551,Mathys_Tel,38,0.1444678667264665,0.2009345184544438,0.1663690427670479,0.249827415939737,4.458274,0.0650807493120751,0.08,3.963572343357711,MID,5.47,0.1,0.11,1.4573866124957218,47.264424,1.0,2.4685185185185183,1.0587602938227354,1.92,0.42325771227661946
552,Mats_Wieffer,38,0.06620658467777031,0.07659341354314445,0.2062776465481519,0.2843651376405746,4.069906,0.2687019964456393,0.3,3.426885813482814,MID,12.2,0.07,0.05,1.4654883695230865,59.15132249999999,1.0,3.9203703703703696,0.966963486125072,2.0,0.2486356354607963
553,Matt_Doherty,38,0.033765246699416634,0.04843376674749288,0.1,0.3346470606552959,2.769661,0.3708819935647897,0.25,3.6353758795173263,DEF,4.8,0.01,0.02,1.8636296707048896,36.4222568,1.0,2.0407407407407403,1.0794967375993727,1.64,0.42785496584956545
554,Matt_O'Riley,38,0.13068323333350307,0.10269070726617154,0.16821663198524714,0.2843651376405746,4.3467994,0.0325703965427313,0.04,3.581074170208724,MID,6.4,0.16,0.09,1.4654883695230865,24.6176655,1.0,3.9203703703703696,1.0340306319710282,1.6,0.3617345624752048
555,Matt_Targett,38,0.02232239356469022,0.028933505079591044,0.1,0.2661741155370841,3.3336499,0.0,0.09,2.4563157310363697,DEF,-1.67,0.0,0.02,1.2941403914720286,0.0,1.0,2.7444444444444445,1.0,1.24,0.4783908131081751
556,Matt_Turner,38,0.00127530605899548,0.002986973632661573,0.20120403208643198,0.1980963809895135,3.35921,0.0,0.06,3.089828148581361,GKP,16.53,0.0,0.0,1.6268186028346507,0.0,1.0,3.1148148148148143,1.0,1.25,0.3205621339822182
557,Matthew_Cox,38,0.0075125947868643515,0.009170958290458631,0.20653939445424083,0.1672497495767363,3.1302943,0.0366297804092021,0.1,2.75333041172859,GKP,13.0,0.0,0.005,1.2627343678235523,0.0,1.0,3.208333333333333,1.0,3.0,0.3037226278115563
558,Matthijs_de Ligt,38,0.028546877379375467,0.013809302624384139,0.14743073328661918,0.2051114315148263,2.9496229,0.3578959960787122,0.08,2.53436767172102,DEF,10.53,0.08,0.04,1.1599861823136757,0.0,1.0,2.3703703703703702,1.0039111654236914,1.81,0.3750033402001811
559,Matty_Cash,38,0.0342390175902042,0.07885914040755941,0.14698554525828353,0.1210824738402328,2.1244676,0.1295433633258683,0.25,1.1917936752564624,DEF,8.0,0.02,0.05,1.085727003688141,90.0,1.0,3.9703703703703694,1.04997430081293,2.54,0.7673000529777609
560,Matz_Sels,38,0.0027386499455667153,0.008357511934758484,0.16442914503896236,0.1980963809895135,3.4475436,0.0,0.1,3.089828148581361,GKP,12.8,0.0,0.0,1.6268186028346507,88.407,1.0,3.1148148148148143,1.0,2.63,0.3205621339822182
561,Max_Alleyne,38,0.04987342384554706,0.03597453048673131,0.16160141432067326,0.3448434516901721,4.0682726,0.1148721822374136,0.1,3.5456500227550563,DEF,7.743571428571427,0.0542857142857142,0.0464285714285714,1.4428233179320902,0.535871119,1.0,2.9376719576719577,1.0,3.0,0.4663299335679441
562,Max_Dowman,38,0.027835619533492572,0.021196994984769794,0.1858893896718165,0.4137809993029863,4.1512566,0.0565055254762887,0.1,2.906008602499546,MID,8.100588235294119,0.0935294117647058,0.0741176470588235,1.287355717607569,13.9327672,1.0,1.430610021786492,1.0,3.0,0.19139327025612354
563,Max_Merrick,38,0.009066842375766273,0.01066836004577369,0.12641283208477488,0.3233117085765303,3.6820107,0.0299095834788306,0.1,4.331141876215985,GKP,9.213333333333331,0.0,0.0,1.3721484807659794,0.0,1.0,2.8583333333333334,1.0,3.0,0.37324072706087386
564,Max_Weiß,38,0.012080811913700406,0.009862518562828845,0.25049501688957215,0.230095077900441,3.008911,0.0248858444725189,0.1,3.562914797727367,GKP,11.27,0.0,0.0,1.5468827004243544,41.485821,1.0,3.5138888888888884,1.0,3.0,0.3229028631939346
565,Maxence_Lacroix,38,0.04464563152161773,0.043401261196479524,0.16114798719358436,0.1996369348650613,2.9899445,0.5296862836452257,0.12,2.9855728255105127,DEF,9.8,0.06,0.01,0.9154820012004722,88.854,1.0,3.15,0.9716446786373856,2.25,0.380660674318647
566,Maxim_De Cuyper,38,0.06578080376338492,0.12763581972437188,0.1356485882036686,0.2843651376405746,3.9758055,0.1550143572066195,0.07,3.6279102493949535,DEF,2.93,0.05,0.15,1.4654883695230865,33.453266,1.0,3.514814814814814,1.1444640291346744,2.48,0.511813927474239
567,Maxime_Estève,38,0.043653790534319156,0.02732516569689514,0.1,0.230095077900441,2.7124956,0.5125870475373789,0.03,3.2144116546876553,DEF,6.67,0.01,0.01,1.5468827004243544,88.60799999999999,1.0,3.819444444444444,0.97774561136961,0.97,0.3677151844476234
568,Maximilian_Kilman,38,0.028329938380581836,0.014548023445484426,0.1,0.2292814952060826,2.969977,0.4192127077580882,0.19,2.7721259064496304,DEF,1.47,0.02,0.01,1.5087757986722805,21.82610347,1.0,3.85,0.9173409286513924,1.18,0.3737539878687123
569,Maxwel_Cornet,38,0.05259744716404147,0.056465118458565146,0.1,0.2292814952060826,3.6369386,0.0,0.04,2.8159171624935944,MID,3.0,0.09,0.01,1.5087757986722805,0.0,1.0,2.7,1.0,0.62,0.23604833522077293
570,Melker_Ellborg,38,0.01186855286919975,0.009044243532116289,0.19714333015012742,0.2174313841115139,3.3230433,0.025390387562703,0.1,3.207995777597292,GKP,9.93,0.0,0.0,1.483127612348932,30.0106524,1.0,2.6851851851851847,1.0,3.0,0.33888976043847
571,Merlin_Röhl,38,0.07058396383814614,0.08545337391783628,0.11492882418215275,0.2320315464082492,3.1123278,0.0523080227323276,0.0,3.0972254258299348,MID,4.67,0.05,0.03,1.4430141192563402,56.564523,1.0,3.2,1.0,1.72,0.27908156195167066
572,Michael_Kayode,38,0.04965390519482341,0.06502209799665686,0.15686858560335637,0.1672497495767363,3.0587606,0.1394672701052229,0.22,1.8735576630686848,DEF,7.73,0.05,0.04,1.2627343678235523,90.0,1.0,3.0046296296296293,1.0065808093273323,1.89,0.6027034356786519
573,Michael_Keane,38,0.0967639824980379,0.04310261990566266,0.2371186334862709,0.2320315464082492,2.9647388,0.5668401827915505,0.12,3.769855567532211,DEF,4.73,0.05,0.01,1.4430141192563402,77.66424519999998,1.0,3.2,1.1180902016982437,2.34,0.4211368785634004
574,Michael_Obafemi,38,0.018936817702146263,0.008698214210329028,0.13663334951281547,0.0,4.415057,0.0258556533635684,0.1,2.4259144716001804,FWD,3.7883333333333336,0.175,0.0166666666666666,1.5468827004243544,0.0,1.0,4.201388888888888,1.0,3.0,0.052782314407736744
575,Micky_van de Ven,38,0.08286511513336711,0.05851438468228886,0.22295774194002155,0.249827415939737,3.568919,0.1523277625635916,0.28,2.997212200898442,DEF,4.4,0.02,0.01,1.4573866124957218,88.728,1.0,2.4685185185185183,1.0717706374824048,2.39,0.5378224843714922
576,Mike_Penders,38,0.009066842375766273,0.01066836004577369,0.12641283208477488,0.3233117085765303,3.6820107,0.0299095834788306,0.1,4.331141876215985,GKP,9.213333333333331,0.0,0.0,1.3721484807659794,0.0,1.0,2.8583333333333334,1.0,3.0,0.37324072706087386
577,Mike_Trésor Ndayishimiye,38,0.08001021828979957,0.06538557060303839,0.128870188346972,0.230095077900441,3.2982495,0.0440550110211482,0.1,3.0057170242226943,MID,6.362777777777778,0.0461111111111111,0.0477777777777777,1.5468827004243544,5.29308915,1.0,4.126697530864196,1.0,3.0,0.2816110752087445
578,Mikel_Merino Zazón,38,0.1011098997247005,0.06272147845850551,0.18467892594480506,0.4137809993029863,4.457146,0.0752135178950391,0.05,3.5076967163588475,MID,7.6,0.17,0.08,1.287355717607569,0.0,1.0,0.937037037037037,1.0536650855392218,2.54,0.31370507876445153
579,Mikey_Moore,38,0.04106985124286647,0.07218670880298966,0.1,0.249827415939737,3.523791,0.0,0.0,2.8464419320659484,MID,3.08,0.02,0.05,1.4573866124957218,0.0,1.0,3.674074074074074,1.0,1.35,0.2357964576605913
580,Mikkel_Damsgaard,38,0.09264233843686258,0.17107833012502036,0.2185155185699462,0.1672497495767363,3.6068883,0.1595031625785287,0.0,3.778858207010291,MID,11.6,0.09,0.14,1.2627343678235523,74.777175,1.0,3.0046296296296293,1.0191613387390972,1.65,0.3241717249979542
581,Milan_Aleksić,38,0.011342359502564382,0.013095315678355536,0.1420540340023159,0.2174313841115139,3.4938486,0.0536724632394047,0.1,2.5473453591546455,MID,8.347,0.067,0.06,1.483127612348932,0.0,1.0,2.722222222222222,1.0,3.0,0.11025287829559428
582,Milos_Kerkez,38,0.05687277331028386,0.060719029668909436,0.13158680867052078,0.2771884232344291,3.694613,0.1268583141423083,0.1,3.180590454701614,DEF,6.4,0.03,0.02,1.4275049403718407,55.19693219999999,1.0,2.846296296296296,1.0649955950379373,2.65,0.48616042547254085
583,Miodrag_Pivaš,38,0.011086584503024816,0.012638673029179207,0.1328172732785506,0.2661741155370841,3.4033577,0.139539779758395,0.1,2.647309947418852,DEF,4.974545454545456,0.0409090909090909,0.0327272727272727,1.2941403914720286,0.0,1.0,2.880134680134681,1.0,3.0,0.39536122053602024
584,Mitoma_Kaoru,38,0.08046143395595957,0.06698999091296592,0.1351525110850334,0.2843651376405746,4.7976947,0.0443577483485771,0.15,3.1631385960505742,MID,8.53,0.16,0.09,1.4654883695230865,0.0,1.0,3.8527777777777774,1.02739161952585,1.88,0.2838307392206241
585,Mohamadou_Kanté,38,0.013232488207189811,0.014236491558291552,0.1567157337733507,0.2292814952060826,3.3721461,0.0534173484739508,0.1,2.5692406246862585,MID,7.7375,0.058125,0.0425,1.5087757986722805,7.61046895,1.0,3.5656250000000003,1.0,3.0,0.11855952676281474
586,Mohamed_Salah,38,0.20719691739213825,0.15854601590383202,0.20128636529111854,0.2771884232344291,6.104747,0.067481381122704,0.02,4.418946405493014,MID,7.93,0.25,0.16,1.4275049403718407,42.7662064,1.0,2.846296296296296,0.9951747870072724,2.15,0.43005505474224215
587,Mohammed_Kudus,38,0.04482673030030155,0.07723558112972169,0.1796025648818016,0.249827415939737,4.2863474,0.1759426370485292,0.12,3.2722712552107307,MID,8.8,0.07,0.08,1.4573866124957218,0.0,1.0,3.1574074074074074,1.0719666933193803,1.95,0.21667211240983825
588,Moisés_Caicedo Corozo,38,0.07041022659787899,0.10318287416235407,0.3848343900394439,0.3233117085765303,3.7194412,0.2608239843019148,0.3,3.6669976864107356,MID,15.33,0.02,0.05,1.3721484807659794,88.25699999999999,1.0,2.9490740740740744,1.0516718455255032,1.73,0.2718102029339324
589,Morgan_Gibbs-White,38,0.3295751047906867,0.14366911386505912,0.27353382422065736,0.1980963809895135,5.692636,0.0629780154667569,0.05,4.910053724185535,MID,13.33,0.26,0.06,1.6268186028346507,80.1343425,1.0,3.1148148148148143,1.1105744602382184,2.38,0.5009344716873911
590,Morgan_Rogers,38,0.16427017069273564,0.14774076437798755,0.2156713626701832,0.1210824738402328,4.0028043,0.1015020976655241,0.2,3.769792316824864,MID,11.13,0.13,0.09,1.085727003688141,89.94975399999998,1.0,3.9703703703703694,1.1026139921322464,2.57,0.3986083026539312
591,Murillo_Costa dos Santos,38,0.019169057181282725,0.012643382288576257,0.14686535378706456,0.1980963809895135,3.1791599,0.4178329092655238,0.2,2.4366003616428444,DEF,9.73,0.03,0.01,1.6268186028346507,0.0,1.0,2.4166666666666665,1.0456665528453886,2.77,0.35332987652613174
592,Mykhailo_Mudryk,38,0.05562674285218701,0.09766430046485913,0.11078169261839976,0.3233117085765303,4.347687,0.0,0.12,3.0334617900724563,MID,5.13,0.11,0.11,1.3721484807659794,0.0,1.0,3.175925925925926,1.0,1.53,0.2955880562145985
593,Myles_Lewis-Skelly,38,0.04951914101166826,0.0494586813638014,0.1,0.4137809993029863,3.3271859,0.0799118810162281,0.18,3.623587388787386,DEF,-0.2,0.01,0.02,1.287355717607569,63.085313,1.0,1.4055555555555552,1.1060658496618272,1.07,0.5349029077567938
594,Myles_Peart-Harris,38,0.01282206181450793,0.015481387253364296,0.15878181752545825,0.1672497495767363,3.019629,0.0658750805739278,0.1,2.5178787675931273,MID,7.421333333333332,0.068,0.066,1.2627343678235523,0.0,1.0,3.194753086419753,1.0,3.0,0.10205330757376002
595,Naouirou_Ahamada,38,0.011071989759404766,0.008170250691108718,0.11389203208643198,0.1996369348650613,2.8652916,0.0,0.14,2.286577898404479,MID,2.27,0.04,0.01,0.9154820012004722,0.0,1.0,2.8,1.0,0.42,0.10862710782425639
596,Nathan_Aké,38,0.046524965771025176,0.07090613428197702,0.1,0.3448434516901721,3.78259,0.2992860371702078,0.02,3.989770427609537,DEF,1.8,0.05,0.03,1.4428233179320902,26.924094499999995,1.0,3.2111111111111104,1.0222263092659414,1.64,0.43873331730386395
597,Nathan_Collins,38,0.062487293043144806,0.06276960796277134,0.1551482308831215,0.1672497495767363,2.97265,0.3533956801526285,0.18,2.395437803324275,DEF,8.6,0.05,0.02,1.2627343678235523,87.92399999999999,1.0,3.0046296296296293,0.9695127968490124,2.26,0.5030221171680004
598,Nathan_Fraser,38,0.12577070898722523,0.03624756238119051,0.1,0.0,3.837857,0.0,0.14,2.847310158946657,FWD,2.43,0.05,0.01,1.8636296707048896,0.0,1.0,2.462962962962963,1.0,0.36,0.27297672379926363
599,Nathan_Patterson,38,0.0172518283344489,0.05300769357295798,0.1,0.2320315464082492,2.8383849,0.4944672375045152,0.12,3.0542309403854246,DEF,0.93,0.01,0.03,1.4430141192563402,17.6660259,1.0,3.0222222222222217,0.9797003643380272,1.78,0.36162080612393693
600,Nathaniel_Clyne,38,0.020831931006223416,0.048451736147063086,0.1,0.1996369348650613,2.65558,0.3521955123550822,0.05,2.4812659497897283,DEF,-0.47,0.02,0.05,0.9154820012004722,28.2097205,1.0,3.2,0.9651144777946176,1.48,0.4025657654927435
601,Nayef_Aguerd,38,0.013311462144043077,0.010466107113920875,0.15181209882456062,0.2292814952060826,2.9585164,0.2125041527766785,0.15,2.339844875470579,DEF,11.8,0.04,0.01,1.5087757986722805,0.0,1.0,3.1,0.9931181735098364,1.06,0.39515205090634475
602,Nazarii_Rusyn,38,0.017544048454757044,0.009750290209882722,0.17125794086337093,0.0,4.1345015,0.025390387562703,0.1,2.4250708741753217,FWD,4.22,0.1466666666666666,0.0233333333333333,1.483127612348932,0.0,1.0,2.7006172839506166,1.0,3.0,0.0512892385962266
603,Neco_Williams,38,0.06534525384476148,0.15086273266281833,0.20119195772862436,0.1980963809895135,3.3979924,0.2679878830590141,0.2,2.9007694654037603,DEF,9.47,0.03,0.08,1.6268186028346507,85.77791149999999,1.0,3.1148148148148143,1.0128025472089648,2.98,0.5622696991126824
604,Nectarios_Triantis,38,0.011342359502564382,0.013095315678355536,0.1420540340023159,0.2174313841115139,3.4938486,0.0536724632394047,0.1,2.5473453591546455,MID,8.347,0.067,0.06,1.483127612348932,0.0,1.0,2.722222222222222,1.0,3.0,0.11025287829559428
605,Nehemiah_Oriola,38,0.015161551833574498,0.01888610622957726,0.16514420731022353,0.2843651376405746,4.0786195,0.05532553580889,0.1,2.714726873936895,MID,7.6165,0.0855,0.071,1.4654883695230865,0.5173082099999999,1.0,3.687175925925926,1.0,3.0,0.1381698505211767
606,Niall_Huggins,38,0.008651970211582195,0.009383286197591843,0.1,0.2174313841115139,3.1056676,0.2565557467376755,0.1,2.2860346681486337,DEF,4.5200000000000005,0.03,0.0225,1.483127612348932,0.0,1.0,2.708333333333333,1.0,3.0,0.37145142008064463
607,Nick_Pope,38,0.004520154238743244,0.0047083521349888385,0.17892126928746702,0.2661741155370841,3.577901,0.0,0.05,3.875735051636351,GKP,10.73,0.01,0.0,1.2941403914720286,90.0,1.0,3.081481481481481,0.9457301208749416,1.31,0.34338533464084997
608,Nick_Woltemade,38,0.19409738634808818,0.087471472738212,0.15853614422154427,0.0,3.9913788,0.0291345117690898,0.0,3.558647200964097,FWD,6.4,0.1,0.06,1.2941403914720286,36.2810942,1.0,3.081481481481481,1.1768040874004364,2.0,0.36719273997320384
609,Niclas_Füllkrug,38,0.0958806614113727,0.02748522339080774,0.10142929544818399,0.0,3.9512298,0.0495665625296077,0.08,2.816628812425912,FWD,3.4,0.12,0.03,1.5087757986722805,0.0,1.0,3.55,1.0124549406394363,1.28,0.21019070608667823
610,Nico_González Iglesias,38,0.05163516754719954,0.059076573877049746,0.1994856634952724,0.3448434516901721,3.6304188,0.1364418595437657,0.25,3.0751183768726107,MID,11.73,0.02,0.04,1.4428233179320902,23.3247648,1.0,3.2740740740740737,1.0701253879368304,1.52,0.24738186983792268
611,Nico_O'Reilly,38,0.22295302941716277,0.17649371401106004,0.1891602454576492,0.3448434516901721,5.1879206,0.1220095238859999,0.12,5.121196848253904,DEF,9.53,0.21,0.07,1.4428233179320902,90.0,1.0,3.085185185185185,1.020784673497081,3.08,0.635832891460712
612,Nicolas_Jackson,38,0.1204949063162379,0.04267575176498895,0.24278693556785585,0.0,4.0313306,0.0,0.22,2.9181452639719296,FWD,1.47,0.17,0.05,1.3721484807659794,0.0,1.0,2.6768518518518523,1.0,2.22,0.2644388812211037
613,Nicolás_Domínguez,38,0.06391103306514019,0.07126241613248317,0.16906146365618704,0.1980963809895135,3.3983173,0.091343670114796,0.15,3.016726388870453,MID,8.93,0.06,0.04,1.6268186028346507,37.3820008,1.0,3.1148148148148143,0.959775611937046,1.35,0.249369649258115
614,Nicolò_Savona,38,0.023718422585545493,0.03054089135340901,0.1,0.1980963809895135,3.4319737,0.181511249525601,0.14,2.082439769107966,DEF,5.79,0.06,0.03,1.6268186028346507,0.0,1.0,2.846296296296296,1.0,2.77,0.4568420777319539
615,Nikola_Milenković,38,0.049003066045484614,0.044519865407174564,0.10714288866022229,0.1980963809895135,3.1816924,0.264920580943034,0.15,2.412349726582199,DEF,8.4,0.01,0.01,1.6268186028346507,88.62599999999999,1.0,3.1148148148148143,1.066314140625298,2.2,0.4821957580716913
616,Nilson_Angulo,38,0.06632898107582122,0.05252858306072544,0.1,0.2174313841115139,3.187414,0.0411598175184074,0.0,2.93667755208824,MID,5.14,0.06,0.01,1.483127612348932,19.89565889,1.0,2.6851851851851847,1.0,0.47,0.24427322131522172
617,Noah_Okafor,38,0.18269763780574386,0.0767055053032093,0.18731588512969016,0.2537881908128472,4.5489874,0.034735513578193,0.11,3.7157537145246096,MID,7.73,0.18,0.05,1.4624541973500107,27.2243365,1.0,2.3148148148148144,1.0371908603832125,2.29,0.39525393539186177
618,Noah_Sadiki,38,0.05609413763073013,0.08530452120887233,0.14768403208643197,0.2174313841115139,3.3021607,0.0909051190583157,0.25,2.9151903497259735,MID,11.53,0.06,0.04,1.483127612348932,84.523675,1.0,2.6851851851851847,0.948176516597981,0.99,0.2649906673987883
619,Noni_Madueke,38,0.10550774030631627,0.12618202918593432,0.15906022159183017,0.4137809993029863,3.7588556,0.0381109280889185,0.0,3.6015642589338586,MID,7.13,0.06,0.09,1.287355717607569,40.225843,1.0,1.448148148148148,0.9517284436374904,1.97,0.3721539236831704
620,Norberto_Bercique Gomes Betuncal,38,0.33030558321273334,0.051697963857168475,0.19563670705509179,0.0,4.590142,0.0466913512102461,0.08,4.132481026882455,FWD,7.07,0.27,0.01,1.4430141192563402,64.058161,1.0,3.2,1.0069698333591224,2.59,0.4581659534560379
621,Norberto_Murara Neto,38,0.0025186321187451004,0.0034862774385150644,0.29949510221099856,0.2459506504635776,4.238137,0.0,0.12,3.374979810963961,GKP,17.2,0.0,0.0,1.3171634869420366,0.0,1.0,2.022222222222222,1.0,2.18,0.36437351367937404
622,Nordi_Mukiele,38,0.07407472865967123,0.11138700662919605,0.18225934616851808,0.2174313841115139,3.3788488,0.2251144967757488,0.16,2.965358221218476,DEF,8.47,0.05,0.05,1.483127612348932,87.72299999999998,1.0,2.6851851851851847,0.9822512589730324,2.81,0.5467168828429999
623,Noussair_Mazraoui,38,0.02811994791478889,0.02395098644140822,0.1266087874509096,0.2051114315148263,3.0052052,0.3611410920470967,0.12,2.520212357517913,DEF,5.87,0.01,0.02,1.1599861823136757,49.31448449999999,1.0,3.081481481481481,0.9719483670443296,1.99,0.38969058409667257
624,Odsonne_Édouard,38,0.0714744752772799,0.035653738016467804,0.11415632611310483,0.0,3.7995014,0.0314702338414446,0.1,2.6803501435078783,FWD,4.140000000000001,0.165,0.0275,0.9154820012004722,0.0,1.0,2.9875,1.0,3.0,0.1838901465510703
625,Odysseas_Vlachodimos,38,0.0015302340898605401,0.0019497496628056317,0.19244403208643196,0.2661741155370841,3.3892255,0.0,0.1,3.827586903488203,GKP,15.8,0.0,0.0,1.2941403914720286,0.0,1.0,2.888888888888889,1.0,2.15,0.34770486242194926
626,Ola_Aina,38,0.011736373621935685,0.03068552949580752,0.13954195141613485,0.1980963809895135,3.277181,0.2548512597341514,0.15,2.170575882078211,DEF,11.07,0.02,0.03,1.6268186028346507,0.0,1.0,2.577777777777777,1.0484890603907406,2.41,0.4026371846787774
627,Oleksandr_Zinchenko,38,0.021610857939552846,0.03880825895172489,0.1411482348332404,0.1980963809895135,3.3848011,0.2213749392353025,0.08,2.2614521915490755,DEF,3.13,0.04,0.06,1.6268186028346507,0.0,1.0,2.846296296296296,1.0336167906932534,1.6,0.42705125233919744
628,Oliver_Pimlott,38,0.009233160039081785,0.012187986895708037,0.128870188346972,0.230095077900441,3.2982495,0.0440550110211482,0.1,2.4925859797372096,MID,6.362777777777778,0.0461111111111111,0.0477777777777777,1.5468827004243544,0.0,1.0,4.126697530864196,1.0,3.0,0.11084777023813626
629,Oliver_Sonne,38,0.02775793344400568,0.03267422811605123,0.1,0.230095077900441,4.0255113,0.5068817129119756,0.0,3.2846799224611316,DEF,-5.71,0.09,0.01,1.5468827004243544,0.0,1.0,3.768518518518518,1.0,1.6,0.33392955829020626
630,Olivier_Boscagli,38,0.0556212471879282,0.06046160402683323,0.2095355415034294,0.2843651376405746,3.1869109,0.3403308998596299,0.17,3.6311656266698695,DEF,9.33,0.0,0.03,1.4654883695230865,86.68963349999999,1.0,3.9203703703703696,1.0,2.11,0.4302710762294905
631,Ollie_Scarles,38,0.014426183821454509,0.07144456605156012,0.1,0.2292814952060826,3.328239,0.5358251428637081,0.11,3.205943432864567,DEF,4.53,0.01,0.02,1.5087757986722805,20.58075399,1.0,3.55,0.9333918080665172,1.77,0.3553297107360943
632,Ollie_Shield,38,0.010054817074080425,0.012852633490488473,0.1,0.1672497495767363,2.572444,0.1490426518870143,0.1,1.509601812694025,DEF,5.922499999999999,0.0408333333333333,0.035,1.2627343678235523,0.0,1.0,3.356867283950617,1.0,3.0,0.4600083164503405
633,Ollie_Watkins,38,0.34795202345730963,0.06250664715771355,0.18388513382339478,0.0,4.263009,0.0379056163983134,0.1,4.174551193481507,FWD,7.0,0.24,0.02,1.085727003688141,77.51364299999999,1.0,3.9703703703703694,1.07501411023736,3.02,0.4843330524898959
634,Oluwaseun_Adewumi,38,0.009233160039081785,0.012187986895708037,0.128870188346972,0.230095077900441,3.2982495,0.0440550110211482,0.1,2.4925859797372096,MID,6.362777777777778,0.0461111111111111,0.0477777777777777,1.5468827004243544,0.0,1.0,4.126697530864196,1.0,3.0,0.11084777023813626
635,Omar_Alderete,38,0.05235257421993791,0.03132058893770572,0.29632896536540987,0.2174313841115139,3.3080838,0.3286903368577338,0.18,2.878018217051249,DEF,6.8,0.03,0.01,1.483127612348932,64.878006375,1.0,2.6851851851851847,1.0403664457201958,2.18,0.4196608527535902
636,Omar_Marmoush,38,0.21628368904076525,0.11382750793008203,0.22462465079545968,0.3448434516901721,5.2805696,0.0340299720363889,0.08,4.193482810023454,MID,4.93,0.19,0.05,1.4428233179320902,36.248729,1.0,3.085185185185185,1.0204066215008498,2.05,0.4417446456703765
637,Omar_Richards,38,0.009474242802718726,0.011801879476988264,0.12488450121412586,0.1980963809895135,3.0105135,0.0931519193832931,0.1,1.7813013118446799,DEF,6.75,0.0256521739130434,0.0304347826086956,1.6268186028346507,0.0,1.0,3.108276972624798,1.0,3.0,0.44632892628333326
638,Omari_Hutchinson,38,0.05390172453614515,0.1453422268016797,0.16296757488989821,0.1980963809895135,3.328208,0.0417399447330017,0.03,3.1901616516464206,MID,7.33,0.04,0.11,1.6268186028346507,41.3307324,1.0,3.1148148148148143,0.9919318057820202,1.79,0.2975084853070991
639,Oscar_Bobb,38,0.07622101286057682,0.11558090364114018,0.1458120320864319,0.2214164354404977,3.8240447,0.0407324898195021,0.03,3.258491690835696,MID,6.13,0.09,0.09,1.3031543227991396,30.3829299,1.0,3.055555555555556,0.9371625904738904,0.95,0.30361402922949243
640,Owen_Bevan,38,0.010107141066502451,0.012537977469626076,0.1,0.2459506504635776,3.871368,0.104396536758312,0.1,2.3759046896802842,DEF,5.973125,0.02125,0.030625,1.3171634869420366,0.0,1.0,3.2925925925925923,1.0,3.0,0.4079089624937485
641,Owen_Dodgson,38,0.00846890362058141,0.009293568816893796,0.1,0.230095077900441,2.8859046,0.1243684695105892,0.1,2.131307123735905,DEF,5.568125,0.026875,0.025,1.5468827004243544,0.0,1.0,4.04224537037037,1.0,3.0,0.4185125504574106
642,Pablo_Felipe Pereira de Jesus,38,0.07794592487081053,0.07461459644577306,0.108996032086432,0.0,3.587105,0.0715547603221159,0.0,2.95009118684821,FWD,6.77,0.05,0.07,1.5087757986722805,55.7377711,1.0,3.45,1.0,0.72,0.22338578555868582
643,Pape_Matar Sarr,38,0.042311038159615,0.052514391795231534,0.1662094228397607,0.249827415939737,4.0000415,0.1535134149776151,0.1,3.1166288777711286,MID,10.27,0.08,0.05,1.4573866124957218,33.2743507,1.0,2.4685185185185183,1.0094396236389875,1.72,0.19608416616177465
644,Paris_Maghoma,38,0.010976884175137959,0.011565767215488711,0.1879320320864319,0.1672497495767363,2.55787,0.0,0.0,2.4350724729193667,MID,4.0,0.02,0.01,1.2627343678235523,0.0,1.0,3.717592592592592,1.0,0.18,0.09588883852700071
645,Pascal_Groß,38,0.09685363009095531,0.19187665856945282,0.2920018173601628,0.2843651376405746,3.8782146,0.0952633041948393,0.15,3.7774606472877936,MID,18.6,0.06,0.17,1.4654883695230865,90.0,1.0,3.514814814814814,0.9422083508819344,1.89,0.3739463747327383
646,Pascal_Struijk,38,0.05156411303577582,0.055040447809136944,0.13744179848378899,0.2537881908128472,3.4818585,0.3177442912530789,0.15,3.2072218862317117,DEF,11.13,0.06,0.02,1.4624541973500107,44.3085,1.0,2.3148148148148144,0.904028672747314,1.86,0.4398083372977659
647,Patrick_Bamford,38,0.1113199088365548,0.03447747925601784,0.1,0.0,3.9740584,0.0,0.11,2.8148840998784914,FWD,1.87,0.18,0.03,1.4624541973500107,0.0,1.0,2.407407407407407,1.0,1.66,0.24728796309965062
648,Patrick_Dorgu,38,0.10648760672395717,0.08105229030712845,0.12227346036100387,0.2051114315148263,4.183637,0.2074708565005825,0.24,2.8519940659067076,DEF,5.0,0.11,0.09,1.1599861823136757,48.8066358,1.0,3.081481481481481,1.028690984018147,3.26,0.5910381305495289
649,Patrick_Roberts,38,0.011400339204154541,0.012166874753091738,0.1420540340023159,0.2174313841115139,3.4938486,0.0536724632394047,0.1,2.54479132944621,MID,8.347,0.067,0.06,1.483127612348932,0.0,1.0,2.722222222222222,1.0,3.0,0.10924838663807994
650,Pau_Torres,38,0.0353588066410679,0.023350636118355132,0.16892868791890137,0.1210824738402328,2.3520474,0.152184501824614,0.08,1.2692775034710975,DEF,10.8,0.06,0.01,1.085727003688141,48.5015926,1.0,3.9703703703703694,0.9580480306334797,2.15,0.577504180453518
651,Pedro_Cardoso de Lima,38,0.039891317797864354,0.08797712342202571,0.1,0.3346470606552959,3.2239895,0.3056201968472282,0.0,3.932125323432193,DEF,-2.45,0.03,0.05,1.8636296707048896,44.7332126,1.0,1.9703703703703697,1.0,0.32,0.43988437685520493
652,Pedro_Lomba Neto,38,0.04501669933936927,0.10465633312949528,0.2249388832175731,0.3233117085765303,4.4353714,0.0359013476055913,0.08,3.2216503013882343,MID,10.87,0.08,0.14,1.3721484807659794,50.6943381,1.0,2.9490740740740744,1.0398877552971244,1.78,0.2675873124704333
653,Pedro_Porro,38,0.06685552644005902,0.20210608138094882,0.1680432644002437,0.249827415939737,4.1109977,0.2415138171892771,0.3,3.5081036484060615,DEF,10.93,0.03,0.12,1.4573866124957218,87.588,1.0,2.4685185185185183,1.014325414840132,2.56,0.5690018752016187
654,Pervis_Estupiñán Tenorio,38,0.035392334320200426,0.06290437769853671,0.10097727872945711,0.2843651376405746,3.418342,0.1080264185727961,0.1,3.044133084758832,DEF,5.632307692307692,0.0346153846153846,0.0438461538461538,1.4654883695230865,0.0,1.0,3.598005698005698,1.0,3.0,0.4727792770309705
655,Phil_Foden,38,0.14897567815488497,0.17889067839226783,0.24035359720277788,0.3448434516901721,5.003866,0.058200558164796,0.1,4.0762283217760364,MID,7.6,0.15,0.14,1.4428233179320902,54.2311111,1.0,3.085185185185185,0.9939599639847876,2.84,0.4179033074858535
656,Philip_Billing,38,0.0677800594916593,0.09041005454244626,0.17432544709241382,0.2459506504635776,4.522267,0.0,0.12,3.0903701321005475,MID,5.07,0.1,0.12,1.3171634869420366,0.0,1.0,3.214814814814815,1.0,1.08,0.2837669908566064
657,Piero_Hincapié,38,0.03934264152875018,0.07941555176093437,0.15516831835746764,0.4137809993029863,4.001231,0.3769299439977204,0.08,4.456815012712248,DEF,6.8,0.02,0.07,1.287355717607569,44.590668,1.0,1.4055555555555552,0.9946006246283652,2.48,0.4429112578947314
658,Pierre_Ekwah Elimby,38,0.011342359502564382,0.013095315678355536,0.1420540340023159,0.2174313841115139,3.4938486,0.0536724632394047,0.1,2.5473453591546455,MID,8.347,0.067,0.06,1.483127612348932,0.0,1.0,2.722222222222222,1.0,3.0,0.11025287829559428
659,Quilindschy_Hartman,38,0.032951565677251674,0.10506565137045965,0.1,0.230095077900441,2.8091547,0.2298634605903529,0.05,2.8159082615408653,DEF,7.13,0.01,0.06,1.5468827004243544,54.3896975,1.0,3.5138888888888884,0.9885264288517648,1.44,0.48891548883765457
660,Radu_Drăgușin,38,0.03224855583777042,0.018648917279211207,0.1,0.249827415939737,3.4656324,0.5010236569031126,0.04,3.371518159698807,DEF,1.13,0.02,0.01,1.4573866124957218,32.5702848,1.0,2.525925925925926,0.9954262339510024,1.64,0.3403267706517142
661,Randal_Kolo Muani,38,0.16508160628343313,0.08636834946222118,0.1,0.0,3.9608493,0.0343869229715402,0.1,3.2810956889210203,FWD,4.27,0.06,0.06,1.4573866124957218,47.311201,1.0,2.4685185185185183,1.043061018370092,1.69,0.3511256147559237
662,Rasmus_Højlund,38,0.08683865203918373,0.029570578321259228,0.1213181043355464,0.0,3.7514992,0.0,0.05,2.7362270751084248,FWD,4.2,0.13,0.03,1.1599861823136757,0.0,1.0,3.1407407407407404,1.0,1.61,0.20177453907920248
663,Rayan_Aït-Nouri,38,0.05129750277002876,0.11915137100719889,0.2230216913948059,0.3448434516901721,4.202662,0.1316049575067148,0.1,3.9106847563612264,DEF,6.2,0.04,0.11,1.4428233179320902,38.366124,1.0,3.2111111111111104,1.0127284109666943,2.44,0.49748333899342345
664,Rayan_Cherki,38,0.16322947147444247,0.30208762351588664,0.33255227800464626,0.3448434516901721,5.1268935,0.039029085965811,0.03,4.643705869109831,MID,11.33,0.14,0.24,1.4428233179320902,64.1255005,1.0,3.085185185185185,1.008634908042848,3.15,0.4739177795594217
665,Rayan_Vitor Simplício Rocha,38,0.1691050202191628,0.17131254635410645,0.18139343381738654,0.2459506504635776,4.6738296,0.0742671852919681,0.07,4.054542131281782,MID,9.71,0.17,0.09,1.3171634869420366,71.56804,1.0,2.9555555555555557,1.0,1.85,0.4215767733654921
666,Raúl_Jiménez,38,0.2597720553594332,0.06190176810184642,0.16440776692008965,0.0,4.8105206,0.0407324898195021,0.15,3.756197165449182,FWD,4.73,0.27,0.02,1.3031543227991396,49.576612,1.0,3.055555555555556,0.9784789724498988,1.91,0.4156546183934479
667,Reece_James,38,0.07093599853353656,0.1877167561886169,0.22017384761095046,0.3233117085765303,4.043875,0.1708496483662556,0.12,4.180534813535109,DEF,10.07,0.03,0.11,1.3721484807659794,85.044,1.0,2.9944444444444445,1.0846189149543644,2.73,0.53364271344045
668,Reece_Welch,38,0.01120092056233176,0.012033471819555207,0.12879465677798874,0.2320315464082492,3.0181181,0.2201796724467075,0.1,2.406765392337701,DEF,4.810909090909091,0.0454545454545454,0.0309090909090909,1.4430141192563402,0.0,1.0,3.4693602693602688,1.0,3.0,0.3846782088599229
669,Reigan_Heskey,38,0.02093138732790922,0.025271360076099023,0.23718636508822433,0.3448434516901721,4.8226457,0.0555941339382912,0.1,2.9461485807789223,MID,10.608125,0.10625,0.109375,1.4428233179320902,0.0,1.0,2.9513888888888884,1.0,3.0,0.16187914588757224
670,Reinildo_Mandava,38,0.03747462044010828,0.05128472514983147,0.1477617302687168,0.2174313841115139,3.2094533,0.2235701862529762,0.3,2.3902585814518114,DEF,7.93,0.0,0.02,1.483127612348932,68.761143,1.0,2.6851851851851847,1.0183080268725753,2.37,0.4932365694277073
671,Reiss_Nelson,38,0.09005311086692076,0.07109939035570739,0.1906352709336877,0.1672497495767363,3.5835276,0.0366297804092021,0.05,3.1419309176336956,MID,7.6,0.11,0.07,1.2627343678235523,10.5461377,1.0,2.8009259259259256,1.059319746531546,1.29,0.27716390317541184
672,Remi_Matthews,38,0.0056761798537458856,0.006151469486457007,0.16769865225303165,0.1996369348650613,3.0710564,0.0285294130642131,0.1,3.116597573425715,GKP,9.93,0.0,0.0,0.9154820012004722,0.0,1.0,3.15,1.0,3.0,0.32028025781593533
673,Remy_Rees-Dottin,38,0.0164577497179073,0.02176344403333526,0.15905806103140108,0.2459506504635776,4.379335,0.0661536250750705,0.1,2.7485394732578254,MID,7.959333333333335,0.0893333333333333,0.076,1.3171634869420366,1.678391,1.0,3.0765432098765446,1.0,3.0,0.13144211936839192
674,Rhys_Chadwick,38,0.014374760208671466,0.016059395278317325,0.1562579720755114,0.2537881908128472,3.690518,0.0345547097591815,0.1,2.591817704356148,MID,7.32,0.0699999999999999,0.0552941176470588,1.4624541973500107,0.0,1.0,2.4858387799564268,1.0,3.0,0.12990638854667838
675,Rhys_Williams,38,0.012775178220536327,0.015764613362885115,0.14011728378725052,0.2771884232344291,3.9083912,0.1141946209404306,0.1,2.7887868707314576,DEF,6.683333333333335,0.0366666666666666,0.05,1.4275049403718407,0.0,1.0,2.8258487654320983,1.0,3.0,0.396874295703171
676,Riccardo_Calafiori,38,0.10474025554817765,0.09364481782324538,0.10736131599199772,0.4137809993029863,4.012078,0.2096329743319488,0.2,4.398397067416104,DEF,4.07,0.08,0.03,1.287355717607569,67.39862149999999,1.0,1.4055555555555552,1.0542510967850685,2.23,0.5564385165117484
677,Richarlison_de Andrade,38,0.4728039935870128,0.12991627216442633,0.21805835689306258,0.0,4.9921937,0.0581011602393117,0.15,5.052079998349157,FWD,8.33,0.28,0.04,1.4573866124957218,76.3074068,1.0,2.4685185185185183,1.0978848229050635,2.47,0.574079605421773
678,Rico_Henry,38,0.013478294259319708,0.028041778549322563,0.1,0.1672497495767363,2.442984,0.0876160802929733,0.15,1.3953087949196252,DEF,3.4,0.01,0.03,1.2627343678235523,0.0,1.0,2.699074074074073,0.9645601974725724,1.42,0.5506487782986491
679,Rico_Lewis,38,0.024513920231440698,0.07235851605807335,0.1,0.3448434516901721,4.035409,0.1913077111469906,0.12,3.584775347391388,DEF,-0.13,0.02,0.09,1.4428233179320902,8.99101205,1.0,3.0222222222222217,1.060445750784129,1.76,0.44976640396466755
680,Riley_Owen,38,0.01282206181450793,0.015481387253364296,0.15878181752545825,0.1672497495767363,3.019629,0.0658750805739278,0.1,2.5178787675931273,MID,7.421333333333332,0.068,0.066,1.2627343678235523,0.0,1.0,3.194753086419753,1.0,3.0,0.10205330757376002
681,Rio_Cardines,38,0.04781256028925588,0.042328414832435615,0.13896660720727436,0.1996369348650613,3.1941955,0.0411600207605978,0.1,2.7467452539296557,MID,5.725,0.0725,0.0645,0.9154820012004722,0.0,1.0,2.965,1.0,3.0,0.20627877270476136
682,Rio_Kyerematen,38,0.015029694601738234,0.01691567866895295,0.17773838319658147,0.249827415939737,3.938327,0.0648639403057338,0.1,2.6995598299706014,MID,7.145909090909091,0.0759090909090909,0.065,1.4573866124957218,0.0,1.0,2.990404040404041,1.0,3.0,0.12596074247389177
683,Rio_Ngumoha,38,0.09742882588595543,0.11355282546403132,0.2712214266076088,0.2771884232344291,4.6253486,0.0439175083624984,0.0,3.6237891594560487,MID,8.33,0.09,0.14,1.4275049403718407,36.029644,1.0,2.846296296296296,1.1862716499716044,2.05,0.3156058029903922
684,Rob_Holding,38,0.020082322947387852,0.014152058729125413,0.1,0.1996369348650613,2.558564,0.0,0.0,1.7028311050364866,DEF,2.14,0.03,0.02,0.9154820012004722,0.0,1.0,2.85,1.0,1.6,0.5152486164186919
685,Robert_Sánchez,38,0.0036579708771224103,0.015530276727280657,0.2140747057723999,0.3233117085765303,3.7506113,0.0,0.1,4.35382706140117,GKP,11.47,0.0,0.0,1.3721484807659794,88.97099999999999,1.0,2.9490740740740744,1.0,2.06,0.3712959931767254
686,Robin_Roefs,38,0.00308970756541508,0.008351595187830118,0.19714333015012742,0.2174313841115139,3.3230433,0.0,0.12,3.207995777597292,GKP,9.93,0.0,0.0,1.483127612348932,90.0,1.0,2.6851851851851847,1.0,2.13,0.33888976043847
687,Rodrigo_Bentancur,38,0.062394291301124255,0.05642258855035373,0.20856815420770644,0.249827415939737,4.0971565,0.4639426424145991,0.3,3.716692875997392,MID,13.4,0.03,0.02,1.4573866124957218,71.461513,1.0,2.4685185185185183,1.0614342096671463,1.79,0.1977207588835197
688,Rodrigo_Hernandez,38,0.08015258946939831,0.11530665599102155,0.2954208078949452,0.3448434516901721,4.6035337,0.3587060548974276,0.12,4.1335251773232775,MID,17.87,0.07,0.11,1.4428233179320902,38.18872209999999,1.0,3.085185185185185,1.1370967213138938,1.72,0.2682351228646181
689,Rodrigo_Martins Gomes,38,0.20436429883155868,0.05346242525012509,0.1,0.3346470606552959,4.191191,0.1280433943889956,0.0,4.530243831156824,DEF,-2.07,0.1,0.03,1.8636296707048896,38.225499,1.0,1.9703703703703697,1.1139011451974512,1.63,0.5918897526238407
690,Rodrigo_Muniz Carvalho,38,0.18347296678386907,0.058467024222503196,0.4540944420375824,0.0,4.3177176,0.0526779706618044,0.05,3.706768495429718,FWD,3.4,0.21,0.01,1.3031543227991396,41.9858308,1.0,3.055555555555556,0.9883957822024824,1.92,0.31101141359489803
691,Romain_Esse,38,0.05966543468213223,0.03625434037973103,0.22004376593244074,0.1996369348650613,3.417507,0.0285294130642131,0.0,2.9468696918089985,MID,4.64,0.04,0.06,0.9154820012004722,0.0,1.0,2.65,1.0,2.04,0.20738419402579827
692,Romain_Faivre,38,0.0158042903170599,0.0194508519723579,0.15905806103140108,0.2459506504635776,4.379335,0.0661536250750705,0.1,2.73822831751704,MID,7.959333333333335,0.0893333333333333,0.076,1.3171634869420366,0.0,1.0,3.0765432098765446,1.0,3.0,0.12775304805039564
693,Romaine_Mundle,38,0.051908010703307673,0.0516553240022094,0.1,0.2174313841115139,4.0795145,0.025390387562703,0.07,2.85729276611383,MID,3.0,0.08,0.05,1.483127612348932,0.0,1.0,2.638888888888889,1.0,0.37,0.22226188205021175
694,Roman_Dixon,38,0.028396004514693762,0.032020435479300446,0.12879465677798874,0.2320315464082492,3.0181181,0.2201796724467075,0.1,2.5685167422578394,DEF,4.810909090909091,0.0454545454545454,0.0309090909090909,1.4430141192563402,0.0,1.0,3.4693602693602688,1.0,3.0,0.43042504034144335
695,Romelle_Donovan,38,0.014973135806502256,0.015071007461660837,0.15878181752545825,0.1672497495767363,3.019629,0.0658750805739278,0.1,2.527270821690886,MID,7.421333333333332,0.068,0.066,1.2627343678235523,6.64178526,1.0,3.194753086419753,1.0,3.0,0.10580325213737761
696,Roméo_Lavia,38,0.03551622523578978,0.07094801957705148,0.14000403208643197,0.3233117085765303,3.5868587,0.0388094785498802,0.18,2.8259991409755876,MID,6.6,0.02,0.05,1.3721484807659794,20.89532655,1.0,2.9944444444444445,1.0151129846344702,0.8,0.24600569127563252
697,Ronnie_Hollingshead,38,0.006225540660917965,0.007084315921809292,0.1851772875581979,0.1210824738402328,2.7420697,0.0379056163983134,0.1,2.3897121948027156,GKP,12.01,0.0,0.0,1.085727003688141,0.0,1.0,3.908333333333333,1.0,3.0,0.25334112221457034
698,Ross_Barkley,38,0.061674169210567155,0.04141773618891527,0.21062043202626707,0.1210824738402328,3.1280046,0.0506061072996008,0.1,2.8327758549181983,MID,8.13,0.1,0.05,1.085727003688141,53.08120799999999,1.0,3.9703703703703694,1.0859060584753752,2.13,0.20364979169496503
699,Ryan_Christie,38,0.03302872834142401,0.046769383859213476,0.17510175934158265,0.2459506504635776,4.0067444,0.0709756998258284,0.2,2.8039084112920993,MID,8.73,0.06,0.05,1.3171634869420366,0.0,1.0,2.8,1.0262288259714842,1.59,0.1916733190020137
700,Ryan_Gravenberch,38,0.08060696488093161,0.12078905377529447,0.23199212159180632,0.2771884232344291,4.0964384,0.1344307759566726,0.15,3.5204929467877726,MID,12.73,0.04,0.04,1.4275049403718407,80.127117,1.0,2.846296296296296,1.0965910808071495,1.88,0.3055742035359685
701,Ryan_Kavuma-McQueen,38,0.015741684609312804,0.01792245306535846,0.1652507742202759,0.3233117085765303,4.1976943,0.0388233007219395,0.1,2.721690203613324,MID,7.889500000000001,0.0839999999999999,0.0685,1.3721484807659794,0.0,1.0,2.8810185185185184,1.0,3.0,0.1492326246739756
702,Ryan_McAidoo,38,0.02093138732790922,0.025271360076099023,0.23718636508822433,0.3448434516901721,4.8226457,0.0555941339382912,0.1,2.9461485807789223,MID,10.608125,0.10625,0.109375,1.4428233179320902,0.0,1.0,2.9513888888888884,1.0,3.0,0.16187914588757224
703,Ryan_Sessegnon,38,0.03858498716487681,0.04970233764513208,0.17169661473155012,0.2214164354404977,4.0349402,0.2002920313817666,0.02,3.2431097091993313,MID,7.87,0.07,0.05,1.3031543227991396,0.0,1.0,3.055555555555556,1.103536791175604,2.17,0.17216146717728953
704,Ryan_Trevitt,38,0.01282206181450793,0.015481387253364296,0.15878181752545825,0.1672497495767363,3.019629,0.0658750805739278,0.1,2.5178787675931273,MID,7.421333333333332,0.068,0.066,1.2627343678235523,0.0,1.0,3.194753086419753,1.0,3.0,0.10205330757376002
705,Ryan_Yates,38,0.03813095513708799,0.05740543835553975,0.12680403208643198,0.1980963809895135,3.3676553,0.0540549785794508,0.22,2.6680373796456776,MID,4.6,0.04,0.03,1.6268186028346507,29.6995758,1.0,2.846296296296296,1.0119422417730093,0.81,0.21115740459725033
706,Rúben_Gato Alves Dias,38,0.05517334934744634,0.058181226743018385,0.22494458902788161,0.3448434516901721,3.9800973,0.248485834268758,0.1,3.960025708784581,DEF,12.4,0.02,0.02,1.4428233179320902,42.4044912,1.0,3.4629629629629624,0.9855878384560348,2.36,0.44529888245131893
707,Saheed_Olagunju,38,0.01101277935306876,0.012673413757747642,0.1,0.3346470606552959,3.0028293,0.1587521182926073,0.1,3.126904344848206,DEF,4.155555555555555,0.03,0.0311111111111111,1.8636296707048896,0.0,1.0,2.0524691358024683,1.0,3.0,0.41124935176974525
708,Sam_Alabi,38,0.014407871840001531,0.016112165938856886,0.15480982767344428,0.2661741155370841,3.8088825,0.0450943150249932,0.1,2.6326732815236964,MID,8.696153846153845,0.09,0.0738461538461538,1.2941403914720286,0.0,1.0,2.988888888888889,1.0,3.0,0.1317914965661743
709,Sam_Byram,38,0.010924876369092461,0.013955895444766962,0.1400475609713026,0.2537881908128472,2.9430501,0.0768195157121637,0.1,2.355378416653573,DEF,8.938571428571429,0.0328571428571428,0.0285714285714285,1.4624541973500107,0.572188708,1.0,2.4821428571428568,1.0,3.0,0.42741344729930136
710,Sam_Chambers,38,0.05955295124048543,0.07734622814899009,0.1562579720755114,0.2537881908128472,3.690518,0.0345547097591815,0.1,3.0029874585478855,MID,7.32,0.0699999999999999,0.0552941176470588,1.4624541973500107,0.0,1.0,2.4858387799564268,1.0,3.0,0.2642531715944095
711,Sam_Greenwood,38,0.03787910807176885,0.07498277421620313,0.13015749115929007,0.2537881908128472,3.3463068,0.0,0.06,2.7974487934854486,MID,3.93,0.03,0.07,1.4624541973500107,0.0,1.0,2.407407407407407,1.0,1.23,0.23818383411762817
712,Sam_Johnstone,38,0.000247720228957315,0.001269805085078172,0.12856905568969249,0.3346470606552959,2.9761324,0.0,0.02,4.174624192165369,GKP,8.67,0.0,0.0,1.8636296707048896,0.0,1.0,2.0055555555555555,1.0,0.92,0.4008110014828846
713,Sam_Proctor,38,0.006225540660917965,0.007084315921809292,0.1851772875581979,0.1210824738402328,2.7420697,0.0379056163983134,0.1,2.3897121948027156,GKP,12.01,0.0,0.0,1.085727003688141,0.0,1.0,3.908333333333333,1.0,3.0,0.25334112221457034
714,Samuel_Amissah,38,0.009262438770428101,0.012555272064155347,0.13632071977448462,0.2214164354404977,2.8697488,0.2451388856339578,0.1,2.3274182705134976,DEF,8.2,0.0233333333333333,0.0255555555555555,1.3031543227991396,0.0,1.0,3.2239506172839505,1.0,3.0,0.3771781429188371
715,Samuel_Chukwueze,38,0.09763704487083441,0.16025835500118435,0.1442233113746941,0.2214164354404977,4.088281,0.0554356308339529,0.0,3.5826141138365437,MID,6.8,0.08,0.12,1.3031543227991396,46.1860075,1.0,3.055555555555556,1.126510479323566,2.21,0.3514236426645911
716,Samuel_Iling-Junior,38,0.012481623169639907,0.012323381374867631,0.1599540163668195,0.1210824738402328,3.2413745,0.0607272188637295,0.1,2.486223465319376,MID,8.050555555555555,0.1027777777777777,0.0683333333333333,1.085727003688141,0.0,1.0,3.86008230452675,1.0,3.0,0.08342548691740852
717,Sander_Berge,38,0.04063267539458016,0.07813306075472816,0.19372808958792678,0.2214164354404977,3.4886527,0.185254374093352,0.18,3.1313680414456364,MID,13.73,0.04,0.04,1.3031543227991396,48.4690429,1.0,3.055555555555556,0.9677306673265994,1.49,0.2127713065887569
718,Sandro_Tonali,38,0.04483031188587497,0.06650740880754193,0.19132168617683643,0.2661741155370841,3.294683,0.0940421243632688,0.1,3.01681014425855,MID,14.0,0.04,0.07,1.2941403914720286,21.5018605,1.0,3.081481481481481,1.034647116307169,1.14,0.22727025068265663
719,Santiago_Ignacio Bueno,38,0.06270442903279543,0.0718602203087932,0.11708339708405732,0.3346470606552959,2.797472,0.3854461190933111,0.14,4.022639452497866,DEF,7.8,0.03,0.04,1.8636296707048896,90.0,1.0,1.9703703703703697,1.0519739918029782,1.87,0.45322686051927996
720,Saša_Kalajdžić,38,0.16564309468292307,0.04949646099246032,0.1107591764606918,0.0,4.1454186,0.0422737147381172,0.1,3.210077173200995,FWD,4.128571428571429,0.1128571428571428,0.0357142857142857,1.8636296707048896,0.0,1.0,2.246825396825397,1.0,3.0,0.3207499396965731
721,Saša_Lukić,38,0.07997526063298284,0.14046151554293085,0.17003183220040788,0.2214164354404977,3.3509295,0.122331779525377,0.3,3.2478947692429134,MID,10.4,0.06,0.06,1.3031543227991396,75.849465,1.0,3.055555555555556,0.9464198444113135,1.85,0.33700791203124875
722,Sean_Longstaff,38,0.07623014116765131,0.14851251870444,0.2158319544696808,0.2537881908128472,4.025449,0.04397347306287,0.05,3.4542556085491634,MID,6.07,0.08,0.11,1.4624541973500107,26.109683000000004,1.0,2.546296296296296,1.0488666586205364,1.87,0.32633337552599717
723,Sean_Neave,38,0.02553462904324662,0.014378775928717256,0.2002718685889244,0.0,4.3387694,0.0249547635125033,0.1,2.5225594089118055,FWD,5.2,0.2133333333333333,0.05,1.2941403914720286,0.0,1.0,3.081481481481482,1.0,3.0,0.0720172966157772
724,Sebastiaan_Bornauw,38,0.026379609539292845,0.03468573483048247,0.1,0.2537881908128472,2.9246676,0.4184297682883842,0.09,3.1635613644978036,DEF,0.45,0.0,0.0,1.4624541973500107,29.3133763,1.0,2.546296296296296,1.0,1.76,0.3722569258462781
725,Senne_Lammens,38,0.00460790541364596,0.007944116200492195,0.1608607233532667,0.2051114315148263,2.7787063,0.0,0.0,3.1633370713766773,GKP,11.4,0.0,0.0,1.1599861823136757,90.0,1.0,3.081481481481481,1.0,2.3,0.32420103657426913
726,Sepp_van den Berg,38,0.0710177728197332,0.09391893466145847,0.14689888049012423,0.1672497495767363,3.1585572,0.4685738354968795,0.1,2.854180665050104,DEF,11.13,0.08,0.06,1.2627343678235523,88.74,1.0,3.0046296296296293,0.8597967999204994,1.93,0.4787062155618018
727,Seth_Ridgeon,38,0.01253530031037605,0.015153767923628166,0.16798504325552777,0.2214164354404977,3.2581084,0.0610561570043384,0.1,2.576949792838474,MID,7.882777777777779,0.0666666666666666,0.0711111111111111,1.3031543227991396,0.0,1.0,3.3712962962962965,1.0,3.0,0.11548541295870568
728,Seung-Soo_Park,38,0.014407871840001531,0.016112165938856886,0.15480982767344428,0.2661741155370841,3.8088825,0.0450943150249932,0.1,2.6326732815236964,MID,8.696153846153845,0.09,0.0738461538461538,1.2941403914720286,0.0,1.0,2.988888888888889,1.0,3.0,0.1317914965661743
729,Shea_Lacey,38,0.01447368103065514,0.016952099484970305,0.18106912366616726,0.2051114315148263,3.3390954,0.0556584924383776,0.1,2.589387112392733,MID,8.598333333333334,0.0783333333333333,0.0733333333333333,1.1599861823136757,2.093949215,1.0,3.397530864197531,1.0,3.0,0.11637175750477757
730,Shumaira_Mheuka,38,0.02492402889618656,0.013578302578201737,0.13189419144811632,0.0,4.436401,0.0303826967227343,0.1,2.473074708838583,FWD,3.4560000000000004,0.174,0.026,1.3721484807659794,0.7073243650000001,1.0,2.89462962962963,1.0,3.0,0.07107394628955731
731,Shurandy_Sambo,38,0.00846890362058141,0.009293568816893796,0.1,0.230095077900441,2.8859046,0.1243684695105892,0.1,2.131307123735905,DEF,5.568125,0.026875,0.025,1.5468827004243544,0.0,1.0,4.04224537037037,1.0,3.0,0.4185125504574106
732,Simon_Adingra,38,0.03801121822178799,0.049036255103071615,0.10357682656198733,0.2174313841115139,3.2940643,0.0329912830478519,0.05,2.7383652073750318,MID,3.87,0.05,0.07,1.483127612348932,0.0,1.0,3.194444444444444,1.0350867658779026,1.28,0.2007511903010388
733,Simon_Moore,38,0.006562959957259712,0.007836820225912687,0.19714333015012742,0.2174313841115139,3.3230433,0.025390387562703,0.1,3.207995777597292,GKP,9.93,0.0,0.0,1.483127612348932,0.0,1.0,2.6851851851851847,1.0,3.0,0.33888976043847
734,Solly_March,38,0.05219643010448616,0.08903756260178074,0.22210649639034263,0.2843651376405746,4.1720576,0.0,0.1,3.062671776431178,MID,5.07,0.11,0.11,1.4654883695230865,4.8089149,1.0,3.514814814814814,1.0482901834696532,2.01,0.26685856278257764
735,Son_Heung-min,38,0.08203234301680962,0.09451237160836125,0.3613985154213905,0.249827415939737,4.630324,0.0,0.02,3.445434758410655,MID,8.6,0.15,0.1,1.4573866124957218,0.0,1.0,3.674074074074074,1.0,2.41,0.2822232754339603
736,Soungoutou_Magassa,38,0.02821744598120165,0.0326963906434814,0.1646613153809607,0.2292814952060826,3.5722015,0.0666284557779573,0.18,2.6814822349231595,MID,9.13,0.02,0.02,1.5087757986722805,15.640950399999998,1.0,3.55,0.9970844215527178,1.87,0.16773889880430293
737,Stefan_Bajčetić Maquieira,38,0.052507190546665646,0.07639390699777,0.18061434824375308,0.2771884232344291,4.2467885,0.0660566149359336,0.1,3.1225966066392057,MID,9.00388888888889,0.1038888888888888,0.0666666666666666,1.4275049403718407,0.0,1.0,2.846296296296296,1.0,3.0,0.24667917999682332
738,Stefan_Ortega Moreno,38,0.001870216913381875,0.004854410476354422,0.26372052355051046,0.1980963809895135,3.4983654,0.0,0.04,2.901865185618398,GKP,8.07,0.0,0.0,1.6268186028346507,32.2701783,1.0,2.3629629629629627,1.0,2.2,0.341325954719186
739,Stefanos_Tzimas,38,0.09133002692400961,0.06332571268504886,0.12903603208643197,0.0,4.1597223,0.0325703965427313,0.0,2.998904420858227,FWD,2.89,0.07,0.02,1.4654883695230865,0.0,1.0,3.717592592592592,1.0,1.09,0.2301585733554282
740,Stephen_Mfuni,38,0.016239895084811263,0.018427636395129794,0.16160141432067326,0.3448434516901721,4.0682726,0.1148721822374136,0.1,3.2952003835844508,DEF,7.743571428571427,0.0542857142857142,0.0464285714285714,1.4428233179320902,0.0,1.0,2.9376719576719577,1.0,3.0,0.4173237444256548
741,Steven_Benda,38,0.008575706154550422,0.008239073922903378,0.18865856053876878,0.2214164354404977,3.4300783,0.0407324898195021,0.1,3.347080635694695,GKP,13.33,0.0,0.0,1.3031543227991396,0.0,1.0,3.055555555555556,1.0,3.0,0.33076053364119523
742,Sven_Botman,38,0.12984747428206747,0.09335528764008647,0.1708635069823265,0.2661741155370841,3.624816,0.4254657535852191,0.1,4.2172933813226745,DEF,9.2,0.06,0.04,1.2941403914720286,86.52612099999999,1.0,3.081481481481481,1.0316988720819351,2.09,0.49629603063875266
743,Sverre_Nypan,38,0.02093138732790922,0.025271360076099023,0.23718636508822433,0.3448434516901721,4.8226457,0.0555941339382912,0.1,2.9461485807789223,MID,10.608125,0.10625,0.109375,1.4428233179320902,0.0,1.0,2.9513888888888884,1.0,3.0,0.16187914588757224
744,Sávio_'Savinho' Moreira de Oliveira,38,0.13992193305290918,0.19075954734360195,0.15657636825191967,0.3448434516901721,4.7439837,0.0340299720363889,0.08,3.9360021141997525,MID,3.67,0.18,0.11,1.4428233179320902,28.0459122,1.0,3.085185185185185,0.9446632946282626,1.44,0.43039302443459326
745,Séamus_Coleman,38,0.030672892935442047,0.028995976971898554,0.1,0.2320315464082492,3.5120156,0.7415571156740925,0.11,3.6298111418411474,DEF,-4.0,0.08,0.01,1.4430141192563402,0.67776695,1.0,3.2,1.0,0.14,0.30582046691570847
746,Sékou_Koné,38,0.012953988275239381,0.015058834539026648,0.18106912366616726,0.2051114315148263,3.3390954,0.0556584924383776,0.1,2.5760712425188372,MID,8.598333333333334,0.0783333333333333,0.0733333333333333,1.1599861823136757,0.0,1.0,3.397530864197531,1.0,3.0,0.11122988892116129
747,TJ_Carroll,38,0.00781256477778802,0.009570865308505067,0.1,0.1210824738402328,1.9599895,0.1126461945947608,0.1,0.8676476663060515,DEF,4.327857142857143,0.0271428571428571,0.0307142857142857,1.085727003688141,0.0,1.0,3.930489417989419,1.0,3.0,0.5844668190077021
748,Taiwo_Awoniyi,38,0.22129580608506905,0.09907283695883336,0.1531210986207724,0.0,5.0526853,0.0378374155739514,0.02,3.8168771541343807,FWD,4.8,0.27,0.06,1.6268186028346507,39.4544381,1.0,3.1148148148148143,0.9756864699721336,1.72,0.38973898745760344
749,Takai_Kōta,38,0.010880362989082766,0.013519404324851962,0.10003579846113922,0.249827415939737,3.679745,0.1123771026978151,0.1,2.4209682920980757,DEF,5.185625,0.025625,0.0375,1.4573866124957218,0.0,1.0,2.9277777777777776,1.0,3.0,0.4093751633003479
750,Talla_Ndiaye,38,0.012775178220536327,0.015764613362885115,0.14011728378725052,0.2771884232344291,3.9083912,0.1141946209404306,0.1,2.7887868707314576,DEF,6.683333333333335,0.0366666666666666,0.05,1.4275049403718407,0.0,1.0,2.8258487654320983,1.0,3.0,0.396874295703171
751,Tammy_Abraham,38,0.1715575727242038,0.05091413303450363,0.19692276536870004,0.0,3.8210967,0.0379056163983134,0.0,3.371094709224324,FWD,4.42,0.21,0.04,1.085727003688141,18.2608081,1.0,3.908333333333333,1.0,1.25,0.3159826472891568
752,Tanaka_Ao,38,0.1153089482444135,0.12830035957721975,0.18901052043545247,0.2537881908128472,3.236114,0.0522638212666914,0.04,3.5083544024266793,MID,9.2,0.06,0.05,1.4624541973500107,68.0510622,1.0,2.546296296296296,1.0558582818812945,1.68,0.36297672483608584
753,Tariq_Lamptey,38,0.022919957564864236,0.04966248092391595,0.1,0.2843651376405746,3.2280912,0.0,0.08,2.712692008607672,DEF,0.73,0.02,0.06,1.4654883695230865,0.0,1.0,3.041666666666666,1.0,1.63,0.484061639466736
754,Tawanda_Chirewa,38,0.12094699785080193,0.03720675336714418,0.1,0.3346470606552959,3.4213214,0.0359749806404014,0.1,3.1675682896175466,MID,2.5,0.02,0.01,1.8636296707048896,0.0,1.0,1.935185185185185,1.0,0.71,0.33446132846589816
755,Teddy_Sharman-Lowe,38,0.009066842375766273,0.01066836004577369,0.12641283208477488,0.3233117085765303,3.6820107,0.0299095834788306,0.1,4.331141876215985,GKP,9.213333333333331,0.0,0.0,1.3721484807659794,0.0,1.0,2.8583333333333334,1.0,3.0,0.37324072706087386
756,Temple_Ojinnaka,38,0.01307429246393509,0.014322047104804963,0.12771079914581776,0.3346470606552959,3.8409238,0.0571975402940979,0.1,2.6729162753284266,MID,6.4468421052631575,0.0557894736842105,0.0378947368421052,1.8636296707048896,0.0,1.0,1.9851851851851852,1.0,3.0,0.14527997783413651
757,Thierno_Barry,38,0.25360405623685883,0.04580858080223027,0.13617557057332985,0.0,4.516896,0.0379739353009365,0.08,3.6824523633806314,FWD,4.27,0.24,0.02,1.4430141192563402,44.36960139999999,1.0,3.2,1.0564433261230588,2.41,0.4004098686576385
758,Tijjani_Reijnders,38,0.10943604604203719,0.11086197722075515,0.18621333239150045,0.3448434516901721,5.05856,0.0353706566221893,0.07,3.610422675817248,MID,6.27,0.14,0.09,1.4428233179320902,39.99463889999999,1.0,3.3370370370370366,1.0217131200954317,2.6,0.34752267249426616
759,Tim_Iroegbunam,38,0.034831201221151076,0.10711446667409866,0.13333937381070854,0.2320315464082492,2.9394596,0.1345078767393567,0.28,2.89821457738973,MID,7.07,0.02,0.02,1.4430141192563402,63.40262,1.0,3.2,0.9547958117776684,1.48,0.25580784677530444
760,Timothy_Castagne,38,0.07292371663196745,0.10370665113815579,0.1,0.2214164354404977,3.1628292,0.2688056955953525,0.1,3.022712978095697,DEF,9.73,0.04,0.06,1.3031543227991396,79.321862,1.0,3.055555555555556,0.9901431079767646,1.2,0.529843325391828
761,Timothée_Pembélé,38,0.008651970211582195,0.009383286197591843,0.1,0.2174313841115139,3.1056676,0.2565557467376755,0.1,2.2860346681486337,DEF,4.5200000000000005,0.03,0.0225,1.483127612348932,0.0,1.0,2.708333333333333,1.0,3.0,0.37145142008064463
762,Tino_Livramento,38,0.014438858338873513,0.04158392103874026,0.24609612365531924,0.2661741155370841,3.2801056,0.1074395195015228,0.05,2.8259184430931708,DEF,9.8,0.01,0.05,1.2941403914720286,0.0,1.0,2.4555555555555557,0.9937525736676022,2.07,0.4129090554492404
763,Toby_Collyer,38,0.009060185078659175,0.033247551619506675,0.18382803208643198,0.2051114315148263,2.8391762,0.0,0.1,2.453628503663517,MID,6.67,0.01,0.06,1.1599861823136757,0.0,1.0,3.4962962962962965,1.0,0.25,0.13325645596414532
764,Tolu_Arokodare,38,0.22175654746406043,0.05788543640771048,0.13322443976283072,0.0,4.9315467,0.0478513829665397,0.03,3.6679986794791004,FWD,4.87,0.22,0.02,1.8636296707048896,37.027173,1.0,1.9703703703703697,0.9246345689184964,2.01,0.3680329925285137
765,Tom_Cairney,38,0.06559702841508389,0.06927538853126886,0.16864364755102984,0.2214164354404977,3.2680666,0.0407324898195021,0.12,2.9481587355124375,MID,6.93,0.06,0.06,1.3031543227991396,33.784132,1.0,3.055555555555556,1.0499689032137394,1.14,0.2623512487048073
766,Tom_Edozie,38,0.014136597249909691,0.016291149567480658,0.12771079914581776,0.3346470606552959,3.8409238,0.0571975402940979,0.1,2.6842001375547886,MID,6.4468421052631575,0.0557894736842105,0.0378947368421052,1.8636296707048896,4.4080158,1.0,1.9851851851851852,1.0,3.0,0.14934014655603978
767,Tom_Heaton,38,0.007366434199108846,0.008884904284170924,0.11442255143892757,0.2051114315148263,2.8946946,0.0312975704910373,0.1,3.174448182487789,GKP,8.075000000000001,0.0,0.0025,1.1599861823136757,0.0,1.0,3.1259259259259258,1.0,3.0,0.3230662775444679
768,Tom_King,38,0.008081879284647271,0.009451064864743293,0.23918331115484237,0.2320315464082492,3.0482612,0.0379739353009365,0.1,3.5070347080962403,GKP,9.07,0.0,0.0,1.4430141192563402,1.13266974,1.0,3.2,1.0,3.0,0.33080873974897906
769,Tom_McGill,38,0.00976838226689302,0.009604894659272285,0.2506915015015601,0.2843651376405746,3.6250792,0.0325703965427313,0.1,4.255440494695592,GKP,14.935,0.0,0.0,1.4654883695230865,0.0,1.0,3.7513888888888887,1.0,3.0,0.3341195088910723
770,Tom_Watson,38,0.014586163963852818,0.017401201310475498,0.16514420731022353,0.2843651376405746,4.0786195,0.05532553580889,0.1,2.7073348949293212,MID,7.6165,0.0855,0.071,1.4654883695230865,0.0,1.0,3.687175925925926,1.0,3.0,0.13551337777103664
771,Tommy_Setford,38,0.010859119584941382,0.011347273955946532,0.22546227267432203,0.4137809993029863,3.8630323,0.0381109280889185,0.1,4.452238329848265,GKP,14.665,0.0,0.0,1.287355717607569,0.0,1.0,1.533333333333333,1.0,3.0,0.4646887347976812
772,Tomáš_Souček,38,0.13098295639559782,0.0712251916748226,0.21508430518889418,0.2292814952060826,4.0811257,0.1150252161412461,0.1,3.5731362741840433,MID,12.87,0.09,0.01,1.5087757986722805,81.97007199999999,1.0,3.45,1.0554441126286982,1.93,0.32072583302095
773,Tosin_Adarabioyo,38,0.020909279240423018,0.03414779037644883,0.11767825798392298,0.3233117085765303,3.307787,0.5305912923223358,0.18,3.917585927532997,DEF,2.27,0.01,0.02,1.3721484807659794,19.3687347,1.0,2.9944444444444445,1.0796841514520348,1.94,0.3531776476519616
774,Toti_Gomes,38,0.07054091069628225,0.04046594478571959,0.10196403208643198,0.3346470606552959,2.9188795,0.4560335419272396,0.11,4.139124554298653,DEF,8.47,0.04,0.01,1.8636296707048896,85.616731,1.0,1.9703703703703697,0.9572178874124329,1.77,0.4269900122370889
775,Trai_Hume,38,0.0749604919940676,0.07028134096485077,0.10945527948439121,0.2174313841115139,3.2801187,0.1496898748322263,0.24,2.5465106858890394,DEF,3.8,0.05,0.05,1.483127612348932,77.149293,1.0,2.6851851851851847,0.9961808104688924,2.21,0.5840185984191207
776,Travis_Patterson,38,0.014474199456350742,0.032472005513230505,0.1,0.1210824738402328,1.9599895,0.1126461945947608,0.1,0.9766957182021032,DEF,4.327857142857143,0.0271428571428571,0.0307142857142857,1.085727003688141,0.0,1.0,3.930489417989419,1.0,3.0,0.6432666407185703
777,Trevoh_Chalobah,38,0.057451166093690324,0.07607295577954346,0.19176831467247007,0.3233117085765303,3.4336128,0.3902891786479548,0.15,4.085306375429011,DEF,8.4,0.03,0.02,1.3721484807659794,87.49499999999999,1.0,2.9490740740740744,1.0577791475392877,2.83,0.43171097763557137
778,Trey_Nyoni,38,0.03491372911094391,0.0188497000847207,0.18061434824375308,0.2771884232344291,4.2467885,0.0660566149359336,0.1,2.859423699378452,MID,9.00388888888889,0.1038888888888888,0.0666666666666666,1.4275049403718407,3.3180475099999995,1.0,2.846296296296296,1.0,3.0,0.1671194195843232
779,Triston_Rowe,38,0.04692284322860326,0.062465287562062585,0.1,0.1210824738402328,1.9599895,0.1126461945947608,0.1,1.2582997273392063,DEF,4.327857142857143,0.0271428571428571,0.0307142857142857,1.085727003688141,0.0,1.0,3.930489417989419,1.0,3.0,0.7479689430815819
780,Tyler_Adams,38,0.05261716362879555,0.06422699949610614,0.17511029529947036,0.2459506504635776,3.921324,0.1853791650525769,0.28,3.102564042629076,MID,10.0,0.02,0.03,1.3171634869420366,49.39825909999999,1.0,2.9555555555555557,0.9819779565185308,1.92,0.22707886410589317
781,Tyler_Dibling,38,0.03841994917249014,0.036398348445837475,0.16184821824121476,0.2320315464082492,3.047526,0.0600417529615214,0.15,2.7041199104021647,MID,3.33,0.04,0.03,1.4430141192563402,7.83141786,1.0,3.259259259259259,1.0146446043723507,0.92,0.19255408766754878
782,Tyler_Fletcher,38,0.01423847610799234,0.015258158723609928,0.18106912366616726,0.2051114315148263,3.3390954,0.0556584924383776,0.1,2.5830393892957892,MID,8.598333333333334,0.0783333333333333,0.0733333333333333,1.1599861823136757,0.625525704,1.0,3.397530864197531,1.0,3.0,0.11392722259118217
783,Tyler_Fredricson,38,0.022394975977947033,0.01928004970510345,0.11249383405725441,0.2051114315148263,2.5530012,0.1887196964247276,0.1,2.0876615559752674,DEF,6.236428571428573,0.0328571428571428,0.0285714285714285,1.1599861823136757,0.444988075,1.0,3.271957671957672,1.0,3.0,0.4450000626284012
784,Tyler_Morton,38,0.01829320267693181,0.01785818376615308,0.18061434824375308,0.2771884232344291,4.2467885,0.0660566149359336,0.1,2.774118053595275,MID,9.00388888888889,0.1038888888888888,0.0666666666666666,1.4275049403718407,0.0,1.0,2.846296296296296,1.0,3.0,0.13809115932146904
785,Tyler_Onyango,38,0.013701983505916131,0.014851198962773867,0.1439195964320898,0.2320315464082492,3.596672,0.0784335925895297,0.1,2.6363942225622528,MID,7.724736842105264,0.0768421052631578,0.0557894736842105,1.4430141192563402,0.0,1.0,3.443274853801169,1.0,3.0,0.11814630005517482
786,Tymur_Tutierov,38,0.011342359502564382,0.013095315678355536,0.1420540340023159,0.2174313841115139,3.4938486,0.0536724632394047,0.1,2.5473453591546455,MID,8.347,0.067,0.06,1.483127612348932,0.0,1.0,2.722222222222222,1.0,3.0,0.11025287829559428
787,Tyrell_Malacia,38,0.009729561887796433,0.022193769157970365,0.1431304339041709,0.2051114315148263,2.544787,0.7013640900633943,0.26,2.9305251722132173,DEF,3.87,0.01,0.03,1.1599861823136757,1.82698054,1.0,2.488888888888889,0.9685173927495878,1.86,0.2922994778655137
788,Tyrick_Mitchell,38,0.04062762713452682,0.0702877791566984,0.13965849329793453,0.1996369348650613,3.055781,0.2176619695799655,0.15,2.380534722167695,DEF,8.47,0.05,0.06,0.9154820012004722,84.386763,1.0,3.15,0.9733245527595284,1.84,0.5048392221897843
789,Tyrique_George,38,0.07780332590067994,0.14486901853129944,0.11684403208643197,0.2320315464082492,3.3605268,0.0379739353009365,0.14,3.1866485528077426,MID,3.53,0.06,0.1,1.4430141192563402,18.9801238,1.0,3.2,0.9776344976201654,1.03,0.3471039163111284
790,Tyrone_Mings,38,0.05996055608997283,0.045426622998838206,0.13524142983984946,0.1210824738402328,2.097845,0.2356097132409116,0.12,1.5558619081629177,DEF,5.47,0.07,0.02,1.085727003688141,85.809007,1.0,4.094444444444444,0.9179501792490484,2.18,0.6221521242618716
791,Valentín_Castellanos,38,0.27725686929042315,0.0580739233496003,0.11561596996033191,0.0,4.8737545,0.033179026220638,0.3,3.6431488134021492,FWD,7.0,0.23,0.04,1.5087757986722805,68.08368999999999,1.0,3.45,1.0232230816930532,2.04,0.44993689351055877
792,Veljko_Milosavljevic,38,0.027012910327425314,0.036885103649447915,0.1,0.2459506504635776,4.2142634,0.4576422227885033,0.0,3.3800865580273203,DEF,3.29,0.02,0.03,1.3171634869420366,5.575093999999999,1.0,2.9037037037037035,1.0,1.29,0.34372508698030757
793,Victor_Lindelöf,38,0.03167924667400911,0.02740313021175024,0.1,0.1210824738402328,1.9607975,0.1327921882613947,0.05,1.1472072733361427,DEF,2.07,0.02,0.01,1.085727003688141,74.755996,1.0,3.9703703703703694,1.0340972786024214,1.23,0.6301166505331384
794,Viktor_Gyökeres,38,0.35750119453812673,0.07017406409771826,0.18198317198085778,0.0,4.5512214,0.0381109280889185,0.14,4.234100520684709,FWD,6.47,0.21,0.04,1.287355717607569,60.850296,1.0,1.4055555555555552,1.06038102991879,2.44,0.49540581742997736
795,Virgil_van Dijk,38,0.15936559142917192,0.04425931613172212,0.1657482182341814,0.2771884232344291,4.036365,0.4238720273593482,0.15,4.343754612314691,DEF,10.73,0.11,0.03,1.4275049403718407,90.0,1.0,2.846296296296296,1.0989751062095166,2.85,0.4964639333778604
796,Vitalii_Mykolenko,38,0.037510946009882154,0.0726909905931223,0.10092436887823045,0.2320315464082492,2.695416,0.2856349083603796,0.2,2.7298480513705474,DEF,7.33,0.0,0.04,1.4430141192563402,90.0,1.0,3.2,1.0029268038831651,1.97,0.47734559029961293
797,Vitaly_Janelt,38,0.02998360873543784,0.08482084682841037,0.21596631180721512,0.1672497495767363,3.2906117,0.191001147926119,0.2,3.053823620709335,MID,14.93,0.03,0.08,1.2627343678235523,32.245197899999994,1.0,3.0046296296296293,1.0224893871806562,2.23,0.19225096136577857
798,Vitor_de Oliveira Nunes dos Reis,38,0.016239895084811263,0.018427636395129794,0.16160141432067326,0.3448434516901721,4.0682726,0.1148721822374136,0.1,3.2952003835844508,DEF,7.743571428571427,0.0542857142857142,0.0464285714285714,1.4428233179320902,0.0,1.0,2.9376719576719577,1.0,3.0,0.4173237444256548
799,Václav_Hladký,38,0.0063141797963693755,0.006833728975786437,0.25049501688957215,0.230095077900441,3.008911,0.0248858444725189,0.1,3.562914797727367,GKP,11.27,0.0,0.0,1.5468827004243544,0.0,1.0,3.5138888888888884,1.0,3.0,0.3229028631939346
800,Walter_Benítez,38,0.0056761798537458856,0.006151469486457007,0.16769865225303165,0.1996369348650613,3.0710564,0.0285294130642131,0.1,3.116597573425715,GKP,9.93,0.0,0.0,0.9154820012004722,0.0,1.0,3.15,1.0,3.0,0.32028025781593533
801,Wellity_Lucky,38,0.012775178220536327,0.015764613362885115,0.14011728378725052,0.2771884232344291,3.9083912,0.1141946209404306,0.1,2.7887868707314576,DEF,6.683333333333335,0.0366666666666666,0.05,1.4275049403718407,0.0,1.0,2.8258487654320983,1.0,3.0,0.396874295703171
802,Wes_Foderingham,38,0.001280287849937752,0.0039856933370224674,0.3275000573458672,0.2292814952060826,3.12101,0.0,0.07,3.7499507774042975,GKP,17.33,0.0,0.0,1.5087757986722805,0.0,1.0,4.3,1.0,1.48,0.30571267306712546
803,Wesley_Fofana,38,0.04790505069767047,0.05011815387843731,0.13219144958609344,0.3233117085765303,3.4529512,0.3923411660340982,0.3,3.7674585427394574,DEF,5.87,0.03,0.02,1.3721484807659794,70.44426399999999,1.0,2.9490740740740744,0.96593875733763,2.09,0.4282397575014207
804,Wilfried_Gnonto,38,0.06811615907050533,0.11688150234181563,0.1208760320864319,0.2537881908128472,3.5006795,0.0206122124302905,0.2,2.9976406856885767,MID,4.13,0.05,0.07,1.4624541973500107,19.5278392,1.0,2.546296296296296,1.0273969741952087,0.95,0.3252779895053538
805,Will_Dennis,38,0.08797817751306204,0.08010348948556367,0.18145021028333894,0.2459506504635776,4.1866,0.0310713762072417,0.1,3.6731279591121093,GKP,12.89,0.0,0.0,1.3171634869420366,0.0,1.0,3.214814814814815,1.0,3.0,0.33479728068475767
806,Will_Hughes,38,0.025086563686148207,0.04066910029961906,0.11840403208643198,0.1996369348650613,3.0504704,0.0670515688234906,0.22,2.540078336790882,MID,6.6,0.03,0.07,0.9154820012004722,24.7185054,1.0,3.2,0.9539855313673616,0.74,0.17163273386889266
807,Will_Lankshear,38,0.026261259618354522,0.014889489163383219,0.2020599915986061,0.0,4.67586,0.0485571162956664,0.1,2.59588448710653,FWD,7.834999999999999,0.205,0.0525,1.4573866124957218,0.0,1.0,2.683796296296297,1.0,3.0,0.07210752793533869
808,Will_Wright,38,0.030061078385017814,0.015308980812065314,0.23664770687484735,0.0,4.7631874,0.0444978549778565,0.1,2.649130001283165,FWD,5.249999999999999,0.2299999999999999,0.045,1.4275049403718407,0.0,1.0,2.7113425925925925,1.0,3.0,0.07865531033289683
809,William_Osula,38,0.15846221790127057,0.05195847081462463,0.2194252040576935,0.0,4.160868,0.0230899647895859,0.0,3.346491534828042,FWD,6.87,0.23,0.04,1.2941403914720286,52.9580602,1.0,3.081481481481481,1.050236683472991,2.2,0.2990183370978553
810,William_Saliba,38,0.08124008022751242,0.06913480355299684,0.22324989650487903,0.4137809993029863,3.8196344,0.2881995041430358,0.05,4.563108820207019,DEF,14.73,0.02,0.04,1.287355717607569,88.767,1.0,1.4055555555555552,0.9878238174021244,2.32,0.4846153002809929
811,Willy_Boly,38,0.0225454123635975,0.021440408383410596,0.138449756386876,0.1980963809895135,3.3124397,0.0,0.14,1.7073590631183615,DEF,3.2,0.04,0.02,1.6268186028346507,0.0,1.0,3.759259259259258,1.0,2.22,0.5346150801244782
812,Wilson_Isidor,38,0.0926157743087562,0.030530086145316365,0.43318539309024806,0.0,4.491294,0.025390387562703,0.03,3.1744066837386544,FWD,3.6,0.19,0.03,1.483127612348932,21.1358322,1.0,2.6851851851851847,1.0914740404486656,1.46,0.18441377480031906
813,Wilson_Odobert,38,0.0523766845594695,0.06965407456026466,0.19144118905305854,0.249827415939737,4.331012,0.0495476222005259,0.0,3.156775310749199,MID,7.87,0.11,0.06,1.4573866124957218,0.0,1.0,2.8703703703703702,0.9448358981385828,1.1,0.2295879433882688
814,Xavi_Simons,38,0.08162226373455986,0.09806656193768962,0.1957352728703022,0.249827415939737,4.577237,0.076223412581864,0.21,3.281321895239012,MID,9.8,0.12,0.13,1.4573866124957218,0.0,1.0,2.525925925925926,1.09527420116961,2.29,0.29933384326150336
815,Yang_Min-hyeok,38,0.015029694601738234,0.01691567866895295,0.17773838319658147,0.249827415939737,3.938327,0.0648639403057338,0.1,2.6995598299706014,MID,7.145909090909091,0.0759090909090909,0.065,1.4573866124957218,0.0,1.0,2.990404040404041,1.0,3.0,0.12596074247389177
816,Yankuba_Minteh,38,0.13039785968574485,0.22689578526412088,0.2068839792361259,0.2843651376405746,4.355787,0.0633868953251596,0.08,4.0210614794166935,MID,9.07,0.08,0.13,1.4654883695230865,80.79391099999998,1.0,3.514814814814814,0.9690341652557256,2.08,0.42678432475273004
817,Yasin_Ayari,38,0.07873624099773924,0.07120056129918197,0.21252076540803902,0.2843651376405746,4.295412,0.1708222596673231,0.05,3.5298154178174013,MID,9.47,0.08,0.04,1.4654883695230865,44.5662091,1.0,3.514814814814814,1.1244759274050593,2.18,0.25571403520452785
818,Yasin_Özcan,38,0.03047991108861902,0.03373176545558495,0.1,0.1210824738402328,1.9599895,0.1126461945947608,0.1,1.0741839966744773,DEF,4.327857142857143,0.0271428571428571,0.0307142857142857,1.085727003688141,0.0,1.0,3.930489417989419,1.0,3.0,0.6857261747952168
819,Yehor_Yarmoliuk,38,0.04395316560071655,0.09073561746837075,0.15529912408819796,0.1672497495767363,3.180868,0.2209428905661304,0.2,3.1353807716836504,MID,10.07,0.02,0.03,1.2627343678235523,83.2317085,1.0,3.0046296296296293,0.982612812280655,1.52,0.21816913468231489
820,Yerson_Mosquera Valdelamar,38,0.12080542080243256,0.049158682579571546,0.10276229193598033,0.3346470606552959,3.758442,0.3944298220936265,0.3,4.250238960266186,DEF,7.07,0.09,0.02,1.8636296707048896,80.67944,1.0,1.9703703703703697,1.0546933047398923,2.12,0.499651781495808
821,Yoane_Wissa,38,0.24369175318415945,0.0650880947234236,0.5530449711911678,0.0,4.6761937,0.0230899647895859,0.15,4.002332769533013,FWD,2.33,0.31,0.05,1.2941403914720286,27.2215376,1.0,3.081481481481481,0.9979411045834424,3.0,0.37190726616941083
822,Youri_Tielemans,38,0.0743351050961053,0.12118607087545573,0.27091176127386096,0.1210824738402328,2.5864685,0.2040461835153224,0.02,3.5185273304467035,MID,17.27,0.03,0.09,1.085727003688141,79.90931699999999,1.0,3.9703703703703694,0.9939557852372528,1.32,0.2608311977956984
823,Youssef_Ramalho Chermiti,38,0.02638200430591446,0.02026915327549519,0.1,0.0,3.52693,0.0,0.18,2.266184389174695,FWD,1.6,0.08,0.03,1.4430141192563402,0.0,1.0,4.029629629629629,1.0,0.39,0.09094650219636252
824,Yunus_Emre Konak,38,0.01282206181450793,0.015481387253364296,0.15878181752545825,0.1672497495767363,3.019629,0.0658750805739278,0.1,2.5178787675931273,MID,7.421333333333332,0.068,0.066,1.2627343678235523,0.0,1.0,3.194753086419753,1.0,3.0,0.10205330757376002
825,Yusuf_Akhamrich,38,0.015029694601738234,0.01691567866895295,0.17773838319658147,0.249827415939737,3.938327,0.0648639403057338,0.1,2.6995598299706014,MID,7.145909090909091,0.0759090909090909,0.065,1.4573866124957218,0.0,1.0,2.990404040404041,1.0,3.0,0.12596074247389177
826,Yves_Bissouma,38,0.04055953639690393,0.035404029012726795,0.1347240320864319,0.249827415939737,3.9416351,0.0829933563446872,0.28,2.718383624987392,MID,7.6,0.02,0.01,1.4573866124957218,42.5984588,1.0,2.4685185185185183,1.010863976251334,0.84,0.1998662280716734
827,Yéremy_Pino Santos,38,0.05837924826653627,0.08620342867334375,0.14541016116070746,0.1996369348650613,3.5047352,0.0479521599265386,0.12,2.9657453486603447,MID,7.47,0.08,0.14,0.9154820012004722,42.0087154,1.0,3.15,1.0357863654270767,1.52,0.2609418476191624
828,Zach_Abbott,38,0.027307357051625552,0.0445297729019246,0.12488450121412586,0.1980963809895135,3.0105135,0.0931519193832931,0.1,1.9857723840810901,DEF,6.75,0.0256521739130434,0.0304347826086956,1.6268186028346507,24.9533686,1.0,3.108276972624798,1.0,3.0,0.5147802388431559
829,Zach_Marsh,38,0.04130484553465631,0.040521513500406885,0.11415632611310483,0.0,3.7995014,0.0314702338414446,0.1,2.554051669293254,FWD,4.140000000000001,0.165,0.0275,0.9154820012004722,0.0,1.0,2.9875,1.0,3.0,0.13803884507127245
830,Zain_Silcott-Duberry,38,0.0158042903170599,0.0194508519723579,0.15905806103140108,0.2459506504635776,4.379335,0.0661536250750705,0.1,2.73822831751704,MID,7.959333333333335,0.0893333333333333,0.076,1.3171634869420366,0.0,1.0,3.0765432098765446,1.0,3.0,0.12775304805039564
831,Zak_Johnson,38,0.057347953195422394,0.081800784355388,0.1,0.2174313841115139,3.1056676,0.2565557467376755,0.1,2.7925037129669557,DEF,4.5200000000000005,0.03,0.0225,1.483127612348932,0.0,1.0,2.708333333333333,1.0,3.0,0.5056015504698348
832,Zeki_Amdouni,38,0.11260579670842179,0.030989235247633508,0.15454171495199204,0.0,4.484867,0.0248858444725189,0.05,2.9992366141714917,FWD,2.6,0.17,0.03,1.5468827004243544,23.120172,1.0,3.819444444444444,0.9618984619677068,1.62,0.23036313289226937
833,Zian_Flemming,38,0.2711562740480469,0.0399245655548083,0.1621811757044792,0.0,4.7560945,0.0248858444725189,0.18,3.6855932235381306,FWD,5.73,0.24,0.01,1.5468827004243544,76.373933,1.0,3.819444444444444,1.0382888512065014,2.14,0.4194049788414475
834,Zépiqueno_Redmond,38,0.026105040534329715,0.011824352086800737,0.17581943076324463,0.0,4.270913,0.0379056163983134,0.1,2.5067507577308326,FWD,4.94,0.2366666666666666,0.0233333333333333,1.085727003688141,0.0,1.0,3.742901234567902,1.0,3.0,0.07019006868992035
835,Álex_Jiménez Sánchez,38,0.011757580397748886,0.02525542471332143,0.10017425953117004,0.2459506504635776,3.9117255,0.1790898669380661,0.3,2.3980543922713444,DEF,8.53,0.02,0.06,1.3171634869420366,0.0,1.0,2.9555555555555557,1.0,1.87,0.42664586613655686
836,Álex_Moreno Lopera,38,0.01349063266489949,0.0326989180235361,0.1,0.1210824738402328,2.041969,0.0,0.13,0.7275417655641268,DEF,3.8,0.01,0.06,1.085727003688141,0.0,1.0,4.404629629629629,1.0,1.82,0.8558327803488862
837,Ármin_Pécsi,38,0.009744896898861074,0.011067972146858573,0.20332613766252988,0.2771884232344291,3.9945846,0.0439175083624984,0.1,3.867738394525129,GKP,13.276666666666666,0.0,0.0,1.4275049403718407,0.0,1.0,2.535493827160493,1.0,3.0,0.3583339861180833
838,Đorđe_Petrović,38,0.000138751425547205,0.008201543468943825,0.17691059400618075,0.2459506504635776,4.0601754,0.0,0.08,3.6083131442972944,GKP,13.47,0.0,0.0,1.3171634869420366,90.0,1.0,2.9555555555555557,1.0,1.9,0.34081112230002364
839,İlkay_Gündoğan,38,0.0656076865282455,0.09072909646710035,0.23718636508822433,0.3448434516901721,4.8226457,0.0555941339382912,0.1,3.3675969351770503,MID,10.608125,0.10625,0.109375,1.4428233179320902,0.0,1.0,2.9513888888888884,1.0,3.0,0.2806737217783861
