,GW,name,position,Team,average_minutes,Goal_share,Assist_share,Pen_data,CBI_Percent,BPS,Save_Pred,Pos_Goal_Threat,Pos_Assist_Threat,Cards,Goal_factor,Assist_factor,CS_factor,default_points,value,selected,web_name
0,6,Aaron_Anselmino,DEF,8,0.0,0.0298511749271292,0.0804233962570861,0.0,0.0006458777035865842,1.8614266423569386,0.0,0.0539343394566716,0.0350964916114288,0.1,6,3,4.0,2,45,0.0,Anselmino
1,7,Aaron_Anselmino,DEF,8,0.0,0.0296375422866622,0.0804924864805592,0.0,0.0006603163806998535,1.8614266423569386,0.0,0.0459456519173773,0.0386203456380479,0.1,6,3,4.0,2,45,0.0,Anselmino
2,8,Aaron_Anselmino,DEF,8,0.0,0.0293220555267563,0.0805770191434623,0.0,0.0007757976450713861,1.8614266423569386,0.0,0.052493727298415,0.0268053738104255,0.1,6,3,4.0,2,45,0.0,Anselmino
3,9,Aaron_Anselmino,DEF,8,0.0,0.0292737843405008,0.0806228988988178,0.0,0.0005717091570068335,1.8614266423569386,0.0,0.074235503863792,0.0216228986791694,0.1,6,3,4.0,2,45,0.0,Anselmino
4,10,Aaron_Anselmino,DEF,8,0.0,0.0293233860415327,0.0807041375431371,0.0,0.0004641056264717465,1.8614266423569386,0.0,0.0366746478210848,0.040303852137383,0.1,6,3,4.0,2,45,0.0,Anselmino
5,11,Aaron_Anselmino,DEF,8,0.0,0.0293740396557521,0.0807864636071618,0.0,0.0005123773623429756,1.8614266423569386,0.0,0.07078655240023,0.0561971162677075,0.1,6,3,4.0,2,45,0.0,Anselmino
6,12,Aaron_Anselmino,DEF,8,0.0,0.0293814140175795,0.0807982185432675,0.0,0.0005414109123809169,1.8614266423569386,0.0,0.0550530308978321,0.0334376008273799,0.1,6,3,4.0,2,45,0.0,Anselmino
7,6,Aaron_Hickey,DEF,94,29.762079963981925,0.03452244350133168,0.04584086169892768,0.0,0.0033034471043436138,1.0,0.0,0.0858497032968192,0.1237171984305226,0.18,6,3,4.0,2,45,0.1,Hickey
8,7,Aaron_Hickey,DEF,94,30.51331334078898,0.03448391552078318,0.04595983119644566,0.0,0.005804184529464894,1.0,0.0,0.070552064626671,0.1127830621923689,0.18,6,3,4.0,2,45,0.1,Hickey
9,8,Aaron_Hickey,DEF,94,30.669443494376743,0.03447217733796126,0.04599672609963046,0.0,0.002598599172393461,1.0,0.0,0.0842332060993205,0.1188923620107288,0.18,6,3,4.0,2,45,0.1,Hickey
10,9,Aaron_Hickey,DEF,94,30.82867805629126,0.03446052724913006,0.046033597588115836,0.0,0.0038556649113075116,1.0,0.0,0.1202318081610187,0.1776752802788837,0.18,6,3,4.0,2,45,0.1,Hickey
11,10,Aaron_Hickey,DEF,94,30.707395033802065,0.03446112143694137,0.04603175531031066,0.0,0.0026696279169980425,1.0,0.0,0.0957882179850394,0.1113283019034307,0.18,6,3,4.0,2,45,0.1,Hickey
12,11,Aaron_Hickey,DEF,94,29.92282840612397,0.034457715207867175,0.04595941502146775,0.0,0.004377435771606622,1.0,0.0,0.1053742839427626,0.1147639713719944,0.18,6,3,4.0,2,45,0.1,Hickey
13,12,Aaron_Hickey,DEF,94,29.758345655482188,0.03445854614707471,0.04595295858176452,0.0,0.003742907465458247,1.0,0.0,0.1119957605907742,0.1332858089793131,0.18,6,3,4.0,2,45,0.1,Hickey
14,6,Aaron_Wan-Bissaka,DEF,7,47.56600924552664,0.0177629672470164,0.08047456654980534,0.0,0.03592902627024233,1.0819999999999999,0.0,0.0506358535297079,0.1127669562337763,0.1,6,3,4.0,2,45,0.2,Wan-Bissaka
15,7,Aaron_Wan-Bissaka,DEF,7,47.27358133736493,0.0177654681405785,0.08039888898558506,0.0,0.023307110773158328,1.0819999999999999,0.0,0.0559678414732063,0.0548363854637644,0.1,6,3,4.0,2,45,0.2,Wan-Bissaka
16,8,Aaron_Wan-Bissaka,DEF,7,46.98105787649414,0.0177680997553955,0.08032279646174235,0.0,0.026509470427996482,1.0819999999999999,0.0,0.0339500514709614,0.0381417475700373,0.1,6,3,4.0,2,45,0.2,Wan-Bissaka
17,9,Aaron_Wan-Bissaka,DEF,7,46.78917190863829,0.0177688692512479,0.08028111156719908,0.0,0.013117814395061813,1.0819999999999999,0.0,0.031159434697039,0.0740471263388762,0.1,6,3,4.0,2,45,0.2,Wan-Bissaka
18,10,Aaron_Wan-Bissaka,DEF,7,46.70477505990212,0.0177677038653888,0.08027297971848958,0.0,0.020639616755861543,1.0819999999999999,0.0,0.0223973202299275,0.0944421809357277,0.1,6,3,4.0,2,45,0.2,Wan-Bissaka
19,11,Aaron_Wan-Bissaka,DEF,7,46.62417044528421,0.0177661750918058,0.08026311812471207,0.0,0.016702243510386853,1.0819999999999999,0.0,0.041498341824961,0.0545242644716637,0.1,6,3,4.0,2,45,0.2,Wan-Bissaka
20,12,Aaron_Wan-Bissaka,DEF,7,46.53249191658888,0.0177661198297826,0.08025472661635417,0.0,0.01408791819355178,1.0819999999999999,0.0,0.0462278002486011,0.089997557499349,0.1,6,3,4.0,2,45,0.2,Wan-Bissaka
21,6,Abdoul_Ouattara,DEF,40,49.982433149536426,0.0698808904202807,0.2145779856057133,0.0,0.013377313095985815,3.096428365019011,0.0,0.1378368916813487,0.1417324710647552,0.1,6,3,4.0,2,40,0.9,Ouattara
22,7,Abdoul_Ouattara,DEF,40,51.26656842901508,0.0694263229246534,0.2057309191114864,0.0,0.02938822423419166,3.096428365019011,0.0,0.09886899903714,0.1282297948275641,0.1,6,3,4.0,2,40,0.9,Ouattara
23,8,Abdoul_Ouattara,DEF,40,52.43880247818466,0.069224325814242,0.2052845396773583,0.0,0.024259005846430808,3.096428365019011,0.0,0.0757386597383645,0.1958612735530401,0.1,6,3,4.0,2,40,0.9,Ouattara
24,9,Abdoul_Ouattara,DEF,40,53.94249504612959,0.0693362315993846,0.2067871517597607,0.0,0.018696249007609467,3.096428365019011,0.0,0.1268997194477113,0.1551143810956354,0.1,6,3,4.0,2,40,0.9,Ouattara
25,10,Abdoul_Ouattara,DEF,40,53.95401728359697,0.0693131781895985,0.2067610063499685,0.0,0.032374400469285566,3.096428365019011,0.0,0.0553819610582226,0.1857348552224726,0.1,6,3,4.0,2,40,0.9,Ouattara
26,11,Abdoul_Ouattara,DEF,40,53.964292214418975,0.0692908972220813,0.2067360925621481,0.0,0.03872499454561761,3.096428365019011,0.0,0.1186409762327798,0.0988612668204811,0.1,6,3,4.0,2,40,0.9,Ouattara
27,12,Abdoul_Ouattara,DEF,40,53.97571718232494,0.0692683840143277,0.2067102109171127,0.0,0.025461321849810623,3.096428365019011,0.0,0.1528638217362915,0.0934867601094268,0.1,6,3,4.0,2,40,0.9,Ouattara
28,6,Abdukodir_Khusanov,DEF,43,85.0548345,0.021081947128495822,0.03366963018679995,0.0,0.2549823901834472,5.172000000000001,0.0,0.0345883844346893,0.02331174536266,0.13,6,3,4.0,2,54,1.4,Khusanov
29,7,Abdukodir_Khusanov,DEF,43,85.08183449999999,0.020564063939305648,0.03320129401051288,0.0,0.1345872612919415,5.172000000000001,0.0,0.0440900662312232,0.0342011051202082,0.13,6,3,4.0,2,54,1.4,Khusanov
30,8,Abdukodir_Khusanov,DEF,43,85.1088345,0.02056133775626142,0.03319327509856481,0.0,0.16752062577605809,5.172000000000001,0.0,0.0430008805695656,0.0202850875521248,0.13,6,3,4.0,2,54,1.4,Khusanov
31,9,Abdukodir_Khusanov,DEF,43,85.13583449999999,0.02055849709128013,0.03318527087863522,0.0,0.13041095308596226,5.172000000000001,0.0,0.0265768898928847,0.0315855885698299,0.13,6,3,4.0,2,54,1.4,Khusanov
32,10,Abdukodir_Khusanov,DEF,43,85.1628345,0.020555699562090433,0.03317710351927103,0.0,0.17869270743623847,5.172000000000001,0.0,0.0550530308978321,0.0334376008273799,0.13,6,3,4.0,2,54,1.4,Khusanov
33,11,Abdukodir_Khusanov,DEF,43,85.18983449999999,0.020552974200240538,0.03316908137229817,0.0,0.12489386735364497,5.172000000000001,0.0,0.0323786694324084,0.0238084655632736,0.13,6,3,4.0,2,54,1.4,Khusanov
34,12,Abdukodir_Khusanov,DEF,43,85.21983449999999,0.020550086415524093,0.03316100173076546,0.0,0.14198324425145714,5.172000000000001,0.0,0.0283871455110724,0.0678417594345503,0.13,6,3,4.0,2,54,1.4,Khusanov
35,6,Abdul_Fatawu,MID,40,0.0,0.0829196243736527,0.2134604851061921,0.0,2.356931639177852e-05,6.266,0.0,0.1378368916813487,0.1417324710647552,0.19,5,3,1.0,2,54,0.2,Fatawu
36,7,Abdul_Fatawu,MID,40,46.95556842901508,0.0823800655238637,0.20502909544938316,0.0,0.0032630524801531067,6.266,0.0,0.09886899903714,0.1282297948275641,0.19,5,3,1.0,2,54,0.2,Fatawu
37,8,Abdul_Fatawu,MID,40,46.86480247818466,0.0821403006273354,0.20460368902270198,0.0,0.0023892738062104945,6.266,0.0,0.0757386597383645,0.1958612735530401,0.19,5,3,1.0,2,54,0.2,Fatawu
38,9,Abdul_Fatawu,MID,40,48.42249504612958,0.0822731296511813,0.2060357013149157,0.0,0.0018327872796561689,6.266,0.0,0.1268997194477113,0.1551143810956354,0.19,5,3,1.0,2,54,0.2,Fatawu
39,10,Abdul_Fatawu,MID,40,48.48801728359696,0.0822457659012705,0.20601078433957254,0.0,0.003325895661757958,6.266,0.0,0.0553819610582226,0.1857348552224726,0.19,5,3,1.0,2,54,0.2,Fatawu
40,11,Abdul_Fatawu,MID,40,48.55229221441897,0.0822193190186373,0.20598704111880237,0.0,0.004058516353848143,6.266,0.0,0.1186409762327798,0.0988612668204811,0.19,5,3,1.0,2,54,0.2,Fatawu
41,12,Abdul_Fatawu,MID,40,48.61771718232494,0.0821925964733664,0.205962375515306,0.0,0.002591456826335622,6.266,0.0,0.1528638217362915,0.0934867601094268,0.19,5,3,1.0,2,54,0.2,Fatawu
42,6,Abdülkadir_Ömür,MID,88,0.0,0.1089674761836737,0.1516070280128464,0.0,0.00011576961330590505,3.218664601486081,0.0,0.1053742839427626,0.1147639713719944,0.1,5,3,1.0,2,49,0.0,Ömür
43,7,Abdülkadir_Ömür,MID,88,0.0,0.1087638664736325,0.1516108671211081,0.0,6.074713019849551e-05,3.218664601486081,0.0,0.0936735501911697,0.0888189627888669,0.1,5,3,1.0,2,49,0.0,Ömür
44,8,Abdülkadir_Ömür,MID,88,0.0,0.1091360089561145,0.1520504548770496,0.0,0.00016846448708899642,3.218664601486081,0.0,0.0790689180878473,0.1448646983763215,0.1,5,3,1.0,2,49,0.0,Ömür
45,9,Abdülkadir_Ömür,MID,88,0.0,0.1093752119962736,0.152080238766727,0.0,6.696918442439877e-05,3.218664601486081,0.0,0.0842332060993205,0.1188923620107288,0.1,5,3,1.0,2,49,0.0,Ömür
46,10,Abdülkadir_Ömür,MID,88,0.0,0.1096282175887753,0.1522201945862414,0.0,7.06096604765533e-05,3.218664601486081,0.0,0.0676432579115817,0.1324297279869411,0.1,5,3,1.0,2,49,0.0,Ömür
47,11,Abdülkadir_Ömür,MID,88,0.0,0.1098833121771766,0.1523607778280444,0.0,6.42222121409002e-05,3.218664601486081,0.0,0.0957882179850394,0.1113283019034307,0.1,5,3,1.0,2,49,0.0,Ömür
48,12,Abdülkadir_Ömür,MID,88,0.0,0.1101412803981329,0.152503562764896,0.0,8.103392297064544e-05,3.218664601486081,0.0,0.0822560971477504,0.1524742200371775,0.1,5,3,1.0,2,49,0.0,Ömür
49,6,Abu_Kamara,MID,88,0.0,0.0558015088845596,0.1500214595336653,0.0,0.00011576961330590505,3.218664601486081,0.0,0.1053742839427626,0.1147639713719944,0.1,5,3,1.0,2,50,0.0,Kamara
50,7,Abu_Kamara,MID,88,0.0,0.0556963104765722,0.1500252058063132,0.0,6.074713019849551e-05,3.218664601486081,0.0,0.0936735501911697,0.0888189627888669,0.1,5,3,1.0,2,50,0.0,Kamara
51,8,Abu_Kamara,MID,88,0.0,0.0558885841981627,0.1504541636460341,0.0,0.00016846448708899642,3.218664601486081,0.0,0.0790689180878473,0.1448646983763215,0.1,5,3,1.0,2,50,0.0,Kamara
52,9,Abu_Kamara,MID,88,0.0,0.0560121725034817,0.1504832273148963,0.0,6.696918442439877e-05,3.218664601486081,0.0,0.0842332060993205,0.1188923620107288,0.1,5,3,1.0,2,50,0.0,Kamara
53,10,Abu_Kamara,MID,88,0.0,0.0561428921314293,0.1506197987848334,0.0,7.06096604765533e-05,3.218664601486081,0.0,0.0676432579115817,0.1324297279869411,0.1,5,3,1.0,2,50,0.0,Kamara
54,11,Abu_Kamara,MID,88,0.0,0.0562746910745179,0.1507569825050115,0.0,6.42222121409002e-05,3.218664601486081,0.0,0.0957882179850394,0.1113283019034307,0.1,5,3,1.0,2,50,0.0,Kamara
55,12,Abu_Kamara,MID,88,0.0,0.0564079747285758,0.1508963146798245,0.0,8.103392297064544e-05,3.218664601486081,0.0,0.0822560971477504,0.1524742200371775,0.1,5,3,1.0,2,50,0.0,Kamara
56,6,Adam_Aznou,DEF,11,0.0,0.0412861078251246,0.0499129649778404,0.0,0.0004639003893746005,2.497333333333333,0.0,0.0440900662312232,0.0342011051202082,0.1,6,3,4.0,2,40,0.1,Aznou
57,7,Adam_Aznou,DEF,11,0.0,0.0412766839466287,0.0499139410245033,0.0,0.00042748600200671574,2.497333333333333,0.0,0.0456201977756334,0.02560444811066,0.1,6,3,4.0,2,40,0.1,Aznou
58,8,Adam_Aznou,DEF,11,0.0,0.0412667873683932,0.0499148170504568,0.0,0.0005198004026902513,2.497333333333333,0.0,0.0283871455110724,0.0678417594345503,0.1,6,3,4.0,2,40,0.1,Aznou
59,9,Adam_Aznou,DEF,11,0.0,0.0418922116304679,0.0498074470314907,0.0,0.0007774929023771011,2.497333333333333,0.0,0.0441562832773488,0.040413775623652,0.1,6,3,4.0,2,40,0.1,Aznou
60,10,Adam_Aznou,DEF,11,0.0,0.0418796149788232,0.0498087632953683,0.0,0.0004754619661562929,2.497333333333333,0.0,0.0440900662312232,0.0342011051202082,0.1,6,3,4.0,2,40,0.1,Aznou
61,11,Adam_Aznou,DEF,11,0.0,0.0418674057291806,0.0498100806609102,0.0,0.0011826706900381397,2.497333333333333,0.0,0.0764095249963934,0.0286394203968533,0.1,6,3,4.0,2,40,0.1,Aznou
62,12,Adam_Aznou,DEF,11,0.0,0.0418551137735087,0.0498113056289908,0.0,0.0010511811561877973,2.497333333333333,0.0,0.0345883844346893,0.02331174536266,0.1,6,3,4.0,2,40,0.1,Aznou
63,6,Adam_Smith,DEF,91,87.0398867058486,0.005344883622250373,0.048120680610011464,0.0,0.05656081334432717,1.9180000000000001,0.0,0.0258215885423753,0.065374644385858,0.25,6,3,4.0,2,45,0.1,Smith
64,7,Adam_Smith,DEF,91,87.1336196365792,0.005342664377587778,0.048107994976444815,0.0,0.07636126196287943,1.9180000000000001,0.0,0.041498341824961,0.0545242644716637,0.25,6,3,4.0,2,45,0.1,Smith
65,8,Adam_Smith,DEF,91,87.22656950600509,0.0053404832086020836,0.0480955420079936,0.0,0.09335191810614023,1.9180000000000001,0.0,0.0223973202299275,0.0944421809357277,0.25,6,3,4.0,2,45,0.1,Smith
66,9,Adam_Smith,DEF,91,89.28405655927183,0.0052796337522396245,0.04779678731967194,0.0,0.09767805427028267,1.9180000000000001,0.0,0.0539164999254806,0.1088920375930353,0.25,6,3,4.0,2,45,0.1,Smith
67,10,Adam_Smith,DEF,91,89.38888605640322,0.005277181002177613,0.04778270265988791,0.0,0.07702273437110337,1.9180000000000001,0.0,0.0462278002486011,0.089997557499349,0.25,6,3,4.0,2,45,0.1,Smith
68,11,Adam_Smith,DEF,91,89.49266691810362,0.005274755526304502,0.047768909377338936,0.0,0.10427581396193907,1.9180000000000001,0.0,0.0295843143845428,0.1129283287121402,0.25,6,3,4.0,2,45,0.1,Smith
69,12,Adam_Smith,DEF,91,89.5973073894556,0.00527235591175455,0.047755147312681163,0.0,0.07171814254306245,1.9180000000000001,0.0,0.031159434697039,0.0740471263388762,0.25,6,3,4.0,2,45,0.1,Smith
70,6,Adam_Wharton,MID,31,74.4696923583894,0.04445838610009694,0.1428326233620405,0.0,0.0888883337087689,6.408,0.0,0.1202318081610187,0.1776752802788837,0.15,5,3,1.0,2,55,0.7,Wharton
71,7,Adam_Wharton,MID,31,71.88261540759105,0.04531868399090628,0.14680920483037146,0.0,0.050148379142778976,6.408,0.0,0.0957882179850394,0.1113283019034307,0.15,5,3,1.0,2,55,0.7,Wharton
72,8,Adam_Wharton,MID,31,71.88607268233102,0.0453258496174658,0.14683237496724721,0.0,0.08207643578396132,6.408,0.0,0.0772167805063861,0.0863082180546789,0.15,5,3,1.0,2,55,0.7,Wharton
73,9,Adam_Wharton,MID,31,71.89221725557674,0.045332578763847595,0.1468545859516309,0.0,0.10252568252163176,6.408,0.0,0.0518416411242582,0.115884505791489,0.15,5,3,1.0,2,55,0.7,Wharton
74,10,Adam_Wharton,MID,31,71.89837763456138,0.04533956924048616,0.14687723784449908,0.0,0.1103771513747704,6.408,0.0,0.070552064626671,0.1127830621923689,0.15,5,3,1.0,2,55,0.7,Wharton
75,11,Adam_Wharton,MID,31,71.90496180383415,0.04534614405500635,0.14689921597492722,0.0,0.05027289627179614,6.408,0.0,0.0842332060993205,0.1188923620107288,0.15,5,3,1.0,2,55,0.7,Wharton
76,12,Adam_Wharton,MID,31,71.90810703263593,0.045353085909140535,0.1469220229631722,0.0,0.04905057907619714,6.408,0.0,0.0842332060993205,0.1188923620107288,0.15,5,3,1.0,2,55,0.7,Wharton
77,6,Adrien_Truffert,DEF,91,90.0,0.042072692154182315,0.1317241697560326,0.0,0.21178015281985071,4.890000000000001,0.0,0.0631097915681744,0.0640934742919765,0.15,6,3,4.0,2,55,3.1,Truffert
78,7,Adrien_Truffert,DEF,91,90.0,0.04205635147338408,0.13168980639512148,0.0,0.27116270896912736,4.890000000000001,0.0,0.0506062441125376,0.0961300594458143,0.15,6,3,4.0,2,55,3.1,Truffert
79,8,Adrien_Truffert,DEF,91,90.0,0.04204029115035458,0.1316560732869516,0.0,0.317756732573853,4.890000000000001,0.0,0.0428987940978528,0.0818561894866903,0.15,6,3,4.0,2,55,3.1,Truffert
80,9,Adrien_Truffert,DEF,91,90.0,0.04159224611957299,0.13084679441847596,0.0,0.2925816203090296,4.890000000000001,0.0,0.0213032915553581,0.1622903307898582,0.15,6,3,4.0,2,55,3.1,Truffert
81,10,Adrien_Truffert,DEF,91,90.0,0.04157418609828858,0.1308086413183626,0.0,0.2381298984527312,4.890000000000001,0.0,0.0432402221981642,0.1043281347865106,0.15,6,3,4.0,2,55,3.1,Truffert
82,11,Adrien_Truffert,DEF,91,90.0,0.04155632690155642,0.13077127751277173,0.0,0.3050529766341931,4.890000000000001,0.0,0.0285964169370974,0.1492089246577317,0.15,6,3,4.0,2,55,3.1,Truffert
83,12,Adrien_Truffert,DEF,91,90.0,0.04153865812620177,0.13073399827147605,0.0,0.2211150829094133,4.890000000000001,0.0,0.0841595919386824,0.0794094087227066,0.15,6,3,4.0,2,55,3.1,Truffert
84,6,Ainsley_Maitland-Niles,DEF,11,37.26985515416109,0.0379708287263039,0.1161759300217296,0.0,0.0028469874623779914,4.722,0.0,0.0462278002486011,0.089997557499349,0.12,6,3,4.0,2,45,1.1,Maitland-Niles
85,7,Ainsley_Maitland-Niles,DEF,11,37.25186731857704,0.0379620708667023,0.11617839039353219,0.0,0.00262023148792576,4.722,0.0,0.0258215885423753,0.065374644385858,0.12,6,3,4.0,2,45,1.1,Maitland-Niles
86,8,Ainsley_Maitland-Niles,DEF,11,37.23373745999748,0.0379528737147271,0.11618059863790854,0.0,0.003180237518466764,4.722,0.0,0.1077701515240741,0.0871056101039265,0.12,6,3,4.0,2,45,1.1,Maitland-Niles
87,9,Ainsley_Maitland-Niles,DEF,11,37.88018917548915,0.0385340970275127,0.11590994542310998,0.0,0.004998740498334442,4.722,0.0,0.0559678414732063,0.0548363854637644,0.12,6,3,4.0,2,45,1.1,Maitland-Niles
88,10,Ainsley_Maitland-Niles,DEF,11,37.85927774361964,0.038522390625886,0.11591326339821549,0.0,0.0030559989931784885,4.722,0.0,0.0462278002486011,0.089997557499349,0.12,6,3,4.0,2,45,1.1,Maitland-Niles
89,11,Ainsley_Maitland-Niles,DEF,11,37.83983859460323,0.0385110442471888,0.11591658415034359,0.0,0.007567028430446374,4.722,0.0,0.0506358535297079,0.1127669562337763,0.12,6,3,4.0,2,45,1.1,Maitland-Niles
90,12,Ainsley_Maitland-Niles,DEF,11,37.81957635041812,0.0384996210075905,0.1159196719913649,0.0,0.00671864621764776,4.722,0.0,0.0253111663142996,0.0466702106609451,0.12,6,3,4.0,2,45,1.1,Maitland-Niles
91,6,Aladji_Bamba,MID,4,0.315,0.106622389349387,0.1322388722870208,0.0,2.2156126158573706e-05,2.9424066847032417,0.0,0.0842332060993205,0.1188923620107288,0.1,5,3,1.0,2,49,0.1,Bamba
92,7,Aladji_Bamba,MID,4,0.0,0.1068037643617458,0.1320686911279262,0.0,2.918230438517188e-05,2.9424066847032417,0.0,0.0858497032968192,0.1237171984305226,0.1,5,3,1.0,2,49,0.1,Bamba
93,8,Aladji_Bamba,MID,4,0.0,0.1069909550249113,0.1318898529033833,0.0,2.7163810796128432e-05,2.9424066847032417,0.0,0.0822560971477504,0.1524742200371775,0.1,5,3,1.0,2,49,0.1,Bamba
94,9,Aladji_Bamba,MID,4,0.0,0.1070800466133744,0.1317033155284873,0.0,3.8808476460467426e-05,2.9424066847032417,0.0,0.1053742839427626,0.1147639713719944,0.1,5,3,1.0,2,49,0.1,Bamba
95,10,Aladji_Bamba,MID,4,0.0,0.1070410578608593,0.1315706690766174,0.0,2.0363131958222952e-05,2.9424066847032417,0.0,0.0936735501911697,0.0888189627888669,0.1,5,3,1.0,2,49,0.1,Bamba
96,11,Aladji_Bamba,MID,4,0.0,0.106993370381991,0.1314620849845428,0.0,2.3669299401467004e-05,2.9424066847032417,0.0,0.0676432579115817,0.1324297279869411,0.1,5,3,1.0,2,49,0.1,Bamba
97,12,Aladji_Bamba,MID,4,0.0,0.1069908348123079,0.1314349883490129,0.0,2.152806260530622e-05,2.9424066847032417,0.0,0.0957882179850394,0.1113283019034307,0.1,5,3,1.0,2,49,0.1,Bamba
98,6,Alejandro_Garnacho,MID,7,39.83183487894898,0.1334769391918405,0.13817675280046307,0.0,0.0010986920327152633,4.272,0.0,0.1841742556698727,0.1303583338431828,0.1,5,3,1.0,2,58,0.3,Garnacho
99,7,Alejandro_Garnacho,MID,7,39.547176191188704,0.1334956455723603,0.13804509960062086,0.0,0.0006873368714372986,4.272,0.0,0.2069194075756547,0.1443916359282739,0.1,5,3,1.0,2,58,0.3,Garnacho
100,8,Alejandro_Garnacho,MID,7,39.2605956556114,0.133515329732012,0.13791272451229483,0.0,0.0007885745173188858,4.272,0.0,0.1674484816301701,0.1685309160814939,0.1,5,3,1.0,2,58,0.3,Garnacho
101,9,Alejandro_Garnacho,MID,7,39.0667760683293,0.1335210854676588,0.13784020698602079,0.0,0.00037019768893007754,4.272,0.0,0.1162593608860656,0.17672170864813,0.1,5,3,1.0,2,58,0.3,Garnacho
102,10,Alejandro_Garnacho,MID,7,38.966394049062174,0.1335123685227781,0.13782606033748268,0.0,0.0006002865696606522,4.272,0.0,0.1396329057693053,0.09073077750478,0.1,5,3,1.0,2,58,0.3,Garnacho
103,11,Alejandro_Garnacho,MID,7,38.87244071699465,0.1335009334817972,0.1378089045213603,0.0,0.00047755046851490003,4.272,0.0,0.1261492811823807,0.1064172920699372,0.1,5,3,1.0,2,58,0.3,Garnacho
104,12,Alejandro_Garnacho,MID,7,38.76640900245636,0.1335005201285662,0.1377943061534267,0.0,0.00039730465713714636,4.272,0.0,0.150737295523736,0.1390624159116826,0.1,5,3,1.0,2,58,0.3,Garnacho
105,6,Alex_Cairns,GKP,2,0.0,1.738277783160942e-22,0.0,0.0,1.1099015160200582e-05,9.406,0.7296736701512349,0.0,0.0,0.1,0,0,4.0,1,40,0.2,Cairns
106,7,Alex_Cairns,GKP,2,0.0,1.7381855852385908e-22,0.0,0.0,1.534198877004799e-05,9.406,0.9509969654598466,0.0,0.0,0.1,0,0,4.0,1,40,0.2,Cairns
107,8,Alex_Cairns,GKP,2,0.0,1.7381065234462317e-22,0.0,0.0,1.2453351028311096e-05,9.406,0.639694154775489,0.0,0.0,0.1,0,0,4.0,1,40,0.2,Cairns
108,9,Alex_Cairns,GKP,2,0.0,1.7380300385629246e-22,0.0,0.0,1.7333319282166e-05,9.406,0.8387633332430333,0.0,0.0,0.1,0,0,4.0,1,40,0.2,Cairns
109,10,Alex_Cairns,GKP,2,0.0,1.737937056706311e-22,0.0,0.0,2.0822004949498962e-05,9.406,0.7169976967256926,0.0,0.0,0.1,0,0,4.0,1,40,0.2,Cairns
110,11,Alex_Cairns,GKP,2,0.0,1.7378504971305453e-22,0.0,0.0,9.127167287241305e-06,9.406,0.734844422009031,0.0,0.0,0.1,0,0,4.0,1,40,0.2,Cairns
111,12,Alex_Cairns,GKP,2,0.0,1.7377645811298157e-22,0.0,0.0,1.0151905229646728e-05,9.406,0.6816531317854321,0.0,0.0,0.1,0,0,4.0,1,40,0.2,Cairns
112,6,Alex_Iwobi,MID,54,76.41324017490848,0.08986972572985145,0.16240163276938158,0.0,0.02311899154570775,7.7,0.0,0.0568772559482958,0.0901681033145862,0.08,5,3,1.0,2,54,0.6,Iwobi
113,7,Alex_Iwobi,MID,54,76.60291226350202,0.09005424128854671,0.16243129526040434,0.0,0.02200411156522879,7.7,0.0,0.0568772559482958,0.0901681033145862,0.08,5,3,1.0,2,54,0.6,Iwobi
114,8,Alex_Iwobi,MID,54,76.6411774898776,0.09018660875030665,0.16237388190115146,0.0,0.02264783221110906,7.7,0.0,0.0568772559482958,0.0901681033145862,0.08,5,3,1.0,2,54,0.6,Iwobi
115,9,Alex_Iwobi,MID,54,76.6812307980694,0.09031923041765834,0.16231686919029198,0.0,0.030579372854046345,7.7,0.0,0.0452432190095615,0.0673878343702392,0.08,5,3,1.0,2,54,0.6,Iwobi
116,10,Alex_Iwobi,MID,54,76.72173783834769,0.09045315079549465,0.16226076158881525,0.0,0.03786787012054018,7.7,0.0,0.0576949851966989,0.1085060286467325,0.08,5,3,1.0,2,54,0.6,Iwobi
117,11,Alex_Iwobi,MID,54,76.75992576243658,0.09058713355406349,0.16220430740523334,0.0,0.04448452055060854,7.7,0.0,0.0475778188966921,0.0694586861700251,0.08,5,3,1.0,2,54,0.6,Iwobi
118,12,Alex_Iwobi,MID,54,76.80113697977421,0.0907205906487939,0.16214629921592957,0.0,0.03984152637841969,7.7,0.0,0.0527142902426278,0.1175353766708052,0.08,5,3,1.0,2,54,0.6,Iwobi
119,6,Alex_Murphy,DEF,4,0.0,0.0474663281149413,0.0625349380601072,0.0,0.0006002209677955925,3.4773333333333336,0.0,0.0440900662312232,0.0342011051202082,0.1,6,3,4.0,2,40,0.1,A.Murphy
120,7,Alex_Murphy,DEF,4,0.0,0.0475493814349198,0.0624519519850553,0.0,0.0007999261726792892,3.4773333333333336,0.0,0.0430008805695656,0.0202850875521248,0.1,6,3,4.0,2,40,0.1,A.Murphy
121,8,Alex_Murphy,DEF,4,0.0,0.0476350977959703,0.0623647444328032,0.0,0.0007474939450750565,3.4773333333333336,0.0,0.0576745797658112,0.0527526549054485,0.1,6,3,4.0,2,40,0.1,A.Murphy
122,9,Alex_Murphy,DEF,4,0.0,0.047675893670263,0.0622737825150711,0.0,0.0010473595700650389,3.4773333333333336,0.0,0.0459456519173773,0.0386203456380479,0.1,6,3,4.0,2,40,0.1,A.Murphy
123,10,Alex_Murphy,DEF,4,0.0,0.0476580403546596,0.0622090996296753,0.0,0.0005690988236404489,3.4773333333333336,0.0,0.0323786694324084,0.0238084655632736,0.1,6,3,4.0,2,40,0.1,A.Murphy
124,11,Alex_Murphy,DEF,4,0.0,0.0476362038106401,0.0621561503627748,0.0,0.0006561870972423323,3.4773333333333336,0.0,0.0283871455110724,0.0678417594345503,0.1,6,3,4.0,2,40,0.1,A.Murphy
125,12,Alex_Murphy,DEF,4,0.0,0.0476350427494913,0.0621429371290554,0.0,0.0005998689984068529,3.4773333333333336,0.0,0.0265768898928847,0.0315855885698299,0.1,6,3,4.0,2,40,0.1,A.Murphy
126,6,Alex_Palmer,GKP,40,55.766433149536425,0.0,,0.0,,1.69,0.7696484097324016,0.0,0.0,0.15,0,0,4.0,1,40,3.9,Palmer
127,7,Alex_Palmer,GKP,40,52.58356842901509,0.0,,0.0,,1.69,0.8336108305527206,0.0,0.0,0.15,0,0,4.0,1,40,3.9,Palmer
128,8,Alex_Palmer,GKP,40,52.43880247818466,0.0,,0.0,,1.69,0.7178553152497543,0.0,0.0,0.15,0,0,4.0,1,40,3.9,Palmer
129,9,Alex_Palmer,GKP,40,53.94249504612959,0.0,,0.0,,1.69,0.6760697322012786,0.0,0.0,0.15,0,0,4.0,1,40,3.9,Palmer
130,10,Alex_Palmer,GKP,40,53.95401728359697,0.0,,0.0,,1.69,0.862683306354204,0.0,0.0,0.15,0,0,4.0,1,40,3.9,Palmer
131,11,Alex_Palmer,GKP,40,53.964292214418975,0.0,,0.0,,1.69,0.7403188807269668,0.0,0.0,0.15,0,0,4.0,1,40,3.9,Palmer
132,12,Alex_Palmer,GKP,40,53.97571718232494,0.0,,0.0,,1.69,0.7269933817294679,0.0,0.0,0.15,0,0,4.0,1,40,3.9,Palmer
133,6,Alex_Scott,MID,91,90.0,0.07619286980532172,0.09492541094236497,0.0,0.3643686387451373,7.76,0.0,0.0364051426726112,0.1103782551048467,0.12,5,3,1.0,2,61,5.7,Scott
134,7,Alex_Scott,MID,91,90.0,0.07616410460773403,0.0949004157385518,0.0,0.4508843310172505,7.76,0.0,0.0654788007538232,0.0801186101343322,0.12,5,3,1.0,2,61,5.7,Scott
135,8,Alex_Scott,MID,91,90.0,0.07613583293588823,0.09487587896765394,0.0,0.5147651560762913,7.76,0.0,0.0851448500107218,0.0764877641077813,0.12,5,3,1.0,2,61,5.7,Scott
136,9,Alex_Scott,MID,91,90.0,0.07534712015227057,0.09428722611988642,0.0,0.4806599143433171,7.76,0.0,0.1032922855340508,0.10390984845412,0.12,5,3,1.0,2,61,5.7,Scott
137,10,Alex_Scott,MID,91,90.0,0.0753153283262692,0.09425947433751847,0.0,0.40350813585196454,7.76,0.0,0.0568772559482958,0.0901681033145862,0.12,5,3,1.0,2,61,5.7,Scott
138,11,Alex_Scott,MID,91,90.0,0.07528389002029524,0.09423229667179502,0.0,0.49767244389902693,7.76,0.0,0.0745833114716031,0.0768185326234935,0.12,5,3,1.0,2,61,5.7,Scott
139,12,Alex_Scott,MID,91,90.0,0.0752527869211966,0.09420518051640506,0.0,0.3783768076255476,7.76,0.0,0.043644761687276,0.0738034067651066,0.12,5,3,1.0,2,61,5.7,Scott
140,6,Alex_Tóth,MID,91,8.48256951,0.1573783785044557,0.09889145341140956,0.0,8.156511781051222e-05,3.2098664935064933,0.0,0.0364051426726112,0.1103782551048467,0.1208886002886003,5,3,1.0,2,49,0.0,Tóth.A
141,7,Alex_Tóth,MID,91,8.38956951,0.1573133989888558,0.0988631466071595,0.0,0.00011230897223091884,3.2098664935064933,0.0,0.0654788007538232,0.0801186101343322,0.1208886002886003,5,3,1.0,2,49,0.0,Tóth.A
142,8,Alex_Tóth,MID,91,8.29656951,0.1572495343296216,0.09883535897334277,0.0,0.00013884690689290792,3.2098664935064933,0.0,0.0851448500107218,0.0764877641077813,0.1208886002886003,5,3,1.0,2,49,0.0,Tóth.A
143,9,Alex_Tóth,MID,91,8.20356951,0.155467861373241,0.09816871584222081,0.0,0.0001226367281623493,3.2098664935064933,0.0,0.1032922855340508,0.10390984845412,0.1208886002886003,5,3,1.0,2,49,0.0,Tóth.A
144,10,Alex_Tóth,MID,91,8.11056951,0.1553960448161911,0.09813728724187999,0.0,9.199969897244444e-05,3.2098664935064933,0.0,0.0568772559482958,0.0901681033145862,0.1208886002886003,5,3,1.0,2,49,0.0,Tóth.A
145,11,Alex_Tóth,MID,91,8.01756951,0.1553250268477854,0.09810650882257368,0.0,0.00012785305804167459,3.2098664935064933,0.0,0.0745833114716031,0.0768185326234935,0.1208886002886003,5,3,1.0,2,49,0.0,Tóth.A
146,12,Alex_Tóth,MID,91,7.924569509999999,0.1552547660992914,0.09807580006307022,0.0,8.207730125812068e-05,3.2098664935064933,0.0,0.043644761687276,0.0738034067651066,0.1208886002886003,5,3,1.0,2,49,0.0,Tóth.A
147,6,Alexander_Isak,FWD,14,70.17410801048102,0.26893243337005374,0.07512642742215667,0.0375,0.004141777318189689,1.0,0.0,0.2852550995514115,0.114829839288796,0.05,4,3,0.0,2,91,22.0,Isak
148,7,Alexander_Isak,FWD,14,69.834591723153,0.2693866211524506,0.07508914776323027,0.0375,0.005316335738454561,1.0,0.0,0.3657327697364796,0.1238459952069972,0.05,4,3,0.0,2,91,22.0,Isak
149,8,Alexander_Isak,FWD,14,69.84768491774312,0.2695591737555075,0.07515627834151768,0.0375,0.0020342491254339845,1.0,0.0,0.2378841599042031,0.0988234500197675,0.05,4,3,0.0,2,91,22.0,Isak
150,9,Alexander_Isak,FWD,14,69.4744059758491,0.2692553731903112,0.07499641876695463,0.0375,0.0021630302000352,1.0,0.0,0.2686708389316911,0.1234648585781471,0.05,4,3,0.0,2,91,22.0,Isak
151,10,Alexander_Isak,FWD,14,69.48045388115342,0.26941928123954795,0.07505936308047101,0.0375,0.0024830506158696935,1.0,0.0,0.508906701575971,0.1270447035747427,0.05,4,3,0.0,2,91,22.0,Isak
152,11,Alexander_Isak,FWD,14,69.48703700439356,0.2695822300609773,0.07512198603218431,0.0375,0.0030464399931351637,1.0,0.0,0.1582373678053648,0.1067667619926839,0.05,4,3,0.0,2,91,22.0,Isak
153,12,Alexander_Isak,FWD,14,69.69909971513376,0.27037371122301673,0.07528764020317134,0.0375,0.0036141100716875285,1.0,0.0,0.2321652746293105,0.0710294967935649,0.05,4,3,0.0,2,91,22.0,Isak
154,6,Alexis_Mac Allister,MID,14,69.81547720420821,0.06462049726413814,0.10560155131320005,0.0,0.059890447320495435,5.042,0.0,0.0475778188966921,0.0694586861700251,0.2,5,3,1.0,2,54,1.3,Mac Allister
155,7,Alexis_Mac Allister,MID,14,69.47613996152651,0.06472920762218157,0.10555047925798289,0.0,0.075974830980396,5.042,0.0,0.0655689624381491,0.1074576445370588,0.2,5,3,1.0,2,54,1.3,Mac Allister
156,8,Alexis_Mac Allister,MID,14,69.55931930526825,0.06477050828236366,0.1056424462099291,0.0,0.030309375420729662,5.042,0.0,0.0339066031345481,0.0862882361652565,0.2,5,3,1.0,2,54,1.3,Mac Allister
157,9,Alexis_Mac Allister,MID,14,69.17758927875526,0.0646977932743949,0.10542344321327654,0.0,0.032161502188755756,5.042,0.0,0.0502408361290219,0.1066747570632133,0.2,5,3,1.0,2,54,1.3,Mac Allister
158,10,Alexis_Mac Allister,MID,14,69.2524875679089,0.06473702485086907,0.10550967510348387,0.0,0.036999157591267984,5.042,0.0,0.034021699908773,0.1250502673893471,0.2,5,3,1.0,2,54,1.3,Mac Allister
159,11,Alexis_Mac Allister,MID,14,69.32456239024404,0.06477602683508554,0.10559546673730957,0.0,0.04535422474976174,5.042,0.0,0.0851448500107218,0.0764877641077813,0.2,5,3,1.0,2,54,1.3,Mac Allister
160,12,Alexis_Mac Allister,MID,14,69.64008732162485,0.06496546874401551,0.10582240816357881,0.0,0.05392774141381185,5.042,0.0,0.0684445445946984,0.0929980432435829,0.2,5,3,1.0,2,54,1.3,Mac Allister
161,6,Alfie_Cresswell,MID,2,0.0,0.0477363777565688,0.0764735607470706,0.0,6.950883437634623e-05,4.156828354311267,0.0,0.0283871455110724,0.0678417594345503,0.1,5,3,1.0,2,45,0.1,Cresswell
162,7,Alfie_Cresswell,MID,2,0.0,0.0477338584396634,0.0764740970562808,0.0,9.785671375093656e-05,4.156828354311267,0.0,0.074235503863792,0.0216228986791694,0.1,5,3,1.0,2,45,0.1,Cresswell
163,8,Alfie_Cresswell,MID,2,0.0,0.0477316980687464,0.0764745714905701,0.0,7.849799501427504e-05,4.156828354311267,0.0,0.0366746478210848,0.040303852137383,0.1,5,3,1.0,2,45,0.1,Cresswell
164,9,Alfie_Cresswell,MID,2,0.0,0.0477296081121117,0.0764751523507757,0.0,0.0001113306133071536,4.156828354311267,0.0,0.0539343394566716,0.0350964916114288,0.1,5,3,1.0,2,45,0.1,Cresswell
165,10,Alfie_Cresswell,MID,2,0.0,0.0477270673741288,0.0764753780855765,0.0,0.00013515250445530946,4.156828354311267,0.0,0.052493727298415,0.0268053738104255,0.1,5,3,1.0,2,45,0.1,Cresswell
166,11,Alfie_Cresswell,MID,2,0.0,0.0477247021255746,0.076475638793266,0.0,5.6537623255579624e-05,4.156828354311267,0.0,0.0456201977756334,0.02560444811066,0.1,5,3,1.0,2,45,0.1,Cresswell
167,12,Alfie_Cresswell,MID,2,0.0,0.0477223544627687,0.0764759813451768,0.0,6.326015460103529e-05,4.156828354311267,0.0,0.0440900662312232,0.0342011051202082,0.1,5,3,1.0,2,45,0.1,Cresswell
168,6,Alfie_McNally,GKP,54,0.0,0.0,8.875713622954058e-10,0.0,1.1416209894155501e-05,5.998,0.7004990835774692,0.0,0.0,0.1,0,0,4.0,1,40,0.1,McNally
169,7,Alfie_McNally,GKP,54,0.0,0.0,8.877412801086304e-10,0.0,1.0711663855908719e-05,5.998,0.558835064731487,0.0,0.0,0.1,0,0,4.0,1,40,0.1,McNally
170,8,Alfie_McNally,GKP,54,0.0,0.0,8.874123949706067e-10,0.0,1.097873242841691e-05,5.998,0.5859110050073023,0.0,0.0,0.1,0,0,4.0,1,40,0.1,McNally
171,9,Alfie_McNally,GKP,54,0.0,0.0,8.870858048960297e-10,0.0,1.4633974265953009e-05,5.998,0.6070944501480322,0.0,0.0,0.1,0,0,4.0,1,40,0.1,McNally
172,10,Alfie_McNally,GKP,54,0.0,0.0,8.867643996256191e-10,0.0,1.7957184991614086e-05,5.998,0.6203531034756395,0.0,0.0,0.1,0,0,4.0,1,40,0.1,McNally
173,11,Alfie_McNally,GKP,54,0.0,0.0,8.86441009003629e-10,0.0,2.0951781613539116e-05,5.998,0.7096550634665918,0.0,0.0,0.1,0,0,4.0,1,40,0.1,McNally
174,12,Alfie_McNally,GKP,54,0.0,0.0,8.861087164571915e-10,0.0,1.874503150318847e-05,5.998,0.7379667326961763,0.0,0.0,0.1,0,0,4.0,1,40,0.1,McNally
175,6,Ali_Al-Hamadi,FWD,40,0.0,0.3147555444829159,0.17358994416300944,0.0,6.787223547953069e-06,1.0,0.0,0.251881030599128,0.0913042928657778,0.11022875061043,4,3,0.0,2,50,0.1,Al-Hamadi
176,7,Ali_Al-Hamadi,FWD,40,0.0,0.3127032766205493,0.16642617308929952,0.0,1.4214450545523878e-05,1.0,0.0,0.2852550995514115,0.114829839288796,0.11022875061043,4,3,0.0,2,50,0.1,Al-Hamadi
177,8,Ali_Al-Hamadi,FWD,40,0.0,0.3117913060507749,0.16606472445768905,0.0,1.048547090552591e-05,1.0,0.0,0.3397560761522099,0.0551267835339054,0.11022875061043,4,3,0.0,2,50,0.1,Al-Hamadi
178,9,Ali_Al-Hamadi,FWD,40,0.0,0.3122965349742467,0.1672814406401599,0.0,6.995643929894464e-06,1.0,0.0,0.2767363309065365,0.1027633521295426,0.11022875061043,4,3,0.0,2,50,0.1,Al-Hamadi
179,10,Ali_Al-Hamadi,FWD,40,0.0,0.3121924541227181,0.1672602698113318,0.0,1.2636351167686648e-05,1.0,0.0,0.2588988784046943,0.0835343475833465,0.11022875061043,4,3,0.0,2,50,0.1,Al-Hamadi
180,11,Ali_Al-Hamadi,FWD,40,0.0,0.3120918606706615,0.16724009626876368,0.0,1.5340460364285906e-05,1.0,0.0,0.1816445166652931,0.0735228775864095,0.11022875061043,4,3,0.0,2,50,0.1,Al-Hamadi
181,12,Ali_Al-Hamadi,FWD,40,0.0,0.3119902187072658,0.16721913901924312,0.0,9.726785469445533e-06,1.0,0.0,0.2104660919951334,0.0966017152127772,0.11022875061043,4,3,0.0,2,50,0.1,Al-Hamadi
182,6,Alisson_Ramses Becker,GKP,14,90.0,0.0,1.0444988542231272e-10,0.0,,4.458,0.7339560243253519,0.0,0.0,0.05,0,0,4.0,1,55,3.9,A.Becker
183,7,Alisson_Ramses Becker,GKP,14,90.0,0.0,1.0439592577445482e-10,0.0,,4.458,0.5769698797487476,0.0,0.0,0.05,0,0,4.0,1,55,3.9,A.Becker
184,8,Alisson_Ramses Becker,GKP,14,90.0,0.0,1.0449309249939817e-10,0.0,,4.458,0.7238988573325467,0.0,0.0,0.05,0,0,4.0,1,55,3.9,A.Becker
185,9,Alisson_Ramses Becker,GKP,14,90.0,0.0,1.0426170716491432e-10,0.0,,4.458,0.6555985739712401,0.0,0.0,0.05,0,0,4.0,1,55,3.9,A.Becker
186,10,Alisson_Ramses Becker,GKP,14,90.0,0.0,1.0435281457012699e-10,0.0,,4.458,0.5844486500998669,0.0,0.0,0.05,0,0,4.0,1,55,3.9,A.Becker
187,11,Alisson_Ramses Becker,GKP,14,90.0,0.0,1.0444345682704628e-10,0.0,,4.458,0.8737496853874768,0.0,0.0,0.05,0,0,4.0,1,55,3.9,A.Becker
188,12,Alisson_Ramses Becker,GKP,14,90.0,0.0,1.0468322942663705e-10,0.0,,4.458,0.6711649684473886,0.0,0.0,0.05,0,0,4.0,1,55,3.9,A.Becker
189,6,Allan_Andrade Elias,MID,43,0.0,0.1221742419642133,0.1554302275566888,0.0,9.049172315719768e-05,6.864678571428572,0.0,0.1222370154519599,0.1239528530149927,0.1,5,3,1.0,2,60,0.0,Allan
190,7,Allan_Andrade Elias,MID,43,0.0,0.1190928850464916,0.1532226064136688,0.0,4.07524276264098e-05,6.864678571428572,0.0,0.1268997194477113,0.1551143810956354,0.1,5,3,1.0,2,60,0.0,Allan
191,8,Allan_Andrade Elias,MID,43,0.0,0.1190766645103596,0.1531848072419266,0.0,5.297557324848696e-05,6.864678571428572,0.0,0.1528638217362915,0.0934867601094268,0.1,5,3,1.0,2,60,0.0,Allan
192,9,Allan_Andrade Elias,MID,43,0.0,0.1190597628173259,0.1531470773247333,0.0,3.908078966454539e-05,6.864678571428572,0.0,0.0894262475542055,0.1651836631871084,0.1,5,3,1.0,2,60,0.0,Allan
193,10,Allan_Andrade Elias,MID,43,0.0,0.1190431177782497,0.1531085784085104,0.0,5.710748813248277e-05,6.864678571428572,0.0,0.0757386597383645,0.1958612735530401,0.1,5,3,1.0,2,60,0.0,Allan
194,11,Allan_Andrade Elias,MID,43,0.0,0.1190269021281479,0.1530707639876596,0.0,3.696607318648273e-05,6.864678571428572,0.0,0.1378368916813487,0.1417324710647552,0.1,5,3,1.0,2,60,0.0,Allan
195,12,Allan_Andrade Elias,MID,43,0.0,0.1190097200770623,0.1530326785516443,0.0,4.296780129896387e-05,6.864678571428572,0.0,0.076157361279352,0.1133288670034329,0.1,5,3,1.0,2,60,0.0,Allan
196,6,Altay_Bayındır,GKP,1,0.0,0.0,0.0016881616991187,0.0,,3.905728476821193,0.6003639750918467,0.0,0.0,0.1,0,0,4.0,1,45,0.0,Bayindir
197,7,Altay_Bayındır,GKP,1,0.0,0.0,0.0016832284415952,0.0,,3.905728476821193,0.5302090458509946,0.0,0.0,0.1,0,0,4.0,1,45,0.0,Bayindir
198,8,Altay_Bayındır,GKP,1,0.0,0.0,0.0016842633005173,0.0,,3.905728476821193,0.7175840065212991,0.0,0.0,0.1,0,0,4.0,1,45,0.0,Bayindir
199,9,Altay_Bayındır,GKP,1,0.0,0.0,0.0016849501735046,0.0,,3.905728476821193,0.6173825772607899,0.0,0.0,0.1,0,0,4.0,1,45,0.0,Bayindir
200,10,Altay_Bayındır,GKP,1,0.0,0.0,0.0016850667188472,0.0,,3.905728476821193,0.5877854614913847,0.0,0.0,0.1,0,0,4.0,1,45,0.0,Bayindir
201,11,Altay_Bayındır,GKP,1,0.0,0.0,0.0016851631562422,0.0,,3.905728476821193,0.6894067059514549,0.0,0.0,0.1,0,0,4.0,1,45,0.0,Bayindir
202,12,Altay_Bayındır,GKP,1,0.0,0.0,0.0016852589426956,0.0,,3.905728476821193,0.5356144270876906,0.0,0.0,0.1,0,0,4.0,1,45,0.0,Bayindir
203,6,Alysson_Edward Franco da Rocha dos Santos,MID,7,29.18369963677528,0.093764128350907,0.1413060370637427,0.0,0.0017288254523535583,4.221567435897436,0.0,0.0790689180878473,0.1448646983763215,0.1776326617826618,5,3,1.0,2,50,0.1,Alysson
204,7,Alysson_Edward Franco da Rocha dos Santos,MID,7,31.216814361463804,0.0937770961131576,0.1411729147861791,0.0,0.00133025231208565,4.221567435897436,0.0,0.0772167805063861,0.0863082180546789,0.1776326617826618,5,3,1.0,2,50,0.1,Alysson
205,8,Alysson_Edward Franco da Rocha dos Santos,MID,7,33.263750878693806,0.0937907416979995,0.1410390625647994,0.0,0.0018791218459435876,4.221567435897436,0.0,0.0428645627319718,0.1349551016015938,0.1776326617826618,5,3,1.0,2,50,0.1,Alysson
206,9,Alysson_Edward Franco da Rocha dos Santos,MID,7,34.32589670212214,0.0937947317275708,0.1409657358376675,0.0,0.000987251326516261,4.221567435897436,0.0,0.0936735501911697,0.0888189627888669,0.1776326617826618,5,3,1.0,2,50,0.1,Alysson
207,10,Alysson_Edward Franco da Rocha dos Santos,MID,7,34.393440617875854,0.0937886889087237,0.1409514313310126,0.0,0.0016244894909265793,4.221567435897436,0.0,0.1119957605907742,0.1332858089793131,0.1776326617826618,5,3,1.0,2,50,0.1,Alysson
208,11,Alysson_Edward Franco da Rocha dos Santos,MID,7,34.46442456679591,0.0937807618331139,0.1409340840783943,0.0,0.0013117264491170498,4.221567435897436,0.0,0.085880677692756,0.1056084642760237,0.1776326617826618,5,3,1.0,2,50,0.1,Alysson
209,12,Alysson_Edward Franco da Rocha dos Santos,MID,7,34.52329016432482,0.0937804752856217,0.1409193228117456,0.0,0.0011076170335048655,4.221567435897436,0.0,0.0842332060993205,0.1188923620107288,0.1776326617826618,5,3,1.0,2,50,0.1,Alysson
210,6,Amad_Diallo,MID,1,0.0,0.12226112587180929,0.14064824826955102,0.0,6.074561912992754e-05,5.427999999999999,0.0,0.1186409762327798,0.0988612668204811,0.1,5,3,1.0,2,57,0.3,Amad
211,7,Amad_Diallo,MID,1,0.0,0.12128894010143611,0.14017217134898088,0.0,3.9170798936290144e-05,5.427999999999999,0.0,0.1126991599369654,0.1833905663030322,0.1,5,3,1.0,2,57,0.3,Amad
212,8,Amad_Diallo,MID,1,0.0,0.11968379977568734,0.14027203892056256,0.0,5.0038120526369685e-05,5.427999999999999,0.0,0.0553819610582226,0.1857348552224726,0.1,5,3,1.0,2,57,0.3,Amad
213,9,Amad_Diallo,MID,1,0.0,0.11939562072667396,0.1403383246101012,0.0,2.5410486850574323e-05,5.427999999999999,0.0,0.1260591051724412,0.1314494178124841,0.1,5,3,1.0,2,57,0.3,Amad
214,10,Amad_Diallo,MID,1,0.0,0.11945369538956359,0.14034957165073791,0.0,3.8516931420616086e-05,5.427999999999999,0.0,0.1528638217362915,0.0934867601094268,0.1,5,3,1.0,2,57,0.3,Amad
215,11,Amad_Diallo,MID,1,0.0,0.11950921525893937,0.14035887820280865,0.0,6.579432068212959e-05,5.427999999999999,0.0,0.1222370154519599,0.1239528530149927,0.1,5,3,1.0,2,57,0.3,Amad
216,12,Amad_Diallo,MID,1,0.0,0.11956544757441864,0.14036812193669518,0.0,7.4538601688281e-05,5.427999999999999,0.0,0.1240191589748917,0.1296590777735466,0.1,5,3,1.0,2,57,0.3,Amad
217,6,Amadou_Onana,MID,7,0.0,0.06698550692308694,0.051850306725008795,0.0,0.0003904417409968237,6.086,0.0,0.0655689624381491,0.1074576445370588,0.1,5,3,1.0,2,49,0.0,Onana
218,7,Amadou_Onana,MID,7,0.0,0.06699437288241337,0.05180268721448119,0.0,0.00025049540538651146,6.086,0.0,0.0576949851966989,0.1085060286467325,0.1,5,3,1.0,2,49,0.0,Onana
219,8,Amadou_Onana,MID,7,0.0,0.06700370226383283,0.05175480659388339,0.0,0.00029485504195294763,6.086,0.0,0.0475778188966921,0.0694586861700251,0.1,5,3,1.0,2,49,0.0,Onana
220,9,Amadou_Onana,MID,7,0.0,0.06700643021636674,0.051728576702699716,0.0,0.00014080662914113035,6.086,0.0,0.043644761687276,0.0738034067651066,0.1,5,3,1.0,2,49,0.0,Onana
221,10,Amadou_Onana,MID,7,0.0,0.06700229878759126,0.05172345980102319,0.0,0.00023040573085545183,6.086,0.0,0.0851448500107218,0.0764877641077813,0.1,5,3,1.0,2,49,0.0,Onana
222,11,Amadou_Onana,MID,7,0.0,0.06699687910695744,0.05171725447090262,0.0,0.00018482921939511868,6.086,0.0,0.0654788007538232,0.0801186101343322,0.1,5,3,1.0,2,49,0.0,Onana
223,12,Amadou_Onana,MID,7,0.0,0.0669966831966406,0.05171197418044002,0.0,0.00015522770718210248,6.086,0.0,0.0568772559482958,0.0901681033145862,0.1,5,3,1.0,2,49,0.0,Onana
224,6,Amar_Dedic,DEF,4,0.0,0.0243752400502651,0.0931955748448036,0.0,0.0003339317708303152,2.8965338372093026,0.0,0.0462278002486011,0.089997557499349,0.1,6,3,4.0,2,45,2.0,Dedić
225,7,Amar_Dedic,DEF,4,0.0,0.024417713750995,0.093066016126918,0.0,0.00044507041227946783,2.8965338372093026,0.0,0.0348944706518137,0.102631454475445,0.1,6,3,4.0,2,45,2.0,Dedić
226,8,Amar_Dedic,DEF,4,0.0,0.0244615493383966,0.0929298667952059,0.0,0.0004158897083217806,2.8965338372093026,0.0,0.0336892747106061,0.1962529481085647,0.1,6,3,4.0,2,45,2.0,Dedić
227,9,Amar_Dedic,DEF,4,0.0,0.0244824124629071,0.0927878561093117,0.0,0.0005827909914361948,2.8965338372093026,0.0,0.0280302979206385,0.0782539555270968,0.1,6,3,4.0,2,45,2.0,Dedić
228,10,Amar_Dedic,DEF,4,0.0,0.0244732822272445,0.0926868725202483,0.0,0.00031661325589409767,2.8965338372093026,0.0,0.031159434697039,0.0740471263388762,0.1,6,3,4.0,2,45,2.0,Dedić
229,11,Amar_Dedic,DEF,4,0.0,0.0244621149574002,0.0926042075776259,0.0,0.0003650761441899004,2.8965338372093026,0.0,0.1077701515240741,0.0871056101039265,0.1,6,3,4.0,2,45,2.0,Dedić
230,12,Amar_Dedic,DEF,4,0.0,0.0244615211874729,0.0925835789406079,0.0,0.00033373590859185837,2.8965338372093026,0.0,0.1174447659202134,0.0817117691611616,0.1,6,3,4.0,2,45,2.0,Dedić
231,6,Amario_Cozier-Duberry,MID,36,0.0,0.1257793007882076,0.1307960492736552,0.0,3.553829457415446e-05,4.819493108866443,0.0,0.085880677692756,0.1056084642760237,0.1,5,3,1.0,2,50,0.0,Cozier-Duberry
232,7,Amario_Cozier-Duberry,MID,36,0.0,0.1260897519059562,0.1311228122735575,0.0,3.611445617200494e-05,4.819493108866443,0.0,0.0822560971477504,0.1524742200371775,0.1,5,3,1.0,2,50,0.0,Cozier-Duberry
233,8,Amario_Cozier-Duberry,MID,36,0.0,0.1260423874151961,0.1311083748630628,0.0,6.627448823422271e-05,4.819493108866443,0.0,0.070552064626671,0.1127830621923689,0.1,5,3,1.0,2,50,0.0,Cozier-Duberry
234,9,Amario_Cozier-Duberry,MID,36,0.0,0.1260260698545821,0.1310740891999358,0.0,5.6697743399479476e-05,4.819493108866443,0.0,0.0428645627319718,0.1349551016015938,0.1,5,3,1.0,2,50,0.0,Cozier-Duberry
235,10,Amario_Cozier-Duberry,MID,36,0.0,0.1260083508611654,0.1310387206726699,0.0,7.508258144412799e-05,4.819493108866443,0.0,0.0790689180878473,0.1448646983763215,0.1,5,3,1.0,2,50,0.0,Cozier-Duberry
236,11,Amario_Cozier-Duberry,MID,36,0.0,0.1259922859553004,0.131004487690397,0.0,2.790429781997643e-05,4.819493108866443,0.0,0.0842332060993205,0.1188923620107288,0.1,5,3,1.0,2,50,0.0,Cozier-Duberry
237,12,Amario_Cozier-Duberry,MID,36,0.0,0.1259756002539683,0.1309699808132802,0.0,4.816644942836326e-05,4.819493108866443,0.0,0.0772167805063861,0.0863082180546789,0.1,5,3,1.0,2,50,0.0,Cozier-Duberry
238,6,Amine_Adli,MID,91,0.0,0.20243250743010618,0.15110838623004696,0.0,5.4127113780560154e-05,2.27,0.0,0.1486543353660969,0.1189228792264125,0.06,5,3,1.0,2,49,0.0,Adli
239,7,Amine_Adli,MID,91,0.0,0.20234740176460086,0.15106604348285463,0.0,7.515125491865662e-05,2.27,0.0,0.1261492811823807,0.1064172920699372,0.06,5,3,1.0,2,49,0.0,Adli
240,8,Amine_Adli,MID,91,0.0,0.20226375626068763,0.15102447733701274,0.0,9.368468401432731e-05,2.27,0.0,0.1396329057693053,0.09073077750478,0.06,5,3,1.0,2,49,0.0,Adli
241,9,Amine_Adli,MID,91,0.0,0.19993024451832253,0.15002727887832246,0.0,8.343697368557918e-05,2.27,0.0,0.1182193902266794,0.1729940302427504,0.06,5,3,1.0,2,49,0.0,Adli
242,10,Amine_Adli,MID,91,0.0,0.1998361841698326,0.1499802663908978,0.0,6.31143836797488e-05,2.27,0.0,0.150737295523736,0.1390624159116826,0.06,5,3,1.0,2,49,0.0,Adli
243,11,Amine_Adli,MID,91,0.0,0.1997431697573951,0.14993422647709628,0.0,8.844323939240974e-05,2.27,0.0,0.1678163049268733,0.1529825499215968,0.06,5,3,1.0,2,49,0.0,Adli
244,12,Amine_Adli,MID,91,0.0,0.19965114709911147,0.1498882907639455,0.0,5.725045809133051e-05,2.27,0.0,0.1162593608860656,0.17672170864813,0.06,5,3,1.0,2,49,0.0,Adli
245,6,Anan_Khalaili,DEF,31,37.03471972650853,0.1155785051998815,0.1128986691444012,0.0,0.024947944523455577,5.503165572862582,0.0,0.0295843143845428,0.1129283287121402,0.1,6,3,4.0,2,50,0.3,Khalaili
246,7,Anan_Khalaili,DEF,31,34.322687422641394,0.1179065710648614,0.1161967285827376,0.0,0.014211710414479438,5.503165572862582,0.0,0.1174447659202134,0.0817117691611616,0.1,6,3,4.0,2,50,0.3,Khalaili
247,8,Anan_Khalaili,DEF,31,34.30419702187353,0.1179259620813602,0.1162159452111957,0.0,0.02305435934594787,5.503165572862582,0.0,0.0559678414732063,0.0548363854637644,0.1,6,3,4.0,2,50,0.3,Khalaili
248,9,Anan_Khalaili,DEF,31,34.285721808897364,0.1179441719318775,0.1162343663468533,0.0,0.02873775527737504,5.503165572862582,0.0,0.0813127279922636,0.1108935603943818,0.1,6,3,4.0,2,50,0.3,Khalaili
249,10,Anan_Khalaili,DEF,31,34.2672450621747,0.1179630889723771,0.1162531531590096,0.0,0.030894246148781696,5.503165572862582,0.0,0.0253111663142996,0.0466702106609451,0.1,6,3,4.0,2,50,0.3,Khalaili
250,11,Anan_Khalaili,DEF,31,34.24919147730446,0.1179808811829782,0.1162713811724611,0.0,0.01413912522329623,5.503165572862582,0.0,0.0462278002486011,0.089997557499349,0.1,6,3,4.0,2,50,0.3,Khalaili
251,12,Anan_Khalaili,DEF,31,34.230309753670824,0.1179996666453421,0.1162902966161507,0.0,0.0137790551962855,5.503165572862582,0.0,0.0462278002486011,0.089997557499349,0.1,6,3,4.0,2,50,0.3,Khalaili
252,6,Andrew_Robertson,DEF,6,51.848980038061086,0.0389236390753602,0.10272951335600028,0.0,0.004756682298172072,3.224,0.0,0.0428987940978528,0.0818561894866903,0.02,6,3,4.0,2,44,2.6,Robertson
253,7,Andrew_Robertson,DEF,6,51.39680919873061,0.039006149264759,0.10219331155505548,0.0,0.003041798780629515,3.224,0.0,0.0432402221981642,0.1043281347865106,0.02,6,3,4.0,2,44,2.6,Robertson
254,8,Andrew_Robertson,DEF,6,50.7320235180926,0.039135423668786,0.10139302497366998,0.0,0.0025963244894512487,3.224,0.0,0.0631097915681744,0.0640934742919765,0.02,6,3,4.0,2,44,2.6,Robertson
255,9,Andrew_Robertson,DEF,6,50.497216771025336,0.0391725591998495,0.10114975105795897,0.0,0.003528169307968602,3.224,0.0,0.0926757578609484,0.1879020492283666,0.02,6,3,4.0,2,44,2.6,Robertson
256,10,Andrew_Robertson,DEF,6,50.47107330892496,0.0391662159959348,0.10116310774074372,0.0,0.003827612139452632,3.224,0.0,0.0213032915553581,0.1622903307898582,0.02,6,3,4.0,2,44,2.6,Robertson
257,11,Andrew_Robertson,DEF,6,50.44448599612357,0.0391594839705434,0.1011763117720718,0.0,0.0029348319852939685,3.224,0.0,0.0432402221981642,0.1043281347865106,0.02,6,3,4.0,2,44,2.6,Robertson
258,12,Andrew_Robertson,DEF,6,50.41464723979249,0.0391528072485708,0.10118862322988706,0.0,0.0034525754281557047,3.224,0.0,0.0506062441125376,0.0961300594458143,0.02,6,3,4.0,2,44,2.6,Robertson
259,6,Andrey_Nascimento dos Santos,MID,1,40.97578507896992,0.126293777236279,0.14051122764736287,0.0,0.006705570624254561,7.324,0.0,0.0518416411242582,0.115884505791489,0.13,5,3,1.0,2,48,0.6,Andrey Santos
260,7,Andrey_Nascimento dos Santos,MID,1,40.601500237252296,0.1252722268156649,0.14001869481536386,0.0,0.004190311982984791,7.324,0.0,0.0928778036155075,0.1172272670252035,0.13,5,3,1.0,2,48,0.6,Andrey Santos
261,8,Andrey_Nascimento dos Santos,MID,1,39.55964257540703,0.1235855823235491,0.14012201437514663,0.0,0.004874867509075493,7.324,0.0,0.0866961224313779,0.114569503221635,0.13,5,3,1.0,2,48,0.6,Andrey Santos
262,9,Andrey_Nascimento dos Santos,MID,1,39.56288577703255,0.1232827704148552,0.14019059127307806,0.0,0.0024812070374204726,7.324,0.0,0.0533112851817121,0.0911547974260361,0.13,5,3,1.0,2,48,0.6,Andrey Santos
263,10,Andrey_Nascimento dos Santos,MID,1,39.70221539277824,0.1233437939333121,0.14020222707506097,0.0,0.003803780545086964,7.324,0.0,0.0858497032968192,0.1237171984305226,0.13,5,3,1.0,2,48,0.6,Andrey Santos
264,11,Andrey_Nascimento dos Santos,MID,1,39.84845963414588,0.1234021329335748,0.14021185531421626,0.0,0.006568586031540437,7.324,0.0,0.070552064626671,0.1127830621923689,0.13,5,3,1.0,2,48,0.6,Andrey Santos
265,12,Andrey_Nascimento dos Santos,MID,1,39.99470683743984,0.1234612205557974,0.14022141856383552,0.0,0.007533809725019246,7.324,0.0,0.0790689180878473,0.1448646983763215,0.13,5,3,1.0,2,48,0.6,Andrey Santos
266,6,Andrés_García,DEF,7,4.02964749,0.0183875450302113,0.06532640468239084,0.0,0.00020201464870403562,2.4860041817496232,0.0,0.0506358535297079,0.1127669562337763,0.0861196078431372,6,3,4.0,2,40,1.5,A.García
267,7,Andrés_García,DEF,7,3.68164749,0.0183901052313851,0.06526560415140893,0.0,0.00012918140562653515,2.4860041817496232,0.0,0.0559678414732063,0.0548363854637644,0.0861196078431372,6,3,4.0,2,40,1.5,A.García
268,8,Andrés_García,DEF,7,3.33664749,0.0183927992538119,0.06520447023541864,0.0,0.00014668158168596138,2.4860041817496232,0.0,0.0339500514709614,0.0381417475700373,0.0861196078431372,6,3,4.0,2,40,1.5,A.García
269,9,Andrés_García,DEF,7,2.98864749,0.0183935869979265,0.06517097994343754,0.0,7.090715690265522e-05,2.4860041817496232,0.0,0.031159434697039,0.0740471263388762,0.0861196078431372,6,3,4.0,2,40,1.5,A.García
270,10,Andrés_García,DEF,7,2.64064749,0.0183923939754445,0.06516444668983064,0.0,0.00010996188577525776,2.4860041817496232,0.0,0.0223973202299275,0.0944421809357277,0.0861196078431372,6,3,4.0,2,40,1.5,A.García
271,11,Andrés_García,DEF,7,2.29264749,0.0183908289476557,0.06515652373215915,0.0,8.684584225428464e-05,2.4860041817496232,0.0,0.041498341824961,0.0545242644716637,0.0861196078431372,6,3,4.0,2,40,1.5,A.García
272,12,Andrés_García,DEF,7,2.08264749,0.0183907723751175,0.06514978186395619,0.0,7.241035757981693e-05,2.4860041817496232,0.0,0.0462278002486011,0.089997557499349,0.0861196078431372,6,3,4.0,2,40,1.5,A.García
273,6,Anis_Mehmeti,MID,40,0.0,0.0903940222766886,0.1064193744722406,0.0,5.265027773097515e-05,3.70630456822022,0.0,0.0936735501911697,0.0888189627888669,0.1,5,3,1.0,2,48,0.0,Mehmeti
274,7,Anis_Mehmeti,MID,40,0.0,0.0898138289912438,0.102220133718426,0.0,0.00011026067181777908,3.70630456822022,0.0,0.0428645627319718,0.1349551016015938,0.1,5,3,1.0,2,48,0.0,Mehmeti
275,8,Anis_Mehmeti,MID,40,0.0,0.0895560072854085,0.1020082606967099,0.0,8.133683389151965e-05,3.70630456822022,0.0,0.1202318081610187,0.1776752802788837,0.1,5,3,1.0,2,48,0.0,Mehmeti
276,9,Anis_Mehmeti,MID,40,0.0,0.0896988397267219,0.102721472233858,0.0,5.426698247998469e-05,3.70630456822022,0.0,0.0842332060993205,0.1188923620107288,0.1,5,3,1.0,2,48,0.0,Mehmeti
277,10,Anis_Mehmeti,MID,40,0.0,0.0896694151996864,0.1027090623723071,0.0,9.802027255321283e-05,3.70630456822022,0.0,0.0866961224313779,0.114569503221635,0.1,5,3,1.0,2,48,0.0,Mehmeti
278,11,Anis_Mehmeti,MID,40,0.0,0.0896409765896428,0.1026972370974303,0.0,0.00011899435914898553,3.70630456822022,0.0,0.0518416411242582,0.115884505791489,0.1,5,3,1.0,2,48,0.0,Mehmeti
279,12,Anis_Mehmeti,MID,40,0.0,0.0896122415566761,0.1026849524312442,0.0,7.545195518081764e-05,3.70630456822022,0.0,0.0858497032968192,0.1237171984305226,0.1,5,3,1.0,2,48,0.0,Mehmeti
280,6,Anthony_Elanga,MID,4,0.0,0.09208519709387417,0.16317415715536862,0.0,6.033246919976415e-06,1.988,0.0,0.1268997194477113,0.1551143810956354,0.02,5,3,1.0,2,61,5.1,Elanga
281,7,Anthony_Elanga,MID,4,0.0,0.09223409018536814,0.1629683187858614,0.0,8.173322027406697e-06,1.988,0.0,0.1528638217362915,0.0934867601094268,0.02,5,3,1.0,2,61,5.1,Elanga
282,8,Anthony_Elanga,MID,4,0.0,0.09238775741976306,0.16275200947911259,0.0,7.607977113397846e-06,1.988,0.0,0.1652776886367873,0.1759321123387592,0.02,5,3,1.0,2,61,5.1,Elanga
283,9,Anthony_Elanga,MID,4,0.0,0.09246089385603316,0.16252638785739457,0.0,1.0869462365147282e-05,1.988,0.0,0.116233388513479,0.1426431873808013,0.02,5,3,1.0,2,61,5.1,Elanga
284,10,Anthony_Elanga,MID,4,0.0,0.09242888748525492,0.16236594865531678,0.0,5.70323481558466e-06,1.988,0.0,0.1378368916813487,0.1417324710647552,0.02,5,3,1.0,2,61,5.1,Elanga
285,11,Anthony_Elanga,MID,4,0.0,0.09238974021760264,0.1622346134794021,0.0,6.629228324272499e-06,1.988,0.0,0.076157361279352,0.1133288670034329,0.02,5,3,1.0,2,61,5.1,Elanga
286,12,Anthony_Elanga,MID,4,0.0,0.09238765873568341,0.1622018394208266,0.0,6.029508940070888e-06,1.988,0.0,0.0894262475542055,0.1651836631871084,0.02,5,3,1.0,2,61,5.1,Elanga
287,6,Anthony_Patterson,GKP,56,0.0,0.0836917840250479,0.0551819856094143,0.0,6.810468207552671e-05,3.7757178871681414,0.6828955622785202,0.1174447659202134,0.0817117691611616,0.1,0,0,4.0,1,40,0.1,Patterson
288,7,Anthony_Patterson,GKP,56,0.0,0.0837027002871966,0.055132440025132,0.0,0.00011634599103796618,3.7757178871681414,0.7209738992888378,0.0341640741201375,0.0464008608397502,0.1,0,0,4.0,1,40,0.1,Patterson
289,8,Anthony_Patterson,GKP,56,0.0,0.0837138764980647,0.0550830455830604,0.0,9.228963894218563e-05,3.7757178871681414,0.5333011960659321,0.0539164999254806,0.1088920375930353,0.1,0,0,4.0,1,40,0.1,Patterson
290,9,Anthony_Patterson,GKP,56,0.0,0.0837241928137708,0.0550335296473572,0.0,6.81446603307672e-05,3.7757178871681414,0.5699966202683956,0.0462278002486011,0.089997557499349,0.1,0,0,4.0,1,40,0.1,Patterson
291,10,Anthony_Patterson,GKP,56,0.0,0.0837330740776393,0.0549835221235802,0.0,6.126641775319641e-05,3.7757178871681414,0.6206385046800474,0.0258215885423753,0.065374644385858,0.1,0,0,4.0,1,40,0.1,Patterson
292,11,Anthony_Patterson,GKP,56,0.0,0.0837400777065634,0.0549328729305681,0.0,9.083118823292691e-05,3.7757178871681414,0.5909910323637833,0.0348944706518137,0.102631454475445,0.1,0,0,4.0,1,40,0.1,Patterson
293,12,Anthony_Patterson,GKP,56,0.0,0.0837479707280715,0.0548825259926778,0.0,0.0001397608437779363,3.7757178871681414,0.6035915807064245,0.0813127279922636,0.1108935603943818,0.1,0,0,4.0,1,40,0.1,Patterson
294,6,Antoine_Semenyo,MID,43,83.8602738,0.1297463522577076,0.13577223945175693,0.0,0.05511533616409781,3.714,0.0,0.1222370154519599,0.1239528530149927,0.18,5,3,1.0,2,84,14.9,Semenyo
295,7,Antoine_Semenyo,MID,43,83.8512738,0.12657235912127587,0.13391854344708345,0.0,0.02542226008325216,3.714,0.0,0.1268997194477113,0.1551143810956354,0.18,5,3,1.0,2,84,14.9,Semenyo
296,8,Antoine_Semenyo,MID,43,83.8452738,0.12655565093987167,0.13388680422685525,0.0,0.03281874889150056,3.714,0.0,0.1528638217362915,0.0934867601094268,0.18,5,3,1.0,2,84,14.9,Semenyo
297,9,Antoine_Semenyo,MID,43,83.8362738,0.12653824112363962,0.13385512315830833,0.0,0.024369687916811232,3.714,0.0,0.0894262475542055,0.1651836631871084,0.18,5,3,1.0,2,84,14.9,Semenyo
298,10,Antoine_Semenyo,MID,43,83.8302738,0.12652109567726827,0.13382279637641806,0.0,0.035258457931915656,3.714,0.0,0.0757386597383645,0.1958612735530401,0.18,5,3,1.0,2,84,14.9,Semenyo
299,11,Antoine_Semenyo,MID,43,83.8212738,0.12650439252878526,0.13379104435181377,0.0,0.023047456025332366,3.714,0.0,0.1378368916813487,0.1417324710647552,0.18,5,3,1.0,2,84,14.9,Semenyo
300,12,Antoine_Semenyo,MID,43,83.8152738,0.12648669392597117,0.13375906476111224,0.0,0.026688942734694635,3.714,0.0,0.076157361279352,0.1133288670034329,0.18,5,3,1.0,2,84,14.9,Semenyo
301,6,Anton_Stach,MID,2,82.902973,0.0980623821316575,0.17661167014928209,0.0,0.18349620139518316,6.2780000000000005,0.0,0.0676432579115817,0.1324297279869411,0.09,5,3,1.0,2,60,2.6,Stach
302,7,Anton_Stach,MID,2,82.94797299999999,0.09805744676568841,0.17661281783991517,0.0,0.24390409135002156,6.2780000000000005,0.0,0.1119957605907742,0.1332858089793131,0.09,5,3,1.0,2,60,2.6,Stach
303,8,Anton_Stach,MID,2,82.99597299999999,0.09805321457835144,0.17661383311949552,0.0,0.2044681945745224,6.2780000000000005,0.0,0.085880677692756,0.1056084642760237,0.09,5,3,1.0,2,60,2.6,Stach
304,9,Anton_Stach,MID,2,83.040973,0.09804912033326871,0.17661507614833866,0.0,0.2718383477838943,6.2780000000000005,0.0,0.0866961224313779,0.114569503221635,0.09,5,3,1.0,2,60,2.6,Stach
305,10,Anton_Stach,MID,2,83.085973,0.09804414300320347,0.17661555921615024,0.0,0.3164723527245165,6.2780000000000005,0.0,0.0518416411242582,0.115884505791489,0.09,5,3,1.0,2,60,2.6,Stach
306,11,Anton_Stach,MID,2,83.130973,0.09803950945861106,0.1766161171252211,0.0,0.15645651651439021,6.2780000000000005,0.0,0.0533112851817121,0.0911547974260361,0.09,5,3,1.0,2,60,2.6,Stach
307,12,Anton_Stach,MID,2,83.178973,0.09803491036466852,0.17661685017923542,0.0,0.17284810920645638,6.2780000000000005,0.0,0.0842332060993205,0.1188923620107288,0.09,5,3,1.0,2,60,2.6,Stach
308,6,Antonee_Robinson,DEF,54,80.43653793401842,0.043495213822523464,0.09723296214938218,0.0,0.10919920359049608,3.5120000000000005,0.0,0.0432402221981642,0.1043281347865106,0.22,6,3,4.0,2,45,1.4,Robinson
309,7,Antonee_Robinson,DEF,54,80.56792870123049,0.04358590957188857,0.09725158787084334,0.0,0.10400567400491202,3.5120000000000005,0.0,0.0432402221981642,0.1043281347865106,0.22,6,3,4.0,2,45,1.4,Robinson
310,8,Antonee_Robinson,DEF,54,80.55415569033093,0.04365097273632187,0.09721553677733372,0.0,0.10625960241611813,3.5120000000000005,0.0,0.0432402221981642,0.1043281347865106,0.22,6,3,4.0,2,45,1.4,Robinson
311,9,Antonee_Robinson,DEF,54,80.53957710772116,0.043716160851554824,0.09717973725963987,0.0,0.13742683410295664,3.5120000000000005,0.0,0.0454524963808904,0.0781006254281835,0.22,6,3,4.0,2,45,1.4,Robinson
312,10,Antonee_Robinson,DEF,54,80.52556098631227,0.04378198732770142,0.0971445060797584,0.0,0.16434863920971657,3.5120000000000005,0.0,0.0411458912848495,0.1064743529883166,0.22,6,3,4.0,2,45,1.4,Robinson
313,11,Antonee_Robinson,DEF,54,80.51206566892911,0.043847844466125656,0.09710905727345615,0.0,0.18756292904232236,3.5120000000000005,0.0,0.0447374524142549,0.0826325427082204,0.22,6,3,4.0,2,45,1.4,Robinson
314,12,Antonee_Robinson,DEF,54,80.4989547814499,0.04391344322267632,0.09707263267325636,0.0,0.1702895095794961,3.5120000000000005,0.0,0.0510108756375665,0.0615884901660233,0.22,6,3,4.0,2,45,1.4,Robinson
315,6,Antoni_Milambo,MID,94,0.0,0.07518533522596,0.1865860524320328,0.0,7.678384078910587e-05,3.4105604543480865,0.0,0.1757636037762496,0.1989544913244163,0.1,5,3,1.0,2,50,0.0,Milambo
316,7,Antoni_Milambo,MID,94,0.0,0.0750927726428283,0.1871118560548146,0.0,0.00013115873120527784,3.4105604543480865,0.0,0.1389030075974817,0.2361507048222439,0.1,5,3,1.0,2,50,0.0,Milambo
317,8,Antoni_Milambo,MID,94,0.0,0.0750645719297932,0.1872749186394396,0.0,5.522492635386774e-05,3.4105604543480865,0.0,0.1542164581176329,0.1806105923991114,0.1,5,3,1.0,2,50,0.0,Milambo
318,9,Antoni_Milambo,MID,94,0.0,0.0750365828605355,0.1874378777392714,0.0,8.27725928833785e-05,3.4105604543480865,0.0,0.1492881486069769,0.1714654190081598,0.1,5,3,1.0,2,50,0.0,Milambo
319,10,Antoni_Milambo,MID,94,0.0,0.0750380103830242,0.187429735514883,0.0,5.664476768612478e-05,3.4105604543480865,0.0,0.1568333574163208,0.1479354673274162,0.1,5,3,1.0,2,50,0.0,Milambo
320,11,Antoni_Milambo,MID,94,0.0,0.0750298269963698,0.187110016706783,0.0,0.0001021107130924303,3.4105604543480865,0.0,0.1581050387935625,0.1406563672099904,0.1,5,3,1.0,2,50,0.0,Milambo
321,12,Antoni_Milambo,MID,94,0.0,0.0750318233086183,0.18708148149854,0.0,8.767799994178854e-05,3.4105604543480865,0.0,0.1581552595513359,0.175811164019189,0.1,5,3,1.0,2,50,0.0,Milambo
322,6,Antonín_Kinský,GKP,6,90.0,0.0,,0.0,,1.5,0.7632964188956461,0.0,0.0,0.08,0,0,4.0,1,45,17.8,Kinsky
323,7,Antonín_Kinský,GKP,6,90.0,0.0,,0.0,,1.5,0.5088383511678077,0.0,0.0,0.08,0,0,4.0,1,45,17.8,Kinsky
324,8,Antonín_Kinský,GKP,6,90.0,0.0,,0.0,,1.5,0.5575758480154929,0.0,0.0,0.08,0,0,4.0,1,45,17.8,Kinsky
325,9,Antonín_Kinský,GKP,6,90.0,0.0,,0.0,,1.5,0.48587206911975633,0.0,0.0,0.08,0,0,4.0,1,45,17.8,Kinsky
326,10,Antonín_Kinský,GKP,6,90.0,0.0,,0.0,,1.5,0.4737179615557292,0.0,0.0,0.08,0,0,4.0,1,45,17.8,Kinsky
327,11,Antonín_Kinský,GKP,6,90.0,0.0,,0.0,,1.5,0.6186833856546192,0.0,0.0,0.08,0,0,4.0,1,45,17.8,Kinsky
328,12,Antonín_Kinský,GKP,6,90.0,0.0,,0.0,,1.5,0.4709580450344478,0.0,0.0,0.08,0,0,4.0,1,45,17.8,Kinsky
329,6,António_João Pereira de Albuquerque Tavares da Silva,DEF,91,42.39395738214806,0.0433641924272183,0.0717988185992705,0.0,0.015568367421038584,1.1553895705521473,0.0,0.0456201977756334,0.02560444811066,0.1,6,3,4.0,2,50,0.4,Silva
330,7,António_João Pereira de Albuquerque Tavares da Silva,DEF,91,42.48905048756692,0.0433463710524766,0.0717784145840373,0.0,0.021295385347747827,1.1553895705521473,0.0,0.0366746478210848,0.040303852137383,0.1,6,3,4.0,2,50,0.4,Silva
331,8,António_João Pereira de Albuquerque Tavares da Silva,DEF,91,42.58331877415382,0.0433288554398339,0.0717583847954861,0.0,0.026319390704491824,1.1553895705521473,0.0,0.074235503863792,0.0216228986791694,0.1,6,3,4.0,2,50,0.4,Silva
332,9,António_João Pereira de Albuquerque Tavares da Silva,DEF,91,44.77883314700482,0.0428402112705199,0.0712778573405909,0.0,0.02797474653525836,1.1553895705521473,0.0,0.07078655240023,0.0561971162677075,0.1,6,3,4.0,2,50,0.4,Silva
333,10,António_João Pereira de Albuquerque Tavares da Silva,DEF,91,44.886012348303,0.0428205147590266,0.0712552030828214,0.0,0.02177438256544447,1.1553895705521473,0.0,0.0440900662312232,0.0342011051202082,0.1,6,3,4.0,2,50,0.4,Silva
334,11,António_João Pereira de Albuquerque Tavares da Silva,DEF,91,44.99208375224173,0.0428010372695953,0.0712330174863538,0.0,0.030007498200729628,1.1553895705521473,0.0,0.0550530308978321,0.0334376008273799,0.1,6,3,4.0,2,50,0.4,Silva
335,12,António_João Pereira de Albuquerque Tavares da Silva,DEF,91,45.09909112855075,0.0427817674563783,0.0712108821018305,0.0,0.020215615546898616,1.1553895705521473,0.0,0.0323786694324084,0.0238084655632736,0.1,6,3,4.0,2,50,0.4,Silva
336,6,Archie_Gray,MID,6,56.88315738809965,0.0634890612985786,0.09038917422473225,0.0,0.008467394854616398,2.396,0.0,0.0223973202299275,0.0944421809357277,0.15,5,3,1.0,2,49,0.2,Gray
337,7,Archie_Gray,MID,6,56.58551931484147,0.0636154268173232,0.08991502377451177,0.0,0.005344299452380281,2.396,0.0,0.0462278002486011,0.089997557499349,0.15,5,3,1.0,2,49,0.2,Gray
338,8,Archie_Gray,MID,6,56.084144507036726,0.06381341239030859,0.08920734945823625,0.0,0.004570492281380274,2.396,0.0,0.0258215885423753,0.065374644385858,0.15,5,3,1.0,2,49,0.2,Gray
339,9,Archie_Gray,MID,6,55.99227411195543,0.06387028597987238,0.08899222814298124,0.0,0.0063860880430115785,2.396,0.0,0.0336892747106061,0.1962529481085647,0.15,5,3,1.0,2,49,0.2,Gray
340,10,Archie_Gray,MID,6,56.09854432263536,0.06386057127361583,0.08900403913866367,0.0,0.007039709890888583,2.396,0.0,0.0539164999254806,0.1088920375930353,0.15,5,3,1.0,2,49,0.2,Gray
341,11,Archie_Gray,MID,6,56.20421347858819,0.06385026108178385,0.08901571514830765,0.0,0.005382977844628869,2.396,0.0,0.0462278002486011,0.089997557499349,0.15,5,3,1.0,2,49,0.2,Gray
342,12,Archie_Gray,MID,6,56.30975002364436,0.06384003558791781,0.08902660187650537,0.0,0.006464302718568853,2.396,0.0,0.041498341824961,0.0545242644716637,0.15,5,3,1.0,2,49,0.2,Gray
343,6,Armin_Pecsi,GKP,14,0.0,0.0,1.1100744409649505e-05,0.0,2.1016470808520747e-05,6.066475991389239,0.7109352483698361,0.0,0.0,0.1,0,0,4.0,1,40,0.0,Pecsi
344,7,Armin_Pecsi,GKP,14,0.0,0.0,1.109205412450768e-05,0.0,2.7407932450549394e-05,6.066475991389239,0.5555145790208543,0.0,0.0,0.1,0,0,4.0,1,40,0.0,Pecsi
345,8,Armin_Pecsi,GKP,14,0.0,0.0,1.1107702976558728e-05,0.0,1.1006168769615056e-05,6.066475991389239,0.7009514164749842,0.0,0.0,0.1,0,0,4.0,1,40,0.0,Pecsi
346,9,Armin_Pecsi,GKP,14,0.0,0.0,1.1070438008862937e-05,0.0,1.2040039224013275e-05,6.066475991389239,0.63324394447024,0.0,0.0,0.1,0,0,4.0,1,40,0.0,Pecsi
347,10,Armin_Pecsi,GKP,14,0.0,0.0,1.108511099805506e-05,0.0,1.371641065724268e-05,6.066475991389239,0.5628971790659003,0.0,0.0,0.1,0,0,4.0,1,40,0.0,Pecsi
348,11,Armin_Pecsi,GKP,14,0.0,0.0,1.1099709074391686e-05,0.0,1.664274615592281e-05,6.066475991389239,0.850063679889686,0.0,0.0,0.1,0,0,4.0,1,40,0.0,Pecsi
349,12,Armin_Pecsi,GKP,14,0.0,0.0,1.1138324824166914e-05,0.0,1.9223460731873926e-05,6.066475991389239,0.6486604019222526,0.0,0.0,0.1,0,0,4.0,1,40,0.0,Pecsi
350,6,Arnaud_Kalimuendo,FWD,17,4.33242796,0.2702060107115006,0.1268271409527509,0.0,1.535435935527361e-05,1.0,0.0,0.508906701575971,0.1270447035747427,0.0678417721518987,4,3,0.0,2,54,0.1,Kalimuendo
351,7,Arnaud_Kalimuendo,FWD,17,4.33242796,0.270110758927562,0.1267934332892237,0.0,1.337906758243874e-05,1.0,0.0,0.2686708389316911,0.1234648585781471,0.0678417721518987,4,3,0.0,2,54,0.1,Kalimuendo
352,8,Arnaud_Kalimuendo,FWD,17,4.33242796,0.270011210654223,0.1267590338583582,0.0,1.2689240563061079e-05,1.0,0.0,0.2767363309065365,0.1027633521295426,0.0678417721518987,4,3,0.0,2,54,0.1,Kalimuendo
353,9,Arnaud_Kalimuendo,FWD,17,4.33242796,0.269447785477574,0.1266049764082351,0.0,3.192254419408966e-05,1.0,0.0,0.3657327697364796,0.1238459952069972,0.0678417721518987,4,3,0.0,2,54,0.1,Kalimuendo
354,10,Arnaud_Kalimuendo,FWD,17,4.33242796,0.2693395847991523,0.1265684907572273,0.0,2.4105744688623728e-05,1.0,0.0,0.2852550995514115,0.114829839288796,0.0678417721518987,4,3,0.0,2,54,0.1,Kalimuendo
355,11,Arnaud_Kalimuendo,FWD,17,4.33242796,0.269234839478138,0.1265331259837627,0.0,2.1429524733580837e-05,1.0,0.0,0.2588988784046943,0.0835343475833465,0.0678417721518987,4,3,0.0,2,54,0.1,Kalimuendo
356,12,Arnaud_Kalimuendo,FWD,17,4.33242796,0.2691288459524459,0.1264968886186408,0.0,1.0882268222883418e-05,1.0,0.0,0.2699527724353497,0.1092810666119734,0.0678417721518987,4,3,0.0,2,54,0.1,Kalimuendo
357,6,Arthur_Masuaku,DEF,56,0.0,0.0202389946344866,0.0521982766397948,0.0,0.00042481135069698093,2.1715246913580244,0.0,0.0412327183450526,0.0602148218469212,0.1,6,3,4.0,2,40,0.1,Masuaku
358,7,Arthur_Masuaku,DEF,56,0.0,0.0202416652356925,0.0521505332867459,0.0,0.0007255723184947914,2.1715246913580244,0.0,0.0510108756375665,0.0615884901660233,0.1,6,3,4.0,2,40,0.1,Masuaku
359,8,Arthur_Masuaku,DEF,56,0.0,0.0202443994318684,0.0521029355780773,0.0,0.0005756070223676942,2.1715246913580244,0.0,0.0213032915553581,0.1622903307898582,0.1,6,3,4.0,2,40,0.1,Masuaku
360,9,Arthur_Masuaku,DEF,56,0.0,0.0202469232596027,0.0520552207951341,0.0,0.0004250606435964337,2.1715246913580244,0.0,0.0432402221981642,0.1043281347865106,0.1,6,3,4.0,2,40,0.1,Masuaku
361,10,Arthur_Masuaku,DEF,56,0.0,0.0202490960100986,0.0520070323057385,0.0,0.00038216868578933575,2.1715246913580244,0.0,0.0631097915681744,0.0640934742919765,0.1,6,3,4.0,2,40,0.1,Masuaku
362,11,Arthur_Masuaku,DEF,56,0.0,0.0202508094079261,0.0519582254879635,0.0,0.000566514259304693,2.1715246913580244,0.0,0.0454524963808904,0.0781006254281835,0.1,6,3,4.0,2,40,0.1,Masuaku
363,12,Arthur_Masuaku,DEF,56,0.0,0.0202527403905712,0.0519097099307156,0.0,0.0008715121845679848,2.1715246913580244,0.0,0.0507205798974058,0.0806429687371418,0.1,6,3,4.0,2,40,0.1,Masuaku
364,6,Ashley_Phillips,DEF,6,0.0,0.055048685982043,0.0483935779964126,0.0,0.0004916741442335523,2.467111111111111,0.0,0.074235503863792,0.0216228986791694,0.1,6,3,4.0,2,45,0.0,Phillips
365,7,Ashley_Phillips,DEF,6,0.0,0.0551635950771978,0.0481462638297568,0.0,0.00032538776610395497,2.467111111111111,0.0,0.0440900662312232,0.0342011051202082,0.1,6,3,4.0,2,45,0.0,Phillips
366,8,Ashley_Phillips,DEF,6,0.0,0.0553436310812555,0.0477771449483721,0.0,0.0002925510361736561,2.467111111111111,0.0,0.0456201977756334,0.02560444811066,0.1,6,3,4.0,2,45,0.0,Phillips
367,9,Ashley_Phillips,DEF,6,0.0,0.0553953484546332,0.0476649388990318,0.0,0.00040524943738863133,2.467111111111111,0.0,0.0576745797658112,0.0527526549054485,0.1,6,3,4.0,2,45,0.0,Phillips
368,10,Ashley_Phillips,DEF,6,0.0,0.0553865144933063,0.0476710994469195,0.0,0.00044064539298794295,2.467111111111111,0.0,0.07078655240023,0.0561971162677075,0.1,6,3,4.0,2,45,0.0,Phillips
369,11,Ashley_Phillips,DEF,6,0.0,0.0553771390337185,0.0476771895868606,0.0,0.000338350100624618,2.467111111111111,0.0,0.0440900662312232,0.0342011051202082,0.1,6,3,4.0,2,45,0.0,Phillips
370,12,Ashley_Phillips,DEF,6,0.0,0.0553678405932948,0.0476828680421074,0.0,0.0003991293973473368,2.467111111111111,0.0,0.0366746478210848,0.040303852137383,0.1,6,3,4.0,2,45,0.0,Phillips
371,6,Aurèle_Amenda,DEF,9,0.0,0.0597681654179687,0.0631656795573435,0.0,0.0003608716689153601,1.1167741444866919,0.0,0.0441562832773488,0.040413775623652,0.1,6,3,4.0,2,40,0.6,Amenda
372,7,Aurèle_Amenda,DEF,9,0.0,0.0488258096654942,0.0594827080856321,0.0,0.0004524931086397727,1.1167741444866919,0.0,0.052493727298415,0.0268053738104255,0.1,6,3,4.0,2,40,0.6,Amenda
373,8,Aurèle_Amenda,DEF,9,0.0,0.048826852969295,0.0594287953663864,0.0,0.00020921049657109532,1.1167741444866919,0.0,0.0323786694324084,0.0238084655632736,0.1,6,3,4.0,2,40,0.6,Amenda
374,9,Aurèle_Amenda,DEF,9,0.0,0.0503965822695503,0.061275377648388,0.0,0.0002706671252993439,1.1167741444866919,0.0,0.0366746478210848,0.040303852137383,0.1,6,3,4.0,2,40,0.6,Amenda
375,10,Aurèle_Amenda,DEF,9,0.0,0.050426236039892,0.0613304028084272,0.0,0.00038512293017062385,1.1167741444866919,0.0,0.0459456519173773,0.0386203456380479,0.1,6,3,4.0,2,40,0.6,Amenda
376,11,Aurèle_Amenda,DEF,9,0.0,0.0504555630768391,0.0613850713323976,0.0,0.0002748178413925023,1.1167741444866919,0.0,0.0576745797658112,0.0527526549054485,0.1,6,3,4.0,2,40,0.6,Amenda
377,12,Aurèle_Amenda,DEF,9,0.0,0.0504855340271662,0.0614403746026578,0.0,0.0002988242287422923,1.1167741444866919,0.0,0.07078655240023,0.0561971162677075,0.1,6,3,4.0,2,40,0.6,Amenda
378,6,Axel_Disasi,DEF,31,0.0,0.0518747430499745,0.02192918864604619,0.0,0.0003183719927101222,1.0859999999999999,0.0,0.0550530308978321,0.0334376008273799,0.15,6,3,4.0,2,45,0.1,Disasi
379,7,Axel_Disasi,DEF,31,56.843263711862,0.0529268140382215,0.022573143922636537,0.0,0.019169743237564357,1.0859999999999999,0.0,0.0265768898928847,0.0315855885698299,0.15,6,3,4.0,2,45,0.1,Disasi
380,8,Axel_Disasi,DEF,31,56.8648669565803,0.0529355769887024,0.022576896022780592,0.0,0.031112893737171837,1.0859999999999999,0.0,0.0441562832773488,0.040413775623652,0.15,6,3,4.0,2,45,0.1,Disasi
381,9,Axel_Disasi,DEF,31,56.8839590324833,0.0529438061611316,0.02258049280074329,0.0,0.03883255490466964,1.0859999999999999,0.0,0.052493727298415,0.0268053738104255,0.15,6,3,4.0,2,45,0.1,Disasi
382,10,Axel_Disasi,DEF,31,56.905669013448495,0.0529523549181889,0.022584160978059268,0.0,0.04184921955895603,1.0859999999999999,0.0,0.0345883844346893,0.02331174536266,0.15,6,3,4.0,2,45,0.1,Disasi
383,11,Axel_Disasi,DEF,31,56.92546684622313,0.0529603953559067,0.022587720048374255,0.0,0.019302802741240948,1.0859999999999999,0.0,0.0440900662312232,0.0342011051202082,0.15,6,3,4.0,2,45,0.1,Disasi
384,12,Axel_Disasi,DEF,31,56.94666611148649,0.0529688846517858,0.02259141334135471,0.0,0.018871686774315603,1.0859999999999999,0.0,0.0440900662312232,0.0342011051202082,0.15,6,3,4.0,2,45,0.1,Disasi
385,6,Ayden_Heaven,DEF,1,30.5888597065054,0.0236577255788875,0.017594130839858984,0.0,0.0040595640396605065,3.6639999999999997,0.0,0.052493727298415,0.0268053738104255,0.14,6,3,4.0,2,44,0.3,Heaven
386,7,Ayden_Heaven,DEF,1,30.219671263703905,0.0234643841175178,0.017534316567602452,0.0,0.002606798581466346,3.6639999999999997,0.0,0.07078655240023,0.0561971162677075,0.14,6,3,4.0,2,44,0.3,Heaven
387,8,Ayden_Heaven,DEF,1,29.03482329268628,0.023145165110471,0.01754686392257403,0.0,0.0029927337106429694,3.6639999999999997,0.0,0.0539343394566716,0.0350964916114288,0.14,6,3,4.0,2,44,0.3,Heaven
388,9,Ayden_Heaven,DEF,1,29.130558833009164,0.0230878540901184,0.0175551920521461,0.0,0.0015896319083687715,3.6639999999999997,0.0,0.0456201977756334,0.02560444811066,0.14,6,3,4.0,2,44,0.3,Heaven
389,10,Ayden_Heaven,DEF,1,29.393511132432263,0.0230994035702011,0.01755660512957461,0.0,0.002404432081482799,3.6639999999999997,0.0,0.0430008805695656,0.0202850875521248,0.14,6,3,4.0,2,44,0.3,Heaven
390,11,Ayden_Heaven,DEF,1,29.664068851935248,0.0231104449709367,0.01755777440415042,0.0,0.004070465262518423,3.6639999999999997,0.0,0.0345883844346893,0.02331174536266,0.14,6,3,4.0,2,44,0.3,Heaven
391,12,Ayden_Heaven,DEF,1,29.93454074168353,0.0231216280579375,0.017558935786253733,0.0,0.004676502265270369,3.6639999999999997,0.0,0.0764095249963934,0.0286394203968533,0.14,6,3,4.0,2,44,0.3,Heaven
392,6,Ayyoub_Bouaddi,MID,43,0.0,0.1093348206860583,0.1463247532583287,0.0,9.049172315719768e-05,6.864678571428572,0.0,0.070552064626671,0.1127830621923689,0.1,5,3,1.0,2,55,0.2,Bouaddi
393,7,Ayyoub_Bouaddi,MID,43,0.0,0.1065963746735543,0.1442631984221882,0.0,4.07524276264098e-05,6.864678571428572,0.0,0.0842332060993205,0.1188923620107288,0.1,5,3,1.0,2,55,0.2,Bouaddi
394,8,Ayyoub_Bouaddi,MID,43,0.0,0.1065819592508436,0.144227900216446,0.0,5.297557324848696e-05,6.864678571428572,0.0,0.0858497032968192,0.1237171984305226,0.1,5,3,1.0,2,55,0.2,Bouaddi
395,9,Ayyoub_Bouaddi,MID,43,0.0,0.1065669384742414,0.144192666683055,0.0,3.908078966454539e-05,6.864678571428572,0.0,0.0957882179850394,0.1113283019034307,0.1,5,3,1.0,2,55,0.2,Bouaddi
396,10,Ayyoub_Bouaddi,MID,43,0.0,0.1065521457896861,0.1441567150311258,0.0,5.710748813248277e-05,6.864678571428572,0.0,0.1202318081610187,0.1776752802788837,0.1,5,3,1.0,2,55,0.2,Bouaddi
397,11,Ayyoub_Bouaddi,MID,43,0.0,0.1065377347092605,0.1441214025852257,0.0,3.696607318648273e-05,6.864678571428572,0.0,0.0936735501911697,0.0888189627888669,0.1,5,3,1.0,2,55,0.2,Bouaddi
398,12,Ayyoub_Bouaddi,MID,43,0.0,0.1065224647744433,0.1440858370557634,0.0,4.296780129896387e-05,6.864678571428572,0.0,0.0676432579115817,0.1324297279869411,0.1,5,3,1.0,2,55,0.2,Bouaddi
399,6,Azor_Matusiwa,MID,40,0.0,0.0903940222766886,0.1064193744722406,0.0,5.265027773097515e-05,3.70630456822022,0.0,0.0936735501911697,0.0888189627888669,0.1,5,3,1.0,2,49,0.0,Matusiwa
400,7,Azor_Matusiwa,MID,40,0.0,0.0898138289912438,0.102220133718426,0.0,0.00011026067181777908,3.70630456822022,0.0,0.0428645627319718,0.1349551016015938,0.1,5,3,1.0,2,49,0.0,Matusiwa
401,8,Azor_Matusiwa,MID,40,0.0,0.0895560072854085,0.1020082606967099,0.0,8.133683389151965e-05,3.70630456822022,0.0,0.1202318081610187,0.1776752802788837,0.1,5,3,1.0,2,49,0.0,Matusiwa
402,9,Azor_Matusiwa,MID,40,0.0,0.0896988397267219,0.102721472233858,0.0,5.426698247998469e-05,3.70630456822022,0.0,0.0842332060993205,0.1188923620107288,0.1,5,3,1.0,2,49,0.0,Matusiwa
403,10,Azor_Matusiwa,MID,40,0.0,0.0896694151996864,0.1027090623723071,0.0,9.802027255321283e-05,3.70630456822022,0.0,0.0866961224313779,0.114569503221635,0.1,5,3,1.0,2,49,0.0,Matusiwa
404,11,Azor_Matusiwa,MID,40,0.0,0.0896409765896428,0.1026972370974303,0.0,0.00011899435914898553,3.70630456822022,0.0,0.0518416411242582,0.115884505791489,0.1,5,3,1.0,2,49,0.0,Matusiwa
405,12,Azor_Matusiwa,MID,40,0.0,0.0896122415566761,0.1026849524312442,0.0,7.545195518081764e-05,3.70630456822022,0.0,0.0858497032968192,0.1237171984305226,0.1,5,3,1.0,2,49,0.0,Matusiwa
406,6,Bafodé_Diakité,DEF,91,34.0684302912579,0.02068172344139979,0.03787799415569744,0.0,0.003554671603020937,1.0,0.0,0.0456201977756334,0.02560444811066,0.06,6,3,4.0,2,50,0.2,Diakité
407,7,Bafodé_Diakité,DEF,91,33.16737264245678,0.02067284945771694,0.03786767870779051,0.0,0.004514375297820017,1.0,0.0,0.0366746478210848,0.040303852137383,0.06,6,3,4.0,2,50,0.2,Diakité
408,8,Bafodé_Diakité,DEF,91,32.26517922553982,0.02066412772535694,0.03785755245381433,0.0,0.005177552934004903,1.0,0.0,0.074235503863792,0.0216228986791694,0.06,6,3,4.0,2,50,0.2,Diakité
409,9,Bafodé_Diakité,DEF,91,9.77508938,0.020420812018906862,0.0376146171358315,0.0,0.0007925568491292496,1.0,0.0,0.07078655240023,0.0561971162677075,0.06,6,3,4.0,2,50,0.2,Diakité
410,10,Bafodé_Diakité,DEF,91,8.743089379999999,0.020411004328752074,0.037603164055973456,0.0,0.0005611183742085193,1.0,0.0,0.0440900662312232,0.0342011051202082,0.06,6,3,4.0,2,50,0.2,Diakité
411,11,Bafodé_Diakité,DEF,91,7.71108938,0.02040130569854531,0.03759194791238467,0.0,0.0007118808587687177,1.0,0.0,0.0550530308978321,0.0334376008273799,0.06,6,3,4.0,2,50,0.2,Diakité
412,12,Bafodé_Diakité,DEF,91,6.67908938,0.02039171047872992,0.03758075715393148,0.0,0.0004349054718207045,1.0,0.0,0.0323786694324084,0.0238084655632736,0.06,6,3,4.0,2,50,0.2,Diakité
413,6,Bart_Verbruggen,GKP,36,90.0,0.0,0.0033896174838404882,0.0,,5.6579999999999995,0.518141252623058,0.0,0.0,0.08,0,0,4.0,1,45,21.7,Verbruggen
414,7,Bart_Verbruggen,GKP,36,90.0,0.0,0.003397679147951744,0.0,,5.6579999999999995,0.53361858735995,0.0,0.0,0.08,0,0,4.0,1,45,21.7,Verbruggen
415,8,Bart_Verbruggen,GKP,36,90.0,0.0,0.003397322958438036,0.0,,5.6579999999999995,0.6793961137591386,0.0,0.0,0.08,0,0,4.0,1,45,21.7,Verbruggen
416,9,Bart_Verbruggen,GKP,36,90.0,0.0,0.00339647708696534,0.0,,5.6579999999999995,0.6794474230264658,0.0,0.0,0.08,0,0,4.0,1,45,21.7,Verbruggen
417,10,Bart_Verbruggen,GKP,36,90.0,0.0,0.003395604499839424,0.0,,5.6579999999999995,0.5263777254256741,0.0,0.0,0.08,0,0,4.0,1,45,21.7,Verbruggen
418,11,Bart_Verbruggen,GKP,36,90.0,0.0,0.0033947599280712442,0.0,,5.6579999999999995,0.5308039366886319,0.0,0.0,0.08,0,0,4.0,1,45,21.7,Verbruggen
419,12,Bart_Verbruggen,GKP,36,90.0,0.0,0.003393908598964428,0.0,,5.6579999999999995,0.591293493050094,0.0,0.0,0.08,0,0,4.0,1,45,21.7,Verbruggen
420,6,Bazoumana_Touré,MID,4,27.46137906074148,0.106622389349387,0.1322388722870208,0.0,0.00025031965172289363,2.9424066847032417,0.0,0.0842332060993205,0.1188923620107288,0.1,5,3,1.0,2,58,0.1,Touré
421,7,Bazoumana_Touré,MID,4,29.984635863055026,0.1068037643617458,0.1320686911279262,0.0,0.0004247749317278604,2.9424066847032417,0.0,0.0858497032968192,0.1237171984305226,0.1,5,3,1.0,2,58,0.1,Touré
422,8,Bazoumana_Touré,MID,4,32.468980731117185,0.1069909550249113,0.1318898529033833,0.0,0.0004935970655828182,2.9424066847032417,0.0,0.0822560971477504,0.1524742200371775,0.1,5,3,1.0,2,58,0.1,Touré
423,9,Bazoumana_Touré,MID,4,35.09372787708368,0.1070800466133744,0.1317033155284873,0.0,0.0008912155461743432,2.9424066847032417,0.0,0.1053742839427626,0.1147639713719944,0.1,5,3,1.0,2,58,0.1,Touré
424,10,Bazoumana_Touré,MID,4,37.96981935315216,0.1070410578608593,0.1315706690766174,0.0,0.0006047221260001291,2.9424066847032417,0.0,0.0936735501911697,0.0888189627888669,0.1,5,3,1.0,2,58,0.1,Touré
425,11,Bazoumana_Touré,MID,4,40.88725540026034,0.106993370381991,0.1314620849845428,0.0,0.0009118895120743652,2.9424066847032417,0.0,0.0676432579115817,0.1324297279869411,0.1,5,3,1.0,2,58,0.1,Touré
426,12,Bazoumana_Touré,MID,4,41.57787314483852,0.1069908348123079,0.1314349883490129,0.0,0.0008821828951206281,2.9424066847032417,0.0,0.0957882179850394,0.1113283019034307,0.1,5,3,1.0,2,58,0.1,Touré
427,6,Ben_Chilwell,DEF,31,5.463,0.0933573443757246,0.1329310461878437,0.0,8.365584545172462e-05,4.332,0.0,0.0285964169370974,0.1492089246577317,0.22,6,3,4.0,2,45,0.5,Chilwell
428,7,Ben_Chilwell,DEF,31,5.4,0.0951876720539036,0.1368822703267808,0.0,5.8132395646608274e-05,4.332,0.0,0.0412327183450526,0.0602148218469212,0.22,6,3,4.0,2,45,0.5,Chilwell
429,8,Ben_Chilwell,DEF,31,5.337,0.0952029172901917,0.13690529271544674,0.0,9.466586214215248e-05,4.332,0.0,0.0411458912848495,0.1064743529883166,0.22,6,3,4.0,2,45,0.5,Chilwell
430,9,Ben_Chilwell,DEF,31,5.277,0.0952172338926206,0.13692736206781528,0.0,0.00011814709815089559,4.332,0.0,0.0507205798974058,0.0806429687371418,0.22,6,3,4.0,2,45,0.5,Chilwell
431,10,Ben_Chilwell,DEF,31,5.214,0.0952321064885108,0.13694986951714225,0.0,0.0001267792012114083,4.332,0.0,0.0212858080619217,0.1123301891473402,0.22,6,3,4.0,2,45,0.5,Chilwell
432,11,Ben_Chilwell,DEF,31,5.151000000000001,0.0952460947420259,0.13697170750038692,0.0,5.703681919264874e-05,4.332,0.0,0.0432402221981642,0.1043281347865106,0.22,6,3,4.0,2,45,0.5,Chilwell
433,12,Ben_Chilwell,DEF,31,5.088,0.0952608638910561,0.13699436905609946,0.0,5.5373929647068236e-05,4.332,0.0,0.0432402221981642,0.1043281347865106,0.22,6,3,4.0,2,45,0.5,Chilwell
434,6,Ben_Davies,DEF,6,11.30448949864967,0.05256140056893252,0.05207352769758887,0.0,0.001003951954861262,2.604,0.0,0.074235503863792,0.0216228986791694,0.2,6,3,4.0,2,39,0.9,Davies
435,7,Ben_Davies,DEF,6,10.79478079120549,0.05267701956315284,0.05180201409431994,0.0,0.0006383726336457642,2.604,0.0,0.0440900662312232,0.0342011051202082,0.2,6,3,4.0,2,39,0.9,Davies
436,8,Ben_Davies,DEF,6,10.095743836860718,0.05285816781503463,0.05139677731037609,0.0,0.000543234400232141,2.604,0.0,0.0456201977756334,0.02560444811066,0.2,6,3,4.0,2,39,0.9,Davies
437,9,Ben_Davies,DEF,6,9.778836394159452,0.05291020469414846,0.05127359201461673,0.0,0.000733904152447194,2.604,0.0,0.0576745797658112,0.0527526549054485,0.2,6,3,4.0,2,39,0.9,Davies
438,10,Ben_Davies,DEF,6,9.6426080909653,0.052901316157325344,0.051280355365773383,0.0,0.0007894766568624919,2.604,0.0,0.07078655240023,0.0561971162677075,0.2,6,3,4.0,2,39,0.9,Davies
439,11,Ben_Davies,DEF,6,9.505895247648205,0.05289188277690896,0.051287041419638316,0.0,0.00059975210614687,2.604,0.0,0.0440900662312232,0.0342011051202082,0.2,6,3,4.0,2,39,0.9,Davies
440,12,Ben_Davies,DEF,6,9.36913218065814,0.05288252689147491,0.05129327550588538,0.0,0.0006998851551419282,2.604,0.0,0.0366746478210848,0.040303852137383,0.2,6,3,4.0,2,39,0.9,Davies
441,6,Ben_Gannon-Doak,MID,91,5.888716999999999,0.163515428936723,0.12619759722449056,0.0,6.923840733267431e-05,3.2703966455696207,0.0,0.0533112851817121,0.0911547974260361,0.1123658227848101,5,3,1.0,2,49,0.1,Gannon-Doak
442,7,Ben_Gannon-Doak,MID,91,5.783716999999999,0.1634478715040242,0.12616147668875588,0.0,9.523428049802363e-05,3.2703966455696207,0.0,0.085880677692756,0.1056084642760237,0.1123658227848101,5,3,1.0,2,49,0.1,Gannon-Doak
443,8,Ben_Gannon-Doak,MID,91,5.678716999999999,0.1633814731571266,0.12612601863381653,0.0,0.00011761183532526712,3.2703966455696207,0.0,0.1119957605907742,0.1332858089793131,0.1123658227848101,5,3,1.0,2,49,0.1,Gannon-Doak
444,9,Ben_Gannon-Doak,MID,91,5.573716999999999,0.161529116306961,0.125275357187642,0.0,0.00010376932720174277,3.2703966455696207,0.0,0.0928778036155075,0.1172272670252035,0.1123658227848101,5,3,1.0,2,49,0.1,Gannon-Doak
445,10,Ben_Gannon-Doak,MID,91,5.471716999999999,0.1614544505884685,0.12523525312390985,0.0,7.778287573834472e-05,3.2703966455696207,0.0,0.0842332060993205,0.1188923620107288,0.1123658227848101,5,3,1.0,2,49,0.1,Gannon-Doak
446,11,Ben_Gannon-Doak,MID,91,5.366717,0.1613806151408405,0.12519597871537583,0.0,0.00010798047842104586,3.2703966455696207,0.0,0.1202318081610187,0.1776752802788837,0.1123658227848101,5,3,1.0,2,49,0.1,Gannon-Doak
447,12,Ben_Gannon-Doak,MID,91,5.261716999999999,0.1613075669541323,0.1251567931953428,0.0,6.92451049836992e-05,3.2703966455696207,0.0,0.0936735501911697,0.0888189627888669,0.1123658227848101,5,3,1.0,2,49,0.1,Gannon-Doak
448,6,Ben_Johnson,DEF,40,0.0,0.0621995788425838,0.14783548892499454,0.0,,1.0,0.0,0.1378368916813487,0.1417324710647552,0.12,6,3,4.0,2,40,0.1,Johnson
449,7,Ben_Johnson,DEF,40,0.0,0.0618180193213956,0.14258038987133537,0.0,,1.0,0.0,0.09886899903714,0.1282297948275641,0.12,6,3,4.0,2,40,0.1,Johnson
450,8,Ben_Johnson,DEF,40,0.0,0.0616484649175472,0.14231524343625535,0.0,,1.0,0.0,0.0757386597383645,0.1958612735530401,0.12,6,3,4.0,2,40,0.1,Johnson
451,9,Ben_Johnson,DEF,40,0.0,0.0617423975418724,0.1432077850869147,0.0,,1.0,0.0,0.1268997194477113,0.1551143810956354,0.12,6,3,4.0,2,40,0.1,Johnson
452,10,Ben_Johnson,DEF,40,0.0,0.0617230467346009,0.1431922548862153,0.0,,1.0,0.0,0.0553819610582226,0.1857348552224726,0.12,6,3,4.0,2,40,0.1,Johnson
453,11,Ben_Johnson,DEF,40,0.0,0.0617043443078343,0.14317745626083098,0.0,,1.0,0.0,0.1186409762327798,0.0988612668204811,0.12,6,3,4.0,2,40,0.1,Johnson
454,12,Ben_Johnson,DEF,40,0.0,0.0616854469408789,0.1431620827346546,0.0,,1.0,0.0,0.1528638217362915,0.0934867601094268,0.12,6,3,4.0,2,40,0.1,Johnson
455,6,Ben_Wilson,GKP,9,0.0,0.3632721813285825,0.1197751609537751,0.0,4.373162363465802e-05,2.0849180952380952,0.48728452195104666,0.2701720012960522,0.1526573698912118,0.1,0,0,4.0,1,44,0.4,Wilson
456,7,Ben_Wilson,GKP,9,0.0,0.2965434067018211,0.1124241622636644,0.0,5.483805198340696e-05,2.0849180952380952,0.486778935373663,0.1816445166652931,0.0735228775864095,0.1,0,0,4.0,1,44,0.4,Wilson
457,8,Ben_Wilson,GKP,9,0.0,0.2965497689866677,0.1123165555847641,0.0,2.5350031851471018e-05,2.0849180952380952,0.5126371149933717,0.251881030599128,0.0913042928657778,0.1,0,0,4.0,1,44,0.4,Wilson
458,9,Ben_Wilson,GKP,9,0.0,0.306122306662394,0.1160022273420498,0.0,3.27982309697462e-05,2.0849180952380952,0.41969499540245014,0.3107258993287308,0.1106489791789369,0.1,0,0,4.0,1,44,0.4,Wilson
459,10,Ben_Wilson,GKP,9,0.0,0.3063031415577972,0.1161120543886282,0.0,4.66712566122747e-05,2.0849180952380952,0.5121990050667681,0.2321652746293105,0.0710294967935649,0.1,0,0,4.0,1,44,0.4,Wilson
460,11,Ben_Wilson,GKP,9,0.0,0.3064819839646042,0.1162211696101778,0.0,3.3301296893259176e-05,2.0849180952380952,0.4338988386691308,0.508906701575971,0.1270447035747427,0.1,0,0,4.0,1,44,0.4,Wilson
461,12,Ben_Wilson,GKP,9,0.0,0.306664753089916,0.1163315517487212,0.0,3.621092064093302e-05,2.0849180952380952,0.42232124407725125,0.3479730393459483,0.0845739406189787,0.1,0,0,4.0,1,44,0.4,Wilson
462,6,Bendito_Mantato,MID,1,4.795984262,0.1311249421001763,0.1594640168810509,0.0,0.0001489888136274206,5.515630658420944,0.0,0.0518416411242582,0.115884505791489,0.1,5,3,1.0,2,45,0.2,Bendito Mantato
463,7,Bendito_Mantato,MID,1,4.795984262,0.1300928853811958,0.1589154393500331,0.0,9.607535695688559e-05,5.515630658420944,0.0,0.0928778036155075,0.1172272670252035,0.1,5,3,1.0,2,45,0.2,Bendito Mantato
464,8,Bendito_Mantato,MID,1,4.795984262,0.1283888943245694,0.1590305155141569,0.0,0.00012272837906561216,5.515630658420944,0.0,0.0866961224313779,0.114569503221635,0.1,5,3,1.0,2,45,0.2,Bendito Mantato
465,9,Bendito_Mantato,MID,1,4.795984262,0.128082968098464,0.1591068956921023,0.0,6.232610404785998e-05,5.515630658420944,0.0,0.0533112851817121,0.0911547974260361,0.1,5,3,1.0,2,45,0.2,Bendito Mantato
466,10,Bendito_Mantato,MID,1,4.795984262,0.1281446192230374,0.1591198555175363,0.0,9.447167148535869e-05,5.515630658420944,0.0,0.0858497032968192,0.1237171984305226,0.1,5,3,1.0,2,45,0.2,Bendito Mantato
467,11,Bendito_Mantato,MID,1,4.795984262,0.1282035582200607,0.1591305793420627,0.0,0.00016137068826509908,5.515630658420944,0.0,0.070552064626671,0.1127830621923689,0.1,5,3,1.0,2,45,0.2,Bendito Mantato
468,12,Bendito_Mantato,MID,1,4.795984262,0.1282632535383659,0.1591412307819746,0.0,0.00018281561845836448,5.515630658420944,0.0,0.0790689180878473,0.1448646983763215,0.1,5,3,1.0,2,45,0.2,Bendito Mantato
469,6,Benjamin_Fredrick,DEF,94,0.0,0.0440217632193644,0.0728596961642479,0.0,0.0002691632982796694,1.2747000913172126,0.0,0.0430008805695656,0.0202850875521248,0.1,6,3,4.0,2,40,0.0,Fredrick
470,7,Benjamin_Fredrick,DEF,94,0.0,0.0439668100532052,0.0730631831881734,0.0,0.0004465865782043434,1.2747000913172126,0.0,0.0345883844346893,0.02331174536266,0.1,6,3,4.0,2,40,0.0,Fredrick
471,8,Benjamin_Fredrick,DEF,94,0.0,0.0439500676674938,0.0731262887253384,0.0,0.00019703135649926754,1.2747000913172126,0.0,0.0440900662312232,0.0342011051202082,0.1,6,3,4.0,2,40,0.0,Fredrick
472,9,Benjamin_Fredrick,DEF,94,0.0,0.0439334509318592,0.0731893542136873,0.0,0.00028898455355980796,1.2747000913172126,0.0,0.0550530308978321,0.0334376008273799,0.1,6,3,4.0,2,40,0.0,Fredrick
473,10,Benjamin_Fredrick,DEF,94,0.0,0.0439342984328457,0.0731862031570244,0.0,0.00020182457444479604,1.2747000913172126,0.0,0.0265768898928847,0.0315855885698299,0.1,6,3,4.0,2,40,0.0,Fredrick
474,11,Benjamin_Fredrick,DEF,94,0.0,0.0439294400657675,0.0730624713569104,0.0,0.00035246734627116227,1.2747000913172126,0.0,0.0459456519173773,0.0386203456380479,0.1,6,3,4.0,2,40,0.0,Fredrick
475,12,Benjamin_Fredrick,DEF,94,0.0,0.0439306252496181,0.0730514281758616,0.0,0.0003051600811533894,1.2747000913172126,0.0,0.074235503863792,0.0216228986791694,0.1,6,3,4.0,2,40,0.0,Fredrick
476,6,Benjamin_Lecomte,GKP,54,0.0,0.0,8.875713622954058e-10,0.0,1.1416209894155501e-05,5.998,0.7004990835774692,0.0,0.0,0.1,0,0,4.0,1,40,1.1,Lecomte
477,7,Benjamin_Lecomte,GKP,54,0.0,0.0,8.877412801086304e-10,0.0,1.0711663855908719e-05,5.998,0.558835064731487,0.0,0.0,0.1,0,0,4.0,1,40,1.1,Lecomte
478,8,Benjamin_Lecomte,GKP,54,0.0,0.0,8.874123949706067e-10,0.0,1.097873242841691e-05,5.998,0.5859110050073023,0.0,0.0,0.1,0,0,4.0,1,40,1.1,Lecomte
479,9,Benjamin_Lecomte,GKP,54,0.0,0.0,8.870858048960297e-10,0.0,1.4633974265953009e-05,5.998,0.6070944501480322,0.0,0.0,0.1,0,0,4.0,1,40,1.1,Lecomte
480,10,Benjamin_Lecomte,GKP,54,0.0,0.0,8.867643996256191e-10,0.0,1.7957184991614086e-05,5.998,0.6203531034756395,0.0,0.0,0.1,0,0,4.0,1,40,1.1,Lecomte
481,11,Benjamin_Lecomte,GKP,54,0.0,0.0,8.86441009003629e-10,0.0,2.0951781613539116e-05,5.998,0.7096550634665918,0.0,0.0,0.1,0,0,4.0,1,40,1.1,Lecomte
482,12,Benjamin_Lecomte,GKP,54,0.0,0.0,8.861087164571915e-10,0.0,1.874503150318847e-05,5.998,0.7379667326961763,0.0,0.0,0.1,0,0,4.0,1,40,1.1,Lecomte
483,6,Benjamin_Sesko,FWD,1,15.699049505927295,0.30562444979682946,0.04967819100741046,0.0,5.1204057870721134e-05,1.0,0.0,0.1816445166652931,0.0735228775864095,0.06,4,3,0.0,2,70,1.8,Šeško
484,7,Benjamin_Sesko,FWD,1,19.47967835117005,0.3032853965785848,0.04949473706638219,0.0,4.628171156069561e-05,1.0,0.0,0.3479730393459483,0.0845739406189787,0.06,4,3,0.0,2,70,1.8,Šeško
485,8,Benjamin_Sesko,FWD,1,22.58479550944208,0.2994234714619113,0.04953322055255002,0.0,7.801862379435933e-05,1.0,0.0,0.2588988784046943,0.0835343475833465,0.06,4,3,0.0,2,70,1.8,Šeško
486,9,Benjamin_Sesko,FWD,1,24.61328480796916,0.29873012030149804,0.04955876342273385,0.0,4.74902121795048e-05,1.0,0.0,0.2699527724353497,0.1092810666119734,0.06,4,3,0.0,2,70,1.8,Šeško
487,10,Benjamin_Sesko,FWD,1,24.45409281667657,0.29886984640248637,0.049563097415499587,0.0,7.096813239572594e-05,1.0,0.0,0.2104660919951334,0.0966017152127772,0.06,4,3,0.0,2,70,1.8,Šeško
488,11,Benjamin_Sesko,FWD,1,24.3025520421474,0.2990034257379357,0.049566683650372576,0.0,0.00011959526929481814,1.0,0.0,0.3273316394954414,0.1139094893887378,0.06,4,3,0.0,2,70,1.8,Šeško
489,12,Benjamin_Sesko,FWD,1,24.14758961912448,0.2991387191998433,0.04957024567856186,0.0,0.00013362682352087202,1.0,0.0,0.3657327697364796,0.1238459952069972,0.06,4,3,0.0,2,70,1.8,Šeško
490,6,Benjamin_White,DEF,3,53.07025744803416,0.031736656531574044,0.08994230797950652,0.0,0.009235663443078093,4.0,0.0,0.0539164999254806,0.1088920375930353,0.1,6,3,4.0,2,55,5.3,White
491,7,Benjamin_White,DEF,3,60.6903955098766,0.03191081315816715,0.09003437982991606,0.0,0.017636467080335724,4.0,0.0,0.0295843143845428,0.1129283287121402,0.1,6,3,4.0,2,55,5.3,White
492,8,Benjamin_White,DEF,3,68.32129665155514,0.03208778104034523,0.0901267667891183,0.0,0.03845918171011635,4.0,0.0,0.0280302979206385,0.0782539555270968,0.1,6,3,4.0,2,55,5.3,White
493,9,Benjamin_White,DEF,3,75.74142499999999,0.03226267012164744,0.09021670608955565,0.0,0.08375649068605173,4.0,0.0,0.0253111663142996,0.0466702106609451,0.1,6,3,4.0,2,55,5.3,White
494,10,Benjamin_White,DEF,3,75.71442499999999,0.03226829490865688,0.09019140452048376,0.0,0.03830537721616052,4.0,0.0,0.0462278002486011,0.089997557499349,0.1,6,3,4.0,2,55,5.3,White
495,11,Benjamin_White,DEF,3,75.69042499999999,0.03227375509605449,0.09016568428355368,0.0,0.0627629936719584,4.0,0.0,0.0559678414732063,0.0548363854637644,0.1,6,3,4.0,2,55,5.3,White
496,12,Benjamin_White,DEF,3,75.66342499999999,0.03228013779628614,0.09015159240607158,0.0,0.0724906583247657,4.0,0.0,0.0339500514709614,0.0381417475700373,0.1,6,3,4.0,2,55,5.3,White
497,6,Benoît_Badiashile Mukinayi,DEF,8,0.0,0.0174483320059238,0.0250659415341665,0.0,0.000676247082839872,2.5316848098098097,0.0,0.0539343394566716,0.0350964916114288,0.3429146646646647,6,3,4.0,2,45,0.0,B.Badiashile
498,7,Benoît_Badiashile Mukinayi,DEF,8,0.0,0.0173243327594014,0.025088140409322,0.0,0.0006913643020155869,2.5316848098098097,0.0,0.0459456519173773,0.0386203456380479,0.3429146646646647,6,3,4.0,2,45,0.0,B.Badiashile
499,8,Benoît_Badiashile Mukinayi,DEF,8,0.0,0.0171412141103474,0.0251153009819184,0.0,0.0008122720486527508,2.5316848098098097,0.0,0.052493727298415,0.0268053738104255,0.3429146646646647,6,3,4.0,2,45,0.0,B.Badiashile
500,9,Benoît_Badiashile Mukinayi,DEF,8,0.0,0.0171131959633482,0.0251300422710632,0.0,0.00059859276755472,2.5316848098098097,0.0,0.074235503863792,0.0216228986791694,0.3429146646646647,6,3,4.0,2,45,0.0,B.Badiashile
501,10,Benoît_Badiashile Mukinayi,DEF,8,0.0,0.0171419863838605,0.0251561444666039,0.0,0.0004859313783270368,2.5316848098098097,0.0,0.0366746478210848,0.040303852137383,0.3429146646646647,6,3,4.0,2,45,0.0,B.Badiashile
502,11,Benoît_Badiashile Mukinayi,DEF,8,0.0,0.0171713873685748,0.0251825960530289,0.0,0.0005364722127628699,2.5316848098098097,0.0,0.07078655240023,0.0561971162677075,0.3429146646646647,6,3,4.0,2,45,0.0,B.Badiashile
503,12,Benoît_Badiashile Mukinayi,DEF,8,0.0,0.0171756676850479,0.0251863729457057,0.0,0.0005668704530690634,2.5316848098098097,0.0,0.0550530308978321,0.0334376008273799,0.3429146646646647,6,3,4.0,2,45,0.0,B.Badiashile
504,6,Bernd_Leno,GKP,54,90.0,0.0,4.940783976840307e-10,0.0,,5.998,0.7004990835774692,0.0,0.0,0.08,0,0,4.0,1,45,3.2,Leno
505,7,Bernd_Leno,GKP,54,90.0,0.0,4.94176100426635e-10,0.0,,5.998,0.558835064731487,0.0,0.0,0.08,0,0,4.0,1,45,3.2,Leno
506,8,Bernd_Leno,GKP,54,90.0,0.0,4.939869914722712e-10,0.0,,5.998,0.5859110050073023,0.0,0.0,0.08,0,0,4.0,1,45,3.2,Leno
507,9,Bernd_Leno,GKP,54,90.0,0.0,4.937992021793893e-10,0.0,,5.998,0.6070944501480322,0.0,0.0,0.08,0,0,4.0,1,45,3.2,Leno
508,10,Bernd_Leno,GKP,54,90.0,0.0,4.936143941489034e-10,0.0,,5.998,0.6203531034756395,0.0,0.0,0.08,0,0,4.0,1,45,3.2,Leno
509,11,Bernd_Leno,GKP,54,90.0,0.0,4.93428444541259e-10,0.0,,5.998,0.7096550634665918,0.0,0.0,0.08,0,0,4.0,1,45,3.2,Leno
510,12,Bernd_Leno,GKP,54,90.0,0.0,4.932373763270575e-10,0.0,,5.998,0.7379667326961763,0.0,0.0,0.08,0,0,4.0,1,45,3.2,Leno
511,6,Bobby_Thomas,DEF,9,57.0,0.0654631933474684,0.0618488576268617,0.0,0.06466454284739605,4.502407460920997,0.0,0.0441562832773488,0.040413775623652,0.1,6,3,4.0,2,40,8.6,Thomas
512,7,Bobby_Thomas,DEF,9,57.0,0.0537671669301616,0.0582106217607014,0.0,0.08006413535210728,4.502407460920997,0.0,0.052493727298415,0.0268053738104255,0.1,6,3,4.0,2,40,8.6,Thomas
513,8,Bobby_Thomas,DEF,9,57.0,0.0537682820930288,0.0581573638980466,0.0,0.038343693914947526,4.502407460920997,0.0,0.0323786694324084,0.0238084655632736,0.1,6,3,4.0,2,40,8.6,Thomas
514,9,Bobby_Thomas,DEF,9,57.0,0.0554461287815406,0.0599815164715317,0.0,0.04914102247187918,4.502407460920997,0.0,0.0366746478210848,0.040303852137383,0.1,6,3,4.0,2,40,8.6,Thomas
515,10,Bobby_Thomas,DEF,9,57.0,0.0554778249984371,0.0600358732625992,0.0,0.06877561674335907,4.502407460920997,0.0,0.0459456519173773,0.0386203456380479,0.1,6,3,4.0,2,40,8.6,Thomas
516,11,Bobby_Thomas,DEF,9,57.0,0.0555091719777013,0.0600898777495161,0.0,0.049863621178459314,4.502407460920997,0.0,0.0576745797658112,0.0527526549054485,0.1,6,3,4.0,2,40,8.6,Thomas
517,12,Bobby_Thomas,DEF,9,57.0,0.055541207220816,0.0601445092727093,0.0,0.05402690476713989,4.502407460920997,0.0,0.07078655240023,0.0561971162677075,0.1,6,3,4.0,2,40,8.6,Thomas
518,6,Borna_Sosa,DEF,31,0.0,0.0821147991086955,0.0785327709094912,0.0,0.0006483505831312205,3.9537294521249358,0.0,0.0550530308978321,0.0334376008273799,0.1029390681003584,6,3,4.0,2,45,0.0,Sosa
519,7,Borna_Sosa,DEF,31,0.0,0.0837795178131016,0.0808488857779518,0.0,0.00045284388210191156,3.9537294521249358,0.0,0.0265768898928847,0.0315855885698299,0.1029390681003584,6,3,4.0,2,45,0.0,Sosa
520,8,Borna_Sosa,DEF,31,0.0,0.083793383652702,0.0808623809619306,0.0,0.0007409501747819284,3.9537294521249358,0.0,0.0441562832773488,0.040413775623652,0.1029390681003584,6,3,4.0,2,45,0.0,Sosa
521,9,Borna_Sosa,DEF,31,0.0,0.0838064048817044,0.0808753174983964,0.0,0.0009289996437595501,3.9537294521249358,0.0,0.052493727298415,0.0268053738104255,0.1029390681003584,6,3,4.0,2,45,0.0,Sosa
522,10,Borna_Sosa,DEF,31,0.0,0.0838199317975986,0.0808885108370187,0.0,0.001001784860307131,3.9537294521249358,0.0,0.0345883844346893,0.02331174536266,0.1029390681003584,6,3,4.0,2,45,0.0,Sosa
523,11,Borna_Sosa,DEF,31,0.0,0.0838326543868629,0.0809013117503336,0.0,0.00045310961898821907,3.9537294521249358,0.0,0.0440900662312232,0.0342011051202082,0.1029390681003584,6,3,4.0,2,45,0.0,Sosa
524,12,Borna_Sosa,DEF,31,0.0,0.0838460872158212,0.0809145954225027,0.0,0.0004420913665972196,3.9537294521249358,0.0,0.0440900662312232,0.0342011051202082,0.1029390681003584,6,3,4.0,2,45,0.0,Sosa
525,6,Boubacar_Kamara,MID,7,84.73375999999999,0.0400301133155623,0.07135478219406768,0.0,0.20583735589824198,5.772,0.0,0.0655689624381491,0.1074576445370588,0.15,5,3,1.0,2,50,0.3,Kamara
526,7,Boubacar_Kamara,MID,7,84.73375999999999,0.040035503039724175,0.07129237937717632,0.0,0.1400611549770535,5.772,0.0,0.0576949851966989,0.1085060286467325,0.15,5,3,1.0,2,50,0.3,Kamara
527,8,Boubacar_Kamara,MID,7,84.73375999999999,0.04004117448379471,0.07122963438952934,0.0,0.1616880538583509,5.772,0.0,0.0475778188966921,0.0694586861700251,0.15,5,3,1.0,2,50,0.3,Kamara
528,9,Boubacar_Kamara,MID,7,84.73375999999999,0.040042832839212644,0.07119526152264175,0.0,0.08297871165291519,5.772,0.0,0.043644761687276,0.0738034067651066,0.15,5,3,1.0,2,50,0.3,Kamara
529,10,Boubacar_Kamara,MID,7,84.73375999999999,0.040040321293572254,0.07118855609717996,0.0,0.13000664673214243,5.772,0.0,0.0851448500107218,0.0764877641077813,0.15,5,3,1.0,2,50,0.3,Kamara
530,11,Boubacar_Kamara,MID,7,84.73375999999999,0.04003702660400894,0.07118042434456481,0.0,0.10655171995554759,5.772,0.0,0.0654788007538232,0.0801186101343322,0.15,5,3,1.0,2,50,0.3,Kamara
531,12,Boubacar_Kamara,MID,7,84.73375999999999,0.04003690750775229,0.07117350480685392,0.0,0.09080585573922711,5.772,0.0,0.0568772559482958,0.0901681033145862,0.15,5,3,1.0,2,50,0.3,Kamara
532,6,Bradley_Barcola,MID,14,32.97503103249299,0.1414305683042215,0.1738451646559113,0.0,0.0007524984095765688,4.008514994152047,0.0,0.09886899903714,0.1282297948275641,0.1,5,3,1.0,2,80,1.9,Barcola
533,7,Bradley_Barcola,MID,14,32.65345136800697,0.14168683781638,0.1737564088035406,0.0,0.0009681433838389123,4.008514994152047,0.0,0.1240191589748917,0.1296590777735466,0.1,5,3,1.0,2,80,1.9,Barcola
534,8,Bradley_Barcola,MID,14,32.74980831429969,0.1417841983644196,0.173916234077366,0.0,0.0003724131897715095,4.008514994152047,0.0,0.0894262475542055,0.1651836631871084,0.1,5,3,1.0,2,80,1.9,Barcola
535,9,Bradley_Barcola,MID,14,32.38628437336916,0.1416127828714148,0.1735356385137652,0.0,0.00039636566993860907,4.008514994152047,0.0,0.076157361279352,0.1133288670034329,0.1,5,3,1.0,2,80,1.9,Barcola
536,10,Bradley_Barcola,MID,14,32.474416829554016,0.1417052658430946,0.1736854970789698,0.0,0.00045845680511516794,4.008514994152047,0.0,0.1652776886367873,0.1759321123387592,0.1,5,3,1.0,2,80,1.9,Barcola
537,11,Bradley_Barcola,MID,14,32.55969911192939,0.1417972075830378,0.1738345905421972,0.0,0.0005666592779271402,4.008514994152047,0.0,0.0876286497141699,0.1962911969242959,0.1,5,3,1.0,2,80,1.9,Barcola
538,12,Bradley_Barcola,MID,14,32.88967739819204,0.1422437904704243,0.1742289819494178,0.0,0.0006796227454548387,4.008514994152047,0.0,0.116233388513479,0.1426431873808013,0.1,5,3,1.0,2,80,1.9,Barcola
539,6,Bradley_Burrowes,MID,7,6.75328868,0.0853033226455597,0.1218186867885051,0.0,0.00017073692544999414,3.697937187998697,0.0,0.0790689180878473,0.1448646983763215,0.1,5,3,1.0,2,45,0.6,Burrowes
540,7,Bradley_Burrowes,MID,7,6.75328868,0.0853147165396947,0.121708811558386,0.0,0.00010953286468474983,3.697937187998697,0.0,0.0772167805063861,0.0863082180546789,0.1,5,3,1.0,2,45,0.6,Burrowes
541,8,Bradley_Burrowes,MID,7,6.75328868,0.0853267059906188,0.1215983338540135,0.0,0.00012893233323057232,3.697937187998697,0.0,0.0428645627319718,0.1349551016015938,0.1,5,3,1.0,2,45,0.6,Burrowes
542,9,Bradley_Burrowes,MID,7,6.75328868,0.085330211759282,0.1215378121204243,0.0,6.156662754625518e-05,3.697937187998697,0.0,0.0936735501911697,0.0888189627888669,0.1,5,3,1.0,2,45,0.6,Burrowes
543,10,Bradley_Burrowes,MID,7,6.75328868,0.0853249023437568,0.1215260055994631,0.0,0.00010074743316682742,3.697937187998697,0.0,0.1119957605907742,0.1332858089793131,0.1,5,3,1.0,2,45,0.6,Burrowes
544,11,Bradley_Burrowes,MID,7,6.75328868,0.085317937359471,0.1215116876850745,0.0,8.08168897395185e-05,3.697937187998697,0.0,0.085880677692756,0.1056084642760237,0.1,5,3,1.0,2,45,0.6,Burrowes
545,12,Bradley_Burrowes,MID,7,6.75328868,0.0853176855896029,0.1214995041677883,0.0,6.787261422069768e-05,3.697937187998697,0.0,0.0842332060993205,0.1188923620107288,0.1,5,3,1.0,2,45,0.6,Burrowes
546,6,Braiden_Graham,MID,11,0.0,0.2658866998539198,0.1079772788324688,0.0,2.779136144361676e-05,3.0484409555840273,0.0,0.2767363309065365,0.1027633521295426,0.1,5,3,1.0,2,45,0.1,Graham
547,7,Braiden_Graham,MID,11,0.0,0.2658270713209431,0.1079794102184897,0.0,2.549234493707625e-05,3.0484409555840273,0.0,0.2699527724353497,0.1092810666119734,0.1,5,3,1.0,2,45,0.1,Graham
548,8,Braiden_Graham,MID,11,0.0,0.265764451833443,0.1079813231900128,0.0,3.134115082793916e-05,3.0484409555840273,0.0,0.2686708389316911,0.1234648585781471,0.1,5,3,1.0,2,45,0.1,Graham
549,9,Braiden_Graham,MID,11,0.0,0.2697217536229229,0.1077468600580785,0.0,4.797150982853645e-05,3.0484409555840273,0.0,0.2701720012960522,0.1526573698912118,0.1,5,3,1.0,2,45,0.1,Graham
550,10,Braiden_Graham,MID,11,0.0,0.2696420497241171,0.1077497343739645,0.0,2.8523570968083117e-05,3.0484409555840273,0.0,0.2767363309065365,0.1027633521295426,0.1,5,3,1.0,2,45,0.1,Graham
551,11,Braiden_Graham,MID,11,0.0,0.2695647970679787,0.1077526110955468,0.0,7.47787130002093e-05,3.0484409555840273,0.0,0.3657327697364796,0.1238459952069972,0.1,5,3,1.0,2,45,0.1,Graham
552,12,Braiden_Graham,MID,11,0.0,0.2694870210987264,0.1077552860494628,0.0,6.600626544021671e-05,3.0484409555840273,0.0,0.3273316394954414,0.1139094893887378,0.1,5,3,1.0,2,45,0.1,Graham
553,6,Brandon_Austin,GKP,6,22.73748382434737,0.0,0.0081219316004131,0.0,,6.240104545454546,0.8739579494903431,0.0,0.0,0.1,0,0,4.0,1,40,1.0,Austin
554,7,Brandon_Austin,GKP,6,22.403084840200503,0.0,0.0080795447975184,0.0,,6.240104545454546,0.6091669639388032,0.0,0.0,0.1,0,0,4.0,1,40,1.0,Austin
555,8,Brandon_Austin,GKP,6,21.87490108083554,0.0,0.0080162820678432,0.0,,6.240104545454546,0.6608323561733163,0.0,0.0,0.1,0,0,4.0,1,40,1.0,Austin
556,9,Brandon_Austin,GKP,6,21.737841639845097,0.0,0.0079970512418808,0.0,,6.240104545454546,0.5846391343204401,0.0,0.0,0.1,0,0,4.0,1,40,1.0,Austin
557,10,Brandon_Austin,GKP,6,21.785714278505555,0.0,0.0079981070889136,0.0,,6.240104545454546,0.571608451397563,0.0,0.0,0.1,0,0,4.0,1,40,1.0,Austin
558,11,Brandon_Austin,GKP,6,21.83309097163044,0.0,0.0079991508688344,0.0,,6.240104545454546,0.7249312793659753,0.0,0.0,0.1,0,0,4.0,1,40,1.0,Austin
559,12,Brandon_Austin,GKP,6,21.88041625888569,0.0,0.0080001240907349,0.0,,6.240104545454546,0.5686444963681879,0.0,0.0,0.1,0,0,4.0,1,40,1.0,Austin
560,6,Brandon_Thomas-Asante,FWD,9,45.345,0.1843532498563351,0.1423411696412332,0.0,0.0010871100794667343,1.0,0.0,0.2069194075756547,0.1443916359282739,0.1,4,3,0.0,2,50,0.8,Thomas-Asante
561,7,Brandon_Thomas-Asante,FWD,9,45.936,0.1483329447713018,0.1327000221511785,0.0,0.001455466156000459,1.0,0.0,0.1220461381569684,0.1872283971637988,0.1,4,3,0.0,2,50,0.8,Thomas-Asante
562,8,Brandon_Thomas-Asante,FWD,9,46.524,0.1483363791433924,0.132558891414264,0.0,0.000679102508980113,1.0,0.0,0.1162593608860656,0.17672170864813,0.1,4,3,0.0,2,50,0.8,Thomas-Asante
563,9,Brandon_Thomas-Asante,FWD,9,47.112,0.1535036511253261,0.137392806710661,0.0,0.0009393102460026301,1.0,0.0,0.1261492811823807,0.1064172920699372,0.1,4,3,0.0,2,50,0.8,Thomas-Asante
564,10,Brandon_Thomas-Asante,FWD,9,47.7,0.1536012661068521,0.1375368495542387,0.0,0.0014366898600243103,1.0,0.0,0.147935998121608,0.1428338544994659,0.1,4,3,0.0,2,50,0.8,Thomas-Asante
565,11,Brandon_Thomas-Asante,FWD,9,48.288,0.1536978055396734,0.1376799588090105,0.0,0.0010601368791609428,1.0,0.0,0.1069834175421901,0.1070778805233272,0.1,4,3,0.0,2,50,0.8,Thomas-Asante
566,12,Brandon_Thomas-Asante,FWD,9,48.876000000000005,0.1537964646217663,0.1378247296793136,0.0,0.0012205344595663658,1.0,0.0,0.1182193902266794,0.1729940302427504,0.1,4,3,0.0,2,50,0.8,Thomas-Asante
567,6,Brenden_Aaronson,MID,2,58.01505540837959,0.10847261157934682,0.13824487122974938,0.0,0.005889680625704604,1.71,0.0,0.1746046778732178,0.1224679656436583,0.08,5,3,1.0,2,54,0.5,Aaronson
568,7,Brenden_Aaronson,MID,2,57.97240212518713,0.10846655055666357,0.13824592376573638,0.0,0.008244087377616647,1.71,0.0,0.1581552595513359,0.175811164019189,0.08,5,3,1.0,2,54,0.5,Aaronson
569,8,Brenden_Aaronson,MID,2,57.93222638900637,0.10846135309337315,0.13824685486882687,0.0,0.006598446601098222,1.71,0.0,0.1211821165130275,0.1926050362646116,0.08,5,3,1.0,2,54,0.5,Aaronson
570,9,Brenden_Aaronson,MID,2,57.88961181222437,0.1084563250341628,0.13824799483856495,0.0,0.00930233352589705,1.71,0.0,0.1602275814203332,0.1865096575096456,0.08,5,3,1.0,2,54,0.5,Aaronson
571,10,Brenden_Aaronson,MID,2,57.85046515140367,0.10845021247622552,0.13824843785538612,0.0,0.011236419488027866,1.71,0.0,0.1618205164382563,0.1266052744503581,0.08,5,3,1.0,2,54,0.5,Aaronson
572,11,Brenden_Aaronson,MID,2,57.8088830414344,0.10844452211424341,0.1382489495084028,0.0,0.004708086988654619,1.71,0.0,0.1600751664564748,0.2071396514783118,0.08,5,3,1.0,2,54,0.5,Aaronson
573,12,Brenden_Aaronson,MID,2,57.76878394549757,0.10843887406040452,0.13824962178515435,0.0,0.005246619786814069,1.71,0.0,0.1542164581176329,0.1806105923991114,0.08,5,3,1.0,2,54,0.5,Aaronson
574,6,Brennan_Johnson,MID,11,56.11572117246919,0.111707940731653,0.15678149241733924,0.0,0.003859213024325893,1.0,0.0,0.1268997194477113,0.1551143810956354,0.18,5,3,1.0,2,59,0.1,Johnson
575,7,Brennan_Johnson,MID,11,56.03803333265758,0.1116822863817642,0.15678470198239794,0.0,0.0035165587715851776,1.0,0.0,0.1260591051724412,0.1314494178124841,0.18,5,3,1.0,2,59,0.1,Johnson
576,8,Brennan_Johnson,MID,11,55.96249387490334,0.1116553452151447,0.15678758264620002,0.0,0.00429144036009176,1.0,0.0,0.076157361279352,0.1133288670034329,0.18,5,3,1.0,2,59,0.1,Johnson
577,9,Brennan_Johnson,MID,11,56.816014542134006,0.1133579194636694,0.1564345144228019,0.0,0.007072108293068819,1.0,0.0,0.0971874929788598,0.199350807499842,0.18,5,3,1.0,2,59,0.1,Johnson
578,10,Brennan_Johnson,MID,11,56.73732430243914,0.1133236279658679,0.15643884273486955,0.0,0.004185643237922263,1.0,0.0,0.1268997194477113,0.1551143810956354,0.18,5,3,1.0,2,59,0.1,Johnson
579,11,Brennan_Johnson,MID,11,56.65830176187622,0.113290391081251,0.15644317466957455,0.0,0.01083841274307381,1.0,0.0,0.1240191589748917,0.1296590777735466,0.18,5,3,1.0,2,59,0.1,Johnson
580,12,Brennan_Johnson,MID,11,56.58043004287831,0.1132569290484196,0.15644720277079027,0.0,0.00951032522212628,1.0,0.0,0.1222370154519599,0.1239528530149927,0.18,5,3,1.0,2,59,0.1,Johnson
581,6,Brian_Brobbey,FWD,56,78.75484019999999,0.29659696239740996,0.0673375248903082,0.0,0.004710420029798989,1.0,0.0,0.2378841599042031,0.0988234500197675,0.19,4,3,0.0,2,57,6.1,Brobbey
582,7,Brian_Brobbey,FWD,56,78.75484019999999,0.29663495913996923,0.06727631166302399,0.0,0.008270667018953555,1.0,0.0,0.2588988784046943,0.0835343475833465,0.19,4,3,0.0,2,57,6.1,Brobbey
583,8,Brian_Brobbey,FWD,56,78.75484019999999,0.2966738606981547,0.06721528517089716,0.0,0.0064838369157499244,1.0,0.0,0.3479730393459483,0.0845739406189787,0.19,4,3,0.0,2,57,6.1,Brobbey
584,9,Brian_Brobbey,FWD,56,78.75484019999999,0.2967097691791628,0.06715410857422763,0.0,0.0047133282787590715,1.0,0.0,0.2767363309065365,0.1027633521295426,0.19,4,3,0.0,2,57,6.1,Brobbey
585,10,Brian_Brobbey,FWD,56,78.75484019999999,0.2967406826083403,0.06709232462388709,0.0,0.004214280924816769,1.0,0.0,0.2699527724353497,0.1092810666119734,0.19,4,3,0.0,2,57,6.1,Brobbey
586,11,Brian_Brobbey,FWD,56,78.75484019999999,0.2967650604660339,0.06702974789563723,0.0,0.006376172590514798,1.0,0.0,0.2104660919951334,0.0966017152127772,0.19,4,3,0.0,2,57,6.1,Brobbey
587,12,Brian_Brobbey,FWD,56,78.75484019999999,0.2967925340739573,0.06696754460150327,0.0,0.010026615727766938,1.0,0.0,0.1816445166652931,0.0735228775864095,0.19,4,3,0.0,2,57,6.1,Brobbey
588,6,Brian_Madjo,FWD,7,0.0,0.2822708059111773,0.1157044899357695,0.0,2.519101301814885e-05,1.859919864341086,0.0,0.3657327697364796,0.1238459952069972,0.1,4,3,0.0,2,54,0.2,Madjo
589,7,Brian_Madjo,FWD,7,0.0,0.2823095442337101,0.1155977624543232,0.0,1.6160137251710642e-05,1.859919864341086,0.0,0.2701720012960522,0.1526573698912118,0.1,4,3,0.0,2,54,0.2,Madjo
590,8,Brian_Madjo,FWD,7,0.0,0.2823503074013668,0.1154904497585422,0.0,1.902252390562821e-05,1.859919864341086,0.0,0.2852550995514115,0.114829839288796,0.1,4,3,0.0,2,54,0.2,Madjo
591,9,Brian_Madjo,FWD,7,0.0,0.2823622267325094,0.1154316618753064,0.0,9.083037644732229e-06,1.859919864341086,0.0,0.251881030599128,0.0913042928657778,0.1,4,3,0.0,2,54,0.2,Madjo
592,10,Brian_Madjo,FWD,7,0.0,0.2823441751472799,0.1154201935921869,0.0,1.4863872109981297e-05,1.859919864341086,0.0,0.1582373678053648,0.1067667619926839,0.1,4,3,0.0,2,54,0.2,Madjo
593,11,Brian_Madjo,FWD,7,0.0,0.2823204947615835,0.1154062858630235,0.0,1.1923232208735253e-05,1.859919864341086,0.0,0.3107258993287308,0.1106489791789369,0.1,4,3,0.0,2,54,0.2,Madjo
594,12,Brian_Madjo,FWD,7,0.0,0.2823196387643066,0.1153944513839175,0.0,1.0013418345012661e-05,1.859919864341086,0.0,0.2767363309065365,0.1027633521295426,0.1,4,3,0.0,2,54,0.2,Madjo
595,6,Brooke_Norton-Cuffy,DEF,88,0.0,0.0419492318689095,0.0952859274950114,0.0,0.00051314520870298,3.4086842666110364,0.0,0.0280302979206385,0.0782539555270968,0.1,6,3,4.0,2,40,0.3,Norton-Cuffy
596,7,Brooke_Norton-Cuffy,DEF,88,0.0,0.0418700198908928,0.0952883320939362,0.0,0.00027876946835168377,3.4086842666110364,0.0,0.031159434697039,0.0740471263388762,0.1,6,3,4.0,2,40,0.3,Norton-Cuffy
597,8,Brooke_Norton-Cuffy,DEF,88,0.0,0.042014797574312,0.0955636648465422,0.0,0.0007315016725057991,3.4086842666110364,0.0,0.0506358535297079,0.1127669562337763,0.1,6,3,4.0,2,40,0.3,Norton-Cuffy
598,9,Brooke_Norton-Cuffy,DEF,88,0.0,0.0421078567214164,0.0955823197799824,0.0,0.00030573149692939136,3.4086842666110364,0.0,0.0462278002486011,0.089997557499349,0.1,6,3,4.0,2,40,0.3,Norton-Cuffy
599,10,Brooke_Norton-Cuffy,DEF,88,0.0,0.0422062855901932,0.0956699801401933,0.0,0.00032144133326221985,3.4086842666110364,0.0,0.1077701515240741,0.0871056101039265,0.1,6,3,4.0,2,40,0.3,Norton-Cuffy
600,11,Brooke_Norton-Cuffy,DEF,88,0.0,0.0423055271584097,0.0957580334820181,0.0,0.00029384602276496836,3.4086842666110364,0.0,0.1174447659202134,0.0817117691611616,0.1,6,3,4.0,2,40,0.3,Norton-Cuffy
601,12,Brooke_Norton-Cuffy,DEF,88,0.0,0.0424058866797864,0.0958474658403189,0.0,0.00036618339464449304,3.4086842666110364,0.0,0.0336892747106061,0.1962529481085647,0.1,6,3,4.0,2,40,0.3,Norton-Cuffy
602,6,Bruno_Borges Fernandes,MID,1,89.958,0.14825063453143228,0.3520124604082467,0.1,0.1594418880280709,9.629999999999999,0.0,0.1618205164382563,0.1266052744503581,0.12,5,3,1.0,2,120,39.3,B.Fernandes
603,7,Bruno_Borges Fernandes,MID,1,89.976,0.14711741193060415,0.35080293360630793,0.1,0.10783922068970507,9.629999999999999,0.0,0.1370880123440694,0.1898374177465581,0.12,5,3,1.0,2,120,39.3,B.Fernandes
604,8,Bruno_Borges Fernandes,MID,1,89.99699999999999,0.14524638959097347,0.3510566583706338,0.1,0.1347105464430106,9.629999999999999,0.0,0.1602275814203332,0.1865096575096456,0.12,5,3,1.0,2,120,39.3,B.Fernandes
605,9,Bruno_Borges Fernandes,MID,1,90.0,0.1449104753846776,0.35122506459790037,0.1,0.07243809305788813,9.629999999999999,0.0,0.1600751664564748,0.2071396514783118,0.12,5,3,1.0,2,120,39.3,B.Fernandes
606,10,Bruno_Borges Fernandes,MID,1,90.0,0.1449781697724454,0.35125363896583295,0.1,0.10640057650966726,9.629999999999999,0.0,0.1757636037762496,0.1989544913244163,0.12,5,3,1.0,2,120,39.3,B.Fernandes
607,11,Bruno_Borges Fernandes,MID,1,90.0,0.1450428861802442,0.35127728330496566,0.1,0.17148822406817968,9.629999999999999,0.0,0.1389030075974817,0.2361507048222439,0.12,5,3,1.0,2,120,39.3,B.Fernandes
608,12,Bruno_Borges Fernandes,MID,1,90.0,0.14510843304663532,0.35130076804745736,0.1,0.1909753900543344,9.629999999999999,0.0,0.1431241918345089,0.21431463250313,0.12,5,3,1.0,2,120,39.3,B.Fernandes
609,6,Bruno_Guimarães Rodriguez Moura,MID,3,50.99511358158188,0.0805742003556655,0.13133530914246014,0.0,0.010101240773673656,8.488,0.0,0.0928778036155075,0.1172272670252035,0.22,5,3,1.0,2,67,1.8,Bruno G.
610,7,Bruno_Guimarães Rodriguez Moura,MID,3,50.41093875737877,0.0809632299225358,0.13146465792236298,0.0,0.010163472198816994,8.488,0.0,0.1202318081610187,0.1776752802788837,0.22,5,3,1.0,2,67,1.8,Bruno G.
611,8,Bruno_Guimarães Rodriguez Moura,MID,3,49.82192542262812,0.0813585392478283,0.13159444938846906,0.0,0.011880169407040309,8.488,0.0,0.1053742839427626,0.1147639713719944,0.22,5,3,1.0,2,67,1.8,Bruno G.
612,9,Bruno_Guimarães Rodriguez Moura,MID,3,49.24152114929406,0.0817492049656958,0.1317208022175384,0.0,0.014461367197754933,8.488,0.0,0.070552064626671,0.1127830621923689,0.22,5,3,1.0,2,67,1.8,Bruno G.
613,10,Bruno_Guimarães Rodriguez Moura,MID,3,49.065543931573,0.0817617695662904,0.13168525685731677,0.0,0.006035262154460049,8.488,0.0,0.0842332060993205,0.1188923620107288,0.22,5,3,1.0,2,67,1.8,Bruno G.
614,11,Bruno_Guimarães Rodriguez Moura,MID,3,48.89293279128141,0.0817739664856949,0.13164912332409326,0.0,0.01022264321931184,8.488,0.0,0.0772167805063861,0.0863082180546789,0.22,5,3,1.0,2,67,1.8,Bruno G.
615,12,Bruno_Guimarães Rodriguez Moura,MID,3,48.73258540726346,0.0817882241062929,0.1316293260988746,0.0,0.011847162129863552,8.488,0.0,0.0428645627319718,0.1349551016015938,0.22,5,3,1.0,2,67,1.8,Bruno G.
616,6,Bryan_Mbeumo,MID,1,75.5637825,0.2262078771195701,0.12242105555084003,0.025,0.017118211082801017,2.426,0.0,0.1186409762327798,0.0988612668204811,0.12,5,3,1.0,2,79,21.1,Mbeumo
617,7,Bryan_Mbeumo,MID,1,75.5157825,0.22447256392388418,0.1220162144182778,0.025,0.011045174661077226,2.426,0.0,0.1126991599369654,0.1833905663030322,0.12,5,3,1.0,2,79,21.1,Mbeumo
618,8,Bryan_Mbeumo,MID,1,75.4707825,0.22160745185057132,0.12210113872155423,0.025,0.014018896471767826,2.426,0.0,0.0553819610582226,0.1857348552224726,0.12,5,3,1.0,2,79,21.1,Mbeumo
619,9,Bryan_Mbeumo,MID,1,75.4227825,0.22109306363207143,0.12215750602789902,0.025,0.007129859642600464,2.426,0.0,0.1260591051724412,0.1314494178124841,0.12,5,3,1.0,2,79,21.1,Mbeumo
620,10,Bryan_Mbeumo,MID,1,75.37478250000001,0.22119672461119555,0.12216707016443361,0.025,0.01072799458361933,2.426,0.0,0.1528638217362915,0.0934867601094268,0.12,5,3,1.0,2,79,21.1,Mbeumo
621,11,Bryan_Mbeumo,MID,1,75.32678250000001,0.2212958253848198,0.12217498416933023,0.025,0.018139276522502946,2.426,0.0,0.1222370154519599,0.1239528530149927,0.12,5,3,1.0,2,79,21.1,Mbeumo
622,12,Bryan_Mbeumo,MID,1,75.2817825,0.22139619784659495,0.12218284475558028,0.025,0.02043186787037568,2.426,0.0,0.1240191589748917,0.1296590777735466,0.12,5,3,1.0,2,79,21.1,Mbeumo
623,6,Bukayo_Saka,MID,3,60.19060513175805,0.2143660924654517,0.20688473379240774,0.08000000000000002,0.007728858473471983,5.792,0.0,0.1126991599369654,0.1833905663030322,0.05,5,3,1.0,2,95,13.3,Saka
624,7,Bukayo_Saka,MID,3,59.83395929359293,0.21540747244577052,0.20709050532254536,0.08000000000000002,0.00793476913131619,5.792,0.0,0.0757386597383645,0.1958612735530401,0.05,5,3,1.0,2,95,13.3,Saka
625,8,Bukayo_Saka,MID,3,59.477936535796914,0.21646566249724816,0.20729698108984282,0.08000000000000002,0.009470960913516617,5.792,0.0,0.116233388513479,0.1426431873808013,0.05,5,3,1.0,2,95,13.3,Saka
626,9,Bukayo_Saka,MID,3,59.1320171074469,0.2175114222343728,0.2074979865805349,0.08000000000000002,0.011774639413118914,5.792,0.0,0.1222370154519599,0.1239528530149927,0.05,5,3,1.0,2,95,13.3,Saka
627,10,Bukayo_Saka,MID,3,59.1602959268173,0.2175450559852087,0.2074414400621405,0.08000000000000002,0.004997537066132449,5.792,0.0,0.1268997194477113,0.1551143810956354,0.05,5,3,1.0,2,95,13.3,Saka
628,11,Bukayo_Saka,MID,3,59.18535620103667,0.21757770550280592,0.20738395786225977,0.08000000000000002,0.008619609771450518,5.792,0.0,0.0971874929788598,0.199350807499842,0.05,5,3,1.0,2,95,13.3,Saka
629,12,Bukayo_Saka,MID,3,59.227643918155216,0.21761587124115117,0.20735246390206344,0.08000000000000002,0.010172099609651906,5.792,0.0,0.09886899903714,0.1282297948275641,0.05,5,3,1.0,2,95,13.3,Saka
630,6,Caleb_Yirenkyi,MID,9,45.909,0.06929373353414,0.0917960905914212,0.0,0.004744268253522945,3.5363097100032577,0.0,0.0576949851966989,0.1085060286467325,0.1,5,3,1.0,2,49,0.1,Yirenkyi
631,7,Caleb_Yirenkyi,MID,9,45.915,0.0559802192377439,0.0857354804393934,0.0,0.006024130804637679,3.5363097100032577,0.0,0.0607007698575154,0.1196306784306686,0.1,5,3,1.0,2,49,0.1,Yirenkyi
632,8,Caleb_Yirenkyi,MID,9,45.921,0.0559814886207161,0.0856467629524148,0.0,0.0026740654513150446,3.5363097100032577,0.0,0.043644761687276,0.0738034067651066,0.1,5,3,1.0,2,49,0.1,Yirenkyi
633,9,Caleb_Yirenkyi,MID,9,45.924,0.0578913710951271,0.0886854547834035,0.0,0.003508651367192161,3.5363097100032577,0.0,0.0654788007538232,0.0801186101343322,0.1,5,3,1.0,2,49,0.1,Yirenkyi
634,10,Caleb_Yirenkyi,MID,9,45.93,0.0579274507021437,0.0887760028764614,0.0,0.005090199981119208,3.5363097100032577,0.0,0.0684445445946984,0.0929980432435829,0.1,5,3,1.0,2,49,0.1,Yirenkyi
635,11,Caleb_Yirenkyi,MID,9,45.936,0.0579631327741306,0.0888659640976971,0.0,0.0035691760178097756,3.5363097100032577,0.0,0.034021699908773,0.1250502673893471,0.1,5,3,1.0,2,49,0.1,Yirenkyi
636,12,Caleb_Yirenkyi,MID,9,45.942,0.0579995982925878,0.0889569698423123,0.0,0.0039005051944120644,3.5363097100032577,0.0,0.1032922855340508,0.10390984845412,0.1,5,3,1.0,2,49,0.1,Yirenkyi
637,6,Callum_Hudson-Odoi,MID,17,30.79892623553799,0.11829357650811517,0.20074927141943885,0.0,0.00019853357952831564,3.818,0.0,0.1069834175421901,0.1070778805233272,0.02,5,3,1.0,2,58,0.2,Hudson-Odoi
638,7,Callum_Hudson-Odoi,MID,17,30.82678632253615,0.11825290505980371,0.20069751064136587,0.0,0.0001734272733078246,3.818,0.0,0.1288957249246875,0.0569416754282649,0.02,5,3,1.0,2,58,0.2,Hudson-Odoi
639,8,Callum_Hudson-Odoi,MID,17,30.85257268703442,0.11821039905848593,0.20064468759994022,0.0,0.00016486574765340377,3.818,0.0,0.150737295523736,0.1390624159116826,0.02,5,3,1.0,2,58,0.2,Hudson-Odoi
640,9,Callum_Hudson-Odoi,MID,17,31.39639022986104,0.1179698227983679,0.2004081202246945,0.0,0.00043531228501426494,3.818,0.0,0.1841742556698727,0.1303583338431828,0.02,5,3,1.0,2,58,0.2,Hudson-Odoi
641,10,Callum_Hudson-Odoi,MID,17,31.43298033023109,0.11792362231667891,0.2003520936275636,0.0,0.0003298191919550094,3.818,0.0,0.1674484816301701,0.1685309160814939,0.02,5,3,1.0,2,58,0.2,Hudson-Odoi
642,11,Callum_Hudson-Odoi,MID,17,31.46856075238281,0.11787889723402581,0.20029778822637728,0.0,0.00029414364288597375,3.818,0.0,0.1697864627106199,0.0953712727396801,0.02,5,3,1.0,2,58,0.2,Hudson-Odoi
643,12,Callum_Hudson-Odoi,MID,17,31.50516582003821,0.11783363918191074,0.2002421428918228,0.0,0.00014987696193835342,3.818,0.0,0.1486543353660969,0.1189228792264125,0.02,5,3,1.0,2,58,0.2,Hudson-Odoi
644,6,Callum_Olusesi,MID,6,5.8129946,0.0952332156601421,0.1378328243350118,0.0,0.00018564529146258135,5.017111111111111,0.0,0.1119957605907742,0.1332858089793131,0.1,5,3,1.0,2,44,1.0,Olusesi
645,7,Callum_Olusesi,MID,6,5.8129946,0.0954276077268332,0.1371396987402843,0.0,0.00012001481880877051,5.017111111111111,0.0,0.0842332060993205,0.1188923620107288,0.1,5,3,1.0,2,44,1.0,Olusesi
646,8,Callum_Olusesi,MID,6,5.8129946,0.0957321751839215,0.1361052018182338,0.0,0.00010726164977553218,5.017111111111111,0.0,0.0533112851817121,0.0911547974260361,0.1,5,3,1.0,2,44,1.0,Olusesi
647,9,Callum_Olusesi,MID,6,5.8129946,0.0958196656221778,0.1357907318235194,0.0,0.00015133589072649053,5.017111111111111,0.0,0.0822560971477504,0.1524742200371775,0.1,5,3,1.0,2,44,1.0,Olusesi
648,10,Callum_Olusesi,MID,6,5.8129946,0.0958047211828617,0.1358079974475485,0.0,0.00016533982374457247,5.017111111111111,0.0,0.0928778036155075,0.1172272670252035,0.1,5,3,1.0,2,44,1.0,Olusesi
649,11,Callum_Olusesi,MID,6,5.8129946,0.0957888606892864,0.1358250657454374,0.0,0.00012507041625797543,5.017111111111111,0.0,0.0842332060993205,0.1188923620107288,0.1,5,3,1.0,2,44,1.0,Olusesi
650,12,Callum_Olusesi,MID,6,5.8129946,0.0957731304892659,0.1358409802509559,0.0,0.0001489217433051332,5.017111111111111,0.0,0.085880677692756,0.1056084642760237,0.1,5,3,1.0,2,44,1.0,Olusesi
651,6,Callum_Wilson,FWD,94,34.711506695083514,0.2239001157472192,0.07622455148211585,0.0,0.0001354329387164764,1.0,0.0,0.2104660919951334,0.0966017152127772,0.02,4,3,0.0,2,54,0.3,Wilson
652,7,Callum_Wilson,FWD,94,35.453043774227375,0.2236112220535009,0.07644836587444838,0.0,0.0002471712348160874,1.0,0.0,0.3273316394954414,0.1139094893887378,0.02,4,3,0.0,2,54,0.3,Wilson
653,8,Callum_Wilson,FWD,94,35.66350316720239,0.2235232058391888,0.07651777534921939,0.0,0.00010605302816586508,1.0,0.0,0.2767363309065365,0.1027633521295426,0.02,4,3,0.0,2,54,0.3,Wilson
654,9,Callum_Wilson,FWD,94,35.87105573549628,0.2234358501785317,0.07658714077449148,0.0,0.00016192563679647364,1.0,0.0,0.3397560761522099,0.0551267835339054,0.02,4,3,0.0,2,54,0.3,Wilson
655,10,Callum_Wilson,FWD,94,35.833948081419,0.2234403055667747,0.07658367494252541,0.0,0.00011044819846055287,1.0,0.0,0.2378841599042031,0.0988234500197675,0.02,4,3,0.0,2,54,0.3,Wilson
656,11,Callum_Wilson,FWD,94,35.20491770104244,0.2234147646979083,0.0764475829346888,0.0,0.00018821610500416042,1.0,0.0,0.2321652746293105,0.0710294967935649,0.02,4,3,0.0,2,54,0.3,Wilson
657,12,Callum_Wilson,FWD,94,35.12925806005727,0.2234209953150732,0.07643543659332427,0.0,0.00016052612063977416,1.0,0.0,0.1582373678053648,0.1067667619926839,0.02,4,3,0.0,2,54,0.3,Wilson
658,6,Calvin_Bassey,DEF,54,88.48799999999999,0.03485333034094345,0.027310795374047462,0.0,0.15540331719500822,3.152,0.0,0.0440900662312232,0.0342011051202082,0.2,6,3,4.0,2,45,0.7,Bassey
659,7,Calvin_Bassey,DEF,54,88.482,0.034923465482058616,0.027316249485934863,0.0,0.14696293459331106,3.152,0.0,0.0440900662312232,0.0342011051202082,0.2,6,3,4.0,2,45,0.7,Bassey
660,8,Calvin_Bassey,DEF,54,88.47299999999998,0.034973778911859495,0.027305692756732395,0.0,0.15006488856875289,3.152,0.0,0.0440900662312232,0.0342011051202082,0.2,6,3,4.0,2,45,0.7,Bassey
661,9,Calvin_Bassey,DEF,54,88.46699999999998,0.03502418896627665,0.027295209695691082,0.0,0.1919220197750318,3.152,0.0,0.0430008805695656,0.0202850875521248,0.2,6,3,4.0,2,45,0.7,Bassey
662,10,Calvin_Bassey,DEF,54,88.458,0.0350750926660197,0.027284893059237553,0.0,0.22739472505572036,3.152,0.0,0.0441562832773488,0.040413775623652,0.2,6,3,4.0,2,45,0.7,Bassey
663,11,Calvin_Bassey,DEF,54,88.452,0.035126020076941954,0.02727451269591829,0.0,0.25757186181725666,3.152,0.0,0.0297669938520948,0.018348571633679,0.2,6,3,4.0,2,45,0.7,Bassey
664,12,Calvin_Bassey,DEF,54,88.443,0.03517674768082495,0.027263846593917455,0.0,0.2353005019069884,3.152,0.0,0.0539343394566716,0.0350964916114288,0.2,6,3,4.0,2,45,0.7,Bassey
665,6,Calvin_Ramsay,DEF,14,0.0,0.0454504742382658,0.0500696221217921,0.0,0.0005014470090759454,3.4252659681661357,0.0,0.0297669938520948,0.018348571633679,0.1,6,3,4.0,2,40,0.1,Ramsay
666,7,Calvin_Ramsay,DEF,14,0.0,0.0455314416213617,0.0500450828893858,0.0,0.0006538730401596918,3.4252659681661357,0.0,0.0764095249963934,0.0286394203968533,0.1,6,3,4.0,2,40,0.1,Ramsay
667,8,Calvin_Ramsay,DEF,14,0.0,0.0455622023182748,0.0500892714069207,0.0,0.0002626527666000158,3.4252659681661357,0.0,0.0265768898928847,0.0315855885698299,0.1,6,3,4.0,2,40,0.1,Ramsay
668,9,Calvin_Ramsay,DEF,14,0.0,0.0455080442415929,0.0499840442839924,0.0,0.00028731941114566126,3.4252659681661357,0.0,0.0283871455110724,0.0678417594345503,0.1,6,3,4.0,2,40,0.1,Ramsay
669,10,Calvin_Ramsay,DEF,14,0.0,0.0455372638867032,0.0500254772043172,0.0,0.00032731327491005634,3.4252659681661357,0.0,0.0576745797658112,0.0527526549054485,0.1,6,3,4.0,2,40,0.1,Ramsay
670,11,Calvin_Ramsay,DEF,14,0.0,0.0455663125316933,0.0500666985891237,0.0,0.00039712246293948104,3.4252659681661357,0.0,0.074235503863792,0.0216228986791694,0.1,6,3,4.0,2,40,0.1,Ramsay
671,12,Calvin_Ramsay,DEF,14,0.0,0.0457074087058834,0.0501757399891254,0.0,0.00045868095265968686,3.4252659681661357,0.0,0.0459456519173773,0.0386203456380479,0.1,6,3,4.0,2,40,0.1,Ramsay
672,6,Cameron_Humphreys,MID,40,0.0,0.0409390554081535,0.0439551503249714,0.0,4.9633943885913044e-05,2.8686697299330066,0.0,0.0323786694324084,0.0238084655632736,0.1,5,3,1.0,2,45,0.0,Humphreys
673,7,Cameron_Humphreys,MID,40,0.0,0.0406814567176312,0.0423128152802818,0.0,0.00010394412174462135,2.8686697299330066,0.0,0.0297669938520948,0.018348571633679,0.1,5,3,1.0,2,45,0.0,Humphreys
674,8,Cameron_Humphreys,MID,40,0.0,0.0405669870478202,0.0422299511367405,0.0,7.667715425490472e-05,2.8686697299330066,0.0,0.0550530308978321,0.0334376008273799,0.1,5,3,1.0,2,45,0.0,Humphreys
675,9,Cameron_Humphreys,MID,40,0.0,0.0406304028969337,0.0425088902046354,0.0,5.115803178858652e-05,2.8686697299330066,0.0,0.0440900662312232,0.0342011051202082,0.1,5,3,1.0,2,45,0.0,Humphreys
676,10,Cameron_Humphreys,MID,40,0.0,0.0406173387684377,0.0425040366723614,0.0,9.240489220759501e-05,2.8686697299330066,0.0,0.0539343394566716,0.0350964916114288,0.1,5,3,1.0,2,45,0.0,Humphreys
677,11,Cameron_Humphreys,MID,40,0.0,0.0406047123749732,0.0424994117736043,0.0,0.00011217752236703318,2.8686697299330066,0.0,0.052493727298415,0.0268053738104255,0.1,5,3,1.0,2,45,0.0,Humphreys
678,12,Cameron_Humphreys,MID,40,0.0,0.0405919543733726,0.0424946072055948,0.0,7.112939267292334e-05,2.8686697299330066,0.0,0.0430008805695656,0.0202850875521248,0.1,5,3,1.0,2,45,0.0,Humphreys
679,6,Caoimhín_Kelleher,GKP,94,90.0,1.3777397726863457e-22,0.000739902505334172,0.0,,6.359999999999999,0.7199777072181054,0.0,0.0,0.0,0,0,4.0,1,50,6.1,Kelleher
680,7,Caoimhín_Kelleher,GKP,94,90.0,1.3759617490075537e-22,0.000742076815732272,0.0,,6.359999999999999,0.8263702509667148,0.0,0.0,0.0,0,0,4.0,1,50,6.1,Kelleher
681,8,Caoimhín_Kelleher,GKP,94,90.0,1.3754200448562777e-22,0.0007427511143828081,0.0,,6.359999999999999,0.6691781070521843,0.0,0.0,0.0,0,0,4.0,1,50,6.1,Kelleher
682,9,Caoimhín_Kelleher,GKP,94,90.0,1.3748824061452148e-22,0.0007434249851016,0.0,,6.359999999999999,0.7108598444447813,0.0,0.0,0.0,0,0,4.0,1,50,6.1,Kelleher
683,10,Caoimhín_Kelleher,GKP,94,90.0,1.3749098272553554e-22,0.0007433913152629561,0.0,,6.359999999999999,0.8161513757954192,0.0,0.0,0.0,0,0,4.0,1,50,6.1,Kelleher
684,11,Caoimhín_Kelleher,GKP,94,90.0,1.374752633551897e-22,0.000742069209634848,0.0,,6.359999999999999,0.7620570564245227,0.0,0.0,0.0,0,0,4.0,1,50,6.1,Kelleher
685,12,Caoimhín_Kelleher,GKP,94,90.0,1.3747909804770581e-22,0.0007419512104479119,0.0,,6.359999999999999,0.9677873123414766,0.0,0.0,0.0,0,0,4.0,1,50,6.1,Kelleher
686,6,Carl_Rushworth,GKP,9,84.2161135,6.376234670146562e-05,0.0027396573960252,0.0,,4.070221428571427,0.5507288343319483,0.0,0.0,0.1,0,0,4.0,1,45,0.8,Rushworth
687,7,Carl_Rushworth,GKP,9,84.2161135,5.10741855254509e-05,0.0026098452401373,0.0,,4.070221428571427,0.5501991551061685,0.0,0.0,0.1,0,0,4.0,1,45,0.8,Rushworth
688,8,Carl_Rushworth,GKP,9,84.2161135,5.107539528385023e-05,0.002607945001059,0.0,,4.070221428571427,0.5772401899906685,0.0,0.0,0.1,0,0,4.0,1,45,0.8,Rushworth
689,9,Carl_Rushworth,GKP,9,84.2161135,5.28955680889474e-05,0.0026730307148344,0.0,,4.070221428571427,0.4795497563724742,0.0,0.0,0.1,0,0,4.0,1,45,0.8,Rushworth
690,10,Carl_Rushworth,GKP,9,84.2161135,5.292995298979351e-05,0.0026749701636484,0.0,,4.070221428571427,0.5767828619281752,0.0,0.0,0.1,0,0,4.0,1,45,0.8,Rushworth
691,11,Carl_Rushworth,GKP,9,84.2161135,5.296395902834831e-05,0.00267689704226,0.0,,4.070221428571427,0.4945724933690928,0.0,0.0,0.1,0,0,4.0,1,45,0.8,Rushworth
692,12,Carl_Rushworth,GKP,9,84.2161135,5.299871171387158e-05,0.0026788462935087,0.0,,4.070221428571427,0.4823301599981489,0.0,0.0,0.1,0,0,4.0,1,45,0.8,Rushworth
693,6,Carlos_Alcaraz Durán,MID,11,9.34930189,0.15410524725181346,0.16146798263457895,0.0,9.037046237424915e-05,3.408,0.0,0.1542164581176329,0.1806105923991114,0.24,5,3,1.0,2,49,0.1,Alcaraz
694,7,Carlos_Alcaraz Durán,MID,11,9.22330189,0.15407181132072362,0.16147103765056398,0.0,8.196734850293808e-05,3.408,0.0,0.1600751664564748,0.2071396514783118,0.24,5,3,1.0,2,49,0.1,Alcaraz
695,8,Carlos_Alcaraz Durán,MID,11,9.09730189,0.15403669825044644,0.1614737796027607,0.0,9.964457336687503e-05,3.408,0.0,0.1746046778732178,0.1224679656436583,0.24,5,3,1.0,2,49,0.1,Alcaraz
696,9,Carlos_Alcaraz Durán,MID,11,8.96830189,0.15625570420832294,0.16113771255111872,0.0,0.00015076669908134144,3.408,0.0,0.1113458150315947,0.1892932248153172,0.24,5,3,1.0,2,49,0.1,Alcaraz
697,10,Carlos_Alcaraz Durán,MID,11,8.84230189,0.15621101127467146,0.16114183244347596,0.0,8.8644843774077e-05,3.408,0.0,0.1542164581176329,0.1806105923991114,0.24,5,3,1.0,2,49,0.1,Alcaraz
698,11,Carlos_Alcaraz Durán,MID,11,8.71630189,0.1561676928437424,0.16114595578403093,0.0,0.00022977709001697802,3.408,0.0,0.1431241918345089,0.21431463250313,0.24,5,3,1.0,2,49,0.1,Alcaraz
699,12,Carlos_Alcaraz Durán,MID,11,8.59030189,0.15612408097173175,0.16114978992148532,0.0,0.0002005546822529962,3.408,0.0,0.1389030075974817,0.2361507048222439,0.24,5,3,1.0,2,49,0.1,Alcaraz
700,6,Carlos_Baleba,MID,1,10.827466162144455,0.0523626193001536,0.04756869655540043,0.0,0.0009754115833673199,3.516,0.0,0.0607007698575154,0.1196306784306686,0.12,5,3,1.0,2,49,0.1,Baleba
701,7,Carlos_Baleba,MID,1,10.092825167243651,0.0519809210584806,0.047404586683179324,0.0,0.0005892049807997575,3.516,0.0,0.1032922855340508,0.10390984845412,0.12,5,3,1.0,2,49,0.1,Baleba
702,8,Carlos_Baleba,MID,1,8.512562334092035,0.0513507130687654,0.04743901232681623,0.0,0.0006535651306323286,3.516,0.0,0.0527142902426278,0.1175353766708052,0.12,5,3,1.0,2,49,0.1,Baleba
703,9,Carlos_Baleba,MID,1,8.2488842594624,0.0512375686064131,0.04746186186135627,0.0,0.0003242525280347253,3.516,0.0,0.0364051426726112,0.1103782551048467,0.12,5,3,1.0,2,49,0.1,Baleba
704,10,Carlos_Baleba,MID,1,8.16115347649396,0.0512603698007797,0.04746573886173579,0.0,0.0004875993246100846,3.516,0.0,0.0452432190095615,0.0673878343702392,0.12,5,3,1.0,2,49,0.1,Baleba
705,11,Carlos_Baleba,MID,1,8.077767332855622,0.0512821679356264,0.04746894695060794,0.0,0.0008265282779301071,3.516,0.0,0.0369063418813318,0.0691813954789699,0.12,5,3,1.0,2,49,0.1,Baleba
706,12,Carlos_Baleba,MID,1,7.991494556857418,0.0513042457900836,0.04747213338523943,0.0,0.0009291229836210906,3.516,0.0,0.0655689624381491,0.1074576445370588,0.12,5,3,1.0,2,49,0.1,Baleba
707,6,Cathal_McCarthy,DEF,88,0.0,0.0035130610684367,0.005426783906209,0.0,0.0003378476431798912,4.270751411856086,0.0,0.0,0.0,0.1,6,3,4.0,2,40,0.1,McCarthy
708,7,Cathal_McCarthy,DEF,88,0.0,0.0035065432540381,0.0054269049389694,0.0,0.0001835258705973918,4.270751411856086,0.0,0.0,0.0,0.1,6,3,4.0,2,40,0.1,McCarthy
709,8,Cathal_McCarthy,DEF,88,0.0,0.0035184560239652,0.0054407635008827,0.0,0.0004816379052416488,4.270751411856086,0.0,0.0,0.0,0.1,6,3,4.0,2,40,0.1,McCarthy
710,9,Cathal_McCarthy,DEF,88,0.0,0.003526113227637,0.0054417024758053,0.0,0.00020127772122515496,4.270751411856086,0.0,0.0,0.0,0.1,6,3,4.0,2,40,0.1,McCarthy
711,10,Cathal_McCarthy,DEF,88,0.0,0.0035342122691484,0.0054461147606419,0.0,0.00021162122542412267,4.270751411856086,0.0,0.0,0.0,0.1,6,3,4.0,2,40,0.1,McCarthy
712,11,Cathal_McCarthy,DEF,88,0.0,0.0035423781821638,0.0054505468257624,0.0,0.0001934522707935751,4.270751411856086,0.0,0.0,0.0,0.1,6,3,4.0,2,40,0.1,McCarthy
713,12,Cathal_McCarthy,DEF,88,0.0,0.0035506360839338,0.0054550483021136,0.0,0.00024108029040175043,4.270751411856086,0.0,0.0,0.0,0.1,6,3,4.0,2,40,0.1,McCarthy
714,6,Chadi_Riad Dnanou,DEF,31,0.0,0.04539750397541972,0.026160594798007784,0.0,0.00015236745381839163,1.7872490612215346,0.0,0.0550530308978321,0.0334376008273799,0.1998461460482966,6,3,4.0,2,43,0.0,Chadi Riad
715,7,Chadi_Riad Dnanou,DEF,31,0.0,0.046271243949665954,0.026932985606400832,0.0,0.00010640860028342219,1.7872490612215346,0.0,0.0265768898928847,0.0315855885698299,0.1998461460482966,6,3,4.0,2,43,0.0,Chadi Riad
716,8,Chadi_Riad Dnanou,DEF,31,0.0,0.04627852153854827,0.02693748605506365,0.0,0.0001741389683333601,1.7872490612215346,0.0,0.0441562832773488,0.040413775623652,0.1998461460482966,6,3,4.0,2,43,0.0,Chadi Riad
717,9,Chadi_Riad Dnanou,DEF,31,0.0,0.04628535582728615,0.02694180020286128,0.0,0.00021835904427771886,1.7872490612215346,0.0,0.052493727298415,0.0268053738104255,0.1998461460482966,6,3,4.0,2,43,0.0,Chadi Riad
718,10,Chadi_Riad Dnanou,DEF,31,0.0,0.046292455529544384,0.026946199990463604,0.0,0.00023547701501417428,1.7872490612215346,0.0,0.0345883844346893,0.02331174536266,0.1998461460482966,6,3,4.0,2,43,0.0,Chadi Riad
719,11,Chadi_Riad Dnanou,DEF,31,0.0,0.04629913307499793,0.026950468909901902,0.0,0.0001064710613375786,1.7872490612215346,0.0,0.0440900662312232,0.0342011051202082,0.1998461460482966,6,3,4.0,2,43,0.0,Chadi Riad
720,12,Chadi_Riad Dnanou,DEF,31,0.0,0.04630618339502922,0.026954898822435545,0.0,0.00010388125453346767,1.7872490612215346,0.0,0.0440900662312232,0.0342011051202082,0.1998461460482966,6,3,4.0,2,43,0.0,Chadi Riad
721,6,Charalampos_Kostoulas,FWD,36,62.16941803752027,0.21934945419709664,0.14251948448739696,0.0,0.02243625099689675,4.6773874035349765,0.0,0.3107258993287308,0.1106489791789369,0.0740476530301773,4,3,0.0,2,55,2.6,Kostoulas
722,7,Charalampos_Kostoulas,FWD,36,61.87105180851263,0.21991738679180917,0.14289172007623954,0.0,0.022207410688838313,4.6773874035349765,0.0,0.508906701575971,0.1270447035747427,0.0740476530301773,4,3,0.0,2,55,2.6,Kostoulas
723,8,Charalampos_Kostoulas,FWD,36,62.31298097382432,0.21983073921157273,0.14287527354466026,0.0,0.041714206100519235,4.6773874035349765,0.0,0.3273316394954414,0.1139094893887378,0.0740476530301773,4,3,0.0,2,55,2.6,Kostoulas
724,9,Charalampos_Kostoulas,FWD,36,62.68336784477664,0.21980088821729674,0.14283621666243446,0.0,0.037017086922053834,4.6773874035349765,0.0,0.2852550995514115,0.114829839288796,0.0740476530301773,4,3,0.0,2,55,2.6,Kostoulas
725,10,Charalampos_Kostoulas,FWD,36,63.05501785933108,0.21976847347200668,0.14279592622386808,0.0,0.05013834715692609,4.6773874035349765,0.0,0.3657327697364796,0.1238459952069972,0.0740476530301773,4,3,0.0,2,55,2.6,Kostoulas
726,11,Charalampos_Kostoulas,FWD,36,63.42102004796814,0.2197390846788921,0.1427569293536043,0.0,0.019737046391166427,4.6773874035349765,0.0,0.2767363309065365,0.1027633521295426,0.0740476530301773,4,3,0.0,2,55,2.6,Kostoulas
727,12,Charalampos_Kostoulas,FWD,36,63.78975489804505,0.21970856021590784,0.14271762047308073,0.0,0.034755439584835075,4.6773874035349765,0.0,0.2701720012960522,0.1526573698912118,0.0740476530301773,4,3,0.0,2,55,2.6,Kostoulas
728,6,Charlie_Hughes,DEF,88,0.0,0.05462685219724,0.1463470425577874,0.0,0.0005758635297102592,3.428058914116821,0.0,0.1053742839427626,0.1147639713719944,0.1,6,3,4.0,2,39,0.2,Hughes
729,7,Charlie_Hughes,DEF,88,0.0,0.0545240209217931,0.1463506887136472,0.0,0.00031284895687353756,3.428058914116821,0.0,0.0936735501911697,0.0888189627888669,0.1,6,3,4.0,2,39,0.2,Hughes
730,8,Charlie_Hughes,DEF,88,0.0,0.0547119681769306,0.146768182924004,0.0,0.000820891532783209,3.428058914116821,0.0,0.0790689180878473,0.1448646983763215,0.1,6,3,4.0,2,39,0.2,Hughes
731,9,Charlie_Hughes,DEF,88,0.0,0.0548327755475876,0.146796469884535,0.0,0.00034310611391487724,3.428058914116821,0.0,0.0842332060993205,0.1188923620107288,0.1,6,3,4.0,2,39,0.2,Hughes
732,10,Charlie_Hughes,DEF,88,0.0,0.054960553774701,0.1469293915675511,0.0,0.0003607358348949314,3.428058914116821,0.0,0.0676432579115817,0.1324297279869411,0.1,6,3,4.0,2,39,0.2,Hughes
733,11,Charlie_Hughes,DEF,88,0.0,0.0550893870306374,0.1470629091388043,0.0,0.000329768091698835,3.428058914116821,0.0,0.0957882179850394,0.1113283019034307,0.1,6,3,4.0,2,39,0.2,Hughes
734,12,Charlie_Hughes,DEF,88,0.0,0.0552196715891701,0.1471985177485892,0.0,0.00041094549558761865,3.428058914116821,0.0,0.0822560971477504,0.1524742200371775,0.1,6,3,4.0,2,39,0.2,Hughes
735,6,Cheick_Doucouré,MID,31,24.436572258934216,0.043604737535415,0.0823029974973205,0.0,,4.074,0.0,0.1202318081610187,0.1776752802788837,0.15,5,3,1.0,2,49,0.0,Doucouré
736,7,Cheick_Doucouré,MID,31,21.877338227051887,0.0443808573647202,0.08463875863310132,0.0,,4.074,0.0,0.0957882179850394,0.1113283019034307,0.15,5,3,1.0,2,49,0.0,Doucouré
737,8,Cheick_Doucouré,MID,31,22.24725105923764,0.044387321852105,0.0846523682889467,0.0,,4.074,0.0,0.0772167805063861,0.0863082180546789,0.15,5,3,1.0,2,49,0.0,Doucouré
738,9,Cheick_Doucouré,MID,31,22.614180390780245,0.0443933925678385,0.08466541455859411,0.0,,4.074,0.0,0.0518416411242582,0.115884505791489,0.15,5,3,1.0,2,49,0.0,Doucouré
739,10,Cheick_Doucouré,MID,31,22.98410805612732,0.0443996990432971,0.0846787198087027,0.0,,4.074,0.0,0.070552064626671,0.1127830621923689,0.15,5,3,1.0,2,49,0.0,Doucouré
740,11,Cheick_Doucouré,MID,31,23.351495426120533,0.0444056305281672,0.08469162930478624,0.0,,4.074,0.0,0.0842332060993205,0.1188923620107288,0.15,5,3,1.0,2,49,0.0,Doucouré
741,12,Cheick_Doucouré,MID,31,23.72098314215154,0.0444118931387155,0.084705025654689,0.0,,4.074,0.0,0.0842332060993205,0.1188923620107288,0.15,5,3,1.0,2,49,0.0,Doucouré
742,6,Chemsdine_Talbi,MID,56,21.86452605989921,0.12431040542897469,0.11654413993792187,0.0,7.894595637678262e-05,1.0,0.0,0.1614820231045773,0.1551187159815836,0.0,5,3,1.0,2,53,0.1,Talbi
743,7,Chemsdine_Talbi,MID,56,21.715131842917764,0.12432722465257905,0.11644690659082031,0.0,0.0001371779467639478,1.0,0.0,0.1697864627106199,0.0953712727396801,0.0,5,3,1.0,2,53,0.1,Talbi
744,8,Chemsdine_Talbi,MID,56,21.562365716837725,0.12434444439199907,0.1163499698607279,0.0,0.00010593188337942466,1.0,0.0,0.1182193902266794,0.1729940302427504,0.0,5,3,1.0,2,53,0.1,Talbi
745,9,Chemsdine_Talbi,MID,56,21.41401694235478,0.12436033924852338,0.11625279469904541,0.0,7.587934602634359e-05,1.0,0.0,0.150737295523736,0.1390624159116826,0.0,5,3,1.0,2,53,0.1,Talbi
746,10,Chemsdine_Talbi,MID,56,21.26906458941593,0.12437402304988888,0.11615465479439932,0.0,6.6943524011443e-05,1.0,0.0,0.1486543353660969,0.1189228792264125,0.0,5,3,1.0,2,53,0.1,Talbi
747,11,Chemsdine_Talbi,MID,56,21.13343992674335,0.1243848138864693,0.11605525561209272,0.0,0.00010024863413104952,1.0,0.0,0.1477429617751006,0.2046314411489814,0.0,5,3,1.0,2,53,0.1,Talbi
748,12,Chemsdine_Talbi,MID,56,20.99542169765754,0.12439697505407887,0.11595644960630425,0.0,0.00015616220109342333,1.0,0.0,0.1220461381569684,0.1872283971637988,0.0,5,3,1.0,2,53,0.1,Talbi
749,6,Chido_Obi,FWD,1,0.0,0.2594883261490633,0.093592517174822,0.0,3.267450450104425e-05,4.176363636363638,0.0,0.1816445166652931,0.0735228775864095,0.1,4,3,0.0,2,45,1.0,Obi
750,7,Chido_Obi,FWD,1,0.0,0.2574384870236779,0.0932653707652344,0.0,2.10694411667094e-05,4.176363636363638,0.0,0.3479730393459483,0.0845739406189787,0.1,4,3,0.0,2,45,1.0,Obi
751,8,Chido_Obi,FWD,1,0.0,0.2540540727052184,0.0933339968969908,0.0,2.691493573225856e-05,4.176363636363638,0.0,0.2588988784046943,0.0835343475833465,0.1,4,3,0.0,2,45,1.0,Obi
752,9,Chido_Obi,FWD,1,0.0,0.2534464514996979,0.0933795465222774,0.0,1.3667881780539344e-05,4.176363636363638,0.0,0.2699527724353497,0.1092810666119734,0.1,4,3,0.0,2,45,1.0,Obi
753,10,Chido_Obi,FWD,1,0.0,0.2535689010559582,0.0933872751661242,0.0,2.0717729514333682e-05,4.176363636363638,0.0,0.2104660919951334,0.0966017152127772,0.1,4,3,0.0,2,45,1.0,Obi
754,11,Chido_Obi,FWD,1,0.0,0.2536859638683865,0.0933936703618668,0.0,3.5390217829692494e-05,4.176363636363638,0.0,0.3273316394954414,0.1139094893887378,0.1,4,3,0.0,2,45,1.0,Obi
755,12,Chido_Obi,FWD,1,0.0,0.2538045288627457,0.0934000223907545,0.0,4.009381688448878e-05,4.176363636363638,0.0,0.3657327697364796,0.1238459952069972,0.1,4,3,0.0,2,45,1.0,Obi
756,6,Chiedozie_Ogbene,MID,40,0.0,0.1012332296949862,0.17454715956983943,0.0,,3.3899999999999997,0.0,0.1378368916813487,0.1417324710647552,0.03,5,3,1.0,2,49,0.0,Ogbene
757,7,Chiedozie_Ogbene,MID,40,0.0,0.1005701520765323,0.16742489559780435,0.0,,3.3899999999999997,0.0,0.09886899903714,0.1282297948275641,0.03,5,3,1.0,2,49,0.0,Ogbene
758,8,Chiedozie_Ogbene,MID,40,0.0,0.1002754988859839,0.1670655412102655,0.0,,3.3899999999999997,0.0,0.0757386597383645,0.1958612735530401,0.03,5,3,1.0,2,49,0.0,Ogbene
759,9,Chiedozie_Ogbene,MID,40,0.0,0.100438735857869,0.16827520770315596,0.0,,3.3899999999999997,0.0,0.1268997194477113,0.1551143810956354,0.03,5,3,1.0,2,49,0.0,Ogbene
760,10,Chiedozie_Ogbene,MID,40,0.0,0.1004051078483758,0.16825415953873693,0.0,,3.3899999999999997,0.0,0.0553819610582226,0.1857348552224726,0.03,5,3,1.0,2,49,0.0,Ogbene
761,11,Chiedozie_Ogbene,MID,40,0.0,0.1003726066004418,0.16823410288227159,0.0,,3.3899999999999997,0.0,0.1186409762327798,0.0988612668204811,0.03,5,3,1.0,2,49,0.0,Ogbene
762,12,Chiedozie_Ogbene,MID,40,0.0,0.1003397665836685,0.1682132670596752,0.0,,3.3899999999999997,0.0,0.1528638217362915,0.0934867601094268,0.03,5,3,1.0,2,49,0.0,Ogbene
763,6,Chris_Richards,DEF,31,77.278645,0.047184753982604764,0.019530782173070294,0.0,0.28612270247582594,1.464,0.0,0.0550530308978321,0.0334376008273799,0.12,6,3,4.0,2,50,0.6,Richards
764,7,Chris_Richards,DEF,31,77.305645,0.048116771556373734,0.020060516435439612,0.0,0.21562469452569563,1.464,0.0,0.0265768898928847,0.0315855885698299,0.12,6,3,4.0,2,50,0.6,Richards
765,8,Chris_Richards,DEF,31,77.332645,0.04812453455329837,0.020063603010042643,0.0,0.3175685079079134,1.464,0.0,0.0441562832773488,0.040413775623652,0.12,6,3,4.0,2,50,0.6,Richards
766,9,Chris_Richards,DEF,31,77.359645,0.048131824682393576,0.020066561812602707,0.0,0.3752091663254437,1.464,0.0,0.052493727298415,0.0268053738104255,0.12,6,3,4.0,2,50,0.6,Richards
767,10,Chris_Richards,DEF,31,77.386645,0.048139397927830764,0.020069579350117137,0.0,0.396297610085493,1.464,0.0,0.0345883844346893,0.02331174536266,0.12,6,3,4.0,2,50,0.6,Richards
768,11,Chris_Richards,DEF,31,77.413645,0.048146520859018334,0.020072507133391124,0.0,0.2171361785394386,1.464,0.0,0.0440900662312232,0.0342011051202082,0.12,6,3,4.0,2,50,0.6,Richards
769,12,Chris_Richards,DEF,31,77.440645,0.04815404142848241,0.02007554533170067,0.0,0.21316848616353587,1.464,0.0,0.0440900662312232,0.0342011051202082,0.12,6,3,4.0,2,50,0.6,Richards
770,6,Chris_Rigg,MID,56,8.684841396563058,0.11916594043680474,0.1151444320313524,0.0,3.758505376586454e-05,4.2704990079365075,0.0,0.0894262475542055,0.1651836631871084,0.0423806216931216,5,3,1.0,2,49,0.0,Rigg
771,7,Chris_Rigg,MID,56,8.60672558088389,0.11918195126216248,0.11504163778895397,0.0,6.572725494063657e-05,4.2704990079365075,0.0,0.0553819610582226,0.1857348552224726,0.0423806216931216,5,3,1.0,2,49,0.0,Rigg
772,8,Chris_Rigg,MID,56,8.528681712590554,0.11919834335296547,0.11493915712745807,0.0,5.109526833590879e-05,4.2704990079365075,0.0,0.1126991599369654,0.1833905663030322,0.0423806216931216,5,3,1.0,2,49,0.0,Rigg
773,9,Chris_Rigg,MID,56,8.451633331567386,0.11921347423997204,0.11483642439817471,0.0,3.6833050159294617e-05,4.2704990079365075,0.0,0.1268997194477113,0.1551143810956354,0.0423806216931216,5,3,1.0,2,49,0.0,Rigg
774,10,Chris_Rigg,MID,56,8.380570775114283,0.11922650034385437,0.11473267175108522,0.0,3.2710503738689566e-05,4.2704990079365075,0.0,0.1260591051724412,0.1314494178124841,0.0423806216931216,5,3,1.0,2,49,0.0,Rigg
775,11,Chris_Rigg,MID,56,8.31454681509438,0.11923677253025358,0.11462758780668957,0.0,4.929051351853985e-05,4.2704990079365075,0.0,0.1528638217362915,0.0934867601094268,0.0423806216931216,5,3,1.0,2,49,0.0,Rigg
776,12,Chris_Rigg,MID,56,8.24654051729024,0.11924834918416596,0.11452313096331024,0.0,7.726564616555334e-05,4.2704990079365075,0.0,0.1186409762327798,0.0988612668204811,0.0423806216931216,5,3,1.0,2,49,0.0,Rigg
777,6,Chris_Wood,FWD,17,34.42753187775326,0.2602247649484483,0.08258230517923935,0.08000000000000002,9.814702174956116e-05,1.0,0.0,0.508906701575971,0.1270447035747427,0.0,4,3,0.0,2,58,0.9,Wood
778,7,Chris_Wood,FWD,17,34.37231728209025,0.26013778441817964,0.08256114295865095,0.08000000000000002,8.510075463124956e-05,1.0,0.0,0.2686708389316911,0.1234648585781471,0.0,4,3,0.0,2,58,0.9,Wood
779,8,Chris_Wood,FWD,17,34.32091546007921,0.2600468804870999,0.08253954643525195,0.08000000000000002,8.034348816217663e-05,1.0,0.0,0.2767363309065365,0.1027633521295426,0.0,4,3,0.0,2,58,0.9,Wood
780,9,Chris_Wood,FWD,17,34.724066504355164,0.25953238072021567,0.0824428266569689,0.08000000000000002,0.00020951436802690973,1.0,0.0,0.3657327697364796,0.1238459952069972,0.0,4,3,0.0,2,58,0.9,Wood
781,10,Chris_Wood,FWD,17,34.67914455404407,0.2594335757215541,0.08241992037055965,0.08000000000000002,0.00015758284439080768,1.0,0.0,0.2852550995514115,0.114829839288796,0.0,4,3,0.0,2,58,0.9,Wood
782,11,Chris_Wood,FWD,17,34.63633664908901,0.2593379260319811,0.08239771778934213,0.08000000000000002,0.00013955505105072284,1.0,0.0,0.2588988784046943,0.0835343475833465,0.0,4,3,0.0,2,58,0.9,Wood
783,12,Chris_Wood,FWD,17,34.591427832007625,0.2592411365264356,0.08237496738085912,0.08000000000000002,7.058810208778446e-05,1.0,0.0,0.2699527724353497,0.1092810666119734,0.0,4,3,0.0,2,58,0.9,Wood
784,6,Christantus_Uche,FWD,31,5.40222359,0.22550930224365776,0.09916175041616207,0.0,2.4752455599159368e-05,1.0,0.0,0.3397560761522099,0.0551267835339054,0.0862027850304612,4,3,0.0,2,50,0.0,Uche
785,7,Christantus_Uche,FWD,31,5.54922359,0.23008557299599433,0.1020886226698039,0.0,1.7162770330075027e-05,1.0,0.0,0.2378841599042031,0.0988234500197675,0.0862027850304612,4,3,0.0,2,50,0.0,Uche
786,8,Christantus_Uche,FWD,31,5.69322359,0.2301236898478396,0.10210567652152924,0.0,2.925667526346872e-05,1.0,0.0,0.2701720012960522,0.1526573698912118,0.0862027850304612,4,3,0.0,2,50,0.0,Uche
787,9,Christantus_Uche,FWD,31,5.84022359,0.2301594848859355,0.10212202441090024,0.0,3.765802277276657e-05,1.0,0.0,0.1816445166652931,0.0735228775864095,0.0862027850304612,4,3,0.0,2,50,0.0,Uche
788,10,Christantus_Uche,FWD,31,5.98722359,0.23019667004485267,0.10213869682092275,0.0,4.132701696170542e-05,1.0,0.0,0.3273316394954414,0.1139094893887378,0.0862027850304612,4,3,0.0,2,50,0.0,Uche
789,11,Christantus_Uche,FWD,31,6.13422359,0.23023164412965766,0.1021548733234412,0.0,1.8094660155882254e-05,1.0,0.0,0.2767363309065365,0.1027633521295426,0.0862027850304612,4,3,0.0,2,50,0.0,Uche
790,12,Christantus_Uche,FWD,31,6.28122359,0.23026857064590367,0.10217165988788474,0.0,1.786318193344221e-05,1.0,0.0,0.2767363309065365,0.1027633521295426,0.0862027850304612,4,3,0.0,2,50,0.0,Uche
791,6,Christian_Nørgaard,MID,11,0.0,0.0368809511000454,0.17971508332753044,0.0,0.00013847965912267476,5.268000000000001,0.0,0.0568772559482958,0.0901681033145862,0.22,5,3,1.0,2,49,0.0,Nørgaard
792,7,Christian_Nørgaard,MID,11,0.0,0.0368723255845186,0.17971880217142203,0.0,0.0001270250717870936,5.268000000000001,0.0,0.0364051426726112,0.1103782551048467,0.22,5,3,1.0,2,49,0.0,Nørgaard
793,8,Christian_Nørgaard,MID,11,0.0,0.0368632674149687,0.17972213992553768,0.0,0.0001561657489264176,5.268000000000001,0.0,0.0502408361290219,0.1066747570632133,0.22,5,3,1.0,2,49,0.0,Nørgaard
794,9,Christian_Nørgaard,MID,11,0.0,0.0374357075929395,0.1793130484810861,0.0,0.00023901789740224513,5.268000000000001,0.0,0.0576949851966989,0.1085060286467325,0.22,5,3,1.0,2,49,0.0,Nørgaard
795,10,Christian_Nørgaard,MID,11,0.0,0.0374241780921724,0.17931806358955082,0.0,0.00014212777398377947,5.268000000000001,0.0,0.0568772559482958,0.0901681033145862,0.22,5,3,1.0,2,49,0.0,Nørgaard
796,11,Christian_Nørgaard,MID,11,0.0,0.0374130031738616,0.1793230828954762,0.0,0.00037255385217350523,5.268000000000001,0.0,0.0655689624381491,0.1074576445370588,0.22,5,3,1.0,2,49,0.0,Nørgaard
797,12,Christian_Nørgaard,MID,11,0.0,0.0374017525561304,0.17932775015702934,0.0,0.00032885750308278154,5.268000000000001,0.0,0.0369063418813318,0.0691813954789699,0.22,5,3,1.0,2,49,0.0,Nørgaard
798,6,Christian_Walton,GKP,40,55.766433149536425,0.0,0.0014868773574906,0.0,,2.800034505862646,0.8093586213658716,0.0,0.0,0.0172428810720267,0,0,4.0,1,44,0.4,Walton
799,7,Christian_Walton,GKP,40,52.58356842901509,0.0,0.0014227145131802,0.0,,2.800034505862646,0.8737321269148349,0.0,0.0,0.0172428810720267,0,0,4.0,1,44,0.4,Walton
800,8,Christian_Walton,GKP,40,52.43880247818466,0.0,0.0014194771718361,0.0,,2.800034505862646,0.7570596010988845,0.0,0.0,0.0172428810720267,0,0,4.0,1,44,0.4,Walton
801,9,Christian_Walton,GKP,40,53.94249504612959,0.0,0.0014303747801185,0.0,,2.800034505862646,0.7147494748625585,0.0,0.0,0.0172428810720267,0,0,4.0,1,44,0.4,Walton
802,10,Christian_Walton,GKP,40,53.95401728359697,0.0,0.0014301851620277,0.0,,2.800034505862646,0.9029146092526353,0.0,0.0,0.0172428810720267,0,0,4.0,1,44,0.4,Walton
803,11,Christian_Walton,GKP,40,53.964292214418975,0.0,0.0014300044762049,0.0,,2.800034505862646,0.7797619028981823,0.0,0.0,0.0172428810720267,0,0,4.0,1,44,0.4,Walton
804,12,Christian_Walton,GKP,40,53.97571718232494,0.0,0.0014298167710529,0.0,,2.800034505862646,0.7662983853035757,0.0,0.0,0.0172428810720267,0,0,4.0,1,44,0.4,Walton
805,6,Christos_Mouzakitis,MID,88,0.0,0.0558015088845596,0.1500214595336653,0.0,0.00011576961330590505,3.218664601486081,0.0,0.1053742839427626,0.1147639713719944,0.1,5,3,1.0,2,50,0.0,Mouzakitis
806,7,Christos_Mouzakitis,MID,88,0.0,0.0556963104765722,0.1500252058063132,0.0,6.074713019849551e-05,3.218664601486081,0.0,0.0936735501911697,0.0888189627888669,0.1,5,3,1.0,2,50,0.0,Mouzakitis
807,8,Christos_Mouzakitis,MID,88,0.0,0.0558885841981627,0.1504541636460341,0.0,0.00016846448708899642,3.218664601486081,0.0,0.0790689180878473,0.1448646983763215,0.1,5,3,1.0,2,50,0.0,Mouzakitis
808,9,Christos_Mouzakitis,MID,88,0.0,0.0560121725034817,0.1504832273148963,0.0,6.696918442439877e-05,3.218664601486081,0.0,0.0842332060993205,0.1188923620107288,0.1,5,3,1.0,2,50,0.0,Mouzakitis
809,10,Christos_Mouzakitis,MID,88,0.0,0.0561428921314293,0.1506197987848334,0.0,7.06096604765533e-05,3.218664601486081,0.0,0.0676432579115817,0.1324297279869411,0.1,5,3,1.0,2,50,0.0,Mouzakitis
810,11,Christos_Mouzakitis,MID,88,0.0,0.0562746910745179,0.1507569825050115,0.0,6.42222121409002e-05,3.218664601486081,0.0,0.0957882179850394,0.1113283019034307,0.1,5,3,1.0,2,50,0.0,Mouzakitis
811,12,Christos_Mouzakitis,MID,88,0.0,0.0564079747285758,0.1508963146798245,0.0,8.103392297064544e-05,3.218664601486081,0.0,0.0822560971477504,0.1524742200371775,0.1,5,3,1.0,2,50,0.0,Mouzakitis
812,6,Christos_Tzolis,MID,3,20.431303059617573,0.1233784805400572,0.1597174998326432,0.0,0.0003942064938673225,7.6512989863547745,0.0,0.1182193902266794,0.1729940302427504,0.1,5,3,1.0,2,63,12.7,Tzolis
813,7,Christos_Tzolis,MID,3,20.700427870162084,0.1240190555173287,0.1598863667634094,0.0,0.0004280150982776249,7.6512989863547745,0.0,0.1678163049268733,0.1529825499215968,0.1,5,3,1.0,2,63,12.7,Tzolis
814,8,Christos_Tzolis,MID,3,20.96713597946973,0.1246699707269399,0.1600558116281962,0.0,0.00054070052225025,7.6512989863547745,0.0,0.147935998121608,0.1428338544994659,0.1,5,3,1.0,2,63,12.7,Tzolis
815,9,Christos_Tzolis,MID,3,21.246302354294425,0.1253132397857852,0.1602207672965417,0.0,0.0007119725496491458,7.6512989863547745,0.0,0.162531339725311,0.1137100266743979,0.1,5,3,1.0,2,63,12.7,Tzolis
816,10,Christos_Tzolis,MID,3,21.87577566525032,0.1253339286213538,0.1601743622520713,0.0,0.0003171983742419192,7.6512989863547745,0.0,0.150737295523736,0.1390624159116826,0.1,5,3,1.0,2,63,12.7,Tzolis
817,11,Christos_Tzolis,MID,3,22.50523237464447,0.1253540120341215,0.1601271893382039,0.0,0.0005790736404630144,7.6512989863547745,0.0,0.2069194075756547,0.1443916359282739,0.1,5,3,1.0,2,63,12.7,Tzolis
818,12,Christos_Tzolis,MID,3,22.86581837890481,0.1253774885916079,0.1601013437394835,0.0,0.000703885074611286,7.6512989863547745,0.0,0.1674484816301701,0.1685309160814939,0.1,5,3,1.0,2,63,12.7,Tzolis
819,6,Chuba_Akpom,FWD,40,0.858,0.318328612633785,0.1923465955822577,0.0,8.201229329407306e-06,1.0,0.0,0.251881030599128,0.0913042928657778,0.1,4,3,0.0,2,50,1.2,Akpom
820,7,Chuba_Akpom,FWD,40,0.0,0.3162501032798518,0.1843960829710865,0.0,1.5908595798225186e-05,1.0,0.0,0.2852550995514115,0.114829839288796,0.1,4,3,0.0,2,50,1.2,Akpom
821,8,Chuba_Akpom,FWD,40,0.0,0.3153264717234906,0.1839949392334738,0.0,1.1735182956613427e-05,1.0,0.0,0.3397560761522099,0.0551267835339054,0.1,4,3,0.0,2,50,1.2,Akpom
822,9,Chuba_Akpom,FWD,40,0.0,0.3158381607980848,0.185345277938245,0.0,7.829423304729884e-06,1.0,0.0,0.2767363309065365,0.1027633521295426,0.1,4,3,0.0,2,50,1.2,Akpom
823,10,Chuba_Akpom,FWD,40,0.0,0.3157327491082004,0.1853217820811252,0.0,1.414241319735056e-05,1.0,0.0,0.2588988784046943,0.0835343475833465,0.1,4,3,0.0,2,50,1.2,Akpom
824,11,Chuba_Akpom,FWD,40,0.0,0.3156308694097077,0.1852993930344974,0.0,1.716880698133096e-05,1.0,0.0,0.1816445166652931,0.0735228775864095,0.1,4,3,0.0,2,50,1.2,Akpom
825,12,Chuba_Akpom,FWD,40,0.0,0.3155279277929995,0.1852761342124477,0.0,1.0886074322193215e-05,1.0,0.0,0.2104660919951334,0.0966017152127772,0.1,4,3,0.0,2,50,1.2,Akpom
826,6,Claudio_Echeverri,MID,43,0.0,0.1093348206860583,0.1463247532583287,0.0,9.049172315719768e-05,6.864678571428572,0.0,0.070552064626671,0.1127830621923689,0.1,5,3,1.0,2,49,0.0,Echeverri
827,7,Claudio_Echeverri,MID,43,0.0,0.1065963746735543,0.1442631984221882,0.0,4.07524276264098e-05,6.864678571428572,0.0,0.0842332060993205,0.1188923620107288,0.1,5,3,1.0,2,49,0.0,Echeverri
828,8,Claudio_Echeverri,MID,43,0.0,0.1065819592508436,0.144227900216446,0.0,5.297557324848696e-05,6.864678571428572,0.0,0.0858497032968192,0.1237171984305226,0.1,5,3,1.0,2,49,0.0,Echeverri
829,9,Claudio_Echeverri,MID,43,0.0,0.1065669384742414,0.144192666683055,0.0,3.908078966454539e-05,6.864678571428572,0.0,0.0957882179850394,0.1113283019034307,0.1,5,3,1.0,2,49,0.0,Echeverri
830,10,Claudio_Echeverri,MID,43,0.0,0.1065521457896861,0.1441567150311258,0.0,5.710748813248277e-05,6.864678571428572,0.0,0.1202318081610187,0.1776752802788837,0.1,5,3,1.0,2,49,0.0,Echeverri
831,11,Claudio_Echeverri,MID,43,0.0,0.1065377347092605,0.1441214025852257,0.0,3.696607318648273e-05,6.864678571428572,0.0,0.0936735501911697,0.0888189627888669,0.1,5,3,1.0,2,49,0.0,Echeverri
832,12,Claudio_Echeverri,MID,43,0.0,0.1065224647744433,0.1440858370557634,0.0,4.296780129896387e-05,6.864678571428572,0.0,0.0676432579115817,0.1324297279869411,0.1,5,3,1.0,2,49,0.0,Echeverri
833,6,Cody_Drameh,DEF,88,0.0,0.0429622267367297,0.0742361353474312,0.0,0.0005927748298991424,4.013430038022815,0.0,0.0280302979206385,0.0782539555270968,0.1,6,3,4.0,2,40,0.0,Drameh
834,7,Cody_Drameh,DEF,88,0.0,0.042881158241888,0.0742380368227434,0.0,0.0003220383874965517,4.013430038022815,0.0,0.031159434697039,0.0740471263388762,0.1,6,3,4.0,2,40,0.0,Drameh
835,8,Cody_Drameh,DEF,88,0.0,0.0430293291268391,0.0744557606295419,0.0,0.0008449938947758061,4.013430038022815,0.0,0.0506358535297079,0.1127669562337763,0.1,6,3,4.0,2,40,0.0,Drameh
836,9,Cody_Drameh,DEF,88,0.0,0.0431245693313623,0.0744705123184918,0.0,0.0003531840296803633,4.013430038022815,0.0,0.0462278002486011,0.089997557499349,0.1,6,3,4.0,2,40,0.0,Drameh
837,10,Cody_Drameh,DEF,88,0.0,0.0432253051094667,0.0745398311596025,0.0,0.000371331417920682,4.013430038022815,0.0,0.1077701515240741,0.0871056101039265,0.1,6,3,4.0,2,40,0.0,Drameh
838,11,Cody_Drameh,DEF,88,0.0,0.0433268726345113,0.074609460757251,0.0,0.0003394543489911799,4.013430038022815,0.0,0.1174447659202134,0.0817117691611616,0.1,6,3,4.0,2,40,0.0,Drameh
839,12,Cody_Drameh,DEF,88,0.0,0.0434295843145469,0.0746801808343792,0.0,0.0004230153216743309,4.013430038022815,0.0,0.0336892747106061,0.1962529481085647,0.1,6,3,4.0,2,40,0.0,Drameh
840,6,Cody_Gakpo,MID,14,79.69295087212453,0.16325534127950903,0.16207701874477742,0.0,0.032239507653201514,1.866,0.0,0.2852550995514115,0.114829839288796,0.08,5,3,1.0,2,72,12.7,Gakpo
841,7,Cody_Gakpo,MID,14,79.51102039533508,0.16353314867542026,0.16200431872567866,0.0,0.04169742067754182,1.866,0.0,0.3657327697364796,0.1238459952069972,0.08,5,3,1.0,2,72,12.7,Gakpo
842,8,Cody_Gakpo,MID,14,79.69546476833008,0.1636386917815337,0.1621352317883019,0.0,0.01649432395964292,1.866,0.0,0.2378841599042031,0.0988234500197675,0.08,5,3,1.0,2,72,12.7,Gakpo
843,9,Cody_Gakpo,MID,14,79.4781628301851,0.1634528698656553,0.16182348553153522,0.0,0.017767733610880996,1.866,0.0,0.2686708389316911,0.1234648585781471,0.08,5,3,1.0,2,72,12.7,Gakpo
844,10,Cody_Gakpo,MID,14,79.65907707333736,0.16355312546497386,0.16194623485185036,0.0,0.020670091487087927,1.866,0.0,0.508906701575971,0.1270447035747427,0.08,5,3,1.0,2,72,12.7,Gakpo
845,11,Cody_Gakpo,MID,14,79.83523717395205,0.16365279434534144,0.1620683574762703,0.0,0.025649525142087057,1.866,0.0,0.1582373678053648,0.1067667619926839,0.08,5,3,1.0,2,72,12.7,Gakpo
846,12,Cody_Gakpo,MID,14,75.089077,0.16413690979067241,0.16239140392415502,0.0,0.019680401276500576,1.866,0.0,0.2321652746293105,0.0710294967935649,0.08,5,3,1.0,2,72,12.7,Gakpo
847,6,Cole_Palmer,MID,8,82.63859699999999,0.19749666226950474,0.14095907140854558,0.12,0.04376174735777683,4.538,0.0,0.1602275814203332,0.1865096575096456,0.22,5,3,1.0,2,97,26.7,Palmer
848,7,Cole_Palmer,MID,8,82.65359699999999,0.19611051838318128,0.14107847070344842,0.12,0.04481777246849248,4.538,0.0,0.1581050387935625,0.1406563672099904,0.22,5,3,1.0,2,97,26.7,Palmer
849,8,Cole_Palmer,MID,8,82.67159699999999,0.19406349952640056,0.1412245570791976,0.12,0.052886334444882444,4.538,0.0,0.1618205164382563,0.1266052744503581,0.22,5,3,1.0,2,97,26.7,Palmer
850,9,Cole_Palmer,MID,8,82.68659699999999,0.19375029453315903,0.1413038448592102,0.12,0.03878935890307623,4.538,0.0,0.1581552595513359,0.175811164019189,0.22,5,3,1.0,2,97,26.7,Palmer
851,10,Cole_Palmer,MID,8,82.70459699999999,0.1940721324998963,0.14144423862786493,0.12,0.03136267210958541,4.538,0.0,0.1211821165130275,0.1926050362646116,0.22,5,3,1.0,2,97,26.7,Palmer
852,11,Cole_Palmer,MID,8,82.719597,0.194400795748719,0.1415865116370193,0.12,0.03476548264537186,4.538,0.0,0.1370880123440694,0.1898374177465581,0.22,5,3,1.0,2,97,26.7,Palmer
853,12,Cole_Palmer,MID,8,82.737597,0.1944486438984224,0.141606826104278,0.12,0.03684533195337615,4.538,0.0,0.1492881486069769,0.1714654190081598,0.22,5,3,1.0,2,97,26.7,Palmer
854,6,Conor_Bradley,DEF,14,0.0,0.03372308181555627,0.10018171334477086,0.0,0.0002493863732624667,2.2800000000000002,0.0,0.0339500514709614,0.0381417475700373,0.25,6,3,4.0,2,50,0.0,Bradley
855,7,Conor_Bradley,DEF,14,0.0,0.033785691391793,0.10013615263586803,0.0,0.0003252118343005732,2.2800000000000002,0.0,0.0506358535297079,0.1127669562337763,0.25,6,3,4.0,2,50,0.0,Bradley
856,8,Conor_Bradley,DEF,14,0.0,0.03380947768850705,0.10021819514440779,0.0,0.0001306132957984305,2.2800000000000002,0.0,0.1174447659202134,0.0817117691611616,0.25,6,3,4.0,2,50,0.0,Bradley
857,9,Conor_Bradley,DEF,14,0.0,0.03376759892077124,0.10002282545080705,0.0,0.000142881159237994,2.2800000000000002,0.0,0.1077701515240741,0.0871056101039265,0.25,6,3,4.0,2,50,0.0,Bradley
858,10,Conor_Bradley,DEF,14,0.0,0.033790193569729766,0.10009975178618119,0.0,0.0001627724586549492,2.2800000000000002,0.0,0.0336892747106061,0.1962529481085647,0.25,6,3,4.0,2,50,0.0,Bradley
859,11,Conor_Bradley,DEF,14,0.0,0.033812655989577674,0.10017628537462624,0.0,0.00019749412453465168,2.2800000000000002,0.0,0.0223973202299275,0.0944421809357277,0.25,6,3,4.0,2,50,0.0,Bradley
860,12,Conor_Bradley,DEF,14,0.0,0.033921761302567785,0.10037873683690401,0.0,0.00022811355912327958,2.2800000000000002,0.0,0.0280302979206385,0.0782539555270968,0.25,6,3,4.0,2,50,0.0,Bradley
861,6,Conor_Gallagher,MID,6,24.63471937906805,0.08941832041479886,0.11736986320801533,0.0,0.0010586022507742892,4.228,0.0,0.1581552595513359,0.175811164019189,0.2,5,3,1.0,2,53,0.2,Gallagher
862,7,Conor_Gallagher,MID,6,23.810281376733155,0.08959603183752411,0.11677912183768303,0.0,0.0006359693448826613,4.228,0.0,0.1542164581176329,0.1806105923991114,0.2,5,3,1.0,2,53,0.2,Gallagher
863,8,Conor_Gallagher,MID,6,22.66810215728457,0.08987446457933443,0.11589743440039116,0.0,0.0005133149660090832,4.228,0.0,0.1600751664564748,0.2071396514783118,0.2,5,3,1.0,2,53,0.2,Gallagher
864,9,Conor_Gallagher,MID,6,22.163905818617096,0.08995444752576855,0.11562941596762942,0.0,0.0006922671675123142,4.228,0.0,0.1457267806936557,0.1338726163462819,0.2,5,3,1.0,2,53,0.2,Gallagher
865,10,Conor_Gallagher,MID,6,21.95999579425981,0.08994078545808289,0.11564413122050152,0.0,0.0007426544267546396,4.228,0.0,0.1370880123440694,0.1898374177465581,0.2,5,3,1.0,2,53,0.2,Gallagher
866,11,Conor_Gallagher,MID,6,21.759069523478253,0.08992628594209766,0.11565867829502999,0.0,0.000551855684969199,4.228,0.0,0.1542164581176329,0.1806105923991114,0.2,5,3,1.0,2,53,0.2,Gallagher
867,12,Conor_Gallagher,MID,6,21.55849093821892,0.08991190553927064,0.11567224200825844,0.0,0.0006453911253218728,4.228,0.0,0.1211821165130275,0.1926050362646116,0.2,5,3,1.0,2,53,0.2,Gallagher
868,6,Cristhian_Mosquera,DEF,3,42.59823772253212,0.023642795383488506,0.03947021769025678,0.0,0.008352572527998993,4.382,0.0,0.07078655240023,0.0561971162677075,0.18,6,3,4.0,2,53,1.7,Mosquera
869,7,Cristhian_Mosquera,DEF,3,42.39145790053646,0.02376888051733604,0.039509887128527696,0.0,0.008681383272097564,4.382,0.0,0.0550530308978321,0.0334376008273799,0.18,6,3,4.0,2,53,1.7,Mosquera
870,8,Cristhian_Mosquera,DEF,3,42.185682046664304,0.023897000931400285,0.0395496923323855,0.0,0.010404654371214675,4.382,0.0,0.0459456519173773,0.0386203456380479,0.18,6,3,4.0,2,53,1.7,Mosquera
871,9,Cristhian_Mosquera,DEF,3,41.9970212675078,0.02402361634452486,0.03958844295498042,0.0,0.012964071970373114,4.382,0.0,0.0345883844346893,0.02331174536266,0.18,6,3,4.0,2,53,1.7,Mosquera
872,10,Cristhian_Mosquera,DEF,3,42.32073325682924,0.02402768855261043,0.039577541696582945,0.0,0.005899482138454721,4.382,0.0,0.0440900662312232,0.0342011051202082,0.18,6,3,4.0,2,53,1.7,Mosquera
873,11,Cristhian_Mosquera,DEF,3,42.64411358666194,0.02403164159460671,0.03956646005385842,0.0,0.010109440672280484,4.382,0.0,0.0441562832773488,0.040413775623652,0.18,6,3,4.0,2,53,1.7,Mosquera
874,12,Cristhian_Mosquera,DEF,3,42.98613833030659,0.024036262513309353,0.0395603885253575,0.0,0.012097763300436498,4.382,0.0,0.0297669938520948,0.018348571633679,0.18,6,3,4.0,2,53,1.7,Mosquera
875,6,Cristian_Romero,DEF,6,0.0,0.06155120429282686,0.048844071941820624,0.0,0.0007336492426916816,1.732,0.0,0.074235503863792,0.0216228986791694,0.35,6,3,4.0,2,50,0.1,Romero
876,7,Cristian_Romero,DEF,6,0.0,0.06167623942876028,0.04861156810557054,0.0,0.00048555873073550783,1.732,0.0,0.0440900662312232,0.0342011051202082,0.35,6,3,4.0,2,50,0.1,Romero
877,8,Cristian_Romero,DEF,6,0.0,0.061872140599246214,0.048264553791288675,0.0,0.0004365643489469981,1.732,0.0,0.0456201977756334,0.02560444811066,0.35,6,3,4.0,2,50,0.1,Romero
878,9,Cristian_Romero,DEF,6,0.0,0.061928415420675245,0.04815906716561395,0.0,0.0006047119930982746,1.732,0.0,0.0576745797658112,0.0527526549054485,0.35,6,3,4.0,2,50,0.1,Romero
879,10,Cristian_Romero,DEF,6,0.0,0.06191880299135575,0.04816485879104597,0.0,0.0006575203086952428,1.732,0.0,0.07078655240023,0.0561971162677075,0.35,6,3,4.0,2,50,0.1,Romero
880,11,Cristian_Romero,DEF,6,0.0,0.06190860134576432,0.04817058422488884,0.0,0.0005048989713535064,1.732,0.0,0.0440900662312232,0.0342011051202082,0.35,6,3,4.0,2,50,0.1,Romero
881,12,Cristian_Romero,DEF,6,0.0,0.06189848350643426,0.048175922627644745,0.0,0.0005955811754572759,1.732,0.0,0.0366746478210848,0.040303852137383,0.35,6,3,4.0,2,50,0.1,Romero
882,6,Curtis_Jones,MID,14,0.0,0.061908267013322166,0.10285838181424081,0.0,0.00025891055560558595,7.766,0.0,0.0339500514709614,0.0381417475700373,0.05,5,3,1.0,2,55,0.0,C.Jones
883,7,Curtis_Jones,MID,14,0.0,0.06201660993305344,0.10280937318414544,0.0,0.0003428477656793622,7.766,0.0,0.0506358535297079,0.1127669562337763,0.05,5,3,1.0,2,55,0.0,C.Jones
884,8,Curtis_Jones,MID,14,0.0,0.06205777099802923,0.10289762446578582,0.0,0.00013071207483434557,7.766,0.0,0.1174447659202134,0.0817117691611616,0.05,5,3,1.0,2,55,0.0,C.Jones
885,9,Curtis_Jones,MID,14,0.0,0.061985301764982736,0.10268746967943398,0.0,0.00014371168775639478,7.766,0.0,0.1077701515240741,0.0871056101039265,0.05,5,3,1.0,2,55,0.0,C.Jones
886,10,Curtis_Jones,MID,14,0.0,0.06202440073970201,0.10277021760864155,0.0,0.0001649266568427673,7.766,0.0,0.0336892747106061,0.1962529481085647,0.05,5,3,1.0,2,55,0.0,C.Jones
887,11,Curtis_Jones,MID,14,0.0,0.06206327089817987,0.10285254306880873,0.0,0.00020231670904010066,7.766,0.0,0.0223973202299275,0.0944421809357277,0.05,5,3,1.0,2,55,0.0,C.Jones
888,12,Curtis_Jones,MID,14,0.0,0.06225207249815945,0.10307031555448694,0.0,0.0002356165747126653,7.766,0.0,0.0280302979206385,0.0782539555270968,0.05,5,3,1.0,2,55,0.0,C.Jones
889,6,Cédric_Kipré,DEF,40,0.0,0.0542419084807732,0.0548332788494596,0.0,0.0002804431859266146,1.0,0.0,0.0323786694324084,0.0238084655632736,0.1,6,3,4.0,2,39,0.9,Kipré
890,7,Cédric_Kipré,DEF,40,0.0,0.053898293454668,0.0527972424227941,0.0,0.00056435449032861,1.0,0.0,0.0297669938520948,0.018348571633679,0.1,6,3,4.0,2,39,0.9,Kipré
891,8,Cédric_Kipré,DEF,40,0.0,0.0537456005255984,0.0526945140451345,0.0,0.0004232582312662685,1.0,0.0,0.0550530308978321,0.0334376008273799,0.1,6,3,4.0,2,39,0.9,Kipré
892,9,Cédric_Kipré,DEF,40,0.0,0.0538301919441512,0.0530403205265162,0.0,0.00028859021540718165,1.0,0.0,0.0440900662312232,0.0342011051202082,0.1,6,3,4.0,2,39,0.9,Kipré
893,10,Cédric_Kipré,DEF,40,0.0,0.0538127654935543,0.0530343035030473,0.0,0.000504936316124079,1.0,0.0,0.0539343394566716,0.0350964916114288,0.1,6,3,4.0,2,39,0.9,Kipré
894,11,Cédric_Kipré,DEF,40,0.0,0.0537959229447388,0.0530285699212367,0.0,0.0006065188929726421,1.0,0.0,0.052493727298415,0.0268053738104255,0.1,6,3,4.0,2,39,0.9,Kipré
895,12,Cédric_Kipré,DEF,40,0.0,0.0537789048417192,0.0530226135997703,0.0,0.0003942301923284308,1.0,0.0,0.0430008805695656,0.0202850875521248,0.1,6,3,4.0,2,39,0.9,Kipré
896,6,César_Palacios,MID,54,2.967,0.1322010495994876,0.1186338312944911,0.0,3.257489817888405e-05,4.307248827350428,0.0,0.150737295523736,0.1390624159116826,0.1,5,3,1.0,2,54,0.2,Palacios
897,7,César_Palacios,MID,54,0.0,0.1324851589405041,0.1186571268154545,0.0,2.336524359050578e-05,4.307248827350428,0.0,0.150737295523736,0.1390624159116826,0.1,5,3,1.0,2,54,0.2,Palacios
898,8,César_Palacios,MID,54,0.0,0.1326889728226427,0.118612037071878,0.0,2.3980842136023646e-05,4.307248827350428,0.0,0.150737295523736,0.1390624159116826,0.1,5,3,1.0,2,54,0.2,Palacios
899,9,César_Palacios,MID,54,0.0,0.1328931781199208,0.118567261978647,0.0,3.24869988975198e-05,4.307248827350428,0.0,0.1477429617751006,0.2046314411489814,0.1,5,3,1.0,2,54,0.2,Palacios
900,10,César_Palacios,MID,54,0.0,0.1330993831172922,0.1185231977156218,0.0,4.0331562062021434e-05,4.307248827350428,0.0,0.2069194075756547,0.1443916359282739,0.1,5,3,1.0,2,54,0.2,Palacios
901,11,César_Palacios,MID,54,0.0,0.133305684165907,0.1184788612633631,0.0,4.747518451523977e-05,4.307248827350428,0.0,0.1674484816301701,0.1685309160814939,0.1,5,3,1.0,2,54,0.2,Palacios
902,12,César_Palacios,MID,54,0.0,0.1335111758193261,0.1184333043683289,0.0,4.220457575905941e-05,4.307248827350428,0.0,0.1697864627106199,0.0953712727396801,0.1,5,3,1.0,2,54,0.2,Palacios
903,6,Daichi_Kamada,MID,31,74.82466502650576,0.04962046766051091,0.11857784840929732,0.0,0.06827627183053533,5.946000000000001,0.0,0.1202318081610187,0.1776752802788837,0.12,5,3,1.0,2,50,0.5,Kamada
904,7,Daichi_Kamada,MID,31,72.39928684587574,0.0505216400247029,0.12196697846156902,0.0,0.03870864009265542,5.946000000000001,0.0,0.0957882179850394,0.1113283019034307,0.12,5,3,1.0,2,50,0.5,Kamada
905,8,Daichi_Kamada,MID,31,72.46740637651888,0.05052914610451156,0.1219867257263556,0.0,0.06410317767042109,5.946000000000001,0.0,0.0772167805063861,0.0863082180546789,0.12,5,3,1.0,2,50,0.5,Kamada
906,9,Daichi_Kamada,MID,31,72.53295280579222,0.05053619496609625,0.12200565553208573,0.0,0.08077311886280343,5.946000000000001,0.0,0.0518416411242582,0.115884505791489,0.12,5,3,1.0,2,50,0.5,Kamada
907,10,Daichi_Kamada,MID,31,72.60123740379125,0.05054351757426079,0.12202496111188374,0.0,0.0875255328607261,5.946000000000001,0.0,0.070552064626671,0.1127830621923689,0.12,5,3,1.0,2,50,0.5,Kamada
908,11,Daichi_Kamada,MID,31,72.66732006071014,0.05055040477136841,0.12204369246264835,0.0,0.03962994243403128,5.946000000000001,0.0,0.0842332060993205,0.1188923620107288,0.12,5,3,1.0,2,50,0.5,Kamada
909,12,Daichi_Kamada,MID,31,72.7353856036307,0.050557676446876136,0.12206313022593274,0.0,0.03887257927534749,5.946000000000001,0.0,0.0842332060993205,0.1188923620107288,0.12,5,3,1.0,2,50,0.5,Kamada
910,6,Daizen_Maeda,MID,40,0.0,0.1566727456162935,0.066812244042192,0.0,5.115769218796714e-05,2.7980548061257737,0.0,0.1162593608860656,0.17672170864813,0.1,5,3,1.0,2,53,0.2,Maeda
911,7,Daizen_Maeda,MID,40,0.0,0.1556562264886668,0.0641385837595809,0.0,0.00010713503027572404,2.7980548061257737,0.0,0.1674484816301701,0.1685309160814939,0.1,5,3,1.0,2,53,0.2,Maeda
912,8,Daizen_Maeda,MID,40,0.0,0.1552045137541803,0.06400368402024,0.0,7.903106605257614e-05,2.7980548061257737,0.0,0.1678163049268733,0.1529825499215968,0.1,5,3,1.0,2,53,0.2,Maeda
913,9,Daizen_Maeda,MID,40,0.0,0.1554547612359818,0.0644577864334538,0.0,5.272856700476154e-05,2.7980548061257737,0.0,0.150737295523736,0.1390624159116826,0.1,5,3,1.0,2,53,0.2,Maeda
914,10,Daizen_Maeda,MID,40,0.0,0.155403208425387,0.0644498850636857,0.0,9.524159260989675e-05,2.7980548061257737,0.0,0.1697864627106199,0.0953712727396801,0.1,5,3,1.0,2,53,0.2,Maeda
915,11,Daizen_Maeda,MID,40,0.0,0.1553533829761829,0.0644423559007673,0.0,0.00011562115957236354,2.7980548061257737,0.0,0.1220461381569684,0.1872283971637988,0.1,5,3,1.0,2,53,0.2,Maeda
916,12,Daizen_Maeda,MID,40,0.0,0.1553030381835483,0.064434534242998,0.0,7.331300405315006e-05,2.7980548061257737,0.0,0.1477429617751006,0.2046314411489814,0.1,5,3,1.0,2,53,0.2,Maeda
917,6,Dan_Bentley,GKP,9,89.266918,7.164137320008402e-05,0.0022330850321598,0.0,0.019652747067739312,4.070221428571427,0.5507288343319483,0.0,0.0,0.1,0,0,4.0,1,40,0.6,Bentley
918,7,Dan_Bentley,GKP,9,89.266918,5.747974814556437e-05,0.0021108278865214,0.0,0.024548721280854918,4.070221428571427,0.5501991551061685,0.0,0.0,0.1,0,0,4.0,1,40,0.6,Bentley
919,8,Dan_Bentley,GKP,9,89.266918,5.748109839203587e-05,0.0021090382405198,0.0,0.01147017503437563,4.070221428571427,0.5772401899906685,0.0,0.0,0.1,0,0,4.0,1,40,0.6,Bentley
920,9,Dan_Bentley,GKP,9,89.266918,5.951264610353142e-05,0.0021703359944443,0.0,0.014798128817616527,4.070221428571427,0.4795497563724742,0.0,0.0,0.1,0,0,4.0,1,40,0.6,Bentley
921,10,Dan_Bentley,GKP,9,89.266918,5.955102408963708e-05,0.0021721625681922,0.0,0.020952015918204024,4.070221428571427,0.5767828619281752,0.0,0.0,0.1,0,0,4.0,1,40,0.6,Bentley
922,11,Dan_Bentley,GKP,9,89.266918,5.958897921654019e-05,0.002173977303318,0.0,0.015022285140342987,4.070221428571427,0.4945724933690928,0.0,0.0,0.1,0,0,4.0,1,40,0.6,Bentley
923,12,Dan_Bentley,GKP,9,89.266918,5.9627767697801634e-05,0.0021758131090033,0.0,0.016317249363383645,4.070221428571427,0.4823301599981489,0.0,0.0,0.1,0,0,4.0,1,40,0.6,Bentley
924,6,Dan_Burn,DEF,4,0.0,0.049742272980522965,0.033034537612569685,0.0,0.00039898317683242153,1.254,0.0,0.0440900662312232,0.0342011051202082,0.35,6,3,4.0,2,49,0.8,Burn
925,7,Dan_Burn,DEF,4,0.0,0.04983031930740036,0.03298986010329779,0.0,0.0005317624802462272,1.254,0.0,0.0430008805695656,0.0202850875521248,0.35,6,3,4.0,2,49,0.8,Burn
926,8,Dan_Burn,DEF,4,0.0,0.04992118877229037,0.03294290986228583,0.0,0.0004969002030270685,1.254,0.0,0.0576745797658112,0.0527526549054485,0.35,6,3,4.0,2,49,0.8,Burn
927,9,Dan_Burn,DEF,4,0.0,0.04996443721659273,0.032893938370137134,0.0,0.0006962936956777849,1.254,0.0,0.0459456519173773,0.0386203456380479,0.35,6,3,4.0,2,49,0.8,Burn
928,10,Dan_Burn,DEF,4,0.0,0.0499455105937695,0.03285911481437552,0.0,0.0003782920380359487,1.254,0.0,0.0323786694324084,0.0238084655632736,0.35,6,3,4.0,2,49,0.8,Burn
929,11,Dan_Burn,DEF,4,0.0,0.04992236127844867,0.0328306083286621,0.0,0.0004361923587158934,1.254,0.0,0.0283871455110724,0.0678417594345503,0.35,6,3,4.0,2,49,0.8,Burn
930,12,Dan_Burn,DEF,4,0.0,0.049921130416522186,0.032823494672887386,0.0,0.00039874917281391444,1.254,0.0,0.0265768898928847,0.0315855885698299,0.35,6,3,4.0,2,49,0.8,Burn
931,6,Dan_Ndoye,MID,17,41.51508748733514,0.1649302702827582,0.1487122138334479,0.0,0.0010196447736721239,1.896,0.0,0.1457267806936557,0.1338726163462819,0.07,5,3,1.0,2,55,0.7,Ndoye
932,7,Dan_Ndoye,MID,17,41.50086445821256,0.16487314170433517,0.14867193019685235,0.0,0.0008874408007950804,1.896,0.0,0.1746046778732178,0.1224679656436583,0.07,5,3,1.0,2,55,0.7,Ndoye
933,8,Dan_Ndoye,MID,17,41.48773263121819,0.1648134362468081,0.14863081983715742,0.0,0.0008407309924961531,1.896,0.0,0.1542164581176329,0.1806105923991114,0.07,5,3,1.0,2,55,0.7,Ndoye
934,9,Dan_Ndoye,MID,17,41.90741551297924,0.16447551418321257,0.14844670757050385,0.0,0.0021934784224868944,1.896,0.0,0.1431241918345089,0.21431463250313,0.07,5,3,1.0,2,55,0.7,Ndoye
935,10,Dan_Ndoye,MID,17,41.90467305930496,0.16441061932574075,0.14840310399338372,0.0,0.0016566343271026045,1.896,0.0,0.1260358149771998,0.2023191987723669,0.07,5,3,1.0,2,55,0.7,Ndoye
936,11,Dan_Ndoye,MID,17,41.90143748914501,0.16434779686679474,0.14836083996397748,0.0,0.0014725008282632625,1.896,0.0,0.1602275814203332,0.1865096575096456,0.07,5,3,1.0,2,55,0.7,Ndoye
937,12,Dan_Ndoye,MID,17,41.899411735554935,0.16428422577978255,0.14831753311043147,0.0,0.0007480716462932838,1.896,0.0,0.1600751664564748,0.2071396514783118,0.07,5,3,1.0,2,55,0.7,Ndoye
938,6,Dane_Scarlett,FWD,6,0.0,0.2362918392157686,0.1040921245477749,0.0,2.6221458411987737e-05,2.6328000000000005,0.0,0.1582373678053648,0.1067667619926839,0.1,4,3,0.0,2,45,1.1,Scarlett
939,7,Dane_Scarlett,FWD,6,0.0,0.2367857448155168,0.1035621129636524,0.0,1.695068422841022e-05,2.6328000000000005,0.0,0.2767363309065365,0.1027633521295426,0.1,4,3,0.0,2,45,1.1,Scarlett
940,8,Dane_Scarlett,FWD,6,0.0,0.2375595807807263,0.1027710653431394,0.0,1.5149303118323158e-05,2.6328000000000005,0.0,0.2699527724353497,0.1092810666119734,0.1,4,3,0.0,2,45,1.1,Scarlett
941,9,Dane_Scarlett,FWD,6,0.0,0.2377818738923474,0.1025305999190872,0.0,2.1374908990348163e-05,2.6328000000000005,0.0,0.508906701575971,0.1270447035747427,0.1,4,3,0.0,2,45,1.1,Scarlett
942,10,Dane_Scarlett,FWD,6,0.0,0.2377439035040032,0.1025438024047725,0.0,2.3353079659806093e-05,2.6328000000000005,0.0,0.3479730393459483,0.0845739406189787,0.1,4,3,0.0,2,45,1.1,Scarlett
943,11,Dane_Scarlett,FWD,6,0.0,0.2377036056321561,0.1025568540012958,0.0,1.7664794554327662e-05,2.6328000000000005,0.0,0.2767363309065365,0.1027633521295426,0.1,4,3,0.0,2,45,1.1,Scarlett
944,12,Dane_Scarlett,FWD,6,0.0,0.23766363880631,0.1025690233286797,0.0,2.1033894529060417e-05,2.6328000000000005,0.0,0.3107258993287308,0.1106489791789369,0.1,4,3,0.0,2,45,1.1,Scarlett
945,6,Dango_Ouattara,MID,94,56.730797173254615,0.14022622557666517,0.17842066917714172,0.0,0.007917884473641175,2.734,0.0,0.1528638217362915,0.0934867601094268,0.18,5,3,1.0,2,63,0.5,O.Dango
946,7,Dango_Ouattara,MID,94,57.31961686920391,0.1400554608818523,0.17890945623995083,0.0,0.014183181224548067,2.734,0.0,0.1222370154519599,0.1239528530149927,0.18,5,3,1.0,2,63,0.5,O.Dango
947,8,Dango_Ouattara,MID,94,57.475849699508856,0.14000343460955075,0.1790610392232922,0.0,0.006095447798978612,2.734,0.0,0.1268997194477113,0.1551143810956354,0.18,5,3,1.0,2,63,0.5,O.Dango
948,9,Dango_Ouattara,MID,94,57.629457989940704,0.13995179878967423,0.17921252600716664,0.0,0.009237544876966602,2.734,0.0,0.0757386597383645,0.1958612735530401,0.18,5,3,1.0,2,63,0.5,O.Dango
949,10,Dango_Ouattara,MID,94,57.580272709847456,0.13995443236399635,0.17920495699514177,0.0,0.006309497345065817,2.734,0.0,0.0894262475542055,0.1651836631871084,0.18,5,3,1.0,2,63,0.5,O.Dango
950,11,Dango_Ouattara,MID,94,57.049346996047255,0.13993933518890372,0.17890774638196802,0.0,0.010807615850966422,2.734,0.0,0.116233388513479,0.1426431873808013,0.18,5,3,1.0,2,63,0.5,O.Dango
951,12,Dango_Ouattara,MID,94,56.96879386901404,0.13994301809878296,0.17888122005156734,0.0,0.009225327932806693,2.734,0.0,0.0876286497141699,0.1962911969242959,0.18,5,3,1.0,2,63,0.5,O.Dango
952,6,Daniel_Ballard,DEF,56,79.834687,0.055259242191256816,0.044155364206147484,0.0,0.2924773025970013,1.238,0.0,0.0265768898928847,0.0315855885698299,0.21,6,3,4.0,2,49,2.6,Ballard
953,7,Daniel_Ballard,DEF,56,79.94568699999999,0.055266840570853,0.0441159258865149,0.0,0.42936651455573155,1.238,0.0,0.0539343394566716,0.0350964916114288,0.21,6,3,4.0,2,49,2.6,Ballard
954,8,Daniel_Ballard,DEF,56,80.053687,0.055274619890501565,0.044076607876187376,0.0,0.36862889715786706,1.238,0.0,0.07078655240023,0.0561971162677075,0.21,6,3,4.0,2,49,2.6,Ballard
955,9,Daniel_Ballard,DEF,56,80.161687,0.05528180067103812,0.04403719315684447,0.0,0.2977710595688084,1.238,0.0,0.0440900662312232,0.0342011051202082,0.21,6,3,4.0,2,49,2.6,Ballard
956,10,Daniel_Ballard,DEF,56,80.215687,0.055287982568582125,0.04399738713305199,0.0,0.2756792665336701,1.238,0.0,0.0456201977756334,0.02560444811066,0.21,6,3,4.0,2,49,2.6,Ballard
957,11,Daniel_Ballard,DEF,56,80.215687,0.05529285751848623,0.04395707034010106,0.0,0.36745990942734236,1.238,0.0,0.0430008805695656,0.0202850875521248,0.21,6,3,4.0,2,49,2.6,Ballard
958,12,Daniel_Ballard,DEF,56,80.215687,0.05529835153949483,0.04391699414243779,0.0,0.4889668750712427,1.238,0.0,0.052493727298415,0.0268053738104255,0.21,6,3,4.0,2,49,2.6,Ballard
959,6,Daniel_James,MID,2,35.60927438222261,0.12218292582850332,0.1230068247837227,0.0,0.00039997028551035704,2.548,0.0,0.1077701515240741,0.0871056101039265,0.0,5,3,1.0,2,49,0.1,James
960,7,Daniel_James,MID,2,35.492163733956495,0.12217692808332385,0.1230076930924247,0.0,0.0005571715471359372,2.548,0.0,0.0223973202299275,0.0944421809357277,0.0,5,3,1.0,2,49,0.1,James
961,8,Daniel_James,MID,2,35.37808011799513,0.12217178488191646,0.1230084612228504,0.0,0.0004424516481582148,2.548,0.0,0.041498341824961,0.0545242644716637,0.0,5,3,1.0,2,49,0.1,James
962,9,Daniel_James,MID,2,35.260923139152204,0.12216680931599846,0.1230094016616153,0.0,0.0006209056234424573,2.548,0.0,0.0341640741201375,0.0464008608397502,0.0,5,3,1.0,2,49,0.1,James
963,10,Daniel_James,MID,2,35.14494675225839,0.12216076057359668,0.1230097671363978,0.0,0.000745936551769783,2.548,0.0,0.0813127279922636,0.1108935603943818,0.0,5,3,1.0,2,49,0.1,James
964,11,Daniel_James,MID,2,35.03189646051685,0.1221551296193947,0.1230101892338578,0.0,0.0003089995622205064,2.548,0.0,0.0258215885423753,0.065374644385858,0.0,5,3,1.0,2,49,0.1,James
965,12,Daniel_James,MID,2,34.914721650457835,0.12214954053163578,0.1230107438407888,0.0,0.0003421331613275589,2.548,0.0,0.0462278002486011,0.089997557499349,0.0,5,3,1.0,2,49,0.1,James
966,6,Daniel_Jebbison,FWD,91,2.721,0.2055045300798174,0.14475504933352992,0.0,1.1148446764924749e-05,1.0,0.0,0.2699527724353497,0.1092810666119734,0.06889950310559,4,3,0.0,2,50,0.1,Jebbison
967,7,Daniel_Jebbison,FWD,91,2.733,0.2054192932594352,0.14471326511890933,0.0,1.5495567987746036e-05,1.0,0.0,0.3107258993287308,0.1106489791789369,0.06889950310559,4,3,0.0,2,50,0.1,Jebbison
968,8,Daniel_Jebbison,FWD,91,2.742,0.2053355188508749,0.14467224726168548,0.0,1.9332778630824815e-05,1.0,0.0,0.1582373678053648,0.1067667619926839,0.06889950310559,4,3,0.0,2,50,0.1,Jebbison
969,9,Daniel_Jebbison,FWD,91,2.754,0.2029984109737106,0.14368820259807788,0.0,1.7236411094951956e-05,1.0,0.0,0.3479730393459483,0.0845739406189787,0.06889950310559,4,3,0.0,2,50,0.1,Jebbison
970,10,Daniel_Jebbison,FWD,91,2.7630000000000003,0.2029042056704359,0.14364181024059872,0.0,1.3048478230665891e-05,1.0,0.0,0.2767363309065365,0.1027633521295426,0.06889950310559,4,3,0.0,2,50,0.1,Jebbison
971,11,Daniel_Jebbison,FWD,91,2.775,0.2028110479150876,0.14359637762776783,0.0,1.8304969758913067e-05,1.0,0.0,0.3397560761522099,0.0551267835339054,0.06889950310559,4,3,0.0,2,50,0.1,Jebbison
972,12,Daniel_Jebbison,FWD,91,2.784,0.2027188834422685,0.14355104784110287,0.0,1.1858325927797007e-05,1.0,0.0,0.251881030599128,0.0913042928657778,0.06889950310559,4,3,0.0,2,50,0.1,Jebbison
973,6,Daniel_Muñoz,DEF,17,67.44781684626454,0.030535882018061,0.08689299794233256,0.0,0.035640584449058856,2.376,0.0,0.0336892747106061,0.1962529481085647,0.25,6,3,4.0,2,54,5.9,Muñoz
974,7,Daniel_Muñoz,DEF,17,67.4755692368947,0.0305250607817624,0.08686983061621756,0.0,0.031465506923509086,2.376,0.0,0.1077701515240741,0.0871056101039265,0.25,6,3,4.0,2,54,5.9,Muñoz
975,8,Daniel_Muñoz,DEF,17,67.50110727500326,0.0305137514356864,0.08684618783740593,0.0,0.030024824709692387,2.376,0.0,0.0462278002486011,0.089997557499349,0.25,6,3,4.0,2,54,5.9,Muñoz
976,9,Daniel_Muñoz,DEF,17,67.83271305673149,0.0304497425875471,0.08674030392811136,0.0,0.07128997448386894,2.376,0.0,0.0506358535297079,0.1127669562337763,0.25,6,3,4.0,2,54,5.9,Muñoz
977,10,Daniel_Muñoz,DEF,17,67.8650422677846,0.0304374502706953,0.08671522728716485,0.0,0.055496480218598515,2.376,0.0,0.0339500514709614,0.0381417475700373,0.25,6,3,4.0,2,54,5.9,Muñoz
978,11,Daniel_Muñoz,DEF,17,67.8968801861798,0.030425550505431,0.08669092102698236,0.0,0.04999797791102827,2.376,0.0,0.0341640741201375,0.0464008608397502,0.25,6,3,4.0,2,54,5.9,Muñoz
979,12,Daniel_Muñoz,DEF,17,67.92942975086767,0.0304135089358119,0.08666601503328594,0.0,0.026918229045885558,2.376,0.0,0.0258215885423753,0.065374644385858,0.25,6,3,4.0,2,54,5.9,Muñoz
980,6,Danny_Welbeck,FWD,8,35.381488985427055,0.3534338392735173,0.13434712979054728,0.0,0.00040373545554202983,1.0,0.0,0.2588988784046943,0.0835343475833465,0.12,4,3,0.0,2,59,1.0,Welbeck
981,7,Danny_Welbeck,FWD,8,33.34094847192241,0.3508737690658423,0.1344667738240856,0.0,0.0003444447160657637,1.0,0.0,0.2321652746293105,0.0710294967935649,0.12,4,3,0.0,2,59,1.0,Welbeck
982,8,Danny_Welbeck,FWD,8,31.03863438640488,0.3470931283679327,0.13461315964029863,0.0,0.0003325631035316322,1.0,0.0,0.1816445166652931,0.0735228775864095,0.12,4,3,0.0,2,59,1.0,Welbeck
983,9,Danny_Welbeck,FWD,8,29.13328351034401,0.3465146698254943,0.13469260994039228,0.0,0.00020312345621703205,1.0,0.0,0.1582373678053648,0.1067667619926839,0.12,4,3,0.0,2,59,1.0,Welbeck
984,10,Danny_Welbeck,FWD,8,28.530393722666933,0.3471090726133087,0.13483329148109297,0.0,0.00015440132535576604,1.0,0.0,0.3107258993287308,0.1106489791789369,0.12,4,3,0.0,2,59,1.0,Welbeck
985,11,Danny_Welbeck,FWD,8,27.920166533457067,0.3477160810198461,0.13497585611426519,0.0,0.00016233090832947557,1.0,0.0,0.3479730393459483,0.0845739406189787,0.12,4,3,0.0,2,59,1.0,Welbeck
986,12,Danny_Welbeck,FWD,8,27.873946834237444,0.3478044518042622,0.13499621222109146,0.0,0.00017136135955012007,1.0,0.0,0.3397560761522099,0.0551267835339054,0.12,4,3,0.0,2,59,1.0,Welbeck
987,6,Dara_O'Shea,DEF,40,55.766433149536425,0.0209028987211312,0.033167739084336456,0.0,0.03673145546519311,1.0,0.0,0.0323786694324084,0.0238084655632736,0.15,6,3,4.0,2,40,2.8,O'Shea
988,7,Dara_O'Shea,DEF,40,52.58356842901509,0.0207735667440428,0.032063663953560806,0.0,0.0567108237333307,1.0,0.0,0.0297669938520948,0.018348571633679,0.15,6,3,4.0,2,40,2.8,O'Shea
989,8,Dara_O'Shea,DEF,40,52.43880247818466,0.0207160952224163,0.03200795775620916,0.0,0.042543316567032106,1.0,0.0,0.0550530308978321,0.0334376008273799,0.15,6,3,4.0,2,40,2.8,O'Shea
990,9,Dara_O'Shea,DEF,40,53.94249504612959,0.0207479342706971,0.03219547715967088,0.0,0.03289152412295113,1.0,0.0,0.0440900662312232,0.0342011051202082,0.15,6,3,4.0,2,40,2.8,O'Shea
991,10,Dara_O'Shea,DEF,40,53.95401728359697,0.0207413751940034,0.032192214327097554,0.0,0.05646621064320566,1.0,0.0,0.0539343394566716,0.0350964916114288,0.15,6,3,4.0,2,40,2.8,O'Shea
992,11,Dara_O'Shea,DEF,40,53.964292214418975,0.0207350358899217,0.03218910519554939,0.0,0.06728921657307346,1.0,0.0,0.052493727298415,0.0268053738104255,0.15,6,3,4.0,2,40,2.8,O'Shea
993,12,Dara_O'Shea,DEF,40,53.97571718232494,0.0207286305096484,0.032185875279661956,0.0,0.04459736677664791,1.0,0.0,0.0430008805695656,0.0202850875521248,0.15,6,3,4.0,2,40,2.8,O'Shea
994,6,Darko_Gyabi,MID,88,0.0,0.1089674761836737,0.1516070280128464,0.0,0.00011576961330590505,3.218664601486081,0.0,0.1053742839427626,0.1147639713719944,0.1,5,3,1.0,2,45,0.0,Gyabi
995,7,Darko_Gyabi,MID,88,0.0,0.1087638664736325,0.1516108671211081,0.0,6.074713019849551e-05,3.218664601486081,0.0,0.0936735501911697,0.0888189627888669,0.1,5,3,1.0,2,45,0.0,Gyabi
996,8,Darko_Gyabi,MID,88,0.0,0.1091360089561145,0.1520504548770496,0.0,0.00016846448708899642,3.218664601486081,0.0,0.0790689180878473,0.1448646983763215,0.1,5,3,1.0,2,45,0.0,Gyabi
997,9,Darko_Gyabi,MID,88,0.0,0.1093752119962736,0.152080238766727,0.0,6.696918442439877e-05,3.218664601486081,0.0,0.0842332060993205,0.1188923620107288,0.1,5,3,1.0,2,45,0.0,Gyabi
998,10,Darko_Gyabi,MID,88,0.0,0.1096282175887753,0.1522201945862414,0.0,7.06096604765533e-05,3.218664601486081,0.0,0.0676432579115817,0.1324297279869411,0.1,5,3,1.0,2,45,0.0,Gyabi
999,11,Darko_Gyabi,MID,88,0.0,0.1098833121771766,0.1523607778280444,0.0,6.42222121409002e-05,3.218664601486081,0.0,0.0957882179850394,0.1113283019034307,0.1,5,3,1.0,2,45,0.0,Gyabi
1000,12,Darko_Gyabi,MID,88,0.0,0.1101412803981329,0.152503562764896,0.0,8.103392297064544e-05,3.218664601486081,0.0,0.0822560971477504,0.1524742200371775,0.1,5,3,1.0,2,45,0.0,Gyabi
1001,6,Darnell_Furlong,DEF,40,5.1,0.0542419084807732,0.0548332788494596,0.0,0.00041903503766462966,1.0,0.0,0.0323786694324084,0.0238084655632736,0.1,6,3,4.0,2,39,0.6,Furlong
1002,7,Darnell_Furlong,DEF,40,5.1,0.053898293454668,0.0527972424227941,0.0,0.0008431558709141464,1.0,0.0,0.0297669938520948,0.018348571633679,0.1,6,3,4.0,2,39,0.6,Furlong
1003,8,Darnell_Furlong,DEF,40,5.1,0.0537456005255984,0.0526945140451345,0.0,0.0006323903709899529,1.0,0.0,0.0550530308978321,0.0334376008273799,0.1,6,3,4.0,2,39,0.6,Furlong
1004,9,Darnell_Furlong,DEF,40,5.1,0.0538301919441512,0.0530403205265162,0.0,0.00043120673694471186,1.0,0.0,0.0440900662312232,0.0342011051202082,0.1,6,3,4.0,2,39,0.6,Furlong
1005,10,Darnell_Furlong,DEF,40,5.1,0.0538127654935543,0.0530343035030473,0.0,0.0007544013341531606,1.0,0.0,0.0539343394566716,0.0350964916114288,0.1,6,3,4.0,2,39,0.6,Furlong
1006,11,Darnell_Furlong,DEF,40,5.1,0.0537959229447388,0.0530285699212367,0.0,0.000906135718204443,1.0,0.0,0.052493727298415,0.0268053738104255,0.1,6,3,4.0,2,39,0.6,Furlong
1007,12,Darnell_Furlong,DEF,40,5.1,0.0537789048417192,0.0530226135997703,0.0,0.0005890264427202193,1.0,0.0,0.0430008805695656,0.0202850875521248,0.1,6,3,4.0,2,39,0.6,Furlong
1008,6,Darío_Osorio,MID,31,0.3,0.1211600473419472,0.1412098848419437,0.0,4.761195475277953e-05,3.1338279022342186,0.0,0.0757386597383645,0.1958612735530401,0.1,5,3,1.0,2,55,0.0,Osorio
1009,7,Darío_Osorio,MID,31,0.3,0.1234962386818798,0.1453413199489668,0.0,3.258255870797619e-05,3.1338279022342186,0.0,0.0894262475542055,0.1651836631871084,0.1,5,3,1.0,2,55,0.0,Osorio
1010,8,Darío_Osorio,MID,31,0.3,0.1235156973773997,0.1453653923633471,0.0,5.4831840314706217e-05,3.1338279022342186,0.0,0.0971874929788598,0.199350807499842,0.1,5,3,1.0,2,55,0.0,Osorio
1011,9,Darío_Osorio,MID,31,0.3,0.1235339707844025,0.1453884682744973,0.0,6.965631930240606e-05,3.1338279022342186,0.0,0.1186409762327798,0.0988612668204811,0.1,5,3,1.0,2,55,0.0,Osorio
1012,10,Darío_Osorio,MID,31,0.3,0.1235529538496401,0.1454120022637243,0.0,7.544556561023353e-05,3.1338279022342186,0.0,0.1222370154519599,0.1239528530149927,0.1,5,3,1.0,2,55,0.0,Osorio
1013,11,Darío_Osorio,MID,31,0.3,0.1235708081590691,0.1454348362532605,0.0,3.260275772157993e-05,3.1338279022342186,0.0,0.1268997194477113,0.1551143810956354,0.1,5,3,1.0,2,55,0.0,Osorio
1014,12,Darío_Osorio,MID,31,0.3,0.1235896591869336,0.1454585313774949,0.0,3.1765837021751204e-05,3.1338279022342186,0.0,0.1268997194477113,0.1551143810956354,0.1,5,3,1.0,2,55,0.0,Osorio
1015,6,David_Affengruber,DEF,54,33.27238542675052,0.039440597069857,0.0468307679502018,0.0,0.005390102165346067,3.954688,0.0,0.0440900662312232,0.0342011051202082,0.1,6,3,4.0,2,45,0.0,Affengruber
1016,7,David_Affengruber,DEF,54,33.473557092064176,0.0395252806029663,0.0468399492763098,0.0,0.005139245520155223,3.954688,0.0,0.0440900662312232,0.0342011051202082,0.1,6,3,4.0,2,45,0.0,Affengruber
1017,8,David_Affengruber,DEF,54,33.51236001744071,0.0395860307337944,0.0468221783219469,0.0,0.005282831045232248,3.954688,0.0,0.0440900662312232,0.0342011051202082,0.1,6,3,4.0,2,45,0.0,Affengruber
1018,9,David_Affengruber,DEF,54,33.55012606552275,0.0396468975324406,0.0468045313788664,0.0,0.007052150926426864,3.954688,0.0,0.0430008805695656,0.0202850875521248,0.1,6,3,4.0,2,45,0.0,Affengruber
1019,10,David_Affengruber,DEF,54,33.588394225852014,0.0397083603750903,0.0467871645910972,0.0,0.008668360507038085,3.954688,0.0,0.0441562832773488,0.040413775623652,0.1,6,3,4.0,2,45,0.0,Affengruber
1020,11,David_Affengruber,DEF,54,33.62712587243056,0.0397698518474169,0.0467696905269929,0.0,0.010133079950487244,3.954688,0.0,0.0297669938520948,0.018348571633679,0.1,6,3,4.0,2,45,0.0,Affengruber
1021,12,David_Affengruber,DEF,54,33.666174885626376,0.0398311020659903,0.0467517354569846,0.0,0.009101060206549955,3.954688,0.0,0.0539343394566716,0.0350964916114288,0.1,6,3,4.0,2,45,0.0,Affengruber
1022,6,David_Akintola,MID,88,0.0,0.1089674761836737,0.1516070280128464,0.0,0.00011576961330590505,3.218664601486081,0.0,0.1053742839427626,0.1147639713719944,0.1,5,3,1.0,2,50,0.0,Akintola
1023,7,David_Akintola,MID,88,0.0,0.1087638664736325,0.1516108671211081,0.0,6.074713019849551e-05,3.218664601486081,0.0,0.0936735501911697,0.0888189627888669,0.1,5,3,1.0,2,50,0.0,Akintola
1024,8,David_Akintola,MID,88,0.0,0.1091360089561145,0.1520504548770496,0.0,0.00016846448708899642,3.218664601486081,0.0,0.0790689180878473,0.1448646983763215,0.1,5,3,1.0,2,50,0.0,Akintola
1025,9,David_Akintola,MID,88,0.0,0.1093752119962736,0.152080238766727,0.0,6.696918442439877e-05,3.218664601486081,0.0,0.0842332060993205,0.1188923620107288,0.1,5,3,1.0,2,50,0.0,Akintola
1026,10,David_Akintola,MID,88,0.0,0.1096282175887753,0.1522201945862414,0.0,7.06096604765533e-05,3.218664601486081,0.0,0.0676432579115817,0.1324297279869411,0.1,5,3,1.0,2,50,0.0,Akintola
1027,11,David_Akintola,MID,88,0.0,0.1098833121771766,0.1523607778280444,0.0,6.42222121409002e-05,3.218664601486081,0.0,0.0957882179850394,0.1113283019034307,0.1,5,3,1.0,2,50,0.0,Akintola
1028,12,David_Akintola,MID,88,0.0,0.1101412803981329,0.152503562764896,0.0,8.103392297064544e-05,3.218664601486081,0.0,0.0822560971477504,0.1524742200371775,0.1,5,3,1.0,2,50,0.0,Akintola
1029,6,David_Brooks,MID,91,39.53311332849363,0.19762507957228742,0.15870990964881915,0.0,0.00078233276392759,1.036,0.0,0.1260591051724412,0.1314494178124841,0.2,5,3,1.0,2,50,0.1,Brooks
1030,7,David_Brooks,MID,91,39.63548563972845,0.19754074306576522,0.158667372688068,0.0,0.0010959074331396228,1.036,0.0,0.0817530645115434,0.1446965004790163,0.2,5,3,1.0,2,50,0.1,Brooks
1031,8,David_Brooks,MID,91,39.73673580106427,0.19745785352434111,0.15862561589070626,0.0,0.0013782828184433385,1.036,0.0,0.0876286497141699,0.1962911969242959,0.2,5,3,1.0,2,50,0.1,Brooks
1032,9,David_Brooks,MID,91,42.69669019185721,0.1951454313476142,0.15762384357995643,0.0,0.001598605389446362,1.036,0.0,0.1126991599369654,0.1833905663030322,0.2,5,3,1.0,2,50,0.1,Brooks
1033,10,David_Brooks,MID,91,42.815505400301305,0.19505222108779424,0.15757661546026655,0.0,0.0012225026468621288,1.036,0.0,0.1268997194477113,0.1551143810956354,0.2,5,3,1.0,2,50,0.1,Brooks
1034,11,David_Brooks,MID,91,42.93281347209086,0.1949600473111764,0.15753036437510523,0.0,0.0017304501405106991,1.036,0.0,0.0757386597383645,0.1958612735530401,0.2,5,3,1.0,2,50,0.1,Brooks
1035,12,David_Brooks,MID,91,43.05139491599569,0.19486885632554185,0.1574842179685319,0.0,0.0011326114699851647,1.036,0.0,0.1378368916813487,0.1417324710647552,0.2,5,3,1.0,2,50,0.1,Brooks
1036,6,David_Button,GKP,40,0.0,0.0,0.0015395275116956,0.0,1.0035536982895418e-05,3.354721318925929,0.7832731782726394,0.0,0.0,0.1,0,0,4.0,1,40,0.6,Button
1037,7,David_Button,GKP,40,0.0,0.0,0.0014779018626111,0.0,2.019967706184779e-05,3.354721318925929,0.847393061943882,0.0,0.0,0.1,0,0,4.0,1,40,0.6,Button
1038,8,David_Button,GKP,40,0.0,0.0,0.0014747925356512,0.0,1.5147853930625208e-05,3.354721318925929,0.7312932126011511,0.0,0.0,0.1,0,0,4.0,1,40,0.6,Button
1039,9,David_Button,GKP,40,0.0,0.0,0.0014852592191514,0.0,1.0327144970840968e-05,3.354721318925929,0.6893169111357466,0.0,0.0,0.1,0,0,4.0,1,40,0.6,Button
1040,10,David_Button,GKP,40,0.0,0.0,0.0014850770991402,0.0,1.8072141378973503e-05,3.354721318925929,0.8765107592075493,0.0,0.0,0.1,0,0,4.0,1,40,0.6,Button
1041,11,David_Button,GKP,40,0.0,0.0,0.0014849035581878,0.0,2.170952762602468e-05,3.354721318925929,0.7538444537424532,0.0,0.0,0.1,0,0,4.0,1,40,0.6,Button
1042,12,David_Button,GKP,40,0.0,0.0,0.0014847232754719,0.0,1.4108657033012533e-05,3.354721318925929,0.7404681812631166,0.0,0.0,0.1,0,0,4.0,1,40,0.6,Button
1043,6,David_Raya Martin,GKP,3,90.0,0.0,0.001125416743332064,0.0,,4.494,0.3820283821988518,0.0,0.0,0.0,0,0,4.0,1,60,42.0,Raya
1044,7,David_Raya Martin,GKP,3,90.0,0.0,0.001126638986555256,0.0,,4.494,0.4249906844723682,0.0,0.0,0.0,0,0,4.0,1,60,42.0,Raya
1045,8,David_Raya Martin,GKP,3,90.0,0.0,0.001127865412811356,0.0,,4.494,0.46829793060593805,0.0,0.0,0.0,0,0,4.0,1,60,42.0,Raya
1046,9,David_Raya Martin,GKP,3,90.0,0.0,0.001129059346678852,0.0,,4.494,0.5243305164132855,0.0,0.0,0.0,0,0,4.0,1,60,42.0,Raya
1047,10,David_Raya Martin,GKP,3,90.0,0.0,0.00112872347125992,0.0,,4.494,0.39061569658694406,0.0,0.0,0.0,0,0,4.0,1,60,42.0,Raya
1048,11,David_Raya Martin,GKP,3,90.0,0.0,0.0011283820380732401,0.0,,4.494,0.44429360419701236,0.0,0.0,0.0,0,0,4.0,1,60,42.0,Raya
1049,12,David_Raya Martin,GKP,3,90.0,0.0,0.001128194970020716,0.0,,4.494,0.5243777260448561,0.0,0.0,0.0,0,0,4.0,1,60,42.0,Raya
1050,6,Dayann_Méthalie,DEF,56,21.394482290889048,0.0625708884716281,0.0579933570715516,0.0,0.0015811189931311312,2.330399999999999,0.0,0.0265768898928847,0.0315855885698299,0.1,6,3,4.0,2,45,0.0,Methalie
1051,7,Dayann_Méthalie,DEF,56,21.37079743483289,0.0625792895397298,0.0579399617353555,0.0,0.002693703889700639,2.330399999999999,0.0,0.0539343394566716,0.0350964916114288,0.1,6,3,4.0,2,45,0.0,Methalie
1052,8,Dayann_Méthalie,DEF,56,21.34715976207981,0.0625878906622883,0.0578867292853027,0.0,0.0021336837582686986,2.330399999999999,0.0,0.07078655240023,0.0561971162677075,0.1,6,3,4.0,2,45,0.0,Methalie
1053,9,Dayann_Méthalie,DEF,56,21.324174932748825,0.0625958300164028,0.0578333659014161,0.0,0.0015733233391090353,2.330399999999999,0.0,0.0440900662312232,0.0342011051202082,0.1,6,3,4.0,2,45,0.0,Methalie
1054,10,Dayann_Méthalie,DEF,56,21.30314821578,0.0626026649660928,0.0577794727324669,0.0,0.001412367048940244,2.330399999999999,0.0,0.0456201977756334,0.02560444811066,0.1,6,3,4.0,2,45,0.0,Methalie
1055,11,Dayann_Méthalie,DEF,56,21.287393233529976,0.0626080549029364,0.0577248880358058,0.0,0.00209017826683435,2.330399999999999,0.0,0.0430008805695656,0.0202850875521248,0.1,6,3,4.0,2,45,0.0,Methalie
1056,12,Dayann_Méthalie,DEF,56,21.27033822844533,0.0626141293092043,0.0576706290798556,0.0,0.0032090968283717885,2.330399999999999,0.0,0.052493727298415,0.0268053738104255,0.1,6,3,4.0,2,45,0.0,Methalie
1057,6,Dean_Henderson,GKP,31,0.0,3.38877170465093e-13,2.9486259213192037e-07,0.0,,4.45,0.6652959940786897,0.0,0.0,0.12,0,0,4.0,1,50,1.3,Henderson
1058,7,Dean_Henderson,GKP,31,0.0,3.457495506554411e-13,3.0358657389313853e-07,0.0,,4.45,0.7692187325082105,0.0,0.0,0.12,0,0,4.0,1,50,1.3,Henderson
1059,8,Dean_Henderson,GKP,31,0.0,3.458067923510743e-13,3.036374054561577e-07,0.0,,4.45,0.6879239244632265,0.0,0.0,0.12,0,0,4.0,1,50,1.3,Henderson
1060,9,Dean_Henderson,GKP,31,0.0,3.458605472803684e-13,3.0368613279249063e-07,0.0,,4.45,0.6873566641484934,0.0,0.0,0.12,0,0,4.0,1,50,1.3,Henderson
1061,10,Dean_Henderson,GKP,31,0.0,3.459163898131529e-13,3.0373582741130135e-07,0.0,,4.45,0.779344427886295,0.0,0.0,0.12,0,0,4.0,1,50,1.3,Henderson
1062,11,Dean_Henderson,GKP,31,0.0,3.459689118820156e-13,3.037840439034136e-07,0.0,,4.45,0.6523988690640055,0.0,0.0,0.12,0,0,4.0,1,50,1.3,Henderson
1063,12,Dean_Henderson,GKP,31,0.0,3.4602436600011345e-13,3.0383407877659846e-07,0.0,,4.45,0.6243685957901774,0.0,0.0,0.12,0,0,4.0,1,50,1.3,Henderson
1064,6,Declan_Rice,MID,3,80.197966,0.04125961025984099,0.14653120614198056,0.0,0.17511204933060737,7.7,0.0,0.1032922855340508,0.10390984845412,0.1,5,3,1.0,2,74,12.2,Rice
1065,7,Declan_Rice,MID,3,80.221966,0.041465046492320023,0.14667049538705068,0.0,0.1843474663958173,7.7,0.0,0.0745833114716031,0.0768185326234935,0.1,5,3,1.0,2,74,12.2,Rice
1066,8,Declan_Rice,MID,3,80.245966,0.04167379889925195,0.14681026133879777,0.0,0.22014968485257394,7.7,0.0,0.0684445445946984,0.0929980432435829,0.1,5,3,1.0,2,74,12.2,Rice
1067,9,Declan_Rice,MID,3,80.269966,0.04188009913983011,0.146946324393948,0.0,0.270046391217438,7.7,0.0,0.0369063418813318,0.0691813954789699,0.1,5,3,1.0,2,74,12.2,Rice
1068,10,Declan_Rice,MID,3,80.293966,0.04188673417333039,0.14690804736965202,0.0,0.13043423743523588,7.7,0.0,0.0568772559482958,0.0901681033145862,0.1,5,3,1.0,2,74,12.2,Rice
1069,11,Declan_Rice,MID,3,80.317966,0.04189317504411165,0.14686913697120677,0.0,0.2090134425445157,7.7,0.0,0.0576949851966989,0.1085060286467325,0.1,5,3,1.0,2,74,12.2,Rice
1070,12,Declan_Rice,MID,3,80.341966,0.041900704116730234,0.1468478183274804,0.0,0.23941196546112692,7.7,0.0,0.0475778188966921,0.0694586861700251,0.1,5,3,1.0,2,74,12.2,Rice
1071,6,Dejan_Kulusevski,MID,6,0.0,0.1197616407044508,0.12296170247645791,0.0,,1.74,0.0,0.1119957605907742,0.1332858089793131,0.1,5,3,1.0,2,65,0.0,Kulusevski
1072,7,Dejan_Kulusevski,MID,6,0.0,0.1200208473636236,0.1223133668830493,0.0,,1.74,0.0,0.0842332060993205,0.1188923620107288,0.1,5,3,1.0,2,65,0.0,Kulusevski
1073,8,Dejan_Kulusevski,MID,6,0.0,0.120426964312676,0.12134571948849497,0.0,,1.74,0.0,0.0533112851817121,0.0911547974260361,0.1,5,3,1.0,2,65,0.0,Kulusevski
1074,9,Dejan_Kulusevski,MID,6,0.0,0.1205436259882063,0.12105157064709711,0.0,,1.74,0.0,0.0822560971477504,0.1524742200371775,0.1,5,3,1.0,2,65,0.0,Kulusevski
1075,10,Dejan_Kulusevski,MID,6,0.0,0.1205236987439815,0.12106772056088706,0.0,,1.74,0.0,0.0928778036155075,0.1172272670252035,0.1,5,3,1.0,2,65,0.0,Kulusevski
1076,11,Dejan_Kulusevski,MID,6,0.0,0.1205025500128503,0.1210836858998161,0.0,,1.74,0.0,0.0842332060993205,0.1188923620107288,0.1,5,3,1.0,2,65,0.0,Kulusevski
1077,12,Dejan_Kulusevski,MID,6,0.0,0.120481575018012,0.12109857200481301,0.0,,1.74,0.0,0.085880677692756,0.1056084642760237,0.1,5,3,1.0,2,65,0.0,Kulusevski
1078,6,Destiny_Udogie,DEF,6,49.49019500565361,0.023854866278709405,0.0852704052481117,0.0,0.003922042360745557,1.1360000000000001,0.0,0.0428987940978528,0.0818561894866903,0.12,6,3,4.0,2,44,0.3,Udogie
1079,7,Destiny_Udogie,DEF,6,48.9938222771317,0.023908936662784815,0.08487793093948884,0.0,0.0024987325143529817,1.1360000000000001,0.0,0.0432402221981642,0.1043281347865106,0.12,6,3,4.0,2,44,0.3,Udogie
1080,8,Destiny_Udogie,DEF,6,48.26297140214628,0.02399365246246717,0.08429215908610074,0.0,0.00212158704937158,1.1360000000000001,0.0,0.0631097915681744,0.0640934742919765,0.12,6,3,4.0,2,44,0.3,Udogie
1081,9,Destiny_Udogie,DEF,6,48.00597876619461,0.024017988031711145,0.084114094108127,0.0,0.00287843604342745,1.1360000000000001,0.0,0.0926757578609484,0.1879020492283666,0.12,6,3,4.0,2,44,0.3,Udogie
1082,10,Destiny_Udogie,DEF,6,47.97514460822102,0.024013831218177715,0.08412387056697561,0.0,0.003121725830047482,1.1360000000000001,0.0,0.0213032915553581,0.1622903307898582,0.12,6,3,4.0,2,44,0.3,Udogie
1083,11,Destiny_Udogie,DEF,6,47.943826402985394,0.02400941960306482,0.08413353529219174,0.0,0.0023923720693237497,1.1360000000000001,0.0,0.0432402221981642,0.1043281347865106,0.12,6,3,4.0,2,44,0.3,Udogie
1084,12,Destiny_Udogie,DEF,6,47.91256807353483,0.024005044229258827,0.084142546695894,0.0,0.002814330786267688,1.1360000000000001,0.0,0.0506062441125376,0.0961300594458143,0.12,6,3,4.0,2,44,0.3,Udogie
1085,6,Diego_Coppola,DEF,36,35.977907083102664,0.0479336175746424,0.0333853582725557,0.0,0.002861849196261316,3.70065619047619,0.0,0.0366746478210848,0.040303852137383,0.1,6,3,4.0,2,45,0.0,Coppola
1086,7,Diego_Coppola,DEF,36,35.453687831766445,0.0480587341176728,0.0334708229352163,0.0,0.0027884396634399464,3.70065619047619,0.0,0.0576745797658112,0.0527526549054485,0.1,6,3,4.0,2,45,0.0,Coppola
1087,8,Diego_Coppola,DEF,36,35.57353563622321,0.0480396455043373,0.0334670468393364,0.0,0.00499015147144911,3.70065619047619,0.0,0.0345883844346893,0.02331174536266,0.1,6,3,4.0,2,45,0.0,Coppola
1088,9,Diego_Coppola,DEF,36,35.629377108147764,0.0480330692781361,0.0334580794451268,0.0,0.004326675792804925,3.70065619047619,0.0,0.0297669938520948,0.018348571633679,0.1,6,3,4.0,2,45,0.0,Coppola
1089,10,Diego_Coppola,DEF,36,35.68682833377939,0.0480259282531066,0.0334488288284643,0.0,0.005662331219732095,3.70065619047619,0.0,0.0764095249963934,0.0286394203968533,0.1,6,3,4.0,2,45,0.0,Coppola
1090,11,Diego_Coppola,DEF,36,35.742030078231686,0.048019453850629,0.0334398752128998,0.0,0.002235513842495182,3.70065619047619,0.0,0.0440900662312232,0.0342011051202082,0.1,6,3,4.0,2,45,0.0,Coppola
1091,12,Diego_Coppola,DEF,36,35.79787021981659,0.0480127292580946,0.0334308499603065,0.0,0.0037594475085794762,3.70065619047619,0.0,0.0441562832773488,0.040413775623652,0.1,6,3,4.0,2,45,0.0,Coppola
1092,6,Diego_Gómez Amarilla,MID,36,76.08661799999999,0.1274776229918268,0.11363630134516002,0.0,0.0744337557066584,1.624,0.0,0.0817530645115434,0.1446965004790163,0.24,5,3,1.0,2,50,4.1,Gomez
1093,7,Diego_Gómez Amarilla,MID,36,76.08661799999999,0.12778726269725565,0.1139201729543481,0.0,0.07556392013756497,1.624,0.0,0.1652776886367873,0.1759321123387592,0.24,5,3,1.0,2,50,4.1,Gomez
1094,8,Diego_Gómez Amarilla,MID,36,76.08661799999999,0.1277400220009647,0.11390763061953398,0.0,0.13202245999143697,1.624,0.0,0.1222370154519599,0.1239528530149927,0.24,5,3,1.0,2,50,4.1,Gomez
1095,9,Diego_Gómez Amarilla,MID,36,76.08661799999999,0.12772374708883524,0.11387784534284456,0.0,0.11463896864820106,1.624,0.0,0.09886899903714,0.1282297948275641,0.24,5,3,1.0,2,50,4.1,Gomez
1096,10,Diego_Gómez Amarilla,MID,36,76.08661799999999,0.12770607440676593,0.11384711934035177,0.0,0.14760285263384268,1.624,0.0,0.1240191589748917,0.1296590777735466,0.24,5,3,1.0,2,50,4.1,Gomez
1097,11,Diego_Gómez Amarilla,MID,36,76.08661799999999,0.12769005148903304,0.11381737982955022,0.0,0.059256028723804643,1.624,0.0,0.1268997194477113,0.1551143810956354,0.24,5,3,1.0,2,50,4.1,Gomez
1098,12,Diego_Gómez Amarilla,MID,36,76.08661799999999,0.12767340939837862,0.11378740237574392,0.0,0.09873976969508061,1.624,0.0,0.0971874929788598,0.199350807499842,0.24,5,3,1.0,2,50,4.1,Gomez
1099,6,Dilane_Bakwa,MID,17,0.0,0.13425778123563756,0.18927052376776182,0.0,2.7132975334766463e-05,3.09097678141136,0.0,0.1652776886367873,0.1759321123387592,0.0894913080895008,5,3,1.0,2,55,0.0,Bakwa
1100,7,Dilane_Bakwa,MID,17,0.0,0.13421190029993302,0.1892216151268,0.0,2.3642430714549928e-05,3.09097678141136,0.0,0.076157361279352,0.1133288670034329,0.0894913080895008,5,3,1.0,2,55,0.0,Bakwa
1101,8,Dilane_Bakwa,MID,17,0.0,0.1341639498286694,0.18917170275562264,0.0,2.2423433148797502e-05,3.09097678141136,0.0,0.1268997194477113,0.1551143810956354,0.0894913080895008,5,3,1.0,2,55,0.0,Bakwa
1102,9,Dilane_Bakwa,MID,17,0.0,0.13389255885586818,0.18894817078315343,0.0,5.641035839409437e-05,3.09097678141136,0.0,0.1240191589748917,0.1296590777735466,0.0894913080895008,5,3,1.0,2,55,0.0,Bakwa
1103,10,Dilane_Bakwa,MID,17,0.0,0.1338404406889995,0.18889523137950828,0.0,4.259748054109178e-05,3.09097678141136,0.0,0.09886899903714,0.1282297948275641,0.0894913080895008,5,3,1.0,2,55,0.0,Bakwa
1104,11,Dilane_Bakwa,MID,17,0.0,0.13378998690073338,0.18884391832997946,0.0,3.786836940583596e-05,3.09097678141136,0.0,0.0553819610582226,0.1857348552224726,0.0894913080895008,5,3,1.0,2,55,0.0,Bakwa
1105,12,Dilane_Bakwa,MID,17,0.0,0.13373893187649874,0.18879133918047172,0.0,1.923031632883967e-05,3.09097678141136,0.0,0.1260591051724412,0.1314494178124841,0.0894913080895008,5,3,1.0,2,55,0.0,Bakwa
1106,6,Dillon_Phillips,GKP,88,0.0,0.1067770042121536,0.022732048837028,0.0,0.0005574517377564216,4.512650677771743,0.7688118350639075,0.0459456519173773,0.0386203456380479,0.1,0,0,4.0,1,40,1.4,Phillips
1107,7,Dillon_Phillips,GKP,88,0.0,0.1065803680896051,0.0227326216791652,0.0,0.0003028443065402297,4.512650677771743,0.7693056308788608,0.0323786694324084,0.0238084655632736,0.1,0,0,4.0,1,40,1.4,Phillips
1108,8,Dillon_Phillips,GKP,88,0.0,0.1069397647744489,0.0227982135751031,0.0,0.000794650335521462,4.512650677771743,0.6709519502827412,0.0764095249963934,0.0286394203968533,0.1,0,0,4.0,1,40,1.4,Phillips
1109,9,Dillon_Phillips,GKP,88,0.0,0.1071707751634386,0.0228026576975017,0.0,0.00033213414096968887,4.512650677771743,0.8238300181874465,0.0440900662312232,0.0342011051202082,0.1,0,0,4.0,1,40,1.4,Phillips
1110,10,Dillon_Phillips,GKP,88,0.0,0.1074151153704088,0.0228235408258997,0.0,0.0003492002595030991,4.512650677771743,0.7527397357907174,0.0283871455110724,0.0678417594345503,0.1,0,0,4.0,1,40,1.4,Phillips
1111,11,Dillon_Phillips,GKP,88,0.0,0.1076614730256315,0.0228445175734144,0.0,0.0003192225303940768,4.512650677771743,0.8229807092426354,0.0265768898928847,0.0315855885698299,0.1,0,0,4.0,1,40,1.4,Phillips
1112,12,Dillon_Phillips,GKP,88,0.0,0.1079106058921303,0.0228658228408903,0.0,0.00039780485506194646,4.512650677771743,0.6787763985310811,0.0576745797658112,0.0527526549054485,0.1,0,0,4.0,1,40,1.4,Phillips
1113,6,Diogo_Dalot Teixeira,DEF,1,56.66582091649846,0.03839705002864648,0.0707562831773105,0.0,0.016916004137798618,2.112,0.0,0.0813127279922636,0.1108935603943818,0.15,6,3,4.0,2,49,1.7,Dalot
1114,7,Diogo_Dalot Teixeira,DEF,1,56.19816977624522,0.03808175335023344,0.07051257014316252,0.0,0.010819420890975241,2.112,0.0,0.0539164999254806,0.1088920375930353,0.15,6,3,4.0,2,49,1.7,Dalot
1115,8,Diogo_Dalot Teixeira,DEF,1,55.17459988099623,0.03756117855010942,0.0705636942952303,0.0,0.012567839130544678,2.112,0.0,0.0341640741201375,0.0464008608397502,0.15,6,3,4.0,2,49,1.7,Dalot
1116,9,Diogo_Dalot Teixeira,DEF,1,55.02135419581798,0.03746771709478765,0.07059762722879637,0.0,0.006571195482403348,2.112,0.0,0.0258215885423753,0.065374644385858,0.15,6,3,4.0,2,49,1.7,Dalot
1117,10,Diogo_Dalot Teixeira,DEF,1,54.98479578835142,0.03748655171350668,0.07060338480762512,0.0,0.00968876970537634,2.112,0.0,0.0348944706518137,0.102631454475445,0.15,6,3,4.0,2,49,1.7,Dalot
1118,11,Diogo_Dalot Teixeira,DEF,1,54.95113856491123,0.037504557768453746,0.07060814901261936,0.0,0.015955593569760243,2.112,0.0,0.0253111663142996,0.0466702106609451,0.15,6,3,4.0,2,49,1.7,Dalot
1119,12,Diogo_Dalot Teixeira,DEF,1,54.917575028899286,0.037522794882007916,0.07061288105976346,0.0,0.017879783787016355,2.112,0.0,0.0506358535297079,0.1127669562337763,0.15,6,3,4.0,2,49,1.7,Dalot
1120,6,Divine_Mukasa,MID,43,0.0,0.1093348206860583,0.1463247532583287,0.0,9.049172315719768e-05,6.864678571428572,0.0,0.070552064626671,0.1127830621923689,0.1,5,3,1.0,2,45,0.1,Mukasa
1121,7,Divine_Mukasa,MID,43,0.0,0.1065963746735543,0.1442631984221882,0.0,4.07524276264098e-05,6.864678571428572,0.0,0.0842332060993205,0.1188923620107288,0.1,5,3,1.0,2,45,0.1,Mukasa
1122,8,Divine_Mukasa,MID,43,0.0,0.1065819592508436,0.144227900216446,0.0,5.297557324848696e-05,6.864678571428572,0.0,0.0858497032968192,0.1237171984305226,0.1,5,3,1.0,2,45,0.1,Mukasa
1123,9,Divine_Mukasa,MID,43,0.0,0.1065669384742414,0.144192666683055,0.0,3.908078966454539e-05,6.864678571428572,0.0,0.0957882179850394,0.1113283019034307,0.1,5,3,1.0,2,45,0.1,Mukasa
1124,10,Divine_Mukasa,MID,43,0.0,0.1065521457896861,0.1441567150311258,0.0,5.710748813248277e-05,6.864678571428572,0.0,0.1202318081610187,0.1776752802788837,0.1,5,3,1.0,2,45,0.1,Mukasa
1125,11,Divine_Mukasa,MID,43,0.0,0.1065377347092605,0.1441214025852257,0.0,3.696607318648273e-05,6.864678571428572,0.0,0.0936735501911697,0.0888189627888669,0.1,5,3,1.0,2,45,0.1,Mukasa
1126,12,Divine_Mukasa,MID,43,0.0,0.1065224647744433,0.1440858370557634,0.0,4.296780129896387e-05,6.864678571428572,0.0,0.0676432579115817,0.1324297279869411,0.1,5,3,1.0,2,45,0.1,Mukasa
1127,6,Djed_Spence,DEF,6,0.0,0.04064792305785544,0.09062607236534653,0.0,0.00011134768597937243,1.392,0.0,0.0428987940978528,0.0818561894866903,0.12,6,3,4.0,2,45,0.2,Spence
1128,7,Djed_Spence,DEF,6,0.0,0.04073506782294598,0.09016475874863157,0.0,7.36815529581207e-05,1.392,0.0,0.0432402221981642,0.1043281347865106,0.12,6,3,4.0,2,45,0.2,Spence
1129,8,Djed_Spence,DEF,6,0.0,0.040871603536331756,0.08947624353548433,0.0,6.624447119812289e-05,1.392,0.0,0.0631097915681744,0.0640934742919765,0.12,6,3,4.0,2,45,0.2,Spence
1130,9,Djed_Spence,DEF,6,0.0,0.0409108249604325,0.08926694627144804,0.0,9.177039034736366e-05,1.392,0.0,0.0926757578609484,0.1879020492283666,0.12,6,3,4.0,2,45,0.2,Spence
1131,10,Djed_Spence,DEF,6,0.0,0.04090412546041805,0.08927843750409947,0.0,9.978819660717265e-05,1.392,0.0,0.0213032915553581,0.1622903307898582,0.12,6,3,4.0,2,45,0.2,Spence
1132,11,Djed_Spence,DEF,6,0.0,0.04089701529892661,0.08928979740523448,0.0,7.661743114986249e-05,1.392,0.0,0.0432402221981642,0.1043281347865106,0.12,6,3,4.0,2,45,0.2,Spence
1133,12,Djed_Spence,DEF,6,0.0,0.04088996354723244,0.0893003893934035,0.0,9.038412745226228e-05,1.392,0.0,0.0506062441125376,0.0961300594458143,0.12,6,3,4.0,2,45,0.2,Spence
1134,6,Djiamgone_Jocelin Ta Bi,MID,56,5.710611410236642,0.1280572991691807,0.1175953378436779,0.0,4.782889030551702e-05,3.7780396682971316,0.0,0.0894262475542055,0.1651836631871084,0.1,5,3,1.0,2,50,0.0,Jocelin.T
1135,7,Djiamgone_Jocelin Ta Bi,MID,56,5.685628168477472,0.1280740867710979,0.1174890287913834,0.0,8.403861927163188e-05,3.7780396682971316,0.0,0.0553819610582226,0.1857348552224726,0.1,5,3,1.0,2,50,0.0,Jocelin.T
1136,8,Djiamgone_Jocelin Ta Bi,MID,56,5.660694696573983,0.1280912741358242,0.1173830440421604,0.0,6.564108581932858e-05,3.7780396682971316,0.0,0.1126991599369654,0.1833905663030322,0.1,5,3,1.0,2,50,0.0,Jocelin.T
1137,9,Djiamgone_Jocelin Ta Bi,MID,56,5.636449856469919,0.1281071391085564,0.1172767986062787,0.0,4.754256387065837e-05,3.7780396682971316,0.0,0.1268997194477113,0.1551143810956354,0.1,5,3,1.0,2,50,0.0,Jocelin.T
1138,10,Djiamgone_Jocelin Ta Bi,MID,56,5.614270470950823,0.1281207971831168,0.1171694983788751,0.0,4.240615340999967e-05,3.7780396682971316,0.0,0.1260591051724412,0.1314494178124841,0.1,5,3,1.0,2,50,0.0,Jocelin.T
1139,11,Djiamgone_Jocelin Ta Bi,MID,56,5.5976518126178165,0.1281315677319321,0.1170608213335522,0.0,6.418294787354643e-05,3.7780396682971316,0.0,0.1528638217362915,0.0934867601094268,0.1,5,3,1.0,2,50,0.0,Jocelin.T
1140,12,Djiamgone_Jocelin Ta Bi,MID,56,5.579661865192193,0.1281437060354281,0.1169527928315053,0.0,0.00010106015632322236,3.7780396682971316,0.0,0.1186409762327798,0.0988612668204811,0.1,5,3,1.0,2,50,0.0,Jocelin.T
1141,6,Dominic_Calvert-Lewin,FWD,2,78.42023999999999,0.29864411790855283,0.06322620508036911,0.12,0.0070795982881248455,1.0,0.0,0.2686708389316911,0.1234648585781471,0.15,4,3,0.0,2,60,25.4,Calvert-Lewin
1142,7,Dominic_Calvert-Lewin,FWD,2,78.47724,0.29862849988552087,0.06322665794569773,0.12,0.009993424669834166,1.0,0.0,0.1582373678053648,0.1067667619926839,0.15,4,3,0.0,2,60,25.4,Calvert-Lewin
1143,8,Dominic_Calvert-Lewin,FWD,2,78.53124,0.298615107079452,0.06322705856317049,0.12,0.008067947071801557,1.0,0.0,0.3107258993287308,0.1106489791789369,0.15,4,3,0.0,2,60,25.4,Calvert-Lewin
1144,9,Dominic_Calvert-Lewin,FWD,2,78.58524,0.29860215079325136,0.06322754904784407,0.12,0.011465818593460636,1.0,0.0,0.2588988784046943,0.0835343475833465,0.15,4,3,0.0,2,60,25.4,Calvert-Lewin
1145,10,Dominic_Calvert-Lewin,FWD,2,78.64224,0.29858639997434877,0.06322773966076448,0.12,0.013962657706336977,1.0,0.0,0.1816445166652931,0.0735228775864095,0.15,4,3,0.0,2,60,25.4,Calvert-Lewin
1146,11,Dominic_Calvert-Lewin,FWD,2,78.69623999999999,0.29857173706857526,0.06322795980517226,0.12,0.0059079805122763465,1.0,0.0,0.2699527724353497,0.1092810666119734,0.15,4,3,0.0,2,60,25.4,Calvert-Lewin
1147,12,Dominic_Calvert-Lewin,FWD,2,78.75023999999999,0.2985571831822839,0.0632282490597306,0.12,0.0066381381827729435,1.0,0.0,0.2767363309065365,0.1027633521295426,0.15,4,3,0.0,2,60,25.4,Calvert-Lewin
1148,6,Dominic_Solanke-Mitchell,FWD,6,30.465224260555857,0.24056302620040104,0.06695912593107047,0.0,0.0003499297082747871,1.0,0.0,0.1582373678053648,0.1067667619926839,0.02,4,3,0.0,2,58,0.8,Solanke
1149,7,Dominic_Solanke-Mitchell,FWD,6,29.90412183320865,0.2410528128380933,0.06663971387286785,0.0,0.0002151745455547764,1.0,0.0,0.2767363309065365,0.1027633521295426,0.02,4,3,0.0,2,58,0.8,Solanke
1150,8,Dominic_Solanke-Mitchell,FWD,6,29.083424355746367,0.24182019534138652,0.06616298816314088,0.0,0.00017871993954610547,1.0,0.0,0.2699527724353497,0.1092810666119734,0.02,4,3,0.0,2,58,0.8,Solanke
1151,9,Dominic_Solanke-Mitchell,FWD,6,28.778917079093283,0.24204063462326242,0.06601807141353776,0.0,0.0002453858846852333,1.0,0.0,0.508906701575971,0.1270447035747427,0.02,4,3,0.0,2,58,0.8,Solanke
1152,10,Dominic_Solanke-Mitchell,FWD,6,28.714425158610027,0.2420029808917631,0.06602602790590972,0.0,0.00026655127346377486,1.0,0.0,0.3479730393459483,0.0845739406189787,0.02,4,3,0.0,2,58,0.8,Solanke
1153,11,Dominic_Solanke-Mitchell,FWD,6,28.65283488927658,0.2419630190869805,0.06603389346476396,0.0,0.0002005294389158973,1.0,0.0,0.2767363309065365,0.1027633521295426,0.02,4,3,0.0,2,58,0.8,Solanke
1154,12,Dominic_Solanke-Mitchell,FWD,6,28.5913725582812,0.24192338556741655,0.06604122732316077,0.0,0.0002374611493858384,1.0,0.0,0.3107258993287308,0.1106489791789369,0.02,4,3,0.0,2,58,0.8,Solanke
1155,6,Dominik_Szoboszlai,MID,14,90.0,0.10928518897251867,0.17823279130691905,0.0375,0.2595550831961788,7.821999999999999,0.0,0.0475778188966921,0.0694586861700251,0.25,5,3,1.0,2,70,33.7,Szoboszlai
1156,7,Dominik_Szoboszlai,MID,14,90.0,0.10946307435561871,0.1781547457611746,0.0375,0.32286757158557067,7.821999999999999,0.0,0.0655689624381491,0.1074576445370588,0.25,5,3,1.0,2,70,33.7,Szoboszlai
1157,8,Dominik_Szoboszlai,MID,14,90.0,0.10953065562285964,0.1782952846708498,0.0375,0.14648118974410473,7.821999999999999,0.0,0.0339066031345481,0.0862882361652565,0.25,5,3,1.0,2,70,33.7,Szoboszlai
1158,9,Dominik_Szoboszlai,MID,14,90.0,0.10941167030000315,0.17796061616532852,0.0375,0.15904914505677914,7.821999999999999,0.0,0.0502408361290219,0.1066747570632133,0.25,5,3,1.0,2,70,33.7,Szoboszlai
1159,10,Dominik_Szoboszlai,MID,14,90.0,0.10947586587562562,0.1780923910645997,0.0375,0.17896743028912948,7.821999999999999,0.0,0.034021699908773,0.1250502673893471,0.25,5,3,1.0,2,70,33.7,Szoboszlai
1160,11,Dominik_Szoboszlai,MID,14,90.0,0.10953968576389449,0.17822349318793843,0.0375,0.21242928050608714,7.821999999999999,0.0,0.0851448500107218,0.0764877641077813,0.25,5,3,1.0,2,70,33.7,Szoboszlai
1161,12,Dominik_Szoboszlai,MID,14,90.0,0.10984967413254428,0.17857029277119194,0.0375,0.24063535817595985,7.821999999999999,0.0,0.0684445445946984,0.0929980432435829,0.25,5,3,1.0,2,70,33.7,Szoboszlai
1162,6,Dwight_McNeil,MID,31,47.49192750694901,0.1283518256245949,0.12856691388929203,0.0,0.0042969354945924425,2.288,0.0,0.0757386597383645,0.1958612735530401,0.05,5,3,1.0,2,54,0.1,McNeil
1163,7,Dwight_McNeil,MID,31,42.516147247447805,0.1308710471334781,0.13247616566787462,0.0,0.0018896850061686187,2.288,0.0,0.0894262475542055,0.1651836631871084,0.05,5,3,1.0,2,54,0.1,McNeil
1164,8,Dwight_McNeil,MID,31,42.389856875599776,0.1308920303309803,0.13249894349840888,0.0,0.003141191365408989,2.288,0.0,0.0971874929788598,0.199350807499842,0.05,5,3,1.0,2,54,0.1,McNeil
1165,9,Dwight_McNeil,MID,31,42.26359384806081,0.1309117353778979,0.1325207784163899,0.0,0.0039432699271982515,2.288,0.0,0.1186409762327798,0.0988612668204811,0.05,5,3,1.0,2,54,0.1,McNeil
1166,10,Dwight_McNeil,MID,31,42.13732805914356,0.130932205681607,0.13254304677759124,0.0,0.004222240330747177,2.288,0.0,0.1222370154519599,0.1239528530149927,0.05,5,3,1.0,2,54,0.1,McNeil
1167,11,Dwight_McNeil,MID,31,42.0118241366453,0.1309514587965257,0.1325646527841953,0.0,0.0018077270857558508,2.288,0.0,0.1268997194477113,0.1551143810956354,0.05,5,3,1.0,2,54,0.1,McNeil
1168,12,Dwight_McNeil,MID,31,41.88482922172773,0.1309717867183227,0.1325870736147681,0.0,0.0017415618842754228,2.288,0.0,0.1268997194477113,0.1551143810956354,0.05,5,3,1.0,2,54,0.1,McNeil
1169,6,Dário_Luís Essugo,MID,8,0.0,0.11731992358096,0.129058916403794,0.0,5.6288692500484636e-05,4.2316621934560015,0.0,0.0866961224313779,0.114569503221635,0.1,5,3,1.0,2,45,0.1,D.Essugo
1170,7,Dário_Luís Essugo,MID,8,0.0,0.1164736709719271,0.1291756847788374,0.0,5.762059339927326e-05,4.2316621934560015,0.0,0.1053742839427626,0.1147639713719944,0.1,5,3,1.0,2,45,0.1,D.Essugo
1171,8,Dário_Luís Essugo,MID,8,0.0,0.1152239485835213,0.1293185521946465,0.0,6.833365931466822e-05,4.2316621934560015,0.0,0.0518416411242582,0.115884505791489,0.1,5,3,1.0,2,45,0.1,D.Essugo
1172,9,Dário_Luís Essugo,MID,8,0.0,0.1150327342764729,0.1293960928973818,0.0,4.9476031367349336e-05,4.2316621934560015,0.0,0.1119957605907742,0.1332858089793131,0.1,5,3,1.0,2,45,0.1,D.Essugo
1173,10,Dário_Luís Essugo,MID,8,0.0,0.1152292190871224,0.129533393140615,0.0,3.9688013046562444e-05,4.2316621934560015,0.0,0.085880677692756,0.1056084642760237,0.1,5,3,1.0,2,45,0.1,D.Essugo
1174,11,Dário_Luís Essugo,MID,8,0.0,0.1154298707904222,0.1296725312159695,0.0,4.4063914945763035e-05,4.2316621934560015,0.0,0.0928778036155075,0.1172272670252035,0.1,5,3,1.0,2,45,0.1,D.Essugo
1175,12,Dário_Luís Essugo,MID,8,0.0,0.1154590824919803,0.129692398061361,0.0,4.670786575773242e-05,4.2316621934560015,0.0,0.1202318081610187,0.1776752802788837,0.1,5,3,1.0,2,45,0.1,D.Essugo
1176,6,Eberechi_Eze,MID,3,26.355262307009752,0.17323236920045035,0.13846131732075423,0.0,0.00021552978087739666,4.386,0.0,0.1370880123440694,0.1898374177465581,0.02,5,3,1.0,2,63,1.0,Eze
1177,7,Eberechi_Eze,MID,3,25.705616212182044,0.17404620914066024,0.1385967514782728,0.0,0.00021558275306844896,4.386,0.0,0.1492881486069769,0.1714654190081598,0.02,5,3,1.0,2,63,1.0,Eze
1178,8,Eberechi_Eze,MID,3,25.05485747774597,0.1748731861754614,0.13873264914872913,0.0,0.00025092785548365957,4.386,0.0,0.1581050387935625,0.1406563672099904,0.02,5,3,1.0,2,63,1.0,Eze
1179,9,Eberechi_Eze,MID,3,24.413040922358483,0.17569044890186297,0.13886494640710242,0.0,0.0003043471447469693,4.386,0.0,0.1389030075974817,0.2361507048222439,0.02,5,3,1.0,2,63,1.0,Eze
1180,10,Eberechi_Eze,MID,3,24.29929930927934,0.17571673372612184,0.13882772877026878,0.0,0.00012686172784209638,4.386,0.0,0.1542164581176329,0.1806105923991114,0.02,5,3,1.0,2,63,1.0,Eze
1181,11,Eberechi_Eze,MID,3,24.18568201356809,0.17574224937070054,0.13878989528908736,0.0,0.00021675614742656187,4.386,0.0,0.1113458150315947,0.1892932248153172,0.02,5,3,1.0,2,63,1.0,Eze
1182,12,Eberechi_Eze,MID,3,24.092034773530152,0.17577207594966304,0.13876916667826708,0.0,0.0002530173098206336,4.386,0.0,0.1260358149771998,0.2023191987723669,0.02,5,3,1.0,2,63,1.0,Eze
1183,6,Eddie_Nketiah,FWD,31,53.06659705844135,0.21414380644224157,0.12204437313958616,0.0,0.003911234503557294,1.0,0.0,0.1492881486069769,0.1714654190081598,0.15,4,3,0.0,2,55,0.5,Nketiah
1184,7,Eddie_Nketiah,FWD,31,49.28363095035554,0.21855040441209192,0.1256720981963073,0.0,0.001912658414005382,1.0,0.0,0.1568333574163208,0.1479354673274162,0.15,4,3,0.0,2,55,0.5,Nketiah
1185,8,Eddie_Nketiah,FWD,31,49.257839015897375,0.2185871080188164,0.12569323566998442,0.0,0.0032079188054981523,1.0,0.0,0.1113458150315947,0.1892932248153172,0.15,4,3,0.0,2,55,0.5,Nketiah
1186,9,Eddie_Nketiah,FWD,31,49.232068266622434,0.21862157589686393,0.1257134981354274,0.0,0.004063154202167347,1.0,0.0,0.1618205164382563,0.1266052744503581,0.15,4,3,0.0,2,55,0.5,Nketiah
1187,10,Eddie_Nketiah,FWD,31,49.20373562118171,0.2186573823547117,0.12573416282946026,0.0,0.004388648199743756,1.0,0.0,0.1389030075974817,0.2361507048222439,0.15,4,3,0.0,2,55,0.5,Nketiah
1188,11,Eddie_Nketiah,FWD,31,49.17855189985774,0.21869105971766492,0.12575421286869354,0.0,0.0018959992198231339,1.0,0.0,0.1542164581176329,0.1806105923991114,0.15,4,3,0.0,2,55,0.5,Nketiah
1189,12,Eddie_Nketiah,FWD,31,49.152212972186405,0.21872661712244473,0.12577501905193997,0.0,0.0018430729034050173,1.0,0.0,0.1542164581176329,0.1806105923991114,0.15,4,3,0.0,2,55,0.5,Nketiah
1190,6,El_Hadji Malick Diouf,DEF,94,43.38275285492392,0.0681795633487389,0.14190506461793465,0.0,0.004920668902094253,1.58,0.0,0.0454524963808904,0.0781006254281835,0.18,6,3,4.0,2,45,0.1,Diouf
1191,7,El_Hadji Malick Diouf,DEF,94,43.98774006542427,0.0680915570612916,0.14232123465151647,0.0,0.008538989801052527,1.58,0.0,0.0212858080619217,0.1123301891473402,0.18,6,3,4.0,2,45,0.1,Diouf
1192,8,El_Hadji Malick Diouf,DEF,94,44.01385461933534,0.0680647444986597,0.14245029759132724,0.0,0.0037887947713057223,1.58,0.0,0.0432402221981642,0.1043281347865106,0.18,6,3,4.0,2,45,0.1,Diouf
1193,9,El_Hadji Malick Diouf,DEF,94,44.04356919146027,0.0680381331618631,0.14257927862361955,0.0,0.005562175037007153,1.58,0.0,0.0285964169370974,0.1492089246577317,0.18,6,3,4.0,2,45,0.1,Diouf
1194,10,El_Hadji Malick Diouf,DEF,94,43.79989404396749,0.0680394904160605,0.14257283410773888,0.0,0.003816085759218304,1.58,0.0,0.0412327183450526,0.0602148218469212,0.18,6,3,4.0,2,45,0.1,Diouf
1195,11,El_Hadji Malick Diouf,DEF,94,42.90750288237189,0.0680317098479969,0.14231977881991156,0.0,0.0062010899448254235,1.58,0.0,0.0485686283444027,0.1304268182787266,0.18,6,3,4.0,2,45,0.1,Diouf
1196,12,El_Hadji Malick Diouf,DEF,94,42.621661285058345,0.0680336078938772,0.1422971933943681,0.0,0.0052531618452190095,1.58,0.0,0.0428987940978528,0.0818561894866903,0.18,6,3,4.0,2,45,0.1,Diouf
1197,6,Eliot_Matazo,MID,88,0.0,0.1089674761836737,0.1516070280128464,0.0,0.00011576961330590505,3.218664601486081,0.0,0.1053742839427626,0.1147639713719944,0.1,5,3,1.0,2,45,0.0,Matazo
1198,7,Eliot_Matazo,MID,88,0.0,0.1087638664736325,0.1516108671211081,0.0,6.074713019849551e-05,3.218664601486081,0.0,0.0936735501911697,0.0888189627888669,0.1,5,3,1.0,2,45,0.0,Matazo
1199,8,Eliot_Matazo,MID,88,0.0,0.1091360089561145,0.1520504548770496,0.0,0.00016846448708899642,3.218664601486081,0.0,0.0790689180878473,0.1448646983763215,0.1,5,3,1.0,2,45,0.0,Matazo
1200,9,Eliot_Matazo,MID,88,0.0,0.1093752119962736,0.152080238766727,0.0,6.696918442439877e-05,3.218664601486081,0.0,0.0842332060993205,0.1188923620107288,0.1,5,3,1.0,2,45,0.0,Matazo
1201,10,Eliot_Matazo,MID,88,0.0,0.1096282175887753,0.1522201945862414,0.0,7.06096604765533e-05,3.218664601486081,0.0,0.0676432579115817,0.1324297279869411,0.1,5,3,1.0,2,45,0.0,Matazo
1202,11,Eliot_Matazo,MID,88,0.0,0.1098833121771766,0.1523607778280444,0.0,6.42222121409002e-05,3.218664601486081,0.0,0.0957882179850394,0.1113283019034307,0.1,5,3,1.0,2,45,0.0,Matazo
1203,12,Eliot_Matazo,MID,88,0.0,0.1101412803981329,0.152503562764896,0.0,8.103392297064544e-05,3.218664601486081,0.0,0.0822560971477504,0.1524742200371775,0.1,5,3,1.0,2,45,0.0,Matazo
1204,6,Ellery_Balcombe,GKP,94,0.0,2.286322125769532e-22,0.0014181131018901,0.0,1.3840872493247102e-05,6.2029025,0.7291442826065639,0.0,0.0,0.1,0,0,4.0,1,40,0.0,Balcombe
1205,7,Ellery_Balcombe,GKP,94,0.0,2.283477287883464e-22,0.0014221569997659,0.0,2.296733790944225e-05,6.2029025,0.8357593360807184,0.0,0.0,0.1,0,0,4.0,1,40,0.0,Balcombe
1206,8,Ellery_Balcombe,GKP,94,0.0,2.2826105612414226e-22,0.0014234110961833,0.0,1.0131133517477307e-05,6.2029025,0.6781833631848119,0.0,0.0,0.1,0,0,4.0,1,40,0.0,Balcombe
1207,9,Ellery_Balcombe,GKP,94,0.0,2.281750339303722e-22,0.0014246643967105,0.0,1.4860345508218065e-05,6.2029025,0.7200001582015598,0.0,0.0,0.1,0,0,4.0,1,40,0.0,Balcombe
1208,10,Ellery_Balcombe,GKP,94,0.0,2.2817942130799463e-22,0.0014246017757576,0.0,1.0377636048517565e-05,6.2029025,0.8255256862278367,0.0,0.0,0.1,0,0,4.0,1,40,0.0,Balcombe
1209,11,Ellery_Balcombe,GKP,94,0.0,2.2815427031544133e-22,0.0014221428535423,0.0,1.8125667501007e-05,6.2029025,0.771329939761934,0.0,0.0,0.1,0,0,4.0,1,40,0.0,Balcombe
1210,12,Ellery_Balcombe,GKP,94,0.0,2.2816040582346707e-22,0.0014219233923918,0.0,1.5692327830717872e-05,6.2029025,0.977238879464887,0.0,0.0,0.1,0,0,4.0,1,40,0.0,Balcombe
1211,6,Elliot_Anderson,MID,43,77.40126699999999,0.063904996628991,0.09935972815024208,0.0,0.49367648754367655,8.46,0.0,0.0369063418813318,0.0691813954789699,0.22,5,3,1.0,2,63,4.1,Anderson
1212,7,Elliot_Anderson,MID,43,77.404267,0.0622680557355222,0.09800977750359785,0.0,0.284735160476518,8.46,0.0,0.0568772559482958,0.0901681033145862,0.22,5,3,1.0,2,63,4.1,Anderson
1213,8,Elliot_Anderson,MID,43,77.40726699999999,0.0622594387334619,0.0979866634758592,0.0,0.34524933948876074,8.46,0.0,0.0452432190095615,0.0673878343702392,0.22,5,3,1.0,2,63,4.1,Anderson
1214,9,Elliot_Anderson,MID,43,77.41026699999999,0.0622504598734225,0.09796359179697357,0.0,0.2759537978414989,8.46,0.0,0.0339066031345481,0.0862882361652565,0.22,5,3,1.0,2,63,4.1,Anderson
1215,10,Elliot_Anderson,MID,43,77.41626699999999,0.0622416173583018,0.09794004987855401,0.0,0.36427341790970125,8.46,0.0,0.0745833114716031,0.0768185326234935,0.22,5,3,1.0,2,63,4.1,Anderson
1216,11,Elliot_Anderson,MID,43,77.41926699999999,0.0622330029518976,0.0979169265260525,0.0,0.26462476642807947,8.46,0.0,0.043644761687276,0.0738034067651066,0.22,5,3,1.0,2,63,4.1,Anderson
1217,12,Elliot_Anderson,MID,43,77.422267,0.0622238751543698,0.0978936374489664,0.0,0.2965917389497464,8.46,0.0,0.0502408361290219,0.1066747570632133,0.22,5,3,1.0,2,63,4.1,Anderson
1218,6,Elliot_Stroud,MID,88,46.509,0.1141760766572111,0.110096914196114,0.0,0.005900314228403658,3.0424134848484847,0.0,0.147935998121608,0.1428338544994659,0.1,5,3,1.0,2,50,0.1,Stroud
1219,7,Elliot_Stroud,MID,88,45.645,0.1139561673931047,0.1100997391050404,0.0,0.00287337243529395,3.0424134848484847,0.0,0.1162593608860656,0.17672170864813,0.1,5,3,1.0,2,50,0.1,Stroud
1220,8,Elliot_Stroud,MID,88,44.778,0.1143581009720523,0.1104231984323111,0.0,0.007349194374659337,3.0424134848484847,0.0,0.1841742556698727,0.1303583338431828,0.1,5,3,1.0,2,50,0.1,Stroud
1221,9,Elliot_Stroud,MID,88,43.911,0.1146164529166761,0.1104451141403543,0.0,0.0027137920494245543,3.0424134848484847,0.0,0.150737295523736,0.1390624159116826,0.1,5,3,1.0,2,50,0.1,Stroud
1222,10,Elliot_Stroud,MID,88,43.047,0.1148897123484124,0.1105480970251501,0.0,0.0026490644764103617,3.0424134848484847,0.0,0.1288957249246875,0.0569416754282649,0.1,5,3,1.0,2,50,0.1,Stroud
1223,11,Elliot_Stroud,MID,88,42.18,0.1151652280062928,0.1106515415824758,0.0,0.0022307545521751677,3.0424134848484847,0.0,0.1614820231045773,0.1551187159815836,0.1,5,3,1.0,2,50,0.1,Stroud
1224,12,Elliot_Stroud,MID,88,41.313,0.1154438473394369,0.1107566062003914,0.0,0.002604254779319691,3.0424134848484847,0.0,0.1069834175421901,0.1070778805233272,0.1,5,3,1.0,2,50,0.1,Stroud
1225,6,Ellis_Simms,FWD,9,0.0,0.3779319339242916,0.11675235136762493,0.0,1.0041281039736038e-05,1.0,0.0,0.2701720012960522,0.1526573698912118,0.0447472716991801,4,3,0.0,2,50,0.7,Simms
1226,7,Ellis_Simms,FWD,9,0.0,0.3083826616821603,0.10957765266252643,0.0,1.2756189716422447e-05,1.0,0.0,0.1816445166652931,0.0735228775864095,0.0447472716991801,4,3,0.0,2,50,0.7,Simms
1227,8,Ellis_Simms,FWD,9,0.0,0.3083892928886129,0.10947262672900203,0.0,5.6438338306417394e-06,1.0,0.0,0.251881030599128,0.0913042928657778,0.0447472716991801,4,3,0.0,2,50,0.7,Simms
1228,9,Ellis_Simms,FWD,9,0.0,0.3183664434144693,0.11306990452745819,0.0,7.408623203459121e-06,1.0,0.0,0.3107258993287308,0.1106489791789369,0.0447472716991801,4,3,0.0,2,50,0.7,Simms
1229,10,Ellis_Simms,FWD,9,0.0,0.3185549218548666,0.11317709757728568,0.0,1.0756253975824622e-05,1.0,0.0,0.2321652746293105,0.0710294967935649,0.0447472716991801,4,3,0.0,2,50,0.7,Simms
1230,11,Ellis_Simms,FWD,9,0.0,0.3187413235879874,0.11328359587387925,0.0,7.528737766236999e-06,1.0,0.0,0.508906701575971,0.1270447035747427,0.0447472716991801,4,3,0.0,2,50,0.7,Simms
1231,12,Ellis_Simms,FWD,9,0.0,0.3189318180144904,0.1133913307028269,0.0,8.225504054486318e-06,1.0,0.0,0.3479730393459483,0.0845739406189787,0.0447472716991801,4,3,0.0,2,50,0.7,Simms
1232,6,Emersonn_Correia da Silva,FWD,40,51.848433149536426,0.3313038652488865,0.172622434852647,0.0,0.0006071884149042237,2.1933996486424827,0.0,0.251881030599128,0.0913042928657778,0.1,4,3,0.0,2,55,3.4,Emersonn
1233,7,Emersonn_Correia da Silva,FWD,40,50.02156842901508,0.3291471404384298,0.1655117644121099,0.0,0.001079779098736468,2.1933996486424827,0.0,0.2852550995514115,0.114829839288796,0.1,4,3,0.0,2,55,3.4,Emersonn
1234,8,Emersonn_Correia da Silva,FWD,40,51.23580247818466,0.3281887521157813,0.1651529949771125,0.0,0.0008878807977339151,2.1933996486424827,0.0,0.3397560761522099,0.0551267835339054,0.1,4,3,0.0,2,55,3.4,Emersonn
1235,9,Emersonn_Correia da Silva,FWD,40,53.94249504612959,0.328719696333246,0.166360692390137,0.0,0.0007544446657865606,2.1933996486424827,0.0,0.2767363309065365,0.1027633521295426,0.1,4,3,0.0,2,55,3.4,Emersonn
1236,10,Emersonn_Correia da Silva,FWD,40,53.95401728359697,0.3286103179431725,0.1663396784876545,0.0,0.001363484776100521,2.1933996486424827,0.0,0.2588988784046943,0.0835343475833465,0.1,4,3,0.0,2,55,3.4,Emersonn
1237,11,Emersonn_Correia da Silva,FWD,40,53.964292214418975,0.3285046044552803,0.1663196544791618,0.0,0.0016564041330165249,2.1933996486424827,0.0,0.1816445166652931,0.0735228775864095,0.1,4,3,0.0,2,55,3.4,Emersonn
1238,12,Emersonn_Correia da Silva,FWD,40,53.97571718232494,0.3283977890886027,0.1662988525728547,0.0,0.00105183760164817,2.1933996486424827,0.0,0.2104660919951334,0.0966017152127772,0.1,4,3,0.0,2,55,3.4,Emersonn
1239,6,Emile_Smith Rowe,MID,54,45.75798210661567,0.16732405036917863,0.08211430968697957,0.0,0.0016314956741807804,2.9059999999999997,0.0,0.1542164581176329,0.1806105923991114,0.02,5,3,1.0,2,54,0.2,Smith Rowe
1240,7,Emile_Smith Rowe,MID,54,46.004798365497614,0.1676724704829748,0.08213061922640487,0.0,0.0015594405189713317,2.9059999999999997,0.0,0.1542164581176329,0.1806105923991114,0.02,5,3,1.0,2,54,0.2,Smith Rowe
1241,8,Emile_Smith Rowe,MID,54,46.01468330643175,0.16792241951933498,0.08209905122877591,0.0,0.0016018815845593578,2.9059999999999997,0.0,0.1542164581176329,0.1806105923991114,0.02,5,3,1.0,2,54,0.2,Smith Rowe
1242,9,Emile_Smith Rowe,MID,54,46.0257366010965,0.16817284857126552,0.08206770352251626,0.0,0.0021711864807198587,2.9059999999999997,0.0,0.1757636037762496,0.1989544913244163,0.02,5,3,1.0,2,54,0.2,Smith Rowe
1243,10,Emile_Smith Rowe,MID,54,46.03501061545998,0.1684257299738708,0.08203685347901703,0.0,0.0026965496429702655,2.9059999999999997,0.0,0.1113458150315947,0.1892932248153172,0.02,5,3,1.0,2,54,0.2,Smith Rowe
1244,11,Emile_Smith Rowe,MID,54,46.04505044632535,0.16867872916980517,0.08200581287180206,0.0,0.0031758229478646254,2.9059999999999997,0.0,0.1260358149771998,0.2023191987723669,0.02,5,3,1.0,2,54,0.2,Smith Rowe
1245,12,Emile_Smith Rowe,MID,54,46.05564340577147,0.16893073575646753,0.0819739178145151,0.0,0.002826690452397077,2.9059999999999997,0.0,0.1602275814203332,0.1865096575096456,0.02,5,3,1.0,2,54,0.2,Smith Rowe
1246,6,Emiliano_Buendía Stati,MID,7,69.24793004962083,0.15573793109761283,0.10526459895321731,0.0,0.09149598269215171,3.9639999999999995,0.0,0.1841742556698727,0.1303583338431828,0.15,5,3,1.0,2,59,0.9,Buendía
1247,7,Emiliano_Buendía Stati,MID,7,69.28896683153646,0.15575789716503097,0.10517787794440872,0.0,0.060434946941439416,3.9639999999999995,0.0,0.2069194075756547,0.1443916359282739,0.15,5,3,1.0,2,59,0.9,Buendía
1248,8,Emiliano_Buendía Stati,MID,7,69.32983886106557,0.15577890685518767,0.10509068142192007,0.0,0.07078129277057248,3.9639999999999995,0.0,0.1674484816301701,0.1685309160814939,0.15,5,3,1.0,2,59,0.9,Buendía
1249,9,Emiliano_Buendía Stati,MID,7,69.43134889684602,0.15578505018183725,0.10504291355116328,0.0,0.035164303645610365,3.9639999999999995,0.0,0.1162593608860656,0.17672170864813,0.15,5,3,1.0,2,59,0.9,Buendía
1250,10,Emiliano_Buendía Stati,MID,7,69.5951967858298,0.15577574623824522,0.10503359504136668,0.0,0.057264881450730935,3.9639999999999995,0.0,0.1396329057693053,0.09073077750478,0.15,5,3,1.0,2,59,0.9,Buendía
1251,11,Emiliano_Buendía Stati,MID,7,69.76142379209287,0.15576354116207292,0.1050222943689724,0.0,0.04702956484867805,3.9639999999999995,0.0,0.1261492811823807,0.1064172920699372,0.15,5,3,1.0,2,59,0.9,Buendía
1252,12,Emiliano_Buendía Stati,MID,7,69.92015827509202,0.15576309997365217,0.10501267830802079,0.0,0.040294813997882664,3.9639999999999995,0.0,0.150737295523736,0.1390624159116826,0.15,5,3,1.0,2,59,0.9,Buendía
1253,6,Emiliano_Martínez Romero,GKP,8,89.68799999999999,0.0,0.010083493535123141,0.0,,6.148,0.8506780984919566,0.0,0.0,0.1,0,0,4.0,1,50,4.8,Martinez
1254,7,Emiliano_Martínez Romero,GKP,8,89.69399999999999,0.0,0.01009250350115227,0.0,,6.148,0.7573468039193678,0.0,0.0,0.1,0,0,4.0,1,50,4.8,Martinez
1255,8,Emiliano_Martínez Romero,GKP,8,89.69999999999999,0.0,0.01010352729558832,0.0,,6.148,0.7286020604817306,0.0,0.0,0.1,0,0,4.0,1,50,4.8,Martinez
1256,9,Emiliano_Martínez Romero,GKP,8,89.70899999999999,0.0,0.01010951041470986,0.0,,6.148,0.9629763794563215,0.0,0.0,0.1,0,0,4.0,1,50,4.8,Martinez
1257,10,Emiliano_Martínez Romero,GKP,8,89.71499999999999,0.0,0.010120104640474071,0.0,,6.148,0.6509660955307605,0.0,0.0,0.1,0,0,4.0,1,50,4.8,Martinez
1258,11,Emiliano_Martínez Romero,GKP,8,89.72099999999999,0.0,0.01013084067522527,0.0,,6.148,0.6540579474720887,0.0,0.0,0.1,0,0,4.0,1,50,4.8,Martinez
1259,12,Emiliano_Martínez Romero,GKP,8,89.72999999999999,0.0,0.01013237362112789,0.0,,6.148,0.7062193987223657,0.0,0.0,0.1,0,0,4.0,1,50,4.8,Martinez
1260,6,Emmanuel_Emegha,FWD,8,0.0,0.2950008720943203,0.127273603295043,0.0,1.8378463119563714e-05,2.0353333333333334,0.0,0.2588988784046943,0.0835343475833465,0.1,4,3,0.0,2,50,0.1,Emegha
1261,7,Emmanuel_Emegha,FWD,8,0.0,0.2929150668016306,0.1273827066748684,0.0,1.8813347054389754e-05,2.0353333333333334,0.0,0.2321652746293105,0.0710294967935649,0.1,4,3,0.0,2,50,0.1,Emegha
1262,8,Emmanuel_Emegha,FWD,8,0.0,0.2898348073799097,0.1275161958831058,0.0,2.2311330935470942e-05,2.0353333333333334,0.0,0.1816445166652931,0.0735228775864095,0.1,4,3,0.0,2,50,0.1,Emegha
1263,9,Emmanuel_Emegha,FWD,8,0.0,0.2893635109733492,0.1275886466022265,0.0,1.6154044751044357e-05,2.0353333333333334,0.0,0.1582373678053648,0.1067667619926839,0.1,4,3,0.0,2,50,0.1,Emegha
1264,10,Emmanuel_Emegha,FWD,8,0.0,0.2898477978796598,0.1277169340823087,0.0,1.2958162307526752e-05,2.0353333333333334,0.0,0.3107258993287308,0.1106489791789369,0.1,4,3,0.0,2,50,0.1,Emegha
1265,11,Emmanuel_Emegha,FWD,8,0.0,0.2903423551551858,0.1278469387541897,0.0,1.4386932531167616e-05,2.0353333333333334,0.0,0.3479730393459483,0.0845739406189787,0.1,4,3,0.0,2,50,0.1,Emegha
1266,12,Emmanuel_Emegha,FWD,8,0.0,0.2904143548407029,0.1278655014855617,0.0,1.5250208710412839e-05,2.0353333333333334,0.0,0.3397560761522099,0.0551267835339054,0.1,4,3,0.0,2,50,0.1,Emegha
1267,6,Endo_Wataru,MID,14,9.895175418,0.05466221204612431,0.11533172303899115,0.0,0.00023552346914264358,7.536806733821733,0.0,0.0339500514709614,0.0381417475700373,0.0606795177045176,5,3,1.0,2,49,0.1,Endo
1268,7,Endo_Wataru,MID,14,16.497360971462363,0.05476012348111529,0.1152733796997034,0.0,0.0005623576794270901,7.536806733821733,0.0,0.0506358535297079,0.1127669562337763,0.0606795177045176,5,3,1.0,2,49,0.1,Endo
1269,8,Endo_Wataru,MID,14,16.775075816833,0.05479732147197169,0.11537844026673635,0.0,0.00021980889191954288,7.536806733821733,0.0,0.1174447659202134,0.0817117691611616,0.0606795177045176,5,3,1.0,2,49,0.1,Endo
1270,9,Endo_Wataru,MID,14,16.52915679488151,0.054731829729476024,0.11512825714635058,0.0,0.00023641805169449006,7.536806733821733,0.0,0.1077701515240741,0.0871056101039265,0.0606795177045176,5,3,1.0,2,49,0.1,Endo
1271,10,Endo_Wataru,MID,14,16.79750699457631,0.05476716417247371,0.11522676613343567,0.0,0.00027789561300084036,7.536806733821733,0.0,0.0336892747106061,0.1962529481085647,0.0606795177045176,5,3,1.0,2,49,0.1,Endo
1272,11,Endo_Wataru,MID,14,17.062611902770925,0.05480229183013997,0.11532477218349704,0.0,0.0003490553193900723,7.536806733821733,0.0,0.0223973202299275,0.0944421809357277,0.0606795177045176,5,3,1.0,2,49,0.1,Endo
1273,12,Endo_Wataru,MID,14,17.606334858363457,0.054972915214006955,0.11558402395190509,0.0,0.0004267213871506825,7.536806733821733,0.0,0.0280302979206385,0.0782539555270968,0.0606795177045176,5,3,1.0,2,49,0.1,Endo
1274,6,Enes_Ünal,FWD,91,0.0,0.23779942250121608,0.12499460720471638,0.0,8.056188944887506e-06,1.0,0.0,0.2699527724353497,0.1092810666119734,0.0670542333333333,4,3,0.0,2,55,0.0,Enes Ünal
1275,7,Enes_Ünal,FWD,91,0.0,0.23770165540210708,0.12495959923635079,0.0,1.1185559480609269e-05,1.0,0.0,0.3107258993287308,0.1106489791789369,0.0670542333333333,4,3,0.0,2,55,0.0,Enes Ünal
1276,8,Enes_Ünal,FWD,91,0.0,0.23760556569735544,0.12492523334336564,0.0,1.3944268441129872e-05,1.0,0.0,0.1582373678053648,0.1067667619926839,0.0670542333333333,4,3,0.0,2,55,0.0,Enes Ünal
1277,9,Enes_Ünal,FWD,91,0.0,0.23492489018141863,0.12410077356192044,0.0,1.241888409768431e-05,1.0,0.0,0.3479730393459483,0.0845739406189787,0.0670542333333333,4,3,0.0,2,55,0.0,Enes Ünal
1278,10,Enes_Ünal,FWD,91,0.0,0.23481683618338656,0.12406190476427077,0.0,9.393902027436451e-06,1.0,0.0,0.2767363309065365,0.1027633521295426,0.0670542333333333,4,3,0.0,2,55,0.0,Enes Ünal
1279,11,Enes_Ünal,FWD,91,0.0,0.23470998372855476,0.12402384006717894,0.0,1.3164070413341693e-05,1.0,0.0,0.3397560761522099,0.0551267835339054,0.0670542333333333,4,3,0.0,2,55,0.0,Enes Ünal
1280,12,Enes_Ünal,FWD,91,0.0,0.23460427057421582,0.12398586152068723,0.0,8.52108226450369e-06,1.0,0.0,0.251881030599128,0.0913042928657778,0.0670542333333333,4,3,0.0,2,55,0.0,Enes Ünal
1281,6,Enis_Destan,FWD,88,0.0,0.3271501254442501,0.1820933311701901,0.0,3.841853138702487e-05,1.1635276112018986,0.0,0.2321652746293105,0.0710294967935649,0.1,4,3,0.0,2,45,0.2,Destan
1282,7,Enis_Destan,FWD,88,0.0,0.3265362199226674,0.1820979312687651,0.0,2.0158521414384263e-05,1.1635276112018986,0.0,0.251881030599128,0.0913042928657778,0.1,4,3,0.0,2,45,0.2,Destan
1283,8,Enis_Destan,FWD,88,0.0,0.3276582701665627,0.1826246543700299,0.0,5.590702073665537e-05,1.1635276112018986,0.0,0.3657327697364796,0.1238459952069972,0.1,4,3,0.0,2,45,0.2,Destan
1284,9,Enis_Destan,FWD,88,0.0,0.3283794934672753,0.1826603420399584,0.0,2.222334823495796e-05,1.1635276112018986,0.0,0.2767363309065365,0.1027633521295426,0.1,4,3,0.0,2,45,0.2,Destan
1285,10,Enis_Destan,FWD,88,0.0,0.3291423329713278,0.1828280399849041,0.0,2.3431468871186864e-05,1.1635276112018986,0.0,0.2686708389316911,0.1234648585781471,0.1,4,3,0.0,2,45,0.2,Destan
1286,11,Enis_Destan,FWD,88,0.0,0.3299114710262552,0.1829964897201561,0.0,2.131174695380328e-05,1.1635276112018986,0.0,0.2378841599042031,0.0988234500197675,0.1,4,3,0.0,2,45,0.2,Destan
1287,12,Enis_Destan,FWD,88,0.0,0.3306892733973005,0.183167577571753,0.0,2.6890868007986263e-05,1.1635276112018986,0.0,0.508906701575971,0.1270447035747427,0.1,4,3,0.0,2,45,0.2,Destan
1288,6,Enzo_Fernández,MID,43,67.22977537663972,0.1170638516828215,0.1270432542981114,0.0,0.024990236394833033,5.282,0.0,0.070552064626671,0.1127830621923689,0.28,5,3,1.0,2,69,3.5,Enzo
1289,7,Enzo_Fernández,MID,43,63.37727650187208,0.1140572258811902,0.12521384458122153,0.0,0.008095454330191284,5.282,0.0,0.0842332060993205,0.1188923620107288,0.28,5,3,1.0,2,69,3.5,Enzo
1290,8,Enzo_Fernández,MID,43,63.41526068222998,0.1140413987362819,0.12518252119392098,0.0,0.010537411492190948,5.282,0.0,0.0858497032968192,0.1237171984305226,0.28,5,3,1.0,2,69,3.5,Enzo
1291,9,Enzo_Fernández,MID,43,63.45585688650068,0.1140249069543419,0.12515125519642453,0.0,0.007819845854310559,5.282,0.0,0.0957882179850394,0.1113283019034307,0.28,5,3,1.0,2,69,3.5,Enzo
1292,10,Enzo_Fernández,MID,43,63.49715816687984,0.1140086656018171,0.12511935194542936,0.0,0.011434019327470436,5.282,0.0,0.1202318081610187,0.1776752802788837,0.28,5,3,1.0,2,69,3.5,Enzo
1293,11,Enzo_Fernández,MID,43,63.53581154550032,0.1139928432244398,0.12508801592150984,0.0,0.007452028599161611,5.282,0.0,0.0936735501911697,0.0888189627888669,0.28,5,3,1.0,2,69,3.5,Enzo
1294,12,Enzo_Fernández,MID,43,63.57639680789346,0.1139760778838777,0.1250564553129613,0.0,0.008684021171972199,5.282,0.0,0.0676432579115817,0.1324297279869411,0.28,5,3,1.0,2,69,3.5,Enzo
1295,6,Enzo_Le Fée,MID,56,81.40280999999999,0.15501083820072464,0.23708915230040675,0.06,0.05498932956794537,6.859999999999999,0.0,0.1568333574163208,0.1479354673274162,0.12,5,3,1.0,2,57,3.4,E.Le Fée
1296,7,Enzo_Le Fée,MID,56,81.40280999999999,0.15503130518177247,0.23687691210767867,0.06,0.09358886264180054,6.859999999999999,0.0,0.1602275814203332,0.1865096575096456,0.12,5,3,1.0,2,57,3.4,E.Le Fée
1297,8,Enzo_Le Fée,MID,56,81.40280999999999,0.15505225954260657,0.23666531936824753,0.06,0.07449203765102913,6.859999999999999,0.0,0.1370880123440694,0.1898374177465581,0.12,5,3,1.0,2,57,3.4,E.Le Fée
1298,9,Enzo_Le Fée,MID,56,81.40280999999999,0.15507160167960965,0.23645320618219862,0.06,0.05502178761359811,6.859999999999999,0.0,0.1542164581176329,0.1806105923991114,0.12,5,3,1.0,2,57,3.4,E.Le Fée
1299,10,Enzo_Le Fée,MID,56,81.40280999999999,0.15508825322725497,0.23623898716272304,0.06,0.04942822750955489,6.859999999999999,0.0,0.1600751664564748,0.2071396514783118,0.12,5,3,1.0,2,57,3.4,E.Le Fée
1300,11,Enzo_Le Fée,MID,56,81.40280999999999,0.15510138438318571,0.23602201940177836,0.06,0.07332410248313206,6.859999999999999,0.0,0.1757636037762496,0.1989544913244163,0.12,5,3,1.0,2,57,3.4,E.Le Fée
1301,12,Enzo_Le Fée,MID,56,81.40280999999999,0.15511618306788352,0.23580634642191733,0.06,0.11185564615871509,6.859999999999999,0.0,0.1618205164382563,0.1266052744503581,0.12,5,3,1.0,2,57,3.4,E.Le Fée
1302,6,Ephron_Mason-Clark,MID,9,43.968,0.1654299080781065,0.1493260271218919,0.0,0.003928333196132047,3.048135439882698,0.0,0.2069194075756547,0.1443916359282739,0.1,5,3,1.0,2,54,0.1,Mason-Clark
1303,7,Ephron_Mason-Clark,MID,9,42.612,0.132999242493735,0.1392723790513666,0.0,0.00441983488598778,3.048135439882698,0.0,0.1220461381569684,0.1872283971637988,0.1,5,3,1.0,2,54,0.1,Mason-Clark
1304,8,Ephron_Mason-Clark,MID,9,41.259,0.1330023346100426,0.1391252099760739,0.0,0.001736807305006566,3.048135439882698,0.0,0.1162593608860656,0.17672170864813,0.1,5,3,1.0,2,54,0.1,Mason-Clark
1305,9,Ephron_Mason-Clark,MID,9,9.903,0.1376546569386288,0.1441659463866346,0.0,0.00013876076529849144,3.048135439882698,0.0,0.1261492811823807,0.1064172920699372,0.1,5,3,1.0,2,54,0.1,Mason-Clark
1306,10,Ephron_Mason-Clark,MID,9,8.546999999999999,0.1377425440016179,0.144316152164308,0.0,0.00017847385681407632,3.048135439882698,0.0,0.147935998121608,0.1428338544994659,0.1,5,3,1.0,2,54,0.1,Mason-Clark
1307,11,Ephron_Mason-Clark,MID,9,7.194,0.1378294627007833,0.1444653844091829,0.0,0.00011070623365523453,3.048135439882698,0.0,0.1069834175421901,0.1070778805233272,0.1,5,3,1.0,2,54,0.1,Mason-Clark
1308,12,Ephron_Mason-Clark,MID,9,5.838,0.1379182898134538,0.1446163493625136,0.0,0.00010715459907599141,3.048135439882698,0.0,0.1182193902266794,0.1729940302427504,0.1,5,3,1.0,2,54,0.1,Mason-Clark
1309,6,Erling_Haaland,FWD,43,88.0942432,0.3356530968846345,0.07888428712459351,0.08000000000000002,0.03161724648191651,1.0,0.0,0.3273316394954414,0.1139094893887378,0.05,4,3,0.0,2,156,73.5,Haaland
1310,7,Erling_Haaland,FWD,43,88.0822432,0.32739594727281435,0.07778495050963055,0.08000000000000002,0.014425453986394427,1.0,0.0,0.2767363309065365,0.1027633521295426,0.05,4,3,0.0,2,156,73.5,Haaland
1311,8,Erling_Haaland,FWD,43,88.0702432,0.3273524809048465,0.07776612752741592,0.08000000000000002,0.018664312536730607,1.0,0.0,0.2104660919951334,0.0966017152127772,0.05,4,3,0.0,2,156,73.5,Haaland
1312,9,Erling_Haaland,FWD,43,88.06124319999999,0.3273071892324441,0.07774733903212486,0.08000000000000002,0.013815266976723082,1.0,0.0,0.2378841599042031,0.0988234500197675,0.05,4,3,0.0,2,156,73.5,Haaland
1313,10,Erling_Haaland,FWD,43,88.04924319999999,0.3272625853187734,0.07772816759576946,0.08000000000000002,0.02005909407470184,1.0,0.0,0.3397560761522099,0.0551267835339054,0.05,4,3,0.0,2,156,73.5,Haaland
1314,11,Erling_Haaland,FWD,43,88.03724319999999,0.3272191320439601,0.0777093370199045,0.08000000000000002,0.013048624379414907,1.0,0.0,0.251881030599128,0.0913042928657778,0.05,4,3,0.0,2,156,73.5,Haaland
1315,12,Erling_Haaland,FWD,43,88.02824319999999,0.3271730890926761,0.07769037148569544,0.08000000000000002,0.015127453389415362,1.0,0.0,0.2686708389316911,0.1234648585781471,0.05,4,3,0.0,2,156,73.5,Haaland
1316,6,Estêvão_Almeida de Oliveira Gonçalves,MID,8,16.294125214310313,0.15896964033244274,0.17708796126241047,0.0,0.00014039348355035855,1.6833944081131236,0.0,0.0553819610582226,0.1857348552224726,0.2413625682845866,5,3,1.0,2,63,0.7,Estêvão
1317,7,Estêvão_Almeida de Oliveira Gonçalves,MID,8,14.051105873289652,0.15778317772510606,0.17725603760719316,0.0,0.0001176247713562513,1.6833944081131236,0.0,0.116233388513479,0.1426431873808013,0.2413625682845866,5,3,1.0,2,63,0.7,Estêvão
1318,8,Estêvão_Almeida de Oliveira Gonçalves,MID,8,11.528627259044562,0.15603104264443618,0.1774616808991276,0.0,0.00011135434050851528,1.6833944081131236,0.0,0.1186409762327798,0.0988612668204811,0.2413625682845866,5,3,1.0,2,63,0.7,Estêvão
1319,9,Estêvão_Almeida de Oliveira Gonçalves,MID,8,9.434895230757284,0.1557629564691273,0.17757329295061655,0.0,6.687345311460169e-05,1.6833944081131236,0.0,0.0876286497141699,0.1962911969242959,0.2413625682845866,5,3,1.0,2,63,0.7,Estêvão
1320,10,Estêvão_Almeida de Oliveira Gonçalves,MID,8,8.722020102372417,0.15603843199293302,0.1777709228569318,0.0,5.0334517619513735e-05,1.6833944081131236,0.0,0.0817530645115434,0.1446965004790163,0.2413625682845866,5,3,1.0,2,63,0.7,Estêvão
1321,11,Estêvão_Almeida de Oliveira Gonçalves,MID,8,8.003191447838496,0.15631974958123054,0.17797119813794873,0.0,5.240886072533052e-05,1.6833944081131236,0.0,0.1126991599369654,0.1833905663030322,0.2413625682845866,5,3,1.0,2,63,0.7,Estêvão
1322,12,Estêvão_Almeida de Oliveira Gonçalves,MID,8,7.880083057654224,0.15636070495463267,0.17799979446597436,0.0,5.494597927565021e-05,1.6833944081131236,0.0,0.0757386597383645,0.1958612735530401,0.2413625682845866,5,3,1.0,2,63,0.7,Estêvão
1323,6,Ethan_Ampadu,MID,2,89.33974599999999,0.053311020428062364,0.11543817509982615,0.0,0.3812021963682942,6.12,0.0,0.0676432579115817,0.1324297279869411,0.25,5,3,1.0,2,54,0.9,Ampadu
1324,7,Ethan_Ampadu,MID,2,89.33974599999999,0.053308130162466764,0.11543894207405428,0.0,0.47508972917536196,6.12,0.0,0.1119957605907742,0.1332858089793131,0.25,5,3,1.0,2,54,0.9,Ampadu
1325,8,Ethan_Ampadu,MID,2,89.33974599999999,0.05330565169470356,0.11543962056113972,0.0,0.4132047323793585,6.12,0.0,0.085880677692756,0.1056084642760237,0.25,5,3,1.0,2,54,0.9,Ampadu
1326,9,Ethan_Ampadu,MID,2,89.33974599999999,0.05330325400914648,0.11544045124761568,0.0,0.5134582218513534,6.12,0.0,0.0866961224313779,0.114569503221635,0.25,5,3,1.0,2,54,0.9,Ampadu
1327,10,Ethan_Ampadu,MID,2,89.33974599999999,0.0533003391683959,0.11544077407029224,0.0,0.5737785160934817,6.12,0.0,0.0518416411242582,0.115884505791489,0.25,5,3,1.0,2,54,0.9,Ampadu
1328,11,Ethan_Ampadu,MID,2,89.33974599999999,0.05329762565644868,0.11544114690759409,0.0,0.3305480850212156,6.12,0.0,0.0533112851817121,0.0911547974260361,0.25,5,3,1.0,2,54,0.9,Ampadu
1329,12,Ethan_Ampadu,MID,2,89.33974599999999,0.05329493231960664,0.11544163679007685,0.0,0.35751457661344604,6.12,0.0,0.0842332060993205,0.1188923620107288,0.25,5,3,1.0,2,54,0.9,Ampadu
1330,6,Ethan_Nwaneri,MID,3,0.0,0.1533919148328303,0.13419098357256481,0.0,3.1695058437257875e-05,1.9640000000000002,0.0,0.1370880123440694,0.1898374177465581,0.03,5,3,1.0,2,54,0.0,Nwaneri
1331,7,Ethan_Nwaneri,MID,3,0.0,0.15418525561716753,0.13433248394275815,0.0,3.359686587092585e-05,1.9640000000000002,0.0,0.1492881486069769,0.1714654190081598,0.03,5,3,1.0,2,54,0.0,Nwaneri
1332,8,Ethan_Nwaneri,MID,3,0.0,0.154991402596448,0.13447446858703338,0.0,4.144646952343571e-05,1.9640000000000002,0.0,0.1581050387935625,0.1406563672099904,0.03,5,3,1.0,2,54,0.0,Nwaneri
1333,9,Ethan_Nwaneri,MID,3,0.0,0.15578807995318472,0.13461269155366443,0.0,5.323770018339863e-05,1.9640000000000002,0.0,0.1389030075974817,0.2361507048222439,0.03,5,3,1.0,2,54,0.0,Nwaneri
1334,10,Ethan_Nwaneri,MID,3,0.0,0.15581370271026912,0.13457380690679122,0.0,2.2415134284239196e-05,1.9640000000000002,0.0,0.1542164581176329,0.1806105923991114,0.03,5,3,1.0,2,54,0.0,Nwaneri
1335,11,Ethan_Nwaneri,MID,3,0.0,0.15583857566191828,0.13453427883137078,0.0,3.869156752020289e-05,1.9640000000000002,0.0,0.1113458150315947,0.1892932248153172,0.03,5,3,1.0,2,54,0.0,Nwaneri
1336,12,Ethan_Nwaneri,MID,3,0.0,0.15586765096331243,0.13451262176820156,0.0,4.554472072419925e-05,1.9640000000000002,0.0,0.1260358149771998,0.2023191987723669,0.03,5,3,1.0,2,54,0.0,Nwaneri
1337,6,Ethan_Pinnock,DEF,9,90.0,0.0612966052618706,0.05048594106046042,0.0,0.8392900704350874,2.0700000000000003,0.0,0.0441562832773488,0.040413775623652,0.12,6,3,4.0,2,45,0.1,Pinnock
1338,7,Ethan_Pinnock,DEF,9,90.0,0.0499139854628768,0.04750171980287732,0.0,0.9026392685288323,2.0700000000000003,0.0,0.052493727298415,0.0268053738104255,0.12,6,3,4.0,2,45,0.1,Pinnock
1339,8,Ethan_Pinnock,DEF,9,90.0,0.0499150707438499,0.04745803565162532,0.0,0.6862843866387918,2.0700000000000003,0.0,0.0323786694324084,0.0238084655632736,0.12,6,3,4.0,2,45,0.1,Pinnock
1340,9,Ethan_Pinnock,DEF,9,90.0,0.0515479578676401,0.04895427588648783,0.0,0.758405270164187,2.0700000000000003,0.0,0.0366746478210848,0.040303852137383,0.12,6,3,4.0,2,45,0.1,Pinnock
1341,10,Ethan_Pinnock,DEF,9,90.0,0.0515788047529947,0.04899886142117137,0.0,0.857544469820547,2.0700000000000003,0.0,0.0459456519173773,0.0386203456380479,0.12,6,3,4.0,2,45,0.1,Pinnock
1342,11,Ethan_Pinnock,DEF,9,90.0,0.0516093117588854,0.04904315798241447,0.0,0.7626833070594786,2.0700000000000003,0.0,0.0576745797658112,0.0527526549054485,0.12,6,3,4.0,2,45,0.1,Pinnock
1343,12,Ethan_Pinnock,DEF,9,90.0,0.0516404885859148,0.04908796886297441,0.0,0.786237575524822,2.0700000000000003,0.0,0.07078655240023,0.0561971162677075,0.12,6,3,4.0,2,45,0.1,Pinnock
1344,6,Evan_Ferguson,FWD,36,0.0,0.2057924542352156,0.1421710311308116,0.0,,1.088,0.0,0.3107258993287308,0.1106489791789369,0.02,4,3,0.0,2,50,0.0,Ferguson
1345,7,Evan_Ferguson,FWD,36,0.0,0.20632706849654,0.142548680575908,0.0,,1.088,0.0,0.508906701575971,0.1270447035747427,0.02,4,3,0.0,2,50,0.0,Ferguson
1346,8,Evan_Ferguson,FWD,36,0.0,0.2062455041832132,0.14253199484324064,0.0,,1.088,0.0,0.3273316394954414,0.1139094893887378,0.02,4,3,0.0,2,50,0.0,Ferguson
1347,9,Evan_Ferguson,FWD,36,0.0,0.2062174044273562,0.1424923699112302,0.0,,1.088,0.0,0.2852550995514115,0.114829839288796,0.02,4,3,0.0,2,50,0.0,Ferguson
1348,10,Evan_Ferguson,FWD,36,0.0,0.2061868913255011,0.14245149348183078,0.0,,1.088,0.0,0.3657327697364796,0.1238459952069972,0.02,4,3,0.0,2,50,0.0,Ferguson
1349,11,Evan_Ferguson,FWD,36,0.0,0.2061592266553123,0.14241192943460634,0.0,,1.088,0.0,0.2767363309065365,0.1027633521295426,0.02,4,3,0.0,2,50,0.0,Ferguson
1350,12,Evan_Ferguson,FWD,36,0.0,0.2061304929404621,0.14237204883919288,0.0,,1.088,0.0,0.2701720012960522,0.1526573698912118,0.02,4,3,0.0,2,50,0.0,Ferguson
1351,6,Evann_Guessand,MID,31,35.01268429101522,0.14732254403642717,0.15953253902543135,0.0,0.0007223079487012051,1.0,0.0,0.1492881486069769,0.1714654190081598,0.0,5,3,1.0,2,54,0.0,Guessand
1352,7,Evann_Guessand,MID,31,30.480353147812465,0.15029822605015383,0.16410643635451505,0.0,0.00032985367195865713,1.0,0.0,0.1568333574163208,0.1479354673274162,0.0,5,3,1.0,2,54,0.0,Guessand
1353,8,Evann_Guessand,MID,31,30.33622934971224,0.15032301121619718,0.1641330868401178,0.0,0.0005479077600871611,1.0,0.0,0.1113458150315947,0.1892932248153172,0.0,5,3,1.0,2,54,0.0,Guessand
1354,9,Evann_Guessand,MID,31,30.19213029493568,0.15034628664215144,0.16415863410048664,0.0,0.0006870731925187237,1.0,0.0,0.1618205164382563,0.1266052744503581,0.0,5,3,1.0,2,54,0.0,Guessand
1355,10,Evann_Guessand,MID,31,30.04502874144261,0.15037046598261367,0.16418468849748902,0.0,0.0007344400094309562,1.0,0.0,0.1389030075974817,0.2361507048222439,0.0,5,3,1.0,2,54,0.0,Guessand
1356,11,Evann_Guessand,MID,31,29.90161658578173,0.15039320759051508,0.16420996792728684,0.0,0.00031343458116433754,1.0,0.0,0.1542164581176329,0.1806105923991114,0.0,5,3,1.0,2,54,0.0,Guessand
1357,12,Evann_Guessand,MID,31,29.75685526061283,0.15041721875073033,0.16423620071629136,0.0,0.0003014682913855479,1.0,0.0,0.1542164581176329,0.1806105923991114,0.0,5,3,1.0,2,54,0.0,Guessand
1358,6,Ewen_Jaouen,GKP,4,0.0,0.0023128803253768,0.0001294775493701,0.0,1.0794511101958337e-05,5.530648288973383,0.6778807360472091,0.0,0.0,0.1,0,0,4.0,1,44,0.0,Jaouen
1359,7,Ewen_Jaouen,GKP,4,0.0,0.0023171877500147,0.0001293022671642,0.0,1.4388419321002151e-05,5.530648288973383,0.6999655385424101,0.0,0.0,0.1,0,0,4.0,1,44,0.0,Jaouen
1360,8,Ewen_Jaouen,GKP,4,0.0,0.0023216332889234,0.0001291180684041,0.0,1.3444740809173098e-05,5.530648288973383,0.652548016465854,0.0,0.0,0.1,0,0,4.0,1,44,0.0,Jaouen
1361,9,Ewen_Jaouen,GKP,4,0.0,0.0023237491002371,0.0001289259397176,0.0,1.8842718852911608e-05,5.530648288973383,0.7417941134622291,0.0,0.0,0.1,0,0,4.0,1,44,0.0,Jaouen
1362,10,Ewen_Jaouen,GKP,4,0.0,0.0023228231672158,0.0001287893172923,0.0,1.0234533569595205e-05,5.530648288973383,0.7422844760683726,0.0,0.0,0.1,0,0,4.0,1,44,0.0,Jaouen
1363,11,Ewen_Jaouen,GKP,4,0.0,0.0023216906505658,0.0001286774784772,0.0,1.1801571580769773e-05,5.530648288973383,0.7258390072647228,0.0,0.0,0.1,0,0,4.0,1,44,0.0,Jaouen
1364,12,Ewen_Jaouen,GKP,4,0.0,0.0023216304340278,0.0001286495696413,0.0,1.078817800191927e-05,5.530648288973383,0.7956430855277619,0.0,0.0,0.1,0,0,4.0,1,44,0.0,Jaouen
1365,6,Exequiel_Palacios,MID,40,55.766433149536425,0.0880291646120675,0.1058783931873197,0.0,0.0186720693342351,8.19154936461388,0.0,0.0936735501911697,0.0888189627888669,0.1,5,3,1.0,2,50,0.1,Palacios
1366,7,Exequiel_Palacios,MID,40,52.58356842901509,0.087456814350906,0.1016618316811551,0.0,0.029206113981684788,8.19154936461388,0.0,0.0428645627319718,0.1349551016015938,0.1,5,3,1.0,2,50,0.1,Palacios
1367,8,Exequiel_Palacios,MID,40,52.43880247818466,0.0872024778662037,0.1014490847395201,0.0,0.021404757010328224,8.19154936461388,0.0,0.1202318081610187,0.1776752802788837,0.1,5,3,1.0,2,50,0.1,Palacios
1368,9,Exequiel_Palacios,MID,40,53.94249504612959,0.0873433795056037,0.102165238084755,0.0,0.016395562822711242,8.19154936461388,0.0,0.0842332060993205,0.1188923620107288,0.1,5,3,1.0,2,50,0.1,Palacios
1369,10,Exequiel_Palacios,MID,40,53.95401728359697,0.0873143527378768,0.1021527770358226,0.0,0.02932315887012961,8.19154936461388,0.0,0.0866961224313779,0.114569503221635,0.1,5,3,1.0,2,50,0.1,Palacios
1370,11,Exequiel_Palacios,MID,40,53.964292214418975,0.0872862985595644,0.102140902984829,0.0,0.03545493837444129,8.19154936461388,0.0,0.0518416411242582,0.115884505791489,0.1,5,3,1.0,2,50,0.1,Palacios
1371,12,Exequiel_Palacios,MID,40,53.97571718232494,0.0872579519653593,0.1021285676476589,0.0,0.02273893247700753,8.19154936461388,0.0,0.0858497032968192,0.1237171984305226,0.1,5,3,1.0,2,50,0.1,Palacios
1372,6,Ezri_Konsa Ngoyo,DEF,3,88.88999999999999,0.0575210652902719,0.03508645265135054,0.0,0.1558197416256884,2.124,0.0,0.07078655240023,0.0561971162677075,0.02,6,3,4.0,2,46,19.4,Konsa
1373,7,Ezri_Konsa Ngoyo,DEF,3,88.887,0.0578177993392244,0.03512435478834228,0.0,0.16344639521625787,2.124,0.0,0.0550530308978321,0.0334376008273799,0.02,6,3,4.0,2,46,19.4,Konsa
1374,8,Ezri_Konsa Ngoyo,DEF,3,88.88399999999999,0.0581193233021107,0.03516238664246869,0.0,0.193778092699204,2.124,0.0,0.0459456519173773,0.0386203456380479,0.02,6,3,4.0,2,46,19.4,Konsa
1375,9,Ezri_Konsa Ngoyo,DEF,3,88.88099999999999,0.0584173053325829,0.03519941089766673,0.0,0.236082860276416,2.124,0.0,0.0345883844346893,0.02331174536266,0.02,6,3,4.0,2,46,19.4,Konsa
1376,10,Ezri_Konsa Ngoyo,DEF,3,88.87799999999999,0.058426889038104,0.03518899529797146,0.0,0.11640900150486423,2.124,0.0,0.0440900662312232,0.0342011051202082,0.02,6,3,4.0,2,46,19.4,Konsa
1377,11,Ezri_Konsa Ngoyo,DEF,3,88.875,0.0584361922931464,0.035178407350197546,0.0,0.1832310630293757,2.124,0.0,0.0441562832773488,0.040413775623652,0.02,6,3,4.0,2,46,19.4,Konsa
1378,12,Ezri_Konsa Ngoyo,DEF,3,88.87199999999999,0.0584470673572772,0.03517260631254678,0.0,0.20875142673723132,2.124,0.0,0.0297669938520948,0.018348571633679,0.02,6,3,4.0,2,46,19.4,Konsa
1379,6,Fabian_Schär,DEF,4,56.21134552102157,0.07500063750019413,0.03667815524095305,0.0,0.05079144154334671,2.3520000000000003,0.0,0.0440900662312232,0.0342011051202082,0.15,6,3,4.0,2,49,0.2,Schär
1380,7,Fabian_Schär,DEF,4,55.05525028333939,0.07513174784281244,0.03663664461146118,0.0,0.06131082258015439,2.3520000000000003,0.0,0.0430008805695656,0.0202850875521248,0.15,6,3,4.0,2,49,0.2,Schär
1381,8,Fabian_Schär,DEF,4,53.83986198924824,0.07526706213811385,0.03659302234847105,0.0,0.0525183039015461,2.3520000000000003,0.0,0.0576745797658112,0.0527526549054485,0.15,6,3,4.0,2,49,0.2,Schär
1382,9,Fabian_Schär,DEF,4,52.85981251000072,0.07533146367025373,0.036547522106864565,0.0,0.0673506360518403,2.3520000000000003,0.0,0.0459456519173773,0.0386203456380479,0.15,6,3,4.0,2,49,0.2,Schär
1383,10,Fabian_Schär,DEF,4,52.31874641230884,0.07530327991641672,0.03651516695223826,0.0,0.03602475592695478,2.3520000000000003,0.0,0.0323786694324084,0.0238084655632736,0.15,6,3,4.0,2,49,0.2,Schär
1384,11,Fabian_Schär,DEF,4,51.84639685536226,0.07526880812445527,0.03648868109423383,0.0,0.03989970022063459,2.3520000000000003,0.0,0.0283871455110724,0.0678417594345503,0.15,6,3,4.0,2,49,0.2,Schär
1385,12,Fabian_Schär,DEF,4,51.65363403697204,0.07526697524017009,0.03648207167634085,0.0,0.03605061985703295,2.3520000000000003,0.0,0.0265768898928847,0.0315855885698299,0.15,6,3,4.0,2,49,0.2,Schär
1386,6,Facundo_Buonanotte,MID,36,0.0,0.22085265479973198,0.11589613502061133,0.0,2.109446709500094e-05,1.796,0.0,0.1211821165130275,0.1926050362646116,0.22,5,3,1.0,2,50,0.0,Buonanotte
1387,7,Facundo_Buonanotte,MID,36,0.0,0.22143099457396104,0.11620530432545051,0.0,2.1436463578369515e-05,1.796,0.0,0.1457267806936557,0.1338726163462819,0.22,5,3,1.0,2,50,0.0,Buonanotte
1388,8,Facundo_Buonanotte,MID,36,0.0,0.2213427592050845,0.11619164425938536,0.0,3.933894356871694e-05,1.796,0.0,0.1389030075974817,0.2361507048222439,0.22,5,3,1.0,2,50,0.0,Buonanotte
1389,9,Facundo_Buonanotte,MID,36,0.0,0.22131236120107695,0.11615920461769372,0.0,3.3654316467180986e-05,1.796,0.0,0.1260358149771998,0.2023191987723669,0.22,5,3,1.0,2,50,0.0,Buonanotte
1390,10,Facundo_Buonanotte,MID,36,0.0,0.2212793524661543,0.11612574041583713,0.0,4.45673371907357e-05,1.796,0.0,0.1431241918345089,0.21431463250313,0.22,5,3,1.0,2,50,0.0,Buonanotte
1391,11,Facundo_Buonanotte,MID,36,0.0,0.2212494251329937,0.11609335061853736,0.0,1.656311126852614e-05,1.796,0.0,0.1542164581176329,0.1806105923991114,0.22,5,3,1.0,2,50,0.0,Buonanotte
1392,12,Facundo_Buonanotte,MID,36,0.0,0.2212183413191836,0.11606070167354193,0.0,2.859028201481879e-05,1.796,0.0,0.1113458150315947,0.1892932248153172,0.22,5,3,1.0,2,50,0.0,Buonanotte
1393,6,Federico_Chiesa,MID,14,0.0,0.14529871490869473,0.16783705589667589,0.0,7.467226611393027e-05,3.694539316239316,0.0,0.09886899903714,0.1282297948275641,0.0877168803418803,5,3,1.0,2,53,0.0,Chiesa
1394,7,Federico_Chiesa,MID,14,0.0,0.14555865866247356,0.16775252789281692,0.0,9.888508935856621e-05,3.694539316239316,0.0,0.1240191589748917,0.1296590777735466,0.0877168803418803,5,3,1.0,2,53,0.0,Chiesa
1395,8,Federico_Chiesa,MID,14,0.0,0.14565741510881872,0.16790473995547903,0.0,3.769578138845865e-05,3.694539316239316,0.0,0.0894262475542055,0.1651836631871084,0.0877168803418803,5,3,1.0,2,53,0.0,Chiesa
1396,9,Federico_Chiesa,MID,14,0.0,0.1454835419612398,0.16754227390496554,0.0,4.1445043745422283e-05,3.694539316239316,0.0,0.076157361279352,0.1133288670034329,0.0877168803418803,5,3,1.0,2,53,0.0,Chiesa
1397,10,Federico_Chiesa,MID,14,0.0,0.14557735089940252,0.16768499401907144,0.0,4.7563842169994486e-05,3.694539316239316,0.0,0.1652776886367873,0.1759321123387592,0.0877168803418803,5,3,1.0,2,53,0.0,Chiesa
1398,11,Federico_Chiesa,MID,14,0.0,0.14567061084596625,0.16782698547651817,0.0,5.834818733202645e-05,3.694539316239316,0.0,0.0876286497141699,0.1962911969242959,0.0877168803418803,5,3,1.0,2,53,0.0,Chiesa
1399,12,Federico_Chiesa,MID,14,0.0,0.1461235965762738,0.16820259021131645,0.0,6.795317121199321e-05,3.694539316239316,0.0,0.116233388513479,0.1426431873808013,0.0877168803418803,5,3,1.0,2,53,0.0,Chiesa
1400,6,Felipe_Rodrigues da Silva,DEF,17,0.0,0.04919597848082514,0.05296458223552841,0.0,0.0006171622024839311,2.124,0.0,0.034021699908773,0.1250502673893471,0.25,6,3,4.0,2,50,0.0,Morato
1401,7,Felipe_Rodrigues da Silva,DEF,17,0.0,0.04917839197531587,0.052950162341965035,0.0,0.0005417682375154891,2.124,0.0,0.0502408361290219,0.1066747570632133,0.25,6,3,4.0,2,50,0.0,Morato
1402,8,Felipe_Rodrigues da Silva,DEF,17,0.0,0.04916001220136186,0.0529354465153602,0.0,0.0005152950542274581,2.124,0.0,0.0568772559482958,0.0901681033145862,0.25,6,3,4.0,2,50,0.0,Morato
1403,9,Felipe_Rodrigues da Silva,DEF,17,0.0,0.04905598601346864,0.05286954185745873,0.0,0.0012326256384504795,2.124,0.0,0.0655689624381491,0.1074576445370588,0.25,6,3,4.0,2,50,0.0,Morato
1404,10,Felipe_Rodrigues da Silva,DEF,17,0.0,0.04903600873064535,0.052853933561033815,0.0,0.0009453818328588334,2.124,0.0,0.0475778188966921,0.0694586861700251,0.25,6,3,4.0,2,50,0.0,Morato
1405,11,Felipe_Rodrigues da Silva,DEF,17,0.0,0.049016669416577785,0.05283880476787851,0.0,0.0008458736233592273,2.124,0.0,0.0527142902426278,0.1175353766708052,0.25,6,3,4.0,2,50,0.0,Morato
1406,12,Felipe_Rodrigues da Silva,DEF,17,0.0,0.048997099644270736,0.052823302686351783,0.0,0.00044555393428004825,2.124,0.0,0.0364051426726112,0.1103782551048467,0.25,6,3,4.0,2,50,0.0,Morato
1407,6,Femi_Azeez,MID,36,0.0,0.1207732569629125,0.1369925084147596,0.0,3.553829457415446e-05,4.819493108866443,0.0,0.0817530645115434,0.1446965004790163,0.1,5,3,1.0,2,55,0.0,Azeez
1408,7,Femi_Azeez,MID,36,0.0,0.1210790366484304,0.1373406283800869,0.0,3.611445617200494e-05,4.819493108866443,0.0,0.1652776886367873,0.1759321123387592,0.1,5,3,1.0,2,55,0.0,Azeez
1409,8,Femi_Azeez,MID,36,0.0,0.1210323848624926,0.1373252473521176,0.0,6.627448823422271e-05,4.819493108866443,0.0,0.1222370154519599,0.1239528530149927,0.1,5,3,1.0,2,55,0.0,Azeez
1410,9,Femi_Azeez,MID,36,0.0,0.1210163128361164,0.137288720805775,0.0,5.6697743399479476e-05,4.819493108866443,0.0,0.09886899903714,0.1282297948275641,0.1,5,3,1.0,2,55,0.0,Azeez
1411,10,Femi_Azeez,MID,36,0.0,0.1209988604646322,0.137251040620169,0.0,7.508258144412799e-05,4.819493108866443,0.0,0.1240191589748917,0.1296590777735466,0.1,5,3,1.0,2,55,0.0,Azeez
1412,11,Femi_Azeez,MID,36,0.0,0.1209830372912486,0.1372145701978585,0.0,2.790429781997643e-05,4.819493108866443,0.0,0.1268997194477113,0.1551143810956354,0.1,5,3,1.0,2,55,0.0,Azeez
1413,12,Femi_Azeez,MID,36,0.0,0.1209666026636558,0.1371778079791586,0.0,4.816644942836326e-05,4.819493108866443,0.0,0.0971874929788598,0.199350807499842,0.1,5,3,1.0,2,55,0.0,Azeez
1414,6,Ferdi_Kadıoğlu,DEF,36,84.4851018,0.04338648612146058,0.08461717467176037,0.0,0.04493327353298292,2.692,0.0,0.0506062441125376,0.0961300594458143,0.15,6,3,4.0,2,44,1.6,F.Kadıoğlu
1415,7,Ferdi_Kadıoğlu,DEF,36,84.4851018,0.0434971421355477,0.084835801034433,0.0,0.0455964370314693,2.692,0.0,0.0926757578609484,0.1879020492283666,0.15,6,3,4.0,2,44,1.6,F.Kadıoğlu
1416,8,Ferdi_Kadıoğlu,DEF,36,84.4851018,0.043480259716844244,0.08482614143850628,0.0,0.07877687489161321,2.692,0.0,0.0212858080619217,0.1123301891473402,0.15,6,3,4.0,2,44,1.6,F.Kadıoğlu
1417,9,Ferdi_Kadıoğlu,DEF,36,84.4851018,0.04347444354768284,0.08480320203036179,0.0,0.06853563240853093,2.692,0.0,0.0447374524142549,0.0826325427082204,0.15,6,3,4.0,2,44,1.6,F.Kadıoğlu
1418,10,Ferdi_Kadıoğlu,DEF,36,84.4851018,0.04346812785715047,0.0847795381134816,0.0,0.08798862312890923,2.692,0.0,0.0423145101603038,0.1030106613875299,0.15,6,3,4.0,2,44,1.6,F.Kadıoğlu
1419,11,Ferdi_Kadıoğlu,DEF,36,84.4851018,0.04346240174328562,0.08475663395236174,0.0,0.0360181310329393,2.692,0.0,0.0432402221981642,0.1043281347865106,0.15,6,3,4.0,2,44,1.6,F.Kadıoğlu
1420,12,Ferdi_Kadıoğlu,DEF,36,84.4851018,0.04345645435544873,0.0847335465372214,0.0,0.059193976738140225,2.692,0.0,0.0411458912848495,0.1064743529883166,0.15,6,3,4.0,2,44,1.6,F.Kadıoğlu
1421,6,Filip_Jörgensen,GKP,8,0.0,0.0,0.0091209326087954,0.0,,5.116220820189275,0.7607478430409063,0.0,0.0,0.1,0,0,4.0,1,50,0.0,Jörgensen
1422,7,Filip_Jörgensen,GKP,8,0.0,0.0,0.0091290567592854,0.0,,5.116220820189275,0.6694947278513709,0.0,0.0,0.1,0,0,4.0,1,50,0.0,Jörgensen
1423,8,Filip_Jörgensen,GKP,8,0.0,0.0,0.0091389967484795,0.0,,5.116220820189275,0.6416148900756072,0.0,0.0,0.1,0,0,4.0,1,50,0.0,Jörgensen
1424,9,Filip_Jörgensen,GKP,8,0.0,0.0,0.0091443916367606,0.0,,5.116220820189275,0.8719973994967745,0.0,0.0,0.1,0,0,4.0,1,50,0.0,Jörgensen
1425,10,Filip_Jörgensen,GKP,8,0.0,0.0,0.0091539442903615,0.0,,5.116220820189275,0.5668687860048922,0.0,0.0,0.1,0,0,4.0,1,50,0.0,Jörgensen
1426,11,Filip_Jörgensen,GKP,8,0.0,0.0,0.0091636248109875,0.0,,5.116220820189275,0.569829564100572,0.0,0.0,0.1,0,0,4.0,1,50,0.0,Jörgensen
1427,12,Filip_Jörgensen,GKP,8,0.0,0.0,0.0091650070451897,0.0,,5.116220820189275,0.6199811741754361,0.0,0.0,0.1,0,0,4.0,1,50,0.0,Jörgensen
1428,6,Florentino_Ibrain Morris Luís,MID,40,55.6715599,0.0222183168843162,0.07956370187296301,0.0,0.03855430057099354,3.4000000000000004,0.0,0.043644761687276,0.0738034067651066,0.18,5,3,1.0,2,49,0.1,Florentino
1429,7,Florentino_Ibrain Morris Luís,MID,40,55.3685599,0.022073707787429,0.07631501649752388,0.0,0.07610023201098276,3.4000000000000004,0.0,0.0475778188966921,0.0694586861700251,0.18,5,3,1.0,2,49,0.1,Florentino
1430,8,Florentino_Ibrain Morris Luís,MID,40,55.0655599,0.0220094475400699,0.07615110382200652,0.0,0.05561069343483698,3.4000000000000004,0.0,0.0745833114716031,0.0768185326234935,0.18,5,3,1.0,2,49,0.1,Florentino
1431,9,Florentino_Ibrain Morris Luís,MID,40,54.7625599,0.0220450475217703,0.07670287020697082,0.0,0.03672530788192637,3.4000000000000004,0.0,0.0568772559482958,0.0901681033145862,0.18,5,3,1.0,2,49,0.1,Florentino
1432,10,Florentino_Ibrain Morris Luís,MID,40,54.4595599,0.0220377136652992,0.0766932694867228,0.0,0.06312200401275044,3.4000000000000004,0.0,0.0527142902426278,0.1175353766708052,0.18,5,3,1.0,2,49,0.1,Florentino
1433,11,Florentino_Ibrain Morris Luís,MID,40,54.1565599,0.0220306255417061,0.07668412102398753,0.0,0.07394112926306587,3.4000000000000004,0.0,0.0607007698575154,0.1196306784306686,0.18,5,3,1.0,2,49,0.1,Florentino
1434,12,Florentino_Ibrain Morris Luís,MID,40,53.85355989999999,0.0220234635367836,0.07667461715942711,0.0,0.0467018975881619,3.4000000000000004,0.0,0.0452432190095615,0.0673878343702392,0.18,5,3,1.0,2,49,0.1,Florentino
1435,6,Florian_Wirtz,MID,14,74.61583164853774,0.1444772268255464,0.17105456712653763,0.0,0.03905789624374057,5.512,0.0,0.1260358149771998,0.2023191987723669,0.05,5,3,1.0,2,73,5.9,Wirtz
1436,7,Florian_Wirtz,MID,14,74.36618855865737,0.1447155835429006,0.17097355977899706,0.0,0.05014745998422173,5.512,0.0,0.1431241918345089,0.21431463250313,0.05,5,3,1.0,2,73,5.9,Wirtz
1437,8,Florian_Wirtz,MID,14,74.49033593792642,0.14480613875735066,0.17111943209227812,0.0,0.019816080469448234,5.512,0.0,0.1568333574163208,0.1479354673274162,0.05,5,3,1.0,2,73,5.9,Wirtz
1438,9,Florian_Wirtz,MID,14,74.20401053161066,0.1446467049102568,0.17077206303131476,0.0,0.021213240529188514,5.512,0.0,0.1746046778732178,0.1224679656436583,0.05,5,3,1.0,2,73,5.9,Wirtz
1439,10,Florian_Wirtz,MID,14,74.32093002834529,0.14473272348248226,0.17090883874299123,0.0,0.02452914367598137,5.512,0.0,0.1457267806936557,0.1338726163462819,0.05,5,3,1.0,2,73,5.9,Wirtz
1440,11,Florian_Wirtz,MID,14,74.43245996846449,0.14481823865413151,0.17104491614711834,0.0,0.030244282194657218,5.512,0.0,0.1581552595513359,0.175811164019189,0.05,5,3,1.0,2,73,5.9,Wirtz
1441,12,Florian_Wirtz,MID,14,74.76313264328849,0.14523360617158385,0.17140487665606932,0.0,0.03609763642302666,5.512,0.0,0.1581050387935625,0.1406563672099904,0.05,5,3,1.0,2,73,5.9,Wirtz
1442,6,Floyd_Samba,MID,43,0.0,0.1009584905295115,0.1267337335308063,0.0,9.049172315719768e-05,6.864678571428572,0.0,0.070552064626671,0.1127830621923689,0.1,5,3,1.0,2,45,0.0,Samba
1443,7,Floyd_Samba,MID,43,0.0,0.0984502329295467,0.1249760466015162,0.0,4.07524276264098e-05,6.864678571428572,0.0,0.0842332060993205,0.1188923620107288,0.1,5,3,1.0,2,45,0.0,Samba
1444,8,Floyd_Samba,MID,43,0.0,0.0984370292390574,0.1249459512609641,0.0,5.297557324848696e-05,6.864678571428572,0.0,0.0858497032968192,0.1237171984305226,0.1,5,3,1.0,2,45,0.0,Samba
1445,9,Floyd_Samba,MID,43,0.0,0.0984232710795401,0.1249159110602242,0.0,3.908078966454539e-05,6.864678571428572,0.0,0.0957882179850394,0.1113283019034307,0.1,5,3,1.0,2,45,0.0,Samba
1446,10,Floyd_Samba,MID,43,0.0,0.0984097218390984,0.1248852585897807,0.0,5.710748813248277e-05,6.864678571428572,0.0,0.1202318081610187,0.1776752802788837,0.1,5,3,1.0,2,45,0.0,Samba
1447,11,Floyd_Samba,MID,43,0.0,0.0983965221258902,0.1248551511080336,0.0,3.696607318648273e-05,6.864678571428572,0.0,0.0936735501911697,0.0888189627888669,0.1,5,3,1.0,2,45,0.0,Samba
1448,12,Floyd_Samba,MID,43,0.0,0.0983825357519098,0.1248248278465936,0.0,4.296780129896387e-05,6.864678571428572,0.0,0.0676432579115817,0.1324297279869411,0.1,5,3,1.0,2,45,0.0,Samba
1449,6,Francisco_Evanilson de Lima Barbosa,FWD,91,83.51969410770121,0.17369109918387013,0.11873700474866472,0.015,0.013419165397749126,1.0,0.0,0.2699527724353497,0.1092810666119734,0.05,4,3,0.0,2,60,3.2,Evanilson
1450,7,Francisco_Evanilson de Lima Barbosa,FWD,91,83.60506279044218,0.17362187030175197,0.11870460875670717,0.015,0.018687656614866925,1.0,0.0,0.3107258993287308,0.1106489791789369,0.05,4,3,0.0,2,60,3.2,Evanilson
1451,8,Francisco_Evanilson de Lima Barbosa,FWD,91,83.69224607877877,0.17355382918256504,0.11867280693430107,0.015,0.02338544823553593,1.0,0.0,0.1582373678053648,0.1067667619926839,0.05,4,3,0.0,2,60,3.2,Evanilson
1452,9,Francisco_Evanilson de Lima Barbosa,FWD,91,85.28289994697985,0.17165564287059107,0.11790986084813883,0.015,0.023979564718398176,1.0,0.0,0.3479730393459483,0.0845739406189787,0.05,4,3,0.0,2,60,3.2,Evanilson
1453,10,Francisco_Evanilson de Lima Barbosa,FWD,91,85.37628288936183,0.17157912983542542,0.11787389208688677,0.015,0.01837824807396817,1.0,0.0,0.2767363309065365,0.1027633521295426,0.05,4,3,0.0,2,60,3.2,Evanilson
1454,11,Francisco_Evanilson de Lima Barbosa,FWD,91,85.46882697865153,0.17150346761299048,0.11783866743151768,0.015,0.02580244579414595,1.0,0.0,0.3397560761522099,0.0551267835339054,0.05,4,3,0.0,2,60,3.2,Evanilson
1455,12,Francisco_Evanilson de Lima Barbosa,FWD,91,85.56199647647652,0.1714286121292258,0.11780352249897375,0.015,0.01696955461736691,1.0,0.0,0.251881030599128,0.0913042928657778,0.05,4,3,0.0,2,60,3.2,Evanilson
1456,6,Frank_Onyeka,MID,9,73.9320949,0.0686469896886704,0.08551472838832055,0.0,0.04930040401521061,1.746,0.0,0.0772167805063861,0.0863082180546789,0.2,5,3,1.0,2,49,0.1,Onyeka
1457,7,Frank_Onyeka,MID,9,74.1750949,0.0554974020990403,0.07999233700120663,0.0,0.06325763833649979,1.746,0.0,0.0518416411242582,0.115884505791489,0.2,5,3,1.0,2,49,0.1,Onyeka
1458,8,Frank_Onyeka,MID,9,74.4180949,0.0554986558523473,0.07991149816259359,0.0,0.029430839182186797,1.746,0.0,0.0936735501911697,0.0888189627888669,0.2,5,3,1.0,2,49,0.1,Onyeka
1459,9,Frank_Onyeka,MID,9,74.6580949,0.0573850223160815,0.08268033581665891,0.0,0.039127583544236844,1.746,0.0,0.085880677692756,0.1056084642760237,0.2,5,3,1.0,2,49,0.1,Onyeka
1460,10,Frank_Onyeka,MID,9,74.9010949,0.0574206576819288,0.08276284269248138,0.0,0.05716013104626412,1.746,0.0,0.1053742839427626,0.1147639713719944,0.2,5,3,1.0,2,49,0.1,Onyeka
1461,11,Frank_Onyeka,MID,9,75.1440949,0.0574559004075176,0.08284481481424215,0.0,0.041428166187746966,1.746,0.0,0.0822560971477504,0.1524742200371775,0.2,5,3,1.0,2,49,0.1,Onyeka
1462,12,Frank_Onyeka,MID,9,75.3870949,0.0574919169331531,0.08292773869940122,0.0,0.046061586971366815,1.746,0.0,0.0928778036155075,0.1172272670252035,0.2,5,3,1.0,2,49,0.1,Onyeka
1463,6,Fraser_Forster,GKP,91,48.21181191965309,3.387201231005393e-10,4.428226221694715e-12,0.0,,5.486000000000001,0.6781769496123029,0.0,0.0,0.05,0,0,4.0,1,40,3.5,Forster
1464,7,Fraser_Forster,GKP,91,48.32157051445025,3.385794834012618e-10,4.4269446658150874e-12,0.0,,5.486000000000001,0.5852214539064736,0.0,0.0,0.05,0,0,4.0,1,40,3.5,Forster
1465,8,Fraser_Forster,GKP,91,48.43037708485447,3.384412566634009e-10,4.425686614740722e-12,0.0,,5.486000000000001,0.8921755244586403,0.0,0.0,0.05,0,0,4.0,1,40,3.5,Forster
1466,9,Fraser_Forster,GKP,91,50.96448900978999,3.3458505757538287e-10,4.395505163780967e-12,0.0,,5.486000000000001,0.5882141845541403,0.0,0.0,0.05,0,0,4.0,1,40,3.5,Forster
1467,10,Fraser_Forster,GKP,91,51.08819764748936,3.344296199902701e-10,4.3940822724083025e-12,0.0,,5.486000000000001,0.7426648299351912,0.0,0.0,0.05,0,0,4.0,1,40,3.5,Forster
1468,11,Fraser_Forster,GKP,91,51.210627640633405,3.342759108462782e-10,4.392688817185341e-12,0.0,,5.486000000000001,0.6388602940240639,0.0,0.0,0.05,0,0,4.0,1,40,3.5,Forster
1469,12,Fraser_Forster,GKP,91,51.33413795407699,3.3412384060617276e-10,4.391298515724604e-12,0.0,,5.486000000000001,0.6892619269816174,0.0,0.0,0.05,0,0,4.0,1,40,3.5,Forster
1470,6,Freddie_Woodman,GKP,14,38.29820507551489,0.0,1.9315278067314424e-05,0.0,,8.934355001194744,0.7035732493389208,0.0,0.0,0.1,0,0,4.0,1,40,1.0,Woodman
1471,7,Freddie_Woodman,GKP,14,37.87651452359397,0.0,1.9302121432410235e-05,0.0,,8.934355001194744,0.5486803376161494,0.0,0.0,0.1,0,0,4.0,1,40,1.0,Woodman
1472,8,Freddie_Woodman,GKP,14,38.00286832749055,0.0,1.9325812971841365e-05,0.0,,8.934355001194744,0.6936145798194484,0.0,0.0,0.1,0,0,4.0,1,40,1.0,Woodman
1473,9,Freddie_Woodman,GKP,14,37.526175836587946,0.0,1.9269395769564505e-05,0.0,,8.934355001194744,0.6261083834238296,0.0,0.0,0.1,0,0,4.0,1,40,1.0,Woodman
1474,10,Freddie_Woodman,GKP,14,37.64174478635391,0.0,1.929160990392297e-05,0.0,,8.934355001194744,0.5560308642069651,0.0,0.0,0.1,0,0,4.0,1,40,1.0,Woodman
1475,11,Freddie_Woodman,GKP,14,37.75357627539233,0.0,1.931371062415597e-05,0.0,,8.934355001194744,0.8424653142993941,0.0,0.0,0.1,0,0,4.0,1,40,1.0,Woodman
1476,12,Freddie_Woodman,GKP,14,38.18628002200023,0.0,1.937217283949791e-05,0.0,,8.934355001194744,0.6414742107098431,0.0,0.0,0.1,0,0,4.0,1,40,1.0,Woodman
1477,6,Fábio_Ferreira Vieira,MID,3,0.0,0.0763775982321917,0.12048755147711492,0.0,8.63229106417687e-05,3.1479700911554573,0.0,0.0928778036155075,0.1172272670252035,0.0165171224439517,5,3,1.0,2,55,0.0,Fábio Vieira
1478,7,Fábio_Ferreira Vieira,MID,3,0.0,0.0767776573903436,0.12061370452758419,0.0,9.150232114280201e-05,3.1479700911554573,0.0,0.1202318081610187,0.1776752802788837,0.0165171224439517,5,3,1.0,2,55,0.0,Fábio Vieira
1479,8,Fábio_Ferreira Vieira,MID,3,0.0,0.0771841743478035,0.12074028932711968,0.0,0.0001128797776335725,3.1479700911554573,0.0,0.1053742839427626,0.1147639713719944,0.0165171224439517,5,3,1.0,2,55,0.0,Fábio Vieira
1480,9,Fábio_Ferreira Vieira,MID,3,0.0,0.0775859160443696,0.12086352044560783,0.0,0.00014499098662424376,3.1479700911554573,0.0,0.070552064626671,0.1127830621923689,0.0165171224439517,5,3,1.0,2,55,0.0,Fábio Vieira
1481,10,Fábio_Ferreira Vieira,MID,3,0.0,0.0775988368708683,0.12082885327962967,0.0,6.104945098609485e-05,3.1479700911554573,0.0,0.0842332060993205,0.1188923620107288,0.0165171224439517,5,3,1.0,2,55,0.0,Fábio Vieira
1482,11,Fábio_Ferreira Vieira,MID,3,0.0,0.0776113795918451,0.12079361247222643,0.0,0.00010537718069933306,3.1479700911554573,0.0,0.0772167805063861,0.0863082180546789,0.0165171224439517,5,3,1.0,2,55,0.0,Fábio Vieira
1483,12,Fábio_Ferreira Vieira,MID,3,0.0,0.0776260414380888,0.12077430436314321,0.0,0.00012404070457887805,3.1479700911554573,0.0,0.0428645627319718,0.1349551016015938,0.0165171224439517,5,3,1.0,2,55,0.0,Fábio Vieira
1484,6,Fábio_Freitas Gouveia Carvalho,MID,94,0.7995679979999999,0.20530655259530028,0.09754215120964567,0.0,3.194398115892327e-05,1.0,0.0,0.1477429617751006,0.2046314411489814,0.0151296413058708,5,3,1.0,2,50,0.0,Carvalho
1485,7,Fábio_Freitas Gouveia Carvalho,MID,94,0.7185679979999999,0.2050384903375141,0.09782453480071229,0.0,5.417329386407765e-05,1.0,0.0,0.162531339725311,0.1137100266743979,0.0151296413058708,5,3,1.0,2,50,0.0,Carvalho
1486,8,Fábio_Freitas Gouveia Carvalho,MID,94,0.637567998,0.20495682076270744,0.09791210779606631,0.0,2.264463263289059e-05,1.0,0.0,0.150737295523736,0.1390624159116826,0.0151296413058708,5,3,1.0,2,50,0.0,Carvalho
1487,9,Fábio_Freitas Gouveia Carvalho,MID,94,0.5565679979999999,0.20487576411060562,0.09799962521476348,0.0,3.369616489213066e-05,1.0,0.0,0.1678163049268733,0.1529825499215968,0.0151296413058708,5,3,1.0,2,50,0.0,Carvalho
1488,10,Fábio_Freitas Gouveia Carvalho,MID,94,0.4755679979999999,0.20487989823141786,0.09799525242145728,0.0,2.2893164433667948e-05,1.0,0.0,0.1614820231045773,0.1551187159815836,0.0151296413058708,5,3,1.0,2,50,0.0,Carvalho
1489,11,Fábio_Freitas Gouveia Carvalho,MID,94,0.4515679979999999,0.2048561990537514,0.09782354697620925,0.0,4.1180922179540374e-05,1.0,0.0,0.147935998121608,0.1428338544994659,0.0151296413058708,5,3,1.0,2,50,0.0,Carvalho
1490,12,Fábio_Freitas Gouveia Carvalho,MID,94,0.4515679979999999,0.20486198039595768,0.09780822210162411,0.0,3.5360010564682884e-05,1.0,0.0,0.1396329057693053,0.09073077750478,0.0151296413058708,5,3,1.0,2,50,0.0,Carvalho
1491,6,Gabriel_Fernando de Jesus,FWD,3,0.0,0.2699508012779166,0.08944472211761516,0.0,2.0608980309764293e-05,1.0,0.0,0.3479730393459483,0.0845739406189787,0.2,4,3,0.0,2,59,0.1,G.Jesus
1492,7,Gabriel_Fernando de Jesus,FWD,3,0.0,0.2713355566116386,0.08953700039468548,0.0,2.184559868109852e-05,1.0,0.0,0.3397560761522099,0.0551267835339054,0.2,4,3,0.0,2,59,0.1,G.Jesus
1493,8,Gabriel_Fernando de Jesus,FWD,3,0.0,0.27274266481956344,0.08962959448702787,0.0,2.694968483299774e-05,1.0,0.0,0.2321652746293105,0.0710294967935649,0.2,4,3,0.0,2,59,0.1,G.Jesus
1494,9,Gabriel_Fernando de Jesus,FWD,3,0.0,0.27413324405206596,0.08971973543291253,0.0,3.4616793005200516e-05,1.0,0.0,0.3273316394954414,0.1139094893887378,0.2,4,3,0.0,2,59,0.1,G.Jesus
1495,10,Gabriel_Fernando de Jesus,FWD,3,0.0,0.27417796789614135,0.08969437713729086,0.0,1.4574883609711661e-05,1.0,0.0,0.2767363309065365,0.1027633521295426,0.2,4,3,0.0,2,59,0.1,G.Jesus
1496,11,Gabriel_Fernando de Jesus,FWD,3,0.0,0.274221382974682,0.08966859923515022,0.0,2.5158349058362644e-05,1.0,0.0,0.2701720012960522,0.1526573698912118,0.2,4,3,0.0,2,59,0.1,G.Jesus
1497,12,Gabriel_Fernando de Jesus,FWD,3,0.0,0.27427213314343685,0.0896544757634382,0.0,2.9614518977093462e-05,1.0,0.0,0.2852550995514115,0.114829839288796,0.2,4,3,0.0,2,59,0.1,G.Jesus
1498,6,Gabriel_Gudmundsson,DEF,2,75.741161,0.030842098350749508,0.081561208559193,0.0,0.043367244540693066,2.016,0.0,0.0256302332947076,0.1059606075008729,0.14,6,3,4.0,2,45,0.1,Gudmundsson
1499,7,Gabriel_Gudmundsson,DEF,2,75.741161,0.030840283435132353,0.08156177849446447,0.0,0.05913935429531972,2.016,0.0,0.0428987940978528,0.0818561894866903,0.14,6,3,4.0,2,45,0.1,Gudmundsson
1500,8,Gabriel_Gudmundsson,DEF,2,75.741161,0.030838727104164944,0.08156228267531829,0.0,0.04844435930958994,2.016,0.0,0.0506062441125376,0.0961300594458143,0.14,6,3,4.0,2,45,0.1,Gudmundsson
1501,9,Gabriel_Gudmundsson,DEF,2,75.741161,0.030837221499638807,0.08156289995488888,0.0,0.06641025313499546,2.016,0.0,0.0510108756375665,0.0615884901660233,0.14,6,3,4.0,2,45,0.1,Gudmundsson
1502,10,Gabriel_Gudmundsson,DEF,2,75.74416099999999,0.03083539115227973,0.08156313984304032,0.0,0.07897496582181877,2.016,0.0,0.0507205798974058,0.0806429687371418,0.14,6,3,4.0,2,45,0.1,Gudmundsson
1503,11,Gabriel_Gudmundsson,DEF,2,75.74416099999999,0.030833687227485453,0.08156341689684614,0.0,0.035908342666837845,2.016,0.0,0.0631097915681744,0.0640934742919765,0.14,6,3,4.0,2,45,0.1,Gudmundsson
1504,12,Gabriel_Gudmundsson,DEF,2,75.74416099999999,0.030831995971462335,0.08156378092642579,0.0,0.03980100636630296,2.016,0.0,0.0432402221981642,0.1043281347865106,0.14,6,3,4.0,2,45,0.1,Gudmundsson
1505,6,Gabriel_Martinelli Silva,MID,3,0.0,0.15338798259846034,0.14515858861375633,0.0,2.625917395523738e-05,2.072,0.0,0.1182193902266794,0.1729940302427504,0.08,5,3,1.0,2,63,0.1,Martinelli
1506,7,Gabriel_Martinelli Silva,MID,3,0.0,0.1541308687442615,0.14530702290435168,0.0,2.783481797822743e-05,2.072,0.0,0.1678163049268733,0.1529825499215968,0.08,5,3,1.0,2,63,0.1,Martinelli
1507,8,Gabriel_Martinelli Silva,MID,3,0.0,0.1548857466406338,0.1454559651998355,0.0,3.4338208603572705e-05,2.072,0.0,0.147935998121608,0.1428338544994659,0.08,5,3,1.0,2,63,0.1,Martinelli
1508,9,Gabriel_Martinelli Silva,MID,3,0.0,0.1556317571605486,0.14560096148477694,0.0,4.4107258322387843e-05,2.072,0.0,0.162531339725311,0.1137100266743979,0.08,5,3,1.0,2,63,0.1,Martinelli
1509,10,Gabriel_Martinelli Silva,MID,3,0.0,0.15565575036955928,0.14556017137966418,0.0,1.8570784969564464e-05,2.072,0.0,0.150737295523736,0.1390624159116826,0.08,5,3,1.0,2,63,0.1,Martinelli
1510,11,Gabriel_Martinelli Silva,MID,3,0.0,0.15567904145902567,0.14551870631617642,0.0,3.205577291356399e-05,2.072,0.0,0.2069194075756547,0.1443916359282739,0.08,5,3,1.0,2,63,0.1,Martinelli
1511,12,Gabriel_Martinelli Silva,MID,3,0.0,0.1557062676385152,0.14549598799534416,0.0,3.773361173441282e-05,2.072,0.0,0.1674484816301701,0.1685309160814939,0.08,5,3,1.0,2,63,0.1,Martinelli
1512,6,Gabriel_dos Santos Magalhães,DEF,3,85.91382999999999,0.05649869140354404,0.03403372151630572,0.0,0.29464254373510307,4.618,0.0,0.07078655240023,0.0561971162677075,0.18,6,3,4.0,2,80,22.9,Gabriel
1513,7,Gabriel_dos Santos Magalhães,DEF,3,85.91982999999999,0.05677883663443038,0.03406894257033366,0.0,0.3072731067852467,4.618,0.0,0.0550530308978321,0.0334376008273799,0.18,6,3,4.0,2,80,22.9,Gabriel
1514,8,Gabriel_dos Santos Magalhães,DEF,3,85.92282999999999,0.057063504000709246,0.03410428416569713,0.0,0.3557135520152521,4.618,0.0,0.0459456519173773,0.0386203456380479,0.18,6,3,4.0,2,80,22.9,Gabriel
1515,9,Gabriel_dos Santos Magalhães,DEF,3,85.92882999999999,0.05734482744512455,0.034138689436644214,0.0,0.4201158843161468,4.618,0.0,0.0345883844346893,0.02331174536266,0.18,6,3,4.0,2,80,22.9,Gabriel
1516,10,Gabriel_dos Santos Magalhães,DEF,3,85.93182999999999,0.05735387537678412,0.03412901060508709,0.0,0.2282392503087745,4.618,0.0,0.0440900662312232,0.0342011051202082,0.18,6,3,4.0,2,80,22.9,Gabriel
1517,11,Gabriel_dos Santos Magalhães,DEF,3,85.93782999999999,0.05736265853645538,0.03411917161683503,0.0,0.33957189480251154,4.618,0.0,0.0441562832773488,0.040413775623652,0.18,6,3,4.0,2,80,22.9,Gabriel
1518,12,Gabriel_dos Santos Magalhães,DEF,3,85.94082999999999,0.05737292563375196,0.03411378092710797,0.0,0.379431961173576,4.618,0.0,0.0297669938520948,0.018348571633679,0.18,6,3,4.0,2,80,22.9,Gabriel
1519,6,George_Hemmings,MID,7,68.32114771266573,0.1187425708032544,0.1162162659948128,0.0,0.043748450619435934,2.4487780851063827,0.0,0.1841742556698727,0.1303583338431828,0.0852652482269503,5,3,1.0,2,45,1.2,George Hemmings
1520,7,George_Hemmings,MID,7,68.52445282817256,0.1187591454796175,0.1161075904057413,0.0,0.028916065626837694,2.4487780851063827,0.0,0.2069194075756547,0.1443916359282739,0.0852652482269503,5,3,1.0,2,45,1.2,George Hemmings
1521,8,George_Hemmings,MID,7,68.7287318892831,0.1187765865113212,0.115998318920358,0.0,0.034503903308447076,2.4487780851063827,0.0,0.1674484816301701,0.1685309160814939,0.0852652482269503,5,3,1.0,2,45,1.2,George Hemmings
1522,9,George_Hemmings,MID,7,69.00891491278814,0.1187816863464003,0.115938457975882,0.0,0.017139311037742116,2.4487780851063827,0.0,0.1162593608860656,0.17672170864813,0.0852652482269503,5,3,1.0,2,45,1.2,George Hemmings
1523,10,George_Hemmings,MID,7,69.36646765091155,0.1187739627496243,0.1159267803610188,0.0,0.028668390847898646,2.4487780851063827,0.0,0.1396329057693053,0.09073077750478,0.0852652482269503,5,3,1.0,2,45,1.2,George Hemmings
1524,11,George_Hemmings,MID,7,69.72728250634806,0.1187638308000867,0.1159126187726538,0.0,0.023842982222737515,2.4487780851063827,0.0,0.1261492811823807,0.1064172920699372,0.0852652482269503,5,3,1.0,2,45,1.2,George Hemmings
1525,12,George_Hemmings,MID,7,70.07928051082362,0.1187634645509334,0.1159005682775913,0.0,0.02071665967790529,2.4487780851063827,0.0,0.150737295523736,0.1390624159116826,0.0852652482269503,5,3,1.0,2,45,1.2,George Hemmings
1526,6,George_Hirst,FWD,40,0.0,0.2937410679675177,0.15969123511198552,0.0,6.860982133792781e-06,1.0,0.0,0.251881030599128,0.0913042928657778,0.0663589906700593,4,3,0.0,2,50,0.1,Hirst
1527,7,George_Hirst,FWD,40,0.0,0.2918112264245286,0.15317958266592235,0.0,1.4368921851601848e-05,1.0,0.0,0.2852550995514115,0.114829839288796,0.0663589906700593,4,3,0.0,2,50,0.1,Hirst
1528,8,George_Hirst,FWD,40,0.0,0.2909536586947954,0.1528510367308365,0.0,1.0599418980510488e-05,1.0,0.0,0.3397560761522099,0.0551267835339054,0.0663589906700593,4,3,0.0,2,50,0.1,Hirst
1529,9,George_Hirst,FWD,40,0.0,0.2914287486102567,0.15395699514634584,0.0,7.071667462112134e-06,1.0,0.0,0.2767363309065365,0.1027633521295426,0.0663589906700593,4,3,0.0,2,50,0.1,Hirst
1530,10,George_Hirst,FWD,40,0.0,0.2913308766146986,0.15393775149968192,0.0,1.2773673122189287e-05,1.0,0.0,0.2588988784046943,0.0835343475833465,0.0663589906700593,4,3,0.0,2,50,0.1,Hirst
1531,11,George_Hirst,FWD,40,0.0,0.2912362839807196,0.15391941435623357,0.0,1.5507168098644344e-05,1.0,0.0,0.1816445166652931,0.0735228775864095,0.0663589906700593,4,3,0.0,2,50,0.1,Hirst
1532,12,George_Hirst,FWD,40,0.0,0.2911407053834668,0.15390036484673655,0.0,9.832488798503441e-06,1.0,0.0,0.2104660919951334,0.0966017152127772,0.0663589906700593,4,3,0.0,2,50,0.1,Hirst
1533,6,George_Shepherd,MID,9,0.0,0.1451522942371561,0.1343393069939382,0.0,5.608292597514651e-05,2.6258925714724732,0.0,0.0772167805063861,0.0863082180546789,0.1,5,3,1.0,2,44,0.3,Shepherd
1534,7,George_Shepherd,MID,9,0.0,0.1190122388691466,0.1255372167640669,0.0,7.124563273314249e-05,2.6258925714724732,0.0,0.0518416411242582,0.115884505791489,0.1,5,3,1.0,2,44,0.3,Shepherd
1535,8,George_Shepherd,MID,9,0.0,0.119014731204411,0.1254083684623673,0.0,3.1522676263690765e-05,2.6258925714724732,0.0,0.0936735501911697,0.0888189627888669,0.1,5,3,1.0,2,44,0.3,Shepherd
1536,9,George_Shepherd,MID,9,0.0,0.1227646376916117,0.129821594029794,0.0,4.1379320336648034e-05,2.6258925714724732,0.0,0.085880677692756,0.1056084642760237,0.1,5,3,1.0,2,44,0.3,Shepherd
1537,10,George_Shepherd,MID,9,0.0,0.1228354772088177,0.1299531010010799,0.0,6.007606130331017e-05,2.6258925714724732,0.0,0.1053742839427626,0.1147639713719944,0.1,5,3,1.0,2,44,0.3,Shepherd
1538,11,George_Shepherd,MID,9,0.0,0.1229055361967465,0.1300837556326505,0.0,4.205017572506517e-05,2.6258925714724732,0.0,0.0822560971477504,0.1524742200371775,0.1,5,3,1.0,2,44,0.3,Shepherd
1539,12,George_Shepherd,MID,9,0.0,0.1229771334212113,0.1302159272713874,0.0,4.5941694434561415e-05,2.6258925714724732,0.0,0.0928778036155075,0.1172272670252035,0.1,5,3,1.0,2,44,0.3,Shepherd
1540,6,Georginio_Rutter,FWD,36,43.22079482802641,0.15893487059087288,0.1613955870676085,0.0,0.0016765198858919687,1.0979999999999999,0.0,0.3107258993287308,0.1106489791789369,0.05,4,3,0.0,2,53,0.5,Georginio
1541,7,Georginio_Rutter,FWD,36,42.27985954602391,0.15931413733901711,0.1618134318292436,0.0,0.001566545661638233,1.0979999999999999,0.0,0.508906701575971,0.1270447035747427,0.05,4,3,0.0,2,53,0.5,Georginio
1542,8,Georginio_Rutter,FWD,36,42.44637550069768,0.15925627387723176,0.16179497014187816,0.0,0.0029147945708258766,1.0979999999999999,0.0,0.3273316394954414,0.1139094893887378,0.05,4,3,0.0,2,53,0.5,Georginio
1543,9,Georginio_Rutter,FWD,36,42.50013289454382,0.15923633931169823,0.16175112770946978,0.0,0.002506376794141273,1.0979999999999999,0.0,0.2852550995514115,0.114829839288796,0.05,4,3,0.0,2,53,0.5,Georginio
1544,10,Georginio_Rutter,FWD,36,42.55665070666712,0.15921469266709182,0.1617059005758922,0.0,0.0033338112333281254,1.0979999999999999,0.0,0.3657327697364796,0.1238459952069972,0.05,4,3,0.0,2,53,0.5,Georginio
1545,11,Georginio_Rutter,FWD,36,42.61231109082844,0.15919506676060186,0.1616621255085738,0.0,0.0012472172577908426,1.0979999999999999,0.0,0.2767363309065365,0.1027633521295426,0.05,4,3,0.0,2,53,0.5,Georginio
1546,12,Georginio_Rutter,FWD,36,42.66606620339772,0.15917468245105054,0.16161800020109426,0.0,0.0021616023972947877,1.0979999999999999,0.0,0.2701720012960522,0.1526573698912118,0.05,4,3,0.0,2,53,0.5,Georginio
1547,6,Geovany_Quenda,MID,8,0.0,0.11731992358096,0.129058916403794,0.0,5.6288692500484636e-05,4.2316621934560015,0.0,0.0866961224313779,0.114569503221635,0.1,5,3,1.0,2,53,0.0,Quenda
1548,7,Geovany_Quenda,MID,8,0.0,0.1164736709719271,0.1291756847788374,0.0,5.762059339927326e-05,4.2316621934560015,0.0,0.1053742839427626,0.1147639713719944,0.1,5,3,1.0,2,53,0.0,Quenda
1549,8,Geovany_Quenda,MID,8,0.0,0.1152239485835213,0.1293185521946465,0.0,6.833365931466822e-05,4.2316621934560015,0.0,0.0518416411242582,0.115884505791489,0.1,5,3,1.0,2,53,0.0,Quenda
1550,9,Geovany_Quenda,MID,8,0.0,0.1150327342764729,0.1293960928973818,0.0,4.9476031367349336e-05,4.2316621934560015,0.0,0.1119957605907742,0.1332858089793131,0.1,5,3,1.0,2,53,0.0,Quenda
1551,10,Geovany_Quenda,MID,8,0.0,0.1152292190871224,0.129533393140615,0.0,3.9688013046562444e-05,4.2316621934560015,0.0,0.085880677692756,0.1056084642760237,0.1,5,3,1.0,2,53,0.0,Quenda
1552,11,Geovany_Quenda,MID,8,0.0,0.1154298707904222,0.1296725312159695,0.0,4.4063914945763035e-05,4.2316621934560015,0.0,0.0928778036155075,0.1172272670252035,0.1,5,3,1.0,2,53,0.0,Quenda
1553,12,Geovany_Quenda,MID,8,0.0,0.1154590824919803,0.129692398061361,0.0,4.670786575773242e-05,4.2316621934560015,0.0,0.1202318081610187,0.1776752802788837,0.1,5,3,1.0,2,53,0.0,Quenda
1554,6,Gerónimo_Rulli,GKP,43,0.0,0.0,3.135111100015267e-08,0.0,2.6223219509059722e-05,3.772,0.6376585886980666,0.0,0.0,0.1,0,0,4.0,1,50,0.0,Rulli
1555,7,Gerónimo_Rulli,GKP,43,0.0,0.0,3.0887919587181095e-08,0.0,1.2328181232416498e-05,3.772,0.6288131345561029,0.0,0.0,0.1,0,0,4.0,1,50,0.0,Rulli
1556,8,Gerónimo_Rulli,GKP,43,0.0,0.0,3.0879988764528946e-08,0.0,1.5802989770977023e-05,3.772,0.5386181670052748,0.0,0.0,0.1,0,0,4.0,1,50,0.0,Rulli
1557,9,Gerónimo_Rulli,GKP,43,0.0,0.0,3.087207247250061e-08,0.0,1.1848800993586197e-05,3.772,0.6280134548665279,0.0,0.0,0.1,0,0,4.0,1,50,0.0,Rulli
1558,10,Gerónimo_Rulli,GKP,43,0.0,0.0,3.086399483315585e-08,0.0,1.696698387600355e-05,3.772,0.5302753869987731,0.0,0.0,0.1,0,0,4.0,1,50,0.0,Rulli
1559,11,Gerónimo_Rulli,GKP,43,0.0,0.0,3.0856060811016254e-08,0.0,1.1240726394860077e-05,3.772,0.57787895287674,0.0,0.0,0.1,0,0,4.0,1,50,0.0,Rulli
1560,12,Gerónimo_Rulli,GKP,43,0.0,0.0,3.084806992590568e-08,0.0,1.2961823690577081e-05,3.772,0.5625683123913895,0.0,0.0,0.1,0,0,4.0,1,50,0.0,Rulli
1561,6,Gianluigi_Donnarumma,GKP,43,90.0,0.0,0.000993833784127072,0.0,,3.772,0.6376585886980666,0.0,0.0,0.21,0,0,4.0,1,55,7.7,Donnarumma
1562,7,Gianluigi_Donnarumma,GKP,43,90.0,0.0,0.000971050635999052,0.0,,3.772,0.6288131345561029,0.0,0.0,0.21,0,0,4.0,1,55,7.7,Donnarumma
1563,8,Gianluigi_Donnarumma,GKP,43,90.0,0.0,0.0009706605400209521,0.0,,3.772,0.5386181670052748,0.0,0.0,0.21,0,0,4.0,1,55,7.7,Donnarumma
1564,9,Gianluigi_Donnarumma,GKP,43,90.0,0.0,0.0009702711587655521,0.0,,3.772,0.6280134548665279,0.0,0.0,0.21,0,0,4.0,1,55,7.7,Donnarumma
1565,10,Gianluigi_Donnarumma,GKP,43,90.0,0.0,0.000969873841266588,0.0,,3.772,0.5302753869987731,0.0,0.0,0.21,0,0,4.0,1,55,7.7,Donnarumma
1566,11,Gianluigi_Donnarumma,GKP,43,90.0,0.0,0.0009694835879143001,0.0,,3.772,0.57787895287674,0.0,0.0,0.21,0,0,4.0,1,55,7.7,Donnarumma
1567,12,Gianluigi_Donnarumma,GKP,43,90.0,0.0,0.00096909053762438,0.0,,3.772,0.5625683123913895,0.0,0.0,0.21,0,0,4.0,1,55,7.7,Donnarumma
1568,6,Giorgi_Mamardashvili,GKP,14,42.45969712502293,0.0,3.968181958650655e-06,0.0,,4.807072972972972,0.6956245362423096,0.0,0.0,0.0005846846846846,0,0,4.0,1,49,0.1,Mamardashvili
1569,7,Giorgi_Mamardashvili,GKP,14,41.93257970981693,0.0,3.965479042558437e-06,0.0,,4.807072972972972,0.5413163735937607,0.0,0.0,0.0005846846846846,0,0,4.0,1,49,0.1,Mamardashvili
1570,8,Giorgi_Mamardashvili,GKP,14,41.99448947430342,0.0,3.970346263063083e-06,0.0,,4.807072972972972,0.6856939748657045,0.0,0.0,0.0005846846846846,0,0,4.0,1,49,0.1,Mamardashvili
1571,9,Giorgi_Mamardashvili,GKP,14,41.4065670967856,0.0,3.9587558400542745e-06,0.0,,4.807072972972972,0.6184115316064699,0.0,0.0,0.0005846846846846,0,0,4.0,1,49,0.1,Mamardashvili
1572,10,Giorgi_Mamardashvili,GKP,14,41.45671302180245,0.0,3.963319540549836e-06,0.0,,4.807072972972972,0.5486315445089258,0.0,0.0,0.0005846846846846,0,0,4.0,1,49,0.1,Mamardashvili
1573,11,Giorgi_Mamardashvili,GKP,14,41.50313077503943,0.0,3.967859941100767e-06,0.0,,4.807072972972972,0.8342484180896111,0.0,0.0,0.0005846846846846,0,0,4.0,1,49,0.1,Mamardashvili
1574,12,Giorgi_Mamardashvili,GKP,14,41.89707780645195,0.0,3.979870494238795e-06,0.0,,4.807072972972972,0.6337212178472894,0.0,0.0,0.0005846846846846,0,0,4.0,1,49,0.1,Mamardashvili
1575,6,Giovanni_Leoni,DEF,14,0.0,0.0454504742382658,0.0500696221217921,0.0,0.0005014470090759454,3.4252659681661357,0.0,0.0297669938520948,0.018348571633679,0.1,6,3,4.0,2,40,0.0,Leoni
1576,7,Giovanni_Leoni,DEF,14,0.0,0.0455314416213617,0.0500450828893858,0.0,0.0006538730401596918,3.4252659681661357,0.0,0.0764095249963934,0.0286394203968533,0.1,6,3,4.0,2,40,0.0,Leoni
1577,8,Giovanni_Leoni,DEF,14,0.0,0.0455622023182748,0.0500892714069207,0.0,0.0002626527666000158,3.4252659681661357,0.0,0.0265768898928847,0.0315855885698299,0.1,6,3,4.0,2,40,0.0,Leoni
1578,9,Giovanni_Leoni,DEF,14,0.0,0.0455080442415929,0.0499840442839924,0.0,0.00028731941114566126,3.4252659681661357,0.0,0.0283871455110724,0.0678417594345503,0.1,6,3,4.0,2,40,0.0,Leoni
1579,10,Giovanni_Leoni,DEF,14,0.0,0.0455372638867032,0.0500254772043172,0.0,0.00032731327491005634,3.4252659681661357,0.0,0.0576745797658112,0.0527526549054485,0.1,6,3,4.0,2,40,0.0,Leoni
1580,11,Giovanni_Leoni,DEF,14,0.0,0.0455663125316933,0.0500666985891237,0.0,0.00039712246293948104,3.4252659681661357,0.0,0.074235503863792,0.0216228986791694,0.1,6,3,4.0,2,40,0.0,Leoni
1581,12,Giovanni_Leoni,DEF,14,0.0,0.0457074087058834,0.0501757399891254,0.0,0.00045868095265968686,3.4252659681661357,0.0,0.0459456519173773,0.0386203456380479,0.1,6,3,4.0,2,40,0.0,Leoni
1582,6,Gonzalo_García,FWD,54,28.352385426750512,0.2909058546292332,0.0559291751508855,0.1,0.00011285998051111643,1.0,0.0,0.2767363309065365,0.1027633521295426,0.1,4,3,0.0,2,60,3.7,Gonzalo
1583,7,Gonzalo_García,FWD,54,27.42555709206417,0.2915153914407249,0.055940244105727,0.1,9.713497482046675e-05,1.0,0.0,0.2767363309065365,0.1027633521295426,0.1,4,3,0.0,2,60,3.7,Gonzalo
1584,8,Gonzalo_García,FWD,54,26.333360017440715,0.2919526599353546,0.0559188195436299,0.1,9.042801704210282e-05,1.0,0.0,0.2767363309065365,0.1027633521295426,0.1,4,3,0.0,2,60,3.7,Gonzalo
1585,9,Gonzalo_García,FWD,54,25.24312606552275,0.2923907681839156,0.0558975444888339,0.1,0.00011113486271782667,1.0,0.0,0.2104660919951334,0.0966017152127772,0.1,4,3,0.0,2,60,3.7,Gonzalo
1586,10,Gonzalo_García,FWD,54,24.15039422585201,0.2928331666498081,0.055876607187697,0.1,0.0001251392059075811,1.0,0.0,0.2701720012960522,0.1526573698912118,0.1,4,3,0.0,2,60,3.7,Gonzalo
1587,11,Gonzalo_García,FWD,54,23.06112587243057,0.2932757711869561,0.055855540554817,0.1,0.00013364685436012192,1.0,0.0,0.2852550995514115,0.114829839288796,0.1,4,3,0.0,2,60,3.7,Gonzalo
1588,12,Gonzalo_García,FWD,54,21.972174885626373,0.2937166392230618,0.055833894023939,0.1,0.00010779909637426816,1.0,0.0,0.2588988784046943,0.0835343475833465,0.1,4,3,0.0,2,60,3.7,Gonzalo
1589,6,Granit_Xhaka,MID,56,88.464,0.04100104113005896,0.18419730438236084,0.0,0.2827112887481068,7.78,0.0,0.0339066031345481,0.0862882361652565,0.25,5,3,1.0,2,55,3.7,Xhaka
1590,7,Granit_Xhaka,MID,56,88.45499999999998,0.04100641490559927,0.1840336145453736,0.0,0.422248415531674,7.78,0.0,0.0527142902426278,0.1175353766708052,0.25,5,3,1.0,2,55,3.7,Xhaka
1591,8,Granit_Xhaka,MID,56,88.446,0.04101191664674286,0.18387042405548587,0.0,0.35695429192770284,7.78,0.0,0.1032922855340508,0.10390984845412,0.25,5,3,1.0,2,55,3.7,Xhaka
1592,9,Granit_Xhaka,MID,56,88.437,0.04101699508515452,0.18370683217215364,0.0,0.2823710709540415,7.78,0.0,0.0568772559482958,0.0901681033145862,0.25,5,3,1.0,2,55,3.7,Xhaka
1593,10,Granit_Xhaka,MID,56,88.428,0.041021367087026174,0.1835416161688755,0.0,0.2590439212452512,7.78,0.0,0.0364051426726112,0.1103782551048467,0.25,5,3,1.0,2,55,3.7,Xhaka
1594,11,Granit_Xhaka,MID,56,88.419,0.04102481478086982,0.18337428020407068,0.0,0.352194613517087,7.78,0.0,0.0452432190095615,0.0673878343702392,0.25,5,3,1.0,2,55,3.7,Xhaka
1595,12,Granit_Xhaka,MID,56,88.41,0.04102870029821476,0.18320794283666525,0.0,0.47755687011954473,7.78,0.0,0.0607007698575154,0.1196306784306686,0.25,5,3,1.0,2,55,3.7,Xhaka
1596,6,Guglielmo_Vicario,GKP,6,0.0,0.0,0.003128885152841404,0.0,,3.03,0.8064765805684957,0.0,0.0,0.02,0,0,4.0,1,45,0.1,Vicario
1597,7,Guglielmo_Vicario,GKP,6,0.0,0.0,0.003112558196554592,0.0,,3.03,0.5474488887530654,0.0,0.0,0.02,0,0,4.0,1,45,0.1,Vicario
1598,8,Guglielmo_Vicario,GKP,6,0.0,0.0,0.0030881900500691,0.0,,3.03,0.5974338031417463,0.0,0.0,0.02,0,0,4.0,1,45,0.1,Vicario
1599,9,Guglielmo_Vicario,GKP,6,0.0,0.0,0.003080782535621128,0.0,,3.03,0.5238233468865205,0.0,0.0,0.02,0,0,4.0,1,45,0.1,Vicario
1600,10,Guglielmo_Vicario,GKP,6,0.0,0.0,0.003081189236933148,0.0,,3.03,0.5113006483761637,0.0,0.0,0.02,0,0,4.0,1,45,0.1,Vicario
1601,11,Guglielmo_Vicario,GKP,6,0.0,0.0,0.003081591290118956,0.0,,3.03,0.659838365348871,0.0,0.0,0.02,0,0,4.0,1,45,0.1,Vicario
1602,12,Guglielmo_Vicario,GKP,6,0.0,0.0,0.0030819661650881482,0.0,,3.03,0.5084550760484161,0.0,0.0,0.02,0,0,4.0,1,45,0.1,Vicario
1603,6,Gustavo_Hamer,MID,9,2.478,0.0970710958398984,0.11252769022145949,0.0,3.432134145680243e-05,2.26,0.0,0.0772167805063861,0.0863082180546789,0.23,5,3,1.0,2,54,0.1,Hamer
1604,7,Gustavo_Hamer,MID,9,2.124,0.0788628274079626,0.10527658311712741,0.0,4.224364990298007e-05,2.26,0.0,0.0518416411242582,0.115884505791489,0.23,5,3,1.0,2,54,0.1,Hamer
1605,8,Gustavo_Hamer,MID,9,1.77,0.0788645634834559,0.1051704386887659,0.0,1.8108723106233318e-05,2.26,0.0,0.0936735501911697,0.0888189627888669,0.23,5,3,1.0,2,54,0.1,Hamer
1606,9,Gustavo_Hamer,MID,9,1.416,0.0814766200744747,0.10880602642182373,0.0,2.303122428352068e-05,2.26,0.0,0.085880677692756,0.1056084642760237,0.23,5,3,1.0,2,54,0.1,Hamer
1607,10,Gustavo_Hamer,MID,9,1.062,0.0815259644590492,0.10891436104562992,0.0,3.2397054621546396e-05,2.26,0.0,0.1053742839427626,0.1147639713719944,0.23,5,3,1.0,2,54,0.1,Hamer
1608,11,Gustavo_Hamer,MID,9,0.708,0.0815747651536276,0.10902199351728763,0.0,2.1970315556902218e-05,2.26,0.0,0.0822560971477504,0.1524742200371775,0.23,5,3,1.0,2,54,0.1,Hamer
1609,12,Gustavo_Hamer,MID,9,0.354,0.0816246373311607,0.1091308756899998,0.0,2.3256455175359212e-05,2.26,0.0,0.0928778036155075,0.1172272670252035,0.23,5,3,1.0,2,54,0.1,Hamer
1610,6,Gustavo_Nunes Fernandes Gomes,MID,94,4.076975189,0.0848671381313524,0.12493964104311,0.0,0.00011051362495116428,3.4105604543480865,0.0,0.0858497032968192,0.1237171984305226,0.1,5,3,1.0,2,45,0.0,Nunes
1611,7,Gustavo_Nunes Fernandes Gomes,MID,94,5.372975188999999,0.0847630042111407,0.1252851101777228,0.0,0.0002119347918961219,3.4105604543480865,0.0,0.070552064626671,0.1127830621923689,0.1,5,3,1.0,2,45,0.0,Nunes
1612,8,Gustavo_Nunes Fernandes Gomes,MID,94,6.668975188999999,0.0847312780999869,0.1253922473056491,0.0,0.00010019086210063555,3.4105604543480865,0.0,0.0842332060993205,0.1188923620107288,0.1,5,3,1.0,2,45,0.0,Nunes
1613,9,Gustavo_Nunes Fernandes Gomes,MID,94,7.964975189,0.0846997900904017,0.125499316440887,0.0,0.0001685931261507351,3.4105604543480865,0.0,0.1202318081610187,0.1776752802788837,0.1,5,3,1.0,2,45,0.0,Nunes
1614,10,Gustavo_Nunes Fernandes Gomes,MID,94,9.260975189,0.0847013960688426,0.1254939667493075,0.0,0.00012953674965475196,3.4105604543480865,0.0,0.0957882179850394,0.1113283019034307,0.1,5,3,1.0,2,45,0.0,Nunes
1615,11,Gustavo_Nunes Fernandes Gomes,MID,94,16.724197460127293,0.0846921896691928,0.1252839016695551,0.0,0.0004546908392324306,3.4105604543480865,0.0,0.1053742839427626,0.1147639713719944,0.1,5,3,1.0,2,45,0.0,Nunes
1616,12,Gustavo_Nunes Fernandes Gomes,MID,94,17.943115165137264,0.0846944355423455,0.1252651531610424,0.0,0.0004353311923334341,3.4105604543480865,0.0,0.1119957605907742,0.1332858089793131,0.1,5,3,1.0,2,45,0.0,Nunes
1617,6,Habib_Diarra,MID,56,0.0,0.1338104068208168,0.1512013822773406,0.0,9.216935895005348e-06,1.0,0.0,0.1568333574163208,0.1479354673274162,0.27,5,3,1.0,2,54,0.0,Diarra
1618,7,Habib_Diarra,MID,56,0.0,0.1338274008941863,0.15107144926408625,0.0,1.6231358610168756e-05,1.0,0.0,0.1602275814203332,0.1865096575096456,0.27,5,3,1.0,2,54,0.0,Diarra
1619,8,Habib_Diarra,MID,56,0.0,0.13384479964706525,0.15094191262042025,0.0,1.2706142579383741e-05,1.0,0.0,0.1370880123440694,0.1898374177465581,0.27,5,3,1.0,2,54,0.0,Diarra
1620,9,Habib_Diarra,MID,56,0.0,0.13386085974379294,0.1508120573603961,0.0,9.222649896902537e-06,1.0,0.0,0.1542164581176329,0.1806105923991114,0.27,5,3,1.0,2,54,0.0,Diarra
1621,10,Habib_Diarra,MID,56,0.0,0.13387468579961143,0.15068091291344146,0.0,8.242535593390886e-06,1.0,0.0,0.1600751664564748,0.2071396514783118,0.27,5,3,1.0,2,54,0.0,Diarra
1622,11,Habib_Diarra,MID,56,0.0,0.13388558881587903,0.150548085692564,0.0,1.2494037814463787e-05,1.0,0.0,0.1757636037762496,0.1989544913244163,0.27,5,3,1.0,2,54,0.0,Diarra
1623,12,Habib_Diarra,MID,56,0.0,0.13389787640890222,0.15041605113402606,0.0,1.9704767581768992e-05,1.0,0.0,0.1618205164382563,0.1266052744503581,0.27,5,3,1.0,2,54,0.0,Diarra
1624,6,Haji_Wright,FWD,9,0.0,0.3755047108821209,0.1278255193830641,0.05600000000000001,4.8615632807412056e-05,1.818367374389052,0.0,0.2701720012960522,0.1526573698912118,0.1,4,3,0.0,2,54,0.1,Wright
1625,7,Haji_Wright,FWD,9,0.0,0.3063938211941575,0.1199370114029735,0.05600000000000001,6.175956361218194e-05,1.818367374389052,0.0,0.1816445166652931,0.0735228775864095,0.1,4,3,0.0,2,54,0.1,Wright
1626,8,Haji_Wright,FWD,9,0.0,0.3064004106028295,0.1198215364612682,0.05600000000000001,2.732544062558834e-05,1.818367374389052,0.0,0.251881030599128,0.0913042928657778,0.1,4,3,0.0,2,54,0.1,Wright
1627,9,Haji_Wright,FWD,9,0.0,0.3163146732135454,0.1237767066762292,0.05600000000000001,3.586971568759891e-05,1.818367374389052,0.0,0.3107258993287308,0.1106489791789369,0.1,4,3,0.0,2,54,0.1,Wright
1628,10,Haji_Wright,FWD,9,0.0,0.3165019636377717,0.1238945643401857,0.05600000000000001,5.20771148592953e-05,1.818367374389052,0.0,0.2321652746293105,0.0710294967935649,0.1,4,3,0.0,2,54,0.1,Wright
1629,11,Haji_Wright,FWD,9,0.0,0.3166871904446103,0.1240116581300542,0.05600000000000001,3.645125025766993e-05,1.818367374389052,0.0,0.508906701575971,0.1270447035747427,0.1,4,3,0.0,2,54,0.1,Wright
1630,12,Haji_Wright,FWD,9,0.0,0.3168764841477908,0.1241301114746222,0.05600000000000001,3.982463557923542e-05,1.818367374389052,0.0,0.3479730393459483,0.0845739406189787,0.1,4,3,0.0,2,54,0.1,Wright
1631,6,Harrison_Armstrong,MID,11,77.9132664979522,0.0656873497628976,0.11804762293491146,0.0,0.03235801456946497,2.71,0.0,0.0568772559482958,0.0901681033145862,0.14,5,3,1.0,2,50,0.4,Armstrong
1632,7,Harrison_Armstrong,MID,11,78.14979080705179,0.0656725202849278,0.1180499407999438,0.0,0.030365076141159082,2.71,0.0,0.0364051426726112,0.1103782551048467,0.14,5,3,1.0,2,50,0.4,Armstrong
1633,8,Harrison_Armstrong,MID,11,78.38417676712696,0.0656569469634991,0.1180520211409791,0.0,0.03786020845892514,2.71,0.0,0.0502408361290219,0.1066747570632133,0.14,5,3,1.0,2,50,0.4,Armstrong
1634,9,Harrison_Armstrong,MID,11,79.23315902205546,0.0666411187480044,0.11779704438427728,0.0,0.06122294878930599,2.71,0.0,0.0576949851966989,0.1085060286467325,0.14,5,3,1.0,2,50,0.4,Armstrong
1635,10,Harrison_Armstrong,MID,11,79.46596805726391,0.0666212965730749,0.11780017017951976,0.0,0.03791973856229814,2.71,0.0,0.0568772559482958,0.0901681033145862,0.14,5,3,1.0,2,50,0.4,Armstrong
1636,11,Harrison_Armstrong,MID,11,79.69822241049414,0.0666020840165164,0.11780329859093752,0.0,0.09656734429202071,2.71,0.0,0.0655689624381491,0.1074576445370588,0.14,5,3,1.0,2,50,0.4,Armstrong
1637,12,Harrison_Armstrong,MID,11,79.93294194566694,0.0665827413131991,0.11780620758165261,0.0,0.0876512914282132,2.71,0.0,0.0369063418813318,0.0691813954789699,0.14,5,3,1.0,2,50,0.4,Armstrong
1638,6,Harrison_Reed,MID,54,7.0195234200000005,0.05681764076297161,0.1585541139477207,0.0,2.4070061061678437e-05,3.978,0.0,0.0568772559482958,0.0901681033145862,0.18,5,3,1.0,2,44,1.1,Reed
1639,7,Harrison_Reed,MID,54,7.09452342,0.0569307358736938,0.1585843709758407,0.0,2.265537541449997e-05,3.978,0.0,0.0568772559482958,0.0901681033145862,0.18,5,3,1.0,2,44,1.1,Reed
1640,8,Harrison_Reed,MID,54,7.169523419999999,0.05701186785437661,0.15852580685780873,0.0,2.340856772989303e-05,3.978,0.0,0.0568772559482958,0.0901681033145862,0.18,5,3,1.0,2,44,1.1,Reed
1641,9,Harrison_Reed,MID,54,7.24452342,0.057093155645278094,0.15846765141852526,0.0,3.19248976607123e-05,3.978,0.0,0.0452432190095615,0.0673878343702392,0.18,5,3,1.0,2,44,1.1,Reed
1642,10,Harrison_Reed,MID,54,7.316523419999999,0.05717523945472179,0.1584104192300916,0.0,3.9889450056681894e-05,3.978,0.0,0.0576949851966989,0.1085060286467325,0.18,5,3,1.0,2,44,1.1,Reed
1643,11,Harrison_Reed,MID,54,7.391523419999999,0.05725736149918437,0.15835283351286997,0.0,4.72703798088046e-05,3.978,0.0,0.0475778188966921,0.0694586861700251,0.18,5,3,1.0,2,44,1.1,Reed
1644,12,Harrison_Reed,MID,54,7.46652342,0.05733916134854073,0.15829366264237207,0.0,4.230496795208936e-05,3.978,0.0,0.0527142902426278,0.1175353766708052,0.18,5,3,1.0,2,44,1.1,Reed
1645,6,Harry_Amass,DEF,1,18.924448238211728,0.0233809081391436,0.049845334454876,0.0,0.0013264794978463193,1.4889609857978277,0.0,0.0507205798974058,0.0806429687371418,0.1,6,3,4.0,2,40,0.2,Amass
1646,7,Harry_Amass,DEF,1,18.523937119302005,0.0231930617117525,0.0496647654300814,0.0,0.0008490175525653496,1.4889609857978277,0.0,0.0213032915553581,0.1622903307898582,0.1,6,3,4.0,2,40,0.2,Amass
1647,8,Harry_Amass,DEF,1,17.582282268637957,0.0228829153540893,0.0497026437418204,0.0,0.0009937217072312672,1.4889609857978277,0.0,0.0510108756375665,0.0615884901660233,0.1,6,3,4.0,2,40,0.2,Amass
1648,9,Harry_Amass,DEF,1,17.484230237095957,0.0228272331928648,0.049727784936028,0.0,0.0005194362205233988,1.4889609857978277,0.0,0.0631097915681744,0.0640934742919765,0.1,6,3,4.0,2,40,0.2,Amass
1649,10,Harry_Amass,DEF,1,17.49917405930403,0.0228384544206159,0.049732050774324,0.0,0.0007708582517011623,1.4889609857978277,0.0,0.0454524963808904,0.0781006254281835,0.1,6,3,4.0,2,40,0.2,Amass
1650,11,Harry_Amass,DEF,1,17.516908070697205,0.0228491820093436,0.0497355806136399,0.0,0.001280435218715176,1.4889609857978277,0.0,0.0212858080619217,0.1123301891473402,0.1,6,3,4.0,2,40,0.2,Amass
1651,12,Harry_Amass,DEF,1,17.534714888401652,0.0228600472574151,0.0497390866269357,0.0,0.0014425899522967126,1.4889609857978277,0.0,0.0423145101603038,0.1030106613875299,0.1,6,3,4.0,2,40,0.2,Amass
1652,6,Harry_Howell,MID,36,0.0,0.1249507273799295,0.1329190659314104,0.0,6.0867420679527724e-05,4.056224566210046,0.0,0.0817530645115434,0.1446965004790163,0.1,5,3,1.0,2,45,0.0,Howell
1653,7,Harry_Howell,MID,36,0.0,0.1252774728751211,0.133273099788679,0.0,6.185420725062375e-05,4.056224566210046,0.0,0.1652776886367873,0.1759321123387592,0.1,5,3,1.0,2,45,0.0,Howell
1654,8,Harry_Howell,MID,36,0.0,0.1252276224055846,0.1332574574664824,0.0,0.00011350816353745123,4.056224566210046,0.0,0.1222370154519599,0.1239528530149927,0.1,5,3,1.0,2,45,0.0,Howell
1655,9,Harry_Howell,MID,36,0.0,0.1252104483993777,0.1332203104040259,0.0,9.710660829618258e-05,4.056224566210046,0.0,0.09886899903714,0.1282297948275641,0.1,5,3,1.0,2,45,0.0,Howell
1656,10,Harry_Howell,MID,36,0.0,0.1251917994045852,0.1331819901041829,0.0,0.00012859315147605079,4.056224566210046,0.0,0.1240191589748917,0.1296590777735466,0.1,5,3,1.0,2,45,0.0,Howell
1657,11,Harry_Howell,MID,36,0.0,0.1251748913139971,0.1331449001191983,0.0,4.779268596821172e-05,4.056224566210046,0.0,0.1268997194477113,0.1551143810956354,0.1,5,3,1.0,2,45,0.0,Howell
1658,12,Harry_Howell,MID,36,0.0,0.1251573298447909,0.1331075133807622,0.0,8.24954013701519e-05,4.056224566210046,0.0,0.0971874929788598,0.199350807499842,0.1,5,3,1.0,2,45,0.0,Howell
1659,6,Harry_Maguire,DEF,1,89.643,0.031031025185295404,0.02948194718036051,0.0,0.3505719005826656,2.5620000000000003,0.0,0.052493727298415,0.0268053738104255,0.18,6,3,4.0,2,49,9.0,Maguire
1660,7,Harry_Maguire,DEF,1,89.73899999999999,0.03078073460623606,0.02938118083947222,0.0,0.2569249580738755,2.5620000000000003,0.0,0.07078655240023,0.0561971162677075,0.18,6,3,4.0,2,49,9.0,Maguire
1661,8,Harry_Maguire,DEF,1,89.832,0.030367488996347308,0.029402318788670962,0.0,0.3089785296253007,2.5620000000000003,0.0,0.0539343394566716,0.0350964916114288,0.18,6,3,4.0,2,49,9.0,Maguire
1662,9,Harry_Maguire,DEF,1,89.928,0.030293296899272414,0.02941634880377864,0.0,0.18613292959598676,2.5620000000000003,0.0,0.0456201977756334,0.02560444811066,0.18,6,3,4.0,2,49,9.0,Maguire
1663,10,Harry_Maguire,DEF,1,90.0,0.030308248302025127,0.029418729350034534,0.0,0.25758683902506996,2.5620000000000003,0.0,0.0430008805695656,0.0202850875521248,0.18,6,3,4.0,2,49,9.0,Maguire
1664,11,Harry_Maguire,DEF,1,90.0,0.030322541969633514,0.029420699172888653,0.0,0.37717167448810673,2.5620000000000003,0.0,0.0345883844346893,0.02331174536266,0.18,6,3,4.0,2,49,9.0,Maguire
1665,12,Harry_Maguire,DEF,1,90.0,0.03033701905748249,0.0294226556996592,0.0,0.4098737776022243,2.5620000000000003,0.0,0.0764095249963934,0.0286394203968533,0.18,6,3,4.0,2,49,9.0,Maguire
1666,6,Harry_Wilson,MID,2,0.0,0.1401151338836659,0.1603242546128077,0.0,1.5624692286463278e-05,3.3099999999999996,0.0,0.076157361279352,0.1133288670034329,0.2,5,3,1.0,2,62,1.8,Wilson
1667,7,Harry_Wilson,MID,2,0.0,0.1401067765863687,0.16032553338879837,0.0,2.1997334195503068e-05,3.3099999999999996,0.0,0.0876286497141699,0.1962911969242959,0.2,5,3,1.0,2,62,1.8,Wilson
1668,8,Harry_Wilson,MID,2,0.0,0.1400996100159434,0.16032666463019196,0.0,1.7645444447155035e-05,3.3099999999999996,0.0,0.0817530645115434,0.1446965004790163,0.2,5,3,1.0,2,62,1.8,Wilson
1669,9,Harry_Wilson,MID,2,0.0,0.1400926770299038,0.16032804963360198,0.0,2.5026359620429024e-05,3.3099999999999996,0.0,0.0553819610582226,0.1857348552224726,0.2,5,3,1.0,2,62,1.8,Wilson
1670,10,Harry_Wilson,MID,2,0.0,0.140084248672744,0.16032858787579152,0.0,3.0381798714923203e-05,3.3099999999999996,0.0,0.1186409762327798,0.0988612668204811,0.2,5,3,1.0,2,62,1.8,Wilson
1671,11,Harry_Wilson,MID,2,0.0,0.1400764024643898,0.1603292095073569,0.0,1.2708819459411839e-05,3.3099999999999996,0.0,0.1260591051724412,0.1314494178124841,0.2,5,3,1.0,2,62,1.8,Wilson
1672,12,Harry_Wilson,MID,2,0.0,0.1400686145930108,0.16033002628833115,0.0,1.4220009909593922e-05,3.3099999999999996,0.0,0.1268997194477113,0.1551143810956354,0.2,5,3,1.0,2,62,1.8,Wilson
1673,6,Harvey_Barnes,MID,4,83.72577806988971,0.14235501937379716,0.14256778696109357,0.0,0.022238856675880665,2.562,0.0,0.150737295523736,0.1390624159116826,0.02,5,3,1.0,2,61,5.0,Barnes
1674,7,Harvey_Barnes,MID,4,83.36112757988069,0.1425844472159499,0.14239042219927944,0.0,0.028996323527599403,2.562,0.0,0.1477429617751006,0.2046314411489814,0.02,5,3,1.0,2,61,5.0,Barnes
1675,8,Harvey_Barnes,MID,4,82.97169017139561,0.14282123148608,0.14220403494426206,0.0,0.026136661564298492,2.562,0.0,0.1069834175421901,0.1070778805233272,0.02,5,3,1.0,2,61,5.0,Barnes
1676,9,Harvey_Barnes,MID,4,82.68215199161581,0.14293392667286028,0.14200962354617358,0.0,0.036091638687320064,2.562,0.0,0.147935998121608,0.1428338544994659,0.02,5,3,1.0,2,61,5.0,Barnes
1677,10,Harvey_Barnes,MID,4,82.57642690532236,0.14288460838341438,0.1418713778880375,0.0,0.019034339904689404,2.562,0.0,0.1162593608860656,0.17672170864813,0.02,5,3,1.0,2,61,5.0,Barnes
1678,11,Harvey_Barnes,MID,4,82.49835781163907,0.14282428675899558,0.14175821029809935,0.0,0.021915910755211338,2.562,0.0,0.1288957249246875,0.0569416754282649,0.02,5,3,1.0,2,61,5.0,Barnes
1679,12,Harvey_Barnes,MID,4,82.53612434975761,0.1428210794247909,0.14172996987282377,0.0,0.02003346036557458,2.562,0.0,0.1614820231045773,0.1551187159815836,0.02,5,3,1.0,2,61,5.0,Barnes
1680,6,Harvey_Cartwright,GKP,88,0.0,6.566450675710815e-05,0.0017792859029287,0.0,1.810098590021105e-05,10.305221428571429,0.8005405657055964,0.0,0.0,0.1,0,0,4.0,1,40,0.0,Cartwright
1681,7,Harvey_Cartwright,GKP,88,0.0,6.553542524758205e-05,0.0017793310517462,0.0,9.831654221416666e-06,10.305221428571429,0.8010377240582105,0.0,0.0,0.1,0,0,4.0,1,40,0.0,Cartwright
1682,8,Harvey_Cartwright,GKP,88,0.0,6.577135070215805e-05,0.001784500707301,0.0,2.580756850203409e-05,10.305221428571429,0.7017876580551875,0.0,0.0,0.1,0,0,4.0,1,40,0.0,Cartwright
1683,9,Harvey_Cartwright,GKP,88,0.0,6.59229971511448e-05,0.0017848509728592,0.0,1.0782793299501659e-05,10.305221428571429,0.8558646658420261,0.0,0.0,0.1,0,0,4.0,1,40,0.0,Cartwright
1684,10,Harvey_Cartwright,GKP,88,0.0,6.60833939406302e-05,0.0017864968862633,0.0,1.1337006848978824e-05,10.305221428571429,0.7843528614022347,0.0,0.0,0.1,0,0,4.0,1,40,0.0,Cartwright
1685,11,Harvey_Cartwright,GKP,88,0.0,6.624511508121877e-05,0.0017881501783013,0.0,1.0363504801220922e-05,10.305221428571429,0.8550116824859755,0.0,0.0,0.1,0,0,4.0,1,40,0.0,Cartwright
1686,12,Harvey_Cartwright,GKP,88,0.0,6.640865800539489e-05,0.0017898293627917,0.0,1.2915493995128118e-05,10.305221428571429,0.7097004764602874,0.0,0.0,0.1,0,0,4.0,1,40,0.0,Cartwright
1687,6,Harvey_Davies,GKP,14,0.0,0.0430884225627605,0.0222197622888256,0.0,0.00014118652480606575,4.646913836251488,0.720791229589223,0.0297669938520948,0.018348571633679,0.1,0,0,4.0,1,40,0.2,Davies
1688,7,Harvey_Davies,GKP,14,0.0,0.0431648964649373,0.0222089067577536,0.0,0.00018411861659162128,4.646913836251488,0.5646846741516137,0.0764095249963934,0.0286394203968533,0.1,0,0,4.0,1,40,0.2,Davies
1689,8,Harvey_Davies,GKP,14,0.0,0.043193950022514,0.0222284546318347,0.0,7.394175862315568e-05,4.646913836251488,0.7107750130932602,0.0265768898928847,0.0315855885698299,0.1,0,0,4.0,1,40,0.2,Davies
1690,9,Harvey_Davies,GKP,14,0.0,0.0431427975793957,0.0221819048342024,0.0,8.088711058604442e-05,4.646913836251488,0.6428069872410094,0.0283871455110724,0.0678417594345503,0.1,0,0,4.0,1,40,0.2,Davies
1691,10,Harvey_Davies,GKP,14,0.0,0.0431703956095699,0.0222002337023,0.0,9.214853105167232e-05,4.646913836251488,0.5721092086851591,0.0576745797658112,0.0527526549054485,0.1,0,0,4.0,1,40,0.2,Davies
1692,11,Harvey_Davies,GKP,14,0.0,0.0431978321296895,0.0222184689924749,0.0,0.00011180648775339077,4.646913836251488,0.8602181183660569,0.074235503863792,0.0216228986791694,0.1,0,0,4.0,1,40,0.2,Davies
1693,12,Harvey_Davies,GKP,14,0.0,0.0433310978301475,0.0222667061290835,0.0,0.0001291422964585964,4.646913836251488,0.6582891848644622,0.0459456519173773,0.0386203456380479,0.1,0,0,4.0,1,40,0.2,Davies
1694,6,Harvey_Elliott,MID,14,0.0,0.15908849045607323,0.26638760422461594,0.0,2.2927392845494984e-05,5.114000000000001,0.0,0.1260358149771998,0.2023191987723669,0.05,5,3,1.0,2,54,0.0,Elliott
1695,7,Harvey_Elliott,MID,14,0.0,0.1593777920836379,0.2662499599438594,0.0,3.0362095652025653e-05,5.114000000000001,0.0,0.1431241918345089,0.21431463250313,0.05,5,3,1.0,2,54,0.0,Elliott
1696,8,Harvey_Elliott,MID,14,0.0,0.15948770201701712,0.2664978200485717,0.0,1.1573879450293945e-05,5.114000000000001,0.0,0.1568333574163208,0.1479354673274162,0.05,5,3,1.0,2,54,0.0,Elliott
1697,9,Harvey_Elliott,MID,14,0.0,0.15929419175238047,0.26590758513772667,0.0,1.272505832334337e-05,5.114000000000001,0.0,0.1746046778732178,0.1224679656436583,0.05,5,3,1.0,2,54,0.0,Elliott
1698,10,Harvey_Elliott,MID,14,0.0,0.15939859540931042,0.2661399886792604,0.0,1.460379306028094e-05,5.114000000000001,0.0,0.1457267806936557,0.1338726163462819,0.05,5,3,1.0,2,54,0.0,Elliott
1699,11,Harvey_Elliott,MID,14,0.0,0.15950238807189707,0.2663712056859514,0.0,1.791508155783623e-05,5.114000000000001,0.0,0.1581552595513359,0.175811164019189,0.05,5,3,1.0,2,54,0.0,Elliott
1700,12,Harvey_Elliott,MID,14,0.0,0.1600065337077757,0.2669828354560847,0.0,2.086428343495866e-05,5.114000000000001,0.0,0.1581050387935625,0.1406563672099904,0.05,5,3,1.0,2,54,0.0,Elliott
1701,6,Hayden_Hackney,MID,11,0.0,0.0366686816662147,0.1653831069585706,0.0,5.7931961236309894e-05,5.110239376344086,0.0,0.0568772559482958,0.0901681033145862,0.1,5,3,1.0,2,55,0.2,Hackney
1702,7,Hayden_Hackney,MID,11,0.0,0.0366601137441515,0.1653865209310376,0.0,5.313970609369378e-05,5.110239376344086,0.0,0.0364051426726112,0.1103782551048467,0.1,5,3,1.0,2,55,0.2,Hackney
1703,8,Hayden_Hackney,MID,11,0.0,0.0366511160569412,0.1653895850555303,0.0,6.533139042107457e-05,5.110239376344086,0.0,0.0502408361290219,0.1066747570632133,0.1,5,3,1.0,2,55,0.2,Hackney
1704,9,Hayden_Hackney,MID,11,0.0,0.037219733992348,0.1650140309939556,0.0,9.999628467060607e-05,5.110239376344086,0.0,0.0576949851966989,0.1085060286467325,0.1,5,3,1.0,2,55,0.2,Hackney
1705,10,Hayden_Hackney,MID,11,0.0,0.0372082814752559,0.1650186349630161,0.0,5.9458233686212205e-05,5.110239376344086,0.0,0.0568772559482958,0.0901681033145862,0.1,5,3,1.0,2,55,0.2,Hackney
1706,11,Hayden_Hackney,MID,11,0.0,0.0371971811730361,0.1650232427854286,0.0,0.00015587220167023467,5.110239376344086,0.0,0.0655689624381491,0.1074576445370588,0.1,5,3,1.0,2,55,0.2,Hackney
1707,12,Hayden_Hackney,MID,11,0.0,0.0371860056768487,0.1650275274241238,0.0,0.00013758750099761457,5.110239376344086,0.0,0.0369063418813318,0.0691813954789699,0.1,5,3,1.0,2,55,0.2,Hackney
1708,6,Hidemasa_Morita,MID,88,0.0,0.0558015088845596,0.1500214595336653,0.0,0.00011576961330590505,3.218664601486081,0.0,0.1053742839427626,0.1147639713719944,0.1,5,3,1.0,2,50,0.0,Morita
1709,7,Hidemasa_Morita,MID,88,0.0,0.0556963104765722,0.1500252058063132,0.0,6.074713019849551e-05,3.218664601486081,0.0,0.0936735501911697,0.0888189627888669,0.1,5,3,1.0,2,50,0.0,Morita
1710,8,Hidemasa_Morita,MID,88,0.0,0.0558885841981627,0.1504541636460341,0.0,0.00016846448708899642,3.218664601486081,0.0,0.0790689180878473,0.1448646983763215,0.1,5,3,1.0,2,50,0.0,Morita
1711,9,Hidemasa_Morita,MID,88,0.0,0.0560121725034817,0.1504832273148963,0.0,6.696918442439877e-05,3.218664601486081,0.0,0.0842332060993205,0.1188923620107288,0.1,5,3,1.0,2,50,0.0,Morita
1712,10,Hidemasa_Morita,MID,88,0.0,0.0561428921314293,0.1506197987848334,0.0,7.06096604765533e-05,3.218664601486081,0.0,0.0676432579115817,0.1324297279869411,0.1,5,3,1.0,2,50,0.0,Morita
1713,11,Hidemasa_Morita,MID,88,0.0,0.0562746910745179,0.1507569825050115,0.0,6.42222121409002e-05,3.218664601486081,0.0,0.0957882179850394,0.1113283019034307,0.1,5,3,1.0,2,50,0.0,Morita
1714,12,Hidemasa_Morita,MID,88,0.0,0.0564079747285758,0.1508963146798245,0.0,8.103392297064544e-05,3.218664601486081,0.0,0.0822560971477504,0.1524742200371775,0.1,5,3,1.0,2,50,0.0,Morita
1715,6,Honest_Ahanor,DEF,31,37.03471972650853,0.0635304899327522,0.0555025182729147,0.0,0.013062498085411076,3.391851612903226,0.0,0.0550530308978321,0.0334376008273799,0.1,6,3,4.0,2,45,0.0,Ahanor
1716,7,Honest_Ahanor,DEF,31,34.322687422641394,0.0648179004812273,0.0571383163439761,0.0,0.007405819399230522,3.391851612903226,0.0,0.0265768898928847,0.0315855885698299,0.1,6,3,4.0,2,45,0.0,Ahanor
1717,8,Honest_Ahanor,DEF,31,34.30419702187353,0.064828623631101,0.0571478475620611,0.0,0.012056224457665713,3.391851612903226,0.0,0.0441562832773488,0.040413775623652,0.1,6,3,4.0,2,45,0.0,Ahanor
1718,9,Honest_Ahanor,DEF,31,34.285721808897364,0.0648386936011972,0.0571569842252228,0.0,0.015060668265879502,3.391851612903226,0.0,0.052493727298415,0.0268053738104255,0.1,6,3,4.0,2,45,0.0,Ahanor
1719,10,Honest_Ahanor,DEF,31,34.2672450621747,0.0648491546443538,0.0571663022595583,0.0,0.01620370933262962,3.391851612903226,0.0,0.0345883844346893,0.02331174536266,0.1,6,3,4.0,2,45,0.0,Ahanor
1720,11,Honest_Ahanor,DEF,31,34.24919147730446,0.0648589936613478,0.0571753431364135,0.0,0.0073677053593357265,3.391851612903226,0.0,0.0440900662312232,0.0342011051202082,0.1,6,3,4.0,2,45,0.0,Ahanor
1721,12,Honest_Ahanor,DEF,31,34.230309753670824,0.0648693819423535,0.0571847249704523,0.0,0.007178983459081966,3.391851612903226,0.0,0.0440900662312232,0.0342011051202082,0.1,6,3,4.0,2,45,0.0,Ahanor
1722,6,Hugo_Ekitiké,FWD,14,0.0,0.25898229573025594,0.11026543234355836,0.0,1.4933629342230863e-05,1.0,0.0,0.2852550995514115,0.114829839288796,0.0,4,3,0.0,2,74,0.1,Ekitiké
1723,7,Hugo_Ekitiké,FWD,14,0.0,0.2594267112151034,0.11021131161593235,0.0,1.977622085530613e-05,1.0,0.0,0.3657327697364796,0.1238459952069972,0.0,4,3,0.0,2,74,0.1,Ekitiké
1724,8,Hugo_Ekitiké,FWD,14,0.0,0.2595955511789274,0.1103087684019518,0.0,7.538557270705241e-06,1.0,0.0,0.2378841599042031,0.0988234500197675,0.0,4,3,0.0,2,74,0.1,Ekitiké
1725,9,Hugo_Ekitiké,FWD,14,0.0,0.25929828718215914,0.11007669233842304,0.0,8.28837164024748e-06,1.0,0.0,0.2686708389316911,0.1234648585781471,0.0,4,3,0.0,2,74,0.1,Ekitiké
1726,10,Hugo_Ekitiké,FWD,14,0.0,0.25945866858825406,0.11016807171649488,0.0,9.512076754931773e-06,1.0,0.0,0.508906701575971,0.1270447035747427,0.0,4,3,0.0,2,74,0.1,Ekitiké
1727,11,Hugo_Ekitiké,FWD,14,0.0,0.2596181114052729,0.1102589845577176,0.0,1.1668872093792923e-05,1.0,0.0,0.1582373678053648,0.1067667619926839,0.0,4,3,0.0,2,74,0.1,Ekitiké
1728,12,Hugo_Ekitiké,FWD,14,0.0,0.260392563070439,0.11049947292392802,0.0,1.358982682798217e-05,1.0,0.0,0.2321652746293105,0.0710294967935649,0.0,4,3,0.0,2,74,0.1,Ekitiké
1729,6,Hugo_Larsson,MID,54,3.9,0.0643000026537314,0.1229577420990086,0.0,4.292322358530109e-05,4.475552136114786,0.0,0.0568772559482958,0.0901681033145862,0.1,5,3,1.0,2,50,0.0,Larsson
1730,7,Hugo_Larsson,MID,54,3.9,0.0644336322463102,0.1229802427460146,0.0,4.013076218291915e-05,4.475552136114786,0.0,0.0568772559482958,0.0901681033145862,0.1,5,3,1.0,2,50,0.0,Larsson
1731,8,Hugo_Larsson,MID,54,3.9,0.0645294952191173,0.1229366915240695,0.0,4.1188062012774974e-05,4.475552136114786,0.0,0.0568772559482958,0.0901681033145862,0.1,5,3,1.0,2,50,0.0,Larsson
1732,9,Hugo_Larsson,MID,54,3.9,0.0646255422923324,0.1228934442161842,0.0,5.5797439672618166e-05,4.475552136114786,0.0,0.0452432190095615,0.0673878343702392,0.1,5,3,1.0,2,50,0.0,Larsson
1733,10,Hugo_Larsson,MID,54,3.9,0.0647225299157872,0.122850883484039,0.0,6.927040481840665e-05,4.475552136114786,0.0,0.0576949851966989,0.1085060286467325,0.1,5,3,1.0,2,50,0.0,Larsson
1734,11,Hugo_Larsson,MID,54,3.9,0.0648195627165263,0.1228080598501165,0.0,8.15394125611265e-05,4.475552136114786,0.0,0.0475778188966921,0.0694586861700251,0.1,5,3,1.0,2,50,0.0,Larsson
1735,12,Hugo_Larsson,MID,54,3.9,0.0649162148217563,0.1227640574165388,0.0,7.248727184031182e-05,4.475552136114786,0.0,0.0527142902426278,0.1175353766708052,0.1,5,3,1.0,2,50,0.0,Larsson
1736,6,Hákon_Rafn Valdimarsson,GKP,94,37.56355822207403,3.2893537072886504e-22,0.0019852349524553,0.0,,6.045805,0.7383808051574318,0.0,0.0,0.1,0,0,4.0,1,45,0.1,Valdimarsson
1737,7,Hákon_Rafn Valdimarsson,GKP,94,38.146552791993415,3.285108675755534e-22,0.0019909917067686,0.0,,6.045805,0.8452064750569869,0.0,0.0,0.1,0,0,4.0,1,45,0.1,Valdimarsson
1738,8,Hákon_Rafn Valdimarsson,GKP,94,38.288836947568406,3.2838153570943627e-22,0.0019927769954139,0.0,,6.045805,0.6872638840705153,0.0,0.0,0.1,0,0,4.0,1,45,0.1,Valdimarsson
1739,9,Hákon_Rafn Valdimarsson,GKP,94,38.4311984239092,3.2825317446717004e-22,0.0019945611510572,0.0,,6.045805,0.7292113899324949,0.0,0.0,0.1,0,0,4.0,1,45,0.1,Valdimarsson
1740,10,Hákon_Rafn Valdimarsson,GKP,94,38.368041118233,3.282597212572161e-22,0.0019944720060165,0.0,,6.045805,0.8349592397018656,0.0,0.0,0.1,0,0,4.0,1,45,0.1,Valdimarsson
1741,11,Hákon_Rafn Valdimarsson,GKP,94,37.81368164616737,3.2822219126051533e-22,0.00199097156869,0.0,,6.045805,0.7806681932396788,0.0,0.0,0.1,0,0,4.0,1,45,0.1,Valdimarsson
1742,12,Hákon_Rafn Valdimarsson,GKP,94,37.71853229381614,3.2823134658889765e-22,0.0019906591513235,0.0,,6.045805,0.9867310034158742,0.0,0.0,0.1,0,0,4.0,1,45,0.1,Valdimarsson
1743,6,Ian_Maatsen,DEF,7,0.0,0.04774969778030391,0.10590272024914948,0.0,0.0004364607714319947,1.8519999999999999,0.0,0.0423145101603038,0.1030106613875299,0.08,6,3,4.0,2,45,0.5,Maatsen
1744,7,Ian_Maatsen,DEF,7,0.0,0.04775548798153706,0.10580588376672635,0.0,0.0002868749902349168,1.8519999999999999,0.0,0.0411458912848495,0.1064743529883166,0.08,6,3,4.0,2,45,0.5,Maatsen
1745,8,Ian_Maatsen,DEF,7,0.0,0.04776158083554312,0.10570851630486977,0.0,0.0003347034093949597,1.8519999999999999,0.0,0.0447374524142549,0.0826325427082204,0.08,6,3,4.0,2,45,0.5,Maatsen
1746,9,Ian_Maatsen,DEF,7,0.0,0.0477633624130965,0.10565517660506132,0.0,0.0001663076484647246,1.8519999999999999,0.0,0.0841595919386824,0.0794094087227066,0.08,6,3,4.0,2,45,0.5,Maatsen
1747,10,Ian_Maatsen,DEF,7,0.0,0.04776066425003152,0.10564477114826917,0.0,0.0002650621225899898,1.8519999999999999,0.0,0.0428987940978528,0.0818561894866903,0.08,6,3,4.0,2,45,0.5,Maatsen
1748,11,Ian_Maatsen,DEF,7,0.0,0.04775712475246177,0.10563215232177375,0.0,0.00021516364828947523,1.8519999999999999,0.0,0.0506062441125376,0.0961300594458143,0.08,6,3,4.0,2,45,0.5,Maatsen
1749,12,Ian_Maatsen,DEF,7,0.0,0.04775699680689878,0.10562141460630992,0.0,0.00018239429843341234,1.8519999999999999,0.0,0.0432402221981642,0.1043281347865106,0.08,6,3,4.0,2,45,0.5,Maatsen
1750,6,Ibrahim_Mbaye,MID,7,0.0,0.0813744707113641,0.1648872051540346,0.0,9.340558905972413e-05,3.697937187998697,0.0,0.1240191589748917,0.1296590777735466,0.1,5,3,1.0,2,60,0.1,Mbaye
1751,7,Ibrahim_Mbaye,MID,7,0.0,0.0813854439489002,0.1647373813098913,0.0,5.99212016729531e-05,3.697937187998697,0.0,0.0971874929788598,0.199350807499842,0.1,5,3,1.0,2,60,0.1,Mbaye
1752,8,Ibrahim_Mbaye,MID,7,0.0,0.0813969907555809,0.1645867359429305,0.0,7.053439366397482e-05,3.697937187998697,0.0,0.09886899903714,0.1282297948275641,0.1,5,3,1.0,2,60,0.1,Mbaye
1753,9,Ibrahim_Mbaye,MID,7,0.0,0.0814003670931027,0.1645042096194749,0.0,3.368011321995268e-05,3.697937187998697,0.0,0.1378368916813487,0.1417324710647552,0.1,5,3,1.0,2,60,0.1,Mbaye
1754,10,Ibrahim_Mbaye,MID,7,0.0,0.0813952536984156,0.1644881104645113,0.0,5.511485399277024e-05,3.697937187998697,0.0,0.0876286497141699,0.1962911969242959,0.1,5,3,1.0,2,60,0.1,Mbaye
1755,11,Ibrahim_Mbaye,MID,7,0.0,0.0813885458576986,0.1644685868196325,0.0,4.421132821687407e-05,3.697937187998697,0.0,0.0817530645115434,0.1446965004790163,0.1,5,3,1.0,2,60,0.1,Mbaye
1756,12,Ibrahim_Mbaye,MID,7,0.0,0.0813883033830422,0.1644519735994097,0.0,3.712990481960777e-05,3.697937187998697,0.0,0.1268997194477113,0.1551143810956354,0.1,5,3,1.0,2,60,0.1,Mbaye
1757,6,Ibrahim_Osman,MID,36,3.738,0.1257793007882076,0.1307960492736552,0.0,4.962506653723837e-05,4.819493108866443,0.0,0.085880677692756,0.1056084642760237,0.1,5,3,1.0,2,50,0.0,Osman
1758,7,Ibrahim_Osman,MID,36,3.615,0.1260897519059562,0.1311228122735575,0.0,4.9878586471126016e-05,4.819493108866443,0.0,0.0822560971477504,0.1524742200371775,0.1,5,3,1.0,2,50,0.0,Osman
1759,8,Ibrahim_Osman,MID,36,3.495,0.1260423874151961,0.1311083748630628,0.0,9.055670348518034e-05,4.819493108866443,0.0,0.070552064626671,0.1127830621923689,0.1,5,3,1.0,2,50,0.0,Osman
1760,9,Ibrahim_Osman,MID,36,3.375,0.1260260698545821,0.1310740891999358,0.0,7.664543158146006e-05,4.819493108866443,0.0,0.0428645627319718,0.1349551016015938,0.1,5,3,1.0,2,50,0.0,Osman
1761,10,Ibrahim_Osman,MID,36,3.252,0.1260083508611654,0.1310387206726699,0.0,0.00010038905157773137,4.819493108866443,0.0,0.0790689180878473,0.1448646983763215,0.1,5,3,1.0,2,50,0.0,Osman
1762,11,Ibrahim_Osman,MID,36,3.132,0.1259922859553004,0.131004487690397,0.0,3.691209786690222e-05,4.819493108866443,0.0,0.0842332060993205,0.1188923620107288,0.1,5,3,1.0,2,50,0.0,Osman
1763,12,Ibrahim_Osman,MID,36,3.012,0.1259756002539683,0.1309699808132802,0.0,6.303546169904475e-05,4.819493108866443,0.0,0.0772167805063861,0.0863082180546789,0.1,5,3,1.0,2,50,0.0,Osman
1764,6,Ibrahim_Sangaré,MID,17,47.07351378369089,0.04246105451747661,0.09479087465499597,0.0,0.011784984955454977,3.4240000000000004,0.0,0.034021699908773,0.1250502673893471,0.15,5,3,1.0,2,49,0.4,I.Sangaré
1765,7,Ibrahim_Sangaré,MID,17,47.246778954397946,0.042447399301040536,0.09476633739232189,0.0,0.010440674480261251,3.4240000000000004,0.0,0.0502408361290219,0.1066747570632133,0.15,5,3,1.0,2,49,0.4,I.Sangaré
1766,8,Ibrahim_Sangaré,MID,17,47.420678428200624,0.04243312814346145,0.09474129656235432,0.0,0.010060349445396514,3.4240000000000004,0.0,0.0568772559482958,0.0901681033145862,0.15,5,3,1.0,2,49,0.4,I.Sangaré
1767,9,Ibrahim_Sangaré,MID,17,48.05687752846485,0.042352355979261,0.09462915149725588,0.0,0.026432144284404765,3.4240000000000004,0.0,0.0655689624381491,0.1074576445370588,0.15,5,3,1.0,2,49,0.4,I.Sangaré
1768,10,Ibrahim_Sangaré,MID,17,48.23679563730873,0.042336844420093424,0.09460259201763205,0.0,0.020377947718802598,3.4240000000000004,0.0,0.0475778188966921,0.0694586861700251,0.15,5,3,1.0,2,49,0.4,I.Sangaré
1769,11,Ibrahim_Sangaré,MID,17,48.418392947619054,0.04232182821808673,0.09457684847313484,0.0,0.018439461004382398,3.4240000000000004,0.0,0.0527142902426278,0.1175353766708052,0.15,5,3,1.0,2,49,0.4,I.Sangaré
1770,12,Ibrahim_Sangaré,MID,17,48.60069156731141,0.04230663307449675,0.09455046973152034,0.0,0.009588593962867237,3.4240000000000004,0.0,0.0364051426726112,0.1103782551048467,0.15,5,3,1.0,2,49,0.4,I.Sangaré
1771,6,Igor_Jesus Maciel da Cruz,FWD,17,59.52640949768088,0.24088391855631877,0.0823385263652534,0.0,0.0024944997798591988,1.0,0.0,0.508906701575971,0.1270447035747427,0.08,4,3,0.0,2,58,2.7,Igor Jesus
1772,7,Igor_Jesus Maciel da Cruz,FWD,17,59.72004326101562,0.24080257278289344,0.0823167646158308,0.0,0.0022120213187282792,1.0,0.0,0.2686708389316911,0.1234648585781471,0.08,4,3,0.0,2,58,2.7,Igor Jesus
1773,8,Igor_Jesus Maciel da Cruz,FWD,17,59.91404886706197,0.24071755777369266,0.08229455625973495,0.0,0.0021347671891669587,1.0,0.0,0.2767363309065365,0.1027633521295426,0.08,4,3,0.0,2,58,2.7,Igor Jesus
1774,9,Igor_Jesus Maciel da Cruz,FWD,17,60.46763423961909,0.24023638823684262,0.08219509639585112,0.0,0.005626878443581117,1.0,0.0,0.3657327697364796,0.1238459952069972,0.08,4,3,0.0,2,58,2.7,Igor Jesus
1775,10,Igor_Jesus Maciel da Cruz,FWD,17,60.67076123663728,0.2401439840055787,0.08217154117096552,0.0,0.004331070184447303,1.0,0.0,0.2852550995514115,0.114829839288796,0.08,4,3,0.0,2,58,2.7,Igor Jesus
1776,11,Igor_Jesus Maciel da Cruz,FWD,17,60.87007734673541,0.2400545306767455,0.08214870958734352,0.0,0.003920616290231951,1.0,0.0,0.2588988784046943,0.0835343475833465,0.08,4,3,0.0,2,58,2.7,Igor Jesus
1777,12,Igor_Jesus Maciel da Cruz,FWD,17,61.06980582337688,0.2399640113712902,0.08212531465642878,0.0,0.0020299679507644903,1.0,0.0,0.2699527724353497,0.1092810666119734,0.08,4,3,0.0,2,58,2.7,Igor Jesus
1778,6,Igor_Julio dos Santos de Paulo,DEF,36,0.0,0.043821105540970705,0.05914801652431101,0.0,0.0013281284258954964,3.406,0.0,0.0366746478210848,0.040303852137383,0.2,6,3,4.0,2,45,0.0,Igor
1779,7,Igor_Julio dos Santos de Paulo,DEF,36,0.0,0.04393613374968981,0.05930682554619038,0.0,0.0013484773190451718,3.406,0.0,0.0576745797658112,0.0527526549054485,0.2,6,3,4.0,2,45,0.0,Igor
1780,8,Igor_Julio dos Santos de Paulo,DEF,36,0.0,0.043918584279845616,0.05929980886731358,0.0,0.0023927480211524284,3.406,0.0,0.0345883844346893,0.02331174536266,0.2,6,3,4.0,2,45,0.0,Igor
1781,9,Igor_Julio dos Santos de Paulo,DEF,36,0.0,0.04391253830461537,0.059283145803786415,0.0,0.0020649837476850157,3.406,0.0,0.0297669938520948,0.018348571633679,0.2,6,3,4.0,2,45,0.0,Igor
1782,10,Igor_Julio dos Santos de Paulo,DEF,36,0.0,0.043905973071132545,0.059265956460984266,0.0,0.002691711567632899,3.406,0.0,0.0764095249963934,0.0286394203968533,0.2,6,3,4.0,2,45,0.0,Igor
1783,11,Igor_Julio dos Santos de Paulo,DEF,36,0.0,0.04390002070942649,0.05924931900070751,0.0,0.001056586244922222,3.406,0.0,0.0440900662312232,0.0342011051202082,0.2,6,3,4.0,2,45,0.0,Igor
1784,12,Igor_Julio dos Santos de Paulo,DEF,36,0.0,0.04389383833086281,0.059232548425689355,0.0,0.0017702447755318996,3.406,0.0,0.0441562832773488,0.040413775623652,0.2,6,3,4.0,2,45,0.0,Igor
1785,6,Igor_Thiago Nascimento Rodrigues,FWD,94,90.0,0.225374603062262,0.048328659666961156,0.12,0.04114913743986203,1.0,0.0,0.2104660919951334,0.0966017152127772,0.2,4,3,0.0,2,78,9.0,Thiago
1786,7,Igor_Thiago Nascimento Rodrigues,FWD,94,90.0,0.2251024003358395,0.048464922070089504,0.12,0.06870124078242675,1.0,0.0,0.3273316394954414,0.1139094893887378,0.2,4,3,0.0,2,78,9.0,Thiago
1787,8,Igor_Thiago Nascimento Rodrigues,FWD,94,90.0,0.22501946929917754,0.04850717986117089,0.12,0.02988867337269623,1.0,0.0,0.2767363309065365,0.1027633521295426,0.2,4,3,0.0,2,78,9.0,Thiago
1788,9,Igor_Thiago Nascimento Rodrigues,FWD,94,90.0,0.2249371606523765,0.048549410834090444,0.12,0.04424160762378005,1.0,0.0,0.3397560761522099,0.0551267835339054,0.2,4,3,0.0,2,78,9.0,Thiago
1789,10,Igor_Thiago Nascimento Rodrigues,FWD,94,90.0,0.22494135862849507,0.0485473007705346,0.12,0.030636618921156895,1.0,0.0,0.2378841599042031,0.0988234500197675,0.2,4,3,0.0,2,78,9.0,Thiago
1790,11,Igor_Thiago Nascimento Rodrigues,FWD,94,90.0,0.22491729339518676,0.048464445401667874,0.12,0.05412697770593265,1.0,0.0,0.2321652746293105,0.0710294967935649,0.2,4,3,0.0,2,78,9.0,Thiago
1791,12,Igor_Thiago Nascimento Rodrigues,FWD,94,90.0,0.2249231640355518,0.04845705048105399,0.12,0.0467635486322768,1.0,0.0,0.1582373678053648,0.1067667619926839,0.2,4,3,0.0,2,78,9.0,Thiago
1792,6,Ilia_Gruev,MID,2,29.57695675363847,0.048189526293746766,0.10672617509982615,0.0,0.0005169416411903916,4.048,0.0,0.0676432579115817,0.1324297279869411,0.13,5,3,1.0,2,50,0.0,Gruev
1793,7,Ilia_Gruev,MID,2,29.64027548189877,0.04818688811585799,0.10672694207405439,0.0,0.0007317801729166968,4.048,0.0,0.1119957605907742,0.1332858089793131,0.13,5,3,1.0,2,50,0.0,Gruev
1794,8,Ilia_Gruev,MID,2,29.700612824786443,0.04818462581897394,0.10672762056113971,0.0,0.0005902457659001672,4.048,0.0,0.085880677692756,0.1056084642760237,0.13,5,3,1.0,2,50,0.0,Gruev
1795,9,Ilia_Gruev,MID,2,29.763899649499063,0.04818243725850729,0.10672845124761568,0.0,0.0008417168216847073,4.048,0.0,0.0866961224313779,0.114569503221635,0.13,5,3,1.0,2,50,0.0,Gruev
1796,10,Ilia_Gruev,MID,2,29.82499943779046,0.048179776648897825,0.10672877407029223,0.0,0.0010272831115366774,4.048,0.0,0.0518416411242582,0.115884505791489,0.13,5,3,1.0,2,50,0.0,Gruev
1797,11,Ilia_Gruev,MID,2,29.88604833470525,0.04817729980828115,0.10672914690759411,0.0,0.00043227068317596367,4.048,0.0,0.0533112851817121,0.0911547974260361,0.13,5,3,1.0,2,50,0.0,Gruev
1798,12,Ilia_Gruev,MID,2,29.94932288072221,0.04817484138310588,0.10672963679007685,0.0,0.00048639019037618754,4.048,0.0,0.0842332060993205,0.1188923620107288,0.13,5,3,1.0,2,50,0.0,Gruev
1799,6,Iliman_Ndiaye,MID,43,84.52877,0.1201546218233535,0.14350140993687285,0.0,0.2255680827706473,5.49,0.0,0.162531339725311,0.1137100266743979,0.05,5,3,1.0,2,58,7.0,Ndiaye
1800,7,Iliman_Ndiaye,MID,43,84.57076999999998,0.1171005272042451,0.14142981157986312,0.0,0.11325067399190776,5.49,0.0,0.150737295523736,0.1390624159116826,0.05,5,3,1.0,2,58,7.0,Ndiaye
1801,8,Iliman_Ndiaye,MID,43,84.61276999999998,0.1170844501792711,0.14139434140767113,0.0,0.14356465265938936,5.49,0.0,0.1477429617751006,0.2046314411489814,0.05,5,3,1.0,2,58,7.0,Ndiaye
1802,9,Iliman_Ndiaye,MID,43,84.65476999999998,0.1170676980239297,0.14135893622290255,0.0,0.109767854592063,5.49,0.0,0.1614820231045773,0.1551187159815836,0.05,5,3,1.0,2,58,7.0,Ndiaye
1803,10,Iliman_Ndiaye,MID,43,84.69676999999999,0.1170512002518005,0.14132280942105238,0.0,0.15432073593235734,5.49,0.0,0.1678163049268733,0.1529825499215968,0.05,5,3,1.0,2,58,7.0,Ndiaye
1804,11,Iliman_Ndiaye,MID,43,84.73876999999999,0.1170351280696276,0.14128732493932714,0.0,0.1050653175003381,5.49,0.0,0.1162593608860656,0.17672170864813,0.05,5,3,1.0,2,58,7.0,Ndiaye
1805,12,Iliman_Ndiaye,MID,43,84.78076999999999,0.1170180980367016,0.14125158614106245,0.0,0.12073729845543685,5.49,0.0,0.1288957249246875,0.0569416754282649,0.05,5,3,1.0,2,58,7.0,Ndiaye
1806,6,Illan_Meslier,GKP,3,0.0,0.0019665744237751,0.001125416743332064,0.0,,6.789999999999999,0.4979206549143981,0.0,0.0,0.09,0,0,4.0,1,49,0.0,Meslier
1807,7,Illan_Meslier,GKP,3,0.0,0.0019753605601973,0.001126638986555256,0.0,,6.789999999999999,0.5458105957929057,0.0,0.0,0.09,0,0,4.0,1,49,0.0,Meslier
1808,8,Illan_Meslier,GKP,3,0.0,0.0019842885234083,0.001127865412811356,0.0,,6.789999999999999,0.5934212678882184,0.0,0.0,0.09,0,0,4.0,1,49,0.0,Meslier
1809,9,Illan_Meslier,GKP,3,0.0,0.0019931116118956,0.001129059346678852,0.0,,6.789999999999999,0.6541528223748162,0.0,0.0,0.09,0,0,4.0,1,49,0.0,Meslier
1810,10,Illan_Meslier,GKP,3,0.0,0.0019933953802883,0.00112872347125992,0.0,,6.789999999999999,0.5075495546120866,0.0,0.0,0.09,0,0,4.0,1,49,0.0,Meslier
1811,11,Illan_Meslier,GKP,3,0.0,0.0019936708446924,0.0011283820380732401,0.0,,6.789999999999999,0.5671090788835828,0.0,0.0,0.09,0,0,4.0,1,49,0.0,Meslier
1812,12,Illan_Meslier,GKP,3,0.0,0.0019939928495226,0.001128194970020716,0.0,,6.789999999999999,0.6542036100078179,0.0,0.0,0.09,0,0,4.0,1,49,0.0,Meslier
1813,6,Ilyas_Ansah,FWD,88,0.0,0.293207739360146,0.1698573139212578,0.0,3.841853138702487e-05,1.1635276112018986,0.0,0.2321652746293105,0.0710294967935649,0.1,4,3,0.0,2,50,0.0,Ansah
1814,7,Ilyas_Ansah,FWD,88,0.0,0.2926564347796839,0.1698616188418689,0.0,2.0158521414384263e-05,1.1635276112018986,0.0,0.251881030599128,0.0913042928657778,0.1,4,3,0.0,2,50,0.0,Ansah
1815,8,Ilyas_Ansah,FWD,88,0.0,0.2936640677414682,0.1703545433081587,0.0,5.590702073665537e-05,1.1635276112018986,0.0,0.3657327697364796,0.1238459952069972,0.1,4,3,0.0,2,50,0.0,Ansah
1816,9,Ilyas_Ansah,FWD,88,0.0,0.29431174673317,0.1703879409806936,0.0,2.222334823495796e-05,1.1635276112018986,0.0,0.2767363309065365,0.1027633521295426,0.1,4,3,0.0,2,50,0.0,Ansah
1817,10,Ilyas_Ansah,FWD,88,0.0,0.294996798256501,0.1705448781262483,0.0,2.3431468871186864e-05,1.1635276112018986,0.0,0.2686708389316911,0.1234648585781471,0.1,4,3,0.0,2,50,0.0,Ansah
1818,11,Ilyas_Ansah,FWD,88,0.0,0.2956875060572649,0.1707025188214188,0.0,2.131174695380328e-05,1.1635276112018986,0.0,0.2378841599042031,0.0988234500197675,0.1,4,3,0.0,2,50,0.0,Ansah
1819,12,Ilyas_Ansah,FWD,88,0.0,0.2963859946597881,0.1708626283509507,0.0,2.6890868007986263e-05,1.1635276112018986,0.0,0.508906701575971,0.1270447035747427,0.1,4,3,0.0,2,50,0.0,Ansah
1820,6,Ismaïla_Sarr,MID,31,47.34269051540674,0.23157533342149084,0.1181748716107987,0.045,0.0010748832272714918,1.0,0.0,0.1492881486069769,0.1714654190081598,0.08,5,3,1.0,2,62,0.6,Sarr
1821,7,Ismaïla_Sarr,MID,31,43.10447029705721,0.23630578878379785,0.12150681208470883,0.045,0.0005040137814727168,1.0,0.0,0.1568333574163208,0.1479354673274162,0.08,5,3,1.0,2,62,0.6,Sarr
1822,8,Ismaïla_Sarr,MID,31,43.09070468071933,0.2363451898760768,0.12152622612600454,0.045,0.0008469153572116197,1.0,0.0,0.1113458150315947,0.1892932248153172,0.08,5,3,1.0,2,62,0.6,Sarr
1823,9,Ismaïla_Sarr,MID,31,43.07951882998261,0.23638219092760288,0.1215448365023851,0.045,0.0010746347321348604,1.0,0.0,0.1618205164382563,0.1266052744503581,0.08,5,3,1.0,2,62,0.6,Sarr
1824,10,Ismaïla_Sarr,MID,31,43.06834715363769,0.23642062893617313,0.12156381631186698,0.045,0.0011627147658216789,1.0,0.0,0.1389030075974817,0.2361507048222439,0.08,5,3,1.0,2,62,0.6,Sarr
1825,11,Ismaïla_Sarr,MID,31,43.05785521856869,0.2364567813746893,0.12158223158209289,0.045,0.0005022316388219382,1.0,0.0,0.1542164581176329,0.1806105923991114,0.08,5,3,1.0,2,62,0.6,Sarr
1826,12,Ismaïla_Sarr,MID,31,43.04608202286879,0.2364949520263488,0.12160134134454251,0.045,0.0004888303019448034,1.0,0.0,0.1542164581176329,0.1806105923991114,0.08,5,3,1.0,2,62,0.6,Sarr
1827,6,Issa_Diop,DEF,40,84.5109938,0.0165549816103755,0.017298953167234295,0.0,0.14146841084537462,1.0379999999999998,0.0,0.0323786694324084,0.0238084655632736,0.12,6,3,4.0,2,40,13.0,Diop
1828,7,Issa_Diop,DEF,40,84.5649938,0.0164500341888594,0.01660044947940857,0.0,0.2558559606744162,1.0379999999999998,0.0,0.0297669938520948,0.018348571633679,0.12,6,3,4.0,2,40,13.0,Diop
1829,8,Issa_Diop,DEF,40,84.6189938,0.0164033984832815,0.016565206421033055,0.0,0.2027794012242834,1.0379999999999998,0.0,0.0550530308978321,0.0334376008273799,0.12,6,3,4.0,2,40,13.0,Diop
1830,9,Issa_Diop,DEF,40,84.6699938,0.0164292345224097,0.01668384236455339,0.0,0.14659967667545185,1.0379999999999998,0.0,0.0440900662312232,0.0342011051202082,0.12,6,3,4.0,2,40,13.0,Diop
1831,10,Issa_Diop,DEF,40,84.72399379999999,0.0164239121094843,0.016681778102329164,0.0,0.23609522257203014,1.0379999999999998,0.0,0.0539343394566716,0.0350964916114288,0.12,6,3,4.0,2,40,13.0,Diop
1832,11,Issa_Diop,DEF,40,84.77799379999999,0.0164187680327249,0.01667981108052798,0.0,0.2743905822473886,1.0379999999999998,0.0,0.052493727298415,0.0268053738104255,0.12,6,3,4.0,2,40,13.0,Diop
1833,12,Issa_Diop,DEF,40,84.82899379999999,0.0164135703379348,0.016677767643359723,0.0,0.19358646123664588,1.0379999999999998,0.0,0.0430008805695656,0.0202850875521248,0.12,6,3,4.0,2,40,13.0,Diop
1834,6,Jack_Butland,GKP,88,0.0,6.566450675710815e-05,0.0017792859029287,0.0,1.810098590021105e-05,10.305221428571429,0.8005405657055964,0.0,0.0,0.1,0,0,4.0,1,45,0.1,Butland
1835,7,Jack_Butland,GKP,88,0.0,6.553542524758205e-05,0.0017793310517462,0.0,9.831654221416666e-06,10.305221428571429,0.8010377240582105,0.0,0.0,0.1,0,0,4.0,1,45,0.1,Butland
1836,8,Jack_Butland,GKP,88,0.0,6.577135070215805e-05,0.001784500707301,0.0,2.580756850203409e-05,10.305221428571429,0.7017876580551875,0.0,0.0,0.1,0,0,4.0,1,45,0.1,Butland
1837,9,Jack_Butland,GKP,88,0.0,6.59229971511448e-05,0.0017848509728592,0.0,1.0782793299501659e-05,10.305221428571429,0.8558646658420261,0.0,0.0,0.1,0,0,4.0,1,45,0.1,Butland
1838,10,Jack_Butland,GKP,88,0.0,6.60833939406302e-05,0.0017864968862633,0.0,1.1337006848978824e-05,10.305221428571429,0.7843528614022347,0.0,0.0,0.1,0,0,4.0,1,45,0.1,Butland
1839,11,Jack_Butland,GKP,88,0.0,6.624511508121877e-05,0.0017881501783013,0.0,1.0363504801220922e-05,10.305221428571429,0.8550116824859755,0.0,0.0,0.1,0,0,4.0,1,45,0.1,Butland
1840,12,Jack_Butland,GKP,88,0.0,6.640865800539489e-05,0.0017898293627917,0.0,1.2915493995128118e-05,10.305221428571429,0.7097004764602874,0.0,0.0,0.1,0,0,4.0,1,45,0.1,Butland
1841,6,Jack_Clarke,MID,40,41.82243314953643,0.1119340317700561,0.09988357916460892,0.0,0.0004430158375059955,4.199999999999999,0.0,0.1162593608860656,0.17672170864813,0.08,5,3,1.0,2,54,0.2,Clarke
1842,7,Jack_Clarke,MID,40,38.663568429015086,0.1112545327726663,0.09654467505463936,0.0,0.0006995792493195134,4.199999999999999,0.0,0.1674484816301701,0.1685309160814939,0.08,5,3,1.0,2,54,0.2,Clarke
1843,8,Jack_Clarke,MID,40,38.54580247818466,0.1109525823795553,0.09637621038579249,0.0,0.0005107297180125151,4.199999999999999,0.0,0.1678163049268733,0.1529825499215968,0.08,5,3,1.0,2,54,0.2,Clarke
1844,9,Jack_Clarke,MID,40,40.07349504612959,0.1111198619794783,0.09694329978891811,0.0,0.0003906008826040189,4.199999999999999,0.0,0.150737295523736,0.1390624159116826,0.08,5,3,1.0,2,54,0.2,Clarke
1845,10,Jack_Clarke,MID,40,40.10901728359696,0.1110854011590571,0.09693343244856646,0.0,0.0007076078935126805,4.199999999999999,0.0,0.1697864627106199,0.0953712727396801,0.08,5,3,1.0,2,54,0.2,Clarke
1846,11,Jack_Clarke,MID,40,40.14629221441897,0.1110520950048899,0.09692402992530039,0.0,0.0008617940034126434,4.199999999999999,0.0,0.1220461381569684,0.1872283971637988,0.08,5,3,1.0,2,54,0.2,Clarke
1847,12,Jack_Clarke,MID,40,40.18171718232495,0.1110184416921393,0.09691426213040044,0.0,0.0005482965876954594,4.199999999999999,0.0,0.1477429617751006,0.2046314411489814,0.08,5,3,1.0,2,54,0.2,Clarke
1848,6,Jack_Fletcher,MID,1,11.453581741027064,0.1484315287925522,0.1882107651554655,0.0,0.000241818713490115,3.0819372426303855,0.0,0.0518416411242582,0.115884505791489,0.1,5,3,1.0,2,49,0.0,J.Fletcher
1849,7,Jack_Fletcher,MID,1,15.796223402422749,0.1472199677014375,0.1875337217536151,0.0,0.00022982333127472189,3.0819372426303855,0.0,0.0928778036155075,0.1172272670252035,0.1,5,3,1.0,2,49,0.0,J.Fletcher
1850,8,Jack_Fletcher,MID,1,17.4748209614214,0.1452196035491112,0.1876757464506269,0.0,0.00034104597596166,3.0819372426303855,0.0,0.0866961224313779,0.114569503221635,0.1,5,3,1.0,2,49,0.0,J.Fletcher
1851,9,Jack_Fletcher,MID,1,17.375337429621712,0.1448604679459178,0.187770013336502,0.0,0.00017167945146748668,3.0819372426303855,0.0,0.0533112851817121,0.0911547974260361,0.1,5,3,1.0,2,49,0.0,J.Fletcher
1852,10,Jack_Fletcher,MID,1,17.39049942258061,0.1449328419757389,0.1877860080934927,0.0,0.0002605655589354626,3.0819372426303855,0.0,0.0858497032968192,0.1237171984305226,0.1,5,3,1.0,2,49,0.0,J.Fletcher
1853,11,Jack_Fletcher,MID,1,17.40849233979634,0.1450020321609579,0.1877992432229461,0.0,0.0004457559986500995,3.0819372426303855,0.0,0.070552064626671,0.1127830621923689,0.1,5,3,1.0,2,49,0.0,J.Fletcher
1854,12,Jack_Fletcher,MID,1,17.426559126251377,0.1450721102135012,0.1878123890167579,0.0,0.0005057943007348651,3.0819372426303855,0.0,0.0790689180878473,0.1448646983763215,0.1,5,3,1.0,2,49,0.0,J.Fletcher
1855,6,Jack_Grealish,MID,11,65.35089480308979,0.12184844358067969,0.16652321917098242,0.0,0.009358567715324782,5.41,0.0,0.150737295523736,0.1390624159116826,0.15,5,3,1.0,2,65,0.4,Grealish
1856,7,Jack_Grealish,MID,11,65.41095293894955,0.12181994327007838,0.16652664678502094,0.0,0.008635987896174474,5.41,0.0,0.1486543353660969,0.1189228792264125,0.15,5,3,1.0,2,65,0.4,Grealish
1857,8,Jack_Grealish,MID,11,65.46848938375739,0.12179001338996291,0.16652972315316064,0.0,0.010653127146634892,5.41,0.0,0.1288957249246875,0.0569416754282649,0.15,5,3,1.0,2,65,0.4,Grealish
1858,9,Jack_Grealish,MID,11,66.27937428396038,0.12368146240796235,0.16615266845042362,0.0,0.0174285170016396,5.41,0.0,0.2069194075756547,0.1443916359282739,0.15,5,3,1.0,2,65,0.4,Grealish
1859,10,Jack_Grealish,MID,11,66.33517387790478,0.12364336678899089,0.16615729081605118,0.0,0.010475578344642439,5.41,0.0,0.150737295523736,0.1390624159116826,0.15,5,3,1.0,2,65,0.4,Grealish
1860,11,Jack_Grealish,MID,11,66.39031939408494,0.12360644277652898,0.166161917050428,0.0,0.02722660128449823,5.41,0.0,0.1841742556698727,0.1303583338431828,0.15,5,3,1.0,2,65,0.4,Grealish
1861,12,Jack_Grealish,MID,11,66.44462126235251,0.12356926863907564,0.16616621880970803,0.0,0.024205370357715767,5.41,0.0,0.162531339725311,0.1137100266743979,0.15,5,3,1.0,2,65,0.4,Grealish
1862,6,Jack_Harrison,MID,2,0.0,0.12312603304216382,0.10451253901028347,0.0,4.008388587084791e-05,3.42,0.0,0.1288957249246875,0.0569416754282649,0.0,5,3,1.0,2,50,0.0,Harrison
1863,7,Jack_Harrison,MID,2,0.0,0.12311859904046205,0.10451336925364065,0.0,5.6431914484274204e-05,3.42,0.0,0.1396329057693053,0.09073077750478,0.0,5,3,1.0,2,50,0.0,Harrison
1864,8,Jack_Harrison,MID,2,0.0,0.12311222421677889,0.10451410371038618,0.0,4.526784069736221e-05,3.42,0.0,0.1261492811823807,0.1064172920699372,0.0,5,3,1.0,2,50,0.0,Harrison
1865,9,Jack_Harrison,MID,2,0.0,0.12310605717159862,0.10451500292173295,0.0,6.42023247118621e-05,3.42,0.0,0.1697864627106199,0.0953712727396801,0.0,5,3,1.0,2,50,0.0,Harrison
1866,10,Jack_Harrison,MID,2,0.0,0.12309855996056965,0.10451535237465182,0.0,7.794059071266853e-05,3.42,0.0,0.1220461381569684,0.1872283971637988,0.0,5,3,1.0,2,50,0.0,Harrison
1867,11,Jack_Harrison,MID,2,0.0,0.12309158058384255,0.10451575596799545,0.0,3.26035793361761e-05,3.42,0.0,0.1486543353660969,0.1189228792264125,0.0,5,3,1.0,2,50,0.0,Harrison
1868,12,Jack_Harrison,MID,2,0.0,0.12308465309915152,0.1045162862617944,0.0,3.648035599703874e-05,3.42,0.0,0.150737295523736,0.1390624159116826,0.0,5,3,1.0,2,50,0.0,Harrison
1869,6,Jack_Hinshelwood,MID,36,0.0,0.23048710074074052,0.10124047939307754,0.0,1.3829251602232706e-05,2.044,0.0,0.1211821165130275,0.1926050362646116,0.05,5,3,1.0,2,59,0.6,Hinshelwood
1870,7,Jack_Hinshelwood,MID,36,0.0,0.23106060596895056,0.10150384327081031,0.0,1.4053461331511479e-05,2.044,0.0,0.1457267806936557,0.1338726163462819,0.05,5,3,1.0,2,59,0.6,Hinshelwood
1871,8,Jack_Hinshelwood,MID,36,0.0,0.23097310819062258,0.10149220703166018,0.0,2.5790216797284066e-05,2.044,0.0,0.1389030075974817,0.2361507048222439,0.05,5,3,1.0,2,59,0.6,Hinshelwood
1872,9,Jack_Hinshelwood,MID,36,0.0,0.23094296429424493,0.10146457353216823,0.0,2.2063398818268353e-05,2.044,0.0,0.1260358149771998,0.2023191987723669,0.05,5,3,1.0,2,59,0.6,Hinshelwood
1873,10,Jack_Hinshelwood,MID,36,0.0,0.230910231490972,0.10143606726770991,0.0,2.9217939164922475e-05,2.044,0.0,0.1431241918345089,0.21431463250313,0.05,5,3,1.0,2,59,0.6,Hinshelwood
1874,11,Jack_Hinshelwood,MID,36,0.0,0.2308805543309377,0.10140847622784165,0.0,1.0858540570028968e-05,2.044,0.0,0.1542164581176329,0.1806105923991114,0.05,5,3,1.0,2,59,0.6,Hinshelwood
1875,12,Jack_Hinshelwood,MID,36,0.0,0.23084973035768327,0.10138066443468073,0.0,1.8743447732289534e-05,2.044,0.0,0.1113458150315947,0.1892932248153172,0.05,5,3,1.0,2,59,0.6,Hinshelwood
1876,6,Jack_Rudoni,MID,9,57.0,0.2560468666092335,0.2184040913381955,0.0,0.021385923870712257,3.570438826979472,0.0,0.1113458150315947,0.1892932248153172,0.1,5,3,1.0,2,49,0.1,Rudoni
1877,7,Jack_Rudoni,MID,9,57.0,0.2085203666278535,0.2046381952832429,0.0,0.027044883475584095,3.570438826979472,0.0,0.1618205164382563,0.1266052744503581,0.1,5,3,1.0,2,49,0.1,Rudoni
1878,8,Jack_Rudoni,MID,9,57.0,0.20852489806324,0.2044366849281189,0.0,0.012115069624368998,3.570438826979472,0.0,0.150834818620813,0.1861354269404155,0.1,5,3,1.0,2,49,0.1,Rudoni
1879,9,Jack_Rudoni,MID,9,57.0,0.2153427845629077,0.2113386823902767,0.0,0.015851829050874514,3.570438826979472,0.0,0.1211821165130275,0.1926050362646116,0.1,5,3,1.0,2,49,0.1,Rudoni
1880,10,Jack_Rudoni,MID,9,57.0,0.2154715813181469,0.2115443507315396,0.0,0.02288084664579723,3.570438826979472,0.0,0.1581050387935625,0.1406563672099904,0.1,5,3,1.0,2,49,0.1,Rudoni
1881,11,Jack_Rudoni,MID,9,57.0,0.2155989589553255,0.2117486860689797,0.0,0.016105355322608938,3.570438826979472,0.0,0.1457267806936557,0.1338726163462819,0.1,5,3,1.0,2,49,0.1,Rudoni
1882,12,Jack_Rudoni,MID,9,57.0,0.215729133334809,0.2119553939068624,0.0,0.017574045695858544,3.570438826979472,0.0,0.1370880123440694,0.1898374177465581,0.1,5,3,1.0,2,49,0.1,Rudoni
1883,6,Jack_Taylor,MID,40,0.0,0.048174218156271,0.06717786811729491,0.0,5.916138162627548e-05,2.458912675953079,0.0,0.043644761687276,0.0738034067651066,0.1726610978739003,5,3,1.0,2,44,0.0,Taylor
1884,7,Jack_Taylor,MID,40,0.0,0.047918386547393,0.06482959023350307,0.0,0.00012389555531468319,2.458912675953079,0.0,0.0475778188966921,0.0694586861700251,0.1726610978739003,5,3,1.0,2,44,0.0,Taylor
1885,8,Jack_Taylor,MID,40,0.0,0.0478047021193545,0.06471110768862488,0.0,9.139524467583257e-05,2.458912675953079,0.0,0.0745833114716031,0.0768185326234935,0.1726610978739003,5,3,1.0,2,44,0.0,Taylor
1886,9,Jack_Taylor,MID,40,0.0,0.047867682946913,0.06510994618761505,0.0,6.0978008781569796e-05,2.458912675953079,0.0,0.0568772559482958,0.0901681033145862,0.1726610978739003,5,3,1.0,2,44,0.0,Taylor
1887,10,Jack_Taylor,MID,40,0.0,0.0478547084360374,0.06510300640846708,0.0,0.0001101416346919376,2.458912675953079,0.0,0.0527142902426278,0.1175353766708052,0.1726610978739003,5,3,1.0,2,44,0.0,Taylor
1888,11,Jack_Taylor,MID,40,0.0,0.047842168657408,0.06509639353888165,0.0,0.0001337091417034499,2.458912675953079,0.0,0.0607007698575154,0.1196306784306686,0.1726610978739003,5,3,1.0,2,44,0.0,Taylor
1889,12,Jack_Taylor,MID,40,0.0,0.0478294981734513,0.0650895237708435,0.0,8.478267122637128e-05,2.458912675953079,0.0,0.0452432190095615,0.0673878343702392,0.1726610978739003,5,3,1.0,2,44,0.0,Taylor
1890,6,Jacob_Greaves,DEF,40,55.21743314953643,0.0397413970878719,0.031035808923548555,0.0,0.01615767280389234,1.0,0.0,0.0323786694324084,0.0238084655632736,0.21,6,3,4.0,2,40,1.1,Greaves
1891,7,Jacob_Greaves,DEF,40,52.03456842901508,0.0394945922171895,0.029985157580556216,0.0,0.02514898190530578,1.0,0.0,0.0297669938520948,0.018348571633679,0.21,6,3,4.0,2,40,1.1,Greaves
1892,8,Jacob_Greaves,DEF,40,51.88680247818466,0.0393849190197152,0.02993214688460896,0.0,0.018738384646672185,1.0,0.0,0.0550530308978321,0.0334376008273799,0.21,6,3,4.0,2,40,1.1,Greaves
1893,9,Jacob_Greaves,DEF,40,53.39049504612959,0.0394456776377344,0.030110592633084212,0.0,0.014427812278014892,1.0,0.0,0.0440900662312232,0.0342011051202082,0.21,6,3,4.0,2,40,1.1,Greaves
1894,10,Jacob_Greaves,DEF,40,53.40201728359696,0.0394331609182685,0.03010748768186344,0.0,0.02504836885777989,1.0,0.0,0.0539343394566716,0.0350964916114288,0.21,6,3,4.0,2,40,1.1,Greaves
1895,11,Jacob_Greaves,DEF,40,53.41229221441897,0.0394210635919976,0.030104528994410466,0.0,0.029996239746043995,1.0,0.0,0.052493727298415,0.0268053738104255,0.21,6,3,4.0,2,40,1.1,Greaves
1896,12,Jacob_Greaves,DEF,40,53.42071718232494,0.0394088401721937,0.03010145536710893,0.0,0.01966978931535315,1.0,0.0,0.0430008805695656,0.0202850875521248,0.21,6,3,4.0,2,40,1.1,Greaves
1897,6,Jacob_Murphy,MID,4,50.40031376244104,0.06527196696158409,0.16675318342576498,0.0,0.0015804645540162246,2.826,0.0,0.1268997194477113,0.1551143810956354,0.12,5,3,1.0,2,59,0.1,J.Murphy
1898,7,Jacob_Murphy,MID,4,49.473648199022605,0.06539013881170984,0.1665323562474362,0.0,0.001970394839058347,2.826,0.0,0.1528638217362915,0.0934867601094268,0.12,5,3,1.0,2,59,0.1,J.Murphy
1899,8,Jacob_Murphy,MID,4,48.49214874287186,0.06551209975166987,0.16630029565557478,0.0,0.0016806081680189788,2.826,0.0,0.1652776886367873,0.1759321123387592,0.12,5,3,1.0,2,59,0.1,J.Murphy
1900,9,Jacob_Murphy,MID,4,47.71197040426979,0.06557014588328632,0.1660582446414065,0.0,0.0022384817543779963,2.826,0.0,0.116233388513479,0.1426431873808013,0.12,5,3,1.0,2,59,0.1,J.Murphy
1901,10,Jacob_Murphy,MID,4,47.29157272109509,0.06554474341489291,0.165886122522615,0.0,0.0011322984120389404,2.826,0.0,0.1378368916813487,0.1417324710647552,0.12,5,3,1.0,2,59,0.1,J.Murphy
1902,11,Jacob_Murphy,MID,4,46.93085018783949,0.06551367343710267,0.1657452237369222,0.0,0.0012742635810860765,2.826,0.0,0.076157361279352,0.1133288670034329,0.12,5,3,1.0,2,59,0.1,J.Murphy
1903,12,Jacob_Murphy,MID,4,46.80577106383579,0.06551202142916243,0.16571006312573514,0.0,0.0011462386669423422,2.826,0.0,0.0894262475542055,0.1651836631871084,0.12,5,3,1.0,2,59,0.1,J.Murphy
1904,6,Jacob_Ramsey,MID,4,0.0,0.08162028106725329,0.12995782251657875,0.0,9.353310013061796e-05,5.0920000000000005,0.0,0.0842332060993205,0.1188923620107288,0.18,5,3,1.0,2,49,0.3,J.Ramsey
1905,7,Jacob_Ramsey,MID,4,0.0,0.08175403244444872,0.12979808808381757,0.0,0.00012670723022973064,5.0920000000000005,0.0,0.0858497032968192,0.1237171984305226,0.18,5,3,1.0,2,49,0.3,J.Ramsey
1906,8,Jacob_Ramsey,MID,4,0.0,0.08189207245707734,0.12963022800750035,0.0,0.00011794375657820592,5.0920000000000005,0.0,0.0822560971477504,0.1524742200371775,0.18,5,3,1.0,2,49,0.3,J.Ramsey
1907,9,Jacob_Ramsey,MID,4,0.0,0.0819577712680574,0.12945514140022663,0.0,0.0001684989004472841,5.0920000000000005,0.0,0.1053742839427626,0.1147639713719944,0.18,5,3,1.0,2,49,0.3,J.Ramsey
1908,10,Jacob_Ramsey,MID,4,0.0,0.08192901979189648,0.12933063757230617,0.0,8.841731031780199e-05,5.0920000000000005,0.0,0.0936735501911697,0.0888189627888669,0.18,5,3,1.0,2,49,0.3,J.Ramsey
1909,11,Jacob_Ramsey,MID,4,0.0,0.08189385361387301,0.12922871901418437,0.0,0.00010277180024309492,5.0920000000000005,0.0,0.0676432579115817,0.1324297279869411,0.18,5,3,1.0,2,49,0.3,J.Ramsey
1910,12,Jacob_Ramsey,MID,4,0.0,0.08189198380869601,0.12920328573044632,0.0,9.347515484139887e-05,5.0920000000000005,0.0,0.0957882179850394,0.1113283019034307,0.18,5,3,1.0,2,49,0.3,J.Ramsey
1911,6,Jaden_Philogene,MID,40,38.80443314953643,0.0931273601560326,0.11679753586306135,0.042,0.001267404170457819,1.0,0.0,0.1378368916813487,0.1417324710647552,0.2809857905846685,5,3,1.0,2,54,0.1,Philogene
1912,7,Jaden_Philogene,MID,40,35.606568429015084,0.0925380467371872,0.11207913483573259,0.042,0.0019937746884297215,1.0,0.0,0.09886899903714,0.1282297948275641,0.2809857905846685,5,3,1.0,2,54,0.1,Philogene
1913,8,Jaden_Philogene,MID,40,35.449802478184665,0.0922761722985648,0.1118410675416818,0.042,0.001450915399827803,1.0,0.0,0.0757386597383645,0.1958612735530401,0.2809857905846685,5,3,1.0,2,54,0.1,Philogene
1914,9,Jaden_Philogene,MID,40,9.996,0.0924212499415229,0.11264245480353978,0.042,9.977518458515892e-05,1.0,0.0,0.1268997194477113,0.1551143810956354,0.2809857905846685,5,3,1.0,2,54,0.1,Philogene
1915,10,Jaden_Philogene,MID,40,9.981,0.0923913628865358,0.11262851068675216,0.042,0.00017997315279284038,1.0,0.0,0.0553819610582226,0.1857348552224726,0.2809857905846685,5,3,1.0,2,54,0.1,Philogene
1916,11,Jaden_Philogene,MID,40,9.969,0.0923624772462975,0.11261522343022216,0.042,0.0002182462437206392,1.0,0.0,0.1186409762327798,0.0988612668204811,0.2809857905846685,5,3,1.0,2,54,0.1,Philogene
1917,12,Jaden_Philogene,MID,40,9.954,0.0923332905236259,0.11260141998694488,0.042,0.00013820434532842122,1.0,0.0,0.1528638217362915,0.0934867601094268,0.2809857905846685,5,3,1.0,2,54,0.1,Philogene
1918,6,Jahnoah_Markelo,FWD,9,0.0,0.3592114189180719,0.1418716536212577,0.0,4.8615632807412056e-05,1.818367374389052,0.0,0.2701720012960522,0.1526573698912118,0.1,4,3,0.0,2,50,0.0,Markelo
1919,7,Jahnoah_Markelo,FWD,9,0.0,0.2930353162947134,0.1330750792552138,0.0,6.175956361218194e-05,1.818367374389052,0.0,0.1816445166652931,0.0735228775864095,0.1,4,3,0.0,2,50,0.0,Markelo
1920,8,Jahnoah_Markelo,FWD,9,0.0,0.2930416258848008,0.1329463116967999,0.0,2.732544062558834e-05,1.818367374389052,0.0,0.251881030599128,0.0913042928657778,0.1,4,3,0.0,2,50,0.0,Markelo
1921,9,Jahnoah_Markelo,FWD,9,0.0,0.30253488031871,0.1373567716993853,0.0,3.586971568759891e-05,1.818367374389052,0.0,0.3107258993287308,0.1106489791789369,0.1,4,3,0.0,2,50,0.0,Markelo
1922,10,Jahnoah_Markelo,FWD,9,0.0,0.3027142174736784,0.13748819626132,0.0,5.20771148592953e-05,1.818367374389052,0.0,0.2321652746293105,0.0710294967935649,0.1,4,3,0.0,2,50,0.0,Markelo
1923,11,Jahnoah_Markelo,FWD,9,0.0,0.3028915786425664,0.1376187690176612,0.0,3.645125025766993e-05,1.818367374389052,0.0,0.508906701575971,0.1270447035747427,0.1,4,3,0.0,2,50,0.0,Markelo
1924,12,Jahnoah_Markelo,FWD,9,0.0,0.3030728340074471,0.1377508578305304,0.0,3.982463557923542e-05,1.818367374389052,0.0,0.3479730393459483,0.0845739406189787,0.1,4,3,0.0,2,50,0.0,Markelo
1925,6,Jaidon_Anthony,MID,94,55.10281927353854,0.2067234335765277,0.1295089253019659,0.0,0.004954651611787059,3.548,0.0,0.1477429617751006,0.2046314411489814,0.12,5,3,1.0,2,59,0.1,Anthony
1926,7,Jaidon_Anthony,MID,94,55.67351310576785,0.2064623651820755,0.12987611360816764,0.0,0.008877921348252158,3.548,0.0,0.162531339725311,0.1137100266743979,0.12,5,3,1.0,2,59,0.1,Anthony
1927,8,Jaidon_Anthony,MID,94,55.79239386029799,0.2063828264027394,0.12998998630066932,0.0,0.0037933968839873418,3.548,0.0,0.150737295523736,0.1390624159116826,0.12,5,3,1.0,2,59,0.1,Anthony
1928,9,Jaidon_Anthony,MID,94,55.91148671393248,0.2063038845546827,0.13010378672587528,0.0,0.005737059709636835,3.548,0.0,0.1678163049268733,0.1529825499215968,0.12,5,3,1.0,2,59,0.1,Anthony
1929,10,Jaidon_Anthony,MID,94,55.82343150995399,0.2063079108144473,0.1300981007065091,0.0,0.0039013552763441993,3.548,0.0,0.1614820231045773,0.1551187159815836,0.12,5,3,1.0,2,59,0.1,Anthony
1930,11,Jaidon_Anthony,MID,94,55.23081873265575,0.2062848299588494,0.12987482912274576,0.0,0.006655513825697749,3.548,0.0,0.147935998121608,0.1428338544994659,0.12,5,3,1.0,2,59,0.1,Anthony
1931,12,Jaidon_Anthony,MID,94,55.109749399260686,0.2062904604632704,0.1298549019211673,0.0,0.005657888812086461,3.548,0.0,0.1396329057693053,0.09073077750478,0.12,5,3,1.0,2,59,0.1,Anthony
1932,6,Jair_Paula da Cunha Filho,DEF,17,78.87128,0.0397400007852048,0.019526680585417948,0.0,0.16016929469588675,1.0,0.0,0.0576745797658112,0.0527526549054485,0.0371521367521367,6,3,4.0,2,45,0.2,Jair Cunha
1933,7,Jair_Paula da Cunha Filho,DEF,17,78.99727999999999,0.0397278420498352,0.019521702277241607,0.0,0.14414115452048193,1.0,0.0,0.0283871455110724,0.0678417594345503,0.0371521367521367,6,3,4.0,2,45,0.2,Jair Cunha
1934,8,Jair_Paula da Cunha Filho,DEF,17,79.12628,0.0397151348745784,0.019516621801467782,0.0,0.13911745008846021,1.0,0.0,0.0440900662312232,0.0342011051202082,0.0371521367521367,6,3,4.0,2,45,0.2,Jair Cunha
1935,9,Jair_Paula da Cunha Filho,DEF,17,79.25528,0.0396432145667353,0.01949386894994008,0.0,0.29100390442029306,1.0,0.0,0.0764095249963934,0.0286394203968533,0.0371521367521367,6,3,4.0,2,45,0.2,Jair Cunha
1936,10,Jair_Paula da Cunha Filho,DEF,17,79.38128,0.0396294029260358,0.019488480358868347,0.0,0.23705866485048202,1.0,0.0,0.0297669938520948,0.018348571633679,0.0371521367521367,6,3,4.0,2,45,0.2,Jair Cunha
1937,11,Jair_Paula da Cunha Filho,DEF,17,79.51028,0.039616032356092,0.01948325731097742,0.0,0.2180458504284434,1.0,0.0,0.0539343394566716,0.0350964916114288,0.0371521367521367,6,3,4.0,2,45,0.2,Jair Cunha
1938,12,Jair_Paula da Cunha Filho,DEF,17,79.63928,0.0396025024548503,0.01947790538942007,0.0,0.1266017346231636,1.0,0.0,0.0456201977756334,0.02560444811066,0.0371521367521367,6,3,4.0,2,45,0.2,Jair Cunha
1939,6,Jaka_Bijol,DEF,2,78.00412713589758,0.03960978749139597,0.052906245134061336,0.0,0.2916465422161616,2.2880000000000003,0.0,0.0283871455110724,0.0678417594345503,0.14,6,3,4.0,2,50,0.7,Bijol
1940,7,Jaka_Bijol,DEF,2,77.90080476304365,0.03960777636644148,0.05290660717432046,0.0,0.3673709874439969,2.2880000000000003,0.0,0.074235503863792,0.0216228986791694,0.14,6,3,4.0,2,50,0.7,Bijol
1941,8,Jaka_Bijol,DEF,2,77.8001788196529,0.03960605178155393,0.05290692744536892,0.0,0.3143555736136972,2.2880000000000003,0.0,0.0366746478210848,0.040303852137383,0.14,6,3,4.0,2,50,0.7,Bijol
1942,9,Jaka_Bijol,DEF,2,77.69706294453505,0.03960438340710968,0.052907319560170134,0.0,0.39598842102894455,2.2880000000000003,0.0,0.0539343394566716,0.0350964916114288,0.14,6,3,4.0,2,50,0.7,Bijol
1943,10,Jaka_Bijol,DEF,2,77.59741258190087,0.039602355182097954,0.052907471944436894,0.0,0.44594550250714987,2.2880000000000003,0.0,0.052493727298415,0.0268053738104255,0.14,6,3,4.0,2,50,0.7,Bijol
1944,11,Jaka_Bijol,DEF,2,77.49527734686043,0.039600467047111496,0.05290764793746036,0.0,0.24381498729490883,2.2880000000000003,0.0,0.0456201977756334,0.02560444811066,0.14,6,3,4.0,2,50,0.7,Bijol
1945,12,Jaka_Bijol,DEF,2,77.39505342372686,0.039598592950508826,0.052907879180146875,0.0,0.2634237868921721,2.2880000000000003,0.0,0.0440900662312232,0.0342011051202082,0.14,6,3,4.0,2,50,0.7,Bijol
1946,6,Jake_Bidwell,DEF,9,0.0,0.0500540736314892,0.0814570286882082,0.0,0.0009818396008463431,3.0185996721588504,0.0,0.0441562832773488,0.040413775623652,0.1,6,3,4.0,2,40,0.1,Bidwell
1947,7,Jake_Bidwell,DEF,9,0.0,0.040862063391523,0.0765785847102206,0.0,0.0012309669776377858,3.0185996721588504,0.0,0.052493727298415,0.0268053738104255,0.1,6,3,4.0,2,40,0.1,Bidwell
1948,8,Jake_Bidwell,DEF,9,0.0,0.0408629398078484,0.0765071722155648,0.0,0.0005693309401102349,3.0185996721588504,0.0,0.0323786694324084,0.0238084655632736,0.1,6,3,4.0,2,40,0.1,Bidwell
1949,9,Jake_Bidwell,DEF,9,0.0,0.0421815743074313,0.0789531450618609,0.0,0.00073650874752947,3.0185996721588504,0.0,0.0366746478210848,0.040303852137383,0.1,6,3,4.0,2,40,0.1,Bidwell
1950,10,Jake_Bidwell,DEF,9,0.0,0.0422064846436331,0.0790260310895406,0.0,0.0010477865854698917,3.0185996721588504,0.0,0.0459456519173773,0.0386203456380479,0.1,6,3,4.0,2,40,0.1,Bidwell
1951,11,Jake_Bidwell,DEF,9,0.0,0.0422311205109018,0.0790984447190236,0.0,0.0007477987769335486,3.0185996721588504,0.0,0.0576745797658112,0.0527526549054485,0.1,6,3,4.0,2,40,0.1,Bidwell
1952,12,Jake_Bidwell,DEF,9,0.0,0.0422562972907965,0.0791716991299894,0.0,0.0008130942225110731,3.0185996721588504,0.0,0.07078655240023,0.0561971162677075,0.1,6,3,4.0,2,40,0.1,Bidwell
1953,6,Jake_O'Brien,DEF,11,58.91998153917388,0.04104814555886894,0.04670409491429011,0.0,0.01288313205986134,1.0,0.0,0.0462278002486011,0.089997557499349,0.18,6,3,4.0,2,49,0.3,O'Brien
1954,7,Jake_O'Brien,DEF,11,58.88495069957626,0.04103867173014108,0.04670505968366524,0.0,0.011849598554464545,1.0,0.0,0.0258215885423753,0.065374644385858,0.18,6,3,4.0,2,49,0.3,O'Brien
1955,8,Jake_O'Brien,DEF,11,58.84969362535983,0.04102872269618057,0.046705925587974956,0.0,0.014338741263236919,1.0,0.0,0.1077701515240741,0.0871056101039265,0.18,6,3,4.0,2,49,0.3,O'Brien
1956,9,Jake_O'Brien,DEF,11,59.84613282612538,0.04165746195080053,0.04659979612710643,0.0,0.023029827662561977,1.0,0.0,0.0559678414732063,0.0548363854637644,0.18,6,3,4.0,2,49,0.3,O'Brien
1957,10,Jake_O'Brien,DEF,11,59.80667352781778,0.041644798531988575,0.04660109718281116,0.0,0.014141008526845788,1.0,0.0,0.0462278002486011,0.089997557499349,0.18,6,3,4.0,2,49,0.3,O'Brien
1958,11,Jake_O'Brien,DEF,11,59.76948771272727,0.04163252456856059,0.046602399327451444,0.0,0.03452033595162525,1.0,0.0,0.0506358535297079,0.1127669562337763,0.18,6,3,4.0,2,49,0.3,O'Brien
1959,12,Jake_O'Brien,DEF,11,59.73101984860605,0.04162016746072891,0.04660361014219493,0.0,0.030677545892014515,1.0,0.0,0.0253111663142996,0.0466702106609451,0.18,6,3,4.0,2,49,0.3,O'Brien
1960,6,James_Garner,MID,11,71.4015137784514,0.0320080313267838,0.15780589895752947,0.014000000000000002,0.0969478020351366,9.412,0.0,0.0568772559482958,0.0901681033145862,0.32,5,3,1.0,2,60,0.2,Garner
1961,7,James_Garner,MID,11,71.38119264978852,0.032001207506102955,0.15780893020642103,0.014000000000000002,0.0894134753091246,9.412,0.0,0.0364051426726112,0.1103782551048467,0.32,5,3,1.0,2,60,0.2,Garner
1962,8,James_Garner,MID,11,71.36071107560946,0.03199404140402908,0.15781165082706516,0.014000000000000002,0.10782359357563327,9.412,0.0,0.0502408361290219,0.1066747570632133,0.32,5,3,1.0,2,60,0.2,Garner
1963,9,James_Garner,MID,11,72.09101731081304,0.0324469104659254,0.15747819827468937,0.014000000000000002,0.1664583910763642,9.412,0.0,0.0576949851966989,0.1085060286467325,0.32,5,3,1.0,2,60,0.2,Garner
1964,10,James_Garner,MID,11,72.06739335141225,0.032437789243486004,0.15748228611553933,0.014000000000000002,0.10467348462923494,9.412,0.0,0.0568772559482958,0.0901681033145862,0.32,5,3,1.0,2,60,0.2,Garner
1965,11,James_Garner,MID,11,72.04543265211558,0.03242894853843603,0.1574863773777611,0.014000000000000002,0.24125286468122986,9.412,0.0,0.0655689624381491,0.1074576445370588,0.32,5,3,1.0,2,60,0.2,Garner
1966,12,James_Garner,MID,11,72.02254208981527,0.03242004794603574,0.15749018168679432,0.014000000000000002,0.21727223463329132,9.412,0.0,0.0369063418813318,0.0691813954789699,0.32,5,3,1.0,2,60,0.2,Garner
1967,6,James_Hill,DEF,91,86.56716850000001,0.025868763055285772,0.07200154000995275,0.0,0.3685600731217406,2.716,0.0,0.0456201977756334,0.02560444811066,0.18,6,3,4.0,2,55,0.8,Hill
1968,7,James_Hill,DEF,91,86.56716850000001,0.0258580616001761,0.07198258397768219,0.0,0.4513256267169759,2.716,0.0,0.0366746478210848,0.040303852137383,0.18,6,3,4.0,2,55,0.8,Hill
1969,8,James_Hill,DEF,91,86.56716850000001,0.025847543750395573,0.07196397561487652,0.0,0.5122652704749893,2.716,0.0,0.074235503863792,0.0216228986791694,0.18,6,3,4.0,2,55,0.8,Hill
1970,9,James_Hill,DEF,91,86.56716850000001,0.025554120615629596,0.07151754907393283,0.0,0.4797391355567613,2.716,0.0,0.07078655240023,0.0561971162677075,0.18,6,3,4.0,2,55,0.8,Hill
1971,10,James_Hill,DEF,91,86.56716850000001,0.02554229317040608,0.07149650248891326,0.0,0.40605383293486796,2.716,0.0,0.0440900662312232,0.0342011051202082,0.18,6,3,4.0,2,55,0.8,Hill
1972,11,James_Hill,DEF,91,86.56716850000001,0.025530597244484546,0.0714758913063702,0.0,0.49596554870816756,2.716,0.0,0.0550530308978321,0.0334376008273799,0.18,6,3,4.0,2,55,0.8,Hill
1973,12,James_Hill,DEF,91,86.56716850000001,0.025519026024861807,0.07145532677245116,0.0,0.38199135981570176,2.716,0.0,0.0323786694324084,0.0238084655632736,0.18,6,3,4.0,2,55,0.8,Hill
1974,6,James_Justin,DEF,2,84.55799999999999,0.04243029258936831,0.06782027187863011,0.0,0.21638990821510853,3.4699999999999998,0.0,0.0256302332947076,0.1059606075008729,0.12,6,3,4.0,2,45,1.5,Justin
1975,7,James_Justin,DEF,2,84.54299999999999,0.04242802271237779,0.06782070725221027,0.0,0.2798139995168215,3.4699999999999998,0.0,0.0428987940978528,0.0818561894866903,0.12,6,3,4.0,2,45,1.5,Justin
1976,8,James_Justin,DEF,2,84.52799999999999,0.04242607624179882,0.06782109239598778,0.0,0.23711849627718232,3.4699999999999998,0.0,0.0506062441125376,0.0961300594458143,0.12,6,3,4.0,2,45,1.5,Justin
1977,9,James_Justin,DEF,2,84.51299999999999,0.0424241932137184,0.06782156393588026,0.0,0.30675338180292283,3.4699999999999998,0.0,0.0510108756375665,0.0615884901660233,0.12,6,3,4.0,2,45,1.5,Justin
1978,10,James_Justin,DEF,2,84.49499999999999,0.04242190403657128,0.06782174718645022,0.0,0.3513094516312025,3.4699999999999998,0.0,0.0507205798974058,0.0806429687371418,0.12,6,3,4.0,2,45,1.5,Justin
1979,11,James_Justin,DEF,2,84.47999999999999,0.04241977297348091,0.06782195882786525,0.0,0.18312574056189793,3.4699999999999998,0.0,0.0631097915681744,0.0640934742919765,0.12,6,3,4.0,2,45,1.5,Justin
1980,12,James_Justin,DEF,2,84.46499999999999,0.04241765775495764,0.06782223691007791,0.0,0.19993876147314793,3.4699999999999998,0.0,0.0432402221981642,0.1043281347865106,0.12,6,3,4.0,2,45,1.5,Justin
1981,6,James_Maddison,MID,6,3.509511047408276,0.12305577906675896,0.17493449154233473,0.0,0.0006951917022297749,7.794,0.0,0.1119957605907742,0.1332858089793131,0.18,5,3,1.0,2,63,0.4,Maddison
1982,7,James_Maddison,MID,6,2.877382499363942,0.12331837451311191,0.17407283254566733,0.0,0.000424825147091943,7.794,0.0,0.0842332060993205,0.1188923620107288,0.18,5,3,1.0,2,63,0.4,Maddison
1983,8,James_Maddison,MID,6,1.9705981497620169,0.12372980090874655,0.17278679782600007,0.0,0.0003501619035160291,7.794,0.0,0.0533112851817121,0.0911547974260361,0.18,5,3,1.0,2,63,0.4,Maddison
1984,9,James_Maddison,MID,6,1.621218692674084,0.12384798778271,0.17239586449127867,0.0,0.00047883088580109694,7.794,0.0,0.0822560971477504,0.1524742200371775,0.18,5,3,1.0,2,63,0.4,Maddison
1985,10,James_Maddison,MID,6,1.5368108503654554,0.12382780001589691,0.17241732824963768,0.0,0.0005191991436022794,7.794,0.0,0.0928778036155075,0.1172272670252035,0.18,5,3,1.0,2,63,0.4,Maddison
1986,11,James_Maddison,MID,6,1.4516924147965735,0.12380637479283771,0.17243854670203018,0.0,0.00038980020596666255,7.794,0.0,0.0842332060993205,0.1188923620107288,0.18,5,3,1.0,2,63,0.4,Maddison
1987,12,James_Maddison,MID,6,1.3695003246388904,0.1237851255774458,0.17245833081758138,0.0,0.0004607229918143757,7.794,0.0,0.085880677692756,0.1056084642760237,0.18,5,3,1.0,2,63,0.4,Maddison
1988,6,James_McAtee,MID,17,61.677017300602266,0.09843601695289139,0.15259296642532238,0.0,0.015351165075089084,6.1240000000000006,0.0,0.0822560971477504,0.1524742200371775,0.1,5,3,1.0,2,55,0.1,McAtee
1989,7,James_McAtee,MID,17,61.93423497019539,0.0984015387754593,0.15255408050607716,0.0,0.013705566496037599,6.1240000000000006,0.0,0.0676432579115817,0.1324297279869411,0.1,5,3,1.0,2,55,0.1,McAtee
1990,8,James_McAtee,MID,17,62.18880678689478,0.09836550540275686,0.1525143965484622,0.0,0.013301685141525748,6.1240000000000006,0.0,0.0842332060993205,0.1188923620107288,0.1,5,3,1.0,2,55,0.1,McAtee
1991,9,James_McAtee,MID,17,62.78037457315124,0.09816156304696137,0.15233667240689514,0.0,0.03466470587089596,6.1240000000000006,0.0,0.0790689180878473,0.1448646983763215,0.1,5,3,1.0,2,55,0.1,McAtee
1992,10,James_McAtee,MID,17,63.04018032254823,0.09812239777325588,0.15229458173877292,0.0,0.026950620320273816,6.1240000000000006,0.0,0.0428645627319718,0.1349551016015938,0.1,5,3,1.0,2,55,0.1,McAtee
1993,11,James_McAtee,MID,17,63.29888834058573,0.09808448323125177,0.15225378414021032,0.0,0.02456331501214642,6.1240000000000006,0.0,0.0866961224313779,0.114569503221635,0.1,5,3,1.0,2,55,0.1,McAtee
1994,12,James_McAtee,MID,17,63.55781984022796,0.09804611687805247,0.15221197990027385,0.0,0.012891477508947596,6.1240000000000006,0.0,0.0533112851817121,0.0911547974260361,0.1,5,3,1.0,2,55,0.1,McAtee
1995,6,James_McConnell,MID,14,0.0,0.1112136790323563,0.1370719584067914,0.0,6.860749408921219e-05,6.696374260907479,0.0,0.0428645627319718,0.1349551016015938,0.1,5,3,1.0,2,44,0.2,McConnell
1996,7,James_McConnell,MID,14,0.0,0.1114090478993401,0.1370055980981311,0.0,9.085392443992564e-05,6.696374260907479,0.0,0.0790689180878473,0.1448646983763215,0.1,5,3,1.0,2,44,0.2,McConnell
1997,8,James_McConnell,MID,14,0.0,0.1114832713986523,0.1371250950577061,0.0,3.46340998652709e-05,6.696374260907479,0.0,0.0957882179850394,0.1113283019034307,0.1,5,3,1.0,2,44,0.2,McConnell
1998,9,James_McConnell,MID,14,0.0,0.1113525915906261,0.1368405342270597,0.0,3.807885415096047e-05,6.696374260907479,0.0,0.0676432579115817,0.1324297279869411,0.1,5,3,1.0,2,44,0.2,McConnell
1999,10,James_McConnell,MID,14,0.0,0.1114230966352575,0.1369525793528374,0.0,4.370069877015589e-05,6.696374260907479,0.0,0.0822560971477504,0.1524742200371775,0.1,5,3,1.0,2,44,0.2,McConnell
2000,11,James_McConnell,MID,14,0.0,0.1114931890680636,0.137064052432919,0.0,5.360917634792153e-05,6.696374260907479,0.0,0.1119957605907742,0.1332858089793131,0.1,5,3,1.0,2,44,0.2,McConnell
2001,12,James_McConnell,MID,14,0.0,0.1118336446766461,0.137358928036241,0.0,6.243408733198324e-05,6.696374260907479,0.0,0.1053742839427626,0.1147639713719944,0.1,5,3,1.0,2,44,0.2,McConnell
2002,6,James_Rowswell,DEF,6,0.658432438,0.0546241577938646,0.0869450763251537,0.0,0.0005178346008222146,2.467111111111111,0.0,0.074235503863792,0.0216228986791694,0.1,6,3,4.0,2,40,0.1,Rowswell
2003,7,James_Rowswell,DEF,6,0.658432438,0.0547381948941075,0.0865025977607228,0.0,0.00034270315198997565,2.467111111111111,0.0,0.0440900662312232,0.0342011051202082,0.1,6,3,4.0,2,40,0.1,Rowswell
2004,8,James_Rowswell,DEF,6,0.658432438,0.0549168646835999,0.0858421940525651,0.0,0.0003081194942671427,2.467111111111111,0.0,0.0456201977756334,0.02560444811066,0.1,6,3,4.0,2,40,0.1,Rowswell
2005,9,James_Rowswell,DEF,6,0.658432438,0.0549681895964297,0.0856414422221951,0.0,0.00042681310323696055,2.467111111111111,0.0,0.0576745797658112,0.0527526549054485,0.1,6,3,4.0,2,40,0.1,Rowswell
2006,10,James_Rowswell,DEF,6,0.658432438,0.0549594226721752,0.0856524642773501,0.0,0.00046409178858917624,2.467111111111111,0.0,0.07078655240023,0.0561971162677075,0.1,6,3,4.0,2,40,0.1,Rowswell
2007,11,James_Rowswell,DEF,6,0.658432438,0.0549501183588535,0.0856633603631455,0.0,0.00035635506185924325,2.467111111111111,0.0,0.0440900662312232,0.0342011051202082,0.1,6,3,4.0,2,40,0.1,Rowswell
2008,12,James_Rowswell,DEF,6,0.658432438,0.0549408904802311,0.0856735198892242,0.0,0.000420367524200651,2.467111111111111,0.0,0.0366746478210848,0.040303852137383,0.1,6,3,4.0,2,40,0.1,Rowswell
2009,6,James_Tarkowski,DEF,11,90.0,0.06458699174358404,0.05277620347475443,0.0,0.4092606000550298,3.71,0.0,0.0440900662312232,0.0342011051202082,0.2,6,3,4.0,2,61,15.1,Tarkowski
2010,7,James_Tarkowski,DEF,11,90.0,0.06457276486608356,0.052777222966368234,0.0,0.3879400070344537,3.71,0.0,0.0456201977756334,0.02560444811066,0.2,6,3,4.0,2,61,15.1,Tarkowski
2011,8,James_Tarkowski,DEF,11,90.0,0.06455782437143547,0.052778137985236735,0.0,0.4400661985583407,3.71,0.0,0.0283871455110724,0.0678417594345503,0.2,6,3,4.0,2,61,15.1,Tarkowski
2012,9,James_Tarkowski,DEF,11,90.0,0.06550200402806818,0.05266598880419019,0.0,0.5587161759633207,3.71,0.0,0.0441562832773488,0.040413775623652,0.2,6,3,4.0,2,61,15.1,Tarkowski
2013,10,James_Tarkowski,DEF,11,90.0,0.06548298733340847,0.052667363656475265,0.0,0.41581560139380014,3.71,0.0,0.0440900662312232,0.0342011051202082,0.2,6,3,4.0,2,61,15.1,Tarkowski
2014,11,James_Tarkowski,DEF,11,90.0,0.06546455548508684,0.052668739659460874,0.0,0.6949802939279857,3.71,0.0,0.0764095249963934,0.0286394203968533,0.2,6,3,4.0,2,61,15.1,Tarkowski
2015,12,James_Tarkowski,DEF,11,90.0,0.06544599877856062,0.052670019152268654,0.0,0.6556872287479277,3.71,0.0,0.0345883844346893,0.02331174536266,0.2,6,3,4.0,2,61,15.1,Tarkowski
2016,6,James_Trafford,GKP,2,90.0,1.540607010738688e-22,0.000289799999999908,0.0,,9.406,0.7296736701512349,0.0,0.0,0.05,0,0,4.0,1,50,5.4,Trafford
2017,7,James_Trafford,GKP,2,90.0,1.540524405663749e-22,0.000289799999999908,0.0,,9.406,0.9509969654598466,0.0,0.0,0.05,0,0,4.0,1,50,5.4,Trafford
2018,8,James_Trafford,GKP,2,90.0,1.540453569953832e-22,0.000289799999999908,0.0,,9.406,0.639694154775489,0.0,0.0,0.05,0,0,4.0,1,50,5.4,Trafford
2019,9,James_Trafford,GKP,2,90.0,1.540385043035262e-22,0.000289799999999908,0.0,,9.406,0.8387633332430333,0.0,0.0,0.05,0,0,4.0,1,50,5.4,Trafford
2020,10,James_Trafford,GKP,2,90.0,1.540301735591475e-22,0.000289799999999908,0.0,,9.406,0.7169976967256926,0.0,0.0,0.05,0,0,4.0,1,50,5.4,Trafford
2021,11,James_Trafford,GKP,2,90.0,1.5402241822143442e-22,0.000289799999999908,0.0,,9.406,0.734844422009031,0.0,0.0,0.05,0,0,4.0,1,50,5.4,Trafford
2022,12,James_Trafford,GKP,2,90.0,1.5401472054506848e-22,0.000289799999999908,0.0,,9.406,0.6816531317854321,0.0,0.0,0.05,0,0,4.0,1,50,5.4,Trafford
2023,6,James_Wright,GKP,7,0.0,0.0,0.0223532601328996,0.0,2.813856879995959e-05,7.3349268292682925,0.5874163920098591,0.0,0.0,0.1,0,0,4.0,1,40,0.0,Wright
2024,7,James_Wright,GKP,7,0.0,0.0,0.0223321996949926,0.0,1.8492809780336768e-05,7.3349268292682925,0.6546275878986024,0.0,0.0,0.1,0,0,4.0,1,40,0.0,Wright
2025,8,James_Wright,GKP,7,0.0,0.0,0.0223110237772674,0.0,2.157672736640941e-05,7.3349268292682925,0.7451157192105093,0.0,0.0,0.1,0,0,4.0,1,40,0.0,Wright
2026,9,James_Wright,GKP,7,0.0,0.0,0.0222994232171512,0.0,1.0719684617312309e-05,7.3349268292682925,0.6825733811197026,0.0,0.0,0.1,0,0,4.0,1,40,0.0,Wright
2027,10,James_Wright,GKP,7,0.0,0.0,0.0222971601911595,0.0,1.7086409639821815e-05,7.3349268292682925,0.8851919461155396,0.0,0.0,0.1,0,0,4.0,1,40,0.0,Wright
2028,11,James_Wright,GKP,7,0.0,0.0,0.0222944157914744,0.0,1.3869330584297564e-05,7.3349268292682925,0.5788503821657552,0.0,0.0,0.1,0,0,4.0,1,40,0.0,Wright
2029,12,James_Wright,GKP,7,0.0,0.0,0.0222920805043581,0.0,1.1756733132519732e-05,7.3349268292682925,0.7358587332549296,0.0,0.0,0.1,0,0,4.0,1,40,0.0,Wright
2030,6,Jamie_Bynoe-Gittens,MID,8,7.703181821999999,0.12100348588937679,0.18484943620626715,0.0,4.602764186007199e-05,2.5599031395348835,0.0,0.1697864627106199,0.0953712727396801,0.0834953488372093,5,3,1.0,2,59,0.0,Gittens
2031,7,Jamie_Bynoe-Gittens,MID,8,7.496181822,0.12006766128962547,0.1850319052236477,0.0,4.625358941528834e-05,2.5599031395348835,0.0,0.147935998121608,0.1428338544994659,0.0834953488372093,5,3,1.0,2,59,0.0,Gittens
2032,8,Jamie_Bynoe-Gittens,MID,8,7.289181822,0.1186856614689494,0.18525515811184373,0.0,5.384845236257365e-05,2.5599031395348835,0.0,0.1220461381569684,0.1872283971637988,0.0834953488372093,5,3,1.0,2,59,0.0,Gittens
2033,9,Jamie_Bynoe-Gittens,MID,8,7.085181821999999,0.11847420799695979,0.18537632769932696,0.0,3.8284097678251156e-05,2.5599031395348835,0.0,0.1396329057693053,0.09073077750478,0.0834953488372093,5,3,1.0,2,59,0.0,Gittens
2034,10,Jamie_Bynoe-Gittens,MID,8,6.878181822,0.1186914898313914,0.18559088100161938,0.0,3.01475537129802e-05,2.5599031395348835,0.0,0.1261492811823807,0.1064172920699372,0.0834953488372093,5,3,1.0,2,59,0.0,Gittens
2035,11,Jamie_Bynoe-Gittens,MID,8,6.671181821999999,0.11891337960511346,0.18580830620669528,0.0,3.285838062226364e-05,2.5599031395348835,0.0,0.1182193902266794,0.1729940302427504,0.0834953488372093,5,3,1.0,2,59,0.0,Gittens
2036,12,Jamie_Bynoe-Gittens,MID,8,6.467181822,0.11894568323245465,0.1858393512885137,0.0,3.420107040605443e-05,2.5599031395348835,0.0,0.1678163049268733,0.1529825499215968,0.0834953488372093,5,3,1.0,2,59,0.0,Gittens
2037,6,Jan_Paul van Hecke,DEF,6,90.0,0.0653752478697459,0.04854090294715827,0.0,0.397422111050202,3.154,0.0,0.074235503863792,0.0216228986791694,0.25,6,3,4.0,2,49,6.6,Van Hecke
2038,7,Jan_Paul van Hecke,DEF,6,90.0,0.0655123910847047,0.04829479912272016,0.0,0.29592159304550403,3.154,0.0,0.0440900662312232,0.0342011051202082,0.25,6,3,4.0,2,49,6.6,Van Hecke
2039,8,Jan_Paul van Hecke,DEF,6,90.0,0.0657272628176304,0.04792748668926977,0.0,0.2731139548375014,3.154,0.0,0.0456201977756334,0.02560444811066,0.25,6,3,4.0,2,49,6.6,Van Hecke
2040,9,Jan_Paul van Hecke,DEF,6,90.0,0.0657889871471509,0.047815829770294416,0.0,0.3473187859628809,3.154,0.0,0.0576745797658112,0.0527526549054485,0.25,6,3,4.0,2,49,6.6,Van Hecke
2041,10,Jan_Paul van Hecke,DEF,6,90.0,0.0657784438750491,0.04782196016879238,0.0,0.368470620268586,3.154,0.0,0.07078655240023,0.0561971162677075,0.25,6,3,4.0,2,49,6.6,Van Hecke
2042,11,Jan_Paul van Hecke,DEF,6,90.0,0.0657672543284962,0.0478280205039164,0.0,0.3046404201782982,3.154,0.0,0.0440900662312232,0.0342011051202082,0.25,6,3,4.0,2,49,6.6,Van Hecke
2043,12,Jan_Paul van Hecke,DEF,6,90.0,0.0657561567037861,0.04783367116910888,0.0,0.3435662378794932,3.154,0.0,0.0366746478210848,0.040303852137383,0.25,6,3,4.0,2,49,6.6,Van Hecke
2044,6,Jannik_Schuster,DEF,94,32.96459254130309,0.0495736037633173,0.0752367069212499,0.0,0.006338348936521574,2.228200547903275,0.0,0.0430008805695656,0.0202850875521248,0.1,6,3,4.0,2,45,0.2,Schuster
2045,7,Jannik_Schuster,DEF,94,33.43688749976192,0.0495106770216047,0.0754546639345618,0.0,0.010876809352212916,2.228200547903275,0.0,0.0345883844346893,0.02331174536266,0.1,6,3,4.0,2,45,0.2,Schuster
2046,8,Jannik_Schuster,DEF,94,33.552154592825815,0.0494915053549848,0.0755222569148835,0.0,0.004865024036766933,2.228200547903275,0.0,0.0440900662312232,0.0342011051202082,0.1,6,3,4.0,2,45,0.2,Schuster
2047,9,Jannik_Schuster,DEF,94,33.66748432490858,0.0494724775699731,0.0755898069985125,0.0,0.007187089998273791,2.228200547903275,0.0,0.0550530308978321,0.0334376008273799,0.1,6,3,4.0,2,45,0.2,Schuster
2048,10,Jannik_Schuster,DEF,94,33.61631939370718,0.0494734480413655,0.0755864318697904,0.0,0.00500800137025745,2.228200547903275,0.0,0.0265768898928847,0.0315855885698299,0.1,6,3,4.0,2,45,0.2,Schuster
2049,11,Jannik_Schuster,DEF,94,33.167222271127294,0.0494678847366163,0.0754539014848828,0.0,0.008419802248514246,2.228200547903275,0.0,0.0459456519173773,0.0386203456380479,0.1,6,3,4.0,2,45,0.2,Schuster
2050,12,Jannik_Schuster,DEF,94,33.090139976137266,0.0494692418878646,0.0754420730217581,0.0,0.007252142407335277,2.228200547903275,0.0,0.074235503863792,0.0216228986791694,0.1,6,3,4.0,2,45,0.2,Schuster
2051,6,Jaouen_Hadjam,DEF,36,0.0,0.0450879258139494,0.055985163555591,0.0,0.0002750216943853812,3.2245355449069915,0.0,0.0366746478210848,0.040303852137383,0.1,6,3,4.0,2,45,0.0,Hadjam
2052,7,Jaouen_Hadjam,DEF,36,0.0,0.0452028649954865,0.0561265057943172,0.0,0.0002792391729088572,3.2245355449069915,0.0,0.0576745797658112,0.0527526549054485,0.1,6,3,4.0,2,45,0.0,Hadjam
2053,8,Jaouen_Hadjam,DEF,36,0.0,0.0451853291082223,0.0561202608525051,0.0,0.0004958079456766327,3.2245355449069915,0.0,0.0345883844346893,0.02331174536266,0.1,6,3,4.0,2,45,0.0,Hadjam
2054,9,Jaouen_Hadjam,DEF,36,0.0,0.0451792878123325,0.0561054304941597,0.0,0.0004278057740299792,3.2245355449069915,0.0,0.0297669938520948,0.018348571633679,0.1,6,3,4.0,2,45,0.0,Hadjam
2055,10,Jaouen_Hadjam,DEF,36,0.0,0.0451727276600748,0.0560901317399381,0.0,0.0005578563751057669,3.2245355449069915,0.0,0.0764095249963934,0.0286394203968533,0.1,6,3,4.0,2,45,0.0,Hadjam
2056,11,Jaouen_Hadjam,DEF,36,0.0,0.045166779905256,0.0560753241688417,0.0,0.0002187523498867127,3.2245355449069915,0.0,0.0440900662312232,0.0342011051202082,0.1,6,3,4.0,2,45,0.0,Hadjam
2057,12,Jaouen_Hadjam,DEF,36,0.0,0.0451606023116033,0.0560603981237736,0.0,0.0003666770428684986,3.2245355449069915,0.0,0.0441562832773488,0.040413775623652,0.1,6,3,4.0,2,45,0.0,Hadjam
2058,6,Jarrad_Branthwaite,DEF,11,76.33957999999998,0.046023165717352404,0.031650622228793154,0.0,0.18721509534446493,2.394,0.0,0.0440900662312232,0.0342011051202082,0.12,6,3,4.0,2,55,2.3,Branthwaite
2059,7,Jarrad_Branthwaite,DEF,11,76.33058,0.04601245772522673,0.0316512313768266,0.0,0.17464296970070597,2.394,0.0,0.0456201977756334,0.02560444811066,0.12,6,3,4.0,2,55,2.3,Branthwaite
2060,8,Jarrad_Branthwaite,DEF,11,76.32458,0.04600121262249507,0.03165177810221086,0.0,0.2056298382961254,2.394,0.0,0.0283871455110724,0.0678417594345503,0.12,6,3,4.0,2,55,2.3,Branthwaite
2061,9,Jarrad_Branthwaite,DEF,11,76.31557999999998,0.04671185825278725,0.03158476876916021,0.0,0.2838244349656344,2.394,0.0,0.0441562832773488,0.040413775623652,0.12,6,3,4.0,2,55,2.3,Branthwaite
2062,10,Jarrad_Branthwaite,DEF,11,76.30958,0.04669754516007488,0.03158559024582016,0.0,0.19075805955156439,2.394,0.0,0.0440900662312232,0.0342011051202082,0.12,6,3,4.0,2,55,2.3,Branthwaite
2063,11,Jarrad_Branthwaite,DEF,11,76.30058,0.04668367225741708,0.03158641241002577,0.0,0.3875801947828497,2.394,0.0,0.0764095249963934,0.0286394203968533,0.12,6,3,4.0,2,55,2.3,Branthwaite
2064,12,Jarrad_Branthwaite,DEF,11,76.29458,0.0466697053790663,0.03158717690923025,0.0,0.3558583426663569,2.394,0.0,0.0345883844346893,0.02331174536266,0.12,6,3,4.0,2,55,2.3,Branthwaite
2065,6,Jason_Steele,GKP,36,39.56796328816465,0.0,7.153789544812533e-07,0.0,,9.5,0.5358923180703179,0.0,0.0,0.03,0,0,4.0,1,40,4.2,Steele
2066,7,Jason_Steele,GKP,36,38.97464381805101,0.0,7.17298256053064e-07,0.0,,9.5,0.5515611157715662,0.0,0.0,0.03,0,0,4.0,1,40,4.2,Steele
2067,8,Jason_Steele,GKP,36,39.110289419873766,0.0,7.172134553116593e-07,0.0,,9.5,0.6987218553110688,0.0,0.0,0.03,0,0,4.0,1,40,4.2,Steele
2068,9,Jason_Steele,GKP,36,39.17349166292033,0.0,7.17012072269057e-07,0.0,,9.5,0.6987735284809822,0.0,0.0,0.03,0,0,4.0,1,40,4.2,Steele
2069,10,Jason_Steele,GKP,36,39.23851585015162,0.0,7.168043288281095e-07,0.0,,9.5,0.5442318476744986,0.0,0.0,0.03,0,0,4.0,1,40,4.2,Steele
2070,11,Jason_Steele,GKP,36,39.30099403973412,0.0,7.166032552160304e-07,0.0,,9.5,0.5487123417629401,0.0,0.0,0.03,0,0,4.0,1,40,4.2,Steele
2071,12,Jason_Steele,GKP,36,39.364194777081664,0.0,7.164005728330546e-07,0.0,,9.5,0.609870325502813,0.0,0.0,0.03,0,0,4.0,1,40,4.2,Steele
2072,6,Jay_Dasilva,DEF,9,57.0,0.0491133869116141,0.1229616681663162,0.0,0.02193224617030035,2.289542610899873,0.0,0.0411458912848495,0.1064743529883166,0.1,6,3,4.0,2,40,0.7,Dasilva
2073,7,Jay_Dasilva,DEF,9,57.0,0.0399291182385883,0.1154736734807147,0.0,0.02738380249984175,2.289542610899873,0.0,0.0507205798974058,0.0806429687371418,0.1,6,3,4.0,2,40,0.7,Dasilva
2074,8,Jay_Dasilva,DEF,9,57.0,0.0399299939167906,0.1153640614029947,0.0,0.012810785252480618,2.289542610899873,0.0,0.0841595919386824,0.0794094087227066,0.1,6,3,4.0,2,40,0.7,Dasilva
2075,9,Jay_Dasilva,DEF,9,57.0,0.0412475178543765,0.1191184207349525,0.0,0.016522206933415367,2.289542610899873,0.0,0.0506062441125376,0.0961300594458143,0.1,6,3,4.0,2,40,0.7,Dasilva
2076,10,Jay_Dasilva,DEF,9,57.0,0.0412724072109416,0.1192302945599636,0.0,0.023379392681122352,2.289542610899873,0.0,0.0485686283444027,0.1304268182787266,0.1,6,3,4.0,2,40,0.7,Dasilva
2077,11,Jay_Dasilva,DEF,9,57.0,0.0412970223297331,0.1193414432941051,0.0,0.01677211130985651,2.289542610899873,0.0,0.0926757578609484,0.1879020492283666,0.1,6,3,4.0,2,40,0.7,Dasilva
2078,12,Jay_Dasilva,DEF,9,57.0,0.0413221779055905,0.1194538825559853,0.0,0.01821562786682489,2.289542610899873,0.0,0.0213032915553581,0.1622903307898582,0.1,6,3,4.0,2,40,0.7,Dasilva
2079,6,Jaydee_Canvot,DEF,31,90.0,0.03699062045106513,0.020845846337313984,0.0,0.5170469913134299,1.6520000000000001,0.0,0.0550530308978321,0.0334376008273799,0.12,6,3,4.0,2,48,0.2,Canvot
2080,7,Jaydee_Canvot,DEF,31,90.0,0.037748010462722546,0.021440839818752163,0.0,0.41493203536436946,1.6520000000000001,0.0,0.0265768898928847,0.0315855885698299,0.12,6,3,4.0,2,48,0.2,Canvot
2081,8,Jaydee_Canvot,DEF,31,90.0,0.03775431894498375,0.021444306635794552,0.0,0.5579137203761243,1.6520000000000001,0.0,0.0441562832773488,0.040413775623652,0.12,6,3,4.0,2,48,0.2,Canvot
2082,9,Jaydee_Canvot,DEF,31,90.0,0.03776024315834171,0.02144762994025343,0.0,0.6300943450359897,1.6520000000000001,0.0,0.052493727298415,0.0268053738104255,0.12,6,3,4.0,2,48,0.2,Canvot
2083,10,Jaydee_Canvot,DEF,31,90.0,0.037766397441921055,0.02145101921536473,0.0,0.6548698163013102,1.6520000000000001,0.0,0.0345883844346893,0.02331174536266,0.12,6,3,4.0,2,48,0.2,Canvot
2084,11,Jaydee_Canvot,DEF,31,90.0,0.037772185784423415,0.021454307679198117,0.0,0.415088837905302,1.6520000000000001,0.0,0.0440900662312232,0.0342011051202082,0.12,6,3,4.0,2,48,0.2,Canvot
2085,12,Jaydee_Canvot,DEF,31,90.0,0.037778297261668495,0.021457720160356852,0.0,0.4085390273147831,1.6520000000000001,0.0,0.0440900662312232,0.0342011051202082,0.12,6,3,4.0,2,48,0.2,Canvot
2086,6,Jayden_Bogle,DEF,2,78.64696281122639,0.0840666224811184,0.11590361748476775,0.0,0.037207745414084246,2.822,0.0,0.1077701515240741,0.0871056101039265,0.2,6,3,4.0,2,46,6.4,Bogle
2087,7,Jayden_Bogle,DEF,2,78.5814239557348,0.08406209376131306,0.11590445740651427,0.0,0.05058834428486793,2.822,0.0,0.0223973202299275,0.0944421809357277,0.2,6,3,4.0,2,46,6.4,Bogle
2088,8,Jayden_Bogle,DEF,2,78.5159704999964,0.08405821028220874,0.11590520042503655,0.0,0.041181194350194156,2.822,0.0,0.041498341824961,0.0545242644716637,0.2,6,3,4.0,2,46,6.4,Bogle
2089,9,Jayden_Bogle,DEF,2,78.45054696137406,0.08405445337969934,0.11590611011875247,0.0,0.05630667600709326,2.822,0.0,0.0341640741201375,0.0464008608397502,0.2,6,3,4.0,2,46,6.4,Bogle
2090,10,Jayden_Bogle,DEF,2,78.38584156839998,0.08404988615340128,0.11590646364534613,0.0,0.0667304628850517,2.822,0.0,0.0813127279922636,0.1108935603943818,0.2,6,3,4.0,2,46,6.4,Bogle
2091,11,Jayden_Bogle,DEF,2,78.321166514026,0.08404563438660312,0.11590687194349518,0.0,0.03001845980390322,2.822,0.0,0.0258215885423753,0.065374644385858,0.2,6,3,4.0,2,46,6.4,Bogle
2092,12,Jayden_Bogle,DEF,2,78.255942419414,0.08404141423191652,0.11590740841908373,0.0,0.03312715359799169,2.822,0.0,0.0462278002486011,0.089997557499349,0.2,6,3,4.0,2,46,6.4,Bogle
2093,6,Jayden_Danns,FWD,14,3.86665376,0.226714764687202,0.1238524268132367,0.0,3.25022180006021e-05,2.1806666666666663,0.0,0.2852550995514115,0.114829839288796,0.1,4,3,0.0,2,45,0.2,Danns
2094,7,Jayden_Danns,FWD,14,3.86665376,0.2271077655828478,0.1237922282820153,0.0,4.304166230261062e-05,2.1806666666666663,0.0,0.3657327697364796,0.1238459952069972,0.1,4,3,0.0,2,45,0.2,Danns
2095,8,Jayden_Danns,FWD,14,3.86665376,0.2272570723898022,0.1239006295477275,0.0,1.6407369993242828e-05,2.1806666666666663,0.0,0.2378841599042031,0.0988234500197675,0.1,4,3,0.0,2,45,0.2,Danns
2096,9,Jayden_Danns,FWD,14,3.86665376,0.226994198973019,0.1236424911455131,0.0,1.8039297392586354e-05,2.1806666666666663,0.0,0.2686708389316911,0.1234648585781471,0.1,4,3,0.0,2,45,0.2,Danns
2097,10,Jayden_Danns,FWD,14,3.86665376,0.2271360257958667,0.1237441325052127,0.0,2.070261558607163e-05,2.1806666666666663,0.0,0.508906701575971,0.1270447035747427,0.1,4,3,0.0,2,45,0.2,Danns
2098,11,Jayden_Danns,FWD,14,3.86665376,0.2272770226153501,0.1238452549355796,0.0,2.5396732317572145e-05,2.1806666666666663,0.0,0.1582373678053648,0.1067667619926839,0.1,4,3,0.0,2,45,0.2,Danns
2099,12,Jayden_Danns,FWD,14,3.86665376,0.2279618776854858,0.1241127503491988,0.0,2.9577543090902126e-05,2.1806666666666663,0.0,0.2321652746293105,0.0710294967935649,0.1,4,3,0.0,2,45,0.2,Danns
2100,6,Jayden_Lienou,DEF,2,0.0,0.0561703670412636,0.0822959548979248,0.0,0.00036915211100197674,2.784326220444668,0.0,0.0283871455110724,0.0678417594345503,0.1,6,3,4.0,2,40,0.1,Lienou
2101,7,Jayden_Lienou,DEF,2,0.0,0.0561674979369529,0.0822965325715659,0.0,0.0005102155194551159,2.784326220444668,0.0,0.074235503863792,0.0216228986791694,0.1,6,3,4.0,2,40,0.1,Lienou
2102,8,Jayden_Lienou,DEF,2,0.0,0.0561650376154675,0.0822970435980001,0.0,0.0004141820252239056,2.784326220444668,0.0,0.0366746478210848,0.040303852137383,0.1,6,3,4.0,2,40,0.1,Lienou
2103,9,Jayden_Lienou,DEF,2,0.0,0.0561626574847356,0.0822976692587636,0.0,0.0005764100765720692,2.784326220444668,0.0,0.0539343394566716,0.0350964916114288,0.1,6,3,4.0,2,40,0.1,Lienou
2104,10,Jayden_Lienou,DEF,2,0.0,0.0561597639851987,0.0822979124040273,0.0,0.0006923639416889138,2.784326220444668,0.0,0.052493727298415,0.0268053738104255,0.1,6,3,4.0,2,40,0.1,Lienou
2105,11,Jayden_Lienou,DEF,2,0.0,0.056157070340422,0.0822981932195668,0.0,0.0003035852426574885,2.784326220444668,0.0,0.0456201977756334,0.02560444811066,0.1,6,3,4.0,2,40,0.1,Lienou
2106,12,Jayden_Lienou,DEF,2,0.0,0.0561543967230371,0.0822985621918049,0.0,0.00033766012000526483,2.784326220444668,0.0,0.0440900662312232,0.0342011051202082,0.1,6,3,4.0,2,40,0.1,Lienou
2107,6,Jean-Mattéo_Bahoya,MID,2,0.3,0.1314859812436161,0.1170887413082831,0.0,6.747001009039517e-05,4.7048571428571435,0.0,0.1288957249246875,0.0569416754282649,0.1,5,3,1.0,2,50,0.0,Bahoya
2108,7,Jean-Mattéo_Bahoya,MID,2,0.3,0.1314786121263695,0.1170896224724534,0.0,9.498645893374249e-05,4.7048571428571435,0.0,0.1396329057693053,0.09073077750478,0.1,5,3,1.0,2,50,0.0,Bahoya
2109,8,Jean-Mattéo_Bahoya,MID,2,0.3,0.1314722929425663,0.1170904019751898,0.0,7.619551887363857e-05,4.7048571428571435,0.0,0.1261492811823807,0.1064172920699372,0.1,5,3,1.0,2,50,0.0,Bahoya
2110,9,Jean-Mattéo_Bahoya,MID,2,0.3,0.1314661797237615,0.1170913563373215,0.0,0.00010806518724839289,4.7048571428571435,0.0,0.1697864627106199,0.0953712727396801,0.1,5,3,1.0,2,50,0.0,Bahoya
2111,10,Jean-Mattéo_Bahoya,MID,2,0.3,0.1314587479488829,0.1170917272230246,0.0,0.00013118843316916844,4.7048571428571435,0.0,0.1220461381569684,0.1872283971637988,0.1,5,3,1.0,2,50,0.0,Bahoya
2112,11,Jean-Mattéo_Bahoya,MID,2,0.3,0.1314518294886144,0.1170921555697143,0.0,5.4879250692280785e-05,4.7048571428571435,0.0,0.1486543353660969,0.1189228792264125,0.1,5,3,1.0,2,50,0.0,Bahoya
2113,12,Jean-Mattéo_Bahoya,MID,2,0.3,0.1314449624674648,0.1170927183877018,0.0,6.140460607309568e-05,4.7048571428571435,0.0,0.150737295523736,0.1390624159116826,0.1,5,3,1.0,2,50,0.0,Bahoya
2114,6,Jean-Philippe_Mateta,FWD,31,0.0,0.2527028963146631,0.05259842576521798,0.09,1.4462502259340206e-05,1.0,0.0,0.3397560761522099,0.0551267835339054,0.05,4,3,0.0,2,63,1.3,Mateta
2115,7,Jean-Philippe_Mateta,FWD,31,0.0,0.2578828036017253,0.05412079493906765,0.09,9.897118741381682e-06,1.0,0.0,0.2378841599042031,0.0988234500197675,0.05,4,3,0.0,2,63,1.3,Mateta
2116,8,Jean-Philippe_Mateta,FWD,31,0.0,0.25792594828640825,0.05412966524699779,0.09,1.665566671039247e-05,1.0,0.0,0.2701720012960522,0.1526573698912118,0.05,4,3,0.0,2,63,1.3,Mateta
2117,9,Jean-Philippe_Mateta,FWD,31,0.0,0.25796646489670255,0.054138168359084374,0.09,2.1158908306195377e-05,1.0,0.0,0.1816445166652931,0.0735228775864095,0.05,4,3,0.0,2,63,1.3,Mateta
2118,10,Jean-Philippe_Mateta,FWD,31,0.0,0.25800855499278075,0.05414684026577263,0.09,2.291752967148908e-05,1.0,0.0,0.3273316394954414,0.1139094893887378,0.05,4,3,0.0,2,63,1.3,Mateta
2119,11,Jean-Philippe_Mateta,FWD,31,0.0,0.258048142361305,0.05415525423353093,0.09,9.903254416231482e-06,1.0,0.0,0.2767363309065365,0.1027633521295426,0.05,4,3,0.0,2,63,1.3,Mateta
2120,12,Jean-Philippe_Mateta,FWD,31,0.0,0.2580899396982504,0.05416398551594747,0.09,9.649030569077977e-06,1.0,0.0,0.2767363309065365,0.1027633521295426,0.05,4,3,0.0,2,63,1.3,Mateta
2121,6,Jefferson_Lerma Solís,MID,31,44.50089399714143,0.05642694798489516,0.0854285737354027,0.0,0.014302395940479353,3.262,0.0,0.1202318081610187,0.1776752802788837,0.28,5,3,1.0,2,49,0.1,Lerma
2122,7,Jefferson_Lerma Solís,MID,31,39.88188237532388,0.05751403135860688,0.08776478990718484,0.0,0.00652696055565746,3.262,0.0,0.0957882179850394,0.1113283019034307,0.28,5,3,1.0,2,49,0.1,Lerma
2123,8,Jefferson_Lerma Solís,MID,31,39.81165625375883,0.057523085935606774,0.0877784022143644,0.0,0.010875816170007583,3.262,0.0,0.0772167805063861,0.0863082180546789,0.28,5,3,1.0,2,49,0.1,Lerma
2124,9,Jefferson_Lerma Solís,MID,31,39.741455780952606,0.05753158897069391,0.0877914510255913,0.0,0.013699373352384196,3.262,0.0,0.0518416411242582,0.115884505791489,0.28,5,3,1.0,2,49,0.1,Lerma
2125,10,Jefferson_Lerma Solís,MID,31,39.67125271799407,0.05754042222602241,0.08780475886773195,0.0,0.0147335980992682,3.262,0.0,0.070552064626671,0.1127830621923689,0.28,5,3,1.0,2,49,0.1,Lerma
2126,11,Jefferson_Lerma Solís,MID,31,39.6047642800786,0.05754873024540321,0.0878176708787497,0.0,0.006372407216780542,3.262,0.0,0.0842332060993205,0.1188923620107288,0.28,5,3,1.0,2,49,0.1,Lerma
2127,12,Jefferson_Lerma Solís,MID,31,39.53387730234655,0.05755750206071587,0.08783106983843193,0.0,0.006170775645479357,3.262,0.0,0.0842332060993205,0.1188923620107288,0.28,5,3,1.0,2,49,0.1,Lerma
2128,6,Jens_Hjertø-Dahl,MID,88,2.4,0.1089674761836737,0.1516070280128464,0.0,0.00014344579153636295,3.218664601486081,0.0,0.1053742839427626,0.1147639713719944,0.1,5,3,1.0,2,49,0.1,Hjertø-Dahl
2129,7,Jens_Hjertø-Dahl,MID,88,2.4,0.1087638664736325,0.1516108671211081,0.0,7.527031646275248e-05,3.218664601486081,0.0,0.0936735501911697,0.0888189627888669,0.1,5,3,1.0,2,49,0.1,Hjertø-Dahl
2130,8,Jens_Hjertø-Dahl,MID,88,2.4,0.1091360089561145,0.1520504548770496,0.0,0.0002087360051309587,3.218664601486081,0.0,0.0790689180878473,0.1448646983763215,0.1,5,3,1.0,2,49,0.1,Hjertø-Dahl
2131,9,Jens_Hjertø-Dahl,MID,88,2.4,0.1093752119962736,0.152080238766727,0.0,8.297980751816824e-05,3.218664601486081,0.0,0.0842332060993205,0.1188923620107288,0.1,5,3,1.0,2,49,0.1,Hjertø-Dahl
2132,10,Jens_Hjertø-Dahl,MID,88,2.4,0.1096282175887753,0.1522201945862414,0.0,8.749056292917324e-05,3.218664601486081,0.0,0.0676432579115817,0.1324297279869411,0.1,5,3,1.0,2,49,0.1,Hjertø-Dahl
2133,11,Jens_Hjertø-Dahl,MID,88,2.4,0.1098833121771766,0.1523607778280444,0.0,7.957614959815823e-05,3.218664601486081,0.0,0.0957882179850394,0.1113283019034307,0.1,5,3,1.0,2,49,0.1,Hjertø-Dahl
2134,12,Jens_Hjertø-Dahl,MID,88,2.4,0.1101412803981329,0.152503562764896,0.0,0.0001004067786749623,3.218664601486081,0.0,0.0822560971477504,0.1524742200371775,0.1,5,3,1.0,2,49,0.1,Hjertø-Dahl
2135,6,Jenson_Seelt,DEF,56,0.0,0.0499498626245969,0.0580180215847173,0.0,0.0003926284573638743,2.6487701234567895,0.0,0.0265768898928847,0.0315855885698299,0.1,6,3,4.0,2,45,0.0,Seelt
2136,7,Jenson_Seelt,DEF,56,0.0,0.0499565399738235,0.0579648472702596,0.0,0.0006706168687211213,2.6487701234567895,0.0,0.0539343394566716,0.0350964916114288,0.1,6,3,4.0,2,45,0.0,Seelt
2137,8,Jenson_Seelt,DEF,56,0.0,0.0499633763306258,0.0579118351677034,0.0,0.0005320052224373521,2.6487701234567895,0.0,0.07078655240023,0.0561971162677075,0.1,6,3,4.0,2,45,0.0,Seelt
2138,9,Jenson_Seelt,DEF,56,0.0,0.0499696866996664,0.0578586926732936,0.0,0.0003928588706817704,2.6487701234567895,0.0,0.0440900662312232,0.0342011051202082,0.1,6,3,4.0,2,45,0.0,Seelt
2139,10,Jenson_Seelt,DEF,56,0.0,0.0499751192643681,0.0578050225867846,0.0,0.00035321533065915965,2.6487701234567895,0.0,0.0456201977756334,0.02560444811066,0.1,6,3,4.0,2,45,0.0,Seelt
2140,11,Jenson_Seelt,DEF,56,0.0,0.0499794033018475,0.0577506638350357,0.0,0.00052360093423512,2.6487701234567895,0.0,0.0430008805695656,0.0202850875521248,0.1,6,3,4.0,2,45,0.0,Seelt
2141,12,Jenson_Seelt,DEF,56,0.0,0.049984231370315,0.0576966294756444,0.0,0.0008055100431904992,2.6487701234567895,0.0,0.052493727298415,0.0268053738104255,0.1,6,3,4.0,2,45,0.0,Seelt
2142,6,Jeremie_Frimpong,DEF,14,65.38299971473502,0.05271830279725618,0.12461292885794248,0.0,0.014884323037297335,3.4139999999999997,0.0,0.0339500514709614,0.0381417475700373,0.08,6,3,4.0,2,53,1.8,Frimpong
2143,7,Jeremie_Frimpong,DEF,14,65.18813002370838,0.05281614776304789,0.12455441592305835,0.0,0.019055036112785362,3.4139999999999997,0.0,0.0506358535297079,0.1127669562337763,0.08,6,3,4.0,2,53,1.8,Frimpong
2144,8,Jeremie_Frimpong,DEF,14,65.42294058450517,0.052853320501280165,0.1246597818858699,0.0,0.007864286281851719,3.4139999999999997,0.0,0.1174447659202134,0.0817117691611616,0.08,6,3,4.0,2,53,1.8,Frimpong
2145,9,Jeremie_Frimpong,DEF,14,65.1845421956058,0.05278787321920609,0.12440887151956319,0.0,0.008439109845316406,3.4139999999999997,0.0,0.1077701515240741,0.0871056101039265,0.08,6,3,4.0,2,53,1.8,Frimpong
2146,10,Jeremie_Frimpong,DEF,14,65.4111650341604,0.05282318367468755,0.12450766685793745,0.0,0.009775926216072938,3.4139999999999997,0.0,0.0336892747106061,0.1962529481085647,0.08,6,3,4.0,2,53,1.8,Frimpong
2147,11,Jeremie_Frimpong,DEF,14,65.63445055124778,0.05285828748521821,0.1246059577973231,0.0,0.012049068324553314,3.4139999999999997,0.0,0.0223973202299275,0.0944421809357277,0.08,6,3,4.0,2,53,1.8,Frimpong
2148,12,Jeremie_Frimpong,DEF,14,66.1070002350386,0.05302879503787799,0.12486596317289193,0.0,0.01441654467511351,3.4139999999999997,0.0,0.0280302979206385,0.0782539555270968,0.08,6,3,4.0,2,53,1.8,Frimpong
2149,6,Jeremy_Jacquet,DEF,14,32.97503103249299,0.0545062504762831,0.0175785145181048,0.0,0.005253186165683262,4.436757328605201,0.0,0.0297669938520948,0.018348571633679,0.1,6,3,4.0,2,50,3.3,Jacquet
2150,7,Jeremy_Jacquet,DEF,14,32.65345136800697,0.0546054381108598,0.0175700008035071,0.0,0.006672399259436474,4.436757328605201,0.0,0.0764095249963934,0.0286394203968533,0.1,6,3,4.0,2,50,3.3,Jacquet
2151,8,Jeremy_Jacquet,DEF,14,32.74980831429969,0.0546431209486652,0.0175853316997861,0.0,0.0027082905171014575,4.436757328605201,0.0,0.0265768898928847,0.0315855885698299,0.1,6,3,4.0,2,50,3.3,Jacquet
2152,9,Jeremy_Jacquet,DEF,14,32.38628437336916,0.054576775572121,0.01754882388741,0.0,0.002878695829704169,4.436757328605201,0.0,0.0283871455110724,0.0678417594345503,0.1,6,3,4.0,2,50,3.3,Jacquet
2153,10,Jeremy_Jacquet,DEF,14,32.474416829554016,0.0546125705721672,0.0175631987485609,0.0,0.0033011714928562873,4.436757328605201,0.0,0.0576745797658112,0.0527526549054485,0.1,6,3,4.0,2,50,3.3,Jacquet
2154,11,Jeremy_Jacquet,DEF,14,32.55969911192939,0.0546481560915957,0.0175775002189473,0.0,0.004030048486770216,4.436757328605201,0.0,0.074235503863792,0.0216228986791694,0.1,6,3,4.0,2,50,3.3,Jacquet
2155,12,Jeremy_Jacquet,DEF,14,32.88967739819204,0.0548210034188849,0.0176153313680057,0.0,0.00477462573825813,4.436757328605201,0.0,0.0459456519173773,0.0386203456380479,0.1,6,3,4.0,2,50,3.3,Jacquet
2156,6,Jeremy_Monga,MID,43,0.0,0.1185988529561719,0.1505837452178258,0.0,0.0001094842257675563,3.917821894548704,0.0,0.070552064626671,0.1127830621923689,0.1097890974084003,5,3,1.0,2,49,0.0,Monga
2157,7,Jeremy_Monga,MID,43,0.0,0.1154717306000044,0.1483358928287105,0.0,4.9306007636156015e-05,3.917821894548704,0.0,0.0842332060993205,0.1188923620107288,0.1097890974084003,5,3,1.0,2,49,0.0,Monga
2158,8,Jeremy_Monga,MID,43,0.0,0.115455269150545,0.1482974048124238,0.0,6.409454600413302e-05,3.917821894548704,0.0,0.0858497032968192,0.1237171984305226,0.1097890974084003,5,3,1.0,2,49,0.0,Monga
2159,9,Jeremy_Monga,MID,43,0.0,0.1154381164273928,0.1482589873127671,0.0,4.72835218023312e-05,3.917821894548704,0.0,0.0957882179850394,0.1113283019034307,0.1097890974084003,5,3,1.0,2,49,0.0,Monga
2160,10,Jeremy_Monga,MID,43,0.0,0.1154212241701164,0.1482197867999963,0.0,6.909365357175914e-05,3.917821894548704,0.0,0.1202318081610187,0.1776752802788837,0.1097890974084003,5,3,1.0,2,49,0.0,Monga
2161,11,Jeremy_Monga,MID,43,0.0,0.1154047676792564,0.1481812832567043,0.0,4.472496131152834e-05,3.917821894548704,0.0,0.0936735501911697,0.0888189627888669,0.1097890974084003,5,3,1.0,2,49,0.0,Monga
2162,12,Jeremy_Monga,MID,43,0.0,0.1153873304340721,0.1481425037593218,0.0,5.1986348154283594e-05,3.917821894548704,0.0,0.0676432579115817,0.1324297279869411,0.1097890974084003,5,3,1.0,2,49,0.0,Monga
2163,6,Jesurun_Rak-Sakyi,MID,31,0.0,0.0981284386354899,0.1517190246454675,0.0,7.367988868685294e-05,4.9075774863387975,0.0,0.1202318081610187,0.1776752802788837,0.1,5,3,1.0,2,49,0.0,J.Rak-Sakyi
2164,7,Jesurun_Rak-Sakyi,MID,31,0.0,0.100083377582919,0.1562621293600649,0.0,5.042212558377742e-05,4.9075774863387975,0.0,0.0957882179850394,0.1113283019034307,0.1,5,3,1.0,2,49,0.0,J.Rak-Sakyi
2165,8,Jesurun_Rak-Sakyi,MID,31,0.0,0.1000996607362241,0.1562886004279699,0.0,8.485244830572477e-05,4.9075774863387975,0.0,0.0772167805063861,0.0863082180546789,0.1,5,3,1.0,2,49,0.0,J.Rak-Sakyi
2166,9,Jesurun_Rak-Sakyi,MID,31,0.0,0.1001149520329776,0.1563139756978275,0.0,0.0001077926870502931,4.9075774863387975,0.0,0.0518416411242582,0.115884505791489,0.1,5,3,1.0,2,49,0.0,J.Rak-Sakyi
2167,10,Jesurun_Rak-Sakyi,MID,31,0.0,0.1001308371760052,0.1563398546901488,0.0,0.0001167512216613092,4.9075774863387975,0.0,0.070552064626671,0.1127830621923689,0.1,5,3,1.0,2,49,0.0,J.Rak-Sakyi
2168,11,Jesurun_Rak-Sakyi,MID,31,0.0,0.1001457777693914,0.1563649639325374,0.0,5.045338345351609e-05,4.9075774863387975,0.0,0.0842332060993205,0.1188923620107288,0.1,5,3,1.0,2,49,0.0,J.Rak-Sakyi
2169,12,Jesurun_Rak-Sakyi,MID,31,0.0,0.1001615524227519,0.1563910201158814,0.0,4.9158252507358934e-05,4.9075774863387975,0.0,0.0842332060993205,0.1188923620107288,0.1,5,3,1.0,2,49,0.0,J.Rak-Sakyi
2170,6,Joachim_Andersen,DEF,54,79.733021,0.02935742671590211,0.035458901130978396,0.0,0.26030804271193625,1.288,0.0,0.0440900662312232,0.0342011051202082,0.25,6,3,4.0,2,50,0.1,Andersen
2171,7,Joachim_Andersen,DEF,54,79.70002099999999,0.029418119015260893,0.03546552546298865,0.0,0.24718406942960633,1.288,0.0,0.0440900662312232,0.0342011051202082,0.25,6,3,4.0,2,50,0.1,Andersen
2172,8,Joachim_Andersen,DEF,54,79.67002099999999,0.029461658355093897,0.035452703709305804,0.0,0.2515790679715015,1.288,0.0,0.0440900662312232,0.0342011051202082,0.25,6,3,4.0,2,50,0.1,Andersen
2173,9,Joachim_Andersen,DEF,54,79.63702099999999,0.029505281310216413,0.03543997142983389,0.0,0.3128076498676672,1.288,0.0,0.0430008805695656,0.0202850875521248,0.25,6,3,4.0,2,50,0.1,Andersen
2174,10,Joachim_Andersen,DEF,54,79.60702099999999,0.029549331447339566,0.03542744128257841,0.0,0.36252125276096164,1.288,0.0,0.0441562832773488,0.040413775623652,0.25,6,3,4.0,2,50,0.1,Andersen
2175,11,Joachim_Andersen,DEF,54,79.57402099999999,0.029593402103220683,0.03541483373538602,0.0,0.40321030737853547,1.288,0.0,0.0297669938520948,0.018348571633679,0.25,6,3,4.0,2,50,0.1,Andersen
2176,12,Joachim_Andersen,DEF,54,79.54402099999999,0.029637299853644536,0.035401879142160364,0.0,0.3725517102075823,1.288,0.0,0.0539343394566716,0.0350964916114288,0.25,6,3,4.0,2,50,0.1,Andersen
2177,6,Joao_Gomes,MID,7,83.84692399999999,0.0787880588714714,0.1142593068365185,0.0,0.31666831786369914,2.809089170984456,0.0,0.0790689180878473,0.1448646983763215,0.1,5,3,1.0,2,55,0.0,Gomes
2178,7,Joao_Gomes,MID,7,83.82892399999999,0.0787987346345272,0.1141526242527543,0.0,0.22247783625488443,2.809089170984456,0.0,0.0772167805063861,0.0863082180546789,0.1,5,3,1.0,2,55,0.0,Gomes
2179,8,Joao_Gomes,MID,7,83.810924,0.0788099684177902,0.1140453567008409,0.0,0.25363754746147416,2.809089170984456,0.0,0.0428645627319718,0.1349551016015938,0.1,5,3,1.0,2,55,0.0,Gomes
2180,9,Joao_Gomes,MID,7,83.792924,0.0788132532258754,0.1139865935482523,0.0,0.13576492343958296,2.809089170984456,0.0,0.0936735501911697,0.0888189627888669,0.1,5,3,1.0,2,55,0.0,Gomes
2181,10,Joao_Gomes,MID,7,83.777924,0.0788082784506634,0.1139751300895634,0.0,0.20687774138712905,2.809089170984456,0.0,0.1119957605907742,0.1332858089793131,0.1,5,3,1.0,2,55,0.0,Gomes
2182,11,Joao_Gomes,MID,7,83.759924,0.0788017524534019,0.1139612282110469,0.0,0.1715339578550441,2.809089170984456,0.0,0.085880677692756,0.1056084642760237,0.1,5,3,1.0,2,55,0.0,Gomes
2183,12,Joao_Gomes,MID,7,83.741924,0.0788015165520126,0.1139493987104213,0.0,0.1473142232680716,2.809089170984456,0.0,0.0842332060993205,0.1188923620107288,0.1,5,3,1.0,2,55,0.0,Gomes
2184,6,Joe_Gelhardt,MID,88,2.44241949,0.3373227933012249,0.20852044456313884,0.0,0.0001384293950791615,2.1890581231671558,0.0,0.2321652746293105,0.0710294967935649,0.1327705115672857,5,3,1.0,2,50,0.0,Gelhardt
2185,7,Joe_Gelhardt,MID,88,2.44241949,0.3366878449525413,0.20852574262444687,0.0,7.26379186091463e-05,2.1890581231671558,0.0,0.251881030599128,0.0913042928657778,0.1327705115672857,5,3,1.0,2,50,0.0,Gelhardt
2186,8,Joe_Gelhardt,MID,88,2.44241949,0.3378483556898686,0.20913238425121738,0.0,0.0002014367209015954,2.1890581231671558,0.0,0.3657327697364796,0.1238459952069972,0.1327705115672857,5,3,1.0,2,50,0.0,Gelhardt
2187,9,Joe_Gelhardt,MID,88,2.44241949,0.3385943003470188,0.20917348673198768,0.0,8.007780761449916e-05,2.1890581231671558,0.0,0.2767363309065365,0.1027633521295426,0.1327705115672857,5,3,1.0,2,50,0.0,Gelhardt
2188,10,Joe_Gelhardt,MID,88,2.44241949,0.3393832876852657,0.20936662911340906,0.0,8.443082272135257e-05,2.1890581231671558,0.0,0.2686708389316911,0.1234648585781471,0.1327705115672857,5,3,1.0,2,50,0.0,Gelhardt
2189,11,Joe_Gelhardt,MID,88,2.44241949,0.3401787894696881,0.209560637352609,0.0,7.679317572221149e-05,2.1890581231671558,0.0,0.2378841599042031,0.0988234500197675,0.1327705115672857,5,3,1.0,2,50,0.0,Gelhardt
2190,12,Joe_Gelhardt,MID,88,2.44241949,0.3409832525568161,0.20975768398368358,0.0,9.689536670366084e-05,2.1890581231671558,0.0,0.508906701575971,0.1270447035747427,0.1327705115672857,5,3,1.0,2,50,0.0,Gelhardt
2191,6,Joe_Gomez,DEF,14,9.07300438,0.033271605375289115,0.06062899437758549,0.0,0.00043918223929907983,1.684,0.0,0.0339500514709614,0.0381417475700373,0.15,6,3,4.0,2,49,0.0,Gomez
2192,7,Joe_Gomez,DEF,14,8.884004379999999,0.03332954358371003,0.06060018062001475,0.0,0.000564231096279671,1.684,0.0,0.0506358535297079,0.1127669562337763,0.15,6,3,4.0,2,49,0.0,Gomez
2193,8,Joe_Gomez,DEF,14,8.69200438,0.0333515551592454,0.06065206640073427,0.0,0.00022323403887164063,1.684,0.0,0.1174447659202134,0.0817117691611616,0.15,6,3,4.0,2,49,0.0,Gomez
2194,9,Joe_Gomez,DEF,14,8.50300438,0.03331280101140853,0.06052850960972652,0.0,0.0002405917515045749,1.684,0.0,0.1077701515240741,0.0871056101039265,0.15,6,3,4.0,2,49,0.0,Gomez
2195,10,Joe_Gomez,DEF,14,8.31400438,0.033333709849309036,0.060577159791684806,0.0,0.00027003363556947355,1.684,0.0,0.0336892747106061,0.1962529481085647,0.15,6,3,4.0,2,49,0.0,Gomez
2196,11,Joe_Gomez,DEF,14,8.12500438,0.033354496323855065,0.06062556159044034,0.0,0.0003227895082706333,1.684,0.0,0.0223973202299275,0.0944421809357277,0.15,6,3,4.0,2,49,0.0,Gomez
2197,12,Joe_Gomez,DEF,14,7.93600438,0.033455461172106744,0.06075359707308276,0.0,0.00036732141391501635,1.684,0.0,0.0280302979206385,0.0782539555270968,0.15,6,3,4.0,2,49,0.0,Gomez
2198,6,Joe_Rodon,DEF,2,0.0,0.033780260045542396,0.04603637712251842,0.0,0.0003200431648271735,1.0,0.0,0.0283871455110724,0.0678417594345503,0.08,6,3,4.0,2,43,0.8,Rodon
2199,7,Joe_Rodon,DEF,2,0.0,0.03377840942666627,0.04603669925135964,0.0,0.0004423474951118595,1.0,0.0,0.074235503863792,0.0216228986791694,0.08,6,3,4.0,2,43,0.8,Rodon
2200,8,Joe_Rodon,DEF,2,0.0,0.03377682247935136,0.04603698421563935,0.0,0.000359084473816869,1.0,0.0,0.0366746478210848,0.040303852137383,0.08,6,3,4.0,2,43,0.8,Rodon
2201,9,Joe_Rodon,DEF,2,0.0,0.03377528725637481,0.046037333103596895,0.0,0.0004997404613161403,1.0,0.0,0.0539343394566716,0.0350964916114288,0.08,6,3,4.0,2,43,0.8,Rodon
2202,10,Joe_Rodon,DEF,2,0.0,0.03377342090218164,0.04603746868898016,0.0,0.0006002782285870247,1.0,0.0,0.052493727298415,0.0268053738104255,0.08,6,3,4.0,2,43,0.8,Rodon
2203,11,Joe_Rodon,DEF,2,0.0,0.033771683457554595,0.04603762528048423,0.0,0.000263196797932664,1.0,0.0,0.0456201977756334,0.02560444811066,0.08,6,3,4.0,2,43,0.8,Rodon
2204,12,Joe_Rodon,DEF,2,0.0,0.033769958930920475,0.04603783103091328,0.0,0.00029273956299270674,1.0,0.0,0.0440900662312232,0.0342011051202082,0.08,6,3,4.0,2,43,0.8,Rodon
2205,6,Joe_Willock,MID,4,67.60903796147396,0.11058081920282795,0.13290299020004975,0.0,0.00984081712529938,3.712,0.0,0.1542164581176329,0.1806105923991114,0.12,5,3,1.0,2,50,0.5,Willock
2206,7,Joe_Willock,MID,4,66.91803314227084,0.1107502223412565,0.13273979570881944,0.0,0.012506675397125494,3.712,0.0,0.1757636037762496,0.1989544913244163,0.12,5,3,1.0,2,50,0.5,Willock
2207,8,Joe_Willock,MID,4,66.18519383272015,0.11092505726152686,0.13256829956187766,0.0,0.010920168573400332,3.712,0.0,0.1457267806936557,0.1338726163462819,0.12,5,3,1.0,2,50,0.5,Willock
2208,9,Joe_Willock,MID,4,65.62795502852693,0.11100826825347646,0.13238942034778858,0.0,0.01479843436386163,3.712,0.0,0.1581050387935625,0.1406563672099904,0.12,5,3,1.0,2,50,0.5,Willock
2209,10,Joe_Willock,MID,4,65.38977373697912,0.11097185300005438,0.1322622196027615,0.0,0.007647357192413585,3.712,0.0,0.150834818620813,0.1861354269404155,0.12,5,3,1.0,2,50,0.5,Willock
2210,11,Joe_Willock,MID,4,65.20228538356608,0.11092731319008284,0.13215809335426193,0.0,0.008733349322594508,3.712,0.0,0.1746046778732178,0.1224679656436583,0.12,5,3,1.0,2,50,0.5,Willock
2211,12,Joe_Willock,MID,4,65.22077908578403,0.11092494498369967,0.1321321091520572,0.0,0.007961727562816939,3.712,0.0,0.1568333574163208,0.1479354673274162,0.12,5,3,1.0,2,50,0.5,Willock
2212,6,Joel_Latibeaudiere,DEF,9,0.3,0.0500540736314892,0.0814570286882082,0.0,0.0010052950629150504,3.0185996721588504,0.0,0.0441562832773488,0.040413775623652,0.1,6,3,4.0,2,40,0.0,Latibeaudiere
2213,7,Joel_Latibeaudiere,DEF,9,0.3,0.040862063391523,0.0765785847102206,0.0,0.0012603680737482146,3.0185996721588504,0.0,0.052493727298415,0.0268053738104255,0.1,6,3,4.0,2,40,0.0,Latibeaudiere
2214,8,Joel_Latibeaudiere,DEF,9,0.3,0.0408629398078484,0.0765071722155648,0.0,0.0005829366024910372,3.0185996721588504,0.0,0.0323786694324084,0.0238084655632736,0.1,6,3,4.0,2,40,0.0,Latibeaudiere
2215,9,Joel_Latibeaudiere,DEF,9,0.3,0.0421815743074313,0.0789531450618609,0.0,0.0007541070110215113,3.0185996721588504,0.0,0.0366746478210848,0.040303852137383,0.1,6,3,4.0,2,40,0.0,Latibeaudiere
2216,10,Joel_Latibeaudiere,DEF,9,0.3,0.0422064846436331,0.0790260310895406,0.0,0.0010728161406697826,3.0185996721588504,0.0,0.0459456519173773,0.0386203456380479,0.1,6,3,4.0,2,40,0.0,Latibeaudiere
2217,11,Joel_Latibeaudiere,DEF,9,0.3,0.0422311205109018,0.0790984447190236,0.0,0.0007656666349506816,3.0185996721588504,0.0,0.0576745797658112,0.0527526549054485,0.1,6,3,4.0,2,40,0.0,Latibeaudiere
2218,12,Joel_Latibeaudiere,DEF,9,0.3,0.0422562972907965,0.0791716991299894,0.0,0.0008325211771407117,3.0185996721588504,0.0,0.07078655240023,0.0561971162677075,0.1,6,3,4.0,2,40,0.0,Latibeaudiere
2219,6,Joelinton_Cássio Apolinário de Lira,MID,4,0.0,0.08655913176549945,0.10622345226378711,0.0,0.00015782558481960125,2.482,0.0,0.0842332060993205,0.1188923620107288,0.38,5,3,1.0,2,54,0.0,Joelinton
2220,7,Joelinton_Cássio Apolinário de Lira,MID,4,0.0,0.08670615794715414,0.10608408260396399,0.0,0.00021379870406661907,2.482,0.0,0.0858497032968192,0.1237171984305226,0.38,5,3,1.0,2,54,0.0,Joelinton
2221,8,Joelinton_Cássio Apolinário de Lira,MID,4,0.0,0.08685789841067618,0.10593762325058716,0.0,0.00019901270854852547,2.482,0.0,0.0822560971477504,0.1524742200371775,0.38,5,3,1.0,2,54,0.0,Joelinton
2222,9,Joelinton_Cássio Apolinário de Lira,MID,4,0.0,0.08693011781895592,0.10578485868709563,0.0,0.0002843090068944107,2.482,0.0,0.1053742839427626,0.1147639713719944,0.38,5,3,1.0,2,54,0.0,Joelinton
2223,10,Joelinton_Cássio Apolinário de Lira,MID,4,0.0,0.08689851276302663,0.10567622803155068,0.0,0.00014919377838326132,2.482,0.0,0.0936735501911697,0.0888189627888669,0.38,5,3,1.0,2,54,0.0,Joelinton
2224,11,Joelinton_Cássio Apolinário de Lira,MID,4,0.0,0.08685985634702105,0.10558730321722255,0.0,0.00017341380188545146,2.482,0.0,0.0676432579115817,0.1324297279869411,0.38,5,3,1.0,2,54,0.0,Joelinton
2225,12,Joelinton_Cássio Apolinário de Lira,MID,4,0.0,0.08685780096395603,0.10556511245946612,0.0,0.000157727814750499,2.482,0.0,0.0957882179850394,0.1113283019034307,0.38,5,3,1.0,2,54,0.0,Joelinton
2226,6,Johan_Manzambi,MID,7,0.0,0.0833131796106389,0.1257243246606126,0.0,0.00017239124537971265,3.5563757512953367,0.0,0.0790689180878473,0.1448646983763215,0.1,5,3,1.0,2,59,0.3,Manzambi
2227,7,Johan_Manzambi,MID,7,0.0,0.0833243831922159,0.1256072824021205,0.0,0.00011059421147353933,3.5563757512953367,0.0,0.0772167805063861,0.0863082180546789,0.1,5,3,1.0,2,59,0.3,Manzambi
2228,8,Johan_Manzambi,MID,7,0.0,0.0833361723829788,0.1254895983707083,0.0,0.00013018163673246674,3.5563757512953367,0.0,0.0428645627319718,0.1349551016015938,0.1,5,3,1.0,2,59,0.3,Manzambi
2229,9,Johan_Manzambi,MID,7,0.0,0.0833396195946821,0.1254251288776346,0.0,6.216321733680073e-05,3.5563757512953367,0.0,0.0936735501911697,0.0888189627888669,0.1,5,3,1.0,2,59,0.3,Manzambi
2230,10,Johan_Manzambi,MID,7,0.0,0.0833343988624849,0.1254125522315904,0.0,0.00010172365826257253,3.5563757512953367,0.0,0.1119957605907742,0.1332858089793131,0.1,5,3,1.0,2,59,0.3,Manzambi
2231,11,Johan_Manzambi,MID,7,0.0,0.083327550214542,0.125397300376963,0.0,8.16000043664386e-05,3.5563757512953367,0.0,0.085880677692756,0.1056084642760237,0.1,5,3,1.0,2,59,0.3,Manzambi
2232,12,Johan_Manzambi,MID,7,0.0,0.0833273026499937,0.1253843221435794,0.0,6.85303063124441e-05,3.5563757512953367,0.0,0.0842332060993205,0.1188923620107288,0.1,5,3,1.0,2,59,0.3,Manzambi
2233,6,John_Egan,DEF,88,53.889,0.0926808731802474,,0.0,0.10962144697977899,2.06,0.0,0.0459456519173773,0.0386203456380479,0.27,6,3,4.0,2,41,7.1,Egan
2234,7,John_Egan,DEF,88,53.109,0.0925098712815648,,0.0,0.05862955753346273,2.06,0.0,0.0323786694324084,0.0238084655632736,0.27,6,3,4.0,2,41,7.1,Egan
2235,8,John_Egan,DEF,88,52.329,0.092822415664011,,0.0,0.13562154624242087,2.06,0.0,0.0764095249963934,0.0286394203968533,0.27,6,3,4.0,2,41,7.1,Egan
2236,9,John_Egan,DEF,88,51.549,0.0930233106705881,,0.0,0.05704518487373682,2.06,0.0,0.0440900662312232,0.0342011051202082,0.27,6,3,4.0,2,41,7.1,Egan
2237,10,John_Egan,DEF,88,50.769000000000005,0.0932357977699821,,0.0,0.056477662560508686,2.06,0.0,0.0283871455110724,0.0678417594345503,0.27,6,3,4.0,2,41,7.1,Egan
2238,11,John_Egan,DEF,88,49.989,0.0934500393154932,,0.0,0.048916899066310936,2.06,0.0,0.0265768898928847,0.0315855885698299,0.27,6,3,4.0,2,41,7.1,Egan
2239,12,John_Egan,DEF,88,49.209,0.0936666942853096,,0.0,0.05696657445284262,2.06,0.0,0.0576745797658112,0.0527526549054485,0.27,6,3,4.0,2,41,7.1,Egan
2240,6,John_McGinn,MID,7,76.46602581576364,0.08966838465785322,0.185493050837627,0.0,0.040945213840059426,3.748,0.0,0.1240191589748917,0.1296590777735466,0.18,5,3,1.0,2,54,2.2,McGinn
2241,7,John_McGinn,MID,7,76.36678401139525,0.08967993331958803,0.18533291060220508,0.0,0.02634042303856573,3.748,0.0,0.0971874929788598,0.199350807499842,0.18,5,3,1.0,2,54,2.2,McGinn
2242,8,John_McGinn,MID,7,76.26651748387607,0.08969208562778622,0.18517189227652897,0.0,0.030624357413856815,3.748,0.0,0.09886899903714,0.1282297948275641,0.18,5,3,1.0,2,54,2.2,McGinn
2243,9,John_McGinn,MID,7,76.22184834372885,0.08969563901663924,0.18508368345408,0.0,0.014759942632410872,3.748,0.0,0.1378368916813487,0.1417324710647552,0.18,5,3,1.0,2,54,2.2,McGinn
2244,10,John_McGinn,MID,7,76.23489351308169,0.08969025748130262,0.18506647576273616,0.0,0.023991547404422022,3.748,0.0,0.0876286497141699,0.1962911969242959,0.18,5,3,1.0,2,54,2.2,McGinn
2245,11,John_McGinn,MID,7,76.25000349013011,0.08968319788898488,0.1850456077820415,0.0,0.019346440860355908,3.748,0.0,0.0817530645115434,0.1446965004790163,0.18,5,3,1.0,2,54,2.2,McGinn
2246,12,John_McGinn,MID,7,76.25791546604312,0.08968294269923087,0.18502785062854687,0.0,0.016301936001319527,3.748,0.0,0.1268997194477113,0.1551143810956354,0.18,5,3,1.0,2,54,2.2,McGinn
2247,6,John_Victor Maciel Furtado,GKP,17,30.278085847786,0.0,0.0003128679652411,0.0,,3.5894074285714286,0.552670796443664,0.0,0.0,0.1,0,0,4.0,1,45,0.1,John
2248,7,John_Victor Maciel Furtado,GKP,17,29.79876228226366,0.0,0.0003128262634755,0.0,,3.5894074285714286,0.6226141605449818,0.0,0.0,0.1,0,0,4.0,1,45,0.1,John
2249,8,John_Victor Maciel Furtado,GKP,17,29.317024808462165,0.0,0.0003127837058832,0.0,,3.5894074285714286,0.6908403529942609,0.0,0.0,0.1,0,0,4.0,1,45,0.1,John
2250,9,John_Victor Maciel Furtado,GKP,17,29.166065764688927,0.0,0.0003125931122021,0.0,,3.5894074285714286,0.5453362224932106,0.0,0.0,0.1,0,0,4.0,1,45,0.1,John
2251,10,John_Victor Maciel Furtado,GKP,17,28.6941642338396,0.0,0.0003125479736221,0.0,,3.5894074285714286,0.6999656700789934,0.0,0.0,0.1,0,0,4.0,1,45,0.1,John
2252,11,John_Victor Maciel Furtado,GKP,17,28.221623840398426,0.0,0.0003125042217468,0.0,,3.5894074285714286,0.7281903999602815,0.0,0.0,0.1,0,0,4.0,1,45,0.1,John
2253,12,John_Victor Maciel Furtado,GKP,17,27.74673177993137,0.0,0.0003124593903361,0.0,,3.5894074285714286,0.6275757027333828,0.0,0.0,0.1,0,0,4.0,1,45,0.1,John
2254,6,Jonah_Kusi-Asare,FWD,54,6.2402912,0.2732937750465849,0.0739808277923924,0.0,2.8837785259661866e-05,1.915778463648834,0.0,0.2767363309065365,0.1027633521295426,0.1,4,3,0.0,2,45,5.5,Kusi-Asare
2255,7,Jonah_Kusi-Asare,FWD,54,6.324291199999999,0.2738653304190884,0.0739950965400693,0.0,2.7164718603518642e-05,1.915778463648834,0.0,0.2767363309065365,0.1027633521295426,0.1,4,3,0.0,2,45,5.5,Kusi-Asare
2256,8,Jonah_Kusi-Asare,FWD,54,6.4052912,0.2742753518527742,0.0739674786054922,0.0,2.808286969517832e-05,1.915778463648834,0.0,0.2767363309065365,0.1027633521295426,0.1,4,3,0.0,2,45,5.5,Kusi-Asare
2257,9,Jonah_Kusi-Asare,FWD,54,6.4862912,0.2746861607136702,0.073940053397508,0.0,3.832024522716834e-05,1.915778463648834,0.0,0.2104660919951334,0.0966017152127772,0.1,4,3,0.0,2,45,5.5,Kusi-Asare
2258,10,Jonah_Kusi-Asare,FWD,54,6.5702912,0.2751009924600079,0.0739130635803813,0.0,4.7931580336302755e-05,1.915778463648834,0.0,0.2701720012960522,0.1526573698912118,0.1,4,3,0.0,2,45,5.5,Kusi-Asare
2259,11,Jonah_Kusi-Asare,FWD,54,6.651291199999999,0.2755160174368952,0.0738859070445322,0.0,5.683096409990658e-05,1.915778463648834,0.0,0.2852550995514115,0.114829839288796,0.1,4,3,0.0,2,45,5.5,Kusi-Asare
2260,12,Jonah_Kusi-Asare,FWD,54,6.732291200000001,0.2759294141175397,0.0738580029748527,0.0,5.088858712203447e-05,1.915778463648834,0.0,0.2588988784046943,0.0835343475833465,0.1,4,3,0.0,2,45,5.5,Kusi-Asare
2261,6,Jordan_Henderson,MID,8,12.083994166361396,0.0851496060443775,0.09830925502497935,0.0,0.0003297076585089042,4.247999999999999,0.0,0.0527142902426278,0.1175353766708052,0.15,5,3,1.0,2,49,0.0,Henderson
2262,7,Jordan_Henderson,MID,8,9.976651762026286,0.0844899292912197,0.09840592626431294,0.0,0.00027961222998829815,4.247999999999999,0.0,0.0684445445946984,0.0929980432435829,0.15,5,3,1.0,2,49,0.0,Henderson
2263,8,Jordan_Henderson,MID,8,7.6088817750682685,0.0835157369534562,0.0985242046092973,0.0,0.0002683924704849524,4.247999999999999,0.0,0.0607007698575154,0.1196306784306686,0.15,5,3,1.0,2,49,0.0,Henderson
2264,9,Jordan_Henderson,MID,8,5.644995642815216,0.0833666802393207,0.09858839969490513,0.0,0.00016307097104655653,4.247999999999999,0.0,0.0851448500107218,0.0764877641077813,0.15,5,3,1.0,2,49,0.0,Henderson
2265,10,Jordan_Henderson,MID,8,4.979065399169933,0.0835198454532894,0.09870206903961613,0.0,0.00012325902790781017,4.247999999999999,0.0,0.0654788007538232,0.0801186101343322,0.15,5,3,1.0,2,49,0.0,Henderson
2266,11,Jordan_Henderson,MID,8,4.310352902405624,0.0836762588725635,0.09881725990510529,0.0,0.00012891421296188464,4.247999999999999,0.0,0.1032922855340508,0.10390984845412,0.15,5,3,1.0,2,49,0.0,Henderson
2267,12,Jordan_Henderson,MID,8,4.199989213463274,0.083699030182492,0.09883370744550249,0.0,0.00013530850422146338,4.247999999999999,0.0,0.0745833114716031,0.0768185326234935,0.15,5,3,1.0,2,49,0.0,Henderson
2268,6,Jordan_Pickford,GKP,11,90.0,0.0,0.0055021358581619885,0.0,,4.23,0.532773939316881,0.0,0.0,0.1,0,0,4.0,1,55,9.1,Pickford
2269,7,Jordan_Pickford,GKP,11,90.0,0.0,0.005502220098275432,0.0,,4.23,0.6097465921137771,0.0,0.0,0.1,0,0,4.0,1,55,9.1,Pickford
2270,8,Jordan_Pickford,GKP,11,90.0,0.0,0.005502295705854904,0.0,,4.23,0.6048291398430029,0.0,0.0,0.1,0,0,4.0,1,55,9.1,Pickford
2271,9,Jordan_Pickford,GKP,11,90.0,0.0,0.005493028871681368,0.0,,4.23,0.5933390262460517,0.0,0.0,0.1,0,0,4.0,1,55,9.1,Pickford
2272,10,Jordan_Pickford,GKP,11,90.0,0.0,0.005493142475080153,0.0,,4.23,0.5594069067279009,0.0,0.0,0.1,0,0,4.0,1,55,9.1,Pickford
2273,11,Jordan_Pickford,GKP,11,90.0,0.0,0.005493256173560753,0.0,,4.23,0.5283416072346696,0.0,0.0,0.1,0,0,4.0,1,55,9.1,Pickford
2274,12,Jordan_Pickford,GKP,11,90.0,0.0,0.005493361897450716,0.0,,4.23,0.6815268158283412,0.0,0.0,0.1,0,0,4.0,1,55,9.1,Pickford
2275,6,Jorge_Cuenca Barreno,DEF,54,39.14897813222407,0.018492189550335623,0.032036501130978404,0.0,0.017051154816922907,2.024,0.0,0.0440900662312232,0.0342011051202082,0.25,6,3,4.0,2,45,0.0,J.Cuenca
2276,7,Jorge_Cuenca Barreno,DEF,54,39.628456370643,0.01853298707679121,0.032043125462988646,0.0,0.01661847776574823,2.024,0.0,0.0440900662312232,0.0342011051202082,0.25,6,3,4.0,2,45,0.0,J.Cuenca
2277,8,Jorge_Cuenca Barreno,DEF,54,39.85169304815839,0.018562254337835125,0.032030303709305805,0.0,0.017323129163297094,2.024,0.0,0.0440900662312232,0.0342011051202082,0.25,6,3,4.0,2,45,0.0,J.Cuenca
2278,9,Jorge_Cuenca Barreno,DEF,54,40.07329338202466,0.018591577805301074,0.03201757142983389,0.0,0.02337471149842023,2.024,0.0,0.0430008805695656,0.0202850875521248,0.25,6,3,4.0,2,45,0.0,J.Cuenca
2279,10,Jorge_Cuenca Barreno,DEF,54,40.29568612227426,0.018621188425653905,0.03200504128257841,0.0,0.02905114462569064,2.024,0.0,0.0441562832773488,0.040413775623652,0.25,6,3,4.0,2,45,0.0,J.Cuenca
2280,11,Jorge_Cuenca Barreno,DEF,54,40.510379083289465,0.01865081283877087,0.03199243373538602,0.0,0.03432480288978967,2.024,0.0,0.0297669938520948,0.018348571633679,0.25,6,3,4.0,2,45,0.0,J.Cuenca
2281,12,Jorge_Cuenca Barreno,DEF,54,40.71115805260951,0.018680321024375623,0.031979479142160365,0.0,0.031272368754435655,2.024,0.0,0.0539343394566716,0.0350964916114288,0.25,6,3,4.0,2,45,0.0,J.Cuenca
2282,6,Jorrel_Hato,DEF,8,67.42688898293449,0.0120327386705769,0.07397585231120336,0.0,0.06928167392319487,1.0,0.0,0.0539343394566716,0.0350964916114288,0.27,6,3,4.0,2,45,0.9,Hato
2283,7,Jorrel_Hato,DEF,8,66.24655416943135,0.0119386382250341,0.0740374750072781,0.0,0.06485968840646159,1.0,0.0,0.0459456519173773,0.0386203456380479,0.27,6,3,4.0,2,45,0.9,Hato
2284,8,Jorrel_Hato,DEF,8,64.88527670452466,0.0117996732962428,0.07411287106670018,0.0,0.06835840606296302,1.0,0.0,0.052493727298415,0.0268053738104255,0.27,6,3,4.0,2,45,0.9,Hato
2285,9,Jorrel_Hato,DEF,8,63.83114557890254,0.0117784109080442,0.07415379196806846,0.0,0.047208316857662705,1.0,0.0,0.074235503863792,0.0216228986791694,0.27,6,3,4.0,2,45,0.9,Hato
2286,10,Jorrel_Hato,DEF,8,63.72291383932043,0.0118002593585271,0.0742262500386428,0.0,0.038284971129531005,1.0,0.0,0.0366746478210848,0.040303852137383,0.27,6,3,4.0,2,45,0.9,Hato
2287,11,Jorrel_Hato,DEF,8,63.61802914864993,0.0118225711534662,0.07429967799657074,0.0,0.04179864678575863,1.0,0.0,0.07078655240023,0.0561971162677075,0.27,6,3,4.0,2,45,0.9,Hato
2288,12,Jorrel_Hato,DEF,8,63.91417250254286,0.0118258193964876,0.07431016241561882,0.0,0.04507632487183745,1.0,0.0,0.0550530308978321,0.0334376008273799,0.27,6,3,4.0,2,45,0.9,Hato
2289,6,Josh_Acheampong,DEF,8,61.16907058759955,0.02796171614184089,0.0361660921440043,0.0,0.03002281255431009,1.0,0.0,0.0539343394566716,0.0350964916114288,0.08,6,3,4.0,2,45,0.3,Acheampong
2290,7,Josh_Acheampong,DEF,8,59.452334722598565,0.02776322536706497,0.03619539902974406,0.0,0.02689919119493635,1.0,0.0,0.0459456519173773,0.0386203456380479,0.08,6,3,4.0,2,45,0.3,Acheampong
2291,8,Josh_Acheampong,DEF,8,57.5110855124771,0.02747009969456299,0.03623125633296925,0.0,0.02714024417304575,1.0,0.0,0.052493727298415,0.0268053738104255,0.08,6,3,4.0,2,45,0.3,Acheampong
2292,9,Josh_Acheampong,DEF,8,55.90754930778356,0.027425249876022774,0.03625071773691865,0.0,0.01776585993682655,1.0,0.0,0.074235503863792,0.0216228986791694,0.08,6,3,4.0,2,45,0.3,Acheampong
2293,10,Josh_Acheampong,DEF,8,55.38922903683367,0.02747133590504202,0.03628517777405608,0.0,0.013890135007393218,1.0,0.0,0.0366746478210848,0.040303852137383,0.08,6,3,4.0,2,45,0.3,Acheampong
2294,11,Josh_Acheampong,DEF,8,54.86431284627464,0.027518399289689837,0.03632009907594916,0.0,0.014706119148647652,1.0,0.0,0.07078655240023,0.0561971162677075,0.08,6,3,4.0,2,45,0.3,Acheampong
2295,12,Josh_Acheampong,DEF,8,54.81098072998085,0.02752525097110611,0.036325085317880555,0.0,0.015465184572291329,1.0,0.0,0.0550530308978321,0.0334376008273799,0.08,6,3,4.0,2,45,0.3,Acheampong
2296,6,Josh_Dasilva,MID,94,0.0,0.08120925519491544,0.11362479158391747,0.0,1.5128903895159003e-05,3.774,0.0,0.0858497032968192,0.1237171984305226,0.02,5,3,1.0,2,49,0.0,Dasilva
2297,7,Josh_Dasilva,MID,94,0.0,0.0811114975398298,0.11395855669883928,0.0,2.5843415320013e-05,3.774,0.0,0.070552064626671,0.1127830621923689,0.02,5,3,1.0,2,49,0.0,Dasilva
2298,8,Josh_Dasilva,MID,94,0.0,0.08108171406269704,0.11406206416805169,0.0,1.0880939192224447e-05,3.774,0.0,0.0842332060993205,0.1188923620107288,0.02,5,3,1.0,2,49,0.0,Dasilva
2299,9,Josh_Dasilva,MID,94,0.0,0.08105215410784174,0.11416550594807436,0.0,1.6308946770410043e-05,3.774,0.0,0.1202318081610187,0.1776752802788837,0.02,5,3,1.0,2,49,0.0,Dasilva
2300,10,Josh_Dasilva,MID,94,0.0,0.08105366174998346,0.11416033749669638,0.0,1.1160700907430536e-05,3.774,0.0,0.0957882179850394,0.1113283019034307,0.02,5,3,1.0,2,49,0.0,Dasilva
2301,11,Josh_Dasilva,MID,94,0.0,0.08104501907102052,0.11395738913326812,0.0,2.01194501822471e-05,3.774,0.0,0.1053742839427626,0.1147639713719944,0.02,5,3,1.0,2,49,0.0,Dasilva
2302,12,Josh_Dasilva,MID,94,0.0,0.0810471274262287,0.11393927579846813,0.0,1.7275530287476138e-05,3.774,0.0,0.1119957605907742,0.1332858089793131,0.02,5,3,1.0,2,49,0.0,Dasilva
2303,6,Josh_Eccles,MID,9,0.0,0.1451522942371561,0.1343393069939382,0.0,5.608292597514651e-05,2.6258925714724732,0.0,0.0772167805063861,0.0863082180546789,0.1,5,3,1.0,2,48,0.0,Eccles
2304,7,Josh_Eccles,MID,9,0.0,0.1190122388691466,0.1255372167640669,0.0,7.124563273314249e-05,2.6258925714724732,0.0,0.0518416411242582,0.115884505791489,0.1,5,3,1.0,2,48,0.0,Eccles
2305,8,Josh_Eccles,MID,9,0.0,0.119014731204411,0.1254083684623673,0.0,3.1522676263690765e-05,2.6258925714724732,0.0,0.0936735501911697,0.0888189627888669,0.1,5,3,1.0,2,48,0.0,Eccles
2306,9,Josh_Eccles,MID,9,0.0,0.1227646376916117,0.129821594029794,0.0,4.1379320336648034e-05,2.6258925714724732,0.0,0.085880677692756,0.1056084642760237,0.1,5,3,1.0,2,48,0.0,Eccles
2307,10,Josh_Eccles,MID,9,0.0,0.1228354772088177,0.1299531010010799,0.0,6.007606130331017e-05,2.6258925714724732,0.0,0.1053742839427626,0.1147639713719944,0.1,5,3,1.0,2,48,0.0,Eccles
2308,11,Josh_Eccles,MID,9,0.0,0.1229055361967465,0.1300837556326505,0.0,4.205017572506517e-05,2.6258925714724732,0.0,0.0822560971477504,0.1524742200371775,0.1,5,3,1.0,2,48,0.0,Eccles
2309,12,Josh_Eccles,MID,9,0.0,0.1229771334212113,0.1302159272713874,0.0,4.5941694434561415e-05,2.6258925714724732,0.0,0.0928778036155075,0.1172272670252035,0.1,5,3,1.0,2,48,0.0,Eccles
2310,6,Josh_King,MID,54,69.32670931322389,0.18419058541051375,0.09403673889892315,0.0,0.011997753005631436,4.8580000000000005,0.0,0.1542164581176329,0.1806105923991114,0.12,5,3,1.0,2,55,2.2,King
2311,7,Josh_King,MID,54,69.6383581648786,0.18455910786484778,0.09405366500961893,0.0,0.01153767981401195,4.8580000000000005,0.0,0.1542164581176329,0.1806105923991114,0.12,5,3,1.0,2,55,2.2,King
2312,8,Josh_King,MID,54,69.79157774970668,0.18482347788451806,0.0940209036048744,0.0,0.011999542819518929,4.8580000000000005,0.0,0.1542164581176329,0.1806105923991114,0.12,5,3,1.0,2,55,2.2,King
2313,9,Josh_King,MID,54,69.94366210900299,0.18508835561459072,0.09398837081946775,0.0,0.016415270188516358,4.8580000000000005,0.0,0.1757636037762496,0.1989544913244163,0.12,5,3,1.0,2,55,2.2,King
2314,10,Josh_King,MID,54,70.09610612093975,0.1853558271854139,0.09395635451063049,0.0,0.02058632090288773,4.8580000000000005,0.0,0.1113458150315947,0.1892932248153172,0.12,5,3,1.0,2,55,2.2,King
2315,11,Josh_King,MID,54,70.24887023479128,0.18562342334573437,0.09392414043394327,0.0,0.024487081220409393,4.8580000000000005,0.0,0.1260358149771998,0.2023191987723669,0.12,5,3,1.0,2,55,2.2,King
2316,12,Josh_King,MID,54,70.40181178165298,0.185889969627501,0.0938910396052684,0.0,0.022108980194491923,4.8580000000000005,0.0,0.1602275814203332,0.1865096575096456,0.12,5,3,1.0,2,55,2.2,King
2317,6,Joshua_Zirkzee,FWD,1,0.0,0.20117300848600161,0.06531675753843845,0.0,4.4718073052637434e-05,1.348,0.0,0.1816445166652931,0.0735228775864095,0.1,4,3,0.0,2,53,0.4,Zirkzee
2318,7,Joshua_Zirkzee,FWD,1,0.0,0.19954407661393475,0.06508026335486214,0.0,2.883557209141704e-05,1.348,0.0,0.3479730393459483,0.0845739406189787,0.1,4,3,0.0,2,53,0.4,Zirkzee
2319,8,Joshua_Zirkzee,FWD,1,9.996357499999998,0.1968546068485544,0.0651298731947567,0.0,8.995834078219727e-05,1.348,0.0,0.2588988784046943,0.0835343475833465,0.1,4,3,0.0,2,53,0.4,Zirkzee
2320,9,Joshua_Zirkzee,FWD,1,9.903357499999998,0.19637175259157466,0.06516280102501455,0.0,4.5305709087263056e-05,1.348,0.0,0.2699527724353497,0.1092810666119734,0.1,4,3,0.0,2,53,0.4,Zirkzee
2321,10,Joshua_Zirkzee,FWD,1,9.8133575,0.19646905875694276,0.06516838806269286,0.0,6.812344840260545e-05,1.348,0.0,0.2104660919951334,0.0966017152127772,0.1,4,3,0.0,2,53,0.4,Zirkzee
2322,11,Joshua_Zirkzee,FWD,1,9.7203575,0.19656208427481722,0.06517301115055699,0.0,0.00011540342236822226,1.348,0.0,0.3273316394954414,0.1139094893887378,0.1,4,3,0.0,2,53,0.4,Zirkzee
2323,12,Joshua_Zirkzee,FWD,1,9.6273575,0.19665630352150412,0.06517760303309586,0.0,0.0001296587886328335,1.348,0.0,0.3657327697364796,0.1238459952069972,0.1,4,3,0.0,2,53,0.4,Zirkzee
2324,6,José_María Andrés Baixauli,MID,36,0.0,0.0838004942743213,0.1273929179902817,0.0,7.299581115587083e-05,4.571325925925925,0.0,0.085880677692756,0.1056084642760237,0.1,5,3,1.0,2,55,0.0,Andrés
2325,7,José_María Andrés Baixauli,MID,36,0.0,0.0839951940103191,0.1277163546423574,0.0,7.4179211723516e-05,4.571325925925925,0.0,0.0822560971477504,0.1524742200371775,0.1,5,3,1.0,2,55,0.0,Andrés
2326,8,José_María Andrés Baixauli,MID,36,0.0,0.0839654893214988,0.1277020642003048,0.0,0.0001361245628545028,4.571325925925925,0.0,0.070552064626671,0.1127830621923689,0.1,5,3,1.0,2,55,0.0,Andrés
2327,9,José_María Andrés Baixauli,MID,36,0.0,0.0839552557466715,0.1276681275547871,0.0,0.00011645530743602248,4.571325925925925,0.0,0.0428645627319718,0.1349551016015938,0.1,5,3,1.0,2,55,0.0,Andrés
2328,10,José_María Andrés Baixauli,MID,36,0.0,0.0839441432618288,0.1276331190683577,0.0,0.00015421486902941848,4.571325925925925,0.0,0.0790689180878473,0.1448646983763215,0.1,5,3,1.0,2,55,0.0,Andrés
2329,11,José_María Andrés Baixauli,MID,36,0.0,0.0839340681396859,0.127599234567419,0.0,5.7315943873647565e-05,4.571325925925925,0.0,0.0842332060993205,0.1188923620107288,0.1,5,3,1.0,2,55,0.0,Andrés
2330,12,José_María Andrés Baixauli,MID,36,0.0,0.0839236036850308,0.1275650789598025,0.0,9.893301481390505e-05,4.571325925925925,0.0,0.0772167805063861,0.0863082180546789,0.1,5,3,1.0,2,55,0.0,Andrés
2331,6,João_Pedro Junqueira de Jesus,FWD,8,63.775392992801656,0.3033829914918075,0.09953821331047441,0.03,0.0034436245758444318,1.0,0.0,0.2588988784046943,0.0835343475833465,0.18,4,3,0.0,2,78,66.9,João Pedro
2332,7,João_Pedro Junqueira de Jesus,FWD,8,72.04070860873892,0.30122390009188094,0.09962456519235266,0.03,0.0073479382407128915,1.0,0.0,0.2321652746293105,0.0710294967935649,0.18,4,3,0.0,2,78,66.9,João Pedro
2333,8,João_Pedro Junqueira de Jesus,FWD,8,83.12024999999998,0.2980354137790456,0.09973021768781314,0.03,0.023099247700396244,1.0,0.0,0.1816445166652931,0.0735228775864095,0.18,4,3,0.0,2,78,66.9,João Pedro
2334,9,João_Pedro Junqueira de Jesus,FWD,8,87.52799999999999,0.29754755807085104,0.0997875601454851,0.03,0.024719579337041983,1.0,0.0,0.1582373678053648,0.1067667619926839,0.18,4,3,0.0,2,78,66.9,João Pedro
2335,10,João_Pedro Junqueira de Jesus,FWD,8,87.56099999999999,0.29804886070833936,0.0998890956372749,0.03,0.01996710283267508,1.0,0.0,0.3107258993287308,0.1106489791789369,0.18,4,3,0.0,2,78,66.9,João Pedro
2336,11,João_Pedro Junqueira de Jesus,FWD,8,87.591,0.29856079457105494,0.09999199023217978,0.03,0.022186088738224252,1.0,0.0,0.3479730393459483,0.0845739406189787,0.18,4,3,0.0,2,78,66.9,João Pedro
2337,12,João_Pedro Junqueira de Jesus,FWD,8,87.624,0.2986353240117185,0.10000668204822923,0.03,0.023559289785930474,1.0,0.0,0.3397560761522099,0.0551267835339054,0.18,4,3,0.0,2,78,66.9,João Pedro
2338,6,João_Pedro Loureiro da Costa,DEF,36,1.5179999999999998,0.0577923144191317,0.1205142507970311,0.0,0.00034824581623185073,4.013651658680242,0.0,0.0654788007538232,0.0801186101343322,0.1,6,3,4.0,2,45,0.0,Costinha
2339,7,João_Pedro Loureiro da Costa,DEF,36,0.642,0.0579389021226612,0.1208226321623618,0.0,0.0003300178731626065,4.013651658680242,0.0,0.034021699908773,0.1250502673893471,0.1,6,3,4.0,2,45,0.0,Costinha
2340,8,João_Pedro Loureiro da Costa,DEF,36,0.0,0.0579165377260383,0.1208090069099265,0.0,0.0005570701406765973,4.013651658680242,0.0,0.0369063418813318,0.0691813954789699,0.1,6,3,4.0,2,45,0.0,Costinha
2341,9,João_Pedro Loureiro da Costa,DEF,36,0.0,0.0579088329583604,0.1207766499429213,0.0,0.0004806686900208707,4.013651658680242,0.0,0.0475778188966921,0.0694586861700251,0.1,6,3,4.0,2,45,0.0,Costinha
2342,10,João_Pedro Loureiro da Costa,DEF,36,0.0,0.0579004664671309,0.1207432710269141,0.0,0.0006267816885827673,4.013651658680242,0.0,0.0655689624381491,0.1074576445370588,0.1,6,3,4.0,2,45,0.0,Costinha
2343,11,João_Pedro Loureiro da Costa,DEF,36,0.0,0.0578928809970729,0.1207109637772689,0.0,0.00024578819994716303,4.013651658680242,0.0,0.0568772559482958,0.0901681033145862,0.1,6,3,4.0,2,45,0.0,Costinha
2344,12,João_Pedro Loureiro da Costa,DEF,36,0.0,0.0578850024020213,0.1206783980403839,0.0,0.00041198886878739626,4.013651658680242,0.0,0.0576949851966989,0.1085060286467325,0.1,6,3,4.0,2,45,0.0,Costinha
2345,6,João_Victor de Souza Menezes,DEF,6,0.0,0.0696066998882847,0.1348938613105216,0.0,0.00018902532422508802,3.686892496762497,0.0,0.0876286497141699,0.1962911969242959,0.1,6,3,4.0,2,40,0.2,Souza
2346,7,João_Victor de Souza Menezes,DEF,6,0.0,0.0697544454869613,0.1341907254407857,0.0,0.00012508551391556683,3.686892496762497,0.0,0.1268997194477113,0.1551143810956354,0.1,6,3,4.0,2,40,0.2,Souza
2347,8,João_Victor de Souza Menezes,DEF,6,0.0,0.0699859287056487,0.1331412880825952,0.0,0.00011246045469764475,3.686892496762497,0.0,0.1260591051724412,0.1314494178124841,0.1,6,3,4.0,2,40,0.2,Souza
2348,9,João_Victor de Souza Menezes,DEF,6,0.0,0.0700524248718692,0.1328222764418171,0.0,0.00015579237868194689,3.686892496762497,0.0,0.1652776886367873,0.1759321123387592,0.1,6,3,4.0,2,40,0.2,Souza
2349,10,João_Victor de Souza Menezes,DEF,6,0.0,0.0700410665115657,0.1328397914198536,0.0,0.00016940288629580913,3.686892496762497,0.0,0.1126991599369654,0.1833905663030322,0.1,6,3,4.0,2,40,0.2,Souza
2350,11,João_Victor de Souza Menezes,DEF,6,0.0,0.0700290119140789,0.1328571062219217,0.0,0.00013006938062575402,3.686892496762497,0.0,0.1268997194477113,0.1551143810956354,0.1,6,3,4.0,2,40,0.2,Souza
2351,12,João_Victor de Souza Menezes,DEF,6,0.0,0.0700170563448064,0.1328732505682917,0.0,0.00015343913703951416,3.686892496762497,0.0,0.0817530645115434,0.1446965004790163,0.1,6,3,4.0,2,40,0.2,Souza
2352,6,Joél_Drakes-Thomas,MID,31,0.4914540889999999,0.0965645625262586,0.1332170167121391,0.0,4.8433166835387934e-05,3.1338279022342186,0.0,0.1202318081610187,0.1776752802788837,0.1,5,3,1.0,2,45,0.1,Drakes-Thomas
2353,7,Joél_Drakes-Thomas,MID,31,0.4914540889999999,0.098455516218954,0.1370519035366569,0.0,3.314455067181956e-05,3.1338279022342186,0.0,0.0957882179850394,0.1113283019034307,0.1,5,3,1.0,2,45,0.1,Drakes-Thomas
2354,8,Joél_Drakes-Thomas,MID,31,0.4914540889999999,0.0984712664237936,0.1370742480688473,0.0,5.5777575510872924e-05,3.1338279022342186,0.0,0.0772167805063861,0.0863082180546789,0.1,5,3,1.0,2,45,0.1,Drakes-Thomas
2355,9,Joél_Drakes-Thomas,MID,31,0.4914540889999999,0.0984860572355988,0.137095667625331,0.0,7.085773163935972e-05,3.1338279022342186,0.0,0.0518416411242582,0.115884505791489,0.1,5,3,1.0,2,45,0.1,Drakes-Thomas
2356,10,Joél_Drakes-Thomas,MID,31,0.4914540889999999,0.0985014224570582,0.1371175123797267,0.0,7.674682331028716e-05,3.1338279022342186,0.0,0.070552064626671,0.1127830621923689,0.1,5,3,1.0,2,45,0.1,Drakes-Thomas
2357,11,Joél_Drakes-Thomas,MID,31,0.4914540889999999,0.0985158740440358,0.137138707379371,0.0,3.316509807290651e-05,3.1338279022342186,0.0,0.0842332060993205,0.1188923620107288,0.1,5,3,1.0,2,45,0.1,Drakes-Thomas
2358,12,Joél_Drakes-Thomas,MID,31,0.4914540889999999,0.0985311323921609,0.1371607017027425,0.0,3.2313742366681244e-05,3.1338279022342186,0.0,0.0842332060993205,0.1188923620107288,0.1,5,3,1.0,2,45,0.1,Drakes-Thomas
2359,6,Joël_Piroe,FWD,2,0.0,0.23827180432500747,0.10626100871077065,0.03,1.1798962375424719e-05,1.0,0.0,0.2686708389316911,0.1234648585781471,0.0721330041152263,4,3,0.0,2,50,0.1,Piroe
2360,7,Joël_Piroe,FWD,2,0.0,0.23825894692726227,0.10626180103560783,0.03,1.661127473498048e-05,1.0,0.0,0.1582373678053648,0.1067667619926839,0.0721330041152263,4,3,0.0,2,50,0.1,Piroe
2361,8,Joël_Piroe,FWD,2,0.0,0.2382479214194755,0.10626250194855857,0.03,1.3324935863732806e-05,1.0,0.0,0.3107258993287308,0.1106489791789369,0.0721330041152263,4,3,0.0,2,50,0.1,Piroe
2362,9,Joël_Piroe,FWD,2,0.0,0.23823725527276535,0.10626336009150868,0.03,1.889865289533562e-05,1.0,0.0,0.2588988784046943,0.0835343475833465,0.0721330041152263,4,3,0.0,2,50,0.1,Piroe
2363,10,Joël_Piroe,FWD,2,0.0,0.23822428855200767,0.10626369358436305,0.03,2.2942835825985933e-05,1.0,0.0,0.1816445166652931,0.0735228775864095,0.0721330041152263,4,3,0.0,2,50,0.1,Piroe
2364,11,Joël_Piroe,FWD,2,0.0,0.23821221744600124,0.10626407874496388,0.03,9.597039520439594e-06,1.0,0.0,0.2699527724353497,0.1092810666119734,0.0721330041152263,4,3,0.0,2,50,0.1,Piroe
2365,12,Joël_Piroe,FWD,2,0.0,0.23820023608930815,0.10626458481941092,0.03,1.0738215446342739e-05,1.0,0.0,0.2767363309065365,0.1027633521295426,0.0721330041152263,4,3,0.0,2,50,0.1,Piroe
2366,6,Joško_Gvardiol,DEF,43,78.535197,0.04853428433940122,0.05263404947451222,0.0,0.14455237632879225,4.668,0.0,0.0345883844346893,0.02331174536266,0.1,6,3,4.0,2,57,26.3,Gvardiol
2367,7,Joško_Gvardiol,DEF,43,78.493197,0.04733726966533427,0.05188623714970465,0.0,0.07215601085450161,4.668,0.0,0.0440900662312232,0.0342011051202082,0.1,6,3,4.0,2,57,26.3,Gvardiol
2368,8,Joško_Gvardiol,DEF,43,78.448197,0.04733096847391449,0.051873433011374266,0.0,0.09065770941269168,4.668,0.0,0.0430008805695656,0.0202850875521248,0.1,6,3,4.0,2,57,26.3,Gvardiol
2369,9,Joško_Gvardiol,DEF,43,78.40319699999999,0.047324402673483715,0.05186065233241564,0.0,0.06906282483812468,4.668,0.0,0.0265768898928847,0.0315855885698299,0.1,6,3,4.0,2,57,26.3,Gvardiol
2370,10,Joško_Gvardiol,DEF,43,78.35819699999999,0.04731793657541174,0.0518476111617717,0.0,0.09619147076400288,4.668,0.0,0.0550530308978321,0.0334376008273799,0.1,6,3,4.0,2,57,26.3,Gvardiol
2371,11,Joško_Gvardiol,DEF,43,78.31619699999999,0.04731163728206802,0.051834801857939435,0.0,0.06530268077535384,4.668,0.0,0.0323786694324084,0.0238084655632736,0.1,6,3,4.0,2,57,26.3,Gvardiol
2372,12,Joško_Gvardiol,DEF,43,78.271197,0.047304962570949176,0.051821900750093984,0.0,0.07441956973386528,4.668,0.0,0.0283871455110724,0.0678417594345503,0.1,6,3,4.0,2,57,26.3,Gvardiol
2373,6,Juan_Angulo,FWD,56,0.0,0.2584197497976231,0.1000542733093769,0.0,1.1267620961512579e-05,2.453333333333333,0.0,0.2378841599042031,0.0988234500197675,0.1,4,3,0.0,2,45,0.7,J.Angulo
2374,7,Juan_Angulo,FWD,56,0.0,0.2584537712426454,0.09996271568356,0.0,1.9842663739364696e-05,2.453333333333333,0.0,0.2588988784046943,0.0835343475833465,0.1,4,3,0.0,2,45,0.7,J.Angulo
2375,8,Juan_Angulo,FWD,56,0.0,0.2584886028396178,0.0998714373605742,0.0,1.553313442576904e-05,2.453333333333333,0.0,0.3479730393459483,0.0845739406189787,0.1,4,3,0.0,2,45,0.7,J.Angulo
2376,9,Juan_Angulo,FWD,56,0.0,0.2585207545013175,0.0997799345237672,0.0,1.1274606264794848e-05,2.453333333333333,0.0,0.2767363309065365,0.1027633521295426,0.1,4,3,0.0,2,45,0.7,J.Angulo
2377,10,Juan_Angulo,FWD,56,0.0,0.2585484337038062,0.0996875232581351,0.0,1.0076427303709324e-05,2.453333333333333,0.0,0.2699527724353497,0.1092810666119734,0.1,4,3,0.0,2,45,0.7,J.Angulo
2378,11,Juan_Angulo,FWD,56,0.0,0.258570261099773,0.0995939262216099,0.0,1.5273839032724884e-05,2.453333333333333,0.0,0.2104660919951334,0.0966017152127772,0.1,4,3,0.0,2,45,0.7,J.Angulo
2379,12,Juan_Angulo,FWD,56,0.0,0.2585948603621985,0.0995008877366033,0.0,2.4088854732234873e-05,2.453333333333333,0.0,0.1816445166652931,0.0735228775864095,0.1,4,3,0.0,2,45,0.7,J.Angulo
2380,6,Juanlu_Sánchez,DEF,91,0.0,0.0341530145500958,0.0677188399606282,0.0,0.00042224059126600344,2.3122779141104295,0.0,0.0456201977756334,0.02560444811066,0.1,6,3,4.0,2,44,0.2,Sanchez
2381,7,Juanlu_Sánchez,DEF,91,0.0,0.0341389482862591,0.0677002060531535,0.0,0.0005760426027229537,2.3122779141104295,0.0,0.0366746478210848,0.040303852137383,0.1,6,3,4.0,2,44,0.2,Sanchez
2382,8,Juanlu_Sánchez,DEF,91,0.0,0.0341251233579208,0.067681913907106,0.0,0.0007095838468554171,2.3122779141104295,0.0,0.074235503863792,0.0216228986791694,0.1,6,3,4.0,2,44,0.2,Sanchez
2383,9,Juanlu_Sánchez,DEF,91,0.0,0.0337394405524435,0.0672430736087022,0.0,0.0006359508317636108,2.3122779141104295,0.0,0.07078655240023,0.0561971162677075,0.1,6,3,4.0,2,44,0.2,Sanchez
2384,10,Juanlu_Sánchez,DEF,91,0.0,0.0337238942586619,0.0672223846737862,0.0,0.0004883340870503087,2.3122779141104295,0.0,0.0440900662312232,0.0342011051202082,0.1,6,3,4.0,2,44,0.2,Sanchez
2385,11,Juanlu_Sánchez,DEF,91,0.0,0.0337085208371841,0.0672021237424389,0.0,0.0006719827685683679,2.3122779141104295,0.0,0.0550530308978321,0.0334376008273799,0.1,6,3,4.0,2,44,0.2,Sanchez
2386,12,Juanlu_Sánchez,DEF,91,0.0,0.0336933113328264,0.0671819086670035,0.0,0.000445274756495141,2.3122779141104295,0.0,0.0323786694324084,0.0238084655632736,0.1,6,3,4.0,2,44,0.2,Sanchez
2387,6,Jules_Ahoka,MID,56,0.0,0.0950369790931335,0.1382038388047641,0.0,2.8718616538427166e-05,3.7780396682971316,0.0,0.0957882179850394,0.1113283019034307,0.1,5,3,1.0,2,45,0.2,Ahoka
2388,7,Jules_Ahoka,MID,56,0.0,0.0950492964429604,0.1380800271388413,0.0,5.057390315169593e-05,3.7780396682971316,0.0,0.0866961224313779,0.114569503221635,0.1,5,3,1.0,2,45,0.2,Ahoka
2389,8,Jules_Ahoka,MID,56,0.0,0.095061907105578,0.1379565931689161,0.0,3.959022357616782e-05,3.7780396682971316,0.0,0.0928778036155075,0.1172272670252035,0.1,5,3,1.0,2,45,0.2,Ahoka
2390,9,Jules_Ahoka,MID,56,0.0,0.0950735475066372,0.1378328555931471,0.0,2.8736420225471666e-05,3.7780396682971316,0.0,0.0842332060993205,0.1188923620107288,0.1,5,3,1.0,2,45,0.2,Ahoka
2391,10,Jules_Ahoka,MID,56,0.0,0.0950835686688706,0.1377078895660591,0.0,2.568257501890621e-05,3.7780396682971316,0.0,0.0533112851817121,0.0911547974260361,0.1,5,3,1.0,2,45,0.2,Ahoka
2392,11,Jules_Ahoka,MID,56,0.0,0.0950914712042202,0.1375813200431577,0.0,3.892935494474611e-05,3.7780396682971316,0.0,0.0858497032968192,0.1237171984305226,0.1,5,3,1.0,2,45,0.2,Ahoka
2393,12,Jules_Ahoka,MID,56,0.0,0.0951003772845052,0.1374555058390341,0.0,6.139604664541548e-05,3.7780396682971316,0.0,0.0518416411242582,0.115884505791489,0.1,5,3,1.0,2,45,0.2,Ahoka
2394,6,Julio_Enciso,MID,40,55.766433149536425,0.182457839508601,0.15034984355930386,0.042,0.00272792034629636,3.6980000000000004,0.0,0.150834818620813,0.1861354269404155,0.12,5,3,1.0,2,55,0.8,Enciso
2395,7,Julio_Enciso,MID,40,52.58356842901509,0.1813394239785171,0.14523375800057806,0.042,0.004294531395354785,3.6980000000000004,0.0,0.1260358149771998,0.2023191987723669,0.12,5,3,1.0,2,55,0.8,Enciso
2396,8,Julio_Enciso,MID,40,52.43880247818466,0.1808424313261842,0.14497562550229232,0.042,0.0031301585584274086,3.6980000000000004,0.0,0.1492881486069769,0.1714654190081598,0.12,5,3,1.0,2,55,0.8,Enciso
2397,9,Julio_Enciso,MID,40,53.94249504612959,0.1811177637448319,0.14584455668757987,0.042,0.0023898938656701824,3.6980000000000004,0.0,0.1542164581176329,0.1806105923991114,0.12,5,3,1.0,2,55,0.8,Enciso
2398,10,Julio_Enciso,MID,40,53.95401728359697,0.1810610432538724,0.14582943730834239,0.042,0.004314443060960429,3.6980000000000004,0.0,0.1602275814203332,0.1865096575096456,0.12,5,3,1.0,2,55,0.8,Enciso
2399,11,Julio_Enciso,MID,40,53.964292214418975,0.1810062232759017,0.14581503015200825,0.042,0.005238704834685622,3.6980000000000004,0.0,0.1618205164382563,0.1266052744503581,0.12,5,3,1.0,2,55,0.8,Enciso
2400,12,Julio_Enciso,MID,40,53.97571718232494,0.1809508318952469,0.14580006330277204,0.042,0.0033301301796756122,3.6980000000000004,0.0,0.1757636037762496,0.1989544913244163,0.12,5,3,1.0,2,55,0.8,Enciso
2401,6,Julio_Soler Barreto,DEF,91,4.992048969999999,0.0321609455895394,0.0812915441095221,0.0,0.0006255188642153018,2.3122779141104295,0.0,0.0456201977756334,0.02560444811066,0.1,6,3,4.0,2,40,0.3,Soler
2402,7,Julio_Soler Barreto,DEF,91,5.22004897,0.032147682564944,0.0812690996102008,0.0,0.0008687615520238291,2.3122779141104295,0.0,0.0366746478210848,0.040303852137383,0.1,6,3,4.0,2,40,0.3,Soler
2403,8,Julio_Soler Barreto,DEF,91,5.45104897,0.0321346470946364,0.0812470667617441,0.0,0.0010897319097678323,2.3122779141104295,0.0,0.074235503863792,0.0216228986791694,0.1,6,3,4.0,2,40,0.3,Soler
2404,9,Julio_Soler Barreto,DEF,91,5.679048969999999,0.0317709883011938,0.0807184846169086,0.0,0.0009943640761192441,2.3122779141104295,0.0,0.07078655240023,0.0561971162677075,0.1,6,3,4.0,2,40,0.3,Soler
2405,10,Julio_Soler Barreto,DEF,91,5.910048969999999,0.0317563297622109,0.0806935648416919,0.0,0.0007776157439808572,2.3122779141104295,0.0,0.0440900662312232,0.0342011051202082,0.1,6,3,4.0,2,40,0.3,Soler
2406,11,Julio_Soler Barreto,DEF,91,6.138048969999999,0.0317418342238402,0.0806691605958037,0.0,0.0010893271465765046,2.3122779141104295,0.0,0.0550530308978321,0.0334376008273799,0.1,6,3,4.0,2,40,0.3,Soler
2407,12,Julio_Soler Barreto,DEF,91,6.36604897,0.0317274932422744,0.0806448115832574,0.0,0.0007349758039748935,2.3122779141104295,0.0,0.0323786694324084,0.0238084655632736,0.1,6,3,4.0,2,40,0.3,Soler
2408,6,Julián_Araujo Zúñiga,DEF,91,0.0,0.0116140460981329,0.05484540363468107,0.0,0.00022333348985945995,1.0,0.0,0.0258215885423753,0.065374644385858,0.1293240913811007,6,3,4.0,2,44,0.0,J.Araujo
2409,7,Julián_Araujo Zúñiga,DEF,91,0.0,0.0116092071305869,0.05482995516815186,0.0,0.0003047019567171904,1.0,0.0,0.041498341824961,0.0545242644716637,0.1293240913811007,6,3,4.0,2,44,0.0,J.Araujo
2410,8,Julián_Araujo Zúñiga,DEF,91,0.0,0.0116044511854169,0.054814790039402254,0.0,0.0003753588475523583,1.0,0.0,0.0223973202299275,0.0944421809357277,0.1293240913811007,6,3,4.0,2,44,0.0,J.Araujo
2411,9,Julián_Araujo Zúñiga,DEF,91,0.0,0.0114717715627098,0.054450968888590925,0.0,0.0003363986728589457,1.0,0.0,0.0539164999254806,0.1088920375930353,0.1293240913811007,6,3,4.0,2,44,0.0,J.Araujo
2412,10,Julián_Araujo Zúñiga,DEF,91,0.0,0.0114664234466825,0.054433816698745134,0.0,0.00025829891586798997,1.0,0.0,0.0462278002486011,0.089997557499349,0.1293240913811007,6,3,4.0,2,44,0.0,J.Araujo
2413,11,Julián_Araujo Zúñiga,DEF,91,0.0,0.0114611348008512,0.054417019345844586,0.0,0.0003554633819408127,1.0,0.0,0.0295843143845428,0.1129283287121402,0.1293240913811007,6,3,4.0,2,44,0.0,J.Araujo
2414,12,Julián_Araujo Zúñiga,DEF,91,0.0,0.0114559025445227,0.054400260009850675,0.0,0.00023551905290110755,1.0,0.0,0.031159434697039,0.0740471263388762,0.1293240913811007,6,3,4.0,2,44,0.0,J.Araujo
2415,6,Jun'ai_Byfield,DEF,6,0.411845069,0.0546241577938646,0.0869450763251537,0.0,0.0005078782388247333,2.467111111111111,0.0,0.074235503863792,0.0216228986791694,0.1,6,3,4.0,2,40,0.1,Byfield
2416,7,Jun'ai_Byfield,DEF,6,0.411845069,0.0547381948941075,0.0865025977607228,0.0,0.0003361130899201187,2.467111111111111,0.0,0.0440900662312232,0.0342011051202082,0.1,6,3,4.0,2,40,0.1,Byfield
2417,8,Jun'ai_Byfield,DEF,6,0.411845069,0.0549168646835999,0.0858421940525651,0.0,0.0003021942898269194,2.467111111111111,0.0,0.0456201977756334,0.02560444811066,0.1,6,3,4.0,2,40,0.1,Byfield
2418,9,Jun'ai_Byfield,DEF,6,0.411845069,0.0549681895964297,0.0856414422221951,0.0,0.0004186062066581771,2.467111111111111,0.0,0.0576745797658112,0.0527526549054485,0.1,6,3,4.0,2,40,0.1,Byfield
2419,10,Jun'ai_Byfield,DEF,6,0.411845069,0.0549594226721752,0.0856524642773501,0.0,0.00045516835411672454,2.467111111111111,0.0,0.07078655240023,0.0561971162677075,0.1,6,3,4.0,2,40,0.1,Byfield
2420,11,Jun'ai_Byfield,DEF,6,0.411845069,0.0549501183588535,0.0856633603631455,0.0,0.0003495025568384636,2.467111111111111,0.0,0.0440900662312232,0.0342011051202082,0.1,6,3,4.0,2,40,0.1,Byfield
2421,12,Jun'ai_Byfield,DEF,6,0.411845069,0.0549408904802311,0.0856735198892242,0.0,0.00041228452286899264,2.467111111111111,0.0,0.0366746478210848,0.040303852137383,0.1,6,3,4.0,2,40,0.1,Byfield
2422,6,Junior_Kroupi,MID,91,0.0,0.27058297850105384,0.09590626824231874,0.0,1.0331292426667565e-05,1.0,0.0,0.1600751664564748,0.2071396514783118,0.15,5,3,1.0,2,74,0.2,Kroupi.Jr
2423,7,Junior_Kroupi,MID,91,0.0,0.27047324833886094,0.09588093984165479,0.0,1.434440014848e-05,1.0,0.0,0.1211821165130275,0.1926050362646116,0.15,5,3,1.0,2,74,0.2,Kroupi.Jr
2424,8,Junior_Kroupi,MID,91,0.0,0.2703654008218172,0.09585607598501474,0.0,1.7882166539760446e-05,1.0,0.0,0.1581552595513359,0.175811164019189,0.15,5,3,1.0,2,74,0.2,Kroupi.Jr
2425,9,Junior_Kroupi,MID,91,0.0,0.26735671014948237,0.09525957614081672,0.0,1.5926015272660357e-05,1.0,0.0,0.1370880123440694,0.1898374177465581,0.15,5,3,1.0,2,74,0.2,Kroupi.Jr
2426,10,Junior_Kroupi,MID,91,0.0,0.2672354343538648,0.09523145441521652,0.0,1.2046777633101163e-05,1.0,0.0,0.1542164581176329,0.1806105923991114,0.15,5,3,1.0,2,74,0.2,Kroupi.Jr
2427,11,Junior_Kroupi,MID,91,0.0,0.26711550712572507,0.09520391445948342,0.0,1.688164157451921e-05,1.0,0.0,0.1492881486069769,0.1714654190081598,0.15,5,3,1.0,2,74,0.2,Kroupi.Jr
2428,12,Junior_Kroupi,MID,91,0.0,0.2669968586061591,0.09517643683404306,0.0,1.0927472415643987e-05,1.0,0.0,0.150834818620813,0.1861354269404155,0.15,5,3,1.0,2,74,0.2,Kroupi.Jr
2429,6,Jurriën_Timber,DEF,3,32.63345001000771,0.04951296726426397,0.07764497862568327,0.0,0.0014086098269847774,1.4240000000000002,0.0,0.0539164999254806,0.1088920375930353,0.12,6,3,4.0,2,65,0.3,J.Timber
2430,7,Jurriën_Timber,DEF,3,32.085681215759564,0.04975234890701832,0.07772471230659873,0.0,0.001425601591740664,1.4240000000000002,0.0,0.0295843143845428,0.1129283287121402,0.12,6,3,4.0,2,65,0.3,J.Timber
2431,8,Jurriën_Timber,DEF,3,31.53863786664585,0.04999559467480392,0.07780471886987537,0.0,0.00166522350903833,1.4240000000000002,0.0,0.0280302979206385,0.0782539555270968,0.12,6,3,4.0,2,65,0.3,J.Timber
2432,9,Jurriën_Timber,DEF,3,31.00646154544713,0.05023598309068518,0.07788260577505794,0.0,0.0020228848500719863,1.4240000000000002,0.0,0.0253111663142996,0.0466702106609451,0.12,6,3,4.0,2,65,0.3,J.Timber
2433,10,Jurriën_Timber,DEF,3,31.03236168880077,0.05024371446893259,0.07786069476505805,0.0,0.0008949368873195639,1.4240000000000002,0.0,0.0462278002486011,0.089997557499349,0.12,6,3,4.0,2,65,0.3,J.Timber
2434,11,Jurriën_Timber,DEF,3,31.0615061440287,0.05025121960183822,0.07783842119115525,0.0,0.0015029877024724297,1.4240000000000002,0.0,0.0559678414732063,0.0548363854637644,0.12,6,3,4.0,2,65,0.3,J.Timber
2435,12,Jurriën_Timber,DEF,3,31.10834132094757,0.05025999274642971,0.07782621770814001,0.0,0.0017597600314139792,1.4240000000000002,0.0,0.0339500514709614,0.0381417475700373,0.12,6,3,4.0,2,65,0.3,J.Timber
2436,6,Justin_Devenny,MID,31,0.0,0.10913768243983858,0.08899248036836115,0.0,5.094484633745449e-05,1.0,0.0,0.1492881486069769,0.1714654190081598,0.02,5,3,1.0,2,50,0.0,Devenny
2437,7,Justin_Devenny,MID,31,0.0,0.11141691505682556,0.09159672143495325,0.0,3.486340622503132e-05,1.0,0.0,0.1568333574163208,0.1479354673274162,0.02,5,3,1.0,2,50,0.0,Devenny
2438,8,Justin_Devenny,MID,31,0.0,0.11143589932954112,0.09161189542860851,0.0,5.867010812520408e-05,1.0,0.0,0.1113458150315947,0.1892932248153172,0.02,5,3,1.0,2,50,0.0,Devenny
2439,9,Justin_Devenny,MID,31,0.0,0.11145372721228011,0.09162644127863623,0.0,7.453225019193887e-05,1.0,0.0,0.1618205164382563,0.1266052744503581,0.02,5,3,1.0,2,50,0.0,Devenny
2440,10,Justin_Devenny,MID,31,0.0,0.1114722474510638,0.09164127587717598,0.0,8.072671757299684e-05,1.0,0.0,0.1389030075974817,0.2361507048222439,0.02,5,3,1.0,2,50,0.0,Devenny
2441,11,Justin_Devenny,MID,31,0.0,0.11148966645425451,0.09165566923244457,0.0,3.488501916906034e-05,1.0,0.0,0.1542164581176329,0.1806105923991114,0.02,5,3,1.0,2,50,0.0,Devenny
2442,12,Justin_Devenny,MID,31,0.0,0.1115080578748707,0.09167060540208319,0.0,3.3989514001012396e-05,1.0,0.0,0.1542164581176329,0.1806105923991114,0.02,5,3,1.0,2,50,0.0,Devenny
2443,6,Justin_Kluivert,MID,91,0.0,0.21866866883487066,0.1024277302437806,0.09,1.5167346795424979e-05,1.9700000000000002,0.0,0.1600751664564748,0.2071396514783118,0.22,5,3,1.0,2,60,1.0,Kluivert
2444,7,Justin_Kluivert,MID,91,0.0,0.21858063445560597,0.10240044701199637,0.09,2.105894696019976e-05,1.9700000000000002,0.0,0.1211821165130275,0.1926050362646116,0.22,5,3,1.0,2,60,1.0,Kluivert
2445,8,Justin_Kluivert,MID,91,0.0,0.21849411048600226,0.10237366417747165,0.09,2.6252689359721466e-05,1.9700000000000002,0.0,0.1581552595513359,0.175811164019189,0.22,5,3,1.0,2,60,1.0,Kluivert
2446,9,Justin_Kluivert,MID,91,0.0,0.2160802963582811,0.10173112682486059,0.09,2.3380894303722896e-05,1.9700000000000002,0.0,0.1370880123440694,0.1898374177465581,0.22,5,3,1.0,2,60,1.0,Kluivert
2447,10,Justin_Kluivert,MID,91,0.0,0.21598299914142063,0.10170083468095863,0.09,1.768583427767695e-05,1.9700000000000002,0.0,0.1542164581176329,0.1806105923991114,0.22,5,3,1.0,2,60,1.0,Kluivert
2448,11,Justin_Kluivert,MID,91,0.0,0.21588678385407178,0.10167116920758097,0.09,2.47838348172896e-05,1.9700000000000002,0.0,0.1492881486069769,0.1714654190081598,0.22,5,3,1.0,2,60,1.0,Kluivert
2449,12,Justin_Kluivert,MID,91,0.0,0.21579159444979212,0.10164157087511169,0.09,1.604259332499089e-05,1.9700000000000002,0.0,0.150834818620813,0.1861354269404155,0.22,5,3,1.0,2,60,1.0,Kluivert
2450,6,Jérémy_Doku,MID,43,16.315179591618257,0.11702527742607752,0.2039180926041761,0.0,0.00025073199226612064,8.202,0.0,0.162531339725311,0.1137100266743979,0.0,5,3,1.0,2,74,0.7,Doku
2451,7,Jérémy_Doku,MID,43,9.481420002254527,0.11408178950642585,0.2011701873744319,0.0,6.133417288733516e-05,8.202,0.0,0.150737295523736,0.1390624159116826,0.0,5,3,1.0,2,74,0.7,Doku
2452,8,Jérémy_Doku,MID,43,9.533983567824125,0.11406629472492871,0.20112313738941118,0.0,8.010532611782595e-05,8.202,0.0,0.1477429617751006,0.2046314411489814,0.0,5,3,1.0,2,74,0.7,Doku
2453,9,Jérémy_Doku,MID,43,9.58526616139568,0.11405014926349896,0.20107617360801192,0.0,5.936643855628295e-05,8.202,0.0,0.1614820231045773,0.1551187159815836,0.0,5,3,1.0,2,74,0.7,Doku
2454,10,Jérémy_Doku,MID,43,9.637818270313396,0.11403424897257156,0.20102825262593446,0.0,8.715770946147478e-05,8.202,0.0,0.1678163049268733,0.1529825499215968,0.0,5,3,1.0,2,74,0.7,Doku
2455,11,Jérémy_Doku,MID,43,9.68862442001469,0.11401875885848925,0.2009811836598013,0.0,5.667490531461455e-05,8.202,0.0,0.1162593608860656,0.17672170864813,0.0,5,3,1.0,2,74,0.7,Doku
2456,12,Jérémy_Doku,MID,43,9.73995232437883,0.11400234558305383,0.20093377735137094,0.0,6.617904096990378e-05,8.202,0.0,0.1288957249246875,0.0569416754282649,0.0,5,3,1.0,2,74,0.7,Doku
2457,6,Jørgen_Strand Larsen,FWD,31,57.04139210733183,0.19188993613357816,0.06999996110080645,0.0,0.0013595141646280862,1.0,0.0,0.3397560761522099,0.0551267835339054,0.1,4,3,0.0,2,60,0.6,Strand Larsen
2458,7,Jørgen_Strand Larsen,FWD,31,53.50189788022264,0.19531316793855363,0.07193722610373904,0.0,0.0006785995690374027,1.0,0.0,0.2378841599042031,0.0988234500197675,0.1,4,3,0.0,2,60,0.6,Strand Larsen
2459,8,Jørgen_Strand Larsen,FWD,31,53.41646653581472,0.19534168085367684,0.07194851386324812,0.0,0.0011328988495066744,1.0,0.0,0.2701720012960522,0.1526573698912118,0.1,4,3,0.0,2,60,0.6,Strand Larsen
2460,9,Jørgen_Strand Larsen,FWD,31,53.33100733302759,0.1953684569601403,0.07195933435393088,0.0,0.0014279342967391192,1.0,0.0,0.1816445166652931,0.0735228775864095,0.1,4,3,0.0,2,60,0.6,Strand Larsen
2461,10,Jørgen_Strand Larsen,FWD,31,53.24549875340684,0.19539627293204573,0.07197036964131356,0.0,0.001534727185292718,1.0,0.0,0.3273316394954414,0.1139094893887378,0.1,4,3,0.0,2,60,0.6,Strand Larsen
2462,11,Jørgen_Strand Larsen,FWD,31,53.1604883587512,0.19542243493292663,0.07198107669289724,0.0,0.0006586393268581677,1.0,0.0,0.2767363309065365,0.1027633521295426,0.1,4,3,0.0,2,60,0.6,Strand Larsen
2463,12,Jørgen_Strand Larsen,FWD,31,53.07436267069886,0.19545005742986823,0.07199218753785322,0.0,0.000636826181379117,1.0,0.0,0.2767363309065365,0.1027633521295426,0.1,4,3,0.0,2,60,0.6,Strand Larsen
2464,6,Kaden_Braithwaite,DEF,43,0.3,0.0392182041440118,0.0558629057777729,0.0,0.0003753971720028365,4.18375,0.0,0.0345883844346893,0.02331174536266,0.1,6,3,4.0,2,40,0.2,Braithwaite
2465,7,Kaden_Braithwaite,DEF,43,0.3,0.0382177882457405,0.0550519442819198,0.0,0.0001765094906855377,4.18375,0.0,0.0440900662312232,0.0342011051202082,0.1,6,3,4.0,2,40,0.2,Braithwaite
2466,8,Kaden_Braithwaite,DEF,43,0.3,0.0382125219677149,0.0550380588954009,0.0,0.0002262515329272919,4.18375,0.0,0.0430008805695656,0.0202850875521248,0.1,6,3,4.0,2,40,0.2,Braithwaite
2467,9,Kaden_Braithwaite,DEF,43,0.3,0.0382070345403022,0.0550241989492855,0.0,0.00016964686129569565,4.18375,0.0,0.0265768898928847,0.0315855885698299,0.1,6,3,4.0,2,40,0.2,Braithwaite
2468,10,Kaden_Braithwaite,DEF,43,0.3,0.0382016304400425,0.0550100565142089,0.0,0.00024291337984357568,4.18375,0.0,0.0550530308978321,0.0334376008273799,0.1,6,3,4.0,2,40,0.2,Braithwaite
2469,11,Kaden_Braithwaite,DEF,43,0.3,0.0381963657483512,0.0549961655259861,0.0,0.00016094179197126778,4.18375,0.0,0.0323786694324084,0.0238084655632736,0.1,6,3,4.0,2,40,0.2,Braithwaite
2470,12,Kaden_Braithwaite,DEF,43,0.3,0.0381907872978407,0.0549821749813409,0.0,0.00018558037556717393,4.18375,0.0,0.0283871455110724,0.0678417594345503,0.1,6,3,4.0,2,40,0.2,Braithwaite
2471,6,Kai_Andrews,MID,9,0.0,0.0751217186461772,0.0845185481976734,0.0,5.608292597514651e-05,2.6258925714724732,0.0,0.0772167805063861,0.0863082180546789,0.1,5,3,1.0,2,45,0.3,Andrews
2472,7,Kai_Andrews,MID,9,0.0,0.0609163527285343,0.0790093075792505,0.0,7.124563273314249e-05,2.6258925714724732,0.0,0.0518416411242582,0.115884505791489,0.1,5,3,1.0,2,45,0.3,Andrews
2473,8,Kai_Andrews,MID,9,0.0,0.060917707145498,0.0789286612465272,0.0,3.1522676263690765e-05,2.6258925714724732,0.0,0.0936735501911697,0.0888189627888669,0.1,5,3,1.0,2,45,0.3,Andrews
2474,9,Kai_Andrews,MID,9,0.0,0.0629555296771526,0.081690905318034,0.0,4.1379320336648034e-05,2.6258925714724732,0.0,0.085880677692756,0.1056084642760237,0.1,5,3,1.0,2,45,0.3,Andrews
2475,10,Kai_Andrews,MID,9,0.0,0.0629940262009423,0.0817732157157797,0.0,6.007606130331017e-05,2.6258925714724732,0.0,0.1053742839427626,0.1147639713719944,0.1,5,3,1.0,2,45,0.3,Andrews
2476,11,Kai_Andrews,MID,9,0.0,0.0630320985594488,0.0818549926329023,0.0,4.205017572506517e-05,2.6258925714724732,0.0,0.0822560971477504,0.1524742200371775,0.1,5,3,1.0,2,45,0.3,Andrews
2477,12,Kai_Andrews,MID,9,0.0,0.0630710068462864,0.0819377190469377,0.0,4.5941694434561415e-05,2.6258925714724732,0.0,0.0928778036155075,0.1172272670252035,0.1,5,3,1.0,2,45,0.3,Andrews
2478,6,Kai_Havertz,FWD,3,60.84757398129093,0.2260081242155027,0.09930702991743105,0.0,0.0019337257883519996,1.556,0.0,0.3479730393459483,0.0845739406189787,0.18,4,3,0.0,2,76,8.5,Havertz
2479,7,Kai_Havertz,FWD,3,60.43518718741208,0.22712418681857646,0.0994038847149854,0.0,0.0019755851111212357,1.556,0.0,0.3397560761522099,0.0551267835339054,0.18,4,3,0.0,2,76,8.5,Havertz
2480,8,Kai_Havertz,FWD,3,60.02254148867795,0.22825826502798982,0.09950107099059953,0.0,0.0023483056783427446,1.556,0.0,0.2321652746293105,0.0710294967935649,0.18,4,3,0.0,2,76,8.5,Havertz
2481,9,Kai_Havertz,FWD,3,59.62164387526049,0.2293790214823704,0.09959568245650673,0.0,0.0029090729430388067,1.556,0.0,0.3273316394954414,0.1139094893887378,0.18,4,3,0.0,2,76,8.5,Havertz
2482,10,Kai_Havertz,FWD,3,59.56466142725967,0.2294150672795036,0.09956906652189311,0.0,0.0012202573744327266,1.556,0.0,0.2767363309065365,0.1027633521295426,0.18,4,3,0.0,2,76,8.5,Havertz
2483,11,Kai_Havertz,FWD,3,59.50772133118876,0.229450058259057,0.09954201017046925,0.0,0.0020941459199902814,1.556,0.0,0.2701720012960522,0.1526573698912118,0.18,4,3,0.0,2,76,8.5,Havertz
2484,12,Kai_Havertz,FWD,3,59.46711193174814,0.2294909610554338,0.09952718624834085,0.0,0.002455452631103716,1.556,0.0,0.2852550995514115,0.114829839288796,0.18,4,3,0.0,2,76,8.5,Havertz
2485,6,Kaine_Kesler-Hayden,DEF,9,0.0,0.0500540736314892,0.0814570286882082,0.0,0.0009818396008463431,3.0185996721588504,0.0,0.0441562832773488,0.040413775623652,0.1,6,3,4.0,2,39,0.0,Kesler-Hayden
2486,7,Kaine_Kesler-Hayden,DEF,9,0.0,0.040862063391523,0.0765785847102206,0.0,0.0012309669776377858,3.0185996721588504,0.0,0.052493727298415,0.0268053738104255,0.1,6,3,4.0,2,39,0.0,Kesler-Hayden
2487,8,Kaine_Kesler-Hayden,DEF,9,0.0,0.0408629398078484,0.0765071722155648,0.0,0.0005693309401102349,3.0185996721588504,0.0,0.0323786694324084,0.0238084655632736,0.1,6,3,4.0,2,39,0.0,Kesler-Hayden
2488,9,Kaine_Kesler-Hayden,DEF,9,0.0,0.0421815743074313,0.0789531450618609,0.0,0.00073650874752947,3.0185996721588504,0.0,0.0366746478210848,0.040303852137383,0.1,6,3,4.0,2,39,0.0,Kesler-Hayden
2489,10,Kaine_Kesler-Hayden,DEF,9,0.0,0.0422064846436331,0.0790260310895406,0.0,0.0010477865854698917,3.0185996721588504,0.0,0.0459456519173773,0.0386203456380479,0.1,6,3,4.0,2,39,0.0,Kesler-Hayden
2490,11,Kaine_Kesler-Hayden,DEF,9,0.0,0.0422311205109018,0.0790984447190236,0.0,0.0007477987769335486,3.0185996721588504,0.0,0.0576745797658112,0.0527526549054485,0.1,6,3,4.0,2,39,0.0,Kesler-Hayden
2491,12,Kaine_Kesler-Hayden,DEF,9,0.0,0.0422562972907965,0.0791716991299894,0.0,0.0008130942225110731,3.0185996721588504,0.0,0.07078655240023,0.0561971162677075,0.1,6,3,4.0,2,39,0.0,Kesler-Hayden
2492,6,Kalvin_Phillips,MID,43,0.0,0.0432431900599372,0.06202452096872778,0.0,,2.64,0.0,0.0369063418813318,0.0691813954789699,0.2,5,3,1.0,2,50,0.0,Phillips
2493,7,Kalvin_Phillips,MID,43,0.0,0.0423148907310629,0.06126140828301202,0.0,,2.64,0.0,0.0568772559482958,0.0901681033145862,0.2,5,3,1.0,2,50,0.0,Phillips
2494,8,Kalvin_Phillips,MID,43,0.0,0.0423100040810553,0.061248342169943966,0.0,,2.64,0.0,0.0452432190095615,0.0673878343702392,0.2,5,3,1.0,2,50,0.0,Phillips
2495,9,Kalvin_Phillips,MID,43,0.0,0.0423049122235656,0.06123529999623032,0.0,,2.64,0.0,0.0339066031345481,0.0862882361652565,0.2,5,3,1.0,2,50,0.0,Phillips
2496,10,Kalvin_Phillips,MID,43,0.0,0.0422998976864587,0.061221992001129426,0.0,,2.64,0.0,0.0745833114716031,0.0768185326234935,0.2,5,3,1.0,2,50,0.0,Phillips
2497,11,Kalvin_Phillips,MID,43,0.0,0.042295012508432,0.061208920616872435,0.0,,2.64,0.0,0.043644761687276,0.0738034067651066,0.2,5,3,1.0,2,50,0.0,Phillips
2498,12,Kalvin_Phillips,MID,43,0.0,0.0422898361893891,0.06119575555027748,0.0,,2.64,0.0,0.0502408361290219,0.1066747570632133,0.2,5,3,1.0,2,50,0.0,Phillips
2499,6,Karl_Darlow,GKP,1,23.697130432380654,0.0,0.00077397319415036,0.0,,5.048,0.6325308660869651,0.0,0.0,0.05,0,0,4.0,1,45,0.0,Darlow
2500,7,Karl_Darlow,GKP,1,23.17891626943034,0.0,0.000773968884857388,0.0,,5.048,0.5610860567181738,0.0,0.0,0.05,0,0,4.0,1,45,0.0,Darlow
2501,8,Karl_Darlow,GKP,1,21.960525924729424,0.0,0.00077396978882602,0.0,,5.048,0.7512722047012058,0.0,0.0,0.05,0,0,4.0,1,45,0.0,Darlow
2502,9,Karl_Darlow,GKP,1,21.83365815738894,0.0,0.0007739703888225121,0.0,,5.048,0.6498174737423494,0.0,0.0,0.05,0,0,4.0,1,45,0.0,Darlow
2503,10,Karl_Darlow,GKP,1,21.85299370127575,0.0,0.0007739704906270441,0.0,,5.048,0.6197433636681713,0.0,0.0,0.05,0,0,4.0,1,45,0.0,Darlow
2504,11,Karl_Darlow,GKP,1,21.87593942097233,0.0,0.000773970574866844,0.0,,5.048,0.7227966240041566,0.0,0.0,0.05,0,0,4.0,1,45,0.0,Darlow
2505,12,Karl_Darlow,GKP,1,21.89897934345099,0.0,0.000773970658538176,0.0,,5.048,0.566601937723192,0.0,0.0,0.05,0,0,4.0,1,45,0.0,Darlow
2506,6,Kasey_McAteer,MID,40,39.464433149536426,0.0724819894490424,0.24472499372441286,0.0,0.0038123553762699825,1.0,0.0,0.1378368916813487,0.1417324710647552,0.0698217567378857,5,3,1.0,2,45,1.0,McAteer
2507,7,Kasey_McAteer,MID,40,36.25156842901509,0.0720102551333959,0.2346045518051827,0.0,0.005983139354800826,1.0,0.0,0.09886899903714,0.1282297948275641,0.0698217567378857,5,3,1.0,2,45,1.0,McAteer
2508,8,Kasey_McAteer,MID,40,36.07680247818466,0.0718006295672058,0.23409392411407398,0.0,0.004350932036118483,1.0,0.0,0.0757386597383645,0.1958612735530401,0.0698217567378857,5,3,1.0,2,45,1.0,McAteer
2509,9,Kasey_McAteer,MID,40,37.55049504612958,0.0719167614936611,0.2358128100653677,0.0,0.0033138177047305787,1.0,0.0,0.1268997194477113,0.1551143810956354,0.0698217567378857,5,3,1.0,2,45,1.0,McAteer
2510,10,Kasey_McAteer,MID,40,37.52901728359696,0.0718928374678708,0.23578290149607756,0.0,0.005961188970008499,1.0,0.0,0.0553819610582226,0.1857348552224726,0.0698217567378857,5,3,1.0,2,45,1.0,McAteer
2511,11,Kasey_McAteer,MID,40,37.50929221441897,0.0718697150557654,0.23575440181849644,0.0,0.007216975653645055,1.0,0.0,0.1186409762327798,0.0988612668204811,0.0698217567378857,5,3,1.0,2,45,1.0,McAteer
2512,12,Kasey_McAteer,MID,40,37.49071718232494,0.0718463516328308,0.23572479497813578,0.0,0.004578103296203705,1.0,0.0,0.1528638217362915,0.0934867601094268,0.0698217567378857,5,3,1.0,2,45,1.0,McAteer
2513,6,Kaye_Furo,FWD,94,0.0,0.1863056873300157,0.0928779833547767,0.0,2.3359161418441447e-05,1.4220000000000002,0.0,0.2104660919951334,0.0966017152127772,0.1,4,3,0.0,2,45,0.9,Furo
2514,7,Kaye_Furo,FWD,94,0.0,0.1860716433518677,0.0931385948374798,0.0,3.99022770088045e-05,1.4220000000000002,0.0,0.3273316394954414,0.1139094893887378,0.1,4,3,0.0,2,45,0.9,Furo
2515,8,Kaye_Furo,FWD,94,0.0,0.1860003380053439,0.0932194158514692,0.0,1.6800299365244452e-05,1.4220000000000002,0.0,0.2767363309065365,0.1027633521295426,0.1,4,3,0.0,2,45,0.9,Furo
2516,9,Kaye_Furo,FWD,94,0.0,0.1859295677989375,0.0933001855738275,0.0,2.5181144715303243e-05,1.4220000000000002,0.0,0.3397560761522099,0.0551267835339054,0.1,4,3,0.0,2,45,0.9,Furo
2517,10,Kaye_Furo,FWD,94,0.0,0.185933177281634,0.0932961499280495,0.0,1.7232252489262313e-05,1.4220000000000002,0.0,0.2378841599042031,0.0988234500197675,0.1,4,3,0.0,2,45,0.9,Furo
2518,11,Kaye_Furo,FWD,94,0.0,0.185912485633859,0.0931376831754125,0.0,3.10645405884746e-05,1.4220000000000002,0.0,0.2321652746293105,0.0710294967935649,0.1,4,3,0.0,2,45,0.9,Furo
2519,12,Kaye_Furo,FWD,94,0.0,0.1859175332983089,0.0931235398667565,0.0,2.667354596616036e-05,1.4220000000000002,0.0,0.1582373678053648,0.1067667619926839,0.1,4,3,0.0,2,45,0.9,Furo
2520,6,Kayne_van Oevelen,GKP,40,0.0,0.0,0.0015395275116956,0.0,1.0035536982895418e-05,3.354721318925929,0.7832731782726394,0.0,0.0,0.1,0,0,4.0,1,45,0.0,Van Oevelen
2521,7,Kayne_van Oevelen,GKP,40,0.0,0.0,0.0014779018626111,0.0,2.019967706184779e-05,3.354721318925929,0.847393061943882,0.0,0.0,0.1,0,0,4.0,1,45,0.0,Van Oevelen
2522,8,Kayne_van Oevelen,GKP,40,0.0,0.0,0.0014747925356512,0.0,1.5147853930625208e-05,3.354721318925929,0.7312932126011511,0.0,0.0,0.1,0,0,4.0,1,45,0.0,Van Oevelen
2523,9,Kayne_van Oevelen,GKP,40,0.0,0.0,0.0014852592191514,0.0,1.0327144970840968e-05,3.354721318925929,0.6893169111357466,0.0,0.0,0.1,0,0,4.0,1,45,0.0,Van Oevelen
2524,10,Kayne_van Oevelen,GKP,40,0.0,0.0,0.0014850770991402,0.0,1.8072141378973503e-05,3.354721318925929,0.8765107592075493,0.0,0.0,0.1,0,0,4.0,1,45,0.0,Van Oevelen
2525,11,Kayne_van Oevelen,GKP,40,0.0,0.0,0.0014849035581878,0.0,2.170952762602468e-05,3.354721318925929,0.7538444537424532,0.0,0.0,0.1,0,0,4.0,1,45,0.0,Van Oevelen
2526,12,Kayne_van Oevelen,GKP,40,0.0,0.0,0.0014847232754719,0.0,1.4108657033012533e-05,3.354721318925929,0.7404681812631166,0.0,0.0,0.1,0,0,4.0,1,45,0.0,Van Oevelen
2527,6,Keane_Lewis-Potter,MID,94,72.95946690918673,0.08037754014370883,0.12960928004237368,0.0,0.009442526776619905,3.4640000000000004,0.0,0.0454524963808904,0.0781006254281835,0.02,5,3,1.0,2,55,1.7,Lewis-Potter
2528,7,Keane_Lewis-Potter,MID,94,73.2822761269448,0.08027985361211276,0.1299617578667958,0.0,0.016506930596752338,3.4640000000000004,0.0,0.0212858080619217,0.1123301891473402,0.02,5,3,1.0,2,55,1.7,Lewis-Potter
2529,8,Keane_Lewis-Potter,MID,94,73.32014413404309,0.08025009180392062,0.13007106853447278,0.0,0.007027684649243631,3.4640000000000004,0.0,0.0432402221981642,0.1043281347865106,0.02,5,3,1.0,2,55,1.7,Lewis-Potter
2530,9,Keane_Lewis-Potter,MID,94,73.36098210271211,0.08022055335538254,0.1301803098300626,0.0,0.01054038860392347,3.4640000000000004,0.0,0.0285964169370974,0.1492089246577317,0.02,5,3,1.0,2,55,1.7,Lewis-Potter
2531,10,Keane_Lewis-Potter,MID,94,73.26576756853126,0.08022205990064069,0.1301748516068515,0.0,0.007172590361452233,3.4640000000000004,0.0,0.0412327183450526,0.0602148218469212,0.02,5,3,1.0,2,55,1.7,Lewis-Potter
2532,11,Keane_Lewis-Potter,MID,94,72.85093398214194,0.08021342350965065,0.1299605248410721,0.0,0.012406318501939448,3.4640000000000004,0.0,0.0485686283444027,0.1304268182787266,0.02,5,3,1.0,2,55,1.7,Lewis-Potter
2533,12,Keane_Lewis-Potter,MID,94,72.7371094343021,0.08021553033092703,0.12994139597302107,0.0,0.010560902576731614,3.4640000000000004,0.0,0.0428987940978528,0.0818561894866903,0.02,5,3,1.0,2,55,1.7,Lewis-Potter
2534,6,Kenny_Tete,DEF,54,52.027282309289696,0.04836211947889002,0.08202728072334886,0.0,0.017386663998746638,2.324,0.0,0.0462278002486011,0.089997557499349,0.18,6,3,4.0,2,44,0.2,Tete
2535,7,Kenny_Tete,DEF,54,52.29426957845303,0.04846037446251609,0.08204222961900672,0.0,0.01666939127816439,2.324,0.0,0.0462278002486011,0.089997557499349,0.18,6,3,4.0,2,44,0.2,Tete
2536,8,Kenny_Tete,DEF,54,52.31417252601671,0.04853086045773414,0.08201329522114453,0.0,0.01710519947398803,2.324,0.0,0.0462278002486011,0.089997557499349,0.18,6,3,4.0,2,44,0.2,Tete
2537,9,Kenny_Tete,DEF,54,52.332565150210485,0.048601481818047805,0.0819845627365682,0.0,0.02272416195120048,2.324,0.0,0.0348944706518137,0.102631454475445,0.18,6,3,4.0,2,44,0.2,Tete
2538,10,Kenny_Tete,DEF,54,52.35179281571796,0.04867279474485224,0.08195628639661275,0.0,0.02781016801460012,2.324,0.0,0.0559678414732063,0.0548363854637644,0.18,6,3,4.0,2,44,0.2,Tete
2539,11,Kenny_Tete,DEF,54,52.369192005069415,0.04874414088954832,0.08192783539095834,0.0,0.032373490043584446,2.324,0.0,0.0339500514709614,0.0381417475700373,0.18,6,3,4.0,2,44,0.2,Tete
2540,12,Kenny_Tete,DEF,54,52.38975505130818,0.04881520711697242,0.08189860121880015,0.0,0.029086747805124553,2.324,0.0,0.0341640741201375,0.0464008608397502,0.18,6,3,4.0,2,44,0.2,Tete
2541,6,Kepa_Arrizabalaga,GKP,3,32.628740963179034,0.0,0.002686932474705496,0.0,,2.448,0.35753531702283503,0.0,0.0,0.08,0,0,4.0,1,49,0.1,Arrizabalaga
2542,7,Kepa_Arrizabalaga,GKP,3,32.18323158860895,0.0,0.0026898505804006764,0.0,,2.448,0.3992124521660956,0.0,0.0,0.08,0,0,4.0,1,49,0.1,Arrizabalaga
2543,8,Kepa_Arrizabalaga,GKP,3,31.738500544011742,0.0,0.0026927786730871323,0.0,,2.448,0.44137302009783896,0.0,0.0,0.08,0,0,4.0,1,49,0.1,Arrizabalaga
2544,9,Kepa_Arrizabalaga,GKP,3,31.306390221433112,0.0,0.002695629190195896,0.0,,2.448,0.4961191482488674,0.0,0.0,0.08,0,0,4.0,1,49,0.1,Arrizabalaga
2545,10,Kepa_Arrizabalaga,GKP,3,31.34171512301083,0.0,0.002694827287633036,0.0,,2.448,0.36585316417309954,0.0,0.0,0.08,0,0,4.0,1,49,0.1,Arrizabalaga
2546,11,Kepa_Arrizabalaga,GKP,3,31.377017872144705,0.0,0.002694012115899964,0.0,,2.448,0.4179867983977912,0.0,0.0,0.08,0,0,4.0,1,49,0.1,Arrizabalaga
2547,12,Kepa_Arrizabalaga,GKP,3,31.42983981446547,0.0,0.002693565490924456,0.0,,2.448,0.49616536090276786,0.0,0.0,0.08,0,0,4.0,1,49,0.1,Arrizabalaga
2548,6,Kevin_Danso,DEF,56,82.23629919999999,0.0468043459738359,0.050190985006469006,0.0,0.267204876150269,1.0,0.0,0.0265768898928847,0.0315855885698299,0.22,6,3,4.0,2,50,0.2,Danso
2549,7,Kevin_Danso,DEF,56,82.26029919999999,0.0468106744370346,0.05014535652415838,0.0,0.395687239042889,1.0,0.0,0.0539343394566716,0.0350964916114288,0.22,6,3,4.0,2,50,0.2,Danso
2550,8,Kevin_Danso,DEF,56,82.28729919999999,0.0468171535997934,0.05009986723466942,0.0,0.33636430977562753,1.0,0.0,0.07078655240023,0.0561971162677075,0.22,6,3,4.0,2,50,0.2,Danso
2551,9,Kevin_Danso,DEF,56,82.3112992,0.0468231342572202,0.05005426605690438,0.0,0.26844781065429474,1.0,0.0,0.0440900662312232,0.0342011051202082,0.22,6,3,4.0,2,50,0.2,Danso
2552,10,Kevin_Danso,DEF,56,82.3382992,0.0468282829748659,0.05000821215629729,0.0,0.24752999118369748,1.0,0.0,0.0456201977756334,0.02560444811066,0.22,6,3,4.0,2,50,0.2,Danso
2553,11,Kevin_Danso,DEF,56,82.3622992,0.0468323431748959,0.049961567317188385,0.0,0.3337907023014813,1.0,0.0,0.0430008805695656,0.0202850875521248,0.22,6,3,4.0,2,50,0.2,Danso
2554,12,Kevin_Danso,DEF,56,82.3892992,0.0468369189807405,0.04991520083674005,0.0,0.4502881056376369,1.0,0.0,0.052493727298415,0.0268053738104255,0.22,6,3,4.0,2,50,0.2,Danso
2555,6,Kevin_Santos Lopes de Macedo,MID,54,29.974239216643312,0.1142789614285988,0.14266809920321158,0.0,0.0007274564087249306,1.792,0.0,0.150737295523736,0.1390624159116826,0.03,5,3,1.0,2,53,0.0,Kevin
2556,7,Kevin_Santos Lopes de Macedo,MID,54,30.16476938093291,0.1145214730155622,0.14269418722007055,0.0,0.0006918225285646506,1.792,0.0,0.150737295523736,0.1390624159116826,0.03,5,3,1.0,2,53,0.0,Kevin
2557,8,Kevin_Santos Lopes de Macedo,MID,54,30.121615304073583,0.11469544557072615,0.1426436924493187,0.0,0.0007073092351008547,1.792,0.0,0.150737295523736,0.1390624159116826,0.03,5,3,1.0,2,53,0.0,Kevin
2558,9,Kevin_Santos Lopes de Macedo,MID,54,30.07696893329225,0.11486975223214055,0.1425935500468841,0.0,0.0009541899558870312,1.792,0.0,0.1477429617751006,0.2046314411489814,0.03,5,3,1.0,2,53,0.0,Kevin
2559,10,Kevin_Santos Lopes de Macedo,MID,54,30.033045212200207,0.11504576580836938,0.1425442036837576,0.0,0.0011797485220948845,1.792,0.0,0.2069194075756547,0.1443916359282739,0.03,5,3,1.0,2,53,0.0,Kevin
2560,11,Kevin_Santos Lopes de Macedo,MID,54,29.9897885495117,0.11522186137253766,0.1424945525033522,0.0,0.0013831385025848267,1.792,0.0,0.1674484816301701,0.1685309160814939,0.03,5,3,1.0,2,53,0.0,Kevin
2561,12,Kevin_Santos Lopes de Macedo,MID,54,29.946988647017,0.1153972660487798,0.14244353458245826,0.0,0.0012250423277675585,1.792,0.0,0.1697864627106199,0.0953712727396801,0.03,5,3,1.0,2,53,0.0,Kevin
2562,6,Kevin_Schade,MID,94,83.3204775,0.20440319900612863,0.07860979944076743,0.0,0.03530119411153704,1.0,0.0,0.1477429617751006,0.2046314411489814,0.18,5,3,1.0,2,61,9.5,Schade
2563,7,Kevin_Schade,MID,94,83.3204775,0.20415893342329297,0.07882383022516068,0.0,0.059127892426072415,1.0,0.0,0.162531339725311,0.1137100266743979,0.18,5,3,1.0,2,61,9.5,Schade
2564,8,Kevin_Schade,MID,94,83.3204775,0.20408451389681864,0.0788902056006437,0.0,0.02560490922032244,1.0,0.0,0.150737295523736,0.1390624159116826,0.18,5,3,1.0,2,61,9.5,Schade
2565,9,Kevin_Schade,MID,94,83.3204775,0.2040106528820981,0.07895653885216537,0.0,0.03796842871943726,1.0,0.0,0.1678163049268733,0.1529825499215968,0.18,5,3,1.0,2,61,9.5,Schade
2566,10,Kevin_Schade,MID,94,83.3204775,0.20401442000484812,0.07895322452225768,0.0,0.026248176084164118,1.0,0.0,0.1614820231045773,0.1551187159815836,0.18,5,3,1.0,2,61,9.5,Schade
2567,11,Kevin_Schade,MID,94,83.3204775,0.20399282467287846,0.07882308151007973,0.0,0.046506683060487976,1.0,0.0,0.147935998121608,0.1428338544994659,0.18,5,3,1.0,2,61,9.5,Schade
2568,12,Kevin_Schade,MID,94,83.3204775,0.20399809278833506,0.0788114661222459,0.0,0.04014494123366624,1.0,0.0,0.1396329057693053,0.09073077750478,0.18,5,3,1.0,2,61,9.5,Schade
2569,6,Kieran_Dowell,MID,88,0.0,0.1089674761836737,0.1516070280128464,0.0,0.00011576961330590505,3.218664601486081,0.0,0.1053742839427626,0.1147639713719944,0.1,5,3,1.0,2,45,0.3,Dowell
2570,7,Kieran_Dowell,MID,88,0.0,0.1087638664736325,0.1516108671211081,0.0,6.074713019849551e-05,3.218664601486081,0.0,0.0936735501911697,0.0888189627888669,0.1,5,3,1.0,2,45,0.3,Dowell
2571,8,Kieran_Dowell,MID,88,0.0,0.1091360089561145,0.1520504548770496,0.0,0.00016846448708899642,3.218664601486081,0.0,0.0790689180878473,0.1448646983763215,0.1,5,3,1.0,2,45,0.3,Dowell
2572,9,Kieran_Dowell,MID,88,0.0,0.1093752119962736,0.152080238766727,0.0,6.696918442439877e-05,3.218664601486081,0.0,0.0842332060993205,0.1188923620107288,0.1,5,3,1.0,2,45,0.3,Dowell
2573,10,Kieran_Dowell,MID,88,0.0,0.1096282175887753,0.1522201945862414,0.0,7.06096604765533e-05,3.218664601486081,0.0,0.0676432579115817,0.1324297279869411,0.1,5,3,1.0,2,45,0.3,Dowell
2574,11,Kieran_Dowell,MID,88,0.0,0.1098833121771766,0.1523607778280444,0.0,6.42222121409002e-05,3.218664601486081,0.0,0.0957882179850394,0.1113283019034307,0.1,5,3,1.0,2,45,0.3,Dowell
2575,12,Kieran_Dowell,MID,88,0.0,0.1101412803981329,0.152503562764896,0.0,8.103392297064544e-05,3.218664601486081,0.0,0.0822560971477504,0.1524742200371775,0.1,5,3,1.0,2,45,0.3,Dowell
2576,6,Kiernan_Dewsbury-Hall,MID,11,90.0,0.14184526997953797,0.188832695474217,0.0,0.10058569154632226,5.7379999999999995,0.0,0.1542164581176329,0.1806105923991114,0.18,5,3,1.0,2,66,6.1,Dewsbury-Hall
2577,7,Kiernan_Dewsbury-Hall,MID,11,90.0,0.1418146202236312,0.18883628736989347,0.0,0.0929452087863312,5.7379999999999995,0.0,0.1600751664564748,0.2071396514783118,0.18,5,3,1.0,2,66,6.1,Dewsbury-Hall
2578,8,Kiernan_Dewsbury-Hall,MID,11,90.0,0.14178243308249133,0.1888395111848551,0.0,0.1121863090898073,5.7379999999999995,0.0,0.1746046778732178,0.1224679656436583,0.18,5,3,1.0,2,66,6.1,Dewsbury-Hall
2579,9,Kiernan_Dewsbury-Hall,MID,11,90.0,0.1438165319918919,0.18844438467956168,0.0,0.16365178472199907,5.7379999999999995,0.0,0.1113458150315947,0.1892932248153172,0.18,5,3,1.0,2,66,6.1,Dewsbury-Hall
2580,10,Kiernan_Dewsbury-Hall,MID,11,90.0,0.14377556326565852,0.1884492285899103,0.0,0.10299778932418804,5.7379999999999995,0.0,0.1542164581176329,0.1806105923991114,0.18,5,3,1.0,2,66,6.1,Dewsbury-Hall
2581,11,Kiernan_Dewsbury-Hall,MID,11,90.0,0.14373585450651943,0.18845407655443314,0.0,0.23821029904012403,5.7379999999999995,0.0,0.1431241918345089,0.21431463250313,0.18,5,3,1.0,2,66,6.1,Dewsbury-Hall
2582,12,Kiernan_Dewsbury-Hall,MID,11,90.0,0.14369587675838452,0.18845858449213698,0.0,0.21482292320224552,5.7379999999999995,0.0,0.1389030075974817,0.2361507048222439,0.18,5,3,1.0,2,66,6.1,Dewsbury-Hall
2583,6,Kim_Ji-soo,DEF,94,0.4823297499999999,0.0440217632193644,0.0728596961642479,0.0,0.00027958364491542865,1.2747000913172126,0.0,0.0430008805695656,0.0202850875521248,0.1,6,3,4.0,2,44,0.0,Ji-soo
2584,7,Kim_Ji-soo,DEF,94,0.4823297499999999,0.0439668100532052,0.0730631831881734,0.0,0.0004638731618895405,1.2747000913172126,0.0,0.0345883844346893,0.02331174536266,0.1,6,3,4.0,2,44,0.0,Ji-soo
2585,8,Kim_Ji-soo,DEF,94,0.4823297499999999,0.0439500676674938,0.0731262887253384,0.0,0.0002046596777848879,1.2747000913172126,0.0,0.0440900662312232,0.0342011051202082,0.1,6,3,4.0,2,44,0.0,Ji-soo
2586,9,Kim_Ji-soo,DEF,94,0.4823297499999999,0.0439334509318592,0.0731893542136873,0.0,0.00030017206962822704,1.2747000913172126,0.0,0.0550530308978321,0.0334376008273799,0.1,6,3,4.0,2,44,0.0,Ji-soo
2587,10,Kim_Ji-soo,DEF,94,0.4823297499999999,0.0439342984328457,0.0731862031570244,0.0,0.00020963843783659231,1.2747000913172126,0.0,0.0265768898928847,0.0315855885698299,0.1,6,3,4.0,2,44,0.0,Ji-soo
2588,11,Kim_Ji-soo,DEF,94,0.4823297499999999,0.0439294400657675,0.0730624713569104,0.0,0.0003661117671410078,1.2747000913172126,0.0,0.0459456519173773,0.0386203456380479,0.1,6,3,4.0,2,44,0.0,Ji-soo
2589,12,Kim_Ji-soo,DEF,94,0.4823297499999999,0.0439306252496181,0.0730514281758616,0.0,0.00031697364354936014,1.2747000913172126,0.0,0.074235503863792,0.0216228986791694,0.1,6,3,4.0,2,44,0.0,Ji-soo
2590,6,Kjell_Scherpen,GKP,40,88.72067999999999,0.0,0.0017004140674476,0.0,,5.574129450915141,0.7711801903373856,0.0,0.0,0.1,0,0,4.0,1,45,0.6,Scherpen
2591,7,Kjell_Scherpen,GKP,40,88.72067999999999,0.0,0.0016374839719215,0.0,,5.574129450915141,0.835161173933931,0.0,0.0,0.1,0,0,4.0,1,45,0.6,Scherpen
2592,8,Kjell_Scherpen,GKP,40,88.72067999999999,0.0,0.0016343088290141,0.0,,5.574129450915141,0.719365390329363,0.0,0.0,0.1,0,0,4.0,1,45,0.6,Scherpen
2593,9,Kjell_Scherpen,GKP,40,88.72067999999999,0.0,0.0016449970635771,0.0,,5.574129450915141,0.6775578019051322,0.0,0.0,0.1,0,0,4.0,1,45,0.6,Scherpen
2594,10,Kjell_Scherpen,GKP,40,88.72067999999999,0.0,0.0016448110885833,0.0,,5.574129450915141,0.8642391253394494,0.0,0.0,0.1,0,0,4.0,1,45,0.6,Scherpen
2595,11,Kjell_Scherpen,GKP,40,88.72067999999999,0.0,0.0016446338742436,0.0,,5.574129450915141,0.7418391150209356,0.0,0.0,0.1,0,0,4.0,1,45,0.6,Scherpen
2596,12,Kjell_Scherpen,GKP,40,88.72067999999999,0.0,0.0016444497754357,0.0,,5.574129450915141,0.7285077285518884,0.0,0.0,0.1,0,0,4.0,1,45,0.6,Scherpen
2597,6,Kobbie_Mainoo,MID,1,63.91026897924274,0.04773518980628932,0.07128791132239526,0.0,0.10593207174998842,8.174,0.0,0.0607007698575154,0.1196306784306686,0.05,5,3,1.0,2,55,1.6,Mainoo
2598,7,Kobbie_Mainoo,MID,1,63.572086269393104,0.04736547560029544,0.07104975454017032,0.0,0.06847573481079543,8.174,0.0,0.1032922855340508,0.10390984845412,0.05,5,3,1.0,2,55,1.6,Mainoo
2599,8,Kobbie_Mainoo,MID,1,62.754755917161,0.0467550540130558,0.0710997131465822,0.0,0.08055645921275814,8.174,0.0,0.0527142902426278,0.1175353766708052,0.05,5,3,1.0,2,55,1.6,Mainoo
2600,9,Kobbie_Mainoo,MID,1,62.68481101206446,0.046645461904698655,0.07113287246568796,0.0,0.042058189513469665,8.174,0.0,0.0364051426726112,0.1103782551048467,0.05,5,3,1.0,2,55,1.6,Mainoo
2601,10,Kobbie_Mainoo,MID,1,62.71494068738497,0.046667547218568556,0.0711384987812934,0.0,0.0627481239853409,8.174,0.0,0.0452432190095615,0.0673878343702392,0.05,5,3,1.0,2,55,1.6,Mainoo
2602,11,Kobbie_Mainoo,MID,1,62.74753276571596,0.046688660965599905,0.07114315437033585,0.0,0.10380498626207321,8.174,0.0,0.0369063418813318,0.0691813954789699,0.05,5,3,1.0,2,55,1.6,Mainoo
2603,12,Kobbie_Mainoo,MID,1,62.78018090191964,0.0467100456499907,0.07114777853467373,0.0,0.11668629061662264,8.174,0.0,0.0655689624381491,0.1074576445370588,0.05,5,3,1.0,2,55,1.6,Mainoo
2604,6,Konstantinos_Tzolakis,GKP,88,57.0,5.840735075544678e-05,0.0017232402517027,0.0,,10.305221428571429,0.8005405657055964,0.0,0.0,0.1,0,0,4.0,1,46,12.0,Tzolakis
2605,7,Konstantinos_Tzolakis,GKP,88,57.0,5.829169969199854e-05,0.0017232823932894,0.0,,10.305221428571429,0.8010377240582105,0.0,0.0,0.1,0,0,4.0,1,46,12.0,Tzolakis
2606,8,Konstantinos_Tzolakis,GKP,88,57.0,5.8503077989451017e-05,0.0017281077131994,0.0,,10.305221428571429,0.7017876580551875,0.0,0.0,0.1,0,0,4.0,1,46,12.0,Tzolakis
2607,9,Konstantinos_Tzolakis,GKP,88,57.0,5.86389461951906e-05,0.0017284346485926,0.0,,10.305221428571429,0.8558646658420261,0.0,0.0,0.1,0,0,4.0,1,46,12.0,Tzolakis
2608,10,Konstantinos_Tzolakis,GKP,88,57.0,5.8782654301376935e-05,0.0017299709325161,0.0,,10.305221428571429,0.7843528614022347,0.0,0.0,0.1,0,0,4.0,1,46,12.0,Tzolakis
2609,11,Konstantinos_Tzolakis,GKP,88,57.0,5.892754896491004e-05,0.0017315141036043,0.0,,10.305221428571429,0.8550116824859755,0.0,0.0,0.1,0,0,4.0,1,46,12.0,Tzolakis
2610,12,Konstantinos_Tzolakis,GKP,88,57.0,5.907407586229328e-05,0.0017330814425243,0.0,,10.305221428571429,0.7097004764602874,0.0,0.0,0.1,0,0,4.0,1,46,12.0,Tzolakis
2611,6,Kosta_Nedeljkovic,DEF,7,0.0,0.0315501025787729,0.0548623199313387,0.0,0.0003260437092346189,1.7823047540065597,0.0,0.0764095249963934,0.0286394203968533,0.1,6,3,4.0,2,40,0.1,Nedeljkovic
2612,7,Kosta_Nedeljkovic,DEF,7,0.0,0.0315543108114962,0.0548127293036273,0.0,0.000214294341008235,1.7823047540065597,0.0,0.0441562832773488,0.040413775623652,0.1,6,3,4.0,2,40,0.1,Nedeljkovic
2613,8,Kosta_Nedeljkovic,DEF,7,0.0,0.0315587390077841,0.0547628667577013,0.0,0.0002500243273874337,1.7823047540065597,0.0,0.0297669938520948,0.018348571633679,0.1,6,3,4.0,2,40,0.1,Nedeljkovic
2614,9,Kosta_Nedeljkovic,DEF,7,0.0,0.0315600338320324,0.0547355511310981,0.0,0.0001242279456455546,1.7823047540065597,0.0,0.0323786694324084,0.0238084655632736,0.1,6,3,4.0,2,40,0.1,Nedeljkovic
2615,10,Kosta_Nedeljkovic,DEF,7,0.0,0.0315580728469741,0.0547302224252113,0.0,0.0001979993540479521,1.7823047540065597,0.0,0.074235503863792,0.0216228986791694,0.1,6,3,4.0,2,40,0.1,Nedeljkovic
2616,11,Kosta_Nedeljkovic,DEF,7,0.0,0.0315555003924259,0.0547237602374982,0.0,0.00016072392428269981,1.7823047540065597,0.0,0.0366746478210848,0.040303852137383,0.1,6,3,4.0,2,40,0.1,Nedeljkovic
2617,12,Kosta_Nedeljkovic,DEF,7,0.0,0.0315554074034807,0.0547182613796637,0.0,0.0001362447755831943,1.7823047540065597,0.0,0.0440900662312232,0.0342011051202082,0.1,6,3,4.0,2,40,0.1,Nedeljkovic
2618,6,Kostas_Tsimikas,DEF,14,24.688060674726103,0.0380715038133708,0.0540534247295977,0.0,0.0034959251452248803,3.4252659681661357,0.0,0.0447374524142549,0.0826325427082204,0.1,6,3,4.0,2,49,0.1,Tsimikas
2619,7,Kostas_Tsimikas,DEF,14,24.377801332643383,0.0381394633771698,0.0540268910257559,0.0,0.0044459056643790405,3.4252659681661357,0.0,0.0423145101603038,0.1030106613875299,0.1,6,3,4.0,2,49,0.1,Tsimikas
2620,8,Kostas_Tsimikas,DEF,14,24.54094666034248,0.0381652822126616,0.0540746710466656,0.0,0.0018121688837078986,3.4252659681661357,0.0,0.0412327183450526,0.0602148218469212,0.1,6,3,4.0,2,49,0.1,Tsimikas
2621,9,Kostas_Tsimikas,DEF,14,24.186176246419333,0.0381198249047093,0.0539608913949764,0.0,0.0019275975656034138,3.4252659681661357,0.0,0.0256302332947076,0.1059606075008729,0.1,6,3,4.0,2,49,0.1,Tsimikas
2622,10,Kostas_Tsimikas,DEF,14,24.34000553928628,0.0381443502661588,0.0540056918524234,0.0,0.002222196724458587,3.4252659681661357,0.0,0.0926757578609484,0.1879020492283666,0.1,6,3,4.0,2,49,0.1,Tsimikas
2623,11,Kostas_Tsimikas,DEF,14,24.490606386603595,0.0381687320995218,0.0540502635814122,0.0,0.0027273345927506724,3.4252659681661357,0.0,0.0428987940978528,0.0818561894866903,0.1,6,3,4.0,2,49,0.1,Tsimikas
2624,12,Kostas_Tsimikas,DEF,14,24.91837900573897,0.0382871604602395,0.0541681675225885,0.0,0.003256782747553438,3.4252659681661357,0.0,0.0485686283444027,0.1304268182787266,0.1,6,3,4.0,2,49,0.1,Tsimikas
2625,6,Kristoffer_Ajer,DEF,94,79.77112209527975,0.02450400884427899,0.03338436308748354,0.0,0.26931219400912654,1.0,0.0,0.0430008805695656,0.0202850875521248,0.15,6,3,4.0,2,45,4.0,Ajer
2626,7,Kristoffer_Ajer,DEF,94,80.25362256314804,0.02447137696174524,0.03347715473542418,0.0,0.40176447909336427,1.0,0.0,0.0345883844346893,0.02331174536266,0.15,6,3,4.0,2,45,4.0,Ajer
2627,8,Kristoffer_Ajer,DEF,94,80.40395417840149,0.024461435122137942,0.0335059313457198,0.0,0.2180077136510094,1.0,0.0,0.0440900662312232,0.0342011051202082,0.15,6,3,4.0,2,45,4.0,Ajer
2628,9,Kristoffer_Ajer,DEF,94,80.551465034267,0.0244515678951295,0.03353468969344725,0.0,0.297179188994442,1.0,0.0,0.0550530308978321,0.0334376008273799,0.15,6,3,4.0,2,45,4.0,Ajer
2629,10,Kristoffer_Ajer,DEF,94,80.54299610916728,0.02445207115189471,0.03353325278737401,0.0,0.22414992503951073,1.0,0.0,0.0265768898928847,0.0315855885698299,0.15,6,3,4.0,2,45,4.0,Ajer
2630,11,Kristoffer_Ajer,DEF,94,80.16208609796632,0.024449186192303147,0.03347683013489353,0.0,0.3375580063120923,1.0,0.0,0.0459456519173773,0.0386203456380479,0.15,6,3,4.0,2,45,4.0,Ajer
2631,12,Kristoffer_Ajer,DEF,94,80.12965707730973,0.024449889969408136,0.033471794359401535,0.0,0.302602820232076,1.0,0.0,0.074235503863792,0.0216228986791694,0.15,6,3,4.0,2,45,4.0,Ajer
2632,6,Kyran_Thompson,MID,4,0.0,0.106622389349387,0.1322388722870208,0.0,2.154140869700078e-05,2.9424066847032417,0.0,0.0842332060993205,0.1188923620107288,0.1,5,3,1.0,2,45,0.0,Thompson
2633,7,Kyran_Thompson,MID,4,0.0,0.1068037643617458,0.1320686911279262,0.0,2.918230438517188e-05,2.9424066847032417,0.0,0.0858497032968192,0.1237171984305226,0.1,5,3,1.0,2,45,0.0,Thompson
2634,8,Kyran_Thompson,MID,4,0.0,0.1069909550249113,0.1318898529033833,0.0,2.7163810796128432e-05,2.9424066847032417,0.0,0.0822560971477504,0.1524742200371775,0.1,5,3,1.0,2,45,0.0,Thompson
2635,9,Kyran_Thompson,MID,4,0.0,0.1070800466133744,0.1317033155284873,0.0,3.8808476460467426e-05,2.9424066847032417,0.0,0.1053742839427626,0.1147639713719944,0.1,5,3,1.0,2,45,0.0,Thompson
2636,10,Kyran_Thompson,MID,4,0.0,0.1070410578608593,0.1315706690766174,0.0,2.0363131958222952e-05,2.9424066847032417,0.0,0.0936735501911697,0.0888189627888669,0.1,5,3,1.0,2,45,0.0,Thompson
2637,11,Kyran_Thompson,MID,4,0.0,0.106993370381991,0.1314620849845428,0.0,2.3669299401467004e-05,2.9424066847032417,0.0,0.0676432579115817,0.1324297279869411,0.1,5,3,1.0,2,45,0.0,Thompson
2638,12,Kyran_Thompson,MID,4,0.0,0.1069908348123079,0.1314349883490129,0.0,2.152806260530622e-05,2.9424066847032417,0.0,0.0957882179850394,0.1113283019034307,0.1,5,3,1.0,2,45,0.0,Thompson
2639,6,Lamare_Bogarde,MID,7,37.17270338345228,0.0191856766567615,0.03813811925632107,0.0,0.0008260705570161673,1.0,0.0,0.0655689624381491,0.1074576445370588,0.19,5,3,1.0,2,50,0.1,Bogarde
2640,7,Lamare_Bogarde,MID,7,36.8254412028013,0.0191883630697248,0.03810224397428522,0.0,0.0005138644943898064,1.0,0.0,0.0576949851966989,0.1085060286467325,0.19,5,3,1.0,2,50,0.1,Bogarde
2641,8,Lamare_Bogarde,MID,7,36.47290331330644,0.0191911899010085,0.03806617197881601,0.0,0.0005861015346298772,1.0,0.0,0.0475778188966921,0.0694586861700251,0.19,5,3,1.0,2,50,0.1,Bogarde
2642,9,Lamare_Bogarde,MID,7,36.23320602020677,0.0191920164790223,0.038046411071289706,0.0,0.0002739970831759186,1.0,0.0,0.043644761687276,0.0738034067651066,0.19,5,3,1.0,2,50,0.1,Bogarde
2643,10,Lamare_Bogarde,MID,7,36.1047029023537,0.0191907646433878,0.03804255613265721,0.0,0.00044320251077669277,1.0,0.0,0.0851448500107218,0.0764877641077813,0.19,5,3,1.0,2,50,0.1,Bogarde
2644,11,Lamare_Bogarde,MID,7,35.98325978015376,0.0191891224634752,0.038037881200770354,0.0,0.00035171037997672216,1.0,0.0,0.0654788007538232,0.0801186101343322,0.19,5,3,1.0,2,50,0.1,Bogarde
2645,12,Lamare_Bogarde,MID,7,35.84451433829816,0.0191890631020462,0.03803390316934,0.0,0.0002917514000728177,1.0,0.0,0.0568772559482958,0.0901681033145862,0.19,5,3,1.0,2,50,0.1,Bogarde
2646,6,Leif_Davis,DEF,40,53.74143314953643,0.1202941786897377,0.11943183411149443,0.0,0.004239886455887637,1.0,0.0,0.0841595919386824,0.0794094087227066,0.16,6,3,4.0,2,40,6.9,Davis
2647,7,Leif_Davis,DEF,40,50.55556842901508,0.1195338912796701,0.11548586982135192,0.0,0.006628913541613619,1.0,0.0,0.0447374524142549,0.0826325427082204,0.16,6,3,4.0,2,40,6.9,Davis
2648,8,Leif_Davis,DEF,40,50.40780247818466,0.119196040770355,0.11528677588348306,0.0,0.0049202511275900085,1.0,0.0,0.0285964169370974,0.1492089246577317,0.16,6,3,4.0,2,40,6.9,Davis
2649,9,Leif_Davis,DEF,40,51.90849504612959,0.1193832089255268,0.11595697019285849,0.0,0.003778513669216444,1.0,0.0,0.0432402221981642,0.1043281347865106,0.16,6,3,4.0,2,40,6.9,Davis
2650,10,Leif_Davis,DEF,40,51.91701728359696,0.1193446509173363,0.11594530882991308,0.0,0.006601375416949784,1.0,0.0,0.0510108756375665,0.0615884901660233,0.16,6,3,4.0,2,40,6.9,Davis
2651,11,Leif_Davis,DEF,40,51.92429221441897,0.1193073848583893,0.11593419679439985,0.0,0.007926396024600105,1.0,0.0,0.0507205798974058,0.0806429687371418,0.16,6,3,4.0,2,40,6.9,Davis
2652,12,Leif_Davis,DEF,40,51.932717182324936,0.1192697303657564,0.11592265307568282,0.0,0.005165926427991879,1.0,0.0,0.0454524963808904,0.0781006254281835,0.16,6,3,4.0,2,40,6.9,Davis
2653,6,Leny_Yoro,DEF,1,24.10968308339149,0.03120618725678443,0.026564540066568793,0.0,0.004847300224228885,1.0,0.0,0.052493727298415,0.0268053738104255,0.08,6,3,4.0,2,48,0.5,Yoro
2654,7,Leny_Yoro,DEF,1,23.474658185903152,0.0309545130423938,0.026475139491940813,0.0,0.003049023255471643,1.0,0.0,0.07078655240023,0.0561971162677075,0.08,6,3,4.0,2,48,0.5,Yoro
2655,8,Leny_Yoro,DEF,1,22.060190163877124,0.030538982962875855,0.02649389322248383,0.0,0.0034377438584724373,1.0,0.0,0.0539343394566716,0.0350964916114288,0.08,6,3,4.0,2,48,0.5,Yoro
2656,9,Leny_Yoro,DEF,1,21.86058503184889,0.030464380723288956,0.026506340746147133,0.0,0.0017844046223238486,1.0,0.0,0.0456201977756334,0.02560444811066,0.08,6,3,4.0,2,48,0.5,Yoro
2657,10,Leny_Yoro,DEF,1,21.824343981522897,0.03047941477912913,0.026508452782778896,0.0,0.002636117040316552,1.0,0.0,0.0430008805695656,0.0202850875521248,0.08,6,3,4.0,2,48,0.5,Yoro
2658,11,Leny_Yoro,DEF,1,21.792171372088603,0.030493787463788814,0.026510200422849222,0.0,0.004357394563791443,1.0,0.0,0.0345883844346893,0.02331174536266,0.08,6,3,4.0,2,48,0.5,Yoro
2659,12,Leny_Yoro,DEF,1,21.760136745660542,0.030508344582657325,0.02651193626654474,0.0,0.004888631490071984,1.0,0.0,0.0764095249963934,0.0286394203968533,0.08,6,3,4.0,2,48,0.5,Yoro
2660,6,Leo_Fuhr Hjelde,DEF,56,0.0,0.0560997796724663,0.0546734688299906,0.0,0.0005376439647737626,1.8494000469791327,0.0,0.0265768898928847,0.0315855885698299,0.1,6,3,4.0,2,40,0.0,Hjelde
2661,7,Leo_Fuhr Hjelde,DEF,56,0.0,0.0561071564851637,0.0546248485117226,0.0,0.0009182288794405408,1.8494000469791327,0.0,0.0539343394566716,0.0350964916114288,0.1,6,3,4.0,2,40,0.0,Hjelde
2662,8,Leo_Fuhr Hjelde,DEF,56,0.0,0.0561147089617457,0.0545763765130775,0.0,0.0007284675238167201,1.8494000469791327,0.0,0.07078655240023,0.0561971162677075,0.1,6,3,4.0,2,40,0.0,Hjelde
2663,9,Leo_Fuhr Hjelde,DEF,56,0.0,0.0561216803524704,0.0545277852897,0.0,0.0005379594408790959,1.8494000469791327,0.0,0.0440900662312232,0.0342011051202082,0.1,6,3,4.0,2,40,0.0,Hjelde
2664,10,Leo_Fuhr Hjelde,DEF,56,0.0,0.0561276819873873,0.054478711658678,0.0,0.0004836798799893417,1.8494000469791327,0.0,0.0456201977756334,0.02560444811066,0.1,6,3,4.0,2,40,0.0,Hjelde
2665,11,Leo_Fuhr Hjelde,DEF,56,0.0,0.0561324147849394,0.0544290083416228,0.0,0.0007169614669602401,1.8494000469791327,0.0,0.0430008805695656,0.0202850875521248,0.1,6,3,4.0,2,40,0.0,Hjelde
2666,12,Leo_Fuhr Hjelde,DEF,56,0.0,0.0561377486016332,0.0543796016350614,0.0,0.001102886030091738,1.8494000469791327,0.0,0.052493727298415,0.0268053738104255,0.1,6,3,4.0,2,40,0.0,Hjelde
2667,6,Leo_Shahar,DEF,4,0.0,0.0474663281149413,0.0625349380601072,0.0,0.0006002209677955925,3.4773333333333336,0.0,0.0440900662312232,0.0342011051202082,0.1,6,3,4.0,2,40,0.2,Shahar
2668,7,Leo_Shahar,DEF,4,0.0,0.0475493814349198,0.0624519519850553,0.0,0.0007999261726792892,3.4773333333333336,0.0,0.0430008805695656,0.0202850875521248,0.1,6,3,4.0,2,40,0.2,Shahar
2669,8,Leo_Shahar,DEF,4,0.0,0.0476350977959703,0.0623647444328032,0.0,0.0007474939450750565,3.4773333333333336,0.0,0.0576745797658112,0.0527526549054485,0.1,6,3,4.0,2,40,0.2,Shahar
2670,9,Leo_Shahar,DEF,4,0.0,0.047675893670263,0.0622737825150711,0.0,0.0010473595700650389,3.4773333333333336,0.0,0.0459456519173773,0.0386203456380479,0.1,6,3,4.0,2,40,0.2,Shahar
2671,10,Leo_Shahar,DEF,4,0.0,0.0476580403546596,0.0622090996296753,0.0,0.0005690988236404489,3.4773333333333336,0.0,0.0323786694324084,0.0238084655632736,0.1,6,3,4.0,2,40,0.2,Shahar
2672,11,Leo_Shahar,DEF,4,0.0,0.0476362038106401,0.0621561503627748,0.0,0.0006561870972423323,3.4773333333333336,0.0,0.0283871455110724,0.0678417594345503,0.1,6,3,4.0,2,40,0.2,Shahar
2673,12,Leo_Shahar,DEF,4,0.0,0.0476350427494913,0.0621429371290554,0.0,0.0005998689984068529,3.4773333333333336,0.0,0.0265768898928847,0.0315855885698299,0.1,6,3,4.0,2,40,0.2,Shahar
2674,6,Leon_Bailey,MID,7,0.0,0.08736458109804592,0.22496695098950897,0.0,0.0001857913142412341,1.508,0.0,0.1240191589748917,0.1296590777735466,0.12,5,3,1.0,2,54,0.1,Bailey
2675,7,Leon_Bailey,MID,7,0.0,0.08737697061222302,0.22476216952244826,0.0,0.00011919120612894854,1.508,0.0,0.0971874929788598,0.199350807499842,0.12,5,3,1.0,2,54,0.1,Bailey
2676,8,Leon_Bailey,MID,7,0.0,0.08739000772406895,0.22455626518573513,0.0,0.00014030108220213928,1.508,0.0,0.09886899903714,0.1282297948275641,0.12,5,3,1.0,2,54,0.1,Bailey
2677,9,Leon_Bailey,MID,7,0.0,0.08739381983343555,0.22444346697470954,0.0,6.699565988533541e-05,1.508,0.0,0.1378368916813487,0.1417324710647552,0.12,5,3,1.0,2,54,0.1,Bailey
2678,10,Leon_Bailey,MID,7,0.0,0.08738804647112929,0.22442146240934313,0.0,0.00010963116528497343,1.508,0.0,0.0876286497141699,0.1962911969242959,0.12,5,3,1.0,2,54,0.1,Bailey
2679,11,Leon_Bailey,MID,7,0.0,0.0873804728733294,0.22439477720003279,0.0,8.794330924176553e-05,1.508,0.0,0.0817530645115434,0.1446965004790163,0.12,5,3,1.0,2,54,0.1,Bailey
2680,12,Leon_Bailey,MID,7,0.0,0.08738019910333368,0.22437207000259504,0.0,7.38576816017765e-05,1.508,0.0,0.1268997194477113,0.1551143810956354,0.12,5,3,1.0,2,54,0.1,Bailey
2681,6,Leon_Goretzka,MID,7,0.0,0.0756832528082341,0.1085156705163555,0.0,9.340558905972413e-05,3.697937187998697,0.0,0.0790689180878473,0.1448646983763215,0.1,5,3,1.0,2,59,0.0,Goretzka
2682,7,Leon_Goretzka,MID,7,0.0,0.0756931457402047,0.1084186866693288,0.0,5.99212016729531e-05,3.697937187998697,0.0,0.0772167805063861,0.0863082180546789,0.1,5,3,1.0,2,59,0.0,Goretzka
2683,8,Leon_Goretzka,MID,7,0.0,0.075703555773943,0.1083211710348305,0.0,7.053439366397482e-05,3.697937187998697,0.0,0.0428645627319718,0.1349551016015938,0.1,5,3,1.0,2,59,0.0,Goretzka
2684,9,Leon_Goretzka,MID,7,0.0,0.0757065997140111,0.1082677501633033,0.0,3.368011321995268e-05,3.697937187998697,0.0,0.0936735501911697,0.0888189627888669,0.1,5,3,1.0,2,59,0.0,Goretzka
2685,10,Leon_Goretzka,MID,7,0.0,0.0757019897285249,0.1082573288716111,0.0,5.511485399277024e-05,3.697937187998697,0.0,0.1119957605907742,0.1332858089793131,0.1,5,3,1.0,2,59,0.0,Goretzka
2686,11,Leon_Goretzka,MID,7,0.0,0.0756959422688154,0.108244690841936,0.0,4.421132821687407e-05,3.697937187998697,0.0,0.085880677692756,0.1056084642760237,0.1,5,3,1.0,2,59,0.0,Goretzka
2687,12,Leon_Goretzka,MID,7,0.0,0.0756957236655751,0.1082339367859449,0.0,3.712990481960777e-05,3.697937187998697,0.0,0.0842332060993205,0.1188923620107288,0.1,5,3,1.0,2,59,0.0,Goretzka
2688,6,Levi_Colwill,DEF,8,85.343898,0.02211835444488832,0.021256655692448216,0.0,0.26642283172263415,1.7680000000000002,0.0,0.0539343394566716,0.0350964916114288,0.25,6,3,4.0,2,48,0.9,Colwill
2689,7,Levi_Colwill,DEF,8,85.316898,0.021970520391329542,0.021275190527266417,0.0,0.27068710888157926,1.7680000000000002,0.0,0.0459456519173773,0.0386203456380479,0.25,6,3,4.0,2,48,0.9,Colwill
2690,8,Levi_Colwill,DEF,8,85.289898,0.02175220316012793,0.02129786810543731,0.0,0.3063300062467412,1.7680000000000002,0.0,0.052493727298415,0.0268053738104255,0.25,6,3,4.0,2,48,0.9,Colwill
2691,9,Levi_Colwill,DEF,8,85.262898,0.021718799439054907,0.02131017626778312,0.0,0.2405279492025894,1.7680000000000002,0.0,0.074235503863792,0.0216228986791694,0.25,6,3,4.0,2,48,0.9,Colwill
2692,10,Levi_Colwill,DEF,8,85.23589799999999,0.021753123878012072,0.02133197015956151,0.0,0.20239012039199886,1.7680000000000002,0.0,0.0366746478210848,0.040303852137383,0.25,6,3,4.0,2,48,0.9,Colwill
2693,11,Levi_Colwill,DEF,8,85.208898,0.021788176242206424,0.021354055773433155,0.0,0.21927923200185573,1.7680000000000002,0.0,0.07078655240023,0.0561971162677075,0.25,6,3,4.0,2,48,0.9,Colwill
2694,12,Levi_Colwill,DEF,8,85.181898,0.021793279309785325,0.02135720927023873,0.0,0.22901631707360295,1.7680000000000002,0.0,0.0550530308978321,0.0334376008273799,0.25,6,3,4.0,2,48,0.9,Colwill
2695,6,Lewie_Coyle,DEF,88,57.0,0.0411398051113424,0.0696383204666439,0.0,0.01949061345374247,2.3359824588086187,0.0,0.0280302979206385,0.0782539555270968,0.1,6,3,4.0,2,40,0.7,Coyle
2696,7,Lewie_Coyle,DEF,88,57.0,0.041062780013743,0.069640075447544,0.0,0.010664245156155302,2.3359824588086187,0.0,0.031159434697039,0.0740471263388762,0.1,6,3,4.0,2,40,0.7,Coyle
2697,8,Lewie_Coyle,DEF,88,57.0,0.041203560681955,0.0698410252679201,0.0,0.027614214125142946,2.3359824588086187,0.0,0.0506358535297079,0.1127669562337763,0.1,6,3,4.0,2,40,0.7,Coyle
2698,9,Lewie_Coyle,DEF,88,57.0,0.0412940506566748,0.0698546404498716,0.0,0.011685582491011733,2.3359824588086187,0.0,0.0462278002486011,0.089997557499349,0.1,6,3,4.0,2,40,0.7,Coyle
2699,10,Lewie_Coyle,DEF,88,57.0,0.0413897621060535,0.0699186187941541,0.0,0.012279940112607465,2.3359824588086187,0.0,0.1077701515240741,0.0871056101039265,0.1,6,3,4.0,2,40,0.7,Coyle
2700,11,Lewie_Coyle,DEF,88,57.0,0.0414862638179056,0.0699828839535139,0.0,0.011235552757678156,2.3359824588086187,0.0,0.1174447659202134,0.0817117691611616,0.1,6,3,4.0,2,40,0.7,Coyle
2701,12,Lewie_Coyle,DEF,88,57.0,0.0415838526185217,0.070048155579088,0.0,0.013969750983912751,2.3359824588086187,0.0,0.0336892747106061,0.1962529481085647,0.1,6,3,4.0,2,40,0.7,Coyle
2702,6,Lewis_Cook,MID,91,57.14228402075233,0.030573154509979984,0.06747223040124838,0.0,0.0205932210998421,5.09,0.0,0.0364051426726112,0.1103782551048467,0.2,5,3,1.0,2,50,0.2,Cook
2703,7,Lewis_Cook,MID,91,57.17980783568957,0.030560071385891237,0.06745248773251826,0.0,0.0284892537987506,5.09,0.0,0.0654788007538232,0.0801186101343322,0.2,5,3,1.0,2,50,0.2,Cook
2704,8,Lewis_Cook,MID,91,57.216724532838896,0.030547212729529722,0.06743310716082287,0.0,0.03542307477529303,5.09,0.0,0.0851448500107218,0.0764877641077813,0.2,5,3,1.0,2,50,0.2,Cook
2705,9,Lewis_Cook,MID,91,60.61571779812101,0.030188486627025,0.06696815483407252,0.0,0.042390191714124247,5.09,0.0,0.1032922855340508,0.10390984845412,0.2,5,3,1.0,2,50,0.2,Cook
2706,10,Lewis_Cook,MID,91,60.682149793759706,0.03017402691739448,0.06694623485894229,0.0,0.03253279619471653,5.09,0.0,0.0568772559482958,0.0901681033145862,0.2,5,3,1.0,2,50,0.2,Cook
2707,11,Lewis_Cook,MID,91,60.745734488874106,0.030159727997425546,0.06692476835459821,0.0,0.04533963384215607,5.09,0.0,0.0745833114716031,0.0768185326234935,0.2,5,3,1.0,2,50,0.2,Cook
2708,12,Lewis_Cook,MID,91,60.813499992855576,0.030145581537843285,0.06690335043470046,0.0,0.029925685237887207,5.09,0.0,0.043644761687276,0.0738034067651066,0.2,5,3,1.0,2,50,0.2,Cook
2709,6,Lewis_Dunk,DEF,36,89.00099999999999,0.03654304536110307,0.02638399544015895,0.0,0.17019623891581842,3.42,0.0,0.0366746478210848,0.040303852137383,0.28,6,3,4.0,2,45,1.5,Dunk
2710,7,Lewis_Dunk,DEF,36,89.00999999999999,0.03663202155429343,0.02644936833385594,0.0,0.1725340336939198,3.42,0.0,0.0576745797658112,0.0527526549054485,0.28,6,3,4.0,2,45,1.5,Dunk
2711,8,Lewis_Dunk,DEF,36,89.01599999999999,0.036618446753497756,0.026446479955117203,0.0,0.27725385314251993,3.42,0.0,0.0345883844346893,0.02331174536266,0.28,6,3,4.0,2,45,1.5,Dunk
2712,9,Lewis_Dunk,DEF,36,89.02499999999999,0.03661377009317164,0.026439620693170195,0.0,0.24652097442747176,3.42,0.0,0.0297669938520948,0.018348571633679,0.28,6,3,4.0,2,45,1.5,Dunk
2713,10,Lewis_Dunk,DEF,36,89.03099999999999,0.0366086917781286,0.0264325447911437,0.0,0.30430839029249124,3.42,0.0,0.0764095249963934,0.0286394203968533,0.28,6,3,4.0,2,45,1.5,Dunk
2714,11,Lewis_Dunk,DEF,36,89.03999999999999,0.036604087529388304,0.026425696068639235,0.0,0.13983654434359907,3.42,0.0,0.0440900662312232,0.0342011051202082,0.28,6,3,4.0,2,45,1.5,Dunk
2715,12,Lewis_Dunk,DEF,36,89.04599999999999,0.036599305358861654,0.026418792550155723,0.0,0.217564682261487,3.42,0.0,0.0441562832773488,0.040413775623652,0.28,6,3,4.0,2,45,1.5,Dunk
2716,6,Lewis_Hall,DEF,4,83.114272,0.04007675697512639,0.12992247344009022,0.0,0.1407728469564503,4.004,0.0,0.0432402221981642,0.1043281347865106,0.1,6,3,4.0,2,52,15.9,Hall
2717,7,Lewis_Hall,DEF,4,83.117272,0.04014572795013606,0.12976317158778514,0.0,0.18059031509768264,4.004,0.0,0.0454524963808904,0.0781006254281835,0.1,6,3,4.0,2,52,15.9,Hall
2718,8,Lewis_Hall,DEF,4,83.123272,0.04021691042661587,0.1295957660971643,0.0,0.17047421881655306,4.004,0.0,0.0926757578609484,0.1879020492283666,0.1,6,3,4.0,2,52,15.9,Hall
2719,9,Lewis_Hall,DEF,4,83.129272,0.04025078903889845,0.1294211536459202,0.0,0.22652823734141805,4.004,0.0,0.0485686283444027,0.1304268182787266,0.1,6,3,4.0,2,52,15.9,Hall
2720,10,Lewis_Hall,DEF,4,83.135272,0.04023596289366262,0.12929698698965225,0.0,0.1345050941900358,4.004,0.0,0.0841595919386824,0.0794094087227066,0.1,6,3,4.0,2,52,15.9,Hall
2721,11,Lewis_Hall,DEF,4,83.138272,0.04021782890778152,0.12919534443949937,0.0,0.1524445698557799,4.004,0.0,0.0256302332947076,0.1059606075008729,0.1,6,3,4.0,2,52,15.9,Hall
2722,12,Lewis_Hall,DEF,4,83.144272,0.04021686471370111,0.1291699800322164,0.0,0.1409821283142208,4.004,0.0,0.0412327183450526,0.0602148218469212,0.1,6,3,4.0,2,52,15.9,Hall
2723,6,Lewis_Koumas,MID,14,1.5450000000000002,0.1112136790323563,0.1370719584067914,0.0,7.875962308078594e-05,6.696374260907479,0.0,0.0428645627319718,0.1349551016015938,0.1,5,3,1.0,2,50,0.0,Koumas
2724,7,Lewis_Koumas,MID,14,1.227,0.1114090478993401,0.1370055980981311,0.0,0.00010137699634798429,6.696374260907479,0.0,0.0790689180878473,0.1448646983763215,0.1,5,3,1.0,2,50,0.0,Koumas
2725,8,Lewis_Koumas,MID,14,0.906,0.1114832713986523,0.1371250950577061,0.0,3.755343166138879e-05,6.696374260907479,0.0,0.0957882179850394,0.1113283019034307,0.1,5,3,1.0,2,50,0.0,Koumas
2726,9,Lewis_Koumas,MID,14,0.588,0.1113525915906261,0.1368405342270597,0.0,4.013226047341469e-05,6.696374260907479,0.0,0.0676432579115817,0.1324297279869411,0.1,5,3,1.0,2,50,0.0,Koumas
2727,10,Lewis_Koumas,MID,14,0.27,0.1114230966352575,0.1369525793528374,0.0,4.476743402461623e-05,6.696374260907479,0.0,0.0822560971477504,0.1524742200371775,0.1,5,3,1.0,2,50,0.0,Koumas
2728,11,Lewis_Koumas,MID,14,0.0,0.1114931890680636,0.137064052432919,0.0,5.360917634792153e-05,6.696374260907479,0.0,0.1119957605907742,0.1332858089793131,0.1,5,3,1.0,2,50,0.0,Koumas
2729,12,Lewis_Koumas,MID,14,0.0,0.1118336446766461,0.137358928036241,0.0,6.243408733198324e-05,6.696374260907479,0.0,0.1053742839427626,0.1147639713719944,0.1,5,3,1.0,2,50,0.0,Koumas
2730,6,Lewis_Miley,MID,4,86.24455312817125,0.04588979044302488,0.1014576572394945,0.0,0.17692852693410802,6.718,0.0,0.0462278002486011,0.089997557499349,0.02,5,3,1.0,2,55,0.1,L.Miley
2731,7,Lewis_Miley,MID,4,85.6549240694966,0.04596517897219238,0.10132587643443948,0.0,0.21850179845771053,6.718,0.0,0.0348944706518137,0.102631454475445,0.02,5,3,1.0,2,55,0.1,L.Miley
2732,8,Lewis_Miley,MID,4,85.0288962698104,0.046042984776786915,0.10118739197863813,0.0,0.19707567692944397,6.718,0.0,0.0336892747106061,0.1962529481085647,0.02,5,3,1.0,2,55,0.1,L.Miley
2733,9,Lewis_Miley,MID,4,84.54213331430748,0.04608001569812543,0.10104294563941095,0.0,0.25498213539011205,6.718,0.0,0.0280302979206385,0.0782539555270968,0.02,5,3,1.0,2,55,0.1,L.Miley
2734,10,Lewis_Miley,MID,4,84.3101218047185,0.046063810022007476,0.10094023006085856,0.0,0.14621002961111512,6.718,0.0,0.031159434697039,0.0740471263388762,0.02,5,3,1.0,2,55,0.1,L.Miley
2735,11,Lewis_Miley,MID,4,84.12001531542097,0.046043988720027434,0.10085614731547202,0.0,0.16420701512119001,6.718,0.0,0.1077701515240741,0.0871056101039265,0.02,5,3,1.0,2,55,0.1,L.Miley
2736,12,Lewis_Miley,MID,4,84.09327543347315,0.046042934810414854,0.1008351648726245,0.0,0.15099150840333153,6.718,0.0,0.1174447659202134,0.0817117691611616,0.02,5,3,1.0,2,55,0.1,L.Miley
2737,6,Liam_Delap,FWD,17,52.19919156796578,0.2634990335271748,0.11502647616998925,0.0,0.0009977820376968654,1.0,0.0,0.508906701575971,0.1270447035747427,0.22,4,3,0.0,2,56,2.8,Delap
2738,7,Liam_Delap,FWD,17,52.17138199512421,0.2634059444145217,0.11499607525324139,0.0,0.000867358310177785,1.0,0.0,0.2686708389316911,0.1234648585781471,0.22,4,3,0.0,2,56,2.8,Delap
2739,8,Liam_Delap,FWD,17,52.14735824116147,0.2633086563633367,0.11496505043204391,0.0,0.0008209064110242169,1.0,0.0,0.2767363309065365,0.1027633521295426,0.22,4,3,0.0,2,56,2.8,Delap
2740,9,Liam_Delap,FWD,17,52.49412936258764,0.2627580236342477,0.11482610613198012,0.0,0.00212793365023326,1.0,0.0,0.3657327697364796,0.1238459952069972,0.22,4,3,0.0,2,56,2.8,Delap
2741,10,Liam_Delap,FWD,17,52.47914268130422,0.2626522796289782,0.1147931997503828,0.0,0.0016053574389110821,1.0,0.0,0.2852550995514115,0.114829839288796,0.22,4,3,0.0,2,56,2.8,Delap
2742,11,Liam_Delap,FWD,17,52.46095738087641,0.2625499125279684,0.1147613042874109,0.0,0.0014250152988265802,1.0,0.0,0.2588988784046943,0.0835343475833465,0.22,4,3,0.0,2,56,2.8,Delap
2743,12,Liam_Delap,FWD,17,52.44384307626453,0.2624463255625,0.11472862183467004,0.0,0.0007229592415605347,1.0,0.0,0.2699527724353497,0.1092810666119734,0.22,4,3,0.0,2,56,2.8,Delap
2744,6,Liam_Kitching,DEF,9,0.0,0.0593980880124997,0.0617696505442156,0.0,0.0009818396008463431,3.0185996721588504,0.0,0.0441562832773488,0.040413775623652,0.1,6,3,4.0,2,40,0.3,Kitching
2745,7,Liam_Kitching,DEF,9,0.0,0.0486508751056839,0.0581404288895575,0.0,0.0012309669776377858,3.0185996721588504,0.0,0.052493727298415,0.0268053738104255,0.1,6,3,4.0,2,40,0.3,Kitching
2746,8,Liam_Kitching,DEF,9,0.0,0.0486518998035029,0.0580873029803152,0.0,0.0005693309401102349,3.0185996721588504,0.0,0.0323786694324084,0.0238084655632736,0.1,6,3,4.0,2,40,0.3,Kitching
2747,9,Liam_Kitching,DEF,9,0.0,0.0501936349999752,0.0599069359740604,0.0,0.00073650874752947,3.0185996721588504,0.0,0.0366746478210848,0.040303852137383,0.1,6,3,4.0,2,40,0.3,Kitching
2748,10,Liam_Kitching,DEF,9,0.0,0.0502227599334503,0.0599611580889746,0.0,0.0010477865854698917,3.0185996721588504,0.0,0.0459456519173773,0.0386203456380479,0.1,6,3,4.0,2,40,0.3,Kitching
2749,11,Liam_Kitching,DEF,9,0.0,0.0502515639604008,0.0600150287726184,0.0,0.0007477987769335486,3.0185996721588504,0.0,0.0576745797658112,0.0527526549054485,0.1,6,3,4.0,2,40,0.3,Kitching
2750,12,Liam_Kitching,DEF,9,0.0,0.0502810004173641,0.0600695249389731,0.0,0.0008130942225110731,3.0185996721588504,0.0,0.07078655240023,0.0561971162677075,0.1,6,3,4.0,2,40,0.3,Kitching
2751,6,Liam_Millar,MID,88,0.0,0.1089674761836737,0.1516070280128464,0.0,0.00011576961330590505,3.218664601486081,0.0,0.1053742839427626,0.1147639713719944,0.1,5,3,1.0,2,50,0.0,Millar
2752,7,Liam_Millar,MID,88,0.0,0.1087638664736325,0.1516108671211081,0.0,6.074713019849551e-05,3.218664601486081,0.0,0.0936735501911697,0.0888189627888669,0.1,5,3,1.0,2,50,0.0,Millar
2753,8,Liam_Millar,MID,88,0.0,0.1091360089561145,0.1520504548770496,0.0,0.00016846448708899642,3.218664601486081,0.0,0.0790689180878473,0.1448646983763215,0.1,5,3,1.0,2,50,0.0,Millar
2754,9,Liam_Millar,MID,88,0.0,0.1093752119962736,0.152080238766727,0.0,6.696918442439877e-05,3.218664601486081,0.0,0.0842332060993205,0.1188923620107288,0.1,5,3,1.0,2,50,0.0,Millar
2755,10,Liam_Millar,MID,88,0.0,0.1096282175887753,0.1522201945862414,0.0,7.06096604765533e-05,3.218664601486081,0.0,0.0676432579115817,0.1324297279869411,0.1,5,3,1.0,2,50,0.0,Millar
2756,11,Liam_Millar,MID,88,0.0,0.1098833121771766,0.1523607778280444,0.0,6.42222121409002e-05,3.218664601486081,0.0,0.0957882179850394,0.1113283019034307,0.1,5,3,1.0,2,50,0.0,Millar
2757,12,Liam_Millar,MID,88,0.0,0.1101412803981329,0.152503562764896,0.0,8.103392297064544e-05,3.218664601486081,0.0,0.0822560971477504,0.1524742200371775,0.1,5,3,1.0,2,50,0.0,Millar
2758,6,Lisandro_Martínez,DEF,1,80.5862755,0.022079852637052966,0.030960498033721594,0.0,0.1663283558843195,2.778,0.0,0.052493727298415,0.0268053738104255,0.2,6,3,4.0,2,50,1.3,Martinez
2759,7,Lisandro_Martínez,DEF,1,80.5502755,0.02190523529066456,0.03085754037170333,0.0,0.11466626483524185,2.778,0.0,0.07078655240023,0.0561971162677075,0.2,6,3,4.0,2,50,1.3,Martinez
2760,8,Lisandro_Martínez,DEF,1,80.5142755,0.021616930984219632,0.030879137998551517,0.0,0.14083088464033944,2.778,0.0,0.0539343394566716,0.0350964916114288,0.2,6,3,4.0,2,50,1.3,Martinez
2761,9,Lisandro_Martínez,DEF,1,80.4782755,0.021565170238118478,0.030893473118203965,0.0,0.07826878383026635,2.778,0.0,0.0456201977756334,0.02560444811066,0.2,6,3,4.0,2,50,1.3,Martinez
2762,10,Lisandro_Martínez,DEF,1,80.4422755,0.02157560121112298,0.03089590543314835,0.0,0.11217414834381792,2.778,0.0,0.0430008805695656,0.0202850875521248,0.2,6,3,4.0,2,50,1.3,Martinez
2763,11,Lisandro_Martínez,DEF,1,80.40627549999999,0.02158557330962282,0.03089791809287043,0.0,0.17551376952650746,2.778,0.0,0.0345883844346893,0.02331174536266,0.2,6,3,4.0,2,50,1.3,Martinez
2764,12,Lisandro_Martínez,DEF,1,80.37027549999999,0.021595673372809737,0.030899917167364906,0.0,0.1938319871856539,2.778,0.0,0.0764095249963934,0.0286394203968533,0.2,6,3,4.0,2,50,1.3,Martinez
2765,6,Loum_Tchaouna,MID,9,79.1969001,0.2103305725182958,0.17402244736266886,0.0,0.027132854703369708,2.03,0.0,0.0971874929788598,0.199350807499842,0.06,5,3,1.0,2,54,0.1,Tchaouna
2766,7,Loum_Tchaouna,MID,9,79.2989001,0.1794485134010396,0.16233252340776583,0.0,0.03457417561966775,2.03,0.0,0.1186409762327798,0.0988612668204811,0.06,5,3,1.0,2,54,0.1,Tchaouna
2767,8,Loum_Tchaouna,MID,9,79.4009001,0.1794514578647714,0.16216140191170625,0.0,0.01568174195637507,2.03,0.0,0.1378368916813487,0.1417324710647552,0.06,5,3,1.0,2,54,0.1,Tchaouna
2768,9,Loum_Tchaouna,MID,9,79.50290009999999,0.1838816257504766,0.1680225405653379,0.0,0.020682617414429897,2.03,0.0,0.0817530645115434,0.1446965004790163,0.06,5,3,1.0,2,54,0.1,Tchaouna
2769,10,Loum_Tchaouna,MID,9,79.6019001,0.1839653160918855,0.1681971930005805,0.0,0.030057885829652905,2.03,0.0,0.116233388513479,0.1426431873808013,0.06,5,3,1.0,2,54,0.1,Tchaouna
2770,11,Loum_Tchaouna,MID,9,79.7039001,0.1840480843101028,0.16837071345623694,0.0,0.021384237952010055,2.03,0.0,0.1652776886367873,0.1759321123387592,0.06,5,3,1.0,2,54,0.1,Tchaouna
2771,12,Loum_Tchaouna,MID,9,79.8059001,0.184132669812598,0.16854624862634746,0.0,0.02353319835896655,2.03,0.0,0.1126991599369654,0.1833905663030322,0.06,5,3,1.0,2,54,0.1,Tchaouna
2772,6,Luc_De Fougerolles,DEF,54,0.0,0.0454034486215889,0.0683235124742089,0.0,0.0005623157035796251,2.764086,0.0,0.0440900662312232,0.0342011051202082,0.1,6,3,4.0,2,40,0.1,De Fougerolles
2773,7,Luc_De Fougerolles,DEF,54,0.0,0.0454997341106837,0.0683366969397938,0.0,0.0005276280305804025,2.764086,0.0,0.0440900662312232,0.0342011051202082,0.1,6,3,4.0,2,40,0.1,De Fougerolles
2774,8,Luc_De Fougerolles,DEF,54,0.0,0.0455688072332209,0.06831117769198,0.0,0.0005407771232082071,2.764086,0.0,0.0440900662312232,0.0342011051202082,0.1,6,3,4.0,2,40,0.1,De Fougerolles
2775,9,Luc_De Fougerolles,DEF,54,0.0,0.0456380130074972,0.0682858365254658,0.0,0.000720716146143192,2.764086,0.0,0.0430008805695656,0.0202850875521248,0.1,6,3,4.0,2,40,0.1,De Fougerolles
2776,10,Luc_De Fougerolles,DEF,54,0.0,0.0457078964860011,0.0682608976644593,0.0,0.0008842684752446352,2.764086,0.0,0.0441562832773488,0.040413775623652,0.1,6,3,4.0,2,40,0.1,De Fougerolles
2777,11,Luc_De Fougerolles,DEF,54,0.0,0.0457778125165532,0.0682358047536855,0.0,0.001031615138307741,2.764086,0.0,0.0297669938520948,0.018348571633679,0.1,6,3,4.0,2,40,0.1,De Fougerolles
2778,12,Luc_De Fougerolles,DEF,54,0.0,0.0458474542406991,0.0682100211141748,0.0,0.0009230368014255638,2.764086,0.0,0.0539343394566716,0.0350964916114288,0.1,6,3,4.0,2,40,0.1,De Fougerolles
2779,6,Luca_Netz,DEF,17,17.969723006234354,0.0528526650331853,0.1341899092228131,0.0,0.0008330737437312961,2.0669817283950613,0.0,0.0926757578609484,0.1879020492283666,0.1149777777777777,6,3,4.0,2,44,0.0,Netz
2780,7,Luca_Netz,DEF,17,17.63390691954751,0.052833978876158,0.1341538519380217,0.0,0.0007122423425223707,2.0669817283950613,0.0,0.0256302332947076,0.1059606075008729,0.1149777777777777,6,3,4.0,2,44,0.0,Netz
2781,8,Luca_Netz,DEF,17,17.29893907784133,0.0528144498490836,0.1341170546656632,0.0,0.0006598151191222232,2.0669817283950613,0.0,0.0432402221981642,0.1043281347865106,0.1149777777777777,6,3,4.0,2,44,0.0,Netz
2782,9,Luca_Netz,DEF,17,17.44136184456009,0.0527039190969161,0.1339522585103663,0.0,0.001595856596934945,2.0669817283950613,0.0,0.0423145101603038,0.1030106613875299,0.1149777777777777,6,3,4.0,2,44,0.0,Netz
2783,10,Luca_Netz,DEF,17,17.11628759815838,0.0526826926717107,0.1339132295961216,0.0,0.0011931356448275196,2.0669817283950613,0.0,0.0447374524142549,0.0826325427082204,0.1149777777777777,6,3,4.0,2,44,0.0,Netz
2784,11,Luca_Netz,DEF,17,16.790288731995652,0.0526621441062621,0.1338753996911398,0.0,0.0010405331170072695,2.0669817283950613,0.0,0.0510108756375665,0.0615884901660233,0.1149777777777777,6,3,4.0,2,44,0.0,Netz
2785,12,Luca_Netz,DEF,17,16.46522819198827,0.0526413506724484,0.1338366363697593,0.0,0.0005342814022552048,2.0669817283950613,0.0,0.0631097915681744,0.0640934742919765,0.1149777777777777,6,3,4.0,2,44,0.0,Netz
2786,6,Luca_Williams-Barnett,MID,6,0.0,0.0952332156601421,0.1378328243350118,0.0,0.00011046098987685951,5.017111111111111,0.0,0.1119957605907742,0.1332858089793131,0.1,5,3,1.0,2,45,0.1,Williams-Barnett
2787,7,Luca_Williams-Barnett,MID,6,0.0,0.0954276077268332,0.1371396987402843,0.0,7.140854381808593e-05,5.017111111111111,0.0,0.0842332060993205,0.1188923620107288,0.1,5,3,1.0,2,45,0.1,Williams-Barnett
2788,8,Luca_Williams-Barnett,MID,6,0.0,0.0957321751839215,0.1361052018182338,0.0,6.3820147815918e-05,5.017111111111111,0.0,0.0533112851817121,0.0911547974260361,0.1,5,3,1.0,2,45,0.1,Williams-Barnett
2789,9,Luca_Williams-Barnett,MID,6,0.0,0.0958196656221778,0.1357907318235194,0.0,9.004548585901525e-05,5.017111111111111,0.0,0.0822560971477504,0.1524742200371775,0.1,5,3,1.0,2,45,0.1,Williams-Barnett
2790,10,Luca_Williams-Barnett,MID,6,0.0,0.0958047211828617,0.1358079974475485,0.0,9.837834945633617e-05,5.017111111111111,0.0,0.0928778036155075,0.1172272670252035,0.1,5,3,1.0,2,45,0.1,Williams-Barnett
2791,11,Luca_Williams-Barnett,MID,6,0.0,0.0957888606892864,0.1358250657454374,0.0,7.441674497808916e-05,5.017111111111111,0.0,0.0842332060993205,0.1188923620107288,0.1,5,3,1.0,2,45,0.1,Williams-Barnett
2792,12,Luca_Williams-Barnett,MID,6,0.0,0.0957731304892659,0.1358409802509559,0.0,8.860898527425646e-05,5.017111111111111,0.0,0.085880677692756,0.1056084642760237,0.1,5,3,1.0,2,45,0.1,Williams-Barnett
2793,6,Lucas_Bergvall,MID,6,12.025980418788915,0.08190273684718538,0.1099098532448541,0.0,0.00022720190086975123,1.35,0.0,0.0851448500107218,0.0764877641077813,0.08,5,3,1.0,2,54,0.1,Bergvall
2794,7,Lucas_Bergvall,MID,6,11.52055617071432,0.08205949247083794,0.109358965837727,0.0,0.00014039900439901995,1.35,0.0,0.0568772559482958,0.0901681033145862,0.08,5,3,1.0,2,54,0.1,Bergvall
2795,8,Lucas_Bergvall,MID,6,10.727930243866384,0.08230509231702939,0.10853676084139681,0.0,0.00011690408601215136,1.35,0.0,0.0364051426726112,0.1103782551048467,0.08,5,3,1.0,2,54,0.1,Bergvall
2796,9,Lucas_Bergvall,MID,6,10.511921040860736,0.08237564364376787,0.10828682408920465,0.0,0.0001617883689175185,1.35,0.0,0.034021699908773,0.1250502673893471,0.08,5,3,1.0,2,54,0.1,Bergvall
2797,10,Lucas_Bergvall,MID,6,10.56413029367381,0.08236359261233946,0.10830054658758896,0.0,0.00017758550061919637,1.35,0.0,0.1032922855340508,0.10390984845412,0.08,5,3,1.0,2,54,0.1,Bergvall
2798,11,Lucas_Bergvall,MID,6,10.618612200627886,0.08235080288483596,0.10831411225366677,0.0,0.00013498918410296618,1.35,0.0,0.0568772559482958,0.0901681033145862,0.08,5,3,1.0,2,54,0.1,Bergvall
2799,12,Lucas_Bergvall,MID,6,10.67001871654864,0.08233811822462131,0.10832676090024328,0.0,0.00016147143434679266,1.35,0.0,0.0654788007538232,0.0801186101343322,0.08,5,3,1.0,2,54,0.1,Bergvall
2800,6,Lucas_Digne,DEF,7,0.0,0.0253357438103414,0.15030519312234844,0.0,0.00027296341355905395,3.2199999999999998,0.0,0.0423145101603038,0.1030106613875299,0.1,6,3,4.0,2,45,0.0,Digne
2801,7,Lucas_Digne,DEF,7,0.0,0.025338977308746367,0.1501742507012251,0.0,0.00017940447154284034,3.2199999999999998,0.0,0.0411458912848495,0.1064743529883166,0.1,6,3,4.0,2,45,0.0,Digne
2802,8,Lucas_Digne,DEF,7,0.0,0.02534237982152897,0.1500425902890011,0.0,0.00020931811134266244,3.2199999999999998,0.0,0.0447374524142549,0.0826325427082204,0.1,6,3,4.0,2,45,0.0,Digne
2803,9,Lucas_Digne,DEF,7,0.0,0.025343374731367985,0.14997046427553862,0.0,0.00010400078282998933,3.2199999999999998,0.0,0.0841595919386824,0.0794094087227066,0.1,6,3,4.0,2,45,0.0,Digne
2804,10,Lucas_Digne,DEF,7,0.0,0.025341867960598688,0.14995639400293928,0.0,0.00016576216674029138,3.2199999999999998,0.0,0.0428987940978528,0.0818561894866903,0.1,6,3,4.0,2,45,0.0,Digne
2805,11,Lucas_Digne,DEF,7,0.0,0.025339891352310837,0.14993933080886485,0.0,0.00013455505518751988,3.2199999999999998,0.0,0.0506062441125376,0.0961300594458143,0.1,6,3,4.0,2,45,0.0,Digne
2806,12,Lucas_Digne,DEF,7,0.0,0.025339819901983383,0.14992481125564505,0.0,0.00011406118861874767,3.2199999999999998,0.0,0.0432402221981642,0.1043281347865106,0.1,6,3,4.0,2,45,0.0,Digne
2807,6,Lucas_Estella Perri,GKP,2,0.0,7.951520055425487e-23,,0.0,,1.1139999999999999,0.5684818777892744,0.0,0.0,0.12,0,0,4.0,1,45,0.3,Perri
2808,7,Lucas_Estella Perri,GKP,2,0.0,7.951093706651608e-23,,0.0,,1.1139999999999999,0.7804042549338919,0.0,0.0,0.12,0,0,4.0,1,45,0.3,Perri
2809,8,Lucas_Estella Perri,GKP,2,0.0,7.950728102987519e-23,,0.0,,1.1139999999999999,0.4857179737691505,0.0,0.0,0.12,0,0,4.0,1,45,0.3,Perri
2810,9,Lucas_Estella Perri,GKP,2,0.0,7.950374415665867e-23,,0.0,,1.1139999999999999,0.6715022558483786,0.0,0.0,0.12,0,0,4.0,1,45,0.3,Perri
2811,10,Lucas_Estella Perri,GKP,2,0.0,7.949944441762452e-23,,0.0,,1.1139999999999999,0.5566975309957334,0.0,0.0,0.12,0,0,4.0,1,45,0.3,Perri
2812,11,Lucas_Estella Perri,GKP,2,0.0,7.949544166267582e-23,,0.0,,1.1139999999999999,0.5733003261999401,0.0,0.0,0.12,0,0,4.0,1,45,0.3,Perri
2813,12,Lucas_Estella Perri,GKP,2,0.0,7.949146866842244e-23,,0.0,,1.1139999999999999,0.5240522745606189,0.0,0.0,0.12,0,0,4.0,1,45,0.3,Perri
2814,6,Lucas_Gourna-Douath,MID,88,0.741,0.1091058717094193,0.1517881745269108,0.0,0.00013871099364850376,3.769273874226131,0.0,0.1053742839427626,0.1147639713719944,0.1,5,3,1.0,2,50,0.0,Gourna-Douath
2815,7,Lucas_Gourna-Douath,MID,88,0.0,0.1089017093171862,0.1517920156220962,0.0,6.812430517995211e-05,3.769273874226131,0.0,0.0936735501911697,0.0888189627888669,0.1,5,3,1.0,2,50,0.0,Gourna-Douath
2816,8,Lucas_Gourna-Douath,MID,88,0.0,0.1092748619505243,0.1522318308859033,0.0,0.00018892095236218093,3.769273874226131,0.0,0.0790689180878473,0.1448646983763215,0.1,5,3,1.0,2,50,0.0,Gourna-Douath
2817,9,Lucas_Gourna-Douath,MID,88,0.0,0.109514714288109,0.1522616301901801,0.0,7.510192067833096e-05,3.769273874226131,0.0,0.0842332060993205,0.1188923620107288,0.1,5,3,1.0,2,50,0.0,Gourna-Douath
2818,10,Lucas_Gourna-Douath,MID,88,0.0,0.1097684066439551,0.1524016584435814,0.0,7.918446591646514e-05,3.769273874226131,0.0,0.0676432579115817,0.1324297279869411,0.1,5,3,1.0,2,50,0.0,Gourna-Douath
2819,11,Lucas_Gourna-Douath,MID,88,0.0,0.1100241936661123,0.1525423144439926,0.0,7.202137698669152e-05,3.769273874226131,0.0,0.0957882179850394,0.1113283019034307,0.1,5,3,1.0,2,50,0.0,Gourna-Douath
2820,12,Lucas_Gourna-Douath,MID,88,0.0,0.110282862121069,0.1526851732789356,0.0,9.087454859546112e-05,3.769273874226131,0.0,0.0822560971477504,0.1524742200371775,0.1,5,3,1.0,2,50,0.0,Gourna-Douath
2821,6,Lucas_Herrington,DEF,88,53.256,0.0689903426470302,0.0918853704408921,0.0,0.033128750697011565,2.66258708069286,0.0,0.0459456519173773,0.0386203456380479,0.1,6,3,4.0,2,40,0.6,Herrington
2822,7,Lucas_Herrington,DEF,88,57.0,0.0688617441454699,0.0918876872606892,0.0,0.024303112571706077,2.66258708069286,0.0,0.0323786694324084,0.0238084655632736,0.1,6,3,4.0,2,40,0.6,Herrington
2823,8,Lucas_Herrington,DEF,88,57.0,0.0690967867944892,0.0921529690777318,0.0,0.061859251840214534,2.66258708069286,0.0,0.0764095249963934,0.0286394203968533,0.1,6,3,4.0,2,40,0.6,Herrington
2824,9,Lucas_Herrington,DEF,88,57.0,0.0692478658001364,0.0921709430186923,0.0,0.02660054374333916,2.66258708069286,0.0,0.0440900662312232,0.0342011051202082,0.1,6,3,4.0,2,40,0.6,Herrington
2825,10,Lucas_Herrington,DEF,88,57.0,0.0694076624035279,0.092255403365016,0.0,0.027935336838713673,2.66258708069286,0.0,0.0283871455110724,0.0678417594345503,0.1,6,3,4.0,2,40,0.6,Herrington
2826,11,Lucas_Herrington,DEF,88,57.0,0.0695687784024551,0.0923402423472833,0.0,0.025588817316769655,2.66258708069286,0.0,0.0265768898928847,0.0315855885698299,0.1,6,3,4.0,2,40,0.6,Herrington
2827,12,Lucas_Herrington,DEF,88,57.0,0.069731709368068,0.0924264100054638,0.0,0.03172168203694808,2.66258708069286,0.0,0.0576745797658112,0.0527526549054485,0.1,6,3,4.0,2,40,0.6,Herrington
2828,6,Luka_Lynch,MID,7,0.0,0.0853033226455597,0.1218186867885051,0.0,9.340558905972413e-05,3.697937187998697,0.0,0.0790689180878473,0.1448646983763215,0.1,5,3,1.0,2,45,0.1,Lynch
2829,7,Luka_Lynch,MID,7,0.0,0.0853147165396947,0.121708811558386,0.0,5.99212016729531e-05,3.697937187998697,0.0,0.0772167805063861,0.0863082180546789,0.1,5,3,1.0,2,45,0.1,Lynch
2830,8,Luka_Lynch,MID,7,0.0,0.0853267059906188,0.1215983338540135,0.0,7.053439366397482e-05,3.697937187998697,0.0,0.0428645627319718,0.1349551016015938,0.1,5,3,1.0,2,45,0.1,Lynch
2831,9,Luka_Lynch,MID,7,0.0,0.085330211759282,0.1215378121204243,0.0,3.368011321995268e-05,3.697937187998697,0.0,0.0936735501911697,0.0888189627888669,0.1,5,3,1.0,2,45,0.1,Lynch
2832,10,Luka_Lynch,MID,7,0.0,0.0853249023437568,0.1215260055994631,0.0,5.511485399277024e-05,3.697937187998697,0.0,0.1119957605907742,0.1332858089793131,0.1,5,3,1.0,2,45,0.1,Lynch
2833,11,Luka_Lynch,MID,7,0.0,0.085317937359471,0.1215116876850745,0.0,4.421132821687407e-05,3.697937187998697,0.0,0.085880677692756,0.1056084642760237,0.1,5,3,1.0,2,45,0.1,Lynch
2834,12,Luka_Lynch,MID,7,0.0,0.0853176855896029,0.1214995041677883,0.0,3.712990481960777e-05,3.697937187998697,0.0,0.0842332060993205,0.1188923620107288,0.1,5,3,1.0,2,45,0.1,Lynch
2835,6,Luka_Vušković,DEF,36,75.045421,0.0483332122404755,0.0318417623268234,0.0,0.06219155114909288,2.226557078965758,0.0,0.0366746478210848,0.040303852137383,0.1,6,3,4.0,2,50,3.4,Vuskovic
2836,7,Luka_Vušković,DEF,36,81.03324290335291,0.0484593302511351,0.0319228349366215,0.0,0.09728070048665752,2.226557078965758,0.0,0.0576745797658112,0.0527526549054485,0.1,6,3,4.0,2,50,3.4,Vuskovic
2837,8,Luka_Vušković,DEF,36,80.7236140795728,0.0484400888472262,0.0319192528953626,0.0,0.15971204558044216,2.226557078965758,0.0,0.0345883844346893,0.02331174536266,0.1,6,3,4.0,2,50,3.4,Vuskovic
2838,9,Luka_Vušković,DEF,36,80.3663794447782,0.0484334599830804,0.0319107463380438,0.0,0.13676899926840272,2.226557078965758,0.0,0.0297669938520948,0.018348571633679,0.1,6,3,4.0,2,50,3.4,Vuskovic
2839,10,Luka_Vušković,DEF,36,80.01082122562792,0.0484262617992993,0.0319019711131529,0.0,0.16886888248294443,2.226557078965758,0.0,0.0764095249963934,0.0286394203968533,0.1,6,3,4.0,2,50,3.4,Vuskovic
2840,11,Luka_Vušković,DEF,36,79.6587367161412,0.0484197355739025,0.0318934776263907,0.0,0.07023374295772103,2.226557078965758,0.0,0.0440900662312232,0.0342011051202082,0.1,6,3,4.0,2,50,3.4,Vuskovic
2841,12,Luka_Vušković,DEF,36,79.30943840602967,0.0484129571558581,0.0318849161840466,0.0,0.11056770178169303,2.226557078965758,0.0,0.0441562832773488,0.040413775623652,0.1,6,3,4.0,2,50,3.4,Vuskovic
2842,6,Lukas_Nmecha,FWD,2,40.62485088216981,0.2612181687742351,0.13903196234837448,0.0,0.00037159204965368667,2.292,0.0,0.2686708389316911,0.1234648585781471,0.0,4,3,0.0,2,54,0.5,Nmecha
2843,7,Lukas_Nmecha,FWD,2,40.6152611719485,0.2612033732659412,0.13903296192976564,0.0,0.0005226375330276162,2.292,0.0,0.1582373678053648,0.1067667619926839,0.0,4,3,0.0,2,54,0.5,Nmecha
2844,8,Lukas_Nmecha,FWD,2,40.60269777012932,0.26119068578476234,0.1390338461877234,0.0,0.0004188046910983312,2.292,0.0,0.3107258993287308,0.1106489791789369,0.0,4,3,0.0,2,54,0.5,Nmecha
2845,9,Lukas_Nmecha,FWD,2,40.59006297002551,0.2611784118343688,0.13903492880394813,0.0,0.0005932355197862512,2.292,0.0,0.2588988784046943,0.0835343475833465,0.0,4,3,0.0,2,54,0.5,Nmecha
2846,10,Lukas_Nmecha,FWD,2,40.57857714660067,0.26116349052382704,0.13903534953195726,0.0,0.0007193763625356554,2.292,0.0,0.1816445166652931,0.0735228775864095,0.0,4,3,0.0,2,54,0.5,Nmecha
2847,11,Lukas_Nmecha,FWD,2,40.56701939743845,0.2611495998320577,0.13903583544297635,0.0,0.00030070630876974174,2.292,0.0,0.2699527724353497,0.1092810666119734,0.0,4,3,0.0,2,54,0.5,Nmecha
2848,12,Lukas_Nmecha,FWD,2,40.55736724362367,0.26113581241831846,0.13903647389651988,0.0,0.0003361629630663701,2.292,0.0,0.2767363309065365,0.1027633521295426,0.0,4,3,0.0,2,54,0.5,Nmecha
2849,6,Luke_O'Nien,DEF,56,36.35538395807893,0.0509595120638321,0.0561854925576714,0.0,0.0026312372038835978,3.5606538271604937,0.0,0.0265768898928847,0.0315855885698299,0.2102729344729344,6,3,4.0,2,39,2.5,O'Nien
2850,7,Luke_O'Nien,DEF,56,36.32131324271053,0.0509663324148384,0.056136203161263505,0.0,0.004476398135362098,3.5606538271604937,0.0,0.0539343394566716,0.0350964916114288,0.2102729344729344,6,3,4.0,2,39,2.5,O'Nien
2851,8,Luke_O'Nien,DEF,56,36.28731040062307,0.0509733151787188,0.056087064125547516,0.0,0.003543930157411017,3.5606538271604937,0.0,0.07078655240023,0.0561971162677075,0.2102729344729344,6,3,4.0,2,39,2.5,O'Nien
2852,9,Luke_O'Nien,DEF,56,36.2542466751746,0.0509797606903096,0.05603780422441322,0.0,0.0026119462751455816,3.5606538271604937,0.0,0.0440900662312232,0.0342011051202082,0.2102729344729344,6,3,4.0,2,39,2.5,O'Nien
2853,10,Luke_O'Nien,DEF,56,36.22399969848712,0.0509853095985474,0.05598805527708459,0.0,0.0023432541762577596,3.5606538271604937,0.0,0.0456201977756334,0.02560444811066,0.2102729344729344,6,3,4.0,2,39,2.5,O'Nien
2854,11,Luke_O'Nien,DEF,56,36.20133612330633,0.0509896853827608,0.055937667978432686,0.0,0.0034646220292268515,3.5606538271604937,0.0,0.0430008805695656,0.0202850875521248,0.2102729344729344,6,3,4.0,2,39,2.5,O'Nien
2855,12,Luke_O'Nien,DEF,56,36.17680246253728,0.050994616848903,0.05588758137201668,0.0,0.0053131029800324685,3.5606538271604937,0.0,0.052493727298415,0.0268053738104255,0.2102729344729344,6,3,4.0,2,39,2.5,O'Nien
2856,6,Luke_Shaw,DEF,1,90.0,0.018308685042923094,0.05439647858473661,0.0,0.2445992106999525,1.6640000000000001,0.0,0.0507205798974058,0.0806429687371418,0.25,6,3,4.0,2,43,7.9,Shaw
2857,7,Luke_Shaw,DEF,1,90.0,0.018173112290317057,0.054224580308858336,0.0,0.17284375975557098,1.6640000000000001,0.0,0.0213032915553581,0.1622903307898582,0.25,6,3,4.0,2,43,7.9,Shaw
2858,8,Luke_Shaw,DEF,1,90.0,0.017949273082922473,0.054260639740915,0.0,0.21030654911000027,1.6640000000000001,0.0,0.0510108756375665,0.0615884901660233,0.25,6,3,4.0,2,43,7.9,Shaw
2859,9,Luke_Shaw,DEF,1,90.0,0.017909086085633786,0.05428457367943369,0.0,0.12064724473528743,1.6640000000000001,0.0,0.0631097915681744,0.0640934742919765,0.25,6,3,4.0,2,43,7.9,Shaw
2860,10,Luke_Shaw,DEF,1,90.0,0.017917184683807593,0.05428863467632439,0.0,0.17049304240909846,1.6640000000000001,0.0,0.0454524963808904,0.0781006254281835,0.25,6,3,4.0,2,43,7.9,Shaw
2861,11,Luke_Shaw,DEF,1,90.0,0.017924927012223615,0.05429199501619011,0.0,0.2599820758054002,1.6640000000000001,0.0,0.0212858080619217,0.1123301891473402,0.25,6,3,4.0,2,43,7.9,Shaw
2862,12,Luke_Shaw,DEF,1,90.0,0.017932768692309156,0.054295332674138094,0.0,0.28555886465068986,1.6640000000000001,0.0,0.0423145101603038,0.1030106613875299,0.25,6,3,4.0,2,43,7.9,Shaw
2863,6,Luke_Woolfenden,DEF,9,0.0,0.0266431815723503,0.02375636209738011,0.0,,1.0,0.0,0.0441562832773488,0.040413775623652,0.13,6,3,4.0,2,40,0.1,Woolfenden
2864,7,Luke_Woolfenden,DEF,9,0.0,0.0217462897065417,0.02239596616582326,0.0,,1.0,0.0,0.052493727298415,0.0268053738104255,0.13,6,3,4.0,2,40,0.1,Woolfenden
2865,8,Luke_Woolfenden,DEF,9,0.0,0.0217467566028857,0.022376052179390146,0.0,,1.0,0.0,0.0323786694324084,0.0238084655632736,0.13,6,3,4.0,2,40,0.1,Woolfenden
2866,9,Luke_Woolfenden,DEF,9,0.0,0.0224492373863499,0.023058132679609943,0.0,,1.0,0.0,0.0366746478210848,0.040303852137383,0.13,6,3,4.0,2,40,0.1,Woolfenden
2867,10,Luke_Woolfenden,DEF,9,0.0,0.022462507957154,0.023078457573360942,0.0,,1.0,0.0,0.0459456519173773,0.0386203456380479,0.13,6,3,4.0,2,40,0.1,Woolfenden
2868,11,Luke_Woolfenden,DEF,9,0.0,0.0224756323091603,0.023098650734824366,0.0,,1.0,0.0,0.0576745797658112,0.0527526549054485,0.13,6,3,4.0,2,40,0.1,Woolfenden
2869,12,Luke_Woolfenden,DEF,9,0.0,0.0224890448234477,0.02311907835541325,0.0,,1.0,0.0,0.07078655240023,0.0561971162677075,0.13,6,3,4.0,2,40,0.1,Woolfenden
2870,6,Lukás_Hornícek,GKP,4,43.70037906074148,0.0023586707648681,0.0001731614300387,0.0,,6.365296577946767,0.6832216846083953,0.0,0.0,0.1,0,0,4.0,1,50,1.5,Horníček
2871,7,Lukás_Hornícek,GKP,4,43.11863586305502,0.0023628499392781,0.0001729491742425,0.0,,6.365296577946767,0.7053493283590364,0.0,0.0,0.1,0,0,4.0,1,50,1.5,Horníček
2872,8,Lukás_Hornícek,GKP,4,42.50098073111719,0.0023671631157137,0.0001727261210564,0.0,,6.365296577946767,0.6578346742830592,0.0,0.0,0.1,0,0,4.0,1,50,1.5,Horníček
2873,9,Lukás_Hornícek,GKP,4,42.02072787708368,0.0023692159303865,0.0001724934652251,0.0,,6.365296577946767,0.7472479041362419,0.0,0.0,0.1,0,0,4.0,1,50,1.5,Horníček
2874,10,Lukás_Hornícek,GKP,4,41.79181935315216,0.0023683175663028,0.000172328024007,0.0,,6.365296577946767,0.7477390023844317,0.0,0.0,0.1,0,0,4.0,1,50,1.5,Horníček
2875,11,Lukás_Hornícek,GKP,4,41.60425540026034,0.0023672187694576,0.0001721925941919,0.0,,6.365296577946767,0.731267794242739,0.0,0.0,0.1,0,0,4.0,1,50,1.5,Horníček
2876,12,Lukás_Hornícek,GKP,4,41.57787314483852,0.0023671603458203,0.0001721587983358,0.0,,6.365296577946767,0.8011661251454513,0.0,0.0,0.1,0,0,4.0,1,50,1.5,Horníček
2877,6,Macaulay_Zepa,MID,54,0.0,0.0986851276405064,0.1296747938484335,0.0,3.0297219057911938e-05,4.475552136114786,0.0,0.0842332060993205,0.1188923620107288,0.1,5,3,1.0,2,45,0.3,Zepa
2878,7,Macaulay_Zepa,MID,54,0.0,0.0988904444045333,0.1296985804165418,0.0,2.8326148948944348e-05,4.475552136114786,0.0,0.0842332060993205,0.1188923620107288,0.1,5,3,1.0,2,45,0.3,Zepa
2879,8,Macaulay_Zepa,MID,54,0.0,0.0990377342000561,0.1296525402245988,0.0,2.9072447980209293e-05,4.475552136114786,0.0,0.0842332060993205,0.1188923620107288,0.1,5,3,1.0,2,45,0.3,Zepa
2880,9,Macaulay_Zepa,MID,54,0.0,0.0991853068588228,0.1296068213155275,0.0,3.938456923797206e-05,4.475552136114786,0.0,0.0858497032968192,0.1237171984305226,0.1,5,3,1.0,2,45,0.3,Zepa
2881,10,Macaulay_Zepa,MID,54,0.0,0.0993343246371014,0.1295618282202781,0.0,4.889460687655081e-05,4.475552136114786,0.0,0.0772167805063861,0.0863082180546789,0.1,5,3,1.0,2,45,0.3,Zepa
2882,11,Macaulay_Zepa,MID,54,0.0,0.0994834118285516,0.1295165571983084,0.0,5.7554866999219486e-05,4.475552136114786,0.0,0.0428645627319718,0.1349551016015938,0.1,5,3,1.0,2,45,0.3,Zepa
2883,12,Macaulay_Zepa,MID,54,0.0,0.0996319140958955,0.129470040007805,0.0,5.1165275474997315e-05,4.475552136114786,0.0,0.0866961224313779,0.114569503221635,0.1,5,3,1.0,2,45,0.3,Zepa
2884,6,Mahdi_Nicoll-Jazuli,MID,8,0.8999999999999999,0.11731992358096,0.129058916403794,0.0,6.100051535802026e-05,4.2316621934560015,0.0,0.0866961224313779,0.114569503221635,0.1,5,3,1.0,2,45,0.0,Nicoll-Jazuli
2885,7,Mahdi_Nicoll-Jazuli,MID,8,0.8999999999999999,0.1164736709719271,0.1291756847788374,0.0,6.244390168534965e-05,4.2316621934560015,0.0,0.1053742839427626,0.1147639713719944,0.1,5,3,1.0,2,45,0.0,Nicoll-Jazuli
2886,8,Mahdi_Nicoll-Jazuli,MID,8,0.8999999999999999,0.1152239485835213,0.1293185521946465,0.0,7.405368548250744e-05,4.2316621934560015,0.0,0.0518416411242582,0.115884505791489,0.1,5,3,1.0,2,45,0.0,Nicoll-Jazuli
2887,9,Mahdi_Nicoll-Jazuli,MID,8,0.8999999999999999,0.1150327342764729,0.1293960928973818,0.0,5.36176035253843e-05,4.2316621934560015,0.0,0.1119957605907742,0.1332858089793131,0.1,5,3,1.0,2,45,0.0,Nicoll-Jazuli
2888,10,Mahdi_Nicoll-Jazuli,MID,8,0.8999999999999999,0.1152292190871224,0.129533393140615,0.0,4.301027246636146e-05,4.2316621934560015,0.0,0.085880677692756,0.1056084642760237,0.1,5,3,1.0,2,45,0.0,Nicoll-Jazuli
2889,11,Mahdi_Nicoll-Jazuli,MID,8,0.8999999999999999,0.1154298707904222,0.1296725312159695,0.0,4.775246385429956e-05,4.2316621934560015,0.0,0.0928778036155075,0.1172272670252035,0.1,5,3,1.0,2,45,0.0,Nicoll-Jazuli
2890,12,Mahdi_Nicoll-Jazuli,MID,8,0.8999999999999999,0.1154590824919803,0.129692398061361,0.0,5.0617728070997277e-05,4.2316621934560015,0.0,0.1202318081610187,0.1776752802788837,0.1,5,3,1.0,2,45,0.0,Nicoll-Jazuli
2891,6,Malick_Fofana,MID,56,4.543482290889047,0.1263085226552675,0.1317186832817619,0.0,4.3093847415433136e-05,3.7780396682971316,0.0,0.1614820231045773,0.1551187159815836,0.1,5,3,1.0,2,55,0.0,Fofana
2892,7,Malick_Fofana,MID,56,6.511797434832892,0.1263250818427806,0.1315996536922664,0.0,9.047453362818956e-05,3.7780396682971316,0.0,0.1697864627106199,0.0953712727396801,0.1,5,3,1.0,2,55,0.0,Fofana
2893,8,Malick_Fofana,MID,56,8.48315976207981,0.1263420353538753,0.1314809872107155,0.0,8.446198903197126e-05,3.7780396682971316,0.0,0.1182193902266794,0.1729940302427504,0.1,5,3,1.0,2,55,0.0,Fofana
2894,9,Malick_Fofana,MID,56,10.452174932748823,0.126357684465622,0.1313620288497309,0.0,7.309545739410137e-05,3.7780396682971316,0.0,0.150737295523736,0.1390624159116826,0.1,5,3,1.0,2,55,0.0,Fofana
2895,10,Malick_Fofana,MID,56,12.426148215779996,0.1263711567065548,0.1312418894848794,0.0,7.792373401665871e-05,3.7780396682971316,0.0,0.1486543353660969,0.1189228792264125,0.1,5,3,1.0,2,55,0.0,Fofana
2896,11,Malick_Fofana,MID,56,14.402393233529976,0.1263817807098122,0.1311202085573083,0.0,0.00014091399241771154,3.7780396682971316,0.0,0.1477429617751006,0.2046314411489814,0.1,5,3,1.0,2,55,0.0,Fofana
2897,12,Malick_Fofana,MID,56,16.380338228445325,0.1263937538578933,0.1309992537752373,0.0,0.000265161901341509,3.7780396682971316,0.0,0.1220461381569684,0.1872283971637988,0.1,5,3,1.0,2,55,0.0,Fofana
2898,6,Malick_Thiaw,DEF,4,90.0,0.06070549271215384,0.021439218198057733,0.0,0.29978656856373853,1.44,0.0,0.0440900662312232,0.0342011051202082,0.1,6,3,4.0,2,50,2.2,Thiaw
2899,7,Malick_Thiaw,DEF,4,90.0,0.06081087684874718,0.021412919865423173,0.0,0.36877487894256517,1.44,0.0,0.0430008805695656,0.0202850875521248,0.1,6,3,4.0,2,50,2.2,Thiaw
2900,8,Malick_Thiaw,DEF,4,90.0,0.06091964004693804,0.0213852837443518,0.0,0.35159020854803336,1.44,0.0,0.0576745797658112,0.0527526549054485,0.1,6,3,4.0,2,50,2.2,Thiaw
2901,9,Malick_Thiaw,DEF,4,90.0,0.06097140484080799,0.02135645786280369,0.0,0.4424795613945117,1.44,0.0,0.0459456519173773,0.0386203456380479,0.1,6,3,4.0,2,50,2.2,Thiaw
2902,10,Malick_Thiaw,DEF,4,90.0,0.060948751246097145,0.021335959820995586,0.0,0.28809696642618343,1.44,0.0,0.0323786694324084,0.0238084655632736,0.1,6,3,4.0,2,50,2.2,Thiaw
2903,11,Malick_Thiaw,DEF,4,90.0,0.06092104343937397,0.02131918016931511,0.0,0.3201278729416218,1.44,0.0,0.0283871455110724,0.0678417594345503,0.1,6,3,4.0,2,50,2.2,Thiaw
2904,12,Malick_Thiaw,DEF,4,90.0,0.06091957019993293,0.021314992888312723,0.0,0.29965591990435614,1.44,0.0,0.0265768898928847,0.0315855885698299,0.1,6,3,4.0,2,50,2.2,Thiaw
2905,6,Malick_Yalcouyé,MID,36,71.36827661702566,0.2624971959408892,0.1185715972674116,0.0,0.027477732224161812,6.366958653198655,0.0,0.1211821165130275,0.1926050362646116,0.1,5,3,1.0,2,45,4.0,Yalcouyé
2906,7,Malick_Yalcouyé,MID,36,70.58366649290224,0.2631838683135712,0.1188836917738201,0.0,0.026074612455477455,6.366958653198655,0.0,0.1457267806936557,0.1338726163462819,0.1,5,3,1.0,2,45,4.0,Yalcouyé
2907,8,Malick_Yalcouyé,MID,36,70.54579517920297,0.2630791050017592,0.1188699024632081,0.0,0.04688186397191987,6.366958653198655,0.0,0.1389030075974817,0.2361507048222439,0.1,5,3,1.0,2,45,4.0,Yalcouyé
2908,9,Malick_Yalcouyé,MID,36,70.43171131333666,0.263043012949186,0.1188371558942462,0.0,0.039925539124909114,6.366958653198655,0.0,0.1260358149771998,0.2023191987723669,0.1,5,3,1.0,2,45,4.0,Yalcouyé
2909,10,Malick_Yalcouyé,MID,36,70.31997702382502,0.2630038211326473,0.118803375071256,0.0,0.051856964789922216,6.366958653198655,0.0,0.1431241918345089,0.21431463250313,0.1,5,3,1.0,2,45,4.0,Yalcouyé
2910,11,Malick_Yalcouyé,MID,36,70.20867402913998,0.2629682879153499,0.1187706788182881,0.0,0.0195966734473311,6.366958653198655,0.0,0.1542164581176329,0.1806105923991114,0.1,5,3,1.0,2,45,4.0,Yalcouyé
2911,12,Malick_Yalcouyé,MID,36,70.09599961312406,0.262931381589463,0.1187377209657017,0.0,0.03310611520385235,6.366958653198655,0.0,0.1113458150315947,0.1892932248153172,0.1,5,3,1.0,2,45,4.0,Yalcouyé
2912,6,Malo_Gusto,DEF,8,69.45270991461723,0.039447113152235744,0.09867494300754266,0.0,0.03194905324725349,2.234,0.0,0.0341640741201375,0.0464008608397502,0.1,6,3,4.0,2,50,1.0,Gusto
2913,7,Malo_Gusto,DEF,8,68.2375935564387,0.0391590824855415,0.0987604887021931,0.0,0.0297516069785644,2.234,0.0,0.0280302979206385,0.0782539555270968,0.1,6,3,4.0,2,50,1.0,Gusto
2914,8,Malo_Gusto,DEF,8,66.85894986625786,0.03873372678338702,0.09886515481854316,0.0,0.03134021634638511,2.234,0.0,0.0813127279922636,0.1108935603943818,0.1,6,3,4.0,2,50,1.0,Gusto
2915,9,Malo_Gusto,DEF,8,65.73579430859124,0.03866864505276346,0.09892196192300702,0.0,0.02131594807395905,2.234,0.0,0.0223973202299275,0.0944421809357277,0.1,6,3,4.0,2,50,1.0,Gusto
2916,10,Malo_Gusto,DEF,8,65.43147738453602,0.038735520652794134,0.09902254947232156,0.0,0.016955389740278742,2.234,0.0,0.041498341824961,0.0545242644716637,0.1,6,3,4.0,2,50,1.0,Gusto
2917,11,Malo_Gusto,DEF,8,65.12559747478566,0.03880381449704102,0.099124483436069,0.0,0.018255802715123382,2.234,0.0,0.0539164999254806,0.1088920375930353,0.1,6,3,4.0,2,50,1.0,Gusto
2918,12,Malo_Gusto,DEF,8,65.17165590992565,0.03881375699622536,0.09913903808829307,0.0,0.0193431781243218,2.234,0.0,0.0295843143845428,0.1129283287121402,0.1,6,3,4.0,2,50,1.0,Gusto
2919,6,Mamadou_Sangaré,MID,94,15.987592541303083,0.0554911816187068,0.1303015968819504,0.0,0.0011499299235866647,7.157943725038402,0.0,0.0452432190095615,0.0673878343702392,0.1,5,3,1.0,2,56,10.4,M.Sangaré
2920,7,Mamadou_Sangaré,MID,94,6.819,0.0554208529468782,0.1306761919388946,0.0,0.0008663550102767974,7.157943725038402,0.0,0.0369063418813318,0.0691813954789699,0.1,5,3,1.0,2,56,10.4,M.Sangaré
2921,8,Mamadou_Sangaré,MID,94,3.618,0.0553994261605324,0.13079236161808,0.0,0.0002741877557190082,7.157943725038402,0.0,0.0568772559482958,0.0901681033145862,0.1,5,3,1.0,2,56,10.4,M.Sangaré
2922,9,Mamadou_Sangaré,MID,94,0.414,0.0553781601802624,0.1309084575722275,0.0,0.0003086804993081714,7.157943725038402,0.0,0.0745833114716031,0.0768185326234935,0.1,5,3,1.0,2,56,10.4,M.Sangaré
2923,10,Mamadou_Sangaré,MID,94,0.0,0.0553792448060068,0.1309026568571386,0.0,0.00020358772119786106,7.157943725038402,0.0,0.0339066031345481,0.0862882361652565,0.1,5,3,1.0,2,56,10.4,M.Sangaré
2924,11,Mamadou_Sangaré,MID,94,0.0,0.0553730271023194,0.1306748815434337,0.0,0.00036696164719298525,7.157943725038402,0.0,0.0684445445946984,0.0929980432435829,0.1,5,3,1.0,2,56,10.4,M.Sangaré
2925,12,Mamadou_Sangaré,MID,94,0.0,0.0553745438921954,0.1306545523796669,0.0,0.00031510338781429696,7.157943725038402,0.0,0.0851448500107218,0.0764877641077813,0.1,5,3,1.0,2,56,10.4,M.Sangaré
2926,6,Mamadou_Sarr,DEF,8,0.0,0.0194280370460339,0.0277261781648788,0.0,0.00083292285937823,2.3724024024024013,0.0,0.0539343394566716,0.0350964916114288,0.1,6,3,4.0,2,45,0.0,M.Sarr
2927,7,Mamadou_Sarr,DEF,8,0.0,0.0192884071256032,0.0277508919684349,0.0,0.0008515401535314308,2.3724024024024013,0.0,0.0459456519173773,0.0386203456380479,0.1,6,3,4.0,2,45,0.0,M.Sarr
2928,8,Mamadou_Sarr,DEF,8,0.0,0.0190822055307237,0.0277811295841212,0.0,0.0010004381776491347,2.3724024024024013,0.0,0.052493727298415,0.0268053738104255,0.1,6,3,4.0,2,45,0.0,M.Sarr
2929,9,Mamadou_Sarr,DEF,8,0.0,0.0190506555677536,0.0277975409257563,0.0,0.0007372878157608332,2.3724024024024013,0.0,0.074235503863792,0.0216228986791694,0.1,6,3,4.0,2,45,0.0,M.Sarr
2930,10,Mamadou_Sarr,DEF,8,0.0,0.0190830751528561,0.0278266002599999,0.0,0.0005985353270366751,2.3724024024024013,0.0,0.0366746478210848,0.040303852137383,0.1,6,3,4.0,2,45,0.0,M.Sarr
2931,11,Mamadou_Sarr,DEF,8,0.0,0.0191161822665796,0.0278560485679019,0.0,0.0006607815183258066,2.3724024024024013,0.0,0.07078655240023,0.0561971162677075,0.1,6,3,4.0,2,45,0.0,M.Sarr
2932,12,Mamadou_Sarr,DEF,8,0.0,0.0191210021365814,0.0278602533477843,0.0,0.0006982195220367848,2.3724024024024013,0.0,0.0550530308978321,0.0334376008273799,0.1,6,3,4.0,2,45,0.0,M.Sarr
2933,6,Manuel_Ugarte Ribeiro,MID,1,0.0,0.06035235077382035,0.06013922153624052,0.0,0.000578315145726128,4.579536539270254,0.0,0.0607007698575154,0.1196306784306686,0.0378881632653061,5,3,1.0,2,50,0.0,Ugarte
2934,7,Manuel_Ugarte Ribeiro,MID,1,0.0,0.059866022389311664,0.05992158207515858,0.0,0.00037297166492431173,4.579536539270254,0.0,0.1032922855340508,0.10390984845412,0.0378881632653061,5,3,1.0,2,50,0.0,Ugarte
2935,8,Manuel_Ugarte Ribeiro,MID,1,0.0,0.05906306340213005,0.05996723672363974,0.0,0.0004764109553217975,4.579536539270254,0.0,0.0527142902426278,0.1175353766708052,0.0378881632653061,5,3,1.0,2,50,0.0,Ugarte
2936,9,Manuel_Ugarte Ribeiro,MID,1,0.0,0.05891890407000769,0.059997539351482575,0.0,0.0002419746704347611,4.579536539270254,0.0,0.0364051426726112,0.1103782551048467,0.0378881632653061,5,3,1.0,2,50,0.0,Ugarte
2937,10,Manuel_Ugarte Ribeiro,MID,1,0.0,0.05894795546928204,0.06000268095729709,0.0,0.0003667474441116467,4.579536539270254,0.0,0.0452432190095615,0.0673878343702392,0.0378881632653061,5,3,1.0,2,50,0.0,Ugarte
2938,11,Manuel_Ugarte Ribeiro,MID,1,0.0,0.05897572885293409,0.06000693546510804,0.0,0.0006263594173417354,4.579536539270254,0.0,0.0369063418813318,0.0691813954789699,0.0378881632653061,5,3,1.0,2,50,0.0,Ugarte
2939,12,Manuel_Ugarte Ribeiro,MID,1,0.0,0.059003858632218714,0.06001116125546784,0.0,0.0007095644927053216,4.579536539270254,0.0,0.0655689624381491,0.1074576445370588,0.0378881632653061,5,3,1.0,2,50,0.0,Ugarte
2940,6,Manuel_Ángel Morán Ibáñez,MID,54,0.0,0.0777483256240042,0.1129547087797792,0.0,3.0297219057911938e-05,4.475552136114786,0.0,0.0842332060993205,0.1188923620107288,0.1,5,3,1.0,2,50,0.0,Ángel
2941,7,Manuel_Ángel Morán Ibáñez,MID,54,0.0,0.0779077980162092,0.1129744506391844,0.0,2.8326148948944348e-05,4.475552136114786,0.0,0.0842332060993205,0.1188923620107288,0.1,5,3,1.0,2,50,0.0,Ángel
2942,8,Manuel_Ángel Morán Ibáñez,MID,54,0.0,0.0780222000532311,0.1129362392001827,0.0,2.9072447980209293e-05,4.475552136114786,0.0,0.0842332060993205,0.1188923620107288,0.1,5,3,1.0,2,50,0.0,Ángel
2943,9,Manuel_Ángel Morán Ibáñez,MID,54,0.0,0.0781368217940769,0.112898294412564,0.0,3.938456923797206e-05,4.475552136114786,0.0,0.0858497032968192,0.1237171984305226,0.1,5,3,1.0,2,50,0.0,Ángel
2944,10,Manuel_Ángel Morán Ibáñez,MID,54,0.0,0.0782525659793888,0.1128609520201442,0.0,4.889460687655081e-05,4.475552136114786,0.0,0.0772167805063861,0.0863082180546789,0.1,5,3,1.0,2,50,0.0,Ángel
2945,11,Manuel_Ángel Morán Ibáñez,MID,54,0.0,0.0783683640788786,0.1128233789601386,0.0,5.7554866999219486e-05,4.475552136114786,0.0,0.0428645627319718,0.1349551016015938,0.1,5,3,1.0,2,50,0.0,Ángel
2946,12,Manuel_Ángel Morán Ibáñez,MID,54,0.0,0.0784837078596626,0.1127847716322271,0.0,5.1165275474997315e-05,4.475552136114786,0.0,0.0866961224313779,0.114569503221635,0.1,5,3,1.0,2,50,0.0,Ángel
2947,6,Marc_Guiu Paz,FWD,8,0.0,0.3112586845516145,0.13692462166738664,0.0,9.281617889283785e-06,1.0,0.0,0.2588988784046943,0.0835343475833465,0.119317794169301,4,3,0.0,2,50,0.2,Marc Guiu
2948,7,Marc_Guiu Paz,FWD,8,0.0,0.3090139302931287,0.13704656141555743,0.0,9.501247594827373e-06,1.0,0.0,0.2321652746293105,0.0710294967935649,0.119317794169301,4,3,0.0,2,50,0.2,Marc Guiu
2949,8,Marc_Guiu Paz,FWD,8,0.0,0.30569893944600474,0.13719575606435755,0.0,1.1267839094335891e-05,1.0,0.0,0.1816445166652931,0.0735228775864095,0.119317794169301,4,3,0.0,2,50,0.2,Marc Guiu
2950,9,Marc_Guiu Paz,FWD,8,0.0,0.3051917278575869,0.13727673084679323,0.0,8.158219586604612e-06,1.0,0.0,0.1582373678053648,0.1067667619926839,0.119317794169301,4,3,0.0,2,50,0.2,Marc Guiu
2951,10,Marc_Guiu Paz,FWD,8,0.0,0.30571291988786875,0.13742011176716154,0.0,6.544205920253732e-06,1.0,0.0,0.3107258993287308,0.1106489791789369,0.119317794169301,4,3,0.0,2,50,0.2,Marc Guiu
2952,11,Marc_Guiu Paz,FWD,8,0.0,0.30624516494170617,0.13756541191254246,0.0,7.265775992821578e-06,1.0,0.0,0.3479730393459483,0.0845739406189787,0.119317794169301,4,3,0.0,2,50,0.2,Marc Guiu
2953,12,Marc_Guiu Paz,FWD,8,0.0,0.3063226513692459,0.13758615860978035,0.0,7.701755680991286e-06,1.0,0.0,0.3397560761522099,0.0551267835339054,0.119317794169301,4,3,0.0,2,50,0.2,Marc Guiu
2954,6,Marc_Guéhi,DEF,43,90.0,0.045668080962478985,0.04231883232289108,0.0,0.35712513452597433,4.664,0.0,0.0345883844346893,0.02331174536266,0.15,6,3,4.0,2,60,18.4,Guéhi
2955,7,Marc_Guéhi,DEF,43,90.0,0.044632385669367974,0.04176071903218534,0.0,0.1977199539857563,4.664,0.0,0.0440900662312232,0.0342011051202082,0.15,6,3,4.0,2,60,18.4,Guéhi
2956,8,Marc_Guéhi,DEF,43,90.0,0.04462693367747855,0.04175116294499447,0.0,0.24218071244830341,4.664,0.0,0.0430008805695656,0.0202850875521248,0.15,6,3,4.0,2,60,18.4,Guéhi
2957,9,Marc_Guéhi,DEF,43,90.0,0.044621252737429146,0.04174162436619021,0.0,0.19128975932773495,4.664,0.0,0.0265768898928847,0.0315855885698299,0.15,6,3,4.0,2,60,18.4,Guéhi
2958,10,Marc_Guéhi,DEF,43,90.0,0.044615658063042095,0.04173189137514243,0.0,0.2562962975748771,4.664,0.0,0.0550530308978321,0.0334376008273799,0.15,6,3,4.0,2,60,18.4,Guéhi
2959,11,Marc_Guéhi,DEF,43,90.0,0.04461020771342872,0.04172233143279279,0.0,0.18302167996406912,4.664,0.0,0.0323786694324084,0.0238084655632736,0.15,6,3,4.0,2,60,18.4,Guéhi
2960,12,Marc_Guéhi,DEF,43,90.0,0.044604432540376555,0.041712702974536,0.0,0.20610381254466825,4.664,0.0,0.0283871455110724,0.0678417594345503,0.15,6,3,4.0,2,60,18.4,Guéhi
2961,6,Marcelino_Núñez,MID,40,0.0,0.0232293999996183,0.0796762103160682,0.0,7.833396517693972e-05,5.646186249592701,0.0,0.043644761687276,0.0738034067651066,0.1,5,3,1.0,2,49,0.1,Núñez
2962,7,Marcelino_Núñez,MID,40,0.0,0.0230791249395505,0.0764377279747633,0.0,0.00016404387655001373,5.646186249592701,0.0,0.0475778188966921,0.0694586861700251,0.1,5,3,1.0,2,49,0.1,Núñez
2963,8,Marcelino_Núñez,MID,40,0.0,0.0230123468962619,0.0762743300941337,0.0,0.00012101287007765024,5.646186249592701,0.0,0.0745833114716031,0.0768185326234935,0.1,5,3,1.0,2,49,0.1,Núñez
2964,9,Marcelino_Núñez,MID,40,0.0,0.0230493417292537,0.0768243635654394,0.0,8.073926979698818e-05,5.646186249592701,0.0,0.0568772559482958,0.0901681033145862,0.1,5,3,1.0,2,49,0.1,Núñez
2965,10,Marcelino_Núñez,MID,40,0.0,0.02304172052322,0.0768147929978424,0.0,0.0001458335156506764,5.646186249592701,0.0,0.0527142902426278,0.1175353766708052,0.1,5,3,1.0,2,49,0.1,Núñez
2966,11,Marcelino_Núñez,MID,40,0.0,0.0230343546781822,0.0768056732673685,0.0,0.0001770371140239902,5.646186249592701,0.0,0.0607007698575154,0.1196306784306686,0.1,5,3,1.0,2,49,0.1,Núñez
2967,12,Marcelino_Núñez,MID,40,0.0,0.0230269120570533,0.0767961992512678,0.0,0.0001122576186267968,5.646186249592701,0.0,0.0452432190095615,0.0673878343702392,0.1,5,3,1.0,2,49,0.1,Núñez
2968,6,Marco_Bizot,GKP,7,0.0,0.0,0.0165213930736407,0.0,,4.854609375,0.5870406186198692,0.0,0.0,0.306125,0,0,4.0,1,45,0.1,M.Bizot
2969,7,Marco_Bizot,GKP,7,0.0,0.0,0.0165057301464122,0.0,,4.854609375,0.6542391602994881,0.0,0.0,0.306125,0,0,4.0,1,45,0.1,M.Bizot
2970,8,Marco_Bizot,GKP,7,0.0,0.0,0.0164899813353099,0.0,,4.854609375,0.7447148389510923,0.0,0.0,0.306125,0,0,4.0,1,45,0.1,M.Bizot
2971,9,Marco_Bizot,GKP,7,0.0,0.0,0.0164813538447652,0.0,,4.854609375,0.6821805662039345,0.0,0.0,0.306125,0,0,4.0,1,45,0.1,M.Bizot
2972,10,Marco_Bizot,GKP,7,0.0,0.0,0.0164796708022957,0.0,,4.854609375,0.884781363647988,0.0,0.0,0.306125,0,0,4.0,1,45,0.1,M.Bizot
2973,11,Marco_Bizot,GKP,7,0.0,0.0,0.0164776297558206,0.0,,4.854609375,0.5784764455125482,0.0,0.0,0.306125,0,0,4.0,1,45,0.1,M.Bizot
2974,12,Marco_Bizot,GKP,7,0.0,0.0,0.0164758929717935,0.0,,4.854609375,0.7354588975461697,0.0,0.0,0.306125,0,0,4.0,1,45,0.1,M.Bizot
2975,6,Marco_Palestra,DEF,8,0.0,0.0267310644403023,0.1265343963836759,0.0,0.0006458777035865842,1.8614266423569386,0.0,0.0510108756375665,0.0615884901660233,0.1,6,3,4.0,2,53,0.6,Palestra
2976,7,Marco_Palestra,DEF,8,0.0,0.0265392174158723,0.1266431666138396,0.0,0.0006603163806998535,1.8614266423569386,0.0,0.0485686283444027,0.1304268182787266,0.1,6,3,4.0,2,53,0.6,Palestra
2977,8,Marco_Palestra,DEF,8,0.0,0.0262559030496653,0.1267762482097313,0.0,0.0007757976450713861,1.8614266423569386,0.0,0.0507205798974058,0.0806429687371418,0.1,6,3,4.0,2,53,0.6,Palestra
2978,9,Marco_Palestra,DEF,8,0.0,0.0262125544142293,0.1268484776989268,0.0,0.0005717091570068335,1.8614266423569386,0.0,0.0428987940978528,0.0818561894866903,0.1,6,3,4.0,2,53,0.6,Palestra
2979,10,Marco_Palestra,DEF,8,0.0,0.0262570978825347,0.126976373450259,0.0,0.0004641056264717465,1.8614266423569386,0.0,0.0506062441125376,0.0961300594458143,0.1,6,3,4.0,2,53,0.6,Palestra
2980,11,Marco_Palestra,DEF,8,0.0,0.0263025859930752,0.1271059811499058,0.0,0.0005123773623429756,1.8614266423569386,0.0,0.0213032915553581,0.1622903307898582,0.1,6,3,4.0,2,53,0.6,Palestra
2981,12,Marco_Palestra,DEF,8,0.0,0.0263092083395976,0.1271244871995536,0.0,0.0005414109123809169,1.8614266423569386,0.0,0.0285964169370974,0.1492089246577317,0.1,6,3,4.0,2,53,0.6,Palestra
2982,6,Marcos_Senesi,DEF,6,46.92906832544527,0.0629598478102048,0.04577508170333715,0.0,0.05826257316080242,2.162,0.0,0.074235503863792,0.0216228986791694,0.2,6,3,4.0,2,58,3.6,Senesi
2983,7,Marcos_Senesi,DEF,6,46.50367910118676,0.063093251921496,0.04553826769939492,0.0,0.037954006993816014,2.162,0.0,0.0440900662312232,0.0342011051202082,0.2,6,3,4.0,2,58,3.6,Senesi
2984,8,Marcos_Senesi,DEF,6,45.831776104126455,0.0633022653428391,0.04518482041647772,0.0,0.032535329886071974,2.162,0.0,0.0456201977756334,0.02560444811066,0.2,6,3,4.0,2,58,3.6,Senesi
2985,9,Marcos_Senesi,DEF,6,45.65742267590365,0.0633623068062625,0.04507737827448427,0.0,0.04401774022040969,2.162,0.0,0.0576745797658112,0.0527526549054485,0.2,6,3,4.0,2,58,3.6,Senesi
2986,10,Marcos_Senesi,DEF,6,45.71832149913105,0.0633520509883188,0.04508327726535689,0.0,0.04793110738060756,2.162,0.0,0.07078655240023,0.0561971162677075,0.2,6,3,4.0,2,58,3.6,Senesi
2987,11,Marcos_Senesi,DEF,6,45.77858942963252,0.0633411665160969,0.04508910883757743,0.0,0.03731520083338081,2.162,0.0,0.0440900662312232,0.0342011051202082,0.2,6,3,4.0,2,58,3.6,Senesi
2988,12,Marcos_Senesi,DEF,6,45.83879196668474,0.0633303714595398,0.0450945462039094,0.0,0.04397225622334926,2.162,0.0,0.0366746478210848,0.040303852137383,0.2,6,3,4.0,2,58,3.6,Senesi
2989,6,Marcus_Bettinelli,GKP,43,0.0,0.0,3.135111100015267e-08,0.0,2.6223219509059722e-05,3.772,0.6376585886980666,0.0,0.0,0.1,0,0,4.0,1,45,0.0,Bettinelli
2990,7,Marcus_Bettinelli,GKP,43,0.0,0.0,3.0887919587181095e-08,0.0,1.2328181232416498e-05,3.772,0.6288131345561029,0.0,0.0,0.1,0,0,4.0,1,45,0.0,Bettinelli
2991,8,Marcus_Bettinelli,GKP,43,0.0,0.0,3.0879988764528946e-08,0.0,1.5802989770977023e-05,3.772,0.5386181670052748,0.0,0.0,0.1,0,0,4.0,1,45,0.0,Bettinelli
2992,9,Marcus_Bettinelli,GKP,43,0.0,0.0,3.087207247250061e-08,0.0,1.1848800993586197e-05,3.772,0.6280134548665279,0.0,0.0,0.1,0,0,4.0,1,45,0.0,Bettinelli
2993,10,Marcus_Bettinelli,GKP,43,0.0,0.0,3.086399483315585e-08,0.0,1.696698387600355e-05,3.772,0.5302753869987731,0.0,0.0,0.1,0,0,4.0,1,45,0.0,Bettinelli
2994,11,Marcus_Bettinelli,GKP,43,0.0,0.0,3.0856060811016254e-08,0.0,1.1240726394860077e-05,3.772,0.57787895287674,0.0,0.0,0.1,0,0,4.0,1,45,0.0,Bettinelli
2995,12,Marcus_Bettinelli,GKP,43,0.0,0.0,3.084806992590568e-08,0.0,1.2961823690577081e-05,3.772,0.5625683123913895,0.0,0.0,0.1,0,0,4.0,1,45,0.0,Bettinelli
2996,6,Marcus_Rashford,MID,1,43.92103769462059,0.2506343633326119,0.11239346560290839,0.0,0.0008292838194771328,5.186,0.0,0.1220461381569684,0.1872283971637988,0.05,5,3,1.0,2,70,1.6,Rashford
2997,7,Marcus_Rashford,MID,1,43.504061833320606,0.2485880048314552,0.11199104756853479,0.0,0.0005153212327110271,5.186,0.0,0.1182193902266794,0.1729940302427504,0.05,5,3,1.0,2,70,1.6,Rashford
2998,8,Marcus_Rashford,MID,1,42.50061415655803,0.2452093372442054,0.11207546357384222,0.0,0.0006018197849748748,5.186,0.0,0.1697864627106199,0.0953712727396801,0.05,5,3,1.0,2,70,1.6,Rashford
2999,9,Marcus_Rashford,MID,1,42.41205835275821,0.2446027477787194,0.11213149350459227,0.0,0.00030327931387184973,5.186,0.0,0.1486543353660969,0.1189228792264125,0.05,5,3,1.0,2,70,1.6,Rashford
3000,10,Marcus_Rashford,MID,1,42.44600051099572,0.2447249894157888,0.1121410003968401,0.0,0.00046104609784038575,5.186,0.0,0.1477429617751006,0.2046314411489814,0.05,5,3,1.0,2,70,1.6,Rashford
3001,11,Marcus_Rashford,MID,1,42.48295684856454,0.2448418534557105,0.1121488670339932,0.0,0.0007899697252631227,5.186,0.0,0.162531339725311,0.1137100266743979,0.05,5,3,1.0,2,70,1.6,Rashford
3002,12,Marcus_Rashford,MID,1,42.51998195121639,0.24496021712686,0.11215668057222662,0.0,0.0008978560444793589,5.186,0.0,0.1841742556698727,0.1303583338431828,0.05,5,3,1.0,2,70,1.6,Rashford
3003,6,Marcus_Tavernier,MID,91,81.677982,0.2286649515774739,0.16562066239867834,0.045,0.05042364819175235,6.513999999999999,0.0,0.1486543353660969,0.1189228792264125,0.2,5,3,1.0,2,61,6.6,Tavernier
3004,7,Marcus_Tavernier,MID,91,81.734982,0.22857648523281804,0.16557826022493044,0.045,0.06917400255552708,6.513999999999999,0.0,0.1261492811823807,0.1064172920699372,0.2,5,3,1.0,2,61,6.6,Tavernier
3005,8,Marcus_Tavernier,MID,91,81.788982,0.22848953670907202,0.16553663574246585,0.045,0.08541143161614369,6.513999999999999,0.0,0.1396329057693053,0.09073077750478,0.2,5,3,1.0,2,61,6.6,Tavernier
3006,9,Marcus_Tavernier,MID,91,81.84598199999999,0.22606387852482748,0.1645380377508345,0.045,0.07701618879756336,6.513999999999999,0.0,0.1182193902266794,0.1729940302427504,0.2,5,3,1.0,2,61,6.6,Tavernier
3007,10,Marcus_Tavernier,MID,91,81.902982,0.22596610389186325,0.16449095928303828,0.045,0.05947783850175578,6.513999999999999,0.0,0.150737295523736,0.1390624159116826,0.2,5,3,1.0,2,61,6.6,Tavernier
3008,11,Marcus_Tavernier,MID,91,81.959982,0.22586941649720155,0.16444485475383813,0.045,0.08209119921430019,6.513999999999999,0.0,0.1678163049268733,0.1529825499215968,0.2,5,3,1.0,2,61,6.6,Tavernier
3009,12,Marcus_Tavernier,MID,91,82.013982,0.22577376001939203,0.16439885457153056,0.045,0.05472027145642857,6.513999999999999,0.0,0.1162593608860656,0.17672170864813,0.2,5,3,1.0,2,61,6.6,Tavernier
3010,6,Mark_Gillespie,GKP,4,0.0,0.0023128803253768,0.0001294775493701,0.0,1.0794511101958337e-05,5.530648288973383,0.6778807360472091,0.0,0.0,0.1,0,0,4.0,1,45,0.0,Gillespie
3011,7,Mark_Gillespie,GKP,4,0.0,0.0023171877500147,0.0001293022671642,0.0,1.4388419321002151e-05,5.530648288973383,0.6999655385424101,0.0,0.0,0.1,0,0,4.0,1,45,0.0,Gillespie
3012,8,Mark_Gillespie,GKP,4,0.0,0.0023216332889234,0.0001291180684041,0.0,1.3444740809173098e-05,5.530648288973383,0.652548016465854,0.0,0.0,0.1,0,0,4.0,1,45,0.0,Gillespie
3013,9,Mark_Gillespie,GKP,4,0.0,0.0023237491002371,0.0001289259397176,0.0,1.8842718852911608e-05,5.530648288973383,0.7417941134622291,0.0,0.0,0.1,0,0,4.0,1,45,0.0,Gillespie
3014,10,Mark_Gillespie,GKP,4,0.0,0.0023228231672158,0.0001287893172923,0.0,1.0234533569595205e-05,5.530648288973383,0.7422844760683726,0.0,0.0,0.1,0,0,4.0,1,45,0.0,Gillespie
3015,11,Mark_Gillespie,GKP,4,0.0,0.0023216906505658,0.0001286774784772,0.0,1.1801571580769773e-05,5.530648288973383,0.7258390072647228,0.0,0.0,0.1,0,0,4.0,1,45,0.0,Gillespie
3016,12,Mark_Gillespie,GKP,4,0.0,0.0023216304340278,0.0001286495696413,0.0,1.078817800191927e-05,5.530648288973383,0.7956430855277619,0.0,0.0,0.1,0,0,4.0,1,45,0.0,Gillespie
3017,6,Mark_Travers,GKP,11,42.28180265394613,0.0,0.0040669358581619875,0.0,,8.092,0.7064429206361051,0.0,0.0,0.0,0,0,4.0,1,50,0.0,Travers
3018,7,Mark_Travers,GKP,11,42.2610493680493,0.0,0.004067020098275432,0.0,,8.092,0.7894073108718991,0.0,0.0,0.0,0,0,4.0,1,50,0.0,Travers
3019,8,Mark_Travers,GKP,11,42.24013222453793,0.0,0.004067095705854905,0.0,,8.092,0.7841649291652746,0.0,0.0,0.0,0,0,4.0,1,50,0.0,Travers
3020,9,Mark_Travers,GKP,11,42.98596944366315,0.0,0.004057828871681369,0.0,,8.092,0.7718857896978036,0.0,0.0,0.0,0,0,4.0,1,50,0.0,Travers
3021,10,Mark_Travers,GKP,11,42.96184308771153,0.0,0.0040579424750801524,0.0,,8.092,0.735373544744668,0.0,0.0,0.0,0,0,4.0,1,50,0.0,Travers
3022,11,Mark_Travers,GKP,11,42.93941536341733,0.0,0.0040580561735607526,0.0,,8.092,0.7016039943938043,0.0,0.0,0.0,0,0,4.0,1,50,0.0,Travers
3023,12,Mark_Travers,GKP,11,42.91603800128169,0.0,0.004058161897450716,0.0,,8.092,0.8650932100434378,0.0,0.0,0.0,0,0,4.0,1,50,0.0,Travers
3024,6,Martin_Dubravka,GKP,6,34.555766835446704,0.0,,0.0,,10.054,1.0362211278085653,0.0,0.0,0.04,0,0,4.0,1,40,17.3,Dubravka
3025,7,Martin_Dubravka,GKP,6,34.11824618618428,0.0,,0.0,,10.054,0.7643827598772441,0.0,0.0,0.04,0,0,4.0,1,40,17.3,Dubravka
3026,8,Martin_Dubravka,GKP,6,33.427181582872784,0.0,,0.0,,10.054,0.8187739974693924,0.0,0.0,0.04,0,0,4.0,1,40,17.3,Dubravka
3027,9,Martin_Dubravka,GKP,6,33.24785587181337,0.0,,0.0,,10.054,0.7383099141903758,0.0,0.0,0.04,0,0,4.0,1,40,17.3,Dubravka
3028,10,Martin_Dubravka,GKP,6,33.310491432749856,0.0,,0.0,,10.054,0.7243898301101199,0.0,0.0,0.04,0,0,4.0,1,40,17.3,Dubravka
3029,11,Martin_Dubravka,GKP,6,33.37247810890196,0.0,,0.0,,10.054,0.8853114458193211,0.0,0.0,0.04,0,0,4.0,1,40,17.3,Dubravka
3030,12,Martin_Dubravka,GKP,6,33.434397526687505,0.0,,0.0,,10.054,0.7212167809335859,0.0,0.0,0.04,0,0,4.0,1,40,17.3,Dubravka
3031,6,Martin_Ødegaard,MID,3,58.04116928074479,0.09722126255163913,0.18328923727849253,0.0,0.004232851796096689,7.552,0.0,0.0928778036155075,0.1172272670252035,0.05,5,3,1.0,2,68,19.9,Ødegaard
3032,7,Martin_Ødegaard,MID,3,57.6313482127568,0.0976763238003525,0.18346527948558602,0.0,0.0043253603368223195,7.552,0.0,0.1202318081610187,0.1776752802788837,0.05,5,3,1.0,2,68,19.9,Ødegaard
3033,8,Martin_Ødegaard,MID,3,57.224697704676814,0.09813873069822095,0.18364192418352882,0.0,0.005142383400094489,7.552,0.0,0.1053742839427626,0.1147639713719944,0.05,5,3,1.0,2,68,19.9,Ødegaard
3034,9,Martin_Ødegaard,MID,3,56.82415905017128,0.0985957058089624,0.1838138889358718,0.0,0.006367370302561906,7.552,0.0,0.070552064626671,0.1127830621923689,0.05,5,3,1.0,2,68,19.9,Ødegaard
3035,10,Martin_Ødegaard,MID,3,56.79415993529757,0.09861040305391001,0.18376551210796493,0.0,0.0026817016779353492,7.552,0.0,0.0842332060993205,0.1188923620107288,0.05,5,3,1.0,2,68,19.9,Ødegaard
3036,11,Martin_Ødegaard,MID,3,56.76097913078223,0.09862467020953868,0.18371633478334268,0.0,0.004607918530643456,7.552,0.0,0.0772167805063861,0.0863082180546789,0.05,5,3,1.0,2,68,19.9,Ødegaard
3037,12,Martin_Ødegaard,MID,3,56.74486731545671,0.09864134783814464,0.18368939098669906,0.0,0.005412849759582689,7.552,0.0,0.0428645627319718,0.1349551016015938,0.05,5,3,1.0,2,68,19.9,Ødegaard
3038,6,Martín_Zubimendi Ibáñez,MID,3,22.072976312403327,0.05701602893804717,0.06783780472828022,0.0,0.0008103476751195453,4.946,0.0,0.1032922855340508,0.10390984845412,0.08,5,3,1.0,2,53,0.6,Zubimendi
3039,7,Martín_Zubimendi Ibáñez,MID,3,21.18731945936017,0.057294512803914,0.06790815151464906,0.0,0.0007936565651226357,4.946,0.0,0.0745833114716031,0.0768185326234935,0.08,5,3,1.0,2,53,0.6,Zubimendi
3040,8,Martín_Zubimendi Ibáñez,MID,3,20.29954951143556,0.057577491987235,0.0679787390574578,0.0,0.0009043795576966762,4.946,0.0,0.0684445445946984,0.0929980432435829,0.08,5,3,1.0,2,53,0.6,Zubimendi
3041,9,Martín_Zubimendi Ibáñez,MID,3,19.42916084567646,0.05785714707938809,0.06804745648548693,0.0,0.0010746542954382025,4.946,0.0,0.0369063418813318,0.0691813954789699,0.08,5,3,1.0,2,53,0.6,Zubimendi
3042,10,Martín_Zubimendi Ibáñez,MID,3,19.08841348544708,0.05786614135346039,0.06802812501700475,0.0,0.00043912344292142385,4.946,0.0,0.0568772559482958,0.0901681033145862,0.08,5,3,1.0,2,53,0.6,Zubimendi
3043,11,Martín_Zubimendi Ibáñez,MID,3,18.74764088256161,0.05787487242574043,0.06800847366857811,0.0,0.000735092213427815,4.946,0.0,0.0576949851966989,0.1085060286467325,0.08,5,3,1.0,2,53,0.6,Zubimendi
3044,12,Martín_Zubimendi Ibáñez,MID,3,18.42983135787105,0.05788507863534591,0.06799770687839898,0.0,0.0008410117835377272,4.946,0.0,0.0475778188966921,0.0694586861700251,0.08,5,3,1.0,2,53,0.6,Zubimendi
3045,6,Mason_Burstow,FWD,88,0.0,0.3271501254442501,0.1820933311701901,0.0,3.841853138702487e-05,1.1635276112018986,0.0,0.2321652746293105,0.0710294967935649,0.1,4,3,0.0,2,45,0.0,Burstow
3046,7,Mason_Burstow,FWD,88,0.0,0.3265362199226674,0.1820979312687651,0.0,2.0158521414384263e-05,1.1635276112018986,0.0,0.251881030599128,0.0913042928657778,0.1,4,3,0.0,2,45,0.0,Burstow
3047,8,Mason_Burstow,FWD,88,0.0,0.3276582701665627,0.1826246543700299,0.0,5.590702073665537e-05,1.1635276112018986,0.0,0.3657327697364796,0.1238459952069972,0.1,4,3,0.0,2,45,0.0,Burstow
3048,9,Mason_Burstow,FWD,88,0.0,0.3283794934672753,0.1826603420399584,0.0,2.222334823495796e-05,1.1635276112018986,0.0,0.2767363309065365,0.1027633521295426,0.1,4,3,0.0,2,45,0.0,Burstow
3049,10,Mason_Burstow,FWD,88,0.0,0.3291423329713278,0.1828280399849041,0.0,2.3431468871186864e-05,1.1635276112018986,0.0,0.2686708389316911,0.1234648585781471,0.1,4,3,0.0,2,45,0.0,Burstow
3050,11,Mason_Burstow,FWD,88,0.0,0.3299114710262552,0.1829964897201561,0.0,2.131174695380328e-05,1.1635276112018986,0.0,0.2378841599042031,0.0988234500197675,0.1,4,3,0.0,2,45,0.0,Burstow
3051,12,Mason_Burstow,FWD,88,0.0,0.3306892733973005,0.183167577571753,0.0,2.6890868007986263e-05,1.1635276112018986,0.0,0.508906701575971,0.1270447035747427,0.1,4,3,0.0,2,45,0.0,Burstow
3052,6,Mason_Miley,MID,4,0.0,0.106622389349387,0.1322388722870208,0.0,2.154140869700078e-05,2.9424066847032417,0.0,0.0842332060993205,0.1188923620107288,0.1,5,3,1.0,2,45,0.0,Miley
3053,7,Mason_Miley,MID,4,0.0,0.1068037643617458,0.1320686911279262,0.0,2.918230438517188e-05,2.9424066847032417,0.0,0.0858497032968192,0.1237171984305226,0.1,5,3,1.0,2,45,0.0,Miley
3054,8,Mason_Miley,MID,4,0.0,0.1069909550249113,0.1318898529033833,0.0,2.7163810796128432e-05,2.9424066847032417,0.0,0.0822560971477504,0.1524742200371775,0.1,5,3,1.0,2,45,0.0,Miley
3055,9,Mason_Miley,MID,4,0.0,0.1070800466133744,0.1317033155284873,0.0,3.8808476460467426e-05,2.9424066847032417,0.0,0.1053742839427626,0.1147639713719944,0.1,5,3,1.0,2,45,0.0,Miley
3056,10,Mason_Miley,MID,4,0.0,0.1070410578608593,0.1315706690766174,0.0,2.0363131958222952e-05,2.9424066847032417,0.0,0.0936735501911697,0.0888189627888669,0.1,5,3,1.0,2,45,0.0,Miley
3057,11,Mason_Miley,MID,4,0.0,0.106993370381991,0.1314620849845428,0.0,2.3669299401467004e-05,2.9424066847032417,0.0,0.0676432579115817,0.1324297279869411,0.1,5,3,1.0,2,45,0.0,Miley
3058,12,Mason_Miley,MID,4,0.0,0.1069908348123079,0.1314349883490129,0.0,2.152806260530622e-05,2.9424066847032417,0.0,0.0957882179850394,0.1113283019034307,0.1,5,3,1.0,2,45,0.0,Miley
3059,6,Mason_Mount,MID,1,3.705564351735744,0.10403979740371269,0.14493342676943624,0.0,0.000289567726985435,2.566,0.0,0.0607007698575154,0.1196306784306686,0.1,5,3,1.0,2,54,0.0,Mount
3060,7,Mason_Mount,MID,1,3.126250238337104,0.10320244692055992,0.14444062885214656,0.0,0.00017731940411524038,2.566,0.0,0.1032922855340508,0.10390984845412,0.1,5,3,1.0,2,54,0.0,Mount
3061,8,Mason_Mount,MID,1,1.7479921984012812,0.10181992820011238,0.14454400401938075,0.0,0.0002002740491144119,2.566,0.0,0.0527142902426278,0.1175353766708052,0.1,5,3,1.0,2,54,0.0,Mount
3062,9,Mason_Mount,MID,1,1.615228302067953,0.10157171754605877,0.1446126178259723,0.0,0.00010051102168877109,2.566,0.0,0.0364051426726112,0.1103782551048467,0.1,5,3,1.0,2,54,0.0,Mount
3063,10,Mason_Mount,MID,1,1.6492913424245046,0.10162173766413862,0.1446242598904412,0.0,0.00015281261702164694,2.566,0.0,0.0452432190095615,0.0673878343702392,0.1,5,3,1.0,2,54,0.0,Mount
3064,11,Mason_Mount,MID,1,1.6844738145928255,0.10166955732048737,0.1446338933115953,0.0,0.00026183791543963497,2.566,0.0,0.0369063418813318,0.0691813954789699,0.1,5,3,1.0,2,54,0.0,Mount
3065,12,Mason_Mount,MID,1,1.7227637779077511,0.10171799061170622,0.14464346170823564,0.0,0.0002976471882007892,2.566,0.0,0.0655689624381491,0.1074576445370588,0.1,5,3,1.0,2,54,0.0,Mount
3066,6,Mateo_Joseph Fernández-Regatillo,FWD,2,0.0,0.2403136488184882,0.1078975146087961,0.0,1.44157144729129e-05,1.4140000000000001,0.0,0.2686708389316911,0.1234648585781471,0.1,4,3,0.0,2,45,0.1,Mateo Joseph
3067,7,Mateo_Joseph Fernández-Regatillo,FWD,2,0.0,0.2403008653567864,0.1078982847168965,0.0,2.0295274524054552e-05,1.4140000000000001,0.0,0.1582373678053648,0.1067667619926839,0.1,4,3,0.0,2,45,0.1,Mateo Joseph
3068,8,Mateo_Joseph Fernández-Regatillo,FWD,2,0.0,0.24028990325082,0.1078989659762938,0.0,1.6280110866132948e-05,1.4140000000000001,0.0,0.3107258993287308,0.1106489791789369,0.1,4,3,0.0,2,45,0.1,Mateo Joseph
3069,9,Mateo_Joseph Fernández-Regatillo,FWD,2,0.0,0.2402792984394361,0.1078998000569716,0.0,2.308993127042217e-05,1.4140000000000001,0.0,0.2588988784046943,0.0835343475833465,0.1,4,3,0.0,2,45,0.1,Mateo Joseph
3070,10,Mateo_Joseph Fernández-Regatillo,FWD,2,0.0,0.2402664062833803,0.1079001241987081,0.0,2.8030999448088348e-05,1.4140000000000001,0.0,0.1816445166652931,0.0735228775864095,0.1,4,3,0.0,2,45,0.1,Mateo Joseph
3071,11,Mateo_Joseph Fernández-Regatillo,FWD,2,0.0,0.2402544045918724,0.1079004985594307,0.0,1.172545821988538e-05,1.4140000000000001,0.0,0.2699527724353497,0.1092810666119734,0.1,4,3,0.0,2,45,0.1,Mateo Joseph
3072,12,Mateo_Joseph Fernández-Regatillo,FWD,2,0.0,0.2402424921335775,0.1079009904435832,0.0,1.3119719713819025e-05,1.4140000000000001,0.0,0.2767363309065365,0.1027633521295426,0.1,4,3,0.0,2,45,0.1,Mateo Joseph
3073,6,Mateo_Kovačić,MID,43,5.035778658766059,0.05834903736825461,0.09107338825350311,0.0,0.0004278687951035198,8.166,0.0,0.0369063418813318,0.0691813954789699,0.15,5,3,1.0,2,54,0.1,Kovačić
3074,7,Mateo_Kovačić,MID,43,0.0,0.05700020109771908,0.08982014328434657,0.0,0.00012291259801735146,8.166,0.0,0.0568772559482958,0.0901681033145862,0.15,5,3,1.0,2,54,0.1,Kovačić
3075,8,Mateo_Kovačić,MID,43,0.0,0.05699310070394883,0.08979868506359429,0.0,0.00015977525537880132,8.166,0.0,0.0452432190095615,0.0673878343702392,0.15,5,3,1.0,2,54,0.1,Kovačić
3076,9,Mateo_Kovačić,MID,43,0.0,0.056985702139872675,0.08977726615797342,0.0,0.00011787114816703174,8.166,0.0,0.0339066031345481,0.0862882361652565,0.15,5,3,1.0,2,54,0.1,Kovačić
3077,10,Mateo_Kovačić,MID,43,0.0,0.05697841592375754,0.08975541069911128,0.0,0.00017223599898237904,8.166,0.0,0.0745833114716031,0.0768185326234935,0.15,5,3,1.0,2,54,0.1,Kovačić
3078,11,Mateo_Kovačić,MID,43,0.0,0.056971317668803124,0.08973394382158896,0.0,0.00011149339021129352,8.166,0.0,0.043644761687276,0.0738034067651066,0.15,5,3,1.0,2,54,0.1,Kovačić
3079,12,Mateo_Kovačić,MID,43,0.0,0.05696379638051179,0.08971232309140383,0.0,0.0001295938447258293,8.166,0.0,0.0502408361290219,0.1066747570632133,0.15,5,3,1.0,2,54,0.1,Kovačić
3080,6,Mateus_Fernandes,MID,6,18.7743645927472,0.0741360438269627,0.12213468264464555,0.0,0.000787533071696247,7.272,0.0,0.1119957605907742,0.1332858089793131,0.2,5,3,1.0,2,58,0.8,Fernandes
3081,7,Mateus_Fernandes,MID,6,18.45188905067,0.0742855772331576,0.12151733916260346,0.0,0.0004947594606092211,7.272,0.0,0.0842332060993205,0.1188923620107288,0.2,5,3,1.0,2,58,0.8,Fernandes
3082,8,Mateus_Fernandes,MID,6,17.946015398278792,0.0745198615331797,0.12059594780600302,0.0,0.00042267212311515384,7.272,0.0,0.0533112851817121,0.0911547974260361,0.2,5,3,1.0,2,58,0.8,Fernandes
3083,9,Mateus_Fernandes,MID,6,17.80730220254373,0.0745871623416162,0.120315860036901,0.0,0.0005889449718771228,7.272,0.0,0.0822560971477504,0.1524742200371775,0.2,5,3,1.0,2,58,0.8,Fernandes
3084,10,Mateus_Fernandes,MID,6,17.846608916944756,0.0745756665385588,0.12033123794321235,0.0,0.000645683134682618,7.272,0.0,0.0928778036155075,0.1172272670252035,0.2,5,3,1.0,2,58,0.8,Fernandes
3085,11,Mateus_Fernandes,MID,6,17.885446267981493,0.074563466073444,0.12034644009781668,0.0,0.0004901684654110446,7.272,0.0,0.0842332060993205,0.1188923620107288,0.2,5,3,1.0,2,58,0.8,Fernandes
3086,12,Mateus_Fernandes,MID,6,17.92423496845042,0.0745513658348425,0.12036061460865069,0.0,0.000585634891914778,7.272,0.0,0.085880677692756,0.1056084642760237,0.2,5,3,1.0,2,58,0.8,Fernandes
3087,6,Matheus_França de Oliveira,MID,31,0.0,0.1424917979023396,0.31343988872671863,0.0,7.420397537122843e-05,4.032411667967734,0.0,0.1678163049268733,0.1529825499215968,0.1183495706479313,5,3,1.0,2,49,0.0,M.França
3088,7,Matheus_França de Oliveira,MID,31,0.0,0.1452438629125369,0.32300942811418165,0.0,5.078078636900267e-05,4.032411667967734,0.0,0.1614820231045773,0.1551187159815836,0.1183495706479313,5,3,1.0,2,49,0.0,M.França
3089,8,Matheus_França de Oliveira,MID,31,0.0,0.1452667855191613,0.3230651864430907,0.0,8.545600014273128e-05,4.032411667967734,0.0,0.2069194075756547,0.1443916359282739,0.1183495706479313,5,3,1.0,2,49,0.0,M.França
3090,9,Matheus_França de Oliveira,MID,31,0.0,0.1452883118398738,0.32311863659659246,0.0,0.00010855939785566573,4.032411667967734,0.0,0.1220461381569684,0.1872283971637988,0.1183495706479313,5,3,1.0,2,49,0.0,M.França
3091,10,Matheus_França de Oliveira,MID,31,0.0,0.1453106741475897,0.32317314778484,0.0,0.00011758164720420926,4.032411667967734,0.0,0.162531339725311,0.1137100266743979,0.1183495706479313,5,3,1.0,2,49,0.0,M.França
3092,11,Matheus_França de Oliveira,MID,31,0.0,0.1453317067656895,0.3232260375813828,0.0,5.0812266571221864e-05,4.032411667967734,0.0,0.150737295523736,0.1390624159116826,0.1183495706479313,5,3,1.0,2,49,0.0,M.França
3093,12,Matheus_França de Oliveira,MID,31,0.0,0.1453539135315932,0.3232809220026018,0.0,4.9507923545921676e-05,4.032411667967734,0.0,0.150737295523736,0.1390624159116826,0.1183495706479313,5,3,1.0,2,49,0.0,M.França
3094,6,Matheus_Nunes,DEF,43,40.872623921329385,0.008252948939403917,0.05671563966896619,0.0,0.008527104627085199,5.558,0.0,0.0253111663142996,0.0466702106609451,0.14,6,3,4.0,2,59,1.0,Matheus N.
3095,7,Matheus_Nunes,DEF,43,34.905627628482506,0.008006802752942419,0.055886438781757766,0.0,0.002518558087561657,5.558,0.0,0.0462278002486011,0.089997557499349,0.14,6,3,4.0,2,59,1.0,Matheus N.
3096,8,Matheus_Nunes,DEF,43,34.93836930653503,0.008005507017583652,0.05587224109804591,0.0,0.0032348379613969867,5.558,0.0,0.0348944706518137,0.102631454475445,0.14,6,3,4.0,2,59,1.0,Matheus N.
3097,9,Matheus_Nunes,DEF,43,34.96999444593851,0.008004156869776683,0.05585806942691932,0.0,0.0024330989280998273,5.558,0.0,0.1174447659202134,0.0817117691611616,0.14,6,3,4.0,2,59,1.0,Matheus N.
3098,10,Matheus_Nunes,DEF,43,35.002726137984595,0.008002827224103887,0.0558436089133527,0.0,0.0034900206152658265,5.558,0.0,0.0295843143845428,0.1129283287121402,0.14,6,3,4.0,2,59,1.0,Matheus N.
3099,11,Matheus_Nunes,DEF,43,35.036550894519586,0.008001531879052887,0.055829405501948544,0.0,0.0023205844489114238,5.558,0.0,0.031159434697039,0.0740471263388762,0.14,6,3,4.0,2,59,1.0,Matheus N.
3100,12,Matheus_Nunes,DEF,43,35.068215528347,0.008000159335571867,0.05581510029499152,0.0,0.0026817476796763876,5.558,0.0,0.1077701515240741,0.0871056101039265,0.14,6,3,4.0,2,59,1.0,Matheus N.
3101,6,Matheus_Santos Carneiro Da Cunha,MID,1,63.5077493729963,0.2105249996867995,0.11976845162086146,0.0,0.010379624664215546,4.01,0.0,0.1220461381569684,0.1872283971637988,0.1,5,3,1.0,2,79,5.7,Cunha
3102,7,Matheus_Santos Carneiro Da Cunha,MID,1,63.1353318393978,0.20890383158901796,0.11938821114972467,0.0,0.006494607910543325,4.01,0.0,0.1182193902266794,0.1729940302427504,0.1,5,3,1.0,2,79,5.7,Cunha
3103,8,Matheus_Santos Carneiro Da Cunha,MID,1,62.26417430363266,0.20622718030706422,0.11946797492492314,0.0,0.007668806050406954,4.01,0.0,0.1697864627106199,0.0953712727396801,0.1,5,3,1.0,2,79,5.7,Cunha
3104,9,Matheus_Santos Carneiro Da Cunha,MID,1,62.16704440828215,0.205746627417949,0.11952091700367293,0.0,0.003873032080639632,4.01,0.0,0.1486543353660969,0.1189228792264125,0.1,5,3,1.0,2,79,5.7,Cunha
3105,10,Matheus_Santos Carneiro Da Cunha,MID,1,62.17743465071622,0.2058434698051092,0.11952989996387496,0.0,0.005866156169972507,4.01,0.0,0.1477429617751006,0.2046314411489814,0.1,5,3,1.0,2,79,5.7,Cunha
3106,11,Matheus_Santos Carneiro Da Cunha,MID,1,62.19039779069509,0.20593605194709053,0.11953733306468527,0.0,0.009999231788465941,4.01,0.0,0.162531339725311,0.1137100266743979,0.1,5,3,1.0,2,79,5.7,Cunha
3107,12,Matheus_Santos Carneiro Da Cunha,MID,1,62.20004761394136,0.206029822128364,0.11954471599289758,0.0,0.01132647506032677,4.01,0.0,0.1841742556698727,0.1303583338431828,0.1,5,3,1.0,2,79,5.7,Cunha
3108,6,Mathias_Jensen,MID,94,0.0,0.04524790405449925,0.17711440253862892,0.0,7.245458703761415e-05,5.296,0.0,0.0452432190095615,0.0673878343702392,0.08,5,3,1.0,2,54,0.1,Jensen
3109,7,Mathias_Jensen,MID,94,0.0,0.04519313851538304,0.17759048989720902,0.0,0.0001237639946084477,5.296,0.0,0.0369063418813318,0.0691813954789699,0.08,5,3,1.0,2,54,0.1,Jensen
3110,8,Mathias_Jensen,MID,94,0.0,0.04517645329333561,0.17773813443945585,0.0,5.211116109091351e-05,5.296,0.0,0.0568772559482958,0.0901681033145862,0.08,5,3,1.0,2,54,0.1,Jensen
3111,9,Mathias_Jensen,MID,94,0.0,0.045159893292356805,0.1778856852816981,0.0,7.810570095046057e-05,5.296,0.0,0.0745833114716031,0.0768185326234935,0.08,5,3,1.0,2,54,0.1,Jensen
3112,10,Mathias_Jensen,MID,94,0.0,0.0451607378997139,0.17787831292834402,0.0,5.345095077273367e-05,5.296,0.0,0.0339066031345481,0.0862882361652565,0.08,5,3,1.0,2,54,0.1,Jensen
3113,11,Mathias_Jensen,MID,94,0.0,0.04515589612059794,0.17758882446489183,0.0,9.635358229557529e-05,5.296,0.0,0.0684445445946984,0.0929980432435829,0.08,5,3,1.0,2,54,0.1,Jensen
3114,12,Mathias_Jensen,MID,94,0.0,0.0451570772578656,0.17756298734371134,0.0,8.273454959142352e-05,5.296,0.0,0.0851448500107218,0.0764877641077813,0.08,5,3,1.0,2,54,0.1,Jensen
3115,6,Mathys_Tel,MID,6,51.72575262541771,0.14273212752924577,0.209450580408355,0.0,0.00292066785155904,2.3179999999999996,0.0,0.1396329057693053,0.09073077750478,0.08,5,3,1.0,2,57,0.2,Tel
3116,7,Mathys_Tel,MID,6,51.32931861374157,0.1430258504712171,0.20844166599474773,0.0,0.0018240535634434817,2.3179999999999996,0.0,0.150737295523736,0.1390624159116826,0.08,5,3,1.0,2,57,0.2,Tel
3117,8,Mathys_Tel,MID,6,50.71645505464063,0.14348604646093754,0.20693585108410428,0.0,0.0015437711358041774,2.3179999999999996,0.0,0.1486543353660969,0.1189228792264125,0.08,5,3,1.0,2,57,0.2,Tel
3118,9,Mathys_Tel,MID,6,50.53614831675303,0.1436182429510332,0.20647810819778223,0.0,0.002142301641579231,2.3179999999999996,0.0,0.1069834175421901,0.1070778805233272,0.08,5,3,1.0,2,57,0.2,Tel
3119,10,Mathys_Tel,MID,6,50.5556929682813,0.14359566217005415,0.20650324005999487,0.0,0.002344260461494294,2.3179999999999996,0.0,0.1182193902266794,0.1729940302427504,0.08,5,3,1.0,2,57,0.2,Tel
3120,11,Mathys_Tel,MID,6,50.578042228289526,0.14357169724744512,0.20652808469405085,0.0,0.0017776374871195173,2.3179999999999996,0.0,0.150737295523736,0.1390624159116826,0.08,5,3,1.0,2,57,0.2,Tel
3121,12,Mathys_Tel,MID,6,50.600376545540655,0.14354792919607107,0.2065512498666044,0.0,0.002120286516032021,2.3179999999999996,0.0,0.1261492811823807,0.1064172920699372,0.08,5,3,1.0,2,57,0.2,Tel
3122,6,Matias_Fernandez-Pardo,FWD,4,43.70037906074148,0.2014253790584406,0.133705829067536,0.0,0.0003272118672366318,1.0,0.0,0.150737295523736,0.1390624159116826,0.1,4,3,0.0,2,60,0.1,Fernandez-Pardo
3123,7,Matias_Fernandez-Pardo,FWD,4,43.11863586305502,0.2017818803043481,0.1335194165581993,0.0,0.00042080080705920287,1.0,0.0,0.1477429617751006,0.2046314411489814,0.1,4,3,0.0,2,60,0.1,Fernandez-Pardo
3124,8,Matias_Fernandez-Pardo,FWD,4,42.50098073111719,0.2021498124895642,0.1333235212994073,0.0,0.0003706857080928008,1.0,0.0,0.1069834175421901,0.1070778805233272,0.1,4,3,0.0,2,60,0.1,Fernandez-Pardo
3125,9,Matias_Fernandez-Pardo,FWD,4,42.02072787708368,0.2023249262600551,0.1331191925692208,0.0,0.0005073038750925379,1.0,0.0,0.147935998121608,0.1428338544994659,0.1,4,3,0.0,2,60,0.1,Fernandez-Pardo
3126,10,Matias_Fernandez-Pardo,FWD,4,41.79181935315216,0.2022482920056049,0.1329738947108725,0.0,0.0002608488278186194,1.0,0.0,0.1162593608860656,0.17672170864813,0.1,4,3,0.0,2,60,0.1,Fernandez-Pardo
3127,11,Matias_Fernandez-Pardo,FWD,4,41.60425540026034,0.2021545599892171,0.1328549542054407,0.0,0.0002981542728801068,1.0,0.0,0.1288957249246875,0.0569416754282649,0.1,4,3,0.0,2,60,0.1,Fernandez-Pardo
3128,12,Matias_Fernandez-Pardo,FWD,4,41.57787314483852,0.202149576205953,0.1328252731769967,0.0,0.00027054949870487105,1.0,0.0,0.1614820231045773,0.1551187159815836,0.1,4,3,0.0,2,60,0.1,Fernandez-Pardo
3129,6,Mats_Wieffer,DEF,36,0.0,0.05517263543197199,0.05452182103220776,0.0,0.0011153495364602838,4.894,0.0,0.041498341824961,0.0545242644716637,0.3,6,3,4.0,2,49,0.2,Wieffer
3130,7,Mats_Wieffer,DEF,36,0.0,0.055306380007183624,0.05466124901341523,0.0,0.0011324414059425262,4.894,0.0,0.0336892747106061,0.1962529481085647,0.3,6,3,4.0,2,49,0.2,Wieffer
3131,8,Mats_Wieffer,DEF,36,0.0,0.05528597504377824,0.054655088649482535,0.0,0.0020096775901204743,4.894,0.0,0.0253111663142996,0.0466702106609451,0.3,6,3,4.0,2,49,0.2,Wieffer
3132,9,Mats_Wieffer,DEF,36,0.0,0.05527894532126143,0.054640459144931555,0.0,0.0017343174349798397,4.894,0.0,0.0339500514709614,0.0381417475700373,0.3,6,3,4.0,2,49,0.2,Wieffer
3133,10,Mats_Wieffer,DEF,36,0.0,0.05527131185140996,0.05462536758818722,0.0,0.0022608594603679218,4.894,0.0,0.0506358535297079,0.1127669562337763,0.3,6,3,4.0,2,49,0.2,Wieffer
3134,11,Mats_Wieffer,DEF,36,0.0,0.05526439097437686,0.054610760562268025,0.0,0.0008872783549174705,4.894,0.0,0.0462278002486011,0.089997557499349,0.3,6,3,4.0,2,49,0.2,Wieffer
3135,12,Mats_Wieffer,DEF,36,0.0,0.055257202654189895,0.05459603666691999,0.0,0.0014867200356429116,4.894,0.0,0.0559678414732063,0.0548363854637644,0.3,6,3,4.0,2,49,0.2,Wieffer
3136,6,Matt_Crooks,MID,88,8.958,0.0562010718014229,0.147555495204515,0.0,0.00026387556307540233,3.0804149625285104,0.0,0.1053742839427626,0.1147639713719944,0.1,5,3,1.0,2,44,0.5,Crooks
3137,7,Matt_Crooks,MID,88,2.781,0.0560953298010531,0.1475591791049749,0.0,7.975446912482123e-05,3.0804149625285104,0.0,0.0936735501911697,0.0888189627888669,0.1,5,3,1.0,2,44,0.5,Crooks
3138,8,Matt_Crooks,MID,88,0.0,0.056288597059831,0.1479809951689814,0.0,0.00017252807707727674,3.0804149625285104,0.0,0.0790689180878473,0.1448646983763215,0.1,5,3,1.0,2,44,0.5,Crooks
3139,9,Matt_Crooks,MID,88,0.0,0.0564128239837624,0.1480095749529829,0.0,6.858470522360828e-05,3.0804149625285104,0.0,0.0842332060993205,0.1188923620107288,0.1,5,3,1.0,2,44,0.5,Crooks
3140,10,Matt_Crooks,MID,88,0.0,0.0565442190800496,0.1481438726264837,0.0,7.231299627040841e-05,3.0804149625285104,0.0,0.0676432579115817,0.1324297279869411,0.1,5,3,1.0,2,44,0.5,Crooks
3141,11,Matt_Crooks,MID,88,0.0,0.0566766990686298,0.1482787723567904,0.0,6.577147055888089e-05,3.0804149625285104,0.0,0.0957882179850394,0.1113283019034307,0.1,5,3,1.0,2,44,0.5,Crooks
3142,12,Matt_Crooks,MID,88,0.0,0.0568106714401352,0.1484157847718272,0.0,8.298870834738322e-05,3.0804149625285104,0.0,0.0822560971477504,0.1524742200371775,0.1,5,3,1.0,2,44,0.5,Crooks
3143,6,Matt_Grimes,MID,9,55.926,0.0624224536083819,0.093722832130915,0.0,0.011931028790876071,4.295664450961225,0.0,0.0576949851966989,0.1085060286467325,0.1,5,3,1.0,2,49,0.1,Grimes
3144,7,Matt_Grimes,MID,9,55.713,0.0502053636593568,0.0874494589222565,0.0,0.014837505296769502,4.295664450961225,0.0,0.0607007698575154,0.1196306784306686,0.1,5,3,1.0,2,49,0.1,Grimes
3145,8,Matt_Grimes,MID,9,55.497,0.0502065285032594,0.087357626929769,0.0,0.006483974221525826,4.295664450961225,0.0,0.043644761687276,0.0738034067651066,0.1,5,3,1.0,2,49,0.1,Grimes
3146,9,Matt_Grimes,MID,9,55.284,0.0519591240586089,0.0905029947134922,0.0,0.00833794724881281,4.295664450961225,0.0,0.0654788007538232,0.0801186101343322,0.1,5,3,1.0,2,49,0.1,Grimes
3147,10,Matt_Grimes,MID,9,55.068,0.0519922323570217,0.0905967215770975,0.0,0.011840446227771653,4.295664450961225,0.0,0.0684445445946984,0.0929980432435829,0.1,5,3,1.0,2,49,0.1,Grimes
3148,11,Matt_Grimes,MID,9,54.855,0.0520249758590998,0.0906898409662285,0.0,0.00815634648829142,4.295664450961225,0.0,0.034021699908773,0.1250502673893471,0.1,5,3,1.0,2,49,0.1,Grimes
3149,12,Matt_Grimes,MID,9,54.639,0.0520584382875098,0.0907840415476521,0.0,0.008736935968672728,4.295664450961225,0.0,0.1032922855340508,0.10390984845412,0.1,5,3,1.0,2,49,0.1,Grimes
3150,6,Matt_O'Riley,MID,36,8.5061021,0.22072473866829942,0.12594454854594395,0.0,5.135503323368158e-05,3.074,0.0,0.1211821165130275,0.1926050362646116,0.03,5,3,1.0,2,54,0.1,O'Riley
3151,7,Matt_O'Riley,MID,36,8.3771021,0.22130458073441892,0.1262699699844417,0.0,5.1589735172776385e-05,3.074,0.0,0.1457267806936557,0.1338726163462819,0.03,5,3,1.0,2,54,0.1,O'Riley
3152,8,Matt_O'Riley,MID,36,8.2451021,0.22121611616588335,0.1262555918483224,0.0,9.356292703568296e-05,3.074,0.0,0.1389030075974817,0.2361507048222439,0.03,5,3,1.0,2,54,0.1,O'Riley
3153,9,Matt_O'Riley,MID,36,8.116102099999999,0.22118563920020484,0.1262214469487531,0.0,7.91262365166433e-05,3.074,0.0,0.1260358149771998,0.2023191987723669,0.03,5,3,1.0,2,54,0.1,O'Riley
3154,10,Matt_O'Riley,MID,36,7.987102099999999,0.2211525447219926,0.12618622363086257,0.0,0.00010358278719925718,3.074,0.0,0.1431241918345089,0.21431463250313,0.03,5,3,1.0,2,54,0.1,O'Riley
3155,11,Matt_O'Riley,MID,36,7.8551021,0.22112253964977283,0.12615213119586036,0.0,3.804566408514019e-05,3.074,0.0,0.1542164581176329,0.1806105923991114,0.03,5,3,1.0,2,54,0.1,O'Riley
3156,12,Matt_O'Riley,MID,36,7.7261021,0.22109137509283647,0.12611776599051952,0.0,6.491902192464918e-05,3.074,0.0,0.1113458150315947,0.1892932248153172,0.03,5,3,1.0,2,54,0.1,O'Riley
3157,6,Matt_Targett,DEF,88,5.403328200000001,0.0360622530177112,0.22046089054550247,0.0,6.273779017202508e-05,5.832775447181352,0.0,0.0485686283444027,0.1304268182787266,0.0613227971565547,6,3,4.0,2,40,1.7,Targett
3158,7,Matt_Targett,DEF,88,6.08807196,0.0359924552904504,0.22046647180769932,0.0,3.596541781635583e-05,5.832775447181352,0.0,0.0841595919386824,0.0794094087227066,0.0613227971565547,6,3,4.0,2,40,1.7,Targett
3159,8,Matt_Targett,DEF,88,6.76441572,0.0361200263158656,0.22110554066357596,0.0,9.956959653900674e-05,5.832775447181352,0.0,0.0423145101603038,0.1030106613875299,0.0613227971565547,6,3,4.0,2,40,1.7,Targett
3160,9,Matt_Targett,DEF,88,7.0784376,0.036202025492396,0.22114884022331688,0.0,4.264497630249427e-05,5.832775447181352,0.0,0.0432402221981642,0.1043281347865106,0.0613227971565547,6,3,4.0,2,40,1.7,Targett
3161,10,Matt_Targett,DEF,88,7.0364376,0.0362887562054712,0.22135230677633488,0.0,4.468869226884059e-05,5.832775447181352,0.0,0.0256302332947076,0.1059606075008729,0.0613227971565547,6,3,4.0,2,40,1.7,Targett
3162,11,Matt_Targett,DEF,88,6.9944376,0.0363762030296101,0.22155668547041857,0.0,4.071647650819554e-05,5.832775447181352,0.0,0.0412327183450526,0.0602148218469212,0.0613227971565547,6,3,4.0,2,40,1.7,Targett
3163,12,Matt_Targett,DEF,88,6.9524376,0.0364646349394862,0.22176426496961263,0.0,5.057490471790452e-05,5.832775447181352,0.0,0.0926757578609484,0.1879020492283666,0.0613227971565547,6,3,4.0,2,40,1.7,Targett
3164,6,Matteo_Ruggeri,DEF,7,35.76848925024626,0.0351225798210018,0.0629765516138257,0.0,0.007297016005112726,3.5741290962962964,0.0,0.0764095249963934,0.0286394203968533,0.1,6,3,4.0,2,45,0.1,Ruggeri
3165,7,Matteo_Ruggeri,DEF,7,35.62606514630033,0.0351274886768404,0.0629169912458063,0.0,0.004751454799058577,3.5741290962962964,0.0,0.0441562832773488,0.040413775623652,0.1,6,3,4.0,2,45,0.1,Ruggeri
3166,8,Matteo_Ruggeri,DEF,7,35.48233550402357,0.0351326541176872,0.0628571042929124,0.0,0.005478349649231661,3.5741290962962964,0.0,0.0297669938520948,0.018348571633679,0.1,6,3,4.0,2,45,0.1,Ruggeri
3167,9,Matteo_Ruggeri,DEF,7,35.40161968236762,0.0351341645155167,0.0628242971104215,0.0,0.0027105910147670674,3.5741290962962964,0.0,0.0323786694324084,0.0238084655632736,0.1,6,3,4.0,2,45,0.1,Ruggeri
3168,10,Matteo_Ruggeri,DEF,7,35.38641526096884,0.0351318770486427,0.06281789711715,0.0,0.004309594604963366,3.5741290962962964,0.0,0.074235503863792,0.0216228986791694,0.1,6,3,4.0,2,45,0.1,Ruggeri
3169,11,Matteo_Ruggeri,DEF,7,35.37353999514826,0.03512887630953,0.0628101357659398,0.0,0.003496944058451725,3.5741290962962964,0.0,0.0366746478210848,0.040303852137383,0.1,6,3,4.0,2,45,0.1,Ruggeri
3170,12,Matteo_Ruggeri,DEF,7,35.35245971374311,0.0351287678389779,0.062803531413234,0.0,0.0029607027222074258,3.5741290962962964,0.0,0.0440900662312232,0.0342011051202082,0.1,6,3,4.0,2,45,0.1,Ruggeri
3171,6,Matthijs_de Ligt,DEF,1,0.0,0.05246494308039932,0.023995228550846973,0.0,0.0006228474451879633,2.8819999999999997,0.0,0.052493727298415,0.0268053738104255,0.08,6,3,4.0,2,50,0.0,De Ligt
3172,7,Matthijs_de Ligt,DEF,1,0.0,0.05210409758955532,0.023910951247558584,0.0,0.000411344180370059,2.8819999999999997,0.0,0.07078655240023,0.0561971162677075,0.08,6,3,4.0,2,50,0.0,De Ligt
3173,8,Matthijs_de Ligt,DEF,1,0.0,0.051508318813143036,0.023928630259615714,0.0,0.0005185311884542509,2.8819999999999997,0.0,0.0539343394566716,0.0350964916114288,0.08,6,3,4.0,2,50,0.0,De Ligt
3174,9,Matthijs_de Ligt,DEF,1,0.0,0.05140135560347552,0.02394036445406941,0.0,0.0002730952575326083,2.8819999999999997,0.0,0.0456201977756334,0.02560444811066,0.08,6,3,4.0,2,50,0.0,De Ligt
3175,10,Matthijs_de Ligt,DEF,1,0.0,0.0514229111341927,0.023942355456392516,0.0,0.0004048453889375853,2.8819999999999997,0.0,0.0430008805695656,0.0202850875521248,0.08,6,3,4.0,2,50,0.0,De Ligt
3176,11,Matthijs_de Ligt,DEF,1,0.0,0.05144351840404482,0.02394400294459778,0.0,0.0006716585377761581,2.8819999999999997,0.0,0.0345883844346893,0.02331174536266,0.08,6,3,4.0,2,50,0.0,De Ligt
3177,12,Matthijs_de Ligt,DEF,1,0.0,0.05146439011200311,0.02394563931244224,0.0,0.0007557015021346122,2.8819999999999997,0.0,0.0764095249963934,0.0286394203968533,0.08,6,3,4.0,2,50,0.0,De Ligt
3178,6,Matty_Cash,DEF,7,83.15526299999999,0.027138383477630455,0.059501596450988,0.0,0.14725658659088645,1.0,0.0,0.0506358535297079,0.1127669562337763,0.28,6,3,4.0,2,44,5.0,Cash
3179,7,Matty_Cash,DEF,7,83.18226299999999,0.027141750529591908,0.05944794197822529,0.0,0.10086332155034378,1.0,0.0,0.0559678414732063,0.0548363854637644,0.28,6,3,4.0,2,44,5.0,Cash
3180,8,Matty_Cash,DEF,7,83.212263,0.027145293576751342,0.059393993304136306,0.0,0.11639794095585831,1.0,0.0,0.0339500514709614,0.0381417475700373,0.28,6,3,4.0,2,44,5.0,Cash
3181,9,Matty_Cash,DEF,7,83.239263,0.027146329579465906,0.059364439220810236,0.0,0.0608407870810337,1.0,0.0,0.031159434697039,0.0740471263388762,0.28,6,3,4.0,2,44,5.0,Cash
3182,10,Matty_Cash,DEF,7,83.269263,0.027144760574370222,0.059358673838961686,0.0,0.09435026153754687,1.0,0.0,0.0223973202299275,0.0944421809357277,0.28,6,3,4.0,2,44,5.0,Cash
3183,11,Matty_Cash,DEF,7,83.296263,0.027142702326002882,0.0593516820888944,0.0,0.07786377609978226,1.0,0.0,0.041498341824961,0.0545242644716637,0.28,6,3,4.0,2,44,5.0,Cash
3184,12,Matty_Cash,DEF,7,83.323263,0.027142627924554297,0.05934573261151277,0.0,0.06680001770228736,1.0,0.0,0.0462278002486011,0.089997557499349,0.28,6,3,4.0,2,44,5.0,Cash
3185,6,Matty_Jacob,DEF,88,0.0,0.0848393202958268,0.1271485541485937,0.0,0.0005758635297102592,3.428058914116821,0.0,0.1053742839427626,0.1147639713719944,0.1,6,3,4.0,2,40,0.0,Jacob
3186,7,Matty_Jacob,DEF,88,0.0,0.0846770770241662,0.1271517750867651,0.0,0.00031284895687353756,3.428058914116821,0.0,0.0936735501911697,0.0888189627888669,0.1,6,3,4.0,2,40,0.0,Jacob
3187,8,Matty_Jacob,DEF,88,0.0,0.0849736130482564,0.1275205807797249,0.0,0.000820891532783209,3.428058914116821,0.0,0.0790689180878473,0.1448646983763215,0.1,6,3,4.0,2,40,0.0,Jacob
3188,9,Matty_Jacob,DEF,88,0.0,0.085164218318598,0.1275455688917072,0.0,0.00034310611391487724,3.428058914116821,0.0,0.0842332060993205,0.1188923620107288,0.1,6,3,4.0,2,40,0.0,Jacob
3189,10,Matty_Jacob,DEF,88,0.0,0.0853658219408791,0.1276629891389777,0.0,0.0003607358348949314,3.428058914116821,0.0,0.0676432579115817,0.1324297279869411,0.1,6,3,4.0,2,40,0.0,Jacob
3190,11,Matty_Jacob,DEF,88,0.0,0.0855690901474728,0.1277809357815102,0.0,0.000329768091698835,3.428058914116821,0.0,0.0957882179850394,0.1113283019034307,0.1,6,3,4.0,2,40,0.0,Jacob
3191,12,Matty_Jacob,DEF,88,0.0,0.0857746481640523,0.127900729603945,0.0,0.00041094549558761865,3.428058914116821,0.0,0.0822560971477504,0.1524742200371775,0.1,6,3,4.0,2,40,0.0,Jacob
3192,6,Matz_Sels,GKP,17,88.716,0.0,7.372246510427902e-08,0.0,,4.654,0.5781856446172086,0.0,0.0,0.08,0,0,4.0,1,50,1.6,Sels
3193,7,Matz_Sels,GKP,17,88.701,0.0,7.370285909216063e-08,0.0,,4.654,0.6491086356670147,0.0,0.0,0.08,0,0,4.0,1,50,1.6,Sels
3194,8,Matz_Sels,GKP,17,88.689,0.0,7.368285071460367e-08,0.0,,4.654,0.7180710157270898,0.0,0.0,0.08,0,0,4.0,1,50,1.6,Sels
3195,9,Matz_Sels,GKP,17,88.67699999999999,0.0,7.359324342896063e-08,0.0,,4.654,0.5707341277240549,0.0,0.0,0.08,0,0,4.0,1,50,1.6,Sels
3196,10,Matz_Sels,GKP,17,88.66499999999999,0.0,7.357202160457553e-08,0.0,,4.654,0.7272793823442788,0.0,0.0,0.08,0,0,4.0,1,50,1.6,Sels
3197,11,Matz_Sels,GKP,17,88.65299999999999,0.0,7.35514517369384e-08,0.0,,4.654,0.7557387490578531,0.0,0.0,0.08,0,0,4.0,1,50,1.6,Sels
3198,12,Matz_Sels,GKP,17,88.64099999999999,0.0,7.35303743276678e-08,0.0,,4.654,0.6541307636330328,0.0,0.0,0.08,0,0,4.0,1,50,1.6,Sels
3199,6,Max_Alleyne,DEF,43,0.0,0.0395698724620133,0.039263047738771,0.0,0.00045967541572626206,5.129114371257485,0.0,0.0345883844346893,0.02331174536266,0.1,6,3,4.0,2,50,0.0,Alleyne
3200,7,Max_Alleyne,DEF,43,0.0,0.0385289921755948,0.0386703254545426,0.0,0.00021614431001341943,5.129114371257485,0.0,0.0440900662312232,0.0342011051202082,0.1,6,3,4.0,2,50,0.0,Alleyne
3201,8,Max_Alleyne,DEF,43,0.0,0.0385235128894407,0.0386601767877355,0.0,0.00027705323465937107,5.129114371257485,0.0,0.0430008805695656,0.0202850875521248,0.1,6,3,4.0,2,50,0.0,Alleyne
3202,9,Max_Alleyne,DEF,43,0.0,0.0385178035089452,0.038650046715022,0.0,0.00020774096614504077,5.129114371257485,0.0,0.0265768898928847,0.0315855885698299,0.1,6,3,4.0,2,50,0.0,Alleyne
3203,10,Max_Alleyne,DEF,43,0.0,0.0385121808259832,0.0386397101744266,0.0,0.0002974553661448849,5.129114371257485,0.0,0.0550530308978321,0.0334376008273799,0.1,6,3,4.0,2,50,0.0,Alleyne
3204,11,Max_Alleyne,DEF,43,0.0,0.0385067031903268,0.0386295574133995,0.0,0.00019708151067883659,5.129114371257485,0.0,0.0323786694324084,0.0238084655632736,0.1,6,3,4.0,2,50,0.0,Alleyne
3205,12,Max_Alleyne,DEF,43,0.0,0.0385008991050706,0.0386193318877462,0.0,0.00022725164909061685,5.129114371257485,0.0,0.0283871455110724,0.0678417594345503,0.1,6,3,4.0,2,50,0.0,Alleyne
3206,6,Max_Dowman,MID,3,7.034313909173095,0.2128398228214854,0.1744016508507353,0.0,0.00018186067374705627,5.787296981317601,0.0,0.1370880123440694,0.1898374177465581,0.1091423795476892,5,3,1.0,2,53,0.1,Dowman
3207,7,Max_Dowman,MID,3,6.680101245626638,0.2139543035213888,0.1745897738030758,0.0,0.00018676873989062736,5.787296981317601,0.0,0.1492881486069769,0.1714654190081598,0.1091423795476892,5,3,1.0,2,53,0.1,Dowman
3208,8,Max_Dowman,MID,3,6.323722299484741,0.2150867742923755,0.1747785405916826,0.0,0.00022318150602624158,5.787296981317601,0.0,0.1581050387935625,0.1406563672099904,0.1091423795476892,5,3,1.0,2,53,0.1,Dowman
3209,9,Max_Dowman,MID,3,5.983862189789722,0.2162059421905376,0.1749623062774427,0.0,0.00027809389722939065,5.787296981317601,0.0,0.1389030075974817,0.2361507048222439,0.1091423795476892,5,3,1.0,2,53,0.1,Dowman
3210,10,Max_Dowman,MID,3,6.141700878117405,0.2162419368964858,0.1749106096312749,0.0,0.00011876314857210499,5.787296981317601,0.0,0.1542164581176329,0.1806105923991114,0.1091423795476892,5,3,1.0,2,53,0.1,Dowman
3211,11,Max_Dowman,MID,3,6.302515837591485,0.2162768782799491,0.1748580575549923,0.0,0.00020795466591692023,5.787296981317601,0.0,0.1113458150315947,0.1892932248153172,0.1091423795476892,5,3,1.0,2,53,0.1,Dowman
3212,12,Max_Dowman,MID,3,6.479096689145763,0.2163177231008475,0.1748292647634478,0.0,0.0002486730216398379,5.787296981317601,0.0,0.1260358149771998,0.2023191987723669,0.1091423795476892,5,3,1.0,2,53,0.1,Dowman
3213,6,Maxence_Lacroix,DEF,8,77.613698,0.0230411541361652,0.029754809899002983,0.0,0.4418833144646033,1.8199999999999998,0.0,0.0539343394566716,0.0350964916114288,0.15,6,3,4.0,2,59,6.9,Lacroix
3214,7,Maxence_Lacroix,DEF,8,77.568698,0.0228806028927552,0.02978087274352344,0.0,0.4473864843197206,1.8199999999999998,0.0,0.0459456519173773,0.0386203456380479,0.15,6,3,4.0,2,59,6.9,Lacroix
3215,8,Maxence_Lacroix,DEF,8,77.523698,0.0226435052681994,0.02981276092595196,0.0,0.4946710313445884,1.8199999999999998,0.0,0.052493727298415,0.0268053738104255,0.15,6,3,4.0,2,59,6.9,Lacroix
3216,9,Maxence_Lacroix,DEF,8,77.478698,0.0226072280450314,0.02983006810590246,0.0,0.40499892336013016,1.8199999999999998,0.0,0.074235503863792,0.0216228986791694,0.15,6,3,4.0,2,59,6.9,Lacroix
3217,10,Maxence_Lacroix,DEF,8,77.43369799999999,0.0226445051893784,0.02986071368858413,0.0,0.3497622207705693,1.8199999999999998,0.0,0.0366746478210848,0.040303852137383,0.15,6,3,4.0,2,59,6.9,Lacroix
3218,11,Maxence_Lacroix,DEF,8,77.38869799999999,0.022682572877576,0.029891769477649422,0.0,0.37410245047548,1.8199999999999998,0.0,0.07078655240023,0.0561971162677075,0.15,6,3,4.0,2,59,6.9,Lacroix
3219,12,Maxence_Lacroix,DEF,8,77.34369799999999,0.022688114928445,0.029896203781906446,0.0,0.3877708876228153,1.8199999999999998,0.0,0.0550530308978321,0.0334376008273799,0.15,6,3,4.0,2,59,6.9,Lacroix
3220,6,Maxim_De Cuyper,DEF,36,79.88807946141539,0.08826758325088903,0.19477228478793812,0.0,0.030263527178325797,5.09,0.0,0.1261492811823807,0.1064172920699372,0.11,6,3,4.0,2,49,26.4,De Cuyper
3221,7,Maxim_De Cuyper,DEF,36,79.64036332820834,0.08849405079522536,0.19526837452010054,0.0,0.030140932496770627,5.09,0.0,0.1069834175421901,0.1070778805233272,0.11,6,3,4.0,2,49,26.4,De Cuyper
3222,8,Maxim_De Cuyper,DEF,36,79.84967970177883,0.08845949939792659,0.19524645572541585,0.0,0.05338811411524246,5.09,0.0,0.162531339725311,0.1137100266743979,0.11,6,3,4.0,2,49,26.4,De Cuyper
3223,9,Maxim_De Cuyper,DEF,36,80.01384603716,0.08844759608152492,0.19519440342621813,0.0,0.046898894416556876,5.09,0.0,0.1674484816301701,0.1685309160814939,0.11,6,3,4.0,2,49,26.4,De Cuyper
3224,10,Maxim_De Cuyper,DEF,36,80.17938893550583,0.0884346704494438,0.19514070712882955,0.0,0.061257664832038976,5.09,0.0,0.1841742556698727,0.1303583338431828,0.11,6,3,4.0,2,49,26.4,De Cuyper
3225,11,Maxim_De Cuyper,DEF,36,80.3436672434919,0.08842295143935419,0.19508873480940547,0.0,0.025057068155728016,5.09,0.0,0.150737295523736,0.1390624159116826,0.11,6,3,4.0,2,49,26.4,De Cuyper
3226,12,Maxim_De Cuyper,DEF,36,80.50883629007376,0.08841077957206112,0.19503634666438377,0.0,0.0419481483449411,5.09,0.0,0.2069194075756547,0.1443916359282739,0.11,6,3,4.0,2,49,26.4,De Cuyper
3227,6,Melker_Ellborg,GKP,56,23.903535499547683,0.0,0.000947304121468,0.0,,7.958725,0.7582445807270518,0.0,0.0,0.1,0,0,4.0,1,45,0.1,Ellborg
3228,7,Melker_Ellborg,GKP,56,23.87489639193164,0.0,0.0009465666153335,0.0,,7.958725,0.7971489894057466,0.0,0.0,0.1,0,0,4.0,1,45,0.1,Ellborg
3229,8,Melker_Ellborg,GKP,56,23.84631433712991,0.0,0.0009458313590121,0.0,,7.958725,0.6036531172470245,0.0,0.0,0.1,0,0,4.0,1,45,0.1,Ellborg
3230,9,Melker_Ellborg,GKP,56,23.81852168349564,0.0,0.0009450942942088,0.0,,7.958725,0.6418510437550959,0.0,0.0,0.1,0,0,4.0,1,45,0.1,Ellborg
3231,10,Melker_Ellborg,GKP,56,23.79309672804501,0.0,0.0009443499119174,0.0,,7.958725,0.6942616991270911,0.0,0.0,0.1,0,0,4.0,1,45,0.1,Ellborg
3232,11,Melker_Ellborg,GKP,56,23.77404621614504,0.0,0.000943595978119,0.0,,7.958725,0.6636202217830641,0.0,0.0,0.1,0,0,4.0,1,45,0.1,Ellborg
3233,12,Melker_Ellborg,GKP,56,23.75342375068216,0.0,0.0009428465435108,0.0,,7.958725,0.676657302539123,0.0,0.0,0.1,0,0,4.0,1,45,0.1,Ellborg
3234,6,Melvin_Bard,DEF,2,5.4,0.0420342884058872,0.0720849779935018,0.0,0.0005647410604624289,2.784326220444668,0.0,0.0256302332947076,0.1059606075008729,0.1,6,3,4.0,2,45,0.0,Bard
3235,7,Melvin_Bard,DEF,2,5.4,0.0420321485785034,0.0720854838952758,0.0,0.0007804964993859858,2.784326220444668,0.0,0.0428987940978528,0.0818561894866903,0.1,6,3,4.0,2,45,0.0,Bard
3236,8,Melvin_Bard,DEF,2,5.4,0.0420303136283876,0.0720859314302875,0.0,0.0006336166397280978,2.784326220444668,0.0,0.0506062441125376,0.0961300594458143,0.1,6,3,4.0,2,45,0.0,Bard
3237,9,Melvin_Bard,DEF,2,5.4,0.0420285384859161,0.0720864793571232,0.0,0.0008817322948138482,2.784326220444668,0.0,0.0510108756375665,0.0615884901660233,0.1,6,3,4.0,2,45,0.0,Bard
3238,10,Melvin_Bard,DEF,2,5.4,0.0420263804641527,0.0720866922933063,0.0,0.00105905596738057,2.784326220444668,0.0,0.0507205798974058,0.0806429687371418,0.1,6,3,4.0,2,45,0.0,Bard
3239,11,Melvin_Bard,DEF,2,5.4,0.0420243714975098,0.0720869382194998,0.0,0.0004644485709035305,2.784326220444668,0.0,0.0631097915681744,0.0640934742919765,0.1,6,3,4.0,2,45,0.0,Bard
3240,12,Melvin_Bard,DEF,2,5.4,0.0420223774676404,0.0720872613495452,0.0,0.0005165709199499037,2.784326220444668,0.0,0.0432402221981642,0.1043281347865106,0.1,6,3,4.0,2,45,0.0,Bard
3241,6,Merlin_Röhl,MID,11,0.0,0.05744777710417415,0.09926421233121911,0.0,3.5039774183806304e-05,1.4340000000000002,0.0,0.1268997194477113,0.1551143810956354,0.05,5,3,1.0,2,49,0.0,Röhl
3242,7,Merlin_Röhl,MID,11,0.0,0.05743545917276546,0.0992661822490975,0.0,3.214115591824647e-05,1.4340000000000002,0.0,0.1260591051724412,0.1314494178124841,0.05,5,3,1.0,2,49,0.0,Röhl
3243,8,Merlin_Röhl,MID,11,0.0,0.05742252337653889,0.09926795029898022,0.0,3.951537134569582e-05,1.4340000000000002,0.0,0.076157361279352,0.1133288670034329,0.05,5,3,1.0,2,49,0.0,Röhl
3244,9,Merlin_Röhl,MID,11,0.0,0.05824001409067987,0.0990512494710232,0.0,6.0482948700673326e-05,1.4340000000000002,0.0,0.0971874929788598,0.199350807499842,0.05,5,3,1.0,2,49,0.0,Röhl
3245,10,Merlin_Röhl,MID,11,0.0,0.05822354903428013,0.09905390603637387,0.0,3.5962949177348846e-05,1.4340000000000002,0.0,0.1268997194477113,0.1551143810956354,0.05,5,3,1.0,2,49,0.0,Röhl
3246,11,Merlin_Röhl,MID,11,0.0,0.05820759035020815,0.0990565648251717,0.0,9.428122130642898e-05,1.4340000000000002,0.0,0.1240191589748917,0.1296590777735466,0.05,5,3,1.0,2,49,0.0,Röhl
3247,12,Merlin_Röhl,MID,11,0.0,0.058191523561262205,0.09905903713168553,0.0,8.322103821405816e-05,1.4340000000000002,0.0,0.1222370154519599,0.1239528530149927,0.05,5,3,1.0,2,49,0.0,Röhl
3248,6,Michael_Kayode,DEF,94,76.69032639471382,0.04155534685515425,0.06965206175078759,0.0,0.04633926106690487,1.386,0.0,0.0348944706518137,0.102631454475445,0.2,6,3,4.0,2,46,7.7,Kayode
3249,7,Michael_Kayode,DEF,94,77.16512812030855,0.0415000562780404,0.0698223128674009,0.0,0.07774987854412796,1.386,0.0,0.0253111663142996,0.0466702106609451,0.2,6,3,4.0,2,46,7.7,Kayode
3250,8,Michael_Kayode,DEF,94,77.27826669771004,0.041483211094533456,0.06987511126191061,0.0,0.035837281983218734,1.386,0.0,0.0462278002486011,0.089997557499349,0.2,6,3,4.0,2,46,7.7,Kayode
3251,9,Michael_Kayode,DEF,94,77.39421312839664,0.04146649233259119,0.06992787614885046,0.0,0.05229388058429837,1.386,0.0,0.0295843143845428,0.1129283287121402,0.2,6,3,4.0,2,46,7.7,Kayode
3252,10,Michael_Kayode,DEF,94,77.34277460476537,0.041467345037210813,0.06992523976002821,0.0,0.03686112947663268,1.386,0.0,0.1174447659202134,0.0817117691611616,0.2,6,3,4.0,2,46,7.7,Kayode
3253,11,Michael_Kayode,DEF,94,76.88852050776325,0.0414624568398901,0.06982171730083833,0.0,0.06088378373003207,1.386,0.0,0.0280302979206385,0.0782539555270968,0.2,6,3,4.0,2,46,7.7,Kayode
3254,12,Michael_Kayode,DEF,94,76.81102297782107,0.04146364930073752,0.06981247782272201,0.0,0.05274838830592678,1.386,0.0,0.0223973202299275,0.0944421809357277,0.2,6,3,4.0,2,46,7.7,Kayode
3255,6,Michael_Keane,DEF,11,50.99569860881231,0.07317006582765727,0.03737941277500595,0.0,0.03229042357951216,1.8940000000000001,0.0,0.0440900662312232,0.0342011051202082,0.1,6,3,4.0,2,48,0.8,Keane
3256,7,Michael_Keane,DEF,11,50.943001181948006,0.07315352630777765,0.037380124210078434,0.0,0.02970095849759612,1.8940000000000001,0.0,0.0456201977756334,0.02560444811066,0.1,6,3,4.0,2,48,0.8,Keane
3257,8,Michael_Keane,DEF,11,50.89006991400028,0.07313615716910098,0.03738076274060315,0.0,0.035775900469837224,1.8940000000000001,0.0,0.0283871455110724,0.0678417594345503,0.1,6,3,4.0,2,48,0.8,Keane
3258,9,Michael_Keane,DEF,11,51.82309118204362,0.07423381743926534,0.03730250132120765,0.0,0.05655787462412437,1.8940000000000001,0.0,0.0441562832773488,0.040413775623652,0.1,6,3,4.0,2,48,0.8,Keane
3259,10,Michael_Keane,DEF,11,51.76876543838111,0.07421170949608823,0.03730346073874663,0.0,0.03507006823233593,1.8940000000000001,0.0,0.0440900662312232,0.0342011051202082,0.1,6,3,4.0,2,48,0.8,Keane
3260,11,Michael_Keane,DEF,11,51.71426983044768,0.07419028146862938,0.037304420959282734,0.0,0.08349301259633776,1.8940000000000001,0.0,0.0764095249963934,0.0286394203968533,0.1,6,3,4.0,2,48,0.8,Keane
3261,12,Michael_Keane,DEF,11,51.65852629637726,0.0741687082867081,0.03730531383181471,0.0,0.07441891476314941,1.8940000000000001,0.0,0.0345883844346893,0.02331174536266,0.1,6,3,4.0,2,48,0.8,Keane
3262,6,Michael_Mills,MID,4,0.0,0.106622389349387,0.1322388722870208,0.0,2.154140869700078e-05,2.9424066847032417,0.0,0.0842332060993205,0.1188923620107288,0.1,5,3,1.0,2,45,0.0,Mills
3263,7,Michael_Mills,MID,4,0.0,0.1068037643617458,0.1320686911279262,0.0,2.918230438517188e-05,2.9424066847032417,0.0,0.0858497032968192,0.1237171984305226,0.1,5,3,1.0,2,45,0.0,Mills
3264,8,Michael_Mills,MID,4,0.0,0.1069909550249113,0.1318898529033833,0.0,2.7163810796128432e-05,2.9424066847032417,0.0,0.0822560971477504,0.1524742200371775,0.1,5,3,1.0,2,45,0.0,Mills
3265,9,Michael_Mills,MID,4,0.0,0.1070800466133744,0.1317033155284873,0.0,3.8808476460467426e-05,2.9424066847032417,0.0,0.1053742839427626,0.1147639713719944,0.1,5,3,1.0,2,45,0.0,Mills
3266,10,Michael_Mills,MID,4,0.0,0.1070410578608593,0.1315706690766174,0.0,2.0363131958222952e-05,2.9424066847032417,0.0,0.0936735501911697,0.0888189627888669,0.1,5,3,1.0,2,45,0.0,Mills
3267,11,Michael_Mills,MID,4,0.0,0.106993370381991,0.1314620849845428,0.0,2.3669299401467004e-05,2.9424066847032417,0.0,0.0676432579115817,0.1324297279869411,0.1,5,3,1.0,2,45,0.0,Mills
3268,12,Michael_Mills,MID,4,0.0,0.1069908348123079,0.1314349883490129,0.0,2.152806260530622e-05,2.9424066847032417,0.0,0.0957882179850394,0.1113283019034307,0.1,5,3,1.0,2,45,0.0,Mills
3269,6,Michael_Svoboda,DEF,36,1.2,0.0450879258139494,0.055985163555591,0.0,0.00030227815440376225,3.2245355449069915,0.0,0.0366746478210848,0.040303852137383,0.1,6,3,4.0,2,50,0.1,Svoboda
3270,7,Michael_Svoboda,DEF,36,1.2,0.0452028649954865,0.0561265057943172,0.0,0.00030691350643860223,3.2245355449069915,0.0,0.0576745797658112,0.0527526549054485,0.1,6,3,4.0,2,50,0.1,Svoboda
3271,8,Michael_Svoboda,DEF,36,1.2,0.0451853291082223,0.0561202608525051,0.0,0.0005449363670978968,3.2245355449069915,0.0,0.0345883844346893,0.02331174536266,0.1,6,3,4.0,2,50,0.1,Svoboda
3272,9,Michael_Svoboda,DEF,36,1.2,0.0451792878123325,0.0561054304941597,0.0,0.00047019844875346956,3.2245355449069915,0.0,0.0297669938520948,0.018348571633679,0.1,6,3,4.0,2,50,0.1,Svoboda
3273,10,Michael_Svoboda,DEF,36,1.2,0.0451727276600748,0.0560901317399381,0.0,0.0006131301978242947,3.2245355449069915,0.0,0.0764095249963934,0.0286394203968533,0.1,6,3,4.0,2,50,0.1,Svoboda
3274,11,Michael_Svoboda,DEF,36,1.2,0.045166779905256,0.0560753241688417,0.0,0.0002404332809165192,3.2245355449069915,0.0,0.0440900662312232,0.0342011051202082,0.1,6,3,4.0,2,50,0.1,Svoboda
3275,12,Michael_Svoboda,DEF,36,1.2,0.0451606023116033,0.0560603981237736,0.0,0.0004030141841281166,3.2245355449069915,0.0,0.0441562832773488,0.040413775623652,0.1,6,3,4.0,2,50,0.1,Svoboda
3276,6,Michael_Zetterer,GKP,2,0.0,1.738277783160942e-22,0.0,0.0,1.1099015160200582e-05,9.406,0.7296736701512349,0.0,0.0,0.1,0,0,4.0,1,40,0.7,Zetterer
3277,7,Michael_Zetterer,GKP,2,0.0,1.7381855852385908e-22,0.0,0.0,1.534198877004799e-05,9.406,0.9509969654598466,0.0,0.0,0.1,0,0,4.0,1,40,0.7,Zetterer
3278,8,Michael_Zetterer,GKP,2,0.0,1.7381065234462317e-22,0.0,0.0,1.2453351028311096e-05,9.406,0.639694154775489,0.0,0.0,0.1,0,0,4.0,1,40,0.7,Zetterer
3279,9,Michael_Zetterer,GKP,2,0.0,1.7380300385629246e-22,0.0,0.0,1.7333319282166e-05,9.406,0.8387633332430333,0.0,0.0,0.1,0,0,4.0,1,40,0.7,Zetterer
3280,10,Michael_Zetterer,GKP,2,0.0,1.737937056706311e-22,0.0,0.0,2.0822004949498962e-05,9.406,0.7169976967256926,0.0,0.0,0.1,0,0,4.0,1,40,0.7,Zetterer
3281,11,Michael_Zetterer,GKP,2,0.0,1.7378504971305453e-22,0.0,0.0,9.127167287241305e-06,9.406,0.734844422009031,0.0,0.0,0.1,0,0,4.0,1,40,0.7,Zetterer
3282,12,Michael_Zetterer,GKP,2,0.0,1.7377645811298157e-22,0.0,0.0,1.0151905229646728e-05,9.406,0.6816531317854321,0.0,0.0,0.1,0,0,4.0,1,40,0.7,Zetterer
3283,6,Michele_Di Gregorio,GKP,91,0.0,5.580683117589041e-10,7.93859509634414e-12,0.0,9.160611495529385e-06,4.417,0.6498174737423494,0.0,0.0,0.1,0,0,4.0,1,45,0.0,Di Gregorio
3284,7,Michele_Di Gregorio,GKP,91,0.0,5.5784328824006e-10,7.936366303510005e-12,0.0,1.2498983070564804e-05,4.417,0.558141163412626,0.0,0.0,0.1,0,0,4.0,1,45,0.0,Di Gregorio
3285,8,Michele_Di Gregorio,GKP,91,0.0,5.576221254594825e-10,7.934178388598065e-12,0.0,1.5398205335564558e-05,4.417,0.8623353163234697,0.0,0.0,0.1,0,0,4.0,1,45,0.0,Di Gregorio
3286,9,Michele_Di Gregorio,GKP,91,0.0,5.514522069186538e-10,7.881688908668057e-12,0.0,1.3799539113844837e-05,4.417,0.5610860567181738,0.0,0.0,0.1,0,0,4.0,1,45,0.0,Di Gregorio
3287,10,Michele_Di Gregorio,GKP,91,0.0,5.512035067824733e-10,7.879214314976465e-12,0.0,1.0595117168811643e-05,4.417,0.7136531029201448,0.0,0.0,0.1,0,0,4.0,1,45,0.0,Di Gregorio
3288,11,Michele_Di Gregorio,GKP,91,0.0,5.509575721520862e-10,7.876790914588707e-12,0.0,1.458181673774493e-05,4.417,0.6109909985537703,0.0,0.0,0.1,0,0,4.0,1,45,0.0,Di Gregorio
3289,12,Michele_Di Gregorio,GKP,91,0.0,5.507142597679175e-10,7.874372999004816e-12,0.0,9.660532671281506e-06,4.417,0.6607771425546707,0.0,0.0,0.1,0,0,4.0,1,45,0.0,Di Gregorio
3290,6,Micky_van de Ven,DEF,6,89.30999999999999,0.0538575994777752,0.02893100502887562,0.0,0.18056558985187082,1.004,0.0,0.074235503863792,0.0216228986791694,0.28,6,3,4.0,2,50,3.9,Van de Ven
3291,7,Micky_van de Ven,DEF,6,89.32499999999999,0.05396328152894214,0.02877919173667802,0.0,0.12597516971905096,1.004,0.0,0.0440900662312232,0.0342011051202082,0.28,6,3,4.0,2,50,3.9,Van de Ven
3292,8,Micky_van de Ven,DEF,6,89.34299999999999,0.05412886088684341,0.028552608871033613,0.0,0.11466164437622267,1.004,0.0,0.0456201977756334,0.02560444811066,0.28,6,3,4.0,2,50,3.9,Van de Ven
3293,9,Micky_van de Ven,DEF,6,89.36099999999999,0.05417642542550901,0.028483731418580353,0.0,0.15328534596548976,1.004,0.0,0.0576745797658112,0.0527526549054485,0.28,6,3,4.0,2,50,3.9,Van de Ven
3294,10,Micky_van de Ven,DEF,6,89.37599999999999,0.05416830081925657,0.028487513058222023,0.0,0.16502502314999876,1.004,0.0,0.07078655240023,0.0561971162677075,0.28,6,3,4.0,2,50,3.9,Van de Ven
3295,11,Micky_van de Ven,DEF,6,89.39399999999999,0.054159678196316854,0.02849125147809061,0.0,0.13104541052132881,1.004,0.0,0.0440900662312232,0.0342011051202082,0.28,6,3,4.0,2,50,3.9,Van de Ven
3296,12,Micky_van de Ven,DEF,6,89.41199999999999,0.05415112640800707,0.02849473718615689,0.0,0.15177268548076422,1.004,0.0,0.0366746478210848,0.040303852137383,0.28,6,3,4.0,2,50,3.9,Van de Ven
3297,6,Miguel_Brau,DEF,9,0.0,0.0500540736314892,0.0814570286882082,0.0,0.0009818396008463431,3.0185996721588504,0.0,0.0441562832773488,0.040413775623652,0.1,6,3,4.0,2,40,0.0,Brau
3298,7,Miguel_Brau,DEF,9,0.0,0.040862063391523,0.0765785847102206,0.0,0.0012309669776377858,3.0185996721588504,0.0,0.052493727298415,0.0268053738104255,0.1,6,3,4.0,2,40,0.0,Brau
3299,8,Miguel_Brau,DEF,9,0.0,0.0408629398078484,0.0765071722155648,0.0,0.0005693309401102349,3.0185996721588504,0.0,0.0323786694324084,0.0238084655632736,0.1,6,3,4.0,2,40,0.0,Brau
3300,9,Miguel_Brau,DEF,9,0.0,0.0421815743074313,0.0789531450618609,0.0,0.00073650874752947,3.0185996721588504,0.0,0.0366746478210848,0.040303852137383,0.1,6,3,4.0,2,40,0.0,Brau
3301,10,Miguel_Brau,DEF,9,0.0,0.0422064846436331,0.0790260310895406,0.0,0.0010477865854698917,3.0185996721588504,0.0,0.0459456519173773,0.0386203456380479,0.1,6,3,4.0,2,40,0.0,Brau
3302,11,Miguel_Brau,DEF,9,0.0,0.0422311205109018,0.0790984447190236,0.0,0.0007477987769335486,3.0185996721588504,0.0,0.0576745797658112,0.0527526549054485,0.1,6,3,4.0,2,40,0.0,Brau
3303,12,Miguel_Brau,DEF,9,0.0,0.0422562972907965,0.0791716991299894,0.0,0.0008130942225110731,3.0185996721588504,0.0,0.07078655240023,0.0561971162677075,0.1,6,3,4.0,2,40,0.0,Brau
3304,6,Mike_Penders,GKP,8,0.0,0.0,0.0100540226346785,0.0,1.969605057701605e-05,6.148,0.8506780984919566,0.0,0.0,0.1,0,0,4.0,1,44,0.1,Penders
3305,7,Mike_Penders,GKP,8,0.0,0.0,0.010062932711949,0.0,2.0136579992332642e-05,6.148,0.7573468039193678,0.0,0.0,0.1,0,0,4.0,1,44,0.1,Penders
3306,8,Mike_Penders,GKP,8,0.0,0.0,0.0100738342913691,0.0,2.3660275596484064e-05,6.148,0.7286020604817306,0.0,0.0,0.1,0,0,4.0,1,44,0.1,Penders
3307,9,Mike_Penders,GKP,8,0.0,0.0,0.0100797510787931,0.0,1.7433282515373462e-05,6.148,0.9629763794563215,0.0,0.0,0.1,0,0,4.0,1,44,0.1,Penders
3308,10,Mike_Penders,GKP,8,0.0,0.0,0.0100902278519435,0.0,1.4150893976820802e-05,6.148,0.6509660955307605,0.0,0.0,0.1,0,0,4.0,1,44,0.1,Penders
3309,11,Mike_Penders,GKP,8,0.0,0.0,0.0101008448619191,0.0,1.5623334009802377e-05,6.148,0.6540579474720887,0.0,0.0,0.1,0,0,4.0,1,44,0.1,Penders
3310,12,Mike_Penders,GKP,8,0.0,0.0,0.0101023608128561,0.0,1.6508998766431723e-05,6.148,0.7062193987223657,0.0,0.0,0.1,0,0,4.0,1,44,0.1,Penders
3311,6,Mikel_Merino Zazón,MID,3,18.01799217401222,0.16851935945863444,0.11576125102801611,0.0,0.0007418281434047386,2.12,0.0,0.0928778036155075,0.1172272670252035,0.07,5,3,1.0,2,58,0.4,Merino
3312,7,Mikel_Merino Zazón,MID,3,17.447171675321094,0.16934463331425204,0.1158800833427808,0.0,0.000747253847551693,2.12,0.0,0.1202318081610187,0.1776752802788837,0.07,5,3,1.0,2,58,0.4,Merino
3313,8,Mikel_Merino Zazón,MID,3,16.877185955956765,0.1701832288319916,0.11599932235195942,0.0,0.0008760036780317131,2.12,0.0,0.1053742839427626,0.1147639713719944,0.07,5,3,1.0,2,58,0.4,Merino
3314,9,Mikel_Merino Zazón,MID,3,16.320736292246877,0.17101197356169368,0.11611540229617406,0.0,0.0010705144178191144,2.12,0.0,0.070552064626671,0.1127830621923689,0.07,5,3,1.0,2,58,0.4,Merino
3315,10,Mikel_Merino Zazón,MID,3,16.26562317645525,0.17103862767043,0.11608274688622404,0.0,0.00044872983641386106,2.12,0.0,0.0842332060993205,0.1188923620107288,0.07,5,3,1.0,2,58,0.4,Merino
3316,11,Mikel_Merino Zazón,MID,3,16.21048630158611,0.1710645017930181,0.1160495511235983,0.0,0.000770567003859618,2.12,0.0,0.0772167805063861,0.0863082180546789,0.07,5,3,1.0,2,58,0.4,Merino
3317,12,Mikel_Merino Zazón,MID,3,16.174139221282573,0.17109474741578015,0.1160313634754395,0.0,0.0009040212724412387,2.12,0.0,0.0428645627319718,0.1349551016015938,0.07,5,3,1.0,2,58,0.4,Merino
3318,6,Mikey_Moore,MID,6,0.0,0.1092799274559959,0.178090691790176,0.0,2.8161099150506135e-05,3.3398970212765957,0.0,0.0876286497141699,0.1962911969242959,0.1127731509625126,5,3,1.0,2,50,0.1,Moore
3319,7,Mikey_Moore,MID,6,0.0,0.1095112062977292,0.17716078755499928,0.0,1.820456232667124e-05,3.3398970212765957,0.0,0.1268997194477113,0.1551143810956354,0.1127731509625126,5,3,1.0,2,50,0.1,Moore
3320,8,Mikey_Moore,MID,6,0.0,0.1098735668091638,0.17577289613040084,0.0,1.626993113529265e-05,3.3398970212765957,0.0,0.1260591051724412,0.1314494178124841,0.1127731509625126,5,3,1.0,2,50,0.1,Moore
3321,9,Mikey_Moore,MID,6,0.0,0.109977658954317,0.1753510000380544,0.0,2.295604997057956e-05,3.3398970212765957,0.0,0.1652776886367873,0.1759321123387592,0.1127731509625126,5,3,1.0,2,50,0.1,Moore
3322,10,Mikey_Moore,MID,6,0.0,0.1099598787399585,0.17537416377205825,0.0,2.508054647153965e-05,3.3398970212765957,0.0,0.1126991599369654,0.1833905663030322,0.1127731509625126,5,3,1.0,2,50,0.1,Moore
3323,11,Mikey_Moore,MID,6,0.0,0.1099410086458962,0.17539706277133768,0.0,1.897149604006344e-05,3.3398970212765957,0.0,0.1268997194477113,0.1551143810956354,0.1127731509625126,5,3,1.0,2,50,0.1,Moore
3324,12,Mikey_Moore,MID,6,0.0,0.1099222935691809,0.1754184138312249,0.0,2.2589810526810894e-05,3.3398970212765957,0.0,0.0817530645115434,0.1446965004790163,0.1127731509625126,5,3,1.0,2,50,0.1,Moore
3325,6,Mikkel_Damsgaard,MID,94,56.354123268296426,0.0784870726087444,0.1769702513283108,0.0,0.01986907049789328,6.338,0.0,0.1757636037762496,0.1989544913244163,0.0,5,3,1.0,2,54,0.4,Damsgaard
3326,7,Mikkel_Damsgaard,MID,94,56.863433699953895,0.07839062360303371,0.17745423285314654,0.0,0.035077024896538814,6.338,0.0,0.1389030075974817,0.2361507048222439,0.0,5,3,1.0,2,54,0.4,Damsgaard
3327,8,Mikkel_Damsgaard,MID,94,56.944205606219946,0.07836123882745212,0.1776043255397145,0.0,0.015122495364518719,6.338,0.0,0.1542164581176329,0.1806105923991114,0.0,5,3,1.0,2,54,0.4,Damsgaard
3328,9,Mikkel_Damsgaard,MID,94,57.02796638791957,0.07833207458192935,0.17775432297260627,0.0,0.02268823201206747,6.338,0.0,0.1492881486069769,0.1714654190081598,0.0,5,3,1.0,2,54,0.4,Damsgaard
3329,10,Mikkel_Damsgaard,MID,94,56.90859062289832,0.07833356204176473,0.17774682837575617,0.0,0.015457633211480885,6.338,0.0,0.1568333574163208,0.1479354673274162,0.0,5,3,1.0,2,54,0.4,Damsgaard
3330,11,Mikkel_Damsgaard,MID,94,56.30866768800488,0.07832503505948474,0.17745253980573023,0.0,0.026179772809982564,6.338,0.0,0.1581050387935625,0.1406563672099904,0.0,5,3,1.0,2,54,0.4,Damsgaard
3331,12,Mikkel_Damsgaard,MID,94,56.157224178816406,0.07832711519083949,0.17742627427046462,0.0,0.022250022048536443,6.338,0.0,0.1581552595513359,0.175811164019189,0.0,5,3,1.0,2,54,0.4,Damsgaard
3332,6,Milan_van Ewijk,DEF,9,50.25,0.0337669094621769,0.1086814979796931,0.0,0.012844522875221445,2.655887072243346,0.0,0.0559678414732063,0.0548363854637644,0.1,6,3,4.0,2,40,9.2,van Ewijk
3333,7,Milan_van Ewijk,DEF,9,52.95,0.0275684364369346,0.1021269775166938,0.0,0.01980243592333059,2.655887072243346,0.0,0.0813127279922636,0.1108935603943818,0.1,6,3,4.0,2,40,9.2,van Ewijk
3334,8,Milan_van Ewijk,DEF,9,55.65,0.0275690274331161,0.1020310299851351,0.0,0.011394109595446041,2.655887072243346,0.0,0.031159434697039,0.0740471263388762,0.1,6,3,4.0,2,40,9.2,van Ewijk
3335,9,Milan_van Ewijk,DEF,9,57.0,0.0284582257871694,0.1053173604514331,0.0,0.01632163330333151,2.655887072243346,0.0,0.041498341824961,0.0545242644716637,0.1,6,3,4.0,2,40,9.2,van Ewijk
3336,10,Milan_van Ewijk,DEF,9,57.0,0.0284750236412803,0.1054152877745814,0.0,0.023097145400920085,2.655887072243346,0.0,0.0280302979206385,0.0782539555270968,0.1,6,3,4.0,2,40,9.2,van Ewijk
3337,11,Milan_van Ewijk,DEF,9,57.0,0.0284916364120162,0.1055125803987025,0.0,0.016568546177807206,2.655887072243346,0.0,0.0336892747106061,0.1962529481085647,0.1,6,3,4.0,2,40,9.2,van Ewijk
3338,12,Milan_van Ewijk,DEF,9,57.0,0.0285086139378201,0.1056110026697887,0.0,0.017994805481987477,2.655887072243346,0.0,0.0539164999254806,0.1088920375930353,0.1,6,3,4.0,2,40,9.2,van Ewijk
3339,6,Milos_Kerkez,DEF,14,65.85914376632643,0.02996657689440776,0.044997560299183254,0.0,0.03636056084355451,1.6600000000000001,0.0,0.0447374524142549,0.0826325427082204,0.15,6,3,4.0,2,54,2.3,Kerkez
3340,7,Milos_Kerkez,DEF,14,65.43444905767197,0.030018695639948,0.044975392917659715,0.0,0.04554137431891463,1.6600000000000001,0.0,0.0423145101603038,0.1030106613875299,0.15,6,3,4.0,2,54,2.3,Kerkez
3341,8,Milos_Kerkez,DEF,14,65.45633806378287,0.030038496316143123,0.045015310373549784,0.0,0.01872178967560832,1.6600000000000001,0.0,0.0412327183450526,0.0602148218469212,0.15,6,3,4.0,2,54,2.3,Kerkez
3342,9,Milos_Kerkez,DEF,14,64.98534472812796,0.030003634734730947,0.04492025402696349,0.0,0.01972066796651655,1.6600000000000001,0.0,0.0256302332947076,0.1059606075008729,0.15,6,3,4.0,2,54,2.3,Kerkez
3343,10,Milos_Kerkez,DEF,14,64.99830576084288,0.030022443435099536,0.04495768222916905,0.0,0.02243734169844551,1.6600000000000001,0.0,0.0926757578609484,0.1879020492283666,0.15,6,3,4.0,2,54,2.3,Kerkez
3344,11,Milos_Kerkez,DEF,14,65.00848304039626,0.030041142062604095,0.04499491934192003,0.0,0.02713969277326061,1.6600000000000001,0.0,0.0428987940978528,0.0818561894866903,0.15,6,3,4.0,2,54,2.3,Kerkez
3345,12,Milos_Kerkez,DEF,14,65.28248624570388,0.030131965741450276,0.04509342129486107,0.0,0.03190440150618381,1.6600000000000001,0.0,0.0485686283444027,0.1304268182787266,0.15,6,3,4.0,2,54,2.3,Kerkez
3346,6,Miodrag_Pivas,DEF,4,0.0,0.0474663281149413,0.0625349380601072,0.0,0.0006002209677955925,3.4773333333333336,0.0,0.0440900662312232,0.0342011051202082,0.1,6,3,4.0,2,40,0.0,Pivas
3347,7,Miodrag_Pivas,DEF,4,0.0,0.0475493814349198,0.0624519519850553,0.0,0.0007999261726792892,3.4773333333333336,0.0,0.0430008805695656,0.0202850875521248,0.1,6,3,4.0,2,40,0.0,Pivas
3348,8,Miodrag_Pivas,DEF,4,0.0,0.0476350977959703,0.0623647444328032,0.0,0.0007474939450750565,3.4773333333333336,0.0,0.0576745797658112,0.0527526549054485,0.1,6,3,4.0,2,40,0.0,Pivas
3349,9,Miodrag_Pivas,DEF,4,0.0,0.047675893670263,0.0622737825150711,0.0,0.0010473595700650389,3.4773333333333336,0.0,0.0459456519173773,0.0386203456380479,0.1,6,3,4.0,2,40,0.0,Pivas
3350,10,Miodrag_Pivas,DEF,4,0.0,0.0476580403546596,0.0622090996296753,0.0,0.0005690988236404489,3.4773333333333336,0.0,0.0323786694324084,0.0238084655632736,0.1,6,3,4.0,2,40,0.0,Pivas
3351,11,Miodrag_Pivas,DEF,4,0.0,0.0476362038106401,0.0621561503627748,0.0,0.0006561870972423323,3.4773333333333336,0.0,0.0283871455110724,0.0678417594345503,0.1,6,3,4.0,2,40,0.0,Pivas
3352,12,Miodrag_Pivas,DEF,4,0.0,0.0476350427494913,0.0621429371290554,0.0,0.0005998689984068529,3.4773333333333336,0.0,0.0265768898928847,0.0315855885698299,0.1,6,3,4.0,2,40,0.0,Pivas
3353,6,Mitoma_Kaoru,MID,36,0.0,0.16298759832874804,0.1479447185060377,0.0,1.778820138238757e-05,1.7880000000000003,0.0,0.1261492811823807,0.1064172920699372,0.15,5,3,1.0,2,59,0.0,Mitoma
3354,7,Mitoma_Kaoru,MID,36,0.0,0.16337949337375965,0.14829324464408006,0.0,1.807659546534307e-05,1.7880000000000003,0.0,0.1069834175421901,0.1070778805233272,0.15,5,3,1.0,2,59,0.0,Mitoma
3355,8,Mitoma_Kaoru,MID,36,0.0,0.163319703254874,0.14827784567013086,0.0,3.317318451153068e-05,1.7880000000000003,0.0,0.162531339725311,0.1137100266743979,0.15,5,3,1.0,2,59,0.0,Mitoma
3356,9,Mitoma_Kaoru,MID,36,0.0,0.1632991049358933,0.14824127650604738,0.0,2.8379513471765117e-05,1.7880000000000003,0.0,0.1674484816301701,0.1685309160814939,0.15,5,3,1.0,2,59,0.0,Mitoma
3357,10,Mitoma_Kaoru,MID,36,0.0,0.16327673753141114,0.14820355235667945,0.0,3.7582133269077936e-05,1.7880000000000003,0.0,0.1841742556698727,0.1303583338431828,0.15,5,3,1.0,2,59,0.0,Mitoma
3358,11,Mitoma_Kaoru,MID,36,0.0,0.1632564581487737,0.14816703938211126,0.0,1.3967064355991246e-05,1.7880000000000003,0.0,0.150737295523736,0.1390624159116826,0.15,5,3,1.0,2,59,0.0,Mitoma
3359,12,Mitoma_Kaoru,MID,36,0.0,0.16323539511082424,0.14813023427069716,0.0,2.4109174331940304e-05,1.7880000000000003,0.0,0.2069194075756547,0.1443916359282739,0.15,5,3,1.0,2,59,0.0,Mitoma
3360,6,Mohamed-Ali_Cho,MID,88,41.523,0.1113532227960707,0.1537533839212096,0.0,0.0035753194859429243,3.8456765982404693,0.0,0.1053742839427626,0.1147639713719944,0.1,5,3,1.0,2,50,0.0,Cho
3361,7,Mohamed-Ali_Cho,MID,88,43.977,0.1111447283450669,0.1537572954567097,0.0,0.0023378681561028116,3.8456765982404693,0.0,0.0936735501911697,0.0888189627888669,0.1,5,3,1.0,2,50,0.0,Cho
3362,8,Mohamed-Ali_Cho,MID,88,46.428,0.1115257987889302,0.1542051763174597,0.0,0.008032623259612688,3.8456765982404693,0.0,0.0790689180878473,0.1448646983763215,0.1,5,3,1.0,2,50,0.0,Cho
3363,9,Mohamed-Ali_Cho,MID,88,48.882,0.1117707404792175,0.1542355220993086,0.0,0.003987508966302938,3.8456765982404693,0.0,0.0842332060993205,0.1188923620107288,0.1,5,3,1.0,2,50,0.0,Cho
3364,10,Mohamed-Ali_Cho,MID,88,51.336,0.1120298158548411,0.1543781182750752,0.0,0.005227981239125462,3.8456765982404693,0.0,0.0676432579115817,0.1324297279869411,0.1,5,3,1.0,2,50,0.0,Cho
3365,11,Mohamed-Ali_Cho,MID,88,53.79,0.1122910303428534,0.1545213537098542,0.0,0.005915346985514955,3.8456765982404693,0.0,0.0957882179850394,0.1113283019034307,0.1,5,3,1.0,2,50,0.0,Cho
3366,12,Mohamed-Ali_Cho,MID,88,56.241,0.1125551874038983,0.1546668323760701,0.0,0.00926095060643894,3.8456765982404693,0.0,0.0822560971477504,0.1524742200371775,0.1,5,3,1.0,2,50,0.0,Cho
3367,6,Mohamed_Belloumi,MID,88,50.175,0.20647555206567,0.1821821520354431,0.0,0.012141211603874094,3.7130934767025088,0.0,0.116233388513479,0.1426431873808013,0.1,5,3,1.0,2,51,4.6,Belloumi
3368,7,Mohamed_Belloumi,MID,88,49.02,0.2060994666630693,0.182186744999316,0.0,0.0057776822629642,3.7130934767025088,0.0,0.1378368916813487,0.1417324710647552,0.1,5,3,1.0,2,51,4.6,Belloumi
3369,8,Mohamed_Belloumi,MID,88,47.862,0.2067868472173696,0.1827126511588629,0.0,0.014352001728964003,3.7130934767025088,0.0,0.1240191589748917,0.1296590777735466,0.1,5,3,1.0,2,51,4.6,Belloumi
3370,9,Mohamed_Belloumi,MID,88,46.707,0.2072286766941826,0.1827482834776091,0.0,0.005184512857687964,3.7130934767025088,0.0,0.1268997194477113,0.1551143810956354,0.1,5,3,1.0,2,51,4.6,Belloumi
3371,10,Mohamed_Belloumi,MID,88,45.549,0.2076960007235571,0.1829157213248927,0.0,0.00493081502275343,3.7130934767025088,0.0,0.076157361279352,0.1133288670034329,0.1,5,3,1.0,2,51,4.6,Belloumi
3372,11,Mohamed_Belloumi,MID,88,44.394,0.2081671833157857,0.183083909796464,0.0,0.004048607390369895,3.7130934767025088,0.0,0.0894262475542055,0.1651836631871084,0.1,5,3,1.0,2,51,4.6,Belloumi
3373,12,Mohamed_Belloumi,MID,88,43.236,0.2086436737651698,0.183254732292691,0.0,0.0046047244805561185,3.7130934767025088,0.0,0.1652776886367873,0.1759321123387592,0.1,5,3,1.0,2,51,4.6,Belloumi
3374,6,Mohammed_Kudus,MID,6,32.677288149683555,0.11601049680159693,0.17850039864402945,0.0,0.0012611226880914024,3.37,0.0,0.0876286497141699,0.1962911969242959,0.12,5,3,1.0,2,65,0.1,Kudus
3375,7,Mohammed_Kudus,MID,6,32.123442537582044,0.11623337063774072,0.17765382294277896,0.0,0.0007762109060216738,3.37,0.0,0.1268997194477113,0.1551143810956354,0.12,5,3,1.0,2,65,0.1,Kudus
3376,8,Mohammed_Kudus,MID,6,31.31712770506765,0.11658256244726908,0.17639030019323923,0.0,0.0006455936566080468,3.37,0.0,0.1260591051724412,0.1314494178124841,0.12,5,3,1.0,2,65,0.1,Kudus
3377,9,Mohammed_Kudus,MID,6,31.01974115535964,0.11668287173422698,0.17600621012598075,0.0,0.0008868456588348022,3.37,0.0,0.1652776886367873,0.1759321123387592,0.12,5,3,1.0,2,65,0.1,Kudus
3378,10,Mohammed_Kudus,MID,6,30.9687257020228,0.11666573767841867,0.17602729816237853,0.0,0.0009644546576560008,3.37,0.0,0.1126991599369654,0.1833905663030322,0.12,5,3,1.0,2,65,0.1,Kudus
3379,11,Mohammed_Kudus,MID,6,30.91388621040587,0.11664755335070186,0.17604814518687792,0.0,0.0007261137077163209,3.37,0.0,0.1268997194477113,0.1551143810956354,0.12,5,3,1.0,2,65,0.1,Kudus
3380,12,Mohammed_Kudus,MID,6,30.86250914721392,0.11662951840677871,0.17606758298252695,0.0,0.0008605466000368627,3.37,0.0,0.0817530645115434,0.1446965004790163,0.12,5,3,1.0,2,65,0.1,Kudus
3381,6,Moisés_Caicedo Corozo,MID,8,20.13700886970473,0.05036189677129659,0.06421089489157476,0.0,0.0015075692716073575,6.390000000000001,0.0,0.0527142902426278,0.1175353766708052,0.35,5,3,1.0,2,53,1.1,Caicedo
3382,7,Moisés_Caicedo Corozo,MID,8,22.555286725093904,0.049989587366506966,0.06427016391188721,0.0,0.0019146041133240323,6.390000000000001,0.0,0.0684445445946984,0.0929980432435829,0.35,5,3,1.0,2,53,1.1,Caicedo
3383,8,Moisés_Caicedo Corozo,MID,8,25.17600321507605,0.04943977116078644,0.06434268022262997,0.0,0.0028670857185266797,6.390000000000001,0.0,0.0607007698575154,0.1196306784306686,0.35,5,3,1.0,2,53,1.1,Caicedo
3384,9,Moisés_Caicedo Corozo,MID,8,28.580217910674385,0.04935564629773188,0.06438203815223836,0.0,0.002813253940567058,6.390000000000001,0.0,0.0851448500107218,0.0764877641077813,0.35,5,3,1.0,2,53,1.1,Caicedo
3385,10,Moisés_Caicedo Corozo,MID,8,33.61018442695986,0.04944208992239228,0.064451728690469,0.0,0.0035336376213883475,6.390000000000001,0.0,0.0654788007538232,0.0801186101343322,0.35,5,3,1.0,2,53,1.1,Caicedo
3386,11,Moisés_Caicedo Corozo,MID,8,38.67757440176104,0.04953036677427806,0.06452235207125472,0.0,0.006153109889236326,6.390000000000001,0.0,0.1032922855340508,0.10390984845412,0.35,5,3,1.0,2,53,1.1,Caicedo
3387,12,Moisés_Caicedo Corozo,MID,8,38.673394771656085,0.0495432184820352,0.06453243603844713,0.0,0.0065179249641132255,6.390000000000001,0.0,0.0745833114716031,0.0768185326234935,0.35,5,3,1.0,2,53,1.1,Caicedo
3388,6,Morgan_Gibbs-White,MID,17,79.775719,0.22561557740785396,0.19259881652674776,0.08000000000000002,0.01359282819657568,4.188000000000001,0.0,0.1457267806936557,0.1338726163462819,0.02,5,3,1.0,2,80,15.8,Gibbs-White
3389,7,Morgan_Gibbs-White,MID,17,79.790719,0.22554086804758083,0.19254980422426488,0.08000000000000002,0.011877426075800451,4.188000000000001,0.0,0.1746046778732178,0.1224679656436583,0.02,5,3,1.0,2,80,15.8,Gibbs-White
3390,8,Morgan_Gibbs-White,MID,17,79.808719,0.22546278879793386,0.19249978606416726,0.08000000000000002,0.01128887660014053,4.188000000000001,0.0,0.1542164581176329,0.1806105923991114,0.02,5,3,1.0,2,80,15.8,Gibbs-White
3391,9,Morgan_Gibbs-White,MID,17,79.823719,0.22502087440254148,0.19227578031725184,0.08000000000000002,0.028054102875464414,4.188000000000001,0.0,0.1431241918345089,0.21431463250313,0.02,5,3,1.0,2,80,15.8,Gibbs-White
3392,10,Morgan_Gibbs-White,MID,17,79.841719,0.22493600876400172,0.19222272870891247,0.08000000000000002,0.02133028430366358,4.188000000000001,0.0,0.1260358149771998,0.2023191987723669,0.02,5,3,1.0,2,80,15.8,Gibbs-White
3393,11,Morgan_Gibbs-White,MID,17,79.856719,0.22485385328511173,0.19217130690173537,0.08000000000000002,0.019022728028519075,4.188000000000001,0.0,0.1602275814203332,0.1865096575096456,0.02,5,3,1.0,2,80,15.8,Gibbs-White
3394,12,Morgan_Gibbs-White,MID,17,79.874719,0.22477071879492044,0.1921186163110895,0.08000000000000002,0.009751646060202263,4.188000000000001,0.0,0.1600751664564748,0.2071396514783118,0.02,5,3,1.0,2,80,15.8,Gibbs-White
3395,6,Morgan_Rogers,MID,8,89.585652,0.1573202331693219,0.21606153245876453,0.0,0.09374624528418814,3.704,0.0,0.1697864627106199,0.0953712727396801,0.2,5,3,1.0,2,77,40.2,Rogers
3396,7,Morgan_Rogers,MID,8,89.59765199999998,0.1561836953055302,0.2162653862876406,0.0,0.0958885041582679,3.704,0.0,0.147935998121608,0.1428338544994659,0.2,5,3,1.0,2,77,40.2,Rogers
3397,8,Morgan_Rogers,MID,8,89.612652,0.1545052877018309,0.21651480373241952,0.0,0.11228275255656418,3.704,0.0,0.1220461381569684,0.1872283971637988,0.2,5,3,1.0,2,77,40.2,Rogers
3398,9,Morgan_Rogers,MID,8,89.624652,0.1542484822305809,0.21665017402545,0.0,0.0834255535294823,3.704,0.0,0.1396329057693053,0.09073077750478,0.2,5,3,1.0,2,77,40.2,Rogers
3399,10,Morgan_Rogers,MID,8,89.63965199999998,0.1545123661165264,0.21688987231942988,0.0,0.06793089488977705,3.704,0.0,0.1261492811823807,0.1064172920699372,0.2,5,3,1.0,2,77,40.2,Rogers
3400,11,Morgan_Rogers,MID,8,89.65165199999998,0.1547818462407829,0.21713277909442735,0.0,0.07502683531930837,3.704,0.0,0.1182193902266794,0.1729940302427504,0.2,5,3,1.0,2,77,40.2,Rogers
3401,12,Morgan_Rogers,MID,8,89.65165199999998,0.1548210782674049,0.21716746256500935,0.0,0.07923483765845113,3.704,0.0,0.1678163049268733,0.1529825499215968,0.2,5,3,1.0,2,77,40.2,Rogers
3402,6,Murillo_Costa dos Santos,DEF,17,83.024652,0.03753403579396453,0.030798611761837152,0.0,0.31931403332848696,2.8899999999999997,0.0,0.0576745797658112,0.0527526549054485,0.2,6,3,4.0,2,55,2.1,Murillo
3403,7,Murillo_Costa dos Santos,DEF,17,83.018652,0.03752156093626342,0.03079133689726501,0.0,0.28965347397080615,2.8899999999999997,0.0,0.0283871455110724,0.0678417594345503,0.2,6,3,4.0,2,55,2.1,Murillo
3404,8,Murillo_Costa dos Santos,DEF,17,83.009652,0.037508523379453935,0.03078391273389333,0.0,0.2787082218446373,2.8899999999999997,0.0,0.0440900662312232,0.0342011051202082,0.2,6,3,4.0,2,55,2.1,Murillo
3405,9,Murillo_Costa dos Santos,DEF,17,83.000652,0.037434733171928816,0.030750663704779704,0.0,0.5105322275537302,2.8899999999999997,0.0,0.0764095249963934,0.0286394203968533,0.2,6,3,4.0,2,55,2.1,Murillo
3406,10,Murillo_Costa dos Santos,DEF,17,82.991652,0.037420562434010075,0.03074278928863417,0.0,0.43013297809323825,2.8899999999999997,0.0,0.0297669938520948,0.018348571633679,0.2,6,3,4.0,2,55,2.1,Murillo
3407,11,Murillo_Costa dos Santos,DEF,17,82.985652,0.037406844234513,0.03073515678282819,0.0,0.3988236285859293,2.8899999999999997,0.0,0.0539343394566716,0.0350964916114288,0.2,6,3,4.0,2,55,2.1,Murillo
3408,12,Murillo_Costa dos Santos,DEF,17,82.976652,0.03739296256116704,0.030727335952307065,0.0,0.24861494448337693,2.8899999999999997,0.0,0.0456201977756334,0.02560444811066,0.2,6,3,4.0,2,55,2.1,Murillo
3409,6,Mykhailo_Mudryk,MID,6,0.0,0.1720775208617792,0.28548351355209206,0.0,,1.5260000000000002,0.0,0.1396329057693053,0.09073077750478,0.12,5,3,1.0,2,53,0.0,Mudryk
3410,7,Mykhailo_Mudryk,MID,6,0.0,0.1724425216454798,0.28399400462988733,0.0,,1.5260000000000002,0.0,0.150737295523736,0.1390624159116826,0.12,5,3,1.0,2,53,0.0,Mudryk
3411,8,Mykhailo_Mudryk,MID,6,0.0,0.173014393545497,0.2817708975810222,0.0,,1.5260000000000002,0.0,0.1486543353660969,0.1189228792264125,0.12,5,3,1.0,2,53,0.0,Mudryk
3412,9,Mykhailo_Mudryk,MID,6,0.0,0.1731786702007815,0.28109510972027113,0.0,,1.5260000000000002,0.0,0.1069834175421901,0.1070778805233272,0.12,5,3,1.0,2,53,0.0,Mudryk
3413,10,Mykhailo_Mudryk,MID,6,0.0,0.173150609734348,0.28113221309840963,0.0,,1.5260000000000002,0.0,0.1182193902266794,0.1729940302427504,0.12,5,3,1.0,2,53,0.0,Mudryk
3414,11,Mykhailo_Mudryk,MID,6,0.0,0.1731208292361857,0.28116889242779197,0.0,,1.5260000000000002,0.0,0.150737295523736,0.1390624159116826,0.12,5,3,1.0,2,53,0.0,Mudryk
3415,12,Mykhailo_Mudryk,MID,6,0.0,0.1730912933840648,0.28120309228730184,0.0,,1.5260000000000002,0.0,0.1261492811823807,0.1064172920699372,0.12,5,3,1.0,2,53,0.0,Mudryk
3416,6,Myles_Lewis-Skelly,MID,3,55.07278067276328,0.03277597733093277,0.06228143791322605,0.0,0.0011995420299077064,3.364,0.0,0.1032922855340508,0.10390984845412,0.15,5,3,1.0,2,54,0.6,Lewis-Skelly
3417,7,Myles_Lewis-Skelly,MID,3,54.72047881916876,0.03294768019296798,0.06234788106583712,0.0,0.0012321051563702725,3.364,0.0,0.0745833114716031,0.0768185326234935,0.15,5,3,1.0,2,54,0.6,Lewis-Skelly
3418,8,Myles_Lewis-Skelly,MID,3,54.36563026952172,0.033122154701648546,0.0624145516150032,0.0,0.0014722871056111883,3.364,0.0,0.0684445445946984,0.0929980432435829,0.15,5,3,1.0,2,54,0.6,Lewis-Skelly
3419,9,Myles_Lewis-Skelly,MID,3,54.02407080894484,0.03329457969853631,0.06247945582446691,0.0,0.001833829489834217,3.364,0.0,0.0369063418813318,0.0691813954789699,0.15,5,3,1.0,2,54,0.6,Lewis-Skelly
3420,10,Myles_Lewis-Skelly,MID,3,54.05225498900063,0.033300125235601184,0.062461197084062975,0.0,0.0007747052040263211,3.364,0.0,0.0568772559482958,0.0901681033145862,0.15,5,3,1.0,2,54,0.6,Lewis-Skelly
3421,11,Myles_Lewis-Skelly,MID,3,54.08363782489279,0.03330550849216602,0.06244263621426459,0.0,0.0013403844156976614,3.364,0.0,0.0576949851966989,0.1085060286467325,0.15,5,3,1.0,2,54,0.6,Lewis-Skelly
3422,12,Myles_Lewis-Skelly,MID,3,54.12899434053024,0.033311801263900945,0.062432466887136384,0.0,0.0015839029039087956,3.364,0.0,0.0475778188966921,0.0694586861700251,0.15,5,3,1.0,2,54,0.6,Lewis-Skelly
3423,6,Nathan_Collins,DEF,94,0.0,0.04114656136892369,0.048241453534241883,0.0,0.0005909138880665007,1.34,0.0,0.0430008805695656,0.0202850875521248,0.2,6,3,4.0,2,54,1.0,Collins
3424,7,Nathan_Collins,DEF,94,0.0,0.04109518813773337,0.04837659332487322,0.0,0.0009802610364398503,1.34,0.0,0.0345883844346893,0.02331174536266,0.2,6,3,4.0,2,54,1.0,Collins
3425,8,Nathan_Collins,DEF,94,0.0,0.04107953643807824,0.048418502970587425,0.0,0.00043258865675046144,1.34,0.0,0.0440900662312232,0.0342011051202082,0.2,6,3,4.0,2,54,1.0,Collins
3426,9,Nathan_Collins,DEF,94,0.0,0.04106400220300037,0.04846038601908427,0.0,0.0006344166976094849,1.34,0.0,0.0550530308978321,0.0334376008273799,0.2,6,3,4.0,2,54,1.0,Collins
3427,10,Nathan_Collins,DEF,94,0.0,0.04106479449336609,0.048458293339514416,0.0,0.00044311013612049273,1.34,0.0,0.0265768898928847,0.0315855885698299,0.2,6,3,4.0,2,54,1.0,Collins
3428,11,Nathan_Collins,DEF,94,0.0,0.04106025262558015,0.048376120583535805,0.0,0.0007737356364126319,1.34,0.0,0.0459456519173773,0.0386203456380479,0.2,6,3,4.0,2,54,1.0,Collins
3429,12,Nathan_Collins,DEF,94,0.0,0.04106136060039241,0.04836878658677252,0.0,0.0006699168865295115,1.34,0.0,0.074235503863792,0.0216228986791694,0.2,6,3,4.0,2,54,1.0,Collins
3430,6,Nathan_Patterson,DEF,11,0.0,0.02039123582156274,0.05654811315100069,0.0,0.0005463390044172219,1.8219999999999998,0.0,0.0462278002486011,0.089997557499349,0.12,6,3,4.0,2,45,0.0,Patterson
3431,7,Nathan_Patterson,DEF,11,0.0,0.02038695669531248,0.05654922170109311,0.0,0.0005034563321543692,1.8219999999999998,0.0,0.0258215885423753,0.065374644385858,0.12,6,3,4.0,2,45,0.0,Patterson
3432,8,Nathan_Patterson,DEF,11,0.0,0.020382462929000183,0.05655021665214285,0.0,0.0006121676811028994,1.8219999999999998,0.0,0.1077701515240741,0.0871056101039265,0.12,6,3,4.0,2,45,0.0,Patterson
3433,9,Nathan_Patterson,DEF,11,0.0,0.02066645103204667,0.056428270592611726,0.0,0.0009156172462195081,1.8219999999999998,0.0,0.0559678414732063,0.0548363854637644,0.12,6,3,4.0,2,45,0.0,Patterson
3434,10,Nathan_Patterson,DEF,11,0.0,0.02066073123602622,0.056429765546181836,0.0,0.0005599541712105451,1.8219999999999998,0.0,0.0462278002486011,0.089997557499349,0.12,6,3,4.0,2,45,0.0,Patterson
3435,11,Nathan_Patterson,DEF,11,0.0,0.020655187348691078,0.056431261750972905,0.0,0.001392699443764028,1.8219999999999998,0.0,0.0506358535297079,0.1127669562337763,0.12,6,3,4.0,2,45,0.0,Patterson
3436,12,Nathan_Patterson,DEF,11,0.0,0.020649605906803228,0.05643265301486494,0.0,0.0012378805796759646,1.8219999999999998,0.0,0.0253111663142996,0.0466702106609451,0.12,6,3,4.0,2,45,0.0,Patterson
3437,6,Neco_Williams,DEF,17,89.4027418,0.04502968122080348,0.11979283756397288,0.0,0.1725410306265795,2.8499999999999996,0.0,0.0926757578609484,0.1879020492283666,0.15,6,3,4.0,2,50,9.0,N.Williams
3438,7,Neco_Williams,DEF,17,89.4027418,0.04501349484322901,0.11976166410761499,0.0,0.15417333841401967,2.8499999999999996,0.0,0.0256302332947076,0.1059606075008729,0.15,6,3,4.0,2,50,9.0,N.Williams
3439,8,Neco_Williams,DEF,17,89.4027418,0.04499657835229809,0.1197298508923219,0.0,0.14758100007239144,2.8499999999999996,0.0,0.0432402221981642,0.1043281347865106,0.15,6,3,4.0,2,50,9.0,N.Williams
3440,9,Neco_Williams,DEF,17,89.4027418,0.044900834080987995,0.11958737577849106,0.0,0.3039552624715239,2.8499999999999996,0.0,0.0423145101603038,0.1030106613875299,0.15,6,3,4.0,2,50,9.0,N.Williams
3441,10,Neco_Williams,DEF,17,89.4027418,0.04488244726488514,0.11955363318911036,0.0,0.24630764427252513,2.8499999999999996,0.0,0.0447374524142549,0.0826325427082204,0.15,6,3,4.0,2,50,9.0,N.Williams
3442,11,Neco_Williams,DEF,17,89.4027418,0.044864647626442815,0.11952092720753692,0.0,0.22492034870322708,2.8499999999999996,0.0,0.0510108756375665,0.0615884901660233,0.15,6,3,4.0,2,50,9.0,N.Williams
3443,12,Neco_Williams,DEF,17,89.4027418,0.04484663587740927,0.11948741423743037,0.0,0.12983796108527143,2.8499999999999996,0.0,0.0631097915681744,0.0640934742919765,0.15,6,3,4.0,2,50,9.0,N.Williams
3444,6,Nehemiah_Oriola,MID,36,1.01496887,0.1257793007882076,0.1307960492736552,0.0,3.891073785123693e-05,4.819493108866443,0.0,0.085880677692756,0.1056084642760237,0.1,5,3,1.0,2,45,0.2,Oriola
3445,7,Nehemiah_Oriola,MID,36,1.01496887,0.1260897519059562,0.1311228122735575,0.0,3.954157308408897e-05,4.819493108866443,0.0,0.0822560971477504,0.1524742200371775,0.1,5,3,1.0,2,45,0.2,Oriola
3446,8,Nehemiah_Oriola,MID,36,1.01496887,0.1260423874151961,0.1311083748630628,0.0,7.256350534755748e-05,4.819493108866443,0.0,0.070552064626671,0.1127830621923689,0.1,5,3,1.0,2,45,0.2,Oriola
3447,9,Nehemiah_Oriola,MID,36,1.01496887,0.1260260698545821,0.1310740891999358,0.0,6.207803354355393e-05,4.819493108866443,0.0,0.0428645627319718,0.1349551016015938,0.1,5,3,1.0,2,45,0.2,Oriola
3448,10,Nehemiah_Oriola,MID,36,1.01496887,0.1260083508611654,0.1310387206726699,0.0,8.220737703180195e-05,4.819493108866443,0.0,0.0790689180878473,0.1448646983763215,0.1,5,3,1.0,2,45,0.2,Oriola
3449,11,Nehemiah_Oriola,MID,36,1.01496887,0.1259922859553004,0.131004487690397,0.0,3.055232403159515e-05,4.819493108866443,0.0,0.0842332060993205,0.1188923620107288,0.1,5,3,1.0,2,45,0.2,Oriola
3450,12,Nehemiah_Oriola,MID,36,1.01496887,0.1259756002539683,0.1309699808132802,0.0,5.273720265256138e-05,4.819493108866443,0.0,0.0772167805063861,0.0863082180546789,0.1,5,3,1.0,2,45,0.2,Oriola
3451,6,Nick_Pope,GKP,4,63.71311798640721,0.0049921735008455,8.621680698679784e-05,0.0,,4.696,0.6725659313582322,0.0,0.0,0.05,0,0,4.0,1,49,1.0,Pope
3452,7,Nick_Pope,GKP,4,62.9115040150057,0.0049995138636053,8.609630047023045e-05,0.0,,4.696,0.6946071022384606,0.0,0.0,0.05,0,0,4.0,1,49,1.0,Pope
3453,8,Nick_Pope,GKP,4,62.06040513625943,0.005007089589473,8.596966382265196e-05,0.0,,4.696,0.6472883916568929,0.0,0.0,0.05,0,0,4.0,1,49,1.0,Pope
3454,9,Nick_Pope,GKP,4,61.398639946516376,0.0050106951830421,8.583757535070863e-05,0.0,,4.696,0.7363641390638995,0.0,0.0,0.05,0,0,4.0,1,49,1.0,Pope
3455,10,Nick_Pope,GKP,4,61.083215079176014,0.0050091172832902,8.57436474333357e-05,0.0,,4.696,0.7368537476849357,0.0,0.0,0.05,0,0,4.0,1,49,1.0,Pope
3456,11,Nick_Pope,GKP,4,60.82476102974782,0.0050071873405189,8.56667582479514e-05,0.0,,4.696,0.7204346292814423,0.0,0.0,0.05,0,0,4.0,1,49,1.0,Pope
3457,12,Nick_Pope,GKP,4,60.788407558616015,0.005007084724392,8.564757092324529e-05,0.0,,4.696,0.7901418014493685,0.0,0.0,0.05,0,0,4.0,1,49,1.0,Pope
3458,6,Nick_Woltemade,FWD,4,0.0,0.15818153422696452,0.12942116761359687,0.075,1.0210994319900173e-05,1.474,0.0,0.1542164581176329,0.1806105923991114,0.0,4,3,0.0,2,59,0.5,Woltemade
3459,7,Nick_Woltemade,FWD,4,0.0,0.15847021506918668,0.12924139193969322,0.075,1.3832956104339686e-05,1.474,0.0,0.1757636037762496,0.1989544913244163,0.0,4,3,0.0,2,59,0.5,Woltemade
3460,8,Nick_Woltemade,FWD,4,0.0,0.15876815224143556,0.12905247113019835,0.075,1.2876141118844514e-05,1.474,0.0,0.1457267806936557,0.1338726163462819,0.0,4,3,0.0,2,59,0.5,Woltemade
3461,9,Nick_Woltemade,FWD,4,0.0,0.15890995256143536,0.1288554171057777,0.075,1.8396016637141204e-05,1.474,0.0,0.1581050387935625,0.1406563672099904,0.0,4,3,0.0,2,59,0.5,Woltemade
3462,10,Nick_Woltemade,FWD,4,0.0,0.15884789712299938,0.12871529227995845,0.075,9.652465863542936e-06,1.474,0.0,0.150834818620813,0.1861354269404155,0.0,4,3,0.0,2,59,0.5,Woltemade
3463,11,Nick_Woltemade,FWD,4,0.0,0.15877199658199254,0.1286005864075119,0.075,1.1219661573948033e-05,1.474,0.0,0.1746046778732178,0.1224679656436583,0.0,4,3,0.0,2,59,0.5,Woltemade
3464,12,Nick_Woltemade,FWD,4,0.0,0.15876796090815792,0.12857196211126873,0.075,1.0204667982957236e-05,1.474,0.0,0.1568333574163208,0.1479354673274162,0.0,4,3,0.0,2,59,0.5,Woltemade
3465,6,Nico_Elvedi,DEF,2,36.98565440783511,0.0554550204056599,0.0921378592681325,0.0,0.004875301908786071,3.5310922165820644,0.0,0.0283871455110724,0.0678417594345503,0.1,6,3,4.0,2,45,0.1,Elvedi
3466,7,Nico_Elvedi,DEF,2,36.99741790170825,0.0554520639206587,0.0921385276974861,0.0,0.0067349520607256005,3.5310922165820644,0.0,0.074235503863792,0.0216228986791694,0.1,6,3,4.0,2,45,0.1,Elvedi
3467,8,Nico_Elvedi,DEF,2,37.00919917120323,0.0554495286682656,0.0921391190089893,0.0,0.005477574619483448,3.5310922165820644,0.0,0.0366746478210848,0.040303852137383,0.1,6,3,4.0,2,45,0.1,Elvedi
3468,9,Nico_Elvedi,DEF,2,37.02093219949748,0.0554470760488947,0.0921398429645068,0.0,0.007617842911749617,3.5310922165820644,0.0,0.0539343394566716,0.0350964916114288,0.1,6,3,4.0,2,45,0.1,Elvedi
3469,10,Nico_Elvedi,DEF,2,37.03344154916808,0.0554440944256926,0.0921401243092313,0.0,0.009149170045380505,3.5310922165820644,0.0,0.052493727298415,0.0268053738104255,0.1,6,3,4.0,2,45,0.1,Elvedi
3470,11,Nico_Elvedi,DEF,2,37.045902301257485,0.0554413187439751,0.0921404492424397,0.0,0.004031136497264944,3.5310922165820644,0.0,0.0456201977756334,0.02560444811066,0.1,6,3,4.0,2,45,0.1,Elvedi
3471,12,Nico_Elvedi,DEF,2,37.0576236042861,0.0554385636995984,0.0921408761822498,0.0,0.004486093548000963,3.5310922165820644,0.0,0.0440900662312232,0.0342011051202082,0.1,6,3,4.0,2,45,0.1,Elvedi
3472,6,Nico_González Iglesias,MID,4,74.9918761114626,0.0659730799210589,0.12417101497853411,0.0,0.07878196247751927,6.018,0.0,0.0568772559482958,0.0901681033145862,0.25,5,3,1.0,2,55,0.2,N.Gonzalez
3473,7,Nico_González Iglesias,MID,4,74.22449350554608,0.0660870143578665,0.12400659246622209,0.0,0.0980407204971848,6.018,0.0,0.0452432190095615,0.0673878343702392,0.25,5,3,1.0,2,55,0.2,N.Gonzalez
3474,8,Nico_González Iglesias,MID,4,73.40967790106035,0.066204602015097,0.1238338058291277,0.0,0.08591061132585563,6.018,0.0,0.034021699908773,0.1250502673893471,0.25,5,3,1.0,2,55,0.2,N.Gonzalez
3475,9,Nico_González Iglesias,MID,4,72.7607484110409,0.0662605667250305,0.12365358056809585,0.0,0.11318843217720378,6.018,0.0,0.0684445445946984,0.0929980432435829,0.25,5,3,1.0,2,55,0.2,N.Gonzalez
3476,10,Nico_González Iglesias,MID,4,72.41402914093084,0.0662360751398785,0.1235254226510752,0.0,0.060399100532202626,6.018,0.0,0.043644761687276,0.0738034067651066,0.25,5,3,1.0,2,55,0.2,N.Gonzalez
3477,11,Nico_González Iglesias,MID,4,72.11438490551984,0.0662061192712228,0.12342051286369912,0.0,0.06790807836541735,6.018,0.0,0.0502408361290219,0.1066747570632133,0.25,5,3,1.0,2,55,0.2,N.Gonzalez
3478,12,Nico_González Iglesias,MID,4,72.0117319650954,0.0662045265010828,0.12339433313315344,0.0,0.06156533852618854,6.018,0.0,0.0339066031345481,0.0862882361652565,0.25,5,3,1.0,2,55,0.2,N.Gonzalez
3479,6,Nico_O'Reilly,DEF,43,63.48052444160851,0.09830430651063507,0.08361594900066167,0.0,0.02690346390151374,2.3019999999999996,0.0,0.0212858080619217,0.1123301891473402,0.12,6,3,4.0,2,64,11.3,O'Reilly
3480,7,Nico_O'Reilly,DEF,43,59.3990385615604,0.0959619600684386,0.08240928868560618,0.0,0.009311108698079454,2.3019999999999996,0.0,0.0432402221981642,0.1043281347865106,0.12,6,3,4.0,2,64,11.3,O'Reilly
3481,8,Nico_O'Reilly,DEF,43,59.47292188647523,0.09594962974900022,0.08238862809326339,0.0,0.011978127105734258,2.3019999999999996,0.0,0.0454524963808904,0.0781006254281835,0.12,6,3,4.0,2,64,11.3,O'Reilly
3482,9,Nico_O'Reilly,DEF,43,59.54599489569329,0.09593678163643105,0.08236800535466007,0.0,0.009055019146476318,2.3019999999999996,0.0,0.0412327183450526,0.0602148218469212,0.12,6,3,4.0,2,64,11.3,O'Reilly
3483,10,Nico_O'Reilly,DEF,43,59.6197948745222,0.09592412862378066,0.08234696229003564,0.0,0.01299875581730505,2.3019999999999996,0.0,0.0285964169370974,0.1492089246577317,0.12,6,3,4.0,2,64,11.3,O'Reilly
3484,11,Nico_O'Reilly,DEF,43,59.69431106648838,0.09591180201854213,0.08232629336270562,0.0,0.008693784396049486,2.3019999999999996,0.0,0.0841595919386824,0.0794094087227066,0.12,6,3,4.0,2,64,11.3,O'Reilly
3485,12,Nico_O'Reilly,DEF,43,59.76729742756543,0.0958987407869794,0.08230547630160498,0.0,0.010070640259594298,2.3019999999999996,0.0,0.0256302332947076,0.1059606075008729,0.12,6,3,4.0,2,64,11.3,O'Reilly
3486,6,Nicolas_Jackson,FWD,7,65.00334595474321,0.3222891750286866,0.12684459974036677,0.028000000000000004,0.003796556216502477,1.0,0.0,0.3657327697364796,0.1238459952069972,0.28,4,3,0.0,2,65,1.3,N.Jackson
3487,7,Nicolas_Jackson,FWD,7,64.81689924970944,0.322334252811336,0.12672733603838726,0.028000000000000004,0.0023978895348849534,1.0,0.0,0.2701720012960522,0.1526573698912118,0.28,4,3,0.0,2,65,1.3,N.Jackson
3488,8,Nicolas_Jackson,FWD,7,64.62878981497877,0.3223816868015448,0.12660942934925573,0.028000000000000004,0.0027747827741517357,1.0,0.0,0.2852550995514115,0.114829839288796,0.28,4,3,0.0,2,65,1.3,N.Jackson
3489,9,Nicolas_Jackson,FWD,7,64.51641657438653,0.322395556710809,0.12654483788015752,0.028000000000000004,0.0013132710902297306,1.0,0.0,0.251881030599128,0.0913042928657778,0.28,4,3,0.0,2,65,1.3,N.Jackson
3490,10,Nicolas_Jackson,FWD,7,64.48284731489812,0.3223745510145823,0.1265322374391491,0.028000000000000004,0.0021411750363574556,1.0,0.0,0.1582373678053648,0.1067667619926839,0.28,4,3,0.0,2,65,1.3,N.Jackson
3491,11,Nicolas_Jackson,FWD,7,64.45207300121275,0.3223469953743356,0.12651695672807337,0.028000000000000004,0.001713458360397193,1.0,0.0,0.3107258993287308,0.1106489791789369,0.28,4,3,0.0,2,65,1.3,N.Jackson
3492,12,Nicolas_Jackson,FWD,7,64.41140908032233,0.3223459992945708,0.1265039539399239,0.028000000000000004,0.001434127543599518,1.0,0.0,0.2767363309065365,0.1027633521295426,0.28,4,3,0.0,2,65,1.3,N.Jackson
3493,6,Nicolás_Domínguez,MID,17,25.9357315450814,0.08216485150257617,0.09923472717399148,0.0,0.0018670437827540002,6.800000000000001,0.0,0.0822560971477504,0.1524742200371775,0.12,5,3,1.0,2,49,0.1,Dominguez
3494,7,Nicolás_Domínguez,MID,17,25.974158448481123,0.08213664308428578,0.09920974876292514,0.0,0.0016327681804578107,6.800000000000001,0.0,0.0676432579115817,0.1324297279869411,0.12,5,3,1.0,2,49,0.1,Dominguez
3495,8,Nicolás_Domínguez,MID,17,26.01347587842229,0.08210716227859034,0.09918425773107378,0.0,0.0015541332597194164,6.800000000000001,0.0,0.0842332060993205,0.1188923620107288,0.12,5,3,1.0,2,49,0.1,Dominguez
3496,9,Nicolás_Domínguez,MID,17,26.550830358328668,0.08194030626391975,0.09907009644208664,0.0,0.004093656381011557,6.800000000000001,0.0,0.0790689180878473,0.1448646983763215,0.12,5,3,1.0,2,49,0.1,Dominguez
3497,10,Nicolás_Domínguez,MID,17,26.60053453904332,0.08190826308456906,0.09904305945721334,0.0,0.0031073385600085923,6.800000000000001,0.0,0.0428645627319718,0.1349551016015938,0.12,5,3,1.0,2,49,0.1,Dominguez
3498,11,Nicolás_Domínguez,MID,17,26.64926801146413,0.0818772431948939,0.09901685307692976,0.0,0.0027751315174425664,6.800000000000001,0.0,0.0866961224313779,0.114569503221635,0.12,5,3,1.0,2,49,0.1,Dominguez
3499,12,Nicolás_Domínguez,MID,17,26.6989865817811,0.08184585365461278,0.09899000007950247,0.0,0.0014171256673221999,6.800000000000001,0.0,0.0533112851817121,0.0911547974260361,0.12,5,3,1.0,2,49,0.1,Dominguez
3500,6,Nicolò_Savona,DEF,17,0.0,0.05078302560407714,0.059736788603702504,0.0,8.593814081724193e-05,1.0,0.0,0.0336892747106061,0.1962529481085647,0.14,6,3,4.0,2,45,0.0,Savona
3501,7,Nicolò_Savona,DEF,17,0.0,0.05076449166081337,0.05972189984703761,0.0,7.543564076904511e-05,1.0,0.0,0.1077701515240741,0.0871056101039265,0.14,6,3,4.0,2,45,0.0,Savona
3502,8,Nicolò_Savona,DEF,17,0.0,0.050745121713356406,0.05970670553506295,0.0,7.174813397293267e-05,1.0,0.0,0.0462278002486011,0.089997557499349,0.14,6,3,4.0,2,45,0.0,Savona
3503,9,Nicolò_Savona,DEF,17,0.0,0.05063549132297832,0.0596386579860107,0.0,0.00017171069244038676,1.0,0.0,0.0506358535297079,0.1127669562337763,0.14,6,3,4.0,2,45,0.0,Savona
3504,10,Nicolò_Savona,DEF,17,0.0,0.0506144378040619,0.05962254218554356,0.0,0.0001316715452630777,1.0,0.0,0.0339500514709614,0.0381417475700373,0.14,6,3,4.0,2,45,0.0,Savona
3505,11,Nicolò_Savona,DEF,17,0.0,0.05059405662318998,0.05960692147940361,0.0,0.0001178042889733403,1.0,0.0,0.0341640741201375,0.0464008608397502,0.14,6,3,4.0,2,45,0.0,Savona
3506,12,Nicolò_Savona,DEF,17,0.0,0.05057343256860246,0.05959091534741392,0.0,6.203437545997315e-05,1.0,0.0,0.0258215885423753,0.065374644385858,0.14,6,3,4.0,2,45,0.0,Savona
3507,6,Nikola_Milenković,DEF,17,0.0,0.02966248381554682,0.02177244328032609,0.0,0.00041247885569421755,1.0,0.0,0.0576745797658112,0.0527526549054485,0.18,6,3,4.0,2,54,1.1,Milenković
3508,7,Nikola_Milenković,DEF,17,0.0,0.029652544266392817,0.02176720683439291,0.0,0.0003620819045646529,1.0,0.0,0.0283871455110724,0.0678417594345503,0.18,6,3,4.0,2,54,1.1,Milenković
3509,8,Nikola_Milenković,DEF,17,0.0,0.029642156377419758,0.021761862923216354,0.0,0.00034438641831191085,1.0,0.0,0.0440900662312232,0.0342011051202082,0.18,6,3,4.0,2,54,1.1,Milenković
3510,9,Nikola_Milenković,DEF,17,0.0,0.029583362809401076,0.021737930279308322,0.0,0.0008239535407244016,1.0,0.0,0.0764095249963934,0.0286394203968533,0.18,6,3,4.0,2,54,1.1,Milenković
3511,10,Nikola_Milenković,DEF,17,0.0,0.029572072039641215,0.02173226227628324,0.0,0.0006318986071270393,1.0,0.0,0.0297669938520948,0.018348571633679,0.18,6,3,4.0,2,54,1.1,Milenković
3512,11,Nikola_Milenković,DEF,17,0.0,0.029561141837351857,0.02172676840026792,0.0,0.0005653721775071249,1.0,0.0,0.0539343394566716,0.0350964916114288,0.18,6,3,4.0,2,54,1.1,Milenković
3513,12,Nikola_Milenković,DEF,17,0.0,0.029550081384570243,0.02172113896816358,0.0,0.0002977704879859715,1.0,0.0,0.0456201977756334,0.02560444811066,0.18,6,3,4.0,2,54,1.1,Milenković
3514,6,Nilson_Angulo,MID,56,43.73495207013072,0.1414621430106572,0.13873194642379008,0.0,0.001003607186002075,2.155778670143416,0.0,0.1614820231045773,0.1551187159815836,0.1033638418079096,5,3,1.0,2,50,0.1,N.Angulo
3515,7,Nilson_Angulo,MID,56,43.86932033270091,0.1414809249279572,0.13861071831690963,0.0,0.0017875699610960128,2.155778670143416,0.0,0.1697864627106199,0.0953712727396801,0.1033638418079096,5,3,1.0,2,50,0.1,N.Angulo
3516,8,Nilson_Angulo,MID,56,44.00385595330871,0.1415001540986563,0.13848986002470223,0.0,0.0014166717247453145,2.155778670143416,0.0,0.1182193902266794,0.1729940302427504,0.1033638418079096,5,3,1.0,2,50,0.1,N.Angulo
3517,9,Nilson_Angulo,MID,56,44.139272148910685,0.141517903781267,0.13836870446194788,0.0,0.0010411189160787952,2.155778670143416,0.0,0.150737295523736,0.1390624159116826,0.1033638418079096,5,3,1.0,2,50,0.1,N.Angulo
3518,10,Nilson_Angulo,MID,56,44.28041665941313,0.1415331843930028,0.13824634608177955,0.0,0.0009423605337580142,2.155778670143416,0.0,0.1486543353660969,0.1189228792264125,0.1033638418079096,5,3,1.0,2,50,0.1,N.Angulo
3519,11,Nilson_Angulo,MID,56,44.42452458900461,0.1415452344498318,0.13812241766569916,0.0,0.0014463131231973545,2.155778670143416,0.0,0.1477429617751006,0.2046314411489814,0.1033638418079096,5,3,1.0,2,50,0.1,N.Angulo
3520,12,Nilson_Angulo,MID,56,44.567177790804735,0.1415588147463834,0.13799922880727536,0.0,0.0023086893246350992,2.155778670143416,0.0,0.1220461381569684,0.1872283971637988,0.1033638418079096,5,3,1.0,2,50,0.1,N.Angulo
3521,6,Noah_Okafor,MID,2,56.131194543132445,0.1473585271379942,0.14068469306585255,0.0,0.0026044807635703213,2.9480000000000004,0.0,0.1746046778732178,0.1224679656436583,0.09,5,3,1.0,2,58,0.4,Okafor
3522,7,Noah_Okafor,MID,2,56.15809658969644,0.14735031794540032,0.1406856881705882,0.0,0.003672293153555012,2.9480000000000004,0.0,0.1581552595513359,0.175811164019189,0.09,5,3,1.0,2,58,0.4,Okafor
3523,8,Noah_Okafor,MID,2,56.182604801123965,0.14734327837808975,0.14068656846836977,0.0,0.0029539768821941524,2.9480000000000004,0.0,0.1211821165130275,0.1926050362646116,0.09,5,3,1.0,2,58,0.4,Okafor
3524,9,Noah_Okafor,MID,2,56.20945572842514,0.1473364682556751,0.14068764623606497,0.0,0.004195400971191135,2.9480000000000004,0.0,0.1602275814203332,0.1865096575096456,0.09,5,3,1.0,2,58,0.4,Okafor
3525,10,Noah_Okafor,MID,2,56.23487094219692,0.14732818926251326,0.14068806507983087,0.0,0.005101124622816749,2.9480000000000004,0.0,0.1618205164382563,0.1266052744503581,0.09,5,3,1.0,2,58,0.4,Okafor
3526,11,Noah_Okafor,MID,2,56.26262673507031,0.14732048210154713,0.14068854881468276,0.0,0.0021442943063977268,2.9480000000000004,0.0,0.1600751664564748,0.2071396514783118,0.09,5,3,1.0,2,58,0.4,Okafor
3527,12,Noah_Okafor,MID,2,56.28703620477464,0.14731283224373143,0.14068918440889272,0.0,0.0024039581178890977,2.9480000000000004,0.0,0.1542164581176329,0.1806105923991114,0.09,5,3,1.0,2,58,0.4,Okafor
3528,6,Noah_Sadiki,MID,56,79.15177299999999,0.05566872763659774,0.09790349687869049,0.0,0.03372338769710894,3.958,0.0,0.0339066031345481,0.0862882361652565,0.26,5,3,1.0,2,49,0.2,Sadiki
3529,7,Noah_Sadiki,MID,56,79.10977299999999,0.05567598522373765,0.09781437655740279,0.0,0.05794464402436818,3.958,0.0,0.0527142902426278,0.1175353766708052,0.26,5,3,1.0,2,49,0.2,Sadiki
3530,8,Noah_Sadiki,MID,56,79.070773,0.05568341563564644,0.09772552810378116,0.0,0.045676162833488555,3.958,0.0,0.1032922855340508,0.10390984845412,0.26,5,3,1.0,2,49,0.2,Sadiki
3531,9,Noah_Sadiki,MID,56,79.028773,0.055690274353326547,0.09763646111299565,0.0,0.03338833915348424,3.958,0.0,0.0568772559482958,0.0901681033145862,0.26,5,3,1.0,2,49,0.2,Sadiki
3532,10,Noah_Sadiki,MID,56,78.989773,0.05569617898859096,0.0975465098761625,0.0,0.029832666237656125,3.958,0.0,0.0364051426726112,0.1103782551048467,0.26,5,3,1.0,2,49,0.2,Sadiki
3533,11,Noah_Sadiki,MID,56,78.947773,0.055700835293699714,0.09745540443418231,0.0,0.044473371926889556,3.958,0.0,0.0452432190095615,0.0673878343702392,0.26,5,3,1.0,2,49,0.2,Sadiki
3534,12,Noah_Sadiki,MID,56,78.908773,0.05570608290415582,0.09736484267483204,0.0,0.0685059439081829,3.958,0.0,0.0607007698575154,0.1196306784306686,0.26,5,3,1.0,2,49,0.2,Sadiki
3535,6,Nobel_Mendy,DEF,88,48.468,0.1101368423861517,0.0250302778453594,0.0,0.04719381628693346,3.703794385297845,0.0,0.0459456519173773,0.0386203456380479,0.1,6,3,4.0,2,41,6.4,Mendy
3536,7,Nobel_Mendy,DEF,88,48.387,0.1099347645896267,0.0250308952573328,0.0,0.02593360427508319,3.703794385297845,0.0,0.0323786694324084,0.0238084655632736,0.1,6,3,4.0,2,41,6.4,Mendy
3537,8,Nobel_Mendy,DEF,88,48.306,0.1103041071560402,0.0251015905139891,0.0,0.06548122399449088,3.703794385297845,0.0,0.0764095249963934,0.0286394203968533,0.1,6,3,4.0,2,41,6.4,Mendy
3538,9,Nobel_Mendy,DEF,88,48.225,0.1105415104864986,0.0251063804101964,0.0,0.028032327383345785,3.703794385297845,0.0,0.0440900662312232,0.0342011051202082,0.1,6,3,4.0,2,41,6.4,Mendy
3539,10,Nobel_Mendy,DEF,88,48.141,0.1107926125220101,0.025128888345068,0.0,0.029249046447872976,3.703794385297845,0.0,0.0283871455110724,0.0678417594345503,0.1,6,3,4.0,2,41,6.4,Mendy
3540,11,Nobel_Mendy,DEF,88,48.06,0.1110457878362874,0.025151497183068,0.0,0.026629268633737425,3.703794385297845,0.0,0.0265768898928847,0.0315855885698299,0.1,6,3,4.0,2,41,6.4,Mendy
3541,12,Nobel_Mendy,DEF,88,47.979,0.1113018151625568,0.0251744601014408,0.0,0.032801646375079034,3.703794385297845,0.0,0.0576745797658112,0.0527526549054485,0.1,6,3,4.0,2,41,6.4,Mendy
3542,6,Noni_Madueke,MID,3,15.195859855178831,0.13473435822365643,0.17075305876615865,0.0,7.840604067150664e-05,5.8020000000000005,0.0,0.1126991599369654,0.1833905663030322,0.0,5,3,1.0,2,62,0.2,Madueke
3543,7,Noni_Madueke,MID,3,14.545930274821888,0.13543635766474435,0.17092699870360825,0.0,7.842320815378271e-05,5.8020000000000005,0.0,0.0757386597383645,0.1958612735530401,0.0,5,3,1.0,2,62,0.2,Madueke
3544,8,Noni_Madueke,MID,3,13.89695271713767,0.13614968885868056,0.17110153393705177,0.0,9.129684320830444e-05,5.8020000000000005,0.0,0.116233388513479,0.1426431873808013,0.0,5,3,1.0,2,62,0.2,Madueke
3545,9,Noni_Madueke,MID,3,13.263412331252624,0.13685464071568584,0.17127144511210418,0.0,0.00011081739105480152,5.8020000000000005,0.0,0.1222370154519599,0.1239528530149927,0.0,5,3,1.0,2,62,0.2,Madueke
3546,10,Noni_Madueke,MID,3,13.201620364330427,0.13687731339495246,0.1712236459930232,0.0,4.6402854440170886e-05,5.8020000000000005,0.0,0.1268997194477113,0.1551143810956354,0.0,5,3,1.0,2,62,0.2,Madueke
3547,11,Noni_Madueke,MID,3,13.139801301408433,0.13689932259768184,0.17117505593663873,0.0,7.965542537783831e-05,5.8020000000000005,0.0,0.0971874929788598,0.199350807499842,0.0,5,3,1.0,2,62,0.2,Madueke
3548,12,Noni_Madueke,MID,3,13.09941102794958,0.13692505031234256,0.17114843389877502,0.0,9.342601645849288e-05,5.8020000000000005,0.0,0.09886899903714,0.1282297948275641,0.0,5,3,1.0,2,62,0.2,Madueke
3549,6,Norberto_Bercique Gomes Betuncal,FWD,11,0.0,0.3564413427702512,0.04855649072482637,0.0,8.154658375031872e-06,1.0,0.0,0.2767363309065365,0.1027633521295426,0.08,4,3,0.0,2,54,0.6,Beto
3550,7,Norberto_Bercique Gomes Betuncal,FWD,11,0.0,0.3563590388379871,0.048557521168754184,0.0,7.480060572063103e-06,1.0,0.0,0.2699527724353497,0.1092810666119734,0.08,4,3,0.0,2,54,0.6,Beto
3551,8,Norberto_Bercique Gomes Betuncal,FWD,11,0.0,0.3562726065579972,0.0485584460175947,0.0,9.196272497796647e-06,1.0,0.0,0.2686708389316911,0.1234648585781471,0.08,4,3,0.0,2,54,0.6,Beto
3552,9,Norberto_Bercique Gomes Betuncal,FWD,11,0.0,0.36173478183166174,0.04844509202717471,0.0,1.4076170041546468e-05,1.0,0.0,0.2701720012960522,0.1526573698912118,0.08,4,3,0.0,2,54,0.6,Beto
3553,10,Norberto_Bercique Gomes Betuncal,FWD,11,0.0,0.361624768320327,0.048446481649383956,0.0,8.369510155491633e-06,1.0,0.0,0.2767363309065365,0.1027633521295426,0.08,4,3,0.0,2,54,0.6,Beto
3554,11,Norberto_Bercique Gomes Betuncal,FWD,11,0.0,0.3615181382044977,0.04844787243465588,0.0,2.194246852908256e-05,1.0,0.0,0.3657327697364796,0.1238459952069972,0.08,4,3,0.0,2,54,0.6,Beto
3555,12,Norberto_Bercique Gomes Betuncal,FWD,11,0.0,0.3614107857712653,0.04844916567294903,0.0,1.936826038411294e-05,1.0,0.0,0.3273316394954414,0.1139094893887378,0.08,4,3,0.0,2,54,0.6,Beto
3556,6,Nordi_Mukiele,DEF,56,88.7097898,0.08012038096687822,0.08914026915428976,0.0,0.3171958833372209,1.666,0.0,0.1174447659202134,0.0817117691611616,0.17,6,3,4.0,2,54,1.9,Mukiele
3557,7,Nordi_Mukiele,DEF,56,88.7007898,0.08013059714483303,0.089062793406268,0.0,0.45749906859048856,1.666,0.0,0.0341640741201375,0.0464008608397502,0.17,6,3,4.0,2,54,1.9,Mukiele
3558,8,Nordi_Mukiele,DEF,56,88.6887898,0.08014105660041719,0.08898555400334106,0.0,0.3924488590922013,1.666,0.0,0.0539164999254806,0.1088920375930353,0.17,6,3,4.0,2,54,1.9,Mukiele
3559,9,Nordi_Mukiele,DEF,56,88.6797898,0.08015071130783047,0.08890812461759097,0.0,0.3168401687812448,1.666,0.0,0.0462278002486011,0.089997557499349,0.17,6,3,4.0,2,54,1.9,Mukiele
3560,10,Nordi_Mukiele,DEF,56,88.6677898,0.08015902299647532,0.08882992652249398,0.0,0.29278331625790494,1.666,0.0,0.0258215885423753,0.065374644385858,0.17,6,3,4.0,2,54,1.9,Mukiele
3561,11,Nordi_Mukiele,DEF,56,88.6557898,0.08016557746708472,0.088750725032146,0.0,0.38760822298185804,1.666,0.0,0.0348944706518137,0.102631454475445,0.17,6,3,4.0,2,54,1.9,Mukiele
3562,12,Nordi_Mukiele,DEF,56,88.6467898,0.08017296429155168,0.08867199618617186,0.0,0.5117935189745894,1.666,0.0,0.0813127279922636,0.1108935603943818,0.17,6,3,4.0,2,54,1.9,Mukiele
3563,6,Norman_Bassette,FWD,9,0.0,0.3592114189180719,0.1418716536212577,0.0,4.8615632807412056e-05,1.818367374389052,0.0,0.2701720012960522,0.1526573698912118,0.1,4,3,0.0,2,45,0.0,Bassette
3564,7,Norman_Bassette,FWD,9,0.0,0.2930353162947134,0.1330750792552138,0.0,6.175956361218194e-05,1.818367374389052,0.0,0.1816445166652931,0.0735228775864095,0.1,4,3,0.0,2,45,0.0,Bassette
3565,8,Norman_Bassette,FWD,9,0.0,0.2930416258848008,0.1329463116967999,0.0,2.732544062558834e-05,1.818367374389052,0.0,0.251881030599128,0.0913042928657778,0.1,4,3,0.0,2,45,0.0,Bassette
3566,9,Norman_Bassette,FWD,9,0.0,0.30253488031871,0.1373567716993853,0.0,3.586971568759891e-05,1.818367374389052,0.0,0.3107258993287308,0.1106489791789369,0.1,4,3,0.0,2,45,0.0,Bassette
3567,10,Norman_Bassette,FWD,9,0.0,0.3027142174736784,0.13748819626132,0.0,5.20771148592953e-05,1.818367374389052,0.0,0.2321652746293105,0.0710294967935649,0.1,4,3,0.0,2,45,0.0,Bassette
3568,11,Norman_Bassette,FWD,9,0.0,0.3028915786425664,0.1376187690176612,0.0,3.645125025766993e-05,1.818367374389052,0.0,0.508906701575971,0.1270447035747427,0.1,4,3,0.0,2,45,0.0,Bassette
3569,12,Norman_Bassette,FWD,9,0.0,0.3030728340074471,0.1377508578305304,0.0,3.982463557923542e-05,1.818367374389052,0.0,0.3479730393459483,0.0845739406189787,0.1,4,3,0.0,2,45,0.0,Bassette
3570,6,Noussair_Mazraoui,DEF,1,43.70035615177019,0.027514768375414663,0.04476571103355182,0.0,0.012134997605611611,3.436,0.0,0.0813127279922636,0.1108935603943818,0.12,6,3,4.0,2,44,0.5,Mazraoui
3571,7,Noussair_Mazraoui,DEF,1,43.03046722462192,0.027296956259659534,0.044606625213400405,0.0,0.007629075993397706,3.436,0.0,0.0539164999254806,0.1088920375930353,0.12,6,3,4.0,2,44,0.5,Mazraoui
3572,8,Noussair_Mazraoui,DEF,1,41.64433992142088,0.026937334651228557,0.04463999695196862,0.0,0.008617643131562835,3.436,0.0,0.0341640741201375,0.0464008608397502,0.12,6,3,4.0,2,44,0.5,Mazraoui
3573,9,Noussair_Mazraoui,DEF,1,41.3661048881096,0.02687276994528988,0.04466214697191053,0.0,0.004454847605132548,3.436,0.0,0.0258215885423753,0.065374644385858,0.12,6,3,4.0,2,44,0.5,Mazraoui
3574,10,Noussair_Mazraoui,DEF,1,41.24063440162589,0.026885781208755358,0.04466590528197905,0.0,0.006528378880323691,3.436,0.0,0.0348944706518137,0.102631454475445,0.12,6,3,4.0,2,44,0.5,Mazraoui
3575,11,Noussair_Mazraoui,DEF,1,41.11890598798608,0.026898220086780247,0.044669015158566194,0.0,0.01069469532369634,3.436,0.0,0.0253111663142996,0.0466702106609451,0.12,6,3,4.0,2,44,0.5,Mazraoui
3576,12,Noussair_Mazraoui,DEF,1,40.993784628060304,0.026910818583879868,0.0446721040438347,0.0,0.011904953161153057,3.436,0.0,0.0506358535297079,0.1127669562337763,0.12,6,3,4.0,2,44,0.5,Mazraoui
3577,6,Ola_Aina,DEF,17,81.802737,0.020072085457380387,0.0747083319446845,0.0,0.12108658670125898,2.16,0.0,0.0336892747106061,0.1962529481085647,0.2,6,3,4.0,2,45,2.5,Aina
3578,7,Ola_Aina,DEF,17,81.79673700000001,0.02006631663694549,0.0746896111134912,0.0,0.10757504938496681,2.16,0.0,0.1077701515240741,0.0871056101039265,0.2,6,3,4.0,2,45,2.5,Aina
3579,8,Ola_Aina,DEF,17,81.790737,0.020060287604314823,0.0746705060830325,0.0,0.10273193945453526,2.16,0.0,0.0462278002486011,0.089997557499349,0.2,6,3,4.0,2,45,2.5,Aina
3580,9,Ola_Aina,DEF,17,81.78473699999999,0.02002616437283117,0.0745849444268384,0.0,0.2208673226249059,2.16,0.0,0.0506358535297079,0.1127669562337763,0.2,6,3,4.0,2,45,2.5,Aina
3581,10,Ola_Aina,DEF,17,81.778737,0.020019611316721052,0.0745646807347867,0.0,0.17617300706875133,2.16,0.0,0.0339500514709614,0.0381417475700373,0.2,6,3,4.0,2,45,2.5,Aina
3582,11,Ola_Aina,DEF,17,81.772737,0.020013267530564614,0.0745450395646509,0.0,0.15987040159539906,2.16,0.0,0.0341640741201375,0.0464008608397502,0.2,6,3,4.0,2,45,2.5,Aina
3583,12,Ola_Aina,DEF,17,81.76673699999999,0.020006848148252872,0.0745249137675962,0.0,0.08974874065919075,2.16,0.0,0.0258215885423753,0.065374644385858,0.2,6,3,4.0,2,45,2.5,Aina
3584,6,Oli_McBurnie,FWD,88,55.659,0.3186266696479158,0.1592128110019016,0.05600000000000001,0.00174290958975921,1.0,0.0,0.2321652746293105,0.0710294967935649,0.1,4,3,0.0,2,55,1.9,McBurnie
3585,7,Oli_McBurnie,FWD,88,55.392,0.3180311019700636,0.1592167947942541,0.05600000000000001,0.0008935885837160562,1.0,0.0,0.251881030599128,0.0913042928657778,0.1,4,3,0.0,2,55,1.9,McBurnie
3586,8,Oli_McBurnie,FWD,88,55.125,0.3191196356852636,0.159672949250176,0.05600000000000001,0.0024169690127034097,1.0,0.0,0.3657327697364796,0.1238459952069972,0.1,4,3,0.0,2,55,1.9,McBurnie
3587,9,Oli_McBurnie,FWD,88,54.858,0.3198193154752596,0.1597038556023376,0.05600000000000001,0.0009392045894914469,1.0,0.0,0.2767363309065365,0.1027633521295426,0.1,4,3,0.0,2,55,1.9,McBurnie
3588,10,Oli_McBurnie,FWD,88,54.594,0.3205593683596694,0.1598490859228842,0.05600000000000001,0.000967165366566784,1.0,0.0,0.2686708389316911,0.1234648585781471,0.1,4,3,0.0,2,55,1.9,McBurnie
3589,11,Oli_McBurnie,FWD,88,54.327,0.3213055316522554,0.1599949673113206,0.05600000000000001,0.000859021761258791,1.0,0.0,0.2378841599042031,0.0988234500197675,0.1,4,3,0.0,2,55,1.9,McBurnie
3590,12,Oli_McBurnie,FWD,88,54.06,0.3220601004509806,0.1601431333698676,0.05600000000000001,0.0010581864500983317,1.0,0.0,0.508906701575971,0.1270447035747427,0.1,4,3,0.0,2,55,1.9,McBurnie
3591,6,Oliver_Dovin,GKP,9,0.0,7.164137320008402e-05,0.0022330850321598,0.0,1.770361372389467e-05,4.070221428571427,0.5507288343319483,0.0,0.0,0.1,0,0,4.0,1,40,1.0,Dovin
3592,7,Oliver_Dovin,GKP,9,0.0,5.747974814556437e-05,0.0021108278865214,0.0,2.2199877478860496e-05,4.070221428571427,0.5501991551061685,0.0,0.0,0.1,0,0,4.0,1,40,1.0,Dovin
3593,8,Oliver_Dovin,GKP,9,0.0,5.748109839203587e-05,0.0021090382405198,0.0,1.0262210340871071e-05,4.070221428571427,0.5772401899906685,0.0,0.0,0.1,0,0,4.0,1,40,1.0,Dovin
3594,9,Oliver_Dovin,GKP,9,0.0,5.951264610353142e-05,0.0021703359944443,0.0,1.3277443229700899e-05,4.070221428571427,0.4795497563724742,0.0,0.0,0.1,0,0,4.0,1,40,1.0,Dovin
3595,10,Oliver_Dovin,GKP,9,0.0,5.955102408963708e-05,0.0021721625681922,0.0,1.889367397700838e-05,4.070221428571427,0.5767828619281752,0.0,0.0,0.1,0,0,4.0,1,40,1.0,Dovin
3596,11,Oliver_Dovin,GKP,9,0.0,5.958897921654019e-05,0.002173977303318,0.0,1.3481098695011165e-05,4.070221428571427,0.4945724933690928,0.0,0.0,0.1,0,0,4.0,1,40,1.0,Dovin
3597,12,Oliver_Dovin,GKP,9,0.0,5.9627767697801634e-05,0.0021758131090033,0.0,1.4658999370325786e-05,4.070221428571427,0.4823301599981489,0.0,0.0,0.1,0,0,4.0,1,40,1.0,Dovin
3598,6,Olivier_Boscagli,DEF,36,77.59366899999999,0.027256350724135382,0.071493968447204,0.0,0.09678797565012792,4.742,0.0,0.0366746478210848,0.040303852137383,0.18,6,3,4.0,2,45,0.3,Boscagli
3599,7,Olivier_Boscagli,DEF,36,77.59366899999999,0.02732402574580698,0.0716539542781192,0.0,0.09815177543549053,4.742,0.0,0.0576745797658112,0.0527526549054485,0.18,6,3,4.0,2,45,0.3,Boscagli
3600,8,Olivier_Boscagli,DEF,36,77.59366899999999,0.027313700793647297,0.0716468856041416,0.0,0.16443538059710697,4.742,0.0,0.0345883844346893,0.02331174536266,0.18,6,3,4.0,2,45,0.3,Boscagli
3601,9,Olivier_Boscagli,DEF,36,77.59366899999999,0.027310143740040392,0.071630099063727,0.0,0.14436751327429176,4.742,0.0,0.0297669938520948,0.018348571633679,0.18,6,3,4.0,2,45,0.3,Boscagli
3602,10,Olivier_Boscagli,DEF,36,77.59366899999999,0.027306281189078473,0.0716127823441946,0.0,0.18220848169974554,4.742,0.0,0.0764095249963934,0.0286394203968533,0.18,6,3,4.0,2,45,0.3,Boscagli
3603,11,Olivier_Boscagli,DEF,36,77.59366899999999,0.027302779211503227,0.071596021596756,0.0,0.07829202643577747,4.742,0.0,0.0440900662312232,0.0342011051202082,0.18,6,3,4.0,2,45,0.3,Boscagli
3604,12,Olivier_Boscagli,DEF,36,77.59366899999999,0.027299141907158986,0.071579126748167,0.0,0.12576556285407828,4.742,0.0,0.0441562832773488,0.040413775623652,0.18,6,3,4.0,2,45,0.3,Boscagli
3605,6,Ollie_Watkins,FWD,7,0.0,0.34823141751178893,0.07738176603536005,0.0,1.1458429675903575e-05,1.0,0.0,0.3657327697364796,0.1238459952069972,0.1,4,3,0.0,2,78,2.6,Watkins
3606,7,Ollie_Watkins,FWD,7,0.0,0.34827993790678685,0.07730949399779012,0.0,7.350601146302712e-06,1.0,0.0,0.2701720012960522,0.1526573698912118,0.1,4,3,0.0,2,78,2.6,Watkins
3607,8,Ollie_Watkins,FWD,7,0.0,0.34833099445407,0.07723682567397973,0.0,8.652597247714558e-06,1.0,0.0,0.2852550995514115,0.114829839288796,0.1,4,3,0.0,2,78,2.6,Watkins
3608,9,Ollie_Watkins,FWD,7,0.0,0.3483459236151007,0.07719701661966405,0.0,4.131497802525843e-06,1.0,0.0,0.251881030599128,0.0913042928657778,0.1,4,3,0.0,2,78,2.6,Watkins
3609,10,Ollie_Watkins,FWD,7,0.0,0.3483233137035607,0.07718925070804267,0.0,6.760978033151425e-06,1.0,0.0,0.1582373678053648,0.1067667619926839,0.1,4,3,0.0,2,78,2.6,Watkins
3610,11,Ollie_Watkins,FWD,7,0.0,0.34829365362556647,0.07717983289071033,0.0,5.423391941166061e-06,1.0,0.0,0.3107258993287308,0.1106489791789369,0.1,4,3,0.0,2,78,2.6,Watkins
3611,12,Ollie_Watkins,FWD,7,0.0,0.348292581474702,0.07717181900424944,0.0,4.554691479736409e-06,1.0,0.0,0.2767363309065365,0.1027633521295426,0.1,4,3,0.0,2,78,2.6,Watkins
3612,6,Omar_Alderete,DEF,56,36.470456246437735,0.047635277737701445,0.04188798356542065,0.0,0.008568985248417123,1.0,0.0,0.0265768898928847,0.0315855885698299,0.18,6,3,4.0,2,48,0.2,Alderete
3613,7,Omar_Alderete,DEF,56,36.27152131839868,0.04764180707262402,0.041850475399831895,0.0,0.01434358666953642,1.0,0.0,0.0539343394566716,0.0350964916114288,0.18,6,3,4.0,2,48,0.2,Alderete
3614,8,Omar_Alderete,DEF,56,36.0725064662458,0.047648491890460894,0.04181308165548066,0.0,0.0112293576619302,1.0,0.0,0.07078655240023,0.0561971162677075,0.18,6,3,4.0,2,48,0.2,Alderete
3615,9,Omar_Alderete,DEF,56,35.87433273031622,0.047654662379909986,0.04177559593515784,0.0,0.008184168094063238,1.0,0.0,0.0440900662312232,0.0342011051202082,0.18,6,3,4.0,2,48,0.2,Alderete
3616,10,Omar_Alderete,DEF,56,35.67899372427372,0.0476599745229809,0.041737738061248766,0.0,0.0072517868634977955,1.0,0.0,0.0456201977756334,0.02560444811066,0.18,6,3,4.0,2,48,0.2,Alderete
3617,11,Omar_Alderete,DEF,56,35.491562894491594,0.047664163597803046,0.041699394415776574,0.0,0.010564411673739475,1.0,0.0,0.0430008805695656,0.0202850875521248,0.18,6,3,4.0,2,48,0.2,Alderete
3618,12,Omar_Alderete,DEF,56,35.30203806342854,0.04766888464428176,0.04166127959059836,0.0,0.015947000572111066,1.0,0.0,0.052493727298415,0.0268053738104255,0.18,6,3,4.0,2,48,0.2,Alderete
3619,6,Omar_Marmoush,FWD,6,37.82536441129109,0.2717769901331058,0.10432457527356172,0.05600000000000001,0.00027980181483233766,1.854,0.0,0.1582373678053648,0.1067667619926839,0.08,4,3,0.0,2,70,2.2,Marmoush
3620,7,Omar_Marmoush,FWD,6,37.32550823151483,0.2723512711411946,0.10377786827802077,0.05600000000000001,0.0001729920109213999,1.854,0.0,0.2767363309065365,0.1027633521295426,0.08,4,3,0.0,2,70,2.2,Marmoush
3621,8,Omar_Marmoush,FWD,6,36.58428302108717,0.2732510368017225,0.10296190258803208,0.05600000000000001,0.0001447063856387474,1.854,0.0,0.2699527724353497,0.1092810666119734,0.08,4,3,0.0,2,70,2.2,Marmoush
3622,9,Omar_Marmoush,FWD,6,36.32729747425248,0.2735095046390946,0.10271386248201694,0.05600000000000001,0.00019953177843994144,1.854,0.0,0.508906701575971,0.1270447035747427,0.08,4,3,0.0,2,70,2.2,Marmoush
3623,10,Omar_Marmoush,FWD,6,36.29986197468448,0.2734653551641607,0.10272748084716007,0.05600000000000001,0.0002174612618914096,1.854,0.0,0.3479730393459483,0.0845739406189787,0.08,4,3,0.0,2,70,2.2,Marmoush
3624,11,Omar_Marmoush,FWD,6,36.27194323566876,0.2734184994442012,0.10274094357011937,0.05600000000000001,0.0001640895066315327,1.854,0.0,0.2767363309065365,0.1027633521295426,0.08,4,3,0.0,2,70,2.2,Marmoush
3625,12,Omar_Marmoush,FWD,6,36.244093259278834,0.2733720286427997,0.10275349623238403,0.05600000000000001,0.00019489530882694196,1.854,0.0,0.3107258993287308,0.1106489791789369,0.08,4,3,0.0,2,70,2.2,Marmoush
3626,6,Omar_Richards,DEF,17,0.0,0.0393742896324264,0.0662462924477007,0.0,0.00041356231976070936,2.232444898834902,0.0,0.0576745797658112,0.0527526549054485,0.1,6,3,4.0,2,40,0.2,O.Richards
3627,7,Omar_Richards,DEF,17,0.0,0.0393606365114461,0.0662289441025755,0.0,0.000363033030462668,2.232444898834902,0.0,0.0283871455110724,0.0678417594345503,0.1,6,3,4.0,2,40,0.2,O.Richards
3628,8,Omar_Richards,DEF,17,0.0,0.0393463675438417,0.0662112397251041,0.0,0.0003452910748931279,2.232444898834902,0.0,0.0440900662312232,0.0342011051202082,0.1,6,3,4.0,2,40,0.2,O.Richards
3629,9,Omar_Richards,DEF,17,0.0,0.0392656077745014,0.0661319508769855,0.0,0.0008261171347860504,2.232444898834902,0.0,0.0764095249963934,0.0286394203968533,0.1,6,3,4.0,2,40,0.2,O.Richards
3630,10,Omar_Richards,DEF,17,0.0,0.0392500985956539,0.0661131727832356,0.0,0.0006335581324546479,2.232444898834902,0.0,0.0297669938520948,0.018348571633679,0.1,6,3,4.0,2,40,0.2,O.Richards
3631,11,Omar_Richards,DEF,17,0.0,0.0392350846979525,0.0660949715722605,0.0,0.0005668570649877891,2.232444898834902,0.0,0.0539343394566716,0.0350964916114288,0.1,6,3,4.0,2,40,0.2,O.Richards
3632,12,Omar_Richards,DEF,17,0.0,0.0392198918861272,0.0660763212639692,0.0,0.00029855272237222464,2.232444898834902,0.0,0.0456201977756334,0.02560444811066,0.1,6,3,4.0,2,40,0.2,O.Richards
3633,6,Omari_Hutchinson,MID,17,0.0,0.07131717904106256,0.1796392943516952,0.0,2.5822912918294225e-05,3.8899999999999997,0.0,0.1652776886367873,0.1759321123387592,0.03,5,3,1.0,2,54,0.1,Hutchinson
3634,7,Omari_Hutchinson,MID,17,0.0,0.07129232942976117,0.17959286517807624,0.0,2.2500899172433157e-05,3.8899999999999997,0.0,0.076157361279352,0.1133288670034329,0.03,5,3,1.0,2,54,0.1,Hutchinson
3635,8,Omari_Hutchinson,MID,17,0.0,0.07126635893560435,0.17954548315924385,0.0,2.134075759395575e-05,3.8899999999999997,0.0,0.1268997194477113,0.1551143810956354,0.03,5,3,1.0,2,54,0.1,Hutchinson
3636,9,Omari_Hutchinson,MID,17,0.0,0.07111937064773985,0.1793332833402538,0.0,5.368675495580796e-05,3.8899999999999997,0.0,0.1240191589748917,0.1296590777735466,0.03,5,3,1.0,2,54,0.1,Hutchinson
3637,10,Omari_Hutchinson,MID,17,0.0,0.07109114288454058,0.17928302774707458,0.0,4.054076935674001e-05,3.8899999999999997,0.0,0.09886899903714,0.1282297948275641,0.03,5,3,1.0,2,54,0.1,Hutchinson
3638,11,Omari_Hutchinson,MID,17,0.0,0.07106381656680437,0.17923431605853368,0.0,3.603998483747356e-05,3.8899999999999997,0.0,0.0553819610582226,0.1857348552224726,0.03,5,3,1.0,2,54,0.1,Hutchinson
3639,12,Omari_Hutchinson,MID,17,0.0,0.07103616461316103,0.17918440245608605,0.0,1.8301812266540114e-05,3.8899999999999997,0.0,0.1260591051724412,0.1314494178124841,0.03,5,3,1.0,2,54,0.1,Hutchinson
3640,6,Oscar_Bobb,MID,54,53.33779049491922,0.1105613988221753,0.19089202882528783,0.0,0.002614919988561514,4.07,0.0,0.1268997194477113,0.1551143810956354,0.02,5,3,1.0,2,55,0.3,Bobb
3641,7,Oscar_Bobb,MID,54,53.72343239525418,0.11079806125965333,0.19092800914870356,0.0,0.0025306174476261833,4.07,0.0,0.1268997194477113,0.1551143810956354,0.02,5,3,1.0,2,55,0.3,Bobb
3642,8,Oscar_Bobb,MID,54,53.90933049889595,0.11096783776177811,0.19085836728239114,0.0,0.002640503547000038,4.07,0.0,0.1268997194477113,0.1551143810956354,0.02,5,3,1.0,2,55,0.3,Bobb
3643,9,Oscar_Bobb,MID,54,54.09638461637612,0.1111379403118274,0.19078921139882235,0.0,0.0036342904327599625,4.07,0.0,0.1528638217362915,0.0934867601094268,0.02,5,3,1.0,2,55,0.3,Bobb
3644,10,Oscar_Bobb,MID,54,54.28120945325504,0.11130970860752464,0.19072115340444615,0.0,0.004583370381662899,4.07,0.0,0.0971874929788598,0.199350807499842,0.02,5,3,1.0,2,55,0.3,Bobb
3645,11,Oscar_Bobb,MID,54,54.46637681410482,0.11148155691368991,0.1906526750092269,0.0,0.005481197740637435,4.07,0.0,0.09886899903714,0.1282297948275641,0.02,5,3,1.0,2,55,0.3,Bobb
3646,12,Oscar_Bobb,MID,54,54.65432342783596,0.11165273099549078,0.19058231161964143,0.0,0.004957146310819154,4.07,0.0,0.0553819610582226,0.1857348552224726,0.02,5,3,1.0,2,55,0.3,Bobb
3647,6,Oscar_Mingueza,DEF,31,0.0,0.0707309631706023,0.067450047396381,0.0,0.0006560608084995945,2.6851132934305793,0.0,0.0550530308978321,0.0334376008273799,0.1,6,3,4.0,2,44,0.1,Mingueza
3648,7,Oscar_Mingueza,DEF,31,0.0,0.072123349353794,0.0693786079003372,0.0,0.0004582300167101487,2.6851132934305793,0.0,0.0265768898928847,0.0315855885698299,0.1,6,3,4.0,2,44,0.1,Mingueza
3649,8,Oscar_Mingueza,DEF,31,0.0,0.072134946870796,0.0693898449418025,0.0,0.0007497609385060935,2.6851132934305793,0.0,0.0441562832773488,0.040413775623652,0.1,6,3,4.0,2,44,0.1,Mingueza
3650,9,Oscar_Mingueza,DEF,31,0.0,0.0721458379476507,0.069400616813969,0.0,0.0009400448978450432,2.6851132934305793,0.0,0.052493727298415,0.0268053738104255,0.1,6,3,4.0,2,44,0.1,Mingueza
3651,10,Oscar_Mingueza,DEF,31,0.0,0.0721571519857175,0.0694116025177131,0.0,0.0010136948191403828,2.6851132934305793,0.0,0.0345883844346893,0.02331174536266,0.1,6,3,4.0,2,44,0.1,Mingueza
3652,11,Oscar_Mingueza,DEF,31,0.0,0.0721677932775221,0.069422261460484,0.0,0.0004584989130322401,2.6851132934305793,0.0,0.0440900662312232,0.0342011051202082,0.1,6,3,4.0,2,44,0.1,Mingueza
3653,12,Oscar_Mingueza,DEF,31,0.0,0.0721790286204021,0.0694333223823068,0.0,0.0004473496597851837,2.6851132934305793,0.0,0.0440900662312232,0.0342011051202082,0.1,6,3,4.0,2,44,0.1,Mingueza
3654,6,Ousmane_Diomande,DEF,17,30.0140198917586,0.0417166846830973,0.0691266788263711,0.0,0.0028591824438774904,3.2844721568627455,0.0,0.0576745797658112,0.0527526549054485,0.1,6,3,4.0,2,54,0.5,Diomande
3655,7,Ousmane_Diomande,DEF,17,30.07987113315224,0.0417019797617745,0.0691083693831582,0.0,0.0025234946892043024,3.2844721568627455,0.0,0.0283871455110724,0.0678417594345503,0.1,6,3,4.0,2,54,0.5,Diomande
3656,8,Ousmane_Diomande,DEF,17,30.14625342519064,0.0416866115506319,0.069089684183412,0.0,0.00241293496667506,3.2844721568627455,0.0,0.0440900662312232,0.0342011051202082,0.1,6,3,4.0,2,54,0.5,Diomande
3657,9,Ousmane_Diomande,DEF,17,30.509631802336283,0.0415996302621843,0.0690060027341694,0.0,0.005926281733646291,3.2844721568627455,0.0,0.0764095249963934,0.0286394203968533,0.1,6,3,4.0,2,54,0.5,Diomande
3658,10,Ousmane_Diomande,DEF,17,30.582208059897773,0.0415829262972035,0.0689861843342773,0.0,0.0045749985645188295,3.2844721568627455,0.0,0.0297669938520948,0.018348571633679,0.1,6,3,4.0,2,54,0.5,Diomande
3659,11,Ousmane_Diomande,DEF,17,30.654205451764287,0.0415667557685188,0.0689669747764579,0.0,0.004117864148497263,3.2844721568627455,0.0,0.0539343394566716,0.0350964916114288,0.1,6,3,4.0,2,54,0.5,Diomande
3660,12,Ousmane_Diomande,DEF,17,30.726790290325027,0.0415503925426391,0.068947291241337,0.0,0.002184234888890684,3.2844721568627455,0.0,0.0456201977756334,0.02560444811066,0.1,6,3,4.0,2,54,0.5,Diomande
3661,6,Paddy_McNair,DEF,88,7.8,0.070055949268916,0.0926306412533384,0.0,0.0009481903406128636,3.4086842666110364,0.0,0.0459456519173773,0.0386203456380479,0.1,6,3,4.0,2,40,0.1,McNair
3662,7,Paddy_McNair,DEF,88,7.8,0.0699255065934328,0.0926329662398848,0.0,0.0005151945572021164,3.4086842666110364,0.0,0.0323786694324084,0.0238084655632736,0.1,6,3,4.0,2,40,0.1,McNair
3663,8,Paddy_McNair,DEF,88,7.8,0.0701639198845576,0.0928991831706969,0.0,0.0013514787739710948,3.4086842666110364,0.0,0.0764095249963934,0.0286394203968533,0.1,6,3,4.0,2,40,0.1,McNair
3664,9,Paddy_McNair,DEF,88,7.8,0.0703171654470395,0.0929172204694851,0.0,0.0005650120470085261,3.4086842666110364,0.0,0.0440900662312232,0.0342011051202082,0.1,6,3,4.0,2,40,0.1,McNair
3665,10,Paddy_McNair,DEF,88,7.8,0.0704792536224583,0.0930019785370537,0.0,0.0005940381421160001,3.4086842666110364,0.0,0.0283871455110724,0.0678417594345503,0.1,6,3,4.0,2,40,0.1,McNair
3666,11,Paddy_McNair,DEF,88,7.8,0.0706426801142773,0.093087116575251,0.0,0.0005430515879734834,3.4086842666110364,0.0,0.0265768898928847,0.0315855885698299,0.1,6,3,4.0,2,40,0.1,McNair
3667,12,Paddy_McNair,DEF,88,7.8,0.0708079476004121,0.0931735879729209,0.0,0.0006767020115810163,3.4086842666110364,0.0,0.0576745797658112,0.0527526549054485,0.1,6,3,4.0,2,40,0.1,McNair
3668,6,Pape_Matar Sarr,MID,6,0.0,0.08107278243962902,0.09583451573069023,0.0,0.0002882440124407903,5.106,0.0,0.1119957605907742,0.1332858089793131,0.12,5,3,1.0,2,49,0.1,P.M.Sarr
3669,7,Pape_Matar Sarr,MID,6,0.0,0.08122848778812218,0.09534726825753548,0.0,0.00018634787814941382,5.106,0.0,0.0842332060993205,0.1188923620107288,0.12,5,3,1.0,2,49,0.1,P.M.Sarr
3670,8,Pape_Matar Sarr,MID,6,0.0,0.08147244209578947,0.09462004650279182,0.0,0.00016654697118358613,5.106,0.0,0.0533112851817121,0.0911547974260361,0.12,5,3,1.0,2,49,0.1,P.M.Sarr
3671,9,Pape_Matar Sarr,MID,6,0.0,0.0815425207230215,0.09439898308878279,0.0,0.00023497685898011885,5.106,0.0,0.0822560971477504,0.1524742200371775,0.12,5,3,1.0,2,49,0.1,P.M.Sarr
3672,10,Pape_Matar Sarr,MID,6,0.0,0.08153055043446317,0.09441112032876436,0.0,0.00025671888950259416,5.106,0.0,0.0928778036155075,0.1172272670252035,0.12,5,3,1.0,2,49,0.1,P.M.Sarr
3673,11,Pape_Matar Sarr,MID,6,0.0,0.08151784639915226,0.09442311885411196,0.0,0.00019419727013214114,5.106,0.0,0.0842332060993205,0.1188923620107288,0.12,5,3,1.0,2,49,0.1,P.M.Sarr
3674,12,Pape_Matar Sarr,MID,6,0.0,0.08150524672717101,0.09443430629641592,0.0,0.0002312287094924377,5.106,0.0,0.085880677692756,0.1056084642760237,0.12,5,3,1.0,2,49,0.1,P.M.Sarr
3675,6,Pascal_Groß,MID,36,90.0,0.07418903984289775,0.1824445706654251,0.05600000000000001,0.07460977200295031,8.134,0.0,0.0654788007538232,0.0801186101343322,0.18,5,3,1.0,2,58,25.7,Groß
3676,7,Pascal_Groß,MID,36,90.0,0.07436446026526579,0.18288774381825873,0.05600000000000001,0.07574242753837881,8.134,0.0,0.034021699908773,0.1250502673893471,0.18,5,3,1.0,2,58,25.7,Groß
3677,8,Pascal_Groß,MID,36,90.0,0.07433769695697225,0.18286816304341705,0.05600000000000001,0.13231935162037844,8.134,0.0,0.0369063418813318,0.0691813954789699,0.18,5,3,1.0,2,58,25.7,Groß
3678,9,Pascal_Groß,MID,36,90.0,0.07432847671838626,0.18282166302527086,0.05600000000000001,0.11490064551931571,8.134,0.0,0.0475778188966921,0.0694586861700251,0.18,5,3,1.0,2,58,25.7,Groß
3679,10,Pascal_Groß,MID,36,90.0,0.0743184646001126,0.18277369436987168,0.05600000000000001,0.14793040689409542,8.134,0.0,0.0655689624381491,0.1074576445370588,0.18,5,3,1.0,2,58,25.7,Groß
3680,11,Pascal_Groß,MID,36,90.0,0.07430938712410749,0.18272726580026824,0.05600000000000001,0.05939810471275921,8.134,0.0,0.0568772559482958,0.0901681033145862,0.18,5,3,1.0,2,58,25.7,Groß
3681,12,Pascal_Groß,MID,36,90.0,0.07429995886758703,0.18268046576008362,0.05600000000000001,0.09896828897714594,8.134,0.0,0.0576949851966989,0.1085060286467325,0.18,5,3,1.0,2,58,25.7,Groß
3682,6,Pascal_Struijk,DEF,36,52.44075106194272,0.0500182798475408,0.030587648776975843,0.0,0.031167182850058095,2.566,0.0,0.0366746478210848,0.040303852137383,0.18,6,3,4.0,2,49,0.2,Struijk
3683,7,Pascal_Struijk,DEF,36,51.52911078781894,0.0501485623032674,0.030668798123718703,0.0,0.029507917150075107,2.566,0.0,0.0576745797658112,0.0527526549054485,0.18,6,3,4.0,2,49,0.2,Struijk
3684,8,Pascal_Struijk,DEF,36,51.5284233601836,0.0501286855438754,0.03066521269198178,0.0,0.05147078640075004,2.566,0.0,0.0345883844346893,0.02331174536266,0.18,6,3,4.0,2,49,0.2,Struijk
3685,9,Pascal_Struijk,DEF,36,51.43980496591109,0.0501218377931452,0.03065669808302596,0.0,0.0443528938078205,2.566,0.0,0.0297669938520948,0.018348571633679,0.18,6,3,4.0,2,49,0.2,Struijk
3686,10,Pascal_Struijk,DEF,36,51.353982121742526,0.0501144019237172,0.03064791455219857,0.0,0.05689034733822903,2.566,0.0,0.0764095249963934,0.0286394203968533,0.18,6,3,4.0,2,49,0.2,Struijk
3687,11,Pascal_Struijk,DEF,36,51.265429349843465,0.0501076602008905,0.030639413026171073,0.0,0.0227744776975304,2.566,0.0,0.0440900662312232,0.0342011051202082,0.18,6,3,4.0,2,49,0.2,Struijk
3688,12,Pascal_Struijk,DEF,36,51.17828143640569,0.0501006579579583,0.030630843480240193,0.0,0.037452951404465626,2.566,0.0,0.0441562832773488,0.040413775623652,0.18,6,3,4.0,2,49,0.2,Struijk
3689,6,Patrick_Dorgu,MID,1,20.97721749931964,0.18303394790279548,0.13040678754034218,0.0,0.00042534420939146405,5.08,0.0,0.1220461381569684,0.1872283971637988,0.2,5,3,1.0,2,58,0.5,Dorgu
3690,7,Patrick_Dorgu,MID,1,20.1917430211495,0.18157982971867176,0.12996302499711423,0.0,0.0002557229521217403,5.08,0.0,0.1182193902266794,0.1729940302427504,0.2,5,3,1.0,2,58,0.5,Dorgu
3691,8,Patrick_Dorgu,MID,1,18.593711084511824,0.17917898843208774,0.13005611391958935,0.0,0.0002832121641134832,5.08,0.0,0.1697864627106199,0.0953712727396801,0.2,5,3,1.0,2,58,0.5,Dorgu
3692,9,Patrick_Dorgu,MID,1,18.254775893160527,0.17874795312152875,0.13011790037656357,0.0,0.00013954653907993222,5.08,0.0,0.1486543353660969,0.1189228792264125,0.2,5,3,1.0,2,58,0.5,Dorgu
3693,10,Patrick_Dorgu,MID,1,18.088652622096497,0.17883481658519818,0.130128384008811,0.0,0.0002083976113199956,5.08,0.0,0.1477429617751006,0.2046314411489814,0.2,5,3,1.0,2,58,0.5,Dorgu
3694,11,Patrick_Dorgu,MID,1,17.92318003231466,0.1789178587918418,0.13013705886582919,0.0,0.0003507282582319077,5.08,0.0,0.162531339725311,0.1137100266743979,0.2,5,3,1.0,2,58,0.5,Dorgu
3695,12,Patrick_Dorgu,MID,1,17.75790976352235,0.17900196661872603,0.1301456751685341,0.0,0.0003915091847557188,5.08,0.0,0.1841742556698727,0.1303583338431828,0.2,5,3,1.0,2,58,0.5,Dorgu
3696,6,Pau_Torres,DEF,7,0.0,0.040157214337416335,0.01779314673325717,0.0,0.00023089214483661447,1.486,0.0,0.0764095249963934,0.0286394203968533,0.05,6,3,4.0,2,45,0.3,Pau
3697,7,Pau_Torres,DEF,7,0.0,0.040162438537542144,0.017778927461962923,0.0,0.00015175156620501193,1.486,0.0,0.0441562832773488,0.040413775623652,0.05,6,3,4.0,2,45,0.3,Pau
3698,8,Pau_Torres,DEF,7,0.0,0.040167935805665106,0.01776463022273324,0.0,0.00017705504039299347,1.486,0.0,0.0297669938520948,0.018348571633679,0.05,6,3,4.0,2,45,0.3,Pau
3699,9,Pau_Torres,DEF,7,0.0,0.04016954323126287,0.01775679793015777,0.0,8.796954817469167e-05,1.486,0.0,0.0323786694324084,0.0238084655632736,0.05,6,3,4.0,2,45,0.3,Pau
3700,10,Pau_Torres,DEF,7,0.0,0.040167108817801944,0.01775527001413517,0.0,0.00014021181301311373,1.486,0.0,0.074235503863792,0.0216228986791694,0.05,6,3,4.0,2,45,0.3,Pau
3701,11,Pau_Torres,DEF,7,0.0,0.04016391531158274,0.017753417091425954,0.0,0.0001138144762818971,1.486,0.0,0.0366746478210848,0.040303852137383,0.05,6,3,4.0,2,45,0.3,Pau
3702,12,Pau_Torres,DEF,7,0.0,0.04016379987289592,0.01775184038721863,0.0,9.647931798483118e-05,1.486,0.0,0.0440900662312232,0.0342011051202082,0.05,6,3,4.0,2,45,0.3,Pau
3703,6,Pedro_Lomba Neto,MID,8,59.715266576559614,0.10890988730992537,0.14643238540070103,0.0,0.004013931763368254,4.986,0.0,0.0553819610582226,0.1857348552224726,0.08,5,3,1.0,2,65,1.4,Neto
3704,7,Pedro_Lomba Neto,MID,8,58.42869076473046,0.10809419475593153,0.14655941345950443,0.0,0.003664133873260643,4.986,0.0,0.116233388513479,0.1426431873808013,0.08,5,3,1.0,2,65,1.4,Neto
3705,8,Pedro_Lomba Neto,MID,8,56.961729935415455,0.10688960260944849,0.1467148337134023,0.0,0.003811616915279715,4.986,0.0,0.1186409762327798,0.0988612668204811,0.08,5,3,1.0,2,65,1.4,Neto
3706,9,Pedro_Lomba Neto,MID,8,55.78078502392243,0.1067052934743136,0.1467991874174172,0.0,0.0024861774178163063,4.986,0.0,0.0876286497141699,0.1962911969242959,0.08,5,3,1.0,2,65,1.4,Neto
3707,10,Pedro_Lomba Neto,MID,8,55.49578654886701,0.10689468278349729,0.14694855134720272,0.0,0.001945074621469333,4.986,0.0,0.0817530645115434,0.1446965004790163,0.08,5,3,1.0,2,65,1.4,Neto
3708,11,Pedro_Lomba Neto,MID,8,55.213029671420784,0.10708808850961367,0.14709991458756094,0.0,0.0021054190686971884,4.986,0.0,0.1126991599369654,0.1833905663030322,0.08,5,3,1.0,2,65,1.4,Neto
3709,12,Pedro_Lomba Neto,MID,8,55.31245790709817,0.10711624531196334,0.14712152700448178,0.0,0.002251384576115484,4.986,0.0,0.0757386597383645,0.1958612735530401,0.08,5,3,1.0,2,65,1.4,Neto
3710,6,Pedro_Porro,DEF,6,60.01391646659911,0.07150242216714092,0.15938471450922792,0.0,0.02288911772327489,3.102,0.0,0.0223973202299275,0.0944421809357277,0.28,6,3,4.0,2,54,8.0,Pedro Porro
3711,7,Pedro_Porro,DEF,6,68.98478958090439,0.07164776891109573,0.15861220429409348,0.0,0.030384782930375182,3.102,0.0,0.0462278002486011,0.089997557499349,0.28,6,3,4.0,2,54,8.0,Pedro Porro
3712,8,Pedro_Porro,DEF,6,82.51889999999999,0.07187549367865377,0.15745922502758194,0.0,0.07518624440864174,3.102,0.0,0.0258215885423753,0.065374644385858,0.28,6,3,4.0,2,54,8.0,Pedro Porro
3713,9,Pedro_Porro,DEF,6,86.862,0.07194091018738369,0.15710873835515493,0.0,0.13721927451460025,3.102,0.0,0.0336892747106061,0.1962529481085647,0.28,6,3,4.0,2,54,8.0,Pedro Porro
3714,10,Pedro_Porro,DEF,6,86.859,0.07192973624581404,0.15712798143466966,0.0,0.14772246489979027,3.102,0.0,0.0539164999254806,0.1088920375930353,0.28,6,3,4.0,2,54,8.0,Pedro Porro
3715,11,Pedro_Porro,DEF,6,86.856,0.07191787737143748,0.1571470045880122,0.0,0.11673459825241385,3.102,0.0,0.0462278002486011,0.089997557499349,0.28,6,3,4.0,2,54,8.0,Pedro Porro
3716,12,Pedro_Porro,DEF,6,86.856,0.0719061159174149,0.1571647418035694,0.0,0.13532400196413816,3.102,0.0,0.041498341824961,0.0545242644716637,0.28,6,3,4.0,2,54,8.0,Pedro Porro
3717,6,Pep_Chavarría,DEF,8,23.693730133892096,0.0295939149337376,0.0880553587527003,0.0,0.003939614036824757,2.1214664837677186,0.0,0.0539343394566716,0.0350964916114288,0.1,6,3,4.0,2,49,0.1,Chavarria
3718,7,Pep_Chavarría,DEF,8,23.018258926870715,0.0293807393449205,0.0881338797564374,0.0,0.003819534192015124,2.1214664837677186,0.0,0.0459456519173773,0.0386203456380479,0.1,6,3,4.0,2,49,0.1,Chavarria
3719,8,Pep_Chavarría,DEF,8,21.43740215033821,0.0290659275462179,0.08822995108471,0.0,0.003962364598288668,2.1214664837677186,0.0,0.052493727298415,0.0268053738104255,0.1,6,3,4.0,2,49,0.1,Chavarria
3720,9,Pep_Chavarría,DEF,8,20.1440503979154,0.0290177596326893,0.0882820934032701,0.0,0.002639633039960444,2.1214664837677186,0.0,0.074235503863792,0.0216228986791694,0.1,6,3,4.0,2,49,0.1,Chavarria
3721,10,Pep_Chavarría,DEF,8,19.774649515774502,0.0290672552144538,0.0883744210811025,0.0,0.002082158470824085,2.1214664837677186,0.0,0.0366746478210848,0.040303852137383,0.1,6,3,4.0,2,49,0.1,Chavarria
3722,11,Pep_Chavarría,DEF,8,19.403268084669484,0.0291178004589133,0.0884679846108753,0.0,0.00223229232153383,2.1214664837677186,0.0,0.07078655240023,0.0561971162677075,0.1,6,3,4.0,2,49,0.1,Chavarria
3723,12,Pep_Chavarría,DEF,8,19.42934767010281,0.0291251590438247,0.0884813440897637,0.0,0.0023634355306224155,2.1214664837677186,0.0,0.0550530308978321,0.0334376008273799,0.1,6,3,4.0,2,49,0.1,Chavarria
3724,6,Phil_Foden,MID,43,0.0,0.13936353871525684,0.1591613752619615,0.0,5.533447297096125e-05,6.352,0.0,0.1222370154519599,0.1239528530149927,0.15,5,3,1.0,2,69,1.9,Foden
3725,7,Phil_Foden,MID,43,53.06867091997607,0.13592083143241473,0.15691163768670127,0.0,0.0028440879535760752,6.352,0.0,0.1268997194477113,0.1551143810956354,0.15,5,3,1.0,2,69,1.9,Foden
3726,8,Phil_Foden,MID,43,53.03715456593594,0.13590270871590876,0.15687311739201618,0.0,0.003684157798497766,6.352,0.0,0.1528638217362915,0.0934867601094268,0.15,5,3,1.0,2,69,1.9,Foden
3727,9,Phil_Foden,MID,43,53.00831976834954,0.13588382496331114,0.1568346676731006,0.0,0.0027130754492870075,6.352,0.0,0.0894262475542055,0.1651836631871084,0.15,5,3,1.0,2,69,1.9,Foden
3728,10,Phil_Foden,MID,43,52.97685241450221,0.13586522796245046,0.15679543428438827,0.0,0.003949336485449109,6.352,0.0,0.0757386597383645,0.1958612735530401,0.15,5,3,1.0,2,69,1.9,Foden
3729,11,Phil_Foden,MID,43,52.94622115760757,0.13584711070495897,0.15675689844967602,0.0,0.002552434132585695,6.352,0.0,0.1378368916813487,0.1417324710647552,0.15,5,3,1.0,2,69,1.9,Foden
3730,12,Phil_Foden,MID,43,52.91749769909624,0.13582791371675354,0.15671808642944127,0.0,0.002958215027089432,6.352,0.0,0.076157361279352,0.1133288670034329,0.15,5,3,1.0,2,69,1.9,Foden
3731,6,Piero_Hincapié,DEF,3,42.5002893206656,0.03551460463017754,0.08058787969284713,0.0,0.013160669964834547,3.38,0.0,0.0213032915553581,0.1622903307898582,0.07,6,3,4.0,2,53,0.9,Hincapie
3732,7,Piero_Hincapié,DEF,3,41.804451128400686,0.03570781068233263,0.08066876559837459,0.0,0.013166865480592415,3.38,0.0,0.0285964169370974,0.1492089246577317,0.07,6,3,4.0,2,53,0.9,Hincapie
3733,8,Piero_Hincapié,DEF,3,41.10672322484275,0.035904135488013286,0.08074992832966289,0.0,0.015178920978381,3.38,0.0,0.0485686283444027,0.1304268182787266,0.07,6,3,4.0,2,53,0.9,Hincapie
3734,9,Piero_Hincapié,DEF,3,40.419745921745545,0.03609815411150439,0.08082894077185918,0.0,0.018180721329879287,3.38,0.0,0.0212858080619217,0.1123301891473402,0.07,6,3,4.0,2,53,0.9,Hincapie
3735,10,Piero_Hincapié,DEF,3,40.23366644793134,0.036104394143328424,0.08080671312772542,0.0,0.007968751669226145,3.38,0.0,0.0432402221981642,0.1043281347865106,0.07,6,3,4.0,2,53,0.9,Hincapie
3736,11,Piero_Hincapié,DEF,3,40.04450852467848,0.03611045157147088,0.08078411768030878,0.0,0.013105799663459696,3.38,0.0,0.0411458912848495,0.1064743529883166,0.07,6,3,4.0,2,53,0.9,Hincapie
3737,12,Piero_Hincapié,DEF,3,39.874397913437285,0.03611753241782153,0.08077173784580285,0.0,0.015065003772968079,3.38,0.0,0.0447374524142549,0.0826325427082204,0.07,6,3,4.0,2,53,0.9,Hincapie
3738,6,Promise_David,FWD,36,0.0,0.1989179971598438,0.1376782881119415,0.0,4.616979824083595e-05,3.804086514183407,0.0,0.3107258993287308,0.1106489791789369,0.1,4,3,0.0,2,59,0.2,David
3739,7,Promise_David,FWD,36,0.0,0.199422499367233,0.1380301283309881,0.0,4.691831539817476e-05,3.804086514183407,0.0,0.508906701575971,0.1270447035747427,0.1,4,3,0.0,2,59,0.2,David
3740,8,Promise_David,FWD,36,0.0,0.199345529149462,0.1380145829305834,0.0,8.61002844383018e-05,3.804086514183407,0.0,0.3273316394954414,0.1139094893887378,0.1,4,3,0.0,2,59,0.2,David
3741,9,Promise_David,FWD,36,0.0,0.1993190121073954,0.137977666035989,0.0,7.365885126144041e-05,3.804086514183407,0.0,0.2852550995514115,0.114829839288796,0.1,4,3,0.0,2,59,0.2,David
3742,10,Promise_David,FWD,36,0.0,0.1992902176506182,0.1379395831735342,0.0,9.754309471364384e-05,3.804086514183407,0.0,0.3657327697364796,0.1238459952069972,0.1,4,3,0.0,2,59,0.2,David
3743,11,Promise_David,FWD,36,0.0,0.1992641111880964,0.1379027230027525,0.0,3.625211442629043e-05,3.804086514183407,0.0,0.2767363309065365,0.1027633521295426,0.1,4,3,0.0,2,59,0.2,David
3744,12,Promise_David,FWD,36,0.0,0.1992369958946649,0.137865567917241,0.0,6.257555071066921e-05,3.804086514183407,0.0,0.2701720012960522,0.1526573698912118,0.1,4,3,0.0,2,59,0.2,David
3745,6,Quinten_Timber,MID,31,37.03471972650853,0.0664855894428447,0.1089242356013557,0.0,0.0018462012403295594,4.360106924576399,0.0,0.0745833114716031,0.0768185326234935,0.1,5,3,1.0,2,50,0.0,Timber
3746,7,Quinten_Timber,MID,31,34.322687422641394,0.0677989066926974,0.1121143896064382,0.0,0.0009923726504093879,4.360106924576399,0.0,0.0339066031345481,0.0862882361652565,0.1,5,3,1.0,2,50,0.0,Timber
3747,8,Quinten_Timber,MID,31,34.30419702187353,0.0678098456256731,0.1121329775080167,0.0,0.0016663614438541462,4.360106924576399,0.0,0.0576949851966989,0.1085060286467325,0.1,5,3,1.0,2,50,0.0,Timber
3748,9,Quinten_Timber,MID,31,34.285721808897364,0.067820118234864,0.1121507959436135,0.0,0.0021126736982251836,4.360106924576399,0.0,0.0607007698575154,0.1196306784306686,0.1,5,3,1.0,2,50,0.0,Timber
3749,10,Quinten_Timber,MID,31,34.2672450621747,0.0678307897867208,0.112168968091558,0.0,0.0022841968414141307,4.360106924576399,0.0,0.0369063418813318,0.0691813954789699,0.1,5,3,1.0,2,50,0.0,Timber
3750,11,Quinten_Timber,MID,31,34.24919147730446,0.0678408267953154,0.1121865997234932,0.0,0.0009864966098341958,4.360106924576399,0.0,0.0568772559482958,0.0901681033145862,0.1,5,3,1.0,2,50,0.0,Timber
3751,12,Quinten_Timber,MID,31,34.230309753670824,0.0678514241208207,0.112204896294423,0.0,0.0009595754208549716,4.360106924576399,0.0,0.0568772559482958,0.0901681033145862,0.1,5,3,1.0,2,50,0.0,Timber
3752,6,Raphael_Borges Rodrigues,MID,9,0.0,0.0692715349362416,0.0945379298679893,0.0,5.608292597514651e-05,2.6258925714724732,0.0,0.0576949851966989,0.1085060286467325,0.1,5,3,1.0,2,45,0.1,Borges Rodrigues
3753,7,Raphael_Borges Rodrigues,MID,9,0.0,0.0557581034956997,0.0881383429593778,0.0,7.124563273314249e-05,2.6258925714724732,0.0,0.0607007698575154,0.1196306784306686,0.1,5,3,1.0,2,45,0.1,Borges Rodrigues
3754,8,Raphael_Borges Rodrigues,MID,9,0.0,0.0557593919398613,0.088044663403361,0.0,3.1522676263690765e-05,2.6258925714724732,0.0,0.043644761687276,0.0738034067651066,0.1,5,3,1.0,2,45,0.1,Borges Rodrigues
3755,9,Raphael_Borges Rodrigues,MID,9,0.0,0.0576979534122767,0.0912533126932998,0.0,4.1379320336648034e-05,2.6258925714724732,0.0,0.0654788007538232,0.0801186101343322,0.1,5,3,1.0,2,45,0.1,Borges Rodrigues
3756,10,Raphael_Borges Rodrigues,MID,9,0.0,0.0577345747945029,0.0913489252432571,0.0,6.007606130331017e-05,2.6258925714724732,0.0,0.0684445445946984,0.0929980432435829,0.1,5,3,1.0,2,45,0.1,Borges Rodrigues
3757,11,Raphael_Borges Rodrigues,MID,9,0.0,0.057770792672271,0.0914439180969899,0.0,4.205017572506517e-05,2.6258925714724732,0.0,0.034021699908773,0.1250502673893471,0.1,5,3,1.0,2,45,0.1,Borges Rodrigues
3758,12,Raphael_Borges Rodrigues,MID,9,0.0,0.0578078057608248,0.0915400138954719,0.0,4.5941694434561415e-05,2.6258925714724732,0.0,0.1032922855340508,0.10390984845412,0.1,5,3,1.0,2,45,0.1,Borges Rodrigues
3759,6,Rayan_Aït-Nouri,DEF,43,15.26860209843398,0.06020056894589751,0.11821030568279968,0.0,0.0007183217929176915,5.392,0.0,0.0212858080619217,0.1123301891473402,0.1,6,3,4.0,2,53,0.4,Aït-Nouri
3760,7,Rayan_Aït-Nouri,DEF,43,8.79804263350562,0.058634841002288676,0.11662018710844228,0.0,0.0002029380888860508,5.392,0.0,0.0432402221981642,0.1043281347865106,0.1,6,3,4.0,2,53,0.4,Aït-Nouri
3761,8,Rayan_Aït-Nouri,DEF,43,8.712888972140577,0.05862659887151301,0.11659296089470866,0.0,0.00025838779181425967,5.392,0.0,0.0454524963808904,0.0781006254281835,0.1,6,3,4.0,2,53,0.4,Aït-Nouri
3762,9,Rayan_Aït-Nouri,DEF,43,8.62654700015196,0.058618010624911364,0.11656578456405631,0.0,0.0001924314553767799,5.392,0.0,0.0412327183450526,0.0602148218469212,0.1,6,3,4.0,2,53,0.4,Aït-Nouri
3763,10,Rayan_Aït-Nouri,DEF,43,8.5413827108722,0.05860955279172299,0.11653805433417863,0.0,0.0002736941047332396,5.392,0.0,0.0285964169370974,0.1492089246577317,0.1,6,3,4.0,2,53,0.4,Aït-Nouri
3764,11,Rayan_Aït-Nouri,DEF,43,8.457381749118577,0.05860131314368282,0.11651081713672577,0.0,0.00018014138430930482,5.392,0.0,0.0841595919386824,0.0794094087227066,0.1,6,3,4.0,2,53,0.4,Aït-Nouri
3765,12,Rayan_Aït-Nouri,DEF,43,8.371081810286242,0.05859258243892138,0.11648338473084775,0.0,0.00020631173960323574,5.392,0.0,0.0256302332947076,0.1059606075008729,0.1,6,3,4.0,2,53,0.4,Aït-Nouri
3766,6,Rayan_Cherki,MID,43,59.00800241288765,0.11859848487004601,0.2490198287082999,0.0,0.006203011184976971,10.326,0.0,0.1222370154519599,0.1239528530149927,0.05,5,3,1.0,2,78,28.0,Cherki
3767,7,Rayan_Cherki,MID,43,55.16956006343209,0.11552211258873314,0.24554827061207532,0.0,0.001989757224768077,10.326,0.0,0.1268997194477113,0.1551143810956354,0.05,5,3,1.0,2,78,28.0,Cherki
3768,8,Rayan_Cherki,MID,43,55.30910774125015,0.1155059182921693,0.24548883015006154,0.0,0.002617619945500819,10.326,0.0,0.1528638217362915,0.0934867601094268,0.05,5,3,1.0,2,78,28.0,Cherki
3769,9,Rayan_Cherki,MID,43,55.44781432894585,0.11548904394059484,0.24542949859314284,0.0,0.0019561939642875462,10.326,0.0,0.0894262475542055,0.1651836631871084,0.05,5,3,1.0,2,78,28.0,Cherki
3770,10,Rayan_Cherki,MID,43,55.58714760208704,0.11547242582779496,0.24536895775952552,0.0,0.0028920605910562774,10.326,0.0,0.0757386597383645,0.1958612735530401,0.05,5,3,1.0,2,78,28.0,Cherki
3771,11,Rayan_Cherki,MID,43,55.72709496178019,0.11545623640935733,0.2453094933177785,0.0,0.0018971572270621655,10.326,0.0,0.1378368916813487,0.1417324710647552,0.05,5,3,1.0,2,78,28.0,Cherki
3772,12,Rayan_Cherki,MID,43,55.86551747992348,0.1154390821532594,0.2452496026956194,0.0,0.00223196090192989,10.326,0.0,0.076157361279352,0.1133288670034329,0.05,5,3,1.0,2,78,28.0,Cherki
3773,6,Rayan_Vitor Simplício Rocha,MID,91,85.56978972864883,0.1779595137855215,0.10932268135367448,0.0,0.018135974461619145,1.0,0.0,0.1260591051724412,0.1314494178124841,0.05,5,3,1.0,2,63,1.6,Rayan
3774,7,Rayan_Vitor Simplício Rocha,MID,91,85.75907051961877,0.17788891397057663,0.10929446829179447,0.0,0.025444278470807772,1.0,0.0,0.0817530645115434,0.1446965004790163,0.05,5,3,1.0,2,63,1.6,Rayan
3775,8,Rayan_Vitor Simplício Rocha,MID,91,85.95005316928888,0.17781952543971707,0.10926677268103459,0.0,0.03208155169656368,1.0,0.0,0.0876286497141699,0.1962911969242959,0.05,5,3,1.0,2,63,1.6,Rayan
3776,9,Rayan_Vitor Simplício Rocha,MID,91,87.93568398699813,0.1758837495286254,0.10860233724197926,0.0,0.03402242549692626,1.0,0.0,0.1126991599369654,0.1833905663030322,0.05,5,3,1.0,2,63,1.6,Rayan
3777,10,Rayan_Vitor Simplício Rocha,MID,91,88.1319984387613,0.17580572131325786,0.10857101272232027,0.0,0.02636218634168371,1.0,0.0,0.1268997194477113,0.1551143810956354,0.05,5,3,1.0,2,63,1.6,Rayan
3778,11,Rayan_Vitor Simplício Rocha,MID,91,88.32977272616928,0.17572856075918308,0.10854033623052052,0.0,0.03724482335431496,1.0,0.0,0.0757386597383645,0.1958612735530401,0.05,5,3,1.0,2,63,1.6,Rayan
3779,12,Rayan_Vitor Simplício Rocha,MID,91,88.52599838314542,0.17565222291954605,0.10850972916783437,0.0,0.02479893485138309,1.0,0.0,0.1378368916813487,0.1417324710647552,0.05,5,3,1.0,2,63,1.6,Rayan
3780,6,Reece_James,DEF,8,55.892962271117845,0.059424137994658975,0.12404842954218122,0.0,0.01123513384456036,4.236,0.0,0.0341640741201375,0.0464008608397502,0.12,6,3,4.0,2,54,6.2,James
3781,7,Reece_James,DEF,8,62.70002014348874,0.05901253704342025,0.12415507211991347,0.0,0.01947805084278755,4.236,0.0,0.0280302979206385,0.0782539555270968,0.12,6,3,4.0,2,54,6.2,James
3782,8,Reece_James,DEF,8,69.56415735879384,0.05840469617136679,0.1242855505092047,0.0,0.03860207508961517,4.236,0.0,0.0813127279922636,0.1108935603943818,0.12,6,3,4.0,2,54,6.2,James
3783,9,Reece_James,DEF,8,78.64899899999999,0.05831169321949221,0.12435636711871703,0.0,0.05693989621267125,4.236,0.0,0.0223973202299275,0.0944421809357277,0.12,6,3,4.0,2,54,6.2,James
3784,10,Reece_James,DEF,8,78.70899899999999,0.058407259642690314,0.124481761103657,0.0,0.046836881989721045,4.236,0.0,0.041498341824961,0.0545242644716637,0.12,6,3,4.0,2,54,6.2,James
3785,11,Reece_James,DEF,8,78.765999,0.05850485276212568,0.12460883354952242,0.0,0.05172332994262967,4.236,0.0,0.0539164999254806,0.1088920375930353,0.12,6,3,4.0,2,54,6.2,James
3786,12,Reece_James,DEF,8,78.825999,0.05851906077049142,0.12462697760268032,0.0,0.05476949580413374,4.236,0.0,0.0295843143845428,0.1129283287121402,0.12,6,3,4.0,2,54,6.2,James
3787,6,Regan_Slater,MID,88,53.889,0.0545083287919755,0.1572425987769514,0.0,0.006935906546577039,3.1903228804170745,0.0,0.1053742839427626,0.1147639713719944,0.1,5,3,1.0,2,45,5.4,Slater
3788,7,Regan_Slater,MID,88,53.109,0.0544065160994511,0.1572463829455996,0.0,0.003404583448129278,3.1903228804170745,0.0,0.0936735501911697,0.0888189627888669,0.1,5,3,1.0,2,45,5.4,Slater
3789,8,Regan_Slater,MID,88,52.329,0.0545926016654908,0.1576796799746889,0.0,0.008769529109319805,3.1903228804170745,0.0,0.0790689180878473,0.1448646983763215,0.1,5,3,1.0,2,45,5.4,Slater
3790,9,Regan_Slater,MID,88,51.549,0.0547122123931603,0.1577090376415882,0.0,0.003265832460315637,3.1903228804170745,0.0,0.0842332060993205,0.1188923620107288,0.1,5,3,1.0,2,45,5.4,Slater
3791,10,Regan_Slater,MID,88,50.769000000000005,0.0548387249282997,0.157846990621351,0.0,0.003211931067675265,3.1903228804170745,0.0,0.0676432579115817,0.1324297279869411,0.1,5,3,1.0,2,45,5.4,Slater
3792,11,Regan_Slater,MID,88,49.989,0.0549662820418002,0.1579855620446667,0.0,0.0027260115528997607,3.1903228804170745,0.0,0.0957882179850394,0.1113283019034307,0.1,5,3,1.0,2,45,5.4,Slater
3793,12,Regan_Slater,MID,88,49.209,0.0550952760821923,0.1581263036556426,0.0,0.0032069792444054733,3.1903228804170745,0.0,0.0822560971477504,0.1524742200371775,0.1,5,3,1.0,2,45,5.4,Slater
3794,6,Reinildo_Mandava,DEF,56,86.814,0.008689770966412177,0.05270247822024482,0.0,0.15169153117794876,3.076,0.0,0.0412327183450526,0.0602148218469212,0.31,6,3,4.0,2,44,0.3,Reinildo
3795,7,Reinildo_Mandava,DEF,56,86.80499999999999,0.008691067676898466,0.05265620819035313,0.0,0.2380601282138152,3.076,0.0,0.0510108756375665,0.0615884901660233,0.31,6,3,4.0,2,44,0.3,Reinildo
3796,8,Reinildo_Mandava,DEF,56,86.79599999999999,0.008692395265924078,0.052610079310368145,0.0,0.19647903787204637,3.076,0.0,0.0213032915553581,0.1622903307898582,0.31,6,3,4.0,2,44,0.3,Reinildo
3797,9,Reinildo_Mandava,DEF,56,86.78699999999999,0.008693620710547231,0.052563836968930654,0.0,0.1514996047626331,3.076,0.0,0.0432402221981642,0.1043281347865106,0.31,6,3,4.0,2,44,0.3,Reinildo
3798,10,Reinildo_Mandava,DEF,56,86.77799999999999,0.00869467568960813,0.05251713553925751,0.0,0.1379517752528986,3.076,0.0,0.0631097915681744,0.0640934742919765,0.31,6,3,4.0,2,44,0.3,Reinildo
3799,11,Reinildo_Mandava,DEF,56,86.76899999999999,0.008695507629968596,0.05246983486234326,0.0,0.19353599574128202,3.076,0.0,0.0454524963808904,0.0781006254281835,0.31,6,3,4.0,2,44,0.3,Reinildo
3800,12,Reinildo_Mandava,DEF,56,86.75999999999999,0.008696445218643085,0.052422816457880224,0.0,0.2749979764093218,3.076,0.0,0.0507205798974058,0.0806429687371418,0.31,6,3,4.0,2,44,0.3,Reinildo
3801,6,Reiss_Nelson,MID,3,0.0,0.1447813084555709,0.16985805728445005,0.0,0.00014836173616622258,7.656000000000001,0.0,0.0928778036155075,0.1172272670252035,0.05,5,3,1.0,2,55,0.0,Nelson
3802,7,Reiss_Nelson,MID,3,0.0,0.14553138319328565,0.17003989424178362,0.0,0.0001572630195017473,7.656000000000001,0.0,0.1202318081610187,0.1776752802788837,0.05,5,3,1.0,2,55,0.0,Nelson
3803,8,Reiss_Nelson,MID,3,0.0,0.1462935657206196,0.1702223535220515,0.0,0.00019400157606006896,7.656000000000001,0.0,0.1053742839427626,0.1147639713719944,0.05,5,3,1.0,2,55,0.0,Nelson
3804,9,Reiss_Nelson,MID,3,0.0,0.14704679506568188,0.17039997880777674,0.0,0.00024918523239709166,7.656000000000001,0.0,0.070552064626671,0.1127830621923689,0.05,5,3,1.0,2,55,0.0,Nelson
3805,10,Reiss_Nelson,MID,3,0.0,0.1470710204467275,0.1703500095683694,0.0,0.00010492628427733486,7.656000000000001,0.0,0.0842332060993205,0.1188923620107288,0.05,5,3,1.0,2,55,0.0,Nelson
3806,11,Reiss_Nelson,MID,3,0.0,0.14709453691411808,0.17029921348243782,0.0,0.00018110796856187457,7.656000000000001,0.0,0.0772167805063861,0.0863082180546789,0.05,5,3,1.0,2,55,0.0,Nelson
3807,12,Reiss_Nelson,MID,3,0.0,0.14712202654971696,0.17027138278159856,0.0,0.0002131820270541369,7.656000000000001,0.0,0.0428645627319718,0.1349551016015938,0.05,5,3,1.0,2,55,0.0,Nelson
3808,6,Remi_Matthews,GKP,31,0.0,7.829348514383663e-13,7.407229945015277e-07,0.0,1.4941387600911051e-05,6.449406282722512,0.6376155091725714,0.0,0.0,0.1,0,0,4.0,1,40,1.7,Matthews
3809,7,Remi_Matthews,GKP,31,0.0,7.987241449256907e-13,7.625092424323959e-07,0.0,1.0434231535926396e-05,6.449406282722512,0.7405377832162952,0.0,0.0,0.1,0,0,4.0,1,40,1.7,Matthews
3810,8,Remi_Matthews,GKP,31,0.0,7.98855657721408e-13,7.626361832106965e-07,0.0,1.7076604555763873e-05,6.449406282722512,0.6599854816485674,0.0,0.0,0.1,0,0,4.0,1,40,1.7,Matthews
3811,9,Remi_Matthews,GKP,31,0.0,7.989791596714614e-13,7.627578691402886e-07,0.0,2.1413626721109433e-05,6.449406282722512,0.6594244083236475,0.0,0.0,0.1,0,0,4.0,1,40,1.7,Matthews
3812,10,Remi_Matthews,GKP,31,0.0,7.991074578905337e-13,7.628819706475905e-07,0.0,2.3092591341704138e-05,6.449406282722512,0.7505906007213765,0.0,0.0,0.1,0,0,4.0,1,40,1.7,Matthews
3813,11,Remi_Matthews,GKP,31,0.0,7.992281273437458e-13,7.630023808547948e-07,0.0,1.0440356856830713e-05,6.449406282722512,0.6248757863702115,0.0,0.0,0.1,0,0,4.0,1,40,1.7,Matthews
3814,12,Remi_Matthews,GKP,31,0.0,7.993555331800755e-13,7.631273320734276e-07,0.0,1.018638469018823e-05,6.449406282722512,0.5972142569312843,0.0,0.0,0.1,0,0,4.0,1,40,1.7,Matthews
3815,6,Riccardo_Calafiori,DEF,3,82.82235419999999,0.0805472887663096,0.08244942082217115,0.0,0.049708466326714607,1.1219999999999999,0.0,0.0213032915553581,0.1622903307898582,0.18,6,3,4.0,2,58,50.6,Calafiori
3816,7,Riccardo_Calafiori,DEF,3,82.8793542,0.08093737862615502,0.0825300115197217,0.0,0.05262960429371961,1.1219999999999999,0.0,0.0285964169370974,0.1492089246577317,0.18,6,3,4.0,2,58,50.6,Calafiori
3817,8,Riccardo_Calafiori,DEF,3,82.9393542,0.08133376535978924,0.08261087803270666,0.0,0.0638907993986262,1.1219999999999999,0.0,0.0485686283444027,0.1304268182787266,0.18,6,3,4.0,2,58,50.6,Calafiori
3818,9,Riccardo_Calafiori,DEF,3,82.9963542,0.08172549582993131,0.08268960210447476,0.0,0.08023980972931277,1.1219999999999999,0.0,0.0212858080619217,0.1123301891473402,0.18,6,3,4.0,2,58,50.6,Calafiori
3819,10,Riccardo_Calafiori,DEF,3,83.0533542,0.0817380946751152,0.08266745558421318,0.0,0.03687046577819418,1.1219999999999999,0.0,0.0432402221981642,0.1043281347865106,0.18,6,3,4.0,2,58,50.6,Calafiori
3820,11,Riccardo_Calafiori,DEF,3,83.1133542,0.08175032483700057,0.08264494260303423,0.0,0.060836316634047635,1.1219999999999999,0.0,0.0411458912848495,0.1064743529883166,0.18,6,3,4.0,2,58,50.6,Calafiori
3821,12,Riccardo_Calafiori,DEF,3,83.17035419999999,0.08176462131648299,0.0826326079510095,0.0,0.07071766945668641,1.1219999999999999,0.0,0.0447374524142549,0.0826325427082204,0.18,6,3,4.0,2,58,50.6,Calafiori
3822,6,Richarlison_de Andrade,FWD,6,41.88031676108889,0.3217179153016555,0.09909125612354508,0.014000000000000002,0.000933244745301031,1.3880000000000001,0.0,0.1582373678053648,0.1067667619926839,0.15,4,3,0.0,2,59,0.7,Richarlison
3823,7,Richarlison_de Andrade,FWD,6,41.596171787253766,0.32238583891525596,0.09860111292583146,0.014000000000000002,0.0005883380551911229,1.3880000000000001,0.0,0.2767363309065365,0.1027633521295426,0.15,4,3,0.0,2,59,0.7,Richarlison
3824,8,Richarlison_de Andrade,FWD,6,41.047621122610565,0.32343232090387947,0.09786956927305647,0.014000000000000002,0.0005007112365966749,1.3880000000000001,0.0,0.2699527724353497,0.1092810666119734,0.15,4,3,0.0,2,59,0.7,Richarlison
3825,9,Richarlison_de Andrade,FWD,6,41.034906237103,0.3237329346617881,0.09764719207335884,0.014000000000000002,0.0007055559412954976,1.3880000000000001,0.0,0.508906701575971,0.1270447035747427,0.15,4,3,0.0,2,59,0.7,Richarlison
3826,10,Richarlison_de Andrade,FWD,6,41.26950314573942,0.32368158614699977,0.0976594014452771,0.014000000000000002,0.0007871220327175124,1.3880000000000001,0.0,0.3479730393459483,0.0845739406189787,0.15,4,3,0.0,2,59,0.7,Richarlison
3827,11,Richarlison_de Andrade,FWD,6,41.50647555412463,0.3236270901052496,0.09767147127817673,0.014000000000000002,0.0006082216411296019,1.3880000000000001,0.0,0.2767363309065365,0.1027633521295426,0.15,4,3,0.0,2,59,0.7,Richarlison
3828,12,Richarlison_de Andrade,FWD,6,41.739771747498594,0.32357304174710816,0.09768272520774471,0.014000000000000002,0.0007393920813774385,1.3880000000000001,0.0,0.3107258993287308,0.1106489791789369,0.15,4,3,0.0,2,59,0.7,Richarlison
3829,6,Rico_Henry,DEF,94,46.31741307978321,0.03101923786186088,0.07975800870209888,0.0,0.0027852618483958295,1.0,0.0,0.0454524963808904,0.0781006254281835,0.12,6,3,4.0,2,44,0.2,Henry
3830,7,Rico_Henry,DEF,94,47.23046322303182,0.030979788251008052,0.0799834420984487,0.0,0.0049577845546968395,1.0,0.0,0.0212858080619217,0.1123301891473402,0.12,6,3,4.0,2,44,0.2,Henry
3831,8,Rico_Henry,DEF,94,47.61314792962222,0.030967769278358717,0.08005335365986982,0.0,0.0022586795858115785,1.0,0.0,0.0432402221981642,0.1043281347865106,0.12,6,3,4.0,2,44,0.2,Henry
3832,9,Rico_Henry,DEF,94,47.99741011817548,0.030955840507002175,0.08012322085315163,0.0,0.003411510379575257,1.0,0.0,0.0285964169370974,0.1492089246577317,0.12,6,3,4.0,2,44,0.2,Henry
3833,10,Rico_Henry,DEF,94,48.13572172035078,0.03095644890841829,0.08011972995043017,0.0,0.0024104938487568782,1.0,0.0,0.0412327183450526,0.0602148218469212,0.12,6,3,4.0,2,44,0.2,Henry
3834,11,Rico_Henry,DEF,94,47.70021852134658,0.030952961198719084,0.07998265349514529,0.0,0.0040628168032044,1.0,0.0,0.0485686283444027,0.1304268182787266,0.12,6,3,4.0,2,44,0.2,Henry
3835,12,Rico_Henry,DEF,94,47.804171144703474,0.030953812014877014,0.07997041929090809,0.0,0.0035477373617448563,1.0,0.0,0.0428987940978528,0.0818561894866903,0.12,6,3,4.0,2,44,0.2,Henry
3836,6,Rico_Lewis,DEF,43,15.53539274810533,0.031977651337674606,0.06587321277831693,0.0,0.0002912630964802373,2.152,0.0,0.0253111663142996,0.0466702106609451,0.15,6,3,4.0,2,44,0.2,Lewis
3837,7,Rico_Lewis,DEF,43,7.972918721419553,0.031242995380389185,0.06502021913646441,0.0,7.548536024955065e-05,2.152,0.0,0.0462278002486011,0.089997557499349,0.15,6,3,4.0,2,44,0.2,Lewis
3838,8,Rico_Lewis,DEF,43,7.839460231085173,0.031239128086265878,0.06500561407016249,0.0,9.574836027729841e-05,2.152,0.0,0.0348944706518137,0.102631454475445,0.15,6,3,4.0,2,44,0.2,Lewis
3839,9,Rico_Lewis,DEF,43,7.704619216545421,0.031235098390970245,0.06499103576284046,0.0,7.103317028462857e-05,2.152,0.0,0.1174447659202134,0.0817117691611616,0.15,6,3,4.0,2,44,0.2,Lewis
3840,10,Rico_Lewis,DEF,43,7.5711483613048784,0.031231129887014666,0.06497616032515034,0.0,0.00010065065681847703,2.152,0.0,0.0295843143845428,0.1129283287121402,0.15,6,3,4.0,2,44,0.2,Lewis
3841,11,Rico_Lewis,DEF,43,7.439030964016958,0.031227263757816877,0.06496154936680816,0.0,6.599289299879405e-05,2.152,0.0,0.031159434697039,0.0740471263388762,0.15,6,3,4.0,2,44,0.2,Lewis
3842,12,Rico_Lewis,DEF,43,7.304238852394366,0.03122316721966001,0.06494683369203268,0.0,7.529305237502558e-05,2.152,0.0,0.1077701515240741,0.0871056101039265,0.15,6,3,4.0,2,44,0.2,Lewis
3843,6,Rio_Cardines,DEF,31,0.0,0.0887486589471066,0.1270974903264319,0.0,0.0006069984532940957,4.372851612903226,0.0,0.0285964169370974,0.1492089246577317,0.1,6,3,4.0,2,45,0.0,Cardines
3844,7,Rio_Cardines,DEF,31,0.0,0.0905475702363611,0.1308537646609188,0.0,0.0004239568673399772,4.372851612903226,0.0,0.0412327183450526,0.0602148218469212,0.1,6,3,4.0,2,45,0.0,Cardines
3845,8,Rio_Cardines,DEF,31,0.0,0.090562553798044,0.1308756511458722,0.0,0.0006936952795856743,4.372851612903226,0.0,0.0411458912848495,0.1064743529883166,0.1,6,3,4.0,2,45,0.0,Cardines
3846,9,Rio_Cardines,DEF,31,0.0,0.0905766246652664,0.1308966316164721,0.0,0.0008697598177224365,4.372851612903226,0.0,0.0507205798974058,0.0806429687371418,0.1,6,3,4.0,2,45,0.0,Cardines
3847,10,Rio_Cardines,DEF,31,0.0,0.0905912419826825,0.1309180285687251,0.0,0.0009379070315466587,4.372851612903226,0.0,0.0212858080619217,0.1123301891473402,0.1,6,3,4.0,2,45,0.0,Cardines
3848,11,Rio_Cardines,DEF,31,0.0,0.0906049901368875,0.1309387890857433,0.0,0.00042420565898388106,4.372851612903226,0.0,0.0432402221981642,0.1043281347865106,0.1,6,3,4.0,2,45,0.0,Cardines
3849,12,Rio_Cardines,DEF,31,0.0,0.090619505783042,0.130960332540913,0.0,0.000413890013003721,4.372851612903226,0.0,0.0432402221981642,0.1043281347865106,0.1,6,3,4.0,2,45,0.0,Cardines
3850,6,Rio_Ngumoha,MID,14,51.3679726985424,0.16238507314634354,0.17077603449754938,0.0,0.002727900330325047,12.967667951307952,0.0,0.1674484816301701,0.1685309160814939,0.0305198005698005,5,3,1.0,2,57,0.5,Ngumoha
3851,7,Rio_Ngumoha,MID,14,51.396918646884814,0.16268805913594256,0.1706902840878156,0.0,0.0036193663066483874,12.967667951307952,0.0,0.1841742556698727,0.1303583338431828,0.0305198005698005,5,3,1.0,2,57,0.5,Ngumoha
3852,8,Rio_Ngumoha,MID,14,51.96886162802884,0.162803167959256,0.17084469737268956,0.0,0.0014544724664923578,12.967667951307952,0.0,0.1614820231045773,0.1551187159815836,0.0305198005698005,5,3,1.0,2,57,0.5,Ngumoha
3853,9,Rio_Ngumoha,MID,14,51.95062604738428,0.16260050439485765,0.17047698950160378,0.0,0.0015963432229290542,12.967667951307952,0.0,0.1288957249246875,0.0569416754282649,0.0305198005698005,5,3,1.0,2,57,0.5,Ngumoha
3854,10,Rio_Ngumoha,MID,14,52.51327490386527,0.16270984648732695,0.17062177356964175,0.0,0.001925886653158833,12.967667951307952,0.0,0.1069834175421901,0.1070778805233272,0.0305198005698005,5,3,1.0,2,57,0.5,Ngumoha
3855,11,Rio_Ngumoha,MID,14,53.070808933066,0.16281854868458598,0.17076581844351657,0.0,0.0024820181580380916,12.967667951307952,0.0,0.1396329057693053,0.09073077750478,0.0305198005698005,5,3,1.0,2,57,0.5,Ngumoha
3856,12,Rio_Ngumoha,MID,14,53.93140637060978,0.16334654109746855,0.17114685500461435,0.0,0.0031198693604189403,12.967667951307952,0.0,0.147935998121608,0.1428338544994659,0.0305198005698005,5,3,1.0,2,57,0.5,Ngumoha
3857,6,Robert_Sánchez,GKP,8,0.0,0.0,0.004918777334206341,0.0,,4.062,0.8058924257106037,0.0,0.0,0.1,0,0,4.0,1,49,0.7,Sánchez
3858,7,Robert_Sánchez,GKP,8,0.0,0.0,0.004923172439586391,0.0,,4.062,0.7134632616948562,0.0,0.0,0.1,0,0,4.0,1,49,0.7,Sánchez
3859,8,Robert_Sánchez,GKP,8,0.0,0.0,0.00492854990028698,0.0,,4.062,0.6851084866217042,0.0,0.0,0.1,0,0,4.0,1,49,0.7,Sánchez
3860,9,Robert_Sánchez,GKP,8,0.0,0.0,0.0049314684949803905,0.0,,4.062,0.9178304586519581,0.0,0.0,0.1,0,0,4.0,1,49,0.7,Sánchez
3861,10,Robert_Sánchez,GKP,8,0.0,0.0,0.00493663640998737,0.0,,4.062,0.6088014093343931,0.0,0.0,0.1,0,0,4.0,1,49,0.7,Sánchez
3862,11,Robert_Sánchez,GKP,8,0.0,0.0,0.004941873500109811,0.0,,4.062,0.6118323898873057,0.0,0.0,0.1,0,0,4.0,1,49,0.7,Sánchez
3863,12,Robert_Sánchez,GKP,8,0.0,0.0,0.004942621278598961,0.0,,4.062,0.6630670589339568,0.0,0.0,0.1,0,0,4.0,1,49,0.7,Sánchez
3864,6,Robin_Roefs,GKP,56,90.0,0.0,0.00096193078522734,0.0,,3.72,0.6300513678565135,0.0,0.0,0.1,0,0,4.0,1,49,2.5,Roefs
3865,7,Robin_Roefs,GKP,56,90.0,0.0,0.000961754698542572,0.0,,3.72,0.6673468713693386,0.0,0.0,0.1,0,0,4.0,1,49,2.5,Roefs
3866,8,Robin_Roefs,GKP,56,90.0,0.0,0.0009615791490223441,0.0,,3.72,0.48478435272631526,0.0,0.0,0.1,0,0,4.0,1,49,2.5,Roefs
3867,9,Robin_Roefs,GKP,56,90.0,0.0,0.0009614031677095921,0.0,,3.72,0.5202200519303605,0.0,0.0,0.1,0,0,4.0,1,49,2.5,Roefs
3868,10,Robin_Roefs,GKP,56,90.0,0.0,0.0009612254392761761,0.0,,3.72,0.5693418765083461,0.0,0.0,0.1,0,0,4.0,1,49,2.5,Roefs
3869,11,Robin_Roefs,GKP,56,90.0,0.0,0.000961045430328636,0.0,,3.72,0.540554558834177,0.0,0.0,0.1,0,0,4.0,1,49,2.5,Roefs
3870,12,Robin_Roefs,GKP,56,90.0,0.0,0.0009608664956059401,0.0,,3.72,0.5527794503338909,0.0,0.0,0.1,0,0,4.0,1,49,2.5,Roefs
3871,6,Robinio_Vaz,FWD,88,0.0,0.2971148976256439,0.1759201552895539,0.0,3.841853138702487e-05,1.1635276112018986,0.0,0.2321652746293105,0.0710294967935649,0.1,4,3,0.0,2,50,0.1,Vaz
3872,7,Robinio_Vaz,FWD,88,0.0,0.2965577650085399,0.1759246148967294,0.0,2.0158521414384263e-05,1.1635276112018986,0.0,0.251881030599128,0.0913042928657778,0.1,4,3,0.0,2,50,0.1,Vaz
3873,8,Robinio_Vaz,FWD,88,0.0,0.2975760500164542,0.1764352513719258,0.0,5.590702073665537e-05,1.1635276112018986,0.0,0.3657327697364796,0.1238459952069972,0.1,4,3,0.0,2,50,0.1,Vaz
3874,9,Robinio_Vaz,FWD,88,0.0,0.2982305758529486,0.1764698491063644,0.0,2.222334823495796e-05,1.1635276112018986,0.0,0.2767363309065365,0.1027633521295426,0.1,4,3,0.0,2,50,0.1,Vaz
3875,10,Robinio_Vaz,FWD,88,0.0,0.2989228692993854,0.1766324253960679,0.0,2.3431468871186864e-05,1.1635276112018986,0.0,0.2686708389316911,0.1234648585781471,0.1,4,3,0.0,2,50,0.1,Vaz
3876,11,Robinio_Vaz,FWD,88,0.0,0.2996208788177738,0.1767957305156844,0.0,2.131174695380328e-05,1.1635276112018986,0.0,0.2378841599042031,0.0988234500197675,0.1,4,3,0.0,2,50,0.1,Vaz
3877,12,Robinio_Vaz,FWD,88,0.0,0.3003267513915421,0.1769615931810557,0.0,2.6890868007986263e-05,1.1635276112018986,0.0,0.508906701575971,0.1270447035747427,0.1,4,3,0.0,2,50,0.1,Vaz
3878,6,Rodrigo_Bentancur,MID,6,63.885715132121824,0.05416331820236523,0.04279093458708108,0.0,0.17249302401354816,6.638,0.0,0.0851448500107218,0.0764877641077813,0.25,5,3,1.0,2,55,0.2,Bentancur
3879,7,Rodrigo_Bentancur,MID,6,63.636608274150674,0.054276495150208534,0.04258603352803545,0.0,0.11525872391040452,6.638,0.0,0.0568772559482958,0.0901681033145862,0.25,5,3,1.0,2,55,0.2,Bentancur
3880,8,Rodrigo_Bentancur,MID,6,63.21352302489007,0.05445381727961637,0.04228021663637814,0.0,0.10069999131535029,6.638,0.0,0.0364051426726112,0.1103782551048467,0.25,5,3,1.0,2,55,0.2,Bentancur
3881,9,Rodrigo_Bentancur,MID,6,63.14634066767191,0.05450475506188217,0.04218725334740829,0.0,0.1364905617478641,6.638,0.0,0.034021699908773,0.1250502673893471,0.25,5,3,1.0,2,55,0.2,Bentancur
3882,10,Rodrigo_Bentancur,MID,6,63.25190586034421,0.054496054264273494,0.04219235739301788,0.0,0.14875473074003173,6.638,0.0,0.1032922855340508,0.10390984845412,0.25,5,3,1.0,2,55,0.2,Bentancur
3883,11,Rodrigo_Bentancur,MID,6,63.35369055222032,0.05448682013098459,0.042197403105281445,0.0,0.11700205710331124,6.638,0.0,0.0568772559482958,0.0901681033145862,0.25,5,3,1.0,2,55,0.2,Bentancur
3884,12,Rodrigo_Bentancur,MID,6,63.45859445588407,0.05447766185586766,0.04220210773465845,0.0,0.1378188788338731,6.638,0.0,0.0654788007538232,0.0801186101343322,0.25,5,3,1.0,2,55,0.2,Bentancur
3885,6,Rodrigo_Hernandez,MID,43,0.0,0.12509821274321417,0.13023420448021808,0.0,0.0005316416958469134,9.034,0.0,0.3273316394954414,0.1139094893887378,0.12,5,3,1.0,2,65,0.0,Rodrigo
3886,7,Rodrigo_Hernandez,MID,43,0.0,0.12179768378379219,0.12838433526319182,0.0,0.00023946866499299885,9.034,0.0,0.2767363309065365,0.1027633521295426,0.12,5,3,1.0,2,65,0.0,Rodrigo
3887,8,Rodrigo_Hernandez,MID,43,0.0,0.12178030950659202,0.12835266156571157,0.0,0.0003112783852386355,9.034,0.0,0.2104660919951334,0.0966017152127772,0.12,5,3,1.0,2,65,0.0,Rodrigo
3888,9,Rodrigo_Hernandez,MID,43,0.0,0.12176220562287761,0.12832104589986354,0.0,0.00022964744076946363,9.034,0.0,0.2378841599042031,0.0988234500197675,0.12,5,3,1.0,2,65,0.0,Rodrigo
3889,10,Rodrigo_Hernandez,MID,43,0.0,0.12174437664851057,0.1282887858536889,0.0,0.00033555146401029217,9.034,0.0,0.3397560761522099,0.0551267835339054,0.12,5,3,1.0,2,65,0.0,Rodrigo
3890,11,Rodrigo_Hernandez,MID,43,0.0,0.1217270076048762,0.128257099378266,0.0,0.00021722285329166933,9.034,0.0,0.251881030599128,0.0913042928657778,0.12,5,3,1.0,2,65,0.0,Rodrigo
3891,12,Rodrigo_Hernandez,MID,43,0.0,0.12170860342168541,0.1282251858065354,0.0,0.0002524842544653644,9.034,0.0,0.2686708389316911,0.1234648585781471,0.12,5,3,1.0,2,65,0.0,Rodrigo
3892,6,Rodrigo_Muniz Carvalho,FWD,54,36.22085612106615,0.23880423327148254,0.07862216808564591,0.0,0.0002611828821723496,1.0,0.0,0.2767363309065365,0.1027633521295426,0.08,4,3,0.0,2,54,0.4,Muniz
3893,7,Rodrigo_Muniz Carvalho,FWD,54,36.53587722147563,0.23931443719935616,0.07863780281298767,0.0,0.0002511612759692528,1.0,0.0,0.2767363309065365,0.1027633521295426,0.08,4,3,0.0,2,54,0.4,Muniz
3894,8,Rodrigo_Muniz Carvalho,FWD,54,36.61358937723837,0.23968044643668085,0.07860754095072517,0.0,0.0002595723447978297,1.0,0.0,0.2767363309065365,0.1027633521295426,0.08,4,3,0.0,2,54,0.4,Muniz
3895,9,Rodrigo_Muniz Carvalho,FWD,54,36.69278609193417,0.2400471585778272,0.07857749026521064,0.0,0.00035411473701261575,1.0,0.0,0.2104660919951334,0.0966017152127772,0.08,4,3,0.0,2,54,0.4,Muniz
3896,10,Rodrigo_Muniz Carvalho,FWD,54,36.769716665422806,0.2404174617830287,0.07854791665151058,0.0,0.00044262409924615814,1.0,0.0,0.2701720012960522,0.1526573698912118,0.08,4,3,0.0,2,54,0.4,Muniz
3897,11,Rodrigo_Muniz Carvalho,FWD,54,36.84732464413561,0.24078793747717905,0.07851816035872568,0.0,0.0005246157499422887,1.0,0.0,0.2852550995514115,0.114829839288796,0.08,4,3,0.0,2,54,0.4,Muniz
3898,12,Rodrigo_Muniz Carvalho,FWD,54,36.928396467902814,0.24115695965837364,0.07848758496899672,0.0,0.00046978163447256255,1.0,0.0,0.2588988784046943,0.0835343475833465,0.08,4,3,0.0,2,54,0.4,Muniz
3899,6,Romain_Esse,MID,31,0.0,0.1478786901826693,0.17499430909796132,0.0,7.644886692930128e-05,5.780928071976595,0.0,0.1492881486069769,0.1714654190081598,0.1169140255009107,5,3,1.0,2,50,0.0,Esse
3900,7,Romain_Esse,MID,31,0.0,0.1508885716406423,0.1801350310071808,0.0,5.2317087875214505e-05,5.780928071976595,0.0,0.1568333574163208,0.1479354673274162,0.1169140255009107,5,3,1.0,2,50,0.0,Esse
3901,8,Romain_Esse,MID,31,0.0,0.1509136416620231,0.18016498417957896,0.0,8.804127468301407e-05,5.780928071976595,0.0,0.1113458150315947,0.1892932248153172,0.1169140255009107,5,3,1.0,2,50,0.0,Esse
3902,9,Romain_Esse,MID,31,0.0,0.1509371845919071,0.180193697408506,0.0,0.00011184355085757675,5.780928071976595,0.0,0.1618205164382563,0.1266052744503581,0.1169140255009107,5,3,1.0,2,50,0.0,Esse
3903,10,Romain_Esse,MID,31,0.0,0.1509616418249673,0.18022298062145656,0.0,0.00012113871697906937,5.780928071976595,0.0,0.1389030075974817,0.2361507048222439,0.1169140255009107,5,3,1.0,2,50,0.0,Esse
3904,11,Romain_Esse,MID,31,0.0,0.1509846448016401,0.1802513928286541,0.0,5.23495204234247e-05,5.780928071976595,0.0,0.1542164581176329,0.1806105923991114,0.1169140255009107,5,3,1.0,2,50,0.0,Esse
3905,12,Romain_Esse,MID,31,0.0,0.1510089319215618,0.18028087654100547,0.0,5.100571808496403e-05,5.780928071976595,0.0,0.1542164581176329,0.1806105923991114,0.1169140255009107,5,3,1.0,2,50,0.0,Esse
3906,6,Romaine_Mundle,MID,56,0.0,0.1354859215062589,0.1230768973744043,0.0,5.58941344973765e-05,1.4228664021164026,0.0,0.1614820231045773,0.1551187159815836,0.1952632275132275,5,3,1.0,2,49,0.0,Mundle
3907,7,Romaine_Mundle,MID,56,0.0,0.1355041394792985,0.1229645724368439,0.0,9.84286980507338e-05,1.4228664021164026,0.0,0.1697864627106199,0.0953712727396801,0.1952632275132275,5,3,1.0,2,49,0.0,Mundle
3908,8,Romaine_Mundle,MID,56,0.0,0.1355227912765444,0.12285259015422671,0.0,7.705252725389738e-05,1.4228664021164026,0.0,0.1182193902266794,0.1729940302427504,0.1952632275132275,5,3,1.0,2,49,0.0,Mundle
3909,9,Romaine_Mundle,MID,56,0.0,0.1355400080086861,0.12274033243304577,0.0,5.5928784429885364e-05,1.4228664021164026,0.0,0.150737295523736,0.1390624159116826,0.1952632275132275,5,3,1.0,2,49,0.0,Mundle
3910,10,Romaine_Mundle,MID,56,0.0,0.1355548298060662,0.12262696023111957,0.0,4.9985309075976614e-05,1.4228664021164026,0.0,0.1486543353660969,0.1189228792264125,0.1952632275132275,5,3,1.0,2,49,0.0,Mundle
3911,11,Romaine_Mundle,MID,56,0.0,0.1355665180489079,0.12251213329901284,0.0,7.576635004367293e-05,1.4228664021164026,0.0,0.1477429617751006,0.2046314411489814,0.1952632275132275,5,3,1.0,2,49,0.0,Mundle
3912,12,Romaine_Mundle,MID,56,0.0,0.1355796905846237,0.12239799161036775,0.0,0.00011949017011132071,1.4228664021164026,0.0,0.1220461381569684,0.1872283971637988,0.1952632275132275,5,3,1.0,2,49,0.0,Mundle
3913,6,Roméo_Lavia,MID,8,46.00995669586479,0.06352480724570399,0.07514483814038861,0.0,0.010183709259426311,5.744,0.0,0.0866961224313779,0.114569503221635,0.18,5,3,1.0,2,50,0.2,Lavia
3914,7,Roméo_Lavia,MID,8,44.24764268342962,0.06307189897735208,0.07521050617719617,0.0,0.008917721540004572,5.744,0.0,0.1053742839427626,0.1147639713719944,0.18,5,3,1.0,2,50,0.2,Lavia
3915,8,Roméo_Lavia,MID,8,42.25601975120716,0.062403056604741554,0.07529085175635189,0.0,0.00885507419871416,5.744,0.0,0.0518416411242582,0.115884505791489,0.18,5,3,1.0,2,50,0.2,Lavia
3916,9,Roméo_Lavia,MID,8,40.61946958606105,0.06230072009225698,0.07533445898921273,0.0,0.005554944312956693,5.744,0.0,0.1119957605907742,0.1332858089793131,0.18,5,3,1.0,2,50,0.2,Lavia
3917,10,Roméo_Lavia,MID,8,40.137269312526186,0.06240587734010325,0.07541167370957662,0.0,0.004272815663756022,5.744,0.0,0.085880677692756,0.1056084642760237,0.18,5,3,1.0,2,50,0.2,Lavia
3918,11,Roméo_Lavia,MID,8,39.655771186829526,0.06251326467872224,0.07548992198741983,0.0,0.004543370892736031,5.744,0.0,0.0928778036155075,0.1172272670252035,0.18,5,3,1.0,2,50,0.2,Lavia
3919,12,Roméo_Lavia,MID,8,39.66780990204104,0.06252889856986434,0.07550109467637726,0.0,0.004820069161431336,5.744,0.0,0.1202318081610187,0.1776752802788837,0.18,5,3,1.0,2,50,0.2,Lavia
3920,6,Ronald_Araujo,DEF,14,32.97503103249299,0.0583595754601024,0.0172648777584208,0.0,0.008580710435190285,3.0772977147360123,0.0,0.0297669938520948,0.018348571633679,0.1,6,3,4.0,2,54,2.9,Araujo
3921,7,Ronald_Araujo,DEF,14,32.65345136800697,0.0584658063711471,0.0172568383432832,0.0,0.010891622213008012,3.0772977147360123,0.0,0.0764095249963934,0.0286394203968533,0.1,6,3,4.0,2,54,2.9,Araujo
3922,8,Ronald_Araujo,DEF,14,32.74980831429969,0.0585061650530322,0.0172713151545744,0.0,0.004429652065750789,3.0772977147360123,0.0,0.0265768898928847,0.0315855885698299,0.1,6,3,4.0,2,54,2.9,Araujo
3923,9,Ronald_Araujo,DEF,14,32.38628437336916,0.0584351085163584,0.0172368411942261,0.0,0.004707983618481113,3.0772977147360123,0.0,0.0283871455110724,0.0678417594345503,0.1,6,3,4.0,2,54,2.9,Araujo
3924,10,Ronald_Araujo,DEF,14,32.474416829554016,0.058473445305838,0.0172504152311535,0.0,0.005397693392364414,3.0772977147360123,0.0,0.0576745797658112,0.0527526549054485,0.1,6,3,4.0,2,54,2.9,Araujo
3925,11,Ronald_Araujo,DEF,14,32.55969911192939,0.0585115577395604,0.0172639199659194,0.0,0.00658695655320268,3.0772977147360123,0.0,0.074235503863792,0.0216228986791694,0.1,6,3,4.0,2,54,2.9,Araujo
3926,12,Ronald_Araujo,DEF,14,32.88967739819204,0.0586966788902757,0.0172996435397982,0.0,0.007800896965096208,3.0772977147360123,0.0,0.0459456519173773,0.0386203456380479,0.1,6,3,4.0,2,54,2.9,Araujo
3927,6,Ross_Barkley,MID,7,65.27939026570878,0.11274602138853704,0.12292438351372874,0.0,0.030505289065345546,6.3100000000000005,0.0,0.1431241918345089,0.21431463250313,0.05,5,3,1.0,2,50,0.3,Barkley
3928,7,Ross_Barkley,MID,7,65.20113059140452,0.11276028264381104,0.122814848235893,0.0,0.019601706183891465,6.3100000000000005,0.0,0.1113458150315947,0.1892932248153172,0.05,5,3,1.0,2,50,0.3,Barkley
3929,8,Ross_Barkley,MID,7,65.12449027767789,0.11277528933232303,0.12270471234785017,0.0,0.022856799172103582,6.3100000000000005,0.0,0.1260358149771998,0.2023191987723669,0.05,5,3,1.0,2,50,0.3,Barkley
3930,9,Ross_Barkley,MID,7,65.11156184350929,0.11277967735464837,0.12264437786758003,0.0,0.01100964645695442,6.3100000000000005,0.0,0.150834818620813,0.1861354269404155,0.05,5,3,1.0,2,50,0.3,Barkley
3931,10,Ross_Barkley,MID,7,65.1672091993031,0.11277303178384855,0.12263260787581431,0.0,0.017998666330349473,6.3100000000000005,0.0,0.1581552595513359,0.175811164019189,0.05,5,3,1.0,2,50,0.3,Barkley
3932,11,Ross_Barkley,MID,7,65.22789457677949,0.11276431400766924,0.12261833426083418,0.0,0.014557950883716276,6.3100000000000005,0.0,0.1211821165130275,0.1926050362646116,0.05,5,3,1.0,2,50,0.3,Barkley
3933,12,Ross_Barkley,MID,7,65.27754222830171,0.11276399887797638,0.12260618843916421,0.0,0.012304180506260655,6.3100000000000005,0.0,0.1542164581176329,0.1806105923991114,0.05,5,3,1.0,2,50,0.3,Barkley
3934,6,Ryan_Christie,MID,91,41.30664811136972,0.08313700097199384,0.0982282743995949,0.0,0.0036195596274389403,4.6259999999999994,0.0,0.0364051426726112,0.1103782551048467,0.18,5,3,1.0,2,50,0.0,Christie
3935,7,Ryan_Christie,MID,91,41.30037647278736,0.083102838277671,0.09820287698635856,0.0,0.005016684608666955,4.6259999999999994,0.0,0.0654788007538232,0.0801186101343322,0.18,5,3,1.0,2,50,0.0,Christie
3936,8,Ryan_Christie,MID,91,41.2959362269836,0.0830692617141754,0.09817794538289441,0.0,0.006245117914971532,4.6259999999999994,0.0,0.0851448500107218,0.0764877641077813,0.18,5,3,1.0,2,50,0.0,Christie
3937,9,Ryan_Christie,MID,91,44.26555137221598,0.08213255499929548,0.09757982024899846,0.0,0.007243090760093954,4.6259999999999994,0.0,0.1032922855340508,0.10390984845412,0.18,5,3,1.0,2,50,0.0,Christie
3938,10,Ryan_Christie,MID,91,44.27640337142613,0.08209479776052324,0.09755162189982264,0.0,0.005492282073152201,4.6259999999999994,0.0,0.0568772559482958,0.0901681033145862,0.18,5,3,1.0,2,50,0.0,Christie
3939,11,Ryan_Christie,MID,91,44.28568583809904,0.08205746037621564,0.09752400690566876,0.0,0.007688671726970818,4.6259999999999994,0.0,0.0745833114716031,0.0768185326234935,0.18,5,3,1.0,2,50,0.0,Christie
3940,12,Ryan_Christie,MID,91,44.29929439485204,0.08202052109694384,0.09749645441163958,0.0,0.004994333519899613,4.6259999999999994,0.0,0.043644761687276,0.0738034067651066,0.18,5,3,1.0,2,50,0.0,Christie
3941,6,Ryan_Giles,DEF,88,57.0,0.0309107727434677,0.2179484094279516,0.0,0.010691962906747768,3.434,0.0,0.0485686283444027,0.1304268182787266,0.06,6,3,4.0,2,40,2.9,Giles
3942,7,Ryan_Giles,DEF,88,57.0,0.0308498801965126,0.2179536629926518,0.0,0.0058307198752373226,3.434,0.0,0.0841595919386824,0.0794094087227066,0.06,6,3,4.0,2,40,2.9,Giles
3943,8,Ryan_Giles,DEF,88,57.0,0.0309611750045251,0.21855520964354033,0.0,0.015191459704057136,3.434,0.0,0.0423145101603038,0.1030106613875299,0.06,6,3,4.0,2,40,2.9,Giles
3944,9,Ryan_Giles,DEF,88,57.0,0.031032712272329,0.21859596691860933,0.0,0.006391705938444481,3.434,0.0,0.0432402221981642,0.1043281347865106,0.06,6,3,4.0,2,40,2.9,Giles
3945,10,Ryan_Giles,DEF,88,57.0,0.0311083774010608,0.2187874871631187,0.0,0.006718355462676167,3.434,0.0,0.0256302332947076,0.1059606075008729,0.06,6,3,4.0,2,40,2.9,Giles
3946,11,Ryan_Giles,DEF,88,57.0,0.0311846672754439,0.2189798659933628,0.0,0.00614446900193035,3.434,0.0,0.0412327183450526,0.0602148218469212,0.06,6,3,4.0,2,40,2.9,Giles
3947,12,Ryan_Giles,DEF,88,57.0,0.0312618165528744,0.2191752576970658,0.0,0.007647798399753453,3.434,0.0,0.0926757578609484,0.1879020492283666,0.06,6,3,4.0,2,40,2.9,Giles
3948,6,Ryan_Gravenberch,MID,14,54.94782389230176,0.045768130155094504,0.0864530358236159,0.0,0.018928166791842647,6.976,0.0,0.0475778188966921,0.0694586861700251,0.1,5,3,1.0,2,58,1.1,Gravenberch
3949,7,Ryan_Gravenberch,MID,14,54.3414901895253,0.045847471796841635,0.08641196605671202,0.0,0.023661636119828272,6.976,0.0,0.0655689624381491,0.1074576445370588,0.1,5,3,1.0,2,58,1.1,Gravenberch
3950,8,Ryan_Gravenberch,MID,14,54.26678877054667,0.045877614850760924,0.08648592159390789,0.0,0.009066343940175347,6.976,0.0,0.0339066031345481,0.0862882361652565,0.1,5,3,1.0,2,58,1.1,Gravenberch
3951,9,Ryan_Gravenberch,MID,14,53.60302446399374,0.0458245442122704,0.08630980958929968,0.0,0.00939271223075783,6.976,0.0,0.0502408361290219,0.1066747570632133,0.1,5,3,1.0,2,58,1.1,Gravenberch
3952,10,Ryan_Gravenberch,MID,14,53.5174946233922,0.04585317715711405,0.08637915325709286,0.0,0.010685775954869515,6.976,0.0,0.034021699908773,0.1250502673893471,0.1,5,3,1.0,2,58,1.1,Gravenberch
3953,11,Ryan_Gravenberch,MID,14,53.429075253174624,0.04588164253534312,0.08644814289121923,0.0,0.012980962116457688,6.976,0.0,0.0851448500107218,0.0764877641077813,0.1,5,3,1.0,2,58,1.1,Gravenberch
3954,12,Ryan_Gravenberch,MID,14,53.66111713294707,0.04601990564422007,0.08663063861100309,0.0,0.015403365157938479,6.976,0.0,0.0684445445946984,0.0929980432435829,0.1,5,3,1.0,2,58,1.1,Gravenberch
3955,6,Ryan_McAidoo,MID,43,5.186177600611005,0.1093348206860583,0.1463247532583287,0.0,0.0001438064679973432,6.864678571428572,0.0,0.070552064626671,0.1127830621923689,0.1,5,3,1.0,2,45,0.1,McAidoo
3956,7,Ryan_McAidoo,MID,43,0.0,0.1065963746735543,0.1442631984221882,0.0,4.07524276264098e-05,6.864678571428572,0.0,0.0842332060993205,0.1188923620107288,0.1,5,3,1.0,2,45,0.1,McAidoo
3957,8,Ryan_McAidoo,MID,43,0.0,0.1065819592508436,0.144227900216446,0.0,5.297557324848696e-05,6.864678571428572,0.0,0.0858497032968192,0.1237171984305226,0.1,5,3,1.0,2,45,0.1,McAidoo
3958,9,Ryan_McAidoo,MID,43,0.0,0.1065669384742414,0.144192666683055,0.0,3.908078966454539e-05,6.864678571428572,0.0,0.0957882179850394,0.1113283019034307,0.1,5,3,1.0,2,45,0.1,McAidoo
3959,10,Ryan_McAidoo,MID,43,0.0,0.1065521457896861,0.1441567150311258,0.0,5.710748813248277e-05,6.864678571428572,0.0,0.1202318081610187,0.1776752802788837,0.1,5,3,1.0,2,45,0.1,McAidoo
3960,11,Ryan_McAidoo,MID,43,0.0,0.1065377347092605,0.1441214025852257,0.0,3.696607318648273e-05,6.864678571428572,0.0,0.0936735501911697,0.0888189627888669,0.1,5,3,1.0,2,45,0.1,McAidoo
3961,12,Ryan_McAidoo,MID,43,0.0,0.1065224647744433,0.1440858370557634,0.0,4.296780129896387e-05,6.864678571428572,0.0,0.0676432579115817,0.1324297279869411,0.1,5,3,1.0,2,45,0.1,McAidoo
3962,6,Ryan_Sessegnon,DEF,54,47.24893511190414,0.09114191529119259,0.1155291082091003,0.0,0.02636664685188139,2.8920000000000003,0.0,0.0432402221981642,0.1043281347865106,0.02,6,3,4.0,2,44,0.3,Sessegnon
3963,7,Ryan_Sessegnon,DEF,54,47.63329384660198,0.09132871301421978,0.1155508167869131,0.0,0.025514306693818236,2.8920000000000003,0.0,0.0432402221981642,0.1043281347865106,0.02,6,3,4.0,2,44,0.3,Sessegnon
3964,8,Ryan_Sessegnon,DEF,54,47.747261361442405,0.09146271765119732,0.1155087986578262,0.0,0.026365090332728262,2.8920000000000003,0.0,0.0432402221981642,0.1043281347865106,0.02,6,3,4.0,2,44,0.3,Sessegnon
3965,9,Ryan_Sessegnon,DEF,54,47.85941826221944,0.09159697963788581,0.11546707374439732,0.0,0.03518512974613555,2.8920000000000003,0.0,0.0454524963808904,0.0781006254281835,0.02,6,3,4.0,2,44,0.3,Sessegnon
3966,10,Ryan_Sessegnon,DEF,54,47.96972661411575,0.09173255639804433,0.11542601123782598,0.0,0.04325778823492896,2.8920000000000003,0.0,0.0411458912848495,0.1064743529883166,0.02,6,3,4.0,2,44,0.3,Sessegnon
3967,11,Ryan_Sessegnon,DEF,54,48.0833158006034,0.09186819631048611,0.11538469508416237,0.0,0.05061742246142687,2.8920000000000003,0.0,0.0447374524142549,0.0826325427082204,0.02,6,3,4.0,2,44,0.3,Sessegnon
3968,12,Ryan_Sessegnon,DEF,54,48.19734332225161,0.09200330405746282,0.11534224162702308,0.0,0.045867281488736214,2.8920000000000003,0.0,0.0510108756375665,0.0615884901660233,0.02,6,3,4.0,2,44,0.3,Sessegnon
3969,6,Ryan_Yates,MID,17,15.200338100550276,0.0670549021978349,0.09100535146337702,0.0,0.00036733297933225293,3.564,0.0,0.0822560971477504,0.1524742200371775,0.22,5,3,1.0,2,45,1.2,Yates
3970,7,Ryan_Yates,MID,17,15.143866482936392,0.06703350037663958,0.09098202202339846,0.0,0.00031847896160468376,3.564,0.0,0.0676432579115817,0.1324297279869411,0.22,5,3,1.0,2,45,1.2,Yates
3971,8,Ryan_Yates,MID,17,15.088245888239008,0.06701113319086914,0.09095821380373277,0.0,0.0003005656775171849,3.564,0.0,0.0842332060993205,0.1188923620107288,0.22,5,3,1.0,2,45,1.2,Yates
3972,9,Ryan_Yates,MID,17,9.8842903,0.0668845389751072,0.09085158896950192,0.0,0.00047498541171391495,3.564,0.0,0.0790689180878473,0.1448646983763215,0.22,5,3,1.0,2,45,1.2,Yates
3973,10,Ryan_Yates,MID,17,9.7222903,0.06686022770788413,0.09082633685422023,0.0,0.00035355505104899514,3.564,0.0,0.0428645627319718,0.1349551016015938,0.22,5,3,1.0,2,45,1.2,Yates
3974,11,Ryan_Yates,MID,17,9.5632903,0.06683669281395663,0.09080186051045847,0.0,0.000309881230101832,3.564,0.0,0.0866961224313779,0.114569503221635,0.22,5,3,1.0,2,45,1.2,Yates
3975,12,Ryan_Yates,MID,17,9.4012903,0.06681287746487931,0.09077678023653471,0.0,0.00015512085750600142,3.564,0.0,0.0533112851817121,0.0911547974260361,0.22,5,3,1.0,2,45,1.2,Yates
3976,6,Rúben_Gato Alves Dias,DEF,43,81.0299438,0.02669505313559912,0.030803679784413812,0.0,0.15936812692004634,3.5620000000000003,0.0,0.0345883844346893,0.02331174536266,0.1,6,3,4.0,2,55,1.9,Rúben
3977,7,Rúben_Gato Alves Dias,DEF,43,81.0389438,0.026017156532523504,0.030352099328857095,0.0,0.08038212970219828,3.5620000000000003,0.0,0.0440900662312232,0.0342011051202082,0.1,6,3,4.0,2,55,1.9,Rúben
3978,8,Rúben_Gato Alves Dias,DEF,43,81.0479438,0.02601358802467531,0.030344367310503818,0.0,0.10119010995586204,3.5620000000000003,0.0,0.0430008805695656,0.0202850875521248,0.1,6,3,4.0,2,55,1.9,Rúben
3979,9,Rúben_Gato Alves Dias,DEF,43,81.0599438,0.026009869662732946,0.03033664945853079,0.0,0.07758102412381399,3.5620000000000003,0.0,0.0265768898928847,0.0315855885698299,0.1,6,3,4.0,2,55,1.9,Rúben
3980,10,Rúben_Gato Alves Dias,DEF,43,81.0689438,0.02600620776450136,0.030328774303782738,0.0,0.10814738431636164,3.5620000000000003,0.0,0.0550530308978321,0.0334376008273799,0.1,6,3,4.0,2,55,1.9,Rúben
3981,11,Rúben_Gato Alves Dias,DEF,43,81.0779438,0.02600264033157686,0.030321039166144436,0.0,0.07394932963893089,3.5620000000000003,0.0,0.0323786694324084,0.0238084655632736,0.1,6,3,4.0,2,55,1.9,Rúben
3982,12,Rúben_Gato Alves Dias,DEF,43,81.0899438,0.02599886029103762,0.030313248590936284,0.0,0.08452663245768834,3.5620000000000003,0.0,0.0283871455110724,0.0678417594345503,0.1,6,3,4.0,2,55,1.9,Rúben
3983,6,Sam_Szmodics,MID,40,0.0,0.1686426949301024,0.060458390709498176,0.0,,1.0,0.0,0.1162593608860656,0.17672170864813,0.1,5,3,1.0,2,50,0.0,Szmodics
3984,7,Sam_Szmodics,MID,40,0.0,0.1675836323314981,0.05824407012627448,0.0,,1.0,0.0,0.1674484816301701,0.1685309160814939,0.1,5,3,1.0,2,50,0.0,Szmodics
3985,8,Sam_Szmodics,MID,40,0.0,0.167113014465679,0.05813234640750705,0.0,,1.0,0.0,0.1678163049268733,0.1529825499215968,0.1,5,3,1.0,2,50,0.0,Szmodics
3986,9,Sam_Szmodics,MID,40,0.0,0.1673737353327715,0.05850843320021237,0.0,,1.0,0.0,0.150737295523736,0.1390624159116826,0.1,5,3,1.0,2,50,0.0,Szmodics
3987,10,Sam_Szmodics,MID,40,0.0,0.1673200249282448,0.058501889300141365,0.0,,1.0,0.0,0.1697864627106199,0.0953712727396801,0.1,5,3,1.0,2,50,0.0,Szmodics
3988,11,Sam_Szmodics,MID,40,0.0,0.1672681141788289,0.058495653661106366,0.0,,1.0,0.0,0.1220461381569684,0.1872283971637988,0.1,5,3,1.0,2,50,0.0,Szmodics
3989,12,Sam_Szmodics,MID,40,0.0,0.1672156623503639,0.05848917577836783,0.0,,1.0,0.0,0.1477429617751006,0.2046314411489814,0.1,5,3,1.0,2,50,0.0,Szmodics
3990,6,Samuel_Iling-Junior,MID,7,0.0,0.0853033226455597,0.1218186867885051,0.0,9.340558905972413e-05,3.697937187998697,0.0,0.0790689180878473,0.1448646983763215,0.1,5,3,1.0,2,50,0.0,Iling Jr
3991,7,Samuel_Iling-Junior,MID,7,0.0,0.0853147165396947,0.121708811558386,0.0,5.99212016729531e-05,3.697937187998697,0.0,0.0772167805063861,0.0863082180546789,0.1,5,3,1.0,2,50,0.0,Iling Jr
3992,8,Samuel_Iling-Junior,MID,7,0.0,0.0853267059906188,0.1215983338540135,0.0,7.053439366397482e-05,3.697937187998697,0.0,0.0428645627319718,0.1349551016015938,0.1,5,3,1.0,2,50,0.0,Iling Jr
3993,9,Samuel_Iling-Junior,MID,7,0.0,0.085330211759282,0.1215378121204243,0.0,3.368011321995268e-05,3.697937187998697,0.0,0.0936735501911697,0.0888189627888669,0.1,5,3,1.0,2,50,0.0,Iling Jr
3994,10,Samuel_Iling-Junior,MID,7,0.0,0.0853249023437568,0.1215260055994631,0.0,5.511485399277024e-05,3.697937187998697,0.0,0.1119957605907742,0.1332858089793131,0.1,5,3,1.0,2,50,0.0,Iling Jr
3995,11,Samuel_Iling-Junior,MID,7,0.0,0.085317937359471,0.1215116876850745,0.0,4.421132821687407e-05,3.697937187998697,0.0,0.085880677692756,0.1056084642760237,0.1,5,3,1.0,2,50,0.0,Iling Jr
3996,12,Samuel_Iling-Junior,MID,7,0.0,0.0853176855896029,0.1214995041677883,0.0,3.712990481960777e-05,3.697937187998697,0.0,0.0842332060993205,0.1188923620107288,0.1,5,3,1.0,2,50,0.0,Iling Jr
3997,6,Sander_Berge,MID,54,71.22669445549326,0.041091698830196914,0.10248003195065077,0.0,0.020476197180064486,5.486,0.0,0.0568772559482958,0.0901681033145862,0.12,5,3,1.0,2,49,0.3,Berge
3998,7,Sander_Berge,MID,54,71.4598024865874,0.04117769583854138,0.10250011555281026,0.0,0.01956088260600429,5.486,0.0,0.0568772559482958,0.0901681033145862,0.12,5,3,1.0,2,49,0.3,Berge
3999,8,Sander_Berge,MID,54,71.53083874531264,0.041239388228028716,0.10246124265218326,0.0,0.020192176213001324,5.486,0.0,0.0568772559482958,0.0901681033145862,0.12,5,3,1.0,2,49,0.3,Berge
4000,9,Sander_Berge,MID,54,71.59810781899657,0.041301199094898336,0.10242264101882562,0.0,0.027348633365564798,5.486,0.0,0.0452432190095615,0.0673878343702392,0.12,5,3,1.0,2,49,0.3,Berge
4001,10,Sander_Berge,MID,54,71.66853183503827,0.041363615250650826,0.10238465220846864,0.0,0.033976670595474906,5.486,0.0,0.0576949851966989,0.1085060286467325,0.12,5,3,1.0,2,49,0.3,Berge
4002,11,Sander_Berge,MID,54,71.73668675557342,0.0414260604801379,0.10234642873753937,0.0,0.040038672878019314,5.486,0.0,0.0475778188966921,0.0694586861700251,0.12,5,3,1.0,2,49,0.3,Berge
4003,12,Sander_Berge,MID,54,71.807808209992,0.041488260713930136,0.10230715309494164,0.0,0.03593871310710132,5.486,0.0,0.0527142902426278,0.1175353766708052,0.12,5,3,1.0,2,49,0.3,Berge
4004,6,Sandro_Tonali,MID,6,77.938581,0.0734391024241691,0.07111810893009017,0.0,0.08342618174572289,6.996,0.0,0.0851448500107218,0.0764877641077813,0.1,5,3,1.0,2,53,1.9,Tonali
4005,7,Sandro_Tonali,MID,6,77.983581,0.0735906424046728,0.07075691590376836,0.0,0.055508049159096136,6.996,0.0,0.0568772559482958,0.0901681033145862,0.1,5,3,1.0,2,53,1.9,Tonali
4006,8,Sandro_Tonali,MID,6,78.025581,0.0738280705430472,0.07021783167886259,0.0,0.050044345198139405,6.996,0.0,0.0364051426726112,0.1103782551048467,0.1,5,3,1.0,2,53,1.9,Tonali
4007,9,Sandro_Tonali,MID,6,78.06758099999999,0.07389627445452,0.07005395896958412,0.0,0.06962383325891348,6.996,0.0,0.034021699908773,0.1250502673893471,0.1,5,3,1.0,2,53,1.9,Tonali
4008,10,Sandro_Tonali,MID,6,78.11258099999999,0.0738846243903937,0.07006295621776222,0.0,0.07594219360905473,6.996,0.0,0.1032922855340508,0.10390984845412,0.1,5,3,1.0,2,53,1.9,Tonali
4009,11,Sandro_Tonali,MID,6,78.154581,0.0738722602084181,0.07007185063778587,0.0,0.058561955658765756,6.996,0.0,0.0568772559482958,0.0901681033145862,0.1,5,3,1.0,2,53,1.9,Tonali
4010,12,Sandro_Tonali,MID,6,78.196581,0.0738599975978857,0.0700801438078179,0.0,0.06931445587133302,6.996,0.0,0.0654788007538232,0.0801186101343322,0.1,5,3,1.0,2,53,1.9,Tonali
4011,6,Saša_Lukić,MID,40,90.0,0.0246409212427725,0.08798321261107885,0.0,0.14441184169012544,3.884,0.0,0.043644761687276,0.0738034067651066,0.35,5,3,1.0,2,49,0.1,Lukić
4012,7,Saša_Lukić,MID,40,90.0,0.0244822185806798,0.08447583406749488,0.0,0.2676047075806527,3.884,0.0,0.0475778188966921,0.0694586861700251,0.35,5,3,1.0,2,49,0.1,Lukić
4013,8,Saša_Lukić,MID,40,90.0,0.0244116955462224,0.08429886900788111,0.0,0.20916445389151397,3.884,0.0,0.0745833114716031,0.0768185326234935,0.35,5,3,1.0,2,49,0.1,Lukić
4014,9,Saša_Lukić,MID,40,90.0,0.0244507650929378,0.08489457260981378,0.0,0.14827039017481308,3.884,0.0,0.0568772559482958,0.0901681033145862,0.35,5,3,1.0,2,49,0.1,Lukić
4015,10,Saša_Lukić,MID,40,90.0,0.0244427164807106,0.08488420738317301,0.0,0.24361774014452867,3.884,0.0,0.0527142902426278,0.1175353766708052,0.35,5,3,1.0,2,49,0.1,Lukić
4016,11,Saša_Lukić,MID,40,90.0,0.0244349375504241,0.08487433042735966,0.0,0.28410836196037226,3.884,0.0,0.0607007698575154,0.1196306784306686,0.35,5,3,1.0,2,49,0.1,Lukić
4017,12,Saša_Lukić,MID,40,90.0,0.0244270775383531,0.08486406976903538,0.0,0.19648383625953278,3.884,0.0,0.0452432190095615,0.0673878343702392,0.35,5,3,1.0,2,49,0.1,Lukić
4018,6,Sean_Longstaff,MID,2,28.59975890579991,0.09429652378813021,0.1716026670971161,0.0,0.0008564857375659054,5.88,0.0,0.0676432579115817,0.1324297279869411,0.05,5,3,1.0,2,49,0.1,Longstaff
4019,7,Sean_Longstaff,MID,2,28.554455863590505,0.09429175661922048,0.1716039052883702,0.0,0.0012006023237440785,5.88,0.0,0.1119957605907742,0.1332858089793131,0.05,5,3,1.0,2,49,0.1,Longstaff
4020,8,Sean_Longstaff,MID,2,28.509179562962533,0.09428766866464554,0.17160500062735834,0.0,0.0009593802539093259,5.88,0.0,0.085880677692756,0.1056084642760237,0.05,5,3,1.0,2,49,0.1,Longstaff
4021,9,Sean_Longstaff,MID,2,28.46683068844604,0.09428371395125862,0.17160634167467362,0.0,0.001355112190860868,5.88,0.0,0.0866961224313779,0.114569503221635,0.05,5,3,1.0,2,49,0.1,Longstaff
4022,10,Sean_Longstaff,MID,2,28.422649709010493,0.09427890624838732,0.17160686283457696,0.0,0.0016382591476885892,5.88,0.0,0.0518416411242582,0.115884505791489,0.05,5,3,1.0,2,49,0.1,Longstaff
4023,11,Sean_Longstaff,MID,2,28.37839561954893,0.09427443061479478,0.17160746473731292,0.0,0.0006831126515313087,5.88,0.0,0.0533112851817121,0.0911547974260361,0.05,5,3,1.0,2,49,0.1,Longstaff
4024,12,Sean_Longstaff,MID,2,28.33302910558506,0.09426998825777547,0.17160825559596699,0.0,0.0007611988814715094,5.88,0.0,0.0842332060993205,0.1188923620107288,0.05,5,3,1.0,2,49,0.1,Longstaff
4025,6,Sean_Neave,FWD,4,0.0,0.259362699552133,0.113456713200182,0.0,1.5667389248248994e-05,1.472,0.0,0.2767363309065365,0.1027633521295426,0.1,4,3,0.0,2,45,0.5,Neave
4026,7,Sean_Neave,FWD,4,0.0,0.2598055855288527,0.1133036069197336,0.0,2.1224764687748238e-05,1.472,0.0,0.2104660919951334,0.0966017152127772,0.1,4,3,0.0,2,45,0.5,Neave
4027,8,Sean_Neave,FWD,4,0.0,0.260262672305089,0.1131427121678853,0.0,1.9756672390455833e-05,1.472,0.0,0.508906701575971,0.1270447035747427,0.1,4,3,0.0,2,45,0.5,Neave
4028,9,Sean_Neave,FWD,4,0.0,0.2604802183422242,0.112974890748717,0.0,2.822609634827838e-05,1.472,0.0,0.2321652746293105,0.0710294967935649,0.1,4,3,0.0,2,45,0.5,Neave
4029,10,Sean_Neave,FWD,4,0.0,0.2603850146451207,0.1128555531853314,0.0,1.4810406764649189e-05,1.472,0.0,0.251881030599128,0.0913042928657778,0.1,4,3,0.0,2,45,0.5,Neave
4030,11,Sean_Neave,FWD,4,0.0,0.2602685701835534,0.1127578637199296,0.0,1.7215044663092262e-05,1.472,0.0,0.2686708389316911,0.1234648585781471,0.1,4,3,0.0,2,45,0.5,Neave
4031,12,Sean_Neave,FWD,4,0.0,0.2602623787669904,0.1127334857858461,0.0,1.5657682386228513e-05,1.472,0.0,0.2378841599042031,0.0988234500197675,0.1,4,3,0.0,2,45,0.5,Neave
4032,6,Sean_Steur,MID,4,36.82737906074148,0.0593379034965815,0.1291241126810068,0.0,0.000541092504131536,2.505000606535948,0.0,0.0568772559482958,0.0901681033145862,0.1,5,3,1.0,2,49,0.1,Steur
4033,7,Sean_Steur,MID,4,38.33963586305502,0.0594434792062113,0.1289444983516481,0.0,0.0008388184439262869,2.505000606535948,0.0,0.0452432190095615,0.0673878343702392,0.1,5,3,1.0,2,49,0.1,Steur
4034,8,Sean_Steur,MID,4,39.81598073111719,0.0595524401200811,0.1287557470942475,0.0,0.000890805005910102,2.505000606535948,0.0,0.034021699908773,0.1250502673893471,0.1,5,3,1.0,2,49,0.1,Steur
4035,9,Sean_Steur,MID,4,41.42972787708368,0.0596042990148192,0.1285588699212951,0.0,0.0014692898266614796,2.505000606535948,0.0,0.0684445445946984,0.0929980432435829,0.1,5,3,1.0,2,49,0.1,Steur
4036,10,Sean_Steur,MID,4,41.79181935315216,0.0595816042391672,0.1284188708542939,0.0,0.0007967198997594595,2.505000606535948,0.0,0.043644761687276,0.0738034067651066,0.1,5,3,1.0,2,49,0.1,Steur
4037,11,Sean_Steur,MID,4,41.60425540026034,0.0595538460636804,0.1283042679277374,0.0,0.0009106045737285524,2.505000606535948,0.0,0.0502408361290219,0.1066747570632133,0.1,5,3,1.0,2,49,0.1,Steur
4038,12,Sean_Steur,MID,4,41.57787314483852,0.0595523701461043,0.1282756693211438,0.0,0.0008263364857780705,2.505000606535948,0.0,0.0339066031345481,0.0862882361652565,0.1,5,3,1.0,2,49,0.1,Steur
4039,6,Sebastiaan_Bornauw,DEF,2,0.0,0.03857343923209043,0.060869439036512346,0.0,0.0002716016820899574,3.7088004513888895,0.0,0.0283871455110724,0.0678417594345503,0.0686952256944444,6,3,4.0,2,45,0.0,Bornauw
4040,7,Sebastiaan_Bornauw,DEF,2,0.0,0.03857137102035352,0.06086988038043614,0.0,0.0003753998439845336,3.7088004513888895,0.0,0.074235503863792,0.0216228986791694,0.0686952256944444,6,3,4.0,2,45,0.0,Bornauw
4041,8,Sebastiaan_Bornauw,DEF,2,0.0,0.0385695974822657,0.0608702708057483,0.0,0.00030473523797196114,3.7088004513888895,0.0,0.0366746478210848,0.040303852137383,0.0686952256944444,6,3,4.0,2,45,0.0,Bornauw
4042,9,Sebastiaan_Bornauw,DEF,2,0.0,0.03856788175018274,0.06087074881193834,0.0,0.0004241095275176947,3.7088004513888895,0.0,0.0539343394566716,0.0350964916114288,0.0686952256944444,6,3,4.0,2,45,0.0,Bornauw
4043,10,Sebastiaan_Bornauw,DEF,2,0.0,0.03856579595299486,0.060870934575451015,0.0,0.0005094378852640973,3.7088004513888895,0.0,0.052493727298415,0.0268053738104255,0.0686952256944444,6,3,4.0,2,45,0.0,Bornauw
4044,11,Sebastiaan_Bornauw,DEF,2,0.0,0.03856385422235733,0.060871149119136644,0.0,0.0002233578852829252,3.7088004513888895,0.0,0.0456201977756334,0.02560444811066,0.0686952256944444,6,3,4.0,2,45,0.0,Bornauw
4045,12,Sebastiaan_Bornauw,DEF,2,0.0,0.038561926928590076,0.06087143101473262,0.0,0.0002484298572133279,3.7088004513888895,0.0,0.0440900662312232,0.0342011051202082,0.0686952256944444,6,3,4.0,2,45,0.0,Bornauw
4046,6,Semi_Ajayi,DEF,88,57.0,0.1171694329952896,0.0242823443147984,0.0,0.03750330048160205,3.8316504942965777,0.0,0.0459456519173773,0.0386203456380479,0.1,6,3,4.0,2,42,14.2,Ajayi
4047,7,Semi_Ajayi,DEF,88,57.0,0.1169564841575492,0.024282936564124,0.0,0.02066030883894322,3.8316504942965777,0.0,0.0323786694324084,0.0238084655632736,0.1,6,3,4.0,2,42,14.2,Ajayi
4048,8,Semi_Ajayi,DEF,88,57.0,0.1173456959937741,0.024350750632981,0.0,0.05282743251876649,3.8316504942965777,0.0,0.0764095249963934,0.0286394203968533,0.1,6,3,4.0,2,42,14.2,Ajayi
4049,9,Semi_Ajayi,DEF,88,57.0,0.1175958707490721,0.0243553453167913,0.0,0.022620212459218563,3.8316504942965777,0.0,0.0440900662312232,0.0342011051202082,0.1,6,3,4.0,2,42,14.2,Ajayi
4050,10,Semi_Ajayi,DEF,88,57.0,0.1178604811493037,0.0243769359399449,0.0,0.023759398748316556,3.8316504942965777,0.0,0.0283871455110724,0.0678417594345503,0.1,6,3,4.0,2,42,14.2,Ajayi
4051,11,Semi_Ajayi,DEF,88,57.0,0.118127276363063,0.0243986233539161,0.0,0.021756990705987207,3.8316504942965777,0.0,0.0265768898928847,0.0315855885698299,0.1,6,3,4.0,2,42,14.2,Ajayi
4052,12,Semi_Ajayi,DEF,88,57.0,0.1183970770165558,0.0244206504177015,0.0,0.026992826216939516,3.8316504942965777,0.0,0.0576745797658112,0.0527526549054485,0.1,6,3,4.0,2,42,14.2,Ajayi
4053,6,Senne_Lammens,GKP,1,90.0,0.0,,0.0,,2.91,0.6303978178428626,0.0,0.0,0.0,0,0,4.0,1,49,10.1,Lammens
4054,7,Senne_Lammens,GKP,1,90.0,0.0,,0.0,,2.91,0.5590344612715247,0.0,0.0,0.0,0,0,4.0,1,49,10.1,Lammens
4055,8,Senne_Lammens,GKP,1,90.0,0.0,,0.0,,2.91,0.7490448056214748,0.0,0.0,0.0,0,0,4.0,1,49,10.1,Lammens
4056,9,Senne_Lammens,GKP,1,90.0,0.0,,0.0,,2.91,0.6476676218661668,0.0,0.0,0.0,0,0,4.0,1,49,10.1,Lammens
4057,10,Senne_Lammens,GKP,1,90.0,0.0,,0.0,,2.91,0.6176234529710104,0.0,0.0,0.0,0,0,4.0,1,49,10.1,Lammens
4058,11,Senne_Lammens,GKP,1,90.0,0.0,,0.0,,2.91,0.7205874615788518,0.0,0.0,0.0,0,0,4.0,1,49,10.1,Lammens
4059,12,Senne_Lammens,GKP,1,90.0,0.0,,0.0,,2.91,0.5645433347543711,0.0,0.0,0.0,0,0,4.0,1,49,10.1,Lammens
4060,6,Sepp_van den Berg,DEF,94,0.0,0.04345773221936047,0.051962742706379676,0.0,0.0004945382491554237,1.964,0.0,0.0430008805695656,0.0202850875521248,0.1,6,3,4.0,2,49,0.1,Van den Berg
4061,7,Sepp_van den Berg,DEF,94,0.0,0.043406157136192836,0.05210558215931849,0.0,0.0008204253670092236,1.964,0.0,0.0345883844346893,0.02331174536266,0.1,6,3,4.0,2,49,0.1,Van den Berg
4062,8,Sepp_van den Berg,DEF,94,0.0,0.043390443939013555,0.0521498796296543,0.0,0.0003620273690213647,1.964,0.0,0.0440900662312232,0.0342011051202082,0.1,6,3,4.0,2,49,0.1,Van den Berg
4063,9,Sepp_van den Berg,DEF,94,0.0,0.04337484866794495,0.05219414898738184,0.0,0.0005309489973649921,1.964,0.0,0.0550530308978321,0.0334376008273799,0.1,6,3,4.0,2,49,0.1,Van den Berg
4064,10,Sepp_van den Berg,DEF,94,0.0,0.04337564407132063,0.052191937076267236,0.0,0.00037083319484007104,1.964,0.0,0.0265768898928847,0.0315855885698299,0.1,6,3,4.0,2,49,0.1,Van den Berg
4065,11,Sepp_van den Berg,DEF,94,0.0,0.04337108435795677,0.0521050824832889,0.0,0.0006475579904015374,1.964,0.0,0.0459456519173773,0.0386203456380479,0.1,6,3,4.0,2,49,0.1,Van den Berg
4066,12,Sepp_van den Berg,DEF,94,0.0,0.04337219668614343,0.05209733062811267,0.0,0.0005606620407865175,1.964,0.0,0.074235503863792,0.0216228986791694,0.1,6,3,4.0,2,49,0.1,Van den Berg
4067,6,Shea_Charles,MID,54,33.27238542675052,0.1008204011813878,0.1311328636247304,0.0,0.0010466799358023876,5.035455002513826,0.0,0.0842332060993205,0.1188923620107288,0.1,5,3,1.0,2,50,0.1,Charles
4068,7,Shea_Charles,MID,54,33.473557092064176,0.1010323726464911,0.1311573248366062,0.0,0.0009963671730152835,5.035455002513826,0.0,0.0842332060993205,0.1188923620107288,0.1,5,3,1.0,2,50,0.1,Charles
4069,8,Shea_Charles,MID,54,33.51236001744071,0.1011844363803012,0.1311099788350816,0.0,0.0010261419721615543,5.035455002513826,0.0,0.0842332060993205,0.1188923620107288,0.1,5,3,1.0,2,50,0.1,Charles
4070,9,Shea_Charles,MID,54,33.55012606552275,0.101336792145483,0.1310629632287767,0.0,0.0013943910289738986,5.035455002513826,0.0,0.0858497032968192,0.1237171984305226,0.1,5,3,1.0,2,50,0.1,Charles
4071,10,Shea_Charles,MID,54,33.588394225852014,0.1014906398692082,0.1310166940221038,0.0,0.0017365429768203063,5.035455002513826,0.0,0.0772167805063861,0.0863082180546789,0.1,5,3,1.0,2,50,0.1,Charles
4072,11,Shea_Charles,MID,54,33.62712587243056,0.101644559255916,0.1309701390060462,0.0,0.0020507053632569596,5.035455002513826,0.0,0.0428645627319718,0.1349551016015938,0.1,5,3,1.0,2,50,0.1,Charles
4073,12,Shea_Charles,MID,54,33.666174885626376,0.1017978747600309,0.130922302477145,0.0,0.0018297201947392722,5.035455002513826,0.0,0.0866961224313779,0.114569503221635,0.1,5,3,1.0,2,50,0.1,Charles
4074,6,Shea_Lacey,MID,1,0.0,0.1311249421001763,0.1594640168810509,0.0,9.707801289367356e-05,5.515630658420944,0.0,0.0518416411242582,0.115884505791489,0.1,5,3,1.0,2,49,0.1,Lacey
4075,7,Shea_Lacey,MID,1,0.0,0.1300928853811958,0.1589154393500331,0.0,6.259978240845163e-05,5.515630658420944,0.0,0.0928778036155075,0.1172272670252035,0.1,5,3,1.0,2,49,0.1,Lacey
4076,8,Shea_Lacey,MID,1,0.0,0.1283888943245694,0.1590305155141569,0.0,7.996668458365004e-05,5.515630658420944,0.0,0.0866961224313779,0.114569503221635,0.1,5,3,1.0,2,49,0.1,Lacey
4077,9,Shea_Lacey,MID,1,0.0,0.128082968098464,0.1591068956921023,0.0,4.06093870014132e-05,5.515630658420944,0.0,0.0533112851817121,0.0911547974260361,0.1,5,3,1.0,2,49,0.1,Lacey
4078,10,Shea_Lacey,MID,1,0.0,0.1281446192230374,0.1591198555175363,0.0,6.15548411859493e-05,5.515630658420944,0.0,0.0858497032968192,0.1237171984305226,0.1,5,3,1.0,2,49,0.1,Lacey
4079,11,Shea_Lacey,MID,1,0.0,0.1282035582200607,0.1591305793420627,0.0,0.00010514613459907223,5.515630658420944,0.0,0.070552064626671,0.1127830621923689,0.1,5,3,1.0,2,49,0.1,Lacey
4080,12,Shea_Lacey,MID,1,0.0,0.1282632535383659,0.1591412307819746,0.0,0.00011911992762163529,5.515630658420944,0.0,0.0790689180878473,0.1448646983763215,0.1,5,3,1.0,2,49,0.1,Lacey
4081,6,Shumaira_Mheuka,FWD,8,1.40697405,0.2950008720943203,0.127273603295043,0.0,2.083962466569818e-05,2.0353333333333334,0.0,0.2588988784046943,0.0835343475833465,0.1,4,3,0.0,2,45,0.5,Mheuka
4082,7,Shumaira_Mheuka,FWD,8,1.40697405,0.2929150668016306,0.1273827066748684,0.0,2.1332745321778828e-05,2.0353333333333334,0.0,0.2321652746293105,0.0710294967935649,0.1,4,3,0.0,2,45,0.5,Mheuka
4083,8,Shumaira_Mheuka,FWD,8,1.40697405,0.2898348073799097,0.1275161958831058,0.0,2.5299154067838155e-05,2.0353333333333334,0.0,0.1816445166652931,0.0735228775864095,0.1,4,3,0.0,2,45,0.5,Mheuka
4084,9,Shumaira_Mheuka,FWD,8,1.40697405,0.2893635109733492,0.1275886466022265,0.0,1.8317326536892653e-05,2.0353333333333334,0.0,0.1582373678053648,0.1067667619926839,0.1,4,3,0.0,2,45,0.5,Mheuka
4085,10,Shumaira_Mheuka,FWD,8,1.40697405,0.2898477978796598,0.1277169340823087,0.0,1.4693470145897599e-05,2.0353333333333334,0.0,0.3107258993287308,0.1106489791789369,0.1,4,3,0.0,2,45,0.5,Mheuka
4086,11,Shumaira_Mheuka,FWD,8,1.40697405,0.2903423551551858,0.1278469387541897,0.0,1.6313573242116123e-05,2.0353333333333334,0.0,0.3479730393459483,0.0845739406189787,0.1,4,3,0.0,2,45,0.5,Mheuka
4087,12,Shumaira_Mheuka,FWD,8,1.40697405,0.2904143548407029,0.1278655014855617,0.0,1.7292454281874162e-05,2.0353333333333334,0.0,0.3397560761522099,0.0551267835339054,0.1,4,3,0.0,2,45,0.5,Mheuka
4088,6,Sidiki_Cherif,FWD,9,9.0,0.3592114189180719,0.1418716536212577,0.0,0.00010861597525200192,1.818367374389052,0.0,0.2701720012960522,0.1526573698912118,0.1,4,3,0.0,2,50,0.1,Cherif
4089,7,Sidiki_Cherif,FWD,9,9.0,0.2930353162947134,0.1330750792552138,0.0,0.00013798009068920097,1.818367374389052,0.0,0.1816445166652931,0.0735228775864095,0.1,4,3,0.0,2,50,0.1,Cherif
4090,8,Sidiki_Cherif,FWD,9,9.0,0.2930416258848008,0.1329463116967999,0.0,6.105123852906421e-05,1.818367374389052,0.0,0.251881030599128,0.0913042928657778,0.1,4,3,0.0,2,50,0.1,Cherif
4091,9,Sidiki_Cherif,FWD,9,9.0,0.30253488031871,0.1373567716993853,0.0,8.014036324707856e-05,1.818367374389052,0.0,0.3107258993287308,0.1106489791789369,0.1,4,3,0.0,2,50,0.1,Cherif
4092,10,Sidiki_Cherif,FWD,9,9.0,0.3027142174736784,0.13748819626132,0.0,0.00011634914497914121,1.818367374389052,0.0,0.2321652746293105,0.0710294967935649,0.1,4,3,0.0,2,50,0.1,Cherif
4093,11,Sidiki_Cherif,FWD,9,9.0,0.3028915786425664,0.1376187690176612,0.0,8.14395826303431e-05,1.818367374389052,0.0,0.508906701575971,0.1270447035747427,0.1,4,3,0.0,2,50,0.1,Cherif
4094,12,Sidiki_Cherif,FWD,9,9.0,0.3030728340074471,0.1377508578305304,0.0,8.897610981088888e-05,1.818367374389052,0.0,0.3479730393459483,0.0845739406189787,0.1,4,3,0.0,2,50,0.1,Cherif
4095,6,Simon_Adingra,MID,56,0.0,0.13423771860376082,0.12242305848159708,0.0,1.7327701686779175e-05,1.0,0.0,0.1614820231045773,0.1551187159815836,0.05,5,3,1.0,2,49,0.0,Adingra
4096,7,Simon_Adingra,MID,56,0.0,0.13425609880192393,0.12231094504659766,0.0,3.0514555232436362e-05,1.0,0.0,0.1697864627106199,0.0953712727396801,0.05,5,3,1.0,2,49,0.0,Adingra
4097,8,Simon_Adingra,MID,56,0.0,0.13427491668735697,0.12219917362133824,0.0,2.3887295914354005e-05,1.0,0.0,0.1182193902266794,0.1729940302427504,0.05,5,3,1.0,2,49,0.0,Adingra
4098,9,Simon_Adingra,MID,56,0.0,0.13429228672889773,0.12208712727615292,0.0,1.733844384903613e-05,1.0,0.0,0.150737295523736,0.1390624159116826,0.05,5,3,1.0,2,49,0.0,Adingra
4099,10,Simon_Adingra,MID,56,0.0,0.13430724050956191,0.12197396854873703,0.0,1.5495855355103573e-05,1.0,0.0,0.1486543353660969,0.1189228792264125,0.05,5,3,1.0,2,49,0.0,Adingra
4100,11,Simon_Adingra,MID,56,0.0,0.13431903283240396,0.12185935783032892,0.0,2.3488546799278297e-05,1.0,0.0,0.1477429617751006,0.2046314411489814,0.05,5,3,1.0,2,49,0.0,Adingra
4101,12,Simon_Adingra,MID,56,0.0,0.13433232266526526,0.12174543106510141,0.0,3.704438972048718e-05,1.0,0.0,0.1220461381569684,0.1872283971637988,0.05,5,3,1.0,2,49,0.0,Adingra
4102,6,Sindre_Walle Egeli,FWD,40,3.0,0.3085437135803651,0.1781821006244554,0.0,1.3624487419479061e-05,1.6021428307148784,0.0,0.251881030599128,0.0913042928657778,0.1,4,3,0.0,2,45,3.6,Walle Egeli
4103,7,Sindre_Walle Egeli,FWD,40,3.0,0.3065565878447398,0.17097760327411,0.0,2.853352443581547e-05,1.6021428307148784,0.0,0.2852550995514115,0.114829839288796,0.1,4,3,0.0,2,45,3.6,Walle Egeli
4104,8,Sindre_Walle Egeli,FWD,40,3.0,0.3056735646183068,0.1706140997950163,0.0,2.104818189544163e-05,1.6021428307148784,0.0,0.3397560761522099,0.0551267835339054,0.1,4,3,0.0,2,45,3.6,Walle Egeli
4105,9,Sindre_Walle Egeli,FWD,40,3.0,0.3061627568015609,0.171837733049421,0.0,1.4042862226180006e-05,1.6021428307148784,0.0,0.2767363309065365,0.1027633521295426,0.1,4,3,0.0,2,45,3.6,Walle Egeli
4106,10,Sindre_Walle Egeli,FWD,40,3.0,0.306061979635748,0.1718164418637274,0.0,2.536574219976722e-05,1.6021428307148784,0.0,0.2588988784046943,0.0835343475833465,0.1,4,3,0.0,2,45,3.6,Walle Egeli
4107,11,Sindre_Walle Egeli,FWD,40,3.0,0.3059645791740039,0.1717961536338993,0.0,3.0793804670762444e-05,1.6021428307148784,0.0,0.1816445166652931,0.0735228775864095,0.1,4,3,0.0,2,45,3.6,Walle Egeli
4108,12,Sindre_Walle Egeli,FWD,40,3.0,0.3058661634822772,0.1717750772417188,0.0,1.95252345631144e-05,1.6021428307148784,0.0,0.2104660919951334,0.0966017152127772,0.1,4,3,0.0,2,45,3.6,Walle Egeli
4109,6,Sorba_Thomas,MID,88,52.467,0.1378984891324954,0.1304256285934866,0.0,0.009801363161819758,4.082217419354839,0.0,0.147935998121608,0.1428338544994659,0.1,5,3,1.0,2,55,0.0,Thomas
4110,7,Sorba_Thomas,MID,88,57.0,0.1376378566706231,0.1304289769125752,0.0,0.00771802676893646,4.082217419354839,0.0,0.1162593608860656,0.17672170864813,0.1,5,3,1.0,2,55,0.0,Thomas
4111,8,Sorba_Thomas,MID,88,57.0,0.1381142210412462,0.1308123680477025,0.0,0.02117306192643852,4.082217419354839,0.0,0.1841742556698727,0.1303583338431828,0.1,5,3,1.0,2,55,0.0,Thomas
4112,9,Sorba_Thomas,MID,88,57.0,0.1384204150691804,0.1308383443837529,0.0,0.00850273862287922,4.082217419354839,0.0,0.150737295523736,0.1390624159116826,0.1,5,3,1.0,2,55,0.0,Thomas
4113,10,Sorba_Thomas,MID,88,57.0,0.1387442771798225,0.13096040833978,0.0,0.008961412890266158,4.082217419354839,0.0,0.1288957249246875,0.0569416754282649,0.1,5,3,1.0,2,55,0.0,Thomas
4114,11,Sorba_Thomas,MID,88,57.0,0.1390708133286725,0.131083019508827,0.0,0.00815641802481973,4.082217419354839,0.0,0.1614820231045773,0.1551187159815836,0.1,5,3,1.0,2,55,0.0,Thomas
4115,12,Sorba_Thomas,MID,88,57.0,0.1394010278970201,0.1312075509096195,0.0,0.010272970240320253,4.082217419354839,0.0,0.1069834175421901,0.1070778805233272,0.1,5,3,1.0,2,55,0.0,Thomas
4116,6,Stefan_Bajčetić Maquieira,MID,14,0.0,0.1063931147979286,0.092837006467223,0.0,6.860749408921219e-05,6.696374260907479,0.0,0.0428645627319718,0.1349551016015938,0.1,5,3,1.0,2,50,0.0,Bajcetic
4117,7,Stefan_Bajčetić Maquieira,MID,14,0.0,0.1065805290278926,0.0927939638637355,0.0,9.085392443992564e-05,6.696374260907479,0.0,0.0790689180878473,0.1448646983763215,0.1,5,3,1.0,2,50,0.0,Bajcetic
4118,8,Stefan_Bajčetić Maquieira,MID,14,0.0,0.1066517304438785,0.0928714719457921,0.0,3.46340998652709e-05,6.696374260907479,0.0,0.0957882179850394,0.1113283019034307,0.1,5,3,1.0,2,50,0.0,Bajcetic
4119,9,Stefan_Bajčetić Maquieira,MID,14,0.0,0.1065263713937332,0.0926869001852196,0.0,3.807885415096047e-05,6.696374260907479,0.0,0.0676432579115817,0.1324297279869411,0.1,5,3,1.0,2,50,0.0,Bajcetic
4120,10,Stefan_Bajčetić Maquieira,MID,14,0.0,0.1065940057556055,0.0927595748610749,0.0,4.370069877015589e-05,6.696374260907479,0.0,0.0822560971477504,0.1524742200371775,0.1,5,3,1.0,2,50,0.0,Bajcetic
4121,11,Stefan_Bajčetić Maquieira,MID,14,0.0,0.1066612443055519,0.0928318784968225,0.0,5.360917634792153e-05,6.696374260907479,0.0,0.1119957605907742,0.1332858089793131,0.1,5,3,1.0,2,50,0.0,Bajcetic
4122,12,Stefan_Bajčetić Maquieira,MID,14,0.0,0.1069878379266567,0.0930231406221522,0.0,6.243408733198324e-05,6.696374260907479,0.0,0.1053742839427626,0.1147639713719944,0.1,5,3,1.0,2,50,0.0,Bajcetic
4123,6,Stefanos_Tzimas,FWD,36,0.0,0.2077596418292445,0.155023158600197,0.0,2.2492469543256497e-05,1.0,0.0,0.3107258993287308,0.1106489791789369,0.0775067484662576,4,3,0.0,2,54,0.0,Tzimas
4124,7,Stefanos_Tzimas,FWD,36,0.0,0.2083023108080033,0.1554376618747694,0.0,2.285713086741578e-05,1.0,0.0,0.508906701575971,0.1270447035747427,0.0775067484662576,4,3,0.0,2,54,0.0,Tzimas
4125,8,Stefanos_Tzimas,FWD,36,0.0,0.2082195176133239,0.1554193478247448,0.0,4.194602932234845e-05,1.0,0.0,0.3273316394954414,0.1139094893887378,0.0775067484662576,4,3,0.0,2,54,0.0,Tzimas
4126,9,Stefanos_Tzimas,FWD,36,0.0,0.2081909944950357,0.1553758559984326,0.0,3.588467888067265e-05,1.0,0.0,0.2852550995514115,0.114829839288796,0.0775067484662576,4,3,0.0,2,54,0.0,Tzimas
4127,10,Stefanos_Tzimas,FWD,36,0.0,0.2081600216702902,0.1553309905443484,0.0,4.75209085736987e-05,1.0,0.0,0.3657327697364796,0.1238459952069972,0.0775067484662576,4,3,0.0,2,54,0.0,Tzimas
4128,11,Stefanos_Tzimas,FWD,36,0.0,0.2081319401928492,0.1552875655444104,0.0,1.7660809819514605e-05,1.0,0.0,0.2767363309065365,0.1027633521295426,0.0775067484662576,4,3,0.0,2,54,0.0,Tzimas
4129,12,Stefanos_Tzimas,FWD,36,0.0,0.2081027735640819,0.1552437931051671,0.0,3.0485045309127253e-05,1.0,0.0,0.2701720012960522,0.1526573698912118,0.0775067484662576,4,3,0.0,2,54,0.0,Tzimas
4130,6,Stephen_Mfuni,DEF,9,57.233774814,0.0517241514053547,0.0882944811153421,0.0,0.04105926161367319,3.575161216730038,0.0,0.0441562832773488,0.040413775623652,0.1,6,3,4.0,2,40,0.1,Mfuni
4131,7,Stephen_Mfuni,DEF,9,57.233774814,0.0420761063453801,0.0829197706188196,0.0,0.05107275205623256,3.575161216730038,0.0,0.052493727298415,0.0268053738104255,0.1,6,3,4.0,2,40,0.1,Mfuni
4132,8,Stephen_Mfuni,DEF,9,57.233774814,0.0420770262425493,0.0828410935885327,0.0,0.024144417911552397,3.575161216730038,0.0,0.0323786694324084,0.0238084655632736,0.1,6,3,4.0,2,40,0.1,Mfuni
4133,9,Stephen_Mfuni,DEF,9,57.233774814,0.0434610809528343,0.085535886434472,0.0,0.031052012378196804,3.575161216730038,0.0,0.0366746478210848,0.040303852137383,0.1,6,3,4.0,2,40,0.1,Mfuni
4134,10,Stephen_Mfuni,DEF,9,57.233774814,0.0434872271428254,0.0856161868949851,0.0,0.04372416307990224,3.575161216730038,0.0,0.0459456519173773,0.0386203456380479,0.1,6,3,4.0,2,40,0.1,Mfuni
4135,11,Stephen_Mfuni,DEF,9,57.233774814,0.0435130852469065,0.085695966901936,0.0,0.031515863947959036,3.575161216730038,0.0,0.0576745797658112,0.0527526549054485,0.1,6,3,4.0,2,40,0.1,Mfuni
4136,12,Stephen_Mfuni,DEF,9,57.233774814,0.0435395110994184,0.0857766732200388,0.0,0.034192145463465023,3.575161216730038,0.0,0.07078655240023,0.0561971162677075,0.1,6,3,4.0,2,40,0.1,Mfuni
4137,6,Steven_Benda,GKP,17,0.0,0.0,0.000145776049369,0.0,1.3074906636250276e-05,4.121703714285713,0.5653322712544633,0.0,0.0,0.1,0,0,4.0,1,45,0.1,Benda
4138,7,Steven_Benda,GKP,17,0.0,0.0,0.0001457528631892,0.0,1.1476936813791577e-05,4.121703714285713,0.6357729545727964,0.0,0.0,0.1,0,0,4.0,1,45,0.1,Benda
4139,8,Steven_Benda,GKP,17,0.0,0.0,0.0001457292011697,0.0,1.0915882802397403e-05,4.121703714285713,0.7043749859715578,0.0,0.0,0.1,0,0,4.0,1,45,0.1,Benda
4140,9,Steven_Benda,GKP,17,0.0,0.0,0.0001456232310915,0.0,2.612610148209427e-05,4.121703714285713,0.5579384648792179,0.0,0.0,0.1,0,0,4.0,1,45,0.1,Benda
4141,10,Steven_Benda,GKP,17,0.0,0.0,0.000145598134043,0.0,2.0033555092292494e-05,4.121703714285713,0.713542896408389,0.0,0.0,0.1,0,0,4.0,1,45,0.1,Benda
4142,11,Steven_Benda,GKP,17,0.0,0.0,0.0001455738080023,0.0,1.7923515999646393e-05,4.121703714285713,0.7418883008169033,0.0,0.0,0.1,0,0,4.0,1,45,0.1,Benda
4143,12,Steven_Benda,GKP,17,0.0,0.0,0.0001455488817399,0.0,9.437948031860492e-06,4.121703714285713,0.6407653387165886,0.0,0.0,0.1,0,0,4.0,1,45,0.1,Benda
4144,6,Sven_Botman,DEF,4,87.950148,0.0535828637398548,0.033378155240953056,0.0,0.5057737255552656,2.568,0.0,0.0440900662312232,0.0342011051202082,0.1,6,3,4.0,2,50,0.7,Botman
4145,7,Sven_Botman,DEF,4,87.950148,0.05367730992926436,0.033336644611461186,0.0,0.5908491428817317,2.568,0.0,0.0430008805695656,0.0202850875521248,0.1,6,3,4.0,2,50,0.7,Botman
4146,8,Sven_Botman,DEF,4,87.950148,0.05377478446337528,0.03329302234847105,0.0,0.5702944442344873,2.568,0.0,0.0576745797658112,0.0527526549054485,0.1,6,3,4.0,2,50,0.7,Botman
4147,9,Sven_Botman,DEF,4,87.950148,0.05382117652658923,0.03324752210686456,0.0,0.6748890519649183,2.568,0.0,0.0459456519173773,0.0386203456380479,0.1,6,3,4.0,2,50,0.7,Botman
4148,10,Sven_Botman,DEF,4,87.950148,0.05380087417591269,0.033215166952238265,0.0,0.49063298444513365,2.568,0.0,0.0323786694324084,0.0238084655632736,0.1,6,3,4.0,2,50,0.7,Botman
4149,11,Sven_Botman,DEF,4,87.950148,0.05377604219601043,0.033188681094233834,0.0,0.5315917490019679,2.568,0.0,0.0283871455110724,0.0678417594345503,0.1,6,3,4.0,2,50,0.7,Botman
4150,12,Sven_Botman,DEF,4,87.950148,0.05377472186587539,0.033182071676340845,0.0,0.5056057598791933,2.568,0.0,0.0265768898928847,0.0315855885698299,0.1,6,3,4.0,2,50,0.7,Botman
4151,6,Sávio_'Savinho' Moreira de Oliveira,MID,6,38.30518718297645,0.1025613120266152,0.19164241592048215,0.0,0.0005324279622758027,5.188,0.0,0.1581552595513359,0.175811164019189,0.08,5,3,1.0,2,65,0.7,Sávio
4152,7,Sávio_'Savinho' Moreira de Oliveira,MID,6,37.795849060586455,0.1027794275826189,0.1906438501575846,0.0,0.0003289308379301431,5.188,0.0,0.1542164581176329,0.1806105923991114,0.08,5,3,1.0,2,65,0.7,Sávio
4153,8,Sávio_'Savinho' Moreira de Oliveira,MID,6,37.042969710882765,0.1031211642664983,0.1891534807122192,0.0,0.0002748684541428907,5.188,0.0,0.1600751664564748,0.2071396514783118,0.08,5,3,1.0,2,65,0.7,Sávio
4154,9,Sávio_'Savinho' Moreira de Oliveira,MID,6,36.78213039107788,0.103219331984503,0.1887004329924856,0.0,0.0003788625805532791,5.188,0.0,0.1457267806936557,0.1338726163462819,0.08,5,3,1.0,2,65,0.7,Sávio
4155,10,Sávio_'Savinho' Moreira de Oliveira,MID,6,36.7560899719634,0.1032025637349233,0.1887253070718179,0.0,0.0004129522592793296,5.188,0.0,0.1370880123440694,0.1898374177465581,0.08,5,3,1.0,2,65,0.7,Sávio
4156,11,Sávio_'Savinho' Moreira de Oliveira,MID,6,36.7295516029246,0.103184767636381,0.18874989686915397,0.0,0.0003116520122206988,5.188,0.0,0.1542164581176329,0.1806105923991114,0.08,5,3,1.0,2,65,0.7,Sávio
4157,12,Sávio_'Savinho' Moreira de Oliveira,MID,6,36.706415708443686,0.1031671177323395,0.18877282443158294,0.0,0.0003703080005330106,5.188,0.0,0.1211821165130275,0.1926050362646116,0.08,5,3,1.0,2,65,0.7,Sávio
4158,6,Taiwo_Awoniyi,FWD,9,0.0,0.3857865537034585,0.13475302270320078,0.0,1.3683347630029828e-05,1.0,0.0,0.2701720012960522,0.1526573698912118,0.08,4,3,0.0,2,54,0.4,Awoniyi
4159,7,Taiwo_Awoniyi,FWD,9,73.94349299999999,0.3142972637956359,0.12640155088419378,0.0,0.012689660215028736,1.0,0.0,0.1816445166652931,0.0735228775864095,0.08,4,3,0.0,2,54,0.4,Awoniyi
4160,8,Taiwo_Awoniyi,FWD,9,74.054493,0.31430407997394,0.1262792989039857,0.0,0.005702965006320064,1.0,0.0,0.251881030599128,0.0913042928657778,0.08,4,3,0.0,2,54,0.4,Awoniyi
4161,9,Taiwo_Awoniyi,FWD,9,74.165493,0.3245595346092347,0.13046659169407843,0.0,0.007548706453366548,1.0,0.0,0.3107258993287308,0.1106489791789369,0.08,4,3,0.0,2,54,0.4,Awoniyi
4162,10,Taiwo_Awoniyi,FWD,9,74.27649299999999,0.3247532704950687,0.13059136623467232,0.0,0.011036969109279465,1.0,0.0,0.2321652746293105,0.0710294967935649,0.08,4,3,0.0,2,54,0.4,Awoniyi
4163,11,Taiwo_Awoniyi,FWD,9,74.38749299999999,0.3249448717456468,0.13071533207063718,0.0,0.007822679265062228,1.0,0.0,0.508906701575971,0.1270447035747427,0.08,4,3,0.0,2,54,0.4,Awoniyi
4164,12,Taiwo_Awoniyi,FWD,9,74.495493,0.3251406798518005,0.13084073725137899,0.0,0.008623571581651506,1.0,0.0,0.3479730393459483,0.0845739406189787,0.08,4,3,0.0,2,54,0.4,Awoniyi
4165,6,Takehiro_Tomiyasu,DEF,31,24.668719726508527,0.0817212917394614,0.1152949375607687,0.0,0.00237110593406561,2.726,0.0,0.0285964169370974,0.1492089246577317,0.05,6,3,4.0,2,44,0.3,Tomiyasu
4166,7,Takehiro_Tomiyasu,DEF,31,22.151687422641395,0.0833827755254469,0.1187125846880291,0.0,0.0013592836861698455,2.726,0.0,0.0412327183450526,0.0602148218469212,0.05,6,3,4.0,2,44,0.3,Tomiyasu
4167,8,Takehiro_Tomiyasu,DEF,31,22.328197021873528,0.0833966144206393,0.11873249811174785,0.0,0.0022540823421480973,2.726,0.0,0.0411458912848495,0.1064743529883166,0.05,6,3,4.0,2,44,0.3,Tomiyasu
4168,9,Takehiro_Tomiyasu,DEF,31,22.50472180889736,0.0834096103464998,0.11875158719808428,0.0,0.002864765994457167,2.726,0.0,0.0507205798974058,0.0806429687371418,0.05,6,3,4.0,2,44,0.3,Tomiyasu
4169,10,Takehiro_Tomiyasu,DEF,31,22.6842450621747,0.0834231109765901,0.11877105522035523,0.0,0.0031327205779649757,2.726,0.0,0.0212858080619217,0.1123301891473402,0.05,6,3,4.0,2,44,0.3,Tomiyasu
4170,11,Takehiro_Tomiyasu,DEF,31,22.86119147730445,0.0834358088430359,0.11878994418187128,0.0,0.0014381361986847976,2.726,0.0,0.0432402221981642,0.1043281347865106,0.05,6,3,4.0,2,44,0.3,Tomiyasu
4171,12,Takehiro_Tomiyasu,DEF,31,23.03730975367082,0.0834492155690222,0.11880954549985698,0.0,0.0014227659086004543,2.726,0.0,0.0432402221981642,0.1043281347865106,0.05,6,3,4.0,2,44,0.3,Tomiyasu
4172,6,Tammy_Abraham,FWD,7,31.553280237413304,0.3169165645856709,0.0991444742620912,0.0,0.00023080625112156732,1.0,0.0,0.3657327697364796,0.1238459952069972,0.0865653746770025,4,3,0.0,2,55,0.2,Abraham
4173,7,Tammy_Abraham,FWD,7,31.256065006567045,0.3169609775579389,0.09905049146114868,0.0,0.000144192737417113,1.0,0.0,0.2701720012960522,0.1526573698912118,0.0865653746770025,4,3,0.0,2,55,0.2,Abraham
4174,8,Tammy_Abraham,FWD,7,30.95392282632114,0.31700771198824756,0.09895599332824494,0.0,0.0001652111391424426,1.0,0.0,0.2852550995514115,0.114829839288796,0.0865653746770025,4,3,0.0,2,55,0.2,Abraham
4175,9,Tammy_Abraham,FWD,7,30.74778783012141,0.3170213773430921,0.09890422550000506,0.0,7.745216753787764e-05,1.0,0.0,0.251881030599128,0.0913042928657778,0.0865653746770025,4,3,0.0,2,55,0.2,Abraham
4176,10,Tammy_Abraham,FWD,7,30.63834639734651,0.31700068144038457,0.09889412668239068,0.0,0.00012550857488929316,1.0,0.0,0.1582373678053648,0.1067667619926839,0.0865653746770025,4,3,0.0,2,55,0.2,Abraham
4177,11,Tammy_Abraham,FWD,7,30.53234275328844,0.31697353219270263,0.09888187972102878,0.0,9.973129400799097e-05,1.0,0.0,0.3107258993287308,0.1106489791789369,0.0865653746770025,4,3,0.0,2,55,0.2,Abraham
4178,12,Tammy_Abraham,FWD,7,30.414228664457152,0.31697255080319386,0.09887145843609811,0.0,8.287877969715177e-05,1.0,0.0,0.2767363309065365,0.1027633521295426,0.0865653746770025,4,3,0.0,2,55,0.2,Abraham
4179,6,Tanaka_Ao,MID,2,64.16331026186302,0.07869230819375912,0.1110006736029432,0.0,0.024146459336090127,5.949999999999999,0.0,0.0676432579115817,0.1324297279869411,0.06,5,3,1.0,2,49,0.3,Tanaka
4180,7,Tanaka_Ao,MID,2,64.3440804115272,0.0786879566602256,0.11100148680475164,0.0,0.03424815792524887,5.949999999999999,0.0,0.1119957605907742,0.1332858089793131,0.06,5,3,1.0,2,49,0.3,Tanaka
4181,8,Tanaka_Ao,MID,2,64.52485077194044,0.07868422512233529,0.11100220618606131,0.0,0.028063837970142926,5.949999999999999,0.0,0.085880677692756,0.1056084642760237,0.06,5,3,1.0,2,49,0.3,Tanaka
4182,9,Tanaka_Ao,MID,2,64.70554160732352,0.07868061520872732,0.11100308694022461,0.0,0.040040790493560914,5.949999999999999,0.0,0.0866961224313779,0.114569503221635,0.06,5,3,1.0,2,49,0.3,Tanaka
4183,10,Tanaka_Ao,MID,2,64.8871535121024,0.07867622667526866,0.11100342922028394,0.0,0.04903738478001941,5.949999999999999,0.0,0.0518416411242582,0.115884505791489,0.06,5,3,1.0,2,49,0.3,Tanaka
4184,11,Tanaka_Ao,MID,2,65.06868184788435,0.07867214125894925,0.11100382452948339,0.0,0.02133911551391559,5.949999999999999,0.0,0.0533112851817121,0.0911547974260361,0.06,5,3,1.0,2,49,0.3,Tanaka
4185,12,Tanaka_Ao,MID,2,65.24929581762588,0.0786680862179169,0.11100434393848867,0.0,0.024200761432308173,5.949999999999999,0.0,0.0842332060993205,0.1188923620107288,0.06,5,3,1.0,2,49,0.3,Tanaka
4186,6,Tarik_Muharemović,DEF,2,36.98565440783511,0.0428874007867783,0.0504793639198868,0.0,0.00986181756101385,2.815191326530612,0.0,0.0283871455110724,0.0678417594345503,0.1,6,3,4.0,2,50,4.3,Muharemović
4187,7,Tarik_Muharemović,DEF,2,36.99741790170825,0.0428852551746784,0.0504797234503344,0.0,0.013602151529099457,2.815191326530612,0.0,0.074235503863792,0.0216228986791694,0.1,6,3,4.0,2,50,4.3,Muharemović
4188,8,Tarik_Muharemović,DEF,2,37.00919917120323,0.0428834152640384,0.0504800415011327,0.0,0.01107434037518764,2.815191326530612,0.0,0.0366746478210848,0.040303852137383,0.1,6,3,4.0,2,50,4.3,Muharemović
4189,9,Tarik_Muharemović,DEF,2,37.02093219949748,0.0428816353227241,0.0504804308976335,0.0,0.015374167503875224,2.815191326530612,0.0,0.0539343394566716,0.0350964916114288,0.1,6,3,4.0,2,50,4.3,Muharemović
4190,10,Tarik_Muharemović,DEF,2,37.03344154916808,0.0428794714670587,0.0504805822255101,0.0,0.018442179002939523,2.815191326530612,0.0,0.052493727298415,0.0268053738104255,0.1,6,3,4.0,2,50,4.3,Muharemović
4191,11,Tarik_Muharemović,DEF,2,37.045902301257485,0.0428774570694628,0.0504807569984779,0.0,0.008160268028645933,2.815191326530612,0.0,0.0456201977756334,0.02560444811066,0.1,6,3,4.0,2,50,4.3,Muharemović
4192,12,Tarik_Muharemović,DEF,2,37.0576236042861,0.04287545764902,0.0504809866380954,0.0,0.0090775581032765,2.815191326530612,0.0,0.0440900662312232,0.0342011051202082,0.1,6,3,4.0,2,50,4.3,Muharemović
4193,6,Tatsuhiro_Sakamoto,MID,9,9.3,0.1451522942371561,0.1343393069939382,0.0,0.00012870077104263096,2.6258925714724732,0.0,0.0772167805063861,0.0863082180546789,0.1,5,3,1.0,2,48,0.1,Sakamoto
4194,7,Tatsuhiro_Sakamoto,MID,9,9.3,0.1190122388691466,0.1255372167640669,0.0,0.0001634940714611312,2.6258925714724732,0.0,0.0518416411242582,0.115884505791489,0.1,5,3,1.0,2,48,0.1,Sakamoto
4195,8,Tatsuhiro_Sakamoto,MID,9,9.3,0.119014731204411,0.1254083684623673,0.0,7.234110124640603e-05,2.6258925714724732,0.0,0.0936735501911697,0.0888189627888669,0.1,5,3,1.0,2,48,0.1,Sakamoto
4196,9,Tatsuhiro_Sakamoto,MID,9,9.3,0.1227646376916117,0.129821594029794,0.0,9.495998274423642e-05,2.6258925714724732,0.0,0.085880677692756,0.1056084642760237,0.1,5,3,1.0,2,48,0.1,Sakamoto
4197,10,Tatsuhiro_Sakamoto,MID,9,9.3,0.1228354772088177,0.1299531010010799,0.0,0.00013786376749075016,2.6258925714724732,0.0,0.1053742839427626,0.1147639713719944,0.1,5,3,1.0,2,48,0.1,Sakamoto
4198,11,Tatsuhiro_Sakamoto,MID,9,9.3,0.1229055361967465,0.1300837556326505,0.0,9.64994353235607e-05,2.6258925714724732,0.0,0.0822560971477504,0.1524742200371775,0.1,5,3,1.0,2,48,0.1,Sakamoto
4199,12,Tatsuhiro_Sakamoto,MID,9,9.3,0.1229771334212113,0.1302159272713874,0.0,0.00010542949881578472,2.6258925714724732,0.0,0.0928778036155075,0.1172272670252035,0.1,5,3,1.0,2,48,0.1,Sakamoto
4200,6,Taylor_Harwood-Bellis,DEF,7,35.462489250246264,0.0431971806892215,0.02321350011584419,0.0,,1.326,0.0,0.0764095249963934,0.0286394203968533,0.26,6,3,4.0,2,45,0.0,Harwood-Bellis
4201,7,Taylor_Harwood-Bellis,DEF,7,35.407065146300326,0.0432026130348712,0.023197381302044198,0.0,,1.326,0.0,0.0441562832773488,0.040413775623652,0.26,6,3,4.0,2,45,0.0,Harwood-Bellis
4202,8,Taylor_Harwood-Bellis,DEF,7,35.35033550402356,0.043208329328247,0.023181174104626664,0.0,,1.326,0.0,0.0297669938520948,0.018348571633679,0.26,6,3,4.0,2,45,0.0,Harwood-Bellis
4203,9,Taylor_Harwood-Bellis,DEF,7,35.356619682367615,0.0432100007978008,0.02317229550156464,0.0,,1.326,0.0,0.0323786694324084,0.0238084655632736,0.26,6,3,4.0,2,45,0.0,Harwood-Bellis
4204,10,Taylor_Harwood-Bellis,DEF,7,35.38641526096884,0.0432074693910677,0.023170563472309332,0.0,,1.326,0.0,0.074235503863792,0.0216228986791694,0.26,6,3,4.0,2,45,0.0,Harwood-Bellis
4205,11,Taylor_Harwood-Bellis,DEF,7,35.37353999514826,0.0432041486473749,0.023168463018951688,0.0,,1.326,0.0,0.0366746478210848,0.040303852137383,0.26,6,3,4.0,2,45,0.0,Harwood-Bellis
4206,12,Taylor_Harwood-Bellis,DEF,7,35.35245971374311,0.0432040286093149,0.02316667568393217,0.0,,1.326,0.0,0.0440900662312232,0.0342011051202082,0.26,6,3,4.0,2,45,0.0,Harwood-Bellis
4207,6,Thierno_Barry,FWD,11,81.932454919161,0.3606171724099441,0.04826394108065869,0.05600000000000001,0.007741924397800555,1.0,0.0,0.2767363309065365,0.1027633521295426,0.08,4,3,0.0,2,56,8.1,Barry
4208,7,Thierno_Barry,FWD,11,82.06522650029741,0.36053434029489084,0.04826493173013378,0.05600000000000001,0.007189565399131156,1.0,0.0,0.2699527724353497,0.1092810666119734,0.08,4,3,0.0,2,56,8.1,Barry
4209,8,Thierno_Barry,FWD,11,82.20210180884456,0.3604473533385754,0.04826582086247143,0.05600000000000001,0.008934000020002011,1.0,0.0,0.2686708389316911,0.1234648585781471,0.08,4,3,0.0,2,56,8.1,Barry
4210,9,Thierno_Barry,FWD,11,75.01530499999998,0.3659445819431308,0.048156844461066085,0.05600000000000001,0.007214100576813834,1.0,0.0,0.2701720012960522,0.1526573698912118,0.08,4,3,0.0,2,56,8.1,Barry
4211,10,Thierno_Barry,FWD,11,75.17730499999999,0.36583386242369076,0.048158180417807644,0.05600000000000001,0.004362245936487803,1.0,0.0,0.2767363309065365,0.1027633521295426,0.08,4,3,0.0,2,56,8.1,Barry
4212,11,Thierno_Barry,FWD,11,75.336305,0.3657265480125862,0.048159517492695675,0.05600000000000001,0.011533309251506531,1.0,0.0,0.3657327697364796,0.1238459952069972,0.08,4,3,0.0,2,56,8.1,Barry
4213,12,Thierno_Barry,FWD,11,75.495305,0.36561850664863005,0.048160760787747205,0.05600000000000001,0.010335085573167807,1.0,0.0,0.3273316394954414,0.1139094893887378,0.08,4,3,0.0,2,56,8.1,Barry
4214,6,Thimothée_Lo-Tutala,GKP,88,0.0,6.566450675710815e-05,0.0017792859029287,0.0,1.810098590021105e-05,10.305221428571429,0.8005405657055964,0.0,0.0,0.1,0,0,4.0,1,40,0.0,Lo-Tutala
4215,7,Thimothée_Lo-Tutala,GKP,88,0.0,6.553542524758205e-05,0.0017793310517462,0.0,9.831654221416666e-06,10.305221428571429,0.8010377240582105,0.0,0.0,0.1,0,0,4.0,1,40,0.0,Lo-Tutala
4216,8,Thimothée_Lo-Tutala,GKP,88,0.0,6.577135070215805e-05,0.001784500707301,0.0,2.580756850203409e-05,10.305221428571429,0.7017876580551875,0.0,0.0,0.1,0,0,4.0,1,40,0.0,Lo-Tutala
4217,9,Thimothée_Lo-Tutala,GKP,88,0.0,6.59229971511448e-05,0.0017848509728592,0.0,1.0782793299501659e-05,10.305221428571429,0.8558646658420261,0.0,0.0,0.1,0,0,4.0,1,40,0.0,Lo-Tutala
4218,10,Thimothée_Lo-Tutala,GKP,88,0.0,6.60833939406302e-05,0.0017864968862633,0.0,1.1337006848978824e-05,10.305221428571429,0.7843528614022347,0.0,0.0,0.1,0,0,4.0,1,40,0.0,Lo-Tutala
4219,11,Thimothée_Lo-Tutala,GKP,88,0.0,6.624511508121877e-05,0.0017881501783013,0.0,1.0363504801220922e-05,10.305221428571429,0.8550116824859755,0.0,0.0,0.1,0,0,4.0,1,40,0.0,Lo-Tutala
4220,12,Thimothée_Lo-Tutala,GKP,88,0.0,6.640865800539489e-05,0.0017898293627917,0.0,1.2915493995128118e-05,10.305221428571429,0.7097004764602874,0.0,0.0,0.1,0,0,4.0,1,40,0.0,Lo-Tutala
4221,6,Thomas_Meunier,DEF,56,14.791482290889046,0.1174599657498008,0.0663135553547492,0.0,0.0005765265946431254,1.7581465486725665,0.0,0.1174447659202134,0.0817117691611616,0.1,6,3,4.0,2,45,0.3,Meunier
4222,7,Thomas_Meunier,DEF,56,13.675797434832887,0.1174755716329067,0.0662535777496265,0.0,0.0009018475158409214,1.7581465486725665,0.0,0.0341640741201375,0.0464008608397502,0.1,6,3,4.0,2,45,0.3,Meunier
4223,8,Thomas_Meunier,DEF,56,12.557159762079811,0.1174915491385766,0.066193783110311,0.0,0.0006551627736794619,1.7581465486725665,0.0,0.0539164999254806,0.1088920375930353,0.1,6,3,4.0,2,45,0.3,Meunier
4224,9,Thomas_Meunier,DEF,56,11.442174932748822,0.1175062973385375,0.0661338413963942,0.0,0.0004431563909395779,1.7581465486725665,0.0,0.0462278002486011,0.089997557499349,0.1,6,3,4.0,2,45,0.3,Meunier
4225,10,Thomas_Meunier,DEF,56,10.329148215779998,0.117518993989083,0.0660733045885695,0.0,0.00036500706634855744,1.7581465486725665,0.0,0.0258215885423753,0.065374644385858,0.1,6,3,4.0,2,45,0.3,Meunier
4226,11,Thomas_Meunier,DEF,56,9.221393233529977,0.117529006373617,0.0660119910054869,0.0,0.0004958881582865209,1.7581465486725665,0.0,0.0348944706518137,0.102631454475445,0.1,6,3,4.0,2,45,0.3,Meunier
4227,12,Thomas_Meunier,DEF,56,8.109338228445326,0.1175402902333605,0.0659510433185504,0.0,0.0006989434738194125,1.7581465486725665,0.0,0.0813127279922636,0.1108935603943818,0.1,6,3,4.0,2,45,0.3,Meunier
4228,6,Tijjani_Reijnders,MID,43,0.0,0.13947663776003452,0.12184485082853172,0.0,3.180958791719122e-05,1.676,0.0,0.070552064626671,0.1127830621923689,0.07,5,3,1.0,2,60,0.0,Reijnders
4229,7,Tijjani_Reijnders,MID,43,0.0,0.13624012734263014,0.12036959677799595,0.0,1.4324892115844993e-05,1.676,0.0,0.0842332060993205,0.1188923620107288,0.07,5,3,1.0,2,60,0.0,Reijnders
4230,8,Tijjani_Reijnders,MID,43,0.0,0.13622309006471364,0.12034433728933958,0.0,1.8621576849561658e-05,1.676,0.0,0.0858497032968192,0.1237171984305226,0.07,5,3,1.0,2,60,0.0,Reijnders
4231,9,Tijjani_Reijnders,MID,43,0.0,0.1362053373320585,0.12031912408038767,0.0,1.3737281478694435e-05,1.676,0.0,0.0957882179850394,0.1113283019034307,0.07,5,3,1.0,2,60,0.0,Reijnders
4232,10,Tijjani_Reijnders,MID,43,0.0,0.13618785417648555,0.12029339698392512,0.0,2.0074041018016455e-05,1.676,0.0,0.1202318081610187,0.1776752802788837,0.07,5,3,1.0,2,60,0.0,Reijnders
4233,11,Tijjani_Reijnders,MID,43,0.0,0.13617082203062228,0.12026812730497456,0.0,1.299392228277837e-05,1.676,0.0,0.0936735501911697,0.0888189627888669,0.07,5,3,1.0,2,60,0.0,Reijnders
4234,12,Tijjani_Reijnders,MID,43,0.0,0.13615277482323423,0.12024267651876261,0.0,1.5103637140697441e-05,1.676,0.0,0.0676432579115817,0.1324297279869411,0.07,5,3,1.0,2,60,0.0,Reijnders
4235,6,Tim_Iroegbunam,MID,88,55.329714,0.0733507947162457,0.13451148235426155,0.0,0.036825354053998914,1.404,0.0,0.0684445445946984,0.0929980432435829,0.3,5,3,1.0,2,50,0.0,Iroegbunam
4236,7,Tim_Iroegbunam,MID,88,55.356714,0.0732063512356416,0.13451507919940664,0.0,0.01965377518113484,1.404,0.0,0.043644761687276,0.0738034067651066,0.3,5,3,1.0,2,50,0.0,Iroegbunam
4237,8,Tim_Iroegbunam,MID,88,55.383714,0.0734703541431624,0.13492692720627705,0.0,0.05314791085247269,1.404,0.0,0.0655689624381491,0.1074576445370588,0.3,5,3,1.0,2,50,0.0,Iroegbunam
4238,9,Tim_Iroegbunam,MID,88,55.410714,0.0736400480132862,0.1349548316131553,0.0,0.02173113386811634,1.404,0.0,0.0568772559482958,0.0901681033145862,0.3,5,3,1.0,2,50,0.0,Iroegbunam
4239,10,Tim_Iroegbunam,MID,88,55.437714,0.0738195336006182,0.135085955659578,0.0,0.022943155756658465,1.404,0.0,0.0502408361290219,0.1066747570632133,0.3,5,3,1.0,2,50,0.0,Iroegbunam
4240,11,Tim_Iroegbunam,MID,88,55.464714,0.0740005011498795,0.13521766753542852,0.0,0.02095438266965238,1.404,0.0,0.0339066031345481,0.0862882361652565,0.3,5,3,1.0,2,50,0.0,Iroegbunam
4241,12,Tim_Iroegbunam,MID,88,55.488714,0.0741835072929197,0.13535144217054648,0.0,0.026371712173306545,1.404,0.0,0.034021699908773,0.1250502673893471,0.3,5,3,1.0,2,50,0.0,Iroegbunam
4242,6,Timothy_Castagne,DEF,54,75.63657664944218,0.05535955845427018,0.10445216954690661,0.0,0.05733292830559592,2.966,0.0,0.0462278002486011,0.089997557499349,0.15,6,3,4.0,2,45,0.9,Castagne
4243,7,Timothy_Castagne,DEF,54,75.86840824875063,0.05547934398531009,0.1044715846546733,0.0,0.05489309355066353,2.966,0.0,0.0462278002486011,0.089997557499349,0.15,6,3,4.0,2,45,0.9,Castagne
4244,8,Timothy_Castagne,DEF,54,75.93680315019283,0.055565275528489604,0.10443400566117993,0.0,0.056480533275160914,2.966,0.0,0.0462278002486011,0.089997557499349,0.15,6,3,4.0,2,45,0.9,Castagne
4245,9,Timothy_Castagne,DEF,54,76.00686923248797,0.05565137209922571,0.10439668890566675,0.0,0.07449705217213319,2.966,0.0,0.0348944706518137,0.102631454475445,0.15,6,3,4.0,2,45,0.9,Castagne
4246,10,Timothy_Castagne,DEF,54,76.07467134335998,0.05573831177894498,0.10435996457498371,0.0,0.09062588461323377,2.966,0.0,0.0559678414732063,0.0548363854637644,0.15,6,3,4.0,2,45,0.9,Castagne
4247,11,Timothy_Castagne,DEF,54,76.14562491793816,0.05582529195556987,0.10432301339454238,0.0,0.10502917628551821,2.966,0.0,0.0339500514709614,0.0381417475700373,0.15,6,3,4.0,2,45,0.9,Castagne
4248,12,Timothy_Castagne,DEF,54,76.2141335155552,0.055911930876842195,0.10428504506457918,0.0,0.09525064859978422,2.966,0.0,0.0341640741201375,0.0464008608397502,0.15,6,3,4.0,2,45,0.9,Castagne
4249,6,Tino_Livramento,DEF,4,69.72935390707761,0.01291653607636184,0.08030876931639803,0.0,0.01756572628592527,3.782,0.0,0.0462278002486011,0.089997557499349,0.08,6,3,4.0,2,49,0.1,Livramento
4250,7,Tino_Livramento,DEF,4,73.00912015823809,0.012943839316782878,0.08020359570120283,0.0,0.02995797876963363,3.782,0.0,0.0348944706518137,0.102631454475445,0.08,6,3,4.0,2,49,0.1,Livramento
4251,8,Tino_Livramento,DEF,4,76.45789051795437,0.01297201801468896,0.080093071935174,0.0,0.0364593514331387,3.782,0.0,0.0336892747106061,0.1962529481085647,0.08,6,3,4.0,2,49,0.1,Livramento
4252,9,Tino_Livramento,DEF,4,78.0487186169567,0.012985429393840188,0.07997779001917796,0.0,0.05687249624156177,3.782,0.0,0.0280302979206385,0.0782539555270968,0.08,6,3,4.0,2,49,0.1,Livramento
4253,10,Tino_Livramento,DEF,4,77.74597389294267,0.01297956023209739,0.07989581321892458,0.0,0.030844394431768903,3.782,0.0,0.031159434697039,0.0740471263388762,0.08,6,3,4.0,2,49,0.1,Livramento
4254,11,Tino_Livramento,DEF,4,77.49281488304155,0.012972381609840182,0.07982870719157742,0.0,0.03475048793796929,3.782,0.0,0.1077701515240741,0.0871056101039265,0.08,6,3,4.0,2,49,0.1,Livramento
4255,12,Tino_Livramento,DEF,4,77.43391297804837,0.012971999918515909,0.07981196120669003,0.0,0.031705072523145424,3.782,0.0,0.1174447659202134,0.0817117691611616,0.08,6,3,4.0,2,49,0.1,Livramento
4256,6,Toby_Collyer,MID,1,0.0,0.1462823460131342,0.1855892575866911,0.0,7.13558455369412e-05,6.0096747573696145,0.0,0.0518416411242582,0.115884505791489,0.1,5,3,1.0,2,50,0.0,Collyer
4257,7,Toby_Collyer,MID,1,0.0,0.1450917740588801,0.1849236894587019,0.0,4.601276497339088e-05,6.0096747573696145,0.0,0.0928778036155075,0.1172272670252035,0.1,5,3,1.0,2,50,0.0,Collyer
4258,8,Toby_Collyer,MID,1,0.0,0.1431260643018395,0.1850633069654378,0.0,5.877819174064827e-05,6.0096747573696145,0.0,0.0866961224313779,0.114569503221635,0.1,5,3,1.0,2,50,0.0,Collyer
4259,9,Toby_Collyer,MID,1,0.0,0.1427731503794033,0.1851559761127802,0.0,2.9848999561292277e-05,6.0096747573696145,0.0,0.0533112851817121,0.0911547974260361,0.1,5,3,1.0,2,50,0.0,Collyer
4260,10,Toby_Collyer,MID,1,0.0,0.1428442705983947,0.1851716997730934,0.0,4.524469065906888e-05,6.0096747573696145,0.0,0.0858497032968192,0.1237171984305226,0.1,5,3,1.0,2,50,0.0,Collyer
4261,11,Toby_Collyer,MID,1,0.0,0.1429122621298457,0.1851847105790622,0.0,7.728633373000349e-05,6.0096747573696145,0.0,0.070552064626671,0.1127830621923689,0.1,5,3,1.0,2,50,0.0,Collyer
4262,12,Toby_Collyer,MID,1,0.0,0.1429811261471689,0.1851976335635479,0.0,8.755783940387062e-05,6.0096747573696145,0.0,0.0790689180878473,0.1448646983763215,0.1,5,3,1.0,2,50,0.0,Collyer
4263,6,Tom_Cairney,MID,54,0.0,0.09188598943606205,0.11925837780179471,0.0,2.9439661866272232e-05,5.35,0.0,0.0568772559482958,0.0901681033145862,0.12,5,3,1.0,2,49,0.0,Cairney
4264,7,Tom_Cairney,MID,54,0.0,0.09206498071683249,0.11928058961312032,0.0,2.7524381197946807e-05,5.35,0.0,0.0568772559482958,0.0901681033145862,0.12,5,3,1.0,2,49,0.0,Cairney
4265,8,Tom_Cairney,MID,54,0.0,0.09219338518136802,0.1192375974482911,0.0,2.824955685821702e-05,5.35,0.0,0.0568772559482958,0.0901681033145862,0.12,5,3,1.0,2,49,0.0,Cairney
4266,9,Tom_Cairney,MID,54,0.0,0.09232203624074223,0.11919490529624636,0.0,3.826980460876348e-05,5.35,0.0,0.0452432190095615,0.0673878343702392,0.12,5,3,1.0,2,49,0.0,Cairney
4267,10,Tom_Cairney,MID,54,0.0,0.09245194712803904,0.11915289090652521,0.0,4.751067483531313e-05,5.35,0.0,0.0576949851966989,0.1085060286467325,0.12,5,3,1.0,2,49,0.0,Cairney
4268,11,Tom_Cairney,MID,54,0.0,0.0925819185284292,0.119110616989837,0.0,5.592582244953847e-05,5.35,0.0,0.0475778188966921,0.0694586861700251,0.12,5,3,1.0,2,49,0.0,Cairney
4269,12,Tom_Cairney,MID,54,0.0,0.09271138000302022,0.11906717940547618,0.0,4.971707610108036e-05,5.35,0.0,0.0527142902426278,0.1175353766708052,0.12,5,3,1.0,2,49,0.0,Cairney
4270,6,Tom_Heaton,GKP,1,0.0,0.0,2.108392064353297e-06,0.0,2.1452849757686312e-05,3.979,0.6314637632943841,0.0,0.0,0.1,0,0,4.0,1,40,0.1,Heaton
4271,7,Tom_Heaton,GKP,1,0.0,0.0,2.1008976418406627e-06,0.0,1.4165719987617517e-05,3.979,0.5600596310191738,0.0,0.0,0.1,0,0,4.0,1,40,0.1,Heaton
4272,8,Tom_Heaton,GKP,1,0.0,0.0,2.10246976127012e-06,0.0,1.7858468758020543e-05,3.979,0.7501580152257783,0.0,0.0,0.1,0,0,4.0,1,40,0.1,Heaton
4273,9,Tom_Heaton,GKP,1,0.0,0.0,2.1035132333278465e-06,0.0,9.403696004130641e-06,3.979,0.6487419815180376,0.0,0.0,0.1,0,0,4.0,1,40,0.1,Heaton
4274,10,Tom_Heaton,GKP,1,0.0,0.0,2.1036902847052733e-06,0.0,1.3941845411855795e-05,3.979,0.6186828206009892,0.0,0.0,0.1,0,0,4.0,1,40,0.1,Heaton
4275,11,Tom_Heaton,GKP,1,0.0,0.0,2.103836788831688e-06,0.0,2.3134889659819632e-05,3.979,0.7216915307716897,0.0,0.0,0.1,0,0,4.0,1,40,0.1,Heaton
4276,12,Tom_Heaton,GKP,1,0.0,0.0,2.1039823040716567e-06,0.0,2.6031286367364082e-05,3.979,0.5655720119590623,0.0,0.0,0.1,0,0,4.0,1,40,0.1,Heaton
4277,6,Tom_King,GKP,11,0.8068507220000001,0.0,0.0079084999430551,0.0,1.0658839299630096e-05,6.161,0.6156443625427305,0.0,0.0,0.1,0,0,4.0,1,45,0.0,King
4278,7,Tom_King,GKP,11,0.8068507220000001,0.0,0.0079086464476001,0.0,9.821858319615721e-06,6.161,0.6960071604857812,0.0,0.0,0.1,0,0,4.0,1,45,0.0,King
4279,8,Tom_King,GKP,11,0.8068507220000001,0.0,0.0079087779390426,0.0,1.1943786818446213e-05,6.161,0.6909014090094028,0.0,0.0,0.1,0,0,4.0,1,45,0.0,King
4280,9,Tom_King,GKP,11,0.8068507220000001,0.0,0.0078926617056974,0.0,1.7868629683152102e-05,6.161,0.6789567670765531,0.0,0.0,0.1,0,0,4.0,1,45,0.0,King
4281,10,Tom_King,GKP,11,0.8068507220000001,0.0,0.0078928592768257,0.0,1.092459083619675e-05,6.161,0.6435601609069668,0.0,0.0,0.1,0,0,4.0,1,45,0.0,King
4282,11,Tom_King,GKP,11,0.8068507220000001,0.0,0.0078930570133138,0.0,2.718882620233477e-05,6.161,0.61098667970927,0.0,0.0,0.1,0,0,4.0,1,45,0.0,King
4283,12,Tom_King,GKP,11,0.8068507220000001,0.0,0.0078932408809485,0.0,2.416363702002477e-05,6.161,0.7701278956352788,0.0,0.0,0.1,0,0,4.0,1,45,0.0,King
4284,6,Tom_Watson,MID,36,0.0,0.1257793007882076,0.1307960492736552,0.0,3.553829457415446e-05,4.819493108866443,0.0,0.085880677692756,0.1056084642760237,0.1,5,3,1.0,2,50,0.0,Watson
4285,7,Tom_Watson,MID,36,0.0,0.1260897519059562,0.1311228122735575,0.0,3.611445617200494e-05,4.819493108866443,0.0,0.0822560971477504,0.1524742200371775,0.1,5,3,1.0,2,50,0.0,Watson
4286,8,Tom_Watson,MID,36,0.0,0.1260423874151961,0.1311083748630628,0.0,6.627448823422271e-05,4.819493108866443,0.0,0.070552064626671,0.1127830621923689,0.1,5,3,1.0,2,50,0.0,Watson
4287,9,Tom_Watson,MID,36,0.0,0.1260260698545821,0.1310740891999358,0.0,5.6697743399479476e-05,4.819493108866443,0.0,0.0428645627319718,0.1349551016015938,0.1,5,3,1.0,2,50,0.0,Watson
4288,10,Tom_Watson,MID,36,0.0,0.1260083508611654,0.1310387206726699,0.0,7.508258144412799e-05,4.819493108866443,0.0,0.0790689180878473,0.1448646983763215,0.1,5,3,1.0,2,50,0.0,Watson
4289,11,Tom_Watson,MID,36,0.0,0.1259922859553004,0.131004487690397,0.0,2.790429781997643e-05,4.819493108866443,0.0,0.0842332060993205,0.1188923620107288,0.1,5,3,1.0,2,50,0.0,Watson
4290,12,Tom_Watson,MID,36,0.0,0.1259756002539683,0.1309699808132802,0.0,4.816644942836326e-05,4.819493108866443,0.0,0.0772167805063861,0.0863082180546789,0.1,5,3,1.0,2,50,0.0,Watson
4291,6,Tosin_Adarabioyo,DEF,6,6.391460596549564,0.0646458571930964,0.04346385368005417,0.0,0.002117929803247594,3.422,0.0,0.074235503863792,0.0216228986791694,0.18,6,3,4.0,2,44,0.2,Tosin
4292,7,Tosin_Adarabioyo,DEF,6,5.653331214095349,0.0647828956327644,0.04323704263202445,0.0,0.0013231808774298761,3.422,0.0,0.0440900662312232,0.0342011051202082,0.18,6,3,4.0,2,44,0.2,Tosin
4293,8,Tosin_Adarabioyo,DEF,6,4.606149963911744,0.0649976032070162,0.04289852486142322,0.0,0.0010956674893914623,3.422,0.0,0.0456201977756334,0.02560444811066,0.18,6,3,4.0,2,44,0.2,Tosin
4294,9,Tosin_Adarabioyo,DEF,6,4.176686633096095,0.0650592803801056,0.04279562104483127,0.0,0.0014669530305988444,3.422,0.0,0.0576745797658112,0.0527526549054485,0.18,6,3,4.0,2,44,0.2,Tosin
4295,10,Tosin_Adarabioyo,DEF,6,4.039293761977493,0.0650487451629002,0.04280127086401365,0.0,0.0015778193590363435,3.422,0.0,0.07078655240023,0.0561971162677075,0.18,6,3,4.0,2,44,0.2,Tosin
4296,11,Tosin_Adarabioyo,DEF,6,3.904117624695262,0.0650375641649875,0.04280685611228863,0.0,0.0011989790982274914,3.422,0.0,0.0440900662312232,0.0342011051202082,0.18,6,3,4.0,2,44,0.2,Tosin
4297,12,Tosin_Adarabioyo,DEF,6,3.7658603001144257,0.0650264750186907,0.04281206380581912,0.0,0.0013988774586771605,3.422,0.0,0.0366746478210848,0.040303852137383,0.18,6,3,4.0,2,44,0.2,Tosin
4298,6,Trai_Hume,DEF,56,63.25136566265907,0.08836601842278236,0.08687951495775396,0.0,0.01676517541838325,1.626,0.0,0.0894262475542055,0.1651836631871084,0.22,6,3,4.0,2,43,2.9,Hume
4299,7,Trai_Hume,DEF,56,63.01842175794137,0.08837746790899909,0.08680258757586759,0.0,0.027864138829931568,1.626,0.0,0.0553819610582226,0.1857348552224726,0.22,6,3,4.0,2,43,2.9,Hume
4300,8,Trai_Hume,DEF,56,62.785301956781865,0.08838919004158864,0.08672589486624752,0.0,0.02180987471211638,1.626,0.0,0.1126991599369654,0.1833905663030322,0.22,6,3,4.0,2,43,2.9,Hume
4301,9,Trai_Hume,DEF,56,62.55267326241852,0.08840001027592118,0.08664901351848486,0.0,0.015892088619945635,1.626,0.0,0.1268997194477113,0.1551143810956354,0.22,6,3,4.0,2,43,2.9,Hume
4302,10,Trai_Hume,DEF,56,62.321979628081806,0.08840932536077946,0.08657136890222858,0.0,0.014054161103310923,1.626,0.0,0.1260591051724412,0.1314494178124841,0.22,6,3,4.0,2,43,2.9,Hume
4303,11,Trai_Hume,DEF,56,62.09364993123102,0.08841667109430436,0.0864927279926597,0.0,0.02035646469946037,1.626,0.0,0.1528638217362915,0.0934867601094268,0.22,6,3,4.0,2,43,2.9,Hume
4304,12,Trai_Hume,DEF,56,61.86694696640791,0.08842494966436207,0.08641455638213157,0.0,0.030520603575394455,1.626,0.0,0.1186409762327798,0.0988612668204811,0.22,6,3,4.0,2,43,2.9,Hume
4305,6,Trevoh_Chalobah,DEF,8,0.0,0.022918807777388105,0.025811566588796783,0.0,0.0005609312760659616,2.028,0.0,0.0539343394566716,0.0350964916114288,0.12,6,3,4.0,2,55,0.1,Chalobah
4306,7,Trevoh_Chalobah,DEF,8,0.0,0.02276021163014026,0.02583372780434028,0.0,0.0005734718217787037,2.028,0.0,0.0459456519173773,0.0386203456380479,0.12,6,3,4.0,2,55,0.1,Chalobah
4307,8,Trevoh_Chalobah,DEF,8,0.0,0.02252600123738651,0.02586084229997939,0.0,0.0006737729685536425,2.028,0.0,0.052493727298415,0.0268053738104255,0.12,6,3,4.0,2,55,0.1,Chalobah
4308,9,Trevoh_Chalobah,DEF,8,0.0,0.02249016577635177,0.02587555858104503,0.0,0.000496513592330593,2.028,0.0,0.074235503863792,0.0216228986791694,0.12,6,3,4.0,2,55,0.1,Chalobah
4309,10,Trevoh_Chalobah,DEF,8,0.0,0.02252698898212882,0.025901616495127892,0.0,0.0004030582460511732,2.028,0.0,0.0366746478210848,0.040303852137383,0.12,6,3,4.0,2,55,0.1,Chalobah
4310,11,Trevoh_Chalobah,DEF,8,0.0,0.022564593104990448,0.02592802320736573,0.0,0.000444982756550932,2.028,0.0,0.07078655240023,0.0561971162677075,0.12,6,3,4.0,2,55,0.1,Chalobah
4311,12,Trevoh_Chalobah,DEF,8,0.0,0.022570067668108085,0.02593179369267674,0.0,0.0004701988933933336,2.028,0.0,0.0550530308978321,0.0334376008273799,0.12,6,3,4.0,2,55,0.1,Chalobah
4312,6,Trey_Nyoni,MID,14,9.4247095,0.1112136790323563,0.1370719584067914,0.0,0.00015920380081786286,6.696374260907479,0.0,0.0428645627319718,0.1349551016015938,0.1,5,3,1.0,2,49,0.0,Nyoni
4313,7,Trey_Nyoni,MID,14,9.6167095,0.1114090478993401,0.1370055980981311,0.0,0.00021446811137699716,6.696374260907479,0.0,0.0790689180878473,0.1448646983763215,0.1,5,3,1.0,2,49,0.0,Nyoni
4314,8,Trey_Nyoni,MID,14,9.8087095,0.1114832713986523,0.1371250950577061,0.0,8.317584824266109e-05,6.696374260907479,0.0,0.0957882179850394,0.1113283019034307,0.1,5,3,1.0,2,49,0.0,Nyoni
4315,9,Trey_Nyoni,MID,14,17.473613551706283,0.1113525915906261,0.1368405342270597,0.0,0.00018133591641605816,6.696374260907479,0.0,0.0676432579115817,0.1324297279869411,0.1,5,3,1.0,2,49,0.0,Nyoni
4316,10,Trey_Nyoni,MID,14,17.787838994313265,0.1114230966352575,0.1369525793528374,0.0,0.0002140266486947007,6.696374260907479,0.0,0.0822560971477504,0.1524742200371775,0.1,5,3,1.0,2,49,0.0,Nyoni
4317,11,Trey_Nyoni,MID,14,18.09811170746675,0.1114931890680636,0.137064052432919,0.0,0.00026992193836914026,6.696374260907479,0.0,0.1119957605907742,0.1332858089793131,0.1,5,3,1.0,2,49,0.0,Nyoni
4318,12,Trey_Nyoni,MID,14,18.750738146522856,0.1118336446766461,0.137358928036241,0.0,0.0003332101525629186,6.696374260907479,0.0,0.1053742839427626,0.1147639713719944,0.1,5,3,1.0,2,49,0.0,Nyoni
4319,6,Triston_Rowe,DEF,7,0.0,0.1019391814880618,0.1349125917676758,0.0,0.0003692900427575188,2.3482666597557396,0.0,0.1431241918345089,0.21431463250313,0.1,6,3,4.0,2,40,0.2,Rowe
4320,7,Triston_Rowe,DEF,7,0.0,0.1019528280842573,0.1347894887978769,0.0,0.0002427210309166381,2.3482666597557396,0.0,0.1113458150315947,0.1892932248153172,0.1,6,3,4.0,2,40,0.2,Rowe
4321,8,Triston_Rowe,DEF,7,0.0,0.1019671879855717,0.1346657108227129,0.0,0.0002831896395371417,2.3482666597557396,0.0,0.1260358149771998,0.2023191987723669,0.1,6,3,4.0,2,40,0.2,Rowe
4322,9,Triston_Rowe,DEF,7,0.0,0.1019713868844499,0.1345979029543322,0.0,0.0001407084863370166,2.3482666597557396,0.0,0.150834818620813,0.1861354269404155,0.1,6,3,4.0,2,40,0.2,Rowe
4323,10,Triston_Rowe,DEF,7,0.0,0.1019650277372744,0.1345846750612781,0.0,0.00022426485923585714,2.3482666597557396,0.0,0.1581552595513359,0.175811164019189,0.1,6,3,4.0,2,40,0.2,Rowe
4324,11,Triston_Rowe,DEF,7,0.0,0.1019566856966226,0.1345686334313252,0.0,0.00018204541046251525,2.3482666597557396,0.0,0.1211821165130275,0.1926050362646116,0.1,6,3,4.0,2,40,0.2,Rowe
4325,12,Triston_Rowe,DEF,7,0.0,0.101956384148997,0.1345549831558363,0.0,0.00015431930217423362,2.3482666597557396,0.0,0.1542164581176329,0.1806105923991114,0.1,6,3,4.0,2,40,0.2,Rowe
4326,6,Tyler_Adams,MID,91,70.88076997412661,0.035514087584377685,0.06132180692941799,0.0,0.10730312669529371,4.394,0.0,0.0364051426726112,0.1103782551048467,0.28,5,3,1.0,2,50,0.3,Adams
4327,7,Tyler_Adams,MID,91,70.97896903068047,0.03549914963259931,0.06130497960913635,0.0,0.1448921954129564,4.394,0.0,0.0654788007538232,0.0801186101343322,0.28,5,3,1.0,2,50,0.3,Adams
4328,8,Tyler_Adams,MID,91,71.07624517049234,0.035484467971907,0.06128846091596372,0.0,0.17670542165178466,4.394,0.0,0.0851448500107218,0.0764877641077813,0.28,5,3,1.0,2,50,0.3,Adams
4329,9,Tyler_Adams,MID,91,73.77437417776116,0.035074884359877496,0.06089216688779148,0.0,0.19482461612843355,4.394,0.0,0.1032922855340508,0.10390984845412,0.28,5,3,1.0,2,50,0.3,Adams
4330,10,Tyler_Adams,MID,91,73.88886024419409,0.03505837466053296,0.060873483778272446,0.0,0.1548414602307127,4.394,0.0,0.0568772559482958,0.0901681033145862,0.28,5,3,1.0,2,50,0.3,Adams
4331,11,Tyler_Adams,MID,91,74.00208437513636,0.03504204854640832,0.060855187176690174,0.0,0.20786528499663384,4.394,0.0,0.0745833114716031,0.0768185326234935,0.28,5,3,1.0,2,50,0.3,Adams
4332,12,Tyler_Adams,MID,91,74.11657555459134,0.03502589650736603,0.060836931985215656,0.0,0.14469573166213098,4.394,0.0,0.043644761687276,0.0738034067651066,0.28,5,3,1.0,2,50,0.3,Adams
4333,6,Tyler_Bindon,DEF,17,0.0,0.0393742896324264,0.0662462924477007,0.0,0.00041356231976070936,2.232444898834902,0.0,0.0576745797658112,0.0527526549054485,0.1,6,3,4.0,2,40,0.1,Bindon
4334,7,Tyler_Bindon,DEF,17,0.0,0.0393606365114461,0.0662289441025755,0.0,0.000363033030462668,2.232444898834902,0.0,0.0283871455110724,0.0678417594345503,0.1,6,3,4.0,2,40,0.1,Bindon
4335,8,Tyler_Bindon,DEF,17,0.0,0.0393463675438417,0.0662112397251041,0.0,0.0003452910748931279,2.232444898834902,0.0,0.0440900662312232,0.0342011051202082,0.1,6,3,4.0,2,40,0.1,Bindon
4336,9,Tyler_Bindon,DEF,17,0.0,0.0392656077745014,0.0661319508769855,0.0,0.0008261171347860504,2.232444898834902,0.0,0.0764095249963934,0.0286394203968533,0.1,6,3,4.0,2,40,0.1,Bindon
4337,10,Tyler_Bindon,DEF,17,0.0,0.0392500985956539,0.0661131727832356,0.0,0.0006335581324546479,2.232444898834902,0.0,0.0297669938520948,0.018348571633679,0.1,6,3,4.0,2,40,0.1,Bindon
4338,11,Tyler_Bindon,DEF,17,0.0,0.0392350846979525,0.0660949715722605,0.0,0.0005668570649877891,2.232444898834902,0.0,0.0539343394566716,0.0350964916114288,0.1,6,3,4.0,2,40,0.1,Bindon
4339,12,Tyler_Bindon,DEF,17,0.0,0.0392198918861272,0.0660763212639692,0.0,0.00029855272237222464,2.232444898834902,0.0,0.0456201977756334,0.02560444811066,0.1,6,3,4.0,2,40,0.1,Bindon
4340,6,Tyler_Dibling,MID,11,3.098917881,0.08960872482817932,0.13096644704892102,0.0,2.445270916911704e-05,1.0,0.0,0.1268997194477113,0.1551143810956354,0.12,5,3,1.0,2,54,0.0,Dibling
4341,7,Tyler_Dibling,MID,11,2.945917881,0.08958849658317747,0.13096908338601804,0.0,2.212542134564107e-05,1.0,0.0,0.1260591051724412,0.1314494178124841,0.12,5,3,1.0,2,54,0.0,Dibling
4342,8,Tyler_Dibling,MID,11,2.792917881,0.08956725369371146,0.1309714495635863,0.0,2.683253648925963e-05,1.0,0.0,0.076157361279352,0.1133288670034329,0.12,5,3,1.0,2,54,0.0,Dibling
4343,9,Tyler_Dibling,MID,11,2.639917881,0.0909097195594268,0.13068143928551812,0.0,4.051313369452176e-05,1.0,0.0,0.0971874929788598,0.199350807499842,0.12,5,3,1.0,2,54,0.0,Dibling
4344,10,Tyler_Dibling,MID,11,2.486917881,0.09088268099395884,0.13068499456153318,0.0,2.376183455550772e-05,1.0,0.0,0.1268997194477113,0.1551143810956354,0.12,5,3,1.0,2,54,0.0,Dibling
4345,11,Tyler_Dibling,MID,11,2.333917881,0.09085647398235878,0.1306885528131829,0.0,6.144996458318127e-05,1.0,0.0,0.1240191589748917,0.1296590777735466,0.12,5,3,1.0,2,54,0.0,Dibling
4346,12,Tyler_Dibling,MID,11,2.180917881,0.09083008944323376,0.13069186149597062,0.0,5.3504850599588426e-05,1.0,0.0,0.1222370154519599,0.1239528530149927,0.12,5,3,1.0,2,54,0.0,Dibling
4347,6,Tyler_Fletcher,MID,1,1.54899892,0.1311249421001763,0.1594640168810509,0.0,0.00011148242315366649,5.515630658420944,0.0,0.0518416411242582,0.115884505791489,0.1,5,3,1.0,2,44,0.3,Fletcher
4348,7,Tyler_Fletcher,MID,1,1.54899892,0.1300928853811958,0.1589154393500331,0.0,7.188861573764661e-05,5.515630658420944,0.0,0.0928778036155075,0.1172272670252035,0.1,5,3,1.0,2,44,0.3,Fletcher
4349,8,Tyler_Fletcher,MID,1,1.54899892,0.1283888943245694,0.1590305155141569,0.0,9.18323037002022e-05,5.515630658420944,0.0,0.0866961224313779,0.114569503221635,0.1,5,3,1.0,2,44,0.3,Fletcher
4350,9,Tyler_Fletcher,MID,1,1.54899892,0.128082968098464,0.1591068956921023,0.0,4.6635317951544586e-05,5.515630658420944,0.0,0.0533112851817121,0.0911547974260361,0.1,5,3,1.0,2,44,0.3,Fletcher
4351,10,Tyler_Fletcher,MID,1,1.54899892,0.1281446192230374,0.1591198555175363,0.0,7.068863058822976e-05,5.515630658420944,0.0,0.0858497032968192,0.1237171984305226,0.1,5,3,1.0,2,44,0.3,Fletcher
4352,11,Tyler_Fletcher,MID,1,1.54899892,0.1282035582200607,0.1591305793420627,0.0,0.00012074757923391568,5.515630658420944,0.0,0.070552064626671,0.1127830621923689,0.1,5,3,1.0,2,44,0.3,Fletcher
4353,12,Tyler_Fletcher,MID,1,1.54899892,0.1282632535383659,0.1591412307819746,0.0,0.00013679456981404058,5.515630658420944,0.0,0.0790689180878473,0.1448646983763215,0.1,5,3,1.0,2,44,0.3,Fletcher
4354,6,Tyler_Fredricson,DEF,1,0.0,0.0274131329278649,0.0255303121033662,0.0,0.0006561489309923561,4.389027702589808,0.0,0.052493727298415,0.0268053738104255,0.1,6,3,4.0,2,40,0.0,Fredricson
4355,7,Tyler_Fredricson,DEF,1,0.0,0.0271886214713168,0.0254383119396368,0.0,0.00043334119092092383,4.389027702589808,0.0,0.07078655240023,0.0561971162677075,0.1,6,3,4.0,2,40,0.0,Fredricson
4356,8,Tyler_Fredricson,DEF,1,0.0,0.0268179388266206,0.0254576109909871,0.0,0.0005462576129614784,4.389027702589808,0.0,0.0539343394566716,0.0350964916114288,0.1,6,3,4.0,2,40,0.0,Fredricson
4357,9,Tyler_Fredricson,DEF,1,0.0,0.0267513882762913,0.0254704204636311,0.0,0.00028770107224330445,4.389027702589808,0.0,0.0456201977756334,0.02560444811066,0.1,6,3,4.0,2,40,0.0,Fredricson
4358,10,Tyler_Fredricson,DEF,1,0.0,0.0267647997327755,0.0254725939140449,0.0,0.0004264949918784882,4.389027702589808,0.0,0.0430008805695656,0.0202850875521248,0.1,6,3,4.0,2,40,0.0,Fredricson
4359,11,Tyler_Fredricson,DEF,1,0.0,0.0267776211987142,0.0254743923719774,0.0,0.0007075683765045605,4.389027702589808,0.0,0.0345883844346893,0.02331174536266,0.1,6,3,4.0,2,40,0.0,Fredricson
4360,12,Tyler_Fredricson,DEF,1,0.0,0.0267906071932001,0.0254761786905203,0.0,0.0007961019649980626,4.389027702589808,0.0,0.0764095249963934,0.0286394203968533,0.1,6,3,4.0,2,40,0.0,Fredricson
4361,6,Tyrick_Mitchell,DEF,31,84.35135713523903,0.062018583493492714,0.10279267153418331,0.0,0.12907672832557415,1.126,0.0,0.0285964169370974,0.1492089246577317,0.12,6,3,4.0,2,45,6.0,Mitchell
4362,7,Tyrick_Mitchell,DEF,31,81.81485089555272,0.06321490749383378,0.10554460188704257,0.0,0.07771088995377512,1.126,0.0,0.0412327183450526,0.0602148218469212,0.12,6,3,4.0,2,45,6.0,Mitchell
4363,8,Tyrick_Mitchell,DEF,31,81.79179882257903,0.06322487196209792,0.1055606364140492,0.0,0.12201598450426657,1.126,0.0,0.0411458912848495,0.1064743529883166,0.12,6,3,4.0,2,45,6.0,Mitchell
4364,9,Tyrick_Mitchell,DEF,31,81.76587626506372,0.06323422946419618,0.10557600717473381,0.0,0.14913863010033843,1.126,0.0,0.0507205798974058,0.0806429687371418,0.12,6,3,4.0,2,45,6.0,Mitchell
4365,10,Tyrick_Mitchell,DEF,31,81.74286433103784,0.06324395037025196,0.10559168305916627,0.0,0.15916718937427762,1.126,0.0,0.0212858080619217,0.1123301891473402,0.12,6,3,4.0,2,45,6.0,Mitchell
4366,11,Tyrick_Mitchell,DEF,31,81.71736612685059,0.06325309325958405,0.10560689267695128,0.0,0.07720856766528307,1.126,0.0,0.0432402221981642,0.1043281347865106,0.12,6,3,4.0,2,45,6.0,Mitchell
4367,12,Tyrick_Mitchell,DEF,31,81.69399280857722,0.06326274655153823,0.10562267589268781,0.0,0.07532487459876383,1.126,0.0,0.0432402221981642,0.1043281347865106,0.12,6,3,4.0,2,45,6.0,Mitchell
4368,6,Tyrique_George,MID,11,58.22897777278301,0.11524076680487587,0.12998953061965804,0.0,0.001962775583519374,1.6439686002562457,0.0,0.150737295523736,0.1390624159116826,0.2116804932735426,5,3,1.0,2,55,0.9,George
4369,7,Tyrique_George,MID,11,58.30710210310458,0.11521481754455491,0.12999224176329055,0.0,0.0018132447861893264,1.6439686002562457,0.0,0.1486543353660969,0.1189228792264125,0.2116804932735426,5,3,1.0,2,55,0.9,George
4370,8,Tyrique_George,MID,11,58.38756076586273,0.1151875666748589,0.12999467508156942,0.0,0.0022445034177841893,1.6439686002562457,0.0,0.1288957249246875,0.0569416754282649,0.2116804932735426,5,3,1.0,2,55,0.9,George
4371,9,Tyrique_George,MID,11,59.30191411371581,0.1169097129222652,0.1296964357101237,0.0,0.00372317175964954,1.6439686002562457,0.0,0.2069194075756547,0.1443916359282739,0.2116804932735426,5,3,1.0,2,55,0.9,George
4372,10,Tyrique_George,MID,11,59.37744251344991,0.11687502722541057,0.12970009186772993,0.0,0.0022314952002501494,1.6439686002562457,0.0,0.150737295523736,0.1390624159116826,0.2116804932735426,5,3,1.0,2,55,0.9,George
4373,11,Tyrique_George,MID,11,59.45257418023357,0.11684140826508144,0.12970375108540494,0.0,0.005872594943447425,1.6439686002562457,0.0,0.1841742556698727,0.1303583338431828,0.2116804932735426,5,3,1.0,2,55,0.9,George
4374,12,Tyrique_George,MID,11,59.52916606260384,0.11680756156833916,0.1297071536526571,0.0,0.005221779436778637,1.6439686002562457,0.0,0.162531339725311,0.1137100266743979,0.2116804932735426,5,3,1.0,2,55,0.9,George
4375,6,Tyrone_Mings,DEF,7,71.99981026864252,0.0501671289440323,0.01775820930544848,0.0,0.15467190309567314,1.9859999999999998,0.0,0.0764095249963934,0.0286394203968533,0.15,6,3,4.0,2,45,0.4,Mings
4376,7,Tyrone_Mings,DEF,7,71.80660534949496,0.05017286459380357,0.017741463422420983,0.0,0.10451849681682107,1.9859999999999998,0.0,0.0441562832773488,0.040413775623652,0.15,6,3,4.0,2,45,0.4,Mings
4377,8,Tyrone_Mings,DEF,7,71.611724210621,0.05017890004495262,0.017724625717393434,0.0,0.11868126338906615,1.9859999999999998,0.0,0.0297669938520948,0.018348571633679,0.15,6,3,4.0,2,45,0.4,Mings
4378,9,Tyrone_Mings,DEF,7,71.49090005222041,0.05018066483765586,0.01771540171057943,0.0,0.0614246582125566,1.9859999999999998,0.0,0.0323786694324084,0.0238084655632736,0.15,6,3,4.0,2,45,0.4,Mings
4379,10,Tyrone_Mings,DEF,7,71.44716892652886,0.05017799209490599,0.017713602300295995,0.0,0.09472957536967659,1.9859999999999998,0.0,0.074235503863792,0.0216228986791694,0.15,6,3,4.0,2,45,0.4,Mings
4380,11,Tyrone_Mings,DEF,7,71.40875258547497,0.05017448594415085,0.017711420133129693,0.0,0.07781211157248624,1.9859999999999998,0.0,0.0366746478210848,0.040303852137383,0.15,6,3,4.0,2,45,0.4,Mings
4381,12,Tyrone_Mings,DEF,7,71.35806941206245,0.05017435920400656,0.017709563265525342,0.0,0.06637713757114481,1.9859999999999998,0.0,0.0440900662312232,0.0342011051202082,0.15,6,3,4.0,2,45,0.4,Mings
4382,6,Vakhtang_Salia,FWD,4,0.0,0.259362699552133,0.113456713200182,0.0,1.5667389248248994e-05,1.472,0.0,0.2767363309065365,0.1027633521295426,0.1,4,3,0.0,2,45,0.0,Salia
4383,7,Vakhtang_Salia,FWD,4,0.0,0.2598055855288527,0.1133036069197336,0.0,2.1224764687748238e-05,1.472,0.0,0.2104660919951334,0.0966017152127772,0.1,4,3,0.0,2,45,0.0,Salia
4384,8,Vakhtang_Salia,FWD,4,0.0,0.260262672305089,0.1131427121678853,0.0,1.9756672390455833e-05,1.472,0.0,0.508906701575971,0.1270447035747427,0.1,4,3,0.0,2,45,0.0,Salia
4385,9,Vakhtang_Salia,FWD,4,0.0,0.2604802183422242,0.112974890748717,0.0,2.822609634827838e-05,1.472,0.0,0.2321652746293105,0.0710294967935649,0.1,4,3,0.0,2,45,0.0,Salia
4386,10,Vakhtang_Salia,FWD,4,0.0,0.2603850146451207,0.1128555531853314,0.0,1.4810406764649189e-05,1.472,0.0,0.251881030599128,0.0913042928657778,0.1,4,3,0.0,2,45,0.0,Salia
4387,11,Vakhtang_Salia,FWD,4,0.0,0.2602685701835534,0.1127578637199296,0.0,1.7215044663092262e-05,1.472,0.0,0.2686708389316911,0.1234648585781471,0.1,4,3,0.0,2,45,0.0,Salia
4388,12,Vakhtang_Salia,FWD,4,0.0,0.2602623787669904,0.1127334857858461,0.0,1.5657682386228513e-05,1.472,0.0,0.2378841599042031,0.0988234500197675,0.1,4,3,0.0,2,45,0.0,Salia
4389,6,Valentín_Barco,MID,8,24.4137301338921,0.0288024075082919,0.1632724812550038,0.0,0.00043634466731758614,3.1033732974447314,0.0,0.0510108756375665,0.0615884901660233,0.177676916451335,5,3,1.0,2,54,0.1,Barco
4390,7,Valentín_Barco,MID,8,23.018258926870715,0.0285957195302741,0.1634174809176412,0.0,0.0003943389775745188,3.1033732974447314,0.0,0.0485686283444027,0.1304268182787266,0.177676916451335,5,3,1.0,2,54,0.1,Barco
4391,8,Valentín_Barco,MID,8,21.43740215033821,0.0282904884553135,0.163594889630287,0.0,0.00040607216272299464,3.1033732974447314,0.0,0.0507205798974058,0.0806429687371418,0.177676916451335,5,3,1.0,2,54,0.1,Barco
4392,9,Valentín_Barco,MID,8,20.1440503979154,0.0282437864445072,0.1636911774799133,0.0,0.00026196031521878493,3.1033732974447314,0.0,0.0428987940978528,0.0818561894866903,0.177676916451335,5,3,1.0,2,54,0.1,Barco
4393,10,Valentín_Barco,MID,8,19.774649515774502,0.0282917757183846,0.1638616730352504,0.0,0.0002033235820107689,3.1033732974447314,0.0,0.0506062441125376,0.0961300594458143,0.177676916451335,5,3,1.0,2,54,0.1,Barco
4394,11,Valentín_Barco,MID,8,19.403268084669484,0.0283407827103847,0.1640344507584904,0.0,0.000218374005039962,3.1033732974447314,0.0,0.0213032915553581,0.1622903307898582,0.177676916451335,5,3,1.0,2,54,0.1,Barco
4395,12,Valentín_Barco,MID,8,19.42934767010281,0.0283479173501661,0.1640591208447047,0.0,0.00023201476627841738,3.1033732974447314,0.0,0.0285964169370974,0.1492089246577317,0.177676916451335,5,3,1.0,2,54,0.1,Barco
4396,6,Veljko_Milosavljevic,DEF,91,0.0,0.0381246068901037,0.0765487084050833,0.0,0.00027655384298142573,2.4302934520100874,0.0,0.0456201977756334,0.02560444811066,0.1255012980269989,6,3,4.0,2,49,0.0,Milosavljević
4397,7,Veljko_Milosavljevic,DEF,91,0.0,0.0381089134440229,0.0765271176407413,0.0,0.00037730618662876425,2.4302934520100874,0.0,0.0366746478210848,0.040303852137383,0.1255012980269989,6,3,4.0,2,49,0.0,Milosavljević
4398,8,Veljko_Milosavljevic,DEF,91,0.0,0.0380934892510767,0.0765059228690511,0.0,0.0004647927807189986,2.4302934520100874,0.0,0.074235503863792,0.0216228986791694,0.1255012980269989,6,3,4.0,2,49,0.0,Milosavljević
4399,9,Veljko_Milosavljevic,DEF,91,0.0,0.0376631907452088,0.0759974467225712,0.0,0.0004165529896023809,2.4302934520100874,0.0,0.07078655240023,0.0561971162677075,0.1255012980269989,6,3,4.0,2,49,0.0,Milosavljević
4400,10,Veljko_Milosavljevic,DEF,91,0.0,0.0376458460596511,0.0759734748358982,0.0,0.0003198492272561533,2.4302934520100874,0.0,0.0440900662312232,0.0342011051202082,0.1255012980269989,6,3,4.0,2,49,0.0,Milosavljević
4401,11,Veljko_Milosavljevic,DEF,91,0.0,0.0376286942442265,0.0759499988690533,0.0,0.00044015865465375076,2.4302934520100874,0.0,0.0550530308978321,0.0334376008273799,0.1255012980269989,6,3,4.0,2,49,0.0,Milosavljević
4402,12,Veljko_Milosavljevic,DEF,91,0.0,0.0376117253078177,0.0759265760346063,0.0,0.0002916424880474628,2.4302934520100874,0.0,0.0323786694324084,0.0238084655632736,0.1255012980269989,6,3,4.0,2,49,0.0,Milosavljević
4403,6,Victor_Lindelöf,DEF,7,78.85900000000001,0.03623948358591419,0.030356257146016124,0.0,0.0832442973052947,1.158,0.0,0.0764095249963934,0.0286394203968533,0.02,6,3,4.0,2,45,0.3,Lindelöf
4404,7,Victor_Lindelöf,DEF,7,79.036,0.036244255503829405,0.030329779467391363,0.0,0.05667242168346527,1.158,0.0,0.0441562832773488,0.040413775623652,0.02,6,3,4.0,2,45,0.3,Lindelöf
4405,8,Victor_Lindelöf,DEF,7,79.213,0.036249276849032445,0.030303156604819012,0.0,0.06650063104444531,1.158,0.0,0.0297669938520948,0.018348571633679,0.02,6,3,4.0,2,45,0.3,Lindelöf
4406,9,Victor_Lindelöf,DEF,7,79.39,0.03625074511265603,0.030288572107384473,0.0,0.034421379496971105,1.158,0.0,0.0323786694324084,0.0238084655632736,0.02,6,3,4.0,2,45,0.3,Lindelöf
4407,10,Victor_Lindelöf,DEF,7,79.56700000000001,0.036248521457182076,0.030285726977801134,0.0,0.05466482507367859,1.158,0.0,0.074235503863792,0.0216228986791694,0.02,6,3,4.0,2,45,0.3,Lindelöf
4408,11,Victor_Lindelöf,DEF,7,79.744,0.036245604426981604,0.03028227665387155,0.0,0.04534658598374517,1.158,0.0,0.0366746478210848,0.040303852137383,0.02,6,3,4.0,2,45,0.3,Lindelöf
4409,12,Victor_Lindelöf,DEF,7,79.924,0.03624549898233468,0.030279340675900143,0.0,0.039192647315745927,1.158,0.0,0.0440900662312232,0.0342011051202082,0.02,6,3,4.0,2,45,0.3,Lindelöf
4410,6,Victor_Munoz,MID,14,9.966,0.1515810072160338,0.1841225846307637,0.0,9.45380683960346e-05,3.8297910875539847,0.0,0.1674484816301701,0.1685309160814939,0.1,5,3,1.0,2,65,0.9,Munoz
4411,7,Victor_Munoz,MID,14,8.211,0.1518553713886452,0.1840287023716465,0.0,0.00010702870380537648,3.8297910875539847,0.0,0.1841742556698727,0.1303583338431828,0.1,5,3,1.0,2,65,0.9,Munoz
4412,8,Victor_Munoz,MID,14,6.4590000000000005,0.1519596063637028,0.1841977589168768,0.0,3.488993527922805e-05,3.8297910875539847,0.0,0.1614820231045773,0.1551187159815836,0.1,5,3,1.0,2,65,0.9,Munoz
4413,9,Victor_Munoz,MID,14,4.704,0.151776087577114,0.1837951807164939,0.0,3.2794403501144645e-05,3.8297910875539847,0.0,0.1288957249246875,0.0569416754282649,0.1,5,3,1.0,2,65,0.9,Munoz
4414,10,Victor_Munoz,MID,14,2.952,0.1518751005802288,0.183953694890756,0.0,3.2184028965595495e-05,3.8297910875539847,0.0,0.1069834175421901,0.1070778805233272,0.1,5,3,1.0,2,65,0.9,Munoz
4415,11,Victor_Munoz,MID,14,1.197,0.151973534136353,0.1841113997718826,0.0,3.375294122828061e-05,3.8297910875539847,0.0,0.1396329057693053,0.09073077750478,0.1,5,3,1.0,2,65,0.9,Munoz
4416,12,Victor_Munoz,MID,14,0.0,0.1524516493181715,0.1845285706434062,0.0,3.53232786261137e-05,3.8297910875539847,0.0,0.147935998121608,0.1428338544994659,0.1,5,3,1.0,2,65,0.9,Munoz
4417,6,Victor_Torp,MID,9,0.0,0.1451522942371561,0.1343393069939382,0.0,5.608292597514651e-05,2.6258925714724732,0.0,0.0772167805063861,0.0863082180546789,0.1,5,3,1.0,2,53,0.1,Torp
4418,7,Victor_Torp,MID,9,0.0,0.1190122388691466,0.1255372167640669,0.0,7.124563273314249e-05,2.6258925714724732,0.0,0.0518416411242582,0.115884505791489,0.1,5,3,1.0,2,53,0.1,Torp
4419,8,Victor_Torp,MID,9,0.0,0.119014731204411,0.1254083684623673,0.0,3.1522676263690765e-05,2.6258925714724732,0.0,0.0936735501911697,0.0888189627888669,0.1,5,3,1.0,2,53,0.1,Torp
4420,9,Victor_Torp,MID,9,0.0,0.1227646376916117,0.129821594029794,0.0,4.1379320336648034e-05,2.6258925714724732,0.0,0.085880677692756,0.1056084642760237,0.1,5,3,1.0,2,53,0.1,Torp
4421,10,Victor_Torp,MID,9,0.0,0.1228354772088177,0.1299531010010799,0.0,6.007606130331017e-05,2.6258925714724732,0.0,0.1053742839427626,0.1147639713719944,0.1,5,3,1.0,2,53,0.1,Torp
4422,11,Victor_Torp,MID,9,0.0,0.1229055361967465,0.1300837556326505,0.0,4.205017572506517e-05,2.6258925714724732,0.0,0.0822560971477504,0.1524742200371775,0.1,5,3,1.0,2,53,0.1,Torp
4423,12,Victor_Torp,MID,9,0.0,0.1229771334212113,0.1302159272713874,0.0,4.5941694434561415e-05,2.6258925714724732,0.0,0.0928778036155075,0.1172272670252035,0.1,5,3,1.0,2,53,0.1,Torp
4424,6,Viktor_Gyökeres,FWD,3,24.48966122004765,0.2504570602848605,0.08132191304382358,0.05,7.287887739599387e-05,1.0,0.0,0.3479730393459483,0.0845739406189787,0.13,4,3,0.0,2,71,3.1,Gyökeres
4425,7,Viktor_Gyökeres,FWD,3,23.63888309903452,0.25177756200564744,0.08139909123919148,0.05,7.159878247963389e-05,1.0,0.0,0.3397560761522099,0.0551267835339054,0.13,4,3,0.0,2,71,3.1,Gyökeres
4426,8,Viktor_Gyökeres,FWD,3,22.78904625374811,0.25311937941168966,0.08147653357096876,0.05,8.187017165059936e-05,1.0,0.0,0.2321652746293105,0.0710294967935649,0.13,4,3,0.0,2,71,3.1,Gyökeres
4427,9,Viktor_Gyökeres,FWD,3,21.957472317130147,0.25444543479829307,0.08155192418025412,0.05,9.763302549424402e-05,1.0,0.0,0.3273316394954414,0.1139094893887378,0.13,4,3,0.0,2,71,3.1,Gyökeres
4428,10,Viktor_Gyökeres,FWD,3,21.688192594599915,0.25448808342482193,0.081530715423916,0.05,4.013118256841061e-05,1.0,0.0,0.2767363309065365,0.1027633521295426,0.13,4,3,0.0,2,71,3.1,Gyökeres
4429,11,Viktor_Gyökeres,FWD,3,21.418886081944155,0.2545294840134495,0.08150915572394382,0.05,6.762473548486629e-05,1.0,0.0,0.2701720012960522,0.1526573698912118,0.13,4,3,0.0,2,71,3.1,Gyökeres
4430,12,Viktor_Gyökeres,FWD,3,21.17076645900537,0.254577879338991,0.08149734336578468,0.05,7.78575575104386e-05,1.0,0.0,0.2852550995514115,0.114829839288796,0.13,4,3,0.0,2,71,3.1,Gyökeres
4431,6,Virgil_van Dijk,DEF,14,90.0,0.06585492970937895,0.0175899357871878,0.0,0.5225904614755973,2.168,0.0,0.0297669938520948,0.018348571633679,0.12,6,3,4.0,2,65,16.3,Virgil
4432,7,Virgil_van Dijk,DEF,14,90.0,0.06596237842183288,0.017581810503861223,0.0,0.6082405482142512,2.168,0.0,0.0764095249963934,0.0286394203968533,0.12,6,3,4.0,2,65,16.3,Virgil
4433,8,Virgil_van Dijk,DEF,14,90.0,0.06600319976434273,0.01759644194052591,0.0,0.34283978201972803,2.168,0.0,0.0265768898928847,0.0315855885698299,0.12,6,3,4.0,2,65,16.3,Virgil
4434,9,Virgil_van Dijk,DEF,14,90.0,0.06593132865543518,0.017561599767254986,0.0,0.36503005011229533,2.168,0.0,0.0283871455110724,0.0678417594345503,0.12,6,3,4.0,2,65,16.3,Virgil
4435,10,Virgil_van Dijk,DEF,14,90.0,0.06597010492713146,0.01757531878711315,0.0,0.39889405315996235,2.168,0.0,0.0576745797658112,0.0527526549054485,0.12,6,3,4.0,2,65,16.3,Virgil
4436,11,Virgil_van Dijk,DEF,14,90.0,0.06600865427111875,0.017588967764600456,0.0,0.452610360951671,2.168,0.0,0.074235503863792,0.0216228986791694,0.12,6,3,4.0,2,65,16.3,Virgil
4437,12,Virgil_van Dijk,DEF,14,90.0,0.06619589759885389,0.01762507289839901,0.0,0.4952141205114941,2.168,0.0,0.0459456519173773,0.0386203456380479,0.12,6,3,4.0,2,65,16.3,Virgil
4438,6,Vitalii_Mykolenko,DEF,11,90.0,0.006823532713481511,0.05372111462314709,0.0,0.16744213994721502,2.09,0.0,0.0432402221981642,0.1043281347865106,0.2,6,3,4.0,2,46,4.2,Mykolenko
4439,7,Vitalii_Mykolenko,DEF,11,90.0,0.006821783750481524,0.05372215889636327,0.0,0.1560741372873379,2.09,0.0,0.0631097915681744,0.0640934742919765,0.2,6,3,4.0,2,46,4.2,Mykolenko
4440,8,Vitalii_Mykolenko,DEF,11,90.0,0.006819947059869619,0.05372309615733114,0.0,0.18444989064228498,2.09,0.0,0.0256302332947076,0.1059606075008729,0.2,6,3,4.0,2,46,4.2,Mykolenko
4441,9,Vitalii_Mykolenko,DEF,11,90.0,0.006936018579061573,0.05360822087596026,0.0,0.256755037317555,2.09,0.0,0.0411458912848495,0.1064743529883166,0.2,6,3,4.0,2,46,4.2,Mykolenko
4442,10,Vitalii_Mykolenko,DEF,11,90.0,0.006933680786011714,0.05360962914788529,0.0,0.17100297107248402,2.09,0.0,0.0432402221981642,0.1043281347865106,0.2,6,3,4.0,2,46,4.2,Mykolenko
4443,11,Vitalii_Mykolenko,DEF,11,90.0,0.0069314148902987725,0.053611038598481944,0.0,0.35432593226230946,2.09,0.0,0.0423145101603038,0.1030106613875299,0.2,6,3,4.0,2,46,4.2,Mykolenko
4444,12,Vitalii_Mykolenko,DEF,11,90.0,0.006929133645301988,0.05361234919295027,0.0,0.3244979202358312,2.09,0.0,0.0212858080619217,0.1123301891473402,0.2,6,3,4.0,2,46,4.2,Mykolenko
4445,6,Vitaly_Janelt,MID,94,77.64139895710284,0.041551960268450365,0.1121769064236662,0.0,0.1923711741145351,6.288,0.0,0.0452432190095615,0.0673878343702392,0.28,5,3,1.0,2,50,2.5,Janelt
4446,7,Vitaly_Janelt,MID,94,77.97854058601135,0.04149829128919513,0.1124946117848984,0.0,0.30302734783351876,6.288,0.0,0.0369063418813318,0.0691813954789699,0.28,5,3,1.0,2,50,2.5,Janelt
4447,8,Vitaly_Janelt,MID,94,78.05940663348412,0.04148194015214101,0.1125931387921443,0.0,0.1496331288731216,6.288,0.0,0.0568772559482958,0.0901681033145862,0.28,5,3,1.0,2,50,2.5,Janelt
4448,9,Vitaly_Janelt,MID,94,78.13754523011661,0.041465711728878085,0.1126916032709629,0.0,0.21213397292503225,6.288,0.0,0.0745833114716031,0.0768185326234935,0.28,5,3,1.0,2,50,2.5,Janelt
4449,10,Vitaly_Janelt,MID,94,78.09762706132747,0.04146653942482438,0.1126866835096138,0.0,0.15340305540184032,6.288,0.0,0.0339066031345481,0.0862882361652565,0.28,5,3,1.0,2,50,2.5,Janelt
4450,11,Vitaly_Janelt,MID,94,77.76605963367936,0.04146179459172086,0.1124935003990017,0.0,0.24537625693220252,6.288,0.0,0.0684445445946984,0.0929980432435829,0.28,5,3,1.0,2,50,2.5,Janelt
4451,12,Vitaly_Janelt,MID,94,77.70450645062986,0.04146295207930413,0.1124762586223195,0.0,0.2158023134545541,6.288,0.0,0.0851448500107218,0.0764877641077813,0.28,5,3,1.0,2,50,2.5,Janelt
4452,6,Vitezslav_Jaros,GKP,14,0.0,0.0,1.1100744409649505e-05,0.0,2.1016470808520747e-05,6.066475991389239,0.7109352483698361,0.0,0.0,0.1,0,0,4.0,1,40,0.0,Jaros
4453,7,Vitezslav_Jaros,GKP,14,0.0,0.0,1.109205412450768e-05,0.0,2.7407932450549394e-05,6.066475991389239,0.5555145790208543,0.0,0.0,0.1,0,0,4.0,1,40,0.0,Jaros
4454,8,Vitezslav_Jaros,GKP,14,0.0,0.0,1.1107702976558728e-05,0.0,1.1006168769615056e-05,6.066475991389239,0.7009514164749842,0.0,0.0,0.1,0,0,4.0,1,40,0.0,Jaros
4455,9,Vitezslav_Jaros,GKP,14,0.0,0.0,1.1070438008862937e-05,0.0,1.2040039224013275e-05,6.066475991389239,0.63324394447024,0.0,0.0,0.1,0,0,4.0,1,40,0.0,Jaros
4456,10,Vitezslav_Jaros,GKP,14,0.0,0.0,1.108511099805506e-05,0.0,1.371641065724268e-05,6.066475991389239,0.5628971790659003,0.0,0.0,0.1,0,0,4.0,1,40,0.0,Jaros
4457,11,Vitezslav_Jaros,GKP,14,0.0,0.0,1.1099709074391686e-05,0.0,1.664274615592281e-05,6.066475991389239,0.850063679889686,0.0,0.0,0.1,0,0,4.0,1,40,0.0,Jaros
4458,12,Vitezslav_Jaros,GKP,14,0.0,0.0,1.1138324824166914e-05,0.0,1.9223460731873926e-05,6.066475991389239,0.6486604019222526,0.0,0.0,0.1,0,0,4.0,1,40,0.0,Jaros
4459,6,Vitor_de Oliveira Nunes dos Reis,DEF,43,3.2609195,0.0392182041440118,0.0558629057777729,0.0,0.00047396319303254946,4.18375,0.0,0.0345883844346893,0.02331174536266,0.1,6,3,4.0,2,45,0.0,Vitor Reis
4460,7,Vitor_de Oliveira Nunes dos Reis,DEF,43,3.2609195,0.0382177882457405,0.0550519442819198,0.0,0.0002228639215174139,4.18375,0.0,0.0440900662312232,0.0342011051202082,0.1,6,3,4.0,2,45,0.0,Vitor Reis
4461,8,Vitor_de Oliveira Nunes dos Reis,DEF,43,3.2609195,0.0382125219677149,0.0550380588954009,0.0,0.0002856659641061384,4.18375,0.0,0.0430008805695656,0.0202850875521248,0.1,6,3,4.0,2,45,0.0,Vitor Reis
4462,9,Vitor_de Oliveira Nunes dos Reis,DEF,43,3.2609195,0.0382070345403022,0.0550241989492855,0.0,0.00021419937782083995,4.18375,0.0,0.0265768898928847,0.0315855885698299,0.1,6,3,4.0,2,45,0.0,Vitor Reis
4463,10,Vitor_de Oliveira Nunes dos Reis,DEF,43,3.2609195,0.0382016304400425,0.0550100565142089,0.0,0.0003067021764189838,4.18375,0.0,0.0550530308978321,0.0334376008273799,0.1,6,3,4.0,2,45,0.0,Vitor Reis
4464,11,Vitor_de Oliveira Nunes dos Reis,DEF,43,3.2609195,0.0381963657483512,0.0549961655259861,0.0,0.00020320859103022237,4.18375,0.0,0.0323786694324084,0.0238084655632736,0.1,6,3,4.0,2,45,0.0,Vitor Reis
4465,12,Vitor_de Oliveira Nunes dos Reis,DEF,43,3.2609195,0.0381907872978407,0.0549821749813409,0.0,0.00023431650285245492,4.18375,0.0,0.0283871455110724,0.0678417594345503,0.1,6,3,4.0,2,45,0.0,Vitor Reis
4466,6,Walter_Benítez,GKP,31,64.31368627743888,7.328218811307637e-13,3.0930873429180004e-06,0.0,,6.449406282722512,0.6376155091725714,0.0,0.0,0.1,0,0,4.0,1,45,0.1,Benitez
4467,7,Walter_Benítez,GKP,31,60.56376685624397,7.476834032923913e-13,3.1135934413512984e-06,0.0,,6.449406282722512,0.7405377832162952,0.0,0.0,0.1,0,0,4.0,1,45,0.1,Benitez
4468,8,Walter_Benítez,GKP,31,60.538200231227655,7.47807188459198e-13,3.113712923150243e-06,0.0,,6.449406282722512,0.6599854816485674,0.0,0.0,0.1,0,0,4.0,1,45,0.1,Benitez
4469,9,Walter_Benítez,GKP,31,60.51265460632811,7.479234334937966e-13,3.1138274588728734e-06,0.0,,6.449406282722512,0.6594244083236475,0.0,0.0,0.1,0,0,4.0,1,45,0.1,Benitez
4470,10,Walter_Benítez,GKP,31,60.48710686072162,7.48044192970943e-13,3.113944268235024e-06,0.0,,6.449406282722512,0.7505906007213765,0.0,0.0,0.1,0,0,4.0,1,45,0.1,Benitez
4471,11,Walter_Benítez,GKP,31,60.462144219815535,7.481577719448587e-13,3.1140576031961025e-06,0.0,,6.449406282722512,0.6248757863702115,0.0,0.0,0.1,0,0,4.0,1,45,0.1,Benitez
4472,12,Walter_Benítez,GKP,31,60.43603651377589,7.482776914752452e-13,3.114175212340953e-06,0.0,,6.449406282722512,0.5972142569312843,0.0,0.0,0.1,0,0,4.0,1,45,0.1,Benitez
4473,6,Wellity_Lucky,DEF,14,0.0,0.0454504742382658,0.0500696221217921,0.0,0.0005014470090759454,3.4252659681661357,0.0,0.0297669938520948,0.018348571633679,0.1,6,3,4.0,2,40,0.1,Lucky
4474,7,Wellity_Lucky,DEF,14,0.0,0.0455314416213617,0.0500450828893858,0.0,0.0006538730401596918,3.4252659681661357,0.0,0.0764095249963934,0.0286394203968533,0.1,6,3,4.0,2,40,0.1,Lucky
4475,8,Wellity_Lucky,DEF,14,0.0,0.0455622023182748,0.0500892714069207,0.0,0.0002626527666000158,3.4252659681661357,0.0,0.0265768898928847,0.0315855885698299,0.1,6,3,4.0,2,40,0.1,Lucky
4476,9,Wellity_Lucky,DEF,14,0.0,0.0455080442415929,0.0499840442839924,0.0,0.00028731941114566126,3.4252659681661357,0.0,0.0283871455110724,0.0678417594345503,0.1,6,3,4.0,2,40,0.1,Lucky
4477,10,Wellity_Lucky,DEF,14,0.0,0.0455372638867032,0.0500254772043172,0.0,0.00032731327491005634,3.4252659681661357,0.0,0.0576745797658112,0.0527526549054485,0.1,6,3,4.0,2,40,0.1,Lucky
4478,11,Wellity_Lucky,DEF,14,0.0,0.0455663125316933,0.0500666985891237,0.0,0.00039712246293948104,3.4252659681661357,0.0,0.074235503863792,0.0216228986791694,0.1,6,3,4.0,2,40,0.1,Lucky
4479,12,Wellity_Lucky,DEF,14,0.0,0.0457074087058834,0.0501757399891254,0.0,0.00045868095265968686,3.4252659681661357,0.0,0.0459456519173773,0.0386203456380479,0.1,6,3,4.0,2,40,0.1,Lucky
4480,6,Wes_Burns,MID,40,0.0,0.0616302642781825,0.1477361822887659,0.0,,4.164,0.0,0.1378368916813487,0.1417324710647552,0.06,5,3,1.0,2,50,0.0,Burns
4481,7,Wes_Burns,MID,40,0.0,0.0612903541415833,0.1421193812878224,0.0,,4.164,0.0,0.09886899903714,0.1282297948275641,0.06,5,3,1.0,2,50,0.0,Burns
4482,8,Wes_Burns,MID,40,0.0,0.0611393075620258,0.1418359851526122,0.0,,4.164,0.0,0.0757386597383645,0.1958612735530401,0.06,5,3,1.0,2,50,0.0,Burns
4483,9,Wes_Burns,MID,40,0.0,0.0612229869079534,0.1427899593376119,0.0,,4.164,0.0,0.1268997194477113,0.1551143810956354,0.06,5,3,1.0,2,50,0.0,Burns
4484,10,Wes_Burns,MID,40,0.0,0.0612057483509847,0.1427733602124683,0.0,,4.164,0.0,0.0553819610582226,0.1857348552224726,0.06,5,3,1.0,2,50,0.0,Burns
4485,11,Wes_Burns,MID,40,0.0,0.0611890874001134,0.14275754301606106,0.0,,4.164,0.0,0.1186409762327798,0.0988612668204811,0.06,5,3,1.0,2,50,0.0,Burns
4486,12,Wes_Burns,MID,40,0.0,0.06117225278788,0.14274111134915368,0.0,,4.164,0.0,0.1528638217362915,0.0934867601094268,0.06,5,3,1.0,2,50,0.0,Burns
4487,6,Wesley_Fofana,DEF,8,59.67277988491704,0.014160568215131054,0.024481205963906454,0.0,0.1620456673124559,1.756,0.0,0.0539343394566716,0.0350964916114288,0.35,6,3,4.0,2,50,0.2,Fofana
4488,7,Wesley_Fofana,DEF,8,58.05277445506995,0.0140471155616198,0.02450115586753428,0.0,0.1482581471959676,1.756,0.0,0.0459456519173773,0.0386203456380479,0.35,6,3,4.0,2,50,0.2,Fofana
4489,8,Wesley_Fofana,DEF,8,56.21778410505368,0.013879571828692113,0.02452556479825628,0.0,0.15105694863990307,1.756,0.0,0.052493727298415,0.0268053738104255,0.35,6,3,4.0,2,50,0.2,Fofana
4490,9,Wesley_Fofana,DEF,8,54.70974270431736,0.013853936728377645,0.02453881264508322,0.0,0.10333817292979076,1.756,0.0,0.074235503863792,0.0216228986791694,0.35,6,3,4.0,2,50,0.2,Fofana
4491,10,Wesley_Fofana,DEF,8,54.24756527519849,0.013880278417496094,0.024562270423095132,0.0,0.0824484387103818,1.756,0.0,0.0366746478210848,0.040303852137383,0.35,6,3,4.0,2,50,0.2,Fofana
4492,11,Wesley_Fofana,DEF,8,53.78266677723831,0.013907178740080564,0.02458604219514608,0.0,0.08742895928138072,1.756,0.0,0.07078655240023,0.0561971162677075,0.35,6,3,4.0,2,50,0.2,Fofana
4493,12,Wesley_Fofana,DEF,8,53.765042391194704,0.013911094999859281,0.024589436450232614,0.0,0.09189854803566812,1.756,0.0,0.0550530308978321,0.0334376008273799,0.35,6,3,4.0,2,50,0.2,Fofana
4494,6,Wilfried_Gnonto,MID,2,0.0,0.09522306168729046,0.12515531351583878,0.0,5.893086858103206e-05,4.004,0.0,0.1288957249246875,0.0569416754282649,0.2,5,3,1.0,2,50,0.0,Gnonto
4495,7,Wilfried_Gnonto,MID,2,0.0,0.09521765356153251,0.1251562786619266,0.0,8.296502070092569e-05,4.004,0.0,0.1396329057693053,0.09073077750478,0.2,5,3,1.0,2,50,0.0,Gnonto
4496,8,Wilfried_Gnonto,MID,2,0.0,0.09521301597204215,0.12515713245744148,0.0,6.655212166504151e-05,4.004,0.0,0.1261492811823807,0.1064172920699372,0.2,5,3,1.0,2,50,0.0,Gnonto
4497,9,Wilfried_Gnonto,MID,2,0.0,0.09520852953832482,0.12515817777783564,0.0,9.438863760472616e-05,4.004,0.0,0.1697864627106199,0.0953712727396801,0.2,5,3,1.0,2,50,0.0,Gnonto
4498,10,Wilfried_Gnonto,MID,2,0.0,0.09520307542872074,0.12515858401188087,0.0,0.00011458570774680147,4.004,0.0,0.1220461381569684,0.1872283971637988,0.2,5,3,1.0,2,50,0.0,Gnonto
4499,11,Wilfried_Gnonto,MID,2,0.0,0.09519799803587539,0.12515905318339932,0.0,4.793355471625933e-05,4.004,0.0,0.1486543353660969,0.1189228792264125,0.2,5,3,1.0,2,50,0.0,Gnonto
4500,12,Wilfried_Gnonto,MID,2,0.0,0.09519295839371526,0.1251596696423942,0.0,5.363307884976552e-05,4.004,0.0,0.150737295523736,0.1390624159116826,0.2,5,3,1.0,2,50,0.0,Gnonto
4501,6,Will_Dennis,GKP,91,0.0,0.1752935197430499,0.098223068226476,0.0,9.160611495529385e-06,4.417,0.6498174737423494,0.1600751664564748,0.2071396514783118,0.1,0,0,4.0,1,40,0.1,Dennis
4502,7,Will_Dennis,GKP,91,0.0,0.1752228381368522,0.0981954917009129,0.0,1.2498983070564804e-05,4.417,0.558141163412626,0.1211821165130275,0.1926050362646116,0.1,0,0,4.0,1,40,0.1,Dennis
4503,8,Will_Dennis,GKP,91,0.0,0.1751533692180359,0.0981684209518621,0.0,1.5398205335564558e-05,4.417,0.8623353163234697,0.1581552595513359,0.175811164019189,0.1,0,0,4.0,1,40,0.1,Dennis
4504,9,Will_Dennis,GKP,91,0.0,0.1732153506730642,0.0975189763453835,0.0,1.3799539113844837e-05,4.417,0.5610860567181738,0.1370880123440694,0.1898374177465581,0.1,0,0,4.0,1,40,0.1,Dennis
4505,10,Will_Dennis,GKP,91,0.0,0.1731372320604982,0.0974883585620035,0.0,1.0595117168811643e-05,4.417,0.7136531029201448,0.1542164581176329,0.1806105923991114,0.1,0,0,4.0,1,40,0.1,Dennis
4506,11,Will_Dennis,GKP,91,0.0,0.1730599821144273,0.0974583741858339,0.0,1.458181673774493e-05,4.417,0.6109909985537703,0.1492881486069769,0.1714654190081598,0.1,0,0,4.0,1,40,0.1,Dennis
4507,12,Will_Dennis,GKP,91,0.0,0.1729835558359246,0.0974284576723349,0.0,9.660532671281506e-06,4.417,0.6607771425546707,0.150834818620813,0.1861354269404155,0.1,0,0,4.0,1,40,0.1,Dennis
4508,6,Will_Hughes,MID,31,70.86705251414547,0.040698100880200073,0.10359993632353225,0.0,0.043412184467577906,2.212,0.0,0.1202318081610187,0.1776752802788837,0.2,5,3,1.0,2,44,7.5,Hughes
4509,7,Will_Hughes,MID,31,67.64618932677135,0.04145779227250737,0.10636922223909072,0.0,0.02272665666535373,2.212,0.0,0.0957882179850394,0.1113283019034307,0.2,5,3,1.0,2,44,7.5,Hughes
4510,8,Will_Hughes,MID,31,67.55383771443884,0.04146411992351754,0.10638535789083642,0.0,0.03745947746799684,2.212,0.0,0.0772167805063861,0.0863082180546789,0.2,5,3,1.0,2,44,7.5,Hughes
4511,9,Will_Hughes,MID,31,67.46146270240536,0.04147006213799744,0.10640082559009378,0.0,0.046839795903840464,2.212,0.0,0.0518416411242582,0.115884505791489,0.2,5,3,1.0,2,44,7.5,Hughes
4512,10,Will_Hughes,MID,31,67.36904471919117,0.04147623512178268,0.10641660033741879,0.0,0.0501847181980336,2.212,0.0,0.070552064626671,0.1127830621923689,0.2,5,3,1.0,2,44,7.5,Hughes
4513,11,Will_Hughes,MID,31,67.27707987791145,0.04148204105255424,0.10643190587749889,0.0,0.022020560506050873,2.212,0.0,0.0842332060993205,0.1188923620107288,0.2,5,3,1.0,2,44,7.5,Hughes
4514,12,Will_Hughes,MID,31,67.18673216371141,0.04148817109993527,0.10644778863303302,0.0,0.02129732700351354,2.212,0.0,0.0842332060993205,0.1188923620107288,0.2,5,3,1.0,2,44,7.5,Hughes
4515,6,William_Osula,FWD,4,0.0,0.2826094665774043,0.11290140929113673,0.0,6.184164184696612e-06,1.1420000000000001,0.0,0.2767363309065365,0.1027633521295426,0.0,4,3,0.0,2,58,0.3,Osula
4516,7,William_Osula,FWD,4,0.0,0.2831010237225961,0.112746844233729,0.0,8.377771327015867e-06,1.1420000000000001,0.0,0.2104660919951334,0.0966017152127772,0.0,4,3,0.0,2,58,0.3,Osula
4517,8,William_Osula,FWD,4,0.0,0.2836083422710311,0.11258441649736711,0.0,7.798284841305787e-06,1.1420000000000001,0.0,0.508906701575971,0.1270447035747427,0.0,4,3,0.0,2,58,0.3,Osula
4518,9,William_Osula,FWD,4,0.0,0.2838497956350639,0.11241499609728928,0.0,1.1141352910614745e-05,1.1420000000000001,0.0,0.2321652746293105,0.0710294967935649,0.0,4,3,0.0,2,58,0.3,Osula
4519,10,William_Osula,FWD,4,0.0,0.28374412948165256,0.11229452150093981,0.0,5.845897110760061e-06,1.1420000000000001,0.0,0.251881030599128,0.0913042928657778,0.0,4,3,0.0,2,58,0.3,Osula
4520,11,William_Osula,FWD,4,0.0,0.2836148882997,0.11219590126286895,0.0,6.795053540984172e-06,1.1420000000000001,0.0,0.2686708389316911,0.1234648585781471,0.0,4,3,0.0,2,58,0.3,Osula
4521,12,William_Osula,FWD,4,0.0,0.28360801647442124,0.1121712910589632,0.0,6.180332702457144e-06,1.1420000000000001,0.0,0.2378841599042031,0.0988234500197675,0.0,4,3,0.0,2,58,0.3,Osula
4522,6,William_Saliba,DEF,3,0.0,0.03535682117904771,0.03008678896255478,0.0,0.00022954409587588564,4.4159999999999995,0.0,0.07078655240023,0.0561971162677075,0.05,6,3,4.0,2,59,0.2,Saliba
4523,7,William_Saliba,DEF,3,0.0,0.03553868988561651,0.0301172638490334,0.0,0.00024255423451904142,4.4159999999999995,0.0,0.0550530308978321,0.0334376008273799,0.05,6,3,4.0,2,59,0.2,Saliba
4524,8,William_Saliba,DEF,3,0.0,0.035723494337020774,0.03014784303345599,0.0,0.0002958398338887652,4.4159999999999995,0.0,0.0459456519173773,0.0386203456380479,0.05,6,3,4.0,2,59,0.2,Saliba
4525,9,William_Saliba,DEF,3,0.0,0.03590612793317886,0.03017761206664697,0.0,0.00037484220788915897,4.4159999999999995,0.0,0.0345883844346893,0.02331174536266,0.05,6,3,4.0,2,59,0.2,Saliba
4526,10,William_Saliba,DEF,3,0.0,0.03591200179946892,0.03016923749350909,0.0,0.00016537285657527973,4.4159999999999995,0.0,0.0440900662312232,0.0342011051202082,0.05,6,3,4.0,2,59,0.2,Saliba
4527,11,William_Saliba,DEF,3,0.0,0.03591770377727506,0.030160724345384363,0.0,0.00027720951574620133,4.4159999999999995,0.0,0.0441562832773488,0.040413775623652,0.05,6,3,4.0,2,59,0.2,Saliba
4528,12,William_Saliba,DEF,3,0.0,0.035924369119032414,0.030156060071074398,0.0,0.0003234268943716978,4.4159999999999995,0.0,0.0297669938520948,0.018348571633679,0.05,6,3,4.0,2,59,0.2,Saliba
4529,6,Wilson_Isidor,FWD,56,13.926106038779691,0.3273285281061813,0.06766335046326592,0.0,2.5655704804377737e-05,1.2460000000000002,0.0,0.2378841599042031,0.0988234500197675,0.03,4,3,0.0,2,55,1.3,Isidor
4530,7,Wilson_Isidor,FWD,56,13.64387427453908,0.32737539617227956,0.06760530932084755,0.0,4.40554261733246e-05,1.2460000000000002,0.0,0.2588988784046943,0.0835343475833465,0.03,4,3,0.0,2,55,1.3,Isidor
4531,8,Wilson_Isidor,FWD,56,13.361714688668858,0.32742338030664364,0.06754744523692374,0.0,3.3629061889718407e-05,1.2460000000000002,0.0,0.3479730393459483,0.0845739406189787,0.03,4,3,0.0,2,55,1.3,Isidor
4532,9,Wilson_Isidor,FWD,56,13.080553786045822,0.3274676725524527,0.06748943882691241,0.0,2.380410587847223e-05,1.2460000000000002,0.0,0.2767363309065365,0.1027633521295426,0.03,4,3,0.0,2,55,1.3,Isidor
4533,10,Wilson_Isidor,FWD,56,12.805388293878073,0.327505803522226,0.06743085653645045,0.0,2.0757886433010583e-05,1.2460000000000002,0.0,0.2699527724353497,0.1092810666119734,0.03,4,3,0.0,2,55,1.3,Isidor
4534,11,Wilson_Isidor,FWD,56,12.53528720577585,0.32753587302210335,0.06737152255003005,0.0,3.071459745169802e-05,1.2460000000000002,0.0,0.2104660919951334,0.0966017152127772,0.03,4,3,0.0,2,55,1.3,Isidor
4535,12,Wilson_Isidor,FWD,56,12.263197415663363,0.32756976105527086,0.06731254264627574,0.0,4.727752991662978e-05,1.2460000000000002,0.0,0.1816445166652931,0.0735228775864095,0.03,4,3,0.0,2,55,1.3,Isidor
4536,6,Wilson_Odobert,MID,6,0.0,0.11918052700479688,0.15807864096603985,0.0,4.261803163224858e-05,3.62,0.0,0.0876286497141699,0.1962911969242959,0.0,5,3,1.0,2,55,0.0,Odobert
4537,7,Wilson_Odobert,MID,6,0.0,0.11942689312709918,0.1572754073011427,0.0,2.7550271993740328e-05,3.62,0.0,0.1268997194477113,0.1551143810956354,0.0,5,3,1.0,2,55,0.0,Odobert
4538,8,Wilson_Odobert,MID,6,0.0,0.11981289192149218,0.1560765729768234,0.0,2.462247710050509e-05,3.62,0.0,0.1260591051724412,0.1314494178124841,0.0,5,3,1.0,2,55,0.0,Odobert
4539,9,Wilson_Odobert,MID,6,0.0,0.11992377443011829,0.1557121471234484,0.0,3.474096722111898e-05,3.62,0.0,0.1652776886367873,0.1759321123387592,0.0,5,3,1.0,2,55,0.0,Odobert
4540,10,Wilson_Odobert,MID,6,0.0,0.11990483433844193,0.15573215551813338,0.0,3.795607920124853e-05,3.62,0.0,0.1126991599369654,0.1833905663030322,0.0,5,3,1.0,2,55,0.0,Odobert
4541,11,Wilson_Odobert,MID,6,0.0,0.1198847332696769,0.15575193523997768,0.0,2.8710918072749128e-05,3.62,0.0,0.1268997194477113,0.1551143810956354,0.0,5,3,1.0,2,55,0.0,Odobert
4542,12,Wilson_Odobert,MID,6,0.0,0.11986479733068478,0.1557703778810949,0.0,3.418671731569174e-05,3.62,0.0,0.0817530645115434,0.1446965004790163,0.0,5,3,1.0,2,55,0.0,Odobert
4543,6,Xaver_Schlager,MID,17,30.0140198917586,0.0697377162660223,0.1281391958014477,0.0,0.0009449461102171668,3.8056363715847,0.0,0.0822560971477504,0.1524742200371775,0.1,5,3,1.0,2,50,0.1,Schlager
4544,7,Xaver_Schlager,MID,17,30.07987113315224,0.0697133439563601,0.1281057072259758,0.0,0.0008283189592337462,3.8056363715847,0.0,0.0676432579115817,0.1324297279869411,0.1,5,3,1.0,2,50,0.1,Schlager
4545,8,Xaver_Schlager,MID,17,30.14625342519064,0.0696878722933231,0.128071531379412,0.0,0.0007903075431099219,3.8056363715847,0.0,0.0842332060993205,0.1188923620107288,0.1,5,3,1.0,2,50,0.1,Schlager
4546,9,Xaver_Schlager,MID,17,30.509631802336283,0.0695437072991469,0.1279184752489777,0.0,0.0020517319933429433,3.8056363715847,0.0,0.0790689180878473,0.1448646983763215,0.1,5,3,1.0,2,50,0.1,Schlager
4547,10,Xaver_Schlager,MID,17,30.582208059897773,0.0695160217238105,0.1278822267419748,0.0,0.0015599830862394013,3.8056363715847,0.0,0.0428645627319718,0.1349551016015938,0.1,5,3,1.0,2,50,0.1,Schlager
4548,11,Xaver_Schlager,MID,17,30.654205451764287,0.0694892202793244,0.1278470918272021,0.0,0.0013959173014333548,3.8056363715847,0.0,0.0866961224313779,0.114569503221635,0.1,5,3,1.0,2,50,0.1,Schlager
4549,12,Xaver_Schlager,MID,17,30.726790290325027,0.0694620994536187,0.1278110899923135,0.0,0.0007138809266084979,3.8056363715847,0.0,0.0533112851817121,0.0911547974260361,0.1,5,3,1.0,2,50,0.1,Schlager
4550,6,Xavi_Simons,MID,6,0.0,0.18132346671662217,0.25490908783578253,0.0,3.748331107048167e-05,4.656,0.0,0.1396329057693053,0.09073077750478,0.21,5,3,1.0,2,59,0.0,Xavi
4551,7,Xavi_Simons,MID,6,0.0,0.1816769152294421,0.2536773037029583,0.0,2.423091358959729e-05,4.656,0.0,0.150737295523736,0.1390624159116826,0.21,5,3,1.0,2,59,0.0,Xavi
4552,8,Xavi_Simons,MID,6,0.0,0.18223068738997086,0.2518388534946116,0.0,2.1655863517933236e-05,4.656,0.0,0.1486543353660969,0.1189228792264125,0.21,5,3,1.0,2,59,0.0,Xavi
4553,9,Xavi_Simons,MID,6,0.0,0.18238976469088145,0.25127999496639536,0.0,3.055526993724294e-05,4.656,0.0,0.1069834175421901,0.1070778805233272,0.21,5,3,1.0,2,59,0.0,Xavi
4554,10,Xavi_Simons,MID,6,0.0,0.18236259233790897,0.2513106784700547,0.0,3.33830262352826e-05,4.656,0.0,0.1182193902266794,0.1729940302427504,0.21,5,3,1.0,2,59,0.0,Xavi
4555,11,Xavi_Simons,MID,6,0.0,0.18233375439219335,0.2513410112967081,0.0,2.525172381065529e-05,4.656,0.0,0.150737295523736,0.1390624159116826,0.21,5,3,1.0,2,59,0.0,Xavi
4556,12,Xavi_Simons,MID,6,0.0,0.18230515334947467,0.2513692936679386,0.0,3.006779605721586e-05,4.656,0.0,0.1261492811823807,0.1064172920699372,0.21,5,3,1.0,2,59,0.0,Xavi
4557,6,Yankuba_Minteh,MID,36,0.0,0.10648779032230066,0.1832053245077163,0.0,2.99691054049016e-05,3.6980000000000004,0.0,0.1261492811823807,0.1064172920699372,0.08,5,3,1.0,2,58,0.0,Minteh
4558,7,Yankuba_Minteh,MID,36,0.0,0.10676047360947012,0.18366658643803935,0.0,3.0454979304538924e-05,3.6980000000000004,0.0,0.1069834175421901,0.1070778805233272,0.08,5,3,1.0,2,58,0.0,Minteh
4559,8,Yankuba_Minteh,MID,36,0.0,0.10671887123055379,0.18364620644447938,0.0,5.588885991561414e-05,3.6980000000000004,0.0,0.162531339725311,0.1137100266743979,0.08,5,3,1.0,2,58,0.0,Minteh
4560,9,Yankuba_Minteh,MID,36,0.0,0.10670453877751232,0.18359780845829038,0.0,4.7812795506669234e-05,3.6980000000000004,0.0,0.1674484816301701,0.1685309160814939,0.08,5,3,1.0,2,58,0.0,Minteh
4561,10,Yankuba_Minteh,MID,36,0.0,0.1066889753825236,0.1835478818902144,0.0,6.331673599988886e-05,3.6980000000000004,0.0,0.1841742556698727,0.1303583338431828,0.08,5,3,1.0,2,58,0.0,Minteh
4562,11,Yankuba_Minteh,MID,36,0.0,0.10667486484759911,0.1834995582688477,0.0,2.3531404515234855e-05,3.6980000000000004,0.0,0.150737295523736,0.1390624159116826,0.08,5,3,1.0,2,58,0.0,Minteh
4563,12,Yankuba_Minteh,MID,36,0.0,0.10666020903987987,0.1834508480147704,0.0,4.0618374140896564e-05,3.6980000000000004,0.0,0.2069194075756547,0.1443916359282739,0.08,5,3,1.0,2,58,0.0,Minteh
4564,6,Yann_Gboho,MID,9,0.0,0.1451522942371561,0.1343393069939382,0.0,5.608292597514651e-05,2.6258925714724732,0.0,0.0772167805063861,0.0863082180546789,0.1,5,3,1.0,2,55,0.0,Gboho
4565,7,Yann_Gboho,MID,9,0.0,0.1190122388691466,0.1255372167640669,0.0,7.124563273314249e-05,2.6258925714724732,0.0,0.0518416411242582,0.115884505791489,0.1,5,3,1.0,2,55,0.0,Gboho
4566,8,Yann_Gboho,MID,9,0.0,0.119014731204411,0.1254083684623673,0.0,3.1522676263690765e-05,2.6258925714724732,0.0,0.0936735501911697,0.0888189627888669,0.1,5,3,1.0,2,55,0.0,Gboho
4567,9,Yann_Gboho,MID,9,0.0,0.1227646376916117,0.129821594029794,0.0,4.1379320336648034e-05,2.6258925714724732,0.0,0.085880677692756,0.1056084642760237,0.1,5,3,1.0,2,55,0.0,Gboho
4568,10,Yann_Gboho,MID,9,0.0,0.1228354772088177,0.1299531010010799,0.0,6.007606130331017e-05,2.6258925714724732,0.0,0.1053742839427626,0.1147639713719944,0.1,5,3,1.0,2,55,0.0,Gboho
4569,11,Yann_Gboho,MID,9,0.0,0.1229055361967465,0.1300837556326505,0.0,4.205017572506517e-05,2.6258925714724732,0.0,0.0822560971477504,0.1524742200371775,0.1,5,3,1.0,2,55,0.0,Gboho
4570,12,Yann_Gboho,MID,9,0.0,0.1229771334212113,0.1302159272713874,0.0,4.5941694434561415e-05,2.6258925714724732,0.0,0.0928778036155075,0.1172272670252035,0.1,5,3,1.0,2,55,0.0,Gboho
4571,6,Yasin_Ayari,MID,36,67.18248806480216,0.08180324452173249,0.09496433369935281,0.0,0.027125487133006537,4.628,0.0,0.0654788007538232,0.0801186101343322,0.08,5,3,1.0,2,54,0.4,Ayari
4572,7,Yasin_Ayari,MID,36,66.61247292536352,0.08199793147982833,0.09520680088597075,0.0,0.026224428582847372,4.628,0.0,0.034021699908773,0.1250502673893471,0.08,5,3,1.0,2,54,0.4,Ayari
4573,8,Yasin_Ayari,MID,36,66.7744055906428,0.08196822874048974,0.09519608792793771,0.0,0.04795782859835308,4.628,0.0,0.0369063418813318,0.0691813954789699,0.08,5,3,1.0,2,54,0.4,Ayari
4574,9,Yasin_Ayari,MID,36,66.86098817042549,0.08195799583727932,0.09517064701730146,0.0,0.04155662202842249,4.628,0.0,0.0475778188966921,0.0694586861700251,0.08,5,3,1.0,2,54,0.4,Ayari
4575,10,Yasin_Ayari,MID,36,66.95191738536947,0.08194688408173531,0.09514440259151422,0.0,0.05489128814223304,4.628,0.0,0.0655689624381491,0.1074576445370588,0.08,5,3,1.0,2,54,0.4,Ayari
4576,11,Yasin_Ayari,MID,36,67.04023684662106,0.08193680962080999,0.09511900077152925,0.0,0.021141346625919776,4.628,0.0,0.0568772559482958,0.0901681033145862,0.08,5,3,1.0,2,54,0.4,Ayari
4577,12,Yasin_Ayari,MID,36,67.1266575980258,0.08192634585292422,0.09509339571399218,0.0,0.036300973954179666,4.628,0.0,0.0576949851966989,0.1085060286467325,0.08,5,3,1.0,2,54,0.4,Ayari
4578,6,Yehor_Yarmoliuk,MID,94,65.37800252017448,0.03464206517742143,0.09360394449391128,0.0,0.07251368715916474,4.664,0.0,0.0452432190095615,0.0673878343702392,0.2,5,3,1.0,2,48,0.7,Yarmoliuk
4579,7,Yehor_Yarmoliuk,MID,94,65.97942072343376,0.034597250497723046,0.09386506075737638,0.0,0.12482018648669736,4.664,0.0,0.0369063418813318,0.0691813954789699,0.2,5,3,1.0,2,48,0.7,Yarmoliuk
4580,8,Yehor_Yarmoliuk,MID,94,66.19439092940358,0.03458359696862759,0.09394603831432623,0.0,0.05683740659580416,4.664,0.0,0.0568772559482958,0.0901681033145862,0.2,5,3,1.0,2,48,0.7,Yarmoliuk
4581,9,Yehor_Yarmoliuk,MID,94,66.40904005247378,0.03457004590802192,0.09402696448029788,0.0,0.08467107229113,4.664,0.0,0.0745833114716031,0.0768185326234935,0.2,5,3,1.0,2,48,0.7,Yarmoliuk
4582,10,Yehor_Yarmoliuk,MID,94,66.44177291202931,0.034570737050824224,0.09402292101784065,0.0,0.0594414900478057,4.664,0.0,0.0339066031345481,0.0862882361652565,0.2,5,3,1.0,2,48,0.7,Yarmoliuk
4583,11,Yehor_Yarmoliuk,MID,94,66.05052515243435,0.03456677501952215,0.09386414732950256,0.0,0.09988661794494448,4.664,0.0,0.0684445445946984,0.0929980432435829,0.2,5,3,1.0,2,48,0.7,Yarmoliuk
4584,12,Yehor_Yarmoliuk,MID,94,66.05924071145408,0.034567741544990295,0.09384997662654274,0.0,0.08681363675585897,4.664,0.0,0.0851448500107218,0.0764877641077813,0.2,5,3,1.0,2,48,0.7,Yarmoliuk
4585,6,Yoane_Wissa,FWD,4,84.30789065908905,0.27875030840576587,0.09883873051825125,0.075,0.01747503577797895,1.0,0.0,0.2767363309065365,0.1027633521295426,0.2,4,3,0.0,2,62,18.9,Wissa
4586,7,Yoane_Wissa,FWD,4,83.76456076497985,0.2792419411507418,0.09870107041459533,0.075,0.0224598003135572,1.0,0.0,0.2104660919951334,0.0966017152127772,0.2,4,3,0.0,2,62,18.9,Wissa
4587,8,Yoane_Wissa,FWD,4,83.19273950421082,0.27974933772301025,0.09855640758200458,0.075,0.019912551216112146,1.0,0.0,0.508906701575971,0.1270447035747427,0.2,4,3,0.0,2,62,18.9,Wissa
4588,9,Yoane_Wissa,FWD,4,82.72379616843057,0.2799908282217331,0.09840551688117426,0.075,0.027123858844994967,1.0,0.0,0.2321652746293105,0.0710294967935649,0.2,4,3,0.0,2,62,18.9,Wissa
4589,10,Yoane_Wissa,FWD,4,82.43870079391792,0.2798851458172337,0.09829821872660098,0.075,0.01402985115494669,1.0,0.0,0.251881030599128,0.0913042928657778,0.2,4,3,0.0,2,62,18.9,Wissa
4590,11,Yoane_Wissa,FWD,4,82.18394992682153,0.27975588475843555,0.09821038469462066,0.075,0.015915659544773832,1.0,0.0,0.2686708389316911,0.1234648585781471,0.2,4,3,0.0,2,62,18.9,Wissa
4591,12,Yoane_Wissa,FWD,4,82.04970884906344,0.279749011876294,0.09818846613632881,0.075,0.01432378169332898,1.0,0.0,0.2378841599042031,0.0988234500197675,0.2,4,3,0.0,2,62,18.9,Wissa
4592,6,Younes_Ibrahim,MID,36,0.0,0.1257793007882076,0.1307960492736552,0.0,3.553829457415446e-05,4.819493108866443,0.0,0.085880677692756,0.1056084642760237,0.1,5,3,1.0,2,45,0.0,Ibrahim
4593,7,Younes_Ibrahim,MID,36,0.0,0.1260897519059562,0.1311228122735575,0.0,3.611445617200494e-05,4.819493108866443,0.0,0.0822560971477504,0.1524742200371775,0.1,5,3,1.0,2,45,0.0,Ibrahim
4594,8,Younes_Ibrahim,MID,36,0.0,0.1260423874151961,0.1311083748630628,0.0,6.627448823422271e-05,4.819493108866443,0.0,0.070552064626671,0.1127830621923689,0.1,5,3,1.0,2,45,0.0,Ibrahim
4595,9,Younes_Ibrahim,MID,36,0.0,0.1260260698545821,0.1310740891999358,0.0,5.6697743399479476e-05,4.819493108866443,0.0,0.0428645627319718,0.1349551016015938,0.1,5,3,1.0,2,45,0.0,Ibrahim
4596,10,Younes_Ibrahim,MID,36,0.0,0.1260083508611654,0.1310387206726699,0.0,7.508258144412799e-05,4.819493108866443,0.0,0.0790689180878473,0.1448646983763215,0.1,5,3,1.0,2,45,0.0,Ibrahim
4597,11,Younes_Ibrahim,MID,36,0.0,0.1259922859553004,0.131004487690397,0.0,2.790429781997643e-05,4.819493108866443,0.0,0.0842332060993205,0.1188923620107288,0.1,5,3,1.0,2,45,0.0,Ibrahim
4598,12,Younes_Ibrahim,MID,36,0.0,0.1259756002539683,0.1309699808132802,0.0,4.816644942836326e-05,4.819493108866443,0.0,0.0772167805063861,0.0863082180546789,0.1,5,3,1.0,2,45,0.0,Ibrahim
4599,6,Youri_Tielemans,MID,1,59.30357161334869,0.0713247643692962,0.09231645558883618,0.0,0.035982114764774836,9.678,0.0,0.0607007698575154,0.1196306784306686,0.0,5,3,1.0,2,58,1.5,Tielemans
4600,7,Youri_Tielemans,MID,1,58.89629937320647,0.0707396067896825,0.09199976032780148,0.0,0.02262334509177824,9.678,0.0,0.1032922855340508,0.10390984845412,0.0,5,3,1.0,2,58,1.5,Tielemans
4601,8,Youri_Tielemans,MID,1,57.99397103114048,0.0697734745374126,0.09206619410201829,0.0,0.026584653804807835,9.678,0.0,0.0527142902426278,0.1175353766708052,0.0,5,3,1.0,2,58,1.5,Tielemans
4602,9,Youri_Tielemans,MID,1,57.86012096913235,0.0696000198747802,0.09211028858096539,0.0,0.013489464786985705,9.678,0.0,0.0364051426726112,0.1103782551048467,0.0,5,3,1.0,2,58,1.5,Tielemans
4603,10,Youri_Tielemans,MID,1,57.82884208048257,0.0696349749525123,0.09211777032250003,0.0,0.020270865073090318,9.678,0.0,0.0452432190095615,0.0673878343702392,0.0,5,3,1.0,2,58,1.5,Tielemans
4604,11,Youri_Tielemans,MID,1,57.8001123552478,0.0696683923027497,0.0921239612147908,0.0,0.03415175917631874,9.678,0.0,0.0369063418813318,0.0691813954789699,0.0,5,3,1.0,2,58,1.5,Tielemans
4605,12,Youri_Tielemans,MID,1,57.77146398575247,0.0697022384735379,0.09213011031925195,0.0,0.03846289000634407,9.678,0.0,0.0655689624381491,0.1074576445370588,0.0,5,3,1.0,2,58,1.5,Tielemans
4606,6,Yéremy_Pino Santos,MID,31,57.573908797027535,0.12739862501950344,0.1725721402334462,0.0,0.005924568519067546,4.68,0.0,0.1492881486069769,0.1714654190081598,0.13,5,3,1.0,2,55,0.4,Yeremy
4607,7,Yéremy_Pino Santos,MID,31,54.041578690266114,0.1298643676836457,0.1774008660780047,0.0,0.002965463792811708,4.68,0.0,0.1568333574163208,0.1479354673274162,0.13,5,3,1.0,2,55,0.4,Yeremy
4608,8,Yéremy_Pino Santos,MID,31,53.951046908090206,0.12988490544308,0.17742900135943784,0.0,0.004942211080341485,4.68,0.0,0.1113458150315947,0.1892932248153172,0.13,5,3,1.0,2,55,0.4,Yeremy
4609,9,Yéremy_Pino Santos,MID,31,53.86305690239913,0.12990419218492155,0.17745597195093232,0.0,0.006223050540108006,4.68,0.0,0.1618205164382563,0.1266052744503581,0.13,5,3,1.0,2,55,0.4,Yeremy
4610,10,Yéremy_Pino Santos,MID,31,53.772442235615706,0.12992422793843736,0.17748347793349342,0.0,0.006683623799074756,4.68,0.0,0.1389030075974817,0.2361507048222439,0.13,5,3,1.0,2,55,0.4,Yeremy
4611,11,Yéremy_Pino Santos,MID,31,53.68232079963335,0.129943072342038,0.17751016577259823,0.0,0.0028738781929821596,4.68,0.0,0.1542164581176329,0.1806105923991114,0.13,5,3,1.0,2,55,0.4,Yeremy
4612,12,Yéremy_Pino Santos,MID,31,53.59365970890636,0.12996296873617058,0.17753786008603087,0.0,0.0027782603126744157,4.68,0.0,0.1542164581176329,0.1806105923991114,0.13,5,3,1.0,2,55,0.4,Yeremy
4613,6,Zach_Abbott,DEF,17,0.0,0.0250602882246868,0.0753910177987256,0.0,0.0003837688045578291,1.221486111111111,0.0,0.0336892747106061,0.1962529481085647,0.1,6,3,4.0,2,40,0.1,Abbott
4614,7,Zach_Abbott,DEF,17,0.0,0.0250514868381269,0.0753709187499874,0.0,0.0003368786783330706,1.221486111111111,0.0,0.1077701515240741,0.0871056101039265,0.1,6,3,4.0,2,40,0.1,Abbott
4615,8,Zach_Abbott,DEF,17,0.0,0.0250422884504559,0.0753504072174401,0.0,0.00032041457633995697,1.221486111111111,0.0,0.0462278002486011,0.089997557499349,0.1,6,3,4.0,2,40,0.1,Abbott
4616,9,Zach_Abbott,DEF,17,0.0,0.0249902272441225,0.0752585465580382,0.0,0.0007666204569501889,1.221486111111111,0.0,0.0506358535297079,0.1127669562337763,0.1,6,3,4.0,2,40,0.1,Abbott
4617,10,Zach_Abbott,DEF,17,0.0,0.0249802293631648,0.0752367910638534,0.0,0.0005879233044389368,1.221486111111111,0.0,0.0339500514709614,0.0381417475700373,0.1,6,3,4.0,2,40,0.1,Abbott
4618,11,Zach_Abbott,DEF,17,0.0,0.0249705507616472,0.0752157039213137,0.0,0.0005260247024865182,1.221486111111111,0.0,0.0341640741201375,0.0464008608397502,0.1,6,3,4.0,2,40,0.1,Abbott
4619,12,Zach_Abbott,DEF,17,0.0,0.0249607568244223,0.0751940964738814,0.0,0.0002770426836639,1.221486111111111,0.0,0.0258215885423753,0.065374644385858,0.1,6,3,4.0,2,40,0.1,Abbott
4620,6,Zadok_Yohanna,MID,36,0.0,0.1257793007882076,0.1307960492736552,0.0,3.553829457415446e-05,4.819493108866443,0.0,0.085880677692756,0.1056084642760237,0.1,5,3,1.0,2,49,0.0,Yohanna
4621,7,Zadok_Yohanna,MID,36,0.0,0.1260897519059562,0.1311228122735575,0.0,3.611445617200494e-05,4.819493108866443,0.0,0.0822560971477504,0.1524742200371775,0.1,5,3,1.0,2,49,0.0,Yohanna
4622,8,Zadok_Yohanna,MID,36,0.0,0.1260423874151961,0.1311083748630628,0.0,6.627448823422271e-05,4.819493108866443,0.0,0.070552064626671,0.1127830621923689,0.1,5,3,1.0,2,49,0.0,Yohanna
4623,9,Zadok_Yohanna,MID,36,0.0,0.1260260698545821,0.1310740891999358,0.0,5.6697743399479476e-05,4.819493108866443,0.0,0.0428645627319718,0.1349551016015938,0.1,5,3,1.0,2,49,0.0,Yohanna
4624,10,Zadok_Yohanna,MID,36,0.0,0.1260083508611654,0.1310387206726699,0.0,7.508258144412799e-05,4.819493108866443,0.0,0.0790689180878473,0.1448646983763215,0.1,5,3,1.0,2,49,0.0,Yohanna
4625,11,Zadok_Yohanna,MID,36,0.0,0.1259922859553004,0.131004487690397,0.0,2.790429781997643e-05,4.819493108866443,0.0,0.0842332060993205,0.1188923620107288,0.1,5,3,1.0,2,49,0.0,Yohanna
4626,12,Zadok_Yohanna,MID,36,0.0,0.1259756002539683,0.1309699808132802,0.0,4.816644942836326e-05,4.819493108866443,0.0,0.0772167805063861,0.0863082180546789,0.1,5,3,1.0,2,49,0.0,Yohanna
4627,6,Zavier_Gozo,MID,31,0.0,0.0965645625262586,0.1332170167121391,0.0,4.635306444573243e-05,3.1338279022342186,0.0,0.1202318081610187,0.1776752802788837,0.1,5,3,1.0,2,50,0.0,Gozo
4628,7,Zavier_Gozo,MID,31,0.0,0.098455516218954,0.1370519035366569,0.0,3.172104454000582e-05,3.1338279022342186,0.0,0.0957882179850394,0.1113283019034307,0.1,5,3,1.0,2,50,0.0,Gozo
4629,8,Zavier_Gozo,MID,31,0.0,0.0984712664237936,0.1370742480688473,0.0,5.33820599211902e-05,3.1338279022342186,0.0,0.0772167805063861,0.0863082180546789,0.1,5,3,1.0,2,50,0.0,Gozo
4630,9,Zavier_Gozo,MID,31,0.0,0.0984860572355988,0.137095667625331,0.0,6.781459347124894e-05,3.1338279022342186,0.0,0.0518416411242582,0.115884505791489,0.1,5,3,1.0,2,50,0.0,Gozo
4631,10,Zavier_Gozo,MID,31,0.0,0.0985014224570582,0.1371175123797267,0.0,7.345077971311038e-05,3.1338279022342186,0.0,0.070552064626671,0.1127830621923689,0.1,5,3,1.0,2,50,0.0,Gozo
4632,11,Zavier_Gozo,MID,31,0.0,0.0985158740440358,0.137138707379371,0.0,3.174070948703179e-05,3.1338279022342186,0.0,0.0842332060993205,0.1188923620107288,0.1,5,3,1.0,2,50,0.0,Gozo
4633,12,Zavier_Gozo,MID,31,0.0,0.0985311323921609,0.1371607017027425,0.0,3.0925917177622126e-05,3.1338279022342186,0.0,0.0842332060993205,0.1188923620107288,0.1,5,3,1.0,2,50,0.0,Gozo
4634,6,Zian_Flemming,FWD,40,77.4753231,0.3127037280543796,0.1785374786370137,0.0,0.009468106039632497,1.0,0.0,0.251881030599128,0.0913042928657778,0.19,4,3,0.0,2,55,0.1,Flemming
4635,7,Zian_Flemming,FWD,40,77.5893231,0.3106693376662763,0.1711611134260066,0.0,0.019858735344339375,1.0,0.0,0.2852550995514115,0.114829839288796,0.19,4,3,0.0,2,55,0.1,Flemming
4636,8,Zian_Flemming,FWD,40,77.70632309999999,0.309765311347196,0.17078893834051803,0.0,0.014862624990950606,1.0,0.0,0.3397560761522099,0.0551267835339054,0.19,4,3,0.0,2,55,0.1,Flemming
4637,9,Zian_Flemming,FWD,40,77.8203231,0.310266139179932,0.17204176214347078,0.0,0.010058359915345776,1.0,0.0,0.2767363309065365,0.1027633521295426,0.19,4,3,0.0,2,55,0.1,Flemming
4638,10,Zian_Flemming,FWD,40,77.9373231,0.3101629649852676,0.1720199630430181,0.0,0.01823325196744833,1.0,0.0,0.2588988784046943,0.0835343475833465,0.19,4,3,0.0,2,55,0.1,Flemming
4639,11,Zian_Flemming,FWD,40,78.05132309999999,0.3100632478110512,0.17199919082458015,0.0,0.022288551514734856,1.0,0.0,0.1816445166652931,0.0735228775864095,0.19,4,3,0.0,2,55,0.1,Flemming
4640,12,Zian_Flemming,FWD,40,78.1653231,0.3099624912591644,0.17197761164167624,0.0,0.014368509208010246,1.0,0.0,0.2104660919951334,0.0966017152127772,0.19,4,3,0.0,2,55,0.1,Flemming
4641,6,Zion_Suzuki,GKP,7,35.76848925024626,0.0,0.0205193605809852,0.0,,7.3349268292682925,0.5874163920098591,0.0,0.0,0.1,0,0,4.0,1,50,1.9,Suzuki
4642,7,Zion_Suzuki,GKP,7,35.62606514630033,0.0,0.0204999736577067,0.0,,7.3349268292682925,0.6546275878986024,0.0,0.0,0.1,0,0,4.0,1,50,1.9,Suzuki
4643,8,Zion_Suzuki,GKP,7,35.48233550402357,0.0,0.0204804804309226,0.0,,7.3349268292682925,0.7451157192105093,0.0,0.0,0.1,0,0,4.0,1,50,1.9,Suzuki
4644,9,Zion_Suzuki,GKP,7,35.40161968236762,0.0,0.020469801680084,0.0,,7.3349268292682925,0.6825733811197026,0.0,0.0,0.1,0,0,4.0,1,50,1.9,Suzuki
4645,10,Zion_Suzuki,GKP,7,35.38641526096884,0.0,0.0204677184797502,0.0,,7.3349268292682925,0.8851919461155396,0.0,0.0,0.1,0,0,4.0,1,50,1.9,Suzuki
4646,11,Zion_Suzuki,GKP,7,35.37353999514826,0.0,0.0204651921568705,0.0,,7.3349268292682925,0.5788503821657552,0.0,0.0,0.1,0,0,4.0,1,50,1.9,Suzuki
4647,12,Zion_Suzuki,GKP,7,35.35245971374311,0.0,0.0204630424374603,0.0,,7.3349268292682925,0.7358587332549296,0.0,0.0,0.1,0,0,4.0,1,50,1.9,Suzuki
4648,6,Álvaro_Rodríguez,FWD,91,0.0,0.205002348580952,0.1271716004261735,0.0,8.589500653406873e-06,1.0,0.0,0.2699527724353497,0.1092810666119734,0.1,4,3,0.0,2,60,0.1,Rodríguez
4649,7,Álvaro_Rodríguez,FWD,91,0.0,0.2049193595903103,0.1271359927655706,0.0,1.1926030281056809e-05,1.0,0.0,0.3107258993287308,0.1106489791789369,0.1,4,3,0.0,2,60,0.1,Rodríguez
4650,8,Álvaro_Rodríguez,FWD,91,0.0,0.2048377944453783,0.1271010381792048,0.0,1.4867360265481742e-05,1.0,0.0,0.1582373678053648,0.1067667619926839,0.1,4,3,0.0,2,60,0.1,Rodríguez
4651,9,Álvaro_Rodríguez,FWD,91,0.0,0.2025623197986602,0.1262624552665426,0.0,1.3240998626171912e-05,1.0,0.0,0.3479730393459483,0.0845739406189787,0.1,4,3,0.0,2,60,0.1,Rodríguez
4652,10,Álvaro_Rodríguez,FWD,91,0.0,0.202470598838202,0.1262229206400171,0.0,1.001576823754651e-05,1.0,0.0,0.2767363309065365,0.1027633521295426,0.1,4,3,0.0,2,60,0.1,Rodríguez
4653,11,Álvaro_Rodríguez,FWD,91,0.0,0.2023798978001748,0.1261842038884238,0.0,1.4035514769317286e-05,1.0,0.0,0.3397560761522099,0.0551267835339054,0.1,4,3,0.0,2,60,0.1,Rodríguez
4654,12,Álvaro_Rodríguez,FWD,91,0.0,0.2022901638502459,0.1261455747632045,0.0,9.085169202499753e-06,1.0,0.0,0.251881030599128,0.0913042928657778,0.1,4,3,0.0,2,60,0.1,Rodríguez
4655,6,Óscar_Zambrano,MID,88,0.0,0.1089674761836737,0.1516070280128464,0.0,0.00011576961330590505,3.218664601486081,0.0,0.1053742839427626,0.1147639713719944,0.1,5,3,1.0,2,45,0.1,Zambrano
4656,7,Óscar_Zambrano,MID,88,0.0,0.1087638664736325,0.1516108671211081,0.0,6.074713019849551e-05,3.218664601486081,0.0,0.0936735501911697,0.0888189627888669,0.1,5,3,1.0,2,45,0.1,Zambrano
4657,8,Óscar_Zambrano,MID,88,0.0,0.1091360089561145,0.1520504548770496,0.0,0.00016846448708899642,3.218664601486081,0.0,0.0790689180878473,0.1448646983763215,0.1,5,3,1.0,2,45,0.1,Zambrano
4658,9,Óscar_Zambrano,MID,88,0.0,0.1093752119962736,0.152080238766727,0.0,6.696918442439877e-05,3.218664601486081,0.0,0.0842332060993205,0.1188923620107288,0.1,5,3,1.0,2,45,0.1,Zambrano
4659,10,Óscar_Zambrano,MID,88,0.0,0.1096282175887753,0.1522201945862414,0.0,7.06096604765533e-05,3.218664601486081,0.0,0.0676432579115817,0.1324297279869411,0.1,5,3,1.0,2,45,0.1,Zambrano
4660,11,Óscar_Zambrano,MID,88,0.0,0.1098833121771766,0.1523607778280444,0.0,6.42222121409002e-05,3.218664601486081,0.0,0.0957882179850394,0.1113283019034307,0.1,5,3,1.0,2,45,0.1,Zambrano
4661,12,Óscar_Zambrano,MID,88,0.0,0.1101412803981329,0.152503562764896,0.0,8.103392297064544e-05,3.218664601486081,0.0,0.0822560971477504,0.1524742200371775,0.1,5,3,1.0,2,45,0.1,Zambrano
4662,6,Đorđe_Petrović,GKP,91,90.0,3.387201231005393e-10,,0.0,,3.348,0.6222232944313165,0.0,0.0,0.05,0,0,4.0,1,45,3.0,Petrović
4663,7,Đorđe_Petrović,GKP,91,90.0,3.385794834012618e-10,,0.0,,3.348,0.5319124826337607,0.0,0.0,0.05,0,0,4.0,1,45,3.0,Petrović
4664,8,Đorđe_Petrović,GKP,91,90.0,3.384412566634009e-10,,0.0,,3.348,0.8330329259660544,0.0,0.0,0.05,0,0,4.0,1,45,3.0,Petrović
4665,9,Đorđe_Petrović,GKP,91,90.0,3.3458505757538287e-10,,0.0,,3.348,0.534806873470904,0.0,0.0,0.05,0,0,4.0,1,45,3.0,Petrović
4666,10,Đorđe_Petrović,GKP,91,90.0,3.344296199902701e-10,,0.0,,3.348,0.685342559867362,0.0,0.0,0.05,0,0,4.0,1,45,3.0,Petrović
4667,11,Đorđe_Petrović,GKP,91,90.0,3.342759108462782e-10,,0.0,,3.348,0.5839243816632859,0.0,0.0,0.05,0,0,4.0,1,45,3.0,Petrović
4668,12,Đorđe_Petrović,GKP,91,90.0,3.3412384060617276e-10,,0.0,,3.348,0.6330468849210183,0.0,0.0,0.05,0,0,4.0,1,45,3.0,Petrović
