,name,code,id,kickoff_time,XG,XGC,was_home,opponent,Clean_Sheet,Result,Threat,Threat_against,XG_DEF,XG_MID,XG_FORWARD,XGA,XGCA,XGH,XGCH,XG_avg,XGC_avg,Rolling_Threat,Rolling_Threat_Against,XG_slope,XGC_slope,Elo_Rating
0,Southampton,20,17,2022-08-06T14:00:00Z,1.0,4.0,False,6.0,0,0,118.0,260.0,2.0,1.0,0.0,0.8964035818713451,2.077373256056809,0.8964035818713451,2.077373256056809,0.8964035818713451,2.077373256056809,1.5,1.5,,,1000.0
1,Southampton,20,17,2022-08-13T14:00:00Z,2.0,2.0,True,2.0,0,1,142.0,252.0,0.0,2.0,0.0,0.8707022568469786,2.112373256056809,0.8964035818713451,2.077373256056809,0.8707022568469786,2.112373256056809,1.18,2.6,-0.025701325024366506,0.03500000000000014,958.75
2,Southampton,20,17,2022-08-20T14:00:00Z,2.0,1.0,False,13.0,0,2,99.0,84.0,1.5555555555555556,1.0,0.0,0.8707022568469786,2.112373256056809,0.9314035818713451,2.1022045042293236,0.9057022568469786,2.137076392076546,1.3,2.56,0.004649337487816763,0.029851568009868542,959.259284075706
3,Southampton,20,17,2022-08-27T11:30:00Z,0.0,1.0,True,1.0,0,0,212.0,223.0,0.0,1.7777777777777777,0.0,0.9057022568469786,2.077373256056809,0.9314035818713451,2.1022045042293236,0.9407022568469786,2.1020763920765457,1.1966666666666668,1.9866666666666664,0.01678960249269007,0.00988125440789478,989.1773861776126
4,Southampton,20,17,2022-08-30T18:45:00Z,2.0,1.0,True,8.0,0,2,137.0,180.0,0.0,1.6049382716049383,0.0,0.9057022568469786,2.077373256056809,0.8964035818713451,2.0672045042293234,0.9057022568469786,2.0670763920765456,1.4275,2.0475,0.008859734995126711,-0.003089059194078958,956.4824174305984
5,Southampton,20,17,2022-09-03T14:00:00Z,0.0,1.0,False,39.0,0,0,158.0,114.0,1.2098765432098766,1.0,0.0,0.9057022568469786,2.077373256056809,0.9314035818713451,2.0322045042293233,0.9407022568469786,2.0320763920765454,1.416,1.998,0.010328382139376226,-0.011353568909774481,986.9805963398015
6,Southampton,20,17,2022-09-16T19:00:00Z,0.0,1.0,False,7.0,0,0,71.0,163.0,0.9410150891632374,1.0,0.0,0.8707022568469786,2.0423732560568086,0.9314035818713451,2.0322045042293233,0.9057022568469786,1.9988850254393304,1.4433333333333334,1.855,0.007000000000000006,-0.026212604373925537,962.1378272740069
7,Southampton,20,17,2022-10-01T14:00:00Z,1.0,2.0,True,11.0,0,0,263.0,202.0,0.2222222222222222,1.4705075445816185,0.0,0.8357022568469785,2.0073732560568085,0.9314035818713451,2.0322045042293233,0.8707022568469786,1.9638850254393305,1.3385714285714283,1.8228571428571427,-0.007000000000000006,-0.034586598088506365,939.802501847357
8,Southampton,20,17,2022-10-08T14:00:00Z,0.0,4.0,False,43.0,0,0,25.0,313.0,0.9541228471269624,1.2222222222222223,0.2222222222222222,0.8357022568469785,2.0073732560568085,0.9211601555408444,2.0668620697038422,0.8667634115351242,1.9988850254393304,1.5,1.8475,-0.014562692187407784,-0.02453492284956962,927.0336824938615
9,Southampton,20,17,2022-10-16T13:00:00Z,1.0,1.0,True,21.0,0,1,139.0,271.0,0.1728395061728395,1.36595031245237,0.0,0.8053144006193649,2.023590172692345,0.9211601555408444,2.0668620697038422,0.8377956650173446,2.014192237421162,1.3611111111111112,1.99,-0.01703855700239238,-0.01139985351967325,923.1201900669219
10,Southampton,20,17,2022-10-19T18:30:00Z,1.0,0.0,False,91.0,1,2,150.0,173.0,0.7420955477654152,0.9506172839506174,0.1728395061728395,0.8053144006193649,2.023590172692345,0.9029059427881699,2.031862069703842,0.8250146648768308,1.979192237421162,1.364,2.062,-0.022459902304328434,-0.005242832495183532,923.2638835578836
11,Southampton,20,17,2022-10-23T13:00:00Z,1.0,1.0,True,3.0,0,1,133.0,157.0,0.1344307270233196,1.284628020796288,0.0,0.7930271979368527,1.988590172692345,0.9029059427881699,2.031862069703842,0.8085067720670606,1.944192237421162,1.396,1.975,-0.018628798466508938,-0.006063859776100479,943.8232039875797
12,Southampton,20,17,2022-10-29T14:00:00Z,0.0,1.0,False,31.0,0,0,174.0,145.0,0.5771854260397674,0.739368998628258,0.3566529492455418,0.7930271979368527,1.988590172692345,0.914866511559543,1.9968620697038422,0.8210212327073521,1.909192237421162,1.3869999999999998,1.88,-0.012455886835509628,-0.013501208689867074,947.058693736436
13,Southampton,20,17,2022-11-06T14:00:00Z,1.0,4.0,True,4.0,0,0,193.0,111.0,0.1045572321292486,1.6658217939526685,0.2222222222222222,0.7580271979368527,1.953590172692345,0.914866511559543,1.9968620697038422,0.786021232707352,1.8741922374211621,1.462,1.941,-0.013444059539388814,-0.02781325543116688,934.5818563009901
14,Southampton,20,17,2022-11-12T15:00:00Z,1.0266,2.4928,False,14.0,0,0,139.0,198.0,0.4902553313642635,0.758842554488645,0.4935522938576436,0.7580271979368527,1.953590172692345,0.9083976909038054,2.031862069703842,0.7888749693023425,1.909192237421162,1.443,1.829,-0.00997340898409016,-0.024999999999999942,928.6834730747946
15,Southampton,20,17,2022-12-26T15:00:00Z,1.45705,1.8204,True,36.0,0,0,151.0,142.0,0.0813222916560822,1.4380613952965198,0.1728395061728395,0.7595769473748986,1.9861352662132103,0.9083976909038054,2.031862069703842,0.7882311511542771,1.944192237421162,1.445,1.847,-0.007937513625912085,-0.00899999999999998,919.8677457849979
16,Southampton,20,17,2022-12-31T15:00:00Z,0.897,1.7668,False,54.0,0,0,88.0,101.0,0.4091763688388716,0.7242330979356129,0.562785117444834,0.7595769473748986,1.9861352662132103,0.9197370202365586,2.001645197052546,0.8068833994112471,1.9205887580894563,1.4380000000000002,1.875,-0.0029609534669514785,0.0006280743811848907,912.1374303953587
17,Southampton,20,17,2023-01-04T19:30:00Z,0.1968,1.18345,True,17.0,0,0,73.0,66.0,0.0728284490658417,1.162336640786182,0.3847862825788751,0.7412696625469002,1.956447359248,0.9197370202365586,2.001645197052546,0.7849439588764924,1.8922776192421251,1.455,1.813,-0.003384105348305101,0.0025604706031342175,903.2653127213978
18,Southampton,20,17,2023-01-14T15:00:00Z,1.62215,1.20345,False,11.0,0,2,129.0,109.0,0.4692038424302335,0.6820924095054767,0.4807439802348708,0.7412696625469002,1.956447359248,0.8847370202365585,1.9827242299921501,0.7499439588764923,1.877792294508702,1.265,1.6769999999999998,-0.004957918633567962,-0.001609915669460493,890.5091484816797
19,Southampton,20,17,2023-01-21T15:00:00Z,0.25185,1.20915,True,7.0,0,0,99.0,139.0,0.0690443492734324,1.0920840539448082,0.4168115531169029,0.7762696625469002,1.939772245695916,0.8847370202365585,1.9827242299921501,0.7849439588764924,1.8699371594286414,1.369,1.473,-0.00447017341421027,-0.012108181644208989,905.4700416224962
20,Southampton,20,17,2023-02-04T15:00:00Z,0.315,2.565,False,94.0,0,0,104.0,140.0,0.4582696552235149,0.6638496518375929,0.6250230957382328,0.7762696625469002,1.939772245695916,0.8497370202365585,1.9524121451277583,0.7499439588764923,1.8438855172271222,1.329,1.341,-0.008350122371233943,-0.01908496347674476,898.0875658944236
21,Southampton,20,17,2023-02-11T15:00:00Z,1.08,1.39,True,39.0,0,0,124.0,73.0,0.0559233827682252,0.9738431530681844,0.3730756524242578,0.7412696625469002,1.974772245695916,0.8497370202365585,1.9524121451277583,0.7149439588764923,1.8788855172271222,1.283,1.308,-0.015134205790679256,-0.010329932726763996,892.2225145779198
22,Southampton,20,17,2023-02-18T15:00:00Z,0.92,0.775,False,8.0,1,2,80.0,143.0,0.3830986207294005,0.7874386180959057,0.5594624077964032,0.7412696625469002,1.974772245695916,0.8374789021214838,1.9174121451277584,0.7108669576396459,1.850467513828812,1.274,1.224,-0.014582428748120928,-0.006623500031794975,881.7481430056514
23,Southampton,20,17,2023-02-25T15:00:00Z,0.185,0.93,False,2.0,0,0,44.0,157.0,0.3335211494562003,0.7280078140745933,0.4751374282860914,0.7335478522440106,1.939772245695916,0.8374789021214838,1.9174121451277584,0.7069808863634511,1.815467513828812,1.18,1.222,-0.013487039036449872,-0.009572366862826786,907.9301111867604
24,Southampton,20,17,2023-03-04T17:30:00Z,1.19,0.95,True,13.0,1,2,93.0,89.0,0.181273742153064,0.81076689683081,0.5235032852188672,0.6985478522440106,1.9047722456959162,0.8374789021214838,1.9174121451277584,0.6719808863634511,1.7804675138288122,1.031,1.268,-0.0199366166097479,-0.01602914975978247,892.766632742849
25,Southampton,20,17,2023-03-12T14:00:00Z,0.565,0.42,False,1.0,1,1,130.0,123.0,0.3705164495770447,0.6217838553913504,0.3895513331114044,0.6985478522440106,1.9047722456959162,0.8221299366965599,1.8824121451277585,0.6680720178695785,1.7460387570401381,0.985,1.159,-0.015489571252853936,-0.023413937460852872,913.555372081236
26,Southampton,20,17,2023-03-15T19:30:00Z,0.26,2.005,True,94.0,0,0,59.0,136.0,0.160990688341272,0.7839298086461856,0.6827247773924523,0.6659965167700145,1.8697722456959163,0.8221299366965599,1.8824121451277585,0.6372216350837558,1.7110387570401382,0.964,1.14,-0.015771326807825274,-0.03392914489431261,916.2170755209917
27,Southampton,20,17,2023-03-18T15:00:00Z,2.7,2.63,True,6.0,0,1,186.0,122.0,0.3452149798209893,0.7208342956136999,0.7021192713052407,0.6659965167700145,1.8697722456959163,0.7871299366965598,1.9080991734892536,0.6022216350837558,1.7367854175187738,0.935,1.175,-0.0216118067174974,-0.02617501453442534,909.4474353403896
28,Southampton,20,17,2023-04-02T13:00:00Z,0.195,1.1800000000000002,False,21.0,0,0,77.0,105.0,0.3659572385599237,0.6636096653043837,0.3452065924199812,0.6659965167700145,1.8697722456959163,0.8221299366965599,1.9430991734892535,0.6372216350837558,1.7717854175187737,1.048,1.231,-0.01682641122923957,-0.0109844791565802,910.8605423647099
29,Southampton,20,17,2023-04-08T16:30:00Z,0.675,3.3200000000000003,True,43.0,0,0,37.0,213.0,0.2685005398607695,0.7450933410328777,0.9483149887929648,0.6309965167700144,1.844189861073953,0.8221299366965599,1.9430991734892535,0.6022216350837558,1.7574551997604206,0.996,1.227,-0.01360992585016984,-0.0003449979550690089,896.789726392726
30,Southampton,20,17,2023-04-15T14:00:00Z,0.39,1.405,True,31.0,0,0,101.0,79.0,0.2088337532250429,0.7572948208033494,0.7375783246167505,0.6309965167700144,1.844189861073953,0.8097791297127442,1.9710789563506494,0.6,1.7776498256264823,0.934,1.301,-0.01172457398136836,0.009494419174073381,894.1306775101742
31,Southampton,20,17,2023-04-21T19:00:00Z,2.215,2.905,False,3.0,0,1,152.0,258.0,0.3224111855466073,0.7983630730145206,0.5707162385488743,0.6309965167700144,1.844189861073953,0.7747791297127442,1.9634441028377492,0.6,1.7825037871536211,0.931,1.24,-0.006507802304858481,0.013302518775205347,882.6064746482501
32,Southampton,20,17,2023-04-27T18:45:00Z,0.255,1.0,True,91.0,0,0,0.0,0.0,0.1757595858417,0.7778959717359385,0.5936720302574727,0.6659965167700145,1.866649066405951,0.7747791297127442,1.9634441028377492,0.635,1.8082159775412285,0.959,1.425,0.0014287224070342155,0.011700072425225073,888.1509821967802
33,Southampton,20,17,2023-04-30T13:00:00Z,0.915,3.735,False,4.0,0,0,90.0,259.0,0.5129864776473613,0.9409490567890716,0.9705570744269022,0.6659965167700145,1.866649066405951,0.7397791297127442,1.9284441028377493,0.6,1.7733561046106106,0.879,1.2819999999999998,-0.0025078023048584783,0.004713992295107047,878.2762048442215
34,Southampton,20,17,2023-05-08T19:00:00Z,3.125,2.905,False,17.0,0,0,204.0,123.0,0.3989894826146143,1.0451825997248334,0.8437666134431462,0.6657341728854067,1.9016490664059509,0.7397791297127442,1.9284441028377493,0.605064984267,1.8083561046106105,0.925,1.384,0.001406192740463449,0.007638158616884036,874.8836227960738
35,Southampton,20,17,2023-05-13T14:00:00Z,0.12,1.745,True,54.0,0,0,36.0,117.0,0.1411463445435445,0.69169686690573,0.703967134644701,0.7007341728854067,1.9366490664059508,0.7397791297127442,1.9284441028377493,0.640064984267,1.8433561046106104,1.036,1.418,0.005157710689599997,0.01060652783888544,862.7122478001158
36,Southampton,20,17,2023-05-21T13:00:00Z,0.825,2.77,False,36.0,0,0,49.0,236.0,0.3614362642558111,1.1040309108970927,0.8784851437891137,0.7007341728854067,1.9366490664059508,0.7047791297127441,1.9410294028715926,0.605064984267,1.8600416273826572,0.942,1.412,0.001302424525799993,0.015088845210095028,855.80546378436
37,Southampton,20,17,2023-05-28T15:30:00Z,2.905,3.925,True,14.0,0,1,0.0,0.0,0.154224934644979,1.086875340926679,0.8141966602792119,0.6817006093152965,1.9716490664059507,0.7047791297127441,1.9410294028715926,0.6,1.8950416273826571,0.932,1.5119999999999998,-0.0035658584914000056,0.020833851929236653,851.0434947696539
38,Southampton,20,17,2024-08-17T14:00:00Z,0.91,0.625,True,4.0,0,0,182.0,49.0,0.1288416158349837,0.8942363762763058,0.6332640691060537,0.6817006093152965,1.9716490664059507,0.7397791297127442,1.9760294028715926,0.635,1.930041627382657,0.746,1.39,0.0035658584914000056,0.030290562998526265,855.3509433949939
39,Southampton,20,17,2024-08-24T14:00:00Z,0.07,1.725,True,17.0,0,0,58.0,222.0,0.3802101456494317,0.9044060704371268,0.5458720537491528,0.6817006093152965,1.9366490664059508,0.716257932136462,1.9760294028715926,0.6243511187090538,1.8950416273826571,0.851,1.334,0.002176306718350553,0.020813833776467807,850.562068579043
40,Southampton,20,17,2024-08-31T14:00:00Z,1.285,2.89,False,94.0,0,0,180.0,234.0,0.2855615388656309,1.2364684862532944,0.9254884451693106,0.6817006093152965,1.9366490664059508,0.681257932136462,1.9980354479186369,0.6,1.9152857895072437,0.872,1.3430000000000002,-0.0030704719431096693,0.014275669270947608,841.7574425030475
41,Southampton,20,17,2024-09-14T11:30:00Z,0.5549999999999999,2.835,True,1.0,0,0,89.0,225.0,0.413496779949558,0.925649165895543,0.6779004862493411,0.6932614013610704,1.9716490664059507,0.681257932136462,1.9980354479186369,0.6150947055373329,1.9502857895072436,0.951,1.4980000000000002,0.0011285635731633898,0.013627237057048339,833.7928416925472
42,Southampton,20,17,2024-09-21T14:00:00Z,1.745,1.345,True,40.0,0,1,111.0,155.0,0.3838308288496562,0.9110604623632002,0.6494781559717098,0.6932614013610704,1.9716490664059507,0.646257932136462,2.0330354479186368,0.6,1.9852857895072435,0.888,1.465,-0.0024019143456301454,0.015205641689179381,829.0835427821554
43,Southampton,20,17,2024-09-30T19:00:00Z,0.7949999999999999,2.19,False,91.0,0,0,84.0,147.0,0.2265478635621573,1.1683643781970068,0.8176021240205749,0.6932614013610704,1.9716490664059507,0.6747256313360481,2.0268627798647194,0.6310054534972763,1.9827118181254908,0.999,1.62,-0.0022266109458127696,0.016259526859655083,831.0220354854104
44,Southampton,20,17,2024-10-05T14:00:00Z,0.825,2.915,False,3.0,0,0,56.0,307.0,0.2606483383261224,1.2065056274865609,0.8914683186826693,0.6730293673497164,2.006649066405951,0.6747256313360481,2.0268627798647194,0.60499934549896,2.0177118181254907,0.993,1.508,-0.0005382060313135182,0.024303686844825974,824.0085589925279
45,Southampton,20,17,2024-10-19T14:00:00Z,2.085,3.105,True,13.0,0,0,233.0,206.0,0.4029795335497326,1.0908248040602668,0.7340385657557743,0.6761361997405563,2.0232284120157566,0.6747256313360481,2.0268627798647194,0.616968123292848,2.049295403923418,0.845,1.692,0.002444571138468502,0.024850062472967446,822.8563634799157
46,Southampton,20,17,2024-10-26T14:00:00Z,0.105,1.975,False,43.0,0,0,65.0,226.0,0.2316153742536507,1.0472821547117697,1.2111420256420762,0.6761361997405563,2.0232284120157566,0.7097256313360482,2.0618627798647196,0.651968123292848,2.0842954039234183,1.042,1.781,0.005979010018794379,0.02563076900941134,815.1037810187788
47,Southampton,20,17,2024-11-02T15:00:00Z,0.865,0.78,True,11.0,1,2,89.0,132.0,0.3467618594275698,0.9817526253802076,0.7509188844767133,0.6611973292169889,1.9980757027146308,0.7097256313360482,2.0618627798647196,0.6405402237478188,2.0613040384536583,1.058,1.771,0.007930225883419927,0.0204693025121081,814.3992745687243
48,Southampton,20,17,2024-11-09T15:00:00Z,0.325,1.63,False,39.0,0,0,59.0,92.0,0.2001452910861728,1.0523305647758208,0.9642215754993926,0.6611973292169889,1.9980757027146308,0.6939094177202508,2.0268627798647194,0.6357355477372074,2.026304038453658,1.147,1.903,0.004722088741320918,0.0109639360750097,840.335767650778
49,Southampton,20,17,2024-11-24T14:00:00Z,1.64,3.075,True,14.0,0,0,106.0,284.0,0.3074814462214432,1.3658075975179391,0.6418257990374437,0.6261973292169889,2.011192508782975,0.6939094177202508,2.0268627798647194,0.6007355477372074,2.041601491505468,1.024,1.946,0.0006730109994081778,0.0007852258577384522,828.8612866373775
50,Southampton,20,17,2024-11-29T20:00:00Z,1.0,1.34,False,36.0,0,1,92.0,186.0,0.1956685597336899,1.091812661492305,0.8143945587217498,0.6261973292169889,2.011192508782975,0.7289094177202509,2.0602144768328845,0.6357355477372074,2.0603100933955143,1.072,2.008,-0.001847579441592465,-0.0030859511398105867,827.0597226788524
51,Southampton,20,17,2024-12-04T19:30:00Z,1.28,5.215,True,8.0,0,0,140.0,354.0,0.3324855692833447,2.193405909180619,0.4991978436957895,0.6243742542058078,1.9847641694505314,0.7289094177202509,2.0602144768328845,0.6299175846323933,2.0378194527449125,0.984,1.96,-0.00456190632383165,-0.006287546800432889,831.0999655787851
52,Southampton,20,17,2024-12-07T15:00:00Z,0.17,1.645,False,7.0,0,0,58.0,176.0,0.1921866575706477,1.089187625605126,0.8600846567835833,0.6243742542058078,1.9847641694505314,0.7317288585676119,2.0952144768328846,0.6477802309600156,2.0728194527449126,1.035,2.089,0.0015356041927583298,0.0031666261777166076,828.9470838081546
53,Southampton,20,17,2024-12-15T19:00:00Z,0.42,3.72,True,6.0,0,0,81.0,238.0,0.2719332205537125,2.1704268182515927,0.4504872117633919,0.6,1.9704053147813057,0.7317288585676119,2.0952144768328846,0.6127802309600155,2.063725320368436,0.982,2.11,0.0005868429336471756,0.00737913293261777,825.0675289517402
54,Southampton,20,17,2024-12-22T14:00:00Z,0.13,0.52,False,54.0,1,1,52.0,174.0,0.1494785114438371,1.0071459310262092,0.7400658441650092,0.6,1.9704053147813057,0.6967288585676119,2.130214476832885,0.6,2.098725320368436,0.979,2.201,-0.0015623155054282974,0.009453280720960196,819.8711845802846
55,Southampton,20,17,2024-12-26T15:00:00Z,0.705,1.405,True,21.0,0,0,174.0,123.0,0.2559480604306653,2.019220858640128,0.3792678313715271,0.6,1.9354053147813057,0.6967288585676119,2.130214476832885,0.6,2.063725320368436,0.975,2.068,-0.00866944264523478,0.005448560153105803,823.3492853299359
56,Southampton,20,17,2024-12-29T15:00:00Z,0.98,2.015,False,31.0,0,0,105.0,218.0,0.2918166200118733,0.9877801685759404,0.644495656572785,0.6,1.9354053147813057,0.6617288585676119,2.11807209952133,0.6,2.0463142764143134,0.916,1.985,-0.008734538485772261,0.0014340491776449963,817.8157460021597
57,Southampton,20,17,2025-01-04T15:00:00Z,0.145,4.73,True,94.0,0,0,64.0,265.0,0.2146262692238507,2.2393940011645435,0.6016527577334099,0.6030736947794656,1.9704053147813057,0.6617288585676119,2.11807209952133,0.6010383696548717,2.0813142764143135,0.956,1.977,-0.007772857125879036,-0.001278828957581814,812.7120527770547
58,Southampton,20,17,2025-01-16T20:00:00Z,0.79,3.1,False,1.0,0,0,0.0,0.0,0.2358573711203459,1.4038290200035093,0.565718844001055,0.6030736947794656,1.9704053147813057,0.6267288585676118,2.15307209952133,0.6,2.1163142764143137,0.931,2.11,-0.0017367441667275076,0.005522874411797079,806.3771228331846
59,Southampton,20,17,2025-01-19T14:00:00Z,1.45,2.525,False,17.0,0,0,129.0,125.0,0.1856668442047134,1.3807559044471738,0.602225767556376,0.6,2.0054053147813056,0.6267288585676118,2.15307209952133,0.6,2.151314276414314,0.872,2.018,2.9667704424905596e-05,0.013020332810486326,801.2422385255298
60,Southampton,20,17,2025-01-25T15:00:00Z,0.88,2.965,True,4.0,0,0,111.0,197.0,0.2269315427296617,1.9950842231279784,0.8012854782370966,0.6281715677018698,2.0404053147813057,0.6267288585676118,2.15307209952133,0.6281348258960575,2.186314276414314,0.895,1.859,0.003989593137869028,0.027512708006554032,798.8794543065179
61,Southampton,20,17,2025-02-01T15:00:00Z,1.46,1.42,False,40.0,0,2,123.0,154.0,0.1688519899369993,1.2761434812366907,0.6528422636549591,0.6281715677018698,2.0404053147813057,0.6075511114591331,2.1880720995213303,0.6226664054538504,2.219344874889146,0.914,1.87,0.00556061131408028,0.034718656924976124,795.9571321091372
62,Southampton,20,17,2025-02-15T15:00:00Z,0.895,2.1,True,91.0,0,0,117.0,181.0,0.1809467554564035,1.811732173543983,0.623222038628853,0.6368037247639973,2.0455818720558367,0.6075511114591331,2.1880720995213303,0.6317777066981825,2.217380656038588,0.897,1.67,0.00713802078497608,0.029269248387024813,821.0954303841459
63,Southampton,20,17,2025-02-22T15:00:00Z,0.065,3.985,True,36.0,0,0,34.0,282.0,0.1785141431327583,2.1291250238675423,0.6113949189335524,0.6368037247639973,2.0455818720558367,0.6,2.2201894996610867,0.6099933031936992,2.2439402114764087,0.956,1.675,0.003995177589166749,0.024838840361660824,818.3182796503427
64,Southampton,20,17,2025-02-25T20:15:00Z,0.36,3.28,False,8.0,0,0,65.0,237.0,0.2535515477287773,1.428111596517426,0.5210995383983015,0.6368037247639973,2.0455818720558367,0.6,2.255189499661087,0.6,2.278940211476409,0.909,1.719,-0.0012946647675069448,0.023115521761320017,814.3279937177165
65,Southampton,20,17,2025-03-08T15:00:00Z,0.685,3.56,False,14.0,0,0,88.0,300.0,0.2705400926779379,1.7640867972913314,0.5919663076431234,0.6018037247639972,2.080581872055837,0.6,2.255189499661087,0.6,2.313940211476409,0.922,1.7819999999999998,-0.006584507124180638,0.024099292586002404,810.4022408729468
66,Southampton,20,17,2025-03-15T15:00:00Z,1.2,1.18,True,39.0,0,0,146.0,57.0,0.149955444658812,1.684875018563644,0.5155293813927629,0.6,2.0911873960690426,0.6,2.255189499661087,0.6,2.3226903350106425,0.836,1.959,-0.006247384301642825,0.024040170483455598,809.4776721259149
67,Southampton,20,17,2025-04-02T18:45:00Z,0.835,0.87,True,31.0,0,1,89.0,98.0,0.1410764569568538,1.3682361255495008,0.4854117410832601,0.6,2.0911873960690426,0.600756374595667,2.2298098667444775,0.6053921017517817,2.292533451709925,0.877,1.798,-0.004625940980374321,0.018486124255982526,803.2988556619003
68,Southampton,20,17,2025-04-06T13:00:00Z,1.02,2.56,False,6.0,0,0,125.0,188.0,0.2993089609717295,1.7054008423377025,0.5093071281668737,0.6,2.0911873960690426,0.6,2.204378184753475,0.6,2.257533451709925,0.902,1.631,-0.0009654345918043055,0.0033570298686389877,807.7057638431472
69,Southampton,20,17,2025-04-12T14:00:00Z,0.155,3.015,True,7.0,0,0,51.0,270.0,0.1830594665219974,1.6575169865385009,0.4397646875092023,0.6,2.1261873960690427,0.6,2.204378184753475,0.6,2.292533451709925,1.027,1.819,0.0001540600500509066,-0.0037545988980739182,801.3752693719443
70,Southampton,20,17,2025-04-19T14:00:00Z,0.825,0.955,False,21.0,0,1,109.0,125.0,0.2572403029780118,1.4797562107071018,0.4205722107964573,0.6,2.1261873960690427,0.6,2.239378184753475,0.6,2.3275334517099253,0.949,1.964,-0.0001540600500509066,-0.0016429842495591475,798.9256257536629
71,Southampton,20,17,2025-04-26T14:00:00Z,0.815,2.21,True,54.0,0,0,82.0,217.0,0.3379351406282201,1.4714021006410565,0.5020392013960462,0.6,2.0911873960690426,0.6,2.239378184753475,0.6,2.292533451709925,0.947,1.892,-0.00046218015015271976,-0.00030812618581674197,801.2903667884341
72,Southampton,20,17,2025-05-03T14:00:00Z,0.265,1.7,False,13.0,0,0,88.0,112.0,0.2534091245384536,1.302032608327746,0.4337783861750224,0.6,2.0911873960690426,0.6,2.274378184753475,0.6,2.3275334517099253,0.906,1.955,-0.0007703002502545328,0.009000000000000037,797.8121834858548
73,Southampton,20,17,2025-05-10T14:00:00Z,0.05,0.91,True,43.0,1,1,20.0,249.0,0.4006162204886156,1.3733127449430438,0.430474934419147,0.6,2.113442693492153,0.6,2.274378184753475,0.6,2.3426409417820886,0.877,1.886,0.0,0.014158212867451945,785.3651593760808
74,Southampton,20,17,2025-05-18T11:00:00Z,0.65,2.365,False,11.0,0,0,88.0,183.0,0.2304293190854639,1.1349142509215804,0.7884943003583507,0.6,2.113442693492153,0.6,2.239378184753475,0.6,2.3076409417820885,0.863,1.853,0.0,0.004453140587923039,792.6816260125642
75,Southampton,20,17,2025-05-25T15:00:00Z,0.8150000000000001,2.1,True,3.0,0,0,91.0,225.0,0.4315903937133677,1.4125765794001452,0.3659249489926699,0.6,2.148442693492153,0.6,2.239378184753475,0.6,2.3426409417820886,0.8859999999999999,1.7990000000000002,0.0,0.003884783161413414,788.8564690646498
76,Bournemouth,91,3,2022-08-06T14:00:00Z,2.0,0.0,True,7.0,1,2,91.0,141.0,0.0,0.0,0.0,1.3560722082985242,1.6428477304372042,1.3560722082985242,1.6428477304372042,1.3560722082985242,1.6428477304372042,1.5,1.5,,,1000.0
77,Bournemouth,91,3,2022-08-13T14:00:00Z,0.0,4.0,False,43.0,0,0,34.0,242.0,0.0,3.0,0.0,1.3560722082985242,1.6428477304372042,1.391072208298524,1.6078477304372043,1.391072208298524,1.6078477304372043,0.91,1.41,0.03499999999999992,-0.03499999999999992,1032.0768282113263
78,Bournemouth,91,3,2022-08-20T16:30:00Z,0.0,3.0,True,3.0,0,0,47.0,197.0,0.2222222222222222,0.4444444444444444,0.0,1.3210722082985242,1.6751059197159566,1.391072208298524,1.6078477304372043,1.3560722082985242,1.6411798874171264,0.625,1.915,0.0,-0.0008339215100389151,1002.2070725779288
79,Bournemouth,91,3,2022-08-27T14:00:00Z,0.0,9.0,False,14.0,0,0,50.0,355.0,0.4444444444444444,3.2222222222222223,0.4444444444444444,1.3210722082985242,1.6751059197159566,1.3560722082985242,1.6428477304372042,1.3210722082985242,1.6761798874171263,0.5733333333333334,1.9333333333333331,-0.013999999999999967,0.013332862791968835,983.4131390728102
80,Bournemouth,91,3,2022-08-31T18:30:00Z,0.0,0.0,True,39.0,1,1,81.0,186.0,0.1728395061728395,0.345679012345679,0.0,1.2860722082985243,1.7101059197159565,1.3560722082985242,1.6428477304372042,1.2860722082985243,1.7111798874171262,0.555,2.3375,-0.020999999999999953,0.020499647093976604,947.910560129711
81,Bournemouth,91,3,2022-09-03T14:00:00Z,3.0,2.0,False,17.0,0,2,115.0,161.0,0.345679012345679,2.728395061728395,0.5679012345679012,1.2860722082985243,1.7101059197159565,1.3210722082985242,1.6078477304372043,1.2510722082985244,1.6761798874171263,0.606,2.242,-0.024999999999999942,0.01461877873826789,947.8984051165613
82,Bournemouth,91,3,2022-09-17T14:00:00Z,1.0,1.0,False,4.0,0,1,81.0,240.0,0.2688614540466392,2.122085048010974,0.6639231824417009,1.3210722082985242,1.7451059197159564,1.3210722082985242,1.6078477304372043,1.2860722082985243,1.7111798874171262,0.6966666666666668,2.1366666666666667,-0.024999999999999942,0.01876173671141741,972.9179501915197
83,Bournemouth,91,3,2022-10-01T14:00:00Z,0.0,0.0,True,94.0,1,1,78.0,164.0,0.1344307270233196,0.2688614540466392,0.0,1.302277152499304,1.7101059197159565,1.3210722082985242,1.6078477304372043,1.2692033646830976,1.6761798874171263,0.712857142857143,2.1742857142857144,-0.016409834802203788,0.006999999999999984,973.121753918392
84,Bournemouth,91,3,2022-10-08T14:00:00Z,2.0,1.0,True,13.0,0,2,185.0,185.0,0.1045572321292486,0.2091144642584972,0.2222222222222222,1.302277152499304,1.7101059197159565,1.2860722082985243,1.5728477304372044,1.2342033646830977,1.6411798874171264,0.72125,2.1075,-0.01285573568352609,-0.006999999999999984,973.2142808997305
85,Bournemouth,91,3,2022-10-15T14:00:00Z,2.0,2.0,False,54.0,0,1,143.0,259.0,0.4313366864807194,1.6505105928974244,0.7386069196768785,1.302277152499304,1.7101059197159565,1.3091855774128518,1.5457485331666962,1.2597220853982747,1.611639415402321,0.8466666666666667,2.078888888888889,-0.005692171113227288,-0.018220067430686448,983.1848845939933
86,Bournemouth,91,3,2022-10-19T18:30:00Z,0.0,1.0,True,20.0,0,0,173.0,150.0,0.0813222916560822,0.1626445833121645,0.3950617283950617,1.337277152499304,1.7418201212813564,1.3091855774128518,1.5457485331666962,1.2947220853982746,1.646639415402321,0.905,2.13,0.002977114765657207,-0.013752107889098353,983.1701309149373
87,Bournemouth,91,3,2022-10-24T19:00:00Z,0.0,2.0,False,21.0,0,0,88.0,225.0,0.5577063117072263,1.5059526833646633,0.5744720486375722,1.337277152499304,1.7418201212813564,1.2741855774128519,1.5334613304841842,1.2597220853982747,1.6301315225925506,0.987,2.139,-0.0008478780468725728,-0.014954391776631423,964.5963458968092
88,Bournemouth,91,3,2022-10-29T14:00:00Z,2.0,3.0,True,6.0,0,0,97.0,307.0,0.5076951157325084,0.3487235647983501,0.3072702331961591,1.302277152499304,1.7768201212813564,1.2741855774128519,1.5334613304841842,1.2247220853982748,1.6651315225925505,1.041,2.122,-0.00316714955081666,-0.0015253405313316202,948.0384148881985
89,Bournemouth,91,3,2022-11-05T15:00:00Z,3.0,4.0,False,2.0,0,0,157.0,252.0,0.6559937979945094,1.6157409759502936,0.6690338156070006,1.302277152499304,1.7768201212813564,1.3091855774128518,1.5684613304841841,1.2597220853982747,1.7001315225925504,1.091,2.232,-0.0003544684692604161,0.012535045846801086,939.1765095087998
90,Bournemouth,91,3,2022-11-12T15:00:00Z,2.79465,0.41215,True,11.0,1,2,271.0,157.0,0.4378295344586176,0.334562772620939,0.3158990702636792,1.337277152499304,1.8118201212813563,1.3091855774128518,1.5684613304841841,1.2947220853982746,1.7351315225925503,1.198,2.129,0.0009999999999999976,0.023226767357766704,926.868783028654
91,Bournemouth,91,3,2022-12-27T17:30:00Z,0.2641,1.8696,False,8.0,0,0,85.0,186.0,0.5565062873290628,1.4140652035168952,0.7031818565832227,1.337277152499304,1.8118201212813563,1.3441855774128517,1.5334613304841842,1.3297220853982745,1.7001315225925504,1.388,2.1,0.00899999999999998,0.017641729598604185,941.7737188332601
92,Bournemouth,91,3,2022-12-31T15:00:00Z,0.2952,1.74715,True,31.0,0,0,86.0,201.0,0.3568007490233692,0.4573932675940636,0.3738326102050838,1.302277152499304,1.8217461150780032,1.3441855774128517,1.5334613304841842,1.2947220853982746,1.7185582181200743,1.358,2.125,0.014999999999999966,0.016632385075360516,931.4189776532949
93,Bournemouth,91,3,2023-01-03T20:00:00Z,0.2468499999999999,2.6043000000000003,False,1.0,0,0,100.0,250.0,0.5306382234781599,1.4333840471798074,0.6063414440091733,1.302277152499304,1.8217461150780032,1.3091855774128518,1.56478026293427,1.2597220853982747,1.744955322146114,1.3630000000000002,2.086,0.00899999999999998,0.011982830981439697,919.227677273812
94,Bournemouth,91,3,2023-01-14T17:30:00Z,0.23635,1.73455,False,94.0,0,0,65.0,101.0,0.4300297293719021,1.2356987033620723,0.6598877897849126,1.267277152499304,1.8567461150780031,1.3091855774128518,1.56478026293427,1.2247220853982748,1.779955322146114,1.385,2.172,-0.00899999999999998,0.012771916913029507,913.8844432015004
95,Bournemouth,91,3,2023-01-21T15:00:00Z,1.17905,1.3855499999999998,True,17.0,0,1,127.0,159.0,0.3495339159070649,0.4415725414620495,0.543425363492843,1.2322771524993041,1.8572893645980313,1.3091855774128518,1.56478026293427,1.1897220853982748,1.7827387800983923,1.265,2.088,-0.024999999999999942,0.014397279720455432,907.299289208501
96,Bournemouth,91,3,2023-02-04T15:00:00Z,0.675,1.805,False,36.0,0,0,94.0,199.0,0.3366897895114795,1.1522101026149454,0.9043571698327098,1.2322771524993041,1.8572893645980313,1.2894250604236934,1.5786223024151276,1.176814024635632,1.7881798011006695,1.249,1.988,-0.03184400868037748,0.019079516527872847,907.5778975844324
97,Bournemouth,91,3,2023-02-11T17:30:00Z,1.415,1.135,True,4.0,0,1,123.0,201.0,0.3118597123721616,0.5923341989149274,0.4404419493833223,1.1972771524993042,1.8652706807713981,1.2894250604236934,1.5786223024151276,1.141814024635632,1.7961916034751255,1.17,2.037,-0.029950413888604012,0.014874966331177174,901.1042342735773
98,Bournemouth,91,3,2023-02-18T15:00:00Z,1.0,0.58,False,39.0,1,2,66.0,170.0,0.2840920585089285,1.011718968700513,0.8233889098698853,1.1972771524993042,1.8652706807713981,1.3111560030597609,1.5436223024151277,1.176814024635632,1.7611916034751256,1.205,2.013,-0.019319215624679552,0.0038666077609819933,904.6844134215153
99,Bournemouth,91,3,2023-02-25T17:30:00Z,1.175,3.19,True,43.0,0,0,119.0,213.0,0.3270019985116812,0.6029265991560547,0.6470104050759173,1.1701993567548354,1.8302706807713982,1.3111560030597609,1.5436223024151277,1.1511142661405054,1.7261916034751257,1.1740000000000002,1.876,-0.012621807959336437,-0.009298523452865297,921.9655111694875
100,Bournemouth,91,3,2023-03-04T15:00:00Z,1.66,2.8,False,3.0,0,0,90.0,359.0,0.3142938232847221,1.2824480867670656,0.6404135965654664,1.1701993567548354,1.8302706807713982,1.3261789798632466,1.5774613921125673,1.170979957254021,1.7483346954099948,1.136,1.837,-0.003880283320189986,-0.011228143323389115,917.6749238268675
101,Bournemouth,91,3,2023-03-11T12:30:00Z,0.93,0.875,True,14.0,1,2,60.0,143.0,0.3765571099535298,0.6889429104547092,0.5454525372812691,1.2051993567548354,1.8578638730767538,1.3261789798632466,1.5774613921125673,1.2059799572540209,1.7833346954099947,0.955,2.039,0.00593222007005669,-0.005794178647107615,914.2840925895916
102,Bournemouth,91,3,2023-03-18T15:00:00Z,0.295,3.1,False,7.0,0,0,120.0,269.0,0.3333396403325616,1.5130151785966066,0.6092105751064738,1.2051993567548354,1.8578638730767538,1.3050643092935603,1.5424613921125674,1.197166728884173,1.7483346954099948,0.93,1.996,0.010975057434611043,-0.004306062073890787,940.2993805658546
103,Bournemouth,91,3,2023-04-01T14:00:00Z,2.24,0.92,True,54.0,0,2,182.0,76.0,0.2973221966305232,0.6891778192425516,0.455351973440987,1.1701993567548354,1.8928638730767537,1.3050643092935603,1.5424613921125674,1.162166728884173,1.7833346954099947,0.964,2.064,0.002854883127820226,0.006061278156541501,928.9073550277207
104,Bournemouth,91,3,2023-04-04T18:45:00Z,0.97,2.38,True,36.0,0,0,106.0,174.0,0.2712505973792958,0.647138303855318,0.8141626460096566,1.1701993567548354,1.8928638730767537,1.3400643092935602,1.50838853709622,1.197166728884173,1.7483346954099948,1.046,1.89,0.005571697149684184,0.005163298847838435,948.7221731352456
105,Bournemouth,91,3,2023-04-08T14:00:00Z,1.665,0.34,False,13.0,1,2,254.0,116.0,0.2992641647031034,1.2167895833529163,0.5471637806383686,1.1701993567548354,1.8928638730767537,1.3082860846661044,1.54338853709622,1.1766076462745747,1.7833346954099947,1.087,1.963,-0.0009514640001935629,0.002999999999999993,939.2466003355836
106,Bournemouth,91,3,2023-04-15T14:15:00Z,2.165,2.02,False,6.0,0,2,118.0,217.0,0.2727610169913027,1.1886141203856015,0.5944607182742867,1.1829458737471383,1.8578638730767538,1.3082860846661044,1.54338853709622,1.187780391905002,1.7483346954099948,1.214,1.92,-0.0033621449878253945,-0.002999999999999993,950.4121442835174
107,Bournemouth,91,3,2023-04-23T13:00:00Z,0.575,3.17,True,21.0,0,0,154.0,212.0,0.2198615757394523,0.8877742363319141,0.7576820580075108,1.2179458737471383,1.8727591794477318,1.3082860846661044,1.54338853709622,1.222780391905002,1.7686242866653028,1.238,1.938,0.005267149187343824,0.000898513036472583,973.0763024285345
108,Bournemouth,91,3,2023-04-27T18:45:00Z,1.0,0.255,False,20.0,1,2,0.0,0.0,0.2188141243265687,0.9889220936332456,0.5045805586577786,1.2179458737471383,1.8727591794477318,1.2732860846661045,1.5783885370962198,1.187780391905002,1.8036242866653027,1.269,1.949,0.006173772851344557,0.0036376208583561278,954.4826974356854
109,Bournemouth,91,3,2023-04-30T13:00:00Z,2.99,1.335,True,2.0,0,2,209.0,180.0,0.213225670019574,0.8038244060359332,0.8070860451169528,1.1829458737471383,1.837759179447732,1.2732860846661045,1.5783885370962198,1.152920518974384,1.7686242866653028,1.203,1.779,-0.004363223218790356,0.005217323465650642,963.7051522531896
110,Bournemouth,91,3,2023-05-06T14:00:00Z,1.13,2.195,True,8.0,0,0,110.0,161.0,0.265842187793002,0.7340856491390592,0.7299558128687411,1.1829458737471383,1.837759179447732,1.3082860846661044,1.5780261339652308,1.187920518974384,1.7620252168403603,1.293,1.746,-0.0023718644369373544,-0.0003051034023499393,973.2257869137367
111,Bournemouth,91,3,2023-05-13T14:00:00Z,0.165,1.77,False,31.0,0,0,49.0,168.0,0.1968554300317757,1.084717183936969,0.3924515456227167,1.1829458737471383,1.837759179447732,1.2956430288627439,1.6130261339652308,1.1856939748368074,1.7970252168403602,1.3130000000000002,1.548,-0.004282045058955581,0.0053901542193428515,955.826886016325
112,Bournemouth,91,3,2023-05-20T14:00:00Z,0.595,1.245,True,1.0,0,0,119.0,181.0,0.228988368283446,0.8176221715526016,0.6321878544534653,1.1479458737471384,1.8623285319357505,1.2956430288627439,1.6130261339652308,1.1506939748368075,1.8293811510215634,1.3019999999999998,1.5730000000000002,-0.009476895329873048,0.007925372642329512,940.6314045515022
113,Bournemouth,91,3,2023-05-28T15:30:00Z,0.24,1.0,False,11.0,0,0,0.0,0.0,0.1731097789136033,1.0436689208398648,0.3052400910398908,1.1479458737471384,1.8623285319357505,1.260643028862744,1.5984967786667807,1.1156939748368075,1.8003407767452864,1.301,1.485,-0.010552521768322259,0.005738658384819998,933.7658662732425
114,Bournemouth,91,3,2023-08-12T14:00:00Z,1.185,1.035,True,21.0,0,1,124.0,119.0,0.178102064220458,0.8448172445409124,0.5183683312415841,1.1129458737471385,1.8360591514133333,1.260643028862744,1.5984967786667807,1.0806939748368076,1.7786643884286901,1.119,1.409,-0.017508924374303188,0.00564294636322623,919.1200125622796
115,Bournemouth,91,3,2023-08-19T14:00:00Z,1.18,3.04,False,14.0,0,0,117.0,303.0,0.2213076058216914,1.358409160653228,0.2907422930310261,1.1129458737471385,1.8360591514133333,1.243311988317578,1.5837476228643952,1.073555084385129,1.7534800919183353,1.137,1.354,-0.026337919227036415,-0.003624242403468918,919.1478854041214
116,Bournemouth,91,3,2023-08-26T11:30:00Z,0.34,2.03,True,6.0,0,0,99.0,224.0,0.1963016055048007,1.0704134124207096,0.4031753687434543,1.125350745747776,1.8694330936082688,1.243311988317578,1.5837476228643952,1.0838316218141397,1.7884800919183352,1.0,1.541,-0.022163669613382113,-0.008345862578183011,913.3345913646345
117,Bournemouth,91,3,2023-09-02T14:00:00Z,2.01,2.645,False,94.0,0,1,159.0,229.0,0.2854614711946489,1.556540458285844,0.3416884501352425,1.125350745747776,1.8694330936082688,1.2083119883175781,1.6130543496229215,1.0488316218141398,1.8084211705794049,0.981,1.548,-0.017486791846657728,-0.004730464377200023,905.225299116825
118,Bournemouth,91,3,2023-09-17T13:00:00Z,0.595,0.855,True,8.0,1,1,168.0,198.0,0.2726790265037339,1.0525437652161074,0.3602475090226866,1.160350745747776,1.9044330936082687,1.2083119883175781,1.6130543496229215,1.0838316218141397,1.8434211705794048,0.986,1.565,-0.006989208192923765,0.009704923303506753,907.6546470717277
119,Bournemouth,91,3,2023-09-24T13:00:00Z,1.19,2.435,False,36.0,0,0,113.0,139.0,0.310914477595838,1.5173092453334345,0.2879799056607442,1.160350745747776,1.9044330936082687,1.1733119883175782,1.5780543496229216,1.0488316218141398,1.8084211705794049,1.154,1.763,-0.004670918652180189,0.012529949297081481,907.6740657756754
120,Bournemouth,91,3,2023-09-30T14:00:00Z,0.3399999999999999,3.735,True,3.0,0,0,88.0,245.0,0.2654170206140152,1.4919784840569723,0.3313036181287563,1.161768418374462,1.9145098212240699,1.1733119883175782,1.5780543496229216,1.048104829360667,1.8122888309588672,1.058,1.722,-0.005635750717780276,0.01111048374816766,901.8293258849127
121,Bournemouth,91,3,2023-10-07T14:00:00Z,0.36,2.855,False,11.0,0,0,115.0,256.0,0.2729334825745407,1.6379071908148934,0.337317704402801,1.161768418374462,1.9145098212240699,1.1484590249134825,1.6130543496229215,1.017808980518373,1.842515907273849,1.036,1.806,-0.010494102395407205,0.007050915940455888,897.8489731828992
122,Bournemouth,91,3,2023-10-21T14:00:00Z,0.8049999999999999,2.7,True,39.0,0,0,81.0,221.0,0.2842132382553451,1.3493165987109783,0.4599028141001438,1.1267684183744622,1.9495098212240698,1.1484590249134825,1.6130543496229215,0.982808980518373,1.877515907273849,1.102,1.894,-0.015111654937703065,0.00990358725528616,884.4794406503048
123,Bournemouth,91,3,2023-10-28T14:00:00Z,1.54,0.94,True,90.0,0,2,153.0,75.0,0.2277214075319351,1.1894684656640944,0.4065910776334451,1.1267684183744622,1.9495098212240698,1.1134590249134826,1.6480543496229214,0.9495964235616495,1.912515907273849,1.064,1.934,-0.025701136114058443,0.016656713424872422,874.2554855282656
124,Bournemouth,91,3,2023-11-04T15:00:00Z,0.885,3.94,False,43.0,0,0,53.0,262.0,0.2833927086690872,1.509483370633806,0.373469325646623,1.1267684183744622,1.9495098212240698,1.1106195468736342,1.626286792701728,0.9494297125629451,1.8834132211971855,1.217,2.009,-0.02364385039008646,0.02030404234382423,892.1788705238305
125,Bournemouth,91,3,2023-11-11T17:30:00Z,2.28,0.255,True,4.0,1,2,222.0,110.0,0.1882277614137273,1.0273643621831845,0.3162375048260129,1.1331147288050252,1.9656901207185782,1.1106195468736342,1.626286792701728,0.9641087582951792,1.9062798039640019,1.146,2.152,-0.01880944903286989,0.017932765908448077,889.5891431906848
126,Bournemouth,91,3,2023-11-25T15:00:00Z,2.8600000000000003,0.905,False,49.0,0,2,238.0,91.0,0.2248609956315123,1.200709288270738,0.4393650310584845,1.1331147288050252,1.9656901207185782,1.145619546873634,1.591286792701728,0.9991087582951792,1.871279803964002,1.251,1.959,-0.0042790996795501355,0.005743099641273134,920.8457648631997
127,Bournemouth,91,3,2023-12-03T14:00:00Z,2.01,1.34,True,7.0,0,1,227.0,105.0,0.150843814432899,0.905727837253588,0.2859625037535656,1.168114728805025,1.9327347204054157,1.145619546873634,1.591286792701728,1.0341087582951791,1.846701694480992,1.39,1.826,0.011991855394767256,-0.007283222603628843,930.5492827475316
128,Bournemouth,91,3,2023-12-06T19:30:00Z,1.87,0.42,False,31.0,1,2,159.0,109.0,0.1748918854911762,1.0605516686550185,0.377283913045488,1.168114728805025,1.9327347204054157,1.180619546873634,1.5853147669399588,1.069108758295179,1.8228635630026995,1.4580000000000002,1.702,0.02533139459612428,-0.01695418004298079,932.6120708717579
129,Bournemouth,91,3,2023-12-09T15:00:00Z,2.235,0.58,False,1.0,1,2,130.0,176.0,0.2115825776042481,0.9893179645094587,0.3112208212576018,1.203114728805025,1.8977347204054158,1.180619546873634,1.5853147669399588,1.104108758295179,1.7878635630026996,1.449,1.6130000000000002,0.03209700653317626,-0.02150214638112419,948.1994230678735
130,Bournemouth,91,3,2023-12-23T15:00:00Z,2.3,1.375,False,17.0,0,2,188.0,125.0,0.1734531159144152,0.8739139723962457,0.2953939720892458,1.238114728805025,1.8627347204054159,1.180619546873634,1.5853147669399588,1.1391087582951789,1.7528635630026996,1.466,1.65,0.03499999999999994,-0.02974765883339174,970.5291322188077
131,Bournemouth,91,3,2023-12-26T15:00:00Z,2.415,0.14,True,54.0,1,2,127.0,83.0,0.1284340778922547,0.720010540086124,0.2579708362527733,1.2731147288050249,1.8577296267214516,1.180619546873634,1.5853147669399588,1.1741087582951788,1.7611593364892146,1.5659999999999998,1.53,0.03499999999999992,-0.0247747637659661,980.3548831182248
132,Bournemouth,91,3,2023-12-31T14:00:00Z,1.3,2.665,False,6.0,0,0,200.0,170.0,0.1460190901556562,1.1819330896415243,0.2297508671805245,1.2731147288050249,1.8577296267214516,1.215619546873634,1.5503147669399588,1.2091087582951787,1.7261593364892147,1.578,1.357,0.03499999999999992,-0.023509270557124023,991.4173148885989
133,Bournemouth,91,3,2024-01-21T16:30:00Z,0.695,2.805,True,14.0,0,0,90.0,178.0,0.1643376161384203,0.6644526422892075,0.3917550948632681,1.2685717611530976,1.8927296267214515,1.215619546873634,1.5503147669399588,1.2029202394178684,1.7611593364892146,1.6969999999999998,1.306,0.029115925874669886,-0.013866801103467535,977.6326569443314
134,Bournemouth,91,3,2024-02-01T19:30:00Z,1.08,1.155,False,21.0,0,1,132.0,84.0,0.1135704034543993,1.2126146252767411,0.1786951189181857,1.2685717611530976,1.8927296267214515,1.1871215485404158,1.5853147669399588,1.1873884699649495,1.79265921795916,1.634,1.409,0.018366657191912036,0.0003961598640527887,971.8032197478674
135,Bournemouth,91,3,2024-02-04T14:00:00Z,1.05,0.78,True,17.0,0,1,102.0,96.0,0.1389292569965491,0.592352055113828,0.3446984071158752,1.2492556578862017,1.8613250211719818,1.1871215485404158,1.5853147669399588,1.169913826896316,1.7682800116763555,1.713,1.231,0.005362170261076793,0.005902339650803303,971.9943082917489
136,Bournemouth,91,3,2024-02-10T15:00:00Z,1.42,2.275,False,54.0,0,0,217.0,185.0,0.1238880915756439,1.0542558196596876,0.3345406480474778,1.2492556578862017,1.8613250211719818,1.1574094266787007,1.5555961796369169,1.1442223088809884,1.7332800116763556,1.5930000000000002,1.217,-0.008072823163441678,0.0005275795133449319,971.7694659013555
137,Bournemouth,91,3,2024-02-17T15:00:00Z,2.295,2.13,False,4.0,0,1,142.0,170.0,0.125246293447723,1.2933100819575347,0.2601982818147049,1.2551996960552145,1.8963250211719818,1.1574094266787007,1.5555961796369169,1.1492105561804675,1.7682800116763555,1.5719999999999998,1.311,-0.01408741272150941,0.0029310341489806376,955.9645672291387
138,Bournemouth,91,3,2024-02-24T17:30:00Z,0.47,1.3199999999999998,True,43.0,0,0,120.0,212.0,0.110278310997316,0.7540515984218663,0.3636543166456807,1.2901996960552145,1.906732240407602,1.1574094266787007,1.5555961796369169,1.1842105561804674,1.7868478960517815,1.487,1.376,-0.0066792478730222414,0.0005801479704120244,956.242182479195
139,Bournemouth,91,3,2024-03-03T13:00:00Z,1.55,0.765,False,90.0,1,2,95.0,181.0,0.2618582282371179,1.1614633970780823,0.2268208858558816,1.2901996960552145,1.906732240407602,1.130642060221787,1.520596179636917,1.160862738709491,1.7518478960517816,1.4480000000000002,1.479,-0.0024214348892959846,-0.003238655897446125,951.2402273140323
140,Bournemouth,91,3,2024-03-09T15:00:00Z,2.67,1.635,True,49.0,0,1,383.0,224.0,0.154660908553468,0.7287067987725627,0.353953357391085,1.2799308458529197,1.871732240407602,1.130642060221787,1.520596179636917,1.1535587364187936,1.719557956448555,1.413,1.484,8.988105993986219e-05,-0.0048382496753513835,959.633404579582
141,Bournemouth,91,3,2024-03-13T19:30:00Z,3.34,2.55,True,102.0,0,2,258.0,139.0,0.1291807066526973,0.7712163990453266,0.5308526113041772,1.2799308458529197,1.871732240407602,1.165642060221787,1.5473095365461564,1.1885587364187935,1.736709738506853,1.608,1.5830000000000002,0.006039396026657919,-0.0046862151865975435,958.1150038652956
142,Bournemouth,91,3,2024-03-30T15:00:00Z,1.28,1.06,True,11.0,0,1,160.0,115.0,0.1004738829520979,0.6153905325908096,0.6462186976810267,1.2799308458529197,1.871732240407602,1.2006420602217869,1.5823095365461564,1.2235587364187934,1.771709738506853,1.739,1.639,0.010785183989026007,-0.004730165088157845,966.3238012151269
143,Bournemouth,91,3,2024-04-02T18:45:00Z,1.115,0.055,True,31.0,1,2,124.0,56.0,0.0825907978516317,0.4853037475706296,0.5181700981963541,1.2799308458529197,1.871732240407602,1.1975456203268071,1.5733419730842853,1.2246382181288389,1.7531125430133594,1.699,1.584,0.012149322939136127,-0.0026268415933885262,966.24699063454
144,Bournemouth,91,3,2024-04-06T14:00:00Z,0.67,1.7,False,102.0,0,0,68.0,211.0,0.2147786219622028,1.0500270866162864,0.3297495778879079,1.2799308458529197,1.871732240407602,1.1896422775030282,1.5383419730842853,1.2191015414930564,1.7181125430133595,1.733,1.462,0.01541235597279894,-0.0009432287285056454,976.2972919232319
145,Bournemouth,91,3,2024-04-13T16:30:00Z,1.875,1.59,True,1.0,0,1,163.0,110.0,0.0686817316623802,0.6352362481104897,0.4030211874860531,1.2449308458529198,1.883106162520078,1.1896422775030282,1.5383419730842853,1.1841015414930565,1.7391344189159121,1.669,1.589,0.007012054922975671,0.0006712437246517488,949.9162239651808
146,Bournemouth,91,3,2024-04-21T14:00:00Z,1.35,2.675,False,7.0,0,0,170.0,193.0,0.1692722615261577,1.2855766229237784,0.3075830050239284,1.2449308458529198,1.883106162520078,1.2246422775030281,1.554728713044962,1.2191015414930564,1.7381981874945112,1.73,1.6030000000000002,0.0008230218273806004,-0.003579534680986628,950.4366137471166
147,Bournemouth,91,3,2024-04-24T18:45:00Z,1.44,0.4,False,39.0,1,2,211.0,127.0,0.1561006478536782,1.0776707067184943,0.2592312261297221,1.2531909345147614,1.918106162520078,1.2246422775030281,1.554728713044962,1.2263356750487229,1.773198187494511,1.683,1.611,-0.0010778667645057194,-0.0004651127347343298,943.3060536418271
148,Bournemouth,91,3,2024-04-28T13:00:00Z,2.635,0.5,True,36.0,1,2,163.0,111.0,0.0800857912929624,0.636294859641492,0.3690164791558191,1.2589919995380765,1.883106162520078,1.2246422775030281,1.554728713044962,1.2272445310672058,1.7381981874945112,1.7519999999999998,1.568,0.0019923990102523946,0.002564254983651791,958.7470523810465
149,Bournemouth,91,3,2024-05-04T11:30:00Z,0.185,3.49,False,3.0,0,0,52.0,289.0,0.2925227261084164,1.5559661052254956,0.2016242869897838,1.2589919995380765,1.883106162520078,1.259642277503028,1.5197287130449622,1.2622445310672057,1.7031981874945112,1.795,1.467,0.010067944289967455,-0.0012108706245269765,970.8548621486931
150,Bournemouth,91,3,2024-05-11T14:00:00Z,0.845,1.72,True,94.0,0,0,124.0,156.0,0.1022889487834152,0.6815626686100493,0.380346150454526,1.2316326409889025,1.9005307267415181,1.259642277503028,1.5197287130449622,1.2440131076322647,1.7365665314008167,1.7519999999999998,1.575,0.012282733012484913,-0.004366841073585048,964.9332395859377
151,Bournemouth,91,3,2024-05-19T15:00:00Z,1.15,1.495,False,8.0,0,0,165.0,185.0,0.2319621203065461,1.3435291929531632,0.2412633343253874,1.2316326409889025,1.9005307267415181,1.2292117230095227,1.5356220435535382,1.2153773291447385,1.7420956895723168,1.493,1.507,0.001983178171686742,-0.003583070225487285,945.4285342357794
152,Bournemouth,91,3,2024-08-17T14:00:00Z,1.115,1.15,False,17.0,0,1,128.0,173.0,0.211526093571758,1.140522705630238,0.3720937044753013,1.2305759166808574,1.877565365910433,1.2292117230095227,1.5356220435535382,1.2091630176030355,1.7240347667376246,1.4,1.5530000000000002,-0.003991323326593709,-0.005735892961277437,937.5701348294959
153,Bournemouth,91,3,2024-08-25T13:00:00Z,1.61,1.3050000000000002,True,4.0,0,1,152.0,167.0,0.1417802934982118,0.767882075585594,0.3536025614646313,1.214767548146624,1.855520129944546,1.2292117230095227,1.5356220435535382,1.1899540099287147,1.7134952872010056,1.368,1.611,-0.01069522641635692,-0.0015850173019053605,937.5469868055673
154,Bournemouth,91,3,2024-08-31T14:00:00Z,2.6100000000000003,1.985,False,11.0,0,2,250.0,203.0,0.382298072778034,0.9804065488235184,0.4160728812585677,1.214767548146624,1.855520129944546,1.2499945619672947,1.5097967132490424,1.2209102497738902,1.6784952872010057,1.396,1.722,-0.010716086031969446,-0.006022547340047232,938.3096656141366
155,Bournemouth,91,3,2024-09-14T19:00:00Z,0.88,0.89,True,8.0,0,0,168.0,94.0,0.1102735616097203,0.7016860587887953,0.3439131033613799,1.249767548146624,1.890520129944546,1.2499945619672947,1.5097967132490424,1.25591024977389,1.7134952872010056,1.578,1.714,0.001625013283464608,-0.009048483075703074,952.6652442503163
156,Bournemouth,91,3,2024-09-21T14:00:00Z,0.545,2.53,False,14.0,0,0,189.0,254.0,0.3151207232718043,1.11587176019607,0.4080566854233304,1.249767548146624,1.890520129944546,1.2173411786417991,1.4747967132490425,1.2305541758399472,1.6784952872010057,1.5830000000000002,1.6980000000000002,0.00705949056667951,-0.01098915572761177,945.1855912469526
157,Bournemouth,91,3,2024-09-30T19:00:00Z,2.1950000000000003,0.8,True,20.0,0,2,147.0,84.0,0.1213238812520046,0.612422490169063,0.2963768581699622,1.227291503690538,1.9050233744823892,1.2173411786417991,1.4747967132490425,1.2052663090397713,1.702026203597477,1.602,1.759,0.0039233415690679,-0.005144080448592517,937.3682752188068
158,Bournemouth,91,3,2024-10-05T14:00:00Z,1.085,0.895,False,13.0,0,0,139.0,55.0,0.24509389587807,0.9412335912636098,0.4195996442181459,1.227291503690538,1.9050233744823892,1.252341178641799,1.4545646792376885,1.2402663090397712,1.6760200955991604,1.538,1.716,0.005122102840542369,-0.004336663109137495,944.7840462440607
159,Bournemouth,91,3,2024-10-19T16:30:00Z,1.915,0.34,True,3.0,1,2,137.0,71.0,0.0988074631960036,0.6141063812426046,0.2394042230210817,1.1971699180015933,1.8700233744823893,1.252341178641799,1.4545646792376885,1.2054857607797205,1.6421198444834921,1.514,1.66,-0.004266918113525176,-0.007736339199903781,925.4494795409778
160,Bournemouth,91,3,2024-10-26T14:00:00Z,0.655,1.405,False,7.0,0,1,78.0,261.0,0.21729525234961,0.9676261265383632,0.4685775010585579,1.1971699180015933,1.8700233744823893,1.287341178641799,1.4195646792376886,1.2404857607797204,1.6071198444834922,1.599,1.442,-0.003352219718615108,-0.01905741856395498,961.5917258281745
161,Bournemouth,91,3,2024-11-02T15:00:00Z,2.065,1.28,True,43.0,0,2,140.0,200.0,0.1101835824857806,0.5998605187442481,0.3817588401275079,1.1621699180015934,1.8422661927944533,1.287341178641799,1.4195646792376886,1.2054857607797205,1.5918306588010946,1.5530000000000002,1.547,-0.0015561219526096285,-0.021484070584490794,962.3491344455306
162,Bournemouth,91,3,2024-11-09T15:00:00Z,2.305,2.24,False,94.0,0,0,151.0,151.0,0.2045629740496967,0.9103758761965048,0.4977825008233227,1.1621699180015934,1.8422661927944533,1.322341178641799,1.3845646792376887,1.2404857607797204,1.5568306588010947,1.528,1.5619999999999998,0.003050160397702666,-0.028958458125031665,995.2805938096279
163,Bournemouth,91,3,2024-11-23T15:00:00Z,1.31,1.47,True,36.0,0,0,185.0,101.0,0.0879205641556071,0.6110026256899708,0.3613679867658395,1.1971699180015933,1.873608013025687,1.322341178641799,1.3845646792376887,1.2754857607797203,1.5918306588010946,1.551,1.54,0.007031350248564155,-0.01977439790628339,973.3244242041478
164,Bournemouth,91,3,2024-11-30T15:00:00Z,3.64,1.23,False,39.0,0,2,163.0,85.0,0.1768823131497641,0.7169590148195036,0.4649419450848066,1.1971699180015933,1.873608013025687,1.3160007068133004,1.386352522412491,1.2780125417711792,1.584001114606842,1.584,1.474,0.01436096871306552,-0.010613177326584093,962.8531844960551
165,Bournemouth,91,3,2024-12-05T20:15:00Z,2.16,0.29,True,6.0,1,2,235.0,103.0,0.08171599434325,0.5530020422033106,0.321063989706764,1.2321699180015933,1.8629721000207522,1.3160007068133004,1.386352522412491,1.313012541771179,1.585368759136477,1.497,1.356,0.017577549940904845,-0.0027784016947952723,974.4631827098018
166,Bournemouth,91,3,2024-12-08T14:00:00Z,2.6950000000000003,1.16,False,40.0,0,2,227.0,157.0,0.1442417991164832,0.7620792337485028,0.4438437350659606,1.2321699180015933,1.8629721000207522,1.3510007068133003,1.3513525224124912,1.348012541771179,1.550368759136477,1.564,1.365,0.026649743683517933,-0.00370070690031984,990.3318571006513
167,Bournemouth,91,3,2024-12-16T20:00:00Z,1.455,1.59,True,21.0,0,1,270.0,136.0,0.2302235511558611,0.7278904772692416,0.2719386586608164,1.2671699180015932,1.8534015007837326,1.3510007068133003,1.3513525224124912,1.383012541771179,1.5515818336203473,1.602,1.268,0.027577549940904823,-0.004264633724798721,999.1611896706521
168,Bournemouth,91,3,2024-12-22T14:00:00Z,2.18,1.13,False,1.0,1,2,99.0,211.0,0.3410769548683758,0.8416171818043912,0.369656238384636,1.2671699180015932,1.8534015007837326,1.341889466052836,1.3804383162914127,1.3784171973737593,1.5651733474974465,1.725,1.32,0.024704490942005553,-0.007586982842220705,998.9857183472104
169,Bournemouth,91,3,2024-12-26T15:00:00Z,0.735,0.225,True,31.0,1,1,160.0,99.0,0.2279516508990031,0.6105814823205212,0.2181745122917461,1.302169918001593,1.8184015007837326,1.341889466052836,1.3804383162914127,1.4134171973737593,1.5384007635731762,1.685,1.476,0.02594963556630403,-0.008210711874329991,1014.1430119204945
170,Bournemouth,91,3,2024-12-29T15:00:00Z,1.995,1.5550000000000002,False,54.0,0,1,207.0,146.0,0.2741709648976256,0.8123689191811931,0.3675104076324947,1.302169918001593,1.8184015007837326,1.306889466052836,1.3454383162914128,1.3784171973737593,1.5034007635731763,1.7080000000000002,1.504,0.014818340012092066,-0.012347212875123028,1013.9218737584132
171,Bournemouth,91,3,2025-01-04T15:00:00Z,1.425,0.355,True,11.0,1,2,230.0,49.0,0.1972957284770024,0.6037855973604054,0.1785801762269136,1.337169918001593,1.8195694964445184,1.306889466052836,1.3454383162914128,1.4134171973737593,1.5143220350019926,1.837,1.389,0.009949635566304066,-0.01004426899252015,1013.9400944863239
172,Bournemouth,91,3,2025-01-14T19:30:00Z,1.5950000000000002,2.25,False,8.0,0,1,95.0,227.0,0.2732440838092644,0.8785091593631502,0.5325080948252737,1.337169918001593,1.8195694964445184,1.3121019330400692,1.3104383162914128,1.424987271241642,1.4793220350019927,1.927,1.238,0.007996389924351867,-0.015681512302232425,1022.658401487183
173,Bournemouth,91,3,2025-01-18T12:30:00Z,3.145,0.895,False,4.0,0,2,264.0,146.0,0.2214120651849834,0.8455071239491168,0.4275062959752129,1.3646548116386854,1.8503532503935525,1.3121019330400692,1.3104383162914128,1.4445087295059427,1.5143220350019926,1.871,1.314,0.011433368064701853,-0.012016327907485833,1022.6931315902458
174,Bournemouth,91,3,2025-01-25T15:00:00Z,3.355,0.49,True,17.0,1,2,219.0,143.0,0.2445633443710018,0.5962776868358709,0.1388956926209328,1.3996548116386853,1.8153532503935526,1.3121019330400692,1.3104383162914128,1.4795087295059426,1.4793220350019927,1.95,1.359,0.015437209455009981,-0.008503709387699114,1037.2947035916382
175,Bournemouth,91,3,2025-02-01T15:00:00Z,0.805,2.26,True,14.0,0,0,141.0,189.0,0.2302159345107792,0.9815493119834552,0.1124744275940588,1.3996548116386853,1.8153532503935526,1.347101933040069,1.275438316291413,1.5145087295059425,1.4443220350019927,2.006,1.4169999999999998,0.025664391866336185,-0.010439818367311934,1051.6973768337896
176,Bournemouth,91,3,2025-02-15T15:00:00Z,2.095,0.895,False,20.0,0,2,181.0,117.0,0.1810982729216537,0.7398388741826464,0.4169493413140545,1.3996548116386853,1.8153532503935526,1.325994160691551,1.3012724674797067,1.5005194037830352,1.45238921762901,1.912,1.503,0.021116440195408023,-0.012847545338997492,1043.0728917304755
177,Bournemouth,91,3,2025-02-22T15:00:00Z,0.31,1.5,True,39.0,0,0,97.0,107.0,0.2635012823972727,0.9545383537649096,0.260813443684268,1.431772211778442,1.7803532503935526,1.325994160691551,1.3012724674797067,1.527078959220856,1.4306048141245267,1.866,1.463,0.020385441792209923,-0.01326813018589364,1045.9223464159718
178,Bournemouth,91,3,2025-02-25T19:30:00Z,1.23,2.21,False,36.0,0,0,195.0,121.0,0.1764097678279529,0.8198746799198361,0.5820717099109313,1.431772211778442,1.7803532503935526,1.2909941606915512,1.3335081806504208,1.492078959220856,1.4557590118983366,1.693,1.4340000000000002,0.010473500342754287,-0.012311417014961737,1020.9856225700254
179,Bournemouth,91,3,2025-03-09T14:00:00Z,2.105,1.765,False,6.0,0,1,201.0,136.0,0.1972075971995189,0.8932358621598725,0.4793891077085021,1.4283647554932848,1.8153532503935526,1.2909941606915512,1.3335081806504208,1.4834961766834027,1.4907590118983365,1.789,1.344,-0.0005940719865753634,0.0019917546190362043,1004.2974041095789
180,Bournemouth,91,3,2025-03-15T17:30:00Z,0.835,1.415,True,94.0,0,0,197.0,141.0,0.2049454418645454,0.8913076084838184,0.2406326784210973,1.4633647554932847,1.8099346697743484,1.2909941606915512,1.3335081806504208,1.5184961766834026,1.4979346257907598,1.83,1.381,-0.0018894984403313305,0.011666472415017833,1003.929010482523
181,Bournemouth,91,3,2025-04-02T18:45:00Z,1.51,1.585,True,40.0,0,0,175.0,77.0,0.2127353436724242,0.8399059177096365,0.2471587498830757,1.4633647554932847,1.8099346697743484,1.2601756766886494,1.338178496154807,1.4834961766834027,1.4921609898859378,1.82,1.376,-0.0034127790185135916,0.012452808465238226,986.2583038886703
182,Bournemouth,91,3,2025-04-05T14:00:00Z,2.07,1.345,False,21.0,0,1,143.0,80.0,0.153383686710737,0.8169612261243453,0.4061915282177238,1.4633647554932847,1.8099346697743484,1.2607506157219837,1.3657403665015737,1.471539588253512,1.5157196365648433,1.765,1.404,-0.0076698629271165705,0.01548444743019458,958.1425843917516
183,Bournemouth,91,3,2025-04-14T19:00:00Z,1.23,0.535,True,54.0,1,2,96.0,183.0,0.2676830450785522,0.7265934915519394,0.2522345832423922,1.4983647554932846,1.7990203479786682,1.2607506157219837,1.3657403665015737,1.506539588253512,1.5189817848888831,1.813,1.257,4.095371067449933e-05,0.011006345801355183,958.1319586023905
184,Bournemouth,91,3,2025-04-19T14:00:00Z,0.36,0.185,False,31.0,1,1,141.0,46.0,0.1637428674416843,0.6620809536522685,0.3248156330582297,1.4983647554932846,1.7990203479786682,1.2527627967998978,1.3307403665015738,1.4982755256106577,1.4839817848888832,1.645,1.294,0.0007448683119060614,0.0015089711121716943,980.2432129377671
185,Bournemouth,91,3,2025-04-27T13:00:00Z,0.765,1.76,True,1.0,0,1,55.0,249.0,0.2415312572833183,0.925128271207064,0.3628491202996384,1.4633647554932847,1.7640203479786682,1.2527627967998978,1.3307403665015738,1.4632755256106578,1.4489817848888833,1.567,1.197,-0.0056218631023417015,-0.007601133462185893,980.2860946319681
186,Bournemouth,91,3,2025-05-03T16:30:00Z,1.485,1.21,False,3.0,0,2,95.0,145.0,0.1273555635657544,0.8305074083962087,0.252634381267512,1.4633647554932847,1.7640203479786682,1.2177627967998979,1.3657403665015737,1.4282755256106578,1.478391912978746,1.481,1.257,-0.008833128741004044,-0.008687398273252553,979.8639858341832
187,Bournemouth,91,3,2025-05-10T16:30:00Z,0.42,0.99,True,7.0,0,0,146.0,95.0,0.1967465334425809,0.8528775442721609,0.3622159824552743,1.4920338823458794,1.7290203479786683,1.2177627967998979,1.3657403665015737,1.4600108822142848,1.443391912978746,1.395,1.285,-0.00935530623213425,-0.0148116638188828,1004.2442365533163
188,Bournemouth,91,3,2025-05-20T19:00:00Z,1.03,2.3,False,43.0,0,0,74.0,129.0,0.099054327217809,0.9481724287526068,0.2476045187636203,1.4920338823458794,1.7290203479786683,1.182762796799898,1.3419822875394212,1.4250108822142848,1.408391912978746,1.444,1.273,-0.01592678458243584,-0.018437395634035257,993.2817042557574
189,Bournemouth,91,3,2025-05-25T15:00:00Z,1.905,0.135,True,13.0,1,2,225.0,29.0,0.1530250815664518,0.7255714233227918,0.2817235419096578,1.49343110333202,1.738939583983849,1.182762796799898,1.3419822875394212,1.4291631786842678,1.4372412537446686,1.3230000000000002,1.281,-0.012246294520498323,-0.011156350612899558,985.0600935432009
190,Chelsea,8,6,2022-08-06T16:30:00Z,1.0,0.0,False,11.0,1,2,217.0,128.0,0.0,0.0,0.0,1.609977819548872,1.3722162211083262,1.609977819548872,1.3722162211083262,1.609977819548872,1.3722162211083262,1.5,1.5,,,1000.0
191,Chelsea,8,6,2022-08-14T15:30:00Z,2.0,2.0,True,6.0,0,1,222.0,170.0,0.0,1.0,1.0,1.5752504518588135,1.3372162211083263,1.609977819548872,1.3722162211083262,1.5752504518588135,1.3372162211083263,2.17,1.28,-0.034727367690058575,-0.03499999999999992,1032.0768282113263
192,Chelsea,8,6,2022-08-21T13:00:00Z,0.0,3.0,False,2.0,0,0,187.0,175.0,0.0,0.6666666666666666,0.0,1.5752504518588135,1.3372162211083263,1.6387165602896128,1.4035619662350318,1.606104196844559,1.368561966235032,2.195,1.49,-0.0019368113521565087,-0.0018271274366471468,1032.0768282113263
193,Chelsea,8,6,2022-08-27T14:00:00Z,2.0,1.0,True,13.0,0,2,103.0,194.0,0.0,1.0,0.7777777777777778,1.5402504518588136,1.3722162211083262,1.6387165602896128,1.4035619662350318,1.5711041968445592,1.4035619662350318,2.0866666666666664,1.5766666666666669,-0.008576712312719326,0.01253829805068225,999.7350383197348
194,Chelsea,8,6,2022-08-30T18:45:00Z,1.0,2.0,False,20.0,0,0,180.0,137.0,0.0,0.7407407407407407,0.2222222222222222,1.5402504518588136,1.3722162211083262,1.6524168885742132,1.3841586548117861,1.585329265849249,1.3841072048117862,1.8225,1.6675,-0.005344336241350046,0.00901277125336255,1020.2391184472268
195,Chelsea,8,6,2022-09-03T14:00:00Z,2.0,1.0,True,21.0,0,2,151.0,98.0,0.0,0.7777777777777778,0.8271604938271605,1.5052504518588137,1.4072162211083261,1.6524168885742132,1.3841586548117861,1.5503292658492491,1.419107204811786,1.818,1.608,-0.00865732361505166,0.011717939132219404,983.5972427770068
196,Chelsea,8,6,2022-10-01T14:00:00Z,2.0,1.0,False,31.0,0,2,160.0,71.0,0.0,0.5761316872427983,0.3950617283950617,1.5052504518588137,1.4072162211083261,1.678780055957303,1.3655146343750988,1.5807070217643133,1.4024036644478177,1.7666666666666666,1.5033333333333334,-0.003594767841535454,0.013089090600127832,1000.34058387727
197,Chelsea,8,6,2022-10-08T14:00:00Z,3.0,0.0,True,39.0,1,2,245.0,85.0,0.0,0.6049382716049383,0.6433470507544582,1.5402504518588136,1.3858869273144665,1.678780055957303,1.3655146343750988,1.6157070217643132,1.3829363208256094,1.7428571428571429,1.39,0.0011949314102295272,0.0029541962168927113,1015.9634774749637
198,Chelsea,8,6,2022-10-16T13:00:00Z,2.0,0.0,False,7.0,1,2,103.0,222.0,0.0,0.4481024234110653,0.3072702331961591,1.5402504518588136,1.3858869273144665,1.7137800559573029,1.3305146343750989,1.6507070217643132,1.3479363208256094,1.83125,1.3225,0.014843575664543623,-0.008524126267703163,1025.4727710571174
199,Chelsea,8,6,2022-10-19T18:30:00Z,0.0,0.0,False,94.0,1,1,181.0,154.0,0.0,0.3485241070974952,0.2389879591525681,1.5752504518588135,1.3508869273144666,1.7137800559573029,1.3305146343750989,1.685707021764313,1.3129363208256095,1.7422222222222223,1.4222222222222225,0.02394348706630035,-0.01682384044318919,1034.1619433170538
200,Chelsea,8,6,2022-10-22T16:30:00Z,1.0,1.0,True,1.0,0,1,77.0,127.0,0.0,0.6927297668038409,0.5003810394756897,1.5402504518588136,1.3158869273144667,1.7137800559573029,1.3305146343750989,1.6507070217643132,1.2779363208256096,1.749,1.4340000000000002,0.024339679416437696,-0.028835898594214485,1034.0634361896202
201,Chelsea,8,6,2022-10-29T14:00:00Z,1.0,4.0,False,36.0,0,0,188.0,250.0,0.0,0.7155187499647185,0.1858795237853308,1.5402504518588136,1.3158869273144667,1.678780055957303,1.3058299767041341,1.6157070217643132,1.253866904128877,1.609,1.433,0.00899999999999998,-0.031219537188420077,1034.180865083342
202,Chelsea,8,6,2022-11-06T12:00:00Z,0.0,1.0,True,3.0,0,0,87.0,153.0,0.2222222222222222,0.5387898186252096,0.3891852529255364,1.5096174394550612,1.3508869273144666,1.678780055957303,1.3058299767041341,1.5825914623353365,1.288866904128877,1.575,1.513,-0.008730794204139521,-0.022501580959253118,1018.2666905085853
203,Chelsea,8,6,2022-11-12T17:30:00Z,0.1479,1.0145,False,4.0,0,0,56.0,162.0,0.0247333333333333,0.7690479166392256,0.1445729629441462,1.5096174394550612,1.3508869273144666,1.643780055957303,1.2708299767041342,1.5475914623353366,1.253866904128877,1.475,1.491,-0.024569270726623207,-0.01618927857915978,1010.7208515905634
204,Chelsea,8,6,2022-12-27T17:30:00Z,1.8696,0.26405,True,91.0,1,2,186.0,85.0,0.1958395061728395,0.4793476367084963,0.336788530053195,1.4746174394550613,1.3158869273144667,1.643780055957303,1.2708299767041342,1.5125914623353367,1.218866904128877,1.4280000000000002,1.459,-0.03451542956745109,-0.014501580959253137,1001.1118251192152
205,Chelsea,8,6,2023-01-01T16:30:00Z,0.97035,1.10065,False,17.0,0,1,145.0,173.0,0.0723259259259259,0.6636150462749533,0.260845637845447,1.4746174394550613,1.3158869273144667,1.65370604975395,1.2358299767041343,1.5310181578628606,1.1838669041288772,1.4340000000000002,1.4069999999999998,-0.02693688565126265,-0.017438488099533193,1010.761224700336
206,Chelsea,8,6,2023-01-05T20:00:00Z,0.2049,1.54085,True,43.0,0,0,101.0,143.0,0.1874085048010973,0.6091148285510527,0.4563688567080405,1.4396174394550614,1.3085170951182903,1.65370604975395,1.2358299767041343,1.4960181578628606,1.188540013243427,1.4280000000000002,1.482,-0.0225189780835626,-0.0193324129836357,1009.9712536268975
207,Chelsea,8,6,2023-01-12T20:00:00Z,1.57125,1.6278,False,54.0,0,0,157.0,93.0,0.0562534979423868,0.5644561471027414,0.339902162768681,1.4396174394550614,1.3085170951182903,1.61870604975395,1.224186681416421,1.4610181578628607,1.1758104093796442,1.369,1.554,-0.02126170686435095,-0.022750375611500395,1000.774391211491
208,Chelsea,8,6,2023-01-15T14:00:00Z,1.32025,0.288,True,31.0,1,2,169.0,135.0,0.2096066148452979,0.5394448666508188,0.3619979996618093,1.4453469923732372,1.3140989008851847,1.61870604975395,1.224186681416421,1.465374381201016,1.1857009286688303,1.281,1.5619999999999998,-0.017165866259686594,-0.013295035783810935,986.0632715326345
209,Chelsea,8,6,2023-01-21T12:30:00Z,0.79515,0.70145,False,14.0,1,1,116.0,141.0,0.0730860539551897,0.7125325588576877,0.2732572377089741,1.4453469923732372,1.3140989008851847,1.6101293095260576,1.1891866814164211,1.4628316281723082,1.1507009286688303,1.347,1.475,-0.013735157165733605,-0.009944497358404497,998.2410951111489
210,Chelsea,8,6,2023-02-03T20:00:00Z,0.775,0.335,True,54.0,1,1,91.0,96.0,0.1630273671018984,0.5640126740617479,0.2882206664036295,1.413331548815211,1.2790989008851847,1.6101293095260576,1.1891866814164211,1.4278316281723082,1.1157009286688304,1.2819999999999998,1.462,-0.01746102897675039,-0.012698760335281075,998.1792302351204
211,Chelsea,8,6,2023-02-11T12:30:00Z,1.0750000000000002,1.145,False,21.0,0,1,112.0,136.0,0.1479558197429253,0.5964142124448683,0.3680889626625354,1.413331548815211,1.2790989008851847,1.5751293095260577,1.1541866814164212,1.3928316281723083,1.0807009286688305,1.296,1.431,-0.017658142587232195,-0.021557824714440673,998.1776034562982
212,Chelsea,8,6,2023-02-18T15:00:00Z,0.835,0.915,True,20.0,0,0,143.0,80.0,0.1290212855236987,0.5097876353813595,0.3375049627583785,1.383395650014723,1.2742285965464775,1.5751293095260577,1.1541866814164212,1.3674387052993948,1.0889360237910666,1.22,1.317,-0.02058644348295579,-0.022410626512653926,997.4234568847058
213,Chelsea,8,6,2023-02-26T13:30:00Z,0.205,1.355,False,6.0,0,0,69.0,93.0,0.1528545264667196,0.4794332763460086,0.3907358598486387,1.383395650014723,1.2742285965464775,1.5401293095260578,1.1464648711135317,1.332438705299395,1.0850499525148718,1.276,1.244,-0.02816734708933845,-0.020672845582945243,973.9096563413899
214,Chelsea,8,6,2023-03-04T15:00:00Z,1.27,0.47,True,2.0,1,2,105.0,97.0,0.1536832220739879,0.4565014941855018,0.3291705265898499,1.3483956500147232,1.263709511816578,1.5401293095260578,1.1464648711135317,1.297438705299395,1.0824377458521448,1.289,1.175,-0.032529608738749126,-0.012143821354944783,963.047660510229
215,Chelsea,8,6,2023-03-11T15:00:00Z,2.255,1.675,False,13.0,0,2,146.0,138.0,0.4722201872518931,0.4817814371580067,0.3639056687711634,1.3483956500147232,1.263709511816578,1.5152116360248826,1.1114648711135318,1.2838563283266036,1.0474377458521449,1.208,1.187,-0.029744436224207527,-0.0097140438231337,973.7321952580563
216,Chelsea,8,6,2023-03-18T17:30:00Z,2.185,1.715,True,11.0,0,1,205.0,105.0,0.2261980616131017,0.508390051033168,0.3137992984587721,1.383395650014723,1.298709511816578,1.5152116360248826,1.1114648711135318,1.3188563283266035,1.0824377458521448,1.209,1.152,-0.018732103718482794,-0.0033835129875120144,985.6801511939133
217,Chelsea,8,6,2023-04-01T16:30:00Z,1.1,1.405,True,7.0,0,0,243.0,39.0,0.1759318256990791,0.4287478174702418,0.390732787690156,1.383395650014723,1.298709511816578,1.5502116360248825,1.1464648711135317,1.3538563283266034,1.1174377458521447,1.3130000000000002,1.114,-0.0034926112215749342,0.0028477711519202817,985.390083813912
218,Chelsea,8,6,2023-04-04T19:00:00Z,1.055,0.175,True,14.0,1,1,117.0,66.0,0.1435025310992837,0.3912483024768547,0.3172366126478991,1.383395650014723,1.298709511816578,1.5221473189598635,1.159750067251668,1.3348394712847562,1.131507461403757,1.399,1.06,0.006178762828812337,0.010636786984126451,972.4275387415803
219,Chelsea,8,6,2023-04-08T14:00:00Z,0.525,0.78,False,39.0,0,0,98.0,106.0,0.3872823678625835,0.3969411177895607,0.3630377423775716,1.383395650014723,1.298709511816578,1.5005469534143803,1.1247500672516682,1.3263480890202248,1.096507461403757,1.347,0.991,0.009499895642245917,0.010215934983225651,972.5093205850832
220,Chelsea,8,6,2023-04-15T14:00:00Z,0.8,2.14,True,36.0,0,0,70.0,232.0,0.1760575241883318,0.4976375685931092,0.4956284765039216,1.3483956500147232,1.2779440811441962,1.5005469534143803,1.1247500672516682,1.291348089020225,1.090523751617783,1.329,0.956,0.001169063671632101,0.007763111172418283,952.6557724078021
221,Chelsea,8,6,2023-04-26T18:45:00Z,0.615,1.525,True,94.0,0,0,135.0,65.0,0.3280447410353692,0.4003847755724183,0.4143777039474946,1.3483956500147232,1.2779440811441962,1.4655469534143803,1.159750067251668,1.2565428050147585,1.125523751617783,1.308,1.092,-0.014502391906939773,0.0028482298892887354,942.6141073127505
222,Chelsea,8,6,2023-05-02T19:00:00Z,0.865,2.555,False,3.0,0,0,128.0,252.0,0.3767751750042316,0.622065313836325,0.3601404662936668,1.3483956500147232,1.2779440811441962,1.4305469534143804,1.1373188284831917,1.2215428050147585,1.100695027813517,1.331,1.021,-0.02661307472483479,-0.003075669409629565,931.4479067091044
223,Chelsea,8,6,2023-05-06T14:00:00Z,2.2,1.13,False,91.0,0,2,161.0,110.0,0.3486029138921801,0.7082730218726971,0.2801092515617409,1.3277974989592547,1.3129440811441961,1.4305469534143804,1.1373188284831917,1.2055325936142238,1.135695027813517,1.3159999999999998,1.193,-0.028450157839272208,0.001957158036516552,927.2102526449291
224,Chelsea,8,6,2023-05-13T14:00:00Z,1.5750000000000002,1.815,True,17.0,0,1,154.0,84.0,0.4395903541386204,0.3425214921118809,0.4667382141813847,1.3627974989592546,1.3003010253408356,1.4305469534143804,1.1373188284831917,1.2405325936142237,1.1334684836759403,1.408,1.21,-0.020614970378514532,0.008442577604110055,946.4205549038907
225,Chelsea,8,6,2023-05-21T15:00:00Z,0.615,1.045,False,43.0,0,0,136.0,116.0,0.2755800441383623,0.6819901281232088,0.324529417881354,1.3627974989592546,1.3003010253408356,1.4286715826337908,1.1723188284831916,1.2451325283764152,1.1684684836759403,1.457,1.197,-0.00843196139489107,0.012815938756150232,946.3393026245047
226,Chelsea,8,6,2023-05-25T19:00:00Z,1.465,4.565,False,1.0,0,0,145.0,279.0,0.2365622565520595,1.4748812107624958,0.4324117694632753,1.3392166386865596,1.2653010253408357,1.4286715826337908,1.1723188284831916,1.2270498947433819,1.1334684836759403,1.4469999999999998,1.175,-0.0011912966077689418,0.006880499535442284,943.21255959943
227,Chelsea,8,6,2023-05-28T15:30:00Z,1.11,1.35,True,4.0,0,0,0.0,0.0,0.3507924976633715,0.5797389383092406,0.4163519443632992,1.35964689650375,1.3003010253408356,1.4286715826337908,1.1723188284831916,1.2510858326602683,1.1684684836759403,1.3869999999999998,1.349,0.006196199325063269,0.010491075625696749,936.5753382515892
228,Chelsea,8,7,2023-08-13T15:30:00Z,1.14,1.14,True,14.0,0,1,76.0,76.0,0.2795052759604,0.7175747297960761,0.3327181789492328,1.35964689650375,1.3003010253408356,1.4179558298276178,1.1623881930352327,1.2554875112954778,1.1593284744215566,1.144,1.31,0.007524333483182,0.005376206658291378,930.8014078323246
229,Chelsea,8,7,2023-08-20T15:30:00Z,1.735,2.4,False,21.0,0,0,189.0,161.0,0.2128817550960463,1.4693520528152746,0.3852091540269919,1.35964689650375,1.3003010253408356,1.407457092297494,1.1301543356707608,1.2558000991175504,1.1263355532712518,1.103,1.32,0.0037553832625916413,-0.0008024194224741051,932.6698385132544
230,Chelsea,8,7,2023-08-25T19:00:00Z,2.55,0.215,True,102.0,1,2,248.0,73.0,0.2373929924136444,0.5825581231747259,0.3098919169605144,1.3807993705272719,1.3353010253408355,1.407457092297494,1.1301543356707608,1.2812823554818544,1.1613355532712517,1.194,1.375,0.007754326493854606,-0.0018915272140540562,917.7912110538565
231,Chelsea,8,7,2023-09-02T14:00:00Z,1.07,0.855,True,17.0,0,0,162.0,64.0,0.1846389940995012,0.5486563180247868,0.3032492687470667,1.3807993705272719,1.3353010253408355,1.442457092297494,1.095154335670761,1.3162823554818543,1.1263355532712518,1.372,1.216,0.015344698856548381,-0.002573038982508948,932.4474398066513
232,Chelsea,8,7,2023-09-17T13:00:00Z,0.87,0.595,False,91.0,1,1,198.0,168.0,0.165574698408036,1.3183849299674355,0.3884960086876604,1.3807993705272719,1.3353010253408355,1.407457092297494,1.0865481024299004,1.285198858070632,1.1155372730539816,1.399,1.215,0.010812340456435773,-0.00938956618744879,920.1608739772621
233,Chelsea,8,7,2023-09-24T13:00:00Z,0.6799999999999999,1.45,True,7.0,0,0,142.0,166.0,0.2058303287440565,0.5489549140192787,0.2803049868032741,1.345799370527272,1.3003010253408356,1.407457092297494,1.0865481024299004,1.250198858070632,1.0805372730539817,1.469,1.131,0.002764371735286167,-0.013181452785419564,920.1415154783695
234,Chelsea,8,7,2023-10-02T19:00:00Z,1.885,0.54,False,54.0,1,2,110.0,111.0,0.148780320984028,1.1942993899746723,0.3621635623126248,1.345799370527272,1.3003010253408356,1.3724570922974941,1.075104334375208,1.215198858070632,1.0644872685131959,1.45,1.187,-0.009352576996556604,-0.01606955841883885,913.7838818353188
235,Chelsea,8,7,2023-10-07T14:00:00Z,2.285,0.875,False,90.0,0,2,144.0,65.0,0.1290513607653551,1.055566192202523,0.3105716595764859,1.3776297385336331,1.2653010253408357,1.3724570922974941,1.075104334375208,1.250198858070632,1.029487268513196,1.406,1.214,-0.01410479940827939,-0.025136750801841332,932.8225468058567
236,Chelsea,8,7,2023-10-21T16:30:00Z,1.68,1.53,True,3.0,0,1,122.0,115.0,0.213423589023155,0.5358538220149945,0.2913483230692132,1.412629738533633,1.2465063894731832,1.3724570922974941,1.075104334375208,1.285198858070632,1.0229922187170837,1.414,1.163,-0.00844049963017462,-0.022597619740970958,946.3643577579744
237,Chelsea,8,7,2023-10-28T11:30:00Z,1.015,2.08,True,94.0,0,0,145.0,126.0,0.2082183470180094,0.8545529726783291,0.2266042512760547,1.412629738533633,1.2465063894731832,1.407457092297494,1.0799127219721092,1.3201988580706319,1.0198289933587152,1.391,0.999,0.00899999999999998,-0.019605044613915032,948.993298980519
238,Chelsea,8,7,2023-11-06T20:00:00Z,4.02,0.97,False,6.0,0,2,214.0,129.0,0.1070399472619428,1.0276625939352957,0.2415557352261557,1.412629738533633,1.2465063894731832,1.3856324471272305,1.114912721972109,1.3047343663150552,1.0548289933587152,1.536,1.125,0.01779078689206044,-0.0076860363924539125,938.5292535336469
239,Chelsea,8,7,2023-11-12T16:30:00Z,3.48,3.45,True,43.0,0,1,203.0,255.0,0.2441698254584517,0.7402078676387005,0.6606921954369315,1.447629738533633,1.2115063894731832,1.3856324471272305,1.114912721972109,1.3397343663150552,1.0233681970977289,1.6740000000000002,1.178,0.02346525902729671,-0.003792383082832737,961.329873387918
240,Chelsea,8,7,2023-11-25T15:00:00Z,0.785,3.315,False,4.0,0,0,77.0,151.0,0.1832532923148444,1.0659597952830078,0.3300989051758989,1.447629738533633,1.2115063894731832,1.4206324471272305,1.149912721972109,1.374734366315055,1.0583681970977288,1.6880000000000002,1.272,0.022023416405708807,0.005158073658988562,964.1993496722688
241,Chelsea,8,7,2023-12-03T14:00:00Z,2.465,1.99,True,36.0,0,2,143.0,259.0,0.1899098642454625,0.6957172303856559,0.6272050408953911,1.4240265654566036,1.2465063894731832,1.4206324471272305,1.149912721972109,1.3518178868203266,1.0933681970977287,1.517,1.35,0.015191476242335503,0.012458191624550842,956.3851169915758
242,Chelsea,8,7,2023-12-06T20:15:00Z,1.2000000000000002,3.035,False,1.0,0,0,110.0,289.0,0.200308116244879,1.682413174109006,0.2634102595812547,1.4240265654566036,1.2465063894731832,1.4556324471272304,1.156596542730271,1.3868178868203265,1.097276183294487,1.4980000000000002,1.545,0.014552734436122483,0.015367244597025704,976.7236243077529
243,Chelsea,8,7,2023-12-10T14:00:00Z,0.465,1.54,False,11.0,0,0,121.0,97.0,0.1691285348571281,1.406321357640338,0.3537635352298647,1.419790167948206,1.281506389473183,1.4556324471272304,1.156596542730271,1.382402790560722,1.132276183294487,1.41,1.666,0.014476462949983393,0.018398854521975247,966.7412817404701
244,Chelsea,8,7,2023-12-16T15:00:00Z,2.38,0.185,True,49.0,1,2,221.0,49.0,0.1721521166353597,0.5477800680777324,0.5389372540297486,1.384790167948206,1.315680259573088,1.4556324471272304,1.156596542730271,1.347402790560722,1.167276183294487,1.389,1.597,0.0027527826847238437,0.027004910736309232,953.5239667196406
245,Chelsea,8,7,2023-12-24T13:00:00Z,1.53,1.655,False,39.0,0,0,157.0,147.0,0.2626555271110996,1.249361055942485,0.2840383051787837,1.384790167948206,1.315680259573088,1.4906324471272303,1.121596542730271,1.382402790560722,1.132276183294487,1.5,1.535,0.0005909067482833105,0.017893253987830444,962.0575344497879
246,Chelsea,8,7,2023-12-27T19:30:00Z,2.37,1.04,True,31.0,0,2,98.0,147.0,0.1383405351608353,0.6527178307271252,0.4280623086898044,1.3942959403197843,1.350680259573088,1.4906324471272303,1.121596542730271,1.384989811876153,1.167276183294487,1.513,1.617,0.0033604096142948177,0.014558283742394021,945.6737312304822
247,Chelsea,8,7,2023-12-30T12:30:00Z,2.245,2.265,False,102.0,0,2,165.0,218.0,0.2331765210864108,1.0872808212885996,0.6498075706946096,1.3942959403197843,1.350680259573088,1.5256324471272302,1.1206050775283882,1.419989811876153,1.168830383996482,1.489,1.649,0.0059605911207264405,0.012222028671713556,958.8807695066614
248,Chelsea,8,7,2024-01-13T12:30:00Z,1.595,0.43,True,54.0,1,2,160.0,122.0,0.1098204162362052,0.6321138683433196,0.3951595734254035,1.4292959403197842,1.385680259573088,1.5256324471272302,1.1206050775283882,1.4549898118761528,1.203830383996482,1.509,1.741,0.016665234052539387,0.011355245874741706,967.9623182136198
249,Chelsea,8,7,2024-01-31T20:15:00Z,0.78,3.465,False,14.0,0,0,49.0,307.0,0.2058039608449862,1.1367739721133554,0.8431836660958074,1.4292959403197842,1.385680259573088,1.5276444456568912,1.0856050775283883,1.4625355377592593,1.168830383996482,1.455,1.734,0.02366927999825655,0.006399651609084436,981.1009557441853
250,Chelsea,8,7,2024-02-04T14:00:00Z,1.935,2.965,True,39.0,0,0,184.0,164.0,0.1120825459614929,0.6471996753781375,0.5562352237753139,1.4048892223389537,1.4206802595730879,1.5276444456568912,1.0856050775283883,1.4369023520553694,1.203830383996482,1.301,1.786,0.015432428146358751,0.011355245874741706,975.1095941085333
251,Chelsea,8,7,2024-02-12T20:00:00Z,2.095,0.775,False,31.0,0,2,145.0,90.0,0.168958636212767,0.9508242005326096,0.7002539625189613,1.4048892223389537,1.4206802595730879,1.547611181498097,1.1206050775283882,1.4670148957800648,1.2388303839964818,1.408,1.7990000000000002,0.013383107598294718,0.012222028671713556,960.697225334952
252,Chelsea,8,7,2024-02-17T17:30:00Z,1.31,1.955,False,43.0,0,1,123.0,297.0,0.1580789392765966,0.9017521559698076,1.000197526403637,1.4398892223389537,1.3893125917986742,1.547611181498097,1.1206050775283882,1.5020148957800648,1.2183940213581814,1.41,1.63,0.01201621387221158,0.01108051962309991,971.6564446766969
253,Chelsea,8,7,2024-03-02T15:00:00Z,1.905,1.915,False,94.0,0,1,149.0,124.0,0.3096169527706862,0.7480294546431837,0.9534869649806064,1.4646164665226629,1.3842091259328508,1.547611181498097,1.1206050775283882,1.525037951736663,1.2168309124399312,1.423,1.638,0.014251180488276078,0.007105530122924142,973.7537154109793
254,Chelsea,8,7,2024-03-11T20:00:00Z,2.335,1.4,True,4.0,0,2,145.0,115.0,0.1360642024144945,0.6078219697385514,0.4526273962696885,1.497177752963658,1.4112150426440015,1.547611181498097,1.1206050775283882,1.5570332453450715,1.2518309124399312,1.4509999999999998,1.665,0.022054152484941195,0.012387653283122673,973.4876270339739
255,Chelsea,8,7,2024-03-30T15:00:00Z,3.06,1.79,True,90.0,0,1,328.0,162.0,0.1324943796557179,0.5860837542410955,0.563154641543091,1.497177752963658,1.4112150426440015,1.582611181498097,1.119197293524863,1.5920332453450714,1.2379539292804147,1.375,1.731,0.030535216317146518,0.005944462938050338,990.1180617459398
256,Chelsea,8,7,2024-04-04T19:15:00Z,3.52,2.285,True,1.0,0,2,264.0,170.0,0.1297178508433361,0.7669540310764076,0.4513424989779597,1.497177752963658,1.4112150426440015,1.617611181498097,1.154197293524863,1.6270332453450713,1.2729539292804146,1.546,1.746,0.03148977400367031,0.007551355719610392,988.4103828833676
257,Chelsea,8,7,2024-04-07T16:30:00Z,1.18,1.6800000000000002,False,49.0,0,1,74.0,143.0,0.265257629932756,0.6751340202780318,0.9260454172071384,1.497177752963658,1.4112150426440015,1.6526111814980968,1.189197293524863,1.6620332453450712,1.3079539292804145,1.712,1.769,0.03260221796143592,0.017208331627802834,1007.3069033391474
258,Chelsea,8,7,2024-04-15T19:00:00Z,4.635,0.705,True,11.0,1,2,210.0,96.0,0.1275583284337059,0.6098531352816503,0.6243774992050797,1.4621777529636582,1.4396335052622364,1.6526111814980968,1.189197293524863,1.6270332453450713,1.3429539292804145,1.621,1.694,0.024570756229772592,0.023828118134967602,1004.5291092308939
259,Chelsea,8,7,2024-04-23T19:00:00Z,0.805,4.1850000000000005,False,3.0,0,0,78.0,315.0,0.3374226010588101,1.138437571327358,0.7202575467166631,1.4621777529636582,1.4396335052622364,1.6876111814980967,1.1685594820980993,1.6620332453450712,1.3160287341693147,1.671,1.668,0.018999999999999958,0.019171117389911906,1013.7954106892734
260,Chelsea,8,7,2024-04-27T19:00:00Z,1.685,1.435,False,7.0,0,1,134.0,101.0,0.2802175786012968,0.9832292221435006,0.637978091890738,1.4385667265895612,1.4746335052622364,1.6876111814980967,1.1685594820980993,1.6385080526198172,1.3510287341693146,1.7,1.676,0.008639258182106545,0.020845669688891413,1005.1755709837961
261,Chelsea,8,7,2024-05-02T18:30:00Z,2.145,0.77,True,6.0,1,2,140.0,153.0,0.1747675887817712,0.7409968829968392,0.4856269438261731,1.4632104563224557,1.4396335052622364,1.6876111814980967,1.1685594820980993,1.6542597636115988,1.3160287341693147,1.65,1.6130000000000002,0.0028730575187678616,0.009076378400002869,1005.3995253090479
262,Chelsea,8,7,2024-05-05T13:00:00Z,4.565,0.52,True,21.0,1,2,308.0,75.0,0.2114859023858221,0.7274420201086527,0.3843765118648013,1.4632104563224557,1.4396335052622364,1.720622439860914,1.1335594820980994,1.6892597636115987,1.2810287341693147,1.645,1.676,0.005551055811627587,-0.00515433031110853,1019.3386473757894
263,Chelsea,8,7,2024-05-11T16:30:00Z,2.4,1.81,False,17.0,0,2,161.0,170.0,0.2601692278010086,0.9247338394449448,0.6806496270261295,1.4632104563224557,1.4396335052622364,1.755622439860914,1.0985594820980995,1.7242597636115986,1.2460287341693148,1.83,1.454,0.016673253060685723,-0.0178464564444428,1029.0192170215341
264,Chelsea,8,7,2024-05-15T18:45:00Z,1.745,1.12,False,36.0,0,2,130.0,138.0,0.2067982882896734,0.8859040973460682,0.6338385987981008,1.4982104563224556,1.4746335052622364,1.755622439860914,1.0985594820980995,1.7592597636115985,1.2810287341693147,1.842,1.5,0.022239649265942296,-0.014999999999999966,1035.950852207989
265,Chelsea,8,7,2024-05-19T15:00:00Z,1.5,1.575,True,91.0,0,2,185.0,165.0,0.1889334796334172,0.7657882378622853,0.5856261758948456,1.529440058898024,1.4429592473325796,1.755622439860914,1.0985594820980995,1.7739306771331715,1.2621744291896333,1.827,1.523,0.02934608921619345,-0.01669347213995446,1043.9468180430044
266,Chelsea,8,6,2024-08-18T15:30:00Z,0.51,1.385,True,43.0,0,0,97.0,127.0,0.1536149286037689,0.6978352961151109,0.5177092479182132,1.529440058898024,1.4429592473325796,1.7326570790298288,1.0975027577900545,1.7558697542984794,1.2559601176479303,1.6840000000000002,1.526,0.022773219828546326,-0.00919731421559904,1051.3609038022648
267,Chelsea,8,6,2024-08-25T13:00:00Z,3.785,1.96,False,39.0,0,2,182.0,119.0,0.2297320020030793,0.7112587423802753,0.8285411323985228,1.529440058898024,1.4429592473325796,1.6976570790298289,1.0625027577900545,1.7237078611524563,1.2209601176479303,1.517,1.483,0.008049753522471528,-0.00826866391859306,1044.158661186505
268,Chelsea,8,6,2024-09-01T12:30:00Z,1.64,0.72,True,31.0,0,1,181.0,82.0,0.1372560555807091,0.6205385636450862,0.4071071928252768,1.5644400588980238,1.4779592473325796,1.6976570790298289,1.0625027577900545,1.7587078611524563,1.2559601176479303,1.625,1.459,0.0013578244997762706,-0.003907521248936544,1050.6115286955355
269,Chelsea,8,6,2024-09-14T19:00:00Z,0.89,0.89,False,91.0,1,2,94.0,168.0,0.1942360015579505,0.708756799629103,0.8644208807544066,1.5644400588980238,1.4429592473325796,1.7091574775525367,1.0625027577900545,1.7721903247583468,1.2285490054816222,1.596,1.445,-0.0003765010101264986,-0.009029759373244912,1049.930191617026
270,Chelsea,8,6,2024-09-21T11:30:00Z,2.605,0.425,False,21.0,1,2,171.0,193.0,0.1777391123228504,0.6823663997115245,0.7012162405867607,1.529440058898024,1.410305864007084,1.7091574775525367,1.0625027577900545,1.737190324758347,1.2031929315476793,1.612,1.298,-0.002849715728414884,-0.00977545213453413,1057.8611857641033
271,Chelsea,8,6,2024-09-28T14:00:00Z,4.08,1.5550000000000002,True,36.0,0,2,160.0,135.0,0.1067547098961071,0.6359744383906226,0.4077500388641042,1.5644400588980238,1.375305864007084,1.7091574775525367,1.0625027577900545,1.7721903247583468,1.1681929315476793,1.649,1.39,0.0038723630492257005,-0.014844245741951884,1065.2228405610704
272,Chelsea,8,6,2024-10-06T13:00:00Z,1.63,0.925,True,17.0,0,1,246.0,168.0,0.1363647743636388,0.5924245631927065,0.3526944746720811,1.5644400588980238,1.375305864007084,1.7441574775525366,1.0813092879261366,1.8071903247583467,1.1828564101611274,1.669,1.372,0.012081705967060678,-0.013690747704820294,1073.481542867613
273,Chelsea,8,6,2024-10-20T15:30:00Z,0.995,1.97,False,14.0,0,0,106.0,126.0,0.1426859762511059,0.9507294219978524,0.5498348537897028,1.5644400588980238,1.375305864007084,1.7407152830272052,1.0767977400185433,1.8072938861631571,1.172425311116433,1.607,1.465,0.0109408607158144,-0.016850051960541994,1071.718331351231
274,Chelsea,8,6,2024-10-27T14:00:00Z,1.825,1.46,True,4.0,0,2,174.0,121.0,0.1727281578383858,0.5541079935943273,0.5432068136338408,1.5531655066537853,1.3804441241811785,1.7407152830272052,1.0767977400185433,1.7864197593644373,1.1891455607904557,1.5519999999999998,1.421,0.009041653064139517,-0.007847331603889212,1057.457130670894
275,Chelsea,8,6,2024-11-03T16:30:00Z,1.06,1.49,False,1.0,0,1,120.0,116.0,0.1109779815286379,1.1794562171094407,0.4276493307253243,1.5531655066537853,1.3804441241811785,1.7602794574510072,1.0839100813137468,1.8133332316940771,1.1849869521916705,1.596,1.404,0.012100182854335229,-0.0011029459456116822,1068.0090587984023
276,Chelsea,8,6,2024-11-10T16:30:00Z,1.135,0.995,True,3.0,0,1,109.0,123.0,0.1476774560965223,0.6398617727955879,0.4224941883818762,1.5282832176108077,1.3795811597235843,1.7602794574510072,1.0839100813137468,1.7783332316940772,1.1976913596852103,1.531,1.355,0.0008076893910606651,0.004874400470094483,1067.0812922405726
277,Chelsea,8,6,2024-11-23T12:30:00Z,2.455,1.0550000000000002,False,13.0,0,2,204.0,40.0,0.0863162078556072,1.1529103910851206,0.3437272572308078,1.5282832176108077,1.3795811597235843,1.755894676440222,1.056733393825529,1.7719866642564337,1.1626913596852104,1.543,1.351,-0.006742479816776146,-0.0008338775792011001,1067.1207959296
278,Chelsea,8,6,2024-12-01T13:30:00Z,2.345,0.575,True,7.0,1,2,177.0,105.0,0.130415799186184,0.5665591566187906,0.5063843687414593,1.5632832176108076,1.3674254875813463,1.755894676440222,1.056733393825529,1.8069866642564336,1.1585447765629329,1.565,1.272,-0.0022810112816465215,-0.003887453388277067,1071.8380217765261
279,Chelsea,8,6,2024-12-04T19:30:00Z,5.255,1.28,False,20.0,0,2,354.0,140.0,0.067134828332139,1.2211525263995382,0.2895656445128505,1.5632832176108076,1.3674254875813463,1.7908946764402218,1.021733393825529,1.8419866642564335,1.123544776562933,1.561,1.295,0.007212807277411633,-0.012638012800680767,1081.4462943440724
280,Chelsea,8,6,2024-12-08T16:30:00Z,3.41,2.95,False,6.0,0,2,219.0,147.0,0.0966604220361081,1.3386741871996408,0.4341066123988837,1.5982832176108075,1.3702449284287075,1.7908946764402218,1.021733393825529,1.8769866642564335,1.141407422890555,1.821,1.267,0.015549356014252875,-0.012699542256991051,1083.6437261832134
281,Chelsea,8,6,2024-12-15T19:00:00Z,2.125,1.3050000000000002,True,94.0,0,2,246.0,112.0,0.1014345104781431,0.8028793440368371,0.393854509021135,1.6332832176108074,1.4052449284287074,1.7908946764402218,1.021733393825529,1.9119866642564334,1.176407422890555,1.869,1.221,0.029093347508908,-0.0058648998387783625,1091.4594382958328
282,Chelsea,8,6,2024-12-22T14:00:00Z,0.43,0.515,False,11.0,1,1,112.0,56.0,0.0840692171391952,1.1967465900441652,0.4020829207546873,1.6332832176108074,1.4052449284287074,1.8258946764402217,1.0325474066529092,1.943092504311,1.172125051692163,1.955,1.198,0.03444369143636658,0.003389115581292909,1097.3383301736849
283,Chelsea,8,6,2024-12-26T15:00:00Z,1.065,1.89,True,54.0,0,0,153.0,186.0,0.1544490637052224,0.79335060091754,0.4574423959053272,1.5982832176108075,1.3702449284287075,1.8258946764402217,1.0325474066529092,1.908092504311,1.1430875680437458,1.821,1.086,0.024109906298186594,0.0029558509369072834,1094.458103824525
284,Chelsea,8,6,2024-12-30T19:45:00Z,1.01,1.79,False,40.0,0,0,152.0,131.0,0.0764982799971518,1.050802903367684,0.532731160586979,1.5982832176108075,1.3702449284287075,1.7908946764402218,1.0675474066529091,1.873092504311,1.1780875680437457,1.868,1.146,0.007998644585459961,0.007813486333292685,1073.0600449424587
285,Chelsea,8,6,2025-01-04T15:00:00Z,1.125,1.04,False,31.0,0,1,113.0,139.0,0.0817208844422291,0.9372911470637544,0.5121242360120948,1.5632832176108076,1.4052449284287074,1.7908946764402218,1.0675474066529091,1.8380925043110001,1.2130875680437456,1.846,1.156,-0.009890093701813329,0.009554390787917358,1039.8719548379106
286,Chelsea,8,6,2025-01-14T19:30:00Z,2.245,1.59,True,91.0,0,1,227.0,95.0,0.1245714939929507,0.8770504673803089,0.3557885301485878,1.5494062219481948,1.3891610079411403,1.7908946764402218,1.0675474066529091,1.8132146163328173,1.2072567783497714,1.839,1.179,-0.024110292560516555,0.008918123610023703,1039.389221277813
287,Chelsea,8,6,2025-01-20T20:00:00Z,3.08,0.93,True,39.0,0,2,269.0,115.0,0.1657778286611839,0.6865948079624625,0.392279967893346,1.5494062219481948,1.3891610079411403,1.821678430389256,1.0950323002900015,1.8482146163328173,1.226778236614072,1.957,1.151,-0.02268637439501317,0.014307815872217761,1039.3546349901922
288,Chelsea,8,6,2025-01-25T17:30:00Z,1.405,2.75,False,43.0,0,0,109.0,162.0,0.3124495767884005,0.9312264477162532,0.504985516898296,1.5494062219481948,1.3891610079411403,1.8566784303892558,1.0899976249653174,1.8832146163328172,1.213952281218524,2.022,1.226,-0.006397171194389863,0.014130422339739874,1044.7994267802903
289,Chelsea,8,6,2025-02-03T20:00:00Z,1.335,1.11,True,21.0,0,1,146.0,133.0,0.1689383111809208,0.7540181839708042,0.3162177528059358,1.5657837855471157,1.4241610079411402,1.8566784303892558,1.0899976249653174,1.8845600433250813,1.2489522812185239,1.954,1.283,0.006505829461024496,0.010755404676072182,1030.8674205441098
290,Chelsea,8,6,2025-02-14T20:00:00Z,0.275,2.21,False,36.0,0,0,68.0,141.0,0.3096830041687559,0.8953983482237525,0.4727665131431191,1.5657837855471157,1.4241610079411402,1.8234784550966885,1.09260732406956,1.8538417660776618,1.240330202334864,1.746,1.276,0.009365216851717153,0.00709924927618002,1030.3082942774763
291,Chelsea,8,6,2025-02-22T17:30:00Z,1.65,2.165,False,7.0,0,0,153.0,221.0,0.2408645587979213,1.0341987152851408,0.5477072880002037,1.5307837855471158,1.4591610079411401,1.8234784550966885,1.09260732406956,1.818841766077662,1.2753302023348638,1.595,1.27,0.0013246464271720207,0.01188637191679536,1012.3791793671254
292,Chelsea,8,6,2025-02-25T20:15:00Z,3.285,0.36,True,20.0,1,2,237.0,65.0,0.2358409086962717,0.5909030319772922,0.2970582521823945,1.5529163734732452,1.49416100794114,1.8234784550966885,1.09260732406956,1.8241401666662842,1.3103302023348637,1.5019999999999998,1.379,-0.009834545038444302,0.01695061465912338,995.787091275653
293,Chelsea,8,6,2025-03-09T14:00:00Z,1.39,0.05,True,13.0,1,2,228.0,37.0,0.1923207067637669,0.4707023582045606,0.235489751697418,1.5529163734732452,1.49416100794114,1.8584784550966884,1.05760732406956,1.8591401666662841,1.2753302023348638,1.6269999999999998,1.388,-0.009618053665973042,0.015029239112306256,999.8515387021774
294,Chelsea,8,6,2025-03-16T13:30:00Z,0.175,0.855,False,3.0,0,0,60.0,148.0,0.1873391012872721,0.9643767785551096,0.4259945573334918,1.5529163734732452,1.49416100794114,1.8234784550966885,1.0226073240695601,1.8241401666662842,1.240330202334864,1.702,1.239,-0.008025879455414182,0.0027682744451914256,1005.2290815617887
295,Chelsea,8,6,2025-04-03T19:00:00Z,1.05,0.395,True,6.0,1,2,161.0,110.0,0.2051383274829298,0.488324056381325,0.1831586957646584,1.5179163734732453,1.4591610079411401,1.8234784550966885,1.0226073240695601,1.7891401666662843,1.205330202334864,1.61,1.256,-0.007788937008314883,-0.00899999999999998,996.6873278119389
296,Chelsea,8,6,2025-04-06T13:00:00Z,0.615,0.59,False,94.0,1,1,156.0,100.0,0.2545970787789894,0.8256263833206409,0.4113291001482714,1.5179163734732453,1.4591610079411401,1.7884784550966886,0.9876073240695601,1.7541401666662844,1.170330202334864,1.658,1.227,-0.013243085630196782,-0.024999999999999942,1006.4139068046946
297,Chelsea,8,6,2025-04-13T13:00:00Z,1.635,1.535,True,40.0,0,0,276.0,103.0,0.2151075880422787,0.517585377185475,0.1891234300391788,1.4829163734732453,1.4241610079411402,1.7884784550966886,0.9876073240695601,1.7191401666662844,1.1353302023348641,1.587,1.232,-0.024999999999999942,-0.03499999999999992,1006.1814972275009
298,Chelsea,8,6,2025-04-20T13:00:00Z,1.455,0.625,False,54.0,0,2,153.0,60.0,0.2291310612725473,0.6665982981382763,0.3199226334486555,1.4829163734732453,1.4241610079411402,1.7738479772588593,1.0226073240695601,1.707018859056055,1.1699595540274135,1.594,1.22,-0.031731615372889835,-0.025052949758207172,977.9581207960787
299,Chelsea,8,6,2025-04-26T11:30:00Z,0.945,0.22,True,11.0,1,2,140.0,59.0,0.1673059018106612,0.4870108489220361,0.162651556697139,1.4879915034000026,1.3891610079411403,1.7738479772588593,1.0226073240695601,1.7077772641276117,1.1349595540274136,1.638,1.118,-0.02466224101497286,-0.01908471961313152,996.1972222231481
300,Chelsea,8,6,2025-05-04T15:30:00Z,2.5700000000000003,1.025,True,14.0,0,2,191.0,118.0,0.2012379236305143,0.4610084380504725,0.206506766319997,1.4879915034000026,1.3891610079411403,1.7388479772588594,0.9976726547551205,1.6809566075470488,1.103393176649068,1.632,1.044,-0.01977508030921214,-0.01660479204739376,1008.63852070819
301,Chelsea,8,6,2025-05-11T11:00:00Z,0.34,1.785,False,4.0,0,0,98.0,214.0,0.1959908254342034,0.778465342996437,0.3199398260156209,1.4879915034000026,1.3891610079411403,1.7738479772588593,0.9626726547551204,1.7159566075470487,1.0683931766490682,1.755,1.021,-0.008706001939495105,-0.018299891585324784,1033.2494801886323
302,Chelsea,8,6,2025-05-16T19:15:00Z,0.91,0.145,True,1.0,1,2,85.0,49.0,0.1565183850459556,0.4230065629281453,0.1606163738044421,1.4529915034000027,1.389312700234725,1.7738479772588593,0.9626726547551204,1.6809566075470488,1.0858368497510147,1.7,1.014,-0.005455005905821724,-0.016678064926646533,1020.148223943312
303,Chelsea,8,6,2025-05-25T15:00:00Z,1.035,0.675,False,17.0,1,2,79.0,103.0,0.1835484197821582,0.6654730445527843,0.4599531980121496,1.4529915034000027,1.389312700234725,1.7388479772588594,0.9276726547551204,1.6459566075470489,1.0508368497510148,1.548,0.998,-0.010022092208191996,-0.022228046691748285,1026.7825851872055
304,Newcastle,4,15,2022-08-06T14:00:00Z,2.0,0.0,True,17.0,1,2,324.0,46.0,0.0,0.0,0.0,1.8770466513505988,1.2509293859649124,1.8770466513505988,1.2509293859649124,1.8770466513505988,1.2509293859649124,1.5,1.5,,,1000.0
305,Newcastle,4,15,2022-08-13T14:00:00Z,0.0,0.0,False,36.0,1,1,49.0,200.0,0.0,0.0,0.0,1.8770466513505988,1.2509293859649124,1.8961800100250628,1.2159293859649125,1.8961800100250628,1.2159293859649125,3.24,0.46,0.019133358674463974,-0.03499999999999992,1041.25
306,Newcastle,4,15,2022-08-21T15:30:00Z,3.0,3.0,True,43.0,0,1,193.0,319.0,0.0,0.4444444444444444,0.2222222222222222,1.8420466513505989,1.2159293859649125,1.8961800100250628,1.2159293859649125,1.8611800100250628,1.1809293859649126,1.865,1.23,-0.007933320662767973,-0.03499999999999992,1041.25
307,Newcastle,4,15,2022-08-28T13:00:00Z,1.0,1.0,False,39.0,0,1,262.0,118.0,0.0,0.2222222222222222,0.0,1.8420466513505989,1.2159293859649125,1.9311800100250627,1.2509293859649124,1.8961800100250628,1.2159293859649125,1.8866666666666665,1.8833333333333333,0.0022400076023392002,-0.013999999999999967,1041.4698637502283
308,Newcastle,4,15,2022-08-31T19:00:00Z,1.0,2.0,False,14.0,0,0,34.0,335.0,0.0,0.3950617283950617,0.2222222222222222,1.807046651350599,1.2048707850877196,1.9311800100250627,1.2509293859649124,1.8611800100250628,1.2061676335021931,2.07,1.7075,-0.0031733282651071892,-0.00895235049254386,1038.960039573633
309,Newcastle,4,15,2022-09-03T14:00:00Z,0.0,0.0,True,31.0,1,1,412.0,223.0,0.0,0.345679012345679,0.1728395061728395,1.7753792405562518,1.2288812574147177,1.9311800100250627,1.2509293859649124,1.826180010025063,1.2308947521422382,1.724,2.036,-0.009266663046505119,-0.0026988121857579816,1009.363529488197
310,Newcastle,4,15,2022-09-17T14:00:00Z,1.0,1.0,True,91.0,0,1,240.0,81.0,0.0,0.4910836762688614,0.1344307270233196,1.7753792405562518,1.2288812574147177,1.8961800100250628,1.2159293859649125,1.791180010025063,1.1958947521422383,2.123333333333333,2.0683333333333334,-0.018999999999999958,0.001141747913025323,1009.2726623326431
311,Newcastle,4,15,2022-10-01T14:00:00Z,4.0,1.0,False,54.0,0,2,397.0,64.0,0.0,0.5294924554183813,0.1728395061728395,1.7753792405562518,1.2288812574147177,1.8611800100250628,1.1971343301656923,1.756180010025063,1.1790259085268116,2.162857142857143,1.8885714285714288,-0.024999999999999942,-0.0012826905719566526,1009.071120875401
312,Newcastle,4,15,2022-10-08T14:00:00Z,4.0,1.0,True,94.0,0,2,222.0,118.0,0.0,0.3819539704313367,0.3267794543514708,1.8103792405562518,1.2066605991203585,1.8611800100250628,1.1971343301656923,1.791180010025063,1.1594961692894927,2.38875,1.7325,-0.024999999999999942,-0.01138832166580696,1022.4900125092436
313,Newcastle,4,15,2022-10-16T13:00:00Z,0.0,0.0,False,1.0,1,1,110.0,151.0,0.0,0.4118274653254077,0.1344307270233196,1.8103792405562518,1.2066605991203585,1.8961800100250628,1.1712082935432717,1.826180010025063,1.1348874682977392,2.37,1.6711111111111112,-0.00899999999999998,-0.016784726234169507,1035.643521741433
314,Newcastle,4,15,2022-10-19T18:30:00Z,1.0,0.0,True,11.0,1,2,210.0,24.0,0.0,0.2970753103354841,0.2541617978289217,1.7753792405562518,1.1716605991203586,1.8961800100250628,1.1712082935432717,1.791180010025063,1.0998874682977393,2.2430000000000003,1.655,-0.0009999999999999976,-0.02450251457123744,1035.6703338443913
315,Newcastle,4,15,2022-10-23T15:30:00Z,2.0,1.0,False,6.0,0,2,198.0,253.0,0.0,0.3203102508086504,0.3267794543514708,1.7753792405562518,1.1716605991203586,1.8611800100250628,1.1362082935432718,1.756180010025063,1.066286604464609,2.129,1.633,-0.0009999999999999976,-0.02600185028763189,1043.772076747057
316,Newcastle,4,15,2022-10-29T14:00:00Z,4.0,0.0,True,7.0,1,2,243.0,74.0,0.0,0.2310585747053765,0.1976813983113835,1.8014760528995728,1.136798026676858,1.8611800100250628,1.1362082935432718,1.7826106542865707,1.0375351097697605,2.278,1.686,-0.00022419367692746916,-0.029202362521711604,1057.5993286068021
317,Newcastle,4,15,2022-11-06T14:00:00Z,4.0,1.0,False,20.0,0,2,111.0,193.0,0.2222222222222222,0.2491301950733948,0.2541617978289217,1.8014760528995728,1.136798026676858,1.8961800100250628,1.1012082935432719,1.8176106542865706,1.0025351097697606,2.3280000000000003,1.4409999999999998,-0.0009587098830839494,-0.0317275210575922,1064.519451277138
318,Newcastle,4,15,2022-11-12T17:30:00Z,1.0338500000000002,0.14785,True,8.0,1,2,162.0,56.0,0.0075777777777777,0.2053788914375151,0.1862410875755205,1.8364760528995727,1.1303292060211203,1.8961800100250628,1.1012082935432719,1.8526106542865706,1.0053888463647511,2.177,1.516,0.006796451381530539,-0.02766576228410644,1070.7119847616357
319,Newcastle,4,15,2022-12-26T15:00:00Z,2.45095,0.2581,False,13.0,1,2,168.0,141.0,0.2040839506172839,0.2354790406126404,0.2394147316447168,1.8364760528995727,1.1303292060211203,1.8611800100250628,1.066208293543272,1.8176106542865706,0.9703888463647511,2.305,1.237,0.013041290116916017,-0.02471961097041471,1081.0212816416451
320,Newcastle,4,15,2022-12-31T15:00:00Z,1.0041,0.2373,True,2.0,1,1,157.0,98.0,0.0058938271604938,0.2396280266736228,0.1704319570031826,1.8714760528995726,1.0953292060211204,1.8611800100250628,1.066208293543272,1.8526106542865706,0.9353888463647511,2.061,1.155,0.01777580632307249,-0.024373538403409365,1087.6947665316063
321,Newcastle,4,15,2023-01-03T19:45:00Z,0.5401,0.5666,False,3.0,1,1,87.0,219.0,0.1870652949245541,0.3841725871431647,0.2087003468347798,1.8714760528995726,1.0953292060211204,1.826180010025063,1.031208293543272,1.8176106542865706,0.900388846364751,1.978,1.172,0.006999999999999984,-0.026347717349716453,1085.766380591836
322,Newcastle,4,15,2023-01-15T14:00:00Z,1.56495,0.5686,True,54.0,1,2,185.0,44.0,0.0156951989026063,0.19353290963504,0.3670248554469197,1.8364760528995727,1.0603292060211205,1.826180010025063,1.031208293543272,1.7826106542865707,0.865388846364751,1.668,1.327,-0.006999999999999984,-0.029592323343572802,1086.151024950454
323,Newcastle,4,15,2023-01-21T17:30:00Z,0.7039,0.148,False,31.0,1,1,225.0,57.0,0.1655396738302088,0.3139564566669059,0.1929002697603843,1.8364760528995727,1.0603292060211205,1.8180057343436782,0.996208293543272,1.7751176724330606,0.830388846364751,1.631,1.253,-0.01507042597907284,-0.03500000000000003,1095.8777864324618
324,Newcastle,4,15,2023-02-04T17:30:00Z,0.91,1.005,True,21.0,0,1,81.0,85.0,0.0722073769242493,0.2860811519383645,0.3121304431253821,1.8014760528995728,1.0253292060211205,1.8180057343436782,0.996208293543272,1.7401176724330607,0.8013893395854451,1.746,1.159,-0.018712681566516558,-0.034142786682758004,1093.6204210405904
325,Newcastle,4,15,2023-02-11T17:30:00Z,1.19,1.415,False,91.0,0,1,201.0,123.0,0.3043086352012735,0.3086327996298157,0.3167002098136322,1.8014760528995728,1.0253292060211205,1.7830057343436783,0.9965878963839727,1.7051176724330608,0.8116729952909613,1.617,1.22,-0.02792676676233111,-0.027159365020196193,1090.386511209562
326,Newcastle,4,15,2023-02-18T17:30:00Z,1.03,2.745,True,14.0,0,0,144.0,139.0,0.056161293163305,0.4580631181742834,0.536101455764186,1.7664760528995729,1.047060148657188,1.7830057343436783,0.9965878963839727,1.6701176724330609,0.8466729952909613,1.62,1.09,-0.028712681566516532,-0.013106466153417819,1086.6871677197987
327,Newcastle,4,15,2023-03-04T12:30:00Z,0.21,1.67,False,43.0,0,0,86.0,134.0,0.2366844940454349,0.4644921774898566,0.3196557187439361,1.7664760528995729,1.047060148657188,1.7485814612308743,1.0315878963839726,1.6445415908053602,0.8816729952909613,1.521,1.155,-0.029724151925887194,0.004015909917577108,1063.0337547321244
328,Newcastle,4,15,2023-03-12T16:30:00Z,2.01,1.06,True,39.0,0,2,247.0,80.0,0.0436810057936817,0.6007157585799983,0.4236344655943669,1.731476052899573,1.043982291544955,1.7485814612308743,1.0315878963839726,1.6095415908053603,0.8865080412277577,1.496,1.096,-0.03284596151490294,0.015898484040902355,1051.1345365562358
329,Newcastle,4,15,2023-03-17T20:00:00Z,2.21,0.69,False,17.0,0,2,173.0,51.0,0.184087939813116,0.372382804714333,0.3219544479119503,1.731476052899573,1.043982291544955,1.7692758803230548,1.0394140808304562,1.6401013376994142,0.9050191472075976,1.581,1.12,-0.02321102857654384,0.022218690740604334,1058.142582576032
330,Newcastle,4,15,2023-04-02T15:30:00Z,2.865,0.215,True,1.0,1,2,295.0,54.0,0.0539741156173079,0.5094455900066653,0.3628268065733965,1.7664760528995729,1.0178313488213837,1.7692758803230548,1.0394140808304562,1.6751013376994142,0.8910205035371748,1.586,1.03,-0.007860876510547796,0.016474601226222078,1064.1290082712533
331,Newcastle,4,15,2023-04-05T19:00:00Z,4.055,0.905,False,21.0,0,2,196.0,75.0,0.2187350642990903,0.3385199592222589,0.3037423483759613,1.7664760528995729,1.0178313488213837,1.8042758803230547,1.0044140808304562,1.710101337699414,0.8560205035371747,1.724,0.986,0.009204494683085195,0.002665462055701354,1078.2796676233313
332,Newcastle,4,15,2023-04-08T14:00:00Z,1.09,1.825,False,94.0,0,1,98.0,157.0,0.2345717166770702,0.2877377460617569,0.7340218265146367,1.8014760528995728,1.0060606291926335,1.8042758803230547,1.0044140808304562,1.745101337699414,0.856635796549661,1.833,0.8420000000000001,0.023985085004355144,-0.006589921441390662,1083.8394684532868
333,Newcastle,4,15,2023-04-15T11:30:00Z,0.255,2.465,False,7.0,0,0,66.0,161.0,0.1935557796377212,0.4326849136035887,0.7820169761780507,1.7676150141092384,1.0410606291926334,1.8042758803230547,1.0044140808304562,1.7156956862918769,0.8916357965496611,1.746,0.955,0.025164870783788054,-0.004414607867551225,1083.34308651535
334,Newcastle,4,15,2023-04-23T13:00:00Z,4.85,1.005,True,6.0,0,2,256.0,85.0,0.0664243121467951,0.516235458894073,0.3644208495570861,1.7326150141092385,1.0760606291926333,1.8042758803230547,1.0044140808304562,1.680695686291877,0.9266357965496611,1.587,1.0590000000000002,0.010278708249705757,0.0031584119645789396,1064.8342851203483
335,Newcastle,4,15,2023-04-27T18:45:00Z,3.225,0.8300000000000001,False,11.0,0,2,0.0,0.0,0.1705433841626721,0.4031993772472357,0.6660132036940395,1.7326150141092385,1.0760606291926333,1.8392758803230547,0.981935583032636,1.7156956862918769,0.904624713571145,1.7619999999999998,1.0590000000000002,0.0024385467809189963,0.00899619797735173,1075.5823985499499
336,Newcastle,4,15,2023-04-30T13:00:00Z,3.495,0.915,True,20.0,0,2,259.0,90.0,0.0827744650030628,0.5548498013620567,0.2834384385444003,1.7676150141092384,1.0624927832568638,1.8392758803230547,0.981935583032636,1.7506956862918768,0.9033038523749998,1.561,0.936,0.0022787082497057742,0.011868099864387919,1080.630743084612
337,Newcastle,4,15,2023-05-07T15:30:00Z,0.645,1.6,True,3.0,0,0,143.0,139.0,0.0643801394468266,0.6782165121704886,0.2382298966456447,1.7676150141092384,1.0624927832568638,1.8742758803230546,0.9816732391480282,1.7856956862918767,0.9083688366419997,1.676,0.887,0.00979919265606609,0.007761665284548386,1083.9235866897159
338,Newcastle,4,15,2023-05-13T11:30:00Z,2.215,2.03,False,2.0,0,1,170.0,123.0,0.3215337432376338,0.38471062674785,0.7535658250953641,1.7676150141092384,1.0624927832568638,1.8392758803230547,0.9568440469879609,1.7506956862918768,0.8746180278258122,1.733,0.892,0.014999999999999966,-0.0040345881296678186,1071.251154043328
339,Newcastle,4,15,2023-05-18T18:30:00Z,3.125,0.745,True,36.0,0,2,265.0,51.0,0.0500734417919763,0.5519461761326023,0.2697343640577236,1.801413612887065,1.0974927832568637,1.8392758803230547,0.9568440469879609,1.7826746378778757,0.9096180278258122,1.656,0.935,0.018568421655142674,-0.0048583976168069375,1067.9193384624962
340,Newcastle,4,15,2023-05-22T19:00:00Z,1.035,0.035,True,13.0,1,1,183.0,25.0,0.0545015658382038,0.4292914703253573,0.2097933942671184,1.801413612887065,1.0974927832568637,1.8742758803230546,0.9218440469879609,1.8176746378778756,0.8746180278258122,1.7480000000000002,0.935,0.016309474648228312,-0.004709763176868978,1078.972552713177
341,Newcastle,4,15,2023-05-28T15:30:00Z,1.3450000000000002,1.605,False,8.0,0,1,0.0,0.0,0.3389706891848263,0.5681082652483278,0.7216623084075053,1.801413612887065,1.0974927832568637,1.8392758803230547,0.8868440469879608,1.7826746378778757,0.8431519206194624,1.636,0.906,0.008223158979256873,-0.010486059577892837,1075.3972535065748
342,Newcastle,4,15,2023-08-12T16:30:00Z,4.23,1.45,True,7.0,0,2,209.0,118.0,0.269056773429714,0.4805600324752779,0.2142837510966476,1.7914829774391061,1.0867770304506907,1.8392758803230547,0.8868440469879608,1.773534628623492,0.8475535992546719,1.44,0.831,0.0020037590404592505,-0.012384985958733961,1073.0721675855634
343,Newcastle,4,15,2023-08-19T19:00:00Z,0.145,1.045,False,43.0,0,0,57.0,127.0,0.2703105360326426,0.5574175396375883,0.6812929065391709,1.7914829774391061,1.0867770304506907,1.8742758803230546,0.9141454707037904,1.808534628623492,0.873827613806164,1.551,0.792,0.006479276682712154,-0.006331756086228909,1085.5860204805367
344,Newcastle,4,15,2023-08-27T15:30:00Z,1.495,1.475,True,14.0,0,0,186.0,94.0,0.2337108237786665,0.4448800252585495,0.2822206952973926,1.7564829774391062,1.0517770304506908,1.8742758803230546,0.9141454707037904,1.773534628623492,0.838827613806164,1.5419999999999998,0.758,-0.0023502880939843622,-0.010054903814913611,1075.2071243099876
345,Newcastle,4,15,2023-09-02T16:30:00Z,1.16,2.21,False,36.0,0,0,93.0,155.0,0.2191304169142776,0.5068803086070132,0.7810055939749107,1.7564829774391062,1.0517770304506908,1.873023396839145,0.9155282936286756,1.7801949479552963,0.8407819750176585,1.472,0.767,-0.005137670782172789,-0.004453690569404907,1059.1049719103544
346,Newcastle,4,15,2023-09-16T16:30:00Z,1.215,0.27,True,94.0,1,2,114.0,104.0,0.1906639740500739,0.3860177974233162,0.2883938741201942,1.7343492782480425,1.0867770304506907,1.873023396839145,0.9155282936286756,1.7528182737485813,0.8757819750176585,1.565,0.922,-0.004694310361458833,0.0030810114079982956,1041.4379714385384
347,Newcastle,4,15,2023-09-24T15:30:00Z,5.975,0.47,False,49.0,1,2,349.0,55.0,0.332656990933327,0.4386846844721214,0.6074487953138195,1.7343492782480425,1.0867770304506907,1.8477562720110883,0.8805282936286756,1.7360509623191054,0.8407819750176585,1.42,0.936,-0.009940202194710323,-0.0007440193239739688,1056.0890547374156
348,Newcastle,4,15,2023-09-30T14:00:00Z,2.585,0.325,True,90.0,1,2,195.0,77.0,0.1638497575945019,0.3646805091070237,0.2909730132045955,1.7693492782480424,1.0517770304506908,1.8477562720110883,0.8805282936286756,1.7710509623191053,0.8181991641889247,1.626,0.852,-0.00934988584690882,-0.006779404698620376,1059.8608559897573
349,Newcastle,4,15,2023-10-08T13:00:00Z,1.98,1.61,False,21.0,0,1,139.0,80.0,0.2587332151703654,0.6123103101449833,0.4724601741329707,1.7693492782480424,1.0517770304506908,1.8827562720110882,0.8534188784518167,1.8060509623191052,0.795309541899516,1.651,0.8059999999999999,0.003382354289714762,-0.009152536914841188,1065.3444407882007
350,Newcastle,4,15,2023-10-21T14:00:00Z,3.2,0.605,True,31.0,1,2,189.0,89.0,0.2118831447957237,0.3991959515276851,0.2974234547146854,1.7892461541359161,1.0861800217288853,1.8827562720110882,0.8534188784518167,1.8246570266952138,0.830309541899516,1.525,0.835,0.0119145274117474,-0.009038922164967827,1064.3973617376278
351,Newcastle,4,15,2023-10-28T16:30:00Z,2.09,1.49,False,39.0,0,1,147.0,161.0,0.2079036117991731,0.6184635745572092,0.4363579132145327,1.7892461541359161,1.0861800217288853,1.9177562720110881,0.8317466350957785,1.8596570266952137,0.8150221906771914,1.531,0.899,0.0238574845103282,-0.010231595524176339,1073.835180915464
352,Newcastle,4,15,2023-11-04T17:30:00Z,1.095,0.28,True,3.0,1,2,84.0,106.0,0.1714646681744517,0.3971524067437551,0.2646626870003108,1.8148827002139614,1.1179979272321816,1.9177562720110881,0.8317466350957785,1.8802155119422437,0.8500221906771914,1.6780000000000002,1.06,0.028721343017717862,0.002047718793213279,1072.0163014438021
353,Newcastle,4,15,2023-11-11T17:30:00Z,0.255,2.245,False,91.0,0,0,110.0,222.0,0.1617028091771346,0.738805002433385,0.6505005991668588,1.8148827002139614,1.1179979272321816,1.8997880339800624,0.7967466350957785,1.8612947438896246,0.8150221906771914,1.5530000000000002,1.048,0.020248930192057472,0.003799020787201008,1089.8390095001064
354,Newcastle,4,15,2023-11-25T15:00:00Z,3.145,0.79,True,8.0,0,2,151.0,77.0,0.1666947419134624,0.4022296496895873,0.2058487565557973,1.7798827002139614,1.1529979272321815,1.8997880339800624,0.7967466350957785,1.8262947438896246,0.8500221906771914,1.606,1.143,0.006619729848081698,0.0075057482920401,1055.1821547619231
355,Newcastle,4,15,2023-12-02T20:00:00Z,1.82,0.18,True,1.0,1,2,188.0,54.0,0.1607625770438041,0.3617341719807901,0.1601045884322868,1.7798827002139614,1.1529979272321815,1.9347880339800623,0.7731434620187491,1.8612947438896246,0.8271057111824628,1.571,1.126,0.001833741985790503,0.0015423098975638283,1063.4842268735956
356,Newcastle,4,15,2023-12-07T19:30:00Z,0.795,3.115,False,11.0,0,0,100.0,258.0,0.1724355182488825,0.8235150018926328,0.9303893549075568,1.7798827002139614,1.1529979272321815,1.9460749517673492,0.7383646103321131,1.88448460269063,0.7921057111824628,1.666,1.025,0.0009250164519778194,-0.004238052455937973,1077.7217428008153
357,Newcastle,4,15,2023-12-10T16:30:00Z,1.3450000000000002,3.94,False,6.0,0,0,111.0,292.0,0.3674498475269086,1.2694005570276032,0.7236361649280998,1.7448827002139615,1.1879979272321814,1.9460749517673492,0.7383646103321131,1.84948460269063,0.8271057111824628,1.652,1.179,-0.0014024277101443606,-0.005892809012930221,1051.8217498412205
358,Newcastle,4,15,2023-12-16T15:00:00Z,3.48,0.145,True,54.0,1,2,360.0,67.0,0.1250375599229588,0.3213488004295034,0.1511924576695564,1.7271610684695469,1.2229979272321814,1.9460749517673492,0.7383646103321131,1.824000759503245,0.8621057111824628,1.414,1.416,-0.002677442477939326,0.003761947544062034,1031.7461212670275
359,Newcastle,4,15,2023-12-23T15:00:00Z,0.845,1.44,False,102.0,0,0,156.0,149.0,0.3080165480764845,1.2273115443548024,0.7206059060551887,1.7271610684695469,1.2229979272321814,1.9810749517673492,0.7116130334671711,1.859000759503245,0.8291418332781683,1.579,1.406,0.00047566071168465563,0.0010170918001395515,1041.766970109132
360,Newcastle,4,15,2023-12-26T12:30:00Z,1.775,3.23,True,17.0,0,0,235.0,183.0,0.1061403243845235,0.512160178111836,0.6131496892985439,1.692161068469547,1.2396813934430275,1.9810749517673492,0.7116130334671711,1.824000759503245,0.8641418332781683,1.596,1.475,-0.0082401512766125,0.00946539933616126,1011.2064976601255
361,Newcastle,4,15,2024-01-01T20:00:00Z,1.295,5.635,False,14.0,0,0,82.0,427.0,0.3906795373928212,1.98346453449818,1.0960268158207025,1.692161068469547,1.2396813934430275,1.9700031289052582,0.7466130334671711,1.8223993772927003,0.8991418332781683,1.642,1.569,-0.010053647330051513,0.017523574253181424,985.8362971162309
362,Newcastle,4,15,2024-01-13T17:30:00Z,1.615,2.92,True,43.0,0,0,144.0,315.0,0.1203313634101849,0.851680138531428,0.6168942027877563,1.6946926773129956,1.2746813934430274,1.9700031289052582,0.7466130334671711,1.8195786187243972,0.9341418332781684,1.577,1.835,-0.005409544756079944,0.019465399336161267,979.3159216507174
363,Newcastle,4,15,2024-01-30T20:15:00Z,2.28,1.22,False,7.0,0,2,177.0,142.0,0.3705285290833054,1.6715835268319177,0.976909745638324,1.6946926773129956,1.2746813934430274,1.9860180024977816,0.7816130334671711,1.843691280393065,0.9691418332781684,1.6369999999999998,2.044,-0.0006118628599425247,0.025290874585100803,972.1317925206873
364,Newcastle,4,15,2024-02-03T15:00:00Z,3.165,3.135,True,102.0,0,1,178.0,208.0,0.2113688382079216,0.8135289966355551,0.7198066021682549,1.7296926773129955,1.256421169800987,1.9860180024977816,0.7816130334671711,1.8786912803930649,0.9672913751155677,1.704,1.964,0.004420097387150181,0.02973564883391422,994.7541161384274
365,Newcastle,4,15,2024-02-10T17:30:00Z,1.75,1.75,False,17.0,0,2,114.0,94.0,0.3059666337314597,1.5956760764248248,0.7798186910520298,1.7296926773129955,1.256421169800987,2.017754190199349,0.8166130334671712,1.9136912803930648,1.0022913751155678,1.731,2.095,0.01832688501196744,0.026577038134262734,993.8121441765962
366,Newcastle,4,15,2024-02-17T15:00:00Z,2.13,2.295,True,91.0,0,1,170.0,142.0,0.1666202074950501,0.6949669973832096,1.0709606905753093,1.7346173225723323,1.291421169800987,2.017754190199349,0.8166130334671712,1.9060864363136851,1.0372913751155677,1.6569999999999998,2.135,0.021022093717455056,0.025524167901045555,1003.8064677950637
367,Newcastle,4,15,2024-02-24T20:00:00Z,0.575,3.2,False,3.0,0,0,50.0,255.0,0.3224184929022465,1.6877480594415304,0.6065256485960232,1.7346173225723323,1.291421169800987,2.0281614094349694,0.8516130334671712,1.9246543206891111,1.0722913751155676,1.727,2.019,0.021358970788155147,0.02657703813426269,1003.525605260762
368,Newcastle,4,15,2024-03-02T15:00:00Z,2.6100000000000003,0.4,True,39.0,1,2,169.0,116.0,0.1673712724961501,0.664974331298052,0.8507472037807962,1.6996173225723323,1.326421169800987,2.0281614094349694,0.8516130334671712,1.8896543206891112,1.1072913751155675,1.666,1.982,0.010288556522542581,0.02973564883391415,995.6552999882024
369,Newcastle,4,15,2024-03-11T20:00:00Z,1.39,2.335,False,8.0,0,0,115.0,145.0,0.2507699389239695,1.6060262684545237,0.549519948908018,1.6996173225723323,1.326421169800987,2.0631614094349695,0.8293024163284486,1.9246543206891111,1.0722913751155676,1.475,2.031,0.005036348764108472,0.02499999999999996,1010.2273061133911
370,Newcastle,4,15,2024-03-30T12:30:00Z,4.04,2.36,True,21.0,0,2,257.0,121.0,0.1301776563858945,0.7194244798984848,0.7728033807183969,1.6982095385688072,1.3614211698009868,2.0631614094349695,0.8293024163284486,1.9107773375295947,1.1072913751155675,1.4340000000000002,2.027,0.0001752553945407837,0.018999999999999958,991.9002305646579
371,Newcastle,4,15,2024-04-02T18:30:00Z,1.795,1.21,True,11.0,0,1,194.0,101.0,0.170138177189029,0.6217745954765993,0.783291518336531,1.6982095385688072,1.3614211698009868,2.0981614094349696,0.8643024163284486,1.9457773375295946,1.1422913751155674,1.456,1.965,0.005480673045742794,0.01699999999999996,1007.038949455694
372,Newcastle,4,15,2024-04-06T14:00:00Z,0.925,0.635,False,54.0,1,2,129.0,175.0,0.2039321747186429,1.3957982087979628,0.5562932935951251,1.6982095385688072,1.3614211698009868,2.0906621449381206,0.8898178789514005,1.9486440013655555,1.1525872260528156,1.568,1.639,0.00784115630697587,0.015470835848178276,1006.2975117379069
373,Newcastle,4,15,2024-04-13T11:30:00Z,3.43,0.365,True,6.0,1,2,177.0,91.0,0.1323296933692448,0.5480469075929105,0.7092267364839685,1.6632095385688073,1.326421169800987,2.0906621449381206,0.8898178789514005,1.9136440013655556,1.1175872260528157,1.5530000000000002,1.499,0.006483355583187279,0.009353337357085278,1018.6666398896011
374,Newcastle,4,15,2024-04-24T19:00:00Z,0.21,1.44,False,31.0,0,0,82.0,166.0,0.1897250247811667,1.1722874957317488,0.5126725616850973,1.6632095385688073,1.326421169800987,2.125662144938121,0.8548178789514005,1.9486440013655555,1.0825872260528158,1.5530000000000002,1.4480000000000002,0.0037547159636018685,0.0026475045267209565,1034.7579972727308
375,Newcastle,4,15,2024-04-27T14:00:00Z,3.405,1.24,True,49.0,0,2,250.0,152.0,0.2629230948427459,0.5240364836833749,0.62495412837642,1.6282095385688073,1.3426728439899192,2.125662144938121,0.8548178789514005,1.9136440013655556,1.1134419925712598,1.457,1.406,-0.0003447625517803627,-0.005238838854565537,1012.2507112491969
376,Newcastle,4,15,2024-05-04T14:00:00Z,3.935,1.04,False,90.0,0,2,289.0,137.0,0.1764527970520185,0.9873347189024714,0.5343008813106312,1.6282095385688073,1.3426728439899192,2.1487322497626504,0.8853641792308814,1.946067845688274,1.128639764612083,1.5930000000000002,1.464,-0.0019584988344743554,-0.006305535798916859,1015.9172775307436
377,Newcastle,4,15,2024-05-11T14:00:00Z,1.635,1.16,True,36.0,0,1,221.0,129.0,0.2356068515443579,0.5386950428648472,0.6149643220705489,1.6632095385688073,1.3297321438133087,2.1487322497626504,0.8853641792308814,1.981067845688274,1.1275660511079701,1.712,1.459,0.006411164416621372,-0.0017455283579423306,1021.6289684487498
378,Newcastle,4,15,2024-05-15T19:00:00Z,2.155,2.22,False,1.0,0,0,211.0,193.0,0.1505743977071255,1.065704781368589,0.4266784632416021,1.6632095385688073,1.3297321438133087,2.1324401901638756,0.8851635371434752,1.980246737552408,1.1161327753851367,1.883,1.3330000000000002,0.01322025880643246,0.004081771253368321,1020.9690372842377
379,Newcastle,4,15,2024-05-19T15:00:00Z,3.735,1.61,False,94.0,0,2,173.0,102.0,0.1171134204388754,0.8955481632866803,0.5340832491879127,1.6982095385688072,1.3647321438133087,2.1324401901638756,0.8851635371434752,2.0100487563330836,1.1511327753851366,1.925,1.41,0.015480913811377072,0.009992182331403488,1003.2511833435952
380,Newcastle,4,15,2024-08-17T14:00:00Z,0.63,0.885,True,20.0,1,2,49.0,182.0,0.1965831067567229,0.6100961444504367,0.678305583832649,1.733209538568807,1.3725766028625663,2.1324401901638756,0.8851635371434752,2.0450487563330837,1.1689085944811828,1.983,1.367,0.024232725675320088,0.00952510760416979,1012.2701531712846
381,Newcastle,4,15,2024-08-25T13:00:00Z,1.3050000000000002,1.615,False,91.0,0,1,167.0,152.0,0.0910882158969031,1.0232041270007517,0.5820647493683766,1.733209538568807,1.3490554052862842,2.0974401901638755,0.8851635371434752,2.0100487563330836,1.1582597131902366,1.775,1.4280000000000002,0.01547569439826149,0.008775067800297316,1017.2596890868854
382,Newcastle,4,15,2024-09-01T12:30:00Z,1.785,1.13,True,6.0,0,2,104.0,204.0,0.2040090830330066,0.7056303345725619,0.5275710096476159,1.7073842082643114,1.3698382442440562,2.0974401901638755,0.8851635371434752,1.9750487563330836,1.189215953035412,1.7480000000000002,1.479,0.0026945888447450017,0.012925889775673011,1016.5110465923569
383,Newcastle,4,15,2024-09-15T15:30:00Z,1.605,0.995,False,39.0,0,2,123.0,136.0,0.0908463901420357,0.9247143210005846,0.5216059161754041,1.7073842082643114,1.3698382442440562,2.090694245428198,0.8501635371434751,1.978551328193595,1.1542159530354121,1.723,1.508,-0.004242201336973293,0.008400472568893072,1029.002013033499
384,Newcastle,4,15,2024-09-21T14:00:00Z,1.27,2.645,False,54.0,0,0,134.0,268.0,0.1639916367771389,0.9925555830004548,0.550137934803092,1.7030323153408629,1.3503083048641646,2.090694245428198,0.8501635371434751,1.9568171671417725,1.149105573983411,1.669,1.5530000000000002,-0.014304292296429192,-0.000664505471450402,1035.9197643266632
385,Newcastle,4,15,2024-09-28T11:30:00Z,1.295,0.955,True,43.0,0,1,129.0,188.0,0.1897848423590052,0.6221569268897704,0.5103330075037013,1.684326813596623,1.3853083048641646,2.090694245428198,0.8501635371434751,1.927701892242145,1.184105573983411,1.721,1.655,-0.021226471890517594,0.0003863565683047021,1017.1624376355348
386,Newcastle,4,15,2024-10-05T16:30:00Z,1.025,0.335,False,11.0,1,1,146.0,56.0,0.1275490508266636,0.8853210090003536,0.4745517270690715,1.684326813596623,1.3853083048641646,2.084444134667103,0.8151635371434751,1.9296718277462628,1.149105573983411,1.6,1.6909999999999998,-0.016161697035964068,-0.0018917774926323374,1019.9510540329335
387,Newcastle,4,15,2024-10-19T14:00:00Z,1.015,1.06,True,36.0,0,0,209.0,95.0,0.2209437662792262,0.5661220542475992,0.490259005836212,1.6499925086899307,1.3503083048641646,2.084444134667103,0.8151635371434751,1.8946718277462629,1.1141055739834111,1.457,1.61,-0.016503954833592224,-0.010168086640457366,1019.2401207627717
388,Newcastle,4,15,2024-10-27T14:00:00Z,1.465,1.82,False,8.0,0,0,121.0,174.0,0.1636492617540716,0.8663607847780529,0.4935402321648334,1.6499925086899307,1.3503083048641646,2.049444134667103,0.8076687114474245,1.859671827746263,1.094623888360138,1.445,1.5759999999999998,-0.022253245283402025,-0.01251315209646772,1000.9314137084475
389,Newcastle,4,15,2024-11-02T12:30:00Z,0.755,0.525,True,3.0,1,2,114.0,92.0,0.1807340404393982,0.6692060421925772,0.3813125600948316,1.6571048499851342,1.3698724792879666,2.049444134667103,0.8076687114474245,1.8555132191474777,1.1215373606897778,1.355,1.557,-0.02130314095597485,-0.012608174952513857,991.106951361105
390,Newcastle,4,15,2024-11-10T14:00:00Z,2.35,0.815,False,17.0,0,2,206.0,112.0,0.1739494258087224,0.767169499271819,0.3838646250170927,1.6571048499851342,1.3698724792879666,2.014444134667103,0.7726687114474244,1.8205132191474778,1.086537360689778,1.296,1.547,-0.0226691197505626,-0.016857925484923948,1017.480042019612
391,Newcastle,4,15,2024-11-25T20:00:00Z,0.875,1.455,True,21.0,0,0,137.0,119.0,0.1561264758973097,0.67604914392756,0.3276875467404245,1.692104849985134,1.3401620308759028,2.014444134667103,0.7726687114474244,1.8555132191474777,1.0693867736188154,1.453,1.477,-0.017069356496830456,-0.012982433410692521,1030.260714095157
392,Newcastle,4,15,2024-11-30T15:00:00Z,0.02,1.38,False,31.0,0,0,30.0,140.0,0.399738442295673,0.6566873883225259,0.3741169305688498,1.692104849985134,1.3401620308759028,1.979444134667103,0.8076687114474245,1.8205132191474778,1.0945403860803367,1.423,1.444,-0.011950539108293747,-0.005958208106838292,1010.4498654031806
393,Newcastle,4,15,2024-12-04T19:30:00Z,2.55,2.495,True,14.0,0,1,152.0,199.0,0.1214317034756853,0.85914933416588,0.363756980798108,1.6571048499851342,1.3557775551523596,1.979444134667103,0.8076687114474245,1.7855132191474778,1.1223447023796995,1.349,1.38,-0.01259408694268358,0.0011560731199577567,989.2430349697057
394,Newcastle,4,15,2024-12-07T15:00:00Z,1.74,2.615,False,94.0,0,0,146.0,157.0,0.3486854551188568,0.7107568575841868,0.3265353904424388,1.6571048499851342,1.3557775551523596,2.014444134667103,0.8426687114474245,1.8205132191474778,1.1573447023796994,1.378,1.443,-0.00899999999999998,0.008903209885168404,991.0309166400034
395,Newcastle,4,15,2024-12-14T15:00:00Z,3.895,0.095,True,13.0,1,2,319.0,42.0,0.0944468804810886,0.6948939265734622,0.2962554295096395,1.6721746937267046,1.3907775551523596,2.014444134667103,0.8426687114474245,1.8281374788711875,1.1923447023796994,1.39,1.332,-0.00291082003947003,0.02344899460090349,973.3403916350965
396,Newcastle,4,15,2024-12-21T15:00:00Z,3.16,0.355,False,40.0,1,2,193.0,84.0,0.2845331317591108,0.6416997781210342,0.3184164147885635,1.6721746937267046,1.3907775551523596,2.04831365151073,0.8110491942451165,1.8631374788711874,1.1573447023796994,1.58,1.186,0.002742687936847935,0.02194864550578595,982.8714473342648
397,Newcastle,4,15,2024-12-26T15:00:00Z,2.885,0.17,True,7.0,1,2,250.0,34.0,0.1379031292630689,0.5560286095571373,0.2304208896186085,1.7071746937267045,1.3557775551523596,2.04831365151073,0.8110491942451165,1.8981374788711873,1.1223447023796995,1.6269999999999998,1.214,0.017960523928953892,0.007972045185623257,991.1117382575882
398,Newcastle,4,15,2024-12-30T20:00:00Z,1.96,0.45,False,1.0,1,2,144.0,56.0,0.3057479913681973,0.5813220496496933,0.2832127670577716,1.7071746937267045,1.3557775551523596,2.0833136515107302,0.7760491942451164,1.9331374788711873,1.0873447023796996,1.668,1.153,0.028742687936847876,-0.00899999999999998,1007.1502344979784
399,Newcastle,4,15,2025-01-04T12:30:00Z,2.26,0.975,False,6.0,0,2,156.0,118.0,0.2666928821752646,0.5299171497275392,0.3224988188227112,1.7406892929079705,1.3207775551523597,2.0833136515107302,0.7760491942451164,1.9535893152744201,1.0523447023796997,1.6909999999999998,1.035,0.02901087087527746,-0.024999999999999942,1017.7435930521114
400,Newcastle,4,15,2025-01-15T19:30:00Z,2.555,0.81,True,39.0,1,2,153.0,146.0,0.1117024338712758,0.6080222518777735,0.3614384697033622,1.7756892929079704,1.2857775551523598,2.0833136515107302,0.7760491942451164,1.98858931527442,1.0173447023796998,1.733,1.061,0.03167470546359603,-0.03499999999999992,1027.8009187669948
401,Newcastle,4,15,2025-01-18T12:30:00Z,0.915,3.13,True,91.0,0,0,146.0,264.0,0.1491018930109923,0.8729061959049349,0.3277854764359483,1.7756892929079704,1.2857775551523598,2.1167284439586673,0.7789286905757021,2.02358931527442,1.0056166585653972,1.68,1.095,0.031259043646545574,-0.031675434830614586,1034.0432253690158
402,Newcastle,4,15,2025-01-25T15:00:00Z,2.955,0.88,False,20.0,0,2,197.0,111.0,0.3207611305807613,0.447713338676975,0.2708324146398865,1.7756892929079704,1.2857775551523598,2.081728443958667,0.8139286905757022,1.9885893152744203,1.040616658565397,1.689,1.24,0.0216747054635961,-0.01968069572898341,1018.0475311982607
403,Newcastle,4,15,2025-02-01T15:00:00Z,0.875,1.78,True,54.0,0,0,153.0,146.0,0.160412583452994,0.7255937079260605,0.5104998150057376,1.8106892929079703,1.2665998080438812,2.081728443958667,0.8139286905757022,2.0216199137492525,1.03514823812319,1.856,1.211,0.01664034783972363,-0.008796985615421665,1020.8940895713454
404,Newcastle,4,15,2025-02-15T15:00:00Z,0.24,2.95,False,43.0,0,0,43.0,164.0,0.2494808793405921,0.5771103745265361,0.4062029891643561,1.8106892929079703,1.2665998080438812,2.046728443958667,0.8489286905757022,1.9866199137492526,1.07014823812319,1.857,1.158,0.006549851079961711,0.005069379598512055,1004.7296349442482
405,Newcastle,4,15,2025-02-23T14:00:00Z,3.535,2.59,True,17.0,0,2,202.0,166.0,0.2225431204634398,0.9487951061647136,0.4014998561155736,1.7756892929079704,1.301599808043881,2.046728443958667,0.8489286905757022,1.9516199137492527,1.1051482381231899,1.754,1.165,-0.007506417535043068,0.01791839991281776,994.7425637550764
406,Newcastle,4,15,2025-02-26T20:15:00Z,0.11,1.85,False,14.0,0,0,40.0,127.0,0.2029295728204605,0.7044191801873059,0.4314912137944993,1.7756892929079704,1.301599808043881,2.081728443958667,0.8839286905757022,1.9866199137492526,1.1401482381231898,1.6369999999999998,1.289,-0.009450148920038304,0.025750075327495462,1010.8273399201987
407,Newcastle,4,15,2025-03-10T20:00:00Z,1.19,0.225,False,21.0,1,2,148.0,76.0,0.1578341121936915,0.6456593623679046,0.3400487218401661,1.7406892929079705,1.301343383802644,2.081728443958667,0.8839286905757022,1.9516199137492527,1.1466618295480633,1.484,1.332,-0.009281343075023932,0.02514931014038086,1005.0612132491223
408,Newcastle,4,15,2025-04-02T18:45:00Z,1.64,1.3,True,94.0,0,2,176.0,143.0,0.2197557603604531,0.9957295270169996,0.3633887769787795,1.7111112967348328,1.266343383802644,2.081728443958667,0.8839286905757022,1.9166199137492528,1.1116618295480634,1.382,1.374,-0.01699999999999996,0.018488820897113907,1017.8234529310312
409,Newcastle,4,15,2025-04-07T19:00:00Z,3.175,0.235,False,13.0,1,2,180.0,75.0,0.1649820872617601,0.5266239485083702,0.3022601169867959,1.7111112967348328,1.266343383802644,2.080662906981518,0.8957708271900503,1.9179998398953855,1.1112098187684045,1.414,1.461,-0.013802867693409583,0.006610350540730486,1028.4750566530795
410,Newcastle,4,15,2025-04-13T15:30:00Z,3.085,0.86,True,1.0,0,2,213.0,91.0,0.1775878136136857,0.8233451876798885,0.3870801598723841,1.7461112967348327,1.2313433838026442,2.080662906981518,0.8957708271900503,1.9529998398953854,1.0762098187684046,1.4380000000000002,1.418,-0.0066845883094553684,-0.007614495852522341,1032.1762653122335
411,Newcastle,4,15,2025-04-16T18:30:00Z,2.6950000000000003,1.0,True,31.0,1,2,145.0,120.0,0.2314571883662,0.8603795904176911,0.432173457678521,1.7461112967348327,1.2313433838026442,2.1156629069815183,0.8860209050146324,1.9879998398953853,1.0536524580472433,1.4980000000000002,1.3630000000000002,0.00035483815186269246,-0.018408198385667637,1039.9903578889705
412,Newcastle,4,15,2025-04-19T16:30:00Z,1.005,3.13,False,7.0,0,0,141.0,216.0,0.2060971789813689,0.7362630710620657,0.332868979878619,1.7461112967348327,1.2313433838026442,2.1506629069815184,0.8900100672984429,2.0229998398953852,1.045014086621388,1.497,1.219,0.017315411690544576,-0.020493337975309625,1052.5526540018861
413,Newcastle,4,15,2025-04-26T14:00:00Z,2.93,0.05,True,40.0,1,2,252.0,21.0,0.1800222576181556,0.6736285703248709,0.3539126893055163,1.7144196810713763,1.266343383802644,2.1506629069815184,0.8900100672984429,1.9879998398953853,1.0800140866213879,1.4409999999999998,1.324,0.02019713230659034,-0.010839522051302529,1037.8555734453023
414,Newcastle,4,15,2025-05-04T13:00:00Z,1.425,0.845,False,36.0,0,1,149.0,72.0,0.1914089169855092,0.6948712774927178,0.2588980954611481,1.7144196810713763,1.266343383802644,2.176504926527868,0.8624153817837767,2.0210520888908694,1.045014086621388,1.54,1.199,0.018721749856497695,-0.009377263674342527,1042.1738795632318
415,Newcastle,4,15,2025-05-11T11:00:00Z,1.785,0.345,True,8.0,1,2,214.0,98.0,0.1844617559252321,0.6305999991415663,0.2752654250154016,1.7120267067127908,1.2313433838026442,2.176504926527868,0.8624153817837767,2.0032161632953196,1.0108842768777,1.646,1.107,0.009006810399603524,-0.009072652106602547,1041.7394447443992
416,Newcastle,4,15,2025-05-18T15:30:00Z,0.95,0.8200000000000001,False,3.0,0,0,190.0,145.0,0.1533180465442849,0.6804554380498916,0.2013651853586707,1.7120267067127908,1.2313433838026442,2.176656618821453,0.8274153817837767,2.020659836397266,0.9758842768777,1.658,1.039,0.003914320048705428,-0.015035152430822296,1056.0154614217452
417,Newcastle,4,15,2025-05-25T15:00:00Z,0.635,0.995,True,11.0,0,0,181.0,108.0,0.1434702546085139,0.5793555548878849,0.3452064416786456,1.693539245832862,1.1963433838026443,2.176656618821453,0.8274153817837767,1.9918760046422346,0.9408842768776999,1.808,1.057,-0.0021564317815903258,-0.02477623679123405,1043.8884600296938
418,Leicester,13,10,2022-08-07T13:00:00Z,2.0,2.0,True,94.0,0,1,133.0,72.0,0.0,1.0,1.0,1.1477871031746032,1.9348454887218047,1.1477871031746032,1.9348454887218047,1.1477871031746032,1.9348454887218047,1.5,1.5,,,1000.0
419,Leicester,13,10,2022-08-13T14:00:00Z,1.0,4.0,False,3.0,0,0,75.0,257.0,0.0,2.0,2.0,1.1477871031746032,1.9348454887218047,1.1827871031746031,1.9524652601642998,1.1827871031746031,1.9524652601642998,1.33,0.72,0.03499999999999992,0.017619771442495047,1000.0
420,Leicester,13,10,2022-08-20T14:00:00Z,1.0,2.0,True,20.0,0,0,84.0,99.0,0.0,0.7777777777777778,1.2222222222222223,1.150818360143414,1.9698454887218046,1.1827871031746031,1.9524652601642998,1.187288360143414,1.9874652601642997,1.04,1.645,0.019750628484405452,0.026309885721247483,975.9957306375812
421,Leicester,13,10,2022-08-27T14:00:00Z,1.0,2.0,False,8.0,0,0,194.0,103.0,0.0,2.0,1.5555555555555556,1.150818360143414,1.9698454887218046,1.1477871031746032,1.9874652601642997,1.1522883601434142,2.0224652601643,0.9733333333333332,1.4266666666666663,0.001800502787524394,0.029785931432748526,938.9184809830576
422,Leicester,13,10,2022-09-01T19:00:00Z,0.0,1.0,True,1.0,0,0,68.0,108.0,0.0,0.8271604938271605,0.9506172839506174,1.1314150487201684,1.983545817006405,1.1477871031746032,1.9874652601642997,1.1328335987201685,2.03669032916899,1.215,1.3275,-0.0060405751940058264,0.027368968089437052,921.1257983215169
423,Leicester,13,10,2022-09-04T13:00:00Z,2.0,5.0,False,36.0,0,0,90.0,313.0,0.0,2.4444444444444446,1.2098765432098766,1.1314150487201684,1.983545817006405,1.1127871031746033,1.9524652601642998,1.0978335987201686,2.00169032916899,1.108,1.278,-0.012417943875299332,0.01776855454999989,907.0738610611959
424,Leicester,13,10,2022-09-17T16:30:00Z,2.0,6.0,False,6.0,0,0,178.0,261.0,0.2222222222222222,2.7901234567901234,1.1632373113854595,1.1664150487201683,2.0185458170064052,1.1127871031746033,1.9524652601642998,1.1328335987201685,2.03669032916899,1.0733333333333333,1.586666666666667,-0.015359616227575859,0.013657874886920324,898.3579890756552
425,Leicester,13,10,2022-10-03T19:00:00Z,4.0,0.0,True,17.0,1,2,181.0,101.0,0.0,0.6433470507544582,0.739368998628258,1.2014150487201682,2.0535458170064054,1.1127871031746033,1.9524652601642998,1.1678335987201685,2.07169032916899,1.1742857142857144,1.7328571428571429,-0.005446802611027575,0.012251444343929207,891.4258984425385
426,Leicester,13,10,2022-10-08T14:00:00Z,1.0,2.0,False,91.0,0,0,185.0,185.0,0.1728395061728395,2.6145404663923184,0.9047401310775798,1.2014150487201682,2.0535458170064054,1.1477871031746032,1.9174652601642999,1.2028335987201684,2.03669032916899,1.25375,1.6425,0.011220748368107733,0.006032152714955746,908.2963192005388
427,Leicester,13,10,2022-10-15T11:30:00Z,0.0,0.0,True,31.0,1,1,207.0,46.0,0.0,0.5003810394756897,0.5750647767108673,1.17431585144966,2.076659186120733,1.1477871031746032,1.9174652601642999,1.173293126705363,2.0622090498841668,1.32,1.6655555555555557,0.015779932569313475,0.007645531530739559,898.9885263877086
428,Leicester,13,10,2022-10-20T19:15:00Z,1.0,0.0,True,2.0,1,2,79.0,151.0,0.0,0.3891852529255364,0.4472726041084524,1.17431585144966,2.076659186120733,1.1127871031746033,1.8824652601643,1.138293126705363,2.0272090498841666,1.395,1.545,0.010247892110901593,0.004832850449183265,899.9094495529113
429,Leicester,13,10,2022-10-23T13:00:00Z,4.0,0.0,False,39.0,1,2,96.0,345.0,0.1344307270233196,2.033531473860692,0.7036867686158954,1.17431585144966,2.076659186120733,1.0816566364348372,1.8474652601643,1.1116047646374063,1.9922090498841667,1.341,1.624,-0.00640874452780093,-0.009438043244668856,919.4133187130117
430,Leicester,13,10,2022-10-29T11:30:00Z,0.0,1.0,True,43.0,0,0,123.0,149.0,0.0,0.5249218633865282,0.3478786920843518,1.20931585144966,2.0416591861207327,1.0816566364348372,1.8474652601643,1.1466047646374062,1.9572090498841668,1.362,1.712,-0.011852304933202776,-0.02116714955081676,934.527896762823
431,Leicester,13,10,2022-11-05T17:30:00Z,2.0,0.0,False,11.0,1,2,257.0,194.0,0.1045572321292486,1.5816355907805382,0.5473119311456964,1.20931585144966,2.0416591861207327,1.0501790176372408,1.8124652601643,1.1175139957992843,1.9222090498841669,1.401,1.7619999999999998,-0.015238613225035634,-0.026354468469260442,930.0028035833498
432,Leicester,13,10,2022-11-12T15:00:00Z,1.888,0.7002,False,21.0,1,2,99.0,170.0,0.0935445138783044,1.460094348384863,0.4947092797799861,1.24431585144966,2.0066591861207326,1.0501790176372408,1.8124652601643,1.1525139957992843,1.887209049884167,1.464,1.853,-0.003749515635675144,-0.034999999999999955,946.0660092064129
433,Leicester,13,10,2022-12-26T15:00:00Z,0.25805,2.451,True,4.0,0,0,141.0,168.0,0.0387111111111111,0.5827392270784109,0.4800389827322736,1.2778379042138,1.9716591861207327,1.0501790176372408,1.8124652601643,1.1875139957992842,1.852209049884167,1.495,1.915,0.00970689343191764,-0.03499999999999992,960.7424825599512
434,Leicester,13,10,2022-12-30T20:00:00Z,0.99625,2.06225,False,14.0,0,0,97.0,199.0,0.1295568441275701,1.4006511598548934,0.5350849953844335,1.2778379042138,1.9716591861207327,1.0151790176372408,1.8474652601643,1.1525139957992843,1.887209049884167,1.546,1.77,0.010350681408429242,-0.024999999999999942,954.4042003932565
435,Leicester,13,10,2023-01-03T19:45:00Z,0.8428000000000001,1.3659,True,54.0,0,0,183.0,79.0,0.0348419753086419,0.6634416210609863,0.5432969865695462,1.269899017795438,1.9366591861207327,1.0151790176372408,1.8474652601643,1.1448944651962552,1.852209049884167,1.465,1.7080000000000002,0.0037556715084069783,-0.018999999999999958,944.7027665131121
436,Leicester,13,10,2023-01-14T15:00:00Z,0.5087499999999999,2.0696000000000003,False,17.0,0,0,38.0,123.0,0.1225664343214434,1.202062013220473,0.7570883297434483,1.269899017795438,1.9366591861207327,0.983738871577333,1.8304948417610918,1.1098944651962552,1.8342225906836775,1.467,1.686,-0.0027416069949780806,-0.014569494171498467,933.6216991149819
437,Leicester,13,10,2023-01-21T15:00:00Z,1.6482,1.76295,True,36.0,0,1,107.0,121.0,0.1741437585733882,0.6267212608252115,0.5038532117763137,1.234899017795438,1.9716591861207327,0.983738871577333,1.8304948417610918,1.0748944651962553,1.8692225906836775,1.32,1.624,-0.017959307869350308,-0.0051111906743975906,919.3470767934488
438,Leicester,13,10,2023-02-04T15:00:00Z,3.125,1.84,False,7.0,0,2,129.0,151.0,0.1419961155833449,1.1282704547270344,0.7244020342449042,1.234899017795438,1.9716591861207327,1.013269825126945,1.8325315634225952,1.1041096227499123,1.8708026992215538,1.22,1.699,-0.01956801305874132,0.0006006402824278937,920.850904163835
439,Leicester,13,10,2023-02-11T15:00:00Z,2.77,1.14,True,6.0,0,2,145.0,113.0,0.2021118122237464,0.6896720917529423,0.4074413869371329,1.269899017795438,1.9460629671620575,1.013269825126945,1.8325315634225952,1.1391096227499122,1.854701070604336,1.27,1.699,-0.0064107540738825314,-0.0020502556681998236,944.5748739043368
440,Leicester,13,10,2023-02-19T14:00:00Z,0.71,3.615,False,1.0,0,0,125.0,223.0,0.3393303121203794,1.3730992425654711,0.7767571377460367,1.269899017795438,1.9460629671620575,1.0482698251269449,1.7975315634225952,1.1741096227499122,1.8197010706043362,1.319,1.467,0.0075124690852260865,-0.002843552802837206,966.4949963792682
441,Leicester,13,10,2023-02-25T15:00:00Z,0.01,0.8200000000000001,True,3.0,0,0,29.0,95.0,0.1705314095073583,0.6675227380300662,0.3168988565066589,1.234899017795438,1.9810629671620574,1.0482698251269449,1.7975315634225952,1.1425720639598995,1.854701070604336,1.321,1.541,0.014172384756548341,-0.001779251121484255,960.1564002320607
442,Leicester,13,10,2023-03-04T17:30:00Z,0.955,1.19,False,20.0,0,0,89.0,93.0,0.2639235760936284,1.367966077550922,0.6108111071358064,1.234899017795438,1.9810629671620574,1.0229576620443759,1.7625315634225953,1.1132112515618784,1.8197010706043362,1.093,1.442,0.009770607298802199,-0.009454642464238848,955.006711237432
443,Leicester,13,10,2023-03-11T15:00:00Z,1.675,2.265,True,8.0,0,0,138.0,146.0,0.1481910962835009,0.5547399073567182,0.5309213328385125,1.199899017795438,1.9657140017371335,1.0229576620443759,1.7625315634225953,1.078782494773204,1.8157922021104635,1.083,1.365,-0.006739094635361579,-0.009858642444441467,936.2329000072285
444,Leicester,13,10,2023-03-18T15:00:00Z,1.175,0.8200000000000001,False,94.0,0,1,87.0,106.0,0.2252738925172665,1.099529171428495,0.5639641944389605,1.199899017795438,1.9657140017371335,1.0579576620443758,1.7975315634225952,1.113782494773204,1.8507922021104635,1.08,1.3430000000000002,-0.012627938177476754,-0.0018934556557423108,925.1741519692328
445,Leicester,13,10,2023-04-01T14:00:00Z,0.61,2.145,False,31.0,0,0,51.0,253.0,0.2485463608467628,1.0507449111110516,0.6741943734525249,1.192794517731511,1.9307140017371336,1.0579576620443758,1.7975315634225952,1.112800325513013,1.8157922021104635,1.07,1.25,-0.012209827158093043,-0.0010051376127101022,926.5364423179398
446,Leicester,13,10,2023-04-04T18:45:00Z,0.745,1.705,True,7.0,0,0,85.0,124.0,0.1530375193316118,0.5114643723885586,0.5262721477632875,1.157794517731511,1.943010306097641,1.0579576620443758,1.7975315634225952,1.077800325513013,1.837754873975955,0.938,1.4240000000000002,-0.008288327725172242,-0.0017559311035292324,911.1815307302431
447,Leicester,13,10,2023-04-08T14:00:00Z,0.345,1.61,True,91.0,0,0,116.0,254.0,0.2568069594801425,0.56891673407999,0.6182116704825569,1.157794517731511,1.943010306097641,1.0232544851659502,1.7956144434650796,1.0442610185661063,1.8341710499989277,0.985,1.425,-0.009962281200560698,0.0029496546448409154,903.3339635217283
448,Leicester,13,10,2023-04-15T16:30:00Z,1.665,2.53,False,43.0,0,0,132.0,113.0,0.2022027251030378,0.9350238197530402,0.855484512685297,1.157794517731511,1.943010306097641,0.9882544851659502,1.8083609604573825,1.0092610185661064,1.845343795629355,0.994,1.558,-0.0168906231330509,0.0034244909464383267,891.264783236705
449,Leicester,13,10,2023-04-22T14:00:00Z,2.23,0.95,True,39.0,0,2,178.0,87.0,0.2708498573734442,0.5180463487288811,0.5363868548197664,1.192794517731511,1.9556913187557887,0.9882544851659502,1.8083609604573825,1.0442610185661063,1.8631770821047522,0.997,1.52,-0.01976470310923186,0.004199867330031161,888.7942953211558
450,Leicester,13,10,2023-04-25T19:00:00Z,1.55,1.35,False,2.0,0,1,136.0,126.0,0.1839354528579183,1.0139074153634755,0.7298212876441199,1.192794517731511,1.9556913187557887,1.0232544851659502,1.7857079712165793,1.0792610185661062,1.842428239764084,1.03,1.494,-0.008666127302150117,0.006303415950997758,908.3041382707659
451,Leicester,13,10,2023-05-01T19:00:00Z,2.73,2.65,True,11.0,0,1,144.0,241.0,0.2928832224015677,0.6295916045669075,0.8483008870820405,1.2021434807657383,1.9407445192150177,1.0232544851659502,1.7857079712165793,1.0892773258516666,1.8336383867242914,1.041,1.3969999999999998,0.0056395714769504925,0.0006292119860728006,908.2996204395067
452,Leicester,13,10,2023-05-08T14:00:00Z,3.1100000000000003,3.335,False,54.0,0,0,170.0,146.0,0.2408386855561586,0.9908168786160366,0.6431943348343155,1.2021434807657383,1.9407445192150177,1.05825448516595,1.8207079712165792,1.1242773258516665,1.8686383867242913,1.156,1.543,0.019289441665270902,0.0033277604163131145,908.3056142043538
453,Leicester,13,10,2023-05-15T19:00:00Z,0.275,2.52,True,14.0,0,0,86.0,185.0,0.247798061867886,0.923015692440928,0.6597895788415871,1.2371434807657382,1.9757445192150176,1.05825448516595,1.8207079712165792,1.1592773258516664,1.9036383867242912,1.237,1.596,0.028575621873429748,0.008544771894100155,898.1964702278466
454,Leicester,13,10,2023-05-22T19:00:00Z,0.035,1.025,False,4.0,1,1,25.0,183.0,0.2339856443214567,1.0150797944791397,0.6691511493155787,1.2371434807657382,1.9757445192150176,1.0232544851659502,1.8557079712165792,1.1242773258516665,1.9386383867242911,1.185,1.635,0.019289441665270902,0.017026770399380452,893.541585865718
455,Leicester,13,10,2023-05-28T15:30:00Z,1.7200000000000002,1.17,True,21.0,0,2,0.0,0.0,0.2082873814528002,0.8401233163429441,0.6753918946545676,1.2021434807657383,1.9407445192150177,1.0232544851659502,1.8557079712165792,1.0928112186453167,1.9036383867242912,1.123,1.712,0.005935742868458631,0.018744306708600993,897.0024451053895
456,Leicester,13,11,2024-08-19T19:00:00Z,1.005,1.115,True,6.0,0,1,92.0,237.0,0.2020012966855112,0.7667625793778454,0.6430825847313304,1.2021434807657383,1.9407445192150177,1.0527130949941594,1.8416131032977932,1.1237822093344603,1.883526069158798,1.072,1.459,0.0012321741655691172,0.011126811776358091,917.1095758700657
457,Leicester,13,11,2024-08-24T14:00:00Z,0.97,1.89,True,54.0,0,0,125.0,195.0,0.1993343418665087,0.820815339516102,0.6290642325688125,1.2021434807657383,1.9407445192150177,1.027033824108421,1.8066131032977932,1.1004370290292407,1.8485260691587981,1.079,1.5719999999999998,-0.007347226882002784,-0.0055971011578270025,917.7167902261291
458,Leicester,13,11,2024-08-31T14:00:00Z,0.73,1.775,True,7.0,0,0,77.0,142.0,0.1572600436739512,0.7717452640680793,0.698161069775743,1.2021434807657383,1.959844186382383,1.0016033937852094,1.8066131032977932,1.0772194697645912,1.8734784153122077,1.088,1.513,-0.012881119434671724,-0.012607117923496844,906.3831858996297
459,Leicester,13,11,2024-09-14T14:00:00Z,1.615,2.275,False,31.0,0,1,102.0,201.0,0.2242110566944663,0.9339509512615533,0.8982286716898946,1.2021434807657383,1.959844186382383,0.9674059287627675,1.8203935831313875,1.0426118246635292,1.8756331570200078,1.033,1.5419999999999998,-0.013669940939659508,-0.012585887507361919,899.121337795794
460,Leicester,13,11,2024-09-21T14:00:00Z,0.8300000000000001,1.05,True,11.0,0,1,125.0,151.0,0.122313367301962,0.740246316497395,0.6474586098255779,1.2343000502225443,1.994844186382383,0.9674059287627675,1.8203935831313875,1.0776118246635291,1.9106331570200077,0.957,1.656,-0.009792162376753736,0.0010356417490177477,899.8219441179448
461,Leicester,13,11,2024-09-28T14:00:00Z,1.165,4.3,False,3.0,0,0,72.0,493.0,0.3877197107623627,1.141961850981208,1.1430667446476956,1.2343000502225443,1.994844186382383,0.9378618624148582,1.8033252302793124,1.0512865189712455,1.8884636412473903,0.946,1.681,-0.013301763143264875,0.006090396163839712,899.8859181396309
462,Leicester,13,11,2024-10-05T14:00:00Z,0.895,1.08,True,91.0,1,2,55.0,139.0,0.1462437301237482,0.8824138017201961,0.6280233631976717,1.2544791210176929,2.0125821248676963,0.9378618624148582,1.8033252302793124,1.082558507705648,1.9234636412473902,0.8740000000000001,1.933,-0.0037768988285142857,0.012989815378528804,897.4758396773927
463,Leicester,13,11,2024-10-19T14:00:00Z,3.1100000000000003,2.075,False,20.0,0,2,206.0,233.0,0.3526708861485043,1.0881925507631618,1.1201630236148743,1.2544791210176929,2.0125821248676963,0.9028618624148582,1.7732036445903676,1.0486582565899798,1.8886830929873395,0.759,1.926,-0.0014083234982566774,0.005638437865291111,914.982892293101
464,Leicester,13,11,2024-10-25T19:00:00Z,0.88,2.365,True,17.0,0,0,102.0,169.0,0.1648562345406931,0.9352107346712636,0.5795737269315224,1.2894791210176928,2.0475821248676964,0.9028618624148582,1.7732036445903676,1.0836582565899797,1.9236830929873394,0.879,1.974,0.004275526975600208,0.005982842506818674,923.2165098306922
465,Leicester,13,11,2024-11-02T15:00:00Z,1.275,1.0,False,40.0,0,1,193.0,105.0,0.3431884670043922,1.0019275394824592,0.8712379072560134,1.2894791210176928,2.0475821248676964,0.8764854912277322,1.8082036445903675,1.0578068157315146,1.9586830929873393,0.956,1.96,-0.0010231452262725212,0.008889356765612996,912.5042110089302
466,Leicester,13,11,2024-11-10T14:00:00Z,0.385,1.85,False,1.0,0,0,89.0,85.0,0.2713688076700828,0.9081658640419128,0.6976294834213438,1.261395560477406,2.0184422453069164,0.8764854912277322,1.8082036445903675,1.0361764998905867,1.9329254583434514,1.149,2.065,-0.0032801477521627017,0.010370498305718652,912.5027568609311
467,Leicester,13,11,2024-11-23T12:30:00Z,1.0550000000000002,2.375,True,8.0,0,0,40.0,204.0,0.1282215157538724,1.2762750158554272,0.5485573431689619,1.2263955604774062,1.9851295503659372,0.8764854912277322,1.8082036445903675,1.0011764998905868,1.9088573638594049,1.146,1.913,-0.01343447857234146,0.0027055916893831103,903.3898125447676
468,Leicester,13,11,2024-11-30T15:00:00Z,1.03,3.2,False,94.0,0,0,78.0,174.0,0.2110646281878422,1.0641290053659322,0.7159340426610452,1.2263955604774062,1.9851295503659372,0.8643298190854942,1.8432036445903675,0.9970299167683092,1.9438573638594048,1.061,1.922,-0.01506335100135599,0.005875329495218137,898.8540576599419
469,Leicester,13,11,2024-12-03T20:15:00Z,2.335,2.05,True,21.0,0,2,150.0,319.0,0.2397278455863452,1.3215472345542212,0.6444334891314147,1.206130968637345,2.020129550365937,0.8643298190854942,1.8432036445903675,0.9845648134594809,1.9788573638594047,1.062,1.954,-0.02036565464406029,0.0059236020712136045,888.1074454318006
470,Leicester,13,11,2024-12-08T14:00:00Z,1.66,1.77,True,36.0,0,1,100.0,130.0,0.2353438799004907,1.170092293542172,0.6523371582133226,1.206130968637345,2.020129550365937,0.8993298190854943,1.8782036445903674,1.0195648134594808,2.010147920302911,1.11,2.072,-0.010005475822164683,0.012289138660734819,910.9933056768637
471,Leicester,13,11,2024-12-14T15:00:00Z,0.09,3.895,False,4.0,0,0,42.0,319.0,0.2330502663683217,1.2854336708401697,0.8723931442919239,1.206130968637345,2.020129550365937,0.9247152918554322,1.8893524273177424,1.0519704982077551,2.0167215714196653,1.085,2.051,0.0034762808281055984,0.021652920991759667,912.0832952764828
472,Leicester,13,11,2024-12-22T14:00:00Z,0.405,2.03,True,39.0,0,0,101.0,89.0,0.1919341288114927,1.1056273394216891,0.5384844563881398,1.174511451435037,2.0539990672095643,0.9247152918554322,1.8893524273177424,1.0169704982077552,2.0517215714196655,1.055,1.877,0.007965478168690853,0.02754869191215975,901.861729429258
473,Leicester,13,11,2024-12-26T20:00:00Z,0.6699999999999999,2.455,False,14.0,0,0,28.0,275.0,0.2123724293975835,1.313115077320132,0.7585280011159408,1.174511451435037,2.0539990672095643,0.8897152918554322,1.9243524273177424,0.9819704982077552,2.0867215714196656,1.101,1.827,0.0015521613197236313,0.02684249461710974,885.792730988873
474,Leicester,13,11,2024-12-29T14:30:00Z,0.65,1.635,True,43.0,0,0,121.0,138.0,0.1492821001867166,0.9488212639946472,0.6121545771907754,1.164529674126521,2.0618716172875895,0.8897152918554322,1.9243524273177424,0.967610168150263,2.094619894955906,0.923,1.869,-0.006644462065750461,0.024100960252364873,883.2446878018553
475,Leicester,13,11,2025-01-04T15:00:00Z,0.715,1.78,False,7.0,0,0,67.0,139.0,0.1785118895314539,1.252422837915658,0.6899662230901762,1.164529674126521,2.0618716172875895,0.8742456768069515,1.8948934047918806,0.9503584680843972,2.0598406004045198,0.942,1.838,-0.018117506201368417,0.014775953460479016,878.2258618812097
476,Leicester,13,11,2025-01-15T19:30:00Z,0.85,1.91,True,31.0,0,0,133.0,127.0,0.2005527445896684,0.7957498719958368,0.7361202267039364,1.1331730149108958,2.0534762696804525,0.8742456768069515,1.8948934047918806,0.9153584680843971,2.0611060237649412,0.816,1.872,-0.025635902029838745,0.00726221920620522,871.7755262579541
477,Leicester,13,11,2025-01-18T15:00:00Z,0.245,2.095,True,54.0,0,0,119.0,154.0,0.2426521346808532,0.927805455996762,0.665871287436395,1.1331730149108958,2.0534762696804525,0.8589782685950181,1.9298934047918805,0.9043969974533818,2.0863486657600143,0.86,1.914,-0.022284436977365922,0.0017574152624624188,864.3162584311749
478,Leicester,13,11,2025-01-26T14:00:00Z,1.77,1.02,False,6.0,0,2,99.0,139.0,0.1988425807466863,1.0407733183788452,0.6410848401812481,1.1331730149108958,2.0534762696804525,0.8239782685950181,1.9648934047918805,0.8693969974533817,2.1213486657600145,0.939,1.864,-0.0225002004532146,0.004273920213556868,858.6349119525273
479,Leicester,13,11,2025-02-01T15:00:00Z,0.165,3.23,False,11.0,0,0,70.0,179.0,0.214655340580756,1.0561570254057686,0.7408437645854152,1.1625715501657292,2.0184762696804524,0.8239782685950181,1.9648934047918805,0.9030121181355791,2.0863486657600143,0.96,1.829,-0.01648103235992803,0.004811734059488528,878.2777120551083
480,Leicester,13,11,2025-02-15T12:30:00Z,0.105,1.69,True,3.0,0,0,77.0,169.0,0.1887294380851081,1.0260709102197036,0.5178998902283073,1.1275715501657293,2.0534762696804525,0.8239782685950181,1.9648934047918805,0.8690001777337103,2.1213486657600145,0.88,1.689,-0.013680871474282525,0.01195052150750551,868.6581709843789
481,Leicester,13,11,2025-02-21T20:00:00Z,0.255,2.76,True,94.0,0,0,98.0,227.0,0.1512340073995285,1.0047218190597695,0.5316999146220167,1.1275715501657293,2.0534762696804525,0.8102895776722442,1.9604862360865392,0.8577519246239849,2.0993402410722677,0.857,1.7280000000000002,-0.010303087307967952,0.007462031043903788,866.5999974423956
482,Leicester,13,11,2025-02-27T20:00:00Z,0.185,1.665,False,21.0,0,0,57.0,122.0,0.2313985982294769,1.0992332419822644,0.6006562613442119,1.1275715501657293,2.0534762696804525,0.7752895776722442,1.995486236086539,0.8227519246239848,2.134340241072268,0.913,1.636,-0.013633500658201257,0.005969502928515067,858.8743697729473
483,Leicester,13,11,2025-03-09T14:00:00Z,0.055,1.39,False,8.0,0,0,37.0,228.0,0.2177544652895931,1.2127369659862055,0.4671770921566092,1.0925715501657294,2.0302500750769354,0.7752895776722442,1.995486236086539,0.7877519246239848,2.1105217540225762,0.8690000000000001,1.669,-0.018864405651185516,0.0019380497874806476,852.1439467868092
484,Leicester,13,11,2025-03-16T19:00:00Z,0.5900000000000001,1.89,True,1.0,0,0,101.0,115.0,0.1242931168662999,0.8947836370464873,0.4668777113726797,1.0575715501657295,1.9952500750769355,0.7752895776722442,1.995486236086539,0.7527519246239848,2.075521754022576,0.878,1.622,-0.02942987791106138,-0.0014747226828430166,846.9957070401218
485,Leicester,13,11,2025-04-02T18:45:00Z,0.035,2.12,False,43.0,0,0,11.0,187.0,0.1804756952252391,1.1099065291003822,0.6855821827884738,1.0575715501657295,1.9952500750769355,0.7402895776722441,2.0193890664170424,0.7177519246239847,2.0881429527872455,0.858,1.599,-0.03160689330138938,-0.007465786087503178,839.3077712431192
486,Leicester,13,11,2025-04-07T19:00:00Z,0.235,3.13,True,4.0,0,0,75.0,180.0,0.1255613131182333,1.3670539399250456,0.407571553289862,1.033423821972951,1.9835738835709604,0.7402895776722441,2.0193890664170424,0.694952393594865,2.087670477850286,0.802,1.6469999999999998,-0.03325707586130284,-0.006626876598999282,836.111484549029
487,Leicester,13,11,2025-04-12T14:00:00Z,1.76,2.955,False,36.0,0,1,174.0,231.0,0.1403699851751859,1.207705078189186,1.057675031057702,1.033423821972951,1.9835738835709604,0.7052895776722441,2.0543890664170426,0.659952393594865,2.1226704778502863,0.7440000000000001,1.7,-0.03221132137808452,-0.0032651841674888184,832.5272438301461
488,Leicester,13,11,2025-04-20T15:30:00Z,0.135,1.785,True,14.0,0,0,35.0,261.0,0.2243254657586258,1.4677086199417022,0.3703334303365593,1.068423821972951,2.0185738835709603,0.7052895776722441,2.0543890664170426,0.694952393594865,2.1576704778502864,0.799,1.777,-0.021862736550345076,0.010763351876706346,835.1297405591067
489,Leicester,13,11,2025-04-26T14:00:00Z,0.575,2.51,False,39.0,0,0,74.0,175.0,0.1313988773584779,1.072659505258256,1.1159694686004349,1.068423821972951,2.0185738835709603,0.6729469632706543,2.0317507688005203,0.6758239747996911,2.124339940946158,0.735,1.899,-0.013943952634537921,0.01393352885162948,833.7398756640254
490,Leicester,13,11,2025-05-03T14:00:00Z,1.7,0.265,True,20.0,1,2,112.0,88.0,0.1833642511455979,1.1682178155102128,0.3702593347062128,1.033423821972951,2.0535738835709605,0.6729469632706543,2.0317507688005203,0.6408239747996911,2.159339940946158,0.7390000000000001,1.895,-0.011629285871628281,0.014314095145205081,828.8389342216755
491,Leicester,13,11,2025-05-11T13:15:00Z,1.555,1.655,False,17.0,0,1,160.0,134.0,0.1021991268343717,0.9676240596453104,1.032420697800338,1.033423821972951,2.0535738835709605,0.6952022606937649,1.9967507688005204,0.6559314648718545,2.124339940946158,0.774,1.814,-0.0077605233941642395,0.007429290510367004,840.3369998064264
492,Leicester,13,11,2025-05-18T14:00:00Z,1.405,0.705,True,40.0,1,2,75.0,133.0,0.1870610842243539,1.1219471898412765,0.34131281588261,1.064323802334343,2.0640285474408078,0.6952022606937649,1.9967507688005204,0.6909314648718545,2.1311435807451122,0.836,1.721,8.093057759759643e-05,-0.0006464598925215955,842.9261652551207
493,Leicester,13,11,2025-05-25T15:00:00Z,0.14,1.895,False,91.0,0,0,29.0,225.0,0.1128215430934002,1.0125964908352414,0.9118827649558184,1.064323802334343,2.0640285474408078,0.6964932503077965,1.9617507688005205,0.6883020570011252,2.096143580745112,0.8540000000000001,1.732,0.0007765222091415565,-0.009206387603685964,857.8660581569051
494,Nott'm Forest,17,16,2022-08-06T14:00:00Z,0.0,2.0,False,4.0,0,0,46.0,324.0,1.0,0.0,1.0,1.1616728418267892,1.5762859579504318,1.1616728418267892,1.5762859579504318,1.1616728418267892,1.5762859579504318,1.5,1.5,,,1000.0
495,Nott'm Forest,17,16,2022-08-14T13:00:00Z,1.0,0.0,True,21.0,1,2,145.0,151.0,0.0,0.0,0.0,1.1266728418267893,1.5954193166248958,1.1616728418267892,1.5762859579504318,1.1266728418267893,1.5954193166248958,0.46,3.24,-0.03499999999999992,0.019133358674463974,967.9231717886738
496,Nott'm Forest,17,16,2022-08-20T14:00:00Z,1.0,1.0,False,11.0,0,1,141.0,228.0,0.7777777777777778,0.2222222222222222,0.7777777777777778,1.1266728418267893,1.5954193166248958,1.1329829029866332,1.5412859579504319,1.0994500227731832,1.5604193166248959,0.955,2.375,-0.031111409526803024,-0.007933320662767973,1003.4695723054156
497,Nott'm Forest,17,16,2022-08-28T15:30:00Z,0.0,2.0,True,6.0,0,0,182.0,217.0,0.0,0.0,0.4444444444444444,1.1100766062261558,1.574005981429964,1.1329829029866332,1.5412859579504319,1.0825815858394259,1.541455981429964,1.106666666666667,2.3433333333333333,-0.026449658701569612,-0.013948992956140337,1002.0193071221529
498,Nott'm Forest,17,16,2022-08-31T18:30:00Z,0.0,6.0,False,43.0,0,0,63.0,262.0,0.8271604938271605,0.1728395061728395,1.7160493827160497,1.1100766062261558,1.574005981429964,1.0979829029866333,1.5656171612082292,1.047581585839426,1.5657812338659776,1.285,2.3,-0.027227376796208992,-0.007497278336384028,979.7384846895133
499,Nott'm Forest,17,16,2022-09-03T14:00:00Z,2.0,3.0,True,91.0,0,0,161.0,115.0,0.0,0.4444444444444444,0.5679012345679012,1.0758932406340773,1.5994982866536873,1.0979829029866333,1.5656171612082292,1.0142731505327618,1.5897559350228105,1.154,2.364,-0.028318304610456698,-0.001157934231708367,966.8540002990707
500,Nott'm Forest,17,16,2022-09-16T19:00:00Z,2.0,3.0,True,54.0,0,0,124.0,200.0,0.2222222222222222,0.7901234567901234,0.4417009602194787,1.0758932406340773,1.5994982866536873,1.1329829029866332,1.6006171612082292,1.0492731505327617,1.6247559350228105,1.23,2.161666666666666,-0.019357973519754337,0.007400519989123744,945.1324732186741
501,Nott'm Forest,17,16,2022-10-03T19:00:00Z,0.0,4.0,False,13.0,0,0,101.0,181.0,0.6433470507544582,0.8010973936899862,1.5569272976680386,1.0758932406340773,1.5994982866536873,1.167982902986633,1.635617161208229,1.0842731505327616,1.6597559350228104,1.231428571428571,2.138571428571429,-0.0059748029265361225,0.02201593296928414,931.0800588918418
502,Nott'm Forest,17,16,2022-10-10T19:00:00Z,1.0,1.0,True,7.0,0,1,72.0,184.0,0.3950617283950617,0.6145404663923182,0.3435451912818168,1.0408932406340774,1.6344982866536872,1.167982902986633,1.635617161208229,1.0492731505327617,1.6947559350228103,1.20375,2.0975,-0.0006133566415232534,0.030954967755277996,912.4771204966469
503,Nott'm Forest,17,16,2022-10-15T14:00:00Z,0.0,1.0,False,39.0,0,0,91.0,124.0,0.5003810394756897,0.8452979728699893,1.2109434537418078,1.0408932406340774,1.6344982866536872,1.1452393592740817,1.6006171612082292,1.0350181884204688,1.6597559350228104,1.15,2.068888888888889,0.0022052289401489652,0.02342495730811895,912.6533819702757
504,Nott'm Forest,17,16,2022-10-18T18:30:00Z,0.0,0.0,False,36.0,1,1,18.0,241.0,0.3891852529255364,0.6574539788988806,0.9418449084658506,1.0058932406340775,1.614291395210852,1.1452393592740817,1.6006171612082292,1.0000181884204689,1.6442172862270894,1.126,1.986,-0.004258277054238383,0.011780193029182685,900.5693670378854
505,Nott'm Forest,17,16,2022-10-22T11:30:00Z,1.0,0.0,True,14.0,1,2,145.0,217.0,0.3072702331961591,0.4779759183051363,0.2672018154414131,0.9708932406340774,1.579291395210852,1.1452393592740817,1.6006171612082292,0.9650181884204688,1.6092172862270895,1.098,1.903,-0.019665561686018164,-0.00455169115330765,902.1385069089552
506,Nott'm Forest,17,16,2022-10-30T14:00:00Z,0.0,5.0,False,3.0,0,0,63.0,402.0,0.3026996411643061,1.6224642058102403,0.7325460399178838,0.9708932406340774,1.579291395210852,1.131611365624063,1.5656171612082292,0.9609637172677326,1.5742172862270896,1.098,1.969,-0.02583748721891497,-0.01999565254747107,926.546907451442
507,Nott'm Forest,17,16,2022-11-05T15:00:00Z,1.0,2.0,True,94.0,0,0,173.0,77.0,0.2389879591525681,0.5939812697928839,0.4300458564544324,0.9409538618159091,1.6135006222773889,1.131611365624063,1.5656171612082292,0.9356429708793583,1.6092172862270895,1.02,2.143,-0.023580408906435018,-0.020551691153307614,922.9522610443071
508,Nott'm Forest,17,16,2022-11-12T15:00:00Z,1.04715,0.60765,True,31.0,1,2,87.0,78.0,0.1858795237853308,0.7059187653944652,0.3606134439090029,0.9409538618159091,1.6135006222773889,1.1074026296863826,1.5989266367811046,0.9203228957462413,1.6421796506772315,1.011,2.003,-0.022018759632777298,-0.006510897763654119,912.6339293129536
509,Nott'm Forest,17,16,2022-12-27T20:00:00Z,0.3799,2.7356,False,1.0,0,0,125.0,314.0,0.2634108320166825,1.667138826741298,0.6856913643805763,0.9409538618159091,1.6135006222773889,1.0959797068620019,1.5639266367811047,0.9189156925982715,1.6071796506772316,1.035,1.819,-0.016140545814915527,-0.0014657452685389507,935.9801007759687
510,Nott'm Forest,17,16,2023-01-01T16:30:00Z,1.10065,0.9703,True,8.0,0,1,173.0,145.0,0.1499285184997017,0.6749590397512507,0.3582549008181134,0.9059538618159091,1.6485006222773888,1.0959797068620019,1.5639266367811047,0.8839156925982715,1.6421796506772315,0.999,2.018,-0.01562790366435676,0.008476036572893657,929.5832728379627
511,Nott'm Forest,17,16,2023-01-04T19:30:00Z,1.1835,0.19685,False,20.0,1,2,66.0,73.0,0.2214528693463086,1.3405968652432318,0.5602710611848927,0.9059538618159091,1.6485006222773888,1.0886098746658255,1.5289266367811047,0.8885888017128213,1.6071796506772316,1.048,1.963,-0.014813246164736756,0.006534254731461031,930.35847652199
512,Nott'm Forest,17,16,2023-01-14T15:00:00Z,2.0696,0.50875,True,13.0,1,2,123.0,38.0,0.1166110699442124,0.7510792531398616,0.2786427006363104,0.8870328947555132,1.6135006222773889,1.0886098746658255,1.5289266367811047,0.8741034769793982,1.5721796506772316,1.013,1.855,-0.012511421474287451,-0.007291090792836829,942.1282266772912
513,Nott'm Forest,17,16,2023-01-21T15:00:00Z,1.42365,1.1791,False,91.0,0,1,159.0,127.0,0.2163300094915733,1.1876642285225136,0.5484997142549165,0.8870328947555132,1.6135006222773889,1.1236098746658254,1.4939266367811048,0.9091034769793982,1.5371796506772317,1.064,1.709,-0.005310303759322449,-0.018999999999999958,955.2282641293563
514,Nott'm Forest,17,16,2023-02-05T14:00:00Z,0.64,0.395,True,2.0,1,2,50.0,113.0,0.1173641655121652,0.6952838635532257,0.2544998782726859,0.9008749342363708,1.5937401052882305,1.1236098746658254,1.4939266367811048,0.9145444979816756,1.5242715899145889,1.132,1.712,0.0011206301521993454,-0.021844008680377502,954.946391168446
515,Nott'm Forest,17,16,2023-02-11T15:00:00Z,0.33,1.81,False,54.0,0,0,88.0,139.0,0.1682566740490015,1.0837388444063996,0.6243886666427129,0.9008749342363708,1.5937401052882305,1.0886098746658255,1.458926636781105,0.8795444979816756,1.489271589914589,1.164,1.584,0.0026003175921023745,-0.029950413888604012,968.0781087224287
516,Nott'm Forest,17,16,2023-02-18T15:00:00Z,0.985,1.77,True,43.0,0,1,55.0,202.0,0.2623943509539063,0.7941096716525089,0.3712776831009779,0.8658749342363707,1.6175287424973357,1.0886098746658255,1.458926636781105,0.8445444979816755,1.5186797997099304,1.107,1.506,-0.0056702124184748355,-0.020118042796773622,956.2658864682643
517,Nott'm Forest,17,16,2023-02-25T15:00:00Z,0.215,3.365,False,21.0,0,0,79.0,207.0,0.1464218575936678,0.980685767871644,0.93674674072211,0.8658749342363707,1.6175287424973357,1.093735534200784,1.4474592946373719,0.8560462647907213,1.49664405520525,1.099,1.306,-0.009113228512472923,-0.013376500864623202,958.4819120840822
518,Nott'm Forest,17,16,2023-03-05T14:00:00Z,1.47,1.85,True,11.0,0,1,127.0,132.0,0.2196400507419271,0.9820853001741736,0.2887715313007606,0.8308749342363707,1.6525287424973356,1.093735534200784,1.4474592946373719,0.8210462647907213,1.53164405520525,1.005,1.436,-0.018593736014749923,-0.00231863919121669,939.2514009694269
519,Nott'm Forest,17,16,2023-03-11T15:00:00Z,1.28,2.525,False,6.0,0,0,157.0,191.0,0.1561058892395194,0.913866708344612,0.9908030205616412,0.8308749342363707,1.6525287424973356,1.1093243065651708,1.4824592946373718,0.8465320708387256,1.5666440552052499,1.045,1.49,-0.01440157338510191,0.009055542223445925,939.1263590132216
520,Nott'm Forest,17,16,2023-03-17T20:00:00Z,0.69,2.21,True,4.0,0,0,51.0,173.0,0.1708311505770544,0.9660663445799128,0.5601556354561471,0.8416504550067906,1.6875287424973355,1.1093243065651708,1.4824592946373718,0.8548907360595466,1.6016440552052498,1.077,1.367,-0.004351602601128419,0.021164431226836068,930.1789776670836
521,Nott'm Forest,17,16,2023-04-01T14:00:00Z,1.145,0.735,True,39.0,0,1,197.0,58.0,0.1373131171154867,0.8402738235621544,0.44456549424367,0.8416504550067906,1.6875287424973355,1.0831733638415995,1.5174592946373717,0.8408920923891238,1.6366440552052497,0.955,1.395,0.00010734833976346574,0.026852036499331308,923.8903593618827
522,Nott'm Forest,17,16,2023-04-04T18:45:00Z,0.9,1.97,False,2.0,0,0,86.0,192.0,0.1503045805196262,0.9707852176013648,0.919513460436832,0.8416504550067906,1.6875287424973355,1.0674795092597396,1.4882142884849336,0.8371950860867402,1.6075886245637716,1.086,1.38,-0.000753135585825063,0.02584922419407449,923.8883133429291
523,Nott'm Forest,17,16,2023-04-08T14:00:00Z,0.125,1.685,False,7.0,0,0,59.0,120.0,0.1169035626263759,0.9039440581343948,0.8685104692286472,0.8194628956592181,1.7225287424973355,1.0674795092597396,1.4882142884849336,0.8127157124713728,1.6425886245637715,1.0490000000000002,1.534,-0.0023903531292320495,0.020358758710519235,908.7734818074164
524,Nott'm Forest,17,16,2023-04-16T15:30:00Z,0.3399999999999999,2.745,True,1.0,0,0,43.0,258.0,0.2823546466453785,1.175768529437231,0.51466205107841,0.7844628956592181,1.72933502526981,1.0674795092597396,1.4882142884849336,0.7777157124713727,1.6571610531553664,0.949,1.527,-0.013551539111533414,0.015610379062419145,901.4772531013416
525,Nott'm Forest,17,16,2023-04-22T14:00:00Z,1.41,2.935,False,14.0,0,0,113.0,221.0,0.1153694375982924,0.920845378548974,1.0710636982889477,0.7844628956592181,1.72933502526981,1.0324795092597396,1.5232142884849336,0.742986264200668,1.6921610531553664,0.942,1.672,-0.02210088207608609,0.015689599531455233,897.1941307267123
526,Nott'm Forest,17,16,2023-04-26T18:30:00Z,2.24,1.685,True,36.0,0,2,136.0,175.0,0.3084980585019611,1.2633755228956245,0.4958482619498744,0.81904806889461,1.7613885944437428,1.0324795092597396,1.5232142884849336,0.7738646617061709,1.7271610531553663,0.967,1.754,-0.01865038911637089,0.02059642011762749,890.4599248700118
527,Nott'm Forest,17,16,2023-04-29T14:00:00Z,0.875,1.815,False,94.0,0,0,55.0,176.0,0.1497317847986718,0.9695464055380908,0.8997162097802927,0.81904806889461,1.7613885944437428,1.0674795092597396,1.5279809653399892,0.8088646617061709,1.7283285402705657,1.048,1.727,-0.00836956349911877,0.02549762469453585,917.7056664296802
528,Nott'm Forest,17,16,2023-05-08T19:00:00Z,2.905,3.115,True,20.0,0,2,123.0,204.0,0.3021651566126364,1.3226254066965968,0.7056597592943468,0.79828524480856,1.7730350688881815,1.0674795092597396,1.5279809653399892,0.7922671491778257,1.743040698894592,1.024,1.696,0.0006309265354903441,0.021450366657134273,909.4660058731542
529,Nott'm Forest,17,16,2023-05-13T14:00:00Z,1.81,1.5699999999999998,False,8.0,0,1,84.0,154.0,0.1164580548434114,0.9429805376407372,0.7664459409402277,0.79828524480856,1.7730350688881815,1.1024795092597395,1.562980965339989,0.8272671491778257,1.7780406988945918,1.02,1.768,0.012302852527535373,0.02166299008654294,920.7215379024053
530,Nott'm Forest,17,16,2023-05-20T16:30:00Z,0.78,0.32,True,3.0,1,2,64.0,141.0,0.2527951218098283,1.0864864274306862,0.6155131461178253,0.83328524480856,1.7711596981075919,1.1024795092597395,1.562980965339989,0.8622671491778258,1.7826406336567833,0.947,1.731,0.02114326785064023,0.017707114238536784,920.8033078319748
531,Nott'm Forest,17,16,2023-05-28T15:30:00Z,0.74,1.3,False,31.0,0,1,0.0,0.0,0.1328007093226533,0.9756515292761292,0.6694579540646215,0.83328524480856,1.7711596981075919,1.0952712569107586,1.5279809653399892,0.8516020397677372,1.7476406336567833,0.96,1.699,0.016682695792079896,0.008580976647592513,950.1291889570381
532,Nott'm Forest,17,16,2023-08-12T12:00:00Z,1.085,1.415,False,3.0,0,0,91.0,158.0,0.1099561072509526,0.8921734116592115,0.5673561864947055,0.8146813823312987,1.7646501051054346,1.0952712569107586,1.5279809653399892,0.8364475932847902,1.7468175705530695,0.763,1.641,0.010026266561795179,0.003166996870322425,950.1307250264603
533,Nott'm Forest,17,16,2023-08-18T18:45:00Z,1.6800000000000002,0.755,True,49.0,0,2,148.0,80.0,0.2210628725187553,0.8628227768905338,0.5498435580916419,0.8257380426395367,1.7296501051054347,1.0952712569107586,1.5279809653399892,0.8495618521338997,1.7118175705530696,0.768,1.607,0.008667135362604994,-0.00813671504949081,943.9566930923212
534,Nott'm Forest,17,16,2023-08-26T14:00:00Z,1.62,3.415,False,1.0,0,0,105.0,211.0,0.0855214167507409,1.3361348757349425,0.4501659228292154,0.8257380426395367,1.7296501051054347,1.0947785264422738,1.4978899575764815,0.8571867386507515,1.6768175705530697,0.857,1.567,0.0027522174214258113,-0.020554511260641874,959.6657459170145
535,Nott'm Forest,17,16,2023-09-02T14:00:00Z,0.855,1.065,False,8.0,1,2,64.0,162.0,0.1776277685839096,1.1992160144605106,0.5545734955338342,0.8607380426395367,1.7646501051054346,1.0947785264422738,1.4978899575764815,0.8921867386507515,1.7118175705530696,0.919,1.52,0.00512760865322231,-0.017188128709420266,952.1930756257525
536,Nott'm Forest,17,16,2023-09-18T18:45:00Z,0.86,0.78,True,90.0,0,1,103.0,83.0,0.185271123070143,0.7177510486926374,0.4965449896268326,0.8521318093986763,1.7296501051054347,1.0947785264422738,1.4978899575764815,0.8813884584334813,1.6807340731418472,0.87,1.461,0.009250697598384467,-0.013558080073562297,965.538278534907
537,Nott'm Forest,17,16,2023-09-23T14:00:00Z,0.51,1.665,False,43.0,0,0,99.0,79.0,0.1381549311208185,0.9549457890248416,0.7068904965263154,0.8521318093986763,1.7296501051054347,1.0597785264422739,1.467707858768907,0.8463884584334813,1.6457340731418473,0.8370000000000001,1.369,0.005148118418348584,-0.016104799408279385,965.4325175922572
538,Nott'm Forest,17,16,2023-10-01T13:00:00Z,0.735,1.875,True,94.0,0,1,51.0,165.0,0.1752108734990001,0.7649174823164958,0.5262016585986475,0.8337800776200222,1.6946501051054348,1.0597785264422739,1.467707858768907,0.8306341290391235,1.6107340731418474,0.8809999999999999,1.272,-0.0039380496097989005,-0.01799289933431431,961.7947568819861
539,Nott'm Forest,17,16,2023-10-07T16:30:00Z,0.59,0.405,False,31.0,1,1,138.0,76.0,0.1141205019828589,0.8671800581304324,0.5964703861871342,0.8337800776200222,1.6946501051054348,1.0302593214470896,1.45745914345388,0.8119051185745102,1.5917135017112372,0.809,1.233,-0.012744740834745439,-0.02182202389836655,962.1105707430911
540,Nott'm Forest,17,16,2023-10-21T14:00:00Z,2.4850000000000003,1.855,True,102.0,0,1,231.0,121.0,0.1429417904992223,0.6060469306906078,0.7714901789100592,0.8056736775453811,1.6596501051054349,1.0302593214470896,1.45745914345388,0.7906579864802169,1.5567135017112372,0.863,1.155,-0.020909945994969835,-0.03078805881431405,962.2181753559047
541,Nott'm Forest,17,16,2023-10-29T14:00:00Z,0.225,2.975,False,14.0,0,0,76.0,203.0,0.104315945986668,1.0700289341014473,0.7261436337011044,0.8056736775453811,1.6596501051054349,1.0652593214470896,1.4924591434538799,0.8256579864802169,1.5917135017112372,1.03,1.135,-0.013273508174020817,-0.020891004082156873,961.4033942145331
542,Nott'm Forest,17,16,2023-11-05T14:00:00Z,1.2,0.63,True,7.0,1,2,58.0,174.0,0.1511769481660618,0.6447031683149171,0.6667145835967128,0.7783508216369961,1.6873557958262062,1.0652593214470896,1.4924591434538799,0.7930106729508811,1.623423951822396,1.106,1.338,-0.008658985348114684,-0.00581749488254533,955.1827141027976
543,Nott'm Forest,17,16,2023-11-12T14:00:00Z,1.9,2.27,False,21.0,0,0,117.0,157.0,0.1166901802118529,1.1389113931900146,0.5647783817675256,0.7783508216369961,1.6873557958262062,1.06526795627928,1.45745914345388,0.810621683848584,1.5884239518223962,1.073,1.354,-0.0034784446521024144,0.0005308783924634472,979.3028588452889
544,Nott'm Forest,17,16,2023-11-25T15:00:00Z,2.075,2.23,True,36.0,0,0,217.0,133.0,0.1909154041291591,0.5547691309116023,0.7207780094641099,0.8133508216369961,1.7223557958262061,1.06526795627928,1.45745914345388,0.845621683848584,1.623423951822396,1.042,1.431,0.0055950458556038515,0.008154115742869436,962.4754807232132
545,Nott'm Forest,17,16,2023-12-02T17:30:00Z,0.355,0.85,True,11.0,0,0,114.0,81.0,0.1773786476560126,0.480375990709024,0.6361606740276411,0.8133508216369961,1.7223557958262061,1.1002679562792799,1.4924591434538799,0.8806216838485841,1.657392741880209,1.154,1.3530000000000002,0.01506630256698972,0.016100787176523877,951.5697462131009
546,Nott'm Forest,17,16,2023-12-06T19:30:00Z,0.145,3.76,False,54.0,0,0,41.0,169.0,0.0907590290536633,1.1258199724811224,0.7592720747080755,0.8133508216369961,1.7223557958262061,1.06526795627928,1.4685591029720142,0.845621683848584,1.6288849195426311,1.204,1.272,0.011361471986712699,0.009221813123725964,936.5229853721522
547,Nott'm Forest,17,16,2023-12-09T15:00:00Z,0.9,1.085,False,39.0,0,1,119.0,99.0,0.1194792448195159,0.8911933119297619,0.7861005025507253,0.7783508216369961,1.757355795826206,1.06526795627928,1.4685591029720142,0.810621683848584,1.663884919542631,1.142,1.358,0.006515858699671846,0.010218758051991227,922.7480421468222
548,Nott'm Forest,17,16,2023-12-15T20:00:00Z,0.745,1.765,True,6.0,0,0,120.0,170.0,0.2646278370657876,0.5869591038847964,0.4947916353548319,0.7644970905411107,1.7415446830799581,1.06526795627928,1.4685591029720142,0.7896106579940305,1.6559982672799096,1.162,1.378,-0.007001575122079075,0.01230704737459127,922.7878874731027
549,Nott'm Forest,17,16,2023-12-23T15:00:00Z,1.375,2.9850000000000003,True,91.0,0,0,125.0,188.0,0.2058216510511681,0.5831904141326195,0.6137268274982026,0.7644970905411107,1.7415446830799581,1.03026795627928,1.4799862390757703,0.760114337382585,1.6583814055973574,1.231,1.383,-0.021016280282675878,0.005874395573540233,914.0240018994666
550,Nott'm Forest,17,16,2023-12-26T12:30:00Z,3.225,1.715,False,4.0,0,2,183.0,235.0,0.1173727459707346,0.8775947981675926,0.9691892797616752,0.7644970905411107,1.7415446830799581,1.0252628625953157,1.5149862390757702,0.7684101108691,1.6933814055973573,1.218,1.495,-0.02395974086142773,0.007444174985348528,903.4706215709845
551,Nott'm Forest,17,16,2023-12-30T17:30:00Z,1.375,0.885,True,1.0,0,2,68.0,126.0,0.1800835063731307,0.6047036554364819,0.4773430880541576,0.7994970905411107,1.7304728602178672,1.0252628625953157,1.5149862390757702,0.8034101108691001,1.6917800233868125,1.17,1.609,-0.010491111555637636,0.011581374734358095,926.2647465160779
552,Nott'm Forest,17,16,2024-01-20T17:30:00Z,1.545,2.145,False,94.0,0,0,94.0,147.0,0.1424010246439047,0.8336848430192386,0.836036106481303,0.7994970905411107,1.7304728602178672,1.03727424507365,1.4848601500011709,0.8293688151368747,1.6567800233868126,1.162,1.5319999999999998,0.004097993958662197,0.0030520225011890427,951.0358764757567
553,Nott'm Forest,17,16,2024-01-30T19:30:00Z,0.7,1.615,True,3.0,0,0,86.0,209.0,0.1400649494013239,0.6414361764505969,0.473489068486567,0.8337877274326647,1.761796218937158,1.03727424507365,1.4848601500011709,0.8643688151368747,1.6917800233868125,1.198,1.505,0.01761583482791685,0.0049286643340667345,935.3784413847725
554,Nott'm Forest,17,16,2024-02-04T14:00:00Z,0.785,0.98,False,91.0,0,1,96.0,102.0,0.1107563525008147,0.8906437667927412,0.6524725272632357,0.8337877274326647,1.761796218937158,1.0306622411717723,1.479468915081109,0.8578000752717247,1.664129544970191,1.167,1.557,0.022921814471908483,-0.0003160985647847487,929.0155362199016
555,Nott'm Forest,17,16,2024-02-10T17:30:00Z,1.75,1.74,True,4.0,0,0,94.0,114.0,0.133383849534363,0.5855614705726865,0.3682692754895521,0.8040691401296229,1.732084097075443,1.0306622411717723,1.479468915081109,0.8228000752717247,1.6384380269548633,1.046,1.526,0.013431991863457069,-0.009219095098923852,929.2427506573739
556,Nott'm Forest,17,16,2024-02-17T15:00:00Z,2.395,0.28,True,21.0,1,2,211.0,90.0,0.1081874385267268,0.5621033660009783,0.2997649920474294,0.8040691401296229,1.732084097075443,1.0656622411717722,1.4843935603404457,0.8578000752717247,1.6308331828754836,1.026,1.5590000000000002,0.0070192817872149595,-0.011068876293403265,919.9138417175956
557,Nott'm Forest,17,16,2024-02-24T15:00:00Z,2.3,3.785,False,7.0,0,0,110.0,208.0,0.1239216075006336,1.1349451519499096,0.8185897434269611,0.8040691401296229,1.732084097075443,1.1006622411717721,1.4493935603404458,0.8928000752717248,1.5958331828754837,1.196,1.48,0.0074985737451085934,-0.014664749774455973,941.3924564095917
558,Nott'm Forest,17,16,2024-03-02T15:00:00Z,0.525,1.535,True,14.0,0,0,70.0,148.0,0.119701341076343,0.6638581735563165,0.4309283271480006,0.839069140129623,1.767084097075443,1.1006622411717721,1.4493935603404458,0.9278000752717248,1.6308331828754836,1.187,1.589,0.013061608590692877,-0.014777946654861315,934.0420122995249
559,Nott'm Forest,17,16,2024-03-10T14:00:00Z,0.345,0.73,False,36.0,0,0,86.0,88.0,0.1030501391671595,0.9782906737388186,0.6366809115543031,0.839069140129623,1.767084097075443,1.0656622411717722,1.424977783112266,0.9019493901398633,1.5958331828754837,1.137,1.567,0.016307044981162658,-0.01140846693461929,929.876372807916
560,Nott'm Forest,17,16,2024-03-16T15:00:00Z,1.355,0.8,False,102.0,0,1,102.0,117.0,0.080150108241124,0.8831149684635257,0.5040851534311246,0.8062966516760659,1.732084097075443,1.0656622411717722,1.424977783112266,0.8669493901398633,1.5608331828754838,1.098,1.467,0.01109127196986024,-0.013086406297054211,918.6576775373478
561,Nott'm Forest,17,16,2024-03-30T15:00:00Z,0.96,1.095,True,31.0,0,1,140.0,102.0,0.1175454875038224,0.7030008016549129,0.3907220322262227,0.7978900311735231,1.697084097075443,1.0656622411717722,1.424977783112266,0.8481202679491426,1.5258331828754839,1.017,1.349,-0.004337193632581617,-0.018999999999999958,918.3172700382206
562,Nott'm Forest,17,16,2024-04-02T18:30:00Z,2.255,1.24,True,54.0,0,2,116.0,141.0,0.1403131569474174,0.7378895123982656,0.3950060250648398,0.7978900311735231,1.697084097075443,1.0510120602874689,1.4214908471878942,0.8447953473486316,1.5192437093310804,1.089,1.325,-0.014687516045234642,-0.020941353363486157,918.3141482264357
563,Nott'm Forest,17,16,2024-04-07T17:00:00Z,1.33,2.24,False,6.0,0,0,153.0,186.0,0.0934500841875409,0.9824227532494088,0.3965106748908746,0.7978900311735231,1.697084097075443,1.0860120602874688,1.416091755725811,0.8797953473486316,1.5077024544144426,1.111,1.319,-0.01229471114799662,-0.025154916083954707,938.486930743428
564,Nott'm Forest,17,16,2024-04-13T14:00:00Z,1.95,1.535,True,39.0,0,1,208.0,120.0,0.1669102331813246,0.6650251763097622,0.4227824639393198,0.8134928257580405,1.695297063180674,1.0860120602874688,1.416091755725811,0.8887307204883189,1.5104237613291729,1.178,1.296,-0.0008822970637693693,-0.016943679047402314,929.7848528933904
565,Nott'm Forest,17,16,2024-04-21T12:30:00Z,0.43,1.225,False,11.0,0,0,123.0,71.0,0.0904611765903096,0.7863288080828736,0.3661749693595691,0.8134928257580405,1.695297063180674,1.1210120602874687,1.451091755725811,0.923730720488319,1.5449289872712662,1.29,1.314,0.012592514553137348,-0.003922585645047397,929.8585044951265
566,Nott'm Forest,17,16,2024-04-28T15:30:00Z,0.81,1.42,True,43.0,0,0,100.0,131.0,0.1475968480299191,0.5727973593520373,0.4443863608416932,0.7784928257580405,1.6871526677150641,1.1210120602874687,1.451091755725811,0.8887307204883189,1.547927046959375,1.319,1.271,0.012822678721560878,0.005435613175849818,916.060279502117
567,Nott'm Forest,17,16,2024-05-04T14:00:00Z,2.245,1.635,False,49.0,0,2,129.0,133.0,0.1214698040146852,0.8915890729533462,0.4559138650574427,0.7784928257580405,1.6871526677150641,1.1172985188291908,1.416091755725811,0.8949623248597595,1.5129270469593752,1.208,1.3119999999999998,0.008932600199277177,0.0035313054776675563,913.4163398474632
568,Nott'm Forest,17,16,2024-05-11T16:30:00Z,1.87,2.405,True,8.0,0,0,170.0,161.0,0.1614642151343815,0.6055090572738069,0.5389671695435392,0.8134928257580405,1.702322535717492,1.1172985188291908,1.416091755725811,0.9299623248597595,1.5381752538827291,1.227,1.237,0.006700848590570313,0.004653483254861384,921.0359155944268
569,Nott'm Forest,17,16,2024-05-19T15:00:00Z,1.73,1.105,False,90.0,0,2,138.0,133.0,0.1411431809003107,0.8090137234081581,0.4590441172668998,0.8134928257580405,1.702322535717492,1.1522985188291908,1.451091755725811,0.9649623248597595,1.573175253882729,1.327,1.25,0.011602412552656148,0.007385607502919138,913.7103718387975
570,Nott'm Forest,17,16,2024-08-17T14:00:00Z,1.2,1.11,True,91.0,0,1,173.0,128.0,0.1255832784378523,0.744284822324072,0.4191966874227527,0.8352264529271396,1.6938166191906239,1.1522985188291908,1.451091755725811,0.9770932200229143,1.5696657730918415,1.379,1.295,0.015157351736779965,0.006419335908465503,923.9145853273305
571,Nott'm Forest,17,16,2024-08-24T14:00:00Z,1.72,0.07,False,20.0,1,2,222.0,58.0,0.1364446962557972,0.629232895984123,0.3614787578742554,0.8352264529271396,1.6938166191906239,1.1302532828633038,1.4352833871915776,0.9665537404862955,1.5504567654175208,1.45,1.306,0.01915736529940993,0.00622470773394649,923.9376550200641
572,Nott'm Forest,17,16,2024-08-31T14:00:00Z,1.02,0.87,True,39.0,0,1,207.0,66.0,0.1732314387849962,0.6166659729187227,0.3793752013288076,0.857232497974184,1.658816619190624,1.1302532828633038,1.4352833871915776,0.9867979026108822,1.5154567654175208,1.5319999999999998,1.262,0.016602372308525043,0.0013138184601204448,933.344071056199
573,Nott'm Forest,17,16,2024-09-14T14:00:00Z,0.725,0.47,False,14.0,1,2,50.0,169.0,0.1416792081989534,0.6671811413209846,0.2811501450133097,0.857232497974184,1.658816619190624,1.0992487884184232,1.4232004148536292,0.9646723655395522,1.4986415312261652,1.6230000000000002,1.187,0.006529070203306071,-0.011143802467221865,933.2946541916979
574,Nott'm Forest,17,16,2024-09-22T13:00:00Z,1.765,1.47,False,36.0,0,1,78.0,126.0,0.1146393841547415,0.6278075543607659,0.3164501127881298,0.8525920808622437,1.623816619190624,1.0992487884184232,1.4232004148536292,0.9551749911158547,1.4636415312261652,1.52,1.17,-0.001884430572714971,-0.022735466825138512,961.6105062137781
575,Nott'm Forest,17,16,2024-09-28T14:00:00Z,0.405,1.165,True,54.0,0,0,97.0,105.0,0.1636244523883304,0.5440735344923399,0.4972918232557393,0.8875920808622437,1.6141909374569314,1.0992487884184232,1.4232004148536292,0.9901749911158547,1.462680679023783,1.39,1.176,0.0002613448652014151,-0.023205325917306143,961.6281582206457
576,Nott'm Forest,17,16,2024-10-06T13:00:00Z,0.92,1.635,False,8.0,0,1,168.0,246.0,0.1091639654536878,0.8594058756139289,0.3572389766129898,0.8875920808622437,1.6141909374569314,1.0642487884184233,1.4135554567244182,0.9551749911158547,1.4498507779613568,1.364,1.21,-0.001607424450313826,-0.019895948470343816,949.3355930803069
577,Nott'm Forest,17,16,2024-10-21T19:00:00Z,1.315,0.56,True,31.0,1,2,192.0,157.0,0.1472634629687014,0.5698349712718199,0.4690047514211305,0.8830805329546504,1.6107487429316,1.0642487884184233,1.4135554567244182,0.9447438920711603,1.4499543393661671,1.432,1.325,-0.005821776456277197,-0.013567006921530744,951.0529638983191
578,Nott'm Forest,17,16,2024-10-25T19:00:00Z,2.38,0.88,False,13.0,0,2,169.0,102.0,0.0849053064639794,0.7173156810330558,0.3978525373656588,0.8830805329546504,1.6107487429316,1.0739974753424286,1.3785554567244183,0.9634794127662909,1.4149543393661672,1.495,1.349,-0.002064516028582559,-0.013495069598354581,965.9244550223179
579,Nott'm Forest,17,16,2024-11-02T15:00:00Z,2.58,0.065,True,21.0,1,2,168.0,31.0,0.1145382489756566,0.4654271998780821,0.3714481399942126,0.9180805329546504,1.584372371744474,1.0739974753424286,1.3785554567244183,0.9984794127662909,1.389102898507702,1.494,1.29,0.003600122118822724,-0.014736246318867219,977.4796053919059
580,Nott'm Forest,17,16,2024-11-10T14:00:00Z,0.815,2.35,True,4.0,0,0,112.0,206.0,0.1157519714255107,0.5908878221273972,0.4111263311066098,0.9180805329546504,1.584372371744474,1.1089974753424285,1.3435554567244183,1.033479412766291,1.3541028985077022,1.524,1.188,0.010433454111389158,-0.021718072598324797,990.6963659176706
581,Nott'm Forest,17,16,2024-11-23T15:00:00Z,0.17,2.095,False,3.0,0,0,42.0,206.0,0.0927041272497617,0.7645788630257101,0.3427741957288457,0.9180805329546504,1.584372371744474,1.0792870269303647,1.3785554567244183,1.0163288256953285,1.389102898507702,1.463,1.266,0.017342163856650314,-0.01763271887720381,978.905091046086
582,Nott'm Forest,17,16,2024-11-30T15:00:00Z,1.34,0.295,True,40.0,1,2,150.0,82.0,0.1633626444420639,0.5084683060990868,0.3286538130829188,0.8940330624227166,1.578547125918868,1.0792870269303647,1.3785554567244183,0.99732003610048,1.4051502697052727,1.283,1.414,0.013040827398106043,-0.009616419167996217,971.4713381679959
583,Nott'm Forest,17,16,2024-12-04T19:30:00Z,0.52,2.705,False,43.0,0,0,85.0,214.0,0.2276587656387036,0.9368946712422188,0.3043799300113244,0.8940330624227166,1.578547125918868,1.0620273383401788,1.3435554567244183,0.9855638186010709,1.3701502697052728,1.226,1.43,0.0025655232030144227,-0.004025092420336015,983.1770400194505
584,Nott'm Forest,17,16,2024-12-07T17:30:00Z,1.92,1.8,False,1.0,0,2,104.0,171.0,0.2215123732745473,0.9086958554106148,0.3945177233421412,0.8763202125709187,1.5997385063439615,1.0620273383401788,1.3435554567244183,0.9636655416962482,1.4026235035084398,1.261,1.475,-0.00962356935544921,0.003765500279827741,974.9818636446149
585,Nott'm Forest,17,16,2024-12-14T17:30:00Z,1.89,0.71,True,7.0,0,2,214.0,112.0,0.1870598345660497,0.4110309047437341,0.2733974101756035,0.9113202125709188,1.61707138658962,1.0620273383401788,1.3435554567244183,0.9986655416962482,1.4349982813481756,1.287,1.52,-0.009823297852767534,0.011715392262988018,990.0334199031045
586,Nott'm Forest,17,16,2024-12-21T15:00:00Z,1.445,0.36,False,94.0,1,2,120.0,131.0,0.2233985125468701,0.7934301097638116,0.3290693403772209,0.9113202125709188,1.61707138658962,1.0970273383401787,1.3085554567244184,1.0336655416962481,1.3999982813481757,1.404,1.527,0.0019663377110594356,0.0050426909409784035,1007.3411039098728
587,Nott'm Forest,17,16,2024-12-26T15:00:00Z,1.06,0.45,True,6.0,1,2,99.0,137.0,0.1521576491069275,0.4885795925784599,0.2393090968032472,0.9313150740910318,1.58207138658962,1.0970273383401787,1.3085554567244184,1.0468239166385112,1.3649982813481758,1.356,1.412,0.012194987770733924,-0.002252603686201133,1017.4239176522229
588,Nott'm Forest,17,16,2024-12-29T15:00:00Z,1.78,0.445,False,11.0,1,2,126.0,109.0,0.2026432875364545,0.6815567520385201,0.3581650425156163,0.9313150740910318,1.58207138658962,1.0771205403058384,1.2735554567244185,1.0339659046729242,1.3299982813481759,1.263,1.392,0.01504244443388729,-0.009961017379036465,1029.079785999032
589,Nott'm Forest,17,16,2025-01-06T20:00:00Z,2.6,0.785,False,39.0,1,2,110.0,197.0,0.1976114458616868,0.6123219182521823,0.5074616997343683,0.9663150740910318,1.5470713865896202,1.0771205403058384,1.2735554567244185,1.068965904672924,1.2953696229807272,1.22,1.399,0.01844460796444772,-0.025321982932530344,1036.8927641673454
590,Nott'm Forest,17,16,2025-01-14T20:00:00Z,0.655,1.495,True,14.0,0,1,77.0,231.0,0.1316781715276103,0.784450794227691,0.2105737419580811,1.0013150740910317,1.517324919976622,1.0771205403058384,1.2735554567244185,1.103965904672924,1.2751055939580083,1.162,1.565,0.017701282624223418,-0.03280998320151949,1043.0131310806025
591,Nott'm Forest,17,16,2025-01-19T14:00:00Z,2.52,1.445,True,20.0,0,2,125.0,129.0,0.2090830222992524,0.6545728399548708,0.2126684659673964,1.0013150740910317,1.517324919976622,1.0481137505075055,1.2393557611863306,1.0873167735006468,1.2401055939580083,1.127,1.59,0.013562346375006624,-0.031536290213965375,1043.7613791970184
592,Nott'm Forest,17,16,2025-01-25T15:00:00Z,0.49,3.345,False,91.0,0,0,143.0,219.0,0.1536977912257564,0.8562503808628084,0.3946924331267309,1.0013150740910317,1.517324919976622,1.0831137505075055,1.2675273288882005,1.1223167735006467,1.268240419854066,1.21,1.513,0.016357625451252737,-0.022106611390393445,1046.073134109468
593,Nott'm Forest,17,16,2025-02-01T12:30:00Z,4.705,0.44,True,36.0,1,2,242.0,131.0,0.171509017343863,0.6535566532982329,0.2076310290857528,0.9663150740910317,1.552324919976622,1.0831137505075055,1.2675273288882005,1.0873167735006468,1.303240419854066,1.203,1.65,0.011718794841414403,-0.007147911910015241,1030.305732988155
594,Nott'm Forest,17,16,2025-02-15T15:00:00Z,0.71,2.09,False,54.0,0,0,77.0,370.0,0.1617649487311439,0.9615280740044064,0.4580941146541241,0.9663150740910317,1.552324919976622,1.1181137505075054,1.2325273288882006,1.1223167735006467,1.268240419854066,1.36,1.567,0.007194484303479478,-0.00066019177283073,1041.1568238622258
595,Nott'm Forest,17,16,2025-02-23T14:00:00Z,2.595,3.525,False,4.0,0,0,166.0,202.0,0.1413727379020008,1.190077390892316,0.5807398669532076,0.9346025909380183,1.587324919976622,1.1181137505075054,1.2325273288882006,1.090696180203525,1.303240419854066,1.3330000000000002,1.766,0.0001043250758001538,0.007430817347670317,1024.7912907040331
596,Nott'm Forest,17,16,2025-02-26T19:30:00Z,0.205,0.495,True,3.0,1,1,64.0,130.0,0.2445070134896712,0.6172107303430701,0.1614908004000299,0.9696025909380184,1.6223249199766219,1.1181137505075054,1.2325273288882006,1.125696180203525,1.3382404198540658,1.285,1.856,0.003772435817800744,0.016019260842293923,1007.0914816648653
597,Nott'm Forest,17,16,2025-03-08T12:30:00Z,0.86,0.43,True,43.0,1,2,104.0,89.0,0.1990610104919665,0.6289416791557212,0.1589372892000233,0.9696025909380184,1.6223249199766219,1.0977952368349255,1.1975273288882007,1.1065581171543406,1.303240419854066,1.229,1.855,0.00013498128799949478,0.00899999999999998,1008.0097224533719
598,Nott'm Forest,17,16,2025-03-15T15:00:00Z,2.76,1.21,False,40.0,0,2,127.0,67.0,0.116623240590445,0.9745046373606904,0.4939087854080503,0.9696025909380184,1.6223249199766219,1.0927214344334006,1.1625273288882008,1.1026419300557335,1.268240419854066,1.234,1.807,0.0018385661067575726,-0.0009999999999999976,1028.4824980726678
599,Nott'm Forest,17,16,2025-04-01T19:00:00Z,0.74,0.815,True,1.0,1,2,76.0,216.0,0.3837141192715295,0.6180657504544498,0.1302845582666848,1.0046025909380183,1.6146498607038928,1.0927214344334006,1.1625273288882008,1.1376419300557334,1.2774138157789559,1.235,1.765,0.002666427693796411,-0.002689514867872868,1032.7106514019836
600,Nott'm Forest,17,16,2025-04-05T16:30:00Z,1.23,2.515,False,7.0,0,0,109.0,207.0,0.1418180760147906,1.380170273502759,0.3841512775395947,1.0046025909380183,1.6146498607038928,1.0577214344334007,1.1398471219090782,1.1026419300557335,1.2426270504253887,1.2009999999999998,1.784,0.0026185660491160083,-0.01487276169624903,1040.8960844282024
601,Nott'm Forest,17,16,2025-04-12T14:00:00Z,0.26,1.1800000000000002,True,11.0,0,0,99.0,148.0,0.3051109816556341,0.6718289170201276,0.2035546564296437,1.0149768800980516,1.6496498607038927,1.0577214344334007,1.1398471219090782,1.1046468808845216,1.2776270504253886,1.233,1.76,-0.002342715939738246,-0.013592387414415086,1024.24882446772
602,Nott'm Forest,17,16,2025-04-21T19:00:00Z,1.24,1.57,False,6.0,0,2,38.0,186.0,0.1614140591226149,1.173465768279924,0.6232287714196847,1.0149768800980516,1.6496498607038927,1.0227214344334008,1.1587195962729924,1.0696468808845216,1.287895627851812,1.207,1.779,-0.006101180824649445,-0.0023814523900248107,1005.9074365426233
603,Nott'm Forest,17,16,2025-05-01T18:30:00Z,0.49,1.825,True,94.0,0,0,157.0,112.0,0.3284196523988265,0.6892002687934325,0.2672091772230562,1.0158493397889103,1.6349955490454988,1.0227214344334008,1.1587195962729924,1.0690545262965547,1.28833012825981,1.102,1.746,-0.010569063299449752,0.004768399378493975,1014.7186553072314
604,Nott'm Forest,17,16,2025-05-05T19:00:00Z,0.855,1.78,False,31.0,0,1,100.0,177.0,0.2522109348731449,1.3015844864399408,0.5380668222153103,1.0158493397889103,1.6349955490454988,0.9877214344334008,1.1937195962729923,1.0340545262965548,1.3194937394952622,1.017,1.727,-0.018677120859240844,0.010222212271749123,996.6396042736072
605,Nott'm Forest,17,16,2025-05-11T13:15:00Z,1.67,1.535,True,13.0,0,1,134.0,160.0,0.3887708407546428,0.6471557646171142,0.2100515822845993,1.0038027760571229,1.6621600799479446,0.9877214344334008,1.1937195962729923,1.0212703505122873,1.354493739495262,1.04,1.534,-0.017692209030545664,0.01958194322762816,996.6411034501939
606,Nott'm Forest,17,16,2025-05-18T13:15:00Z,1.985,1.065,False,21.0,0,2,155.0,171.0,0.2783862826791127,1.1767879338977318,0.4207186395007969,1.0038027760571229,1.6621600799479446,0.9981760983032482,1.2246195766343844,1.0280739903112417,1.389493739495262,1.008,1.492,-0.016085544113802922,0.022579754043290542,993.9723768077315
607,Nott'm Forest,17,16,2025-05-25T15:00:00Z,0.68,1.035,True,8.0,0,0,103.0,79.0,0.4312662094758333,0.6122322613688667,0.1633734528880217,1.0388027760571228,1.638796510872156,0.9981760983032482,1.2246195766343844,1.0630739903112416,1.3767624085668841,1.099,1.533,-0.004816863903045907,0.02236642106519188,1004.1599721233003
608,Crystal Palace,31,7,2022-08-05T19:00:00Z,0.0,2.0,True,3.0,0,0,180.0,171.0,0.0,1.0,0.0,1.229562134502924,1.367396888053467,1.229562134502924,1.367396888053467,1.229562134502924,1.367396888053467,1.5,1.5,,,1000.0
609,Crystal Palace,31,7,2022-08-15T19:00:00Z,1.0,1.0,False,14.0,0,1,74.0,300.0,0.0,1.0,0.0,1.229562134502924,1.367396888053467,1.194562134502924,1.3323968880534671,1.194562134502924,1.3323968880534671,1.8,1.71,-0.03499999999999992,-0.03499999999999992,967.9231717886738
610,Crystal Palace,31,7,2022-08-20T14:00:00Z,3.0,1.0,True,7.0,0,2,200.0,110.0,0.0,0.7777777777777778,0.2222222222222222,1.2164217690058479,1.3323968880534671,1.194562134502924,1.3323968880534671,1.181421769005848,1.2973968880534672,1.27,2.355,-0.024070182748538,-0.03499999999999992,968.2347747525369
611,Crystal Palace,31,7,2022-08-27T14:00:00Z,1.0,4.0,False,43.0,0,0,28.0,249.0,0.0,1.0,0.6666666666666666,1.2164217690058479,1.3323968880534671,1.229562134502924,1.3050262742620442,1.2164217690058479,1.2700262742620443,1.5133333333333334,1.9366666666666663,-0.005256146198830436,-0.03271118413742682,1007.6343155214934
612,Crystal Palace,31,7,2022-08-30T18:30:00Z,1.0,1.0,True,94.0,0,1,133.0,123.0,0.0,0.8271604938271605,0.1728395061728395,1.2138120280847953,1.367396888053467,1.229562134502924,1.3050262742620442,1.2138120280847953,1.3050262742620442,1.205,2.075,-0.0009640578333333539,-0.01871118413742685,987.254983209792
613,Crystal Palace,31,7,2022-09-03T14:00:00Z,0.0,0.0,False,4.0,1,1,223.0,412.0,0.0,0.7777777777777778,0.5185185185185185,1.2138120280847953,1.367396888053467,1.2021921730019494,1.2729773056964557,1.1888061533295664,1.2729773056964557,1.23,1.906,-0.0031722921463192603,-0.01661658191287852,987.2543731748701
614,Crystal Palace,31,7,2022-10-01T14:00:00Z,1.0,2.0,True,8.0,0,0,71.0,160.0,0.0,0.8655692729766804,0.3566529492455418,1.1788120280847953,1.3323968880534671,1.2021921730019494,1.2729773056964557,1.1538061533295665,1.2379773056964558,1.3966666666666665,2.275,-0.005263899823333856,-0.014581618824459745,987.3444969414522
615,Crystal Palace,31,7,2022-10-09T13:00:00Z,2.0,1.0,True,2.0,0,2,158.0,152.0,0.2222222222222222,0.6732205456485292,0.277396738302088,1.1788120280847953,1.3323968880534671,1.1808628792080897,1.3079773056964556,1.1343388097073581,1.2729773056964557,1.2985714285714287,2.178571428571429,-0.012807643379329204,-0.0071512510299260364,969.9703481695428
616,Crystal Palace,31,7,2022-10-15T11:30:00Z,0.0,0.0,False,13.0,1,1,46.0,207.0,0.0,0.6049382716049383,0.4032921810699588,1.1788120280847953,1.3323968880534671,1.2158628792080897,1.2888683184455445,1.169338809707358,1.2568527147399184,1.33375,2.09625,-0.01453812718927887,-0.0056289915230684166,986.9057461136624
617,Crystal Palace,31,7,2022-10-18T19:15:00Z,2.0,1.0,True,39.0,0,2,187.0,116.0,0.1728395061728395,0.7458382021710782,0.2157530186794018,1.1438120280847954,1.2973968880534672,1.2158628792080897,1.2888683184455445,1.1343388097073581,1.2218527147399185,1.2366666666666668,2.0933333333333333,-0.013578156182171976,-0.01226404487086401,986.0032356030159
618,Crystal Palace,31,7,2022-10-22T14:00:00Z,0.0,3.0,False,11.0,0,0,124.0,141.0,0.0,0.9149519890260632,0.535893918609968,1.1438120280847954,1.2973968880534672,1.2508628792080896,1.2825725730492195,1.169338809707358,1.222184531361949,1.3,2.0,-0.0034496785422190573,-0.009098921014248073,997.9411823152387
619,Crystal Palace,31,7,2022-10-29T14:00:00Z,1.0,0.0,True,20.0,1,2,145.0,174.0,0.1344307270233196,0.5800963794663941,0.1678079034173125,1.1088120280847955,1.3323968880534671,1.2508628792080896,1.2825725730492195,1.1343388097073581,1.257184531361949,1.244,1.97,-0.000781049088886914,-0.0026097769907444056,977.7036470202191
620,Crystal Palace,31,7,2022-11-06T14:00:00Z,2.0,1.0,False,21.0,0,2,202.0,43.0,0.0,0.9338515470202712,0.4168063811410862,1.1088120280847955,1.3323968880534671,1.2158628792080897,1.2475725730492195,1.0993388097073582,1.222184531361949,1.315,1.844,-0.006999999999999984,-0.00721818871955461,989.2279280185313
621,Crystal Palace,31,7,2022-11-12T15:00:00Z,0.60765,1.0427499999999998,False,17.0,0,0,78.0,87.0,0.0225111111111111,0.9080623143491,0.3631160742208448,1.1438120280847954,1.313266593867356,1.2158628792080897,1.2475725730492195,1.1343388097073581,1.214182908481464,1.317,1.777,-0.00899999999999998,-0.005067245183605173,1000.4705685743618
622,Crystal Palace,31,7,2022-12-26T15:00:00Z,0.19885,3.7528,True,54.0,0,0,34.0,385.0,0.1402683432403597,0.8223860729183066,0.3026950359912431,1.1088120280847955,1.3018436710429753,1.2158628792080897,1.2475725730492195,1.0993388097073582,1.2127757053334942,1.367,1.615,-0.00899999999999998,-0.0029825690192450513,979.4599280150504
623,Crystal Palace,31,7,2022-12-31T15:00:00Z,1.76855,0.27905,False,91.0,1,2,201.0,86.0,0.0175086419753086,0.727692911160411,0.3922013910606571,1.1088120280847955,1.3018436710429753,1.1808628792080897,1.2825725730492195,1.0643388097073583,1.2477757053334941,1.268,1.877,-0.01699999999999996,-0.00037920660308925496,965.7427648654011
624,Crystal Palace,31,7,2023-01-04T20:00:00Z,0.3964,2.69255,True,6.0,0,0,199.0,188.0,0.1674753780758353,0.7979002789364606,0.326585027993189,1.1401309605348813,1.2668436710429754,1.1808628792080897,1.2825725730492195,1.090735913733398,1.2127757053334942,1.246,1.551,-0.010228985139137142,-0.004190794610731663,977.015837765824
625,Crystal Palace,31,7,2023-01-15T14:00:00Z,0.3073,1.32025,False,8.0,0,0,135.0,169.0,0.0136178326474622,0.6214278197914308,0.6141566374916222,1.1401309605348813,1.2668436710429754,1.1458628792080898,1.3175725730492194,1.0557359137333981,1.2477757053334941,1.374,1.579,-0.010966376222619438,0.004535264583251892,964.7857707718874
626,Crystal Palace,31,7,2023-01-18T20:00:00Z,0.7735000000000001,1.5523,True,1.0,0,1,103.0,125.0,0.139325294058983,1.0548113280616915,0.2783883551058137,1.1051309605348814,1.258266930815083,1.1458628792080898,1.3175725730492194,1.0207359137333982,1.2452329523047863,1.351,1.596,-0.019212173250446853,0.006435720546188899,951.5646068493974
627,Crystal Palace,31,7,2023-01-21T17:30:00Z,0.148,0.70395,True,4.0,1,1,57.0,225.0,0.2054085620458756,0.941897699603538,0.3108353873045217,1.1051309605348814,1.258266930815083,1.11086287920809,1.332873839895447,0.9981684901868437,1.2591756238180967,1.408,1.514,-0.019190293872127215,0.007410609523911101,953.6504915875983
628,Crystal Palace,31,7,2023-02-04T15:00:00Z,1.185,2.02,False,1.0,0,0,116.0,159.0,0.0461472031702484,0.8833327487266684,0.5021218291601506,1.1051309605348814,1.258266930815083,1.07586287920809,1.297873839895447,0.9691689834075379,1.2241756238180967,1.278,1.6230000000000002,-0.022530040061107568,0.0005330455670889301,955.843919785738
629,Crystal Palace,31,7,2023-02-11T15:00:00Z,0.945,1.68,True,36.0,0,1,73.0,190.0,0.2308733260356811,1.1303648774694184,0.2950941901257391,1.1061404714873107,1.2932669308150828,1.07586287920809,1.297873839895447,0.9767762622465179,1.2591756238180967,1.27,1.641,-0.024344756341672456,0.005004057696860872,949.2718235062241
630,Crystal Palace,31,7,2023-02-18T15:00:00Z,1.05,0.915,False,94.0,0,1,126.0,126.0,0.0425589357990821,0.833703249009631,0.421650311569006,1.1061404714873107,1.2932669308150828,1.051911909116389,1.3123315113640954,0.9604040263890378,1.2756221593143366,1.198,1.6569999999999998,-0.018215368513192817,0.004173150984118397,950.2082713964245
631,Crystal Palace,31,7,2023-02-25T19:45:00Z,0.3,0.45,True,14.0,1,1,34.0,98.0,0.2262348091388631,0.9591726824762142,0.3050732589866859,1.0943343426747918,1.258266930815083,1.051911909116389,1.3123315113640954,0.9558806436938886,1.2406221593143367,1.122,1.74,-0.012284641792913886,0.0017510183296134915,951.1734614851201
632,Crystal Palace,31,7,2023-03-04T15:00:00Z,0.09,1.235,False,7.0,0,0,16.0,83.0,0.0508791722881749,0.7462136381186019,0.4790613534425603,1.0943343426747918,1.258266930815083,1.0169119091163892,1.2773315113640955,0.9208806436938886,1.2056221593143368,1.078,1.751,-0.012647899641805824,-0.005770890872395411,951.4157548890065
633,Crystal Palace,31,7,2023-03-11T17:30:00Z,0.085,1.57,True,43.0,0,0,29.0,135.0,0.2159604071080046,0.8415787530370554,0.5795014236563113,1.0593343426747919,1.223266930815083,1.0169119091163892,1.2773315113640955,0.8858806436938885,1.1706221593143369,1.06,1.449,-0.016818626769179543,-0.013240791886573679,939.2212612990239
634,Crystal Palace,31,7,2023-03-15T19:30:00Z,0.605,0.8,False,36.0,0,0,91.0,122.0,0.0595726895574694,0.6737217185366904,0.3948254971219913,1.0593343426747919,1.223266930815083,0.9879630165340869,1.248253683113193,0.8630571268192999,1.135622159314337,0.888,1.4980000000000002,-0.023633309292043936,-0.027650494929108507,935.0119964782042
635,Crystal Palace,31,7,2023-03-19T14:00:00Z,0.8,2.735,False,3.0,0,0,120.0,180.0,0.0596676474335873,0.7906724477507593,0.3515309422059933,1.024334342674792,1.188266930815083,0.9879630165340869,1.248253683113193,0.8286630889567842,1.100622159314337,0.78,1.432,-0.02777643536528668,-0.03499999999999992,925.7639096621567
636,Crystal Palace,31,7,2023-04-01T14:00:00Z,1.635,0.61,True,13.0,0,1,253.0,51.0,0.1924136499728924,0.6790056968065987,0.4507233295104643,1.012059715446503,1.223266930815083,0.9879630165340869,1.248253683113193,0.82670288744692,1.135622159314337,0.765,1.443,-0.027010427494878416,-0.024999999999999942,922.4479094597505
637,Crystal Palace,31,7,2023-04-09T13:00:00Z,4.015000000000001,0.945,False,2.0,0,2,201.0,158.0,0.0775192813372346,0.7660785704728128,0.2889685106046614,1.012059715446503,1.223266930815083,1.0002593208945942,1.213253683113193,0.8486655593124116,1.100622159314337,0.915,1.369,-0.01637150652888017,-0.018999999999999958,922.4499864648103
638,Crystal Palace,31,7,2023-04-15T14:00:00Z,1.4,0.39,False,20.0,1,2,79.0,101.0,0.0669594410400713,0.7358388881455211,0.2514199526925144,1.047059715446503,1.204951969051732,1.0002593208945942,1.213253683113193,0.8836655593124116,1.0880823144409792,1.0590000000000002,1.3019999999999998,-0.0016060093125118153,-0.013791406410479656,937.2535166098829
639,Crystal Palace,31,7,2023-04-22T14:00:00Z,0.245,0.21,True,11.0,1,1,82.0,85.0,0.1496550610900275,0.5770044308495768,0.3927848118414723,1.0394248619336026,1.1699519690517322,1.0002593208945942,1.213253683113193,0.8885195208395503,1.063999433435545,1.022,1.244,0.008979487229532172,-0.012306661828972386,947.9384935429425
640,Crystal Palace,31,7,2023-04-25T18:30:00Z,0.375,1.6800000000000002,False,39.0,0,0,142.0,88.0,0.0987462319200555,0.790096913002072,0.2311044076497334,1.0394248619336026,1.1699519690517322,0.9652593208945942,1.1782536831131931,0.8535195208395503,1.0362131841552242,1.031,1.139,0.009849487416906328,-0.01569865423729423,947.8419095883115
641,Crystal Palace,31,7,2023-04-29T11:30:00Z,3.0700000000000003,2.43,True,21.0,0,2,184.0,127.0,0.2763983808477991,0.5376701128830041,0.4721659647655896,1.0044248619336027,1.1820225903105213,0.9652593208945942,1.1782536831131931,0.8185195208395503,1.060534287724713,1.047,1.101,-0.0006143139122369698,-0.016935690412311213,931.9732780729203
642,Crystal Palace,31,7,2023-05-06T14:00:00Z,0.185,0.94,False,6.0,0,0,86.0,85.0,0.1479137359378209,0.716742043446056,0.2041923170609038,1.0044248619336027,1.1820225903105213,1.0002593208945942,1.213253683113193,0.8535195208395503,1.095534287724713,1.197,1.13,-0.005890523079511164,-0.0038819910679211375,947.7165942529218
643,Crystal Palace,31,7,2023-05-13T14:00:00Z,1.77,0.165,True,91.0,1,2,168.0,49.0,0.214976518437177,0.4626323100201143,0.3961290837065697,0.9694248619336027,1.1470225903105213,1.0002593208945942,1.213253683113193,0.8185195208395503,1.0613821454593182,1.267,1.132,-0.013306576924694486,-0.00041643367060892567,936.8925042860816
644,Crystal Palace,31,7,2023-05-20T14:00:00Z,1.81,1.915,False,54.0,0,1,144.0,118.0,0.1350440168405274,0.6374660337913768,0.4654829132695918,0.9694248619336027,1.1470225903105213,1.0248286733826129,1.1782536831131931,0.8508754550207533,1.0263821454593183,1.406,1.046,-0.00737772368839957,-0.0022165587419671847,953.5702752365012
645,Crystal Palace,31,7,2023-05-28T15:30:00Z,1.305,0.73,True,17.0,0,1,0.0,0.0,0.2027595143400266,0.3798251300156445,0.3592115095495542,1.0044248619336027,1.1820225903105213,1.0248286733826129,1.1782536831131931,0.8858754550207534,1.0613821454593182,1.459,1.042,0.006395642098560704,-0.0003075360726031207,953.6467267713285
646,Crystal Palace,31,8,2023-08-12T14:00:00Z,1.5,0.245,False,49.0,1,2,240.0,0.0,0.1250342353204102,0.5313624707266263,0.4153755992096825,1.0044248619336027,1.1820225903105213,1.0183190803804556,1.1596498206359318,0.8850523919170395,1.0462276989763712,1.339,0.862,0.013202516917493107,-0.005971124872511232,953.6451893583753
647,Crystal Palace,31,8,2023-08-21T19:00:00Z,0.5349999999999999,1.5,True,3.0,0,0,126.0,123.0,0.1577018444866873,0.5598639900121679,0.4593867296496532,1.0123531018128913,1.1470225903105213,1.0183190803804556,1.1596498206359318,0.8988298828271397,1.0122855373405641,1.3259999999999998,0.8109999999999999,0.013175726376297572,-0.012191631181988141,972.8880793565934
648,Crystal Palace,31,8,2023-08-26T14:00:00Z,0.905,0.985,False,94.0,0,1,138.0,100.0,0.1594710719158746,0.5066152550095983,0.3830699104964197,1.0123531018128913,1.1470225903105213,0.9941607372406395,1.1492599245125796,0.8720270661148728,0.9911344891782695,1.251,0.7759999999999999,0.011730798476915941,-0.011676644349841506,965.9354969522401
649,Crystal Palace,31,8,2023-09-03T13:00:00Z,2.585,1.67,True,39.0,0,2,249.0,108.0,0.169323656822979,0.4976719922316862,0.546189678616397,0.996709372039008,1.1165961351185976,0.9941607372406395,1.1492599245125796,0.8653797923715607,0.9663782006036088,1.31,0.775,0.0012786860270427207,-0.0155629958502143,966.9183025295237
650,Crystal Palace,31,8,2023-09-16T14:00:00Z,1.085,3.105,False,7.0,0,0,88.0,202.0,0.2818108337123469,0.7895896427852431,0.4557210414972154,0.996709372039008,1.1165961351185976,1.0291607372406395,1.1842599245125796,0.9003797923715607,1.0013782006036087,1.477,0.7979999999999999,-0.0003799693884190468,-0.01602055050168941,980.1956945347915
651,Crystal Palace,31,8,2023-09-23T14:00:00Z,0.15,0.295,True,54.0,1,1,68.0,105.0,0.1383628441956503,0.4870782161802003,0.4514808611460865,0.9969358560888424,1.1515961351185975,1.0291607372406395,1.1842599245125796,0.9035172751327275,1.0363782006036086,1.423,0.912,0.002580767741954022,-0.0030493083042668592,969.6554625901267
652,Crystal Palace,31,8,2023-09-30T14:00:00Z,0.905,0.845,False,1.0,1,2,56.0,171.0,0.2502973151096032,0.8341252777218557,0.4788941433867231,0.9969358560888424,1.1515961351185975,0.9941607372406395,1.1492599245125796,0.8685172751327275,1.0013782006036087,1.307,0.89,-0.0006312117548142014,0.0033198414454640034,969.6665448417456
653,Crystal Palace,31,8,2023-10-07T16:30:00Z,0.3999999999999999,0.59,True,17.0,1,1,76.0,138.0,0.289837767707728,0.4588386125846002,0.3511517808914006,0.9857880745778453,1.1165961351185976,0.9941607372406395,1.1492599245125796,0.861471921595472,0.975155798405297,1.277,0.976,-0.0011493083300667642,0.0017173298895753427,991.6081140023946
654,Crystal Palace,31,8,2023-10-21T14:00:00Z,0.61,3.1950000000000003,False,4.0,0,0,89.0,189.0,0.1946756895296913,1.0176529937836656,0.5369176670785624,0.9857880745778453,1.1165961351185976,0.9591607372406394,1.1211535244379385,0.826471921595472,0.9539086663110037,1.185,1.065,-0.009893227605963133,-0.005028996515941734,991.5012892973733
655,Crystal Palace,31,8,2023-10-27T19:00:00Z,0.8300000000000001,1.56,True,6.0,0,0,96.0,70.0,0.2365404859948996,0.5902078097880223,0.2731180518044227,0.9641158312218072,1.1515961351185975,0.9591607372406394,1.1211535244379385,0.8111845703731474,0.9889086663110037,1.13,1.136,-0.019547357832602533,-0.009599390758261474,982.6686093229332
656,Crystal Palace,31,8,2023-11-04T15:00:00Z,1.66,0.56,False,90.0,1,2,75.0,180.0,0.1847477585230932,0.8892856618317398,0.537602629949993,0.9641158312218072,1.1515961351185975,0.9271826414078422,1.0937300336114606,0.7905942963620796,0.9637754177987587,1.226,1.206,-0.022046085946627998,-0.01204770425703879,972.658298371339
657,Crystal Palace,31,8,2023-11-11T15:00:00Z,2.125,2.3,True,11.0,0,0,195.0,124.0,0.3061981557738108,0.6746060742795729,0.2368695958478843,0.9880700899871115,1.1208399399348952,0.9271826414078422,1.0937300336114606,0.8232201750668824,0.9426472428664067,1.061,1.386,-0.012983020778620786,-0.008365598014446427,980.9547407178072
658,Crystal Palace,31,8,2023-11-25T15:00:00Z,1.34,1.415,False,102.0,0,0,203.0,94.0,0.1970260344068503,0.6983332925357977,0.542579823294439,0.9880700899871115,1.1208399399348952,0.9621826414078423,1.1287300336114605,0.8582201750668824,0.9776472428664067,1.13,1.3869999999999998,-0.001331549892565279,-0.0013274370440139272,962.4441280864088
659,Crystal Palace,31,8,2023-12-03T14:00:00Z,0.94,1.13,False,21.0,0,1,82.0,93.0,0.2732424712053281,0.7031481164167315,0.4220065292290081,0.9745817254636945,1.142172098395881,0.9621826414078423,1.1287300336114605,0.8453501630067441,1.006452296868344,1.195,1.381,0.007660682852639104,0.005937305929158817,939.3077382146251
660,Crystal Palace,31,8,2023-12-06T19:30:00Z,0.365,1.87,True,91.0,0,0,109.0,159.0,0.3737096767129639,0.6069158355507789,0.3531207967705767,0.9517310344663793,1.1354920798744188,0.9621826414078423,1.1287300336114605,0.8264150266694222,1.011336271951633,1.028,1.366,0.007869139469010515,0.007861961868911495,939.3498347127285
661,Crystal Palace,31,8,2023-12-09T12:30:00Z,1.37,1.73,True,14.0,0,0,103.0,108.0,0.3284408596656386,0.6031567609839391,0.3813161752660041,0.9517310344663793,1.1354920798744188,0.9271826414078422,1.1637300336114604,0.7914150266694222,1.046336271951633,1.0490000000000002,1.3230000000000002,2.337697954841416e-05,0.018505040343485348,925.1040768928291
662,Crystal Palace,31,8,2023-12-16T15:00:00Z,1.91,1.805,False,43.0,0,1,73.0,201.0,0.3814108109374774,0.71133742387968,0.3526717449558952,0.9517310344663793,1.1354920798744188,0.9504223947601782,1.1558552570147247,0.8262571428106386,1.0304855509966806,1.084,1.3259999999999998,-0.005833306937454906,0.018575502942581066,920.7975430327634
663,Crystal Palace,31,8,2023-12-21T20:00:00Z,1.18,1.0699999999999998,True,36.0,0,1,142.0,161.0,0.3110095575177189,0.6091219252097304,0.3565792474291143,0.9867310344663793,1.1146734960576397,0.9504223947601782,1.1558552570147247,0.8612571428106386,1.017771299554162,1.101,1.356,-0.002202692053415313,0.00879200130925102,923.5341269676488
664,Crystal Palace,31,8,2023-12-27T19:30:00Z,1.04,2.37,False,8.0,0,0,147.0,98.0,0.2966528529513713,0.98659577412864,0.4498558016323629,0.9867310344663793,1.1146734960576397,0.9455388196958758,1.1318221553198593,0.8683180823627938,0.9933916921320379,1.167,1.379,0.007263087467003253,-0.001767104623682747,924.2212742307437
665,Crystal Palace,31,8,2023-12-30T15:00:00Z,2.045,1.2,True,94.0,0,2,168.0,97.0,0.248562989180448,0.6315392751631237,0.4240060813337556,0.9857395692644966,1.1496734960576396,0.9455388196958758,1.1318221553198593,0.869872283064789,1.028391692132038,1.225,1.288,0.013799869973055682,-0.0024648825714079685,912.0558371778485
666,Crystal Palace,31,8,2024-01-20T12:30:00Z,0.17,4.155,False,3.0,0,0,67.0,215.0,0.4729522189621777,1.236241157655609,0.3765545123807267,0.9857395692644966,1.1496734960576396,0.9805388196958759,1.1259666777924506,0.9048722830647891,1.0227358822583867,1.297,1.315,0.020148361208326884,-0.004247518070922366,929.7834198298763
667,Crystal Palace,31,8,2024-01-30T20:00:00Z,2.065,1.39,True,49.0,0,2,127.0,108.0,0.2533267693625707,0.5489749917935407,0.3875602854818099,0.9551222795202198,1.1846734960576395,0.9805388196958759,1.1259666777924506,0.8817004141468711,1.0577358822583867,1.289,1.35,0.011703313661303118,0.005318440126320139,923.3657277715741
668,Crystal Palace,31,8,2024-02-03T15:00:00Z,0.66,2.765,False,36.0,0,0,74.0,157.0,0.4545183925261382,1.0681875670654737,0.4439868429627874,0.9551222795202198,1.1846734960576395,1.015538819695876,1.1558443105806206,0.9167004141468711,1.089804790248396,1.221,1.334,0.010067524343811262,0.015644120399330448,932.3490390825237
669,Crystal Palace,31,8,2024-02-12T20:00:00Z,0.77,2.105,True,8.0,0,0,90.0,145.0,0.2370319317264438,0.6247583269505317,0.3281024442636299,0.9276888249692441,1.2196734960576394,1.015538819695876,1.1558443105806206,0.8850656913835291,1.124804790248396,1.092,1.3969999999999998,0.005744301983771554,0.025037279569453265,921.7113294793274
670,Crystal Palace,31,8,2024-02-19T20:00:00Z,0.81,1.33,False,11.0,0,1,94.0,169.0,0.4601809719647741,1.048590329939813,0.3986564334155014,0.9276888249692441,1.2196734960576394,0.9841711519214622,1.1908443105806206,0.8646293287452287,1.159804790248396,1.1,1.449,-0.0014467013326166177,0.028438317786909337,909.8762909454307
671,Crystal Palace,31,8,2024-02-24T15:00:00Z,2.7,0.05,True,90.0,1,2,220.0,19.0,0.1843581691205674,0.497034254294858,0.2663019010939344,0.9096489575840718,1.2379143555226098,0.9841711519214622,1.1908443105806206,0.8461968507675506,1.1830197194892498,1.085,1.459,-0.01074928972727033,0.03264645457498122,910.2266626615273
672,Crystal Palace,31,8,2024-03-02T15:00:00Z,0.645,2.435,False,6.0,0,0,29.0,176.0,0.4179185337503799,0.9777924788420768,0.5011772259898344,0.9096489575840718,1.2379143555226098,1.0191711519214621,1.1558443105806206,0.8811968507675506,1.1502415294130448,1.202,1.37,-0.006698996276367548,0.02220494352845291,921.3574833575605
673,Crystal Palace,31,8,2024-03-09T15:00:00Z,1.82,0.915,True,102.0,0,1,182.0,86.0,0.1589452426493302,0.4065821977848896,0.3515681452952823,0.8746489575840718,1.2729143555226097,1.0191711519214621,1.1558443105806206,0.8461968507675506,1.1852415294130447,1.158,1.345,-0.010930194763491887,0.016477395501658394,913.4925109604691
674,Crystal Palace,31,8,2024-03-30T15:00:00Z,1.1,0.96,False,17.0,0,1,102.0,140.0,0.338381081805851,0.798283039099393,0.5431378424365378,0.8746489575840718,1.2729143555226097,1.0292452819438063,1.1421726997531627,0.8624374898217582,1.1668774634940309,1.198,1.27,-0.0038125269069111114,0.007254154104169031,913.3015546259516
675,Crystal Palace,31,8,2024-04-02T18:45:00Z,0.06,1.11,False,91.0,0,0,56.0,124.0,0.2965186191823286,0.7919979192995279,0.4913294330061961,0.8711620216597,1.2582641746383063,1.0292452819438063,1.1421726997531627,0.8558480162773547,1.1635525428935198,1.153,1.3119999999999998,-0.0008624184336213433,0.00015177129257037007,913.3046803317523
676,Crystal Palace,31,8,2024-04-06T11:30:00Z,1.535,2.955,True,43.0,0,0,100.0,238.0,0.2414018553939235,0.3962305982771363,0.5001085574518863,0.8361620216597,1.2503608318145274,1.0292452819438063,1.1421726997531627,0.8208480162773547,1.1580158662577373,1.041,1.339,-0.005330001053353125,-0.00295572261814717,902.4980556687058
677,Crystal Palace,31,8,2024-04-14T13:00:00Z,1.44,1.435,False,14.0,1,2,115.0,255.0,0.3150700371418111,1.1182206038996327,0.4377006701159303,0.8361620216597,1.2503608318145274,1.0642452819438062,1.1771726997531626,0.8558480162773547,1.1904805982689004,1.074,1.362,-0.005982289984742011,0.0033198124060812794,899.9240153514165
678,Crystal Palace,31,8,2024-04-21T14:00:00Z,3.265,1.635,True,21.0,0,2,194.0,58.0,0.1966458875286071,0.3126237986599949,0.6556399891292449,0.8711620216597,1.2153608318145275,1.0642452819438062,1.1771726997531626,0.8908480162773548,1.1554805982689005,1.062,1.509,0.004813925911880305,-0.0023866265151970037,936.6729214066418
679,Crystal Palace,31,8,2024-04-24T19:00:00Z,1.445,0.21,True,4.0,1,2,166.0,82.0,0.1596134680778055,0.3164851767355516,0.5232755471005238,0.8711620216597,1.2153608318145275,1.099245281943806,1.1790973918969485,0.9258480162773548,1.1518917303623406,1.182,1.41,0.013058646636513809,-0.0019051362148898958,955.2450453624093
680,Crystal Palace,31,8,2024-04-27T14:00:00Z,1.01,1.0699999999999998,False,54.0,0,1,105.0,111.0,0.2628322511102975,0.9475049141441588,0.4982116323123902,0.8711620216597,1.2153608318145275,1.1154969561327384,1.1440973918969486,0.9567027827957988,1.1168917303623407,1.258,1.347,0.02440782378834916,-0.008190756295488167,975.520283634063
681,Crystal Palace,31,8,2024-05-06T19:00:00Z,2.735,0.175,True,1.0,1,2,244.0,82.0,0.1241438085049598,0.3128218041276512,0.4203254255226296,0.8633675674537784,1.2009645938443239,1.1154969561327384,1.1440973918969486,0.9422145156751612,1.1077836703961963,1.269,1.289,0.02698276561555328,-0.013586184312398405,975.5188942378204
682,Crystal Palace,31,8,2024-05-11T14:00:00Z,2.845,1.31,False,39.0,0,2,124.0,171.0,0.2799806397524537,0.9302815998899012,0.4674979362429701,0.8633675674537784,1.2009645938443239,1.1504969561327383,1.1090973918969487,0.9772145156751613,1.0727836703961964,1.293,1.352,0.022622478905739887,-0.02190215494233236,992.492944979944
683,Crystal Palace,31,8,2024-05-19T15:00:00Z,3.74,0.54,True,7.0,1,2,206.0,66.0,0.1232229621705243,0.3833058476548399,0.400253108739823,0.8983675674537784,1.2204917906939483,1.1504969561327383,1.1090973918969487,1.0122145156751612,1.1010788929649529,1.388,1.347,0.02132696365890897,-0.014812593325266148,1003.3401757841867
684,Crystal Palace,31,7,2024-08-18T13:00:00Z,0.31,1.795,False,94.0,0,0,107.0,141.0,0.3310960531407973,0.7879967999143676,0.5858317281889767,0.8983675674537784,1.2204917906939483,1.1854969561327382,1.0740973918969487,1.047214515675161,1.066078892964953,1.412,1.327,0.023096219875060536,-0.014614362833688619,1018.4177765916253
685,Crystal Palace,31,7,2024-08-24T14:00:00Z,0.505,1.6949999999999998,True,21.0,0,0,65.0,121.0,0.1136178594659634,0.4070156592870976,0.4913079734643067,0.8633675674537784,1.2537601060356596,1.1854969561327382,1.0740973918969487,1.0122145156751612,1.1010788929649529,1.4169999999999998,1.328,0.017930247554194617,-0.005025237048911789,994.3912343453167
686,Crystal Palace,31,7,2024-09-01T12:30:00Z,0.725,1.635,True,8.0,0,1,82.0,181.0,0.1350361129179715,0.4787899572232981,0.6799062015833497,0.8633675674537784,1.2537601060356596,1.1504969561327383,1.1090973918969487,0.9772145156751612,1.1360788929649528,1.426,1.325,0.00899999999999998,0.0054674794442872016,974.7178603123778
687,Crystal Palace,31,7,2024-09-14T14:00:00Z,2.27,1.615,True,13.0,0,1,201.0,102.0,0.1205836433806445,0.4879477445070096,0.6710381567870498,0.8633675674537784,1.2652605045583674,1.1154969561327384,1.1090973918969487,0.949803403508853,1.1495613565708434,1.408,1.268,-0.007915873166615474,0.014968240882092415,975.4114304481502
688,Crystal Palace,31,7,2024-09-21T16:30:00Z,0.52,0.85,True,1.0,1,1,114.0,234.0,0.2604539448516124,0.5839593568387853,0.5441407886121499,0.8633675674537784,1.2652605045583674,1.1504969561327383,1.1412539613537547,0.984803403508853,1.1845613565708433,1.494,1.115,-0.013265397066584729,0.020081705967060662,974.7232375292172
689,Crystal Palace,31,7,2024-09-28T14:00:00Z,0.975,1.445,False,11.0,0,0,158.0,91.0,0.3197413746650646,0.6728863999333969,0.531202455258093,0.8633675674537784,1.2652605045583674,1.1154969561327384,1.1204080109946695,0.949803403508853,1.1521522682531287,1.414,1.291,-0.017048571699907818,0.019837049453269723,974.8170370492048
690,Crystal Palace,31,7,2024-10-05T11:30:00Z,0.325,1.2,True,14.0,0,0,97.0,123.0,0.2292419571068096,0.7253017219857218,0.4365539466983387,0.8621015744365297,1.2872172994671398,1.1154969561327384,1.1204080109946695,0.9390227782562128,1.1849555166393937,1.406,1.3,-0.011805486388390468,0.014360092692478047,956.8922992576863
691,Crystal Palace,31,7,2024-10-21T19:00:00Z,0.56,1.31,False,17.0,0,0,157.0,192.0,0.2642432914061614,0.6878005332815309,0.5953796874229612,0.8621015744365297,1.2872172994671398,1.0804969561327384,1.0854080109946695,0.9149472204858728,1.1499555166393938,1.398,1.3119999999999998,-0.010819381477267484,0.004090186007432609,949.5614681577875
692,Crystal Palace,31,7,2024-10-27T14:00:00Z,0.915,0.36,True,6.0,1,2,130.0,145.0,0.2094104110830741,0.6863457837666725,0.3439864029875968,0.8271015744365297,1.2969659863911451,1.0804969561327384,1.0854080109946695,0.8799472204858728,1.1686910373345243,1.311,1.422,-0.016275145412470892,0.0007038323545806056,935.9400962951164
693,Crystal Palace,31,7,2024-11-02T17:30:00Z,2.255,1.765,False,39.0,0,1,211.0,123.0,0.2210781155381255,0.6860670814411907,0.6341842013289698,0.8271015744365297,1.2969659863911451,1.0486801326538993,1.0504080109946696,0.8642598317205168,1.1336910373345244,1.317,1.396,-0.02389605616517032,-0.00684957968392593,954.8484005497559
694,Crystal Palace,31,7,2024-11-09T15:00:00Z,0.785,1.915,True,54.0,0,0,104.0,180.0,0.1939858752868354,0.8782689429296342,0.2964338689903531,0.8621015744365297,1.331965986391145,1.0486801326538993,1.0504080109946696,0.8992598317205168,1.1686910373345243,1.3219999999999998,1.453,-0.014628762815679108,-0.0014961163374999815,954.2436625536811
695,Crystal Palace,31,7,2024-11-23T15:00:00Z,1.63,2.555,False,7.0,0,1,137.0,239.0,0.1986163120852087,0.9069410633431484,0.7865877121447543,0.8621015744365297,1.331965986391145,1.0136801326538993,1.0854080109946695,0.8760505767950106,1.2036910373345242,1.319,1.492,-0.010788873210498146,0.003282404730315548,942.85455066718
696,Crystal Palace,31,7,2024-11-30T15:00:00Z,1.4,0.52,True,4.0,0,1,140.0,30.0,0.150877903000872,0.6919869556119377,0.2305596758813857,0.8971015744365297,1.366965986391145,1.0136801326538993,1.0854080109946695,0.9110505767950107,1.2386910373345241,1.391,1.61,0.00010933858494578872,0.016676502956447185,943.4306291643824
697,Crystal Palace,31,7,2024-12-03T19:30:00Z,1.325,0.245,False,40.0,1,2,114.0,88.0,0.1789237982884957,0.7320652714891153,0.6717904427792534,0.8971015744365297,1.366965986391145,1.0292956569303562,1.0504080109946696,0.9388548930943735,1.2036910373345242,1.449,1.459,0.011762895524013686,0.014999999999999966,943.975208315144
698,Crystal Palace,31,7,2024-12-07T15:00:00Z,1.66,1.725,True,43.0,0,1,111.0,148.0,0.1751272578895671,0.6515454099203959,0.3326575256855222,0.8884591526454937,1.331965986391145,1.0292956569303562,1.0504080109946696,0.9285064232126574,1.169646265051559,1.362,1.445,0.013571946902350664,0.009136461102433525,956.9736644179787
699,Crystal Palace,31,7,2024-12-15T14:00:00Z,2.66,1.0,False,36.0,0,2,173.0,156.0,0.2080518431132744,0.7004952111582007,0.5447258999394193,0.8884591526454937,1.331965986391145,1.064295656930356,1.0451286779700906,0.9635064232126574,1.156665925410782,1.359,1.359,0.014468708943228752,-0.005635996470503038,958.8038741385091
700,Crystal Palace,31,7,2024-12-21T17:30:00Z,1.295,3.935,True,3.0,0,0,138.0,216.0,0.2228767561363299,0.7134242077158635,0.6365114088665174,0.9234591526454937,1.2969659863911451,1.064295656930356,1.0451286779700906,0.9985064232126575,1.1216659254107821,1.374,1.4240000000000002,0.021694237184555955,-0.019721304790654332,978.2261851021772
701,Crystal Palace,31,7,2024-12-26T15:00:00Z,0.225,0.735,False,91.0,1,1,99.0,160.0,0.177373655754769,0.7403851642341561,0.5392312555084373,0.9234591526454937,1.2969659863911451,1.099295656930356,1.0801286779700905,1.0335064232126574,1.156665925410782,1.415,1.517,0.023606680641231018,-0.019119463858020387,971.7486134759606
702,Crystal Palace,31,7,2024-12-29T15:00:00Z,2.01,0.97,True,20.0,0,2,218.0,105.0,0.1866819214393677,0.7259966060012272,0.5239533180072913,0.8884591526454937,1.2619659863911452,1.099295656930356,1.0801286779700905,0.9985064232126574,1.1216659254107821,1.357,1.485,0.018521647159754833,-0.013830473672601182,971.9674730959894
703,Crystal Palace,31,7,2025-01-04T15:00:00Z,1.04,1.12,True,8.0,0,1,139.0,113.0,0.1918637166750638,0.6957751380009545,0.5075192473390043,0.8884591526454937,1.2619659863911452,1.134295656930356,1.083202372749556,1.0335064232126574,1.1227042950656538,1.445,1.445,0.01899999999999999,-0.008705995712272176,976.862234327081
704,Crystal Palace,31,7,2025-01-15T19:30:00Z,1.905,0.85,False,13.0,1,2,127.0,133.0,0.1624017322537092,0.6536329055154547,0.694957643173229,0.8884591526454937,1.2619659863911452,1.1182117364427888,1.0693253770869433,1.0276756335186832,1.097826407087471,1.3730000000000002,1.435,0.011167030043717954,-0.009316642361483999,977.3377562647862
705,Crystal Palace,31,7,2025-01-18T15:00:00Z,1.66,0.14,False,21.0,1,2,148.0,46.0,0.1352013473084405,0.5550478154009092,0.5471892780236226,0.9234591526454937,1.246698578179212,1.1182117364427888,1.0693253770869433,1.0529182755137563,1.0868649364564555,1.396,1.388,0.008273339783530611,-0.00998528943104841,984.3906647798424
706,Crystal Palace,31,7,2025-01-26T14:00:00Z,1.035,1.765,True,94.0,0,0,139.0,151.0,0.1692273351917163,0.8256028851118534,0.4302927479303367,0.9550168190405331,1.211698578179212,1.1182117364427888,1.0693253770869433,1.073554736266064,1.0518649364564556,1.4069999999999998,1.195,0.010218466642181588,-0.018665308560365565,998.6447215806747
707,Crystal Palace,31,7,2025-02-02T14:00:00Z,2.31,0.56,False,1.0,1,2,112.0,192.0,0.2073788256843426,0.5672594119784848,0.4389249940183731,0.9550168190405331,1.211698578179212,1.1045111155576126,1.1043253770869432,1.056080675188637,1.0854529238217434,1.406,1.3159999999999998,0.012378824029576876,-0.01155841584010868,980.4131140840786
708,Crystal Palace,31,7,2025-02-15T17:30:00Z,1.37,1.48,True,11.0,0,0,142.0,144.0,0.1427323718157793,0.7310244661981082,0.4502276928347063,0.9900168190405332,1.176698578179212,1.1045111155576126,1.1043253770869432,1.0910806751886368,1.0504529238217435,1.404,1.42,0.011249224161201887,-0.01238220874333527,993.1998215793501
709,Crystal Palace,31,7,2025-02-22T15:00:00Z,1.165,0.105,False,54.0,1,2,118.0,63.0,0.170183531087822,0.4678684315388215,0.3524972175698457,0.9900168190405332,1.176698578179212,1.1139993884676254,1.1393253770869431,1.1138017532039763,1.0854529238217434,1.435,1.416,0.015075535324962296,-0.003929013339071042,974.4603056809225
710,Crystal Palace,31,7,2025-02-25T19:30:00Z,4.17,0.69,True,7.0,0,2,206.0,84.0,0.1399029558567172,0.6219079181540842,0.3501770944269938,0.9904347117246427,1.1416985781792122,1.1139993884676254,1.1393253770869431,1.1154359063826373,1.0504529238217435,1.38,1.3230000000000002,0.013380834433089779,-0.003322745745077053,992.2958359830899
711,Crystal Palace,31,7,2025-03-08T15:00:00Z,2.13,0.74,True,40.0,1,2,172.0,182.0,0.2999245212218912,0.6681506030087322,0.2968044067765507,0.9904347117246427,1.1416985781792122,1.1489993884676253,1.1043253770869432,1.1504359063826373,1.0154529238217436,1.4480000000000002,1.1909999999999998,0.016719789205148775,-0.007201716090673146,1008.8178320552156
712,Crystal Palace,31,7,2025-04-02T18:45:00Z,0.875,0.835,False,20.0,0,1,98.0,89.0,0.156809413068306,0.4061198911968612,0.3563867247765467,0.9904347117246427,1.1416985781792122,1.1839993884676252,1.0952045121033802,1.1854359063826372,1.014594888306395,1.521,1.213,0.02361360007801896,-0.014122576502192606,1014.1999738227058
713,Crystal Palace,31,7,2025-04-05T14:00:00Z,1.3,1.0,True,36.0,0,2,83.0,153.0,0.248830183172582,0.6107838023401251,0.348625649715095,0.96500302973364,1.1278028685568369,1.1839993884676252,1.0952045121033802,1.1504359063826373,1.007752085136712,1.401,1.197,0.015619389014456704,-0.013173665713462908,1009.9385037256893
714,Crystal Palace,31,7,2025-04-12T11:30:00Z,1.91,4.405,False,43.0,0,0,90.0,197.0,0.1219628768309046,0.9780932487086698,0.5060785637150919,0.96500302973364,1.1278028685568369,1.1838749965989088,1.0733381954050194,1.1581581541200505,0.9886433284049843,1.345,1.237,0.010336628702296301,-0.017514529390121096,1023.2108461043873
715,Crystal Palace,31,7,2025-04-16T18:30:00Z,1.0,3.195,False,4.0,0,0,120.0,145.0,0.1326377930907036,0.8318503045511876,0.5936166606672937,1.00000302973364,1.1628028685568368,1.1838749965989088,1.0733381954050194,1.1931581541200504,1.0236433284049842,1.308,1.301,0.010765085197123008,-0.006323416185821643,1010.4368865728705
716,Crystal Palace,31,7,2025-04-19T14:00:00Z,0.18,0.36,True,91.0,1,1,46.0,141.0,0.2135345869120082,0.5706096240423195,0.315597727556185,1.0039921920174504,1.1978028685568367,1.1838749965989088,1.0733381954050194,1.1845197826941951,1.058643328404984,1.28,1.4,0.005751667785926922,0.006399673899435486,998.8374772827027
717,Crystal Palace,31,7,2025-04-23T19:00:00Z,1.875,1.61,False,3.0,0,1,151.0,120.0,0.172051616848325,0.8803280146509236,0.4617018471856728,1.0039921920174504,1.1978028685568367,1.148874996598909,1.0383381954050195,1.1495197826941952,1.0236433284049842,1.187,1.39,-0.0012093997002153285,0.0066547408656503215,998.7947927711281
718,Crystal Palace,31,7,2025-05-05T19:00:00Z,1.78,0.855,True,17.0,0,1,177.0,100.0,0.2083046787093397,0.5060297075884708,0.2987982325436994,1.0389921920174503,1.1976837940655443,1.148874996598909,1.0383381954050195,1.1845197826941951,1.0412076389682319,1.226,1.318,0.0038818827386962263,0.008779364833074245,1000.1146225830432
719,Crystal Palace,31,7,2025-05-11T13:15:00Z,2.69,0.34,False,6.0,1,2,293.0,68.0,0.1560401464375861,0.8158106780618294,0.3591014366999678,1.0389921920174503,1.1976837940655443,1.1760395275013547,1.026291631673232,1.219519782694195,1.0284234631839644,1.261,1.274,0.007025515102661618,0.006188388730989823,1000.1131221110504
720,Crystal Palace,31,7,2025-05-20T19:00:00Z,2.85,1.76,True,39.0,0,2,181.0,145.0,0.2975703056628198,0.4980231059021439,0.3323986253117662,1.0739921920174502,1.1626837940655443,1.1760395275013547,1.026291631673232,1.254519782694195,0.9934234631839644,1.436,1.279,0.012765946939163492,-0.006405560320140302,1008.592590093903
721,Crystal Palace,31,7,2025-05-25T15:00:00Z,1.38,1.585,False,14.0,0,1,106.0,139.0,0.123586780562567,0.9834083051592006,0.4126344507666417,1.0739921920174502,1.1626837940655443,1.2110395275013546,1.061291631673232,1.2895197826941949,1.0284234631839644,1.411,1.34,0.024999999999999942,-0.007272659930069301,1020.4496099243253
722,Wolves,39,20,2022-08-06T14:00:00Z,1.0,2.0,False,2.0,0,0,178.0,148.0,0.0,1.0,0.0,1.0577648078529658,1.6822561403508771,1.0577648078529658,1.6822561403508771,1.0577648078529658,1.6822561403508771,1.5,1.5,,,1000.0
723,Wolves,39,20,2022-08-13T14:00:00Z,0.0,0.0,True,54.0,1,1,79.0,117.0,0.0,0.0,0.0,1.031010121449457,1.6509164875730993,1.0577648078529658,1.6822561403508771,1.031010121449457,1.6509164875730993,1.78,1.48,-0.026754686403508865,-0.03133965277777784,958.75
724,Wolves,39,20,2022-08-20T11:30:00Z,0.0,1.0,False,6.0,0,0,169.0,177.0,0.0,0.7777777777777778,0.2222222222222222,1.031010121449457,1.6509164875730993,1.0227648078529659,1.6472561403508772,0.9960101214494569,1.6159164875730994,1.285,1.325,-0.030877343201754445,-0.03316982638888888,959.2736760418287
725,Wolves,39,20,2022-08-28T13:00:00Z,1.0,1.0,True,4.0,0,1,118.0,262.0,0.0,0.2222222222222222,0.0,0.9960101214494569,1.6159164875730994,1.0227648078529659,1.6472561403508772,0.9610101214494569,1.5809164875730994,1.42,1.4733333333333334,-0.03252640592105268,-0.03390189583333329,938.0248726597154
726,Wolves,39,20,2022-08-31T18:30:00Z,0.0,0.0,False,91.0,1,1,186.0,81.0,0.0,0.6049382716049383,0.1728395061728395,0.9960101214494569,1.6159164875730994,1.011706206975773,1.6122561403508773,0.9512483689867376,1.5459164875730995,1.36,1.76,-0.028303287773245644,-0.034267930555555506,940.4209001305873
727,Wolves,39,20,2022-09-03T14:00:00Z,1.0,0.0,True,20.0,1,2,114.0,158.0,0.0,0.1728395061728395,0.0,0.9610101214494569,1.5809164875730994,1.011706206975773,1.6122561403508773,0.9162483689867376,1.5109164875730996,1.46,1.57,-0.028053355763408547,-0.034477093253968194,940.4330948099612
728,Wolves,39,20,2022-09-17T11:30:00Z,0.0,3.0,True,43.0,0,0,57.0,193.0,0.0,0.578875171467764,0.2222222222222222,0.9610101214494569,1.5809164875730994,0.9767062069757729,1.5772561403508774,0.8830570023495227,1.4759164875730997,1.4066666666666665,1.5716666666666663,-0.028251788724301383,-0.03499999999999992,969.3252047628639
729,Wolves,39,20,2022-10-01T16:30:00Z,0.0,2.0,False,21.0,0,0,156.0,210.0,0.0,0.6927297668038409,0.3566529492455418,0.9610101214494569,1.5809164875730994,0.9428414688558899,1.6068567936077973,0.8542054591406443,1.5017667119132503,1.2871428571428571,1.6228571428571428,-0.027939504824110447,-0.026307110808549847,961.2721623626303
730,Wolves,39,20,2022-10-08T14:00:00Z,0.0,3.0,False,8.0,0,0,85.0,245.0,0.0,0.7610120408474318,0.7218411827465325,0.9260101214494568,1.6159164875730994,0.9428414688558899,1.6068567936077973,0.8192054591406442,1.5367667119132502,1.32125,1.6825,-0.029524097363415942,-0.011091377293679821,944.1548145902315
731,Wolves,39,20,2022-10-15T14:00:00Z,1.0,0.0,True,17.0,1,2,124.0,91.0,0.0,0.4502362444749275,0.1728395061728395,0.8910101214494568,1.6509164875730993,0.9428414688558899,1.6068567936077973,0.7842054591406442,1.5717667119132501,1.268888888888889,1.7677777777777777,-0.033005566342217865,0.006647200544610156,935.2583043989798
732,Wolves,39,20,2022-10-18T19:15:00Z,1.0,2.0,False,31.0,0,0,116.0,187.0,0.0,1.0363426984368913,0.5614320310250809,0.8910101214494568,1.6509164875730993,0.9226345774130548,1.5718567936077974,0.7686668103449233,1.5367667119132502,1.266,1.682,-0.03055606922387733,0.012908622706320122,948.3725055617033
733,Wolves,39,20,2022-10-23T13:00:00Z,0.0,4.0,True,13.0,0,0,345.0,96.0,0.0,1.016850412369388,0.3566529492455418,0.8847143760531317,1.6859164875730992,0.9226345774130548,1.5718567936077974,0.7689986269669539,1.5717667119132501,1.204,1.721,-0.024625937808571623,0.017692889191450054,937.322577942019
734,Wolves,39,20,2022-10-29T14:00:00Z,1.0,1.0,False,94.0,0,1,144.0,156.0,0.2222222222222222,0.806044321006471,0.4366693574639518,0.8847143760531317,1.6859164875730992,0.8876345774130547,1.6068567936077973,0.7339986269669538,1.60676671191325,1.47,1.7,-0.021919808748149833,0.01699999999999996,920.7377504992702
735,Wolves,39,20,2022-11-05T15:00:00Z,2.0,3.0,True,36.0,0,0,126.0,241.0,0.0,1.4575503207317462,0.277396738302088,0.8736572742046249,1.6509164875730993,0.8876345774130547,1.6068567936077973,0.7254364268672825,1.5717667119132501,1.445,1.679,-0.01768953832188141,0.00899999999999998,921.2202473286798
736,Wolves,39,20,2022-11-12T19:45:00Z,0.2463,1.9041,True,3.0,0,0,103.0,175.0,0.0350222222222222,1.420783582791358,0.2984196853460685,0.8736572742046249,1.6509164875730993,0.9226345774130548,1.6418567936077972,0.7604364268672825,1.60676671191325,1.453,1.658,-0.008101037479992315,0.00899999999999998,914.0132224575464
737,Wolves,39,20,2022-12-26T15:00:00Z,1.3568,1.3669,False,11.0,0,2,112.0,144.0,0.3277728395061728,0.8326566941161442,0.3654539446941847,0.8736572742046249,1.6509164875730993,0.9006091534484826,1.6467024216941692,0.7413010243422635,1.60325588372937,1.37,1.7519999999999998,-0.004887935154628128,0.011498453116588536,911.0712068763328
738,Wolves,39,20,2022-12-31T12:30:00Z,0.33685,1.4937,True,1.0,0,0,153.0,274.0,0.0272395061728395,1.4074538977266118,0.3713486441580532,0.8926984517167893,1.6566328219674995,0.9006091534484826,1.6467024216941692,0.765815729898674,1.6165351555902923,1.368,1.7380000000000002,0.0011712201938437028,0.0070945638238163,927.3661088880172
739,Wolves,39,20,2023-01-04T20:00:00Z,0.9852,1.30615,False,7.0,0,1,124.0,174.0,0.2858677640603566,0.8547552065347788,0.4044419569843659,0.8926984517167893,1.6566328219674995,0.8656091534484825,1.6463741544855208,0.7308157298986739,1.6158083104072019,1.464,1.819,0.0024596577493644555,0.005028642723343011,921.6624672059512
740,Wolves,39,20,2023-01-14T15:00:00Z,0.9183,0.5108,True,21.0,1,2,122.0,128.0,0.0577640603566529,1.2323530315651423,0.3416489454562636,0.8844455975989531,1.6388841271631842,0.8656091534484825,1.6463741544855208,0.7271697011825043,1.6049996535210334,1.432,1.783,-0.0015908861078087438,0.005901965010905538,922.2688513010556
741,Wolves,39,20,2023-01-22T14:00:00Z,0.4145,2.81705,False,43.0,0,0,48.0,195.0,0.2223415942691662,0.8966096050826057,0.6681215220989513,0.8844455975989531,1.6388841271631842,0.8445885073943263,1.611374154485521,0.7110932706868874,1.5699996535210334,1.469,1.666,-0.009260278582321514,-0.005123737936262383,935.6363874292113
742,Wolves,39,20,2023-02-04T15:00:00Z,2.06,0.955,True,14.0,1,2,89.0,145.0,0.19603871361073,1.089607913439555,0.4079491797993161,0.85419872816692,1.6604949259084343,0.8445885073943263,1.611374154485521,0.6880574370103072,1.5965417907476904,1.393,1.77,-0.012400895514608882,-0.005256732228638368,930.713937080196
743,Wolves,39,20,2023-02-11T15:00:00Z,0.895,1.44,False,20.0,0,1,73.0,124.0,0.3329323510982404,0.7951408039531377,0.5196500727436287,0.85419872816692,1.6604949259084343,0.8795885073943264,1.576374154485521,0.7230574370103072,1.5615417907476905,1.366,1.7280000000000002,-0.010232650674358596,-0.010507610948329799,949.8503295321727
744,Wolves,39,20,2023-02-18T15:00:00Z,0.5800000000000001,1.005,True,91.0,0,0,170.0,66.0,0.1524745550305678,1.0274728215640987,0.3595160287328014,0.81919872816692,1.6482368077933596,0.8795885073943264,1.576374154485521,0.6946394336119972,1.5574647895108442,1.094,1.756,-0.006178688789330151,-0.011301401587861708,949.2884550689936
745,Wolves,39,20,2023-02-24T20:00:00Z,0.905,0.735,False,54.0,0,1,76.0,94.0,0.2745029397430758,0.6539984030746626,0.4597278343561557,0.81919872816692,1.6482368077933596,0.8445885073943263,1.5492963587410522,0.6596394336119972,1.5317650310157176,1.12,1.666,-0.010057509973634473,-0.012536505844489896,930.2135201921237
746,Wolves,39,20,2023-03-01T20:00:00Z,0.4649999999999999,2.255,False,14.0,0,0,43.0,192.0,0.3712800642446145,0.7931098690580709,0.4708994267214544,0.8022549016280446,1.6132368077933597,0.8445885073943263,1.5492963587410522,0.6502768568820086,1.4967650310157177,1.07,1.519,-0.0119358309319324,-0.01613086837026696,931.2432925129644
747,Wolves,39,20,2023-03-04T15:00:00Z,0.72,0.67,True,6.0,1,2,78.0,149.0,0.2363690983571083,0.9124788612165212,0.3485124667921789,0.7702861252715183,1.634528062262219,0.8445885073943263,1.5492963587410522,0.6168101005087422,1.5241769122134954,1.01,1.536,-0.01741652636836345,-0.01662441229605772,921.2324690253578
748,Wolves,39,20,2023-03-12T16:30:00Z,1.065,1.99,False,4.0,0,0,80.0,247.0,0.4176622721902557,0.8479743426007218,0.4551439985611312,0.7702861252715183,1.634528062262219,0.8095885073943263,1.5142963587410523,0.6,1.4891769122134955,0.976,1.541,-0.024518221745465422,-0.014191086416086332,944.6800851629542
749,Wolves,39,20,2023-03-18T15:00:00Z,2.435,2.925,True,2.0,0,0,252.0,122.0,0.3082870764999731,0.9008168920572944,0.2843985852828058,0.7781123097180017,1.6552224813543994,0.8095885073943263,1.5142963587410523,0.6185111059798398,1.5197366591075494,0.903,1.514,-0.01694361986771557,-0.008256946492153222,937.2703031652853
750,Wolves,39,20,2023-04-01T14:00:00Z,0.73,1.13,False,17.0,0,1,58.0,197.0,0.3537373228146434,0.7284244886894503,0.5428897766586576,0.7781123097180017,1.6552224813543994,0.8445885073943263,1.5492963587410522,0.6535111059798399,1.5547366591075493,1.031,1.462,-0.0040785426107438644,0.004250657849561541,919.8303935063693
751,Wolves,39,20,2023-04-08T14:00:00Z,0.775,0.525,True,8.0,1,2,106.0,98.0,0.2686677261666457,0.7561909160445622,0.3700877885532934,0.7488673035655636,1.6395286267725395,0.8445885073943263,1.5492963587410522,0.6244556753383617,1.5510396528051658,0.967,1.531,-1.4051009288630821e-05,0.011246059900670178,919.8324415909615
752,Wolves,39,20,2023-04-15T14:00:00Z,1.36,0.59,True,94.0,1,2,163.0,101.0,0.2089637870185022,0.7281484902568818,0.4100682799858948,0.7488673035655636,1.6395286267725395,0.8238230767219447,1.5142963587410523,0.6184719655523875,1.5160396528051658,1.025,1.4340000000000002,0.003333610035237473,0.005140054992381802,937.7913189381088
753,Wolves,39,20,2023-04-22T14:00:00Z,0.955,2.21,False,13.0,0,0,87.0,178.0,0.348462362189167,0.7132190467584613,0.7489142707345114,0.7488673035655636,1.6395286267725395,0.8351731378400084,1.4792963587410524,0.639646984771476,1.481039652805166,1.099,1.39,0.004830344912386992,-0.0015849806357480568,959.5530597810654
754,Wolves,39,20,2023-04-25T18:30:00Z,1.175,0.375,True,31.0,1,2,88.0,142.0,0.2047496121255017,0.6730043813109081,0.3367197733223627,0.7262143143247605,1.6745286267725394,0.8351731378400084,1.4792963587410524,0.618898142430808,1.5160396528051658,1.113,1.444,-0.00130402546160643,-0.007845030011973371,937.9209980213154
755,Wolves,39,20,2023-04-29T14:00:00Z,0.35,4.64,False,36.0,0,0,75.0,250.0,0.3754707261471299,0.7925037030343588,0.96915554390462,0.7262143143247605,1.6745286267725394,0.8472437590987975,1.4442963587410524,0.6432192460002969,1.481039652805166,1.031,1.52,-0.0013416251257510668,-0.014528143757483335,952.4118757598796
756,Wolves,39,20,2023-05-06T14:00:00Z,0.85,0.785,True,7.0,1,2,54.0,140.0,0.2659163649865013,0.6523367410195953,0.3730042681396154,0.6912143143247604,1.7095286267725394,0.8472437590987975,1.4442963587410524,0.6082192460002969,1.5160396528051658,1.03,1.676,-0.0007911185053503918,-0.006999999999999984,941.4974734797178
757,Wolves,39,20,2023-05-13T14:00:00Z,0.19,2.34,False,1.0,0,0,59.0,231.0,0.3364772314477677,0.9941695468045012,0.92489875637026,0.6912143143247604,1.7095286267725394,0.8285948628867331,1.4092963587410525,0.6030202823738661,1.481039652805166,1.041,1.624,-0.004206300818190156,-0.002999999999999993,963.5862868567248
758,Wolves,39,20,2023-05-20T14:00:00Z,1.325,1.49,True,11.0,0,1,128.0,148.0,0.4201571727672788,0.611817465237463,0.4101144307752564,0.6608657082668088,1.7445286267725393,0.8285948628867331,1.4092963587410525,0.6,1.5160396528051658,1.022,1.706,-0.008024814400805878,0.002999999999999993,954.4671163574776
759,Wolves,39,20,2023-05-28T15:30:00Z,0.24,3.695,False,3.0,0,0,0.0,0.0,0.283926735570486,1.0999096475146122,0.9015879216213132,0.6608657082668088,1.7445286267725393,0.839092951714358,1.4346619798012612,0.6189610342232602,1.5394325554179202,1.07,1.607,-0.003844064076144584,0.005341843230393481,954.4328885305846
760,Wolves,39,20,2023-08-14T19:00:00Z,1.135,1.23,False,1.0,0,0,234.0,159.0,0.3430541276659336,1.057707503622476,0.7012350501499104,0.6314801995222545,1.767125373886165,0.839092951714358,1.4346619798012612,0.6,1.5729179056818279,0.818,1.485,-0.005339747077327447,0.016130570634902083,947.369829209612
761,Wolves,39,20,2023-08-19T14:00:00Z,1.68,3.135,True,36.0,0,0,199.0,200.0,0.3823444677078835,0.8314135840735823,0.4123112239363106,0.6463822801142525,1.7345293350852586,0.839092951714358,1.4346619798012612,0.6149722114105709,1.5504627604153156,0.994,1.4469999999999998,0.0012475718329437756,0.013461234265528262,941.2462284611802
762,Wolves,39,20,2023-08-26T14:00:00Z,1.08,0.6,False,11.0,1,2,81.0,187.0,0.3468198770735039,0.9959947250397037,0.5587383723388192,0.6463822801142525,1.7345293350852586,0.865725610351495,1.4696619798012611,0.6499722114105709,1.5854627604153155,1.087,1.5490000000000002,0.007449007005485053,0.01882486317557443,932.8369049691341
763,Wolves,39,20,2023-09-03T13:00:00Z,1.67,2.565,False,31.0,0,0,108.0,249.0,0.2719710155016142,1.0768847861419917,0.6123520673746371,0.6530045600790199,1.6995293350852587,0.865725610351495,1.4696619798012611,0.6496919029849219,1.5504627604153156,1.005,1.635,0.010184721654203215,0.008221457365040643,946.3361963689016
764,Wolves,39,20,2023-09-16T11:30:00Z,0.815,2.775,True,14.0,0,0,111.0,196.0,0.3907123637727983,0.842210565390564,0.5984642852837971,0.6880045600790199,1.7345293350852586,0.865725610351495,1.4696619798012611,0.6846919029849219,1.5854627604153155,1.026,1.706,0.014649430078944972,0.005651016833926846,934.1090732663453
765,Wolves,39,20,2023-09-23T14:00:00Z,0.815,2.42,False,102.0,0,1,106.0,187.0,0.2537552342790332,0.8909103892215491,0.8651627190691622,0.6880045600790199,1.7345293350852586,0.8462410666055086,1.4964639370394786,0.6762776885943542,1.605348161853194,1.0490000000000002,1.76,0.016864777407690715,0.006632893738766578,929.2458740144749
766,Wolves,39,20,2023-09-30T14:00:00Z,0.72,0.935,True,43.0,0,1,33.0,222.0,0.3838873940455097,0.7350526619704387,0.4988055552207311,0.6530045600790199,1.7439536990699,0.8462410666055086,1.4964639370394786,0.6412776885943542,1.6216123064352517,1.08,1.6969999999999998,0.007012680499150467,0.012868683840380443,928.8717370195578
767,Wolves,39,20,2023-10-08T13:00:00Z,1.095,1.62,True,7.0,0,1,86.0,148.0,0.471912417590952,0.6961520704214523,0.4568487651716797,0.6530045600790199,1.7439536990699,0.8392650915474719,1.4614639370394786,0.6439771524238281,1.5866123064352518,1.0590000000000002,1.779,-0.0018180614998852755,0.006830907702781935,932.7046731478214
768,Wolves,39,20,2023-10-21T14:00:00Z,2.055,0.8049999999999999,False,91.0,0,2,221.0,81.0,0.1973651822170258,0.7218191916167603,0.7795710037204595,0.6530045600790199,1.7439536990699,0.8325723771347241,1.4618335207388253,0.6514795744070851,1.5761212182451547,1.086,1.696,-0.004234454130641852,0.004228716336887484,934.6992636653731
769,Wolves,39,20,2023-10-28T16:30:00Z,1.49,2.085,True,4.0,0,1,161.0,147.0,0.4025985470151849,0.6303404992166852,0.715326817355751,0.6880045600790199,1.7089536990699001,0.8325723771347241,1.4618335207388253,0.6864795744070852,1.5429086612884313,1.179,1.629,-0.0017930434749004799,-0.009584323613101109,945.7019666224937
770,Wolves,39,20,2023-11-04T15:00:00Z,1.16,1.53,False,49.0,0,0,112.0,92.0,0.1646173639465756,0.772526037924147,0.6174441140048018,0.6880045600790199,1.7089536990699001,0.8643902826380204,1.4874700668168706,0.7214795744070852,1.5634671465354613,1.34,1.776,0.010546214528145855,-0.013028774291977761,947.5704561613549
771,Wolves,39,20,2023-11-11T12:30:00Z,2.0700000000000003,0.85,True,6.0,0,2,134.0,74.0,0.326465536567366,0.6324870549463107,0.5563653023878063,0.661674510616479,1.729088802121238,0.8643902826380204,1.4874700668168706,0.6913094556882932,1.59288228011467,1.218,1.709,0.014790460040556175,-0.0070370905216858015,925.095993918827
772,Wolves,39,20,2023-11-27T20:00:00Z,1.715,2.92,False,54.0,0,0,145.0,137.0,0.1347023941806699,1.2030758072743364,0.5046787553370681,0.661674510616479,1.729088802121238,0.8993902826380205,1.4524700668168706,0.7263094556882932,1.5578822801146701,1.153,1.5830000000000002,0.016175747433312838,-0.002080241735638065,949.2560590136126
773,Wolves,39,20,2023-12-02T15:00:00Z,0.855,2.4450000000000003,False,3.0,0,0,82.0,212.0,0.1825463065849654,1.2757256278800395,0.6236390319288307,0.696674510616479,1.764088802121238,0.8993902826380205,1.4524700668168706,0.7613094556882932,1.59288228011467,1.217,1.533,0.01824196947231064,0.004518322840157195,934.9004448040503
774,Wolves,39,20,2023-12-05T19:30:00Z,0.91,0.415,True,90.0,1,2,86.0,82.0,0.2672509728857291,0.5497121538471306,0.5505063463016272,0.6953642545090041,1.7824696452298843,0.8993902826380205,1.4524700668168706,0.7664480022494132,1.6246933405672304,1.1909999999999998,1.496,0.015838050944436122,0.013204822775189192,930.3821440091114
775,Wolves,39,20,2023-12-09T15:00:00Z,1.085,0.895,True,17.0,0,1,99.0,119.0,0.3145285344666782,0.4986650085477682,0.4281716026790433,0.6953642545090041,1.7824696452298843,0.8643902826380204,1.4174700668168707,0.7314480022494132,1.5896933405672304,1.166,1.382,0.008864507968428576,0.007473261471900766,940.7107206294218
776,Wolves,39,20,2023-12-17T14:00:00Z,0.33,2.07,False,21.0,0,0,107.0,98.0,0.2042026828994176,1.1833421550178085,0.4850525803890906,0.6953642545090041,1.7824696452298843,0.8485791698917725,1.4036163357209854,0.7235613499866916,1.568682314712677,1.159,1.314,0.005194675935327783,0.00017841185143645203,940.6706974639476
777,Wolves,39,20,2023-12-24T13:00:00Z,1.665,1.525,True,8.0,0,2,147.0,157.0,0.2490777490296386,0.6211838955371531,0.5530223576392559,0.660364254509004,1.8174696452298842,0.8485791698917725,1.4036163357209854,0.6885613499866916,1.6036823147126769,1.233,1.19,-0.009628138446080363,0.0034685793366872717,928.3307403581045
778,Wolves,39,20,2023-12-27T19:30:00Z,3.055,1.58,False,94.0,0,2,158.0,202.0,0.2854909755884359,1.184821676124962,0.4705964514137371,0.660364254509004,1.8174696452298842,0.8835791698917725,1.4131221080925638,0.7235613499866916,1.606269336028108,1.294,1.199,-0.01229391821596841,-0.0004888235386006975,946.374298461936
779,Wolves,39,20,2023-12-30T15:00:00Z,2.53,0.23,True,11.0,1,2,193.0,47.0,0.2359493603563855,0.5253652520844525,0.4479062781638657,0.6953642545090041,1.8068773874515114,0.8835791698917725,1.4131221080925638,0.7585613499866917,1.6077392558104773,1.231,1.32,-0.002802663374336358,-1.212497175227613e-06,962.30054031913
780,Wolves,39,20,2024-01-22T19:45:00Z,0.695,0.625,False,36.0,1,1,66.0,168.0,0.337604092124339,0.972639081430526,0.4771305733217955,0.6953642545090041,1.8068773874515114,0.9185791698917726,1.3781221080925639,0.7935613499866917,1.5727392558104774,1.263,1.22,0.01287333539103979,0.000999640595001905,977.7333555709247
781,Wolves,39,20,2024-02-01T20:15:00Z,2.555,3.37,True,1.0,0,0,196.0,253.0,0.1946272802771887,0.8908396405101296,0.4639271052385622,0.6719799285157714,1.7718773874515115,0.9185791698917726,1.3781221080925639,0.7616474909696542,1.5377392558104774,1.217,1.296,0.015440877283280379,-0.007030701469577906,977.9142129897218
782,Wolves,39,20,2024-02-04T14:00:00Z,2.47,1.94,False,8.0,0,2,164.0,184.0,0.2825809605411526,0.9676081744459648,0.5555460014725077,0.6719799285157714,1.7718773874515115,0.9535791698917726,1.4131221080925638,0.7966474909696543,1.5727392558104774,1.279,1.475,0.019705403653248604,-0.0112944438618254,966.2054201334141
783,Wolves,39,20,2024-02-10T15:00:00Z,0.58,1.97,True,94.0,0,0,134.0,135.0,0.1913767735489246,0.890653053730101,0.5541655262966595,0.7069799285157714,1.7918441232927174,0.9535791698917726,1.4131221080925638,0.8316474909696543,1.6028517995351728,1.298,1.5219999999999998,0.017793579109904673,-0.004488219498990732,981.9839478469089
784,Wolves,39,20,2024-02-17T15:00:00Z,1.755,1.355,False,6.0,0,2,148.0,202.0,0.3531185248653409,0.9614730245690838,0.4676468900341726,0.7069799285157714,1.7918441232927174,0.9185791698917726,1.4481221080925637,0.7966474909696543,1.6292346521897243,1.35,1.445,0.009705403653248592,0.006651846087723464,962.2265296007149
785,Wolves,39,20,2024-02-25T13:30:00Z,1.115,0.29,True,49.0,1,2,102.0,131.0,0.1621819349824969,0.7416190417900785,0.5021287426751796,0.7419799285157714,1.7593209226265396,0.9185791698917726,1.4481221080925637,0.8316474909696543,1.598976977488601,1.412,1.565,0.009440877283280373,0.012451066892944392,984.5465829757197
786,Wolves,39,20,2024-03-02T15:00:00Z,0.405,2.595,False,4.0,0,0,116.0,169.0,0.4079810748952651,0.9522567968870652,0.5192809144710232,0.7419799285157714,1.7593209226265396,0.8835791698917725,1.4131221080925638,0.7966474909696543,1.563976977488601,1.415,1.577,0.007000000000000006,0.006750989316558284,990.6624088397871
787,Wolves,39,20,2024-03-09T15:00:00Z,0.91,1.85,True,54.0,0,1,97.0,217.0,0.1728081716530531,1.01459258805895,0.5194334665251397,0.7196693113770488,1.7943209226265395,0.8835791698917725,1.4131221080925638,0.7616474909696542,1.598976977488601,1.4240000000000002,1.648,-0.007000000000000006,-0.0004483866414348852,977.3025286749036
788,Wolves,39,20,2024-03-30T17:30:00Z,0.74,1.49,False,7.0,0,0,96.0,116.0,0.4150963915852061,0.8050886198010507,0.4616629334774624,0.7196693113770488,1.7943209226265395,0.8594959155869213,1.4481221080925637,0.7451438367845206,1.6327262839112424,1.374,1.7080000000000002,-0.016357664883590535,0.000674268507913662,977.3025667490589
789,Wolves,39,20,2024-04-02T18:45:00Z,0.915,0.99,False,90.0,0,1,88.0,160.0,0.3606305267884936,0.792846704289706,0.3746267260380263,0.6972378497939291,1.778537906445014,0.8594959155869213,1.4481221080925637,0.7193086548062007,1.6244511479056647,1.3119999999999998,1.622,-0.019463004096361976,0.0032094399385036126,968.0608990448814
790,Wolves,39,20,2024-04-06T14:00:00Z,1.245,1.565,True,21.0,0,0,141.0,98.0,0.1432952446190413,1.0291275684902943,0.4084482517417753,0.6648570739678596,1.7589897743063372,0.8594959155869213,1.4481221080925637,0.6843086548062006,1.6114878449043692,1.207,1.735,-0.028148981242650365,0.007935032992933555,966.9466700551947
791,Wolves,39,20,2024-04-13T14:00:00Z,1.595,1.95,False,17.0,0,1,120.0,208.0,0.3649348541688284,0.9544363255586604,0.2913763424740205,0.6648570739678596,1.7589897743063372,0.8551419880470238,1.4722065255556795,0.6937126403253041,1.6218773562631243,1.2819999999999998,1.665,-0.022072169819726616,0.009107410288981262,954.1703770237305
792,Wolves,39,20,2024-04-20T18:30:00Z,0.07,1.605,True,3.0,0,0,51.0,261.0,0.1225629680370321,1.0448769977146737,0.3332375291324919,0.6998570739678597,1.793989774306337,0.8551419880470238,1.4722065255556795,0.7282178662673974,1.6568773562631243,1.206,1.62,-0.01018404893968382,0.006971194512199063,954.0971682031995
793,Wolves,39,20,2024-04-24T18:45:00Z,0.275,1.44,True,91.0,0,0,127.0,211.0,0.2219934195843583,1.0193487760003015,0.3436291893252715,0.6998570739678597,1.793989774306337,0.8443524621624944,1.4610643505333778,0.7177078061521156,1.627697010137483,1.093,1.6969999999999998,-0.0028871009502666046,0.0023577647874953394,948.3767055480442
794,Wolves,39,20,2024-04-27T14:00:00Z,1.61,0.7949999999999999,True,102.0,0,2,113.0,123.0,0.172661548565612,0.8261601591113458,0.3672671472529889,0.6998570739678597,1.793989774306337,0.8093524621624943,1.466865415556693,0.6827078061521156,1.628605866155966,1.086,1.773,-0.001380044665445349,0.002982888198595639,934.2585316013269
795,Wolves,39,20,2024-05-04T16:30:00Z,0.675,4.285,False,43.0,0,0,31.0,338.0,0.4193937754646443,0.8623393643234025,0.7666260441464604,0.6998570739678597,1.793989774306337,0.8111154961664069,1.4363126614747888,0.6895603797712252,1.593605866155966,1.051,1.694,-0.0004933125088492719,-0.002811563148260936,943.4959270306555
796,Wolves,39,20,2024-05-11T14:00:00Z,1.285,2.85,True,31.0,0,0,171.0,124.0,0.3031812044399204,0.9003467904199356,0.4567633367523247,0.6988742466089144,1.8140983630777043,0.8111154961664069,1.4363126614747888,0.6887813990679045,1.6173269291989758,0.98,1.901,-0.005017961879300421,-0.006047364274963846,940.1169739855553
797,Wolves,39,20,2024-05-19T15:00:00Z,0.2799999999999999,5.92,False,14.0,0,0,54.0,427.0,0.6306396031391679,1.317375061140424,0.8340424787805804,0.6988742466089144,1.8140983630777043,0.8306426930160313,1.4713126614747887,0.717076621636661,1.6523269291989757,1.035,1.856,-0.00387522487963445,-0.0025389250896075514,930.0306958190529
798,Wolves,39,20,2024-08-17T14:00:00Z,0.24,1.62,False,3.0,0,0,91.0,203.0,0.5371641357749084,1.1579583808869964,0.7486997057182292,0.67754649068431,1.8305894155618574,0.8306426930160313,1.4713126614747887,0.6886317804888509,1.6794277973170813,0.992,2.066,-0.0012300760733145184,0.010101091087715152,922.9261817099748
799,Wolves,39,20,2024-08-25T13:00:00Z,1.96,3.78,True,8.0,0,0,119.0,182.0,0.2358076034532714,1.0113808369932833,0.3930381508073637,0.6599443938926616,1.7955894155618575,0.8306426930160313,1.4713126614747887,0.6799784971926391,1.6503602994271178,0.987,2.153,0.0003389394264071826,0.01146394170968872,919.5169824302224
800,Wolves,39,20,2024-08-31T14:00:00Z,0.875,1.02,False,17.0,0,1,66.0,207.0,0.4466832167138176,0.9984120740232194,0.6867664377808449,0.6599443938926616,1.7955894155618575,0.8656426930160314,1.5063126614747886,0.7149784971926392,1.6853602994271177,1.018,2.175,0.0020639154380989655,0.01671351843309401,913.3802409389831
801,Wolves,39,20,2024-09-15T15:30:00Z,0.99,1.605,True,4.0,0,0,136.0,123.0,0.2167392471303222,1.008851762105887,0.3190296728501717,0.6478614215547132,1.7645849211169768,0.8656426930160314,1.5063126614747886,0.6981632630012835,1.6632347623557877,0.943,2.2840000000000003,0.0009131903725319437,0.00855919367367206,913.4294139955368
802,Wolves,39,20,2024-09-21T14:00:00Z,0.765,2.365,False,7.0,0,0,106.0,143.0,0.3940869463329692,0.8098760575736151,0.8385961182739905,0.6478614215547132,1.7645849211169768,0.8461127536361398,1.50196076855134,0.6930528839492824,1.6415006013039652,0.959,2.199,-0.0016149783114169924,-0.001934592695969517,906.8684583000903
803,Wolves,39,20,2024-09-28T16:30:00Z,0.8200000000000001,2.27,True,14.0,0,0,107.0,182.0,0.2263527477680284,1.2913291483045786,0.248134189994578,0.6245566169787437,1.7995849211169768,0.8461127536361398,1.50196076855134,0.6652397869733051,1.6765006013039652,1.014,2.081,-0.002701486899975847,-0.0018097317573248046,900.3919442117844
804,Wolves,39,20,2024-10-05T14:00:00Z,2.025,4.625,False,94.0,0,0,159.0,353.0,0.5487342915923095,1.332125822557256,0.6522414253242148,0.6245566169787437,1.7995849211169768,0.8324743437013583,1.526001527789218,0.6685324421580721,1.6826417119847925,0.994,2.052,-0.006044479568081105,0.003231251639059808,895.3902074863562
805,Wolves,39,20,2024-10-20T13:00:00Z,0.985,1.81,True,43.0,0,0,39.0,295.0,0.2516076927084665,1.2910337820146722,0.1929932588846718,0.6595566169787437,1.8345849211169767,0.8324743437013583,1.526001527789218,0.7035324421580721,1.7176417119847924,1.04,2.282,-0.00496959527652706,0.007275083190725365,883.3272810086536
806,Wolves,39,20,2024-10-26T14:00:00Z,1.685,1.655,False,36.0,0,1,205.0,183.0,0.4401266712384629,1.1583200842111991,0.665076664141056,0.6595566169787437,1.8345849211169767,0.8521584096183884,1.506306950748144,0.7266258743517773,1.6868597058591361,1.048,2.239,0.005058411044674423,0.010076833149715744,881.9216343390419
807,Wolves,39,20,2024-11-02T17:30:00Z,1.76,2.255,True,31.0,0,1,123.0,211.0,0.4668059832176962,1.186359608233634,0.2545503124658558,0.6945566169787437,1.8296442476765409,0.8521584096183884,1.506306950748144,0.7616258743517773,1.6900134846170272,1.082,2.298,0.016057806118511167,0.008818335149452069,883.5116119070933
808,Wolves,39,20,2024-11-09T15:00:00Z,1.63,0.33,True,20.0,1,2,92.0,59.0,0.4141824313915415,1.0049463619594932,0.2090946874734434,0.6945566169787437,1.8296442476765409,0.8871584096183884,1.5413069507481438,0.7966258743517773,1.725013484617027,1.151,2.082,0.027408690447633777,0.006682792238181636,884.126622343534
809,Wolves,39,20,2024-11-23T15:00:00Z,2.66,1.015,False,54.0,0,2,133.0,85.0,0.3556540776299156,0.9564711766087104,0.677281849887488,0.6945566169787437,1.8296442476765409,0.9002752156867327,1.506306950748144,0.8119233274035871,1.6900134846170272,1.152,1.938,0.029463849223105455,0.0017750845661648068,894.7676941661001
810,Wolves,39,20,2024-11-30T15:00:00Z,1.235,3.645,True,91.0,0,0,85.0,163.0,0.3332530021934212,1.3638471704129391,0.2981847569237893,0.7295566169787437,1.794644247676541,0.9002752156867327,1.506306950748144,0.8469233274035871,1.655921807287695,1.166,1.841,0.02879562243951442,-0.007546805348908991,920.8788915540816
811,Wolves,39,20,2024-12-04T19:30:00Z,0.39,2.51,False,11.0,0,0,59.0,102.0,0.3010642826010454,0.8683664706956638,0.6045525499124906,0.7295566169787437,1.794644247676541,0.889639302681798,1.5413069507481438,0.8482909719332221,1.6909218072876948,1.185,1.797,0.025129008574698953,-0.0033418435670058105,910.1181802613497
812,Wolves,39,20,2024-12-09T20:00:00Z,1.315,1.505,False,21.0,0,0,123.0,176.0,0.3097166642452575,0.824285032763294,0.470207538820826,0.7022500547285936,1.805214346466136,0.889639302681798,1.5413069507481438,0.8132909719332221,1.713814012535422,1.108,1.776,0.012809165161473093,-0.0004961162778672852,895.7604238443545
813,Wolves,39,20,2024-12-14T15:00:00Z,1.135,1.6,True,40.0,0,0,148.0,118.0,0.2680856683726609,1.227436688098953,0.3185881442740583,0.7192189509173303,1.8000059360964942,0.889639302681798,1.5413069507481438,0.8190369932253556,1.715485916799745,1.125,1.809,0.003357890642469468,0.001678964133393533,885.8412337333928
814,Wolves,39,20,2024-12-22T14:00:00Z,2.03,0.405,False,13.0,1,2,89.0,101.0,0.245335183301867,0.6655550254825621,0.5168280857495314,0.7192189509173303,1.8000059360964942,0.8652713735409684,1.5342495536886345,0.7987193462849153,1.7059774331584654,1.166,1.745,-0.005276540232230105,0.0080401221854591,872.0078582395743
815,Wolves,39,20,2024-12-26T17:30:00Z,1.4300000000000002,0.22,True,1.0,1,2,78.0,105.0,0.2573999642898474,1.0057840907436295,0.2477907788798231,0.7542189509173304,1.7650059360964943,0.8652713735409684,1.5342495536886345,0.8337193462849153,1.6709774331584655,1.096,1.493,-0.005971107464175605,0.0034890546065853606,889.6895303378041
816,Wolves,39,20,2024-12-29T15:00:00Z,1.36,2.125,False,6.0,0,1,91.0,127.0,0.2019273647903409,0.9709872420419928,0.4375329555829689,0.7542189509173304,1.7650059360964943,0.8828276594960413,1.4992495536886346,0.8563426323406174,1.6359774331584656,1.135,1.3030000000000002,0.0023207365186175845,-0.011792574069094152,911.5391161010878
817,Wolves,39,20,2025-01-06T20:00:00Z,0.79,2.6,True,17.0,0,0,197.0,110.0,0.2290888611143257,0.9267209594672676,0.5082817169065291,0.7651249136919868,1.7799745048187183,0.8828276594960413,1.4992495536886346,0.8636026348112434,1.6545895863765063,1.021,1.247,0.011385006621025488,-0.016275645191954752,911.8920972064607
818,Wolves,39,20,2025-01-15T19:30:00Z,0.8150000000000001,2.555,False,4.0,0,0,146.0,153.0,0.1992768392813763,1.01076785492155,0.5114145210089758,0.7651249136919868,1.7799745048187183,0.8530811928830431,1.5342495536886345,0.8433386057885245,1.6895895863765062,1.095,1.146,0.009679463270015173,-0.009104148356059159,905.4571344140735
819,Wolves,39,20,2025-01-20T20:00:00Z,0.925,3.075,False,8.0,0,0,115.0,269.0,0.4549930972188482,1.1461527760500945,0.43998907189587,0.7680044100225725,1.8133892972666554,0.8530811928830431,1.5342495536886345,0.831610561974222,1.7245895863765062,1.149,1.24,0.0057306816979424986,0.004785982256067627,898.8887655408208
820,Wolves,39,20,2025-01-25T15:00:00Z,0.375,1.0,True,3.0,0,0,69.0,100.0,0.2137357808666978,0.7896718573634304,0.5131080020384116,0.7629697346978884,1.8483892972666554,0.8530811928830431,1.5342495536886345,0.8187846065786738,1.759589586376506,1.131,1.4240000000000002,-0.0048323982472317836,0.021254206449837852,893.1898352692766
821,Wolves,39,20,2025-02-01T17:30:00Z,1.84,0.225,True,7.0,1,2,99.0,82.0,0.1662389406740983,0.7119670001715569,0.3990840015854312,0.7629697346978884,1.8483892972666554,0.8381488498080365,1.4992495536886346,0.8055375354838064,1.7245895863765062,1.115,1.361,-0.011434503222744755,0.022658879031148636,890.2136974970908
822,Wolves,39,20,2025-02-16T14:00:00Z,1.245,1.83,False,14.0,0,0,109.0,106.0,0.3783279645035486,1.2358966035945178,0.3422137225856767,0.7629697346978884,1.8483892972666554,0.8731488498080365,1.4642495536886346,0.8405375354838064,1.6895895863765062,1.155,1.341,-0.006901561798482511,0.00899999999999998,917.6579562078326
823,Wolves,39,20,2025-02-22T15:00:00Z,1.51,0.31,False,91.0,1,2,107.0,97.0,0.3031439723916489,1.090141802795736,0.2661662286777486,0.7977071562141789,1.8133892972666554,0.8731488498080365,1.4642495536886346,0.8707038209094787,1.6582269360681898,1.141,1.271,0.004295997858247341,-0.008480378615473764,914.6556422779905
824,Wolves,39,20,2025-02-25T19:30:00Z,1.155,1.845,True,54.0,0,0,140.0,110.0,0.2204080649687431,0.5870854445778776,0.5615097790108909,0.8299428693848929,1.7783892972666555,0.8731488498080365,1.4642495536886346,0.8958580186832885,1.62322693606819,1.1,1.25,0.014628426472507068,-0.024168605784758,942.4326690572109
825,Wolves,39,20,2025-03-08T20:00:00Z,0.89,1.205,True,11.0,0,1,115.0,126.0,0.2180951616423557,0.5677331235605715,0.5945076058973596,0.8299428693848929,1.7783892972666555,0.875202406249517,1.4926974527705088,0.9043630072089205,1.6462134895589255,1.151,1.259,0.020829135376438636,-0.025780888152033367,933.0407350381671
826,Wolves,39,20,2025-03-15T15:00:00Z,1.18,1.185,False,20.0,0,2,57.0,146.0,0.249111978526838,0.947888068841128,0.4047959556382489,0.8299428693848929,1.7783892972666555,0.8592517168394064,1.501407538583731,0.8989349021527114,1.6459399499490925,1.188,1.28,0.019531927036962216,-0.015953613502566005,933.2000866195059
827,Wolves,39,20,2025-04-01T18:45:00Z,1.095,0.67,True,21.0,1,2,65.0,69.0,0.22296290349961,0.5904590961026667,0.5601725823646131,0.8045632364682836,1.7791456718623226,0.8592517168394064,1.501407538583731,0.868778018851994,1.6513320517008743,1.154,1.2990000000000002,0.006697161402750521,-0.005861773664134746,939.6989745509277
828,Wolves,39,20,2025-04-05T14:00:00Z,2.35,0.9,False,40.0,0,2,237.0,80.0,0.2470870944097629,0.7594684979875441,0.4170635210519713,0.8045632364682836,1.7791456718623226,0.8473410439451219,1.4664075385837312,0.862508209836442,1.6163320517008744,1.022,1.258,-0.0036470331404364555,-0.003583788987095923,955.5031839082428
829,Wolves,39,20,2025-04-13T13:00:00Z,2.685,1.98,True,6.0,0,2,145.0,122.0,0.2223044804996967,0.5614681858576296,0.746800897394699,0.8395632364682837,1.7575089700985624,0.8473410439451219,1.4664075385837312,0.8975082098364421,1.5981434358964428,1.113,1.185,-0.0042134377043538535,-0.00599056321946021,964.572886215501
830,Wolves,39,20,2025-04-20T13:00:00Z,0.625,0.66,False,1.0,1,2,37.0,91.0,0.19884551787426,0.8595866095458676,0.3399382941515332,0.8395632364682837,1.7575089700985624,0.8823410439451219,1.5010972283751176,0.9325082098364421,1.6214344484626975,1.143,1.038,0.00371931791923566,-0.008636707075402558,977.1192483323972
831,Wolves,39,20,2025-04-26T14:00:00Z,2.51,0.575,True,13.0,1,2,175.0,74.0,0.1973479292775418,0.4855863667781563,0.7630673646403214,0.8076649992719385,1.7225089700985625,0.8823410439451219,1.5010972283751176,0.8975082098364421,1.5864344484626975,1.111,1.029,0.006258774610628502,-0.011583112370026771,987.7314955623522
832,Wolves,39,20,2025-05-02T19:00:00Z,0.21,0.855,False,43.0,0,0,42.0,124.0,0.1591020694577578,0.7974562518690083,0.2910631176734147,0.8076649992719385,1.7225089700985625,0.917341043945122,1.4660972283751177,0.9325082098364421,1.5514344484626976,1.187,1.021,0.013104312997778303,-0.016168280381118828,992.8418561215658
833,Wolves,39,20,2025-05-10T14:00:00Z,0.4599999999999999,1.785,True,36.0,0,0,102.0,67.0,0.1534928338825325,0.5510116186052326,0.76905239472025,0.7850996678849201,1.6875089700985626,0.917341043945122,1.4660972283751177,0.9086637173593398,1.5164344484626977,1.12,1.039,0.00859364393184254,-0.01927471367120339,985.0867254306316
834,Wolves,39,20,2025-05-20T19:00:00Z,1.765,2.845,False,31.0,0,0,145.0,181.0,0.1726349429115894,0.7646881958981175,0.4108268693015448,0.7850996678849201,1.6875089700985626,0.8823410439451219,1.4860453224541208,0.8736637173593398,1.532799469395593,1.115,1.009,-0.004450169709051953,-0.019334852357264225,969.8967503718219
835,Wolves,39,20,2025-05-25T15:00:00Z,1.0550000000000002,1.215,True,94.0,0,1,144.0,166.0,0.1593833152419697,0.6418979255818476,0.6648185292268611,0.8200996678849202,1.7225089700985625,0.8823410439451219,1.4860453224541208,0.9086637173593398,1.567799469395593,1.12,1.08,-0.006131440922683448,-0.013259423786766731,958.9181521654451
836,Brentford,94,4,2022-08-07T13:00:00Z,2.0,2.0,False,13.0,0,1,72.0,133.0,1.0,1.0,0.0,1.5617324700640491,1.4824367655249233,1.5617324700640491,1.4824367655249233,1.5617324700640491,1.4824367655249233,1.5,1.5,,,1000.0
837,Brentford,94,4,2022-08-13T16:30:00Z,4.0,0.0,True,1.0,1,2,203.0,152.0,0.0,0.0,0.0,1.5793522415065442,1.5174367655249232,1.5617324700640491,1.4824367655249233,1.5793522415065442,1.5174367655249232,0.72,1.33,0.017619771442495047,0.03499999999999992,1000.0
838,Brentford,94,4,2022-08-20T14:00:00Z,2.0,3.0,False,54.0,0,0,210.0,282.0,0.7777777777777778,1.2222222222222223,0.2222222222222222,1.5793522415065442,1.5174367655249232,1.596732470064049,1.4474367655249234,1.614352241506544,1.4824367655249233,1.375,1.425,0.026309885721247483,0.0,1025.25567051105
839,Brentford,94,4,2022-08-27T14:00:00Z,1.0,1.0,True,11.0,0,1,238.0,186.0,0.0,0.2222222222222222,0.0,1.610658541897626,1.5524367655249232,1.596732470064049,1.4474367655249234,1.645658541897626,1.5174367655249232,1.6166666666666665,1.89,0.028677821550073035,0.006999999999999984,986.3240009292089
840,Brentford,94,4,2022-08-30T18:30:00Z,1.0,1.0,False,31.0,0,1,123.0,133.0,0.6049382716049383,1.1728395061728396,0.1728395061728395,1.610658541897626,1.5524367655249232,1.5617324700640491,1.4312028196184907,1.610658541897626,1.5006415363503132,1.8075,1.8825,0.016415844405823554,0.00364095416507797,985.5800775221588
841,Brentford,94,4,2022-09-03T14:00:00Z,5.0,2.0,True,2.0,0,2,169.0,179.0,0.0,0.6172839506172839,0.0,1.5786095733320376,1.5250668040239486,1.5617324700640491,1.4312028196184907,1.5786095733320376,1.4756356615950843,1.692,1.7719999999999998,0.005988877654407697,-0.0014111773478007249,985.5806871127942
842,Brentford,94,4,2022-09-18T11:00:00Z,0.0,3.0,True,3.0,0,0,79.0,186.0,0.2222222222222222,0.7023319615912208,0.2222222222222222,1.5786095733320376,1.5250668040239486,1.596732470064049,1.4662028196184906,1.6136095733320375,1.5106356615950842,1.6916666666666669,1.775,0.0008302472743984815,-0.002034401731809205,1012.0250119232683
843,Brentford,94,4,2022-10-01T14:00:00Z,0.0,0.0,False,91.0,1,1,164.0,78.0,0.4705075445816187,0.9122085048010976,0.1344307270233196,1.5786095733320376,1.5250668040239486,1.5617324700640491,1.5012028196184906,1.5786095733320376,1.5456356615950841,1.5628571428571427,1.7871428571428571,-0.00876883471813962,0.007731008394458807,1000.4655142270984
844,Brentford,94,4,2022-10-08T14:00:00Z,1.0,5.0,False,4.0,0,0,118.0,222.0,0.3659503124523701,1.5983843926230756,0.1045572321292486,1.5436095733320376,1.4900668040239486,1.5617324700640491,1.5012028196184906,1.5436095733320376,1.5106356615950842,1.5725,1.66125,-0.016325478529277345,0.0038850530310033655,1000.3736098231791
845,Brentford,94,4,2022-10-14T19:00:00Z,2.0,0.0,True,36.0,1,2,107.0,303.0,0.1728395061728395,0.5462581923487273,0.1728395061728395,1.517683536709617,1.5250668040239486,1.5617324700640491,1.5012028196184906,1.5190008723402841,1.5456356615950841,1.528888888888889,1.7233333333333334,-0.017093952793905975,0.010427732177824417,988.2551168540549
846,Brentford,94,4,2022-10-19T18:30:00Z,0.0,0.0,True,8.0,1,1,154.0,181.0,0.1344307270233196,0.424867482937899,0.1344307270233196,1.517683536709617,1.5250668040239486,1.596732470064049,1.4662028196184906,1.554000872340284,1.5106356615950842,1.483,1.854,-0.012624845940972212,0.006999999999999984,1005.8454163128883
847,Brentford,94,4,2022-10-23T13:00:00Z,0.0,4.0,False,7.0,0,0,155.0,277.0,0.2846280207962878,1.4654100831512809,0.7479889583227489,1.517683536709617,1.5250668040239486,1.5617324700640491,1.4312028196184907,1.5190008723402841,1.4756356615950843,1.565,1.902,-0.016327951683593734,-0.006999999999999984,1005.9446141974527
848,Brentford,94,4,2022-10-29T14:00:00Z,1.0,1.0,True,39.0,0,1,156.0,144.0,0.1045572321292486,0.5526747089516992,0.1045572321292486,1.4826835367096172,1.5600668040239485,1.5617324700640491,1.4312028196184907,1.4840008723402842,1.5106356615950842,1.517,2.027,-0.014624845940972206,-0.00899999999999998,983.7316783382611
849,Brentford,94,4,2022-11-05T15:00:00Z,2.0,2.0,False,17.0,0,1,77.0,173.0,0.2213773495082238,1.361985620228774,0.5817691898065825,1.4826835367096172,1.5600668040239485,1.5267324700640492,1.4201457177699839,1.4490008723402843,1.502073461495413,1.463,1.889,-0.01751552871310761,-0.005223171442810167,983.2563879494743
850,Brentford,94,4,2022-11-12T12:30:00Z,1.6431,1.3039,False,43.0,0,2,217.0,403.0,0.2665601607286185,1.3119443712890462,0.4627760365162309,1.5159930122824925,1.5358580680862681,1.5267324700640492,1.4201457177699839,1.4819632367904263,1.486753386362296,1.3019999999999998,1.876,-0.015291090792836812,-0.00814565647037014,982.8134171695759
851,Brentford,94,4,2022-12-26T12:30:00Z,2.08775,1.5343,True,6.0,0,1,167.0,189.0,0.1418111805449711,0.5207025514068772,0.1674778472116378,1.5509930122824924,1.5008580680862682,1.5267324700640492,1.4201457177699839,1.5169632367904262,1.451753386362296,1.396,2.146,-0.009465745268538932,-0.007703440056056499,1007.4368671151725
852,Brentford,94,4,2022-12-30T19:45:00Z,1.85845,0.62085,False,21.0,1,2,152.0,218.0,0.3602579027889255,1.1012678443359247,0.420959139512624,1.5509930122824924,1.5008580680862682,1.5617324700640491,1.4185255416394333,1.5519632367904261,1.446561747760933,1.394,2.156,0.008476036572893657,-0.009638184857206815,1007.5062430339754
853,Brentford,94,4,2023-01-02T17:30:00Z,2.26515,1.51285,True,14.0,0,2,182.0,287.0,0.2321642515349775,0.5551464288720156,0.3083938811646072,1.5705395925707384,1.4658580680862683,1.5617324700640491,1.4185255416394333,1.5745173077887928,1.411561747760933,1.467,2.188,0.022756264874084817,-0.01991156315354846,1016.3589331791916
854,Brentford,94,4,2023-01-14T17:30:00Z,1.7345000000000002,0.23635,True,91.0,1,2,101.0,65.0,0.1805721956383158,0.4746472224560121,0.30203968535025,1.5705395925707384,1.4658580680862683,1.596732470064049,1.4011774945846562,1.6095173077887928,1.39649984102166,1.485,2.397,0.03186412543536119,-0.02167527590783476,1028.9525001549189
855,Brentford,94,4,2023-01-22T14:00:00Z,0.14425,0.2507,False,2.0,1,1,35.0,89.0,0.3107339243913866,0.9229416567057191,0.3419237751764853,1.5705395925707384,1.4658580680862683,1.5972757195840772,1.3661774945846563,1.612300765741071,1.36149984102166,1.4680000000000002,2.24,0.027197255107048287,-0.02362938179214534,1035.8968283911242
856,Brentford,94,4,2023-02-04T15:00:00Z,2.575,0.315,True,20.0,1,2,140.0,104.0,0.156000596607579,0.4691700619102316,0.2593641997168611,1.5355395925707385,1.4308580680862684,1.5972757195840772,1.3661774945846563,1.5773007657410711,1.3264998410216602,1.396,2.026,0.014791435188718838,-0.025614724390293445,1034.934290910711
857,Brentford,94,4,2023-02-11T15:00:00Z,1.685,1.34,False,3.0,0,1,134.0,239.0,0.2839041634155229,1.0467323996600038,0.2703851584705997,1.5355395925707385,1.4308580680862684,1.6322757195840771,1.3311774945846564,1.612300765741071,1.2914998410216603,1.382,1.949,0.008937756473209652,-0.030442721540405192,1040.5319856037265
858,Brentford,94,4,2023-02-18T15:00:00Z,0.915,1.0550000000000002,True,31.0,0,1,126.0,126.0,0.1435560195836725,0.5271322703746246,0.261727710890892,1.5694856992047874,1.3983922386586307,1.6322757195840771,1.3311774945846564,1.646739662481243,1.2688354791866538,1.361,1.911,0.00955606135197387,-0.030389466939182718,1041.2928795943599
859,Brentford,94,4,2023-03-06T20:00:00Z,2.675,1.71,True,54.0,0,2,161.0,110.0,0.1116546818984119,0.6922139880691525,0.2613437751373604,1.5694856992047874,1.3983922386586307,1.5972757195840772,1.3193713657721375,1.611739662481243,1.2643120964915047,1.331,1.893,0.004269384676650478,-0.027826623090165585,1040.3074023859951
860,Brentford,94,4,2023-03-11T15:00:00Z,1.045,1.015,False,11.0,0,0,123.0,140.0,0.2741476826565178,0.989680755291114,0.2102995676993553,1.5694856992047874,1.3983922386586307,1.6322757195840771,1.3530866983167673,1.646739662481243,1.2993120964915046,1.415,1.83,0.008855716304615622,-0.014861894802178588,1053.8032685204407
861,Brentford,94,4,2023-03-15T19:30:00Z,2.01,0.255,False,20.0,1,2,136.0,59.0,0.2154481976217361,0.805307254115311,0.2413441082106097,1.5404554406290203,1.388324774165439,1.6322757195840771,1.3530866983167673,1.6126841963983989,1.2992794840893993,1.321,1.567,0.007006681243061554,-0.0033482400270548746,1027.4810215112361
862,Brentford,94,4,2023-03-18T15:00:00Z,0.825,1.175,True,13.0,0,1,106.0,87.0,0.1179536414765426,0.7383886573871186,0.2721562695512803,1.5661424689905155,1.353324774165439,1.6322757195840771,1.3530866983167673,1.6384308568770345,1.2642794840893994,1.29,1.4369999999999998,0.0018138302123224266,-0.0002791362843733745,1034.6281743605898
863,Brentford,94,4,2023-04-01T14:00:00Z,2.25,3.725,False,36.0,0,1,128.0,331.0,0.3053485981502392,1.2241278643119085,0.4343787508304742,1.5661424689905155,1.353324774165439,1.5972757195840772,1.3459821982528402,1.6034308568770346,1.2632973148292084,1.244,1.306,-0.004872168883328897,-0.0007948934684470999,1033.2327100366495
864,Brentford,94,4,2023-04-05T19:00:00Z,0.31,1.05,False,1.0,0,0,56.0,133.0,0.2530489096724083,1.1832105611314845,0.3378501395348133,1.6011424689905154,1.388324774165439,1.5972757195840772,1.3459821982528402,1.6384308568770345,1.2982973148292083,1.19,1.35,0.0008364633041419418,0.0007680499057608449,1033.1708157941832
865,Brentford,94,4,2023-04-08T14:00:00Z,1.82,1.59,True,4.0,0,0,157.0,98.0,0.151741721148422,0.6654134001899812,0.3227882096509957,1.5661424689905155,1.3581562096076623,1.5972757195840772,1.3459821982528402,1.6034308568770346,1.2750601310873624,1.145,1.418,-0.0049801156167181395,-0.0035768144017564313,1019.9252689964262
866,Brentford,94,4,2023-04-15T14:00:00Z,0.59,1.365,False,39.0,0,0,101.0,163.0,0.2057047075229842,1.0091637697689322,0.3249945529715214,1.5661424689905155,1.3581562096076623,1.6322757195840771,1.3121211594625057,1.6384308568770345,1.2456544796798252,1.267,1.4269999999999998,0.0016780943540908057,-0.005736659458685184,1009.8523185246402
867,Brentford,94,4,2023-04-22T14:00:00Z,1.87,1.455,True,7.0,0,1,149.0,81.0,0.129132449782106,0.8508770890366519,0.3310574963952188,1.5311424689905155,1.369506270725726,1.6322757195840771,1.3121211594625057,1.6034308568770346,1.2668294988989137,1.228,1.486,-0.002999999999999993,-0.0018118747183549619,990.2291757451277
868,Brentford,94,4,2023-04-26T18:45:00Z,1.025,0.62,False,8.0,1,2,65.0,135.0,0.2377703280734321,0.8626829320425028,0.37055131897785,1.5311424689905155,1.369506270725726,1.6574360218825068,1.3227105028421065,1.6338683570755288,1.2770684618880728,1.243,1.328,0.0023482143140706084,-0.0015700961115456824,990.5869409159744
869,Brentford,94,4,2023-04-29T14:00:00Z,1.855,0.875,True,17.0,0,2,176.0,55.0,0.111547460941638,0.8017932914729515,0.2730447194185035,1.5087112302220391,1.334506270725726,1.6574360218825068,1.3227105028421065,1.6090396332712629,1.2420684618880729,1.182,1.337,-0.0025898176409535813,-0.007255550088127359,1000.9555612200091
870,Brentford,94,4,2023-05-06T16:30:00Z,0.095,1.54,False,14.0,0,0,38.0,145.0,0.2249324773904472,0.9176422804775022,0.4659843592049945,1.5087112302220391,1.334506270725726,1.6690824963269455,1.3019476787560564,1.623751791895289,1.2254709493597278,1.197,1.2819999999999998,0.0012533858420700524,-0.007098999972122031,1009.7309606158149
871,Brentford,94,4,2023-05-14T13:00:00Z,2.84,0.11,True,21.0,1,2,319.0,70.0,0.100092469621274,0.6480614489234068,0.2234792262143916,1.4737112302220392,1.3206168385340569,1.6690824963269455,1.3019476787560564,1.5887517918952891,1.2198928065896335,1.112,1.287,-0.006064606961663691,-0.008225257544814754,998.6364065846078
872,Brentford,94,4,2023-05-20T11:30:00Z,2.14,1.4449999999999998,False,6.0,0,2,126.0,202.0,0.2749474824147923,0.9114995514825016,0.4846545016038846,1.4737112302220392,1.3206168385340569,1.7040824963269454,1.2669476787560565,1.623751791895289,1.1848928065896336,1.295,1.298,-0.0005437960521548657,-0.01708022685628753,1009.1168652056158
873,Brentford,94,4,2023-05-28T15:30:00Z,0.705,0.32,True,43.0,1,2,0.0,0.0,0.1022941430387686,0.5596033491626498,0.2382616203889712,1.5087112302220391,1.313894455391045,1.7040824963269454,1.2669476787560565,1.658751791895289,1.1845571766659386,1.315,1.413,0.00381581857059656,-0.018276043850745223,1022.2541093954866
874,Brentford,94,4,2023-08-13T13:00:00Z,2.005,1.63,True,6.0,0,1,157.0,182.0,0.2395621112523756,0.5596914937931721,0.1853145936358665,1.5087112302220391,1.313894455391045,1.6690824963269455,1.2319476787560566,1.6244641924010181,1.1495571766659387,1.187,1.082,0.006203508447107886,-0.017722792691201087,1047.4122424210952
875,Brentford,94,4,2023-08-19T14:00:00Z,3.4,0.23,False,54.0,1,2,227.0,78.0,0.2405147085448384,0.7733885400419458,0.388064612358577,1.5087112302220391,1.313894455391045,1.6923047008873,1.244610606012345,1.6511880415263214,1.1628950408369025,1.288,1.131,0.007980527133495669,-0.014977773208825873,1046.9076200983232
876,Brentford,94,4,2023-08-26T14:00:00Z,0.985,0.9,True,31.0,0,1,100.0,138.0,0.1974371976407366,0.5842044951724672,0.1641335728278962,1.543711230222039,1.278894455391045,1.6923047008873,1.244610606012345,1.6861880415263213,1.1278950408369026,1.358,1.111,0.015291497072971052,-0.016028060743481357,1056.8908291059417
877,Brentford,94,4,2023-09-02T14:00:00Z,2.64,2.01,True,91.0,0,1,229.0,159.0,0.153562264831684,0.7366034962452522,0.2943261121994748,1.543711230222039,1.278894455391045,1.6618782456953762,1.2289668762384618,1.6614317529516607,1.1212477670935905,1.357,1.086,0.008498068665721665,-0.013567821165610271,1055.9282321216908
878,Brentford,94,4,2023-09-16T16:30:00Z,0.2649999999999999,1.215,False,4.0,0,0,104.0,114.0,0.2115114399793188,0.6770799755881801,0.5196058096122266,1.543711230222039,1.278894455391045,1.6968782456953762,1.2639668762384617,1.6964317529516606,1.1562477670935905,1.4369999999999998,1.164,0.00955149962667959,-0.007470722187965295,1053.4256746100746
879,Brentford,94,4,2023-09-23T16:30:00Z,1.015,2.42,True,11.0,0,0,98.0,168.0,0.2149928726468653,0.6640249415240851,0.4511425317107026,1.5087112302220391,1.2536273305629884,1.6968782456953762,1.2639668762384617,1.6614317529516607,1.1394804556641145,1.476,1.143,0.00845178995584485,-0.0021992199994962697,1037.3731405844032
880,Brentford,94,4,2023-10-01T13:00:00Z,1.35,0.735,False,17.0,0,1,165.0,51.0,0.1845088977616923,0.5599510921241401,0.4552489630317318,1.5087112302220391,1.2536273305629884,1.6618782456953762,1.2989668762384616,1.6264317529516608,1.1744804556641144,1.398,1.256,-0.004658580245636713,0.0036480948176484253,1012.8860457699068
881,Brentford,94,4,2023-10-07T14:00:00Z,0.975,1.715,False,1.0,0,0,111.0,214.0,0.1857291427035385,0.6599619605409979,0.4096380823580136,1.498462514907012,1.2241081255678041,1.6618782456953762,1.2989668762384616,1.6074111815210506,1.155751445199501,1.525,1.162,-0.015253837143610097,0.008063222174145361,1012.5662984891193
882,Brentford,94,4,2023-10-21T14:00:00Z,3.11,0.57,True,90.0,1,2,272.0,38.0,0.1672166787253397,0.7409082878520662,0.3797775246638798,1.475051472690264,1.246104198281465,1.6618782456953762,1.2989668762384616,1.5796511286340078,1.186643763517274,1.317,1.306,-0.020313281025145555,0.010299743326747109,998.5161083087223
883,Brentford,94,4,2023-10-28T11:30:00Z,2.08,1.015,False,8.0,1,2,126.0,145.0,0.3044559998805299,0.6755259693096649,0.447496286278455,1.475051472690264,1.246104198281465,1.6968782456953762,1.2639668762384617,1.6146511286340077,1.151643763517274,1.463,1.142,-0.019236159027766663,0.0028497398632366566,1006.7682445852004
884,Brentford,94,4,2023-11-04T15:00:00Z,1.705,2.045,True,21.0,0,1,198.0,131.0,0.1456129723419308,0.8984842238849403,0.4220491858496843,1.5100514726902639,1.2242795531112014,1.6968782456953762,1.2639668762384617,1.6496511286340076,1.1361792717616974,1.589,1.287,-0.003485858497950486,-0.0015463907895666715,1016.514708468449
885,Brentford,94,4,2023-11-12T14:00:00Z,0.785,2.265,False,14.0,0,0,138.0,173.0,0.2634657776848566,0.7854090872408503,0.4058304448832427,1.5100514726902639,1.2242795531112014,1.7001662912950524,1.2989668762384616,1.6575606523178013,1.1711792717616973,1.63,1.236,0.009067552519130676,-0.003149212566442745,1015.8131338871156
886,Brentford,94,4,2023-11-25T17:30:00Z,0.585,1.26,True,3.0,0,0,63.0,169.0,0.1554767562659462,0.8721543963549536,0.45048270010531,1.4812038308386795,1.2592795531112013,1.7001662912950524,1.2989668762384616,1.6225606523178013,1.2061792717616973,1.541,1.331,0.009842169286718118,0.005436604736819278,1006.2233143724122
887,Brentford,94,4,2023-12-02T15:00:00Z,3.265,0.615,True,102.0,0,2,264.0,42.0,0.1209263659846248,0.698342308276075,0.3837087667485744,1.4812038308386795,1.2592795531112013,1.6651662912950524,1.2780967813042572,1.5875606523178014,1.1773485548935048,1.504,1.362,0.0020338775186897846,0.00434658518898353,998.035085228619
888,Brentford,94,4,2023-12-06T19:30:00Z,1.165,1.76,False,36.0,0,0,63.0,204.0,0.2493622715326662,0.7997626234095503,0.4178681237980777,1.4812038308386795,1.2592795531112013,1.7001662912950524,1.2430967813042573,1.6225606523178013,1.1423485548935048,1.539,1.245,-0.005192108872275732,0.0032009087507593125,1005.3450187054189
889,Brentford,94,4,2023-12-09T15:00:00Z,0.32,0.945,False,49.0,0,0,120.0,88.0,0.1983928778587404,0.7753709293185391,0.3650085407318382,1.4704772026061048,1.2776655818080342,1.7001662912950524,1.2430967813042573,1.6017329559041986,1.1605054490505244,1.4980000000000002,1.335,-0.010845453247115566,0.000180229113467575,989.4970035739489
890,Brentford,94,4,2023-12-17T14:00:00Z,0.75,2.0,True,7.0,0,0,75.0,171.0,0.2896093957658193,0.5964884619925028,0.3673290408044468,1.435477202606105,1.2622151863959636,1.7001662912950524,1.2430967813042573,1.5667329559041987,1.153267143903695,1.52,1.255,-0.013760616323109171,-0.007473774497815145,962.5515309291127
891,Brentford,94,4,2023-12-27T19:30:00Z,1.59,3.05,True,39.0,0,0,202.0,158.0,0.2252517522623039,0.9017132482163912,0.3168114761812364,1.435477202606105,1.2622151863959636,1.6651662912950524,1.2757704268430614,1.5317329559041988,1.1805781863549965,1.43,1.375,-0.015355693363497819,-0.005202650452740392,956.9438645717353
892,Brentford,94,4,2023-12-30T15:00:00Z,1.2,2.04,False,31.0,0,0,97.0,168.0,0.1765277938901314,0.8230662783588637,0.2838955316803186,1.435477202606105,1.2622151863959636,1.6545740335166796,1.3107704268430613,1.533202875686568,1.2155781863549964,1.521,1.319,-0.01655062778277069,0.008531392758431526,942.402795449527
893,Brentford,94,4,2024-01-20T17:30:00Z,2.14,1.545,True,17.0,0,2,147.0,94.0,0.1818624739817919,0.8524436375016375,0.3308533703631838,1.4296217250786962,1.2972151863959636,1.6545740335166796,1.3107704268430613,1.5275470658129169,1.2505781863549963,1.346,1.449,-0.02044737637649468,0.020962211762062127,926.293858525667
894,Brentford,94,4,2024-01-31T19:30:00Z,1.87,2.93,False,6.0,0,0,151.0,223.0,0.25729939524788,1.1201626609457829,0.2585854135291367,1.4296217250786962,1.2972151863959636,1.6858973922359706,1.3450610637346152,1.5625470658129168,1.2855781863549962,1.367,1.398,-0.008914777169939577,0.027208480396464646,943.502465406084
895,Brentford,94,4,2024-02-05T20:00:00Z,1.01,2.575,True,43.0,0,0,85.0,271.0,0.1836708130969492,0.8763450513901625,0.4817748436158097,1.459660016425008,1.3322151863959635,1.6858973922359706,1.3450610637346152,1.5841307434014755,1.3205781863549961,1.32,1.49,0.004965013066825343,0.033901577493043,934.7893849936003
896,Brentford,94,4,2024-02-10T15:00:00Z,1.97,0.565,False,39.0,1,2,135.0,134.0,0.2867884185261289,1.0023487362911645,0.2411219883004396,1.459660016425008,1.3322151863959635,1.6810897945388719,1.3800610637346151,1.5833524103347865,1.355578186354996,1.267,1.588,0.01273945357993316,0.03499999999999992,930.2979578252301
897,Brentford,94,4,2024-02-17T12:30:00Z,1.4249999999999998,3.41,True,14.0,0,0,157.0,215.0,0.2139661879642938,0.9882683733034596,0.6324915450345187,1.494660016425008,1.2972151863959636,1.6810897945388719,1.3800610637346151,1.609735262989338,1.3205781863549961,1.339,1.5530000000000002,0.016333189933371912,0.024999999999999942,948.1731258071683
898,Brentford,94,4,2024-02-20T19:30:00Z,0.17,1.73,False,43.0,0,0,67.0,304.0,0.3163909921869892,1.0107156837820168,0.4097615464558975,1.494660016425008,1.2972151863959636,1.6841932537485569,1.415061063734615,1.6228284286845192,1.355578186354996,1.232,1.726,0.01763408779487388,0.018999999999999958,943.188521546959
899,Brentford,94,4,2024-02-26T20:00:00Z,1.5750000000000002,2.755,False,21.0,0,0,168.0,148.0,0.2638596605898805,1.103889976274902,0.3187034250212536,1.4603254389679081,1.2788958358710225,1.6841932537485569,1.415061063734615,1.5878284286845192,1.335810802308807,1.236,1.826,0.00768236351033413,0.009176087993401553,938.698811546642
900,Brentford,94,4,2024-03-02T15:00:00Z,1.92,1.905,True,8.0,0,1,124.0,149.0,0.2486403684166729,0.8642087347915798,0.7163823128046256,1.4683990205918351,1.3138958358710224,1.6841932537485569,1.415061063734615,1.587924999568103,1.370810802308807,1.284,1.886,0.0012997857593576333,0.006481740789442502,927.2026532677147
901,Brentford,94,4,2024-03-09T17:30:00Z,0.98,1.66,False,3.0,0,0,105.0,194.0,0.2674464026810181,1.087469981547146,0.2478804416831972,1.4683990205918351,1.3138958358710224,1.7111991704597076,1.4476223501756103,1.622924999568103,1.4028060959172155,1.3330000000000002,1.864,0.0027837758829393684,0.010487714617895457,927.4657439814389
902,Brentford,94,4,2024-03-16T15:00:00Z,1.035,3.66,False,90.0,0,0,131.0,205.0,0.2257916465296807,1.172476652314447,0.4372403435313757,1.4661761295671538,1.2841721046736927,1.7111991704597076,1.4476223501756103,1.625699399965166,1.3808423911222898,1.236,1.9,0.002291627668956453,0.0136572786435179,923.2260203845375
903,Brentford,94,4,2024-03-30T20:00:00Z,1.81,0.75,True,1.0,0,1,317.0,90.0,0.23560917543519,0.7277179048378954,0.5727417988480421,1.431176129567154,1.3191721046736926,1.7111991704597076,1.4476223501756103,1.5906993999651662,1.4158423911222897,1.27,1.937,-0.0003437779929949806,0.013383173825294994,901.1714435777844
904,Brentford,94,4,2024-04-03T18:30:00Z,0.255,0.555,True,36.0,1,1,68.0,157.0,0.2321404697829256,0.6415583704294743,0.5676880657706994,1.431176129567154,1.3191721046736926,1.7261404547793278,1.4126223501756103,1.6154575208420416,1.3808423911222898,1.44,1.933,0.0042640874964532715,0.009665400163226735,903.089359019631
905,Brentford,94,4,2024-04-06T14:00:00Z,2.28,2.26,False,7.0,0,1,101.0,146.0,0.2556157250786406,1.0652596184667922,0.4422980449688478,1.431176129567154,1.3191721046736926,1.6911404547793278,1.3776223501756104,1.5804575208420417,1.3458423911222899,1.357,1.867,-0.0027068522802425918,-0.004449519151924658,903.6480208007433
906,Brentford,94,4,2024-04-13T14:00:00Z,1.01,0.42,True,49.0,1,2,102.0,78.0,0.2249981431644977,0.6034342881118133,0.4770907178216551,1.4661761295671538,1.3541721046736925,1.6911404547793278,1.3776223501756104,1.6154575208420416,1.3808423911222898,1.3730000000000002,1.742,-0.004237283146365841,-0.007137672113560806,905.8631873120688
907,Brentford,94,4,2024-04-20T14:00:00Z,4.065,0.7949999999999999,False,102.0,0,2,230.0,84.0,0.2054788972833871,0.937424147696394,0.3617873683091038,1.4661761295671538,1.3541721046736925,1.656140454779328,1.3426223501756105,1.5804575208420417,1.3458423911222899,1.34,1.686,-0.005341000942428442,-0.00899999999999998,915.7338529683012
908,Brentford,94,4,2024-04-27T16:30:00Z,0.415,0.885,False,11.0,0,0,125.0,103.0,0.1820391423315233,0.8691076704305286,0.2902790642404141,1.5011761295671537,1.3191721046736926,1.656140454779328,1.3426223501756105,1.6154575208420416,1.3128096889718384,1.413,1.555,0.0015368744109822126,-0.016718957450064475,926.9303339772993
909,Brentford,94,4,2024-05-04T14:00:00Z,0.32,0.595,True,54.0,1,1,101.0,133.0,0.201665222461276,0.5871155574202993,0.4910705583057317,1.4661761295671538,1.2998021365971235,1.656140454779328,1.3426223501756105,1.5804575208420417,1.2991519920113435,1.471,1.354,-0.002999999999999993,-0.015501431485888175,915.4725072479961
910,Brentford,94,4,2024-05-11T14:00:00Z,1.72,0.845,False,91.0,0,2,156.0,124.0,0.1482526662578515,0.7004170770015223,0.3479948277425443,1.4661761295671538,1.2998021365971235,1.621140454779328,1.3076223501756106,1.5454575208420418,1.2641519920113435,1.404,1.339,-0.006999999999999984,-0.01961588271537206,915.8597606421991
911,Brentford,94,4,2024-05-19T15:00:00Z,1.605,3.705,True,4.0,0,0,102.0,173.0,0.1857396174698813,1.0033121002157883,0.5774993231266803,1.4820694600757298,1.2693715821036182,1.621140454779328,1.3076223501756106,1.5509866790135418,1.2355162135238174,1.436,1.314,-0.01321012026121425,-0.028153136636734175,933.514909814071
912,Brentford,94,4,2024-08-18T13:00:00Z,1.9,1.085,True,31.0,0,2,141.0,126.0,0.1800197024765744,0.9936871890567244,0.4602772513207513,1.4820694600757298,1.2693715821036182,1.6289849138285857,1.3426223501756105,1.568762498109588,1.2705162135238173,1.433,1.293,-0.008196789689936227,-0.018386037552469314,923.8683995807723
913,Brentford,94,4,2024-08-25T15:30:00Z,0.185,2.325,False,14.0,0,0,72.0,255.0,0.2508631848672178,0.9936577265567396,0.2773293104664233,1.4820694600757298,1.2693715821036182,1.662253229170297,1.3076223501756106,1.603762498109588,1.2355162135238174,1.443,1.214,-0.002515172105375133,-0.014314585462577422,945.4769875107125
914,Brentford,94,4,2024-08-31T14:00:00Z,2.905,1.285,True,20.0,0,2,234.0,180.0,0.2400153241484467,1.0106455914885633,0.3691045288050288,1.44706946007573,1.3042716583725718,1.662253229170297,1.3076223501756106,1.568762498109588,1.2705162135238173,1.198,1.379,0.00383473249246903,-0.005545320797148845,938.4449515736449
915,Brentford,94,4,2024-09-14T14:00:00Z,0.975,2.085,False,43.0,0,0,152.0,217.0,0.2017824771189471,1.0017337873219083,0.4601450192516626,1.44706946007573,1.3042716583725718,1.6972532291702969,1.3191831422213844,1.603762498109588,1.2856109190611502,1.364,1.402,0.010852924103596263,0.005065561007115234,945.9549452888072
916,Brentford,94,4,2024-09-21T14:00:00Z,0.905,3.26,False,6.0,0,0,118.0,308.0,0.19694192664807,1.2102373901392622,0.7156683483068487,1.451833882132984,1.3063283583865346,1.6972532291702969,1.3191831422213844,1.6089334856492865,1.287683687043564,1.415,1.473,0.010278115233677809,0.00974632812030662,943.2827835258263
917,Brentford,94,4,2024-09-28T14:00:00Z,0.6799999999999999,0.995,True,21.0,0,1,84.0,156.0,0.2200119187821252,0.910502126713327,0.3493035224039114,1.4174236633504478,1.3413283583865345,1.6972532291702969,1.3191831422213844,1.5739334856492866,1.3226836870435639,1.431,1.703,0.0021819400090739584,0.012355271248437306,931.3387689066482
918,Brentford,94,4,2024-10-05T14:00:00Z,4.625,2.025,True,39.0,0,2,353.0,159.0,0.2066759368305418,0.7726127652214765,0.4050138507585977,1.4174236633504478,1.3413283583865345,1.662253229170297,1.3075927778100598,1.5389334856492867,1.3038318071820256,1.285,1.775,-0.00867031748979177,0.014290090195219854,931.3844654974611
919,Brentford,94,4,2024-10-19T14:00:00Z,0.93,1.665,False,1.0,0,0,79.0,243.0,0.1953992762818322,1.1012957478860927,0.6499642709053268,1.4174236633504478,1.3413283583865345,1.6972532291702969,1.3425927778100597,1.5739334856492866,1.3388318071820255,1.513,1.831,-0.005818059990926022,0.01232116093296193,942.5445013505704
920,Brentford,94,4,2024-10-26T14:00:00Z,3.555,2.15,True,40.0,0,1,213.0,124.0,0.2007479508681992,0.7564765951722595,0.4105663283677982,1.38713213534282,1.3545471017494553,1.6972532291702969,1.3425927778100597,1.5389334856492867,1.3592075711840397,1.491,1.941,-0.013261287494328741,0.014359306890522682,931.0821600600722
921,Brentford,94,4,2024-11-04T20:00:00Z,0.8200000000000001,1.685,False,54.0,0,0,47.0,281.0,0.2030883259969806,1.0898966928002944,0.5233055440374764,1.38713213534282,1.3545471017494553,1.7322532291702968,1.3775927778100596,1.5739334856492866,1.3942075711840396,1.548,1.941,-0.006999999999999984,0.01934831637496587,931.0221830298618
922,Brentford,94,4,2024-11-09T15:00:00Z,2.235,2.305,True,91.0,0,2,151.0,151.0,0.3583595173419327,0.7372595740228685,0.5482182553971764,1.3521321353428202,1.3782345745622466,1.7322532291702968,1.3775927778100596,1.5389334856492867,1.4191158920553582,1.493,2.049,-0.002999999999999993,0.0221046880304865,921.2706558503936
923,Brentford,94,4,2024-11-23T15:00:00Z,0.5499999999999999,0.6,False,11.0,1,1,69.0,184.0,0.2024020313309849,0.9099196499557846,0.562570978695815,1.3521321353428202,1.3782345745622466,1.7635950494015304,1.4125927778100595,1.5739334856492866,1.454115892055358,1.503,2.074,0.002999999999999993,0.029350647971047427,941.063735983326
924,Brentford,94,4,2024-11-30T15:00:00Z,3.1950000000000003,1.03,True,13.0,0,2,174.0,78.0,0.3120574023770587,0.7712018909066756,0.4308364208644705,1.3171321353428203,1.3432345745622467,1.7635950494015304,1.4125927778100595,1.5389334856492867,1.4191158920553582,1.5,2.003,-0.002999999999999993,0.02031582022434105,941.0418121260924
925,Brentford,94,4,2024-12-04T20:15:00Z,1.02,2.715,False,7.0,0,0,89.0,254.0,0.201868246590766,0.8166041721878324,0.8286663167634116,1.3171321353428203,1.3432345745622467,1.7985950494015304,1.3923281859699983,1.5739334856492866,1.4066507887465298,1.44,1.901,0.002999999999999993,0.009912601440754466,952.6358356647314
926,Brentford,94,4,2024-12-07T15:00:00Z,2.615,1.74,True,4.0,0,2,157.0,146.0,0.2427113129599346,0.8198236929274143,0.4439838828945881,1.2992948111064657,1.3782345745622466,1.7985950494015304,1.3923281859699983,1.5409460399206425,1.4416507887465297,1.3769999999999998,1.938,-0.0027124922469491607,0.004709165082456166,941.5365810119268
927,Brentford,94,4,2024-12-15T19:00:00Z,1.315,2.115,False,8.0,0,0,112.0,246.0,0.2192308584594847,0.8218032450349808,0.8956293574826535,1.2992948111064657,1.3782345745622466,1.8335950494015303,1.4073980297115687,1.5759460399206424,1.4492750484702395,1.416,1.776,0.003460012404881325,0.00288386768111695,961.081923367881
928,Brentford,94,4,2024-12-21T15:00:00Z,0.36,1.45,True,17.0,0,0,131.0,120.0,0.2487754656355046,0.7087517611657667,0.4119874644735685,1.3101088239338459,1.4132345745622465,1.8335950494015303,1.4073980297115687,1.5716636687222505,1.480380888524806,1.444,1.866,0.0019057466414355048,0.00733721290262524,954.9106497368094
929,Brentford,94,4,2024-12-27T19:30:00Z,0.4599999999999999,0.645,False,36.0,1,1,107.0,200.0,0.1882906676907103,0.8947358572494295,0.7232672780420638,1.3101088239338459,1.4132345745622465,1.7985950494015304,1.4273928912316816,1.5366636687222506,1.493539263467069,1.222,1.827,0.00048118470239174747,0.017169469031916927,944.0673295147168
930,Brentford,94,4,2025-01-01T17:30:00Z,0.645,2.475,True,3.0,0,0,57.0,202.0,0.1979364732720592,0.8334735920178185,0.4871013612572199,1.275108823933846,1.3782345745622466,1.7985950494015304,1.4273928912316816,1.5016636687222507,1.458539263467069,1.25,1.784,-0.010813673412249925,0.012748961080539445,944.316451778147
931,Brentford,94,4,2025-01-04T15:00:00Z,4.73,0.145,False,20.0,1,2,265.0,64.0,0.1731149637594413,0.7070167778606674,0.5892078829216052,1.275108823933846,1.3782345745622466,1.7726040326837387,1.4623928912316815,1.4834782816781773,1.493539263467069,1.094,1.862,-0.015576740137357176,0.00858266838672709,939.7324092900756
932,Brentford,94,4,2025-01-14T19:30:00Z,2.28,2.1,True,43.0,0,1,197.0,224.0,0.2406172569893793,0.9615905715694144,0.46774550320006,1.3101088239338459,1.3432345745622467,1.7726040326837387,1.4623928912316815,1.5184782816781772,1.458539263467069,1.3119999999999998,1.645,-0.016768427209844155,0.0014513199945982054,945.7612415442246
933,Brentford,94,4,2025-01-18T15:00:00Z,0.36,2.715,True,14.0,0,0,150.0,308.0,0.278257866547295,1.1234593334428775,0.6571353913778244,1.3101088239338459,1.3432345745622467,1.8076040326837386,1.4777790551440968,1.5534782816781771,1.4699825853480253,1.358,1.7180000000000002,-0.00467624238276172,-0.003485471882397238,947.0755493493633
934,Brentford,94,4,2025-01-26T14:00:00Z,1.765,1.04,False,31.0,0,2,151.0,139.0,0.1879783051462322,0.7076797161138525,0.4849394644945818,1.3101088239338459,1.3432345745622467,1.7726040326837387,1.5127790551440967,1.5184782816781772,1.4957041516604228,1.439,1.842,0.0028433401042117887,0.0002901259031325067,942.750869400939
935,Brentford,94,4,2025-02-02T14:00:00Z,1.04,1.43,True,6.0,0,0,184.0,88.0,0.2253116739812295,1.0315794815666828,0.5377719710716412,1.3451088239338458,1.3295339536770705,1.7726040326837387,1.5127790551440967,1.552066269043465,1.4782300905829957,1.416,1.903,0.011200371474459183,0.00332548920116145,962.9175354118337
936,Brentford,94,4,2025-02-15T15:00:00Z,1.335,0.41,False,21.0,1,2,177.0,110.0,0.1773164595581806,0.6748620014218853,0.4038418057180081,1.3451088239338458,1.3295339536770705,1.7376040326837388,1.4777790551440968,1.5179191758521513,1.4432300905829958,1.511,1.737,0.006799098084735241,-0.004764337621719677,944.8652886053964
937,Brentford,94,4,2025-02-21T20:00:00Z,2.765,0.255,False,13.0,1,2,227.0,98.0,0.1468016907674738,0.5471148899947997,0.3963214044473396,1.3380542335099666,1.2945339536770706,1.7376040326837388,1.4777790551440968,1.501108468669944,1.4082300905829959,1.531,1.7009999999999998,-0.004569668432970156,-0.009979354565510905,959.2285080243893
938,Brentford,94,4,2025-02-26T19:30:00Z,1.365,1.185,True,11.0,0,1,155.0,102.0,0.2307979686520674,0.9134507078851976,0.5560448663890543,1.3730542335099665,1.2595339536770707,1.7376040326837388,1.4777790551440968,1.536108468669944,1.373230090582996,1.646,1.5530000000000002,-0.004945874207347968,-0.022319561630212214,967.4322068810578
939,Brentford,94,4,2025-03-08T17:30:00Z,0.425,1.165,True,7.0,0,0,128.0,118.0,0.2506206422849413,0.8126838839107093,0.5569237849692644,1.3730542335099665,1.2595339536770707,1.7242519639424865,1.4855326610820727,1.5420264000612964,1.381034110639291,1.67,1.535,0.0015158995317950223,-0.026381434431590245,967.432504133596
940,Brentford,94,4,2025-03-15T17:30:00Z,1.42,1.335,False,91.0,0,2,141.0,197.0,0.1297346483747018,0.6855338033292886,0.4038055367923752,1.3730542335099665,1.2595339536770707,1.6892519639424866,1.4722860761401015,1.5070264000612965,1.3589536249326701,1.6909999999999998,1.453,-0.0033679334938116335,-0.023370579088078353,954.6704107894108
941,Brentford,94,4,2025-04-02T18:45:00Z,1.3,1.645,False,4.0,0,0,143.0,176.0,0.1053491709581014,0.6643040692561133,0.4629598619496251,1.3777245490143528,1.228715469674169,1.6892519639424866,1.4722860761401015,1.5012527641564746,1.3239536249326702,1.775,1.4480000000000002,-0.0017045809403706828,-0.02104022014703743,974.1929874953187
942,Brentford,94,4,2025-04-06T13:00:00Z,0.595,0.615,True,8.0,1,1,100.0,156.0,0.2260382773327321,0.832087465263885,0.4753851660872056,1.3895666856287008,1.2276499326970196,1.6892519639424866,1.4722860761401015,1.5008007533768157,1.325333551078803,1.653,1.56,-0.004031591143029997,-0.01669693086224465,962.7065803401556
943,Brentford,94,4,2025-04-12T16:30:00Z,0.625,0.98,False,3.0,0,1,64.0,136.0,0.1019382440785233,0.7100142760880882,0.3600798926274862,1.3895666856287008,1.2276499326970196,1.6542519639424866,1.4372860761401016,1.4658007533768158,1.290333551078803,1.556,1.492,-0.01374254721211157,-0.01761669646292654,962.9414819610782
944,Brentford,94,4,2025-04-19T14:00:00Z,3.125,1.715,True,36.0,0,2,247.0,128.0,0.1758075490365694,0.9071791396496882,0.4252995736233822,1.360838249667929,1.1926499326970197,1.6542519639424866,1.4372860761401016,1.4362809792987012,1.255333551078803,1.47,1.32,-0.018653030132745056,-0.023799516949083086,965.22380737762
945,Brentford,94,4,2025-05-01T18:30:00Z,1.825,0.485,False,17.0,1,2,112.0,157.0,0.1303964120610737,0.6611222147351797,0.3378399164880448,1.360838249667929,1.1926499326970197,1.6892519639424866,1.4535622257848981,1.4712809792987012,1.2763532495247125,1.5659999999999998,1.3090000000000002,-0.011675498811037046,-0.018681774245753985,980.6136817064563
946,Brentford,94,4,2025-05-04T13:00:00Z,2.9,2.28,True,1.0,0,1,208.0,134.0,0.1411836492506651,0.9722504419497576,0.4063441128181861,1.395838249667929,1.1576499326970198,1.6892519639424866,1.4535622257848981,1.5024445905341532,1.2413532495247126,1.494,1.378,-0.0032034275549732835,-0.016998365191487404,997.0283598681568
947,Brentford,94,4,2025-05-10T14:00:00Z,1.205,0.465,False,40.0,1,2,170.0,98.0,0.1903083204919461,0.5519839447940287,0.3405421572684793,1.395838249667929,1.1576499326970198,1.7242519639424865,1.488562225784898,1.5374445905341532,1.2763532495247125,1.525,1.402,0.009375734207391411,-0.010594934685337534,996.175816077801
948,Brentford,94,4,2025-05-18T14:00:00Z,2.44,1.995,True,54.0,0,0,183.0,142.0,0.1320317271949617,0.8695281215164781,0.3982676433030336,1.3713077222603323,1.1226499326970198,1.7242519639424865,1.488562225784898,1.5045179985361832,1.2413532495247126,1.4680000000000002,1.402,0.015092590592532706,-0.0061954974980778146,1002.0077289972817
949,Brentford,94,4,2025-05-25T15:00:00Z,1.2200000000000002,1.06,False,39.0,0,1,166.0,144.0,0.1702398048270692,0.5693208459509111,0.3493105667643728,1.3713077222603323,1.1226499326970198,1.7592519639424864,1.523562225784898,1.539517998536183,1.2763532495247125,1.496,1.442,0.018597032968567292,0.0010028140637013548,986.1128816971465
950,Spurs,6,18,2022-08-06T14:00:00Z,3.0,1.0,True,20.0,0,2,260.0,118.0,0.0,1.0,0.0,1.7321910609857978,1.5689153021442497,1.7321910609857978,1.5689153021442497,1.7321910609857978,1.5689153021442497,1.5,1.5,,,1000.0
951,Spurs,6,18,2022-08-14T15:30:00Z,2.0,2.0,False,8.0,0,1,170.0,222.0,2.0,0.0,0.0,1.7321910609857978,1.5689153021442497,1.7671910609857977,1.5432139771198832,1.7671910609857977,1.5432139771198832,2.6,1.18,0.03499999999999992,-0.025701325024366506,1032.0768282113263
952,Spurs,6,18,2022-08-20T11:30:00Z,1.0,0.0,True,39.0,1,2,177.0,169.0,0.0,0.7777777777777778,0.0,1.7635368061125034,1.5976540428849904,1.7671910609857977,1.5432139771198832,1.7985368061125033,1.5740677221056287,2.15,1.7,0.03317287256335277,0.0025762099806895256,1032.0768282113263
953,Spurs,6,18,2022-08-28T15:30:00Z,2.0,0.0,False,17.0,1,2,217.0,182.0,1.5555555555555556,0.0,0.0,1.7635368061125034,1.5976540428849904,1.7321910609857978,1.5082139771198833,1.7635368061125034,1.5390677221056288,2.023333333333333,1.6966666666666663,0.01253829805068225,-0.005868899513011705,1050.3452038910773
954,Spurs,6,18,2022-08-31T18:45:00Z,0.0,1.0,False,21.0,0,0,182.0,132.0,1.2098765432098766,0.2222222222222222,0.0,1.7878680093703008,1.5626540428849904,1.7321910609857978,1.5082139771198833,1.787862058548517,1.504067722105629,2.06,1.7275,0.010768774025214412,-0.013384141509149594,1069.52263723424
955,Spurs,6,18,2022-09-03T14:00:00Z,2.0,1.0,True,54.0,0,2,337.0,74.0,0.0,0.6049382716049383,0.2222222222222222,1.7528680093703009,1.5382868982163744,1.7321910609857978,1.5082139771198833,1.752862058548517,1.483676884313657,2.012,1.646,0.0037247994429072673,-0.016532310119877897,1023.6275843914503
956,Spurs,6,18,2022-09-17T16:30:00Z,6.0,2.0,True,13.0,0,2,261.0,178.0,0.0,0.9149519890260632,0.1728395061728395,1.7528680093703009,1.5382868982163744,1.7595064044650863,1.478997549634576,1.779152964981605,1.4536587253604358,2.2383333333333333,1.495,-0.0015111277221974044,-0.021541393490661483,1042.2362163026805
957,Spurs,6,18,2022-10-01T11:30:00Z,1.0,3.0,False,3.0,0,0,90.0,274.0,0.9410150891632374,0.6172839506172839,0.2222222222222222,1.7528680093703009,1.5382868982163744,1.7945064044650862,1.513997549634576,1.8141529649816048,1.4886587253604358,2.291428571428572,1.5357142857142858,0.0025694077415089173,-0.020104651764386163,1048.7915631498038
958,Spurs,6,18,2022-10-08T16:30:00Z,1.0,0.0,False,36.0,1,2,76.0,192.0,0.7319006249047402,0.4801097393689986,0.1728395061728395,1.7298450288171738,1.5732868982163744,1.7945064044650862,1.513997549634576,1.7912031909506323,1.5236587253604357,2.1175,1.68625,0.006957015712085595,-0.004379718083279035,1038.534340151809
959,Spurs,6,18,2022-10-15T16:30:00Z,2.0,0.0,True,11.0,1,2,335.0,33.0,0.0,0.7116293247980491,0.1344307270233196,1.694845028817174,1.5382868982163744,1.7945064044650862,1.513997549634576,1.7562031909506324,1.4886587253604358,1.9666666666666663,1.7122222222222223,-0.00023631259380221258,0.0022257296975534387,1053.364029173568
960,Spurs,6,18,2022-10-19T19:15:00Z,0.0,2.0,False,1.0,0,0,123.0,300.0,0.5692560415925757,0.8178631306203322,0.1344307270233196,1.694845028817174,1.5382868982163744,1.824412899265372,1.478997549634576,1.790184672531065,1.4536587253604358,2.105,1.574,0.002708970679681423,-0.000288308421888742,1060.9430453469042
961,Spurs,6,18,2022-10-23T15:30:00Z,1.0,2.0,True,4.0,0,0,253.0,198.0,0.0,0.7757116970651493,0.3267794543514708,1.659845028817174,1.5732868982163744,1.824412899265372,1.478997549634576,1.7551846725310651,1.4886587253604358,1.968,1.756,-0.006478466845837661,0.0009999999999999976,1045.0139470904007
962,Spurs,6,18,2022-10-29T14:00:00Z,3.0,2.0,False,91.0,0,2,307.0,97.0,0.4427546990164477,0.6361157682602584,0.549001676573693,1.659845028817174,1.5732868982163744,1.7895503268218715,1.505094361977897,1.7264331778362165,1.5150893696219434,2.051,1.732,-0.014647800268720295,-0.00022419367692746916,1029.906524199477
963,Spurs,6,18,2022-11-06T16:30:00Z,1.0,2.0,True,14.0,0,0,193.0,173.0,0.0,1.047775764384005,0.2541617978289217,1.694845028817174,1.6082868982163743,1.7895503268218715,1.505094361977897,1.7614331778362164,1.5500893696219433,2.181,1.66,-0.007804574426152192,0.007041290116916033,1038.2237803282553
964,Spurs,6,18,2022-11-12T15:00:00Z,2.94275,2.1038,True,2.0,0,2,222.0,174.0,0.0104666666666666,1.0418255945208927,0.2328591760891613,1.694845028817174,1.6082868982163743,1.754837354371383,1.5205840451212924,1.7302791451052186,1.5660635939697067,2.157,1.651,-0.00698932022875609,0.020078483431211002,1019.93303778694
965,Spurs,6,18,2022-12-26T12:30:00Z,1.53435,2.0763,False,94.0,0,1,189.0,167.0,0.3687869881239038,0.7480455975357565,0.6327346373350946,1.694845028817174,1.6082868982163743,1.789837354371383,1.5555840451212923,1.7652791451052186,1.6010635939697067,2.197,1.693,-0.004692691983050633,0.02869254139640477,1031.1017268465816
966,Spurs,6,18,2023-01-01T14:00:00Z,0.2115,1.5011,True,7.0,0,0,75.0,149.0,0.0213851851851851,0.9321532401829166,0.2687571369582366,1.6932248526866234,1.6432868982163742,1.789837354371383,1.5555840451212923,1.7600875065038555,1.6360635939697066,2.049,1.786,0.003139943969713142,0.028883464012497348,1031.0327558503122
967,Spurs,6,18,2023-01-04T20:00:00Z,2.69255,0.3964,False,31.0,1,2,188.0,199.0,0.3099009907630363,0.7123243536389217,0.514726940149518,1.6932248526866234,1.6432868982163742,1.754837354371383,1.5603890416042852,1.7250875065038556,1.6382769703315136,1.863,1.757,0.0006924179811746342,0.025967447902604024,1010.8372165563346
968,Spurs,6,18,2023-01-15T16:30:00Z,0.7697999999999999,1.8324,True,3.0,0,0,170.0,132.0,0.0166329218106995,0.8234747423644907,0.4805444398564062,1.7282248526866233,1.6082868982163743,1.754837354371383,1.5603890416042852,1.7600875065038555,1.6032769703315137,1.961,1.682,-0.0007855688876359172,0.014787946646664933,1022.1444125981295
969,Spurs,6,18,2023-01-19T20:00:00Z,1.41965,3.22345,False,43.0,0,0,118.0,200.0,0.2475674372601393,0.7454300528302724,0.7461653978940695,1.7282248526866233,1.6082868982163743,1.7198373543713832,1.526253043751634,1.7254524608445112,1.5682769703315138,2.055,1.622,-0.00213452391736075,0.0005691539216075332,1015.4433607771373
970,Spurs,6,18,2023-01-23T20:15:00Z,0.9478,0.58945,False,54.0,1,2,106.0,115.0,0.1925524512023306,0.8056900410902119,0.6164175316953875,1.745918045022206,1.6432868982163742,1.7198373543713832,1.526253043751634,1.7476086505618318,1.6032769703315137,1.838,1.789,-0.004493074562713335,-0.00649408540301551,1005.4294731113617
971,Spurs,6,18,2023-02-05T16:30:00Z,1.2400000000000002,0.485,True,43.0,1,2,121.0,172.0,0.0596033836305441,0.7715914662834928,0.4093123421105382,1.7109180450222061,1.6082868982163743,1.7198373543713832,1.526253043751634,1.7126086505618319,1.5682769703315138,1.821,1.604,-0.005841882662729533,-0.013683803376884672,1020.6981345046547
972,Spurs,6,18,2023-02-11T15:00:00Z,1.14,2.77,False,13.0,0,0,113.0,145.0,0.1697630176018127,0.8644255875146093,0.5638803024297458,1.7109180450222061,1.6082868982163743,1.727680087587786,1.491253043751634,1.7225021628490926,1.5332769703315139,1.689,1.578,-0.0038059170395018543,-0.01699999999999996,1042.6041330912312
973,Spurs,6,18,2023-02-19T16:30:00Z,1.745,0.24,True,21.0,1,2,156.0,50.0,0.0463581872682009,0.6934600293316056,0.3361318216415297,1.6759180450222062,1.6432868982163742,1.727680087587786,1.491253043751634,1.6875021628490927,1.5682769703315138,1.495,1.626,-0.011622217493144842,-0.00899999999999998,1018.2237892396106
974,Spurs,6,18,2023-02-26T13:30:00Z,1.355,0.205,True,8.0,1,2,93.0,69.0,0.0560563678752674,0.5882466894801377,0.2836580834989676,1.6759180450222062,1.6432868982163742,1.7363166814506497,1.4562530437516341,1.6995845235630438,1.5332769703315139,1.4580000000000002,1.503,-0.0085647324930941,-0.00899999999999998,1026.0800288978487
975,Spurs,6,18,2023-03-04T15:00:00Z,0.675,0.72,False,39.0,0,0,149.0,78.0,0.1409267914680765,0.7056643458446962,0.4941291241120246,1.6759180450222062,1.6432868982163742,1.7257975967207502,1.4212530437516342,1.6969723169003168,1.498276970331514,1.329,1.398,-0.00935011569439826,-0.01699999999999996,1036.179386907016
976,Spurs,6,18,2023-03-11T15:00:00Z,2.5250000000000004,1.285,True,17.0,0,2,191.0,157.0,0.172488286125208,0.6441918695956627,0.2517340649436415,1.6409180450222063,1.6082868982163743,1.7257975967207502,1.4212530437516342,1.6619723169003169,1.474648922852105,1.289,1.3090000000000002,-0.009076824155427182,-0.01737543535420126,1010.0719391449762
977,Spurs,6,18,2023-03-18T15:00:00Z,2.63,2.7,False,20.0,0,1,122.0,186.0,0.1340541711418373,0.8666278245458747,0.5754337631982414,1.6409180450222063,1.6082868982163743,1.76079759672075,1.432028564522054,1.6969723169003168,1.4830075880729259,1.405,1.317,-0.0059100278357981035,-0.016206601535176193,1019.6382195918945
978,Spurs,6,18,2023-04-03T19:00:00Z,1.24,0.94,False,11.0,0,1,71.0,135.0,0.1842643553325401,0.7918216413134581,0.4475595935986322,1.6759180450222062,1.6432868982163742,1.76079759672075,1.432028564522054,1.7319723169003167,1.5180075880729258,1.339,1.304,0.005128975721941119,-0.012165231587088947,1018.2588735739397
979,Spurs,6,18,2023-04-08T14:00:00Z,1.415,1.215,True,36.0,0,2,95.0,161.0,0.1830464447640507,0.7032603430188488,0.2624598282894989,1.6578287133929814,1.6201004818959233,1.76079759672075,1.432028564522054,1.7085506492257045,1.5041967748995444,1.24,1.307,0.0052808750946658125,-0.0022242988204226005,1017.483113850233
980,Spurs,6,18,2023-04-15T14:15:00Z,2.015,1.97,True,91.0,0,0,217.0,118.0,0.2357027903720394,0.7158691556813268,0.2374687553362769,1.6578287133929814,1.6201004818959233,1.7465559448953036,1.4086161124507428,1.7019626972954887,1.478672886862079,1.217,1.268,0.005705339970057777,0.0007320896798612569,1031.4861585540293
981,Spurs,6,18,2023-04-23T13:00:00Z,1.01,4.82,False,4.0,0,0,85.0,256.0,0.1966500541475312,1.215861276577134,0.5169907950211584,1.6578287133929814,1.6201004818959233,1.7614512512662817,1.4436161124507427,1.7222522885507967,1.513672886862079,1.328,1.271,0.00836998090752293,0.004808711521255679,1011.0735423760373
982,Spurs,6,18,2023-04-27T19:15:00Z,2.125,2.065,True,1.0,0,1,0.0,0.0,0.1988799480671417,1.023453787752143,0.1846979208171043,1.6353502155951611,1.6551004818959232,1.7614512512662817,1.4436161124507427,1.7002412055722806,1.548672886862079,1.2919999999999998,1.355,-0.000554388389113049,0.008279957207878847,1001.0750954500895
983,Spurs,6,18,2023-04-30T15:30:00Z,2.495,3.165,False,14.0,0,0,118.0,176.0,0.1951722643369687,1.332336548448882,0.4887706183497899,1.6353502155951611,1.6551004818959232,1.7964512512662816,1.4786161124507426,1.7352412055722806,1.5836728868620789,1.179,1.21,0.0003344486758530163,0.014192995138096253,1001.7527351273884
984,Spurs,6,18,2023-05-06T14:00:00Z,0.945,0.185,True,31.0,1,2,85.0,86.0,0.1835732929411102,0.8493529460294446,0.1436539384133033,1.670350215595161,1.690100481895923,1.7964512512662816,1.4786161124507426,1.7702412055722805,1.6186728868620788,1.141,1.336,0.011036492102421124,0.02635373028036203,988.7333265671929
985,Spurs,6,18,2023-05-13T14:00:00Z,1.1800000000000002,1.59,False,7.0,0,0,70.0,114.0,0.1695784278176423,1.1718173154602418,0.4845993698276143,1.670350215595161,1.690100481895923,1.7614512512662817,1.4436161124507427,1.7360890633068857,1.5836728868620789,1.133,1.3530000000000002,0.009988530889183903,0.024999999999999942,1000.4151493902266
986,Spurs,6,18,2023-05-20T11:30:00Z,1.445,2.145,True,94.0,0,0,202.0,126.0,0.1450014500653079,0.8450522913562346,0.2095086187659026,1.651254399635706,1.6908035338924106,1.7614512512662817,1.4436161124507427,1.7146966198016493,1.5947190812626195,1.054,1.389,0.0029932922702308085,0.015578027771505777,986.7984203165914
987,Spurs,6,18,2023-05-28T15:30:00Z,3.0700000000000003,1.25,False,2.0,0,2,0.0,0.0,0.3630054438581662,0.991413467580188,0.3991328431992556,1.651254399635706,1.6908035338924106,1.7547288681232698,1.4786161124507426,1.7143609898779544,1.6297190812626194,1.065,1.358,-0.000719627944254851,0.011524844434409274,974.6941932314602
988,Spurs,6,18,2023-08-13T13:00:00Z,1.64,2.01,False,94.0,0,1,182.0,157.0,0.2956709007785737,1.1510993636734796,0.3637699891549766,1.686254399635706,1.6774259448057847,1.7547288681232698,1.4786161124507426,1.7493609898779543,1.6219972611617468,0.943,1.172,-0.003383833401709887,0.006737332831442926,982.9575562536514
989,Spurs,6,18,2023-08-19T16:30:00Z,1.405,0.995,True,1.0,1,2,220.0,183.0,0.1194455722730173,1.092818448832627,0.1629511479290353,1.6989173268919944,1.7006481493661392,1.7547288681232698,1.4786161124507426,1.7626988540489181,1.64872111028705,1.054,1.194,5.052549064854211e-05,0.008577549714967431,983.4544830313529
990,Spurs,6,18,2023-08-26T11:30:00Z,2.06,0.335,False,91.0,1,2,224.0,99.0,0.2299662561611129,0.9930772828571508,0.3362655471205373,1.6989173268919944,1.7006481493661392,1.7420842759986404,1.4514496353407453,1.7617748034796723,1.6137211102870501,1.179,1.216,0.00878386867444969,0.008700725259922151,1007.5556134524927
991,Spurs,6,18,2023-09-02T14:00:00Z,3.635,1.675,False,90.0,0,2,263.0,151.0,0.2721959770141989,0.8523934422222283,0.3882065366493068,1.7282240536505207,1.6656481493661393,1.7420842759986404,1.4514496353407453,1.781715882140742,1.5787211102870502,1.186,1.197,0.014019303333473733,-0.0028931405336928948,1015.1961466131037
992,Spurs,6,18,2023-09-16T14:00:00Z,1.935,0.79,True,49.0,0,2,297.0,98.0,0.1151243339901245,0.9277476824253764,0.1556286706114719,1.7632240536505206,1.6825055089729908,1.7420842759986404,1.4514496353407453,1.8167158821407419,1.5994738804133946,1.364,1.092,0.017369002500944416,-0.009030127339148975,1025.7083706878097
993,Spurs,6,18,2023-09-24T13:00:00Z,1.745,2.04,False,3.0,0,1,124.0,144.0,0.3072635376777103,0.8940837883950665,0.4374939729494608,1.7632240536505206,1.6825055089729908,1.748081160178632,1.4164496353407454,1.8175255586974142,1.5644738804133946,1.661,1.19,0.014937571629538291,-0.01343881695322078,1031.2214656565934
994,Spurs,6,18,2023-09-30T16:30:00Z,1.55,1.17,True,14.0,0,1,224.0,109.0,0.1139855931034302,0.9060259752197372,0.2166000771422559,1.7896354334964533,1.6494991436964248,1.748081160178632,1.4164496353407454,1.8453987371182043,1.5421089728002184,1.6669999999999998,1.158,0.01759290517141876,-0.018858560197965148,1031.8492928090711
995,Spurs,6,18,2023-10-07T11:30:00Z,1.495,0.79,False,102.0,1,2,165.0,103.0,0.2834271959715524,0.7020651687517184,0.4758286456273584,1.7896354334964533,1.6494991436964248,1.7558212878528234,1.3814496353407455,1.8545791183495393,1.5071089728002185,1.806,1.181,0.01873942330966841,-0.01936848856841867,1032.1236353370336
996,Spurs,6,18,2023-10-23T19:00:00Z,1.755,0.515,True,54.0,1,2,150.0,87.0,0.0886554613026679,0.8202424251709066,0.2840222822217546,1.762374784890001,1.6144991436964249,1.7558212878528234,1.3814496353407455,1.8228332414826274,1.4721089728002186,1.901,1.17,0.009915705250188842,-0.023786294796767502,1037.5219904035303
997,Spurs,6,18,2023-10-27T19:00:00Z,1.0499999999999998,0.8200000000000001,False,31.0,0,1,70.0,96.0,0.2871100413112075,0.6104951312513366,0.3856445021546121,1.762374784890001,1.6144991436964249,1.7648813267493857,1.3464496353407456,1.8291841483245677,1.4371089728002187,1.849,1.131,0.0024984217287458144,-0.03211197888301165,1047.0033720745334
998,Spurs,6,18,2023-11-06T20:00:00Z,0.98,5.885,True,8.0,0,0,129.0,214.0,0.1356209143465195,0.8535218862440385,0.8364617750613647,1.7349512940635232,1.5825210478636276,1.7648813267493857,1.3464496353407456,1.8040508998123226,1.416518698789151,1.919,1.227,-0.004221798219236568,-0.031136454517749077,1046.3369800576547
999,Spurs,6,18,2023-11-11T12:30:00Z,0.85,2.075,False,39.0,0,0,74.0,134.0,0.2833078099087169,0.8037184354177063,0.3866123905646983,1.7349512940635232,1.5825210478636276,1.7298813267493858,1.3814496353407455,1.7725901035513363,1.4515186987891509,1.866,1.284,-0.014550769045830001,-0.02170634834538687,1020.9594396154787
1000,Spurs,6,18,2023-11-26T14:00:00Z,1.705,1.885,True,7.0,0,0,228.0,108.0,0.2477051556028485,0.7638503559675854,0.8016924917143947,1.6999512940635233,1.6175210478636275,1.7298813267493858,1.3814496353407455,1.7375901035513364,1.4865186987891508,1.72,1.235,-0.021737363894203793,-0.0052946418885602715,999.2333300973517
1001,Spurs,6,18,2023-12-03T16:30:00Z,1.75,2.8200000000000003,False,43.0,0,1,88.0,193.0,0.2714616299290021,0.9806698942137716,0.4806985259947653,1.6999512940635233,1.6175210478636275,1.7419778891768691,1.4164496353407454,1.7572250957176945,1.5144132825932148,1.724,1.244,-0.018122390268724135,0.01127859219805079,988.8591646360925
1002,Spurs,6,18,2023-12-07T20:15:00Z,1.37,2.035,True,21.0,0,0,236.0,119.0,0.2904373432466599,0.9563280546414552,0.6235386046667515,1.7349512940635232,1.63178952855095,1.7419778891768691,1.4164496353407454,1.7922250957176944,1.5336252026632236,1.5490000000000002,1.286,-0.010293505009092874,0.023178997163634744,990.9225252621774
1003,Spurs,6,18,2023-12-10T16:30:00Z,3.94,1.345,True,4.0,0,2,292.0,111.0,0.2258957114140688,0.9171440424989096,0.6871966925185845,1.7349512940635232,1.63178952855095,1.7203414712944076,1.4514496353407453,1.7709120665072955,1.5686252026632235,1.4880000000000002,1.307,-0.0024901199388486575,0.029564188994189854,974.5823531015008
1004,Spurs,6,18,2023-12-15T20:00:00Z,1.765,1.295,False,17.0,1,2,170.0,120.0,0.4289146010558905,0.8760765843884889,0.3738766313292619,1.7349512940635232,1.63178952855095,1.7553414712944075,1.4337280035963307,1.8059120665072954,1.5431413594758385,1.656,1.274,0.008616448675647799,0.02067556386073329,996.8615801992389
1005,Spurs,6,18,2023-12-23T15:00:00Z,1.67,1.475,True,11.0,0,2,139.0,215.0,0.2156966644331646,1.0022231441658187,0.6411529830700102,1.7463784301672793,1.5967895285509501,1.7553414712944075,1.4337280035963307,1.8082952048247432,1.5136450388643932,1.602,1.285,0.013664953986441082,0.007337598029259513,1006.2224033063274
1006,Spurs,6,18,2023-12-28T19:30:00Z,2.245,3.85,False,36.0,0,0,217.0,215.0,0.4936002452656926,0.794726232302158,0.853015157700537,1.7463784301672793,1.5967895285509501,1.7594694793530223,1.4566843469643243,1.8164971600865563,1.53270606677083,1.5759999999999998,1.3969999999999998,0.010844875690441576,0.00017255960869143444,1021.2513492529541
1007,Spurs,6,18,2023-12-31T14:00:00Z,2.655,1.3,True,91.0,0,2,170.0,200.0,0.1722085167813503,0.9261735565734146,0.7031189868322302,1.7813784301672793,1.63178952855095,1.7594694793530223,1.4566843469643243,1.8514971600865562,1.56770606677083,1.643,1.525,0.012442821168558256,0.0009471597785544819,1005.7978952008384
1008,Spurs,6,18,2024-01-14T16:30:00Z,1.685,1.42,False,1.0,0,1,195.0,105.0,0.4061335240955387,0.7647870695683451,0.6812340115448622,1.7813784301672793,1.63178952855095,1.7944694793530223,1.452141379312397,1.886497160086556,1.5615175478935197,1.743,1.629,0.020653791539882813,0.0016347678840826455,1018.4693718440732
1009,Spurs,6,18,2024-01-31T19:30:00Z,2.935,1.83,True,94.0,0,2,223.0,151.0,0.1694955130521613,0.7625794328904336,0.8557592119806234,1.796282991306802,1.6179607583432205,1.7944694793530223,1.452141379312397,1.8953392629823476,1.5607764316568322,1.809,1.52,0.02047833851887713,0.007622653942638515,1018.4496501570198
1010,Spurs,6,18,2024-02-03T12:30:00Z,1.49,2.31,False,11.0,0,1,100.0,176.0,0.5447705187409746,0.8126121652198239,0.7942931200904484,1.796282991306802,1.6179607583432205,1.8294694793530222,1.4821796706587087,1.9303392629823475,1.582360109245391,1.958,1.537,0.0251927599850113,0.012045655076733854,1027.7536359720655
1011,Spurs,6,18,2024-02-10T15:00:00Z,1.8,1.105,True,36.0,0,2,181.0,100.0,0.1318298434850144,0.8464506700258928,0.6789238315404849,1.7954118377244321,1.6529607583432204,1.8294694793530222,1.4821796706587087,1.9211537121683184,1.6173601092453909,1.83,1.605,0.021961462056913603,0.013328320673137117,1027.3276105548903
1012,Spurs,6,18,2024-02-17T15:00:00Z,1.35,1.755,True,39.0,0,0,202.0,148.0,0.1247565449327889,0.9716838544645832,0.5280518689759327,1.7954118377244321,1.6529607583432204,1.837390181455221,1.4513158378402664,1.9352703392709427,1.582360109245391,1.923,1.5119999999999998,0.01593815863334913,0.007496616400485052,1039.8732979531294
1013,Spurs,6,18,2024-03-02T15:00:00Z,2.43,0.645,True,31.0,0,2,176.0,29.0,0.0970328682810581,0.8068652201391202,0.4240403425368365,1.7954118377244321,1.6529607583432204,1.8048669807890432,1.4863158378402663,1.9050126645698193,1.6173601092453909,1.889,1.541,0.005805291441944929,0.010827538272143769,1019.7619452120741
1014,Spurs,6,18,2024-03-10T13:00:00Z,2.815,0.485,False,7.0,1,2,149.0,98.0,0.5237104034652025,0.7186983507265298,0.6444502045147932,1.7954118377244321,1.6529607583432204,1.839866980789043,1.4513158378402664,1.9400126645698192,1.582360109245391,1.773,1.459,0.004614395422925664,0.005083382512651242,1027.1819692149986
1015,Spurs,6,18,2024-03-16T17:30:00Z,1.19,2.895,False,54.0,0,0,160.0,243.0,0.4495525360284908,0.8456542727873009,0.8167946035115059,1.830411837724432,1.6179607583432205,1.839866980789043,1.4513158378402664,1.9750126645698192,1.547360109245391,1.7519999999999998,1.4369999999999998,0.007133891155449642,-0.006999999999999984,1045.1338921896054
1016,Spurs,6,18,2024-03-30T15:00:00Z,2.06,0.6950000000000001,True,102.0,0,1,174.0,61.0,0.0932477864408229,0.674228504552649,0.3520313775286506,1.7998272992579516,1.6529607583432204,1.839866980789043,1.4513158378402664,1.9400126645698192,1.582360109245391,1.773,1.465,0.007100621082975239,-0.00899999999999998,1025.9259029705693
1017,Spurs,6,18,2024-04-02T19:15:00Z,0.975,1.08,False,21.0,0,1,187.0,120.0,0.4096519724666039,0.7688422121679006,0.7219513582867269,1.7998272992579516,1.6529607583432204,1.8439740142036678,1.4163158378402665,1.939545919450408,1.547360109245391,1.73,1.311,0.004610797168495046,-0.00899999999999998,1023.1456064981708
1018,Spurs,6,18,2024-04-07T17:00:00Z,1.745,1.28,True,17.0,0,2,186.0,153.0,0.0880816116761956,0.6177332813187271,0.5338021825222838,1.7648272992579517,1.6242100081356945,1.8439740142036678,1.4163158378402665,1.9045459194504082,1.5249082772317324,1.747,1.231,-0.0011066845987225437,-0.015207404573379778,1022.915392917026
1019,Spurs,6,18,2024-04-13T11:30:00Z,0.37,3.43,False,4.0,0,0,91.0,177.0,0.3630626452518031,0.853543942797256,0.8970732786674542,1.7648272992579517,1.6242100081356945,1.8421869803088988,1.431918632424784,1.9072672263651385,1.5338436503714197,1.7380000000000002,1.279,-0.010731262042887085,-0.00985536544030949,1031.089247167741
1020,Spurs,6,18,2024-04-28T13:00:00Z,2.2,2.04,True,3.0,0,0,133.0,133.0,0.0751745868592632,0.7115703299145655,0.4151794752951097,1.7298272992579518,1.6592100081356944,1.8421869803088988,1.431918632424784,1.8722672263651385,1.5688436503714196,1.606,1.305,-0.0184846715896413,-0.0017309572287265596,1016.4043483179112
1021,Spurs,6,18,2024-05-02T18:30:00Z,0.77,1.97,False,8.0,0,0,153.0,140.0,0.3179376129736246,1.0105341777311991,0.8243903278524645,1.7298272992579518,1.6592100081356944,1.8771869803088987,1.4251219041253707,1.9072672263651385,1.547002895261594,1.639,1.262,-0.01036691323898521,-0.0029542878114631977,1008.1182821993166
1022,Spurs,6,18,2024-05-05T15:30:00Z,1.57,3.61,False,14.0,0,0,145.0,322.0,0.5006181434239303,1.2081932493464884,0.7411924772185835,1.6948272992579518,1.6922212664985117,1.8771869803088987,1.4251219041253707,1.8722672263651385,1.5820028952615939,1.611,1.3019999999999998,-0.010377986990918771,0.007842793833445683,992.8826121786236
1023,Spurs,6,18,2024-05-11T14:00:00Z,2.25,0.875,True,90.0,0,2,250.0,87.0,0.125135789779427,0.6534435899335509,0.3229173696739742,1.7170981248858503,1.7259803588840843,1.8771869803088987,1.4251219041253707,1.884927373307273,1.6170028952615938,1.554,1.476,-0.0048026494490193234,0.016660287706000115,982.5418962251895
1024,Spurs,6,18,2024-05-14T19:00:00Z,0.665,2.2,True,43.0,0,0,149.0,144.0,0.1151056142728876,0.6393450143927618,0.6333801764130911,1.7170981248858503,1.7259803588840843,1.8997211554694513,1.3980416129709876,1.9071037401511788,1.5830374713486077,1.628,1.534,6.180027876013635e-05,0.012155623987327507,989.262583677318
1025,Spurs,6,18,2024-05-19T15:00:00Z,3.145,0.35,False,49.0,1,2,235.0,33.0,0.3893696671075013,1.0397058606028244,0.6342608156144539,1.7170981248858503,1.7259803588840843,1.8688021759132574,1.4113152259394777,1.8810778444293195,1.588222942243245,1.628,1.58,0.0016063651034617138,0.006857148217719094,984.5703671985206
1026,Spurs,6,18,2024-08-19T19:00:00Z,1.11,1.01,False,13.0,0,1,237.0,92.0,0.3161764077502788,0.8419934471355301,0.6710917454779086,1.7520981248858503,1.6909803588840844,1.8688021759132574,1.4113152259394777,1.9141504323389302,1.553222942243245,1.703,1.37,0.0023721214544402155,0.00045128434114922734,988.5975968138216
1027,Spurs,6,18,2024-08-24T14:00:00Z,3.22,0.5,True,11.0,1,2,182.0,96.0,0.1406376999900237,0.6483794556388147,0.5126290260990708,1.7170981248858503,1.6653010879983459,1.8688021759132574,1.4113152259394777,1.8791504323389303,1.5298777619380255,1.766,1.401,0.0027445517497734734,-0.012765144422235735,987.9800482436125
1028,Spurs,6,18,2024-09-01T12:30:00Z,0.635,1.785,False,4.0,0,0,204.0,104.0,0.2970260949168835,0.730439347772079,0.74418246870504,1.7170981248858503,1.6653010879983459,1.9038021759132573,1.3763152259394777,1.9141504323389302,1.4948777619380256,1.761,1.3769999999999998,0.0027236559894614864,-0.02300299413855965,999.6253409890121
1029,Spurs,6,18,2024-09-15T13:00:00Z,0.385,0.865,True,3.0,0,0,147.0,131.0,0.1804959888811295,0.5642951321635226,0.4298225758548328,1.6820981248858504,1.6585551432626682,1.9038021759132573,1.3763152259394777,1.8791504323389303,1.4983803337985369,1.779,1.328,-0.002158536438068857,-0.020761897399178064,986.0468480245205
1030,Spurs,6,18,2024-09-21T14:00:00Z,3.365,0.9,True,94.0,0,2,308.0,118.0,0.1403857691297674,0.618896213904962,0.3343064478870922,1.6820981248858504,1.6585551432626682,1.8688021759132574,1.3413152259394778,1.8441504323389304,1.463380333798537,1.835,1.2819999999999998,-0.007275344584341293,-0.023535453358790426,980.8338258013822
1031,Spurs,6,18,2024-09-29T15:30:00Z,3.85,0.48,False,1.0,1,2,306.0,100.0,0.3221314071575761,0.6370083816005059,0.6343641423261422,1.6820981248858504,1.6585551432626682,1.9038021759132573,1.3069050071569417,1.8791504323389303,1.428380333798537,2.01,1.267,-0.00899999999999998,-0.02343436442232842,991.8891006829654
1032,Spurs,6,18,2024-10-06T15:30:00Z,1.69,2.41,False,36.0,0,0,130.0,137.0,0.2505466500114481,0.6487842968003934,0.7445054440314439,1.7170981248858503,1.6235551432626683,1.9038021759132573,1.3069050071569417,1.9141504323389302,1.393380333798537,2.1630000000000003,1.227,0.0009999999999999976,-0.026199412146168787,1006.4072048015953
1033,Spurs,6,18,2024-10-19T11:30:00Z,2.46,0.89,True,21.0,0,2,221.0,99.0,0.1180778204342635,0.6480303885927482,0.260016126134405,1.734516388139848,1.6585551432626682,1.9038021759132573,1.3069050071569417,1.9197412384822765,1.428380333798537,2.148,1.042,0.004798686591906603,-0.019499632591355485,987.7081155973267
1034,Spurs,6,18,2024-10-27T14:00:00Z,0.355,0.915,False,31.0,0,0,145.0,130.0,0.2459807277866818,0.5846100086225282,0.6323931231355675,1.734516388139848,1.6585551432626682,1.9388021759132572,1.2891500402272689,1.9547412384822764,1.3982638870957287,2.119,1.054,0.01827789854705054,-0.018302349528972587,999.7447233509274
1035,Spurs,6,18,2024-11-03T14:00:00Z,3.22,1.4300000000000002,True,7.0,0,2,152.0,81.0,0.1829494158933161,0.7218014133499152,0.3044569869934261,1.699516388139848,1.626738319783829,1.9388021759132572,1.2891500402272689,1.9197412384822765,1.3825764983303725,2.115,1.04,0.017437635865431865,-0.0131248147842642,978.8017802957352
1036,Spurs,6,18,2024-11-10T14:00:00Z,1.415,1.87,True,40.0,0,0,170.0,140.0,0.1867384345836903,0.6836233214943785,0.4567998787726647,1.699516388139848,1.626738319783829,1.9738021759132571,1.2952488225264238,1.9547412384822764,1.3767314512622182,2.032,1.088,0.012277898547050555,-0.009164924736825604,999.5882501164643
1037,Spurs,6,18,2024-11-23T17:30:00Z,3.26,1.07,False,43.0,1,2,166.0,190.0,0.3068738993896415,0.6324744511508553,0.6740835402165525,1.699516388139848,1.626738319783829,1.9388021759132572,1.3302488225264237,1.9197412384822765,1.411731451262218,1.965,1.136,0.0027986865919066074,-0.0022536699730259305,975.9721397194817
1038,Spurs,6,18,2024-12-01T13:30:00Z,0.8300000000000001,1.19,True,54.0,0,1,101.0,199.0,0.229685449120648,0.6472625833845166,0.4841776834898503,1.734516388139848,1.591738319783829,1.9388021759132572,1.3302488225264237,1.9547412384822764,1.3767314512622182,1.949,1.23,0.002999999999999993,-0.00639105049286515,1001.8660470272013
1039,Spurs,6,18,2024-12-05T20:15:00Z,0.295,2.155,False,91.0,0,0,103.0,235.0,0.31201303285861,0.963035684228443,0.7176205312795408,1.734516388139848,1.591738319783829,1.9038021759132573,1.3270497807363215,1.9197412384822765,1.370547853806831,1.846,1.325,-0.002999999999999993,-0.003460437361398621,1001.8359792927733
1040,Spurs,6,18,2024-12-08T16:30:00Z,2.9450000000000003,3.415,True,8.0,0,0,147.0,219.0,0.2297553493160596,1.0078708981879574,0.4476937538254392,1.699516388139848,1.626738319783829,1.9038021759132573,1.3270497807363215,1.8847412384822766,1.405547853806831,1.802,1.429,-0.006999999999999984,0.0017515995718894331,984.3845774373805
1041,Spurs,6,18,2024-12-15T19:00:00Z,3.715,0.42,False,20.0,1,2,238.0,81.0,0.2915656922233633,0.7668055321776779,0.6781493021063095,1.699516388139848,1.626738319783829,1.9388021759132572,1.3620497807363214,1.9197412384822765,1.4405478538068308,1.641,1.53,-0.00899999999999998,0.008409932082900407,977.0090642401141
1042,Spurs,6,18,2024-12-22T16:30:00Z,2.125,5.3,True,14.0,0,0,135.0,320.0,0.1809208272458241,1.9283440319239664,0.3615395863086749,1.734516388139848,1.591738319783829,1.9388021759132572,1.3620497807363214,1.9547412384822764,1.405547853806831,1.5730000000000002,1.511,0.0009999999999999976,0.005586606295911478,981.9896675727927
1043,Spurs,6,18,2024-12-26T15:00:00Z,0.455,1.06,False,17.0,0,0,137.0,99.0,0.3334399828403937,0.7319598583604161,0.534116123860463,1.734516388139848,1.591738319783829,1.9738021759132571,1.3970497807363214,1.9897412384822764,1.4405478538068308,1.578,1.694,0.00899999999999998,0.013116628934944653,976.0615749541798
1044,Spurs,6,18,2024-12-29T15:00:00Z,2.125,1.36,True,39.0,0,1,127.0,91.0,0.2051606434134187,1.5242675803853074,0.3523085671289693,1.699516388139848,1.5718315217494887,1.9738021759132571,1.3970497807363214,1.9547412384822764,1.4276898418412438,1.494,1.694,0.014999999999999966,0.010163141147773258,965.2603850214884
1045,Spurs,6,18,2025-01-04T12:30:00Z,0.97,2.265,True,4.0,0,0,118.0,156.0,0.1684582782104368,1.4233192291885723,0.5873511077669762,1.699516388139848,1.5718315217494887,1.9887707446354812,1.4079557435109777,1.9733533917003172,1.43494984431187,1.476,1.655,0.01665887903114865,0.004098169046526699,964.9119553395974
1046,Spurs,6,18,2025-01-15T20:00:00Z,0.89,1.725,False,3.0,0,0,104.0,173.0,0.2660088755425284,0.7959687787247681,0.5043125407803601,1.699516388139848,1.5718315217494887,1.9537707446354813,1.4429557435109777,1.9383533917003173,1.46994984431187,1.442,1.73,0.0032542064498378934,0.0063530832021350256,954.0974030798051
1047,Spurs,6,18,2025-01-19T14:00:00Z,1.57,2.475,False,11.0,0,0,149.0,147.0,0.2691180143108554,0.6768646056748197,0.7055764206069468,1.6769786028769313,1.5368315217494888,1.9537707446354813,1.4429557435109777,1.9097900603108515,1.43494984431187,1.376,1.763,-0.010294493656713172,0.00692788361459826,949.1211227228141
1048,Spurs,6,18,2025-01-26T14:00:00Z,1.02,1.78,True,13.0,0,0,139.0,99.0,0.1754675497192286,1.153692733813334,0.7079397504854259,1.6924584673766576,1.5718315217494887,1.9537707446354813,1.4429557435109777,1.9143764143232833,1.46994984431187,1.359,1.72,-0.015619361580263995,0.005822570283916402,930.9216130174078
1049,Spurs,6,18,2025-02-02T14:00:00Z,0.935,1.03,False,94.0,1,2,88.0,184.0,0.2293140111306653,0.7931169155248596,0.7243372160276254,1.6924584673766576,1.5718315217494887,1.9187707446354814,1.472354278765811,1.8793764143232834,1.5035649649940672,1.3969999999999998,1.62,-0.01663766812330093,0.012839303307546197,909.1373771295373
1050,Spurs,6,18,2025-02-16T16:30:00Z,1.645,0.76,True,1.0,1,2,231.0,179.0,0.2431414275594,1.0306499040770376,0.650619805933109,1.6574584673766577,1.5368315217494888,1.9187707446354814,1.472354278765811,1.8443764143232835,1.4694178718027535,1.382,1.569,-0.023349413285823958,0.008805299985743125,929.0981356636122
1051,Spurs,6,18,2025-02-22T15:00:00Z,2.865,1.075,False,40.0,0,2,160.0,142.0,0.1805775642127397,0.7968687120748907,0.6367067235770419,1.6574584673766577,1.5368315217494888,1.9144633387265648,1.4373542787658111,1.8442234483181423,1.4344178718027536,1.466,1.529,-0.02005401871067368,-0.0011611616968781088,946.2943632255607
1052,Spurs,6,18,2025-02-26T19:30:00Z,0.66,1.56,True,43.0,0,0,166.0,141.0,0.1891099992128667,0.9549499253932516,0.8238154046146404,1.6924584673766576,1.5166827820464248,1.9144633387265648,1.4373542787658111,1.8792234483181423,1.4202106583722012,1.388,1.59,-0.011379770227970548,-0.006126826869057338,956.1932965270955
1053,Spurs,6,18,2025-03-09T14:00:00Z,1.77,2.1,True,91.0,0,1,136.0,201.0,0.1959744438322296,0.9894054975280846,0.8363008702558314,1.6924584673766576,1.5166827820464248,1.879463338726565,1.4237878179694186,1.8442234483181423,1.4034295369585925,1.419,1.411,-0.0100393341156077,-0.017647555903771005,949.0232884129251
1054,Spurs,6,18,2025-03-16T13:30:00Z,0.475,1.485,False,54.0,0,0,124.0,132.0,0.213782549943242,0.7108978871693595,0.5485496738932548,1.6924584673766576,1.5166827820464248,1.8740447581073607,1.4587878179694185,1.8513990622105656,1.4384295369585924,1.418,1.513,-0.003009875959400356,-0.01536712451829741,949.3966255533848
1055,Spurs,6,18,2025-04-03T19:00:00Z,0.4,1.045,False,8.0,0,0,110.0,161.0,0.1840530944002993,0.7506983566872796,0.4555386352503093,1.6574584673766577,1.5238200530148889,1.8740447581073607,1.4587878179694185,1.8163990622105657,1.4431329829603121,1.415,1.554,-0.004381711968180544,-0.003890587718808547,938.5929279791477
1056,Spurs,6,18,2025-04-06T13:00:00Z,2.56,1.02,True,20.0,0,2,188.0,125.0,0.1590912340917341,0.9784264980773992,0.6660117879767578,1.6224584673766578,1.488820053014889,1.8740447581073607,1.4587878179694185,1.7813990622105658,1.4081329829603122,1.4069999999999998,1.5590000000000002,-0.014154842141948265,-0.000790213441367836,928.1512804167037
1057,Spurs,6,18,2025-04-13T13:00:00Z,2.04,3.1950000000000003,False,39.0,0,0,122.0,145.0,0.1809301845335661,0.6527653885345508,0.7743078274169073,1.6224584673766578,1.488820053014889,1.9090447581073606,1.440095700163131,1.8163990622105657,1.3922775359145347,1.491,1.511,-0.015359859681731784,-0.0034529093794700987,934.8162321653543
1058,Spurs,6,18,2025-04-21T19:00:00Z,1.57,1.24,True,17.0,0,0,186.0,38.0,0.1237376265157932,0.8409983873935326,0.5446758350930337,1.6571481571680442,1.5238200530148889,1.9090447581073606,1.440095700163131,1.8396900747768203,1.4272775359145347,1.464,1.509,-0.004647624791617419,-0.001549028810070352,923.2308288312864
1059,Spurs,6,18,2025-04-27T15:30:00Z,0.725,3.64,False,14.0,0,0,84.0,207.0,0.2051679213038847,0.9054841910824284,0.6466838657687056,1.6571481571680442,1.5238200530148889,1.8943904464489667,1.4409681598539896,1.8401245751848183,1.4266851813265677,1.511,1.4480000000000002,0.0013857315020007832,-0.0034898161812352375,914.9590326992002
1060,Spurs,6,18,2025-05-04T13:00:00Z,0.885,0.92,False,21.0,0,1,59.0,120.0,0.1729083832363548,0.8620432597307777,0.5185318955978822,1.6245503051652959,1.5588200530148888,1.8943904464489667,1.4409681598539896,1.8051245751848184,1.4616851813265677,1.507,1.471,0.004088431896007881,0.005240502483715551,912.0197836911557
1061,Spurs,6,18,2025-05-11T13:15:00Z,0.345,2.6950000000000003,True,31.0,0,0,68.0,293.0,0.2340181539567281,1.0763320790838586,0.6147478717390262,1.589550305165296,1.5282017440686384,1.8943904464489667,1.4409681598539896,1.7701245751848185,1.4369877394690822,1.335,1.412,-0.002564611308513725,0.010054410405485197,912.0636784227748
1062,Spurs,6,18,2025-05-16T18:30:00Z,0.26,1.6949999999999998,False,7.0,0,0,35.0,213.0,0.2433731869616093,0.821589202012827,0.4521914743539083,1.589550305165296,1.5282017440686384,1.8593904464489668,1.4759681598539895,1.7351245751848186,1.4719877394690821,1.243,1.5630000000000002,-0.018573398111564034,0.013219475098182271,904.089829550982
1063,Spurs,6,18,2025-05-25T15:00:00Z,1.475,3.135,True,36.0,0,0,57.0,290.0,0.2509030086330107,1.274924950398557,0.4781372335747982,1.554550305165296,1.5286700957203128,1.8593904464489668,1.4759681598539895,1.7001245751848186,1.4814018825826887,1.112,1.635,-0.02993792851314308,0.010909484740309365,899.2695878391369
1064,West Ham,21,19,2022-08-07T15:30:00Z,0.0,2.0,True,43.0,0,0,77.0,162.0,0.0,0.0,2.0,1.203550090504038,1.6580396964633808,1.203550090504038,1.6580396964633808,1.203550090504038,1.6580396964633808,1.5,1.5,,,1000.0
1065,West Ham,21,19,2022-08-14T13:00:00Z,0.0,1.0,False,17.0,0,0,151.0,145.0,0.0,0.0,1.0,1.203550090504038,1.6580396964633808,1.168550090504038,1.6511219882762462,1.168550090504038,1.6511219882762462,0.77,1.62,-0.03499999999999992,-0.0069177081871345525,958.75
1066,West Ham,21,19,2022-08-21T13:00:00Z,0.0,2.0,True,36.0,0,0,180.0,141.0,0.0,0.4444444444444444,1.5555555555555556,1.168550090504038,1.6293497576232248,1.168550090504038,1.6511219882762462,1.133550090504038,1.62389916922264,1.14,1.535,-0.03499999999999992,-0.01707026362037034,930.2360677699472
1067,West Ham,21,19,2022-08-28T13:00:00Z,1.0,0.0,False,7.0,1,2,77.0,90.0,0.0,0.0,0.7777777777777778,1.168550090504038,1.6293497576232248,1.133550090504038,1.6767798712499304,1.0985500905040382,1.6517348508632006,1.36,1.4933333333333334,-0.03499999999999992,-0.004613735585414669,914.1246407201149
1068,West Ham,21,19,2022-08-31T18:45:00Z,1.0,1.0,True,6.0,0,1,132.0,182.0,0.0,0.345679012345679,1.2098765432098766,1.1485276433792817,1.5943497576232248,1.133550090504038,1.6767798712499304,1.0785276433792819,1.6167348508632007,1.2125,1.345,-0.0320044894249512,-0.008199682861340585,953.4194607146643
1069,West Ham,21,19,2022-09-03T14:00:00Z,1.0,2.0,False,8.0,0,0,98.0,151.0,0.2222222222222222,0.0,0.8271604938271605,1.1485276433792817,1.5943497576232248,1.109182945835422,1.6417798712499305,1.05813680558731,1.5817348508632008,1.234,1.44,-0.02948953617022595,-0.013052855959985038,954.4628444104753
1070,West Ham,21,19,2022-09-18T13:15:00Z,0.0,1.0,False,11.0,0,0,213.0,79.0,0.1728395061728395,0.0,0.8655692729766804,1.1298836229425944,1.6207129250063146,1.109182945835422,1.6417798712499305,1.0414332652233416,1.612112606778265,1.1916666666666669,1.4516666666666669,-0.02519561223652637,-0.010186853216234982,935.5700480431702
1071,West Ham,21,19,2022-10-01T16:30:00Z,2.0,0.0,True,39.0,1,2,210.0,156.0,0.0,0.2688614540466392,0.9410150891632374,1.0948836229425944,1.6003887802498558,1.109182945835422,1.6417798712499305,1.0064332652233416,1.5945399576521622,1.3257142857142858,1.3571428571428572,-0.023637869715358403,-0.008590365431634188,918.6362652030956
1072,West Ham,21,19,2022-10-09T13:00:00Z,3.0,1.0,True,54.0,0,2,266.0,99.0,0.0,0.4313366864807194,0.7319006249047402,1.0948836229425944,1.6003887802498558,1.144182945835422,1.6067798712499306,1.0414332652233416,1.5595399576521622,1.4225,1.3825,-0.014816308606722062,-0.014205182564949802,937.5230146517624
1073,West Ham,21,19,2022-10-16T13:00:00Z,1.0,1.0,False,20.0,0,1,271.0,139.0,0.3566529492455418,0.0,0.6732205456485292,1.0948836229425944,1.6003887802498558,1.179182945835422,1.5739112124320573,1.0764332652233415,1.5273757675687623,1.56,1.3388888888888888,-0.0027309289106173407,-0.015170078435183155,957.3796603661542
1074,West Ham,21,19,2022-10-19T18:30:00Z,0.0,1.0,False,14.0,0,0,114.0,278.0,0.277396738302088,0.0,0.7458382021710782,1.0598836229425945,1.5821345674971812,1.179182945835422,1.5739112124320573,1.0414332652233416,1.5145947674282485,1.675,1.344,0.0016137799480045092,-0.017854598137236267,957.2347514385358
1075,West Ham,21,19,2022-10-24T19:00:00Z,2.0,0.0,True,91.0,1,2,225.0,88.0,0.0,0.335484089485004,0.5692560415925757,1.0248836229425946,1.5471345674971813,1.179182945835422,1.5739112124320573,1.0064332652233416,1.4795947674282486,1.712,1.46,-0.0009999999999999976,-0.026702541643006367,946.9842180436959
1076,West Ham,21,19,2022-10-30T16:15:00Z,0.0,1.0,False,1.0,0,0,175.0,181.0,0.2157530186794018,0.2222222222222222,0.5800963794663941,1.0248836229425946,1.5471345674971813,1.2141829458354219,1.5389112124320574,1.0414332652233416,1.4445947674282487,1.786,1.403,0.0009999999999999976,-0.028638357769480635,962.0753825338105
1077,West Ham,21,19,2022-11-06T14:00:00Z,1.0,2.0,True,31.0,0,0,43.0,202.0,0.0,0.705376514043892,0.4427546990164477,0.9898836229425946,1.5124182121669436,1.2141829458354219,1.5389112124320574,1.0064332652233416,1.4155347346848093,1.781,1.443,-0.00899999999999998,-0.02866768900738016,954.4553472037127
1078,West Ham,21,19,2022-11-12T15:00:00Z,0.70015,1.888,True,13.0,0,0,170.0,99.0,0.0077111111111111,0.9045595109230272,0.3753869881239038,0.9898836229425946,1.5124182121669436,1.1950526516493107,1.5739112124320573,0.9984316423428564,1.4505347346848092,1.747,1.555,-0.013143088982926432,-0.020468150361430938,942.2986150886027
1079,West Ham,21,19,2022-12-26T20:00:00Z,1.0347499999999998,2.5518,False,3.0,0,0,72.0,220.0,0.2600301256395347,0.4468617283950617,0.552430517362751,0.9898836229425946,1.5124182121669436,1.1600526516493108,1.6074332651961973,0.9634316423428564,1.4855347346848091,1.785,1.472,-0.012828942372682329,-0.007472579848312983,928.8475001922687
1080,West Ham,21,19,2022-12-30T19:45:00Z,0.66335,1.8137,True,94.0,0,0,218.0,152.0,0.0556419753086419,0.8680351751623544,0.459367657429703,0.9987874839859244,1.5456479470803692,1.1600526516493108,1.6074332651961973,0.9799583893425804,1.520534734684809,1.759,1.541,-0.0106965963121642,0.010357706801499531,925.491379439532
1081,West Ham,21,19,2023-01-04T19:45:00Z,1.71165,1.73915,False,2.0,0,1,92.0,209.0,0.3282456532751937,0.4407813443072702,0.5389570690599175,0.9987874839859244,1.5456479470803692,1.125052651649311,1.6269798454844433,0.9449583893425804,1.5430888056831757,1.764,1.614,-0.017051400201316853,0.02407057689356099,917.1823871031035
1082,West Ham,21,19,2023-01-14T15:00:00Z,0.5109,0.9183,False,39.0,0,0,128.0,122.0,0.2756577303251507,0.4816521566834324,0.4459221648243802,1.0257709893180438,1.5715807338131242,1.125052651649311,1.6269798454844433,0.9737269835617621,1.5687568844065511,1.646,1.6669999999999998,-0.00878355486597148,0.03082208461725168,917.3789589287721
1083,West Ham,21,19,2023-01-21T15:00:00Z,2.16695,0.33725,True,11.0,1,2,135.0,89.0,0.0901659807956104,0.7044051362373868,0.4310192891119912,0.9907709893180437,1.550560087758968,1.125052651649311,1.6269798454844433,0.9387269835617621,1.5526804539109342,1.508,1.69,-0.008646779149964413,0.02236997475126337,902.798187428404
1084,West Ham,21,19,2023-02-04T17:30:00Z,1.0,0.91,False,4.0,0,1,85.0,81.0,0.2521782346973394,0.414618344087114,0.4512727948634069,0.9907709893180437,1.550560087758968,1.1600526516493108,1.5919798454844434,0.9737269835617621,1.5176804539109343,1.372,1.64,-0.0012413976293926979,0.008080966643782198,915.5884517756988
1085,West Ham,21,19,2023-02-11T12:30:00Z,1.15,1.075,True,8.0,0,1,136.0,112.0,0.123462429507697,0.5945373281846341,0.4907927804204376,0.9911505921587445,1.515560087758968,1.1600526516493108,1.5919798454844434,0.9840106392672783,1.4826804539109344,1.3430000000000002,1.443,0.002044772350886705,-0.008044939705191842,918.9277543612808
1086,West Ham,21,19,2023-02-19T16:30:00Z,0.25,1.74,False,6.0,0,0,50.0,156.0,0.2828052936534862,0.466925378734422,0.4509899515604275,0.9911505921587445,1.515560087758968,1.1551823473106035,1.5620439466839555,0.9922457343895145,1.457287531038021,1.254,1.467,0.008636791210034828,-0.020635304706074983,919.6680910202238
1087,West Ham,21,19,2023-02-25T15:00:00Z,3.3600000000000003,0.21,True,17.0,1,2,207.0,79.0,0.1293596673948754,0.5135290330324932,0.3928388292158959,0.9561505921587444,1.5241966816218318,1.1551823473106035,1.5620439466839555,0.9572457343895144,1.469369891751972,1.129,1.442,0.002526676066500994,-0.02337467805404674,912.25595651179
1088,West Ham,21,19,2023-03-04T15:00:00Z,0.19,3.78,False,36.0,0,0,51.0,243.0,0.3844041172860448,0.8920530723489949,0.4485477401025547,0.9561505921587444,1.5241966816218318,1.1901823473106035,1.5270439466839556,0.9922457343895145,1.434369891751972,1.293,1.319,0.0064681457641215705,-0.021767926289846043,929.6724451478568
1089,West Ham,21,19,2023-03-12T14:00:00Z,1.61,1.29,True,7.0,0,1,148.0,171.0,0.1272797413071253,0.4638559145808281,0.5655413116123635,0.9211505921587444,1.5591966816218317,1.1901823473106035,1.5270439466839556,0.9572457343895144,1.469369891751972,1.1740000000000002,1.463,-0.0026485988712722833,-0.010697203901649934,921.2933686052037
1090,West Ham,21,19,2023-04-02T13:00:00Z,1.175,0.195,True,20.0,1,2,105.0,77.0,0.1412175765722086,0.3941101557850885,0.450976575698505,0.9211505921587444,1.5591966816218317,1.2111530292173192,1.5186656342416465,0.9876493755770284,1.4641129906588304,1.25,1.414,-0.0014801805271785601,-0.0026168638319619066,921.7972270116701
1091,West Ham,21,19,2023-04-05T19:00:00Z,0.9,4.0600000000000005,True,4.0,0,0,75.0,196.0,0.1098358928894955,0.757641232277291,0.590759558876615,0.9211505921587444,1.5591966816218317,1.185570644595356,1.4836656342416465,0.9733191578186753,1.4291129906588305,1.137,1.339,-0.001097770265475833,-0.0034755258621536277,934.7190705998403
1092,West Ham,21,19,2023-04-08T14:00:00Z,0.55,0.34,False,54.0,1,1,118.0,137.0,0.3300920912224793,0.8049301673825515,0.3577593534130981,0.9211505921587444,1.5591966816218317,1.1737999249666058,1.5186656342416465,0.9739344508311616,1.4641129906588304,1.12,1.3259999999999998,0.0016304998195209189,-0.0013517745668078364,929.4025361792513
1093,West Ham,21,19,2023-04-16T13:00:00Z,1.89,2.41,True,3.0,0,1,134.0,166.0,0.1298723611362743,0.964832069549004,0.6661463235707006,0.8861505921587444,1.5241966816218318,1.1737999249666058,1.5186656342416465,0.9389344508311616,1.4291129906588305,1.11,1.341,-0.006594871035005033,-0.0022015773927180743,929.529190408967
1094,West Ham,21,19,2023-04-23T13:00:00Z,3.165,0.57,False,91.0,1,2,212.0,154.0,0.2900716265063728,0.7016123524086512,0.4249239415435207,0.8861505921587444,1.5241966816218318,1.2087999249666057,1.5536656342416464,0.9739344508311616,1.454917716864905,1.109,1.418,-0.0017738828290536667,-0.0040645964124381324,933.5204827311801
1095,West Ham,21,19,2023-04-26T18:45:00Z,0.89,2.0,True,14.0,0,0,73.0,173.0,0.3099007253282133,0.8348693874270031,0.6758915849994338,0.9211505921587444,1.4891966816218318,1.2087999249666057,1.5536656342416464,1.0089344508311615,1.419917716864905,1.236,1.491,0.002093464437374989,-0.005101776867182935,950.3827835792903
1096,West Ham,21,19,2023-04-29T11:30:00Z,2.435,3.065,False,31.0,0,0,127.0,184.0,0.28338904283829,0.9634762740956176,0.3304963989782939,0.9211505921587444,1.4891966816218318,1.1877450403136944,1.5667598958919,0.9982914654397106,1.432599530310049,1.173,1.5519999999999998,0.007567472517290752,-0.0025528113405602557,940.4793764756122
1097,West Ham,21,19,2023-05-03T19:00:00Z,0.175,2.66,False,43.0,0,0,65.0,182.0,0.4004136999853366,0.904925990963258,0.4370527547608952,0.9561505921587444,1.5241966816218318,1.1877450403136944,1.5667598958919,1.0332914654397105,1.4675995303100489,1.25,1.58,0.014567317624811189,-0.0002030766511500597,926.0976910303305
1098,West Ham,21,19,2023-05-07T18:00:00Z,1.16,0.595,True,1.0,1,2,142.0,153.0,0.2699227863663881,0.8204539679987802,0.5923601216662263,0.9320025407487356,1.5400709483137847,1.1877450403136944,1.5667598958919,1.0128282280495418,1.4872627620342502,1.108,1.683,0.015339912700745622,0.009756460304504978,923.2880545632935
1099,West Ham,21,19,2023-05-14T13:00:00Z,0.11,2.81,False,94.0,0,0,70.0,319.0,0.4736550999885951,1.1638313263047564,0.5354854759251407,0.9320025407487356,1.5400709483137847,1.1761645655455137,1.5317598958919,1.020999258004082,1.4522627620342503,1.199,1.5930000000000002,0.008057296214849805,0.006393153181564625,952.3879687331631
1100,West Ham,21,19,2023-05-21T12:30:00Z,2.575,0.95,True,2.0,0,2,281.0,115.0,0.2432732782849685,0.8025753084434957,0.4607245390737315,0.8970025407487355,1.5750709483137846,1.1761645655455137,1.5317598958919,0.9859992580040821,1.4872627620342502,1.121,1.741,-0.0019147378237843293,0.011867947221243747,941.0952787006943
1101,West Ham,21,19,2023-05-28T15:30:00Z,1.1749999999999998,1.72,False,13.0,0,0,0.0,0.0,0.4372872999911295,1.122979920459255,0.449822036830665,0.8970025407487355,1.5750709483137846,1.2111645655455137,1.5059967028241983,1.020999258004082,1.462303333093442,1.297,1.779,-0.0005761894151567867,0.004928820259701996,952.2858514132815
1102,West Ham,21,19,2023-08-12T14:00:00Z,1.03,1.185,False,91.0,0,1,119.0,124.0,0.3401123444375452,0.9356510492460872,0.5920838064238505,0.8829076728299495,1.6045295581419938,1.2111645655455137,1.5059967028241983,1.000886940438589,1.4932743237825856,1.222,1.5830000000000002,-0.004928843861199624,0.0025284480154359784,934.1061085969452
1103,West Ham,21,19,2023-08-20T15:30:00Z,2.4,1.815,True,8.0,0,2,161.0,189.0,0.2847681053327533,0.9020030176782744,0.5338968637240135,0.868158517027564,1.587198517596828,1.2111645655455137,1.5059967028241983,0.9757026439282341,1.486135433330907,1.223,1.57,-0.006027567808657643,0.002641103222499464,934.0783392129389
1104,West Ham,21,19,2023-08-26T16:30:00Z,3.165,1.26,False,36.0,0,2,183.0,279.0,0.3178651567847573,0.8521730383025123,0.6293985161074392,0.868158517027564,1.587198517596828,1.2461645655455136,1.5271491768477201,1.010702643928234,1.511617689695211,1.25,1.5930000000000002,-0.00292814943349363,0.009267532653826193,947.7059399322046
1105,West Ham,21,19,2023-09-01T19:00:00Z,1.535,1.215,False,102.0,0,2,120.0,118.0,0.3561173441659224,0.7428012520130651,0.6184210680835638,0.903158517027564,1.5602940729035122,1.2461645655455136,1.5271491768477201,1.045702643928234,1.4826356306031045,1.221,1.7180000000000002,0.006926936882367449,0.003361957777082842,970.5382027791277
1106,West Ham,21,19,2023-09-16T14:00:00Z,0.97,3.315,True,43.0,0,0,67.0,353.0,0.281486304147697,0.8771134581942135,0.9974753384520104,0.90417078508657,1.5491775943138775,1.2461645655455136,1.5271491768477201,1.0392758675457165,1.4754688774174163,1.268,1.663,0.007452290233631637,0.0016969685270209096,979.4890192484123
1107,West Ham,21,19,2023-09-24T13:00:00Z,1.05,3.03,False,14.0,0,0,116.0,222.0,0.3392023787957174,0.939956529343495,0.7321052751761051,0.90417078508657,1.5491775943138775,1.2513818282116187,1.5590480703796261,1.053836510425029,1.4998780223931139,1.208,1.832,0.014013357736704198,-0.0007989495365696328,975.2514958790051
1108,West Ham,21,19,2023-09-30T14:00:00Z,2.095,0.535,True,49.0,1,2,258.0,132.0,0.3278226810037644,0.7466438008177216,0.840258596573786,0.9129670952210482,1.5841775943138774,1.2513818282116187,1.5590480703796261,1.0567245284310598,1.5348780223931138,1.259,1.872,0.015088121303485583,0.005752205434830136,968.5070755072912
1109,West Ham,21,19,2023-10-08T13:00:00Z,1.61,1.975,True,4.0,0,1,80.0,139.0,0.2883065296695945,0.627389622858228,1.009090019557389,0.9129670952210482,1.5841775943138774,1.274282582367701,1.5240480703796262,1.082875246147874,1.4998780223931139,1.375,1.851,0.011671123071028256,0.0034982281095782813,976.1326529362842
1110,West Ham,21,19,2023-10-22T15:30:00Z,1.075,3.01,False,7.0,0,0,118.0,173.0,0.2949351835077802,1.0177439672671629,0.7027485473591929,0.9129670952210482,1.5841775943138774,1.3086855736458956,1.5439449462675,1.1178752461478738,1.5184840867692224,1.385,1.671,0.014129976140305775,0.008213420450219486,977.0605656810864
1111,West Ham,21,19,2023-10-29T13:00:00Z,0.3349999999999999,0.91,True,11.0,0,0,111.0,98.0,0.2309050786319068,0.6124141511119551,0.8359589041001915,0.9156689452021339,1.6191775943138773,1.3086855736458956,1.5439449462675,1.1140055578948254,1.5534840867692223,1.222,1.729,0.016911867903739795,0.01173983542535303,969.1085904807275
1112,West Ham,21,19,2023-11-04T15:00:00Z,2.045,2.2,False,94.0,0,0,131.0,198.0,0.2627273649504957,0.9249119745411266,0.6932488701682611,0.9156689452021339,1.6191775943138773,1.2736855736458956,1.523295160173881,1.0790055578948254,1.534362480400458,1.3330000000000002,1.827,0.009505380735436551,0.007052758501175869,950.0349844789255
1113,West Ham,21,19,2023-11-12T14:00:00Z,2.27,1.84,True,17.0,0,2,157.0,117.0,0.1907039500470386,0.5540998953092984,0.9613013698557044,0.950668945202134,1.6224656399135535,1.2736855736458956,1.523295160173881,1.1140055578948254,1.5422720040842517,1.345,1.901,0.007740754123046686,0.0050120937850777775,940.1702041986733
1114,West Ham,21,19,2023-11-25T15:00:00Z,1.015,1.135,False,90.0,0,1,130.0,117.0,0.2443435060726077,0.7638204246430984,0.7369713434642031,0.950668945202134,1.6224656399135535,1.3086855736458956,1.5582951601738808,1.1490055578948253,1.5772720040842516,1.341,1.829,0.00811549982787462,0.012548915829486066,958.7236670191198
1115,West Ham,21,19,2023-12-03T14:00:00Z,1.13,0.94,True,31.0,0,1,93.0,82.0,0.1572141833699189,0.4798554741294543,0.8854566209988812,0.9156689452021339,1.6162054788934572,1.3086855736458956,1.5582951601738808,1.1140055578948254,1.575653732345311,1.288,1.6669999999999998,0.0034471873924216403,0.01043204295740927,957.7729459283026
1116,West Ham,21,19,2023-12-07T20:15:00Z,2.035,1.37,False,6.0,0,2,119.0,236.0,0.2900449491675838,0.8807492191668544,0.5731999338054913,0.9156689452021339,1.6162054788934572,1.3020055551244334,1.5354444691765656,1.1188895329781143,1.556718596007989,1.261,1.631,0.00469771072618413,0.005001322915096917,957.7306563080882
1117,West Ham,21,19,2023-12-10T14:00:00Z,0.7,3.67,False,54.0,0,0,92.0,161.0,0.2322571826858984,1.0005827260186646,0.643599948515382,0.950668945202134,1.5945690610109957,1.3020055551244334,1.5354444691765656,1.1538895329781143,1.53540556679759,1.3130000000000002,1.514,0.010116337161894601,0.001341055314798042,975.7240574057984
1118,West Ham,21,19,2023-12-17T14:00:00Z,2.0700000000000003,0.325,True,39.0,1,2,98.0,107.0,0.1711665870654925,0.4332209243229089,0.7264662607769077,0.9156689452021339,1.6295690610109956,1.3020055551244334,1.5354444691765656,1.1188895329781143,1.57040556679759,1.289,1.453,0.00125587930713145,-0.00011047527516042496,959.6668632822787
1119,West Ham,21,19,2023-12-23T12:30:00Z,1.67,0.455,True,1.0,1,2,154.0,107.0,0.1331295677176053,0.5391718300289291,0.5650293139375949,0.9156689452021339,1.6295690610109956,1.3370055551244333,1.5004444691765657,1.1538895329781143,1.53540556679759,1.129,1.4280000000000002,0.00211633716189462,-0.007039706065339128,973.0729866954941
1120,West Ham,21,19,2023-12-28T20:15:00Z,1.735,1.34,False,3.0,1,2,112.0,311.0,0.2673111420890321,1.1693421202367391,0.6472444044008527,0.9156689452021339,1.6295690610109956,1.3595448175491123,1.4654444691765658,1.1888895329781142,1.5004055667975902,1.203,1.396,0.01269771072618411,-0.011576569010565745,991.1037373127378
1121,West Ham,21,19,2024-01-02T19:30:00Z,0.345,1.24,True,36.0,1,1,67.0,219.0,0.1057674415581374,0.8104669789113892,0.5994672441736849,0.950668945202134,1.5945690610109957,1.3595448175491123,1.4654444691765658,1.223889532978114,1.4654055667975903,1.197,1.534,0.018999999999999958,-0.017044718458628382,1013.994292826465
1122,West Ham,21,19,2024-01-21T14:00:00Z,2.14,2.51,False,49.0,0,1,183.0,185.0,0.2279086660692472,1.1250438712952415,0.787856758978441,0.950668945202134,1.5945690610109957,1.3245448175491124,1.4433169036153561,1.1888895329781142,1.4368870462817207,1.153,1.655,0.014999999999999966,-0.024074074359409888,1013.9948120949402
1123,West Ham,21,19,2024-02-01T19:30:00Z,1.16,1.085,True,91.0,0,1,84.0,132.0,0.1133746767674402,0.6525854280421917,0.6706967454684216,0.985668945202134,1.6295690610109956,1.3245448175491124,1.4433169036153561,1.223889532978114,1.4718870462817206,1.205,1.642,0.018999999999999958,-0.023518518975055858,1011.1854628240939
1124,West Ham,21,19,2024-02-04T14:00:00Z,0.8400000000000001,1.9,False,1.0,0,0,124.0,132.0,0.1883734069427478,1.0105896776740768,0.6438885903165652,0.985668945202134,1.6295690610109956,1.2931402119996427,1.4240008003484603,1.1995103266953095,1.4544124032130872,1.132,1.6569999999999998,0.008517256245313609,-0.014829711428171225,1010.9962085622559
1125,West Ham,21,19,2024-02-11T14:00:00Z,0.105,4.83,True,3.0,0,0,54.0,334.0,0.2837358597080091,1.1097886662550378,0.5372085798087723,0.9687516786755535,1.649902014124435,1.2931402119996427,1.4240008003484603,1.171712495158442,1.489412403213087,1.126,1.672,-0.0035435087984792887,-0.0015127231050292788,997.827615335544
1126,West Ham,21,19,2024-02-17T15:00:00Z,0.28,2.9850000000000003,False,17.0,0,0,90.0,211.0,0.2087348720665816,1.186014193746504,0.6585800146906619,0.9687516786755535,1.649902014124435,1.2653543618268515,1.4590008003484602,1.1461092716169274,1.524412403213087,1.087,1.924,-0.013280332187078706,0.012432445994369986,989.1291798574019
1127,West Ham,21,19,2024-02-26T20:00:00Z,2.755,1.56,True,94.0,0,2,148.0,168.0,0.2895723353284515,0.9298356293094738,0.5378288954068229,0.9337516786755534,1.6849020141244349,1.2653543618268515,1.4590008003484602,1.1111092716169275,1.559412403213087,1.058,1.899,-0.018572569212181738,0.02300579587002658,969.7533589772321
1128,West Ham,21,19,2024-03-02T15:00:00Z,2.44,1.865,False,11.0,0,2,143.0,202.0,0.1823493449406746,1.1602332618028366,0.8611177892038482,0.9337516786755534,1.6849020141244349,1.3003543618268514,1.4670743819723873,1.1461092716169274,1.5595089740966708,1.114,1.906,-0.019420219873788395,0.022517418259278568,982.1982141527756
1129,West Ham,21,19,2024-03-10T14:00:00Z,1.905,1.325,True,90.0,0,1,166.0,98.0,0.2318895941443511,0.7898721561295907,0.4872002519830845,0.9687516786755535,1.7199020141244348,1.3003543618268514,1.4670743819723873,1.1811092716169274,1.5945089740966707,1.159,2.001,-0.005823284171898692,0.0270220733448191,995.6003814117078
1130,West Ham,21,19,2024-03-17T14:00:00Z,1.52,0.815,True,7.0,0,1,126.0,140.0,0.2070252398900509,0.7187894547674595,0.3900446404312879,0.9687516786755535,1.7199020141244348,1.3149315478742534,1.4437288893670723,1.1982022807546442,1.572006044647986,1.171,1.992,0.007784255085171748,0.017810128305966552,993.1952021504792
1131,West Ham,21,19,2024-03-30T12:30:00Z,2.205,4.035,False,4.0,0,0,121.0,257.0,0.1418272682871913,1.393514759179984,1.0853138360474377,0.9687516786755535,1.7199020141244348,1.328489247586093,1.4087288893670724,1.2191208054305713,1.537006044647986,1.185,1.821,0.018895334185181984,0.003878546613691209,993.5030740499675
1132,West Ham,21,19,2024-04-02T19:15:00Z,1.08,0.98,True,6.0,0,1,120.0,187.0,0.2010196310255951,0.7212806870413573,0.3122569425576684,1.0037516786755534,1.7549020141244347,1.328489247586093,1.4087288893670724,1.2541208054305713,1.572006044647986,1.239,1.859,0.027176722275624773,-0.0007726717320069592,979.6485200228195
1133,West Ham,21,19,2024-04-06T14:00:00Z,1.57,1.25,False,39.0,0,2,98.0,141.0,0.1191989864455932,1.4038448126955432,0.8463552058146736,1.0037516786755534,1.7549020141244347,1.299738497378567,1.3737288893670725,1.2316689734169126,1.537006044647986,1.176,1.861,0.01907861814619385,-0.006143526731127931,979.8811906277025
1134,West Ham,21,19,2024-04-14T13:00:00Z,0.47,2.645,True,54.0,0,0,139.0,237.0,0.1563486019087962,1.1165516454766111,0.4161998442115199,1.0278360961386692,1.7505480865845373,1.299738497378567,1.3737288893670725,1.2420584847756677,1.5464100301670896,1.19,1.87,0.012575604108014483,-0.008871277704225872,993.7856203037001
1135,West Ham,21,19,2024-04-21T14:00:00Z,1.13,3.735,False,31.0,0,0,58.0,194.0,0.1860436561243503,1.3674348543187558,0.851609604522524,1.0278360961386692,1.7505480865845373,1.2647384973785671,1.4087288893670724,1.2070584847756678,1.5814100301670895,1.205,1.975,0.002589777889335673,0.0011494824043665134,976.0023377831983
1136,West Ham,21,19,2024-04-27T11:30:00Z,1.35,1.875,True,14.0,0,1,152.0,271.0,0.2216044681512859,1.0573179464818088,0.4259332121645154,1.029760788282455,1.7855480865845372,1.2647384973785671,1.4087288893670724,1.203469616869108,1.6164100301670894,1.209,1.835,-0.005972954097522067,0.012418167704912301,959.1587249845561
1137,West Ham,21,19,2024-05-05T13:00:00Z,0.525,4.565,False,8.0,0,0,75.0,308.0,0.2047006214300502,1.53244933113681,1.05125191462863,1.029760788282455,1.7855480865845372,1.2813071728582541,1.378643706406811,1.2319808723221748,1.5814100301670895,1.271,1.895,-0.006579935291011323,0.009149482404366496,960.5035626359213
1138,West Ham,21,19,2024-05-11T14:00:00Z,3.14,0.71,True,102.0,0,2,233.0,69.0,0.1723590307843335,0.9001361805969623,0.3490591650168453,0.9947607882824551,1.8205480865845372,1.2813071728582541,1.378643706406811,1.1969808723221749,1.6164100301670894,1.198,2.035,-0.005921777449735068,0.015343426502729038,950.1137281437966
1139,West Ham,21,19,2024-05-19T15:00:00Z,0.6799999999999999,2.505,False,43.0,0,0,46.0,276.0,0.2525449277789279,1.3763494797730746,0.9865292669333788,0.9947607882824551,1.8205480865845372,1.316307172858254,1.3462980585380195,1.2319808723221748,1.5814100301670895,1.288,1.902,-0.0014888469764250433,0.006999999999999984,957.9738963787086
1140,West Ham,21,19,2024-08-17T16:30:00Z,1.725,2.015,True,7.0,0,0,132.0,128.0,0.149612579498926,1.0512170293531928,0.3559349061242131,0.9900543472552065,1.8391587780128131,1.316307172858254,1.3462980585380195,1.2266171992087347,1.6022990551380312,1.168,2.08,0.004237923957843863,0.0009841464244202465,954.6191508269638
1141,West Ham,21,19,2024-08-24T14:00:00Z,1.69,0.675,False,31.0,1,2,121.0,92.0,0.2230904993836106,1.2016051509346135,0.9095227631704058,0.9900543472552065,1.8391587780128131,1.341631424371209,1.3812980585380195,1.2563402419814829,1.6305468853148846,1.1740000000000002,2.068,0.008093203034901552,0.0028100385900514573,943.5728467151612
1142,West Ham,21,19,2024-08-31T16:30:00Z,0.36,3.0,True,43.0,0,0,93.0,259.0,0.2208097840547202,1.00427991171915,0.6568382603188323,1.0250543472552065,1.8041587780128132,1.341631424371209,1.3812980585380195,1.2913402419814828,1.5955468853148846,1.1740000000000002,1.903,0.013414608118886395,0.003828110461522944,961.3748369645572
1143,West Ham,21,19,2024-09-14T14:00:00Z,0.88,1.27,False,54.0,0,1,86.0,178.0,0.2135148328539193,1.181248450726922,0.7651843713547601,1.0250543472552065,1.8041587780128132,1.3185973783807756,1.4112994054961154,1.274661478593742,1.616188710905188,1.147,1.975,0.017034405231671653,0.0019871942660209135,958.3050234034192
1144,West Ham,21,19,2024-09-21T11:30:00Z,0.42,2.595,True,8.0,0,0,193.0,171.0,0.1717409431536713,1.1033288202260056,0.6797630913590917,1.0019701266736087,1.7843204577713978,1.3185973783807756,1.4112994054961154,1.2409414518575281,1.6065745324821046,1.135,2.012,0.006398163880908246,0.0037854708250441745,958.3352109506468
1145,West Ham,21,19,2024-09-28T14:00:00Z,0.995,0.685,False,94.0,0,1,156.0,84.0,0.1749559811086039,0.9898599061209392,0.5951433999425912,1.0019701266736087,1.7843204577713978,1.2835973783807757,1.4462994054961154,1.2059414518575282,1.6415745324821045,1.189,1.946,-0.004750110586161067,0.004145775823209429,950.5348320455306
1146,West Ham,21,19,2024-10-05T14:00:00Z,3.925,0.825,True,40.0,0,2,291.0,81.0,0.2046874002306332,0.9048113046202266,0.5553712932792936,0.990379762262284,1.7493204577713979,1.2835973783807757,1.4462994054961154,1.18708957199599,1.6065745324821046,1.287,1.836,-0.018176278486729775,0.0002459142547050343,950.4893523194469
1147,West Ham,21,19,2024-10-19T11:30:00Z,0.895,2.96,False,6.0,0,0,99.0,221.0,0.1738546519733586,1.141002149205175,0.4806670888442376,0.990379762262284,1.7493204577713979,1.3185973783807756,1.4244785423088735,1.2220895719959899,1.579886285632499,1.426,1.646,-0.018399116277734873,-0.0020613009623193725,964.4302461443806
1148,West Ham,21,19,2024-10-27T14:00:00Z,2.49,1.56,True,1.0,0,2,147.0,167.0,0.2436457557349369,0.9592976813712872,0.5630665614394506,0.972624795332611,1.7843204577713978,1.3185973783807756,1.4244785423088735,1.1919731252931816,1.614886285632499,1.45,1.5590000000000002,-0.013967122455684437,-0.0034736247689217494,951.3700846566956
1149,West Ham,21,19,2024-11-02T15:00:00Z,0.065,2.585,False,17.0,0,0,31.0,168.0,0.2707758404237234,1.0363350049373583,0.5694077357677404,0.972624795332611,1.7843204577713978,1.3535973783807755,1.442924339878927,1.2269731252931815,1.617536991148676,1.364,1.6569999999999998,-0.0021927603575649522,-0.0014840198304446924,970.5557582759776
1150,West Ham,21,19,2024-11-09T15:00:00Z,0.415,0.555,True,11.0,1,1,134.0,139.0,0.2250578100160621,0.9038981966221123,0.4912739922306838,0.937624795332611,1.8193204577713977,1.3535973783807755,1.442924339878927,1.1919731252931816,1.652536991148676,1.349,1.5490000000000002,0.0005626451533437977,0.00350570483807349,956.1475766022702
1151,West Ham,21,19,2024-11-25T20:00:00Z,1.455,0.845,False,4.0,1,2,119.0,137.0,0.2772700981073404,0.9704827816179452,0.6006504611526869,0.937624795332611,1.8193204577713977,1.3185973783807756,1.4079243398789272,1.1569731252931816,1.617536991148676,1.351,1.56,-0.005883759246356192,0.0078690032970733,956.0472868894275
1152,West Ham,21,19,2024-11-30T17:30:00Z,1.77,4.3,True,3.0,0,0,125.0,234.0,0.2528227411236038,1.2719208195949765,0.5398797717349764,0.972624795332611,1.7843204577713978,1.3185973783807756,1.4079243398789272,1.182126737754703,1.5825369911486762,1.349,1.605,-0.009708976320183848,0.0016058755465547581,978.0237804672172
1153,West Ham,21,19,2024-12-03T20:15:00Z,2.045,2.335,False,13.0,0,0,319.0,150.0,0.2156545207501536,0.9503754968139576,0.6427281364520898,0.972624795332611,1.7843204577713978,1.3535973783807755,1.442924339878927,1.2171267377547028,1.617536991148676,1.381,1.58,-0.0012506028659379823,-0.003621327783403266,971.3839477734076
1154,West Ham,21,19,2024-12-09T20:00:00Z,1.505,1.315,True,39.0,0,2,176.0,123.0,0.3299732430961364,1.2092717485738709,0.4287953780160927,1.007624795332611,1.8193204577713977,1.3535973783807755,1.442924339878927,1.248417294198209,1.652536991148676,1.614,1.5519999999999998,0.005938151267749221,0.0009999999999999976,950.7770714577368
1155,West Ham,21,19,2024-12-16T20:00:00Z,1.595,1.455,False,91.0,0,1,136.0,270.0,0.2010646272501195,1.0814031641886337,0.5487885505738477,1.007624795332611,1.8193204577713977,1.3483889680111336,1.459893236067664,1.250089198462532,1.6582830124408097,1.597,1.504,0.017140367787480976,0.004820860184590511,961.4357888365776
1156,West Ham,21,19,2024-12-21T15:00:00Z,1.16,0.97,True,36.0,0,1,141.0,203.0,0.2766458557414394,1.0916558044463438,0.3735075162347387,1.0367105892115325,1.8102092170109332,1.3483889680111336,1.459893236067664,1.2636807123396312,1.65368766804339,1.577,1.69,0.02196331067997832,0.012656898524284862,961.6096442374482
1157,West Ham,21,19,2024-12-26T15:00:00Z,1.41,0.7,False,20.0,1,2,123.0,174.0,0.1874947100834263,0.9277580165911596,0.6223910948907704,1.0367105892115325,1.8102092170109332,1.3301292904200341,1.424893236067664,1.2537330783207854,1.6186876680433901,1.4269999999999998,1.812,0.014267586595700588,0.008427183898567009,961.7054774260862
1158,West Ham,21,19,2024-12-29T17:15:00Z,0.175,4.075,True,14.0,0,0,49.0,296.0,0.2440578877988973,1.473510070124934,0.3371725126270191,1.024568211899978,1.7752092170109333,1.3301292904200341,1.424893236067664,1.2363220343666625,1.5903835996618716,1.4509999999999998,1.765,0.0035861528372750583,-0.0069117220327799935,967.5007934905019
1159,West Ham,21,19,2025-01-04T15:00:00Z,1.19,2.955,False,43.0,0,0,135.0,169.0,0.1591625522871093,0.9238117906820128,0.6951930738039325,1.024568211899978,1.7752092170109333,1.2951292904200342,1.459893236067664,1.2073049612861653,1.6079383486846917,1.3530000000000002,1.894,-0.007337451167619223,-0.01319118430447817,962.3318692797664
1160,West Ham,21,19,2025-01-14T19:30:00Z,1.98,1.95,True,54.0,0,2,51.0,143.0,0.1987116905102535,1.4527300545416153,0.3844675098210148,1.0505924653118133,1.796892292255528,1.2951292904200342,1.459893236067664,1.2254636293200853,1.6429383486846916,1.457,1.895,-0.008847604080764394,-0.00692215272109155,954.0182816852684
1161,West Ham,21,19,2025-01-18T15:00:00Z,0.14,1.66,True,31.0,0,0,46.0,148.0,0.1856646481746416,1.1587900424212565,0.5323636187496783,1.0505924653118133,1.796892292255528,1.3301292904200341,1.4948932360676639,1.2604636293200853,1.6774685601345964,1.374,1.899,-0.0037117381480093452,0.005977464325793034,975.639748900815
1162,West Ham,21,19,2025-01-26T16:30:00Z,1.16,0.925,False,7.0,0,1,154.0,124.0,0.1526819851121961,0.8296313927526766,0.5895946129586142,1.0505924653118133,1.796892292255528,1.2951292904200342,1.5264509024627033,1.2254636293200853,1.6981050208869042,1.301,1.91,-0.0014503940602660582,0.019809761303878418,962.5576880927902
1163,West Ham,21,19,2025-02-03T20:00:00Z,1.11,1.835,False,8.0,0,0,133.0,146.0,0.1965304328650414,0.929713305474304,0.4674624767455888,1.055439543484898,1.761892292255528,1.2951292904200342,1.5264509024627033,1.2173928297431877,1.6631050208869043,1.33,1.8,-0.00014771482901753912,0.019103923833763022,962.9362741162142
1164,West Ham,21,19,2025-02-15T15:00:00Z,0.41,1.33,True,94.0,0,0,110.0,177.0,0.1444058374691657,1.1901700329943106,0.4962828145830831,1.0580492425891406,1.7286923169629607,1.2951292904200342,1.5264509024627033,1.2087707508595278,1.6323867436394848,1.144,1.796,-0.0014823843103965752,0.005810812918083182,953.1316215208577
1165,West Ham,21,19,2025-02-22T15:00:00Z,1.035,0.61,False,3.0,1,2,74.0,153.0,0.2395236700061433,0.9119992375911254,0.3635819263576801,1.0580492425891406,1.7286923169629607,1.2601292904200343,1.519396312038824,1.1737707508595279,1.6155760364572775,1.078,1.85,-0.012046109350324498,-0.008773057446354432,937.409495629494
1166,West Ham,21,19,2025-02-27T20:00:00Z,1.325,0.19,True,13.0,1,2,122.0,57.0,0.1567600958093511,0.9634655812177972,0.3859977446757313,1.0763811304827808,1.6936923169629607,1.2601292904200343,1.519396312038824,1.1961879603474945,1.5805760364572776,1.016,1.733,-0.0138594016893796,-0.02179336711208267,970.9407951047236
1167,West Ham,21,19,2025-03-10T20:00:00Z,0.2299999999999999,1.19,True,4.0,0,0,76.0,148.0,0.126368963407273,0.9715843409471756,0.3802204680811243,1.0763811304827808,1.6936923169629607,1.2369030958165173,1.4843963120388242,1.172369473297803,1.5455760364572777,0.997,1.587,-0.010402439665671188,-0.02934407378912056,978.0448024912033
1168,West Ham,21,19,2025-03-15T15:00:00Z,0.92,1.0,False,11.0,0,1,157.0,177.0,0.257407298893667,0.8204438514597643,0.3227859427226401,1.0763811304827808,1.6936923169629607,1.2019030958165173,1.4548183158656864,1.137369473297803,1.5105760364572778,0.95,1.561,-0.013911525869260899,-0.030230772676992958,966.2697162188251
1169,West Ham,21,19,2025-04-01T18:45:00Z,0.6749999999999999,1.09,False,39.0,0,0,69.0,65.0,0.2335390102506299,0.8225674400242611,0.2977223998953867,1.0688557061678523,1.6710532229972923,1.2019030958165173,1.4548183158656864,1.1260761256054503,1.5003593815923466,1.058,1.442,-0.015614155600150096,-0.028861051721019715,966.2705247820355
1170,West Ham,21,19,2025-04-05T14:00:00Z,1.35,2.06,True,91.0,0,1,80.0,143.0,0.1427314159834346,0.8045655985144698,0.6779492529519855,1.0338557061678524,1.659142550103008,1.2019030958165173,1.4548183158656864,1.0910761256054504,1.4940895725767946,0.992,1.338,-0.018823103728471992,-0.02523092239992021,948.8932208211864
1171,West Ham,21,19,2025-04-13T13:00:00Z,0.755,1.89,False,14.0,0,0,113.0,172.0,0.2594192301949344,0.9575524533522032,0.2315618665853007,1.0338557061678524,1.659142550103008,1.1909887740208371,1.4898183158656864,1.0943382739294902,1.5290895725767946,1.021,1.338,-0.021840623510269476,-0.01206023902596559,948.903822221979
1172,West Ham,21,19,2025-04-19T14:00:00Z,0.955,0.8200000000000001,True,20.0,0,1,125.0,109.0,0.157679990209338,0.7124399099556988,0.5384049745182109,1.031546123234233,1.6343143152788135,1.1909887740208371,1.4898183158656864,1.087060921048284,1.508665415553172,1.088,1.362,-0.016875324552929515,-0.003865208719358001,944.8982493083648
1173,West Ham,21,19,2025-04-26T14:00:00Z,1.635,2.155,False,36.0,0,0,156.0,239.0,0.2706594012627267,0.946985241496158,0.1978814517885672,1.031546123234233,1.6343143152788135,1.1559887740208372,1.4619672183882677,1.052060921048284,1.4798908101910666,1.0590000000000002,1.347,-0.015437892188430112,-0.002671657984245135,942.6014885154976
1174,West Ham,21,19,2025-05-04T13:00:00Z,0.92,0.885,True,6.0,0,1,120.0,59.0,0.1226399923850407,0.6941199299655436,0.4498705357363862,1.0665461232342328,1.6693143152788135,1.1559887740208372,1.4619672183882677,1.0839560146015903,1.5148908101910665,1.082,1.44,-0.00956924347348587,0.0002753342517940841,930.8328260558071
1175,West Ham,21,19,2025-05-11T13:15:00Z,1.775,1.14,False,1.0,1,2,130.0,193.0,0.2949573120932319,0.8676551878303451,0.4450189069466634,1.0665461232342328,1.6693143152788135,1.1253704650745868,1.4269672183882678,1.0592585727441048,1.4798908101910666,1.092,1.3219999999999998,-0.00643527263686936,-0.0040675629842265625,930.7891355187562
1176,West Ham,21,19,2025-05-18T13:15:00Z,1.06,1.98,True,17.0,0,0,171.0,155.0,0.1731644385216983,0.8532043899732005,0.3965659722394115,1.1015461232342327,1.6386667224704394,1.1253704650745868,1.4269672183882678,1.0942585727441048,1.4625647679122076,1.148,1.362,-0.0014831559224616749,-0.010969938268835749,943.1848243106673
1177,West Ham,21,19,2025-05-25T15:00:00Z,2.01,0.895,False,40.0,0,2,116.0,136.0,0.236077909405847,0.8370651460902685,0.3550147054029605,1.1015461232342327,1.6386667224704394,1.1020068959987983,1.4619672183882677,1.081527241815727,1.4975647679122075,1.197,1.46,0.002120774773348317,-0.004070896144039989,932.2231929942726
1178,Liverpool,14,12,2022-08-06T11:30:00Z,2.0,2.0,False,54.0,0,1,210.0,149.0,0.0,0.0,2.0,2.1091157198551937,1.1458768796992482,2.1091157198551937,1.1458768796992482,2.1091157198551937,1.1458768796992482,1.5,1.5,,,1000.0
1179,Liverpool,14,12,2022-08-15T19:00:00Z,1.0,1.0,True,31.0,0,1,300.0,74.0,0.0,1.0,0.0,2.122343262496519,1.1808768796992481,2.1091157198551937,1.1458768796992482,2.122343262496519,1.1808768796992481,2.1,1.49,0.013227542641325307,0.03499999999999992,1000.0
1180,Liverpool,14,12,2022-08-22T19:00:00Z,1.0,2.0,False,1.0,0,0,286.0,158.0,0.0,0.4444444444444444,1.5555555555555556,2.122343262496519,1.1808768796992481,2.0741157198551936,1.1327365142021721,2.087343262496519,1.167736514202172,2.55,1.115,-0.010886228679337417,0.010929817251461915,999.6821644249145
1181,Liverpool,14,12,2022-08-27T14:00:00Z,8.0,0.0,True,91.0,1,2,355.0,50.0,0.0,0.7777777777777778,0.0,2.087343262496519,1.215876879699248,2.0741157198551936,1.1327365142021721,2.0523432624965188,1.202736514202172,2.6533333333333333,1.27,-0.020531737207602506,0.015743853801169515,952.8117679731246
1182,Liverpool,14,12,2022-08-31T19:00:00Z,2.0,1.0,True,4.0,0,2,335.0,34.0,0.0,0.6049382716049383,0.2222222222222222,2.087343262496519,1.215876879699248,2.1091157198551937,1.0977365142021722,2.087343262496519,1.167736514202172,2.8775,1.0775,-0.011354491471734996,0.00655789035087715,981.971384776336
1183,Liverpool,14,12,2022-09-03T11:30:00Z,0.0,0.0,False,11.0,1,1,305.0,174.0,0.0,0.345679012345679,1.2098765432098766,2.087343262496519,1.215876879699248,2.133126192182192,1.0660691034078251,2.112070381136564,1.1327365142021721,2.972,0.93,-0.0035779055312328088,-0.0020035121136173944,1017.450142310523
1184,Liverpool,14,12,2022-10-01T14:00:00Z,2.0,3.0,True,36.0,0,0,229.0,134.0,0.0,1.1371742112482854,0.1728395061728395,2.0523432624965188,1.1808768796992481,2.133126192182192,1.0660691034078251,2.077070381136564,1.0977365142021722,2.985,1.065,-0.003348087167989685,-0.015877195071010836,1016.1978557523877
1185,Liverpool,14,12,2022-10-09T15:30:00Z,2.0,3.0,False,3.0,0,0,111.0,257.0,0.0,0.935528120713306,0.9410150891632374,2.0523432624965188,1.1808768796992481,2.151502572525747,1.101069103407825,2.0985042204419586,1.1327365142021721,2.8857142857142857,1.1042857142857143,0.004420378979639418,-0.014999999999999966,1001.218187481373
1186,Liverpool,14,12,2022-10-16T15:30:00Z,1.0,0.0,True,43.0,1,2,121.0,250.0,0.0,0.8844688309708887,0.1344307270233196,2.087343262496519,1.215876879699248,2.151502572525747,1.101069103407825,2.1335042204419588,1.167736514202172,2.66375,1.2875,0.011551076101814824,-0.00899999999999998,993.9108322617897
1187,Liverpool,14,12,2022-10-19T18:30:00Z,1.0,0.0,True,21.0,1,2,278.0,114.0,0.0,0.6879202018662468,0.1045572321292486,2.087343262496519,1.215876879699248,2.116502572525747,1.0660691034078251,2.0985042204419586,1.1327365142021721,2.502222222222222,1.4222222222222225,0.004044004198536477,-0.0009999999999999976,1018.0730694116663
1188,Liverpool,14,12,2022-10-22T11:30:00Z,0.0,1.0,False,17.0,0,0,217.0,145.0,0.0,0.7276329827770157,0.9541228471269624,2.087343262496519,1.215876879699248,2.0815025725257468,1.0310691034078252,2.0635042204419585,1.0977365142021722,2.53,1.394,-0.004100836730195567,-0.0009999999999999976,1027.6298743176358
1189,Liverpool,14,12,2022-10-29T18:45:00Z,1.0,2.0,True,2.0,0,0,322.0,160.0,0.0,0.9794934903404142,0.0813222916560822,2.0523432624965188,1.2022488860492293,2.0815025725257468,1.0310691034078252,2.0285042204419583,1.0936820430494358,2.537,1.39,-0.010938022956372263,-0.004579210164676617,1000.4434489181554
1190,Liverpool,14,12,2022-11-06T16:30:00Z,2.0,1.0,False,6.0,0,2,173.0,193.0,0.0,0.5659367643821234,0.9643177699876374,2.0523432624965188,1.2022488860492293,2.0465025725257466,1.0660691034078251,1.9935042204419584,1.1286820430494358,2.559,1.476,-0.02500000000000007,-0.007926736263482587,981.6346533592365
1191,Liverpool,14,12,2022-11-12T15:00:00Z,2.49285,1.02655,True,20.0,0,2,198.0,139.0,0.0067777777777777,0.8238949369314332,0.2284506712880639,2.067832945639914,1.1675359135987409,2.0465025725257466,1.0660691034078251,2.009478444789722,1.097528010318438,2.446,1.511,-0.027717967950319552,-0.010493154400846175,1001.8691942172152
1192,Liverpool,14,12,2022-12-26T17:30:00Z,2.87675,1.1498,False,7.0,0,2,224.0,188.0,0.0133777777777777,0.601506372297207,0.8641138211014958,2.067832945639914,1.1675359135987409,2.079047666046612,1.067618852845871,2.044478444789722,1.0968841921703727,2.289,1.6,-0.013348748720511183,-0.004139632051720004,1011.2880360318886
1193,Liverpool,14,12,2022-12-30T20:00:00Z,1.0623,0.99625,True,13.0,0,0,199.0,97.0,0.0052716049382716,0.8513405065022259,0.1877060776684941,2.102832945639914,1.1555449260221513,2.079047666046612,1.067618852845871,2.0794784447897223,1.0932470475328429,2.178,1.754,0.004107657689424985,-0.0012569976775666878,1023.316462625886
1194,Liverpool,14,12,2023-01-02T17:30:00Z,1.51285,2.48355,False,94.0,0,0,287.0,182.0,0.2713382716049382,0.5422827340089388,0.8989996386344967,2.102832945639914,1.1555449260221513,2.044047666046612,1.059679966427509,2.044478444789722,1.0856275169298137,2.072,1.6769999999999998,0.01065125127948889,-0.004206326722741556,1000.8994399640343
1195,Liverpool,14,12,2023-01-14T15:00:00Z,0.5135500000000001,2.619,False,36.0,0,0,77.0,240.0,0.2198853223593964,0.7357310153402857,0.8737330522712752,2.085484898585137,1.1905449260221512,2.044047666046612,1.059679966427509,2.0294165380504494,1.1206275169298137,2.13,1.725,0.009130331086927302,-0.0022746072971860836,987.2037803838937
1196,Liverpool,14,12,2023-01-21T12:30:00Z,0.7014,0.7951,True,8.0,1,1,141.0,116.0,0.1550556927297668,0.8021092828350647,0.2084825048532732,2.050484898585137,1.2255449260221511,2.044047666046612,1.059679966427509,1.9944165380504495,1.1556275169298136,2.096,1.7080000000000002,-0.0044427215404051765,0.010117370763776343,975.8977152407047
1197,Liverpool,14,12,2023-02-04T15:00:00Z,0.955,2.545,False,39.0,0,0,145.0,89.0,0.2576885840573083,0.8122352341535556,0.8240145962109917,2.050484898585137,1.2255449260221511,2.009047666046612,1.0276645228694827,1.9594165380504496,1.1206275169298137,2.116,1.574,-0.019873061732955836,0.009738800913946199,975.9592389413998
1198,Liverpool,14,12,2023-02-13T20:00:00Z,2.095,0.14,True,11.0,1,2,168.0,45.0,0.1361544276787075,0.6594183310939392,0.1710419482192125,2.015484898585137,1.260544926022151,2.009047666046612,1.0276645228694827,1.9244165380504497,1.1556275169298136,1.983,1.5490000000000002,-0.030442721540405174,0.012911495628138666,958.6246593280218
1199,Liverpool,14,12,2023-02-18T17:30:00Z,2.19,1.025,False,4.0,1,2,139.0,144.0,0.367091120933462,0.7517385154527655,0.8120113526085491,2.015484898585137,1.260544926022151,2.0289898253934604,0.9953072809595294,1.9488108637143269,1.1206275169298137,1.934,1.449,-0.023666797296485017,0.006999999999999984,969.4764089251742
1200,Liverpool,14,12,2023-02-25T19:45:00Z,0.455,0.3,False,31.0,1,1,98.0,34.0,0.3121819829482482,0.5980188453521509,0.7248977186955381,2.050484898585137,1.2261206529093471,2.0289898253934604,0.9953072809595294,1.9838108637143268,1.095051435302113,1.751,1.433,-0.01142415413397088,-0.0056537259468143735,995.8154823587506
1201,Liverpool,14,12,2023-03-01T20:00:00Z,2.25,0.465,True,39.0,1,2,192.0,43.0,0.1058978881945502,0.6928809241841749,0.1596992930593875,2.015484898585137,1.1911206529093472,2.0289898253934604,0.9953072809595294,1.9488108637143269,1.060051435302113,1.676,1.274,-0.003727173400717262,-0.01684596151490298,995.5705373258804
1202,Liverpool,14,12,2023-03-05T16:30:00Z,4.82,0.44,True,1.0,1,2,272.0,85.0,0.0912539130402057,0.7255740521432471,0.1242105612684125,2.015484898585137,1.1911206529093472,2.0502810798623194,0.9633385046030031,1.9762227449121046,1.0265846789288466,1.67,1.178,0.005491828894283048,-0.02235767190044678,1004.9141331317882
1203,Liverpool,14,12,2023-03-11T12:30:00Z,0.865,0.93,False,91.0,0,0,143.0,60.0,0.2428082089597486,0.640681324162784,0.5793648923187519,2.015484898585137,1.1911206529093472,2.0852810798623196,0.928338504603003,2.0112227449121045,0.9915846789288466,1.7180000000000002,1.075,0.0137504765114745,-0.03249550582879246,1028.3301093879354
1204,Liverpool,14,12,2023-04-01T11:30:00Z,0.6699999999999999,3.48,False,43.0,0,0,54.0,229.0,0.1888508291909156,0.9738632521266096,0.6328393606923626,1.9804848985851369,1.170005982339661,2.0852810798623196,0.928338504603003,1.9762227449121046,0.9827714505589987,1.662,1.038,0.007048769450857126,-0.029518495924204007,1004.9643099586347
1205,Liverpool,14,12,2023-04-04T19:00:00Z,0.175,1.06,False,8.0,1,1,66.0,117.0,0.1513284227040454,0.9463380849873632,0.7677639472051709,1.945484898585137,1.2050059823396608,2.0852810798623196,0.928338504603003,1.9412227449121047,1.0177714505589988,1.429,1.085,-0.0027344271547936456,-0.01866399651271184,998.2107392509588
1206,Liverpool,14,12,2023-04-09T15:30:00Z,2.975,1.705,True,3.0,0,1,280.0,121.0,0.1198641545868267,0.6176687072225255,0.3077193254309875,1.910484898585137,1.1834056167941776,2.0852810798623196,0.928338504603003,1.9062227449121047,1.0092800682944674,1.418,0.962,-0.01008401697174601,-0.008260278529074861,998.1284346935588
1207,Liverpool,14,12,2023-04-17T19:00:00Z,4.234999999999999,1.17,False,2.0,0,2,183.0,86.0,0.1532554398809242,1.0004851772123935,0.5971497367151329,1.910484898585137,1.1834056167941776,2.1202810798623197,0.9487918968817683,1.9412227449121047,1.0167623378869597,1.557,0.967,-0.014999999999999966,0.0011135560824979303,1000.2056630882196
1208,Liverpool,14,12,2023-04-22T14:00:00Z,2.935,1.41,True,17.0,0,2,221.0,113.0,0.1065610091230874,0.5292978833952977,0.3593372531129902,1.945484898585137,1.1830629842573994,2.1202810798623197,0.9487918968817683,1.9762227449121046,1.0253534784944256,1.595,0.964,-0.00899999999999998,0.007495007929921327,1009.1830060500336
1209,Liverpool,14,12,2023-04-26T18:45:00Z,2.015,0.89,False,21.0,0,2,173.0,73.0,0.119198675462941,0.851488471165195,0.5644497952228812,1.945484898585137,1.1830629842573994,2.1523346490362525,0.9833770701171602,2.0112227449121045,1.0562318759999285,1.648,1.032,0.00899999999999998,0.011358013731526338,1016.291174524405
1210,Liverpool,14,12,2023-04-30T15:30:00Z,3.16,2.495,True,6.0,0,2,176.0,118.0,0.1939918959846235,0.6072316870852316,0.415040085754548,1.9585791602353906,1.1620080996044881,2.1523346490362525,0.9833770701171602,2.0239045583572484,1.0455888906084776,1.682,0.961,0.021811687635020505,0.008243821827749815,1025.539130709672
1211,Liverpool,14,12,2023-05-03T19:00:00Z,1.3649999999999998,0.345,True,54.0,1,2,133.0,100.0,0.1597714746547072,0.5767357566218467,0.3628089555868706,1.9585791602353906,1.1620080996044881,2.1873346490362526,1.0183770701171602,2.0589045583572485,1.0805888906084775,1.76,1.045,0.029898700216032848,0.013540061921145924,1037.5399813413917
1212,Liverpool,14,12,2023-05-06T16:30:00Z,1.545,0.095,True,94.0,1,2,145.0,38.0,0.1442667025092167,0.4552389218169919,0.2977402987897883,1.9585791602353906,1.1620080996044881,2.1523346490362525,0.9833770701171601,2.0239045583572484,1.0455888906084776,1.7009999999999998,1.102,0.019261037743036974,0.008548457558808412,1046.6973184382011
1213,Liverpool,14,12,2023-05-15T19:00:00Z,2.52,0.27,False,13.0,1,2,185.0,86.0,0.0927100809156208,0.7089354775729294,0.5145720629511298,1.9585791602353906,1.1620080996044881,2.138445216844583,0.9483770701171601,2.018326415587154,1.0105888906084777,1.574,1.055,0.008101822677447976,-0.0020214827315454984,1058.6859107562318
1214,Liverpool,14,12,2023-05-20T14:00:00Z,0.875,1.1949999999999998,True,7.0,0,1,187.0,83.0,0.1122074352849463,0.4874080503021047,0.4071313435031687,1.9935791602353905,1.1270080996044882,2.138445216844583,0.9483770701171601,2.0533264155871542,0.9755888906084776,1.616,1.081,0.004536683573284732,-0.015520426484492974,1063.5311949365732
1215,Liverpool,14,12,2023-05-28T15:30:00Z,3.935,2.885,False,20.0,0,1,0.0,0.0,0.0987745073788162,0.9002831492233896,0.4268893822953232,1.9935791602353905,1.1270080996044882,2.103445216844583,0.9555768296055618,2.018326415587154,0.9805814080738755,1.749,0.935,-0.0014343795694528134,-0.019286783219228856,1063.387019850136
1216,Liverpool,14,11,2023-08-13T15:30:00Z,1.135,1.14,False,8.0,0,1,76.0,76.0,0.2301579501835237,0.7135535605070807,0.4498028528963624,2.0285791602353904,1.1620080996044881,2.103445216844583,0.9555768296055618,2.0533264155871542,1.0155814080738754,1.683,0.818,-0.00027500406173583007,-0.015858853150766194,1058.9324159635303
1217,Liverpool,14,11,2023-08-19T14:00:00Z,3.045,1.69,True,91.0,0,2,303.0,117.0,0.0917168941105138,0.5524284835683038,0.4411021560580201,1.9963453028709186,1.1515093620743644,2.103445216844583,0.9555768296055618,2.020333494436849,1.015893995895948,1.479,0.773,0.001489848011371553,-0.003671554391458755,1057.1135932274365
1218,Liverpool,14,11,2023-08-27T15:30:00Z,1.475,2.2350000000000003,False,4.0,0,2,94.0,186.0,0.2212339612538517,0.8927638803943961,0.4076244411416152,1.9963453028709186,1.1515093620743644,2.1368191590395185,0.9679817016061993,2.0553334944368493,1.0261705333249589,1.599,0.804,0.003458760879930318,0.006680672269851923,1062.6636763026966
1219,Liverpool,14,11,2023-09-03T13:00:00Z,2.24,0.33,True,7.0,1,2,194.0,122.0,0.0913353620859551,0.4918888205531251,0.4053016769340156,1.9977281257958037,1.1502568785904548,2.1368191590395185,0.9679817016061993,2.057287855648344,1.032830852656763,1.472,0.877,0.002795300448706531,0.012093993537621433,1077.357977416648
1220,Liverpool,14,11,2023-09-16T11:30:00Z,2.275,0.815,False,39.0,0,2,196.0,111.0,0.2409597476418847,0.7454830180845303,0.3370412319990341,1.9977281257958037,1.1502568785904548,2.1718191590395186,0.9329817016061993,2.092287855648344,0.9978308526567631,1.493,0.926,0.011905472013986238,0.0042363455454889065,1089.0808776448596
1221,Liverpool,14,11,2023-09-24T13:00:00Z,3.02,1.0550000000000002,True,21.0,0,2,222.0,116.0,0.082149726066854,0.5892468604302085,0.3419013042820121,2.024530083034021,1.1307723348444683,2.1718191590395186,0.9329817016061993,2.1121732570862224,0.9894166382661954,1.513,0.919,0.01463004720975199,-0.005095798840690025,1094.15052869904
1222,Liverpool,14,11,2023-09-30T16:30:00Z,1.185,3.085,False,6.0,0,0,109.0,224.0,0.2140798037214658,1.0198201251768568,0.2621431804436931,2.024530083034021,1.1307723348444683,2.2068191590395188,0.9417780117406775,2.1471732570862225,0.9923046562722262,1.602,0.935,0.023991945748428174,-0.007520239522711427,1100.5535261465739
1223,Liverpool,14,11,2023-10-08T13:00:00Z,2.24,2.15,False,36.0,0,1,146.0,122.0,0.3420620695611401,0.9931934306931108,0.3416669181228725,1.989530083034021,1.1385124625186598,2.2068191590395188,0.9417780117406775,2.1121732570862224,1.001485037503561,1.5659999999999998,1.121,0.01639258339995371,-0.007240579504319067,1079.1256642102487
1224,Liverpool,14,11,2023-10-21T11:30:00Z,2.125,0.065,True,11.0,1,2,206.0,35.0,0.0638942313853309,0.4716364470012732,0.2814787922193428,2.024530083034021,1.1735124625186597,2.2068191590395188,0.9417780117406775,2.1471732570862225,1.036485037503561,1.527,1.157,0.015545234614372256,0.0009177570508689836,1078.9069929534933
1225,Liverpool,14,11,2023-10-29T14:00:00Z,3.015,0.225,True,17.0,1,2,203.0,76.0,0.0674732910774796,0.4490505698898791,0.2189279495039333,2.024530083034021,1.1735124625186597,2.2153429965670113,0.9114897218348149,2.160813586872926,1.0015732449752284,1.546,1.109,0.011789390174940285,0.004831358301021663,1084.2156377218782
1226,Liverpool,14,11,2023-11-05T16:30:00Z,2.02,0.905,False,102.0,0,1,194.0,91.0,0.2860482763253312,0.8769282238724195,0.3212964918733453,2.024530083034021,1.1735124625186597,2.2430486872877826,0.8841668659264299,2.192524036984085,0.9689259314458926,1.749,1.185,0.013647853967126356,-0.0011327933712145086,1090.7603344596534
1227,Liverpool,14,11,2023-11-12T14:00:00Z,2.275,0.785,True,94.0,1,2,173.0,138.0,0.170257004171373,0.5470393321365726,0.2036106273919481,2.023459039221189,1.1554981873081505,2.2430486872877826,0.8841668659264299,2.1802594664772568,0.9630326564356844,1.867,1.2,0.012003534755298912,-0.00796997456811564,1086.4032101701748
1228,Liverpool,14,11,2023-11-25T12:30:00Z,0.78,1.175,False,43.0,0,1,98.0,188.0,0.2469264371419243,0.7464997296785485,0.4632306047903797,2.023459039221189,1.1554981873081505,2.2780486872877828,0.8553192240748456,2.215259466477257,0.9280326564356843,1.737,1.221,0.01846857500684098,-0.017721896059209992,1095.3715990320943
1229,Liverpool,14,11,2023-12-03T14:00:00Z,2.6950000000000003,2.11,True,54.0,0,1,254.0,164.0,0.2679776699110679,0.554363924995112,0.1672527101937374,1.988459039221189,1.1204981873081505,2.2780486872877828,0.8553192240748456,2.1802594664772568,0.8975226629783325,1.741,1.223,0.009042974721752462,-0.026323626092999514,1095.4749041481969
1230,Liverpool,14,11,2023-12-06T19:30:00Z,1.895,0.33,False,49.0,1,2,199.0,52.0,0.19205389555483,0.6228331230833155,0.4669571370591842,1.988459039221189,1.1204981873081505,2.3098169148979637,0.8903192240748456,2.215259466477257,0.9325226629783325,1.801,1.265,0.007726733900033458,-0.016984649011061698,1093.153898870182
1231,Liverpool,14,11,2023-12-09T12:30:00Z,1.62,1.37,False,31.0,0,2,108.0,103.0,0.1960419187648678,0.6177590957314676,0.5698555510460321,1.976253997773368,1.0854981873081506,2.3098169148979637,0.8903192240748456,2.189339984570776,0.9069013938515459,1.804,1.206,0.0015451353695273109,-0.012347504622889735,1095.263286973879
1232,Liverpool,14,11,2023-12-17T16:30:00Z,1.17,0.315,True,1.0,1,1,269.0,51.0,0.2084270765974972,0.5089497194406426,0.192307663484018,1.9683792211766322,1.1087379406604865,2.3098169148979637,0.8903192240748456,2.173489263615824,0.9417435099927622,1.69,1.193,-0.0021888417150459256,-0.0038525577133435977,1099.7346338234554
1233,Liverpool,14,11,2023-12-23T17:30:00Z,0.975,0.9,True,3.0,0,1,121.0,117.0,0.2043321706869423,0.4580720040093887,0.2229059604875695,1.9683792211766322,1.1087379406604865,2.2748169148979636,0.8553192240748456,2.1384892636158237,0.9067435099927622,1.85,1.02,-0.012288031565655593,1.7015420054056207e-05,1099.0891301167846
1234,Liverpool,14,11,2023-12-26T17:30:00Z,1.84,0.38,False,90.0,1,2,253.0,57.0,0.2058103812615638,0.5738126300133637,0.4632209841469139,1.9683792211766322,1.1087379406604865,2.2398169148979634,0.825507250289065,2.1051987196552515,0.8717435099927622,1.825,1.015,-0.017756144675693655,-0.004896888792667035,1099.08921303252
1235,Liverpool,14,11,2024-01-01T20:00:00Z,5.859999999999999,1.295,True,4.0,0,2,427.0,82.0,0.1989250216453996,0.3918337808961912,0.2289268581569985,1.957397631846667,1.0737379406604866,2.2398169148979634,0.825507250289065,2.087212282485815,0.8481937246588149,1.872,1.037,-0.026504563277250967,-0.016060524090683977,1102.257981230817
1236,Liverpool,14,11,2024-01-21T16:30:00Z,2.81,0.695,False,91.0,1,2,178.0,90.0,0.1600747409812163,0.6462987122326161,0.4691718765587108,1.957397631846667,1.0737379406604866,2.2748169148979636,0.8280388591325136,2.122212282485815,0.8453729660905119,2.096,1.043,-0.01793599993644012,-0.01780832842305748,1109.1311773760306
1237,Liverpool,14,11,2024-01-31T20:15:00Z,3.47,0.78,True,8.0,0,2,307.0,49.0,0.1613861279464219,0.3892040518081487,0.2113875563443321,1.992397631846667,1.0452399423272685,2.2748169148979636,0.8280388591325136,2.15371216395576,0.8298411966375931,2.08,1.042,-0.004734367967422326,-0.0219192281090441,1115.248528717281
1238,Liverpool,14,11,2024-02-04T16:30:00Z,0.205,3.275,False,3.0,0,0,59.0,181.0,0.2133914652076126,1.2493434428475902,0.364911459545664,1.992397631846667,1.0452399423272685,2.3098169148979637,0.8036321411516832,2.1887121639557603,0.8042080109337033,2.214,0.953,0.012332995274320257,-0.018320148397974415,1120.962313739378
1239,Liverpool,14,11,2024-02-10T15:00:00Z,2.925,1.165,True,90.0,0,2,286.0,101.0,0.1366336550694392,0.3493809291841157,0.419968099378925,1.957397631846667,1.0802399423272684,2.3098169148979637,0.8036321411516832,2.15371216395576,0.8392080109337033,2.175,0.946,0.016530478496637854,-0.008861897312101366,1102.4548326674624
1240,Liverpool,14,11,2024-02-17T12:30:00Z,3.43,1.345,False,94.0,0,2,215.0,157.0,0.3881933618281432,0.9939337888814592,0.4504866907577386,1.957397631846667,1.0802399423272684,2.3268920551111996,0.8311143362845363,2.179251959164239,0.8661742885769128,2.207,0.883,0.0168485150800559,0.0013078505261763938,1105.2130240082445
1241,Liverpool,14,11,2024-02-21T19:30:00Z,3.66,1.015,True,102.0,0,2,345.0,102.0,0.1196039539428972,0.3139629449209788,0.5021974106280527,1.992397631846667,1.0833434015369534,2.3268920551111996,0.8311143362845363,2.214251959164239,0.879267454272094,2.2230000000000003,0.988,0.014337650543358775,0.00895633476359626,1109.9973214987465
1242,Liverpool,14,11,2024-03-02T15:00:00Z,1.535,0.525,False,17.0,1,2,148.0,70.0,0.301928170310778,0.9952818357966904,0.36148964836713,1.992397631846667,1.0833434015369534,2.339094989238594,0.8414903739977325,2.2333948616178207,0.8859193585367389,2.46,0.987,0.01430207626126338,0.015215297632974571,1112.6072308296557
1243,Liverpool,14,11,2024-03-10T15:45:00Z,1.73,1.3050000000000002,True,43.0,0,1,157.0,133.0,0.2774697419555867,0.3775267349385391,0.430597986044041,1.9679818546184873,1.0483434015369535,2.339094989238594,0.8414903739977325,2.1983948616178206,0.8600686734048774,2.339,1.006,0.009213188037042385,0.0123580148817188,1116.6278527984623
1244,Liverpool,14,11,2024-03-31T13:00:00Z,2.4,0.72,True,36.0,0,2,324.0,87.0,0.2313653548543452,0.3469652382855304,0.3637984335898097,1.9679818546184873,1.0483434015369535,2.3507862508891026,0.8258436943107221,2.2180078062181274,0.841722241039656,2.375,1.022,0.011372852032176082,2.589169366576462e-05,1116.6394732538545
1245,Liverpool,14,11,2024-04-04T18:30:00Z,2.3200000000000003,0.7949999999999999,True,49.0,0,2,242.0,76.0,0.1955063871089351,0.3854174075554125,0.2829543372365186,1.9679818546184873,1.0483434015369535,2.3821836414139614,0.7924318548131049,2.2530078062181276,0.806722241039656,2.446,1.052,0.009858479326603081,-0.012449901786155992,1122.1069426031381
1246,Liverpool,14,11,2024-04-07T14:30:00Z,2.8,1.355,False,1.0,0,1,269.0,117.0,0.2392774657972718,0.9274414278418704,0.2811586153966567,1.9679818546184873,1.0483434015369535,2.3782332367708405,0.7738633970878073,2.2538389129635377,0.7871224185421372,2.261,1.046,0.007896758497077716,-0.02047608467160726,1123.8529979697892
1247,Liverpool,14,11,2024-04-14T13:00:00Z,1.445,1.435,True,31.0,0,0,255.0,115.0,0.1520605233069495,0.4664357614319875,0.4711867067395144,2.002981854618487,1.0576902864420261,2.3782332367708405,0.7738633970878073,2.288838912963538,0.8131296559638215,2.352,1.073,0.01367292602187819,-0.017651065070080216,1122.4485364710183
1248,Liverpool,14,11,2024-04-21T15:30:00Z,2.005,0.9,False,54.0,0,2,144.0,136.0,0.2149935845089891,0.7635655549881214,0.3253455897529552,2.002981854618487,1.0576902864420261,2.3432332367708404,0.8088633970878073,2.2538389129635377,0.8481296559638215,2.3,1.139,0.014015562391720759,-0.004716361855151474,1089.1930816639883
1249,Liverpool,14,11,2024-04-24T19:00:00Z,1.025,1.545,False,11.0,0,0,231.0,200.0,0.2583283435069916,0.6827732094352056,0.3174910142522985,2.016670944562302,1.0404461706609471,2.3432332367708404,0.8088633970878073,2.2527047877654947,0.8425030341208136,2.385,1.094,0.006027949370659044,0.004403812788570547,1096.3980296670989
1250,Liverpool,14,11,2024-04-27T11:30:00Z,1.38,1.35,False,21.0,0,0,271.0,152.0,0.227588711616549,0.5954902740051599,0.31138189997401,1.9816709445623022,1.075446170660947,2.3432332367708404,0.8088633970878073,2.2177047877654945,0.8775030341208137,2.33,1.193,-0.006140499081636985,0.015858451775480512,1066.4776848165113
1251,Liverpool,14,11,2024-05-05T15:30:00Z,3.745,1.58,True,6.0,0,2,322.0,145.0,0.1182692959054052,0.6161167033359902,0.366478549686289,1.951585761602041,1.092014846140634,2.3432332367708404,0.8088633970878073,2.1827047877654944,0.9060142895738805,2.386,1.188,-0.016291632193782556,0.022341510508191012,1041.2874078157395
1252,Liverpool,14,11,2024-05-13T19:00:00Z,1.92,3.18,False,7.0,0,0,171.0,176.0,0.4036801090350936,0.7742702131151242,0.4510748110908966,1.951585761602041,1.092014846140634,2.3769923291564132,0.8311342227157057,2.2177047877654945,0.9186744365160149,2.363,1.231,-0.017259228616695613,0.02103936581688983,1052.4220609526512
1253,Liverpool,14,11,2024-05-19T15:00:00Z,3.675,0.28,True,39.0,1,2,427.0,54.0,0.0919872301486485,0.5392018803724368,0.3494833164226693,1.9738612945688474,1.127014846140634,2.3769923291564132,0.8311342227157057,2.2279741941626567,0.9536744365160149,2.386,1.337,-0.007694959828697292,0.022421410439989645,1034.571458751025
1254,Liverpool,14,12,2024-08-17T11:30:00Z,2.33,0.225,False,40.0,1,2,221.0,68.0,0.351751195916184,0.6666546102006522,0.3508359641818085,1.9738612945688474,1.127014846140634,2.393483381640566,0.8098064667911014,2.2550750622807625,0.9252295953682048,2.656,1.258,0.0022188454790807426,0.01870877601041983,1042.0876755930358
1255,Liverpool,14,12,2024-08-25T15:30:00Z,2.33,0.18,True,94.0,1,2,255.0,72.0,0.1071011790045043,0.4660459069563397,0.2718203572176316,1.9977105357572025,1.092014846140634,2.393483381640566,0.8098064667911014,2.2631763324772503,0.8961874295480532,2.553,1.239,0.012992512957192724,0.005316225557690589,1051.453837264785
1256,Liverpool,14,12,2024-09-01T15:00:00Z,2.365,0.68,False,1.0,1,2,140.0,110.0,0.3669175968236986,0.529620252378285,0.4684279721414066,1.9977105357572025,1.092014846140634,2.42838345790952,0.7748064667911013,2.2981763324772504,0.8611874295480532,2.5660000000000003,1.235,0.0211678064517758,-0.009144004633738056,1058.8900789375461
1257,Liverpool,14,12,2024-09-14T14:00:00Z,0.48,0.72,True,17.0,0,0,169.0,50.0,0.0833009170035034,0.433591260966042,0.2403047222803801,2.0327105357572024,1.0570148461406341,2.42838345790952,0.7748064667911013,2.3201812425484767,0.8346778804668523,2.437,1.228,0.020888284544433703,-0.02075674191342428,1069.837192976991
1258,Liverpool,14,12,2024-09-21T14:00:00Z,2.525,0.54,True,91.0,1,2,254.0,189.0,0.0759007132249471,0.550570980751366,0.2046814506625179,2.0327105357572024,1.0570148461406341,2.3933834579095197,0.770166049679161,2.2851812425484765,0.8251805060431548,2.351,1.163,0.014752965220921193,-0.027117851344810224,1044.4168506201572
1259,Liverpool,14,12,2024-09-28T16:30:00Z,2.27,0.815,False,39.0,0,2,182.0,107.0,0.3720470197517656,0.4474824185164439,0.384332867221094,2.0327105357572024,1.0570148461406341,2.407886702447363,0.7476900052230753,2.3087121589449477,0.7998926392429789,2.461,1.216,0.010177289245880898,-0.024749002863486438,1051.7938133643313
1260,Liverpool,14,12,2024-10-05T11:30:00Z,1.2000000000000002,0.32,False,31.0,1,2,123.0,97.0,0.3382587931402621,0.4280418810683453,0.3144811189497398,2.05675129499508,1.0433764362058526,2.407886702447363,0.7476900052230753,2.3148532696257753,0.8031852944277459,2.412,1.123,0.007285490432734778,-0.01881121202687019,1057.0129816087774
1261,Liverpool,14,12,2024-10-20T15:30:00Z,1.965,0.995,True,8.0,0,2,126.0,106.0,0.0745894436194033,0.5593329850288402,0.2325300171819583,2.02175129499508,1.0083764362058527,2.407886702447363,0.7476900052230753,2.279853269625775,0.7791097366574059,2.264,1.068,-0.0024019519036859727,-0.015147259696306613,1064.7792632969188
1262,Liverpool,14,12,2024-10-27T16:30:00Z,1.4300000000000002,1.515,False,3.0,0,1,136.0,117.0,0.2630901724424261,0.4862547963864908,0.3223742036275754,2.02175129499508,1.0083764362058527,2.4130249626214573,0.7364154529788368,2.296573519299798,0.7582356098586862,2.068,1.029,-0.003653754980876313,-0.014775171600380296,1080.384332708814
1263,Liverpool,14,12,2024-11-02T15:00:00Z,1.83,1.005,True,36.0,0,2,217.0,122.0,0.1157917894817581,0.5461478772446535,0.2386344578081898,2.0227182877451577,0.9974482541794853,2.4130249626214573,0.7364154529788368,2.2913300192958146,0.7662366575430074,2.033,0.97,-0.0011620581485359922,-0.012679025383541582,1080.4838665841492
1264,Liverpool,14,12,2024-11-09T20:00:00Z,2.01,0.69,True,7.0,1,2,156.0,148.0,0.1545047251524785,0.5870039045236194,0.2656045782952587,2.0227182877451577,0.9974482541794853,2.391377014190331,0.7392900259848735,2.2796090841864345,0.7669211530472608,1.823,1.038,-0.005696139288812165,-0.008473641955186448,1089.2920873770704
1265,Liverpool,14,12,2024-11-24T14:00:00Z,3.0700000000000003,1.64,False,20.0,0,2,284.0,106.0,0.2157368007885536,0.4448648416339373,0.4574021583770031,2.0227182877451577,0.9974482541794853,2.384164165027476,0.722118160507598,2.2805174505156613,0.7434418407604215,1.758,1.118,-0.005075861482073574,-0.00935091347093531,1098.4716666285938
1266,Liverpool,14,12,2024-12-01T16:00:00Z,2.685,0.41,True,43.0,1,2,205.0,107.0,0.140170341785261,0.5765585924072596,0.2488035608963123,2.056069984713323,1.0324482541794853,2.384164165027476,0.722118160507598,2.2992260524057078,0.7784418407604216,1.787,1.152,0.0010564220696535286,-0.0013438940364417823,1100.3049121866907
1267,Liverpool,14,12,2024-12-04T19:30:00Z,2.495,2.545,False,4.0,0,1,199.0,152.0,0.2411286228355417,0.7126726546041735,0.3824239009598913,2.056069984713323,1.0324482541794853,2.419164165027476,0.687118160507598,2.334226052405708,0.7434418407604215,1.852,1.149,0.006081689462527341,-0.0017380745178834367,1114.3309183823549
1268,Liverpool,14,12,2024-12-14T15:00:00Z,2.065,1.61,True,54.0,0,1,175.0,128.0,0.1090213769440919,0.6573233496500908,0.255736102919354,2.091069984713323,1.0674482541794852,2.419164165027476,0.687118160507598,2.369226052405708,0.7784418407604216,1.882,1.251,0.0163439906313524,0.0007310851207586534,1112.5897557347184
1269,Liverpool,14,12,2024-12-22T16:30:00Z,5.609999999999999,2.125,False,6.0,0,2,320.0,135.0,0.1875444844276435,0.7276342869143572,0.4018852563021377,2.091069984713323,1.0674482541794852,2.4146689818043,0.722118160507598,2.3710281154265056,0.8134418407604216,1.803,1.19,0.021663456053442737,0.008645812530451538,1111.2587615821863
1270,Liverpool,14,12,2024-12-26T20:00:00Z,2.455,0.67,True,13.0,0,2,275.0,28.0,0.0981277376231826,0.573473716394515,0.1989058578261642,2.126069984713323,1.102448254179485,2.4146689818043,0.722118160507598,2.4060281154265057,0.8484418407604216,1.941,1.218,0.025084557531903303,0.019000000000000017,1117.4837084313308
1271,Liverpool,14,12,2024-12-29T17:15:00Z,4.075,0.18,False,21.0,1,2,296.0,49.0,0.1792012656659449,0.6103822231556111,0.3125774215683293,2.126069984713323,1.102448254179485,2.422541531882325,0.712136383199082,2.413926438962746,0.8340815107029295,2.093,1.149,0.022591719567668086,0.017948524277501137,1120.0931599577216
1272,Liverpool,14,12,2025-01-05T16:30:00Z,2.415,1.525,True,1.0,0,1,199.0,142.0,0.2096549070402531,0.5260351127512894,0.1791490005314611,2.1610699847133232,1.0674482541794852,2.422541531882325,0.712136383199082,2.431481187985566,0.8050644376224322,2.263,1.092,0.01872505250201157,0.01457234268964506,1125.0483671964435
1273,Liverpool,14,12,2025-01-14T20:00:00Z,1.495,0.655,False,17.0,0,1,231.0,77.0,0.1460454288512905,0.5014083957876975,0.2786713278864783,2.1610699847133232,1.0674482541794852,2.441162785232439,0.747136383199082,2.45150611010804,0.8400644376224322,2.326,1.117,0.0171616522778595,0.007674869852531226,1121.9416336517547
1274,Liverpool,14,12,2025-01-18T15:00:00Z,2.71,0.36,False,94.0,1,2,308.0,150.0,0.1158131113287815,0.4810954189459869,0.2834110328005942,2.126870289175235,1.0384414643811524,2.441162785232439,0.747136383199082,2.41650611010804,0.823415306450155,2.34,1.072,0.010896534470717013,-0.00012234154416566374,1121.2070395416854
1275,Liverpool,14,12,2025-01-25T15:00:00Z,3.12,0.74,True,40.0,0,2,227.0,67.0,0.2186204832535302,0.4158050876954473,0.1837825559689142,2.1618702891752353,1.0034414643811524,2.441162785232439,0.747136383199082,2.4422276764204374,0.788415306450155,2.492,1.074,0.005964621157943257,-0.00848946526599018,1125.376532306103
1276,Liverpool,14,12,2025-02-01T15:00:00Z,2.265,0.79,False,91.0,1,2,189.0,141.0,0.0945213088112745,0.7275186591802121,0.2204308032893511,2.1618702891752353,1.0034414643811524,2.450726598848607,0.7451964678203422,2.4520827477130767,0.7864212735363783,2.435,1.035,0.005372028830179039,-0.008711363157767564,1128.175652429663
1277,Liverpool,14,12,2025-02-12T19:30:00Z,1.33,1.49,False,11.0,0,1,102.0,83.0,0.0935165735198801,0.6191811793623871,0.3158906247806063,2.1877044403635293,0.9823336920326345,2.450726598848607,0.7451964678203422,2.460149930340094,0.7724319478134709,2.419,1.069,0.004879862597147078,-0.01025976975151338,1137.3805749661785
1278,Liverpool,14,12,2025-02-16T14:00:00Z,1.83,1.25,True,39.0,0,2,106.0,109.0,0.1789270425305235,0.5411817348742368,0.2473864324202666,2.152704440363529,1.0173336920326346,2.450726598848607,0.7451964678203422,2.425149930340094,0.8074319478134709,2.322,1.0,0.0002573038042591743,-0.009088758796246729,1133.8103833027212
1279,Liverpool,14,12,2025-02-19T19:30:00Z,2.22,1.365,False,7.0,0,1,162.0,97.0,0.1127351127376845,0.5526964728374122,0.2990260414960272,2.152704440363529,1.0173336920326346,2.415726598848607,0.7799338893366327,2.393787280031778,0.8375982332391433,2.253,0.981,-0.004478863028437807,0.003256435208913763,1136.7330551762136
1280,Liverpool,14,12,2025-02-23T16:30:00Z,1.355,0.315,False,43.0,1,2,115.0,157.0,0.1365717543515324,0.4943194788735428,0.2614646989413545,2.179306579969611,1.0262242913246131,2.415726598848607,0.7799338893366327,2.4041847679983226,0.8595299099201796,2.095,0.943,-0.01143145557584201,0.015545825613097666,1134.4723877532
1281,Liverpool,14,12,2025-02-26T20:15:00Z,1.855,0.115,True,4.0,1,2,127.0,40.0,0.1391654775237405,0.4298080160132953,0.2324116696602073,2.17078941631182,0.9912242913246131,2.415726598848607,0.7799338893366327,2.383749149737565,0.8245299099201796,1.935,1.072,-0.015455032206033994,0.013771524390423007,1143.7711706095229
1282,Liverpool,14,12,2025-03-08T15:00:00Z,3.555,0.6799999999999999,True,20.0,0,2,300.0,88.0,0.1393509269629093,0.3676284568992297,0.1985424097357168,2.17078941631182,0.9912242913246131,2.41547017460737,0.7449338893366326,2.3902627411624384,0.7895299099201796,1.766,1.063,-0.013235451420837764,0.004534724958134447,1149.819533240754
1283,Liverpool,14,12,2025-04-02T19:00:00Z,1.235,0.335,True,11.0,1,2,156.0,45.0,0.108384054304485,0.3637110220327342,0.2233107631277797,2.17078941631182,0.9912242913246131,2.4260756986205756,0.7427423393870852,2.399012864696672,0.7848662349646495,1.867,1.009,-0.00461984465959676,-0.008343815262885673,1150.7355193460764
1284,Liverpool,14,12,2025-04-06T13:00:00Z,1.745,1.87,False,54.0,0,0,156.0,130.0,0.1328891422734141,0.4600262613460888,0.2678058769543868,2.17078941631182,0.9912242913246131,2.3910756986205755,0.7265286258440994,2.364012864696672,0.7651181615391676,1.7919999999999998,0.977,-0.004510691290160247,-0.017754039524756262,1154.6464675325535
1285,Liverpool,14,12,2025-04-13T13:00:00Z,1.89,1.25,True,21.0,0,2,172.0,113.0,0.150965375570155,0.5251085726921266,0.2003528157660509,2.1594080479764917,1.0262242913246131,2.3910756986205755,0.7265286258440994,2.3449446965633465,0.8001181615391676,1.64,0.957,-0.009904545393237894,-0.013713076057246469,1127.92444446655
1286,Liverpool,14,12,2025-04-20T15:30:00Z,1.815,0.135,False,13.0,1,2,261.0,35.0,0.103358221768211,0.4177982032691802,0.208293459853412,2.1594080479764917,1.0262242913246131,2.3662474637963813,0.7242190429104799,2.3245205395397237,0.7928408086579614,1.585,1.003,-0.013345633851042342,-0.004183680710845974,1132.0740236612885
1287,Liverpool,14,12,2025-04-27T15:30:00Z,3.14,0.73,True,6.0,0,2,207.0,84.0,0.1285286254434539,0.439528889871654,0.2136077455958174,2.1367697503599694,0.9938816769230233,2.3662474637963813,0.7242190429104799,2.291190002635595,0.7737123898627875,1.6569999999999998,0.897,-0.021083109606811045,-0.0005761108344864255,1133.48312452171
1288,Liverpool,14,12,2025-05-04T15:30:00Z,1.025,3.065,False,8.0,0,0,118.0,191.0,0.0803897280419418,0.9960652692093624,0.1886726909970982,2.1367697503599694,0.9938816769230233,2.4012474637963814,0.6916211909077316,2.3261900026355953,0.7387123898627874,1.7619999999999998,0.898,-0.017228772957492464,-0.00606468266913305,1136.3457960098408
1289,Liverpool,14,12,2025-05-11T15:30:00Z,2.275,2.155,True,3.0,0,1,187.0,183.0,0.1088555975671308,0.8485224699001752,0.1661393576856357,2.1017697503599693,1.0288816769230233,2.4012474637963814,0.6916211909077316,2.291190002635595,0.7737123898627875,1.774,0.98,-0.01296311225693616,-0.004582131205891856,1108.9326974888893
1290,Liverpool,14,12,2025-05-19T19:00:00Z,2.12,2.6,False,36.0,0,0,204.0,303.0,0.0869697884770659,1.1013840982739485,0.293412092997743,2.1017697503599693,1.0288816769230233,2.4362474637963816,0.7266211909077316,2.3261900026355953,0.8087123898627875,1.7990000000000002,1.0659999999999998,-0.004536145152889759,-0.00141183185049778,1108.814510858652
1291,Liverpool,14,12,2025-05-25T15:00:00Z,1.59,1.375,True,31.0,0,1,139.0,106.0,0.084665464774435,0.8510730321445807,0.3292195004221611,2.134553277678833,1.0638816769230233,2.4362474637963816,0.7266211909077316,2.348173507454824,0.8437123898627875,1.888,1.212,0.005378995416442907,0.011267368743546597,1085.6323722366462
1292,Leeds,2,11,2022-08-06T14:00:00Z,1.0,1.0,True,39.0,0,1,148.0,178.0,0.0,1.0,0.0,1.2131625104427737,1.7066548036758562,1.2131625104427737,1.7066548036758562,1.2131625104427737,1.7066548036758562,1.5,1.5,,,1000.0
1293,Leeds,2,11,2022-08-13T14:00:00Z,2.0,2.0,False,20.0,0,1,252.0,142.0,1.0,1.0,0.0,1.2131625104427737,1.7066548036758562,1.1818228576649958,1.6799001172723473,1.1818228576649958,1.6799001172723473,1.48,1.78,-0.03133965277777784,-0.026754686403508865,999.4239563539884
1294,Leeds,2,11,2022-08-21T13:00:00Z,3.0,0.0,True,8.0,1,2,175.0,187.0,0.0,0.7777777777777778,0.0,1.2379937586152883,1.7416548036758561,1.1818228576649958,1.6799001172723473,1.2065259936847326,1.7149001172723473,2.0,1.6,-0.0033182583790205555,0.0041226567982455276,998.9272338427144
1295,Leeds,2,11,2022-08-27T14:00:00Z,0.0,1.0,False,36.0,0,0,124.0,140.0,0.7777777777777778,1.0,0.0,1.2379937586152883,1.7416548036758561,1.2168228576649958,1.6449001172723474,1.2415259936847325,1.6799001172723473,1.9166666666666663,1.69,0.010979358574561315,-0.004526405921052667,1039.4034729147907
1296,Leeds,2,11,2022-08-30T19:00:00Z,1.0,1.0,True,11.0,0,1,149.0,100.0,0.0,0.8271604938271605,0.0,1.2029937586152883,1.7066548036758562,1.2168228576649958,1.6449001172723474,1.2065259936847326,1.6449001172723474,1.7475,1.6175,0.004643010250365442,-0.012350937280701758,1016.3928335360958
1297,Leeds,2,11,2022-09-03T14:00:00Z,2.0,5.0,False,94.0,0,0,179.0,169.0,0.6049382716049383,1.0,0.8888888888888888,1.2029937586152883,1.7066548036758562,1.1958559136408728,1.6223231421614799,1.1877252930617526,1.6242315038076889,1.696,1.494,-0.0005164765384541566,-0.015774757124023892,1014.8741258329212
1298,Leeds,2,11,2022-10-02T15:30:00Z,0.0,0.0,True,7.0,1,1,90.0,230.0,0.0,0.6433470507544582,0.0,1.2379937586152883,1.7416548036758561,1.1958559136408728,1.6223231421614799,1.2227252930617525,1.6592315038076888,1.711666666666667,1.5266666666666666,0.003231716431852665,-0.011724254506207649,992.003602715419
1299,Leeds,2,11,2022-10-09T13:00:00Z,1.0,2.0,False,31.0,0,0,152.0,158.0,0.4705075445816187,1.0,0.9135802469135802,1.2379937586152883,1.7416548036758561,1.160855913640873,1.58732314216148,1.1877252930617526,1.6242315038076889,1.595714285714286,1.6371428571428572,-0.004834465874480573,-0.015314786319483601,991.7331553704381
1300,Leeds,2,11,2022-10-16T13:00:00Z,0.0,1.0,True,3.0,0,0,215.0,122.0,0.0,0.7226032616979119,0.0,1.2188847713643771,1.776654803675856,1.160855913640873,1.58732314216148,1.1716007021052153,1.6592315038076888,1.58625,1.63,-0.01060081599332932,-0.003724254506207668,976.3134547269788
1301,Leeds,2,11,2022-10-20T19:15:00Z,0.0,2.0,False,13.0,0,0,151.0,79.0,0.3659503124523701,1.0,0.710562414266118,1.2188847713643771,1.776654803675856,1.132624207263156,1.55232314216148,1.1423964072108903,1.6242315038076889,1.6488888888888888,1.5844444444444443,-0.011543477292537803,-0.0009526590663797954,970.5994886865749
1302,Leeds,2,11,2022-10-23T13:00:00Z,2.0,3.0,True,54.0,0,0,201.0,194.0,0.0,1.0064692035428204,0.2222222222222222,1.1838847713643772,1.74552433693609,1.132624207263156,1.55232314216148,1.1073964072108904,1.597543141739732,1.635,1.505,-0.01882159079324099,-0.005812623152565248,948.9742654096964
1303,Leeds,2,11,2022-10-29T18:45:00Z,2.0,1.0,False,14.0,0,2,160.0,322.0,0.2846280207962878,1.0,0.552659655540314,1.1838847713643772,1.74552433693609,1.167624207263156,1.58732314216148,1.1423964072108903,1.632543141739732,1.6880000000000002,1.521,-0.019195296620034923,-0.007100197044104403,937.796043814779
1304,Leeds,2,11,2022-11-05T15:00:00Z,4.0,3.0,True,91.0,0,2,252.0,157.0,0.0,1.2272538249777494,0.3950617283950617,1.2188847713643771,1.71052433693609,1.167624207263156,1.58732314216148,1.1773964072108902,1.597543141739732,1.596,1.7009999999999998,-0.0049787803982081855,-0.006862721674617456,958.6248988007527
1305,Leeds,2,11,2022-11-12T15:00:00Z,2.1132,2.9303,False,6.0,0,0,174.0,222.0,0.3338217939526683,0.9379777777777778,0.5762019543091332,1.2188847713643771,1.71052433693609,1.2026242072631559,1.6223231421614799,1.2123964072108901,1.632543141739732,1.673,1.671,0.009827957872239258,-0.0051001970441044075,971.9942449747489
1306,Leeds,2,11,2022-12-28T20:00:00Z,0.79285,3.59965,True,43.0,0,0,105.0,296.0,0.0316222222222222,1.4480196416493607,0.7311813443072701,1.253884771364377,1.74552433693609,1.2026242072631559,1.6223231421614799,1.24739640721089,1.667543141739732,1.723,1.753,0.024999999999999942,0.00818737684743472,961.6234237707291
1307,Leeds,2,11,2022-12-31T15:00:00Z,0.2373,1.00405,False,4.0,1,1,98.0,157.0,0.5351058397409643,0.8340938271604939,0.5144015200182148,1.253884771364377,1.74552433693609,1.1917152891266283,1.653555220810664,1.2368375165061005,1.6913817758236551,1.679,1.949,0.028491587042172854,0.017405519154846137,955.3469833932519
1308,Leeds,2,11,2023-01-04T19:45:00Z,1.73915,1.71165,True,21.0,0,1,209.0,92.0,0.0447061728395061,1.416459721282836,0.5746521566834324,1.2188847713643771,1.71052433693609,1.1917152891266283,1.653555220810664,1.2018375165061006,1.6563817758236552,1.598,1.937,0.014586539267476635,0.012448830647753852,957.3291057801287
1309,Leeds,2,11,2023-01-13T20:00:00Z,1.7716,1.63825,False,7.0,0,0,172.0,104.0,0.4456378753540833,0.8148951989026063,0.4913345155697227,1.2188847713643771,1.71052433693609,1.2176480758593833,1.6805387261427835,1.227505595229476,1.685150370042837,1.717,1.7990000000000002,0.005951725064964876,0.015239733652891914,957.1305927928198
1310,Leeds,2,11,2023-01-22T14:00:00Z,0.25075,0.1443,True,94.0,1,1,89.0,35.0,0.0561936899862825,1.1127575609977614,0.4785738996426696,1.253884771364377,1.715261643426025,1.2176480758593833,1.6805387261427835,1.2616510322317942,1.696044044060437,1.737,1.745,0.004331448261722232,0.009580748471795422,945.9272087253648
1311,Leeds,2,11,2023-02-05T14:00:00Z,0.395,0.635,False,17.0,0,0,113.0,50.0,0.364385014164287,0.6582518213686939,0.4021490676653398,1.253884771364377,1.715261643426025,1.1826480758593834,1.6455387261427836,1.2266510322317943,1.661044044060437,1.611,1.658,-0.00010337854271492855,0.0002931403009443644,946.8701307134968
1312,Leeds,2,11,2023-02-08T20:00:00Z,0.8,2.095,False,1.0,0,0,89.0,187.0,0.3722994554611121,0.9097514166200952,0.3127826081841532,1.2188847713643771,1.6802616434260251,1.1826480758593834,1.6455387261427836,1.1916510322317944,1.6260440440604371,1.5730000000000002,1.629,-0.0033527553483466157,-0.008623090859661271,932.5592632472864
1313,Leeds,2,11,2023-02-12T14:00:00Z,0.925,1.56,True,1.0,0,0,167.0,115.0,0.0725950922115531,1.0832558807760366,0.3722241441665208,1.188927566054439,1.7138509128748363,1.1826480758593834,1.6455387261427836,1.164255184602561,1.661044044060437,1.461,1.622,-0.009442152814592644,-0.005400218193236864,927.3569619716664
1314,Leeds,2,11,2023-02-18T15:00:00Z,0.29,1.26,False,11.0,0,0,46.0,162.0,0.4406773542475316,0.8009177684822963,0.3543864730321191,1.188927566054439,1.7138509128748363,1.1566323071100022,1.6488886784488308,1.1475270463073741,1.6575380137340756,1.4680000000000002,1.415,-0.02077372249994882,-0.007944622329823042,922.4684251768634
1315,Leeds,2,11,2023-02-25T15:00:00Z,0.93,0.185,True,20.0,1,2,157.0,44.0,0.0831295161645413,0.880310129492473,0.3072854454628495,1.153927566054439,1.7118042190789478,1.1566323071100022,1.6488886784488308,1.1125270463073742,1.665629208208929,1.262,1.42,-0.028868221000702677,-0.0036454934353321172,906.0419488745073
1316,Leeds,2,11,2023-03-04T15:00:00Z,0.465,1.26,False,8.0,0,0,97.0,105.0,0.5027490533036356,0.6918249310417861,0.3889672568027593,1.153927566054439,1.7118042190789478,1.1216323071100023,1.6138886784488309,1.0775270463073743,1.630629208208929,1.245,1.242,-0.02856342930544421,-0.0010521347753835856,919.9181015653369
1317,Leeds,2,11,2023-03-11T15:00:00Z,1.775,1.815,True,36.0,0,1,119.0,173.0,0.1091007347946432,0.8780189896052568,0.3678886798044385,1.118927566054439,1.6868865455777726,1.1216323071100023,1.6138886784488309,1.0425270463073744,1.6170468312361377,1.237,1.051,-0.029737266985933153,-0.003661125062890504,908.3943995295886
1318,Leeds,2,11,2023-03-18T15:00:00Z,2.74,2.43,False,39.0,0,2,122.0,252.0,0.5332492636806054,0.9003082796991668,0.4358634219577016,1.118927566054439,1.6868865455777726,1.155017690994944,1.592279812066708,1.0775270463073743,1.5957529037654163,1.258,1.067,-0.022389734042169516,-0.013797978541969062,910.0216829116243
1319,Leeds,2,11,2023-04-01T14:00:00Z,0.885,3.705,False,3.0,0,0,120.0,197.0,0.6658605384182485,0.8180175508771298,0.727893772633768,1.153927566054439,1.7218865455777725,1.155017690994944,1.592279812066708,1.1125270463073742,1.6307529037654163,1.171,1.227,-0.00899999999999998,-0.010203909718475034,925.8803592386612
1320,Leeds,2,11,2023-04-04T18:45:00Z,1.985,0.895,True,17.0,0,2,192.0,86.0,0.1270783492847225,0.7740147696929776,0.3305800842923411,1.1469658380748973,1.747491897006739,1.155017690994944,1.592279812066708,1.1126591227815985,1.6622155886380454,1.119,1.32,0.00401886806774632,-0.0010854553901622234,922.5609570095046
1321,Leeds,2,11,2023-04-09T13:00:00Z,0.945,4.015,True,31.0,0,0,158.0,201.0,0.1721720494436731,1.1131225986500937,0.3460067322273764,1.1469658380748973,1.747491897006739,1.1900176909949438,1.5700922527191357,1.1476591227815984,1.637736215022678,1.222,1.371,0.01703018890839409,0.005886894464984785,936.3946722155671
1322,Leeds,2,11,2023-04-17T19:00:00Z,1.1749999999999998,4.235,True,14.0,0,0,86.0,183.0,0.1339115940117457,1.1924286878389618,0.4913385695101817,1.1469658380748973,1.747491897006739,1.171702729231593,1.6050922527191356,1.1351192779082406,1.6727362150226779,1.267,1.5219999999999998,0.01924255611146366,0.01245312964506043,920.1670998038617
1323,Leeds,2,11,2023-04-22T11:30:00Z,0.445,1.84,False,54.0,0,0,70.0,107.0,0.5267804187697488,1.0006803173488787,0.5661396009373751,1.1469658380748973,1.747491897006739,1.1713600966948148,1.6400922527191355,1.1437104185157065,1.7077362150226778,1.264,1.518,0.012391244452693158,0.018896774755506423,911.746369499368
1324,Leeds,2,11,2023-04-25T19:00:00Z,1.35,1.55,True,13.0,0,1,126.0,136.0,0.1597090175646911,1.1630000905414146,0.5577077762856969,1.1119658380748974,1.7710699724401422,1.1713600966948148,1.6400922527191355,1.1087104185157066,1.734558773275024,1.167,1.51,0.0017580258105893826,0.0197311779057696,902.2738610328438
1325,Leeds,2,11,2023-04-30T13:00:00Z,1.34,2.99,False,91.0,0,0,180.0,209.0,0.4274958812653602,1.033862469049128,0.6069974673957362,1.1119658380748974,1.7710699724401422,1.1564132971540437,1.6494412157533629,1.0999205654759139,1.7445750805605844,1.247,1.484,-0.004912793106246647,0.02106471812484952,902.2783720985558
1326,Leeds,2,11,2023-05-06T14:00:00Z,0.61,2.2350000000000003,False,43.0,0,0,48.0,162.0,0.3747190187619468,1.0685596981493215,0.7165535857522394,1.1116034349439083,1.8060699724401421,1.1564132971540437,1.6494412157533629,1.0933214956509714,1.7795750805605843,1.27,1.649,-0.011779550655717586,0.02718667093015993,892.0685284131598
1327,Leeds,2,11,2023-05-13T11:30:00Z,2.115,2.275,True,4.0,0,1,123.0,170.0,0.2219959025503153,0.944555625976656,0.8359949371110975,1.0943313346138677,1.7989090541258894,1.1564132971540437,1.6494412157533629,1.0808637791316944,1.775569513604723,1.221,1.706,-0.012320974729049413,0.021134268480271574,890.0145210037382
1328,Leeds,2,11,2023-05-21T12:30:00Z,0.945,2.575,False,21.0,0,0,115.0,281.0,0.3136703479259586,1.2533242096716948,0.5906527889184084,1.0943313346138677,1.7989090541258894,1.1914132971540436,1.6832398145311895,1.1158637791316943,1.8075484651907219,1.225,1.703,-0.006553490997058292,0.01877409919512334,893.4556405132425
1329,Leeds,2,11,2023-05-28T15:30:00Z,1.25,3.06,True,6.0,0,0,0.0,0.0,0.2659968130946897,0.832432153537399,0.9346627288641868,1.0685681415461659,1.8339090541258893,1.1914132971540436,1.6832398145311895,1.0909043501908862,1.8425484651907218,1.218,1.732,-0.0015330976336010835,0.02071037275751542,883.065465623466
1330,Fulham,54,9,2022-08-06T11:30:00Z,2.0,2.0,True,14.0,0,1,149.0,210.0,0.0,1.0,1.0,1.364138798384851,1.5129544903926484,1.364138798384851,1.5129544903926484,1.364138798384851,1.5129544903926484,1.5,1.5,,,1000.0
1331,Fulham,54,9,2022-08-13T14:00:00Z,0.0,0.0,False,39.0,1,1,117.0,79.0,0.0,0.0,0.0,1.364138798384851,1.5129544903926484,1.399138798384851,1.526182033033974,1.399138798384851,1.526182033033974,1.49,2.1,0.03499999999999992,0.01322754264132553,1000.0
1332,Fulham,54,9,2022-08-20T14:00:00Z,3.0,2.0,True,94.0,0,2,282.0,210.0,0.0,1.0,1.0,1.329138798384851,1.4779544903926485,1.399138798384851,1.526182033033974,1.364138798384851,1.491182033033974,1.33,1.445,0.0,-0.010886228679337195,999.4894156203868
1333,Fulham,54,9,2022-08-27T16:30:00Z,1.0,2.0,False,3.0,0,0,131.0,383.0,0.2222222222222222,0.2222222222222222,0.0,1.329138798384851,1.4779544903926485,1.4341387983848508,1.5574883334250558,1.399138798384851,1.5224883334250559,1.8266666666666669,1.663333333333333,0.006999999999999984,-0.0006398470902777564,1030.7312691154652
1334,Fulham,54,9,2022-08-30T18:30:00Z,1.0,1.0,True,36.0,0,1,95.0,115.0,0.0,1.0,0.7777777777777778,1.326541093888896,1.4873705538916737,1.4341387983848508,1.5574883334250558,1.3984290638888957,1.5309691862204007,1.6975,2.205,0.006858053100808937,0.0032335692046586485,1013.0250449701473
1335,Fulham,54,9,2022-09-03T14:00:00Z,1.0,2.0,False,6.0,0,0,74.0,337.0,0.1728395061728395,0.3950617283950617,0.2222222222222222,1.326541093888896,1.4873705538916737,1.405994693852687,1.5224883334250559,1.3739848000640904,1.4959691862204008,1.548,1.994,0.0023457372830951824,-0.0011216788831678887,1013.2474823751515
1336,Fulham,54,9,2022-09-16T19:00:00Z,3.0,2.0,False,17.0,0,2,200.0,124.0,0.1344307270233196,0.5294924554183813,0.3950617283950617,1.2973246664035887,1.5146858973709623,1.405994693852687,1.5224883334250559,1.3439666411108693,1.5222600926534886,1.413333333333333,2.2233333333333336,-0.007058071880804143,9.2360298634242e-05,992.0714461383247
1337,Fulham,54,9,2022-10-01T14:00:00Z,1.0,4.0,True,4.0,0,0,64.0,397.0,0.0,1.4444444444444444,0.8271604938271605,1.3323246664035886,1.5496858973709622,1.405994693852687,1.5224883334250559,1.3789666411108692,1.5572600926534885,1.497142857142857,2.0828571428571427,-0.003309186343333113,0.008420159308082027,1004.8713701330007
1338,Fulham,54,9,2022-10-09T13:00:00Z,1.0,3.0,False,21.0,0,0,99.0,266.0,0.1045572321292486,0.6340496875476299,0.7517146776406035,1.3323246664035886,1.5496858973709622,1.383774035558328,1.5574883334250558,1.3594369018735504,1.5922600926534884,1.39,2.31875,-0.008197568852680087,0.012972069196414696,990.2317965713842
1339,Fulham,54,9,2022-10-15T14:00:00Z,2.0,2.0,True,91.0,0,1,259.0,143.0,0.0,1.3456790123456792,0.8655692729766804,1.2994560075857153,1.584685897370962,1.383774035558328,1.5574883334250558,1.3272727117901504,1.6272600926534884,1.3455555555555554,2.3566666666666665,-0.0104121558590099,0.023009350041848613,972.2702217508587
1340,Fulham,54,9,2022-10-20T18:30:00Z,2.0,0.0,True,7.0,1,2,242.0,185.0,0.0,1.046639231824417,0.6732205456485292,1.2994560075857153,1.584685897370962,1.4154882371237278,1.5924883334250557,1.3622727117901503,1.6622600926534883,1.47,2.264,-0.0036620562448336003,0.033755843776155335,972.2850154792773
1341,Fulham,54,9,2022-10-23T13:00:00Z,3.0,2.0,False,2.0,0,2,194.0,201.0,0.0813222916560822,0.9375942014259344,0.5846669714982472,1.2994560075857153,1.584685897370962,1.4504882371237278,1.5574883334250558,1.3972727117901502,1.6272600926534884,1.5630000000000002,2.239,0.005265267867167088,0.024999999999999942,984.6991266662501
1342,Fulham,54,9,2022-10-29T16:30:00Z,0.0,0.0,True,11.0,1,1,276.0,137.0,0.0,0.8140527358634355,0.523615979948856,1.3344560075857153,1.619685897370962,1.4504882371237278,1.5574883334250558,1.4322727117901501,1.6622600926534883,1.64,2.361,0.011858222375605833,0.018999999999999958,996.782701596017
1343,Fulham,54,9,2022-11-05T15:00:00Z,1.0,2.0,False,43.0,0,0,56.0,228.0,0.0632506712880639,0.7292399344423934,0.8991854222764144,1.3344560075857153,1.619685897370962,1.4154882371237278,1.5224883334250559,1.3972727117901502,1.6272600926534884,1.634,2.2880000000000003,0.015405115702371384,0.006999999999999984,996.6138850519771
1344,Fulham,54,9,2022-11-13T16:30:00Z,1.1576499999999998,2.2888,True,1.0,0,0,0.0,0.0,0.0,1.1002854612271165,0.5139235399602213,1.3343038370702216,1.6037108697886961,1.4154882371237278,1.5224883334250559,1.4013016747468248,1.6139577587246012,1.5590000000000002,2.133,0.014575566136667759,-0.003900333418412443,989.6153483839003
1345,Fulham,54,9,2022-12-26T15:00:00Z,2.80295,0.19885,False,31.0,1,2,385.0,34.0,0.0794171887796053,0.6253421712329726,0.6993664395483223,1.3343038370702216,1.6037108697886961,1.395690647078512,1.5574883334250558,1.3869009232628615,1.6489577587246012,1.464,2.018,0.002863655606673708,-0.004040533469459914,979.6771396608043
1346,Fulham,54,9,2022-12-31T15:00:00Z,1.2668,0.89705,True,20.0,0,1,101.0,88.0,0.0355777777777777,0.9206442476210904,0.4757183088579499,1.3693038370702215,1.5687108697886962,1.395690647078512,1.5574883334250558,1.4219009232628614,1.6139577587246012,1.775,1.715,-0.00025558129318957896,-0.003420600153142406,994.6583899649399
1347,Fulham,54,9,2023-01-03T19:45:00Z,1.36595,0.84275,False,13.0,1,2,79.0,183.0,0.0899911468285819,0.7714439109589788,0.6052405640931395,1.3693038370702215,1.5687108697886962,1.3660027401133017,1.5391810485970574,1.3935897844155303,1.5920183181898466,1.676,1.679,-0.0038265929696836842,-0.010174739260139136,993.8430296303577
1348,Fulham,54,9,2023-01-12T20:00:00Z,1.417,1.5649,True,8.0,0,2,93.0,157.0,0.1514049382716049,0.8063010814830704,0.6321364624450723,1.3523334186670133,1.5372707237287884,1.3660027401133017,1.5391810485970574,1.3756033252150408,1.5570183181898467,1.6909999999999998,1.465,-0.0027566458248408756,-0.012915062683499201,1004.1363377778736
1349,Fulham,54,9,2023-01-15T14:00:00Z,0.56865,1.56385,False,4.0,0,0,44.0,185.0,0.0869708919777859,0.7404119307458724,0.7866759942946641,1.3523334186670133,1.5372707237287884,1.371584545880196,1.5449106015152332,1.3854938445042269,1.561374541528002,1.685,1.356,-0.004035516691536653,-0.016019252803486112,1017.6177055543417
1350,Fulham,54,9,2023-01-23T20:15:00Z,0.58945,0.94785,True,6.0,0,0,115.0,106.0,0.1609593964334705,0.6422341744868325,0.632372804123945,1.3173334186670134,1.5290964480474036,1.371584545880196,1.5449106015152332,1.350493844504227,1.553881559674492,1.47,1.398,-0.008835516836273318,-0.019089447052581247,1008.5271642297456
1351,Fulham,54,9,2023-02-03T20:00:00Z,0.34,0.77,False,8.0,1,1,96.0,91.0,0.1054218048716112,0.6358759461356787,0.8585257733402943,1.3173334186670134,1.5290964480474036,1.3365845458801962,1.5099106015152333,1.315493844504227,1.518881559674492,1.3430000000000002,1.319,-0.018612362692511316,-0.01672671564167014,994.5592682300054
1352,Fulham,54,9,2023-02-11T15:00:00Z,1.805,0.335,True,17.0,1,2,139.0,88.0,0.1651906416704771,0.5617376912675364,0.5362899587630684,1.2823334186670134,1.4940964480474037,1.3365845458801962,1.5099106015152333,1.280493844504227,1.483881559674492,1.245,1.209,-0.022308804048255918,-0.01893105857075277,994.5608964731455
1353,Fulham,54,9,2023-02-18T15:00:00Z,0.65,1.1,False,36.0,1,2,50.0,211.0,0.1664391815668087,0.7079035136610834,0.8588533792646734,1.2823334186670134,1.4940964480474037,1.3603731830893013,1.4749106015152333,1.3099020542995685,1.4488815596744922,1.108,1.16,-0.019385895845067447,-0.02309036394678007,1007.3654211906761
1354,Fulham,54,9,2023-02-24T20:00:00Z,0.74,0.9,True,39.0,0,1,94.0,76.0,0.1795927212992599,0.5369070932080838,0.4460033012601643,1.2473334186670135,1.4644601702339746,1.3603731830893013,1.4749106015152333,1.2749020542995686,1.4178627586733898,1.102,1.143,-0.02027812347535047,-0.030501683264944575,1023.420048151209
1355,Fulham,54,9,2023-03-06T20:00:00Z,1.765,2.67,False,94.0,0,0,110.0,161.0,0.173897141218629,0.6639249550697315,1.032441517205857,1.2473334186670135,1.4644601702339746,1.3253731830893014,1.457966774976358,1.2399020542995687,1.4085001819434013,1.196,1.219,-0.018437888909769287,-0.0304275226188217,1022.4118764357711
1356,Fulham,54,9,2023-03-12T14:00:00Z,0.425,2.69,True,3.0,0,0,83.0,221.0,0.2107943387883132,0.8442610724951762,0.37355812320235,1.2810487512116433,1.4994601702339745,1.3253731830893014,1.457966774976358,1.2749020542995686,1.4435001819434012,0.921,1.346,-0.010278123475350493,-0.018116280652852243,1009.9932872554316
1357,Fulham,54,9,2023-04-01T14:00:00Z,0.925,2.16,False,91.0,0,0,76.0,182.0,0.2041422209478225,0.7408305206097912,1.0607878467156664,1.2810487512116433,1.4994601702339745,1.293848804896029,1.492966774976358,1.2409049777674312,1.4785001819434012,0.903,1.479,-0.009655552390970826,-0.0014975313879633135,1003.1662333743344
1358,Fulham,54,9,2023-04-08T14:00:00Z,0.34,1.045,True,21.0,0,0,137.0,118.0,0.201728930168688,0.8366475008295815,0.3172118736018278,1.246975896195296,1.5344601702339744,1.293848804896029,1.492966774976358,1.2059049777674313,1.513500181943401,0.9,1.4780000000000002,-0.016770760350202803,0.015428725175845098,981.1851996553266
1359,Fulham,54,9,2023-04-15T14:00:00Z,2.42,1.155,False,11.0,0,2,156.0,127.0,0.2365550607371953,0.6962015160298376,0.9383905474455184,1.246975896195296,1.5344601702339744,1.2588488048960291,1.457966774976358,1.1709049777674314,1.4785001819434012,0.944,1.439,-0.018742105393978154,0.018662489038573024,961.418409431204
1360,Fulham,54,9,2023-04-22T11:30:00Z,1.84,0.945,True,2.0,0,2,107.0,70.0,0.1613447234645351,0.7796147228674524,0.3111647905791994,1.2819758961952958,1.533744213964123,1.2588488048960291,1.457966774976358,1.2059049777674313,1.4854496374065145,1.056,1.381,-0.014770760350202805,0.014992779351873299,973.9582741575285
1361,Fulham,54,9,2023-04-25T18:45:00Z,0.05,0.985,False,7.0,0,0,32.0,114.0,0.2573206027955964,0.6237122902454292,0.7854148702354031,1.2819758961952958,1.533744213964123,1.2824268803294323,1.4229667749763582,1.2327275360197776,1.4504496374065146,1.048,1.345,-0.010024931182827278,0.0005884469629973323,984.1139932009337
1362,Fulham,54,9,2023-04-30T13:00:00Z,0.585,2.295,True,43.0,0,0,38.0,210.0,0.1254903404724162,0.7974781177857964,0.6420170593393775,1.246975896195296,1.4987442139641232,1.2824268803294323,1.4229667749763582,1.1977275360197777,1.420303531843287,0.984,1.368,-0.002869129542320836,-0.013519583675660479,974.5181754303491
1363,Fulham,54,9,2023-05-03T19:00:00Z,0.345,1.365,False,14.0,0,0,100.0,133.0,0.2334715799521305,0.813998447968667,0.6331004546275358,1.246975896195296,1.4987442139641232,1.2580235613258501,1.4447615435766965,1.1799146733309114,1.4292287179690668,0.883,1.49,-0.0006474654049489929,-0.018027064862057532,970.1239624804789
1364,Fulham,54,9,2023-05-08T14:00:00Z,3.345,2.92,True,13.0,0,2,146.0,170.0,0.1353813759229903,1.0469274249445082,0.7504577128195158,1.211975896195296,1.4637442139641232,1.2580235613258501,1.4447615435766965,1.1449146733309115,1.3942287179690669,0.933,1.412,-0.006940641014061701,-0.017719033821349768,960.3222684764046
1365,Fulham,54,9,2023-05-13T14:00:00Z,1.75,0.125,False,20.0,1,2,117.0,36.0,0.1815890066294348,0.6553321261978522,0.5235225758214168,1.211975896195296,1.4637442139641232,1.29302356132585,1.4797615435766964,1.1799146733309114,1.4292287179690668,0.985,1.506,-0.011748656369658984,-0.01259549055353719,971.1953118320318
1366,Fulham,54,9,2023-05-20T14:00:00Z,1.915,1.81,True,31.0,0,1,118.0,144.0,0.3186299590512147,0.907610219401284,0.63702266552629,1.2245611962291394,1.4287442139641233,1.29302356132585,1.4797615435766964,1.1966001961029582,1.3942287179690669,0.992,1.381,-0.007687865361448447,-0.008266543965997115,978.4934715776271
1367,Fulham,54,9,2023-05-28T15:30:00Z,1.4,2.355,False,1.0,0,0,0.0,0.0,0.1545692273784493,1.0452583203761074,0.4605175589722131,1.2245611962291394,1.4287442139641233,1.32802356132585,1.5147615435766963,1.2316001961029581,1.4292287179690668,1.027,1.304,0.007269139106629791,-0.0007249734106028885,978.4165475448601
1368,Fulham,54,10,2023-08-12T14:00:00Z,1.2400000000000002,1.365,False,11.0,1,2,97.0,227.0,0.206887176849905,1.0329786936258614,0.6581803236450546,1.2437393355087378,1.4637442139641232,1.32802356132585,1.5147615435766963,1.2500856156451683,1.4642287179690667,0.951,1.122,0.01793133721884204,0.006999999999999984,969.7983012005724
1369,Fulham,54,10,2023-08-19T14:00:00Z,0.23,4.73,True,94.0,0,0,78.0,227.0,0.3078233014842781,1.1725857262009989,0.8132398509648923,1.2405422194734637,1.4782447128889975,1.32802356132585,1.5147615435766963,1.2409050171230336,1.4809749253007192,0.911,1.231,0.020727558454382324,0.016392315333093172,982.1749631480184
1370,Fulham,54,10,2023-08-26T14:00:00Z,1.275,2.96,False,3.0,0,1,70.0,309.0,0.2409122486610372,1.3189834283756698,0.6385846961683759,1.2405422194734637,1.4782447128889975,1.29302356132585,1.5497615435766963,1.2059050171230337,1.515974925300719,0.833,1.331,0.008038617187515648,0.02082770453294909,972.8559483654343
1371,Fulham,54,10,2023-09-02T14:00:00Z,1.425,3.63,False,43.0,0,0,126.0,124.0,0.1940428600696956,1.0258759998477431,0.9922325414642924,1.2563972312126839,1.510826962712147,1.29302356132585,1.5497615435766963,1.2257669606094541,1.550974925300719,0.7959999999999999,1.57,0.0017019339163020421,0.03030616759956771,974.3472817592834
1372,Fulham,54,10,2023-09-16T14:00:00Z,0.99,0.64,True,102.0,1,2,107.0,91.0,0.3905292344877719,0.9231222314896655,0.7547421063060273,1.2913972312126838,1.5303204579596843,1.29302356132585,1.5497615435766963,1.260766960609454,1.5757122773190786,0.89,1.58,0.0010822244978667746,0.029361611964143303,970.1363507078331
1373,Fulham,54,10,2023-09-23T14:00:00Z,0.3,0.15,False,31.0,1,1,105.0,68.0,0.1709222244986521,0.8312368887704669,0.7850697544722274,1.2913972312126838,1.5303204579596843,1.2580235613258501,1.5147615435766963,1.2257669606094541,1.5407122773190787,0.959,1.461,-0.0012041571780825448,0.02004656722300394,979.1126083127975
1374,Fulham,54,10,2023-10-02T19:00:00Z,0.5599999999999999,1.865,True,8.0,0,0,111.0,110.0,0.3215227379349337,0.9846506244919622,0.6959105271269102,1.2563972312126839,1.4953204579596844,1.2580235613258501,1.5147615435766963,1.1907669606094542,1.5057122773190788,0.964,1.396,-0.004460127203103876,0.006361033376149607,979.1014999937934
1375,Fulham,54,10,2023-10-07T14:00:00Z,2.0700000000000003,0.7849999999999999,True,49.0,0,2,171.0,72.0,0.3389621295049485,0.7747282634937483,0.5701526322098189,1.2563972312126839,1.4953204579596844,1.2230235613258502,1.5465919115830575,1.1557669606094543,1.5407122773190787,0.929,1.336,-0.011162579501939903,-0.0013457481100892224,958.0091337652256
1376,Fulham,54,10,2023-10-23T19:00:00Z,0.52,1.755,False,6.0,0,0,87.0,150.0,0.172939507943396,0.9420731357103632,0.6106098090339547,1.2563972312126839,1.4953204579596844,1.2580235613258501,1.5115919115830576,1.1907669606094542,1.5057122773190788,0.983,1.372,-0.014999999999999966,-0.010466092568805742,965.2893305869485
1377,Fulham,54,10,2023-10-29T14:00:00Z,0.86,1.16,False,36.0,0,1,100.0,169.0,0.1833973950670858,0.9105013277747268,0.5415854070264092,1.221397231212684,1.5043804968562466,1.2580235613258501,1.5115919115830576,1.1557669606094543,1.512063184161019,0.952,1.378,-0.018999999999999958,-0.011092727594008502,956.4177436317187
1378,Fulham,54,10,2023-11-04T12:30:00Z,0.505,0.845,True,1.0,0,0,97.0,144.0,0.2991927673927377,0.6870108716062487,0.4790076028298591,1.1964915940692984,1.4701136529865642,1.2580235613258501,1.5115919115830576,1.1298136232861122,1.4770631841610191,1.052,1.547,-0.015707619617620263,-0.009548364150413624,957.028033480701
1379,Fulham,54,10,2023-11-12T14:00:00Z,0.965,3.04,False,7.0,0,0,80.0,156.0,0.1870868628299556,0.9281676993803432,0.8456775387983182,1.1964915940692984,1.4701136529865642,1.2230235613258502,1.4765919115830577,1.0948136232861123,1.4420631841610192,1.052,1.464,-0.016932191388192443,-0.01436690966921532,948.3046546886851
1380,Fulham,54,10,2023-11-27T20:00:00Z,2.925,1.705,True,39.0,0,2,137.0,145.0,0.2704832635276848,0.7632306779159712,0.4236725799787793,1.1827005218413573,1.505113652986564,1.2230235613258502,1.4765919115830577,1.0847951455406626,1.4770631841610191,1.054,1.393,-0.01910492641820932,-0.01554836415041361,941.0885155580321
1381,Fulham,54,10,2023-12-03T14:00:00Z,2.115,3.1100000000000003,False,14.0,0,0,164.0,254.0,0.2432897822010766,1.0819082106291558,0.7310825301764697,1.1827005218413573,1.505113652986564,1.2580235613258501,1.5115919115830576,1.1197951455406625,1.512063184161019,1.121,1.229,-0.017222129158580957,-0.003092727594008521,956.801914461024
1382,Fulham,54,10,2023-12-06T19:30:00Z,3.76,0.145,True,17.0,1,2,169.0,41.0,0.2281536494104215,0.6091794161568665,0.3606342288723839,1.2177005218413572,1.5368818805967448,1.2580235613258501,1.5115919115830576,1.1547951455406624,1.547063184161019,1.159,1.359,-0.0012837996093073758,0.00899999999999998,951.0211521576688
1383,Fulham,54,10,2023-12-10T14:00:00Z,3.67,0.695,True,21.0,1,2,161.0,92.0,0.1774528384303278,0.7493617681220073,0.3160488446785208,1.2177005218413572,1.5368818805967448,1.29302356132585,1.4765919115830577,1.1897951455406623,1.512063184161019,1.221,1.3090000000000002,0.014710062229611453,0.014999999999999966,963.6841254921623
1384,Fulham,54,10,2023-12-16T15:00:00Z,0.15,5.41,False,4.0,0,0,67.0,360.0,0.4736698306008374,1.37481749715601,0.630841967915032,1.2177005218413572,1.5368818805967448,1.32802356132585,1.4415919115830578,1.2247951455406623,1.4770631841610191,1.277,1.3330000000000002,0.028568788893507113,0.00899999999999998,978.3392678774361
1385,Fulham,54,10,2023-12-23T15:00:00Z,0.6799999999999999,1.205,True,90.0,0,0,193.0,55.0,0.1513522076680328,0.6250591529837835,0.2813713236388495,1.1909489449764152,1.5718818805967447,1.32802356132585,1.4415919115830578,1.1918312676363676,1.512063184161019,1.233,1.5830000000000002,0.02529087458510069,0.0009999999999999976,967.5658788958837
1386,Fulham,54,10,2023-12-26T15:00:00Z,0.14,2.41,False,91.0,0,0,83.0,127.0,0.3684098682450957,1.2470802755657855,0.7195437528228027,1.1909489449764152,1.5718818805967447,1.29302356132585,1.4484348802148408,1.1568312676363677,1.5194180200350946,1.255,1.5659999999999998,0.00946539933616118,-0.0029493091608463347,942.9104621315985
1387,Fulham,54,10,2023-12-31T14:00:00Z,1.6800000000000002,1.3199999999999998,True,3.0,0,2,115.0,125.0,0.1177183837418033,0.8061571189873871,0.2743999183857718,1.1559489449764153,1.6068818805967446,1.29302356132585,1.4484348802148408,1.1218312676363678,1.5544180200350945,1.251,1.543,-0.00847642574681863,0.0026811053426458475,930.9583258443595
1388,Fulham,54,10,2024-01-13T12:30:00Z,0.425,1.595,False,8.0,0,0,122.0,160.0,0.3354298975239633,1.3432846587733889,0.6240895855288465,1.1559489449764153,1.6068818805967446,1.32802356132585,1.425602413125407,1.1568312676363677,1.5194180200350946,1.266,1.499,-0.014534600663838765,0.007891243510476568,959.9799717549168
1389,Fulham,54,10,2024-01-30T19:45:00Z,0.855,1.075,True,11.0,1,1,173.0,143.0,0.2826698540214025,0.7247888703235232,0.4023110476333781,1.1209489449764154,1.6088938791264056,1.32802356132585,1.425602413125407,1.1218312676363678,1.526963745918201,1.291,1.515,-0.01870912541489921,0.00875906618308961,945.6611867033491
1390,Fulham,54,10,2024-02-03T15:00:00Z,1.64,1.84,False,90.0,0,1,184.0,118.0,0.2675565869630826,1.1714436234904135,0.7254030109668806,1.1209489449764154,1.6088938791264056,1.29302356132585,1.4209146801420032,1.0955745101473318,1.5182563397053255,1.384,1.5019999999999998,-0.015750965355576543,0.0005315130105957585,945.7265931744558
1391,Fulham,54,10,2024-02-10T15:00:00Z,2.27,1.42,True,91.0,0,2,185.0,217.0,0.2554098864610908,0.7015024546960736,0.5484641481592941,1.1242442051686052,1.6438938791264055,1.29302356132585,1.4209146801420032,1.1000554252974326,1.5532563397053254,1.431,1.475,-0.011361413833193806,0.0019500652355700864,945.189340677525
1392,Fulham,54,10,2024-02-17T15:00:00Z,1.18,1.825,True,7.0,0,0,152.0,99.0,0.2119854672475151,0.692279686985835,0.6332498930127843,1.1242442051686052,1.6438938791264055,1.32802356132585,1.426858718311016,1.1350554252974325,1.5582445870048045,1.452,1.4380000000000002,-0.003727528462871924,0.003198296789896185,962.567436943893
1393,Fulham,54,10,2024-02-24T15:00:00Z,1.55,1.335,False,1.0,0,2,133.0,206.0,0.4703217898601753,1.0266783738258771,0.5642023418631295,1.1242442051686052,1.6438938791264055,1.318204368829512,1.4584321184607254,1.1381680311180848,1.5759041955860946,1.435,1.496,-0.0014046512702319712,0.011750668600423151,953.4479025499792
1394,Fulham,54,10,2024-03-02T15:00:00Z,2.12,0.585,True,36.0,1,2,113.0,161.0,0.1915442523036228,0.6384397565445383,0.6258610278988322,1.1527689088716284,1.6245138102468353,1.318204368829512,1.4584321184607254,1.161757124721643,1.564885485748451,1.4069999999999998,1.61,0.010354567095389573,0.010501157545515337,978.1523405487918
1395,Fulham,54,10,2024-03-09T15:00:00Z,1.88,1.415,False,39.0,0,0,217.0,97.0,0.4480280587801363,0.8563054018645712,0.4810462658935451,1.1527689088716284,1.6245138102468353,1.353204368829512,1.4234321184607255,1.1967571247216429,1.5298854857484512,1.453,1.411,0.01983230791328111,0.0031626507693227356,994.3642193113066
1396,Fulham,54,10,2024-03-16T17:30:00Z,2.95,1.185,True,6.0,1,2,243.0,160.0,0.1800899740139289,0.7987864773124187,0.6823363550324251,1.1877689088716283,1.600430555941984,1.353204368829512,1.4234321184607255,1.2305064311442844,1.5133818315633174,1.477,1.453,0.024598549174584226,-0.0084419586947641,977.8560625131862
1397,Fulham,54,10,2024-03-30T15:00:00Z,2.175,2.435,False,49.0,0,1,226.0,120.0,0.368466267940106,0.9060153125613332,0.5297026512505351,1.1877689088716283,1.600430555941984,1.3882043688295118,1.392847579994245,1.2655064311442843,1.4783818315633175,1.6369999999999998,1.486,0.02755057798036735,-0.01776802483645048,999.1424469727938
1398,Fulham,54,10,2024-04-02T18:30:00Z,1.245,2.255,False,17.0,0,0,141.0,116.0,0.2954737639534158,0.9957896875477036,0.4475465065281939,1.2227689088716283,1.635430555941984,1.3882043688295118,1.392847579994245,1.3005064311442842,1.5133818315633174,1.7480000000000002,1.481,0.03304826359490178,-0.01681789819584059,996.6609302237687
1399,Fulham,54,10,2024-04-06T14:00:00Z,0.64,0.7949999999999999,True,4.0,0,0,175.0,129.0,0.1534033131219447,0.7368339267985479,0.5907060539141085,1.217369817409545,1.6704305559419839,1.3882043688295118,1.392847579994245,1.2889651762276464,1.5483818315633173,1.767,1.4369999999999998,0.028065376479941177,-0.004772263813744861,974.2706843615523
1400,Fulham,54,10,2024-04-14T13:00:00Z,2.64,0.465,False,21.0,1,2,237.0,139.0,0.2564795941859901,0.8745030903148806,0.4303139495219286,1.217369817409545,1.6704305559419839,1.353204368829512,1.357847579994245,1.2539651762276465,1.5133818315633174,1.769,1.423,0.014183328365145829,0.0016423351164094515,962.8411289138458
1401,Fulham,54,10,2024-04-21T15:30:00Z,0.8999999999999999,2.01,True,14.0,0,0,136.0,144.0,0.1326470213170681,0.7530930541766483,0.4905491530443066,1.252369817409545,1.635430555941984,1.353204368829512,1.357847579994245,1.2889651762276464,1.4783818315633175,1.822,1.444,0.007032248735721679,-0.0009999999999999976,978.9985197525103
1402,Fulham,54,10,2024-04-27T14:00:00Z,1.0699999999999998,1.005,True,31.0,0,1,111.0,105.0,0.1320587943577196,0.714627931026282,0.4504271190344607,1.252369817409545,1.635430555941984,1.335960253048433,1.37153666993806,1.2833385543846385,1.4772477063652745,1.773,1.371,0.0005581957557673624,-0.004162017885434707,972.1763693352096
1403,Fulham,54,10,2024-05-04T14:00:00Z,0.595,0.315,False,94.0,1,1,133.0,101.0,0.1994841288113256,0.8112801813560182,0.3457997385170556,1.252369817409545,1.635430555941984,1.3215640150782293,1.3637422157321384,1.2742304944184941,1.4627594392446368,1.732,1.3769999999999998,-0.003235987118799263,-0.014328981062500898,972.1777575771752
1404,Fulham,54,10,2024-05-11T11:30:00Z,0.06,4.02,True,43.0,0,0,27.0,222.0,0.3827123956115597,0.6869328352426638,0.6636655370268028,1.217369817409545,1.600430555941984,1.3215640150782293,1.3637422157321384,1.2392304944184942,1.4277594392446369,1.732,1.272,-0.005528687894749312,-0.021603236107071058,971.7851810209456
1405,Fulham,54,10,2024-05-19T15:00:00Z,2.53,2.055,False,102.0,0,2,144.0,137.0,0.1684876557421421,0.6709956966102364,0.6822886855132655,1.217369817409545,1.600430555941984,1.2935507045745445,1.3944948122190175,1.2185497550294977,1.4524739727339968,1.646,1.3330000000000002,-0.009582548896695568,-0.01345413537780807,967.5925755719395
1406,Fulham,54,9,2024-08-16T19:00:00Z,0.22,1.715,False,1.0,0,0,89.0,128.0,0.1310459544661106,1.046329986252406,0.5462245331769843,1.252369817409545,1.635430555941984,1.2935507045745445,1.3944948122190175,1.2535497550294976,1.4874739727339967,1.5730000000000002,1.3730000000000002,-0.011612671544461892,-0.001824585572583905,974.1346836200925
1407,Fulham,54,9,2024-08-24T14:00:00Z,1.89,0.8049999999999999,True,13.0,0,2,195.0,98.0,0.3732207521423242,0.5920588718554052,0.5161843065764021,1.217369817409545,1.6395498994119113,1.2935507045745445,1.3944948122190175,1.2185497550294977,1.5029218071035995,1.419,1.341,-0.011619055838048288,0.006492246789973275,963.4100101652737
1408,Fulham,54,9,2024-08-31T14:00:00Z,0.97,0.725,False,40.0,0,1,114.0,97.0,0.1241468534736415,0.842701100418538,0.4715079702487655,1.217369817409545,1.6141194690886997,1.3126503717419098,1.3944948122190175,1.2435021011829073,1.47970424783895,1.388,1.319,-0.005162405266997824,0.009863175615670095,973.9266291030652
1409,Fulham,54,9,2024-09-14T14:00:00Z,1.275,0.88,True,21.0,0,1,178.0,86.0,0.3102828072218077,0.5493791225542041,0.4614766828927572,1.1823698174095452,1.5791194690886998,1.3126503717419098,1.3944948122190175,1.2085021011829074,1.4487678567266573,1.361,1.3,-0.0032509979347915834,0.005776592774130406,973.9017757621568
1410,Fulham,54,9,2024-09-21T14:00:00Z,2.65,1.27,True,4.0,0,2,268.0,134.0,0.3324421833947393,0.6584059842088255,0.3789263089165889,1.1823698174095452,1.5791194690886998,1.2928120515004944,1.3714105916374197,1.198887922759824,1.4150478299904434,1.364,1.257,-0.005957136478135145,-0.009327617742983848,973.8717048018766
1411,Fulham,54,9,2024-09-28T14:00:00Z,1.165,0.4,False,17.0,1,2,105.0,97.0,0.1387808860350545,0.7576564114366406,0.402283976860151,1.1823698174095452,1.5791194690886998,1.3278120515004943,1.3527050898931798,1.2338879227598238,1.385932555090816,1.395,1.252,-0.005494133090211146,-0.022921868876218995,994.6415407378845
1412,Fulham,54,9,2024-10-05T14:00:00Z,2.3,2.285,False,43.0,0,0,137.0,186.0,0.1590518002494869,0.838177208895165,0.3684430931134508,1.172724859280334,1.5441194690887,1.3278120515004943,1.3527050898931798,1.2210580216973976,1.350932555090816,1.364,1.205,-0.0007404394386524007,-0.030713753286986663,1006.0037373172931
1413,Fulham,54,9,2024-10-19T14:00:00Z,1.39,2.34,True,7.0,0,0,129.0,146.0,0.3341216981959083,0.7120935432735309,0.3902760180462358,1.207724859280334,1.5486796554232898,1.3278120515004943,1.3527050898931798,1.2560580216973976,1.359726964064184,1.39,1.286,0.003869924689026348,-0.026357359962313743,1001.4789376314343
1414,Fulham,54,9,2024-10-26T16:30:00Z,1.125,0.895,False,11.0,0,1,110.0,128.0,0.1325958446384898,0.7052489402517951,0.399900183532684,1.207724859280334,1.5486796554232898,1.328667960742223,1.386460898764525,1.2628144862893094,1.3836850626468558,1.386,1.331,0.012292637750922993,-0.015039330519365311,988.8456271250128
1415,Fulham,54,9,2024-11-04T20:00:00Z,1.6800000000000002,0.7949999999999999,True,94.0,0,2,281.0,47.0,0.2598724319301509,0.696072755879413,0.3035480140359612,1.2061523714764937,1.5226732922299828,1.328667960742223,1.386460898764525,1.2541261182068602,1.3688617375796606,1.469,1.237,0.01137059050924679,-0.006539386583212193,988.7158496031506
1416,Fulham,54,9,2024-11-09T15:00:00Z,1.91,0.76,False,31.0,1,2,180.0,104.0,0.243130101385492,0.5774158424180628,0.4910334760809764,1.2061523714764937,1.5226732922299828,1.3523554335550143,1.3514608987645251,1.2790344390781787,1.3338617375796606,1.606,1.147,0.009476952448916392,-0.005217384043044885,999.1855986791518
1417,Fulham,54,9,2024-11-23T15:00:00Z,1.015,2.66,True,39.0,0,0,85.0,133.0,0.2021230026123396,0.6436121434617657,0.4272040109168586,1.2411523714764936,1.487673292229983,1.3523554335550143,1.3514608987645251,1.3140344390781786,1.3106524826541543,1.6969999999999998,1.123,0.01500351345610855,-0.008394839048687817,1009.7512640396491
1418,Fulham,54,9,2024-12-01T13:30:00Z,1.24,0.825,False,6.0,0,1,199.0,101.0,0.211323412188716,0.5735456552140488,0.3819149258407594,1.2411523714764936,1.487673292229983,1.3173554335550144,1.386460898764525,1.2799427617488464,1.3456524826541543,1.587,1.158,0.00851405369986201,-0.009270575629378656,986.3003183049349
1419,Fulham,54,9,2024-12-05T19:30:00Z,1.33,1.17,True,36.0,0,2,77.0,101.0,0.2483178909207086,0.6205872226924845,0.4167142307131123,1.2379533296863914,1.452673292229983,1.3173554335550144,1.386460898764525,1.2737591642934591,1.3106524826541543,1.672,1.162,0.004776380589905926,-0.013085711990443777,986.3302701446709
1420,Fulham,54,9,2024-12-08T14:00:00Z,0.58,1.515,True,3.0,0,1,36.0,166.0,0.4575805818272178,0.5893456176497102,0.3996666238879762,1.2379533296863914,1.452673292229983,1.3128113793185507,1.36641979974477,1.2778615675359046,1.2920253810946145,1.571,1.177,0.001964564141763755,-0.01196598706290712,1003.2697077184514
1421,Fulham,54,9,2024-12-14T15:00:00Z,1.61,2.065,False,14.0,0,1,128.0,175.0,0.1910293205912236,0.7394243984998157,0.4503782756539239,1.2379533296863914,1.452673292229983,1.2932271946223897,1.3597558731379211,1.259562909889213,1.26932668625346,1.339,1.209,-0.0060588530864868016,-0.011815901751703502,1004.4970926245061
1422,Fulham,54,9,2024-12-22T14:00:00Z,0.52,0.13,True,20.0,1,1,174.0,52.0,0.3625626747545027,0.4694910359497746,0.350851818579537,1.2729533296863913,1.448178109006807,1.2932271946223897,1.3597558731379211,1.2945629098892129,1.2711287492742578,1.362,1.287,-0.004411279950893819,-0.012720661647460154,1005.8601899413713
1423,Fulham,54,9,2024-12-26T15:00:00Z,1.89,1.06,False,8.0,0,2,186.0,153.0,0.1908005826820628,0.76844119883319,0.3658497699530519,1.2729533296863913,1.448178109006807,1.2582271946223897,1.3247558731379212,1.259562909889213,1.2361287492742579,1.399,1.153,-0.0016510480045027912,-0.01968253033943789,1002.2669649646224
1424,Fulham,54,9,2024-12-29T15:00:00Z,1.555,1.99,True,91.0,0,1,146.0,207.0,0.3819931914757243,0.6451596946276024,0.3351069700063066,1.3079533296863912,1.4131781090068072,1.2582271946223897,1.3247558731379212,1.2945629098892129,1.201128749274258,1.456,1.16,0.002403507286819811,-0.020385899981135835,1026.0541467138514
1425,Fulham,54,9,2025-01-05T14:00:00Z,2.12,1.795,True,40.0,0,1,152.0,78.0,0.3815502600366744,0.5973464291548019,0.4361943100049051,1.3079533296863912,1.4131781090068072,1.2593951902831755,1.3597558731379211,1.3054841813180291,1.2361287492742579,1.492,1.239,0.0059460876831606375,-0.014830770572553982,1026.035871012009
1426,Fulham,54,9,2025-01-14T19:30:00Z,1.985,1.975,False,21.0,0,0,143.0,51.0,0.1484004531971599,0.8110098213147032,0.284549821074596,1.3079533296863912,1.4131781090068072,1.2943951902831754,1.394755873137921,1.340484181318029,1.2711287492742578,1.3630000000000002,1.27,0.013496290612300836,-0.003742562425600309,1024.6705708850595
1427,Fulham,54,9,2025-01-18T15:00:00Z,2.1,0.235,False,13.0,1,2,154.0,119.0,0.1332003524866799,0.7174520832447692,0.2257609719469079,1.3429533296863911,1.448178109006807,1.2943951902831754,1.394755873137921,1.375014392767934,1.3061287492742577,1.3259999999999998,1.217,0.018741214288824855,0.00899999999999998,1005.1699828102948
1428,Fulham,54,9,2025-01-26T19:00:00Z,0.335,0.625,True,1.0,0,0,91.0,31.0,0.3412057578063023,0.4779361115648459,0.3392622411149262,1.377953329686391,1.4131781090068072,1.2943951902831754,1.394755873137921,1.4100143927679338,1.2711287492742578,1.395,1.203,0.029388910372279073,0.014999999999999966,1010.5985749241695
1429,Fulham,54,9,2025-02-01T15:00:00Z,1.78,0.875,False,4.0,0,2,146.0,153.0,0.1924891630451955,0.6269071758570427,0.1844807559587062,1.377953329686391,1.4131781090068072,1.2593951902831755,1.3597558731379211,1.375014392767934,1.2361287492742579,1.287,1.133,0.02143937886266355,0.00899999999999998,989.8625501927152
1430,Fulham,54,9,2025-02-15T15:00:00Z,2.1,0.71,True,17.0,0,2,370.0,77.0,0.2876044782937906,0.4117280867726579,0.294981743089387,1.412953329686391,1.3781781090068073,1.2593951902831755,1.3597558731379211,1.4100143927679338,1.201128749274258,1.356,1.185,0.018892619759978233,-0.00899999999999998,1007.653952887796
1431,Fulham,54,9,2025-02-22T15:00:00Z,0.105,1.645,True,31.0,0,0,63.0,118.0,0.3748034831173927,0.3780107341565116,0.3160969112917455,1.412953329686391,1.3781781090068073,1.2943951902831754,1.3280433899849078,1.4450143927679338,1.1695081559771363,1.69,1.096,0.01693288734998638,-0.024517227613874475,1025.6765082553338
1432,Fulham,54,9,2025-02-25T19:30:00Z,1.845,1.155,False,39.0,0,2,110.0,140.0,0.1852693490351521,0.665372247888811,0.2212628101901048,1.412953329686391,1.3781781090068073,1.2593951902831755,1.3284612826690174,1.4100143927679338,1.1711423091557973,1.625,1.039,0.00899999999999998,-0.028994113728104752,1005.9646126949406
1433,Fulham,54,9,2025-03-08T15:00:00Z,0.95,1.77,False,36.0,0,0,73.0,137.0,0.1729872714717849,0.5352895261357419,0.4676488523700815,1.4414012287682652,1.3802316654482878,1.2593951902831755,1.3284612826690174,1.4330009462586695,1.1796472976814294,1.561,1.127,0.007283793355819368,-0.019542490617618435,1016.0297529204307
1434,Fulham,54,9,2025-03-16T13:30:00Z,1.49,0.475,True,6.0,1,2,132.0,124.0,0.2937360424246388,0.3584527932328424,0.3902975976713576,1.4181760178584446,1.3991744180342887,1.2593951902831755,1.3284612826690174,1.4071862915637035,1.2086446553899353,1.4480000000000002,1.111,0.0055662615557444195,-0.005720876314898218,1002.3798122047127
1435,Fulham,54,9,2025-04-01T18:45:00Z,0.995,2.19,False,3.0,0,0,91.0,183.0,0.2278789889224994,0.8518918536611326,0.3637268851767301,1.4181760178584446,1.3991744180342887,1.2665324612516395,1.2934612826690175,1.4118897375654231,1.1736446553899353,1.4340000000000002,1.028,-0.002317743603843108,-0.0003287423616452591,1012.4275198055747
1436,Fulham,54,9,2025-04-06T13:00:00Z,1.875,1.75,True,14.0,0,2,130.0,156.0,0.2484613663302746,0.5899077280699885,0.3035647981888337,1.4142073519633018,1.4274727820519018,1.2665324612516395,1.2934612826690175,1.4111235967506333,1.2086446553899353,1.3730000000000002,1.133,-0.005418360011114303,0.006633911242140421,1003.936571951752
1437,Fulham,54,9,2025-04-14T19:00:00Z,0.53,1.23,False,91.0,0,0,183.0,96.0,0.1772392136063884,0.8692492195142143,0.4006764662485678,1.4142073519633018,1.4274727820519018,1.3015324612516395,1.282079914333689,1.4461235967506332,1.1895764872566097,1.36,1.238,0.003417640496888793,0.004118941817987988,1033.69354666205
1438,Fulham,54,9,2025-04-20T13:00:00Z,0.625,1.45,True,8.0,0,0,60.0,153.0,0.279914396034658,0.5632615662766577,0.2472170652579817,1.379207351963302,1.4194849631298156,1.3015324612516395,1.282079914333689,1.4111235967506333,1.1813124246137554,1.389,1.215,0.0001902579201662353,-0.00039653913538133527,1013.7648579732981
1439,Fulham,54,9,2025-04-26T14:00:00Z,2.21,0.815,False,20.0,0,2,217.0,82.0,0.231186055027191,0.7049716151777222,0.3294150293044416,1.379207351963302,1.4194849631298156,1.2665324612516395,1.2871550442604462,1.3761235967506333,1.182070829685312,1.358,1.337,-0.0035031970431348646,-0.0036838282567137675,997.2109527276425
1440,Fulham,54,9,2025-05-03T11:30:00Z,0.425,0.98,False,7.0,0,0,105.0,106.0,0.1887002650211485,0.7060890340271173,0.3028783561256768,1.4142073519633018,1.388643805194546,1.2665324612516395,1.2871550442604462,1.4111235967506333,1.1645248632229346,1.429,1.266,-0.0041094486878271155,-0.003816700016906514,1000.7996917190497
1441,Fulham,54,9,2025-05-10T14:00:00Z,0.885,2.06,True,11.0,0,0,159.0,177.0,0.2799334191380673,0.5003145515485116,0.3167243840895414,1.379207351963302,1.353643805194546,1.2665324612516395,1.2871550442604462,1.3761235967506333,1.13229724019933,1.164,1.295,-0.00899999999999998,-0.013032386942356991,990.0842969883597
1442,Fulham,54,9,2025-05-18T14:00:00Z,1.99,2.435,False,94.0,0,2,142.0,183.0,0.1689890950164488,0.889180359798869,0.5133498325421931,1.379207351963302,1.353643805194546,1.2407684940458086,1.3221550442604462,1.3564245415085843,1.16729724019933,1.26,1.354,-0.014814150748864125,-0.007885364428344335,974.3100217091501
1443,Fulham,54,9,2025-05-25T15:00:00Z,0.8899999999999999,2.42,True,43.0,0,0,140.0,236.0,0.3443926593296079,0.6202446512043979,0.53745229873631,1.4142073519633018,1.388643805194546,1.2407684940458086,1.3221550442604462,1.3914245415085842,1.20229724019933,1.2919999999999998,1.3969999999999998,-0.005502641198182642,0.0008107338984663505,991.7915080486151
1444,Brighton,36,5,2022-08-07T13:00:00Z,2.0,1.0,False,1.0,0,2,207.0,282.0,0.0,0.0,0.0,1.5831222570314676,1.4399784739626844,1.5831222570314676,1.4399784739626844,1.5831222570314676,1.4399784739626844,1.5,1.5,,,1000.0
1445,Brighton,36,5,2022-08-13T14:00:00Z,0.0,0.0,True,4.0,1,1,200.0,49.0,0.0,0.0,0.0,1.6157956410470622,1.4049784739626845,1.5831222570314676,1.4399784739626844,1.6157956410470622,1.4049784739626845,2.07,2.82,0.03267338401559461,-0.03499999999999992,1041.25
1446,Brighton,36,5,2022-08-21T13:00:00Z,2.0,0.0,False,21.0,1,2,141.0,180.0,0.0,0.0,0.0,1.6157956410470622,1.4049784739626845,1.5481222570314677,1.4049784739626845,1.5807956410470623,1.3699784739626846,2.035,1.655,-0.0011633079922026557,-0.03499999999999992,1041.25
1447,Brighton,36,5,2022-08-27T14:00:00Z,1.0,0.0,True,2.0,1,2,140.0,124.0,0.0,0.0,0.0,1.6414535240207464,1.3699784739626846,1.5481222570314677,1.4049784739626845,1.6086313226876228,1.3349784739626847,1.8266666666666669,1.7033333333333334,0.004152719696846563,-0.03499999999999992,1055.4919639091413
1448,Brighton,36,5,2022-08-30T18:30:00Z,1.0,2.0,False,54.0,0,0,115.0,95.0,0.0,0.0,0.2222222222222222,1.6414535240207464,1.3699784739626846,1.5131222570314677,1.3699784739626846,1.5736313226876228,1.2999784739626847,1.72,1.5875,-0.00261461870471289,-0.03499999999999992,1082.7798007539907
1449,Brighton,36,5,2022-09-04T13:00:00Z,4.0,2.0,True,13.0,0,2,313.0,90.0,0.0,0.0,0.4444444444444444,1.6064535240207465,1.3418343694305208,1.5131222570314677,1.3699784739626846,1.538631322687623,1.2755342101378795,1.606,1.46,-0.009174627004485167,-0.03349203768925783,1045.0984295234225
1450,Brighton,36,5,2022-10-01T14:00:00Z,3.0,3.0,False,14.0,0,1,134.0,229.0,0.0,0.0,0.6172839506172839,1.6064535240207465,1.3418343694305208,1.5481222570314677,1.4049784739626845,1.5736313226876228,1.3105342101378794,1.86,1.3666666666666665,-0.010637558482157562,-0.022587260302812585,1053.2278645390575
1451,Brighton,36,5,2022-10-08T16:30:00Z,0.0,1.0,True,6.0,0,0,192.0,76.0,0.0,0.0,0.5679012345679012,1.6414535240207464,1.3602107497740759,1.5481222570314677,1.4049784739626845,1.6086313226876228,1.331968049443274,1.7857142857142858,1.4985714285714289,-2.3474051348491644e-05,-0.008223690797036401,1052.8138966328152
1452,Brighton,36,5,2022-10-14T19:00:00Z,0.0,2.0,False,94.0,0,0,303.0,107.0,0.0,0.0,0.924554183813443,1.6414535240207464,1.3602107497740759,1.5131222570314677,1.3699784739626846,1.5736313226876228,1.296968049443274,1.8025,1.40625,-0.0009999999999999976,-0.0016880970330081558,1036.5562849220298
1453,Brighton,36,5,2022-10-18T18:30:00Z,0.0,0.0,True,17.0,1,1,241.0,18.0,0.0,0.0,0.4417009602194787,1.6064535240207465,1.3952107497740758,1.5131222570314677,1.3699784739626846,1.538631322687623,1.331968049443274,1.9388888888888889,1.3688888888888888,-0.0009999999999999976,0.007019520989272125,1017.1260779951041
1454,Brighton,36,5,2022-10-22T14:00:00Z,1.0,3.0,False,43.0,0,0,105.0,166.0,0.0,0.2222222222222222,1.163542142966011,1.6064535240207465,1.3952107497740758,1.4781222570314678,1.3349784739626847,1.503631322687623,1.296968049443274,1.986,1.25,-0.00899999999999998,0.0038991632698044715,1015.5959872019533
1455,Brighton,36,5,2022-10-29T14:00:00Z,2.0,1.0,True,8.0,0,2,250.0,188.0,0.0,0.0,0.565767413504039,1.5972299834186774,1.425771819556469,1.4781222570314678,1.3349784739626847,1.4998355580788023,1.3304518190635897,1.884,1.134,-0.02054225208697434,0.0008453727036728991,1006.2433750074048
1456,Brighton,36,5,2022-11-05T15:00:00Z,3.0,2.0,False,39.0,0,2,241.0,126.0,0.0,0.6172839506172839,0.9049772223068976,1.5972299834186774,1.425771819556469,1.5131222570314677,1.3043454615589323,1.5348355580788022,1.297336259634613,1.934,1.273,-0.017867603339158978,-0.0030773611480673715,1023.7470773198226
1457,Brighton,36,5,2022-11-13T14:00:00Z,0.82805,1.7426,True,7.0,0,0,0.0,0.0,0.0077111111111111,0.0812222222222222,0.6811524327253636,1.6322299834186773,1.460771819556469,1.5131222570314677,1.3043454615589323,1.5698355580788022,1.3323362596346129,2.0340000000000003,1.219,-0.0009760537565538932,0.003040841461457911,1031.3764985337843
1458,Brighton,36,5,2022-12-26T15:00:00Z,1.32045,1.457,False,20.0,0,2,142.0,151.0,0.0256666666666666,0.8362652949245541,0.7474045062386981,1.6322299834186773,1.460771819556469,1.4781222570314678,1.3359515205306167,1.5348355580788022,1.3630285218120448,1.894,1.095,0.006132396660840968,0.0065226123711112595,1012.4088718985897
1459,Brighton,36,5,2022-12-31T17:30:00Z,1.5726,3.4397,True,3.0,0,0,150.0,265.0,0.2171086419753086,0.3406839506172839,0.688918558786394,1.6020131107673814,1.472111148889222,1.4781222570314678,1.3359515205306167,1.5112320787470965,1.3816807700690148,1.921,1.151,0.005085822294210494,0.01589410603925912,1020.6177734391517
1460,Brighton,36,5,2023-01-03T19:45:00Z,3.0989500000000003,1.15575,False,11.0,0,2,215.0,113.0,0.0344518518518518,0.9034952293857644,0.605225727074543,1.6020131107673814,1.472111148889222,1.5096730304486332,1.3709515205306166,1.5413314510912852,1.4166807700690147,1.758,1.3259999999999998,0.0029048293447799293,0.020424872814507503,1013.673702226894
1461,Brighton,36,5,2023-01-14T15:00:00Z,2.61895,0.5136,True,14.0,1,2,240.0,77.0,0.1741067215363511,0.4879764060356653,0.5358255457227509,1.6370131107673813,1.4689195984337537,1.5096730304486332,1.3709515205306166,1.5763314510912851,1.4217867475564017,1.839,1.21,0.0028103904219473727,0.025541091976260543,1021.0417961023966
1462,Brighton,36,5,2023-01-21T15:00:00Z,1.76285,1.64815,False,13.0,0,1,121.0,107.0,0.0412847736625514,0.967362956188928,0.4796866766135335,1.6370131107673813,1.4689195984337537,1.5446730304486331,1.3359515205306167,1.611331451091285,1.3867867475564017,1.887,1.211,0.0103447576126872,0.01381506048120042,1033.270578204762
1463,Brighton,36,5,2023-02-04T15:00:00Z,1.815,0.67,True,91.0,1,2,199.0,94.0,0.210971894528273,0.546203871361073,0.474530980006584,1.6390498324288847,1.4984505519833657,1.5446730304486331,1.3359515205306167,1.6129115596291614,1.4160019051100587,1.705,1.211,0.020733660708124615,0.008151166469703356,1031.803566090518
1464,Brighton,36,5,2023-02-11T15:00:00Z,1.675,0.945,False,31.0,0,1,190.0,73.0,0.1721103795153177,0.7723934103691662,0.4108674151438593,1.6390498324288847,1.4984505519833657,1.552654346622,1.3009515205306168,1.6209233620036174,1.3810019051100588,1.663,1.287,0.022805621197035227,-0.0011551691334756482,1037.9593227383482
1465,Brighton,36,5,2023-02-18T15:00:00Z,1.1,0.655,True,54.0,0,0,211.0,50.0,0.1729781401886568,0.4826030110586123,0.369079651116232,1.653507503897533,1.4744995818916649,1.552654346622,1.3009515205306168,1.6373698974998574,1.3646296692525786,1.7480000000000002,1.194,0.017587087809078118,-0.01009699639621578,1037.0417338537309
1466,Brighton,36,5,2023-03-04T15:00:00Z,3.78,0.19,True,21.0,1,2,243.0,51.0,0.1345385534800664,0.4309134530455873,0.3159508397570694,1.653507503897533,1.4744995818916649,1.5230180688085708,1.2659515205306169,1.606351096498755,1.3296296692525786,1.709,1.056,0.006749296246786361,-0.016064475040873848,1019.3765821125737
1467,Brighton,36,5,2023-03-11T15:00:00Z,1.3250000000000002,1.77,False,2.0,0,0,173.0,119.0,0.176085850734136,0.8563059858426848,0.3662302117785573,1.653507503897533,1.4744995818916649,1.5580180688085707,1.230951520530617,1.641351096498755,1.2946296692525787,1.711,0.981,0.004196096375496301,-0.02103640956997245,1027.260127197963
1468,Brighton,36,5,2023-03-15T19:30:00Z,0.8049999999999999,0.6,True,31.0,1,2,122.0,91.0,0.1357522082622738,0.508488241257679,0.3101839864777206,1.6318986375154103,1.5078849657766065,1.5580180688085707,1.230951520530617,1.6200571690280337,1.3296296692525786,1.884,1.1,0.00188549855653347,-0.020742225338852595,1000.9182208296015
1469,Brighton,36,5,2023-04-01T14:00:00Z,3.71,2.25,True,94.0,0,1,331.0,128.0,0.2366961619817685,0.4621575209781948,0.3768097672604493,1.6318986375154103,1.5078849657766065,1.5230180688085708,1.195951520530617,1.5850571690280337,1.2952356313900628,1.864,1.04,-0.005607690008382565,-0.016252324817142276,1010.8217746020289
1470,Brighton,36,5,2023-04-04T18:45:00Z,2.375,0.96,False,91.0,1,2,174.0,106.0,0.1525112172376613,0.8926824334331993,0.4737346091611001,1.6318986375154103,1.5078849657766065,1.5580180688085707,1.230951520530617,1.6200571690280337,1.3302356313900627,2.045,0.903,-0.004906838635485832,-0.006861494368575048,1010.8840131052372
1471,Brighton,36,5,2023-04-08T14:00:00Z,1.215,1.415,False,6.0,0,0,161.0,95.0,0.2075087245181811,0.7343085593369328,0.4240158071253,1.6668986375154102,1.4761067411491506,1.5580180688085707,1.230951520530617,1.6550571690280336,1.3096765487804645,2.004,0.8959999999999999,0.004132816578120816,-0.0007811929660181326,1021.0431779106613
1472,Brighton,36,5,2023-04-15T14:00:00Z,2.14,0.8,False,8.0,0,2,232.0,70.0,0.1947290079585852,0.6711288794842811,0.3297900722085667,1.643486185444099,1.4618650893237042,1.5580180688085707,1.230951520530617,1.6295332809905683,1.3030885968502486,1.925,0.914,0.0023117406416876016,0.0004981507592001919,1005.7342132183373
1473,Brighton,36,5,2023-04-26T18:30:00Z,1.7,2.74,False,17.0,0,0,175.0,136.0,0.2159003395233441,0.7642113507099965,0.5009478339399964,1.6784861854440989,1.4268650893237043,1.5580180688085707,1.230951520530617,1.6645332809905682,1.268283312844782,2.036,0.877,0.01116596844857932,-0.008678056236229276,1016.5310917400419
1474,Brighton,36,5,2023-04-29T14:00:00Z,4.640000000000001,0.35,True,39.0,1,2,250.0,75.0,0.2063192370969311,0.4927891829830404,0.2930742634247939,1.6832528622991545,1.4618650893237042,1.5580180688085707,1.230951520530617,1.6657007681057676,1.3032833128447818,2.012,0.919,0.01460349837825165,-0.004348757151213237,992.069710293895
1475,Brighton,36,5,2023-05-04T19:00:00Z,1.645,0.69,True,1.0,1,2,179.0,120.0,0.176026073297613,0.6499471423201426,0.2523910937748397,1.6832528622991545,1.4618650893237042,1.5930180688085707,1.195951520530617,1.7007007681057675,1.268283312844782,2.072,0.921,0.013432822646339186,-0.01039275955825482,1003.8539214694737
1476,Brighton,36,5,2023-05-08T16:30:00Z,2.245,3.64,True,11.0,0,0,234.0,158.0,0.1413536125648102,0.998847777360111,0.2074152951582086,1.6832528622991545,1.4618650893237042,1.6014999022121963,1.1609515205306171,1.7194007588338218,1.233283312844782,2.04,0.991,0.015325368499706813,-0.012896629476994643,1026.8506220681907
1477,Brighton,36,5,2023-05-14T15:30:00Z,2.395,0.42,False,3.0,1,2,138.0,114.0,0.225700264073712,0.7099421616633306,0.402959426397775,1.6832528622991545,1.4618650893237042,1.6364999022121962,1.195951520530617,1.7544007588338217,1.268283312844782,2.031,1.098,0.023541137792743663,-0.008972183429352373,1003.7062677316477
1478,Brighton,36,5,2023-05-18T18:30:00Z,0.745,3.58,False,4.0,0,0,51.0,265.0,0.3711002053906649,0.7588439035159238,0.6334128871982694,1.7182528622991544,1.4268650893237043,1.6364999022121962,1.195951520530617,1.7894007588338217,1.233283312844782,1.996,1.093,0.025975352917956687,-0.00899999999999998,1030.3375901727063
1479,Brighton,36,5,2023-05-21T13:00:00Z,2.77,0.825,True,20.0,0,2,236.0,49.0,0.109941698661519,0.921326049057864,0.1613230073452733,1.6832528622991545,1.4618650893237042,1.6364999022121962,1.195951520530617,1.7544007588338217,1.268283312844782,1.925,1.267,0.0212742835949838,-0.006999999999999984,1018.3959139126954
1480,Brighton,36,5,2023-05-24T19:00:00Z,1.76,1.39,True,43.0,0,1,225.0,133.0,0.0988435434034037,0.8432535937116721,0.3788067834907681,1.6832528622991545,1.4618650893237042,1.6714999022121961,1.1769179569605068,1.7894007588338217,1.246538537545736,1.83,1.188,0.016671427246864868,-0.001106396471292267,1022.9733117248312
1481,Brighton,36,5,2023-05-28T15:30:00Z,1.245,2.41,False,7.0,0,0,0.0,0.0,0.3086334930816283,0.9702119249568296,0.7170989122653206,1.6832528622991545,1.4618650893237042,1.706499902212196,1.156406035376088,1.8244007588338216,1.217186598620332,1.881,1.215,0.01699999999999996,-0.0031633684862682047,1025.0270706528431
1482,Brighton,36,5,2023-08-12T14:00:00Z,4.0600000000000005,1.225,True,102.0,0,2,271.0,9.0,0.0813227559804251,0.7158639062201895,0.5546274982705974,1.6689238072636408,1.496865089323704,1.706499902212196,1.156406035376088,1.8064411415078259,1.252186598620332,1.72,1.12,0.011434340382000582,-0.004300528259847005,1010.4109672940745
1483,Brighton,36,5,2023-08-19T14:00:00Z,3.135,1.53,False,39.0,0,2,200.0,199.0,0.3422704946190442,0.9768314971886451,0.7577435984285826,1.6689238072636408,1.496865089323704,1.741499902212196,1.1609084280198527,1.8414411415078258,1.2519957436651288,1.759,1.0590000000000002,0.01289494461120094,0.00045485921437086346,1021.485755017343
1484,Brighton,36,5,2023-08-26T16:30:00Z,1.28,3.165,True,21.0,0,0,279.0,183.0,0.0699176990958862,1.1278941492823695,0.5935991653215758,1.7039238072636407,1.5234977479608411,1.741499902212196,1.1609084280198527,1.8764411415078257,1.2869957436651287,1.784,1.122,0.021381812687601042,0.004140964927426057,1030.4503678168985
1485,Brighton,36,5,2023-09-02T16:30:00Z,2.25,1.15,True,4.0,0,2,155.0,93.0,0.0588248770745781,0.9594732272196208,0.6683549063612255,1.7039238072636407,1.5234977479608411,1.7145954575188802,1.1959084280198526,1.8474590824157193,1.3219957436651286,1.813,1.23,0.013754650455185731,0.016757788879318555,1009.890466608187
1486,Brighton,36,5,2023-09-16T14:00:00Z,2.45,0.98,False,1.0,0,2,160.0,105.0,0.2995437180370344,0.9330911644800574,0.5960227987777865,1.7039238072636407,1.5234977479608411,1.7495954575188801,1.173774728828789,1.8824590824157192,1.2946190694584137,1.789,1.203,0.012809869732376246,0.018045422552137078,1029.4087859900735
1487,Brighton,36,5,2023-09-24T13:00:00Z,1.94,1.185,True,91.0,0,2,139.0,113.0,0.0613082377246719,0.8840347322819272,0.6731649271698421,1.7389238072636406,1.4884977479608412,1.7495954575188801,1.173774728828789,1.9174590824157192,1.2653332325586935,1.715,1.15,0.018547470519172583,0.006531518487761767,1044.9590062846114
1488,Brighton,36,5,2023-09-30T11:30:00Z,1.35,3.79,False,7.0,0,0,116.0,214.0,0.2507562251399156,0.885737572373378,0.6435732879382784,1.7389238072636406,1.4884977479608412,1.7596721851346813,1.175192401455475,1.9213267427951815,1.2646064401052206,1.716,1.149,0.015928052261727388,-0.0008374492950160446,1050.538019394147
1489,Brighton,36,5,2023-10-08T13:00:00Z,2.155,2.245,True,14.0,0,1,122.0,146.0,0.047684184896967,1.2142492362192767,0.5480171655765439,1.7317148591388687,1.5234977479608411,1.7596721851346813,1.175192401455475,1.9083962703948807,1.2996064401052205,1.781,1.098,0.011896532159247464,-0.003954293296542431,1036.9707349256378
1490,Brighton,36,5,2023-10-21T14:00:00Z,0.91,1.375,False,43.0,0,0,66.0,114.0,0.2016992862199343,0.7200181118459607,0.6294458906186611,1.7317148591388687,1.5234977479608411,1.7946721851346812,1.210192401455475,1.9433962703948806,1.3346064401052204,1.6669999999999998,1.195,0.016039004691792945,0.0022082514767830554,1037.187165258595
1491,Brighton,36,5,2023-10-29T14:00:00Z,1.16,0.855,True,54.0,0,1,169.0,100.0,0.0393099215865299,1.0755271837261042,0.4529022398928675,1.7091209706518407,1.4884977479608412,1.7946721851346812,1.210192401455475,1.91600626436565,1.3057569629146017,1.508,1.176,0.00664620003676677,0.008528831140586326,1028.0932003776848
1492,Brighton,36,5,2023-11-04T15:00:00Z,0.275,0.855,False,11.0,0,0,94.0,115.0,0.2390994448377267,0.6222363092135249,0.5029023593700698,1.7091209706518407,1.4884977479608412,1.7604053412649987,1.1852867643120895,1.88100626436565,1.2798036255912597,1.6769999999999998,1.276,-0.00466358644396973,0.0065943866740278455,1027.4724994410997
1493,Brighton,36,5,2023-11-12T14:00:00Z,1.265,1.3199999999999998,True,49.0,0,1,143.0,69.0,0.1061299390117454,1.0520766984536367,0.3522572976944525,1.6741209706518407,1.4654433646736613,1.7604053412649987,1.1852867643120895,1.84600626436565,1.267080091586631,1.5,1.382,-0.013890354750416563,-0.002168276095012844,1004.3448238442061
1494,Brighton,36,5,2023-11-25T15:00:00Z,2.24,2.275,False,17.0,0,2,133.0,217.0,0.2104106793182318,0.868406018277186,0.4600351683989431,1.6741209706518407,1.4654433646736613,1.7254053412649988,1.155271261520594,1.8110062643656502,1.2325163880708507,1.443,1.252,-0.023260572806681264,-0.01611378980145599,1002.2634537949785
1495,Brighton,36,5,2023-12-03T14:00:00Z,1.525,2.465,False,8.0,0,0,259.0,143.0,0.2192083061364025,0.9865380142155892,0.420027353199178,1.7091209706518407,1.5004433646736612,1.7254053412649988,1.155271261520594,1.8449750544234629,1.2675163880708507,1.297,1.286,-0.02406017371020251,-0.01622558624879231,1014.0378361307351
1496,Brighton,36,5,2023-12-06T19:30:00Z,1.755,1.165,True,94.0,0,2,204.0,63.0,0.1225455081202464,1.0071707654639397,0.340644564873463,1.7158047914100025,1.5354433646736612,1.7254053412649988,1.155271261520594,1.8488830406202212,1.3025163880708506,1.401,1.336,-0.013677421387248704,-0.002503665437021807,995.6565029997171
1497,Brighton,36,5,2023-12-09T15:00:00Z,1.865,0.97,True,90.0,0,1,369.0,88.0,0.0953131729824139,0.8233550398052865,0.4316124393460268,1.7158047914100025,1.5354433646736612,1.7437913699618317,1.1445446332880194,1.8670399347772408,1.2816886916572479,1.445,1.294,-0.0007780722605862727,0.00430669199378856,1010.12941826869
1498,Brighton,36,5,2023-12-17T14:00:00Z,0.35,2.13,False,3.0,0,0,52.0,299.0,0.1949397936616464,1.1450851221676803,0.4244657191549162,1.7158047914100025,1.5354433646736612,1.7482956077661005,1.1370750336437465,1.8637889125065241,1.2671412800903905,1.675,1.269,0.007454921089597162,0.005223510093656835,1008.0113285541206
1499,Brighton,36,5,2023-12-21T20:00:00Z,1.075,1.1800000000000002,False,31.0,0,1,161.0,142.0,0.1516198395146138,1.1461773172415293,0.3768066704538237,1.6808047914100026,1.5491083213627452,1.7482956077661005,1.1370750336437465,1.8287889125065242,1.2970017271277816,1.611,1.354,0.004671763117444959,0.00858496214084775,999.7638704851248
1500,Brighton,36,5,2023-12-28T19:30:00Z,3.88,2.24,True,6.0,0,2,215.0,217.0,0.3252435789863219,0.8492761420707784,0.4290318972691319,1.6567716897151372,1.5442247462984429,1.7482956077661005,1.1370750336437465,1.8044093050844001,1.3040626666799369,1.65,1.35,-0.0076103472373463335,0.004332571389981909,999.0643373753009
1501,Brighton,36,5,2024-01-02T19:30:00Z,1.245,0.34,False,21.0,1,1,219.0,67.0,0.1601487640669219,1.0025823578545228,0.2930718547974185,1.6567716897151372,1.5442247462984429,1.7832956077661004,1.1720750336437464,1.8394093050844,1.3390626666799368,1.7990000000000002,1.453,-0.007721730478789375,0.007991821861453977,1016.0385223629734
1502,Brighton,36,5,2024-01-22T19:45:00Z,0.625,0.69,True,39.0,1,1,168.0,66.0,0.2707450058782503,0.7427703327217166,0.5425803645426581,1.6346441241539276,1.509224746298443,1.7832956077661004,1.1720750336437464,1.8108907845685305,1.3040626666799369,1.849,1.42,-0.01080754802091566,0.009562713555263976,1016.0380033582643
1503,Brighton,36,5,2024-01-30T19:45:00Z,0.4499999999999999,3.4450000000000003,False,102.0,0,0,90.0,244.0,0.1290045942742726,0.8486751672201844,0.7968336648424366,1.6346441241539276,1.509224746298443,1.7482956077661005,1.1486907076505137,1.7758907845685306,1.2721488076628995,1.923,1.371,-0.0130910006715414,0.0023205844719717335,1015.8588361630635
1504,Brighton,36,5,2024-02-03T15:00:00Z,2.775,0.66,True,31.0,0,2,157.0,74.0,0.2105794490164169,0.6377102587835572,0.4331180613109563,1.5996441241539276,1.5442247462984429,1.7482956077661005,1.1486907076505137,1.7408907845685306,1.3071488076628994,1.87,1.546,-0.015816134907241316,-0.0022858906964435123,987.6617900598014
1505,Brighton,36,5,2024-02-10T15:00:00Z,1.1,1.8,False,6.0,0,0,100.0,181.0,0.1003369066577675,1.000080685615699,0.6353150726552285,1.5996441241539276,1.5442247462984429,1.7832956077661004,1.1212572530995382,1.7758907845685306,1.2755140848995574,1.894,1.403,-0.013518518975055885,-0.00772566699914419,997.5623495197167
1506,Brighton,36,5,2024-02-18T14:00:00Z,3.52,0.29,False,49.0,1,2,318.0,57.0,0.1691509274004858,0.8178405332566548,0.494133945398511,1.5687802913354854,1.5521454484006416,1.7832956077661004,1.1212572530995382,1.7408907845685306,1.2896307120021817,1.735,1.4409999999999998,-0.018074074359409907,-0.008508729106568965,985.9775392814848
1507,Brighton,36,5,2024-02-24T15:00:00Z,1.12,0.7,True,11.0,0,1,208.0,69.0,0.1837840159016576,0.518219090164989,0.3546473810196327,1.6037802913354853,1.5171454484006417,1.7832956077661004,1.1212572530995382,1.7758907845685306,1.2546307120021818,1.849,1.435,-0.006999999999999984,-0.006467108089550593,992.0250717159718
1508,Brighton,36,5,2024-03-02T15:00:00Z,0.585,2.12,False,54.0,0,0,161.0,113.0,0.1382284990892668,0.8805426369773982,0.4087708464210641,1.6037802913354853,1.5171454484006417,1.7486175621090738,1.097287672829151,1.7479092923662556,1.2236642114582232,1.6880000000000002,1.416,-0.001997356028896429,-0.011024589740083142,991.921964434417
1509,Brighton,36,5,2024-03-10T14:00:00Z,0.23,0.34,True,17.0,1,1,88.0,86.0,0.1607209012568448,0.4186148479061025,0.3958368519041588,1.5687802913354854,1.5521454484006416,1.7486175621090738,1.097287672829151,1.7129092923662557,1.2586642114582232,1.797,1.23,-0.005395769646234281,-0.012370645752782393,977.1321010416619
1510,Brighton,36,5,2024-03-31T13:00:00Z,0.72,2.395,False,14.0,0,0,87.0,324.0,0.1275110548472075,1.231533162093532,0.3734884361052721,1.5687802913354854,1.5521454484006416,1.713617562109074,1.0645151843755938,1.6779092923662557,1.2236642114582232,1.724,1.1740000000000002,-0.01719524085201354,-0.010946153410928718,976.7151095856226
1511,Brighton,36,5,2024-04-03T18:30:00Z,0.5549999999999999,0.25,False,94.0,1,1,157.0,68.0,0.1036197093256058,0.9623035705171916,0.3949354503041006,1.535368451837868,1.5835428389255006,1.713617562109074,1.0645151843755938,1.6429092923662558,1.2586642114582232,1.596,1.281,-0.02339576964623424,-0.006078057267190528,970.991558889236
1512,Brighton,36,5,2024-04-06T16:30:00Z,0.2699999999999999,3.115,True,3.0,0,0,73.0,263.0,0.2783384787553237,0.7833671039269687,0.4145397737032346,1.5003684518378682,1.5485428389255007,1.713617562109074,1.0645151843755938,1.607909292366256,1.2236642114582232,1.534,1.2819999999999998,-0.03399735602889636,-0.0024237857919940835,970.4418266555522
1513,Brighton,36,5,2024-04-13T14:00:00Z,0.455,1.35,False,90.0,0,0,186.0,117.0,0.0872597739199156,0.9484583326244822,0.4805053502365227,1.5003684518378682,1.5485428389255007,1.6814658117413792,1.0995151843755937,1.5797042359816784,1.2586642114582232,1.439,1.479,-0.03402929376922528,0.002999999999999993,964.971441257322
1514,Brighton,36,5,2024-04-25T19:00:00Z,0.25,2.65,True,43.0,0,0,79.0,138.0,0.3098188168096962,0.7159521919431979,0.4113087128802936,1.4653684518378682,1.5517551673452026,1.6814658117413792,1.0995151843755937,1.5447042359816785,1.277392386765039,1.535,1.352,-0.03344687003076051,0.004675453615259397,939.933107677538
1515,Brighton,36,5,2024-04-28T13:00:00Z,0.505,2.63,False,91.0,0,0,111.0,163.0,0.2034242686043788,0.886578703152375,0.5937263835172955,1.4653684518378682,1.5517551673452026,1.6464658117413793,1.1345151843755936,1.5124101415498985,1.3123923867650389,1.457,1.416,-0.03286617084628845,0.015280725784415018,936.4793597403248
1516,Brighton,36,5,2024-05-05T13:00:00Z,1.84,0.03,True,7.0,1,2,198.0,36.0,0.2454146352964304,0.5657405937335983,0.3199067766846727,1.4303684518378683,1.5867551673452025,1.6464658117413793,1.1345151843755936,1.4774101415498986,1.3473923867650388,1.4680000000000002,1.398,-0.032828377329453096,0.020815816507466885,923.3380308924951
1517,Brighton,36,5,2024-05-11T14:00:00Z,1.155,1.635,False,4.0,0,1,129.0,221.0,0.2248855422478502,1.0828945468962916,0.5062316316245631,1.4303684518378683,1.5867551673452025,1.6703452927279552,1.0995151843755937,1.5090989695444148,1.3123923867650389,1.348,1.3769999999999998,-0.02380651405246643,0.021280725784415006,947.6562160546571
1518,Brighton,36,5,2024-05-15T18:45:00Z,1.12,1.74,True,8.0,0,0,138.0,130.0,0.2042113830083347,0.5489093506816876,0.4577052707547455,1.430167809750462,1.5704631077464277,1.6703452927279552,1.0995151843755937,1.4976656938215813,1.3115712786291729,1.269,1.529,-0.015771671717493614,0.01155815245299281,948.304765782987
1519,Brighton,36,5,2024-05-19T15:00:00Z,0.785,1.6,True,1.0,0,0,141.0,107.0,0.276608853450927,0.5402628283079792,0.3893263216981353,1.430167809750462,1.5704631077464277,1.6386710347982985,1.130744786951162,1.4788113888418999,1.326242192150746,1.246,1.546,-0.009771678596837953,0.005908162929169621,939.8006988808039
1520,Brighton,36,5,2024-08-17T14:00:00Z,2.22,0.225,False,11.0,1,2,160.0,68.0,0.1793554217483279,0.940029092030449,0.3937357134857713,1.430167809750462,1.5704631077464277,1.6036710347982985,1.1623988925278743,1.4438113888419,1.339393432244027,1.2990000000000002,1.567,-0.010006379925337778,0.002020958154748463,930.6199905705093
1521,Brighton,36,5,2024-08-24T11:30:00Z,2.05,1.215,True,1.0,0,2,184.0,113.0,0.2284735526840544,0.7246488664617616,0.3028093613207719,1.465167809750462,1.5354631077464278,1.6036710347982985,1.1623988925278743,1.4788113888418999,1.3043934322440272,1.372,1.311,-0.0059345945893491256,-0.003409163504186306,948.1731885748851
1522,Brighton,36,5,2024-08-31T11:30:00Z,1.47,1.54,False,3.0,0,1,164.0,188.0,0.1750542169153662,0.9955781826903491,0.4773499993778221,1.465167809750462,1.5354631077464278,1.6362028589148814,1.1652372107142168,1.5138113888418998,1.2907084113278426,1.399,1.356,-0.0019428805271891202,-0.0033372050356610646,970.7345077016286
1523,Brighton,36,5,2024-09-14T14:00:00Z,0.885,0.175,True,40.0,1,1,205.0,35.0,0.1954794298653756,0.5791713405813702,0.2821850588050448,1.5001678097504618,1.5004631077464279,1.6362028589148814,1.1652372107142168,1.5488113888418997,1.2711122492797498,1.49,1.281,0.011306527860045478,-0.009825613977595012,973.557372117364
1524,Brighton,36,5,2024-09-22T13:00:00Z,1.475,1.765,True,17.0,0,1,126.0,78.0,0.1520395565619588,0.614911042674399,0.3950328235150349,1.5001678097504618,1.5004631077464279,1.6012028589148815,1.130237210714217,1.5138113888418998,1.2361122492797498,1.509,1.199,0.014999999999999966,-0.019119379547542767,973.5337976367359
1525,Brighton,36,5,2024-09-28T14:00:00Z,1.55,4.08,False,8.0,0,0,135.0,160.0,0.1361532798230626,1.3943385865369382,0.6757166661827505,1.5001678097504618,1.5004631077464279,1.5915771771811889,1.1652372107142168,1.5128505366395175,1.2711122492797498,1.556,1.139,0.01386273539965964,-0.016167017878923183,973.516197816647
1526,Brighton,36,5,2024-10-06T15:30:00Z,2.41,1.685,True,6.0,0,2,137.0,130.0,0.1849196551037457,0.7182641443023103,0.3072477516228049,1.5189743398865438,1.5354631077464278,1.5915771771811889,1.1652372107142168,1.5275140152529656,1.3061122492797497,1.58,1.136,0.005875159298519478,-0.0024341257418761713,965.7410203087363
1527,Brighton,36,5,2024-10-19T14:00:00Z,1.06,1.01,False,4.0,1,2,95.0,209.0,0.1147858843068264,1.3467077895287296,0.7055574070310282,1.5189743398865438,1.5354631077464278,1.6265771771811888,1.1826554739682145,1.5625140152529655,1.311703055423096,1.519,1.23,0.005104575973889824,0.006999234870750464,982.6950924891447
1528,Brighton,36,5,2024-10-26T14:00:00Z,1.66,1.6800000000000002,True,39.0,0,1,183.0,205.0,0.2882708428584689,0.6164276677906859,0.341192695706626,1.511479514190493,1.5004631077464279,1.6265771771811888,1.1826554739682145,1.5430323296296924,1.276703055423096,1.485,1.218,0.0037678874795888146,0.008277898547050563,999.3095481874108
1529,Brighton,36,5,2024-11-02T15:00:00Z,1.01,1.825,False,14.0,0,0,122.0,217.0,0.2492779100164205,1.2185505029667896,0.586544649913022,1.511479514190493,1.5004631077464279,1.621636503740753,1.2176554739682144,1.5461861083875834,1.311703055423096,1.53,1.293,0.00821197076282693,0.011437635865431879,997.7593382003538
1530,Brighton,36,5,2024-11-09T17:30:00Z,2.145,1.61,True,43.0,0,2,112.0,202.0,0.235321766667698,0.6527770749483113,0.5720387633273758,1.5143540871965298,1.4788151593153014,1.621636503740753,1.2176554739682144,1.5468706038918367,1.299982120313716,1.511,1.403,0.005903855144062182,0.003603479245710587,989.4902314067456
1531,Brighton,36,5,2024-11-23T15:00:00Z,1.475,1.315,False,91.0,0,2,101.0,185.0,0.2472161522349937,1.0922059467519474,0.6184236165990171,1.5143540871965298,1.4788151593153014,1.6566365037407529,1.1974067570943725,1.5818706038918366,1.272320496607168,1.463,1.537,0.006514471081967426,-0.004832044819744238,1019.7145929198314
1532,Brighton,36,5,2024-11-29T20:00:00Z,1.35,1.005,True,20.0,0,1,186.0,92.0,0.1874724851859874,0.5543821694042421,0.6160301492546256,1.5161419303713322,1.4724746874868029,1.6566365037407529,1.1974067570943725,1.574041059697584,1.2748472775986268,1.38,1.609,0.004995272586107959,-0.005975642876557423,1030.9968533456154
1533,Brighton,36,5,2024-12-05T19:30:00Z,1.165,1.83,False,54.0,0,0,101.0,77.0,0.1922792295161062,0.9517157363626256,0.5254405906881244,1.5161419303713322,1.4724746874868029,1.630208164408309,1.1955836820831915,1.5515504190469822,1.2690293144938127,1.402,1.513,0.004604437171898595,-0.005045647480753487,1026.8195455566324
1534,Brighton,36,5,2024-12-08T14:00:00Z,1.77,1.655,False,13.0,0,1,130.0,100.0,0.1762171785125271,0.9002233505042645,0.515342681646319,1.4961008313515771,1.4679306332503392,1.630208164408309,1.1955836820831915,1.5329233174874424,1.2731317177362582,1.298,1.555,-0.0017172586637006113,-0.008091094997212566,1008.1372774154574
1535,Brighton,36,5,2024-12-15T14:00:00Z,0.5,2.655,True,31.0,0,0,156.0,173.0,0.2791452662557679,0.7022972428699661,0.5902456716424866,1.5072496140789522,1.4933161060202773,1.630208164408309,1.1955836820831915,1.5394969686041966,1.3055374024845325,1.3019999999999998,1.577,-0.005891447894342435,0.0006969174610439729,1007.0231275103141
1536,Brighton,36,5,2024-12-21T15:00:00Z,0.975,1.155,False,21.0,0,1,203.0,141.0,0.1370578055097433,0.9890626059477612,0.4052665301693592,1.5072496140789522,1.4933161060202773,1.5952081644083091,1.2305836820831915,1.5044969686041967,1.3405374024845325,1.3230000000000002,1.59,-0.01454650146508291,0.01249306592248529,989.4397010997823
1537,Brighton,36,5,2024-12-27T19:30:00Z,0.675,0.465,True,94.0,1,1,200.0,107.0,0.2437796515322639,0.6551200777877515,0.5279688557219341,1.4722496140789523,1.4750564284291778,1.5952081644083091,1.2305836820831915,1.4694969686041968,1.3305897684656867,1.389,1.601,-0.018780204447958245,0.015018354373020936,989.3445239899773
1538,Brighton,36,5,2024-12-30T19:45:00Z,1.56,1.89,False,7.0,0,1,115.0,192.0,0.1177116265075781,0.9159375824038144,0.5529850790206128,1.4722496140789523,1.4750564284291778,1.5602081644083092,1.1955836820831915,1.4344969686041968,1.2955897684656867,1.494,1.499,-0.023158465681818962,0.009719326344218723,989.0926379870104
1539,Brighton,36,5,2025-01-04T17:30:00Z,1.26,0.94,True,3.0,0,1,117.0,98.0,0.1896063956362053,0.6006489493904734,0.5128646655615043,1.4898574844351056,1.4925221511256048,1.5602081644083092,1.1955836820831915,1.4453443615726334,1.3266839041533978,1.426,1.486,-0.022511279416401266,0.006513439886008988,989.1163655783539
1540,Brighton,36,5,2025-01-16T19:30:00Z,1.485,0.145,False,40.0,1,2,0.0,0.0,0.0915534872836718,0.772395897425189,0.4345439503493655,1.4898574844351056,1.4925221511256048,1.583546832094547,1.1605836820831916,1.4722827639438616,1.2916839041533978,1.421,1.367,-0.015672252697039,-0.004166513904259357,990.9491450730906
1541,Brighton,36,5,2025-01-19T14:00:00Z,2.46,1.24,False,1.0,0,2,119.0,96.0,0.1045416012206336,0.8451968091084804,0.3890897391606176,1.4782546385439426,1.457522151125605,1.583546832094547,1.1605836820831916,1.4618567677898298,1.256683904153398,1.3090000000000002,1.165,-0.005542749288125817,-0.01442545568299509,999.8481732068789
1542,Brighton,36,5,2025-01-25T15:00:00Z,0.365,0.925,True,11.0,0,0,106.0,32.0,0.1474716410503819,0.4716158495259237,0.5833391843256145,1.5132546385439425,1.437050952995308,1.583546832094547,1.1605836820831916,1.4968567677898297,1.249345491183519,1.327,1.0759999999999998,0.007023337024465473,-0.01594111369564872,1011.6015049794171
1543,Brighton,36,5,2025-02-01T12:30:00Z,0.44,5.205,False,17.0,0,0,129.0,242.0,0.1724212453938262,0.7640419626399292,0.8626253526804804,1.5132546385439425,1.4212668636411103,1.548546832094547,1.1605836820831916,1.4618567677898298,1.2481433989920958,1.247,1.016,0.008026006240734906,-0.014407059607931177,989.6959584131693
1544,Brighton,36,5,2025-02-14T20:00:00Z,2.215,0.27,True,8.0,1,2,141.0,68.0,0.1458112763725192,0.4579234385201629,0.4537082544754779,1.4782546385439426,1.4562668636411102,1.548546832094547,1.1605836820831916,1.4268567677898298,1.2831433989920957,1.275,1.181,-0.0025347416393175187,-0.010161784407437008,977.9835292853318
1545,Brighton,36,5,2025-02-22T15:00:00Z,3.99,0.065,False,20.0,1,2,282.0,34.0,0.1407720797507537,0.6053659709421672,0.682041940973707,1.4782546385439426,1.4562668636411102,1.583546832094547,1.1255836820831917,1.4618567677898298,1.2481433989920958,1.286,1.149,-0.005489428022004539,-0.003986460956623996,997.8029001884465
1546,Brighton,36,5,2025-02-25T19:30:00Z,2.21,1.23,True,91.0,0,2,121.0,195.0,0.1534087705119594,0.6272737855156822,0.3528841979253717,1.5132546385439425,1.4212668636411103,1.583546832094547,1.1255836820831917,1.4968567677898297,1.213143398992096,1.412,1.01,0.0009999999999999976,-0.005323108639450843,1001.9361683461377
1547,Brighton,36,5,2025-03-08T15:00:00Z,1.77,0.95,True,54.0,0,2,137.0,73.0,0.1393179326204129,0.5389907220677528,0.403354376164178,1.5132546385439425,1.4212668636411103,1.6185468320945469,1.1221762257980346,1.5318567677898296,1.2045606164546425,1.33,1.064,0.00899999999999998,-0.010397839246982331,1017.1407434924754
1548,Brighton,36,5,2025-03-15T15:00:00Z,1.515,1.86,False,43.0,0,0,115.0,127.0,0.1383782842505862,0.59528464406613,0.7638103985351055,1.5132546385439425,1.4212668636411103,1.6374895846805477,1.098951014888214,1.5608541254983355,1.1787459617596765,1.267,1.03,0.02414247967264365,-0.017649586679270177,1032.0449665591568
1549,Brighton,36,5,2025-04-02T18:45:00Z,0.4499999999999999,2.125,True,7.0,0,0,127.0,109.0,0.1305806142603211,0.6747705616082522,0.3137200703499162,1.5395473935640727,1.419554664924271,1.6374895846805477,1.098951014888214,1.583212392912655,1.1939284439769824,1.267,0.965,0.0318220056782755,-0.018938567694579373,1018.4340433309578
1550,Brighton,36,5,2025-04-05T14:00:00Z,1.005,1.3,False,31.0,0,0,153.0,83.0,0.1942942210837893,0.4874436120514344,0.6162969766384154,1.5395473935640727,1.419554664924271,1.6024895846805478,1.133951014888214,1.548212392912655,1.2289284439769823,1.277,0.976,0.020566924534031653,-0.005129551280453544,1003.7658105254741
1551,Brighton,36,5,2025-04-12T14:00:00Z,2.955,1.75,True,13.0,0,1,231.0,174.0,0.2260071444246942,0.6337104368064185,0.3484489436054904,1.5176810768657119,1.4194302730555546,1.6024895846805478,1.133951014888214,1.5291036361809272,1.2366506917143956,1.43,1.0590000000000002,0.006647413849665229,0.005880640811309247,989.2940139296558
1552,Brighton,36,5,2025-04-19T14:00:00Z,1.71,3.085,False,94.0,0,0,128.0,247.0,0.2088955052873917,0.6880116982622267,0.6126754262743231,1.5176810768657119,1.4194302730555546,1.6374895846805477,1.1689510148882138,1.564103636180927,1.2716506917143955,1.5419999999999998,1.137,0.0008852249715217856,0.015547559033226343,986.6114242999026
1553,Brighton,36,5,2025-04-26T14:00:00Z,2.15,1.635,True,21.0,0,2,239.0,156.0,0.2180055567747621,0.732885895293881,0.2710158450264925,1.5339572265105084,1.4544302730555545,1.6374895846805477,1.1689510148882138,1.5851233346268365,1.3066506917143954,1.564,1.352,0.0012831719633026825,0.025154646877807062,969.7102997417064
1554,Brighton,36,5,2025-05-04T13:00:00Z,0.845,1.435,True,4.0,0,1,72.0,149.0,0.2362265441581483,0.7055779185619074,0.4196789905761608,1.5339572265105084,1.4544302730555545,1.6724895846805476,1.2039510148882138,1.6201233346268364,1.3385457852677016,1.6740000000000002,1.266,0.009436786677527204,0.028321527133309585,982.4652256013283
1555,Brighton,36,5,2025-05-10T14:00:00Z,1.785,0.455,False,39.0,1,2,67.0,102.0,0.166918726334638,0.7106757653150653,0.5009697759911402,1.5339572265105084,1.4544302730555545,1.6374895846805477,1.2015580405296282,1.5859935248831485,1.3207098596721516,1.605,1.347,0.01379955581817442,0.02284549597530756,982.8934821885039
1556,Brighton,36,5,2025-05-19T19:00:00Z,2.62,2.12,True,14.0,0,2,303.0,204.0,0.2081762010118931,1.0021161588814835,0.3464169926703473,1.5539053205895115,1.4194302730555546,1.6374895846805477,1.2015580405296282,1.6023585458160439,1.2857098596721517,1.39,1.415,0.01334126326520708,0.012124812491867289,996.7927476794371
1557,Brighton,36,5,2025-05-25T15:00:00Z,3.14,1.475,False,6.0,0,2,290.0,57.0,0.1298256760380517,0.8105255952450507,0.5651987146597758,1.5539053205895115,1.4194302730555546,1.6724895846805476,1.2343415678484924,1.6373585458160438,1.3076933644913806,1.5719999999999998,1.4240000000000002,0.010967153485700504,0.0028444269189326996,1022.6010052741159
1558,Man City,43,13,2022-08-07T15:30:00Z,2.0,0.0,False,21.0,1,2,162.0,77.0,0.0,0.0,0.0,2.2090205792258426,0.9955078320802004,2.2090205792258426,0.9955078320802004,2.2090205792258426,0.9955078320802004,1.5,1.5,,,1000.0
1559,Man City,43,13,2022-08-13T14:00:00Z,3.0,0.0,True,91.0,1,2,242.0,34.0,0.0,0.0,0.0,2.2021028710387083,0.9605078320802004,2.2090205792258426,0.9955078320802004,2.2021028710387083,0.9605078320802004,1.62,0.77,-0.0069177081871343304,-0.03500000000000003,1032.0768282113263
1560,Man City,43,13,2022-08-21T15:30:00Z,3.0,3.0,False,4.0,0,1,319.0,193.0,0.2222222222222222,0.2222222222222222,0.2222222222222222,2.2021028710387083,0.9605078320802004,2.241278768504595,0.9605078320802004,2.2354350280186304,0.9255078320802004,2.02,0.555,0.01320722439639388,-0.03500000000000003,1069.5768282113263
1561,Man City,43,13,2022-08-27T14:00:00Z,4.0,2.0,True,31.0,0,2,249.0,28.0,0.2222222222222222,0.0,0.0,2.2371028710387084,0.9955078320802004,2.241278768504595,0.9605078320802004,2.2704350280186305,0.9605078320802004,2.41,1.0133333333333332,0.02175755033582858,-0.014000000000000012,1069.3534712676565
1562,Man City,43,13,2022-08-31T18:30:00Z,6.0,0.0,True,17.0,1,2,262.0,63.0,0.1728395061728395,0.0,0.0,2.2371028710387084,0.9955078320802004,2.276278768504595,0.9578980911591478,2.3054350280186306,0.9578980911591478,2.43,0.83,0.026116105456549833,-0.007521948184210526,1087.0483552916216
1563,Man City,43,13,2022-09-03T16:30:00Z,1.0,1.0,False,7.0,0,1,203.0,58.0,0.1728395061728395,0.3950617283950617,0.1728395061728395,2.2371028710387084,0.9955078320802004,2.301771073728318,0.9237147255670694,2.3294097291754636,0.9245896558524835,2.468,0.79,0.027055492019653495,-0.00935486011147835,1098.7345230299745
1564,Man City,43,13,2022-09-17T11:30:00Z,3.0,0.0,False,39.0,1,2,193.0,57.0,0.1344307270233196,0.3072702331961591,0.1344307270233196,2.2021028710387083,0.9855509146825396,2.301771073728318,0.9237147255670694,2.2944097291754635,0.91944187814259,2.395,0.755,0.02224166840440788,-0.006019829694064427,1094.1759844543178
1565,Man City,43,13,2022-10-02T13:00:00Z,6.0,3.0,True,1.0,0,2,366.0,173.0,0.1344307270233196,0.2222222222222222,0.4444444444444444,2.2317035242956282,0.9516861765626565,2.301771073728318,0.9237147255670694,2.320259953515614,0.8905903349337116,2.3285714285714287,0.7285714285714286,0.014857812346064302,-0.009459822367198258,1101.7388148140826
1566,Man City,43,13,2022-10-08T14:00:00Z,4.0,0.0,True,20.0,1,2,313.0,25.0,0.1045572321292486,0.1728395061728395,0.345679012345679,2.2317035242956282,0.9516861765626565,2.333568888922648,0.9587147255670694,2.351935672536039,0.9255903349337117,2.495,0.85375,0.011913657116514072,-0.010904529489104161,1112.9222034884099
1567,Man City,43,13,2022-10-16T15:30:00Z,0.0,1.0,False,14.0,0,0,250.0,121.0,0.1045572321292486,0.4612101813747904,0.1045572321292486,2.2317035242956282,0.9516861765626565,2.3497858055581844,0.9283268693394557,2.36724288451787,0.8966225884159321,2.565555555555556,0.7866666666666667,0.011499066769087829,-0.00949220056232207,1116.706216677483
1568,Man City,43,13,2022-10-22T14:00:00Z,3.0,1.0,True,36.0,0,2,166.0,105.0,0.0813222916560822,0.3566529492455418,0.2688614540466392,2.196703524295628,0.9166861765626565,2.3497858055581844,0.9283268693394557,2.33224288451787,0.8616225884159321,2.559,0.8290000000000001,0.007552598907419331,-0.0099512344675066,1089.79564624311
1569,Man City,43,13,2022-10-29T11:30:00Z,1.0,0.0,False,13.0,1,2,149.0,123.0,0.0813222916560822,0.3587190299581703,0.0813222916560822,2.196703524295628,0.9166861765626565,2.3803468753405777,0.9191033287373868,2.3657266541381854,0.8578268238071113,2.563,0.857,0.01165258942292024,-0.012112750221386057,1098.552193497416
1570,Man City,43,13,2022-11-05T15:00:00Z,2.0,1.0,True,54.0,0,2,228.0,56.0,0.0632506712880639,0.4996189605243102,0.2091144642584972,2.161703524295628,0.88520855776506,2.3803468753405777,0.9191033287373868,2.3307266541381852,0.8287360549689894,2.47,0.946,0.0016773270834084262,-0.015644626662954644,1103.2579675264544
1571,Man City,43,13,2022-11-12T12:30:00Z,1.3039,1.6431,True,94.0,0,0,403.0,217.0,0.049194966557383,0.424370302630019,0.4126890277566089,2.161703524295628,0.88520855776506,2.3643718477583118,0.9189511582218931,2.317424320209298,0.8327650179256639,2.379,0.809,-0.007103476661498386,-0.019188055713996795,1110.6572628047256
1572,Man City,43,13,2022-12-28T20:00:00Z,3.6353,0.7928,False,2.0,0,2,296.0,105.0,0.0926728935102861,0.2991370233007991,0.1438506712880639,2.161703524295628,0.88520855776506,2.3293718477583116,0.9539511582218931,2.282424320209298,0.867765017925664,2.533,0.998,-0.0143871004133879,-0.007427180936007634,1083.230196398315
1573,Man City,43,13,2022-12-31T15:00:00Z,1.55,0.54285,True,11.0,0,1,250.0,35.0,0.0382627517668535,0.3491102353789037,0.3209803549218069,2.192935602944812,0.8742996396285325,2.3293718477583116,0.9539511582218931,2.306262954293221,0.8572061272208743,2.567,1.04,-0.011231685338251245,0.00033603540962981855,1089.8359382554202
1574,Man City,43,13,2023-01-05T20:00:00Z,1.54805,0.2049,False,8.0,1,2,143.0,101.0,0.084278917174667,0.2981287959006216,0.125283855446272,2.192935602944812,0.8742996396285325,2.2943718477583115,0.9263180766938419,2.271262954293221,0.8364246654070325,2.614,1.017,-0.016591702821706127,0.00038284070729317185,1086.5745938777407
1575,Man City,43,13,2023-01-14T12:30:00Z,0.82435,1.87495,False,1.0,0,0,95.0,96.0,0.0734836022469632,0.6044557301449279,0.1057985542359893,2.181292307657099,0.8392996396285325,2.2943718477583115,0.9263180766938419,2.2585333504294383,0.8014246654070325,2.564,1.061,-0.01358891377737266,-0.00388962560201338,1095.1918680002266
1576,Man City,43,13,2023-01-19T20:00:00Z,3.22345,1.41965,True,6.0,0,2,200.0,118.0,0.1402488069297749,0.3193746275169251,0.2778291649391832,2.1462923076570988,0.8742996396285325,2.2943718477583115,0.9263180766938419,2.223533350429438,0.8364246654070325,2.293,0.984,-0.016460793092539408,-0.005757265198939804,1079.7256651192392
1577,Man City,43,13,2023-01-22T14:00:00Z,2.81705,0.4145,True,39.0,1,2,195.0,48.0,0.1186157387231582,0.4230913769576084,0.2160893505082536,2.1462923076570988,0.8742996396285325,2.3293718477583116,0.9440112690294246,2.2585333504294383,0.8585808551243532,2.18,1.077,-0.010867807552983727,-0.004093291412802258,1089.0719882523722
1578,Man City,43,13,2023-02-05T16:30:00Z,0.48,1.24,False,6.0,0,0,172.0,121.0,0.1304872461920825,0.4945766790016106,0.3133988755168805,2.1462923076570988,0.8742996396285325,2.3509826465035615,0.9137643995973914,2.285075487656095,0.835545021447773,2.125,1.004,-0.0051178898507708275,-0.00019534170610127077,1094.205556796295
1579,Man City,43,13,2023-02-12T16:30:00Z,3.3,0.64,True,7.0,0,2,231.0,54.0,0.0922566856735675,0.3601821820781399,0.2014028281730861,2.1112923076570986,0.8821423728449355,2.3509826465035615,0.9137643995973914,2.250075487656095,0.8454385337350336,2.131,1.02,0.00024825938555256754,0.004845331413701363,1074.4563356145095
1580,Man City,43,13,2023-02-15T19:30:00Z,2.375,1.31,False,3.0,0,2,117.0,81.0,0.1392678581493975,0.5935596392234749,0.3570880142909071,2.1112923076570986,0.8821423728449355,2.380878625978039,0.8871775557104715,2.285075487656095,0.8226360592963005,2.213,0.951,0.006825121001140313,0.0031446497358217965,1082.688706416051
1581,Man City,43,13,2023-02-18T15:00:00Z,1.845,0.99,False,17.0,0,1,202.0,55.0,0.1083194452273091,0.4683241638404805,0.4866240111151499,2.1462923076570988,0.8675678967807119,2.380878625978039,0.8871775557104715,2.320075487656095,0.8147251824859069,2.102,0.976,0.015066774223235869,-0.005898236851500742,1099.316905205822
1582,Man City,43,13,2023-02-25T17:30:00Z,2.6950000000000003,1.175,False,91.0,0,2,213.0,119.0,0.1642484573990182,0.4709187940981515,0.4918186753117833,2.1348249655133658,0.8726935563156705,2.380878625978039,0.8871775557104715,2.298039743151415,0.8262269492949527,1.901,0.8140000000000001,0.009643770388853808,-0.007058043442038125,1097.0360609693491
1583,Man City,43,13,2023-03-04T12:30:00Z,1.67,0.215,True,4.0,1,2,134.0,86.0,0.0784218666349969,0.3023639193941088,0.221091088579067,2.1686640552108054,0.8877165331191563,2.380878625978039,0.8871775557104715,2.3201828350862836,0.8460926404084682,1.818,0.828,0.010126557246768655,-0.0003659295807760112,1101.173664812012
1584,Man City,43,13,2023-03-11T17:30:00Z,1.575,0.085,False,31.0,1,2,135.0,29.0,0.1277488001992364,0.404047950965229,0.3825256363536092,2.1686640552108054,0.8877165331191563,2.377800768865806,0.8521775557104715,2.32501788102308,0.8110926404084682,1.702,0.879,0.013085664703451768,-0.0025673701853508066,1112.1894600642174
1585,Man City,43,13,2023-04-01T11:30:00Z,3.48,0.665,True,14.0,0,2,229.0,54.0,0.0609947851605532,0.3107274928620845,0.1719597355614965,2.139586226959903,0.8587676405368541,2.377800768865806,0.8521775557104715,2.29001788102308,0.7882691235338795,1.694,0.807,0.0017623496820213928,-0.0046533318265973,1116.5566797275903
1586,Man City,43,13,2023-04-08T16:30:00Z,3.3200000000000003,0.675,False,20.0,0,2,213.0,37.0,0.1304712890438505,0.3298150729729558,0.3286310504972516,2.139586226959903,0.8587676405368541,2.412800768865806,0.8171775557104715,2.32501788102308,0.7532691235338794,1.828,0.765,0.00015661218247763184,-0.01303296491552448,1123.6861515281241
1587,Man City,43,13,2023-04-15T16:30:00Z,2.53,1.61,True,13.0,0,2,113.0,132.0,0.1007737217915414,0.4438991611149546,0.3959686832144973,2.1675660098212988,0.8464168335530384,2.412800768865806,0.8171775557104715,2.345212506889142,0.7499049497248096,1.841,0.684,0.00615339875711499,-0.019511544724259155,1126.4117866002223
1588,Man City,43,13,2023-04-26T19:00:00Z,3.025,0.74,True,3.0,0,2,187.0,76.0,0.1472684502823099,0.3830326808671869,0.3079756425001645,2.1675660098212988,0.8464168335530384,2.425481781523954,0.8521775557104715,2.363045793364539,0.7849049497248096,1.759,0.768,0.008854247685413203,-0.014985757870550537,1128.9401792599122
1589,Man City,43,13,2023-04-30T13:00:00Z,2.33,0.585,False,54.0,0,2,210.0,38.0,0.1081443359229948,0.2720783900900768,0.2711574837200846,2.1675660098212988,0.8464168335530384,2.460481781523954,0.8171775557104715,2.398045793364539,0.7499049497248096,1.774,0.723,0.01726908355993525,-0.009125575675844924,1142.1876826288847
1590,Man City,43,13,2023-05-03T19:00:00Z,2.66,0.18,True,21.0,1,2,182.0,65.0,0.1167643502195744,0.373469862896701,0.2395366108334613,2.189360778421637,0.8220135145494563,2.460481781523954,0.8171775557104715,2.406970979490319,0.7320920870359433,1.753,0.7070000000000001,0.0234766433095991,-0.007313648683339721,1146.7529985577744
1591,Man City,43,13,2023-05-06T14:00:00Z,2.24,0.615,True,2.0,0,2,162.0,48.0,0.0908167168374467,0.3126987822529896,0.2129729195371366,2.189360778421637,0.8220135145494563,2.476356048215907,0.7930295043004626,2.4266342112145205,0.7116288496457746,1.818,0.691,0.02081020196459237,-0.008475427357346379,1149.636549208184
1592,Man City,43,13,2023-05-14T13:00:00Z,1.88,0.89,False,11.0,1,2,120.0,101.0,0.4041122612734404,0.2227276367367263,0.2909002651156213,2.189360778421637,0.8220135145494563,2.469195129901654,0.7757574039704219,2.4226286442586593,0.6991711331264976,1.778,0.684,0.016764889329237472,-0.014037435597643755,1151.6513078529556
1593,Man City,43,13,2023-05-21T15:00:00Z,1.045,0.615,True,8.0,1,2,116.0,136.0,0.1084130019846808,0.4343212750856586,0.210090048528884,2.1791369454514555,0.8285267908409005,2.469195129901654,0.7757574039704219,2.3970882888943787,0.7139765415740537,1.685,0.6659999999999999,0.007532121773021735,-0.01506590651253956,1154.7174959755198
1594,Man City,43,13,2023-05-24T19:00:00Z,1.385,1.765,False,36.0,0,1,133.0,225.0,0.3254206476571203,0.6043437174618982,0.3440335395343721,2.1791369454514555,0.8285267908409005,2.4341951299016538,0.7521765436977269,2.3620882888943786,0.6958939079410204,1.6669999999999998,0.716,-0.00609831888841384,-0.00962455890925406,1157.9347086827374
1595,Man City,43,13,2023-05-28T15:30:00Z,0.325,0.705,False,94.0,0,0,0.0,0.0,0.3019938370666492,0.5078228913592542,0.2720260863045116,2.158625023867037,0.8635267908409006,2.4341951299016538,0.7521765436977269,2.3327363499689744,0.7308939079410204,1.665,0.912,-0.016867179140897966,-0.0010968660611806046,1155.937315194545
1596,Man City,43,13,2023-08-11T19:00:00Z,2.605,0.15,False,90.0,1,2,202.0,0.0,0.2348840954962827,0.4216400266127532,0.2493536226812868,2.123625023867037,0.8285267908409005,2.4341951299016538,0.7521765436977269,2.2977363499689742,0.6966063084467495,1.436,0.858,-0.027119033974193893,5.637099472599922e-05,1127.9133859469182
1597,Man City,43,13,2023-08-19T19:00:00Z,1.045,0.145,True,4.0,1,2,127.0,57.0,0.0843212237658628,0.4022498806221789,0.1634033710780209,2.1510634501620616,0.803906910436851,2.4341951299016538,0.7521765436977269,2.3154245420022908,0.6793739750567724,1.425,0.821,-0.0246693790566703,-0.0033170425637296603,1133.399956389877
1598,Man City,43,13,2023-08-27T13:00:00Z,2.765,0.865,False,49.0,0,2,291.0,51.0,0.3071320742748865,0.3590533540321414,0.1983861509743342,2.1510634501620616,0.803906910436851,2.3991951299016536,0.7171765436977269,2.2804245420022906,0.6443739750567724,1.439,0.746,-0.021665999289620128,-0.012338863735240596,1144.5777757068697
1599,Man City,43,13,2023-09-02T14:00:00Z,3.63,1.225,True,54.0,0,2,124.0,126.0,0.2789165073734489,0.4684165738172502,0.1693137330606829,2.173589607004033,0.8077934538617441,2.3991951299016536,0.7171765436977269,2.295517839775542,0.6576695531258512,1.543,0.721,-0.013488556498883395,-0.013368968746244768,1147.2669344166975
1600,Man City,43,13,2023-09-16T14:00:00Z,3.34,0.97,False,21.0,0,2,353.0,67.0,0.3211027244360228,0.4059303864694433,0.1543003396467044,2.173589607004033,0.8077934538617441,2.418688625149191,0.7521765436977269,2.3202551917939016,0.6926695531258512,1.457,0.809,-0.0029731806130188962,-0.009798058286815455,1151.6359367247392
1601,Man City,43,13,2023-09-23T14:00:00Z,1.67,0.96,True,17.0,1,2,79.0,99.0,0.2258239501793491,0.4598795574134168,0.25391068126942,2.2054885005359393,0.8130107165278492,2.418688625149191,0.7521765436977269,2.344664336769599,0.7072301960051635,1.628,0.8109999999999999,0.007549290890034526,0.003037192859096706,1156.0333943116361
1602,Man City,43,13,2023-09-30T14:00:00Z,0.935,1.22,False,39.0,0,0,222.0,33.0,0.24974656345024,0.4135014116984559,0.12001137528077,2.2054885005359393,0.8130107165278492,2.383688625149191,0.7338248119190727,2.309664336769599,0.6914758666108056,1.545,0.862,0.005390163147337913,0.008116517731866831,1159.7914195861558
1603,Man City,43,13,2023-10-08T15:30:00Z,0.275,0.705,False,3.0,0,0,44.0,96.0,0.2120251049057422,0.3549455424321323,0.1333421807739322,2.170488500535939,0.8060347414698125,2.383688625149191,0.7338248119190727,2.274664336769599,0.6941753304402796,1.6469999999999998,0.794,0.0010870745655545912,0.010428181721477468,1122.2769802931793
1604,Man City,43,13,2023-10-21T14:00:00Z,1.375,0.915,True,36.0,0,2,114.0,66.0,0.1756408501394938,0.5399063224326576,0.1974860854317711,2.135488500535939,0.7710347414698124,2.383688625149191,0.7338248119190727,2.2396643367695988,0.6591753304402795,1.575,0.754,-0.01288685943150353,-0.00010594602511231344,1105.663092756737
1605,Man City,43,13,2023-10-29T15:30:00Z,3.49,0.515,False,1.0,1,2,282.0,78.0,0.171575081593355,0.498290977447214,0.1037105850463917,2.135488500535939,0.7710347414698124,2.3486886251491907,0.7112309234320447,2.21081485957898,0.631785324411049,1.556,0.595,-0.025634333173560262,-0.012739607898262546,1115.3936939907333
1606,Man City,43,13,2023-11-04T15:00:00Z,3.94,0.885,True,91.0,0,2,262.0,53.0,0.1366095501084951,0.4910382507809559,0.2536002886691553,2.170488500535939,0.7360347414698124,2.3486886251491907,0.7112309234320447,2.24581485957898,0.6067667552122263,1.838,0.6729999999999999,-0.02359416621499863,-0.020468252301827305,1124.702124671246
1607,Man City,43,13,2023-11-12T16:30:00Z,3.4450000000000003,3.48,False,8.0,0,1,255.0,203.0,0.2290028412392761,0.8031152046811665,0.2273304550360825,2.170488500535939,0.7360347414698124,2.364868924643699,0.7175772338626077,2.268681442345797,0.6214458009444604,1.898,0.726,-0.009151782310899595,-0.01827903028700332,1127.2313044883101
1608,Man City,43,13,2023-11-25T12:30:00Z,1.1800000000000002,0.78,True,14.0,0,1,188.0,98.0,0.1240296500843851,0.3930297506074102,0.2928002245204542,2.2054885005359393,0.7710347414698124,2.364868924643699,0.7175772338626077,2.303681442345797,0.6564458009444605,2.026,0.872,0.007632481274559564,-0.009338708719010724,1124.2710484191448
1609,Man City,43,13,2023-12-03T16:30:00Z,2.3200000000000003,1.745,True,6.0,0,0,193.0,88.0,0.1098008389545217,0.4034675838057635,0.2277335079603532,2.2054885005359393,0.7710347414698124,2.3298689246436988,0.6825772338626077,2.273171448888445,0.6214458009444604,1.923,0.919,0.013400054047471409,-0.0028567763470464798,1124.1684771746363
1610,Man City,43,13,2023-12-06T20:15:00Z,0.415,1.52,False,7.0,0,0,72.0,204.0,0.3558910987416592,0.8446451591964628,0.2323681316947308,2.2054885005359393,0.7710347414698124,2.3441374053310216,0.7175772338626077,2.2923833689584536,0.6564458009444605,1.992,0.8809999999999999,0.014997494709307509,0.00578112913896457,1096.1892118071853
1611,Man City,43,13,2023-12-10T14:00:00Z,1.7999999999999998,0.665,False,102.0,0,2,168.0,63.0,0.2768041879101794,0.6747240127083599,0.2362863246514573,2.170488500535939,0.8042109991959564,2.3441374053310216,0.7175772338626077,2.2573833689584535,0.6914458009444605,1.711,1.018,0.002812523807942429,0.014097006533176313,1078.4612204490695
1612,Man City,43,13,2023-12-16T15:00:00Z,1.805,1.91,True,31.0,0,1,201.0,73.0,0.0854006525201836,0.5160303429600384,0.3793482839691636,2.145557617059707,0.7895411555660119,2.3441374053310216,0.7175772338626077,2.2256688165815195,0.6844606483364483,1.8,0.982,-0.009564155111811676,0.013002121055998263,1082.1820109619193
1613,Man City,43,13,2023-12-27T20:15:00Z,2.83,1.005,False,11.0,0,2,218.0,92.0,0.2264032572634728,0.6692297876620577,0.2526671413955779,2.145557617059707,0.7895411555660119,2.3233188215142424,0.7525772338626078,2.212954565139001,0.7194606483364483,1.779,1.022,-0.018032636655850226,0.015403393689597217,1079.359974235169
1614,Man City,43,13,2023-12-30T15:00:00Z,2.13,0.165,True,49.0,1,2,175.0,52.0,0.1042005075156983,0.4013569334133631,0.3283819986426828,2.180557617059707,0.8024290541655031,2.3233188215142424,0.7525772338626078,2.245751197089823,0.7366294393455933,1.953,1.018,-0.011631492080811524,0.02165650233067473,1087.4156242573195
1615,Man City,43,13,2024-01-13T17:30:00Z,2.92,1.615,False,4.0,0,2,315.0,144.0,0.1894247556493678,0.607178723737156,0.3698522210854494,2.180557617059707,0.8024290541655031,2.3093127389676495,0.7370329087663018,2.235917051015729,0.7214881907422401,2.014,1.004,-0.009426924478915221,0.01416465326263705,1089.894965731962
1616,Man City,43,13,2024-01-31T19:30:00Z,2.375,1.22,True,90.0,0,2,156.0,87.0,0.2988226169566543,0.3543887259881713,0.3154082211665311,2.2155576170597073,0.8184439277580264,2.3093127389676495,0.7370329087663018,2.2709170510157293,0.7456008524109078,2.047,1.07,0.003748849872566572,0.01140076215882163,1096.69820400351
1617,Man City,43,13,2024-02-05T20:00:00Z,2.58,1.01,False,94.0,0,2,271.0,85.0,0.1828859210606194,0.5322501184622324,0.4187739497331273,2.2155576170597073,0.8184439277580264,2.3177847207783326,0.7697527385294199,2.281352197410478,0.7798283154134291,1.941,1.104,0.012642006162882373,0.015431934257283703,1099.7434043832743
1618,Man City,43,13,2024-02-10T12:30:00Z,1.815,0.16,True,11.0,1,2,187.0,31.0,0.2768620354107311,0.288969009101911,0.2586508386850797,2.2505576170597075,0.8136363300609277,2.3177847207783326,0.7697527385294199,2.316352197410478,0.77904998234674,1.957,0.986,0.018822604637695722,0.01290445599781811,1104.4130272422306
1619,Man City,43,13,2024-02-17T17:30:00Z,1.95,1.29,True,8.0,0,1,297.0,123.0,0.2375593608750131,0.3825314515237086,0.3811728745328397,2.2505576170597075,0.8136363300609277,2.294446968123493,0.7496955540239343,2.2954456014230287,0.7578496169800075,1.956,0.919,0.014291788778429243,0.008943249313945488,1110.3475836307703
1620,Man City,43,13,2024-02-20T19:30:00Z,1.73,0.17,True,94.0,1,2,304.0,67.0,0.1892128362361213,0.3530800178517733,0.3120233468588754,2.2505576170597075,0.8136363300609277,2.28934350225767,0.7744227982076435,2.2938824925047783,0.7808726729366058,2.06,0.954,0.011383224533346972,0.009511153474641097,1108.1901074403897
1621,Man City,43,13,2024-02-24T17:30:00Z,1.38,0.465,False,91.0,1,2,212.0,120.0,0.1689112719360373,0.5161945365817362,0.4057130720146545,2.2505576170597075,0.8136363300609277,2.2710241517327288,0.7400882207505438,2.2741151084585893,0.7458726729366058,2.292,0.8170000000000001,0.0009335593288500707,-0.00047737686196322064,1112.8578867706547
1622,Man City,43,13,2024-03-03T15:30:00Z,3.16,0.63,True,1.0,0,2,286.0,29.0,0.147165539294761,0.3323955694402681,0.2426848253346808,2.2155576170597073,0.7868689636040139,2.2710241517327288,0.7400882207505438,2.239115108458589,0.7225248554656293,2.336,0.8740000000000001,-0.009698852015238834,-0.010372176343222968,1117.6582874402832
1623,Man City,43,13,2024-03-10T15:45:00Z,1.305,1.73,False,14.0,0,1,133.0,157.0,0.1558198781724734,0.8370401951191282,0.4022212782336202,2.2155576170597073,0.7868689636040139,2.3043232015146717,0.7229206033801653,2.2741151084585893,0.7012352926591259,2.421,0.83,-0.011426980219970012,-0.015144220942320161,1126.3123061683543
1624,Man City,43,13,2024-03-31T15:30:00Z,0.48,0.34,True,3.0,1,1,134.0,85.0,0.1144620861181474,0.3674187762313197,0.2309770863714184,2.199910937372697,0.7985602252545226,2.3043232015146717,0.7229206033801653,2.255768676093368,0.7208482372594327,2.336,0.895,-0.008362479393910556,-0.012779053054465438,1126.3006577228152
1625,Man City,43,13,2024-04-03T19:15:00Z,3.64,0.865,True,7.0,0,2,316.0,106.0,0.1245816225363369,0.3679923815132486,0.2240932893999921,2.199910937372697,0.7985602252545226,2.2693232015146716,0.6879206033801653,2.220768676093368,0.6858482372594327,2.295,0.928,-0.01101738226150613,-0.01632814423496823,1126.2592923156978
1626,Man City,43,13,2024-04-06T11:30:00Z,2.955,1.54,False,31.0,0,2,238.0,100.0,0.1211932385785904,0.6954757073148774,0.5061721052928158,2.199910937372697,0.7985602252545226,2.3043232015146717,0.6863575255857502,2.255768676093368,0.6792635011855055,2.296,0.89,-0.004717654036771155,-0.012098936250679553,1135.687176051764
1627,Man City,43,13,2024-04-13T14:00:00Z,4.23,0.745,True,102.0,0,2,420.0,52.0,0.1346745953060398,0.3395496300658601,0.1942947806444383,2.234910937372697,0.8335602252545227,2.3043232015146717,0.6863575255857502,2.288233408104531,0.7142635011855055,2.378,0.903,0.004444348603829873,-0.004063489880613713,1138.201349683844
1628,Man City,43,13,2024-04-25T19:00:00Z,2.65,0.245,False,36.0,1,2,138.0,79.0,0.1142614077833481,0.556481105689349,0.4692449707833011,2.234910937372697,0.8335602252545227,2.317420614077571,0.6863362200606286,2.303008121978689,0.7113327648196895,2.527,0.87,0.007910264675256785,0.0006899547573459896,1140.2485428270668
1629,Man City,43,13,2024-04-28T15:30:00Z,1.425,0.82,False,17.0,1,2,131.0,100.0,0.2199810949426041,0.4750408599806048,0.5516349772759008,2.269910937372697,0.7985602252545226,2.317420614077571,0.6863362200606286,2.3380081219786892,0.6790386703879095,2.478,0.918,0.019725151402678037,-0.002788407190767003,1143.5992297402722
1630,Man City,43,13,2024-05-04T16:30:00Z,4.29,0.715,True,39.0,0,2,338.0,31.0,0.1047469074602532,0.3418719344956689,0.151118162723452,2.234910937372697,0.7948466837962448,2.317420614077571,0.6863362200606286,2.303008121978689,0.6852702747593501,2.312,0.895,0.01921972231304933,-0.00018557260740047644,1146.3090395839163
1631,Man City,43,13,2024-05-11T11:30:00Z,3.63,0.06,False,54.0,1,2,222.0,27.0,0.1710964071775809,0.3694762244293593,0.4557160934368117,2.234910937372697,0.7948466837962448,2.337529202848938,0.6853533927016833,2.326729185021699,0.6844912940560294,2.346,0.8590000000000001,0.012403619607546545,-0.002660994553075053,1149.5889882401843
1632,Man City,43,13,2024-05-14T19:00:00Z,2.1950000000000003,0.665,False,6.0,1,2,144.0,149.0,0.1464083166936741,0.5695926190006128,0.3544458504508536,2.265663533859576,0.7668333732925599,2.337529202848938,0.6853533927016833,2.3514437185110593,0.6638105546670328,2.356,0.7659999999999999,0.01006327831890489,-0.00933021544319725,1153.6348717278759
1633,Man City,43,13,2024-05-19T15:00:00Z,2.505,0.6799999999999999,True,21.0,0,2,276.0,46.0,0.0925809280246413,0.3347892823855203,0.1175363487849071,2.278937146828066,0.7359143937363659,2.337529202848938,0.6853533927016833,2.3566291894056968,0.6377846589451734,2.214,0.8859999999999999,0.00948951970786167,-0.011834395921100903,1158.1473409675534
1634,Man City,43,13,2024-08-18T15:30:00Z,1.385,0.505,False,8.0,1,2,127.0,97.0,0.1227620240950798,0.5563498147782544,0.3801245503506639,2.278937146828066,0.7359143937363659,2.356139894277214,0.6806469516744347,2.3775182143766385,0.6324209858317332,2.357,0.775,0.010946519936003695,-0.01132074313178309,1161.6053825020504
1635,Man City,43,13,2024-08-24T14:00:00Z,3.67,0.645,True,40.0,0,2,180.0,19.0,0.0720073884636099,0.3248361085220713,0.0914171601660389,2.243937146828066,0.7009143937363659,2.356139894277214,0.6806469516744347,2.3425182143766383,0.6002590926857102,2.35,0.787,0.010145800598548619,-0.017351220878941347,1168.425075499658
1636,Man City,43,13,2024-08-31T16:30:00Z,3.01,0.865,False,21.0,0,2,259.0,93.0,0.1443704631850621,0.5193831892719756,0.3200968724949608,2.243937146828066,0.7009143937363659,2.3704815338819003,0.6754514139011342,2.357509250273006,0.6,2.214,0.7,0.004228938252120403,-0.017670700838215852,1171.8784064824658
1637,Man City,43,13,2024-09-14T14:00:00Z,2.08,0.98,True,94.0,0,2,217.0,152.0,0.1360057465828077,0.3082058621838333,0.1466577912402524,2.273938493786162,0.6778803477459324,2.3704815338819003,0.6754514139011342,2.3781510758633093,0.6,2.235,0.693,0.0028907705532336663,-0.013273389809048781,1175.0356066484198
1638,Man City,43,13,2024-09-22T15:30:00Z,2.085,1.325,True,3.0,0,1,325.0,78.0,0.2191155806755171,0.2574934483652036,0.1274005042979741,2.273938493786162,0.6778803477459324,2.372538233895863,0.6802158359583883,2.380223843845723,0.6051709875396987,2.032,0.7929999999999999,0.0038532255016146245,-0.0074454402059509674,1177.6435880152128
1639,Man City,43,13,2024-09-28T11:30:00Z,0.96,1.285,False,4.0,0,1,188.0,129.0,0.1456214713661594,0.7239647027670921,0.2489642341627473,2.273938493786162,0.6778803477459324,2.4075382338958633,0.6877314951285641,2.415223843845723,0.6060142362116294,2.219,0.792,0.009208196038370886,-0.0033513732439586757,1177.4460245602138
1640,Man City,43,13,2024-10-05T14:00:00Z,2.3,2.3,True,54.0,0,2,186.0,137.0,0.1704232294142911,0.6291615709507139,0.2479781700095354,2.238938493786162,0.6716302369848378,2.4075382338958633,0.6877314951285641,2.380223843845723,0.6079841717157473,2.276,0.821,0.010392705601313956,0.0017668311807077794,1174.7415747274574
1641,Man City,43,13,2024-10-20T13:00:00Z,1.815,0.985,False,39.0,0,2,295.0,39.0,0.1999278110625684,0.5630836577077384,0.3225277376821368,2.238938493786162,0.6716302369848378,2.412098420230453,0.7227314951285642,2.389018252819091,0.6429841717157473,2.124,0.927,0.005678951905076168,0.006849046354225975,1179.0979951255504
1642,Man City,43,13,2024-10-26T14:00:00Z,1.975,0.105,True,20.0,1,2,226.0,65.0,0.1325514006555597,0.4893478885172219,0.2395385766740831,2.219243916745088,0.6913143029018679,2.412098420230453,0.7227314951285642,2.358236246693435,0.6660776039094525,2.197,0.939,-0.00309116911226482,0.01273707164512932,1180.5233011220641
1643,Man City,43,13,2024-11-02T15:00:00Z,1.29,2.02,False,91.0,0,0,200.0,140.0,0.2888327419375532,0.6735095115504632,0.3552993515305508,2.219243916745088,0.6913143029018679,2.386945710929327,0.7077926246049968,2.335244881223675,0.6546497043644233,2.279,0.855,-0.011058948445535385,0.013216676777631206,1181.2329574247692
1644,Man City,43,13,2024-11-09T17:30:00Z,1.605,2.145,False,36.0,0,0,202.0,112.0,0.2513143548403192,0.8216185089836936,0.4607883845237618,2.1842439167450878,0.7263143029018679,2.386945710929327,0.7077926246049968,2.3002448812236747,0.6896497043644233,2.2030000000000003,0.949,-0.021160391631486968,0.01660763916867722,1144.8201120307117
1645,Man City,43,13,2024-11-23T17:30:00Z,1.07,3.255,True,6.0,0,0,190.0,166.0,0.171984422732102,0.8450483577356169,0.2129744485242868,2.163995199871246,0.761314302901868,2.386945710929327,0.7077926246049968,2.2725832575171268,0.7246497043644233,2.278,0.964,-0.023643268911399735,0.02033989604698226,1117.673162847534
1646,Man City,43,13,2024-12-01T16:00:00Z,0.41,2.675,False,14.0,0,0,107.0,205.0,0.2999111648758038,0.9812588403206506,0.6606131879629258,2.163995199871246,0.761314302901868,2.3519457109293267,0.7427926246049968,2.2375832575171266,0.7596497043644234,2.2880000000000003,1.111,-0.029975255543964185,0.022686970417379798,1088.8314309996624
1647,Man City,43,13,2024-12-04T19:30:00Z,2.705,0.52,True,17.0,1,2,214.0,85.0,0.1937656621249682,0.7172598337943688,0.2767579044077787,2.128995199871246,0.796314302901868,2.3519457109293267,0.7427926246049968,2.2025832575171265,0.7946497043644234,2.136,1.223,-0.03139746973450669,0.028367442922138712,1075.9487791748322
1648,Man City,43,13,2024-12-07T15:00:00Z,1.73,1.67,False,31.0,0,1,148.0,111.0,0.379930906014514,0.9032013202493948,0.5204769239711645,2.128995199871246,0.796314302901868,2.3731370913544203,0.725079774753199,2.2350564913202935,0.7727514274596007,2.133,1.156,-0.023683623446758607,0.0268716747278825,1083.6667275207492
1649,Man City,43,13,2024-12-15T16:30:00Z,0.985,2.04,True,1.0,0,0,82.0,103.0,0.1640399594305308,1.004535426284509,0.2152561478727167,2.1237158668466667,0.831314302901868,2.3731370913544203,0.725079774753199,2.2220761516795164,0.8077514274596007,1.956,1.189,-0.015383541323179742,0.02199467956461198,1081.884750993194
1650,Man City,43,13,2024-12-21T12:30:00Z,1.01,1.835,False,7.0,0,0,121.0,147.0,0.3155018157890665,0.8247121379717516,0.6337042741997946,2.1237158668466667,0.831314302901868,2.33813709135442,0.760079774753199,2.1870761516795163,0.8427514274596007,1.85,1.163,-0.012616674654220448,0.02036901451018847,1059.2197776551589
1651,Man City,43,13,2024-12-26T12:30:00Z,1.675,0.815,True,11.0,0,1,219.0,82.0,0.1298088573348573,0.8279719982212848,0.2629770039010019,2.0887158668466665,0.8663143029018681,2.33813709135442,0.760079774753199,2.152076151679516,0.8777514274596008,1.785,1.173,-0.013915348181190279,0.02199467956461198,1040.713851155489
1652,Man City,43,13,2024-12-29T14:30:00Z,1.635,0.65,False,13.0,1,2,138.0,121.0,0.3453903011692739,0.6658872184224736,0.6573255465998402,2.0887158668466665,0.8663143029018681,2.310970024452564,0.7666391360993735,2.1411538575357802,0.8786635305671822,1.709,1.216,-0.016888229109401808,0.022001975171822688,1039.4490599324188
1653,Man City,43,13,2025-01-04T15:00:00Z,2.46,1.185,True,21.0,0,2,169.0,135.0,0.1165180001493334,0.832867109727666,0.3067598919230014,2.059256844320805,0.8508446878533874,2.310970024452564,0.7666391360993735,2.106374562984394,0.8614118305013163,1.621,1.272,-0.026319329260305894,0.019743952129466356,1044.2651152248804
1654,Man City,43,13,2025-01-14T19:30:00Z,2.1,2.29,False,94.0,0,1,224.0,197.0,0.3286369009094353,0.6645789476619238,0.8734754251332091,2.059256844320805,0.8508446878533874,2.332653099697159,0.7926633895112088,2.141374562984394,0.8795704985352363,1.59,1.267,-0.018758142962991844,0.01188539050316874,1053.1229296244135
1655,Man City,43,13,2025-01-19T16:30:00Z,4.54,0.29,False,40.0,1,2,249.0,82.0,0.3378287007073385,0.5302280704037186,0.7127031084369404,2.07464300823322,0.8858446878533874,2.332653099697159,0.7926633895112088,2.1528178848653505,0.9145704985352363,1.612,1.352,-0.006805011277359466,0.009922881958263385,1051.7770861487097
1656,Man City,43,13,2025-01-25T17:30:00Z,2.755,1.4,True,8.0,0,2,162.0,109.0,0.1150695556717038,0.941118863121518,0.3230354714956678,2.1052588868454074,0.8616347434283986,2.332653099697159,0.7926633895112088,2.179249953445192,0.8883446124596366,1.671,1.268,0.00588174545191688,0.005109871341093185,1057.401950880145
1657,Man City,43,13,2025-02-02T16:30:00Z,0.91,3.0,False,3.0,0,0,122.0,130.0,0.2827556561057078,0.5057329436473367,0.6632135287842871,2.1052588868454074,0.8616347434283986,2.367653099697159,0.8090409531101297,2.2142499534451923,0.8896900394519007,1.726,1.172,0.017015713508868886,0.00488373972281582,1070.2023719446602
1658,Man City,43,13,2025-02-15T15:00:00Z,2.955,0.24,True,4.0,1,2,164.0,43.0,0.089498543300214,0.8297591157611807,0.2601387000521861,2.0702588868454073,0.8966347434283987,2.367653099697159,0.8090409531101297,2.179249953445192,0.9246900394519008,1.634,1.217,0.01741243406474934,0.009157822326494739,1058.6702667299132
1659,Man City,43,13,2025-02-23T16:30:00Z,0.32,1.355,True,14.0,0,0,157.0,115.0,0.1162766447890554,0.7564793122586961,0.2023301000405891,2.0702588868454073,0.8966347434283987,2.4026530996971593,0.7740409531101297,2.2142499534451923,0.8896900394519007,1.65,1.149,0.01367637594410045,0.002351478695016564,1069.40554649335
1660,Man City,43,13,2025-02-26T19:30:00Z,1.56,0.665,False,6.0,1,2,141.0,166.0,0.231032176971106,0.6755700672812619,0.5158327446100011,2.0702588868454073,0.8966347434283987,2.367653099697159,0.7655237894523388,2.179249953445192,0.8692544211911429,1.725,1.161,0.005776009797120236,-0.00535840302124784,1059.4450627310357
1661,Man City,43,13,2025-03-08T12:30:00Z,0.43,0.865,False,17.0,0,0,89.0,104.0,0.1796916931997491,0.6298878301076482,0.4567588013633341,2.0566924260490147,0.8616347434283986,2.367653099697159,0.7655237894523388,2.1624688320315832,0.8342544211911429,1.745,1.18,-0.0043973030590869905,-0.010478794603564053,1067.0335935987525
1662,Man City,43,13,2025-03-15T15:00:00Z,1.87,2.02,True,36.0,0,1,127.0,115.0,0.105992945947043,0.963928353978986,0.2173678555871249,2.0216924260490146,0.8565609410268736,2.367653099697159,0.7655237894523388,2.127468832031583,0.8303382340925357,1.615,1.202,-0.014835684894539217,-0.016814328566853044,1048.5352455506334
1663,Man City,43,13,2025-04-02T18:45:00Z,2.125,0.035,True,13.0,1,2,187.0,11.0,0.0935500690699224,0.7541664975392113,0.1690638876788749,2.0216924260490146,0.8565609410268736,2.36594090098032,0.791816544472469,2.142651314248889,0.8526965015068552,1.604,1.196,-0.013146219475312915,-0.016372088737237802,1048.423213862218
1664,Man City,43,13,2025-04-06T15:30:00Z,0.245,0.455,False,1.0,1,1,88.0,111.0,0.1530935391553604,0.6476905345281708,0.3930346232825932,2.0216924260490146,0.8565609410268736,2.3542647094743447,0.7676688162796905,2.1421788393119297,0.8298969704777355,1.622,1.072,-0.014432899664434931,-0.010073008314922765,1051.5301111058122
1665,Man City,43,13,2025-04-12T11:30:00Z,4.505,1.91,True,31.0,0,2,197.0,90.0,0.1927611648321618,0.859907275863831,0.1426052459724583,1.9866924260490146,0.8215609410268736,2.3542647094743447,0.7676688162796905,2.1071788393119295,0.7964761719159691,1.486,0.986,-0.01160123047451337,-0.010131580888622059,1050.0792551987138
1666,Man City,43,13,2025-04-19T14:00:00Z,2.015,0.455,False,11.0,1,2,156.0,90.0,0.2412949748986137,0.5370926379663551,0.3545824847753503,1.9866924260490146,0.8215609410268736,2.389264709474345,0.8026688162796906,2.1421788393119297,0.8314761719159691,1.4340000000000002,0.994,-0.004651211905548232,-0.0039507703981339565,1061.8646347803983
1667,Man City,43,13,2025-04-22T19:00:00Z,1.66,1.38,True,7.0,0,2,161.0,97.0,0.1654809059805703,1.0443723256718689,0.110915191311912,2.0100348547088163,0.7963191361885371,2.389264709474345,0.8026688162796906,2.158689733563265,0.809159513880919,1.4280000000000002,0.975,0.0034196309385009093,-0.0057992968112145155,1071.1972269301316
1668,Man City,43,13,2025-05-02T19:00:00Z,0.86,0.2,True,39.0,1,2,124.0,42.0,0.195374037984888,0.8211784755225645,0.1040451487981537,2.0100348547088163,0.7963191361885371,2.3701293201483105,0.8260360963787718,2.156212837990282,0.8176674560605729,1.467,0.942,0.004352580041742053,-0.00578164562919602,1084.9209897901524
1669,Man City,43,13,2025-05-10T14:00:00Z,0.915,0.05,False,20.0,1,1,249.0,20.0,0.1876738693655884,0.4399609406404984,0.2757863770474947,2.0100348547088163,0.7963191361885371,2.3351293201483103,0.8034707649917535,2.121212837990282,0.7938229635834706,1.4269999999999998,0.941,0.0016795109622329868,-0.003974652573501802,1093.1574361061148
1670,Man City,43,13,2025-05-20T19:00:00Z,2.295,1.03,True,91.0,0,2,129.0,74.0,0.1519575850993574,0.7164721476286613,0.238701782398564,1.9750348547088163,0.778325264561979,2.3351293201483103,0.8034707649917535,2.086212837990282,0.7759688776227962,1.519,0.846,-0.004862997318461851,-0.005913947265248745,1085.6095310491598
1671,Man City,43,13,2025-05-25T15:00:00Z,2.46,0.87,False,54.0,1,2,236.0,140.0,0.1593018983954577,0.6777473982759432,0.2611671821480514,1.9750348547088163,0.778325264561979,2.345048556153491,0.8048679859778941,2.1150621787562045,0.7801211740927793,1.507,0.754,-0.011086113985645022,-0.010862611153354858,1093.351296873781
1672,Man Utd,1,14,2022-08-07T13:00:00Z,0.0,2.0,True,36.0,0,0,282.0,207.0,0.0,2.0,0.0,1.409761299081036,1.483352485380117,1.409761299081036,1.483352485380117,1.409761299081036,1.483352485380117,1.5,1.5,,,1000.0
1673,Man Utd,1,14,2022-08-13T16:30:00Z,0.0,4.0,False,94.0,0,0,152.0,203.0,1.0,2.0,1.0,1.409761299081036,1.483352485380117,1.374761299081036,1.5160258693957116,1.374761299081036,1.5160258693957116,2.82,2.07,-0.03499999999999992,0.03267338401559461,967.9231717886738
1674,Man Utd,1,14,2022-08-22T19:00:00Z,2.0,1.0,True,14.0,0,2,158.0,286.0,0.0,1.7777777777777777,0.0,1.374761299081036,1.518352485380117,1.374761299081036,1.5160258693957116,1.3397612990810361,1.5510258693957115,2.17,2.05,-0.03499999999999992,0.033836692007797264,937.0100691021814
1675,Man Utd,1,14,2022-08-27T11:30:00Z,1.0,0.0,False,20.0,1,2,223.0,212.0,0.7777777777777778,1.5555555555555556,0.7777777777777778,1.374761299081036,1.518352485380117,1.409761299081036,1.4810258693957117,1.374761299081036,1.5160258693957116,1.9733333333333332,2.32,-0.013999999999999967,0.013302015204678375,973.8976341738339
1676,Man Utd,1,14,2022-09-01T19:00:00Z,1.0,0.0,False,13.0,1,2,108.0,68.0,0.6049382716049383,1.2098765432098766,0.6049382716049383,1.3397612990810361,1.483352485380117,1.409761299081036,1.4810258693957117,1.3397612990810361,1.4810258693957117,2.0375,2.27,-0.013999999999999969,-0.0004653231968810623,1000.9678985233269
1677,Man Utd,1,14,2022-09-04T15:30:00Z,3.0,1.0,True,3.0,0,2,129.0,216.0,0.0,1.6049382716049383,0.0,1.3047612990810362,1.448352485380117,1.409761299081036,1.4810258693957117,1.3047612990810362,1.4460258693957118,1.846,1.952,-0.01699999999999996,-0.009332373712057881,1016.7000485479342
1678,Man Utd,1,14,2022-10-02T13:00:00Z,3.0,6.0,False,43.0,0,0,173.0,366.0,0.4705075445816187,1.607681755829904,1.1371742112482854,1.3047612990810362,1.448352485380117,1.444761299081036,1.4460258693957118,1.3397612990810361,1.4110258693957118,1.7533333333333334,1.9866666666666664,-0.00899999999999998,-0.024999999999999942,1054.0010091894185
1679,Man Utd,1,14,2022-10-09T18:00:00Z,2.0,1.0,False,11.0,0,2,115.0,158.0,0.3659503124523701,1.4726413656454809,0.8844688309708887,1.3397612990810361,1.480150300574447,1.444761299081036,1.4460258693957118,1.374761299081036,1.4427015884161367,1.75,2.225714285714286,0.0009999999999999976,-0.02547489728279638,1041.0212321507474
1680,Man Utd,1,14,2022-10-16T13:00:00Z,0.0,0.0,True,4.0,1,1,151.0,110.0,0.0,1.2482853223593964,0.0,1.374761299081036,1.4654571927395796,1.444761299081036,1.4460258693957118,1.409761299081036,1.430448367652122,1.675,2.145,0.00899999999999998,-0.01651029576161922,1050.3682569898608
1681,Man Utd,1,14,2022-10-19T19:15:00Z,2.0,0.0,True,6.0,1,2,300.0,123.0,0.0,0.9708885840573084,0.0,1.374761299081036,1.4654571927395796,1.409761299081036,1.4110258693957118,1.374761299081036,1.395448367652122,1.6566666666666665,2.028888888888889,0.014999999999999966,-0.012655551283665493,1050.34134673401
1682,Man Utd,1,14,2022-10-22T16:30:00Z,1.0,1.0,False,8.0,0,1,127.0,77.0,0.2846280207962878,1.367609951057596,0.6879202018662468,1.374761299081036,1.4654571927395796,1.444761299081036,1.376025869395712,1.409761299081036,1.3604483676521222,1.791,1.949,0.018999999999999958,-0.013910663848935195,1064.8849043048838
1683,Man Utd,1,14,2022-10-30T16:15:00Z,1.0,0.0,True,21.0,1,2,181.0,175.0,0.0,0.7551355653779065,0.0,1.3500766414100713,1.4304571927395797,1.444761299081036,1.376025869395712,1.3856918823843034,1.3254483676521223,1.636,1.819,0.008561511900466747,-0.020275633457428326,1064.7683638747915
1684,Man Utd,1,14,2022-11-06T14:00:00Z,0.0,3.0,False,7.0,0,0,135.0,73.0,0.443599571730446,1.508141073044797,0.5350490458959698,1.3500766414100713,1.4304571927395797,1.4100449437507983,1.341025869395712,1.356631849640864,1.2904483676521223,1.665,1.791,-0.0036530142083159413,-0.03175046010914489,1071.9668930897424
1685,Man Utd,1,14,2022-11-13T16:30:00Z,2.2910500000000003,1.15695,False,54.0,0,2,0.0,0.0,0.372799666901458,1.4003097234792865,0.4533492579190876,1.3150766414100714,1.4654571927395796,1.4100449437507983,1.341025869395712,1.321631849640864,1.3254483676521223,1.642,1.578,-0.01483157177766023,-0.024999999999999942,1044.330074299687
1686,Man Utd,1,14,2022-12-27T20:00:00Z,2.73555,0.35865,True,17.0,1,2,314.0,125.0,0.0067777777777777,0.6311276619605939,0.1182666666666666,1.3500766414100713,1.4456596026943638,1.4100449437507983,1.341025869395712,1.356631849640864,1.311047616168159,1.419,1.366,-0.010974160807566148,-0.01605725021199472,1055.0102393872753
1687,Man Utd,1,14,2022-12-31T12:30:00Z,1.4937,0.33745,False,39.0,1,2,274.0,153.0,0.2972886298122452,1.1548853404838897,0.4292272006037348,1.3500766414100713,1.4456596026943638,1.4450449437507982,1.306025869395712,1.391631849640864,1.276047616168159,1.625,1.423,-0.006080781298033663,-0.012291600339191577,1061.7478952928611
1688,Man Utd,1,14,2023-01-03T20:00:00Z,2.60425,0.24685,True,91.0,1,2,250.0,100.0,0.0052716049382716,0.5676326259693508,0.1249407407407407,1.349748374201423,1.4106596026943639,1.4450449437507982,1.306025869395712,1.3909050044577735,1.2410476161681592,1.77,1.36,0.004744731724781438,-0.013703050381590526,1067.7282143356651
1689,Man Utd,1,14,2023-01-14T12:30:00Z,1.87495,0.82435,True,43.0,0,2,96.0,95.0,0.0095001371742112,0.5451364868650506,0.1322872427983539,1.349748374201423,1.4106596026943639,1.480044943750798,1.2710258693957122,1.4259050044577735,1.2060476161681593,1.847,1.094,0.016833863958150723,-0.02029160033919156,1072.844737891485
1690,Man Utd,1,14,2023-01-18T20:00:00Z,1.55225,0.77345,False,31.0,0,1,125.0,103.0,0.2561578231873018,0.9377330425985808,0.3909767115806826,1.349748374201423,1.4106596026943639,1.515044943750798,1.2360258693957122,1.4609050044577734,1.1710476161681593,1.828,1.031,0.02581309695291955,-0.03205725021199468,1089.8335732157443
1691,Man Utd,1,14,2023-01-22T16:30:00Z,1.1658,2.96465,False,3.0,0,0,73.0,279.0,0.2315005291456791,0.974325699798896,0.6778041090071976,1.3650496410476505,1.375659602694364,1.515044943750798,1.2360258693957122,1.4748476759710838,1.1484801926216048,1.802,1.024,0.023825674174337917,-0.03322391764950772,1087.6879227321012
1692,Man Utd,1,14,2023-02-04T15:00:00Z,2.035,1.59,True,31.0,0,2,159.0,116.0,0.1496112178021643,0.5484394897839282,0.1406678555098308,1.368748350827295,1.4106596026943639,1.515044943750798,1.2360258693957122,1.4791282509784636,1.1834801926216048,1.575,1.18,0.02069457203508368,-0.022158268239212416,1078.1140566122444
1693,Man Utd,1,14,2023-02-08T20:00:00Z,2.095,1.305,True,2.0,0,1,187.0,89.0,0.21191983606835,0.4487862698319441,0.1249638876187573,1.368748350827295,1.4106596026943639,1.550044943750798,1.2370353803481415,1.5141282509784635,1.1910874714605848,1.607,1.219,0.022563675533680872,-0.00971629764925971,1084.359768083865
1694,Man Utd,1,14,2023-02-12T14:00:00Z,1.5550000000000002,0.915,False,2.0,1,2,115.0,167.0,0.3267226337799727,0.9489199887324749,0.6005143070055982,1.368748350827295,1.4106596026943639,1.583634213199609,1.2070781750382034,1.5491282509784634,1.1636916238313515,1.6130000000000002,1.133,0.022287615633511424,-0.0033331541659074987,1081.6700982410887
1695,Man Utd,1,14,2023-02-19T14:00:00Z,3.61,0.71,True,13.0,1,2,223.0,125.0,0.1914932058309389,0.5712782098692899,0.1638608014812557,1.3720983031333422,1.3846438339449827,1.583634213199609,1.2070781750382034,1.545622220652102,1.1469634855361646,1.5930000000000002,1.227,0.019469365885536622,-0.0019194023054786807,1086.767076908052
1696,Man Utd,1,14,2023-03-05T16:30:00Z,0.44,4.825,False,14.0,0,0,85.0,272.0,0.3385620484955343,0.975826657903036,0.7315111276710208,1.3720983031333422,1.3846438339449827,1.618634213199609,1.1720781750382034,1.580622220652102,1.115425926746152,1.816,1.352,0.021810132355028735,-0.00863477995036624,1093.4409058469525
1697,Man Utd,1,14,2023-03-12T14:00:00Z,0.42,0.96,True,20.0,1,1,123.0,130.0,0.1733836045351747,0.662105274342781,0.1363361789298655,1.3370983031333423,1.4196438339449826,1.618634213199609,1.1720781750382034,1.545622220652102,1.1504259267461519,1.587,1.499,0.015098449344649881,-0.011685260051878572,1072.3689825323456
1698,Man Utd,1,14,2023-04-02T15:30:00Z,0.215,2.785,False,4.0,0,0,54.0,295.0,0.3699927043854155,1.3300874005912502,0.7200642104107939,1.3370983031333423,1.4196438339449826,1.583634213199609,1.1395268395642073,1.510622220652102,1.1195755439603292,1.436,1.476,0.00019862163968881346,-0.012254122501339702,1069.6248219722936
1699,Man Utd,1,14,2023-04-05T19:00:00Z,1.0550000000000002,0.315,True,94.0,1,2,133.0,56.0,0.1392983590829136,0.6216374355999408,0.1327059169454509,1.3020983031333424,1.4546438339449825,1.583634213199609,1.1395268395642073,1.4756222206521021,1.1545755439603291,1.24,1.671,-0.014500861475194459,-0.0026498349737890843,1054.146562229898
1700,Man Utd,1,14,2023-04-08T11:30:00Z,2.735,0.51,True,11.0,1,2,308.0,70.0,0.1461209459533773,0.5701624499110651,0.2054379354020174,1.3020983031333424,1.4546438339449825,1.5534656486418323,1.1045268395642074,1.4523850369102562,1.1195755439603292,1.277,1.632,-0.023319597677406514,-0.001438321114927651,1066.3457653167802
1701,Man Utd,1,14,2023-04-16T15:30:00Z,2.95,0.34,False,17.0,1,2,258.0,43.0,0.3433276589664343,1.038956867126528,0.6511610525417286,1.3020983031333424,1.4546438339449825,1.5884656486418323,1.0724103154516669,1.4873850369102561,1.089743230791957,1.46,1.599,-0.022311356283850458,-0.005313275089384074,1072.3079610329282
1702,Man Utd,1,14,2023-04-27T19:15:00Z,2.085,2.12,False,6.0,0,1,0.0,0.0,0.435921512529449,1.0569664522095217,0.5886808186435667,1.3370983031333423,1.4196438339449826,1.5884656486418323,1.0724103154516669,1.522385036910256,1.0550137825212522,1.645,1.3630000000000002,-0.005975275819331807,-0.017187361732274708,1076.7542341686494
1703,Man Utd,1,14,2023-04-30T13:00:00Z,1.095,0.28,True,7.0,1,2,170.0,60.0,0.1936496246304045,0.485681905486384,0.1597850608682358,1.3720983031333422,1.4546438339449825,1.5884656486418323,1.0724103154516669,1.557385036910256,1.0900137825212521,1.486,1.247,0.011688643716149466,-0.013609325848028236,1076.0644583733258
1704,Man Utd,1,14,2023-05-04T19:00:00Z,0.69,1.645,False,36.0,0,0,120.0,179.0,0.3746056208562381,1.2087516850518505,0.544529525611663,1.3720983031333422,1.4546438339449825,1.5600286928427953,1.037410315451667,1.53534382830064,1.0550137825212522,1.469,1.218,0.018531658235505382,-0.017749243993809158,1088.230006636983
1705,Man Utd,1,14,2023-05-07T18:00:00Z,0.6,1.155,False,21.0,0,0,153.0,142.0,0.3069154828881852,1.062362421706995,0.5790785199201823,1.3370983031333423,1.4631256673486082,1.5600286928427953,1.037410315451667,1.50034382830064,1.0737137732493065,1.474,1.23,0.011962009460659161,-0.0085284913819208,1067.5259603315087
1706,Man Utd,1,14,2023-05-13T14:00:00Z,2.335,0.195,True,39.0,1,2,231.0,59.0,0.1928385969347591,0.4199748153782986,0.1242772695641834,1.3020983031333424,1.4515451925804275,1.5600286928427953,1.037410315451667,1.4653438283006401,1.0818848032038468,1.404,1.247,-0.005667739356758401,-0.0005197761644682267,1041.3989648846778
1707,Man Utd,1,14,2023-05-20T14:00:00Z,1.25,0.595,False,91.0,1,2,181.0,119.0,0.2453787089130329,0.9462818835498849,0.5881721821601418,1.3020983031333424,1.4515451925804275,1.5950286928427952,1.0070617093937153,1.50034382830064,1.0512090219170072,1.55,1.034,-0.012037990539340786,-0.0007060214355824839,1049.9467120040467
1708,Man Utd,1,14,2023-05-25T19:00:00Z,4.58,1.465,True,8.0,0,2,279.0,145.0,0.1499855753937015,0.6244248564053434,0.2277712096610315,1.2875689478348924,1.4165451925804275,1.5950286928427952,1.0070617093937153,1.471303454024363,1.0162090219170072,1.608,1.023,-0.016297368983698983,-0.01063620156798341,1057.199436256545
1709,Man Utd,1,14,2023-05-28T15:30:00Z,2.355,1.4,True,54.0,0,2,0.0,0.0,0.1588776697506567,0.5812193327597115,0.4393776075141355,1.2875689478348924,1.4165451925804275,1.6300286928427952,1.0274919672109057,1.506303454024363,1.0402449598338936,1.833,0.873,-0.005637799834577611,-0.007915261392015153,1064.2009710868724
1710,Man Utd,1,14,2023-08-14T19:00:00Z,1.23,1.135,True,39.0,1,2,159.0,234.0,0.1569048542505108,0.7409483699242201,0.5239603613998832,1.2875689478348924,1.4165451925804275,1.665028692842795,1.0466701064905042,1.5413034540243629,1.0587303793761038,1.7,0.8170000000000001,0.008532475186100154,-0.006709614270739226,1072.2995441079838
1711,Man Utd,1,14,2023-08-19T16:30:00Z,0.995,1.9,False,6.0,0,0,183.0,220.0,0.3597389958212478,0.9693303538721324,0.4574672527912214,1.2875689478348924,1.4165451925804275,1.6324326540418888,1.0615721870825021,1.5188483087578506,1.0737025907866746,1.551,0.981,0.012154322270206304,0.0001625413773804382,1078.7380426870886
1712,Man Utd,1,14,2023-08-26T14:00:00Z,2.965,1.62,True,17.0,0,2,211.0,105.0,0.1775926644170639,0.6474042877188378,0.5564136144221314,1.260402470724895,1.4039006004557981,1.6324326540418888,1.0615721870825021,1.4838483087578507,1.0727785402174288,1.476,1.158,0.002718770471043306,0.008537534790094873,1057.0638125113294
1713,Man Utd,1,14,2023-09-03T15:30:00Z,0.98,2.635,False,3.0,0,0,91.0,192.0,0.2797969967498595,1.091701386344992,0.52469675217095,1.260402470724895,1.4039006004557981,1.6674326540418887,1.096572187082502,1.5188483087578506,1.1077785402174287,1.6869999999999998,1.263,0.004225819788611108,0.016297729830379536,1064.9870735634372
1714,Man Utd,1,14,2023-09-16T14:00:00Z,0.98,2.445,True,36.0,0,0,105.0,160.0,0.142572072324383,0.7546477793368739,0.5994328112172134,1.2505166005159103,1.438900600455798,1.6674326540418887,1.096572187082502,1.502119127676447,1.1427785402174286,1.608,1.395,-0.003522487643974762,0.018825380967782968,1052.809685397726
1715,Man Utd,1,14,2023-09-23T19:00:00Z,0.95,0.56,False,90.0,1,2,113.0,127.0,0.2176198863610018,0.9802121893794382,0.5280974739107389,1.2505166005159103,1.438900600455798,1.6324326540418888,1.131572187082502,1.4728332907767268,1.1777785402174286,1.5930000000000002,1.376,-0.0102153816994969,0.02392767578568245,1035.7242976880314
1716,Man Utd,1,14,2023-09-30T14:00:00Z,0.845,0.905,True,31.0,0,0,171.0,56.0,0.2353338340300757,0.6425038283731241,0.4662255198356104,1.2155166005159104,1.4039006004557981,1.6324326540418888,1.131572187082502,1.4378332907767268,1.1427785402174286,1.5530000000000002,1.361,-0.012995694998011263,0.01986799277582198,1043.5302718549494
1717,Man Utd,1,14,2023-10-07T14:00:00Z,1.725,0.975,True,94.0,0,2,214.0,111.0,0.2297040931345033,0.6419474220679855,0.3848420709832525,1.2155166005159104,1.4039006004557981,1.5974326540418888,1.120424405571505,1.411610888578415,1.1357331866801732,1.493,1.358,-0.01810051404972198,0.012993520923249192,1023.7499558360557
1718,Man Utd,1,14,2023-10-21T19:00:00Z,1.52,1.19,False,49.0,0,2,124.0,123.0,0.1714821338363347,0.7823872584062298,0.6951869241527969,1.2155166005159104,1.4039006004557981,1.6194287267555496,1.0970133633547567,1.442503206896188,1.1079731337931304,1.526,1.35,-0.019664292188640235,-0.0015760883638073597,1036.653760191379
1719,Man Utd,1,14,2023-10-29T15:30:00Z,0.515,3.47,True,43.0,0,0,78.0,282.0,0.1786587391046137,0.9037368838306554,0.7793216107647519,1.2205380147422784,1.3977758128107567,1.6194287267555496,1.0970133633547567,1.4338613477467266,1.1200237774245725,1.371,1.328,-0.013100044385386563,-0.00943529676498373,1040.514948767383
1720,Man Utd,1,14,2023-11-04T12:30:00Z,0.85,0.505,False,54.0,1,2,144.0,97.0,0.144486104094927,0.8063012009826231,0.5562564965632865,1.2205380147422784,1.3977758128107567,1.5844287267555497,1.1320133633547567,1.4088427785479039,1.1550237774245724,1.449,1.61,-0.008599316340466925,-0.005994233006568342,1031.7978945379389
1721,Man Utd,1,14,2023-11-11T15:00:00Z,1.56,0.21,True,102.0,1,2,177.0,89.0,0.1434012415258106,0.7562397985349543,0.6439168083725849,1.1855380147422785,1.3627758128107568,1.5844287267555497,1.1320133633547567,1.373842778547904,1.1200237774245725,1.4340000000000002,1.473,-0.009625678582431707,-0.0012528970885611747,1041.1133997507172
1722,Man Utd,1,14,2023-11-26T16:30:00Z,2.59,1.365,False,11.0,1,2,107.0,205.0,0.1612669698516099,0.9960120452087068,0.6348661639936672,1.1855380147422785,1.3627758128107568,1.5683181916698943,1.0970133633547567,1.3696572017261208,1.0850237774245726,1.4280000000000002,1.342,-0.012593379671575615,-0.005211289010962204,1045.9883942200142
1723,Man Utd,1,14,2023-12-02T20:00:00Z,0.18,1.825,False,4.0,0,0,54.0,188.0,0.2320965321068077,1.179120479606772,0.5693403497728523,1.2205380147422784,1.3827286006688813,1.5683181916698943,1.0970133633547567,1.4046572017261207,1.1161378617959399,1.324,1.442,-0.011909784683204392,-0.0028336102853129294,1054.536614942514
1724,Man Utd,1,14,2023-12-06T20:15:00Z,3.065,1.2,True,8.0,0,2,289.0,110.0,0.1248676322978527,0.8081865099716311,0.578601962067566,1.1857591630556423,1.3940155184561682,1.5683181916698943,1.0970133633547567,1.3696572017261208,1.1393277205969452,1.287,1.4380000000000002,-0.00965037249686175,-0.0015753723149723978,1041.469013475925
1725,Man Utd,1,14,2023-12-09T15:00:00Z,0.58,2.24,True,91.0,0,0,176.0,130.0,0.1371192695649966,0.7219228410890464,0.6433570816081069,1.1857591630556423,1.3940155184561682,1.6033181916698942,1.092776965846359,1.4046572017261207,1.1349126243373406,1.471,1.388,4.329672644957253e-05,-0.0003294243299335253,1050.7872569310243
1726,Man Utd,1,14,2023-12-17T16:30:00Z,0.315,1.175,False,14.0,1,1,51.0,269.0,0.3182973027497393,1.1770937063608229,0.5650424942677741,1.1857591630556423,1.3940155184561682,1.5683181916698943,1.127776965846359,1.3696572017261208,1.1699126243373406,1.534,1.391,0.0014020604540309796,0.01206573240294714,1025.9425145769249
1727,Man Utd,1,14,2023-12-23T12:30:00Z,0.455,1.6800000000000002,False,21.0,0,0,107.0,154.0,0.2608979021386861,1.1999617716139732,0.4394774955416021,1.1507591630556424,1.3590155184561683,1.5683181916698943,1.127776965846359,1.334657201726121,1.1349126243373406,1.414,1.604,-0.006999999999999984,0.011610097883669653,1026.599321529572
1728,Man Utd,1,14,2023-12-26T20:00:00Z,2.02,1.84,True,7.0,0,2,139.0,159.0,0.1466483207727751,0.8926066541803694,0.5003888412507498,1.1157591630556425,1.3815547808808473,1.5683181916698943,1.127776965846359,1.299657201726121,1.1699126243373406,1.307,1.6469999999999998,-0.018999999999999958,0.00830367211223399,1006.6632444817913
1729,Man Utd,1,14,2023-12-30T17:30:00Z,0.885,1.37,False,17.0,0,0,126.0,68.0,0.2206983683300892,1.0733036001442011,0.3507047187545794,1.1157591630556425,1.3815547808808473,1.6033181916698942,1.162776965846359,1.334657201726121,1.2049126243373405,1.3219999999999998,1.683,-0.014999999999999966,0.011369271962913607,1028.1306051060776
1730,Man Utd,1,14,2024-01-14T16:30:00Z,1.42,1.6800000000000002,True,6.0,0,1,105.0,195.0,0.1740598050454917,0.8764718421402873,0.4514135431950276,1.0856330739810431,1.3935661633591816,1.6033181916698942,1.162776965846359,1.299657201726121,1.2308713286051152,1.37,1.469,-0.018999999999999958,0.01770838632396778,1005.8658725150012
1731,Man Utd,1,14,2024-02-01T20:15:00Z,3.37,2.55,False,39.0,0,2,253.0,196.0,0.3783209531456249,1.0725694667788233,0.2972147812535617,1.0856330739810431,1.3935661633591816,1.5894894214621647,1.1776815269858816,1.2989160854894335,1.2397134315009066,1.331,1.567,-0.012105873748098185,0.019196575674890113,1005.8855325840947
1732,Man Utd,1,14,2024-02-04T14:00:00Z,1.9,0.845,True,21.0,1,2,132.0,124.0,0.2864909594798269,0.90392254388689,0.3510994224850215,1.120633073981043,1.4285661633591815,1.5894894214621647,1.1776815269858816,1.3339160854894334,1.2747134315009065,1.4069999999999998,1.6740000000000002,-0.0011693979969571381,0.026696147473608642,1018.5723036878408
1733,Man Utd,1,14,2024-02-11T16:30:00Z,1.9,1.745,False,7.0,0,2,163.0,271.0,0.3853607413354861,1.1653318074946404,0.4022781631972147,1.120633073981043,1.4285661633591815,1.609822374575604,1.1607642604593011,1.3689160854894333,1.246915599964039,1.432,1.5930000000000002,0.009809427253423195,0.017235982929142322,1032.9253648175015
1734,Man Utd,1,14,2024-02-18T16:30:00Z,2.405,1.37,False,102.0,0,2,207.0,181.0,0.3863916877053781,0.9774802947180536,0.543994126931167,1.155633073981043,1.4486090805975471,1.609822374575604,1.1607642604593011,1.4039160854894333,1.2772328260031238,1.541,1.676,0.01683060200304282,0.01270668064016251,1049.9707357505797
1735,Man Utd,1,14,2024-02-24T15:00:00Z,1.35,1.5550000000000002,True,54.0,0,0,206.0,133.0,0.2739374129287543,0.8186064230231367,0.350855106377239,1.190633073981043,1.4486079420549174,1.609822374575604,1.1607642604593011,1.4389160854894332,1.2878578659231137,1.459,1.747,0.02989412625190172,0.010562658244565044,1054.6594726926348
1736,Man Utd,1,14,2024-03-03T15:30:00Z,0.63,3.16,False,43.0,0,0,29.0,286.0,0.3160824237708496,1.1313735625584862,0.7742176542797965,1.190633073981043,1.4486079420549174,1.5904423056960337,1.1892889641623243,1.4278973756517896,1.3114469595266718,1.489,1.75,0.028425898594622283,0.012240519126700919,1032.4535907654586
1737,Man Utd,1,14,2024-03-09T12:30:00Z,2.285,0.74,True,11.0,1,2,210.0,213.0,0.3841735433890311,0.7811383290179952,0.3017761938489637,1.1734654566106644,1.4819069918368604,1.5904423056960337,1.1892889641623243,1.4066078128452861,1.3464469595266717,1.467,1.767,0.016440071636180928,0.01608247882104898,1024.3228883768827
1738,Man Utd,1,14,2024-03-30T20:00:00Z,0.755,1.8,False,94.0,0,1,90.0,317.0,0.3302863295995497,1.1710683264343782,0.8088359533287306,1.1734654566106644,1.4819069918368604,1.6254423056960337,1.1735772093142032,1.441607812845286,1.3219257178383947,1.57,1.826,0.010300431685976535,0.017322345244170884,1033.1198978123539
1739,Man Utd,1,14,2024-04-04T19:15:00Z,2.29,3.52,False,8.0,0,0,170.0,264.0,0.3280004785774275,1.5063864761156274,0.6379835192556793,1.1384654566106645,1.4968482761564805,1.6254423056960337,1.1735772093142032,1.4066078128452861,1.3466838387152702,1.521,1.984,6.978744009129249e-06,0.013841674837330712,1031.1486429597073
1740,Man Utd,1,14,2024-04-07T14:30:00Z,1.355,2.795,True,14.0,0,1,117.0,269.0,0.336579422635913,1.2919964781251072,0.3124925952158606,1.1734654566106644,1.5318482761564804,1.6254423056960337,1.1735772093142032,1.441607812845286,1.3816838387152701,1.565,2.18,-0.00044028718972132067,0.01572340742395144,1014.022793385862
1741,Man Utd,1,14,2024-04-13T16:30:00Z,1.59,1.875,False,91.0,0,1,110.0,163.0,0.4106670388935547,1.3249672592010435,0.5762094038655283,1.1734654566106644,1.5318482761564804,1.6347891906011063,1.208577209314203,1.4676150502669703,1.41668383871527,1.577,2.254,0.007673953516454369,0.0187615186967332,1015.3937818350335
1742,Man Utd,1,14,2024-04-24T19:00:00Z,3.495,1.385,True,49.0,0,2,339.0,105.0,0.3151173287168213,1.1093305940973055,0.256383129612336,1.1898521965713411,1.5668482761564804,1.6347891906011063,1.208577209314203,1.4666788188455693,1.45168383871527,1.4340000000000002,2.221,0.011810764064756235,0.024155964530674773,1014.8814419733175
1743,Man Utd,1,14,2024-04-27T14:00:00Z,1.855,1.53,True,90.0,0,1,265.0,177.0,0.2806468112241943,0.9228126842979044,0.5638535452540391,1.1898521965713411,1.5668482761564804,1.6697891906011062,1.229404570144998,1.5016788188455692,1.457826058448291,1.641,2.202,0.01447357958354141,0.029414334372842292,1018.7051026800489
1744,Man Utd,1,14,2024-05-06T19:00:00Z,0.18,2.735,False,31.0,0,0,82.0,244.0,0.4349632524727648,1.203863423823034,0.4859406474509665,1.1898521965713411,1.5668482761564804,1.6731245315074619,1.2587302680108359,1.514294944994943,1.4782670115711505,1.743,2.108,0.02050606992364951,0.026324072099384678,1016.4264910497084
1745,Man Utd,1,14,2024-05-12T15:30:00Z,0.32,1.355,True,3.0,0,0,88.0,157.0,0.2916141865077067,1.0266320877872588,0.4385527574198082,1.1548521965713412,1.6018482761564803,1.6731245315074619,1.2587302680108359,1.479294944994943,1.5132670115711504,1.618,2.171,0.010385009855205808,0.02425164578800182,997.7044386269881
1746,Man Utd,1,14,2024-05-15T19:00:00Z,2.225,2.16,True,4.0,0,2,193.0,211.0,0.2801443672837719,1.1829360682789791,0.4166521446598508,1.1548521965713412,1.6018482761564803,1.6418739163458052,1.2380485654389155,1.4530080908983614,1.4782670115711505,1.5,2.195,-0.0006448654927299799,0.014660181027711515,990.7265237599588
1747,Man Utd,1,14,2024-05-19T15:00:00Z,1.595,0.775,False,36.0,1,2,107.0,141.0,0.393860307478817,1.0541159963068043,0.5535093924618628,1.1548521965713412,1.6018482761564803,1.676873916345805,1.2730485654389154,1.4880080908983613,1.5080690303518258,1.664,2.12,-0.002124737816504669,0.010807109072895938,1006.8269975209386
1748,Man Utd,1,14,2024-08-16T19:00:00Z,1.715,0.22,True,54.0,1,2,128.0,89.0,0.2601122856651559,0.9511724975503172,0.3485072236243284,1.1865063021480535,1.5668482761564804,1.676873916345805,1.2730485654389154,1.5011593309916424,1.473069030351826,1.561,2.048,-0.0030784244473131593,0.0037320261674200265,1016.6549178941524
1749,Man Utd,1,14,2024-08-24T11:30:00Z,1.215,2.045,False,36.0,0,0,113.0,184.0,0.3063357947057466,0.9220902193497368,0.79495174969256,1.1865063021480535,1.5668482761564804,1.6809932598157324,1.2380485654389155,1.5166071653612452,1.438069030351826,1.599,1.82,0.003204407423474542,-0.008336623742112017,1028.2240864936853
1750,Man Utd,1,14,2024-09-01T15:00:00Z,0.675,2.365,True,14.0,0,0,110.0,140.0,0.2111984444062324,1.006467498094691,0.3799500628189221,1.189344620334396,1.5993801002730632,1.6809932598157324,1.2380485654389155,1.5029221444450607,1.473069030351826,1.5419999999999998,1.74,0.009202413163786304,-0.010188109992988454,1007.901536740055
1751,Man Utd,1,14,2024-09-14T11:30:00Z,2.835,0.56,False,20.0,1,2,225.0,89.0,0.247150062548914,0.7705146150497952,0.80274024976088,1.189344620334396,1.5993801002730632,1.6459932598157325,1.2730485654389154,1.4764125953638598,1.4950739404230524,1.535,1.611,0.005063214781062664,-0.001599010164014,997.7267950926058
1752,Man Utd,1,14,2024-09-21T16:30:00Z,0.885,0.505,False,31.0,1,1,234.0,114.0,0.1966722708713776,0.792622478372063,0.6576868609251288,1.224344620334396,1.5643801002730633,1.6459932598157325,1.2730485654389154,1.5114125953638597,1.4600739404230525,1.65,1.537,0.000831351272227427,-0.0039703062694339195,1002.2551701030633
1753,Man Utd,1,14,2024-09-29T15:30:00Z,0.485,3.795,True,6.0,0,0,100.0,306.0,0.2487099012048474,1.4472524985180932,0.5910722710813838,1.2034986699753107,1.5293801002730634,1.6459932598157325,1.2730485654389154,1.4790035070461451,1.4250739404230526,1.545,1.546,-0.004367782251452677,-0.004341594553113159,1002.162005986939
1754,Man Utd,1,14,2024-10-06T13:00:00Z,0.265,0.21,False,7.0,1,1,76.0,74.0,0.170745099566627,0.6787063720671601,0.5248675584973225,1.2034986699753107,1.5293801002730634,1.6109932598157326,1.3080485654389153,1.4440035070461452,1.4600739404230525,1.38,1.675,-0.011422120107778471,-0.0019703062694339238,986.2621242653994
1755,Man Utd,1,14,2024-10-19T14:00:00Z,1.665,0.93,True,94.0,0,2,243.0,79.0,0.2867743676037702,1.223418609958517,0.459722877507743,1.1684986699753108,1.4943801002730634,1.6109932598157326,1.3080485654389153,1.4090035070461453,1.4250739404230526,1.374,1.505,-0.017120844007583864,-0.01085644141839618,986.498722368429
1756,Man Utd,1,14,2024-10-27T14:00:00Z,1.56,2.49,False,21.0,0,0,167.0,147.0,0.4061350774407098,0.863438289385569,0.4615636566090286,1.1684986699753108,1.4943801002730634,1.6242120031786533,1.2777570374312877,1.4293792710481594,1.3900739404230527,1.529,1.4269999999999998,-0.016496968186618437,-0.01699999999999996,997.1290730653104
1757,Man Utd,1,14,2024-11-03T16:30:00Z,1.49,1.0550000000000002,True,8.0,0,1,116.0,120.0,0.234157841469599,1.171547807745513,0.3753400158393556,1.1869444675453644,1.5293801002730634,1.6242120031786533,1.2777570374312877,1.4320299765643365,1.4250739404230526,1.503,1.3630000000000002,-0.016593880056902093,-0.00899999999999998,979.7516060654127
1758,Man Utd,1,14,2024-11-10T14:00:00Z,1.345,0.385,True,13.0,1,2,85.0,89.0,0.1821227655874659,1.0823149615798435,0.2919311234306099,1.1869444675453644,1.5293801002730634,1.6233490387210592,1.25287474838831,1.4447343840578764,1.3900739404230527,1.5119999999999998,1.342,-0.005339726925278741,-0.00899999999999998,980.6607635679799
1759,Man Utd,1,14,2024-11-24T16:30:00Z,0.905,1.295,False,40.0,0,1,114.0,113.0,0.315882838009441,0.804896447299887,0.5789939551403556,1.1869444675453644,1.5293801002730634,1.59003634378008,1.2178747483883101,1.4206662895738298,1.3550739404230527,1.469,1.342,-0.00019550716600591172,-0.01699999999999996,990.4126531950657
1760,Man Utd,1,14,2024-12-01T13:30:00Z,2.405,0.325,True,11.0,1,2,124.0,60.0,0.1416510399013623,0.906244970117656,0.3070575404460299,1.1519444675453645,1.5290077097162134,1.59003634378008,1.2178747483883101,1.3856662895738299,1.3625989918362462,1.47,1.271,-0.003717732122600749,-0.012924992655258042,989.9791905970043
1761,Man Utd,1,14,2024-12-04T20:15:00Z,0.115,2.08,False,3.0,0,0,46.0,246.0,0.447908874007343,0.8460305701221343,0.5058841873313876,1.1519444675453645,1.5290077097162134,1.6250363437800799,1.1852653296656988,1.4206662895738298,1.3275989918362463,1.484,1.1909999999999998,-0.005906401795063277,-0.01527998824841288,999.4534801645406
1762,Man Utd,1,14,2024-12-07T17:30:00Z,1.86,1.915,True,17.0,0,0,171.0,104.0,0.1679508088121707,0.7604127545359547,0.3121558647913566,1.1241641804430904,1.528120456314092,1.6250363437800799,1.1852653296656988,1.3923828439276804,1.3449010521235978,1.305,1.348,-0.00872685561815486,-0.016593263881271417,992.0908671954634
1763,Man Utd,1,14,2024-12-15T16:30:00Z,2.035,0.975,False,43.0,0,2,103.0,82.0,0.4728180131168223,0.71802377676166,0.4245765901466348,1.1241641804430904,1.528120456314092,1.6423692240257384,1.2202653296656987,1.4247576217674163,1.3799010521235977,1.242,1.338,-0.0042781185254499605,-0.0033252316113039867,975.5784346834776
1764,Man Utd,1,14,2024-12-22T14:00:00Z,1.13,2.12,True,91.0,0,0,211.0,99.0,0.1706284068539105,0.8292099201946315,0.2672323392821663,1.1591641804430903,1.493120456314092,1.6423692240257384,1.2202653296656987,1.4597576217674162,1.3449010521235978,1.245,1.114,0.00812706319721548,0.0005241085614894623,1000.8026303895206
1765,Man Utd,1,14,2024-12-26T17:30:00Z,0.225,1.43,False,39.0,0,0,105.0,78.0,0.3855251213130841,0.6895740485924022,0.3724484590029381,1.1591641804430903,1.493120456314092,1.6073692240257385,1.2552653296656986,1.432985037843146,1.3799010521235977,1.38,1.139,0.011035500450487862,0.004954756637108908,986.9318728885327
1766,Man Utd,1,14,2024-12-30T20:00:00Z,0.455,1.96,True,4.0,0,0,56.0,144.0,0.1504887608863749,0.8693854934847134,0.3922918194416849,1.1241641804430904,1.510676742269165,1.6073692240257385,1.2552653296656986,1.397985037843146,1.4025243381792998,1.242,1.138,0.0012400092312279249,0.012703620906150492,962.6315931938069
1767,Man Utd,1,14,2025-01-05T16:30:00Z,1.535,2.41,False,14.0,0,1,142.0,199.0,0.3909639832435098,0.9630020377940908,0.4007932458911741,1.1241641804430904,1.510676742269165,1.5723692240257385,1.2887799288469646,1.362985037843146,1.4229761745825327,1.131,1.135,-0.007259410460564369,0.014092727727479446,951.2111333647441
1768,Man Utd,1,14,2025-01-16T20:00:00Z,3.095,1.26,True,20.0,0,2,0.0,0.0,0.1259357029116249,1.0117442727103327,0.3117825262324216,1.1591641804430903,1.5292979956192785,1.5723692240257385,1.2887799288469646,1.397985037843146,1.4430010967050069,1.157,1.214,-0.013119447754118906,0.01635282503827293,954.4181660695048
1769,Man Utd,1,14,2025-01-19T14:00:00Z,1.24,2.465,True,36.0,0,0,96.0,119.0,0.097949991153486,1.1491344343302587,0.306941964847439,1.1591641804430903,1.5292979956192785,1.6073692240257385,1.2682651647430945,1.432985037843146,1.4149940429664616,1.072,1.125,-0.007824654846324318,0.01600619783890798,959.7812602566138
1770,Man Utd,1,14,2025-01-26T19:00:00Z,0.63,0.335,False,54.0,1,2,31.0,91.0,0.3285275425227298,0.7978904738398482,0.3872836356931354,1.1591641804430903,1.5292979956192785,1.5868980258954415,1.3032651647430944,1.4256466248732669,1.4499940429664615,1.054,1.131,0.002951655290017273,0.011654256877093675,948.894090926758
1771,Man Utd,1,14,2025-02-02T14:00:00Z,0.565,2.3,True,31.0,0,0,192.0,112.0,0.1295166597860447,0.9982156711457568,0.6631770837702303,1.1241641804430904,1.4942979956192786,1.5868980258954415,1.3032651647430944,1.390646624873267,1.4149940429664616,0.961,1.162,0.005322648464027635,0.003297002152830007,967.6219342403283
1772,Man Utd,1,14,2025-02-16T16:30:00Z,0.765,1.615,False,6.0,0,0,179.0,231.0,0.2888547552954565,1.096137035208771,0.3012206055391053,1.1241641804430904,1.4942979956192786,1.5518980258954416,1.3382651647430943,1.355646624873267,1.4499940429664615,1.107,1.028,-0.0018870204779688927,0.002459090877257378,953.7056018693851
1773,Man Utd,1,14,2025-02-22T12:30:00Z,1.205,1.955,False,11.0,0,1,82.0,177.0,0.2402203652297995,1.1681065829401551,0.3276160265304152,1.0891641804430905,1.489990589710362,1.5518980258954416,1.3382651647430943,1.3206466248732671,1.4498410769613204,1.115,1.155,-0.01867735153597231,0.0029771400366162084,938.0589378583869
1774,Man Utd,1,14,2025-02-26T19:30:00Z,1.405,1.715,True,40.0,0,1,161.0,101.0,0.107401846500257,1.0341677442244777,0.566915509599068,1.101575754470511,1.524990589710362,1.5518980258954416,1.3382651647430943,1.3229876569191077,1.4848410769613203,1.094,1.25,-0.025713911560576865,0.010965036341681998,938.1771142493654
1775,Man Utd,1,14,2025-03-09T16:30:00Z,1.26,1.31,True,3.0,0,1,132.0,166.0,0.0835347695001998,1.1754638010634826,0.4409342852437196,1.101575754470511,1.524990589710362,1.5311273863879864,1.3732651647430942,1.312802089032039,1.51838749675786,1.044,1.252,-0.02291998808767476,0.015753011569612195,937.6312346607658
1776,Man Utd,1,14,2025-03-16T19:00:00Z,1.89,0.585,False,13.0,1,2,115.0,101.0,0.191282506289844,0.9929717867312318,0.4281457984125452,1.101575754470511,1.524990589710362,1.5563311935318729,1.3568149691415778,1.3438725669868659,1.4879826716894262,1.071,1.34,-0.01028751042599568,0.017289242999686236,940.328139076197
1777,Man Utd,1,14,2025-04-01T19:00:00Z,0.82,0.74,False,17.0,0,0,216.0,76.0,0.182108616003212,0.8212002785687358,0.3574467320986462,1.1254785848010143,1.489990589710362,1.5563311935318729,1.3568149691415778,1.3564937657515355,1.4529826716894263,1.13,1.297,0.0018207989384305648,0.004654695645590889,948.4900129481074
1778,Man Utd,1,14,2025-04-06T15:30:00Z,0.47,0.245,True,43.0,1,1,111.0,88.0,0.0649714873890443,0.9898051786049308,0.3762822218562263,1.1027983778218917,1.454990589710362,1.5563311935318729,1.3568149691415778,1.3217070003979683,1.4179826716894264,1.204,1.1740000000000002,0.003911162345017598,-0.008150630492673873,939.775036767906
1779,Man Utd,1,14,2025-04-13T15:30:00Z,0.86,3.085,False,4.0,0,0,91.0,213.0,0.172751145780276,1.0120446611090168,0.3557919027433915,1.1027983778218917,1.454990589710362,1.521331193531873,1.321814969141578,1.288286201836202,1.3829826716894265,1.315,1.262,-0.003833466930059177,-0.024157328616136273,941.1908679189185
1780,Man Utd,1,14,2025-04-20T13:00:00Z,0.655,0.625,True,39.0,0,0,91.0,37.0,0.0549778235248122,0.7898484722482796,0.3237750614437316,1.0930484556464737,1.489990589710362,1.521331193531873,1.321814969141578,1.2657288411150407,1.4179826716894264,1.31,1.356,-0.01248320286830145,-0.024343546438347623,932.8889514145008
1781,Man Utd,1,14,2025-04-27T13:00:00Z,1.76,0.765,False,91.0,0,1,249.0,55.0,0.154362002273548,0.8849236253070131,0.2767270354670822,1.0930484556464737,1.489990589710362,1.486331193531873,1.2899167319452327,1.2307288411150408,1.3829826716894265,1.37,1.3019999999999998,-0.024898120052296458,-0.018999999999999958,921.4471074080506
1782,Man Utd,1,14,2025-05-04T13:00:00Z,2.28,3.4,False,94.0,0,0,134.0,208.0,0.1422815573238707,1.0216072641276768,0.4818988053632862,1.1280484556464736,1.454990589710362,1.486331193531873,1.2899167319452327,1.2601389692049034,1.3479826716894265,1.4269999999999998,1.245,-0.022207594894374398,-0.01699999999999996,921.8632937986557
1783,Man Utd,1,14,2025-05-11T13:15:00Z,1.14,1.78,True,21.0,0,0,193.0,130.0,0.0738716405192984,0.9276599228597732,0.251825047789569,1.1630484556464735,1.489990589710362,1.486331193531873,1.2899167319452327,1.2951389692049033,1.3829826716894265,1.382,1.222,-0.007208052967406298,-0.00899999999999998,912.5734489328065
1784,Man Utd,1,14,2025-05-16T19:15:00Z,0.145,0.91,False,8.0,0,0,49.0,85.0,0.1662189890296772,0.9212500943215264,0.3748101819492226,1.1630484556464735,1.489990589710362,1.455683600723499,1.3249167319452326,1.2778129269260443,1.4179826716894264,1.493,1.175,0.001864975365961774,0.0009999999999999976,899.1037216679905
1785,Man Utd,1,14,2025-05-25T15:00:00Z,2.44,0.2,True,7.0,1,2,277.0,62.0,0.0707890537372321,0.7970688288909346,0.1958639260585536,1.1280484556464736,1.454990589710362,1.455683600723499,1.3249167319452326,1.2428129269260444,1.3829826716894265,1.381,1.159,0.0017620767568008297,-0.0009999999999999976,892.8011503297289
1786,Aston Villa,7,2,2022-08-06T14:00:00Z,0.0,2.0,False,91.0,0,0,141.0,91.0,0.0,1.0,1.0,1.4846206488443332,1.438519827346143,1.4846206488443332,1.438519827346143,1.4846206488443332,1.438519827346143,1.5,1.5,,,1000.0
1787,Aston Villa,7,2,2022-08-13T11:30:00Z,2.0,1.0,True,11.0,0,2,199.0,228.0,0.0,0.0,0.0,1.4496206488443333,1.473519827346143,1.4846206488443332,1.438519827346143,1.4496206488443333,1.473519827346143,1.41,0.91,-0.03499999999999992,0.03499999999999992,958.75
1788,Aston Villa,7,2,2022-08-20T14:00:00Z,1.0,3.0,False,31.0,0,0,110.0,200.0,0.0,1.2222222222222223,1.0,1.4496206488443333,1.473519827346143,1.5196206488443331,1.4035198273461431,1.4846206488443332,1.438519827346143,1.7,1.595,0.0,0.0,996.25
1789,Aston Villa,7,2,2022-08-28T13:00:00Z,0.0,1.0,True,21.0,0,0,90.0,77.0,0.0,0.2222222222222222,0.0,1.4222500350529104,1.5085198273461429,1.5196206488443331,1.4035198273461431,1.4572500350529103,1.473519827346143,1.5,1.73,-0.004711184137426883,0.006999999999999984,964.6747506550672
1790,Aston Villa,7,2,2022-08-31T18:30:00Z,1.0,2.0,False,3.0,0,0,57.0,366.0,0.0,1.1728395061728396,1.0,1.4222500350529104,1.5085198273461429,1.4846206488443332,1.3834973802213868,1.4222500350529104,1.4534973802213866,1.35,1.49,-0.011711184137426868,0.002995510575048721,932.7002489022666
1791,Aston Villa,7,2,2022-09-03T16:30:00Z,1.0,1.0,True,43.0,0,1,58.0,203.0,0.0,0.1728395061728395,0.2222222222222222,1.4178242821072278,1.5168326316576926,1.4846206488443332,1.3834973802213868,1.4210897415772277,1.4630114812470365,1.194,1.924,-0.01220391404289198,0.0027825979465770953,925.5010229434324
1792,Aston Villa,7,2,2022-09-16T19:00:00Z,1.0,0.0,True,20.0,1,2,163.0,71.0,0.0,0.1344307270233196,0.1728395061728395,1.4178242821072278,1.5168326316576926,1.4746637314466724,1.3484973802213869,1.4159419638673343,1.4280114812470366,1.0916666666666668,1.9416666666666669,-0.011256747048180329,-0.004973977597645935,930.2831648517256
1793,Aston Villa,7,2,2022-10-02T15:30:00Z,0.0,0.0,False,2.0,1,1,230.0,90.0,0.0,0.9122085048010976,0.7777777777777778,1.4178242821072278,1.5168326316576926,1.4396637314466725,1.313497380221387,1.3809419638673344,1.3930114812470367,1.1685714285714286,1.7657142857142858,-0.01838508376906871,-0.010130076221920031,950.0744333946196
1794,Aston Villa,7,2,2022-10-10T19:00:00Z,1.0,1.0,False,17.0,0,1,184.0,72.0,0.0,0.7094955037341869,0.8271604938271605,1.3828242821072279,1.4818326316576926,1.4396637314466725,1.313497380221387,1.3459419638673344,1.3580114812470367,1.31,1.6575,-0.019588924205557162,-0.02268569792624517,950.2880356994076
1795,Aston Villa,7,2,2022-10-16T13:00:00Z,0.0,2.0,True,8.0,0,0,222.0,103.0,0.0,0.549001676573693,0.1344307270233196,1.347824282107228,1.4590890879451412,1.4396637314466725,1.313497380221387,1.3109419638673345,1.3437565191347438,1.3688888888888888,1.5533333333333337,-0.023342391115930252,-0.02567726586952038,950.1134009810418
1796,Aston Villa,7,2,2022-10-20T18:30:00Z,0.0,3.0,False,54.0,0,0,185.0,242.0,0.0,0.7740520584599232,0.8655692729766804,1.347824282107228,1.4590890879451412,1.4046637314466726,1.3484973802213869,1.2759419638673346,1.3787565191347437,1.454,1.501,-0.030735396815698986,-0.020258277054238348,940.8361545931637
1797,Aston Villa,7,2,2022-10-23T13:00:00Z,4.0,0.0,True,94.0,1,2,277.0,155.0,0.0,0.4270013040017612,0.1045572321292486,1.312824282107228,1.4940890879451412,1.4046637314466726,1.3484973802213869,1.2409419638673347,1.4137565191347436,1.4980000000000002,1.652,-0.03499999999999992,-0.0036655616860181836,929.3670335785334
1798,Aston Villa,7,2,2022-10-29T14:00:00Z,0.0,4.0,False,4.0,0,0,74.0,243.0,0.0,1.046484934357718,1.1176649900929736,1.312824282107228,1.4940890879451412,1.4396637314466725,1.313497380221387,1.2759419638673346,1.3787565191347437,1.5759999999999998,1.579,-0.024999999999999942,0.0037417229457615987,949.3846638013321
1799,Aston Villa,7,2,2022-11-06T14:00:00Z,3.0,1.0,True,1.0,0,2,73.0,135.0,0.0,0.3321121253347032,0.0813222916560822,1.277824282107228,1.529089087945141,1.4396637314466725,1.313497380221387,1.2409419638673347,1.4137565191347436,1.54,1.622,-0.018999999999999958,0.011963576841100977,942.0718067094903
1800,Aston Villa,7,2,2022-11-13T14:00:00Z,1.7426,0.8280000000000001,False,36.0,0,2,0.0,0.0,0.0587777777777777,0.8860660600560029,0.8841838811834238,1.277824282107228,1.529089087945141,1.4746637314466724,1.278497380221387,1.2759419638673346,1.3787565191347437,1.523,1.68,-0.006999999999999984,0.006999999999999984,966.8829438881448
1801,Aston Villa,7,2,2022-12-26T17:30:00Z,1.1498,2.87675,True,14.0,0,0,188.0,224.0,0.0054444444444444,0.6103094308158803,0.3176951157325084,1.3094303410789125,1.4940890879451412,1.4746637314466724,1.278497380221387,1.3066342260447665,1.3437565191347438,1.466,1.314,0.006384608882490271,-0.006999999999999984,987.8938892782548
1802,Aston Villa,7,2,2023-01-01T14:00:00Z,1.50115,0.2115,False,6.0,1,2,149.0,75.0,0.0744716049382716,0.70347360226578,0.7386319075871075,1.3094303410789125,1.4940890879451412,1.4626727438700828,1.313497380221387,1.3029970814072367,1.3787565191347437,1.596,1.335,0.012495782120908735,-0.00899999999999998,974.8430524981925
1803,Aston Villa,7,2,2023-01-04T20:00:00Z,1.3061,0.92715,True,39.0,0,1,174.0,124.0,0.0368123456790123,0.5895740017456846,0.3152739789030621,1.3142353375619054,1.4590890879451412,1.4626727438700828,1.313497380221387,1.3052104577690438,1.3437565191347438,1.582,1.339,0.010377145265876679,-0.00899999999999998,993.0998147610323
1804,Aston Villa,7,2,2023-01-13T20:00:00Z,1.6454,1.69205,True,2.0,0,2,104.0,172.0,0.0456096021947873,0.8132908902466436,0.438657539146826,1.3142353375619054,1.4590890879451412,1.4449240490657675,1.3052445261035508,1.2944018008828753,1.340110490418574,1.526,1.3730000000000002,0.010041929204151444,-0.012520861245167074,992.4831171753218
1805,Aston Villa,7,2,2023-01-21T15:00:00Z,1.21545,0.20485,False,20.0,1,2,139.0,99.0,0.0781001371742112,0.55967946842894,0.6537137059010836,1.3142353375619054,1.4590890879451412,1.4496613555557025,1.3402445261035507,1.3052954749004753,1.3742559274208923,1.446,1.473,0.003208104458338187,-0.0019554584205076038,1004.595265080059
1806,Aston Villa,7,2,2023-02-04T15:00:00Z,1.345,3.125,True,13.0,0,0,151.0,129.0,0.0354741350403901,0.9570040257473894,0.5167336415586424,1.2839232526975135,1.4240890879451413,1.4496613555557025,1.3402445261035507,1.2792438326989561,1.3392559274208924,1.3630000000000002,1.469,-0.004024726946728707,-0.0011328789264851732,1012.4186813810477
1807,Aston Villa,7,2,2023-02-12T16:30:00Z,0.645,3.295,False,43.0,0,0,54.0,231.0,0.0718556622466087,1.1330840310002863,0.5995551045897317,1.2839232526975135,1.4240890879451413,1.4240651365970274,1.3752445261035506,1.2631422040817384,1.3742559274208923,1.329,1.356,-0.007608016794861555,-5.312276309980467e-05,991.0761898023359
1808,Aston Villa,7,2,2023-02-18T12:30:00Z,1.255,3.64,True,3.0,0,0,94.0,196.0,0.1142576605869701,1.1354475755813027,0.6574594989900553,1.2573364088105936,1.4539850674196189,1.4240651365970274,1.3752445261035506,1.2403397296430052,1.4092559274208922,1.106,1.432,-0.012690973521003502,0.01128381006964848,982.3089145471063
1809,Aston Villa,7,2,2023-02-25T15:00:00Z,1.97,0.855,False,11.0,1,2,105.0,171.0,0.0892210706362512,1.0701764685557784,0.6285428591253469,1.2573364088105936,1.4539850674196189,1.4430060354319587,1.4102445261035506,1.2608272823377868,1.4442559274208921,1.126,1.385,-0.010824041631859143,0.01887791957175971,975.89973419555
1810,Aston Villa,7,2,2023-03-04T15:00:00Z,0.6,0.085,True,31.0,1,1,83.0,16.0,0.1133115137898656,0.8986814476743465,0.5113573881033764,1.2923364088105935,1.430655312497519,1.4430060354319587,1.4102445261035506,1.2958272823377868,1.4290788031100872,1.158,1.421,-0.0035826596667338146,0.017831839384170673,985.8444578523611
1811,Aston Villa,7,2,2023-03-12T14:00:00Z,1.29,1.61,False,21.0,0,1,171.0,148.0,0.2116163882726398,1.1834705866544943,0.4888666682086031,1.2923364088105935,1.430655312497519,1.4080060354319588,1.3752445261035506,1.2608272823377868,1.3940788031100873,1.241,1.4369999999999998,0.0007560010187737235,0.013530943014673108,985.6981231178997
1812,Aston Villa,7,2,2023-03-18T15:00:00Z,3.11,0.295,True,91.0,1,2,269.0,120.0,0.0925756218365621,0.7811966815244917,0.4421668574137372,1.2839580963682844,1.4516259944042347,1.4080060354319588,1.3752445261035506,1.2555703812446453,1.4244824442976012,1.224,1.361,0.0016743869685394066,0.0054406882040092695,985.201943209223
1813,Aston Villa,7,2,2023-04-01T16:30:00Z,1.405,1.045,False,8.0,1,2,39.0,243.0,0.2445905242120532,1.1471437896201622,0.5624518530511358,1.2839580963682844,1.4516259944042347,1.4430060354319587,1.3402445261035507,1.2905703812446452,1.3894824442976013,1.344,1.406,0.005725215849393577,-0.005519653285323648,995.7701827050969
1814,Aston Villa,7,2,2023-04-04T18:45:00Z,1.52,0.74,False,13.0,0,2,124.0,85.0,0.2413481854982636,0.930000725260126,0.4574625523731056,1.2972432925064208,1.4235616773392157,1.4430060354319587,1.3402445261035507,1.3046400967962575,1.370465587255754,1.209,1.525,0.005658184797708195,-0.013066775316446693,1009.8875404578657
1815,Aston Villa,7,2,2023-04-08T14:00:00Z,1.68,0.125,True,17.0,1,2,120.0,59.0,0.0808921503173261,0.6542640856301603,0.34390755576624,1.2953261725489051,1.38885850046079,1.4430060354319587,1.3402445261035507,1.30105627281923,1.3369262803088473,1.229,1.4380000000000002,0.005502382736646526,-0.016188636044834254,1017.291839398961
1816,Aston Villa,7,2,2023-04-15T11:30:00Z,2.47,0.27,True,4.0,1,2,161.0,66.0,0.0762494502468092,0.5910942888234579,0.2852614322626312,1.2953261725489051,1.38885850046079,1.4498123182044333,1.3052445261035508,1.315628701410825,1.3019262803088474,1.21,1.398,0.012129556732587357,-0.021212798943265946,1024.1968707662033
1817,Aston Villa,7,2,2023-04-22T14:00:00Z,1.455,1.875,False,94.0,0,1,81.0,149.0,0.2232708109430939,1.0700005640912091,0.582470874067971,1.2953261725489051,1.38885850046079,1.4848123182044333,1.2702445261035509,1.350628701410825,1.2669262803088475,1.22,1.335,0.015625221067211724,-0.030971103395912483,1044.6816396700617
1818,Aston Villa,7,2,2023-04-25T18:45:00Z,0.975,0.05,True,54.0,1,2,114.0,32.0,0.0593051279697405,0.4819622246404673,0.2218700028709353,1.3059155159285059,1.4140188027592198,1.4848123182044333,1.2702445261035509,1.360867664399984,1.2973637805073417,1.247,1.253,0.014400704520342604,-0.023034606851200505,1044.3191410013715
1819,Aston Villa,7,2,2023-04-30T13:00:00Z,0.275,1.095,False,1.0,0,0,60.0,170.0,0.1825439640668508,1.0877782165153849,0.4530329020528664,1.3059155159285059,1.4140188027592198,1.4498123182044333,1.235244526103551,1.3307215588367565,1.2623637805073418,1.267,1.089,0.009852613855564471,-0.019834186661330806,1054.613572621683
1820,Aston Villa,7,2,2023-05-06T14:00:00Z,0.78,0.845,False,39.0,0,0,140.0,54.0,0.1664230831631062,0.8660497239564104,0.4634700349300072,1.270915515928506,1.3855818469601828,1.4498123182044333,1.235244526103551,1.2957215588367565,1.2403225718977258,1.222,1.088,0.0008241132958453079,-0.016321958321760865,1041.4064075233007
1821,Aston Villa,7,2,2023-05-13T14:00:00Z,1.58,1.1800000000000002,True,6.0,0,2,114.0,70.0,0.0461262106431315,0.4348595080536968,0.4147877800107275,1.235915515928506,1.3669329507481185,1.4498123182044333,1.235244526103551,1.2607215588367566,1.235123608271295,1.279,1.126,-0.013411521318736413,-0.012823556726317901,1016.8346911866349
1822,Aston Villa,7,2,2023-05-20T14:00:00Z,1.195,0.875,False,14.0,0,1,83.0,187.0,0.1649957313490826,0.7224831186327637,0.4426989160566723,1.235915515928506,1.3669329507481185,1.4505153702009208,1.216148710144096,1.2717677532372973,1.2137311647660587,1.222,1.048,-0.020849801644494858,-0.013563922943762848,1029.359144329163
1823,Aston Villa,7,2,2023-05-28T15:30:00Z,2.405,1.245,True,36.0,0,2,0.0,0.0,0.0358759416113245,0.3604462840417641,0.6315016066750103,1.2431152754169077,1.3319329507481186,1.4505153702009208,1.216148710144096,1.2767602707026953,1.1787311647660588,1.036,1.115,-0.018068525293852028,-0.021264568273048415,1029.5021131344547
1824,Aston Villa,7,2,2023-08-12T16:30:00Z,1.455,4.22,False,4.0,0,0,118.0,209.0,0.1794411243826198,0.9085979811588164,0.7154324902663006,1.2431152754169077,1.3319329507481186,1.4855153702009207,1.2018196551085822,1.3117602707026952,1.160771547440063,0.997,0.872,-0.004018403162055703,-0.02040365229247517,1042.900507633866
1825,Aston Villa,7,2,2023-08-20T13:00:00Z,3.56,0.34,True,11.0,1,2,168.0,86.0,0.0812368434754746,0.3447915542547054,0.5245012496361192,1.2704166991327372,1.3669329507481185,1.4855153702009207,1.2018196551085822,1.3380342852541873,1.195771547440063,0.991,0.996,0.0105620652900105,-0.01373746585091457,1031.343682563695
1826,Aston Villa,7,2,2023-08-27T13:00:00Z,2.81,0.865,False,90.0,0,2,194.0,76.0,0.1528986522975932,0.7155762075679681,0.696447492429345,1.2704166991327372,1.3669329507481185,1.5205153702009206,1.1668196551085823,1.3730342852541872,1.1607776384836226,1.039,1.023,0.02272466366108066,-0.012673380521209865,1039.0239822464928
1827,Aston Villa,7,2,2023-09-03T13:00:00Z,0.325,2.7350000000000003,False,14.0,0,0,122.0,194.0,0.2100322851203502,0.7632259392195307,0.795014716333935,1.3054166991327372,1.3411866834745072,1.5205153702009206,1.1668196551085823,1.4080342852541872,1.1449778430236761,1.072,1.033,0.028469391951154784,-0.01036077678740633,1049.5901137461951
1828,Aston Villa,7,2,2023-09-16T14:00:00Z,3.1,1.085,True,31.0,0,2,202.0,88.0,0.1631842115920358,0.359282319975882,0.4768343052725372,1.2704166991327372,1.3761866834745071,1.5205153702009206,1.1668196551085823,1.3730342852541872,1.179977843023676,1.113,1.078,0.023005489040341023,-0.0021754751690718547,1036.8872845814128
1829,Aston Villa,7,2,2023-09-24T13:00:00Z,1.015,0.675,False,8.0,1,2,166.0,142.0,0.2011362217602724,0.7402868416151905,0.7361225571486161,1.2704166991327372,1.3761866834745071,1.5555153702009206,1.1670461391584166,1.4080342852541872,1.1831153257848428,1.2009999999999998,1.134,0.01775343065021313,0.0013867995147083256,1046.701368415101
1830,Aston Villa,7,2,2023-09-30T11:30:00Z,3.305,1.355,True,36.0,0,2,214.0,116.0,0.2358099423493612,0.5394418044256859,0.3797600152119734,1.2589729310780449,1.3411866834745072,1.5555153702009206,1.1670461391584166,1.3919842807134013,1.1481153257848429,1.307,1.106,0.009707142208459134,-0.0038933727534982837,1052.7509831618388
1831,Aston Villa,7,2,2023-10-08T13:00:00Z,1.3250000000000002,1.095,False,39.0,0,1,148.0,86.0,0.2342170613691007,0.7357786545895926,0.5992064333378124,1.2589729310780449,1.3411866834745072,1.5905153702009205,1.1598371910336447,1.4269842807134012,1.1351848533845421,1.381,1.168,0.007331427533534634,-0.003297542698592437,1067.5605116205245
1832,Aston Villa,7,2,2023-10-22T15:30:00Z,3.015,1.075,True,21.0,0,2,173.0,118.0,0.2611855107161698,0.5884547367755335,0.3042577896093126,1.2593425147773916,1.3344939690617594,1.5905153702009205,1.1598371910336447,1.4164931925233042,1.1426872753677992,1.415,1.1840000000000002,0.00537412909092689,-0.005166623062765315,1065.5096628502054
1833,Aston Villa,7,2,2023-10-29T14:00:00Z,2.2,0.74,True,102.0,0,2,237.0,59.0,0.2164776194459098,0.5265759063809705,0.2633116141405765,1.2593425147773916,1.3344939690617594,1.6255153702009204,1.1625390410147305,1.451493192523304,1.1388175871147508,1.505,1.115,0.012933464518655293,-0.009714740091315933,1073.9648068740767
1834,Aston Villa,7,2,2023-11-05T14:00:00Z,0.63,1.205,False,17.0,0,0,174.0,58.0,0.1955021588426339,0.647827842458572,0.4660494481516319,1.2593425147773916,1.3344939690617594,1.6527638067540578,1.1275390410147306,1.486493192523304,1.1038175871147509,1.742,1.1740000000000002,0.016009433816719876,-0.011910842496499395,1077.5167444966216
1835,Aston Villa,7,2,2023-11-12T14:00:00Z,2.55,0.965,True,54.0,0,2,156.0,80.0,0.1683714817912632,0.4828923716296437,0.3381312554426706,1.2243425147773916,1.3345026038939498,1.6527638067540578,1.1275390410147306,1.451493192523304,1.1214285980124536,1.798,1.023,0.01460203698512064,-0.0066115750264105246,1050.6533852794112
1836,Aston Villa,7,2,2023-11-26T14:00:00Z,1.885,1.66,False,6.0,0,2,108.0,228.0,0.3342794568776042,0.8571994330233337,0.3624829041179359,1.2243425147773916,1.3345026038939498,1.6877638067540577,1.1137479687867895,1.486493192523304,1.111410120267004,1.786,1.017,0.012501273115700392,-0.006218562790106505,1058.292876599427
1837,Aston Villa,7,2,2023-12-03T14:00:00Z,1.34,2.01,False,91.0,0,1,105.0,227.0,0.2777729109048032,0.7444884479070373,0.6352644809806168,1.2593425147773916,1.3465991663214332,1.6877638067540577,1.1137479687867895,1.514387776327368,1.131045112433362,1.7,1.169,0.015984940543437697,-0.003509205837649252,1067.9595296955617
1838,Aston Villa,7,2,2023-12-06T20:15:00Z,1.52,0.415,True,43.0,1,2,204.0,72.0,0.1309555969487602,0.3755829557119451,0.447435420899855,1.2533704890156223,1.381599166321433,1.6877638067540577,1.1137479687867895,1.4905496448490756,1.166045112433362,1.683,1.202,0.008970457515458559,0.005937192137241132,1065.8378662880464
1839,Aston Villa,7,2,2023-12-09T17:30:00Z,0.76,0.68,True,3.0,1,2,93.0,143.0,0.1818543531823691,0.4987867433315128,0.3680053273665539,1.2533704890156223,1.381599166321433,1.7209400644802018,1.0787479687867896,1.5255496448490755,1.131045112433362,1.685,1.186,0.009724177211721027,0.008274918914918253,1081.9471587515598
1840,Aston Villa,7,2,2023-12-17T14:00:00Z,1.715,0.755,False,94.0,0,2,171.0,75.0,0.2160455973704025,0.6501576817054735,0.5340945963182575,1.2533704890156223,1.381599166321433,1.687039282043843,1.0437479687867897,1.4964173574876911,1.0960451124333621,1.612,1.187,0.009084344294884486,-0.0009432128970395264,1099.1647933357528
1841,Aston Villa,7,2,2023-12-22T20:00:00Z,0.945,0.78,True,49.0,0,1,162.0,50.0,0.1414422746973981,0.4012785781467322,0.397337476840653,1.2860441345544265,1.3465991663214332,1.687039282043843,1.0437479687867897,1.5237283999389926,1.0610451124333622,1.569,1.146,0.004778993730268904,-0.011195001119091667,1105.040687961114
1842,Aston Villa,7,2,2023-12-26T20:00:00Z,1.835,2.02,False,1.0,0,0,159.0,139.0,0.1813687979547575,0.7012337524375905,0.4376291304697558,1.2860441345544265,1.3465991663214332,1.652039282043843,1.0314980825347295,1.4887283999389926,1.047826586137094,1.5830000000000002,1.11,-0.001654082972386022,-0.021888360899466854,1099.631272900127
1843,Aston Villa,7,2,2023-12-30T15:00:00Z,3.08,1.49,True,90.0,0,2,196.0,118.0,0.1188995469868652,0.3632166718919028,0.4690402597649523,1.3210441345544264,1.381599166321433,1.652039282043843,1.0314980825347295,1.5237283999389926,1.0828265861370938,1.569,1.131,0.002364030947732505,-0.020021377439147,1075.765275432322
1844,Aston Villa,7,2,2024-01-14T14:00:00Z,0.5549999999999999,0.565,False,11.0,1,1,148.0,88.0,0.161064620631478,0.629848474118126,0.4870448792542545,1.3210441345544264,1.381599166321433,1.687039282043843,1.0664980825347294,1.5587283999389925,1.1174358455337392,1.528,1.19,0.006080768651528264,-0.003454869705233924,1079.426089027744
1845,Aston Villa,7,2,2024-01-30T20:15:00Z,1.2200000000000002,2.77,True,4.0,0,0,142.0,177.0,0.3391440921008952,0.5958351892492577,0.3736979798171851,1.2860441345544265,1.3465991663214332,1.687039282043843,1.0664980825347294,1.5237283999389926,1.0862711515447037,1.5019999999999998,1.22,0.007901577493043056,0.0044372112816525346,1077.9656814331265
1846,Aston Villa,7,2,2024-02-03T17:30:00Z,3.86,0.63,False,49.0,1,2,210.0,158.0,0.3897169271578163,0.5298821465363202,0.4054793505310868,1.2860441345544265,1.3465991663214332,1.6687790584018025,1.1014980825347294,1.521877941776392,1.1212711515447036,1.4880000000000002,1.317,0.003735648833914183,0.012887804319319475,1052.7897218718738
1847,Aston Villa,7,2,2024-02-11T16:30:00Z,1.835,1.9,True,1.0,0,0,271.0,163.0,0.2993342938562518,0.6278718138605338,0.4906539843022551,1.3210441345544264,1.3125247957123813,1.6687790584018025,1.1014980825347294,1.5568779417763918,1.101012979826787,1.59,1.247,0.008577038134262688,0.010002884876635967,1055.889833733512
1848,Aston Villa,7,2,2024-02-17T15:00:00Z,1.825,1.2,False,54.0,0,2,99.0,152.0,0.3097798322338572,0.5787972250838046,0.4442617170797342,1.3210441345544264,1.3125247957123813,1.6888219756401681,1.1364980825347293,1.5871951678154768,1.1360129798267868,1.756,1.183,0.008855200192343381,0.007190382037931662,1040.37443436115
1849,Aston Villa,7,2,2024-02-24T15:00:00Z,3.78,2.29,True,17.0,0,2,208.0,110.0,0.4394822285548625,0.8594558552248596,0.3816197655684207,1.3526175347041358,1.3027056032160433,1.6888219756401681,1.1364980825347293,1.6048547763967669,1.1391255856474392,1.651,1.263,0.013029491026237842,0.006783314677052361,1048.9225072170134
1850,Aston Villa,7,2,2024-03-02T17:30:00Z,2.415,2.14,False,102.0,0,2,204.0,171.0,0.5698287584041112,0.561286730620737,0.4499813355064599,1.3526175347041358,1.3027056032160433,1.723821975640168,1.1714980825347292,1.6398547763967668,1.174125585647439,1.766,1.23,0.02456798891968803,0.015081013509196679,1055.876734653075
1851,Aston Villa,7,2,2024-03-10T13:00:00Z,0.48,3.15,True,6.0,0,0,98.0,149.0,0.3418195110982264,0.9862434429526684,0.3412598176643272,1.3876175347041357,1.3377056032160433,1.723821975640168,1.1714980825347292,1.6748547763967667,1.209125585647439,1.7990000000000002,1.3259999999999998,0.029470693872693975,0.018906359822751025,1059.9310287796256
1852,Aston Villa,7,2,2024-03-17T14:00:00Z,0.8200000000000001,1.52,False,21.0,0,1,140.0,126.0,0.5543112565365309,0.6787785682605731,0.449985483171691,1.3876175347041357,1.3377056032160433,1.6888219756401681,1.2064980825347291,1.6398547763967668,1.244125585647439,1.735,1.425,0.02036751425273556,0.027711452759006182,1043.6269380396436
1853,Aston Villa,7,2,2024-03-30T17:30:00Z,1.495,0.745,True,39.0,1,2,116.0,96.0,0.445859619743065,0.89596712229652,0.2854243026278101,1.3526175347041358,1.3512633029278829,1.6888219756401681,1.2064980825347291,1.6048547763967669,1.265044110323366,1.716,1.412,0.00652280122589858,0.028433018642368437,1043.3152788080881
1854,Aston Villa,7,2,2024-04-03T19:15:00Z,0.865,3.64,False,43.0,0,0,106.0,316.0,0.5155754217506352,0.8768277753137792,0.6455442646890931,1.3526175347041358,1.3512633029278829,1.6730389594586426,1.1840666209516093,1.5965796403911892,1.2392089283450463,1.636,1.39,-0.005182162286511094,0.023090636786166182,1053.2116255276917
1855,Aston Villa,7,2,2024-04-06T14:00:00Z,2.255,2.28,True,94.0,0,1,146.0,101.0,0.4623352598001616,0.7768633173417377,0.3731077909327411,1.351054456909721,1.3862633029278828,1.6730389594586426,1.1840666209516093,1.589994904317262,1.2742089283450462,1.594,1.618,-0.014832136240407318,0.017473864750193843,1044.3878207312148
1856,Aston Villa,7,2,2024-04-14T15:30:00Z,1.5499999999999998,0.81,False,3.0,1,2,72.0,213.0,0.4165586613616051,1.0064216030218285,0.5554233169804058,1.351054456909721,1.3862633029278828,1.7080389594586425,1.2190666209516092,1.624994904317262,1.309208928345046,1.598,1.5419999999999998,-0.011632974646903297,0.0161380445600725,1042.2350111990975
1857,Aston Villa,7,2,2024-04-21T14:00:00Z,2.675,1.345,True,91.0,0,2,193.0,170.0,0.3662607576223479,0.6886714690435738,0.5768616151699097,1.3846589014566544,1.3512633029278829,1.7080389594586425,1.2190666209516092,1.6556200826661578,1.2742089283450462,1.46,1.597,0.003790347972414665,0.009083176215802182,1062.0087510381902
1858,Aston Villa,7,2,2024-04-27T19:00:00Z,0.935,1.685,True,8.0,0,0,101.0,134.0,0.3182028114840484,0.7289666981450019,0.5264479229099298,1.3846589014566544,1.3512633029278829,1.7430389594586424,1.2273267096134508,1.6906200826661577,1.2814430619007127,1.382,1.604,0.018312795947767427,0.006342707368192364,1068.763310925659
1859,Aston Villa,7,2,2024-05-05T13:00:00Z,0.03,1.845,False,36.0,0,0,36.0,198.0,0.3351011810590262,1.0072168023503107,0.7919959132069823,1.3846589014566544,1.3512633029278829,1.7080389594586425,1.2519704393463453,1.6556200826661578,1.2971947728924942,1.384,1.586,0.01793436927915502,0.007903760668692549,1047.8417635968851
1860,Aston Villa,7,2,2024-05-13T19:00:00Z,3.18,2.365,True,14.0,0,1,176.0,171.0,0.3074910755987043,0.6758629874461126,0.6494594955966121,1.3496589014566545,1.3751427839144588,1.7080389594586425,1.2519704393463453,1.6206200826661579,1.3288836008870104,1.212,1.6740000000000002,0.008000040765461888,0.006987572283080912,1020.7563863912407
1861,Aston Villa,7,2,2024-05-19T15:00:00Z,0.54,3.74,False,31.0,0,0,66.0,206.0,0.2717453630459093,0.9789464018280194,0.9604412658276528,1.3496589014566545,1.3751427839144588,1.7430389594586424,1.2742459723131518,1.6556200826661578,1.3391530072841726,1.1840000000000002,1.6740000000000002,0.00037502547841369144,0.00941417495180877,1020.7800778272598
1862,Aston Villa,7,2,2024-08-17T16:30:00Z,2.015,1.73,False,21.0,0,2,128.0,132.0,0.2246908379245961,1.2036249791995706,0.8358987623103967,1.3146589014566545,1.4101427839144587,1.7430389594586424,1.2742459723131518,1.6206200826661579,1.3741530072841726,1.152,1.731,-0.00899999999999998,0.020129687395443657,1004.2377278338669
1863,Aston Villa,7,2,2024-08-24T16:30:00Z,0.64,1.435,True,3.0,0,0,96.0,133.0,0.2391597254656589,0.6723378791247543,0.551801829908476,1.3496589014566545,1.4354670354274137,1.7430389594586424,1.2742459723131518,1.6488679128430113,1.4038760500569207,1.14,1.737,-0.007964595689020916,0.024380258581521076,1014.500273680919
1864,Aston Villa,7,2,2024-08-31T14:00:00Z,1.775,0.725,False,13.0,0,2,142.0,77.0,0.2014262072746859,1.0117083171552217,0.6501434817969752,1.3496589014566545,1.4354670354274137,1.7080389594586425,1.259501843376907,1.6149575358935058,1.3715703902657497,1.12,1.774,-0.0043876926666485665,0.018053012410743096,1007.8410590486976
1865,Aston Villa,7,2,2024-09-14T16:30:00Z,2.56,1.45,True,11.0,0,2,195.0,80.0,0.190457564251068,0.5473739059859201,0.5980680899288147,1.3634393812902488,1.4012695704049718,1.7080389594586425,1.259501843376907,1.6171122776013058,1.3369627451646877,1.156,1.535,-0.0031793952990103683,0.004782026088739023,1015.531065438454
1866,Aston Villa,7,2,2024-09-21T14:00:00Z,2.365,0.755,True,39.0,0,2,143.0,106.0,0.1925781055286085,0.4812908157668267,0.4829418477224114,1.3634393812902488,1.4012695704049718,1.7430389594586424,1.2908105045575615,1.6521122776013057,1.363448702306987,1.205,1.514,-0.0017706519276663383,-0.0006399420295872499,1024.212118761122
1867,Aston Villa,7,2,2024-09-29T13:00:00Z,1.415,1.59,False,40.0,0,1,95.0,124.0,0.1988870501025335,0.8846620244540612,0.6323338191754251,1.3634393812902488,1.4012695704049718,1.7780389594586423,1.2675056999815921,1.6871122776013057,1.3356356053310097,1.276,1.4069999999999998,0.0098385374473835,-0.00995647708904793,1031.0371770733248
1868,Aston Villa,7,2,2024-10-06T13:00:00Z,0.21,0.26,True,1.0,1,1,74.0,76.0,0.1675607487444732,0.4743373011519763,0.375621437117431,1.3528432280683869,1.42773339873583,1.7780389594586423,1.2675056999815921,1.6607559335737647,1.3659001328194076,1.178,1.361,0.008882980822204768,-0.0077485138242710415,1030.3678300083611
1869,Aston Villa,7,2,2024-10-19T14:00:00Z,1.835,1.39,False,54.0,0,2,146.0,129.0,0.1813565945241927,0.8925149079087142,0.6562596371364418,1.3528432280683869,1.42773339873583,1.7430389594586424,1.2325056999815922,1.6257559335737648,1.3309001328194077,1.151,1.3030000000000002,0.006283513037676336,-0.004124349178386507,1030.1286726240078
1870,Aston Villa,7,2,2024-10-26T14:00:00Z,1.41,0.655,True,91.0,0,1,261.0,78.0,0.1347694712457014,0.402262345340426,0.3232611177580019,1.386599036939732,1.4285893079775587,1.7430389594586424,1.2325056999815922,1.6497140321564365,1.3376565974113195,1.261,1.234,0.001645239904728278,-0.0018260548497480362,1041.7904929018594
1871,Aston Villa,7,2,2024-11-03T14:00:00Z,1.425,3.22,False,6.0,0,0,81.0,152.0,0.149944017963261,0.8897338172623332,0.8482019399950103,1.386599036939732,1.4285893079775587,1.7152817777707063,1.1975056999815923,1.634424846474039,1.3026565974113196,1.346,1.141,-0.006732339770598321,-0.009511358521068792,1041.018807873122
1872,Aston Villa,7,2,2024-11-09T20:00:00Z,0.69,2.01,False,14.0,0,0,148.0,156.0,0.1410675695269808,0.8809040800929259,0.8952681755516746,1.392697819238887,1.4635893079775586,1.7152817777707063,1.1975056999815923,1.6285797994058846,1.3376565974113195,1.361,1.087,-0.009934215819817455,-0.004939119463737234,1022.2469757843019
1873,Aston Villa,7,2,2024-11-23T15:00:00Z,2.56,1.63,True,31.0,0,1,239.0,137.0,0.1337095887466566,0.5417596019314425,0.2736475360340015,1.3755259537616116,1.4563764588147037,1.7152817777707063,1.1975056999815923,1.6051004871190453,1.3385649637405466,1.381,1.111,-0.008145566298846723,-0.004325898617673417,1012.4203224989767
1874,Aston Villa,7,2,2024-12-01T13:30:00Z,0.59,2.305,False,8.0,0,0,105.0,177.0,0.1097192207432073,0.9807031734056092,0.7763196920957469,1.3755259537616116,1.4563764588147037,1.7502817777707063,1.2325056999815922,1.6401004871190452,1.3735649637405465,1.524,1.115,-0.001941797555826457,0.007172835816953578,1011.8346783194453
1875,Aston Villa,7,2,2024-12-04T20:15:00Z,2.725,1.015,True,94.0,0,2,254.0,89.0,0.1039963468029551,0.6191463570577886,0.2461703058042234,1.3405259537616117,1.4913764588147036,1.7502817777707063,1.2325056999815922,1.6051004871190453,1.4085649637405464,1.487,1.215,-0.006557717586822192,0.016233579913229785,1001.5262299275462
1876,Aston Villa,7,2,2024-12-07T15:00:00Z,1.64,0.165,True,20.0,1,2,176.0,58.0,0.0964416030689651,0.4971138332671689,0.2359102378477293,1.3405259537616117,1.4913764588147036,1.7852817777707062,1.2146683757452377,1.6401004871190452,1.3755775180119023,1.546,1.224,-0.00020170667529962087,0.01749513434258841,1011.8356299509755
1877,Aston Villa,7,2,2024-12-14T17:30:00Z,0.71,1.89,False,17.0,0,0,112.0,214.0,0.2320038383558278,0.9961024682043628,0.6193597605189143,1.3405259537616117,1.4913764588147036,1.7709229231014805,1.1796683757452378,1.6310063547425688,1.3405775180119024,1.579,1.176,0.0023466507623834576,0.004589779023342335,1015.8508451871367
1878,Aston Villa,7,2,2024-12-21T12:30:00Z,1.835,1.015,True,43.0,0,2,147.0,121.0,0.152787913498084,0.5110885369855759,0.2079301849926783,1.3055259537616117,1.5263764588147035,1.7709229231014805,1.1796683757452378,1.596006354742569,1.3755775180119023,1.596,1.266,-0.0010786588289088898,0.0015175139554914959,1000.1072069481083
1879,Aston Villa,7,2,2024-12-26T15:00:00Z,0.18,2.88,False,4.0,0,0,34.0,250.0,0.2026696520545328,1.1614130308256154,0.6883909248480444,1.3055259537616117,1.5263764588147035,1.8059229231014804,1.1446683757452378,1.6310063547425688,1.3405775180119024,1.669,1.311,-0.0023384911825224987,-0.008539987595118648,1020.5886774634147
1880,Aston Villa,7,2,2024-12-30T19:45:00Z,1.89,1.565,True,36.0,0,1,192.0,115.0,0.1610572660540653,0.5641799732110034,0.2017234772165276,1.2705259537616118,1.5613764588147034,1.8059229231014804,1.1446683757452378,1.596006354742569,1.3755775180119023,1.557,1.432,-0.0030786588289088853,-0.006712492246949152,1002.9420682894457
1881,Aston Villa,7,2,2025-01-04T15:00:00Z,1.775,0.705,True,13.0,0,2,139.0,67.0,0.1252667624864952,0.5010288680530026,0.1902293711684103,1.2705259537616118,1.5613764588147034,1.8233886457979074,1.1622762461013911,1.62710049043028,1.3864249109803388,1.4880000000000002,1.469,-0.003857142384109321,0.0035496275669194967,1002.9182589910702
1882,Aston Villa,7,2,2025-01-15T19:30:00Z,1.11,0.57,False,11.0,1,2,93.0,73.0,0.1887430627090811,1.014432357308812,0.6465262748818124,1.2705259537616118,1.5613764588147034,1.8149932981907706,1.130919586885766,1.6283659137907014,1.351424910980339,1.546,1.384,0.0012880057801084558,0.0034794041070711997,1009.0526851379576
1883,Aston Villa,7,2,2025-01-18T17:30:00Z,1.515,1.665,False,3.0,0,1,103.0,211.0,0.1468001598848408,1.044558500129076,0.5472982137969651,1.2679411944028165,1.5263764588147035,1.8149932981907706,1.130919586885766,1.6099578299986155,1.323025039096027,1.491,1.301,0.002655148260352615,-0.006267794934446589,1017.5676274009904
1884,Aston Villa,7,2,2025-01-26T16:30:00Z,0.925,1.155,True,21.0,0,1,124.0,154.0,0.1752074819339407,0.5785780084856686,0.1746228442420969,1.3029411944028164,1.5124606998409196,1.8149932981907706,1.130919586885766,1.6376380598673406,1.3251306443055582,1.355,1.375,0.0021793821357834237,-0.007711194436552774,1018.6093778609871
1885,Aston Villa,7,2,2025-02-01T17:30:00Z,0.22,1.815,False,39.0,0,0,82.0,99.0,0.114177902132654,1.0857677223226148,0.5256763885087506,1.3029411944028164,1.5124606998409196,1.7799932981907707,1.1357666650588507,1.6026380598673406,1.3170598447286606,1.374,1.352,0.0013246614326558475,-0.01442488680928179,1018.2256442470483
1886,Aston Villa,7,2,2025-02-15T15:00:00Z,1.715,0.685,True,40.0,0,1,236.0,50.0,0.1362724859486206,0.4677828954888534,0.2002622121882976,1.2679411944028165,1.5474606998409195,1.7799932981907707,1.1357666650588507,1.5676380598673407,1.3520598447286605,1.202,1.362,-0.00990901384903009,-0.007794712137254159,993.5868191015516
1887,Aston Villa,7,2,2025-02-19T19:30:00Z,1.37,2.22,True,14.0,0,1,97.0,162.0,0.1415452668489271,0.7016089187135526,0.3246483872575648,1.2679411944028165,1.5474606998409195,1.7695261808772609,1.1102544198145337,1.56790523286884,1.319377871995155,1.262,1.354,-0.013264649000089447,-0.00232004507442619,992.0625149389201
1888,Aston Villa,7,2,2025-02-22T17:30:00Z,2.165,1.65,True,8.0,0,2,221.0,153.0,0.1345352075491655,1.032362492332763,0.2525043012003282,1.2679411944028165,1.5474606998409195,1.7784167801692394,1.1368565594206155,1.5898369095498763,1.3297753599616997,1.247,1.3019999999999998,-0.009851516663977058,0.001471236782775831,994.3897468464869
1889,Aston Villa,7,2,2025-02-25T19:30:00Z,0.685,4.154999999999999,False,31.0,0,0,84.0,206.0,0.2376939238809531,1.3533748951398117,0.7155260799512505,1.2679411944028165,1.5474606998409195,1.8134167801692394,1.1589891473467449,1.6248369095498763,1.335073760550322,1.321,1.334,-0.002918343701091862,0.0015765758339837494,1009.5106452431278
1890,Aston Villa,7,2,2025-03-08T17:30:00Z,1.17,0.415,False,94.0,1,2,118.0,128.0,0.2093174963518524,1.1504026962198532,0.6231869510731949,1.2329411944028166,1.5824606998409194,1.8134167801692394,1.1589891473467449,1.5898369095498763,1.370073760550322,1.371,1.29,0.0037006421183234635,0.006414537558281034,994.450763378
1891,Aston Villa,7,2,2025-04-02T18:45:00Z,2.125,0.45,False,36.0,1,2,109.0,127.0,0.1716913860514407,1.0636465415043304,0.5069231841680405,1.2196946094608454,1.5474606998409195,1.8134167801692394,1.1589891473467449,1.5677564238432555,1.335073760550322,1.297,1.3030000000000002,0.0028967671406480754,0.0020701612960694503,1006.2257211220301
1892,Aston Villa,7,2,2025-04-05T16:30:00Z,2.515,1.24,True,17.0,0,2,207.0,109.0,0.1779718280937954,1.0540597162588157,0.1963922342669219,1.2546946094608453,1.5124606998409196,1.8134167801692394,1.1589891473467449,1.6027564238432555,1.300073760550322,1.267,1.3630000000000002,0.0020861285072061274,-0.0013035815845227918,1022.2979441056866
1893,Aston Villa,7,2,2025-04-12T14:00:00Z,3.14,0.155,False,20.0,1,2,270.0,51.0,0.1379821891511206,0.8517250878367014,0.4342735876862537,1.2546946094608453,1.5124606998409196,1.8484167801692393,1.1693634365067782,1.6377564238432554,1.3020787113791101,1.381,1.399,0.0043221608182974856,-0.007956664083227073,1037.4668678145733
1894,Aston Villa,7,2,2025-04-19T16:30:00Z,2.63,1.0,True,4.0,0,2,216.0,141.0,0.2339780885173964,0.9376020015346344,0.1638606266520504,1.2896946094608452,1.4774606998409197,1.8484167801692393,1.1693634365067782,1.6727564238432553,1.2670787113791102,1.548,1.239,0.011953031838486635,-0.016541725524848408,1039.9734906121487
1895,Aston Villa,7,2,2025-04-22T19:00:00Z,1.38,1.665,False,43.0,0,0,97.0,161.0,0.1695417026730938,0.8335639572063234,0.3977683459781973,1.2896946094608452,1.4774606998409197,1.8834167801692392,1.1376718208433219,1.7077564238432552,1.2320787113791103,1.64,1.226,0.0268456448990541,-0.025484441215454443,1056.0788342009946
1896,Aston Villa,7,2,2025-05-03T11:30:00Z,0.98,0.425,True,54.0,1,2,106.0,105.0,0.1953162910690861,0.9003571123047156,0.1318915985071503,1.3130618895599264,1.4583253105148855,1.8834167801692392,1.1376718208433219,1.716264366022909,1.229601815806127,1.655,1.288,0.03121542031137906,-0.02189556774956029,1043.4606632009054
1897,Aston Villa,7,2,2025-05-10T16:30:00Z,1.0,0.4,False,91.0,1,2,95.0,146.0,0.1518657687457396,0.6861053000493627,0.4382642690941535,1.3130618895599264,1.4583253105148855,1.8484167801692393,1.102671820843322,1.6840367429993046,1.1946018158061271,1.525,1.3430000000000002,0.019340726351977342,-0.022279726012569258,1055.0193205911241
1898,Aston Villa,7,2,2025-05-16T18:30:00Z,1.6949999999999998,0.255,True,6.0,1,2,213.0,35.0,0.1630237819426225,0.8047221984592232,0.1025823543944502,1.2893038105977739,1.4233253105148855,1.8484167801692393,1.102671820843322,1.6490367429993047,1.1596018158061272,1.523,1.327,0.002821442726515671,-0.02663691600448135,1065.2077136079654
1899,Aston Villa,7,2,2025-05-25T15:00:00Z,0.2,2.43,False,1.0,0,0,62.0,277.0,0.1670067090244641,1.0869707889272822,0.3786499870732305,1.2893038105977739,1.4233253105148855,1.8488851318209136,1.067671820843322,1.6584508861129112,1.1246018158061273,1.515,1.209,-0.007997552977347893,-0.027566147559538966,1069.8393150302666
1900,Everton,11,8,2022-08-06T16:30:00Z,0.0,1.0,True,8.0,0,0,128.0,217.0,0.0,1.0,0.0,1.051390260373155,1.3822326858813703,1.051390260373155,1.3822326858813703,1.051390260373155,1.3822326858813703,1.5,1.5,,,1000.0
1901,Everton,11,8,2022-08-13T11:30:00Z,0.0,2.0,False,7.0,0,0,228.0,199.0,0.0,1.0,1.0,1.051390260373155,1.3822326858813703,1.0163902603731552,1.3475053181913117,1.0163902603731552,1.3475053181913117,1.28,2.17,-0.03499999999999992,-0.034727367690058575,958.75
1902,Everton,11,8,2022-08-20T14:00:00Z,1.0,1.0,True,17.0,0,1,228.0,141.0,0.0,0.7777777777777778,0.2222222222222222,1.0163902603731552,1.4172326858813702,1.0163902603731552,1.3475053181913117,0.9813902603731551,1.3825053181913116,1.78,2.08,-0.034999999999999976,0.00013631615497067262,928.8802443666025
1903,Everton,11,8,2022-08-27T14:00:00Z,1.0,1.0,False,94.0,0,1,186.0,238.0,0.0,1.0,0.7777777777777778,1.0163902603731552,1.4172326858813702,0.9949769251782233,1.3309090825906782,0.9624269251782234,1.3656368812575543,1.9466666666666663,1.8566666666666665,-0.030189000558479517,-0.0014787413871447884,930.3891979514129
1904,Everton,11,8,2022-08-30T19:00:00Z,1.0,1.0,False,2.0,0,1,100.0,149.0,0.0,1.0,0.6049382716049383,1.0001563144667225,1.3822326858813703,0.9949769251782233,1.3309090825906782,0.9456316960036132,1.3306368812575544,1.925,1.9875,-0.02654804639340156,-0.008506004618138907,931.153522247854
1905,Everton,11,8,2022-09-03T11:30:00Z,0.0,0.0,True,14.0,1,1,174.0,305.0,0.0,0.6049382716049383,0.1728395061728395,0.9775793393558551,1.3612657418572474,0.9949769251782233,1.3309090825906782,0.9249630825389545,1.3118361806345744,1.74,1.888,-0.02466785478498744,-0.011984464970543098,932.6206162028546
1906,Everton,11,8,2022-09-18T13:15:00Z,1.0,0.0,True,21.0,1,2,79.0,213.0,0.0,0.4705075445816187,0.1344307270233196,0.9775793393558551,1.3612657418572474,0.9599769251782233,1.2959090825906783,0.8899630825389545,1.2768361806345745,1.74,2.0816666666666666,-0.023377504338520438,-0.017152945727254214,933.9103623034866
1907,Everton,11,8,2022-10-01T14:00:00Z,2.0,1.0,False,20.0,0,2,202.0,263.0,0.0,1.0,0.4705075445816187,0.9775793393558551,1.3612657418572474,0.9396527804217645,1.2609090825906784,0.8723904334128518,1.2418361806345746,1.604285714285714,2.0885714285714285,-0.02237312217668519,-0.028244242579302994,952.8399247803524
1908,Everton,11,8,2022-10-09T18:00:00Z,1.0,2.0,True,1.0,0,0,158.0,115.0,0.0,0.5881725346745923,0.3267794543514708,1.0122369048303739,1.3510223155267467,0.9396527804217645,1.2609090825906784,0.9073904334128519,1.2378973353227203,1.65625,2.15625,-0.01514017847426119,-0.02685999518694599,966.7358130385505
1909,Everton,11,8,2022-10-15T16:30:00Z,0.0,2.0,False,6.0,0,0,33.0,335.0,0.0,1.0,0.5881725346745923,1.0122369048303739,1.3510223155267467,0.924959672586897,1.2959090825906783,0.8951372126488373,1.2728973353227202,1.6477777777777778,2.0444444444444447,-0.009221800379379723,-0.015586121874563812,957.9842595837091
1910,Everton,11,8,2022-10-19T18:30:00Z,0.0,1.0,False,4.0,0,0,24.0,210.0,0.0,1.0,0.4574675269691273,0.9772369048303738,1.3809288103270325,0.924959672586897,1.2959090825906783,0.8601372126488372,1.3068788169031529,1.516,2.175,-0.00781734168916966,-0.0011583485687007083,949.9431736972242
1911,Everton,11,8,2022-10-22T14:00:00Z,3.0,0.0,True,31.0,1,2,141.0,124.0,0.0,0.4574675269691273,0.2541617978289217,0.9422369048303738,1.3459288103270326,0.924959672586897,1.2959090825906783,0.826536348815707,1.271878816903153,1.412,2.168,-0.010461330047779877,0.005866888289960777,941.3213984611273
1912,Everton,11,8,2022-10-29T16:30:00Z,0.0,0.0,False,54.0,1,1,137.0,276.0,0.0,0.7777777777777778,0.3558080765315435,0.9422369048303738,1.3459288103270326,0.9599596725868971,1.2609090825906784,0.8615363488157071,1.236878816903153,1.325,2.093,-0.009480933622204523,0.0031754030761320887,959.6147499965559
1913,Everton,11,8,2022-11-05T17:30:00Z,0.0,2.0,True,13.0,0,0,194.0,257.0,0.0,0.8002525209759879,0.1976813983113835,0.9072369048303738,1.3109288103270327,0.9599596725868971,1.2609090825906784,0.826536348815707,1.2018788169031531,1.234,2.228,-0.015390682237664143,-0.009232804210186777,959.7851129953713
1914,Everton,11,8,2022-11-12T15:00:00Z,0.4122,2.75275,False,91.0,0,0,157.0,271.0,0.0,0.8954938271604939,0.5615840595245338,0.9072369048303738,1.3109288103270327,0.924959672586897,1.2959090825906783,0.791536348815707,1.236878816903153,1.242,2.247,-0.01668019744757263,-0.015145502631366714,942.1100998857994
1915,Everton,11,8,2022-12-26T15:00:00Z,1.3696000000000002,1.3568,True,39.0,0,0,144.0,112.0,0.0535111111111111,0.7060408496479905,0.1751966431310761,0.8722369048303737,1.3459288103270326,0.924959672586897,1.2959090825906783,0.756536348815707,1.271878816903153,1.2990000000000002,2.369,-0.0188001234047329,-0.00899999999999998,925.7660732716819
1916,Everton,11,8,2022-12-31T15:00:00Z,0.54285,1.51955,False,43.0,0,1,35.0,250.0,0.0316666666666666,0.9909840877914952,0.5772987129635263,0.8722369048303737,1.3459288103270326,0.9306760069812972,1.3149502601028427,0.7698156206766292,1.2963935224595633,1.269,2.176,-0.01810296116272541,0.007502100793772896,910.903912352369
1917,Everton,11,8,2023-01-03T19:45:00Z,1.1558000000000002,3.0989,True,36.0,0,0,113.0,215.0,0.0536641975308641,0.8381428830595481,0.3236418335463925,0.8446038233023225,1.3109288103270327,0.9306760069812972,1.3149502601028427,0.7490341588627875,1.2613935224595634,1.225,2.213,-0.0219335181194809,0.012603361270036632,914.2717464999643
1918,Everton,11,8,2023-01-14T15:00:00Z,1.20375,1.62215,True,20.0,0,0,109.0,129.0,0.0660943758573388,0.8824444646018708,0.2733214260916387,0.8446038233023225,1.3109288103270327,0.927484456525829,1.3499502601028426,0.7541401363501744,1.2963935224595633,1.136,2.165,-0.01360595315215713,0.016303781428791204,906.464243504415
1919,Everton,11,8,2023-01-21T15:00:00Z,0.33725,2.1669,False,21.0,0,0,89.0,135.0,0.1422296296296296,1.1514987349489407,0.4693212211938538,0.8446038233023225,1.3109288103270327,0.9108093429737449,1.3849502601028425,0.7462850012701138,1.3313935224595632,1.087,2.1790000000000003,-0.0072636239125258755,0.014603361270036625,890.0559488278328
1920,Everton,11,8,2023-02-04T12:30:00Z,1.275,0.43,True,3.0,1,2,121.0,130.0,0.0691845145557079,0.8152345835792327,0.2570277758490523,0.8096038233023225,1.3459288103270326,0.9108093429737449,1.3849502601028425,0.7112850012701137,1.3663935224595631,1.143,1.979,-0.008335503384575017,0.017502100793772873,876.1355512358497
1921,Everton,11,8,2023-02-13T20:00:00Z,0.135,2.095,False,14.0,0,0,45.0,168.0,0.1172897119341563,1.2889434605158427,0.4516942831507751,0.8096038233023225,1.3459288103270326,0.9446260527219779,1.3499502601028426,0.7462850012701138,1.3313935224595632,1.24,1.899,-0.006821591568304546,0.014999999999999966,918.0248057028491
1922,Everton,11,8,2023-02-18T15:00:00Z,1.3,0.3,True,2.0,1,2,162.0,46.0,0.0849212890988839,0.6740713427838477,0.2576882701048184,0.777246581392369,1.3658709696738809,0.9446260527219779,1.3499502601028426,0.7112850012701137,1.3557878481234404,1.144,1.943,-0.007066034091530015,0.017484903666268144,906.311629839877
1923,Everton,11,8,2023-02-25T15:00:00Z,0.865,1.97,True,7.0,0,0,171.0,105.0,0.0838276692991319,0.5976110443874372,0.5404242100815254,0.777246581392369,1.3658709696738809,0.9425793589260894,1.3149502601028427,0.7193761957449671,1.3207878481234405,1.169,1.713,-0.006966277229315325,0.004575845866029083,921.2883527555425
1924,Everton,11,8,2023-03-01T19:45:00Z,0.7,3.395,False,3.0,0,0,128.0,179.0,0.0912253315043438,1.513622691512322,0.4735399980061585,0.777246581392369,1.3658709696738809,0.9192496040039896,1.3499502601028426,0.704199071434162,1.3557878481234404,1.146,1.561,-0.006318744735862812,0.00027282659928272885,910.6008400606278
1925,Everton,11,8,2023-03-05T14:00:00Z,1.855,1.455,False,17.0,0,1,132.0,127.0,0.0798419245033785,1.219484315620695,0.5260866651159011,0.7630881350798088,1.4008709696738808,0.9192496040039896,1.3499502601028426,0.6966196864257905,1.3907878481234404,1.117,1.469,-0.005471233407274794,0.004575845866029083,907.3150759391773
1926,Everton,11,8,2023-03-11T15:00:00Z,1.015,1.05,True,94.0,1,2,140.0,123.0,0.2940881872326582,0.5603641456346733,0.5358854967300754,0.7980881350798088,1.4164597420382676,0.9192496040039896,1.3499502601028426,0.7316196864257906,1.4162736541714447,1.105,1.484,-0.0037857040875825926,0.01612573310169734,907.4411050949996
1927,Everton,11,8,2023-03-18T17:30:00Z,1.715,2.185,False,8.0,0,1,105.0,205.0,0.2043214968359611,1.006265578816096,0.7358451839790341,0.7980881350798088,1.4164597420382676,0.9091821395107978,1.3209200015270754,0.7315870740236852,1.3822181880886006,1.21,1.357,0.0037331843086273117,0.01296026051342324,936.7569508752449
1928,Everton,11,8,2023-04-03T19:00:00Z,0.945,1.71,True,6.0,0,1,135.0,71.0,0.2576241456254008,0.4513943354936348,0.7012442752345031,0.8330881350798088,1.4514597420382676,0.9091821395107978,1.3209200015270754,0.7665870740236852,1.4172181880886006,1.202,1.347,0.010091954261775992,0.016769386450551003,937.0504845758429
1929,Everton,11,8,2023-04-08T11:30:00Z,0.51,2.73,False,1.0,0,0,70.0,308.0,0.358916719761303,1.3226510057458527,0.6034351430948043,0.8330881350798088,1.4514597420382676,0.8859957231903468,1.3028306698978507,0.7527762608503038,1.3937965204139884,1.228,1.289,0.012935871356351067,0.006722254721867892,937.8410271071182
1930,Everton,11,8,2023-04-15T14:00:00Z,1.2,2.415,True,54.0,0,0,127.0,156.0,0.2048187799308673,0.7555289276061603,0.5454122140712802,0.8009716109672682,1.4864597420382675,0.8859957231903468,1.3028306698978507,0.7229439476819316,1.4287965204139883,1.209,1.462,0.006574029415835575,0.004503198862296306,931.5788608950922
1931,Everton,11,8,2023-04-22T14:00:00Z,0.205,0.34,False,31.0,1,1,85.0,82.0,0.3080463375921246,1.1087285600245522,0.4693384446292922,0.8009716109672682,1.4864597420382675,0.8852797669204956,1.3378306698978506,0.7298934031450449,1.4637965204139882,1.215,1.4880000000000002,-0.0013820459600677236,0.010112218871836243,919.9991690070875
1932,Everton,11,8,2023-04-27T18:45:00Z,0.825,3.22,True,4.0,0,0,0.0,0.0,0.1770812732795635,0.9720780548047914,0.5664317220554401,0.7659716109672682,1.4514597420382676,0.8852797669204956,1.3378306698978506,0.7021071538647242,1.4287965204139883,1.255,1.402,-0.008208940759974224,0.011646475960088606,920.0950891957978
1933,Everton,11,8,2023-05-01T19:00:00Z,2.665,2.73,False,13.0,0,1,241.0,144.0,0.2662582625716524,1.135677768907985,0.8339299013783383,0.7659716109672682,1.4514597420382676,0.8717119209847262,1.3728306698978505,0.700786292668579,1.4637965204139882,1.093,1.356,-0.013544622064833048,0.010654047475055372,915.2516500895547
1934,Everton,11,8,2023-05-08T16:30:00Z,3.145,2.13,False,36.0,0,2,158.0,234.0,0.3915342042223963,1.309971598039544,0.8130565899609298,0.8009716109672682,1.4864597420382675,0.8717119209847262,1.3728306698978505,0.735786292668579,1.4987965204139881,1.163,1.395,-0.00512025872082865,0.01699999999999996,915.2456459610025
1935,Everton,11,8,2023-05-14T13:00:00Z,0.925,1.88,True,43.0,0,0,101.0,120.0,0.1421743236618827,0.8405051537370599,0.5205580060431201,0.8359716109672682,1.5214597420382674,0.8717119209847262,1.3728306698978505,0.770786292668579,1.533796520413988,1.193,1.45,0.007301986637362685,0.018999999999999958,941.0112857841675
1936,Everton,11,8,2023-05-20T14:00:00Z,1.485,1.275,False,39.0,0,1,148.0,128.0,0.3178599366174193,1.3677556873640897,0.6368217921918343,0.8359716109672682,1.5214597420382674,0.8782251972761704,1.362606836927669,0.7855917011161351,1.5082561650497073,1.162,1.443,0.014843683036200435,0.016351377805102697,937.8579057651573
1937,Everton,11,8,2023-05-28T15:30:00Z,0.995,0.245,True,91.0,1,2,0.0,0.0,0.1394689184036865,0.6892817862399355,0.4471006713668711,0.861337232027477,1.5319578308658923,0.8782251972761704,1.362606836927669,0.8089846037288896,1.5272171992729675,1.17,1.4480000000000002,0.02353724213324272,0.018870923662915803,937.8919928793855
1938,Everton,11,9,2023-08-12T14:00:00Z,1.3650000000000002,1.25,True,54.0,0,0,227.0,97.0,0.1084758254250895,0.813885833742172,0.3988560777297886,0.861337232027477,1.5319578308658923,0.8519558167537532,1.327606836927669,0.7873082154122935,1.4922171992729676,1.065,1.243,0.019057427295630296,0.005766430728787261,951.3163689381299
1939,Everton,11,9,2023-08-20T13:00:00Z,0.3399999999999999,3.555,False,7.0,0,0,86.0,168.0,0.2516688395913261,1.5971433123942922,0.6508613939269823,0.861337232027477,1.5319578308658923,0.8664563156786276,1.3244097208923948,0.8040544227439459,1.4830366007508329,1.157,1.269,0.011837123463449497,-0.005273615071873644,937.8683575509639
1940,Everton,11,9,2023-08-26T14:00:00Z,0.6,1.08,True,39.0,0,0,187.0,81.0,0.0843700864417363,0.728577870688356,0.4724436160120578,0.826337232027477,1.5669578308658922,0.8664563156786276,1.3244097208923948,0.7690605137875056,1.5180366007508328,1.173,1.129,0.0007166537760419819,-0.005413094034639984,929.7149555089488
1941,Everton,11,9,2023-09-02T11:30:00Z,2.295,1.62,False,49.0,0,1,213.0,203.0,0.2935202085710314,1.3066670207511162,0.6262255286098751,0.826337232027477,1.5669578308658922,0.8314563156786275,1.3310320008571621,0.7340605137875056,1.5177562923251837,1.233,1.054,-0.010305199975304198,0.00030794977968123967,914.9833079647464
1942,Everton,11,9,2023-09-17T15:30:00Z,0.15,1.01,True,3.0,0,0,40.0,135.0,0.0922878450102393,0.7666716772020546,0.3763450346760449,0.861337232027477,1.5631916037891065,0.8314563156786275,1.3310320008571621,0.7690605137875056,1.5165707785420295,1.361,1.175,-0.01126735610107782,0.0016681478714845202,914.9805722677664
1943,Everton,11,9,2023-09-23T16:30:00Z,2.42,1.02,False,94.0,0,2,168.0,98.0,0.2994046066663578,1.1629632383619792,0.498175411141014,0.861337232027477,1.5631916037891065,0.8101989173871548,1.2960320008571622,0.7427593162952328,1.4815707785420296,1.401,1.31,-0.010363606355846398,0.0013454320369500178,911.0206328385298
1944,Everton,11,9,2023-09-30T14:00:00Z,2.33,1.445,True,102.0,0,0,222.0,96.0,0.1873349905635195,0.6051890822682647,0.3727128047480349,0.8963372320274771,1.5281916037891066,0.8101989173871548,1.2960320008571622,0.7777593162952329,1.4465707785420296,1.328,1.264,-0.005010832134868098,-0.008368916898673718,938.2951553541033
1945,Everton,11,9,2023-10-07T14:00:00Z,2.855,0.36,True,91.0,1,2,256.0,115.0,0.1968161037716262,0.5107026195419837,0.3587766259151382,0.8963372320274771,1.5281916037891066,0.8451989173871548,1.313607111046618,0.8127593162952329,1.458722886479606,1.392,1.126,0.009236834930558444,-0.015575003220159887,917.2950692245086
1946,Everton,11,9,2023-10-21T11:30:00Z,0.065,3.075,False,14.0,0,0,35.0,206.0,0.2862035829627227,1.3467491853926503,0.3919142086652331,0.8963372320274771,1.5281916037891066,0.8801989173871548,1.2786071110466182,0.8477593162952329,1.423722886479606,1.547,1.121,0.02098829771605196,-0.019391734440433097,929.6029590343193
1947,Everton,11,9,2023-10-29T13:00:00Z,0.91,0.33,False,21.0,1,2,98.0,111.0,0.2448250089710065,1.174138255305395,0.3048221622951813,0.8660489421216144,1.5367154413165989,0.8801989173871548,1.2786071110466182,0.8128475237669003,1.4373632162663095,1.4340000000000002,1.199,0.016255287139913532,-0.015926553703665546,924.5184226177312
1948,Everton,11,9,2023-11-04T15:00:00Z,0.855,0.765,True,36.0,0,1,115.0,94.0,0.184190302933487,0.4549909263104317,0.3123818201562186,0.8453991560279954,1.501715441316599,0.8801989173871548,1.2786071110466182,0.793725917398136,1.4023632162663096,1.5319999999999998,1.31,0.011288503655129092,-0.01310458566302173,941.7983639720351
1949,Everton,11,9,2023-11-11T15:00:00Z,2.315,2.12,False,31.0,0,2,124.0,195.0,0.2037527847552273,1.1887741985708629,0.4481950151184742,0.8453991560279954,1.501715441316599,0.8571445340999749,1.2436071110466183,0.7810023833935071,1.3673632162663096,1.42,1.307,-0.0021656186779500557,-0.01575647120662246,942.2741758368603
1950,Everton,11,9,2023-11-26T16:30:00Z,1.395,2.59,True,1.0,0,0,205.0,107.0,0.161036902281601,0.6449929426858914,0.4185191934548367,0.8803991560279955,1.5367154413165989,0.8571445340999749,1.2436071110466183,0.8160023833935072,1.4023632162663096,1.4580000000000002,1.334,-0.00580505913093058,-0.01388221033446776,959.0642758619016
1951,Everton,11,9,2023-12-02T17:30:00Z,0.845,0.355,False,17.0,1,2,81.0,114.0,0.1895854992540657,1.051268821110671,0.3485961228699244,0.8803991560279955,1.5367154413165989,0.8770973219580993,1.2786071110466182,0.8471164677648744,1.4373632162663095,1.476,1.36,-0.00018494850790288706,-0.002051381459042366,951.0286211662773
1952,Everton,11,9,2023-12-07T19:30:00Z,3.12,0.79,True,4.0,1,2,258.0,100.0,0.1408064795523563,0.7394389554223599,0.4255149282426507,0.8564991155461298,1.501715441316599,0.8770973219580993,1.2786071110466182,0.8186086454272965,1.4023632162663096,1.344,1.271,0.006399350268634176,-0.0009999999999999976,964.8029474445191
1953,Everton,11,9,2023-12-10T14:00:00Z,1.585,0.465,True,8.0,1,2,97.0,121.0,0.1295161507629438,0.6973414097729467,0.3954004997442839,0.8564991155461298,1.501715441316599,0.9120973219580993,1.2436071110466183,0.8536086454272965,1.3673632162663096,1.5619999999999998,1.236,0.012667043160529651,-0.0009999999999999976,988.066443563548
1954,Everton,11,9,2023-12-16T17:30:00Z,1.675,0.385,False,90.0,1,2,160.0,99.0,0.1630109438642733,0.9020979719749664,0.3422414288988301,0.8564991155461298,1.501715441316599,0.9462711920580045,1.2086071110466183,0.8886086454272966,1.3323632162663097,1.491,1.259,0.017781207826649638,-0.00899999999999998,1000.2408921682863
1955,Everton,11,9,2023-12-23T15:00:00Z,1.48,1.67,False,6.0,0,0,215.0,139.0,0.1467862896722125,0.9794095337583072,0.2661877780324234,0.8703764716038511,1.466715441316599,0.9462711920580045,1.2086071110466183,0.9017541638088384,1.2973632162663098,1.429,1.262,0.016806726716112084,-0.024999999999999942,1006.5574702381651
1956,Everton,11,9,2023-12-27T20:15:00Z,1.005,2.8,True,43.0,0,0,92.0,218.0,0.1362903394822896,0.8312655409345141,0.5742003886899987,0.8933328149718448,1.4708434493752138,0.9462711920580045,1.2086071110466183,0.9208151917152754,1.305565171528123,1.388,1.286,0.018655147854189452,-0.028828292105455202,992.7986880968974
1957,Everton,11,9,2023-12-30T15:00:00Z,0.23,2.53,False,39.0,0,0,47.0,193.0,0.267500447522832,0.8573185262564612,0.4159238273585515,0.8933328149718448,1.4708434493752138,0.9591590906574957,1.2436071110466183,0.9379839827244204,1.338361803478945,1.445,1.298,0.023189766963745657,-0.015440034232896645,984.228217213879
1958,Everton,11,9,2024-01-14T14:00:00Z,0.565,0.555,True,7.0,1,1,88.0,148.0,0.1326702640417808,0.7065398651712889,0.6066003023144434,0.8583328149718448,1.5058434493752137,0.9591590906574957,1.2436071110466183,0.9029839827244204,1.373361803478945,1.394,1.38,0.011830392179526505,0.0016054472275113124,967.2777490130651
1959,Everton,11,9,2024-01-30T19:45:00Z,1.075,0.855,False,54.0,1,1,143.0,173.0,0.2791670147399804,0.8401366315328032,0.4590518657233178,0.8583328149718448,1.5058434493752137,0.9241590906574957,1.2086071110466183,0.8718192887353848,1.338361803478945,1.367,1.4340000000000002,-0.0018025295915333657,0.0083081522757687,968.7028104487785
1960,Everton,11,9,2024-02-03T12:30:00Z,2.6,1.49,True,6.0,0,1,176.0,100.0,0.1120768720324962,0.7584198951332247,0.471800235133456,0.8536450819884409,1.4708434493752138,0.9241590906574957,1.2086071110466183,0.8631118825225094,1.312105045989909,1.386,1.412,-0.010719974724894773,0.005917115556298936,968.6370300181887
1961,Everton,11,9,2024-02-10T12:30:00Z,0.16,1.815,False,43.0,0,0,31.0,187.0,0.306018789242207,0.7645507134144025,0.5192625622292473,0.8536450819884409,1.4708434493752138,0.9591590906574957,1.2077359574642486,0.8981118825225094,1.30291949517588,1.357,1.405,-0.010551358301674243,-0.0036285329779520673,969.0570520977838
1962,Everton,11,9,2024-02-19T20:00:00Z,1.35,0.81,True,31.0,0,1,169.0,94.0,0.1227264560252748,0.6387710295480636,0.4202890717704657,0.8335878974829553,1.447505696720374,0.9591590906574957,1.2077359574642486,0.8769115171557769,1.282012899188431,1.307,1.4780000000000002,-0.00939102956176646,-0.014837948681451468,963.395458157062
1963,Everton,11,9,2024-02-24T15:00:00Z,0.635,1.125,False,36.0,0,1,69.0,208.0,0.2913479471883832,0.7235394437667575,0.4972042150671923,0.8335878974829553,1.447505696720374,0.9773999501224659,1.1896960900790763,0.9001264463966309,1.2635804212107529,1.218,1.472,0.0010282572463493876,-0.020775405000758057,963.0495883343386
1964,Everton,11,9,2024-03-02T15:00:00Z,1.865,2.435,True,21.0,0,0,202.0,143.0,0.1932316880196581,0.8168219118707161,0.3268915002659178,0.8096183172125679,1.4128276510633475,0.9773999501224659,1.1896960900790763,0.8691599458526724,1.235598929008478,1.19,1.5590000000000002,0.0021870460526305685,-0.019436995505064385,963.1534352381155
1965,Everton,11,9,2024-03-09T12:30:00Z,0.775,2.28,False,1.0,0,0,213.0,210.0,0.3110484033687425,1.0494195673741449,0.3867143894967051,0.8096183172125679,1.4128276510633475,1.0123999501224659,1.2246960900790762,0.9041599458526725,1.2705989290084778,1.232,1.6030000000000002,0.004045698168061672,-0.012226421753915449,950.8169450181574
1966,Everton,11,9,2024-03-30T15:00:00Z,1.06,1.78,False,91.0,0,0,115.0,160.0,0.2419265359534664,0.9362152190687792,0.527444525164104,0.7939065623644467,1.4478276510633474,1.0123999501224659,1.2246960900790762,0.8796387041643954,1.3055989290084777,1.23,1.6740000000000002,-0.0011882030355383363,-0.0013950352451184524,941.4190538376125
1967,Everton,11,9,2024-04-02T18:30:00Z,1.205,1.77,False,4.0,0,1,101.0,194.0,0.2170539724082516,0.9770562814979394,0.7080124084609698,0.7849389989025756,1.4447312111683677,1.0123999501224659,1.2246960900790762,0.8610415086709017,1.3066784107185232,1.253,1.616,-0.003023236260602353,0.008125230886961017,928.4828893350542
1968,Everton,11,9,2024-04-06T14:00:00Z,0.915,0.23,True,90.0,1,2,98.0,96.0,0.1702913129041785,0.6530837092327791,0.3186933890957139,0.8104544615255275,1.4372319466715184,1.0123999501224659,1.2246960900790762,0.87133735960815,1.309545074554484,1.307,1.617,-0.005509199633599825,0.013658906052822627,929.2108524337656
1969,Everton,11,9,2024-04-15T19:00:00Z,0.705,4.48,False,8.0,0,0,96.0,210.0,0.208819756317529,1.346599330053953,0.6506763176918654,0.8104544615255275,1.4372319466715184,0.9773999501224658,1.1896960900790763,0.8363373596081499,1.2745450745544842,1.317,1.565,-0.008033653869990678,0.008932818459374164,938.9247986487356
1970,Everton,11,9,2024-04-21T12:30:00Z,1.22,0.425,True,17.0,1,2,71.0,123.0,0.15022657670325,0.5968428849588282,0.3323170804077774,0.7898166500987638,1.4722319466715184,0.9773999501224658,1.1896960900790763,0.8094121644970502,1.309545074554484,1.27,1.602,-0.016952773985988552,0.002983880805828904,929.0007926857993
1971,Everton,11,9,2024-04-24T19:00:00Z,1.5499999999999998,1.03,True,14.0,1,2,200.0,231.0,0.1523984485469722,0.7508777994124219,0.3918021736504936,0.7898166500987638,1.4722319466715184,0.969255554656856,1.1546960900790764,0.8124102241851592,1.2745450745544842,1.165,1.625,-0.015029440926221011,-0.005190550878916714,944.0749447426385
1972,Everton,11,9,2024-04-27T16:30:00Z,0.885,0.42,True,94.0,1,2,103.0,125.0,0.1340876822032006,0.6462382884318837,0.4114016906170505,0.7898166500987638,1.4722319466715184,1.004255554656856,1.1196960900790764,0.8474102241851592,1.2395450745544843,1.334,1.669,-0.0077675149659652675,-0.011590476594862701,970.9453352133737
1973,Everton,11,9,2024-05-03T19:00:00Z,1.215,0.98,False,102.0,0,1,118.0,137.0,0.2090820326914114,1.1140217011530744,0.6038593582047842,0.7898166500987638,1.4722319466715184,0.9848855865802867,1.0846960900790765,0.8337525272246643,1.2045450745544843,1.268,1.7,-0.004334500242808326,-0.018999999999999958,981.5716987434953
1974,Everton,11,9,2024-05-11T14:00:00Z,1.58,0.32,True,49.0,1,2,163.0,83.0,0.1176237528247116,0.5981853354470206,0.3510902038132615,0.7724810613690155,1.4476652917908206,0.9848855865802867,1.0846960900790765,0.807428695529566,1.1945397665445776,1.317,1.629,-0.0010434923488593555,-0.021429329715700916,979.8308396315708
1975,Everton,11,9,2024-05-19T15:00:00Z,0.75,2.4450000000000003,False,3.0,0,0,42.0,274.0,0.2692860254266533,1.3953502120079468,0.478557278603721,0.7724810613690155,1.4476652917908206,0.9974024980481344,1.0528036616104717,0.8239306513166244,1.1595397665445777,1.278,1.569,0.0012568614620170322,-0.029286927545121477,984.1739568650568
1976,Everton,11,8,2024-08-17T14:00:00Z,0.23,2.215,True,36.0,0,0,68.0,160.0,0.1070406966414423,0.7185885942365715,0.3241812696325368,0.7709649800329621,1.4667102526060696,0.9974024980481344,1.0528036616104717,0.8312956221981916,1.1945397665445776,1.107,1.633,-6.673029244401718e-05,-0.018572793488261696,978.4788326594607
1977,Everton,11,8,2024-08-24T14:00:00Z,0.5,3.215,False,6.0,0,0,96.0,182.0,0.3338891308873971,1.5030501648950698,0.372211216691783,0.7709649800329621,1.4667102526060696,0.9624024980481344,1.0878036616104716,0.7962956221981916,1.2295397665445775,1.06,1.633,-0.00704119340649136,-0.0032869275451215363,959.0912496642251
1978,Everton,11,8,2024-08-31T14:00:00Z,1.985,2.6100000000000003,True,91.0,0,0,203.0,250.0,0.1276983196100107,0.9633466844062224,0.2965854319364175,0.7359649800329621,1.5017102526060695,0.9624024980481344,1.0878036616104716,0.7612956221981916,1.2645397665445774,1.055,1.621,-0.011094822121283411,0.012570670284299005,946.4767469236773
1979,Everton,11,8,2024-09-14T16:30:00Z,1.445,2.56,False,7.0,0,0,80.0,195.0,0.2596915462457533,1.3045945726961654,0.6250531685380535,0.7359649800329621,1.5017102526060695,0.9974024980481344,1.1228036616104715,0.7962956221981916,1.2995397665445774,1.16,1.775,-0.007959155828919148,0.024999999999999942,930.7633888409091
1980,Everton,11,8,2024-09-21T14:00:00Z,1.05,0.8300000000000001,False,13.0,0,1,151.0,125.0,0.2330934248578081,1.1302402232081288,0.486152464418486,0.7672736412136166,1.5367102526060694,0.9974024980481344,1.1228036616104715,0.8227815793404908,1.3345397665445773,1.144,1.76,-0.004164153139447656,0.03499999999999992,922.6084105024527
1981,Everton,11,8,2024-09-28T14:00:00Z,1.445,0.975,True,31.0,0,2,91.0,158.0,0.2148764708077861,0.8181585323159508,0.2551220026172136,0.7502052883615415,1.50716618625816,0.9974024980481344,1.1228036616104715,0.8006120635678733,1.3082144608522936,1.224,1.7619999999999998,-0.0011131406207055487,0.026239242043959412,922.5440747321762
1982,Everton,11,8,2024-10-05T16:30:00Z,0.36,1.025,True,4.0,1,1,56.0,146.0,0.1737928106282781,1.0852344140235173,0.1984282242578328,0.7502052883615415,1.50716618625816,1.0193592929569069,1.1215376685932228,0.8334153119541382,1.2974338355996535,1.115,1.689,0.009429535143745066,0.014442697948529386,942.3584191168771
1983,Everton,11,8,2024-10-19T14:15:00Z,1.87,0.625,False,40.0,1,2,163.0,92.0,0.2257393304449619,1.0724090624952112,0.4225630278810447,0.7502052883615415,1.50716618625816,0.9843592929569068,1.0872033636865306,0.7984153119541382,1.2624338355996536,1.068,1.71,0.007851085779284436,-0.0012335072357621245,943.0823694799426
1984,Everton,11,8,2024-10-26T16:30:00Z,0.895,1.13,True,54.0,0,1,128.0,110.0,0.1618388527108829,0.9907378775738468,0.2587775077560922,0.7838229294005866,1.47216618625816,0.9843592929569068,1.0872033636865306,0.829838510701579,1.2354246017806703,1.113,1.665,0.003640539678404113,-0.01564783548305562,956.4351362013527
1985,Everton,11,8,2024-11-02T15:00:00Z,0.78,0.87,False,20.0,0,0,132.0,89.0,0.2511305903460815,0.8429848263851643,0.4064379105741459,0.7838229294005866,1.47216618625816,0.9583529297636,1.0856308758826902,0.8150151856343838,1.226736233698221,1.078,1.692,0.0003956392248737752,-0.022639635469904322,956.5638824435514
1986,Everton,11,8,2024-11-09T15:00:00Z,0.555,0.415,False,21.0,1,1,139.0,134.0,0.2042126813802856,0.7556548649662389,0.3916739304465579,0.7488229294005866,1.4563499726423628,0.9583529297636,1.0856308758826902,0.7800151856343838,1.2219315576876097,1.168,1.507,-0.0036217591394077145,-0.01915761586704858,927.6749473367692
1987,Everton,11,8,2024-11-23T15:00:00Z,0.59,0.55,True,94.0,1,1,184.0,69.0,0.1480968854417978,0.8105739047796586,0.3834936171436273,0.7138229294005866,1.4213499726423628,0.9583529297636,1.0856308758826902,0.7450151856343837,1.1869315576876098,1.239,1.481,-0.014629266732149449,-0.01950590261082284,927.774534914684
1988,Everton,11,8,2024-12-01T13:30:00Z,0.3249999999999999,2.365,False,1.0,0,0,60.0,124.0,0.1588320855179999,0.7432871171959636,0.3290797236806561,0.7138229294005866,1.4213499726423628,0.9233529297636,1.0506308758826903,0.7100151856343837,1.15193155768761,1.327,1.368,-0.020899160194295947,-0.020079862795714602,927.7963865640434
1989,Everton,11,8,2024-12-04T19:30:00Z,1.51,0.39,True,39.0,1,2,102.0,59.0,0.1151864664547316,0.6393352592730678,0.4627172577783768,0.6812135106779752,1.4563499726423628,0.9233529297636,1.0506308758826903,0.6750151856343837,1.1869315576876098,1.1840000000000002,1.242,-0.0321176178667422,-0.014339407099918156,917.6386647278482
1990,Everton,11,8,2024-12-14T15:00:00Z,0.045,0.61,False,3.0,1,1,21.0,208.0,0.1235360665139999,0.8025566467079718,0.3026175628627325,0.6812135106779752,1.4563499726423628,0.933923028553195,1.02332431363254,0.697907390882111,1.15193155768761,1.206,1.106,-0.026729684964610412,-0.014686382287230154,930.8113612122032
1991,Everton,11,8,2024-12-22T14:00:00Z,0.515,0.43,True,8.0,1,1,56.0,112.0,0.1451450294647913,0.577260757212386,0.4154467560498486,0.6641299852818436,1.4213499726423628,0.933923028553195,1.02332431363254,0.6875173382626188,1.11693155768761,1.0759999999999998,1.189,-0.018251789174732656,-0.01699999999999996,934.0453465795615
1992,Everton,11,8,2024-12-26T12:30:00Z,0.825,1.545,False,43.0,0,1,82.0,219.0,0.2805280517331111,0.7797662807728669,0.4175914377821253,0.6641299852818436,1.4213499726423628,0.898923028553195,0.98832431363254,0.6584798546142014,1.08193155768761,1.041,1.143,-0.01363651405624225,-0.018999999999999958,936.8378787256585
1993,Everton,11,8,2024-12-29T15:00:00Z,0.44,1.74,True,17.0,0,0,109.0,126.0,0.1617794673615043,0.6423139222763002,0.4275696991498822,0.6706893466280182,1.3941829057405066,0.898923028553195,0.98832431363254,0.6593919577217828,1.071009263543874,1.067,1.216,-0.008946062435515519,-0.021560327734819404,938.0737679132897
1994,Everton,11,8,2025-01-04T15:00:00Z,0.355,1.42,False,91.0,0,0,49.0,230.0,0.2492995957924197,0.9375959961566742,0.3736822293860974,0.6706893466280182,1.3941829057405066,0.8639230285531949,1.02332431363254,0.6247632993543343,1.1060092635438739,1.013,1.25,-0.011309806129418537,-0.019496524375711078,929.7730891264513
1995,Everton,11,8,2025-01-15T19:30:00Z,0.5700000000000001,1.105,True,7.0,0,0,73.0,93.0,0.1413840301700589,0.6529108284371224,0.4347764326721306,0.6356893466280181,1.3993953727277397,0.8639230285531949,1.02332431363254,0.6,1.1175793374117566,0.934,1.37,-0.01933962765793792,-0.006155722227263169,921.5846662097126
1996,Everton,11,8,2025-01-19T14:00:00Z,1.975,1.56,True,6.0,0,1,147.0,149.0,0.1188542456878236,0.6655973110066509,0.424826114300546,0.6356893466280181,1.3993953727277397,0.8289230285531949,1.0207395542737447,0.6,1.0991712536196707,0.875,1.374,-0.01850442610066135,0.001518337680935522,913.5789235740518
1997,Everton,11,8,2025-01-25T15:00:00Z,0.925,0.365,True,36.0,1,2,32.0,106.0,0.1213310799794183,0.595464575227395,0.3859758666782025,0.6356893466280181,1.3993953727277397,0.8639230285531949,1.036219418773471,0.635,1.1037576076321025,0.883,1.389,-0.009152527016876858,0.005862465537649581,913.7348101429251
1998,Everton,11,8,2025-02-01T15:00:00Z,3.2350000000000003,0.165,True,13.0,1,2,179.0,70.0,0.1299241733173254,0.4920280029546406,0.309092340749713,0.6356893466280181,1.3643953727277398,0.8481389391989973,1.036219418773471,0.6337979078085768,1.0687576076321026,0.731,1.426,-0.0027788613608295113,-0.0010406094596073334,938.0986113813105
1999,Everton,11,8,2025-02-12T19:30:00Z,1.49,1.325,True,14.0,0,1,83.0,102.0,0.1010521348023641,0.529355113409165,0.2404051539164435,0.6356893466280181,1.3643953727277398,0.8831389391989973,1.001219418773471,0.6687979078085768,1.0347456672302338,0.85,1.372,0.010187621877055525,-0.014234194768420881,948.4197424450168
2000,Everton,11,8,2025-02-15T17:30:00Z,1.485,1.36,False,31.0,0,2,144.0,142.0,0.2961219078385486,0.8314635525663022,0.4728639561891868,0.6356893466280181,1.3643953727277398,0.9181389391989974,0.9662194187734711,0.7037979078085769,0.9997456672302337,0.831,1.415,0.02069089057934834,-0.023355574573597864,952.1087040454514
2001,Everton,11,8,2025-02-22T12:30:00Z,1.955,1.205,True,1.0,0,1,177.0,82.0,0.0785961048462832,0.4672761993182394,0.2225373419350116,0.6706893466280182,1.3738836456377526,0.9181389391989974,0.9662194187734711,0.7387979078085769,1.0224667452455733,0.954,1.349,0.026725236070531865,-0.020844865813656056,969.0979485792412
2002,Everton,11,8,2025-02-26T19:30:00Z,1.185,1.24,False,94.0,0,1,102.0,155.0,0.2703170394299822,0.7689160964404573,0.5900052992582565,0.6706893466280182,1.3738836456377526,0.9531389391989974,0.9786309928008914,0.7737979078085769,1.024807777291414,1.075,1.319,0.02982827254408242,-0.01624633539608659,968.9788649917909
2003,Everton,11,8,2025-03-08T20:00:00Z,1.21,0.885,False,39.0,0,1,126.0,115.0,0.2235799195566528,0.7491569638981335,0.4677818994230884,0.6784429525659942,1.3605315768965003,0.9531389391989974,0.9786309928008914,0.7816019278648719,1.0307257086827664,1.095,1.255,0.03111486000804217,-0.0056357739013657435,968.9785678534984
2004,Everton,11,8,2025-03-15T15:00:00Z,1.0,0.915,True,21.0,0,1,177.0,157.0,0.0722414148804425,0.5389925994697418,0.1730845992827868,0.6871530383792166,1.3445808874863896,0.9531389391989974,0.9786309928008914,0.781328388255039,1.0252976036265573,1.112,1.244,0.02374469892574846,0.0013725953824301781,968.8206163780916
2005,Everton,11,8,2025-04-02T19:00:00Z,0.33,1.235,False,14.0,0,0,45.0,156.0,0.2938954929885078,0.7848998608096593,0.3682748106624021,0.6871530383792166,1.3445808874863896,0.9304998452333288,0.9711055684859629,0.771111733390108,1.0140042559342046,1.24,1.171,0.01348470255152391,0.0024486700015473946,968.8198083273649
2006,Everton,11,8,2025-04-05T11:30:00Z,1.04,1.395,True,3.0,0,1,73.0,185.0,0.1428544337958997,0.7392164662542435,0.1346213549977231,0.6709393248362308,1.3095808874863897,0.9304998452333288,0.9711055684859629,0.7513636599646261,0.9790042559342046,1.212,1.234,0.001557048511857314,-0.007290031876705164,964.7711411120812
2007,Everton,11,8,2025-04-12T14:00:00Z,1.175,0.26,False,17.0,1,2,148.0,99.0,0.2352520501021727,0.7193665584075128,0.286435963848535,0.6709393248362308,1.3095808874863897,0.9516818441914127,0.9695067839903205,0.7789850231053689,0.9670163153514211,1.138,1.27,-0.0021427394880488265,-0.013011857589657207,967.0648628467059
2008,Everton,11,8,2025-04-19T14:00:00Z,0.46,2.02,True,43.0,0,0,90.0,156.0,0.1111090040634776,0.8860572515310783,0.2447054983315624,0.6898117992001449,1.2745808874863898,0.9516818441914127,0.9695067839903205,0.7892536005317924,0.932016315351421,1.254,1.263,0.00032800555600314145,-0.02009688089948958,987.3575289285792
2009,Everton,11,8,2025-04-26T11:30:00Z,0.225,0.94,False,8.0,0,0,59.0,140.0,0.2674182611905788,0.6528406565391767,0.2427835274377494,0.6898117992001449,1.2745808874863898,0.9264400393530762,0.992849212650122,0.7669369424967423,0.9485272096027567,1.165,1.349,0.00028827816498035056,-0.01833724949857535,978.6188757961679
2010,Everton,11,8,2025-05-03T14:00:00Z,1.28,1.425,True,40.0,0,1,109.0,119.0,0.0908625587160381,0.773600084524172,0.2903264987023263,0.6648771298857052,1.2395808874863898,0.9264400393530762,0.992849212650122,0.7353705651183968,0.9217065530221938,1.141,1.3869999999999998,-0.0034776404667366738,-0.016797704387268502,965.0970867459221
2011,Everton,11,8,2025-05-10T14:00:00Z,2.06,0.895,False,54.0,0,2,177.0,159.0,0.2213253142593391,0.6210982884193595,0.2332760768960273,0.6648771298857052,1.2395808874863898,0.9270205085202746,1.0253979070071442,0.7423136702431288,0.9567065530221939,1.106,1.364,-0.005668856588670078,-0.00659734020846856,963.8852778174498
2012,Everton,11,8,2025-05-18T11:00:00Z,2.365,0.605,True,20.0,1,2,183.0,88.0,0.0706708790013629,0.6394667324076894,0.4769206101018093,0.6998771298857053,1.2138169202805589,0.9270205085202746,1.0253979070071442,0.7773136702431288,0.9370074977801449,1.106,1.4409999999999998,-0.005164083787301047,-0.0029369723264178623,981.2281755136125
2013,Everton,11,8,2025-05-25T15:00:00Z,0.995,0.635,False,4.0,1,2,108.0,181.0,0.3632530222017082,0.5275208909928352,0.2281036153635768,0.6998771298857053,1.2138169202805589,0.9620205085202747,1.008053409563794,0.8123136702431288,0.9239941303889179,1.187,1.374,0.004382103912016395,-0.0011334302937243215,984.929123650903
2014,Arsenal,3,1,2022-08-05T19:00:00Z,1.0,0.0,False,31.0,1,2,171.0,180.0,0.0,0.0,0.0,1.9965692286271235,0.9089236354775828,1.9965692286271235,0.9089236354775828,1.9965692286271235,0.9089236354775828,1.5,1.5,,,1000.0
2015,Arsenal,3,1,2022-08-13T14:00:00Z,4.0,2.0,True,13.0,0,2,257.0,75.0,0.0,1.0,0.0,1.9615692286271236,0.8739236354775828,1.9965692286271235,0.9089236354775828,1.9615692286271236,0.8739236354775828,1.71,1.8,-0.03499999999999992,-0.03500000000000003,1041.25
2016,Arsenal,3,1,2022-08-20T16:30:00Z,3.0,0.0,False,91.0,1,2,197.0,47.0,0.0,0.0,0.0,1.9615692286271236,0.8739236354775828,2.0315692286271236,0.9119548924463937,1.9965692286271235,0.8784248924463937,2.14,1.275,0.0,-0.015249371515594577,1070.4107529193875
2017,Arsenal,3,1,2022-08-27T16:30:00Z,2.0,1.0,True,54.0,0,2,383.0,131.0,0.0,0.7777777777777778,0.2222222222222222,1.9965692286271235,0.8389236354775828,2.0315692286271236,0.9119548924463937,2.0315692286271236,0.8434248924463936,2.083333333333333,1.0066666666666668,0.014000000000000035,-0.01919949721247567,1092.345618989632
2018,Arsenal,3,1,2022-08-31T18:30:00Z,2.0,1.0,True,7.0,0,2,366.0,57.0,0.0,0.8271604938271605,0.1728395061728395,1.9965692286271235,0.8389236354775828,2.040985292126149,0.9093571879504385,2.0400500814224682,0.8427151579504385,2.52,1.0825,0.015696170559068957,-0.01629156980854778,1112.7394111429523
2019,Arsenal,3,1,2022-09-04T15:30:00Z,1.0,3.0,False,1.0,0,0,216.0,129.0,0.0,0.6666666666666666,0.0,1.9965692286271235,0.8389236354775828,2.049298096437699,0.9049314350047559,2.049564182448118,0.8415548644747559,2.748,0.98,0.015297637928314492,-0.013299122502730498,1119.5091505883609
2020,Arsenal,3,1,2022-09-18T11:00:00Z,3.0,0.0,False,94.0,1,2,186.0,79.0,0.0,0.5185185185185185,0.0,1.9615692286271236,0.8739236354775828,2.049298096437699,0.9049314350047559,2.014564182448118,0.876554864474756,2.65,1.0316666666666667,0.012355442381808584,-0.0028046763835715013,1087.8423462116416
2021,Arsenal,3,1,2022-10-01T11:30:00Z,3.0,1.0,True,6.0,0,2,274.0,90.0,0.0,0.6433470507544582,0.3566529492455418,1.9965692286271235,0.8389236354775828,2.049298096437699,0.9049314350047559,2.049564182448118,0.8415548644747559,2.5371428571428574,0.9971428571428572,0.006384963759817313,-0.002460586207108124,1098.4929902171516
2022,Arsenal,3,1,2022-10-09T15:30:00Z,3.0,2.0,True,14.0,0,2,257.0,111.0,0.0,0.5003810394756897,0.7218411827465325,1.9965692286271235,0.8389236354775828,2.084298096437699,0.8819084544516289,2.0845641824481183,0.8186050904437833,2.5625,0.985,0.0073862020623406445,-0.002645139726859986,1109.5332798084994
2023,Arsenal,3,1,2022-10-16T13:00:00Z,1.0,0.0,False,2.0,1,2,122.0,215.0,0.0,0.4032921810699588,0.0,1.9965692286271235,0.8389236354775828,2.1192980964376993,0.9169084544516289,2.1195641824481184,0.8536050904437833,2.563333333333333,0.9988888888888888,0.015359157289378608,-0.0014114188464626849,1116.4484094197276
2024,Arsenal,3,1,2022-10-23T13:00:00Z,1.0,1.0,False,20.0,0,1,157.0,133.0,0.0,0.535893918609968,0.0,1.9615692286271236,0.8106919290998659,2.1192980964376993,0.9169084544516289,2.0845641824481183,0.8244007955494584,2.4290000000000003,1.114,0.015000000000000062,-0.005073412592867942,1121.9070511374414
2025,Arsenal,3,1,2022-10-30T14:00:00Z,5.0,0.0,True,17.0,1,2,402.0,63.0,0.0,0.3891852529255364,0.5614320310250809,1.9265692286271237,0.822652497871239,2.1192980964376993,0.9169084544516289,2.049564182448118,0.8369152561897499,2.415,1.067,0.009000000000000037,-0.006133149948597784,1118.5661054383825
2026,Arsenal,3,1,2022-11-06T12:00:00Z,1.0,0.0,False,8.0,1,2,153.0,87.0,0.0,0.4168063811410862,0.0,1.9265692286271237,0.822652497871239,2.153507323504236,0.8869690756334606,2.0845641824481183,0.8115945098013757,2.56,1.055,0.0010000000000000041,-0.0035450163149521683,1122.278357553392
2027,Arsenal,3,1,2022-11-12T19:45:00Z,1.91085,0.2464,False,39.0,1,2,175.0,103.0,0.0149333333333333,0.4187160742208449,0.0,1.8915692286271237,0.7876524978712389,2.153507323504236,0.8869690756334606,2.049564182448118,0.7765945098013757,2.516,1.095,-0.009000000000000037,-0.009244862414256264,1129.4097047539385
2028,Arsenal,3,1,2022-12-26T20:00:00Z,2.55185,1.0347,True,21.0,0,2,220.0,72.0,0.0045111111111111,0.5051440856087506,0.4673804685750629,1.8964148567134957,0.7656270739066667,2.153507323504236,0.8869690756334606,2.046053354264238,0.7574591072763567,2.3080000000000003,1.067,-0.012501546883411483,-0.018556271984850162,1132.432361964817
2029,Arsenal,3,1,2022-12-31T17:30:00Z,3.45745,1.57255,False,36.0,0,2,265.0,150.0,0.0188592592592592,0.5020680577273238,0.0708444444444444,1.8964148567134957,0.7656270739066667,2.1867370584176617,0.8958729366767905,2.081053354264238,0.7739858542760807,2.162,1.082,-0.0018024750134582996,-0.015012661517344816,1135.6907029165366
2030,Arsenal,3,1,2023-01-03T19:45:00Z,0.56665,0.54005,True,4.0,1,1,219.0,87.0,0.0756419753086419,0.5131120665845839,0.4112070311139378,1.9314148567134957,0.797177847323832,2.1867370584176617,0.8958729366767905,2.1160533542642384,0.8040852266202695,2.211,1.103,0.009097215609859459,-0.008460329055665895,1142.2756229165248
2031,Arsenal,3,1,2023-01-15T16:30:00Z,1.33245,0.76985,False,6.0,1,2,132.0,170.0,0.0736905349794238,0.5544751560101406,0.1742345679012345,1.9314148567134957,0.797177847323832,2.1517370584176616,0.8608729366767904,2.081053354264238,0.7690852266202695,2.244,1.111,0.006197524986541732,-0.0032442148128321658,1141.8857084405552
2032,Arsenal,3,1,2023-01-22T16:30:00Z,2.96465,1.1658,True,1.0,0,2,279.0,73.0,0.0759437585733882,0.4556649406768985,0.319827690866396,1.8972788588608445,0.762177847323832,2.1517370584176616,0.8608729366767904,2.046053354264238,0.7344501809609251,2.102,1.1909999999999998,0.003498453116588581,-0.004164111823609312,1148.2491451911312
2033,Arsenal,3,1,2023-02-04T12:30:00Z,0.43,1.33,False,11.0,0,0,130.0,121.0,0.1150926383173296,0.5112584546745538,0.3421824417009602,1.8972788588608445,0.762177847323832,2.1867370584176617,0.864571646456435,2.081053354264238,0.7387307559683047,2.124,1.153,0.0010000000000000041,-0.007064250756735046,1158.518874915264
2034,Arsenal,3,1,2023-02-11T15:00:00Z,1.345,1.685,True,94.0,0,1,239.0,134.0,0.2212895900015241,0.3988505094153655,0.5687548706738635,1.8622788588608445,0.7959945570720649,2.1867370584176617,0.864571646456435,2.046053354264238,0.7737307559683048,2.132,1.0590000000000002,-0.009000000000000037,-0.006627827118689094,1120.1480579222728
2035,Arsenal,3,1,2023-02-15T19:30:00Z,1.31,2.355,True,43.0,0,0,81.0,117.0,0.3810030144456299,0.423550396211951,0.5090315660796717,1.8622788588608445,0.7959945570720649,2.1542712289900243,0.898517753090484,2.0233889924292314,0.8081696527084766,2.214,1.06,-0.01523776597642957,0.001103979814072036,1119.401152800209
2036,Arsenal,3,1,2023-02-18T12:30:00Z,3.15,1.255,False,7.0,0,2,196.0,94.0,0.0895164964690341,0.4820899091913196,0.2950307879896358,1.8622788588608445,0.7959945570720649,2.1396967529258006,0.933517753090484,2.015478115618838,0.8431696527084767,1.893,1.114,-0.012310550820914897,0.017902301305248308,1101.076647526578
2037,Arsenal,3,1,2023-02-25T15:00:00Z,0.825,0.01,False,13.0,1,2,95.0,29.0,0.0696239416981377,0.3794032627043597,0.2294683906586056,1.8972788588608445,0.8149354559069961,2.1396967529258006,0.933517753090484,2.050478115618838,0.8636572054032582,1.936,1.121,-0.005636179171377354,0.02839402026206724,1107.827847465165
2038,Arsenal,3,1,2023-03-01T19:45:00Z,3.425,0.68,True,11.0,1,2,179.0,128.0,0.2963356779021566,0.484983641498184,0.5514689958397446,1.8622788588608445,0.7896232928244271,2.1396967529258006,0.933517753090484,2.015478115618838,0.8342963930052372,1.856,1.047,-0.009214651027816994,0.022360215242557786,1113.2069583356215
2039,Arsenal,3,1,2023-03-04T15:00:00Z,2.825,1.66,True,91.0,0,2,359.0,90.0,0.2771499717016773,0.6127650544985876,0.4400314412086903,1.8622788588608445,0.7896232928244271,2.174696752925801,0.9193593067779238,2.050478115618838,0.8267170079968656,1.815,1.103,0.0009540336097662789,0.010394258106510504,1116.5920575949142
2040,Arsenal,3,1,2023-03-12T14:00:00Z,2.68,0.42,False,54.0,1,2,221.0,83.0,0.0763741768763293,0.4239803154367242,0.216253192734471,1.8622788588608445,0.7896232928244271,2.2022899452311564,0.9543593067779238,2.0854781156188382,0.8617170079968657,1.909,1.043,0.010869874741372408,0.00540051514025975,1120.0882843516442
2041,Arsenal,3,1,2023-03-19T14:00:00Z,2.73,0.8,True,31.0,0,2,180.0,120.0,0.2466722002124157,0.5788172646100126,0.342246676495648,1.8972788588608445,0.7580989146311549,2.2022899452311564,0.9543593067779238,2.1204781156188384,0.8277199314647283,1.911,1.039,0.01900000000000008,-0.0025899595270368766,1127.2986307932742
2042,Arsenal,3,1,2023-04-01T14:00:00Z,3.705,0.89,True,2.0,0,2,197.0,120.0,0.2518561557207678,0.5613023169188986,0.2661918594966151,1.8972788588608445,0.7580989146311549,2.2372899452311565,0.9420846795496349,2.1554781156188385,0.8257597299548641,1.959,0.989,0.025000000000000102,-0.004977621767528479,1130.7156937328468
2043,Arsenal,3,1,2023-04-09T15:30:00Z,1.705,2.98,False,14.0,0,1,121.0,280.0,0.226068804237145,0.8919846897841188,0.3170858165712552,1.8972788588608445,0.7580989146311549,2.262895296660123,0.9351229515700932,2.1869408004914677,0.8258918064290885,1.877,1.036,0.034494669267518575,-0.0022540526725395717,1133.9392719477128
2044,Arsenal,3,1,2023-04-16T13:00:00Z,2.41,1.875,False,21.0,0,1,166.0,134.0,0.2158312921844461,0.9959880920543148,0.2999556351109763,1.9177322511396098,0.7930989146311549,2.262895296660123,0.9351229515700932,2.19442307008396,0.8608918064290886,1.868,1.195,0.030260366484099945,0.0017553767413691157,1131.9192745732137
2045,Arsenal,3,1,2023-04-21T19:00:00Z,2.9000000000000004,2.21,True,20.0,0,1,258.0,152.0,0.3425547877828194,0.6076795798258101,0.2070381129418118,1.9527322511396097,0.8280989146311549,2.262895296660123,0.9351229515700932,2.2202277962900347,0.8958918064290886,1.795,1.195,0.026487027189256475,0.007729191243669138,1127.7927931084134
2046,Arsenal,3,1,2023-04-26T19:00:00Z,0.74,3.03,False,43.0,0,0,76.0,187.0,0.1989798939212358,0.9324351827089116,0.4999654939752037,1.9527322511396097,0.8280989146311549,2.2853545019921206,0.9701229515700932,2.245939986677642,0.9308918064290886,1.972,1.23,0.023686876197145715,0.021750160121270713,1122.4319997161076
2047,Arsenal,3,1,2023-05-02T19:00:00Z,2.55,0.87,True,8.0,0,2,252.0,128.0,0.3242092793866373,0.519306339864519,0.2188074211769647,1.9177322511396098,0.863098914631155,2.2853545019921206,0.9701229515700932,2.210939986677642,0.9658918064290887,1.852,1.3230000000000002,0.013717475430246167,0.030018868067746368,1107.9886332790375
2048,Arsenal,3,1,2023-05-07T15:30:00Z,1.095,0.65,False,4.0,1,2,139.0,143.0,0.2503176952720723,0.8630051421069311,0.4421953842029362,1.9177322511396098,0.863098914631155,2.320354501992121,0.9495248005146246,2.245939986677642,0.9498815950285541,2.009,1.422,0.010578824888557888,0.027712826942780797,1112.0766998301947
2049,Arsenal,3,1,2023-05-14T15:30:00Z,0.42,2.39,True,36.0,0,0,114.0,138.0,0.3010516617451623,0.4327938198946259,0.4901835498043059,1.8929030589795424,0.8280989146311549,2.320354501992121,0.9495248005146246,2.212189177861455,0.914881595028554,1.969,1.4369999999999998,0.003741917430008471,0.01334052310844925,1123.7728952971909
2050,Arsenal,3,1,2023-05-20T16:30:00Z,0.32,0.775,False,17.0,0,0,141.0,64.0,0.2502470963227229,0.7156706660831686,0.3683741877133948,1.8929030589795424,0.8280989146311549,2.2853545019921206,0.9845248005146247,2.1771891778614547,0.9498815950285541,1.724,1.485,-0.008041300531184627,0.005883088497005397,1099.8594740462925
2051,Arsenal,3,1,2023-05-28T15:30:00Z,3.695,0.235,True,39.0,1,2,0.0,0.0,0.2830401813573485,0.3943951932513757,0.3812538720700157,1.8579030589795424,0.8208906622821739,2.2853545019921206,0.9845248005146247,2.1421891778614546,0.9392164856184655,1.644,1.466,-0.018678779409876778,-0.0011830639501348454,1067.2642551166814
2052,Arsenal,3,1,2023-08-12T12:00:00Z,1.42,1.09,True,17.0,0,2,158.0,91.0,0.2712534743890488,0.3889740391955144,0.4231974560544566,1.8579030589795424,0.8208906622821739,2.3079512491057463,0.9551392917700703,2.1756745281253624,0.9129549079447058,1.464,1.346,-0.014930849120284594,-0.007476566304348003,1073.9574446796053
2053,Arsenal,3,1,2023-08-21T19:00:00Z,1.5,0.895,False,31.0,1,2,123.0,126.0,0.2013032971398956,0.6810771847313535,0.3931799237770849,1.8579030589795424,0.8208906622821739,2.272951249105746,0.9661959520783082,2.1406745281253623,0.9260691667938152,1.425,1.317,-0.01916774977056219,-0.0038716374810093567,1080.4510984337878
2054,Arsenal,3,1,2023-08-26T14:00:00Z,2.625,1.265,True,54.0,0,1,309.0,70.0,0.2109749245248157,0.3825353638187334,0.3713757991534662,1.8475131628561903,0.7967323191423578,2.272951249105746,0.9661959520783082,2.1195234799630676,0.8992663500815483,1.4269999999999998,1.163,-0.01541105966960874,-0.005022145346085852,1087.7997292734635
2055,Arsenal,3,1,2023-09-03T15:30:00Z,2.64,0.98,True,1.0,0,2,192.0,91.0,0.1707582746304122,0.4197497274145704,0.3732922882304737,1.8475131628561903,0.7967323191423578,2.3055334989288956,0.9820509638175283,2.1545234799630677,0.9191282935679688,1.57,1.099,-0.006180730948202751,-0.0074429330018448165,1086.2707227830845
2056,Arsenal,3,1,2023-09-17T15:30:00Z,1.03,0.15,False,11.0,1,2,135.0,40.0,0.1587914533310299,0.5719489214577195,0.3280288296043993,1.8475131628561903,0.7967323191423578,2.3405334989288957,0.9721650936085435,2.189523479963068,0.9023991124865651,1.504,1.038,0.004344780510253925,-0.005496272157199424,1099.4913901474629
2057,Arsenal,3,1,2023-09-24T13:00:00Z,1.54,1.75,True,6.0,0,0,144.0,124.0,0.1328119913792095,0.6575831213224437,0.2903384464014795,1.8125131628561904,0.775474920850885,2.3405334989288957,0.9721650936085435,2.1545234799630677,0.8760979149942923,1.5630000000000002,0.8909999999999999,0.002165474705761231,-0.006726662405354203,1103.3190427961465
2058,Arsenal,3,1,2023-09-30T14:00:00Z,3.75,0.345,False,91.0,1,2,245.0,88.0,0.1390600192574677,0.547071383356004,0.2884668674700884,1.8125131628561904,0.775474920850885,2.3075271336523295,0.9985764734544763,2.1321585723498915,0.9039710934150826,1.455,0.887,0.0027834348892184706,-0.0056207100924809865,1081.616203329632
2059,Arsenal,3,1,2023-10-08T15:30:00Z,0.7050000000000001,0.275,True,43.0,1,2,96.0,44.0,0.1921871044060518,0.5114535388063451,0.2591521249789285,1.8475131628561903,0.7506219574467893,2.3075271336523295,0.9985764734544763,2.1623856486648734,0.8736752445727887,1.561,0.8320000000000001,0.003206174876271436,-0.005706523585563698,1085.7388745581557
2060,Arsenal,3,1,2023-10-21T16:30:00Z,1.53,1.6800000000000002,False,8.0,0,1,115.0,122.0,0.1192689038669193,0.7121666314991142,0.2288075635878465,1.8475131628561903,0.7506219574467893,2.2725271336523294,0.9635764734544763,2.1273856486648732,0.8386752445727886,1.543,0.738,-0.006841930228535199,-0.013158962008469707,1104.0469284872947
2061,Arsenal,3,1,2023-10-28T14:00:00Z,3.895,0.015,True,49.0,1,2,218.0,18.0,0.1494788589824847,0.4044638635160462,0.2015627638724999,1.8523215504530914,0.7856219574467893,2.2725271336523294,0.9635764734544763,2.1242224233065046,0.8736752445727887,1.517,0.7959999999999999,-0.01079119145321194,-0.008176662847876784,1101.3368389359407
2062,Arsenal,3,1,2023-11-04T17:30:00Z,0.285,1.045,False,4.0,0,0,106.0,84.0,0.1172091474520483,0.7739073800548666,0.1979614383461028,1.8523215504530914,0.7856219574467893,2.2874746508670096,0.9347227954590714,2.146125274066158,0.8503778609897297,1.735,0.8140000000000001,-0.0028799850461345778,-0.007271080472848438,1103.383283860002
2063,Arsenal,3,1,2023-11-11T15:00:00Z,2.51,0.65,True,90.0,0,2,244.0,94.0,0.1229280014308214,0.3501385605124804,0.1923265941230555,1.8173215504530915,0.7676537194157635,2.2874746508670096,0.9347227954590714,2.1111252740661577,0.8314570929371106,1.683,0.807,-0.0044888811592338354,-0.01135606151825821,1087.1915965929516
2064,Arsenal,3,1,2023-11-25T17:30:00Z,1.26,0.555,False,94.0,1,2,169.0,63.0,0.1089404480182598,0.6797057400426739,0.3184144520469688,1.8173215504530915,0.7676537194157635,2.3057484582438645,0.9179788028365037,2.1375554959009486,0.8216628760579271,1.804,0.775,-0.004315115338746203,-0.008714676601840032,1090.3937952685317
2065,Arsenal,3,1,2023-12-02T15:00:00Z,2.46,0.855,True,39.0,0,2,212.0,82.0,0.1356106677795278,0.2945522137319292,0.2451429065401543,1.796451455518887,0.7326537194157635,2.3057484582438645,0.9179788028365037,2.108724779032756,0.7866628760579271,1.664,0.768,-0.0025230037250643864,-0.012429134747757475,1099.1118863985814
2066,Arsenal,3,1,2023-12-05T20:15:00Z,3.215,1.75,False,102.0,0,2,283.0,85.0,0.1225092373475354,0.5553266866998574,0.2943223515920868,1.796451455518887,0.7326537194157635,2.3241293013525106,0.9166685467290288,2.1405358394853162,0.7918014226190471,1.6840000000000002,0.759,-0.00012011949632445404,-0.017437379469808553,1103.8103654498905
2067,Arsenal,3,1,2023-12-09T17:30:00Z,0.69,0.755,False,7.0,0,0,143.0,93.0,0.1197294068258608,0.4852540896554446,0.2666951623494009,1.831451455518887,0.7676537194157635,2.3241293013525106,0.9166685467290288,2.1647030902698616,0.8268014226190471,1.832,0.804,0.00435114458308006,-0.007767120080217239,1106.7872736481206
2068,Arsenal,3,1,2023-12-17T14:00:00Z,2.125,0.345,True,36.0,1,2,299.0,52.0,0.109919408272966,0.3557628329026115,0.2151111495312311,1.796451455518887,0.7337529369794048,2.3241293013525106,0.9166685467290288,2.1297030902698615,0.7976691352576628,1.831,0.773,0.005889797845080518,-0.004239588632935964,1091.1219837185595
2069,Arsenal,3,1,2023-12-23T17:30:00Z,0.9,0.975,False,14.0,0,1,117.0,121.0,0.197567316420114,0.475197625287568,0.2163184596050895,1.796451455518887,0.7337529369794048,2.3377942580415945,0.8816685467290287,2.159563537307253,0.7626691352576628,1.885,0.737,0.005632639757925212,-0.00648428361148898,1099.9060736466377
2070,Arsenal,3,1,2023-12-28T20:15:00Z,1.405,1.74,True,21.0,0,0,311.0,112.0,0.1099373175456402,0.5789266478131423,0.1673086718576242,1.7666394817331064,0.6987529369794048,2.3377942580415945,0.8816685467290287,2.1245635373072527,0.7293785912970907,1.906,0.8140000000000001,0.0028936252810940664,-0.011512873521420542,1099.9059907140652
2071,Arsenal,3,1,2023-12-31T14:00:00Z,1.345,1.67,False,54.0,0,0,125.0,115.0,0.1581079127711998,0.5562648196681085,0.2793588019150697,1.7666394817331064,0.6987529369794048,2.3027942580415943,0.9166685467290288,2.0895635373072525,0.7643785912970907,2.102,0.804,-0.009869134935450117,-0.013268075730732881,1074.4268392558572
2072,Arsenal,3,1,2024-01-20T12:30:00Z,3.66,0.165,True,31.0,1,2,215.0,67.0,0.1010623580910535,0.510276281632444,0.1301289670003743,1.7438070146436726,0.7337529369794048,2.3027942580415943,0.9166685467290288,2.0545635373072524,0.7993785912970908,2.009,0.901,-0.020174754962882093,-0.007722180927201999,1048.3705466695017
2073,Arsenal,3,1,2024-01-30T19:30:00Z,1.615,0.7,False,17.0,0,2,209.0,86.0,0.1318617099331553,0.4593170819640844,0.2706124014894986,1.7438070146436726,0.7337529369794048,2.3377942580415945,0.886051256984752,2.0895635373072525,0.7762067223791728,2.1180000000000003,0.884,-0.01573422185180132,0.001080465820738108,1055.1310803903073
2074,Arsenal,3,1,2024-02-04T16:30:00Z,3.38,0.705,True,14.0,0,2,181.0,59.0,0.0874929451819305,0.4657704412696786,0.1145447521114023,1.7384157797236106,0.727140933077527,2.3377942580415945,0.886051256984752,2.061913058890631,0.7696379825140228,2.083,0.8759999999999999,-0.017950068345231683,0.0060093894150870415,1061.8315495746403
2075,Arsenal,3,1,2024-02-11T14:00:00Z,4.83,0.105,False,21.0,1,2,334.0,54.0,0.1092257743924541,0.3972466193053989,0.21047631226961,1.7384157797236106,0.727140933077527,2.3727942580415946,0.8510512569847519,2.0969130588906313,0.7346379825140228,2.095,0.872,-0.005320109352370598,0.0005400931662153909,1082.314803664263
2076,Arsenal,3,1,2024-02-17T15:00:00Z,3.705,0.13,False,90.0,1,2,203.0,38.0,0.1093978245274643,0.3445251483486436,0.1681482428763633,1.7734157797236105,0.6993550829047357,2.3727942580415946,0.8510512569847519,2.1319130588906314,0.7090347589725083,2.217,0.8440000000000001,0.008889876978583138,-0.013643135081064739,1090.4853879805694
2077,Arsenal,3,1,2024-02-24T20:00:00Z,2.6950000000000003,0.58,True,4.0,0,2,255.0,50.0,0.0680500684748348,0.38671034320975,0.0979792516422018,1.8084157797236105,0.6841992950671031,2.3727942580415946,0.8510512569847519,2.158316046849839,0.6935632108385398,2.137,0.797,0.019451746070373397,-0.021874079786078523,1093.4734058079218
2078,Arsenal,3,1,2024-03-04T20:00:00Z,3.63,0.115,False,49.0,1,2,263.0,19.0,0.12064275241025,0.2746306709378339,0.1396708555705048,1.8084157797236105,0.6841992950671031,2.4077942580415947,0.8160512569847519,2.193316046849839,0.6585632108385397,2.249,0.754,0.024084900331158718,-0.024058431322032246,1101.8377698157426
2079,Arsenal,3,1,2024-03-09T17:30:00Z,1.655,0.985,True,94.0,0,2,194.0,105.0,0.1507056088137604,0.3252191558298056,0.1673171957217125,1.8434157797236104,0.6710363584368204,2.4077942580415947,0.8160512569847519,2.211321975115594,0.6478402982042192,2.213,0.721,0.03036161522747555,-0.02436240813455531,1103.9487094684973
2080,Arsenal,3,1,2024-03-31T15:30:00Z,0.34,0.475,False,43.0,1,1,85.0,134.0,0.1804999185413056,0.2780460773960931,0.1708551098881704,1.8434157797236104,0.6710363584368204,2.3780705268442652,0.8138283659600705,2.1893582703206684,0.6506146986012823,2.29,0.705,0.02101293730928781,-0.01824856576767343,1108.0387133646962
2081,Arsenal,3,1,2024-04-03T18:30:00Z,0.94,0.135,True,102.0,1,2,143.0,43.0,0.1283265846329247,0.3018371212009599,0.130135596672443,1.8084157797236105,0.6360363584368204,2.3780705268442652,0.8138283659600705,2.1543582703206683,0.6156146986012823,2.064,0.727,0.006381675880812233,-0.0173333928914921,1108.0798919319896
2082,Arsenal,3,1,2024-04-06T16:30:00Z,3.115,0.265,False,36.0,1,2,263.0,73.0,0.1559443810876821,0.2873691713080724,0.1662206410241325,1.8084157797236105,0.6360363584368204,2.343070526844265,0.7888185560350364,2.119358270320668,0.6007951274466538,2.082,0.655,-0.009532169057951163,-0.016854615807832558,1110.2966810681728
2083,Arsenal,3,1,2024-04-14T15:30:00Z,0.885,1.565,True,7.0,0,0,213.0,72.0,0.1198095658256081,0.3680955387118577,0.192327686300789,1.8434157797236104,0.6038846080691256,2.343070526844265,0.7888185560350364,2.1543582703206683,0.6,2.13,0.6609999999999999,-0.014447999915160879,-0.013398616184725575,1116.0233980872854
2084,Arsenal,3,1,2024-04-20T18:30:00Z,1.61,0.07,False,39.0,1,2,261.0,51.0,0.1257345186237527,0.2501760221285007,0.1292827207965475,1.8434157797236104,0.6038846080691256,2.308070526844265,0.8224230005819698,2.119358270320668,0.6306251783488958,2.134,0.647,-0.01713767211356084,-0.007221121892431217,1094.0893514076774
2085,Arsenal,3,1,2024-04-23T19:00:00Z,4.175,0.805,True,8.0,1,2,315.0,78.0,0.3287407734199174,0.3174076412203337,0.2406993115672803,1.8322736047013086,0.6,2.308070526844265,0.8224230005819698,2.090177924195027,0.620115118233614,2.214,0.639,-0.016168620875091654,-0.00309318828691871,1099.5539767119128
2086,Arsenal,3,1,2024-04-28T13:00:00Z,1.535,2.185,False,6.0,0,1,133.0,133.0,0.317793514485141,0.5079146838777228,0.1005532272862036,1.8322736047013086,0.6,2.343070526844265,0.7988119742078729,2.125177924195027,0.6,2.195,0.6629999999999999,-0.007669793400146574,0.0003003330772390011,1107.6539810042993
2087,Arsenal,3,1,2024-05-04T11:30:00Z,3.5,0.185,True,91.0,1,2,289.0,52.0,0.2556872682154913,0.293539276504704,0.2227661312189958,1.8254768764018954,0.635,2.343070526844265,0.7988119742078729,2.103337169085201,0.635,2.125,0.758,-0.005623625447997137,0.004586122932898558,1106.4872192426035
2088,Arsenal,3,1,2024-05-12T15:30:00Z,1.36,0.32,False,1.0,1,2,157.0,88.0,0.2516171779328874,0.5172669763493399,0.0937636212226028,1.8254768764018954,0.635,2.360495091065705,0.7714526156586989,2.1367055129915067,0.6167685765650591,2.1590000000000003,0.76,-0.002895059724348822,0.0021957779869998424,1112.136925851713
2089,Arsenal,3,1,2024-05-19T15:00:00Z,2.45,0.75,True,11.0,0,2,274.0,42.0,0.1988678752787154,0.2416416595036586,0.2710403242814412,1.804795173829975,0.6037493848383433,2.360495091065705,0.7714526156586989,2.1017055129915065,0.6,2.053,0.8290000000000001,0.0008422349895372985,-0.003661871907146955,1118.7526523456
2090,Arsenal,3,1,2024-08-17T14:00:00Z,1.63,1.15,True,39.0,0,2,203.0,91.0,0.1768972363278898,0.2412768462806234,0.2419202522188987,1.804795173829975,0.6037493848383433,2.379540051880954,0.7699365343226455,2.1367055129915067,0.6073649708815673,2.133,0.7659999999999999,0.005588258693661225,-0.0023423474341478416,1124.723699725934
2091,Arsenal,3,1,2024-08-24T16:30:00Z,1.435,0.64,False,7.0,1,2,133.0,96.0,0.1957022495033569,0.4712076482717088,0.2884828165064688,1.804795173829975,0.6037493848383433,2.344540051880954,0.752334437530997,2.1076380151015432,0.6,2.251,0.723,-0.0006455575356715037,-0.0028478189691530675,1128.0322624590842
2092,Arsenal,3,1,2024-08-31T11:30:00Z,1.56,1.415,True,36.0,0,1,188.0,164.0,0.1686978504772476,0.4943264359960404,0.2814935295035878,1.7900510448937301,0.6,2.344540051880954,0.752334437530997,2.075332355310372,0.6,2.241,0.7759999999999999,-0.005492187501258147,-0.006226878823246008,1135.0579700244418
2093,Arsenal,3,1,2024-09-15T13:00:00Z,0.865,0.37,False,6.0,1,2,131.0,147.0,0.1655461940581664,0.4864948375446624,0.2621533017272535,1.7900510448937301,0.6,2.309540051880954,0.7873344375309971,2.055736193262279,0.635,2.166,0.867,-0.014658101987985842,0.002394061322661061,1132.1461953747068
2094,Arsenal,3,1,2024-09-22T15:30:00Z,1.325,2.08,False,43.0,0,1,78.0,325.0,0.2954248176007961,0.513940429201404,0.3838970124545305,1.7550510448937302,0.6,2.309540051880954,0.7873344375309971,2.020736193262279,0.6,2.084,0.942,-0.019430291932142626,0.0023687167815799495,1137.5938547019543
2095,Arsenal,3,1,2024-09-28T14:00:00Z,3.915,1.16,True,13.0,0,2,493.0,72.0,0.1645427725934148,0.4244761168858092,0.2189394118361239,1.7625667040639061,0.635,2.309540051880954,0.7873344375309971,2.0215794419342097,0.635,1.901,1.216,-0.024455199510067745,0.00494786130263325,1137.7894907723987
2096,Arsenal,3,1,2024-10-05T14:00:00Z,2.935,0.825,True,20.0,0,2,307.0,56.0,0.1901999342393226,0.3990369798000738,0.1836195425392074,1.7625667040639061,0.635,2.3272779903662673,0.8075135083261457,2.05657944193421,0.6662719887344026,2.079,1.21,-0.01290147445614728,0.011467426962057523,1140.254810396846
2097,Arsenal,3,1,2024-10-19T16:30:00Z,0.3399999999999999,1.91,False,91.0,0,0,71.0,137.0,0.2408859692450636,0.7863981116010921,0.3074754541313015,1.7625667040639061,0.635,2.343857335976073,0.8106203407169855,2.0881630277321372,0.6782407665282907,2.253,1.133,0.0019293244799013793,0.014857708538418899,1141.4203959600798
2098,Arsenal,3,1,2024-10-27T16:30:00Z,1.52,1.425,True,14.0,0,1,117.0,136.0,0.2145999488528065,0.4348065398445018,0.1428151997527169,1.7275667040639062,0.67,2.343857335976073,0.8106203407169855,2.053163027732137,0.7132407665282907,2.035,1.218,0.00641184787882472,0.018777089170306523,1108.7489872948547
2099,Arsenal,3,1,2024-11-02T12:30:00Z,0.535,0.765,False,4.0,0,0,92.0,114.0,0.200689087190605,0.6471985312452938,0.3035920198799012,1.7275667040639062,0.67,2.3329291539497055,0.8115873334670632,2.061164075416458,0.7079972665243076,1.995,1.266,0.009384964398931597,0.02247649742857995,1108.650147671493
2100,Arsenal,3,1,2024-11-10T16:30:00Z,1.0,1.14,False,8.0,0,1,123.0,109.0,0.3338692900371373,0.5944877465241174,0.2494604599065898,1.6925667040639063,0.635,2.3329291539497055,0.8115873334670632,2.026164075416458,0.6729972665243076,1.813,1.338,4.79162245139061e-05,0.010004633314035796,1084.9664904079625
2101,Arsenal,3,1,2024-11-23T15:00:00Z,2.1,0.165,True,17.0,1,2,206.0,42.0,0.1846888491077384,0.3959606421012792,0.1110784886965576,1.6653900165756885,0.6306152189892148,2.3329291539497055,0.8115873334670632,1.9911640754164581,0.6666506990866641,1.733,1.356,-0.014430646910042144,-0.0005451556644178624,1084.9268111622134
2102,Arsenal,3,1,2024-11-30T17:30:00Z,4.3100000000000005,1.77,False,21.0,0,2,234.0,125.0,0.3885650033622179,0.5379349139632025,0.3318025799273477,1.6653900165756885,0.6306152189892148,2.327103908124099,0.7875398629351295,2.0072114466140287,0.6476419094918157,1.806,1.3019999999999998,-0.017878707501073704,-0.00936469964306443,1091.9565908354255
2103,Arsenal,3,1,2024-12-04T20:15:00Z,2.075,0.11,True,1.0,1,2,246.0,46.0,0.1747579937504632,0.3279693883009949,0.0863943800973225,1.7003900165756884,0.6656152189892148,2.327103908124099,0.7875398629351295,2.042211446614029,0.6826419094918157,1.852,1.263,-0.007189022628509413,-0.00972591210621413,1098.9609955184367
2104,Arsenal,3,1,2024-12-08T14:00:00Z,1.505,0.58,False,54.0,0,1,166.0,36.0,0.3022172248372806,0.4450604886380463,0.2669575621657148,1.7003900165756884,0.6656152189892148,2.326216654721978,0.7597595758328555,2.0595135069013804,0.6543584638456663,1.967,1.162,0.0015981897775683976,-0.007379110688158016,1106.7624345037568
2105,Arsenal,3,1,2024-12-14T15:00:00Z,0.61,0.045,True,11.0,1,1,208.0,21.0,0.135922884028138,0.2750873020118849,0.0671956289645842,1.6937260899688396,0.6460310342930538,2.326216654721978,0.7597595758328555,2.036814812060226,0.6360598061989746,2.055,0.873,0.008380056504960168,-0.00533040020999023,1105.5064297562442
2106,Arsenal,3,1,2024-12-21T17:30:00Z,4.01,1.295,False,31.0,0,2,216.0,138.0,0.2728356193178849,0.5150470467184806,0.3543003261288893,1.6937260899688396,0.6460310342930538,2.291216654721978,0.7426760504367239,2.0018148120602257,0.6256697535794825,1.77,0.8220000000000001,0.0045533097098508805,-0.007655270944588009,1102.3737823476877
2107,Arsenal,3,1,2024-12-27T20:15:00Z,1.4700000000000002,0.08,True,40.0,1,2,184.0,16.0,0.1057177986885518,0.2495123460092438,0.0522632669724544,1.7287260899688395,0.6810310342930538,2.291216654721978,0.7426760504367239,2.036814812060226,0.6606697535794825,1.679,0.904,0.00011794939224061909,-0.003545025855581623,1108.5331122492148
2108,Arsenal,3,1,2025-01-01T17:30:00Z,2.52,0.645,False,94.0,0,2,202.0,57.0,0.2122054816916882,0.4339254807810404,0.3066780314335806,1.7287260899688395,0.6810310342930538,2.2562166547219777,0.7244203336577708,2.0018148120602257,0.648988775528694,1.7919999999999998,0.7829999999999999,-0.008716550208356556,-0.004563481520961475,1111.4947705090926
2109,Arsenal,3,1,2025-01-04T17:30:00Z,0.935,1.26,False,36.0,0,1,98.0,117.0,0.1717153746490908,0.493053151718587,0.4140829133372293,1.7637260899688394,0.655040017575262,2.2562166547219777,0.7244203336577708,2.036814812060226,0.6308033884846208,1.877,0.7040000000000001,-0.005242670691593508,-0.0012568133947448348,1115.9064451833688
2110,Arsenal,3,1,2025-01-15T20:00:00Z,1.225,0.89,True,6.0,0,1,173.0,104.0,0.0888916212022069,0.3051762691183007,0.0962047632007978,1.7287260899688395,0.6783786852614997,2.2562166547219777,0.7244203336577708,2.0018148120602257,0.657741790855849,1.883,0.7070000000000001,-0.003000000000000012,0.003203709998542816,1114.121991093027
2111,Arsenal,3,1,2025-01-18T17:30:00Z,1.675,1.52,True,7.0,0,1,211.0,103.0,0.0891379276017165,0.3084704315364561,0.2126037047117316,1.7287260899688395,0.6783786852614997,2.2212166547219776,0.7018825483948542,1.9668148120602258,0.6291784594663832,1.933,0.7020000000000001,-0.006999999999999997,-0.00026930702229915416,1111.3412216469999
2112,Arsenal,3,1,2025-01-25T15:00:00Z,1.0,0.37,False,39.0,1,2,100.0,69.0,0.1557786247270706,0.4990413402255677,0.3509533770400673,1.7287260899688395,0.6783786852614997,2.207300895748194,0.7368825483948542,1.968920417269757,0.6568586893351082,1.938,0.763,-0.013699199255781266,-0.0014727962010736087,1110.3214306446534
2113,Arsenal,3,1,2025-02-02T16:30:00Z,3.0,0.905,True,43.0,0,2,130.0,122.0,0.1426628325791128,0.2643658911950214,0.249802881442458,1.6937260899688396,0.6634463421864931,2.207300895748194,0.7368825483948542,1.933920417269757,0.6436116182402407,1.804,0.7070000000000001,-0.016518718809249995,0.0006490509919922711,1113.2192046342777
2114,Arsenal,3,1,2025-02-15T12:30:00Z,1.685,0.11,False,13.0,1,2,169.0,77.0,0.1211611525654994,0.4348099312865526,0.2729637376978301,1.6937260899688396,0.6634463421864931,2.242300895748194,0.7018825483948542,1.968920417269757,0.6086116182402407,1.6880000000000002,0.7829999999999999,-0.015458558660406262,-0.0035905468342857334,1123.911158507882
2115,Arsenal,3,1,2025-02-22T15:00:00Z,0.62,1.035,True,21.0,0,0,153.0,74.0,0.1176266475615322,0.4367290264850166,0.1942911300108006,1.6893189212634983,0.6497576512637192,2.242300895748194,0.7018825483948542,1.9469119925820104,0.6,1.6909999999999998,0.8240000000000001,-0.008662779478928082,-0.010390187115786865,1126.0102136098667
2116,Arsenal,3,1,2025-02-26T19:30:00Z,0.495,0.2,False,17.0,1,1,130.0,64.0,0.1164586742176106,0.3715188354450965,0.2478606848760901,1.6893189212634983,0.6497576512637192,2.207300895748194,0.7202144362884944,1.9119119925820105,0.6224172094879665,1.636,0.877,-0.008729696327266176,-0.006839494797068795,1095.812161295139
2117,Arsenal,3,1,2025-03-09T16:30:00Z,1.335,1.26,False,1.0,0,1,166.0,132.0,0.1439123021692527,0.3867368720128528,0.37944719934807,1.6543189212634983,0.6294391375911393,2.207300895748194,0.7202144362884944,1.8769119925820106,0.6032791464387821,1.55,0.8029999999999999,-0.01565930920542052,-0.0097169302565341,1094.8750421369482
2118,Arsenal,3,1,2025-03-16T13:30:00Z,0.86,0.18,True,8.0,1,2,148.0,60.0,0.1181540592145251,0.3907892428216796,0.1511153233417338,1.637868725661982,0.6546429447350258,2.207300895748194,0.7202144362884944,1.846507167513577,0.634349624393609,1.5319999999999998,0.919,-0.021374043509832567,-0.0011397192899876524,1092.2587799034982
2119,Arsenal,3,1,2025-04-01T18:45:00Z,2.1900000000000004,0.995,True,54.0,0,2,183.0,91.0,0.1385642682779639,0.3261694110835286,0.2686452514880152,1.637868725661982,0.6546429447350258,2.1723008957481937,0.6852144362884943,1.811507167513577,0.6,1.4780000000000002,0.922,-0.0320937349710343,0.0011672205408696876,1100.2886223836185
2120,Arsenal,3,1,2025-04-05T11:30:00Z,1.415,1.045,False,11.0,0,1,185.0,73.0,0.1341540127983077,0.3096842337877744,0.5040144883818323,1.637868725661982,0.6546429447350258,2.200599259765807,0.6812457703933514,1.846507167513577,0.6,1.5630000000000002,0.8959999999999999,-0.023818383589025764,-0.0010337471574020794,1108.2727933383997
2121,Arsenal,3,1,2025-04-12T16:30:00Z,0.98,0.62,True,94.0,0,1,136.0,64.0,0.1322166531050831,0.2581317641760777,0.2356129733795674,1.6362699411663395,0.6758249436931096,2.200599259765807,0.6812457703933514,1.8345192269307933,0.6276213631407428,1.575,0.865,-0.014662237241753917,-0.0005190370127449733,1106.0443743105654
2122,Arsenal,3,1,2025-04-20T13:00:00Z,3.265,0.085,False,40.0,1,2,279.0,18.0,0.1043420099542393,0.2630877373904912,0.4075668242969806,1.6362699411663395,0.6758249436931096,2.165599259765807,0.6525173344325796,1.7995192269307934,0.6,1.5,0.826,-0.011083647142983917,-0.0010451575986431207,1103.8269231715872
2123,Arsenal,3,1,2025-04-23T19:00:00Z,1.6800000000000002,1.875,True,31.0,0,1,120.0,151.0,0.1361685079706202,0.3718802610258382,0.3676989792952191,1.6712699411663394,0.6643350193715566,2.165599259765807,0.6525173344325796,1.8345192269307933,0.6,1.679,0.775,-0.0030826132927157905,-0.004117907395065777,1106.3987843790435
2124,Arsenal,3,1,2025-05-03T16:30:00Z,1.21,1.485,True,91.0,0,0,145.0,95.0,0.1392421728660379,0.3403513141312075,0.4170992061185037,1.6712699411663394,0.6643350193715566,2.1654801852745145,0.6875173344325797,1.852083537494041,0.635,1.669,0.804,0.0037690865186848325,0.004210818195978782,1105.0472313642547
2125,Arsenal,3,1,2025-05-11T15:30:00Z,2.16,2.28,False,14.0,0,1,183.0,187.0,0.1522660077421861,0.5735126846370486,0.4436630855643182,1.6712699411663394,0.6643350193715566,2.1304801852745143,0.7161864612851745,1.817083537494041,0.6667353566036269,1.645,0.8220000000000001,-0.0016978633830838927,0.01016607695988304,1077.8923298450331
2126,Arsenal,3,1,2025-05-18T15:30:00Z,0.825,0.93,True,4.0,1,2,145.0,190.0,0.4016328011180295,0.3936065776576058,0.3244104936477251,1.7062699411663393,0.6993350193715566,2.1304801852745143,0.7161864612851745,1.852083537494041,0.701735356603627,1.675,0.935,0.00451653700197798,0.01730788677500862,1078.0114237893933
2127,Arsenal,3,1,2025-05-25T15:00:00Z,2.115,0.815,False,20.0,0,2,225.0,91.0,0.1206513393550336,0.49495431027326,0.4339601776611365,1.7062699411663393,0.6993350193715566,2.095480185274514,0.6976990004052457,1.817083537494041,0.6729515248485957,1.69,1.061,0.003014699557313762,0.020048544304499608,1091.1746342119886
2128,Sheffield Utd,49,17,2023-08-12T14:00:00Z,0.245,1.505,True,31.0,0,0,0.0,240.0,0.19,0.6900000000000001,1.12,0.8417621136173767,2.27880675647452,0.8417621136173767,2.27880675647452,0.8417621136173767,2.27880675647452,1.5,1.5,,,1000.0
2129,Sheffield Utd,49,17,2023-08-18T18:45:00Z,0.755,1.6800000000000002,False,17.0,0,0,80.0,148.0,0.7000000000000001,0.2299999999999999,0.43,0.8417621136173767,2.27880675647452,0.8067621136173767,2.2867349963538084,0.8078199519815696,2.29258424738462,0.0,2.4,-0.0339421616358071,0.013777490910100276,952.0750292266489
2130,Sheffield Utd,49,17,2023-08-27T13:00:00Z,0.86,2.76,True,43.0,0,0,51.0,291.0,0.1877777777777777,0.6766666666666667,1.4755555555555555,0.8116711058538689,2.278314026006035,0.8067621136173767,2.2867349963538084,0.7728199519815696,2.300209133901472,0.4,1.94,-0.034471080817903565,0.010701188713476029,916.1954623691754
2131,Sheffield Utd,49,17,2023-09-02T11:30:00Z,1.135,2.295,True,11.0,0,0,203.0,213.0,0.1616049382716049,1.0374074074074071,1.1965432098765434,0.8116711058538689,2.278314026006035,0.8106486570422697,2.30926115319578,0.7861155300506484,2.315302431674723,0.4366666666666666,2.2633333333333336,-0.02019397507001851,0.011711191211746153,910.2909723340467
2132,Sheffield Utd,49,17,2023-09-16T14:00:00Z,0.79,1.935,False,6.0,0,0,98.0,297.0,0.5822222222222223,0.5566666666666666,0.3344444444444444,0.8116711058538689,2.278314026006035,0.8068824299654841,2.34426115319578,0.7849300162674943,2.350302431674723,0.835,2.23,-0.013536861663068623,0.016570953469050975,881.095323355356
2133,Sheffield Utd,49,17,2023-09-24T15:30:00Z,0.4649999999999999,5.97,True,4.0,0,0,55.0,349.0,0.2190260631001371,1.195761316872428,1.3262002743484227,0.7766711058538689,2.2843109101860266,0.8068824299654841,2.34426115319578,0.7499300162674942,2.3511121082313955,0.8640000000000001,2.378,-0.014700991880644571,0.015707845983655398,871.8668082443152
2134,Sheffield Utd,49,17,2023-09-30T14:00:00Z,0.535,2.0700000000000003,False,21.0,0,0,132.0,258.0,0.5217283950617284,0.8374074074074074,0.2734567901234567,0.7766711058538689,2.2843109101860266,0.7718824299654841,2.37926115319578,0.7273472054387604,2.3861121082313956,0.8116666666666668,2.563333333333333,-0.013491972961126468,0.018724235063532824,865.9122197162865
2135,Sheffield Utd,49,17,2023-10-07T14:00:00Z,0.285,2.5700000000000003,False,54.0,0,0,72.0,171.0,0.4235665294924554,1.0646502057613167,0.2571330589849108,0.7416711058538689,2.307211664342109,0.7718824299654841,2.37926115319578,0.6923472054387604,2.4122628259482095,0.8842857142857143,2.5657142857142854,-0.017533391615706002,0.022100204756010808,856.9077875436083
2136,Sheffield Utd,49,17,2023-10-21T19:00:00Z,1.19,1.525,True,1.0,0,0,123.0,124.0,0.1770202713001066,1.0722588020118884,1.1137113244932175,0.7066711058538688,2.342211664342109,0.7718824299654841,2.37926115319578,0.6573472054387604,2.4472628259482097,0.86375,2.45875,-0.026976367610696446,0.025162375833939772,849.1974973375901
2137,Sheffield Utd,49,17,2023-10-28T14:00:00Z,0.015,3.89,False,3.0,0,0,18.0,218.0,0.3894406340496875,1.1747279378143576,0.4133257125438195,0.7066711058538688,2.342211664342109,0.7657576423204426,2.384282567422148,0.6693978490702024,2.4386209667987484,0.9044444444444444,2.3233333333333333,-0.025440264813504598,0.021605587042496637,845.4626563712106
2138,Sheffield Utd,49,17,2023-11-04T15:00:00Z,1.525,1.165,True,39.0,0,2,92.0,112.0,0.2687935443445274,0.9895346237870244,0.8728865857169472,0.677817427858464,2.3571591815567894,0.7657576423204426,2.384282567422148,0.6461004654871434,2.4605238175584017,0.8320000000000001,2.309,-0.020799880657355094,0.02113100349534541,843.3757740290704
2139,Sheffield Utd,49,17,2023-11-12T14:00:00Z,0.655,1.27,False,36.0,0,0,69.0,143.0,0.3540093820386458,1.1758995071889449,0.3481422208674152,0.677817427858464,2.3571591815567894,0.7858927453717807,2.3579525179596073,0.6755155990663522,2.4303536988396095,0.924,2.181,-0.011024217373870004,0.010209973392062414,868.3844252707547
2140,Sheffield Utd,49,17,2023-11-25T15:00:00Z,0.905,2.855,True,91.0,0,0,91.0,238.0,0.2268394233790768,1.2029713740565744,0.8322451222242923,0.6478019250669684,2.3221591815567892,0.7858927453717807,2.3579525179596073,0.6409518955505719,2.3953536988396094,0.913,2.176,-0.006450535775463604,-0.003239147603118513,862.3803831300183
2141,Sheffield Utd,49,17,2023-12-02T15:00:00Z,0.1949999999999999,3.975,False,90.0,0,0,64.0,208.0,0.342007297141169,1.1412551722580682,0.3885550606746562,0.6478019250669684,2.3221591815567892,0.7529373450586181,2.3929525179596074,0.6163737860675618,2.4303536988396095,0.953,2.123,-0.00745113782387645,-0.006986215946834572,851.9647075463469
2142,Sheffield Utd,49,17,2023-12-06T19:30:00Z,0.3349999999999999,1.89,True,14.0,0,0,52.0,199.0,0.2830973292948375,1.151199957599558,0.7228573172855607,0.6128019250669684,2.3571591815567894,0.7529373450586181,2.3929525179596074,0.6,2.4653536988396096,0.8140000000000001,2.1180000000000003,-0.013449513917872493,0.00023295154422655934,838.425723929668
2143,Sheffield Utd,49,17,2023-12-09T15:00:00Z,0.945,0.32,True,94.0,1,2,88.0,120.0,0.2579645894515403,0.9509333003552116,0.6111112467776583,0.6128019250669684,2.3571591815567894,0.7179373450586181,2.3807474765117864,0.6,2.4394342169331287,0.768,2.02,-0.013760778117650963,0.000987199910675304,836.3575960992632
2144,Sheffield Utd,49,17,2023-12-16T15:00:00Z,0.185,2.375,False,8.0,0,0,49.0,221.0,0.2660056755542426,1.0409762450896087,0.7622094916358437,0.6128019250669684,2.3571591815567894,0.7024869496465475,2.3457474765117863,0.6,2.4044342169331285,0.8009999999999999,1.791,-0.014765927658601097,0.0010755469928043786,866.360543248416
2145,Sheffield Utd,49,17,2023-12-22T20:00:00Z,0.78,0.945,False,7.0,0,1,50.0,162.0,0.2913377476532998,0.8829815239585846,0.6328296046056563,0.6,2.3921591815567895,0.7024869496465475,2.3457474765117863,0.6,2.4394342169331287,0.718,1.754,-0.007253738170158422,0.0033349903669049347,858.3380583761507
2146,Sheffield Utd,49,17,2023-12-26T15:00:00Z,2.405,1.815,True,102.0,0,0,163.0,113.0,0.2450835695734202,0.8085036780540535,0.504197636382623,0.6,2.3571591815567894,0.7024869496465475,2.3457474765117863,0.6,2.4044342169331285,0.696,1.745,-0.0023391122953659704,-0.0069244530071956535,863.9327238245248
2147,Sheffield Utd,49,17,2023-12-30T15:00:00Z,0.16,2.13,False,43.0,0,0,52.0,175.0,0.2932626926192331,0.8578745186344547,0.7566452480266215,0.6,2.3571591815567894,0.7374869496465475,2.310747476511786,0.635,2.3694342169331284,0.736,1.734,0.0050000000000000044,-0.015702783129497327,852.6677821419947
2148,Sheffield Utd,49,17,2024-01-21T14:00:00Z,2.17,2.135,True,21.0,0,1,185.0,183.0,0.2128427763348824,0.9488361940420416,0.556598161630929,0.6,2.3431530990101965,0.7374869496465475,2.310747476511786,0.6198587513966468,2.3596000708590346,0.77,1.6909999999999998,0.005836964485235265,-0.015404878010584891,850.1301407256227
2149,Sheffield Utd,49,17,2024-01-30T20:00:00Z,1.395,2.065,False,31.0,0,0,108.0,127.0,0.2325376498149591,0.887235736715687,0.6151685262429277,0.6,2.3431530990101965,0.7724869496465475,2.3457474765117863,0.6548587513966468,2.3946000708590347,0.863,1.7619999999999998,0.010539143176376425,-0.009247804816935762,853.0278583402985
2150,Sheffield Utd,49,17,2024-02-03T17:30:00Z,0.745,3.635,True,7.0,0,0,158.0,210.0,0.2388777149271307,1.1068725953660323,0.5951319034907225,0.6298776327881699,2.3781530990101967,0.7724869496465475,2.3457474765117863,0.6869276593866563,2.429600070859035,0.902,1.746,0.016687808643424833,-0.0025287804190526992,843.4213159826115
2151,Sheffield Utd,49,17,2024-02-10T15:00:00Z,2.4,1.44,False,102.0,0,2,76.0,184.0,0.2541959498560793,0.7767389063344232,0.7406866315222771,0.6298776327881699,2.3781530990101967,0.7384125790374956,2.3807474765117864,0.6666694876687398,2.464600070859035,0.969,1.7180000000000002,0.01497515475724766,0.014752195183064337,840.232182667808
2152,Sheffield Utd,49,17,2024-02-18T14:00:00Z,0.295,5.295,True,36.0,0,0,57.0,318.0,0.2191271116099906,1.3275675741735808,0.6384359249372287,0.6648776327881699,2.3534371945670807,0.7384125790374956,2.3807474765117864,0.7016694876687398,2.440598079332443,0.981,1.694,0.014452815861428214,0.020166266057044968,859.3715978260091
2153,Sheffield Utd,49,17,2024-02-25T13:30:00Z,0.3,1.12,False,39.0,0,0,131.0,102.0,0.2288190721102839,0.8463524827045514,0.5760896022951044,0.6648776327881699,2.3534371945670807,0.7034125790374955,2.4157474765117866,0.6666694876687398,2.475598079332443,0.986,1.813,0.010120791955966494,0.021513830508207626,853.0162392108954
2154,Sheffield Utd,49,17,2024-03-04T20:00:00Z,0.115,4.125,True,3.0,0,0,19.0,263.0,0.1926544201411038,1.501441446579452,0.5076723860622889,0.6298776327881699,2.3184371945670805,0.7034125790374955,2.4157474765117866,0.6316694876687398,2.440598079332443,1.029,1.795,-0.004049166679808144,0.009828059321733525,847.188201476895
2155,Sheffield Utd,49,17,2024-03-09T15:00:00Z,1.635,2.67,False,91.0,0,1,224.0,383.0,0.2468592783079986,0.9738297087702066,0.8058474684517479,0.6298776327881699,2.3184371945670805,0.6902496424072129,2.4507474765117867,0.6209465750344192,2.458604007598198,0.999,1.837,-0.01342586919317674,0.003086105974743969,845.1185790974959
2156,Sheffield Utd,49,17,2024-03-30T15:00:00Z,2.435,2.175,True,54.0,0,1,120.0,226.0,0.1742867712208585,1.316676680672907,0.5215229669373358,0.6565909896974094,2.3534371945670807,0.6902496424072129,2.4507474765117867,0.6380983570927172,2.493604007598198,1.173,2.0580000000000003,-0.012000696879516421,0.004686784814087996,846.5996685678753
2157,Sheffield Utd,49,17,2024-04-04T18:30:00Z,0.295,2.325,False,14.0,0,0,76.0,242.0,0.2431127720173322,0.8818675512657163,0.8156591421291373,0.6565909896974094,2.3534371945670807,0.7252496424072129,2.485747476511787,0.6730983570927173,2.528604007598198,1.13,2.171,-0.006836913064071459,0.014630095839765607,849.1564631661463
2158,Sheffield Utd,49,17,2024-04-07T16:30:00Z,1.68,1.185,True,8.0,0,1,143.0,74.0,0.1644452665051121,1.0751929738567056,0.4056289742845945,0.6380225319721118,2.3494867899239598,0.7252496424072129,2.485747476511787,0.6534985345951985,2.5294351143436082,1.154,2.238,0.0021595321417863973,0.016234370281516915,847.3805722581699
2159,Sheffield Utd,49,17,2024-04-13T14:00:00Z,0.415,1.51,False,94.0,0,0,78.0,102.0,0.2068654893468139,0.7881192065400016,0.7410682216559957,0.6380225319721118,2.3494867899239598,0.7536681050254478,2.4507474765117867,0.6884985345951985,2.494435114343608,1.112,2.129,0.011908603237560902,0.014762242722630211,850.0746161141161
2160,Sheffield Utd,49,17,2024-04-20T14:00:00Z,1.725,3.09,True,90.0,0,0,250.0,206.0,0.1990129850595317,1.1029278685552155,0.4621558688880179,0.6030225319721118,2.3144867899239596,0.7536681050254478,2.4507474765117867,0.6534985345951985,2.459435114343608,1.082,2.104,0.00841030022325204,0.00021371316310545246,839.4706095044645
2161,Sheffield Utd,49,17,2024-04-24T19:00:00Z,1.385,3.495,False,1.0,0,0,105.0,339.0,0.2053398250475219,1.0996482717533345,0.7097197279546633,0.6030225319721118,2.3144867899239596,0.7742691085492398,2.485747476511787,0.6795346642088557,2.494435114343608,1.1740000000000002,2.1,0.005239487659661024,-0.006810032743906293,826.2894332627236
2162,Sheffield Utd,49,17,2024-04-27T14:00:00Z,1.245,3.91,False,4.0,0,0,152.0,250.0,0.1908198639258504,1.0575042113637043,0.943115343964738,0.6238498928029068,2.3494867899239598,0.7742691085492398,2.485747476511787,0.6856768839418765,2.5294351143436082,1.203,2.255,0.0030286006596219415,-0.0038812704649414317,822.5898928797818
2163,Sheffield Utd,49,17,2024-05-04T14:00:00Z,1.63,2.245,True,17.0,0,0,133.0,129.0,0.1636767661574135,1.0444994533207232,0.4950101202462362,0.6543961930823877,2.3725568947484894,0.7742691085492398,2.485747476511787,0.7008746559826997,2.5618589586663267,1.298,2.187,0.0072700509883199295,0.008631977760388373,818.8012709364555
2164,Sheffield Utd,49,17,2024-05-11T14:00:00Z,0.315,1.58,False,11.0,0,0,83.0,163.0,0.1484154497201059,1.262503275505103,0.7735341564170185,0.6543961930823877,2.3725568947484894,0.7894389765516676,2.520747476511787,0.7261228629060537,2.596858958666327,1.3,2.214,0.00961120644142287,0.02441116441662144,810.7152190471958
2165,Sheffield Utd,49,17,2024-05-19T15:00:00Z,0.355,3.14,True,6.0,0,0,33.0,235.0,0.2628597070113216,1.4079440192494517,0.3850078713026281,0.6225037646137829,2.385073806216337,0.7894389765516676,2.520747476511787,0.6911228629060536,2.613360914453385,1.364,2.114,0.009802400276762656,0.03169498222399317,806.2046767769081
2166,Burnley,90,6,2023-08-11T19:00:00Z,0.145,2.605,True,43.0,0,0,0.0,202.0,0.43,0.79,0.99,0.944455722639933,2.0456123120300753,0.944455722639933,2.0456123120300753,0.944455722639933,2.0456123120300753,1.5,1.5,,,1000.0
2167,Burnley,90,6,2023-08-27T13:00:00Z,0.865,2.755,True,7.0,0,0,76.0,194.0,0.6566666666666667,0.7011111111111111,0.9433333333333334,0.944455722639933,2.0456123120300753,0.9198358422358835,2.0730507383251,0.927223389249956,2.063300504063392,0.0,2.02,-0.017232333389977095,0.017688192033316508,982.6995370103027
2168,Burnley,90,6,2023-09-02T14:00:00Z,1.675,3.635,True,6.0,0,0,151.0,263.0,0.5574074074074075,1.0030864197530864,0.7337037037037037,0.944455722639933,2.0456123120300753,0.8940895749622721,2.1080507383251,0.9114235937900094,2.098300504063392,0.38,1.98,-0.01651606442496184,0.026344096016658325,958.1068752729919
2169,Burnley,90,6,2023-09-18T18:45:00Z,0.79,0.875,False,17.0,0,1,83.0,103.0,0.05,0.5900000000000001,0.08,0.944455722639933,2.0456123120300753,0.9109469345691237,2.1430507383251003,0.9321763639163537,2.133300504063392,0.7566666666666667,2.1966666666666668,-0.005263787163068456,0.029806457609995052,936.0811110435475
2170,Burnley,90,6,2023-09-23T19:00:00Z,0.5650000000000001,0.955,True,1.0,0,0,127.0,113.0,0.4335390946502058,0.9379561042524006,0.6128806584362141,0.9142736238323586,2.010612312030075,0.9109469345691237,2.1430507383251003,0.8971763639163537,2.098300504063392,0.775,1.905,-0.008960574278076094,0.01753763840666336,936.2957343344635
2171,Burnley,90,6,2023-09-30T14:00:00Z,0.33,2.595,False,4.0,0,0,77.0,195.0,0.1788888888888888,0.6166666666666667,0.4688888888888889,0.9142736238323586,2.010612312030075,0.8759469345691236,2.1080507383251,0.8621763639163537,2.063300504063392,0.8740000000000001,1.75,-0.013736717128353124,0.006526884576188089,923.4039881924689
2172,Burnley,90,6,2023-10-03T18:30:00Z,1.52,1.155,False,102.0,0,2,142.0,142.0,0.1724691358024691,0.4974074074074074,0.600246913580247,0.8871642086554997,2.0456123120300753,0.8759469345691236,2.1080507383251,0.8392867416269449,2.098300504063392,0.8566666666666667,1.7833333333333334,-0.017783569363886347,0.0010000000000000041,914.5792375118659
2173,Burnley,90,6,2023-10-07T14:00:00Z,0.88,2.79,True,8.0,0,0,65.0,144.0,0.3371970736168267,1.0295214144185338,0.5255738454503888,0.8888758481254628,2.0126689190821856,0.8759469345691236,2.1080507383251,0.8404844589983608,2.0651667478299056,0.937142857142857,1.731428571428571,-0.019096129737899124,-0.008733393747640924,930.2692989096311
2174,Burnley,90,6,2023-10-21T14:00:00Z,0.57,3.245,False,94.0,0,0,38.0,272.0,0.1741426611796981,0.6268724279835391,0.9024142661179698,0.8888758481254628,2.0126689190821856,0.8571522987014711,2.1430507383251003,0.8339894092022486,2.1001667478299058,0.90125,1.695,-0.019540003160397515,-0.006573429996225448,915.4889500341928
2175,Burnley,90,6,2023-10-28T14:00:00Z,0.94,1.54,False,91.0,0,0,75.0,153.0,0.184333180917543,0.6142341106538638,0.7663222069806431,0.8538758481254628,2.0476689190821857,0.8571522987014711,2.1430507383251003,0.7989894092022486,2.135166747829906,0.8433333333333333,1.8088888888888888,-0.016408512009754996,0.007479891254246431,906.699645865196
2176,Burnley,90,6,2023-11-04T15:00:00Z,0.5650000000000001,1.66,True,31.0,0,0,180.0,75.0,0.3533755017019763,1.002961100103304,0.4087796575725246,0.8321082912042693,2.0448294410423373,0.8571522987014711,2.1430507383251003,0.7698867231255851,2.1350000368312014,0.8340000000000001,1.781,-0.016823864314972677,0.014402754146816854,890.420380079054
2177,Burnley,90,6,2023-11-11T15:00:00Z,0.675,2.515,False,3.0,0,0,94.0,244.0,0.3300369184914223,0.739959863841894,0.5960283832071669,0.8321082912042693,2.0448294410423373,0.8263961035177687,2.1670049970904044,0.7487585481932331,2.1676259155360045,1.014,1.654,-0.019983833565339608,0.016889340696198577,881.5816837154616
2178,Burnley,90,6,2023-11-25T15:00:00Z,1.135,1.515,True,21.0,0,0,117.0,130.0,0.3170698346570926,0.96674752230257,0.3179397336675191,0.8153642985817016,2.0631032484191922,0.8263961035177687,2.1670049970904044,0.7389643313140496,2.1940561373707954,1.032,1.704,-0.022639883072150455,0.024190221137829735,878.2848550530492
2179,Burnley,90,6,2023-12-02T15:00:00Z,3.425,0.195,True,49.0,1,2,208.0,64.0,0.2466098713999609,0.7585814062353322,0.3272864595191815,0.8153642985817016,2.0631032484191922,0.8201359424976724,2.1320049970904043,0.737346059575109,2.1590561373707953,0.998,1.571,-0.019554861620932774,0.014392599858054833,869.3328539146754
2180,Burnley,90,6,2023-12-05T19:30:00Z,0.425,0.915,False,39.0,0,0,82.0,86.0,0.256695381048884,0.7555243385436953,0.4657998536055742,0.8153642985817016,2.0631032484191922,0.8551359424976724,2.097004997090404,0.772346059575109,2.124056137370795,1.123,1.5319999999999998,-0.006875227304751702,0.0012298706045148172,881.7892143606476
2181,Burnley,90,6,2023-12-09T15:00:00Z,0.965,1.86,False,36.0,0,1,88.0,369.0,0.2152075185935764,1.0587411522006518,0.4822887750265577,0.7803642985817015,2.028103248419192,0.8551359424976724,2.097004997090404,0.737346059575109,2.089056137370795,1.078,1.505,-0.002673115867019809,-0.011297966622790298,870.6682838724474
2182,Burnley,90,6,2023-12-16T17:30:00Z,0.385,1.67,True,11.0,0,0,99.0,160.0,0.2962521221999696,0.6700077604052583,0.3701116907371412,0.7728946989374286,2.0326074862234607,0.8551359424976724,2.097004997090404,0.7227986480082516,2.0858051151000785,1.089,1.679,-0.0028472661754779787,-0.021688685776560898,872.8473842693276
2183,Burnley,90,6,2023-12-23T15:00:00Z,1.205,0.69,False,54.0,1,2,55.0,193.0,0.2562725144616706,0.9790208961560624,0.4328912694651005,0.7728946989374286,2.0326074862234607,0.8201359424976724,2.1108823531481256,0.6877986480082515,2.0989506334816204,1.046,1.6969999999999998,-0.009556304320844651,-0.020865159607372164,866.8353541991885
2184,Burnley,90,6,2023-12-26T17:30:00Z,0.375,1.845,True,14.0,0,0,57.0,253.0,0.270418317266643,0.6811171469818675,0.4611979816844431,0.7797376675692116,1.9976074862234607,0.8201359424976724,2.1108823531481256,0.695153483882327,2.0639506334816202,1.036,1.746,-0.013690072135181143,-0.015831287239546174,888.9979889677386
2185,Burnley,90,6,2023-12-30T15:00:00Z,1.495,4.125,False,7.0,0,0,118.0,196.0,0.1993230668035215,1.3947940303436042,0.4055820984728559,0.7797376675692116,1.9976074862234607,0.7851359424976724,2.0999007638181606,0.6716036985483798,2.0459641963121835,1.055,1.727,-0.01900827234891407,-0.01293230567368687,885.9171981150782
2186,Burnley,90,6,2024-01-12T19:45:00Z,0.995,0.925,True,102.0,0,1,134.0,142.0,0.2103253578740557,0.6253133365414525,0.454265096865678,0.8147376675692116,2.0326074862234607,0.7851359424976724,2.0999007638181606,0.7062129579450251,2.0809641963121837,1.098,1.77,-0.008625586304455979,-0.005570927475906906,882.1346874898965
2187,Burnley,90,6,2024-01-31T19:30:00Z,1.22,2.375,False,43.0,0,0,87.0,156.0,0.1861401630694056,1.184839801378359,0.5732305210344435,0.8147376675692116,2.0326074862234607,0.7501359424976723,2.0649007638181605,0.6727778044619903,2.0459641963121835,1.052,1.837,-0.00624031637871236,-0.007747152646206335,882.134347246311
2188,Burnley,90,6,2024-02-03T15:00:00Z,1.84,1.64,True,54.0,0,1,118.0,184.0,0.2991419450131544,0.6041325950877964,0.3844284086733051,0.8474574973323298,2.0410794680341438,0.7501359424976723,2.0649007638181605,0.7070052674645116,2.056399342706932,1.045,1.749,0.0018147233833410263,-0.006620450439478618,879.1709024154638
2189,Burnley,90,6,2024-02-10T15:00:00Z,1.205,2.93,False,14.0,0,0,101.0,286.0,0.2181090157206488,1.2815420677387237,0.6458459608045671,0.8474574973323298,2.0410794680341438,0.7851359424976724,2.06819602401035,0.7420052674645117,2.0608802578570327,1.046,1.803,0.00877224203360812,-0.0005441839696769257,879.6997207740088
2190,Burnley,90,6,2024-02-17T15:00:00Z,0.145,3.71,True,3.0,0,0,38.0,203.0,0.2371104016768978,0.9432142406238416,0.3567776511903484,0.8749396924651829,2.0581546082473796,0.7851359424976724,2.06819602401035,0.7689715451077211,2.0864200530655115,0.939,2.025,0.017955532124505368,0.004356074708455297,876.8701577992016
2191,Burnley,90,6,2024-02-24T15:00:00Z,0.05,3.73,False,31.0,0,0,19.0,220.0,0.262973678893838,1.1456438304634518,0.7934357472924412,0.8749396924651829,2.0581546082473796,0.7699801546600398,2.10319602401035,0.7534999969737526,2.112823041024719,0.895,2.142,0.01600046905945228,0.008146934542078871,873.7990985953419
2192,Burnley,90,6,2024-03-03T13:00:00Z,0.775,1.55,True,91.0,0,0,181.0,95.0,0.1844192013042539,0.8913888538185434,0.3641603953702709,0.8399396924651829,2.0931546082473798,0.7699801546600398,2.10319602401035,0.7207218068975475,2.147823041024719,0.826,1.993,0.011604870809963377,0.02011728896355762,861.769339753779
2193,Burnley,90,6,2024-03-10T14:00:00Z,0.8200000000000001,1.91,False,21.0,0,0,98.0,166.0,0.2467573058063184,1.1466118681382402,0.7215611367830098,0.8399396924651829,2.0931546082473798,0.7349801546600397,2.0929271738080555,0.688431867294321,2.1405190387340216,0.908,1.928,-0.004919683733880403,0.020223709074220407,853.8731067836848
2194,Burnley,90,6,2024-03-16T15:00:00Z,2.325,1.035,True,94.0,0,2,205.0,131.0,0.1567704899033086,0.7199691085255338,0.481013640843544,0.8165941998598679,2.1077317942947817,0.7349801546600397,2.0929271738080555,0.6659289378456363,2.1576120478717384,0.951,1.901,-0.01870796776030806,0.019455883059401696,848.2312090046387
2195,Burnley,90,6,2024-03-30T15:00:00Z,1.79,4.470000000000001,False,8.0,0,1,162.0,328.0,0.2919223489604698,1.5584758974408537,0.7101031063867854,0.8165941998598679,2.1077317942947817,0.7699801546600398,2.0579271738080553,0.7009289378456364,2.1226120478717383,1.099,1.779,-0.0181490329513714,0.008800656922328442,868.1103317185974
2196,Burnley,90,6,2024-04-02T18:45:00Z,0.995,0.92,True,39.0,0,1,160.0,88.0,0.2241548254803511,0.6288648621865263,0.3874550539894231,0.851594199859868,2.142731794294782,0.7699801546600398,2.0579271738080553,0.7359289378456364,2.1576120478717384,1.143,1.911,-0.004849623778428544,0.004725858968967791,869.774135222591
2197,Burnley,90,6,2024-04-06T14:00:00Z,0.23,1.06,False,11.0,0,0,96.0,98.0,0.2581618269692543,1.2499256980095526,0.6678579716341664,0.851594199859868,2.142731794294782,0.7504320225213629,2.025546397981986,0.7229656348443408,2.1226120478717383,1.169,1.857,0.005391724325368937,-0.0031364553814786614,870.9132971043218
2198,Burnley,90,6,2024-04-13T14:00:00Z,1.355,0.955,True,36.0,0,1,117.0,186.0,0.1743426420402731,0.6380060039228538,0.3546872642139957,0.8165941998598679,2.1077317942947817,0.7504320225213629,2.025546397981986,0.6879656348443408,2.087612047871738,1.178,1.7990000000000002,0.00582225510703464,-0.009558141551754787,860.4858773517823
2199,Burnley,90,6,2024-04-20T14:00:00Z,3.09,1.715,False,49.0,0,2,206.0,250.0,0.2474591987538644,1.227719987340763,0.7616673112710183,0.8165941998598679,2.1077317942947817,0.7536443509410647,1.990546397981986,0.7066938101511567,2.052612047871738,1.177,1.801,0.0043420328434977075,-0.01900000000000008,861.2436572048482
2200,Burnley,90,6,2024-04-27T14:00:00Z,1.535,1.855,False,1.0,0,1,177.0,265.0,0.1969127101418946,1.5526711012650378,0.5924079087663475,0.851594199859868,2.1283327978185738,0.7536443509410647,1.990546397981986,0.7416938101511568,2.078648177485395,1.2819999999999998,1.765,0.0023176850984046554,-0.016280552912334784,873.3864147577962
2201,Burnley,90,6,2024-05-04T14:00:00Z,1.04,3.79,True,4.0,0,0,137.0,289.0,0.184488721586879,0.7384491141622196,0.84475676105533,0.8809198977257058,2.1316681387249297,0.7536443509410647,1.990546397981986,0.7621347632740162,2.091264303634769,1.421,1.827,0.005884052239118933,-0.014246580924110753,875.7322942774477
2202,Burnley,90,6,2024-05-11T14:00:00Z,0.875,2.25,False,6.0,0,0,87.0,250.0,0.2509321078881402,1.6654108565394738,0.4607617068182703,0.8809198977257058,2.1316681387249297,0.7407036507644543,2.025546397981986,0.7610610497699033,2.1262643036347693,1.539,1.896,0.012799555997623955,0.00157869073479728,870.275748112149
2203,Burnley,90,6,2024-05-19T15:00:00Z,1.1,1.725,True,17.0,0,0,133.0,138.0,0.1590467834564614,0.6565715332372819,0.8836997030430345,0.8538396065713227,2.1542023138854822,0.7407036507644543,2.025546397981986,0.7270956258569172,2.148440670478675,1.445,2.051,0.010834075058342319,0.015363314470661507,863.1824489437122
2204,Luton,102,12,2023-08-12T14:00:00Z,1.23,4.05,False,36.0,0,0,9.0,271.0,0.25,1.37,2.5,1.1873196010860483,2.1379195384294065,1.1873196010860483,2.1379195384294065,1.1873196010860483,2.1379195384294065,1.5,1.5,,,1000.0
2205,Luton,102,12,2023-08-25T19:00:00Z,0.215,2.545,False,8.0,0,0,73.0,248.0,0.2522222222222222,1.3166666666666669,2.102222222222222,1.191821993729813,2.1729195384294067,1.1873196010860483,2.1379195384294065,1.187128746130845,2.1729195384294067,0.09,2.71,-0.00019085495520321238,0.03500000000000014,961.1843703978341
2206,Luton,102,12,2023-09-01T19:00:00Z,1.215,1.53,True,21.0,0,0,118.0,120.0,0.2,0.87,0.0,1.156821993729813,2.207919538429407,1.1873196010860483,2.1379195384294065,1.1521287461308451,2.207919538429407,0.41,2.595,-0.017595427477601566,0.03500000000000014,913.7866788982194
2207,Luton,102,12,2023-09-16T14:00:00Z,0.64,0.99,False,54.0,0,0,91.0,107.0,0.2472839506172839,1.1040740740740742,1.7217283950617284,1.156821993729813,2.207919538429407,1.1762031224964136,2.1389318064884124,1.1449619929451569,2.201492762046889,0.6666666666666667,2.13,-0.016207282442267414,0.022571967085244803,890.0806611717256
2208,Luton,102,12,2023-09-23T14:00:00Z,1.59,0.7949999999999999,True,39.0,0,1,187.0,106.0,0.2422222222222222,0.73,0.0,1.121821993729813,2.1729195384294067,1.1762031224964136,2.1389318064884124,1.109961992945157,2.166492762046889,0.7275,1.865,-0.019688196946747085,0.008571967085244747,873.2411455443165
2209,Luton,102,12,2023-09-30T14:00:00Z,1.46,1.95,False,11.0,0,2,96.0,222.0,0.194554183813443,1.2609465020576132,1.7480109739369,1.121821993729813,2.1729195384294067,1.185627486481055,2.1039318064884123,1.1262261375272147,2.131492762046889,0.956,1.704,-0.015546695158197732,-0.0016525996412188248,873.9115738397725
2210,Luton,102,12,2023-10-03T18:30:00Z,1.145,1.52,True,90.0,0,0,142.0,142.0,0.188395061728395,0.6233333333333334,0.1755555555555555,1.139397103919269,2.207919538429407,1.185627486481055,2.1039318064884123,1.138378245464791,2.166492762046889,0.9566666666666668,1.79,-0.010184580832604612,-0.008468977458861207,902.3488032747255
2211,Luton,102,12,2023-10-07T11:30:00Z,0.42,1.495,True,6.0,0,0,103.0,165.0,0.2776406035665295,0.7959259259259259,0.1365432098765432,1.139397103919269,2.207919538429407,1.1526840935331655,2.1056434459583753,1.1052444892313047,2.167690479418305,1.022857142857143,1.737142857142857,-0.006797382353049773,-0.009747008430157423,884.8951185180265
2212,Luton,102,12,2023-10-21T14:00:00Z,1.855,2.4850000000000003,False,17.0,0,1,121.0,231.0,0.2468754762993446,1.156291723822588,1.7484529797286998,1.139397103919269,2.207919538429407,1.1176840935331656,2.078382797351923,1.0702444892313048,2.135944602551393,1.02375,1.72625,-0.010731083479235456,-0.008261361296092356,879.7276448490683
2213,Luton,102,12,2023-10-29T14:00:00Z,0.245,2.6950000000000003,False,7.0,0,0,59.0,237.0,0.2342364815661569,1.214893562973124,1.5354634286778777,1.1743971039192689,2.242919538429407,1.1176840935331656,2.078382797351923,1.1052444892313047,2.170944602551393,1.0444444444444445,1.791111111111111,-0.006419034848299354,0.0010517840402128442,880.5269851175252
2214,Luton,102,12,2023-11-05T16:30:00Z,0.905,2.02,True,14.0,0,1,91.0,194.0,0.3292760249961896,0.8479423868312758,0.4395336076817558,1.139397103919269,2.2701679749825443,1.1176840935331656,2.078382797351923,1.0702444892313048,2.2059446025513934,0.999,1.849,-0.011837414576571672,0.010110538490546375,876.8600496090075
2215,Luton,102,12,2023-11-11T15:00:00Z,0.215,1.56,False,1.0,0,0,89.0,177.0,0.2044061523292331,1.1538061045346522,1.434249333416127,1.139397103919269,2.2701679749825443,1.0996698183226563,2.077311753539091,1.0643512142210965,2.1936800320445653,1.081,1.7719999999999998,-0.01257529017767065,0.008162820553932765,881.3661748641489
2216,Luton,102,12,2023-11-25T15:00:00Z,1.415,1.34,True,31.0,0,2,94.0,203.0,0.2694369083303696,0.93506630086877,0.42630391708581,1.104397103919269,2.254057439896889,1.0996698183226563,2.077311753539091,1.0293512142210965,2.189494455222782,1.097,1.7009999999999998,-0.012347034288047587,0.009063604785768627,876.6836761356755
2217,Luton,102,12,2023-12-02T15:00:00Z,0.62,3.2350000000000003,False,94.0,0,0,42.0,264.0,0.2145381184782924,1.395182525749174,1.3466383704347655,1.104397103919269,2.254057439896889,1.121001976783642,2.063823389015674,1.0581562682230339,2.176624443162644,1.073,1.784,-0.008400405859491063,0.0070509768732454825,897.5102315868228
2218,Luton,102,12,2023-12-05T20:15:00Z,1.75,3.22,True,3.0,0,0,85.0,283.0,0.2206731509236208,1.1006071228979324,0.4871252688445189,1.0693971039192691,2.2890574398968893,1.121001976783642,2.063823389015674,1.023156268223034,2.211624443162644,1.024,1.941,-0.013763021944747609,0.0031786613733777633,889.7670615840906
2219,Luton,102,12,2023-12-10T14:00:00Z,0.665,1.8,True,43.0,0,0,63.0,168.0,0.2183013396072606,1.0604722066983918,0.4833196535457369,1.0693971039192691,2.2890574398968893,1.156001976783642,2.0988233890156742,1.0581562682230339,2.2357916939471894,0.922,2.1180000000000003,-0.004434882543817275,0.005434247950659366,886.7076944638115
2220,Luton,102,12,2023-12-23T15:00:00Z,1.4449999999999998,0.84,True,4.0,1,2,149.0,156.0,0.1809010419167582,1.0203672718765269,0.5448041749800177,1.0693971039192691,2.2890574398968893,1.1413321331536974,2.073892505539442,1.0511711156150216,2.2040771415702554,0.889,2.064,-0.0004138666007017733,0.006453636108619217,883.1050037505772
2221,Luton,102,12,2023-12-26T15:00:00Z,0.8200000000000001,2.295,False,49.0,0,0,113.0,163.0,0.4024185365942274,1.1629197422493571,1.358496510338151,1.0693971039192691,2.2890574398968893,1.1580155993645436,2.038892505539442,1.0861711156150216,2.169077141570255,0.8959999999999999,2.0780000000000003,0.008518401404159664,0.00012682222127846643,910.5584205747757
2222,Luton,102,12,2023-12-30T12:30:00Z,2.29,2.25,True,8.0,0,0,218.0,165.0,0.1407008103797008,1.0958412114595208,0.4526254694289026,1.0343971039192692,2.3240574398968894,1.1580155993645436,2.038892505539442,1.0511711156150216,2.2040771415702554,0.906,2.076,0.004203817900796838,-0.0006312275747440691,890.1966343939165
2223,Luton,102,12,2024-01-12T19:45:00Z,0.93,0.995,False,90.0,0,1,142.0,134.0,0.3685477506843991,0.9844931328606112,1.1410528413741177,1.0343971039192692,2.3240574398968894,1.1930155993645435,2.073892505539442,1.0861711156150216,2.2390771415702555,1.003,2.01,0.009403393689597176,0.0002034238544930186,880.4799583091792
2224,Luton,102,12,2024-01-30T19:45:00Z,3.4450000000000003,0.44,True,36.0,1,2,244.0,90.0,0.147211741406434,0.8945431644685162,0.4720420317780354,0.9993971039192692,2.2890574398968893,1.1930155993645435,2.073892505539442,1.0511711156150216,2.205641988087221,1.086,1.907,0.0010021210559982459,-0.00030710083713833466,880.4802984128602
2225,Luton,102,12,2024-02-03T15:00:00Z,3.145,3.14,False,4.0,0,1,208.0,178.0,0.3777593616434215,1.1923835477804754,0.8874855432909804,0.9993971039192692,2.2890574398968893,1.2280155993645434,2.038892505539442,1.0861711156150216,2.1706419880872208,1.239,1.803,0.002999999999999993,-0.0006423207961221676,905.7938707709095
2226,Luton,102,12,2024-02-10T15:00:00Z,1.4500000000000002,2.405,True,49.0,0,0,184.0,76.0,0.1144980210938931,0.9224224612532904,0.5404771358273608,1.0343971039192692,2.320793627598457,1.2280155993645434,2.038892505539442,1.1211711156150215,2.205641988087221,1.358,1.804,0.006999999999999984,0.0014023891043625702,906.7168242160975
2227,Luton,102,12,2024-02-18T16:30:00Z,1.375,2.405,True,1.0,0,0,181.0,207.0,0.0957206830730279,1.0752174698636705,0.6803711056435028,1.0343971039192692,2.320793627598457,1.2032996949214274,2.073892505539442,1.0971691240884296,2.240641988087221,1.4480000000000002,1.6769999999999998,0.0105711440676297,0.0013576792038778405,885.5090053106387
2228,Luton,102,12,2024-02-21T19:30:00Z,1.02,3.655,False,14.0,0,0,102.0,345.0,0.3627017257226612,1.409631648273703,0.8769332003374292,1.0343971039192692,2.320793627598457,1.2032985563787977,2.1088925055394423,1.1077941640084195,2.275641988087221,1.587,1.62,0.00803169335392038,0.009223549502423684,880.999776309794
2229,Luton,102,12,2024-03-02T17:30:00Z,2.225,2.415,True,7.0,0,0,171.0,204.0,0.1611160868345773,1.0185024765606323,0.6669553043893911,1.0447731416324655,2.3329965617258512,1.2032985563787977,2.1088925055394423,1.1144460682730644,2.294784890540803,1.604,1.682,0.010206911912680442,0.022734700350511745,878.3255964900474
2230,Luton,102,12,2024-03-09T15:00:00Z,0.905,1.795,False,31.0,0,1,86.0,182.0,0.437656897784292,1.2652690597684355,0.9442813780402226,1.0447731416324655,2.3329965617258512,1.2382985563787976,2.1438925055394424,1.1494460682730643,2.329784890540803,1.712,1.7180000000000002,0.008766418890980919,0.03137552056081877,874.124010989937
2231,Luton,102,12,2024-03-13T19:30:00Z,2.555,3.33,False,91.0,0,0,139.0,258.0,0.4359553649433383,1.1840981575976723,1.034441071809062,1.0311015308050075,2.343070691748195,1.2382985563787976,2.1438925055394424,1.1310820023540504,2.3460255295950105,1.649,1.744,0.0060867763003912495,0.0282425519243793,874.3131349279913
2232,Luton,102,12,2024-03-16T15:00:00Z,0.7949999999999999,1.355,True,17.0,0,1,117.0,102.0,0.1386458453157824,0.9432797039916032,0.7342985700806375,1.0661015308050075,2.3780706917481953,1.2382985563787976,2.1438925055394424,1.1660820023540504,2.3810255295950107,1.675,1.839,0.01284079732471419,0.027087666630351896,865.5721281444191
2233,Luton,102,12,2024-03-30T15:00:00Z,0.6950000000000001,2.49,False,6.0,0,0,61.0,174.0,0.3724097282892631,1.4298541225759671,0.955676389184826,1.0661015308050075,2.3780706917481953,1.2032985563787977,2.1354858850369,1.1310820023540504,2.3621964074042903,1.574,1.776,0.0072280836586314,0.020220990080062187,865.9169324234202
2234,Luton,102,12,2024-04-03T18:30:00Z,0.135,1.41,False,3.0,0,0,43.0,143.0,0.3096520108916491,1.280997650892419,0.7499705249215314,1.0311015308050075,2.38217772516282,1.2032985563787977,2.1354858850369,1.0960820023540505,2.361729662284879,1.493,1.816,-0.003197500781488882,0.013341668837452645,860.9400342590338
2235,Luton,102,12,2024-04-06T14:00:00Z,1.7,0.67,True,91.0,0,2,211.0,68.0,0.1078356574678307,0.7936619919934691,0.5866766656182736,1.0060917208799736,2.34717772516282,1.2032985563787977,2.1354858850369,1.081262431199422,2.3267296622848788,1.2919999999999998,1.869,-0.013740519581948904,0.0003716324171218207,858.6761375183366
2236,Luton,102,12,2024-04-13T14:00:00Z,0.75,4.63,False,43.0,0,0,52.0,420.0,0.369729341804616,1.3318870618052148,1.1099770749389688,1.0060917208799736,2.34717772516282,1.2146724784912737,2.1004858850368997,1.1022843071019746,2.2917296622848786,1.295,1.759,-0.012384205420693274,-0.012423819531441905,882.366888058445
2237,Luton,102,12,2024-04-20T14:00:00Z,0.8,4.07,True,94.0,0,0,84.0,230.0,0.1727610669194239,1.0728482159949202,0.6074151843697684,1.0060704153548519,2.360275137725719,1.2146724784912737,2.1004858850368997,1.0993535707361586,2.3065043761590367,1.163,2.103,-0.012424423285723287,-0.017685885786803,880.2792292305296
2238,Luton,102,12,2024-04-27T14:00:00Z,0.8,1.605,False,39.0,0,0,123.0,113.0,0.4542339325147013,1.138134381404056,0.8655377249525313,1.0060704153548519,2.360275137725719,1.1796724784912738,2.1354858850369,1.066320868585707,2.341504376159037,1.0659999999999998,2.126,-0.008370545365509713,-0.008689600417251255,868.1749203658994
2239,Luton,102,12,2024-05-03T19:00:00Z,0.975,1.215,True,11.0,0,1,137.0,118.0,0.1588141631595519,0.8988819457738269,0.7013229211764865,0.9755176612729478,2.3620381717296315,1.1796724784912738,2.1354858850369,1.0313208685857072,2.3483569497781467,1.087,1.894,-0.010616031229962207,-0.00022184877248653732,858.2833701646957
2240,Luton,102,12,2024-05-11T14:00:00Z,0.7150000000000001,3.12,False,21.0,0,0,69.0,233.0,0.3844041697336566,1.5274378522031546,0.7287515638519688,0.9755176612729478,2.3620381717296315,1.155105823610576,2.1181502963071517,1.0213155605758004,2.3220331180830485,1.053,1.808,-0.015590210594781745,0.005182832613447224,859.9791816385581
2241,Luton,102,12,2024-05-19T15:00:00Z,2.05,2.53,True,54.0,0,0,137.0,144.0,0.1235221269018737,0.8746859578240875,0.6054733831372674,0.9431720134041562,2.3970381717296316,1.155105823610576,2.1181502963071517,0.9863155605758004,2.3570331180830486,1.036,1.859,-0.02425593608891272,0.010855887953771287,851.626081166188
2242,Ipswich,40,10,2024-08-17T11:30:00Z,0.23,2.325,True,14.0,0,0,68.0,221.0,0.3,2.36,0.0,0.8735220342522974,2.051037593984962,0.8735220342522974,2.051037593984962,0.8735220342522974,2.051037593984962,1.5,1.5,,,1000.0
2243,Ipswich,40,10,2024-08-24T14:00:00Z,0.645,3.67,False,43.0,0,0,19.0,180.0,0.53,1.02,1.79,0.8735220342522974,2.051037593984962,0.8385220342522973,2.0748868351733174,0.8444798684321457,2.05913886418145,0.68,2.21,-0.029042165820151622,0.008101270196487764,968.0958436243584
2244,Ipswich,40,10,2024-08-31T14:00:00Z,0.72,0.975,True,54.0,0,1,97.0,114.0,0.28,1.913333333333333,0.0844444444444444,0.8683264964789968,2.0653792335896486,0.8385220342522973,2.0748868351733174,0.844192641083696,2.0741299000778177,0.435,2.005,-0.014664696584300694,0.01154615304642781,959.7201117149118
2245,Ipswich,40,10,2024-09-14T14:00:00Z,0.18,0.83,False,36.0,1,1,35.0,205.0,0.4388888888888889,1.106666666666667,1.4455555555555557,0.8683264964789968,2.0653792335896486,0.8035220342522973,2.0398868351733173,0.8132562499714033,2.0391299000778176,0.6133333333333334,1.7166666666666666,-0.018108458019113184,-0.0020732045825065716,959.7764776272566
2246,Ipswich,40,10,2024-09-21T14:00:00Z,1.345,1.745,False,20.0,0,1,155.0,111.0,0.3569135802469136,1.1096296296296295,1.4132098765432095,0.8333264964789968,2.0303792335896484,0.8035220342522973,2.0398868351733173,0.7782562499714033,2.0041299000778174,0.5475,1.8,-0.022175518702253053,-0.011382435191792162,959.8234655827702
2247,Ipswich,40,10,2024-09-29T13:00:00Z,1.6,1.41,True,7.0,0,1,124.0,95.0,0.2177777777777778,1.5837037037037036,0.1545679012345679,0.8271538284250797,2.0588469327892347,0.8035220342522973,2.0398868351733173,0.7756822785896507,2.035135353575094,0.748,1.662,-0.020537314994507238,-0.007986802696006797,956.5223579116182
2248,Ipswich,40,10,2024-10-05T14:00:00Z,0.825,3.895,False,21.0,0,0,81.0,291.0,0.2887105624142662,1.5808230452674898,1.225829903978052,0.8271538284250797,2.0588469327892347,0.8299858625831554,2.0292906819514553,0.8059468060780486,2.008779009547553,0.83,1.5433333333333334,-0.012377039978646334,-0.011536654647933008,957.5089514675699
2249,Ipswich,40,10,2024-10-19T14:15:00Z,0.635,1.87,True,11.0,0,0,92.0,163.0,0.1893827160493827,1.242880658436214,0.4757750342935528,0.8053329652378378,2.093846932789235,0.8299858625831554,2.0292906819514553,0.7792585592284432,2.043779009547553,0.8271428571428571,1.7385714285714289,-0.009976363209659445,-0.006051476306995416,937.9937516797972
2250,Ipswich,40,10,2024-10-26T14:00:00Z,2.155,4.055,False,94.0,0,0,124.0,213.0,0.3689971040999847,1.6784179240969366,1.273423258649596,0.8053329652378378,2.093846932789235,0.7949858625831554,2.0629083229905003,0.7522493254094599,2.075202208294994,0.83875,1.725,-0.007764661930005703,0.007798643584787117,923.429889629501
2251,Ipswich,40,10,2024-11-02T15:00:00Z,1.005,1.275,True,13.0,0,1,105.0,193.0,0.1717421124828532,1.2777960676726108,0.3789361377838744,0.8403329652378378,2.128846932789235,0.7949858625831554,2.0629083229905003,0.7872493254094599,2.1102022082949943,0.8833333333333333,1.77,-0.0014863351199969907,0.01958748872130242,909.0832587900845
2252,Ipswich,40,10,2024-11-10T14:00:00Z,1.87,1.41,False,6.0,0,2,140.0,170.0,0.2981088587444326,1.6165472742976177,1.0748847567274635,0.8403329652378378,2.128846932789235,0.7658459830223756,2.0348247624502136,0.7614916907655719,2.0885718924540666,0.9,1.786,-0.004401560427004093,0.01722501398241793,909.0847117021935
2253,Ipswich,40,10,2024-11-24T16:30:00Z,1.295,0.9,True,1.0,0,1,113.0,114.0,0.1402438652644413,1.1582858304120307,0.3036169960541245,0.8753329652378379,2.093846932789235,0.7658459830223756,2.0348247624502136,0.7964916907655719,2.0535718924540665,0.972,1.735,-0.0018736051985999242,0.011238373235774495,930.3324171169993
2254,Ipswich,40,10,2024-11-30T15:00:00Z,0.295,1.34,False,17.0,0,0,82.0,150.0,0.2963068901345587,1.390647880009258,1.0115770330102494,0.8753329652378379,2.093846932789235,0.7654735924655256,1.9998247624502137,0.8040167421787653,2.0185718924540663,1.0659999999999998,1.669,0.006593153605030239,-0.0060730528237470036,930.7721693217279
2255,Ipswich,40,10,2024-12-03T19:30:00Z,0.25,1.3199999999999998,True,31.0,0,0,88.0,114.0,0.2290785618723433,0.9764445347649128,0.4072576635976525,0.8403329652378378,2.076587244199049,0.7654735924655256,1.9998247624502137,0.7690167421787653,2.006815674954657,1.051,1.705,0.004832552404412658,-0.01862353183498484,919.9270129319428
2256,Ipswich,40,10,2024-12-08T14:00:00Z,1.16,2.64,True,91.0,0,0,157.0,227.0,0.1781722147896003,1.3061235270393765,0.5234226272426186,0.8403329652378378,2.076587244199049,0.7304735924655256,1.9911823406591775,0.7349719698958002,1.996467205072941,1.104,1.614,-0.006608187769015007,-0.024255533388814136,907.9445482557575
2257,Ipswich,40,10,2024-12-14T15:00:00Z,1.09,1.135,False,39.0,0,1,118.0,148.0,0.2415720256602123,1.1393927955627563,1.0001154701190829,0.8403329652378378,2.076587244199049,0.7209029932285058,2.0261823406591777,0.7361850443796705,2.031467205072941,1.106,1.73,-0.00988835412968064,-0.013388391901383244,899.6565042919705
2258,Ipswich,40,10,2024-12-21T15:00:00Z,0.375,3.165,True,4.0,0,0,84.0,193.0,0.1385783892808002,1.191429409919515,0.7471064878553699,0.8332755681783285,2.052219315058219,0.7209029932285058,2.0261823406591777,0.7266765607383909,2.0111495581325007,1.1,1.783,-0.016760443309032983,-0.005250691532369161,899.6328121768812
2259,Ipswich,40,10,2024-12-27T20:15:00Z,0.08,1.47,False,3.0,0,0,16.0,184.0,0.2567782421801651,1.0084166187710326,1.0178675878703978,0.8332755681783285,2.052219315058219,0.6859029932285058,2.061182340659178,0.6916765607383909,2.046149558132501,1.103,1.685,-0.019643096486832132,0.005311142226448678,890.8567102405575
2260,Ipswich,40,10,2024-12-30T19:45:00Z,1.79,1.0,True,8.0,1,2,131.0,152.0,0.1322276361072891,1.3466673188262894,0.5855272683319545,0.8150198513993754,2.017219315058219,0.6859029932285058,2.061182340659178,0.6799955826876024,2.0111495581325007,1.027,1.706,-0.016700014530552046,0.004297109375070215,887.9727125065519
2261,Ipswich,40,10,2025-01-05T14:00:00Z,1.8,2.12,False,54.0,0,1,78.0,152.0,0.1997164105845728,0.8643240368219143,1.2094525683436428,0.8150198513993754,2.017219315058219,0.7209029932285058,2.0261823406591777,0.7149955826876024,1.9761495581325008,1.034,1.645,-0.008670009174776937,-0.0036440335863863384,917.8501512254164
2262,Ipswich,40,10,2025-01-16T19:30:00Z,0.145,1.485,True,36.0,0,0,0.0,0.0,0.1450659391945582,1.1807412479760029,0.4954100975915201,0.8500198513993754,2.052219315058219,0.7209029932285058,2.0261823406591777,0.7499955826876025,2.0111495581325007,1.007,1.604,0.0006379651239001717,-0.006902520991491461,919.1832755677876
2263,Ipswich,40,10,2025-01-19T16:30:00Z,0.29,4.515,True,43.0,0,0,82.0,249.0,0.1128290638179897,1.3050209706480025,0.6830967425711822,0.8500198513993754,2.052219315058219,0.6859029932285058,2.014579494768015,0.7149955826876024,2.000723561978469,0.867,1.4340000000000002,0.004330062159819779,-0.005489428022004558,909.6711618253777
2264,Ipswich,40,10,2025-01-25T15:00:00Z,0.74,2.99,False,14.0,0,0,67.0,227.0,0.1997794304546677,0.8833631397503778,1.1829075531561666,0.8500198513993754,2.052219315058219,0.661693048803517,2.0451953733802024,0.6887696966120027,2.0271556305583105,0.836,1.569,0.0035847336962302628,-0.0026070750380870716,904.2946251032985
2265,Ipswich,40,10,2025-02-01T15:00:00Z,1.4249999999999998,1.455,True,20.0,0,0,154.0,123.0,0.1055337163028809,1.1105718660595574,0.622408577555364,0.8480799360206356,2.0617831286743873,0.661693048803517,2.0451953733802024,0.686775663698226,2.03701070185095,0.821,1.646,-0.002279350090676613,0.007768512563304071,901.4221138259678
2266,Ipswich,40,10,2025-02-15T15:00:00Z,0.685,1.71,False,7.0,0,1,50.0,236.0,0.1864951125758527,1.0270602198058494,1.0889280968992407,0.8480799360206356,2.0617831286743873,0.6668696060780481,2.0538275304423297,0.6848114448476679,2.046122003095282,0.887,1.655,-0.01048018092124006,0.012967934987116961,878.8330834451311
2267,Ipswich,40,10,2025-02-22T15:00:00Z,1.075,2.855,True,6.0,0,0,142.0,160.0,0.1065262237911295,1.2237781180463223,0.4840955603208387,0.8225676907763185,2.0513160113608775,0.6668696060780481,2.0538275304423297,0.6521294721141625,2.046389176096781,0.78,1.664,-0.016625057122879438,0.009207099556128005,880.3198750399458
2268,Ipswich,40,10,2025-02-26T19:30:00Z,1.71,1.86,False,1.0,0,0,101.0,161.0,0.3050517542256632,0.8099357265156606,0.855832964254965,0.8225676907763185,2.0513160113608775,0.646720866374984,2.08882753044233,0.63792225868361,2.0813891760967813,0.804,1.676,-0.01420718606754403,0.013432571670037318,871.0759035103262
2269,Ipswich,40,10,2025-03-08T15:00:00Z,0.9,2.13,False,31.0,0,0,182.0,172.0,0.355040253286627,1.0966166761788472,0.805647861087195,0.8575676907763186,2.0305453718534223,0.646720866374984,2.08882753044233,0.6714686784801495,2.0712036082097125,0.821,1.644,-0.007592779383903417,0.010104070971314398,861.2162274499167
2270,Ipswich,40,10,2025-03-15T15:00:00Z,1.22,2.76,True,17.0,0,0,67.0,127.0,0.1317426185042119,1.2051607584804729,0.4120743246939857,0.8484468257927557,2.0655453718534225,0.646720866374984,2.08882753044233,0.6706106429648009,2.1062036082097126,0.987,1.632,-0.0038588747485780893,0.0130345527753459,856.0637371895257
2271,Ipswich,40,10,2025-04-02T18:45:00Z,1.585,1.435,False,91.0,0,2,77.0,175.0,0.2805868636673765,1.137368525916881,0.7866150030678183,0.8484468257927557,2.0655453718534225,0.6390458071022549,2.12382753044233,0.6797840388896909,2.141203608209713,0.923,1.607,0.001824368644530559,0.018419021543539443,851.6763071560079
2272,Ipswich,40,10,2025-04-05T14:00:00Z,0.9,2.355,True,39.0,0,0,80.0,237.0,0.3535775921699425,1.055125034373701,0.5516133636508778,0.8760086961395223,2.066120310886757,0.6390458071022549,2.12382753044233,0.7033426855685964,2.129247019779822,0.922,1.63,0.010879810639287524,0.017963786135828552,876.9168369579849
2273,Ipswich,40,10,2025-04-13T13:00:00Z,1.54,2.135,False,8.0,0,1,103.0,276.0,0.4026786717412928,1.117953297935352,0.6984783357194142,0.8760086961395223,2.066120310886757,0.6174091053384947,2.15882753044233,0.6851540697641649,2.1642470197798223,1.002,1.867,0.009741556359800157,0.01781198437501525,868.4133782429991
2274,Ipswich,40,10,2025-04-20T13:00:00Z,0.085,3.275,True,3.0,0,0,18.0,279.0,0.301671460576622,1.3406528045128785,0.4445881717284605,0.9110086961395223,2.0514898330489277,0.6174091053384947,2.15882753044233,0.7197834214567143,2.152125712169593,1.023,1.894,0.008821789770280619,0.016193833316566864,870.5450273292992
2275,Ipswich,40,10,2025-04-26T14:00:00Z,0.05,2.925,False,4.0,0,0,21.0,252.0,0.4065278557987833,1.069519231727496,0.8854831500039888,0.9110086961395223,2.0514898330489277,0.6059191810169416,2.1938275304423303,0.7111064535563203,2.187125712169593,0.974,1.946,0.008693959567263881,0.013496480905115505,868.0329384982939
2276,Ipswich,40,10,2025-05-03T14:00:00Z,1.425,1.275,False,11.0,0,1,119.0,109.0,0.3161883322879426,0.8385149580102746,0.8064868944475468,0.8834140106248561,2.0773318525952775,0.6059191810169416,2.1938275304423303,0.6761064535563203,2.2201779611650774,0.841,2.075,0.0011295065425390906,0.01589675812388304,863.5489807953013
2277,Ipswich,40,10,2025-05-10T14:00:00Z,0.46,1.205,True,94.0,0,0,98.0,170.0,0.2879666915595948,1.18050773684335,0.4680130224554693,0.9159627049818782,2.0779123217624758,0.6059191810169416,2.1938275304423303,0.7111064535563203,2.227121066289809,0.91,1.948,8.568638327690615e-05,0.019776087334448585,864.733579080215
2278,Ipswich,40,10,2025-05-18T14:00:00Z,0.7000000000000001,1.4,False,13.0,0,0,133.0,75.0,0.2459242584461775,0.7321783006746581,0.7272675845703142,0.9159627049818782,2.0779123217624758,0.6,2.1692970030347336,0.6761064535563203,2.194194474291839,0.866,1.958,-0.0030362567068687213,0.011650730969034774,858.6135290340158
2279,Ipswich,40,10,2025-05-25T15:00:00Z,0.9,2.005,True,21.0,0,0,136.0,116.0,0.2239740934352404,1.1070615731003832,0.4017879063542539,0.8809627049818781,2.0792033113765074,0.6,2.1692970030347336,0.6411064535563202,2.1915650664211097,0.898,1.872,-0.013239566842913433,0.00643846179283011,842.2293540706844
