,name,code,kickoff_time,Expected Goals,Expected Goals Conceeded,Goals Scored,Goals Conceeded,Clean Sheets,Threat,Threat_against,was_home,opponent,opponent_name,opponent_code,kickoff2,XGC_avg,XG_avg,Season,Season_Label,Goals-XG,Goals Conceeded-XGC,Expected Goals Adjusted,Expected Goals Conceeded Adjusted
773,Sheffield Utd,49,2023-12-02 15:00:00+00:00,0.3899999999999999,2.95,0.0,5.0,0,64.0,208.0,False,90,Burnley,90,2023-12-02 15:00:00+00:00,1.8510202215090028,0.939989903141118,2024,2023/24,-0.3899999999999999,2.05,0.2106946188205665,3.1383315822245863
774,Sheffield Utd,49,2023-12-06 19:30:00+00:00,0.6699999999999999,1.78,0.0,2.0,0,52.0,199.0,True,14,Liverpool,14,2023-12-06 19:30:00+00:00,1.2161202477020387,1.8948187860000123,2024,2023/24,-0.6699999999999999,0.21999999999999997,0.5509323615539016,0.9394038169515956
775,Sheffield Utd,49,2023-12-09 15:00:00+00:00,0.89,0.64,1.0,0.0,1,88.0,120.0,True,94,Brentford,94,2023-12-09 15:00:00+00:00,1.2956643077494203,1.533914010559859,2024,2023/24,0.10999999999999999,-0.64,0.6869063187716712,0.4172332970388661
776,Sheffield Utd,49,2023-12-16 15:00:00+00:00,0.37,2.75,0.0,2.0,0,49.0,221.0,False,8,Chelsea,8,2023-12-16 15:00:00+00:00,1.4464865160567353,1.509519799083058,2024,2023/24,-0.37,-0.75,0.2557922219756714,1.821771401521503
777,Sheffield Utd,49,2023-12-22 20:00:00+00:00,0.56,0.89,1.0,1.0,0,50.0,162.0,False,7,Aston Villa,7,2023-12-22 20:00:00+00:00,1.1972595817499805,1.5270447993723113,2024,2023/24,0.43999999999999995,0.10999999999999999,0.4677348242070222,0.5828250751817057
778,Sheffield Utd,49,2023-12-26 15:00:00+00:00,2.81,0.63,2.0,3.0,0,163.0,113.0,True,102,Luton,102,2023-12-26 15:00:00+00:00,1.9722336183522184,1.0182356156485133,2024,2023/24,-0.81,2.37,1.4247804995575155,0.6187173089587459
779,Sheffield Utd,49,2023-12-30 15:00:00+00:00,0.32,2.26,0.0,2.0,0,52.0,175.0,False,43,Man City,43,2023-12-30 15:00:00+00:00,0.9703350898487392,1.906748538410651,2024,2023/24,-0.32,-0.2599999999999998,0.32978298254666155,1.1852637904124461
780,Sheffield Utd,49,2024-01-21 14:00:00+00:00,2.34,2.27,2.0,2.0,0,185.0,183.0,True,21,West Ham,21,2024-01-21 14:00:00+00:00,1.6176638865584367,1.2888002362379063,2024,2023/24,-0.33999999999999986,-0.27,1.4465304068685898,1.7613280446210045
781,Sheffield Utd,49,2024-01-30 20:00:00+00:00,0.79,1.13,2.0,3.0,0,108.0,127.0,False,31,Crystal Palace,31,2024-01-30 20:00:00+00:00,1.4094157104758105,1.122483474816425,2024,2023/24,1.21,1.87,0.5605159600025323,1.006696334825601
782,Sheffield Utd,49,2024-02-03 17:30:00+00:00,1.49,2.27,0.0,5.0,0,158.0,210.0,True,7,Aston Villa,7,2024-02-03 17:30:00+00:00,1.2381233138790613,1.5430444211329764,2024,2023/24,-1.49,2.73,1.2034342486709217,1.471117726042688
783,Sheffield Utd,49,2024-02-10 15:00:00+00:00,1.7999999999999998,1.88,3.0,1.0,0,76.0,184.0,False,102,Luton,102,2024-02-10 15:00:00+00:00,1.876662491311173,1.2082125551173963,2024,2023/24,1.2000000000000002,-0.8799999999999999,0.9591495585028659,1.5560175997486876
784,Sheffield Utd,49,2024-02-18 14:00:00+00:00,0.59,5.59,0.0,5.0,0,57.0,318.0,True,36,Brighton,36,2024-02-18 14:00:00+00:00,1.436573590819477,1.6214485565349297,2024,2023/24,-0.59,-0.5899999999999999,0.4106994613923267,3.4475345995225095
785,Sheffield Utd,49,2024-02-25 13:30:00+00:00,0.6,1.24,0.0,1.0,0,131.0,102.0,False,39,Wolves,39,2024-02-25 13:30:00+00:00,1.556226236755057,1.2153656874321015,2024,2023/24,-0.6,-0.24,0.3855480558219359,1.020269053851559
786,Sheffield Utd,49,2024-03-04 20:00:00+00:00,0.23,2.25,0.0,6.0,0,19.0,263.0,True,3,Arsenal,3,2024-03-04 20:00:00+00:00,0.8358921424817494,1.986625948495419,2024,2023/24,-0.23,3.75,0.27515511668423387,1.1325735484850827
787,Sheffield Utd,49,2024-03-09 15:00:00+00:00,1.27,3.34,2.0,2.0,0,224.0,383.0,False,91,Bournemouth,91,2024-03-09 15:00:00+00:00,1.5583186719747233,1.3731042872576589,2024,2023/24,0.73,-1.3399999999999999,0.8149809296648151,2.4324445207804226
788,Sheffield Utd,49,2024-03-30 15:00:00+00:00,1.87,1.35,3.0,3.0,0,120.0,226.0,True,54,Fulham,54,2024-03-30 15:00:00+00:00,1.5599567234845,1.3995052197097504,2024,2023/24,1.13,1.65,1.1987512037019536,0.9646266273161758
789,Sheffield Utd,49,2024-04-04 18:30:00+00:00,0.5900000000000001,1.65,0.0,3.0,0,76.0,242.0,False,14,Liverpool,14,2024-04-04 18:30:00+00:00,1.1551548709254662,1.991922030517111,2024,2023/24,-0.5900000000000001,1.35,0.5107540251527611,0.8283456755441644
790,Sheffield Utd,49,2024-04-07 16:30:00+00:00,1.36,0.37,2.0,2.0,0,143.0,74.0,True,8,Chelsea,8,2024-04-07 16:30:00+00:00,1.5648433224753506,1.6553105884618708,2024,2023/24,0.6399999999999999,1.63,0.8690965929091746,0.22352300684780085
791,Sheffield Utd,49,2024-04-13 14:00:00+00:00,0.8300000000000001,1.02,0.0,2.0,0,78.0,102.0,False,94,Brentford,94,2024-04-13 14:00:00+00:00,1.5729239334654923,1.391420883258675,2024,2023/24,-0.8300000000000001,0.98,0.5276796813507251,0.7330635987086697
792,Sheffield Utd,49,2024-04-20 14:00:00+00:00,2.45,2.18,1.0,4.0,0,250.0,206.0,True,90,Burnley,90,2024-04-20 14:00:00+00:00,1.7701570752193878,1.0452542880000748,2024,2023/24,-1.4500000000000002,1.8199999999999998,1.3840579654188907,2.085616892489461
793,Sheffield Utd,49,2024-04-24 19:00:00+00:00,0.77,2.99,2.0,4.0,0,105.0,339.0,False,1,Man Utd,1,2024-04-24 19:00:00+00:00,1.7023397109729617,1.4301292036958606,2024,2023/24,1.23,1.0099999999999998,0.4523186500536437,2.090720189667472
794,Sheffield Utd,49,2024-04-27 14:00:00+00:00,1.49,2.82,1.0,5.0,0,152.0,250.0,False,4,Newcastle,4,2024-04-27 14:00:00+00:00,1.467665198643059,1.736906604996519,2024,2023/24,-0.49,2.18,1.0152179130346557,1.6235760701742807
795,Sheffield Utd,49,2024-05-04 14:00:00+00:00,2.26,1.49,1.0,3.0,0,133.0,129.0,True,17,Nott'm Forest,17,2024-05-04 14:00:00+00:00,1.442237549437619,1.1865887745282817,2024,2023/24,-1.2599999999999998,1.51,1.5670095407523235,1.2557004010023074
796,Sheffield Utd,49,2024-05-11 14:00:00+00:00,0.63,2.16,0.0,1.0,0,83.0,163.0,False,11,Everton,11,2024-05-11 14:00:00+00:00,1.4211764027541944,1.1786372239425105,2024,2023/24,-0.63,-1.1600000000000001,0.44329472314561386,1.8326249639179535
797,Sheffield Utd,49,2024-05-19 15:00:00+00:00,0.71,3.28,0.0,3.0,0,33.0,235.0,True,6,Spurs,6,2024-05-19 15:00:00+00:00,1.5978349369267124,1.635175180939557,2024,2023/24,-0.71,-0.2799999999999998,0.444351280342899,2.0059012870506887
811,Brighton,36,2023-12-03 14:00:00+00:00,1.05,1.93,2.0,3.0,0,259.0,143.0,False,8,Chelsea,8,2023-12-03 14:00:00+00:00,1.3869791541349332,1.5049375662353484,2024,2023/24,0.95,1.07,0.7570409381205812,1.28244522782959
812,Brighton,36,2023-12-06 19:30:00+00:00,1.51,1.33,2.0,1.0,0,204.0,63.0,True,94,Brentford,94,2023-12-06 19:30:00+00:00,1.2975317819761496,1.5636356773615252,2024,2023/24,0.49,-0.33000000000000007,1.1637479875061403,0.8505817686663677
813,Brighton,36,2023-12-09 15:00:00+00:00,2.73,0.94,1.0,1.0,0,369.0,88.0,True,90,Burnley,90,2023-12-09 15:00:00+00:00,1.7865737674994644,0.9526682034214768,2024,2023/24,-1.73,0.06000000000000005,1.5280645275683074,0.9867023971452186
814,Brighton,36,2023-12-17 14:00:00+00:00,0.7,2.26,0.0,2.0,0,52.0,299.0,False,3,Arsenal,3,2023-12-17 14:00:00+00:00,0.9533245252920912,1.815956601036148,2024,2023/24,-0.7,-0.2599999999999998,0.7342725183593964,1.2445231338185558
815,Brighton,36,2023-12-21 20:00:00+00:00,1.15,1.36,1.0,1.0,0,161.0,142.0,False,31,Crystal Palace,31,2023-12-21 20:00:00+00:00,1.2991608653532418,1.1475518238027658,2024,2023/24,-0.1499999999999999,-0.3600000000000001,0.8851867622161748,1.1851316618479346
816,Brighton,36,2023-12-28 19:30:00+00:00,3.76,2.48,4.0,2.0,0,215.0,217.0,True,6,Spurs,6,2023-12-28 19:30:00+00:00,1.5676565716238988,1.6222272962796254,2024,2023/24,0.2400000000000002,-0.48,2.398484507423143,1.5287623415581582
817,Brighton,36,2024-01-02 19:30:00+00:00,2.49,0.68,0.0,0.0,1,219.0,67.0,False,21,West Ham,21,2024-01-02 19:30:00+00:00,1.5766119193506731,1.2889975721754063,2024,2023/24,-2.49,-0.68,1.5793360239376508,0.5275417228694872
818,Brighton,36,2024-01-22 19:45:00+00:00,1.25,1.38,0.0,0.0,1,168.0,66.0,True,39,Wolves,39,2024-01-22 19:45:00+00:00,1.5476706572162635,1.111600941516134,2024,2023/24,-1.25,-1.38,0.807665373877623,1.2414527088451284
819,Brighton,36,2024-01-30 19:45:00+00:00,0.8999999999999999,2.89,0.0,4.0,0,90.0,244.0,False,102,Luton,102,2024-01-30 19:45:00+00:00,1.9046497801607192,1.1061730276830666,2024,2023/24,-0.8999999999999999,1.1099999999999999,0.4725278155462552,2.612611162697798
820,Brighton,36,2024-02-03 15:00:00+00:00,1.55,0.32,4.0,1.0,0,157.0,74.0,True,31,Crystal Palace,31,2024-02-03 15:00:00+00:00,1.4194426281587973,1.116818079277796,2024,2023/24,2.45,0.6799999999999999,1.0919779139017072,0.28652831283581287
821,Brighton,36,2024-02-10 15:00:00+00:00,1.2,1.6,1.0,2.0,0,100.0,181.0,False,6,Spurs,6,2024-02-10 15:00:00+00:00,1.588378686998388,1.6773451179540486,2024,2023/24,-0.19999999999999996,0.3999999999999999,0.7554873468289101,0.9538883697062948
822,Brighton,36,2024-02-18 14:00:00+00:00,3.04,0.58,4.0,0.0,1,318.0,57.0,False,49,Sheffield Utd,49,2024-02-18 14:00:00+00:00,2.0071370356227862,0.9012168282454804,2024,2023/24,0.96,-0.58,1.5145951402649152,0.6435743117770711
823,Brighton,36,2024-02-24 15:00:00+00:00,1.24,0.4,1.0,1.0,0,208.0,69.0,True,11,Everton,11,2024-02-24 15:00:00+00:00,1.4053381196660817,1.2629686069735877,2024,2023/24,-0.24,0.6,0.8823499360386188,0.3167141271694057
824,Brighton,36,2024-03-02 15:00:00+00:00,1.17,1.24,0.0,3.0,0,161.0,113.0,False,54,Fulham,54,2024-03-02 15:00:00+00:00,1.5642994490286708,1.2885388121059065,2024,2023/24,-1.17,1.76,0.7479386384278883,0.9623303453106098
825,Brighton,36,2024-03-10 14:00:00+00:00,0.46,0.68,0.0,0.0,1,88.0,86.0,True,17,Nott'm Forest,17,2024-03-10 14:00:00+00:00,1.5292206677707183,1.1245622962180284,2024,2023/24,-0.46,-0.68,0.30080681597809106,0.6046797071953075
826,Brighton,36,2024-03-31 13:00:00+00:00,0.44,2.79,1.0,2.0,0,87.0,324.0,False,14,Liverpool,14,2024-03-31 13:00:00+00:00,1.1687891081990205,1.989405660883786,2024,2023/24,0.56,-0.79,0.3764579913633805,1.4024289036960682
827,Brighton,36,2024-04-03 18:30:00+00:00,1.11,0.5,0.0,0.0,1,157.0,68.0,False,94,Brentford,94,2024-04-03 18:30:00+00:00,1.592603850678734,1.417427719438994,2024,2023/24,-1.11,-0.5,0.6969718172707806,0.3527516734312885
828,Brighton,36,2024-04-06 16:30:00+00:00,0.5399999999999999,3.23,0.0,3.0,0,73.0,263.0,True,3,Arsenal,3,2024-04-06 16:30:00+00:00,0.8058406553615458,1.9319079551134264,2024,2023/24,-0.5399999999999999,-0.22999999999999998,0.670107665091339,1.6719223042954756
829,Brighton,36,2024-04-13 14:00:00+00:00,0.91,1.7,0.0,1.0,0,186.0,117.0,False,90,Burnley,90,2024-04-13 14:00:00+00:00,1.785562142066138,1.0010590043944485,2024,2023/24,-0.91,-0.7,0.5096434218452942,1.6982015970460687
830,Brighton,36,2024-04-25 19:00:00+00:00,0.5,1.3,0.0,4.0,0,79.0,138.0,True,43,Man City,43,2024-04-25 19:00:00+00:00,0.929012579277009,2.049653836259436,2024,2023/24,-0.5,2.7,0.5382058447358355,0.6342534417287095
831,Brighton,36,2024-04-28 13:00:00+00:00,1.01,2.26,0.0,3.0,0,111.0,163.0,False,91,Bournemouth,91,2024-04-28 13:00:00+00:00,1.5131326782794097,1.453033045859701,2024,2023/24,-1.01,0.7400000000000002,0.66748938443949,1.5553672412610886
832,Brighton,36,2024-05-05 13:00:00+00:00,2.68,0.06,1.0,0.0,1,198.0,36.0,True,7,Aston Villa,7,2024-05-05 13:00:00+00:00,1.4883399756898,1.5023319652252776,2024,2023/24,-1.6800000000000002,-0.06,1.8006638562253912,0.039937910787249266
833,Brighton,36,2024-05-11 14:00:00+00:00,1.31,2.27,1.0,1.0,0,129.0,221.0,False,4,Newcastle,4,2024-05-11 14:00:00+00:00,1.4755691130154616,1.8017109028831373,2024,2023/24,-0.31000000000000005,-1.27,0.8877930477433851,1.2599135612530825
834,Brighton,36,2024-05-15 18:45:00+00:00,1.24,1.48,1.0,2.0,0,138.0,130.0,True,8,Chelsea,8,2024-05-15 18:45:00+00:00,1.534450114044306,1.734579224248375,2024,2023/24,-0.24,0.52,0.8081070793052813,0.8532328643803001
835,Brighton,36,2024-05-19 15:00:00+00:00,1.57,1.2,0.0,2.0,0,141.0,107.0,True,1,Man Utd,1,2024-05-19 15:00:00+00:00,1.722642679770023,1.4552437467538324,2024,2023/24,-1.57,0.8,0.9113903994353599,0.824604127436935
849,Man Utd,1,2023-12-02 20:00:00+00:00,0.36,2.65,0.0,1.0,0,54.0,188.0,False,4,Newcastle,4,2023-12-02 20:00:00+00:00,1.082269101998148,1.7816548962171388,2024,2023/24,-0.36,-1.65,0.33263446155429094,1.4873812013912215
850,Man Utd,1,2023-12-06 20:15:00+00:00,4.13,1.4,2.0,1.0,0,289.0,110.0,True,8,Chelsea,8,2023-12-06 20:15:00+00:00,1.4445379836779766,1.5113736339185273,2024,2023/24,-2.13,-0.3999999999999999,2.8590456233518324,0.9263096620060985
851,Man Utd,1,2023-12-09 15:00:00+00:00,1.16,1.48,0.0,3.0,0,176.0,130.0,True,91,Bournemouth,91,2023-12-09 15:00:00+00:00,1.655660736005644,1.290939378239475,2024,2023/24,-1.16,1.52,0.7006266288578855,1.146451975164285
852,Man Utd,1,2023-12-17 16:30:00+00:00,0.63,2.35,0.0,0.0,1,51.0,269.0,False,14,Liverpool,14,2023-12-17 16:30:00+00:00,1.2118414004597118,1.862734508108709,2024,2023/24,-0.63,-2.35,0.5198700091951056,1.2615861196376432
853,Man Utd,1,2023-12-23 12:30:00+00:00,0.91,1.36,0.0,2.0,0,107.0,154.0,False,21,West Ham,21,2023-12-23 12:30:00+00:00,1.5819041961031504,1.2988960579049782,2024,2023/24,-0.91,0.6399999999999999,0.5752560757103284,1.047042980632013
854,Man Utd,1,2023-12-26 20:00:00+00:00,1.04,1.68,3.0,2.0,0,139.0,159.0,True,7,Aston Villa,7,2023-12-26 20:00:00+00:00,1.1992277574590886,1.5175199402577275,2024,2023/24,1.96,0.32000000000000006,0.8672247565412773,1.1070694726519887
855,Man Utd,1,2023-12-30 17:30:00+00:00,0.77,0.74,1.0,2.0,0,126.0,68.0,False,17,Nott'm Forest,17,2023-12-30 17:30:00+00:00,1.6112856345305917,1.079154128972124,2024,2023/24,0.22999999999999998,1.26,0.4778792682678639,0.6857222523948803
856,Man Utd,1,2024-01-14 16:30:00+00:00,0.84,1.36,2.0,2.0,0,105.0,195.0,True,6,Spurs,6,2024-01-14 16:30:00+00:00,1.589988427500392,1.6637780831236944,2024,2023/24,1.1600000000000001,0.6399999999999999,0.5283057319609283,0.8174167058665902
857,Man Utd,1,2024-02-01 20:15:00+00:00,2.74,2.1,4.0,3.0,0,253.0,196.0,False,39,Wolves,39,2024-02-01 20:15:00+00:00,1.5546951074245965,1.130769228964871,2024,2023/24,1.2599999999999998,0.8999999999999999,1.7624034364775871,1.8571428601062858
858,Man Utd,1,2024-02-04 14:00:00+00:00,0.8,1.69,3.0,0.0,1,132.0,124.0,True,21,West Ham,21,2024-02-04 14:00:00+00:00,1.6118215244628729,1.2683875711541803,2024,2023/24,2.2,-1.69,0.496332868036735,1.3324003155141055
859,Man Utd,1,2024-02-11 16:30:00+00:00,1.8,2.49,2.0,1.0,0,163.0,271.0,False,7,Aston Villa,7,2024-02-11 16:30:00+00:00,1.248824147922856,1.582747990299643,2024,2023/24,0.19999999999999996,-1.4900000000000002,1.4413558570227072,1.5732131806584053
860,Man Utd,1,2024-02-18 16:30:00+00:00,2.81,1.74,2.0,1.0,0,207.0,181.0,False,102,Luton,102,2024-02-18 16:30:00+00:00,1.897249990800968,1.2193474945778922,2024,2023/24,-0.81,-0.74,1.4810910600208747,1.42699272171166
861,Man Utd,1,2024-02-24 15:00:00+00:00,1.7,1.11,1.0,2.0,0,206.0,133.0,True,54,Fulham,54,2024-02-24 15:00:00+00:00,1.5796416903199275,1.266969942962502,2024,2023/24,-0.7,0.8899999999999999,1.0761934243807505,0.8761060245869244
862,Man Utd,1,2024-03-03 15:30:00+00:00,0.26,3.32,1.0,3.0,0,29.0,286.0,False,43,Man City,43,2024-03-03 15:30:00+00:00,0.9493397970438948,1.972757709296681,2024,2023/24,0.74,-0.31999999999999984,0.2738745397692185,1.6829233434772037
863,Man Utd,1,2024-03-09 12:30:00+00:00,2.57,1.48,2.0,0.0,1,210.0,213.0,True,11,Everton,11,2024-03-09 12:30:00+00:00,1.419540487833225,1.2754302634253705,2024,2023/24,-0.5699999999999998,-1.48,1.8104450151491114,1.1603927258439242
864,Man Utd,1,2024-03-30 20:00:00+00:00,0.51,2.6,1.0,1.0,0,90.0,317.0,False,94,Brentford,94,2024-03-30 20:00:00+00:00,1.6107716062016708,1.420463325063724,2024,2023/24,0.49,-1.6,0.316618444251461,1.8303886866514913
865,Man Utd,1,2024-04-04 19:15:00+00:00,1.5799999999999998,3.04,3.0,4.0,0,170.0,264.0,False,8,Chelsea,8,2024-04-04 19:15:00+00:00,1.570413407151257,1.6402934003368703,2024,2023/24,1.4200000000000002,0.96,1.006104502677504,1.8533269714891671
866,Man Utd,1,2024-04-07 14:30:00+00:00,0.71,3.59,2.0,2.0,0,117.0,269.0,True,14,Liverpool,14,2024-04-07 14:30:00+00:00,1.1378734045812964,2.0220460674441947,2024,2023/24,1.29,-1.5899999999999999,0.6239709946127608,1.7754293820504554
867,Man Utd,1,2024-04-13 16:30:00+00:00,1.18,1.75,2.0,2.0,0,110.0,163.0,False,91,Bournemouth,91,2024-04-13 16:30:00+00:00,1.5229271876081647,1.4412163012603068,2024,2023/24,0.8200000000000001,0.25,0.7748236485640857,1.214252155259186
868,Man Utd,1,2024-04-24 19:00:00+00:00,2.99,0.77,4.0,2.0,0,339.0,105.0,True,49,Sheffield Utd,49,2024-04-24 19:00:00+00:00,2.025264326378989,0.9719566176125054,2024,2023/24,1.0099999999999998,1.23,1.4763504995646082,0.7922164282305237
869,Man Utd,1,2024-04-27 14:00:00+00:00,2.71,2.06,1.0,1.0,0,265.0,177.0,True,90,Burnley,90,2024-04-27 14:00:00+00:00,1.8059487121523272,1.0727329694228085,2024,2023/24,-1.71,-1.06,1.5005963246709402,1.9203287851853734
870,Man Utd,1,2024-05-06 19:00:00+00:00,0.36,1.47,0.0,4.0,0,82.0,244.0,False,31,Crystal Palace,31,2024-05-06 19:00:00+00:00,1.3896642117250442,1.1727411334854498,2024,2023/24,-0.36,2.5300000000000002,0.2590553868787612,1.2534735569742326
871,Man Utd,1,2024-05-12 15:30:00+00:00,0.64,1.71,0.0,1.0,0,88.0,157.0,True,3,Arsenal,3,2024-05-12 15:30:00+00:00,0.8250725847872469,1.967411551709212,2024,2023/24,-0.64,-0.71,0.7756893294000676,0.8691623257545771
872,Man Utd,1,2024-05-15 19:00:00+00:00,1.45,2.32,3.0,2.0,0,193.0,211.0,True,4,Newcastle,4,2024-05-15 19:00:00+00:00,1.467518102290592,1.7905931637766748,2024,2023/24,1.55,-0.31999999999999984,0.988062769199747,1.2956600343021043
873,Man Utd,1,2024-05-19 15:00:00+00:00,1.19,1.55,2.0,0.0,1,107.0,141.0,False,36,Brighton,36,2024-05-19 15:00:00+00:00,1.4387580751705822,1.3445916607811177,2024,2023/24,0.81,-1.55,0.8271022213786088,1.1527663343528056
887,Brentford,94,2023-12-02 15:00:00+00:00,3.53,0.23,3.0,1.0,0,264.0,42.0,True,102,Luton,102,2023-12-02 15:00:00+00:00,1.9577614691401484,1.018270866726665,2024,2023/24,-0.5299999999999998,0.77,1.803079719180693,0.22587310264444505
888,Brentford,94,2023-12-06 19:30:00+00:00,1.33,1.52,1.0,2.0,0,63.0,204.0,False,36,Brighton,36,2023-12-06 19:30:00+00:00,1.4446836272675472,1.6868012226987623,2024,2023/24,-0.33000000000000007,0.48,0.920616787576905,0.9011138832162499
889,Brentford,94,2023-12-09 15:00:00+00:00,0.64,0.89,0.0,1.0,0,120.0,88.0,False,49,Sheffield Utd,49,2023-12-09 15:00:00+00:00,2.09075606921734,0.7598298500598244,2024,2023/24,-0.64,0.10999999999999999,0.3061093589170254,1.1713148673086835
890,Brentford,94,2023-12-17 14:00:00+00:00,0.5,2.0,1.0,2.0,0,75.0,171.0,True,7,Aston Villa,7,2023-12-17 14:00:00+00:00,1.2179260399583138,1.537891969825941,2024,2023/24,0.5,0.0,0.4105339598594292,1.300481463744401
891,Brentford,94,2023-12-27 19:30:00+00:00,2.18,2.1,1.0,4.0,0,202.0,158.0,True,39,Wolves,39,2023-12-27 19:30:00+00:00,1.6065739508397654,1.0701079226619672,2024,2023/24,-1.1800000000000002,1.9,1.356924777014156,1.9624188883454907
892,Brentford,94,2023-12-30 15:00:00+00:00,1.4,1.08,1.0,3.0,0,97.0,168.0,False,31,Crystal Palace,31,2023-12-30 15:00:00+00:00,1.3275246449684426,1.1505154741012775,2024,2023/24,-0.3999999999999999,1.92,1.0545943574804821,0.9387096691103956
893,Brentford,94,2024-01-20 17:30:00+00:00,1.28,1.09,3.0,2.0,0,147.0,94.0,True,17,Nott'm Forest,17,2024-01-20 17:30:00+00:00,1.5978424707487031,1.0783607637080492,2024,2023/24,1.72,0.9099999999999999,0.8010802212562473,1.0107934530666047
894,Brentford,94,2024-01-31 19:30:00+00:00,1.74,2.86,2.0,3.0,0,151.0,223.0,False,6,Spurs,6,2024-01-31 19:30:00+00:00,1.5730904384680309,1.6896831003501591,2024,2023/24,0.26,0.14000000000000012,1.1061029661425668,1.692625084199109
895,Brentford,94,2024-02-05 20:00:00+00:00,1.02,2.15,1.0,3.0,0,85.0,271.0,True,43,Man City,43,2024-02-05 20:00:00+00:00,0.981550453616852,1.9289755181726336,2024,2023/24,-0.020000000000000018,0.8500000000000001,1.0391722567510082,1.1145812788939635
896,Brentford,94,2024-02-10 15:00:00+00:00,1.94,1.13,2.0,0.0,1,135.0,134.0,False,39,Wolves,39,2024-02-10 15:00:00+00:00,1.5907085970261732,1.190664902350287,2024,2023/24,0.06000000000000005,-1.13,1.2195822689503448,0.9490495585865183
897,Brentford,94,2024-02-17 12:30:00+00:00,1.85,2.82,1.0,4.0,0,157.0,215.0,True,14,Liverpool,14,2024-02-17 12:30:00+00:00,1.1716746217072047,1.9300882638143464,2024,2023/24,-0.8500000000000001,1.1800000000000002,1.5789366482176015,1.4610730777808891
898,Brentford,94,2024-02-20 19:30:00+00:00,0.34,2.46,0.0,1.0,0,67.0,304.0,False,43,Man City,43,2024-02-20 19:30:00+00:00,0.9646512480544912,1.9529101480857824,2024,2023/24,-0.34,-1.46,0.3524589852402224,1.2596585677079206
899,Brentford,94,2024-02-26 20:00:00+00:00,1.15,1.51,2.0,4.0,0,168.0,148.0,False,21,West Ham,21,2024-02-26 20:00:00+00:00,1.6805951892290945,1.2162503920878425,2024,2023/24,0.8500000000000001,2.49,0.6842813827924357,1.2415206686247398
900,Brentford,94,2024-03-02 15:00:00+00:00,1.84,1.81,2.0,2.0,0,124.0,149.0,True,8,Chelsea,8,2024-03-02 15:00:00+00:00,1.5511586366455534,1.543894573176323,2024,2023/24,0.15999999999999992,0.18999999999999995,1.186210073251488,1.1723598433772628
901,Brentford,94,2024-03-09 17:30:00+00:00,0.96,1.32,1.0,2.0,0,105.0,194.0,False,3,Arsenal,3,2024-03-09 17:30:00+00:00,0.8206829178921449,1.9908672090600008,2024,2023/24,0.040000000000000036,0.6799999999999999,1.1697575020394957,0.6630276464411936
902,Brentford,94,2024-03-16 15:00:00+00:00,1.0699999999999998,5.32,1.0,2.0,0,131.0,205.0,False,90,Burnley,90,2024-03-16 15:00:00+00:00,1.8561005386381808,0.9597036710251796,2024,2023/24,-0.06999999999999984,-3.3200000000000003,0.5764773931831612,5.543377774430145
903,Brentford,94,2024-03-30 20:00:00+00:00,2.62,0.5,1.0,1.0,0,317.0,90.0,True,1,Man Utd,1,2024-03-30 20:00:00+00:00,1.5862890261066722,1.4413270508352487,2024,2023/24,-1.62,0.5,1.6516536122237628,0.3469025296585186
904,Brentford,94,2024-04-03 18:30:00+00:00,0.51,1.11,0.0,0.0,1,68.0,157.0,True,36,Brighton,36,2024-04-03 18:30:00+00:00,1.3776221193719942,1.5343511019092588,2024,2023/24,-0.51,-1.11,0.37020311508390247,0.7234328561557909
905,Brentford,94,2024-04-06 14:00:00+00:00,1.56,1.52,3.0,3.0,0,101.0,146.0,False,7,Aston Villa,7,2024-04-06 14:00:00+00:00,1.4687482549616244,1.5532628029557776,2024,2023/24,1.44,1.48,1.0621289215017722,0.9785852059983152
906,Brentford,94,2024-04-13 14:00:00+00:00,1.02,0.84,1.0,0.0,1,102.0,78.0,True,49,Sheffield Utd,49,2024-04-13 14:00:00+00:00,1.999423461817924,0.9234535729782358,2024,2023/24,-0.020000000000000018,-0.84,0.510147059629175,0.9096288374205005
907,Brentford,94,2024-04-20 14:00:00+00:00,3.13,0.59,5.0,1.0,0,230.0,84.0,False,102,Luton,102,2024-04-20 14:00:00+00:00,1.976894488934504,1.188578154189937,2024,2023/24,1.87,0.41000000000000003,1.5832913782297966,0.49639142190200214
908,Brentford,94,2024-04-27 16:30:00+00:00,0.83,0.77,0.0,1.0,0,125.0,103.0,False,11,Everton,11,2024-04-27 16:30:00+00:00,1.4709438399889558,1.2044432868457964,2024,2023/24,-0.83,0.22999999999999998,0.5642635547569456,0.6392995074234511
909,Brentford,94,2024-05-04 14:00:00+00:00,0.64,1.19,0.0,0.0,1,101.0,133.0,True,54,Fulham,54,2024-05-04 14:00:00+00:00,1.4688847754491765,1.388597792153364,2024,2023/24,-0.64,-1.19,0.43570469971294495,0.8569796140570055
910,Brentford,94,2024-05-11 14:00:00+00:00,1.44,0.69,2.0,1.0,0,156.0,124.0,False,91,Bournemouth,91,2024-05-11 14:00:00+00:00,1.5504719979325894,1.4113462389954827,2024,2023/24,0.56,0.31000000000000005,0.9287494401189486,0.4888949153193644
911,Brentford,94,2024-05-19 15:00:00+00:00,1.21,3.41,2.0,4.0,0,102.0,173.0,True,4,Newcastle,4,2024-05-19 15:00:00+00:00,1.4744370031323926,1.815458154912179,2024,2023/24,0.79,0.5899999999999999,0.820652220087664,1.8783137417810412
925,Bournemouth,91,2023-12-03 14:00:00+00:00,2.02,0.68,2.0,2.0,0,227.0,105.0,True,7,Aston Villa,7,2023-12-03 14:00:00+00:00,1.251912830067591,1.5487986287716324,2024,2023/24,-0.020000000000000018,1.3199999999999998,1.6135308717068901,0.4390499754892699
926,Bournemouth,91,2023-12-06 19:30:00+00:00,1.74,0.84,2.0,0.0,1,159.0,109.0,False,31,Crystal Palace,31,2023-12-06 19:30:00+00:00,1.2725491454072917,1.1121779504170146,2024,2023/24,0.26,-0.84,1.367334225385139,0.7552748188228685
927,Bournemouth,91,2023-12-09 15:00:00+00:00,1.47,1.16,3.0,0.0,1,130.0,176.0,False,1,Man Utd,1,2023-12-09 15:00:00+00:00,1.4207492402906872,1.4748640620719244,2024,2023/24,1.53,-1.16,1.0346653429842665,0.7865131640474066
928,Bournemouth,91,2023-12-23 15:00:00+00:00,1.6,0.75,3.0,2.0,0,188.0,125.0,False,17,Nott'm Forest,17,2023-12-23 15:00:00+00:00,1.5836148508909744,1.021629406598111,2024,2023/24,1.4,1.25,1.0103466755820123,0.7341213899640961
929,Bournemouth,91,2023-12-26 15:00:00+00:00,1.83,0.28,3.0,0.0,1,127.0,83.0,True,54,Fulham,54,2023-12-26 15:00:00+00:00,1.5981827194729534,1.242915765944146,2024,2023/24,1.17,-0.28,1.1450505487905007,0.22527673046878272
930,Bournemouth,91,2023-12-31 14:00:00+00:00,1.6,2.33,1.0,3.0,0,200.0,170.0,False,6,Spurs,6,2023-12-31 14:00:00+00:00,1.5797740933322322,1.6541233243004585,2024,2023/24,-0.6000000000000001,0.6699999999999999,1.0128030373159906,1.4086011398124594
931,Bournemouth,91,2024-01-21 16:30:00+00:00,1.39,1.61,0.0,4.0,0,90.0,178.0,True,14,Liverpool,14,2024-01-21 16:30:00+00:00,1.1409047014683518,1.898844960862803,2024,2023/24,-1.39,2.3899999999999997,1.2183313805360438,0.8478838626553499
932,Bournemouth,91,2024-02-01 19:30:00+00:00,1.16,1.31,1.0,1.0,0,132.0,84.0,False,21,West Ham,21,2024-02-01 19:30:00+00:00,1.6327098522667702,1.2909429822753091,2024,2023/24,-0.15999999999999992,-0.31000000000000005,0.7104752864628799,1.0147620909570325
933,Bournemouth,91,2024-02-04 14:00:00+00:00,1.1,0.56,1.0,1.0,0,102.0,96.0,True,17,Nott'm Forest,17,2024-02-04 14:00:00+00:00,1.5899318974503602,1.0799118128089589,2024,2023/24,-0.10000000000000009,0.43999999999999995,0.6918535326978328,0.5185608615053334
934,Bournemouth,91,2024-02-10 15:00:00+00:00,1.84,1.55,1.0,3.0,0,217.0,185.0,False,54,Fulham,54,2024-02-10 15:00:00+00:00,1.5796109284198443,1.23813246271338,2024,2023/24,-0.8400000000000001,1.45,1.1648438022903744,1.2518854376882738
935,Bournemouth,91,2024-02-17 15:00:00+00:00,2.59,2.26,2.0,2.0,0,142.0,170.0,False,4,Newcastle,4,2024-02-17 15:00:00+00:00,1.4732525922283877,1.7308525327996502,2024,2023/24,-0.5899999999999999,-0.2599999999999998,1.758014894161809,1.305714933637041
936,Bournemouth,91,2024-02-24 17:30:00+00:00,0.94,1.64,0.0,1.0,0,120.0,212.0,True,43,Man City,43,2024-02-24 17:30:00+00:00,0.9567165172260998,1.9434409933302064,2024,2023/24,-0.94,-0.6399999999999999,0.9825271990970035,0.8438640563970807
937,Bournemouth,91,2024-03-03 13:00:00+00:00,1.1,1.53,2.0,0.0,1,95.0,181.0,False,90,Burnley,90,2024-03-03 13:00:00+00:00,1.8838710859942216,0.9414525837959228,2024,2023/24,0.8999999999999999,-1.53,0.5839040729368539,1.6251482298036326
938,Bournemouth,91,2024-03-09 15:00:00+00:00,3.34,1.27,2.0,2.0,0,383.0,224.0,True,49,Sheffield Utd,49,2024-03-09 15:00:00+00:00,2.03188851203436,0.8733643725491941,2024,2023/24,-1.3399999999999999,0.73,1.6437909758424378,1.4541467913250201
939,Bournemouth,91,2024-03-13 19:30:00+00:00,2.68,2.1,4.0,3.0,0,258.0,139.0,True,102,Luton,102,2024-03-13 19:30:00+00:00,2.008857910244169,1.2604951371704467,2024,2023/24,1.3199999999999998,0.8999999999999999,1.3340913691970662,1.6660119805888898
940,Bournemouth,91,2024-03-30 15:00:00+00:00,1.56,1.12,1.0,1.0,0,160.0,115.0,True,11,Everton,11,2024-03-30 15:00:00+00:00,1.4496970081776364,1.2680375001868065,2024,2023/24,-0.56,-0.1200000000000001,1.0760869279581544,0.8832546354780536
941,Bournemouth,91,2024-04-02 18:45:00+00:00,1.23,0.11,1.0,0.0,1,124.0,56.0,True,31,Crystal Palace,31,2024-04-02 18:45:00+00:00,1.397335086199334,1.10141144505696,2024,2023/24,-0.22999999999999998,-0.11,0.8802469873890626,0.09987185124475557
942,Bournemouth,91,2024-04-06 14:00:00+00:00,0.34,1.4,1.0,2.0,0,68.0,211.0,False,102,Luton,102,2024-04-06 14:00:00+00:00,1.932714210617862,1.2043504864601196,2024,2023/24,0.6599999999999999,0.6000000000000001,0.1759184043518295,1.1624523058191658
943,Bournemouth,91,2024-04-13 16:30:00+00:00,1.75,1.18,2.0,2.0,0,163.0,110.0,True,1,Man Utd,1,2024-04-13 16:30:00+00:00,1.6991601786137185,1.4238991062606976,2024,2023/24,0.25,0.8200000000000001,1.0299205584183122,0.8287104014685414
944,Bournemouth,91,2024-04-21 14:00:00+00:00,1.7,2.35,1.0,3.0,0,170.0,193.0,False,7,Aston Villa,7,2024-04-21 14:00:00+00:00,1.4685246064195543,1.548185569122751,2024,2023/24,-0.7,0.6499999999999999,1.1576244569335556,1.5179058937563805
945,Bournemouth,91,2024-04-24 18:45:00+00:00,1.88,0.8,1.0,0.0,1,211.0,127.0,False,39,Wolves,39,2024-04-24 18:45:00+00:00,1.5738733196714367,1.08901362895356,2024,2023/24,-0.8799999999999999,-0.8,1.1945052861004535,0.7346097227164412
946,Bournemouth,91,2024-04-28 13:00:00+00:00,2.27,1.0,3.0,0.0,1,163.0,111.0,True,36,Brighton,36,2024-04-28 13:00:00+00:00,1.462294740576199,1.3645260485927126,2024,2023/24,0.73,-1.0,1.5523546225062226,0.7328551924907097
947,Bournemouth,91,2024-05-04 11:30:00+00:00,0.37,3.98,0.0,3.0,0,52.0,289.0,False,3,Arsenal,3,2024-05-04 11:30:00+00:00,0.8426536343100945,1.948597269730045,2024,2023/24,-0.37,-0.98,0.4390890692626395,2.0424949074014567
948,Bournemouth,91,2024-05-11 14:00:00+00:00,0.6900000000000001,1.44,1.0,2.0,0,124.0,156.0,True,94,Brentford,94,2024-05-11 14:00:00+00:00,1.462839314549676,1.3953837446287745,2024,2023/24,0.30999999999999994,0.56,0.4716854360811401,1.0319741831184188
949,Bournemouth,91,2024-05-19 15:00:00+00:00,2.3,0.99,0.0,2.0,0,165.0,185.0,False,8,Chelsea,8,2024-05-19 15:00:00+00:00,1.5371527642286331,1.7294506606801596,2024,2023/24,-2.3,1.01,1.4962728842075597,0.5724361050061134
963,Man City,43,2023-12-03 16:30:00+00:00,2.64,0.49,2.0,3.0,0,193.0,88.0,True,6,Spurs,6,2023-12-03 16:30:00+00:00,1.4609275073879733,1.5110974076719432,2024,2023/24,-0.6400000000000001,2.51,1.8070711836483375,0.3242676464880669
964,Man City,43,2023-12-06 20:15:00+00:00,0.83,2.04,0.0,1.0,0,72.0,204.0,False,7,Aston Villa,7,2023-12-06 20:15:00+00:00,1.2457454750384795,1.5436723455137815,2024,2023/24,-0.83,-1.04,0.6662677221238651,1.3215239658394122
965,Man City,43,2023-12-10 14:00:00+00:00,1.6,0.33,2.0,1.0,0,168.0,63.0,False,102,Luton,102,2023-12-10 14:00:00+00:00,2.024188953799931,1.0078888817908718,2024,2023/24,0.3999999999999999,0.6699999999999999,0.7904400411811271,0.32741704563070295
966,Man City,43,2023-12-16 15:00:00+00:00,1.61,1.82,2.0,2.0,0,201.0,73.0,True,31,Crystal Palace,31,2023-12-16 15:00:00+00:00,1.2920473555317191,1.1225463685423491,2024,2023/24,0.3899999999999999,0.17999999999999994,1.2460843583689185,1.621313872640566
967,Man City,43,2023-12-27 20:15:00+00:00,2.66,1.01,3.0,1.0,0,218.0,92.0,False,11,Everton,11,2023-12-27 20:15:00+00:00,1.416602434333086,1.330715932205102,2024,2023/24,0.33999999999999986,-0.010000000000000009,1.8777321960852664,0.7589899358357796
968,Man City,43,2023-12-30 15:00:00+00:00,2.26,0.33,2.0,0.0,1,175.0,52.0,True,49,Sheffield Utd,49,2023-12-30 15:00:00+00:00,2.0143637973107817,0.7887831949750349,2024,2023/24,-0.2599999999999998,-0.33,1.1219423239323243,0.4183659110669118
969,Man City,43,2024-01-13 17:30:00+00:00,2.84,1.23,3.0,2.0,0,315.0,144.0,False,4,Newcastle,4,2024-01-13 17:30:00+00:00,1.3881994128854345,1.7295118540824652,2024,2023/24,0.16000000000000014,0.77,2.045815589344569,0.7111833301961006
970,Man City,43,2024-01-31 19:30:00+00:00,1.75,1.44,3.0,1.0,0,156.0,87.0,True,90,Burnley,90,2024-01-31 19:30:00+00:00,1.789736775232253,0.9239674105204908,2024,2023/24,1.25,-0.43999999999999995,0.9777974192729563,1.5584965266132242
971,Man City,43,2024-02-05 20:00:00+00:00,2.16,1.02,3.0,1.0,0,271.0,85.0,False,94,Brentford,94,2024-02-05 20:00:00+00:00,1.4609725444234571,1.4512581911514029,2024,2023/24,0.8399999999999999,-0.020000000000000018,1.4784672088772208,0.7028384102974466
972,Man City,43,2024-02-10 12:30:00+00:00,1.63,0.32,2.0,0.0,1,187.0,31.0,True,11,Everton,11,2024-02-10 12:30:00+00:00,1.4339924040794385,1.302198751472873,2024,2023/24,0.3700000000000001,-0.32,1.1366866347150493,0.24573821748643118
973,Man City,43,2024-02-17 17:30:00+00:00,2.9,1.58,1.0,1.0,0,297.0,123.0,True,8,Chelsea,8,2024-02-17 17:30:00+00:00,1.5219921413633448,1.542585055955075,2024,2023/24,-1.9,-0.5800000000000001,1.9053974860883882,1.0242547040764376
974,Man City,43,2024-02-20 19:30:00+00:00,2.46,0.34,1.0,0.0,1,304.0,67.0,True,94,Brentford,94,2024-02-20 19:30:00+00:00,1.535179961128263,1.457324300070454,2024,2023/24,-1.46,-0.34,1.6024179980776005,0.23330428236430475
975,Man City,43,2024-02-24 17:30:00+00:00,1.76,0.93,1.0,0.0,1,212.0,120.0,False,91,Bournemouth,91,2024-02-24 17:30:00+00:00,1.5883596350866156,1.3582854972848986,2024,2023/24,-0.76,-0.93,1.1080613993971362,0.684686689108434
976,Man City,43,2024-03-03 15:30:00+00:00,3.3200000000000003,0.26,3.0,1.0,0,286.0,29.0,True,1,Man Utd,1,2024-03-03 15:30:00+00:00,1.541279223051982,1.442621874674738,2024,2023/24,-0.3200000000000003,0.74,2.1540548593303317,0.18022740717044872
977,Man City,43,2024-03-10 15:45:00+00:00,1.61,2.46,1.0,1.0,0,133.0,157.0,False,14,Liverpool,14,2024-03-10 15:45:00+00:00,1.1759581833967738,1.9706069478369403,2024,2023/24,-0.6100000000000001,-1.46,1.3690963018340412,1.2483463547615357
978,Man City,43,2024-03-31 15:30:00+00:00,0.96,0.68,0.0,0.0,1,134.0,85.0,True,3,Arsenal,3,2024-03-31 15:30:00+00:00,0.8258806408430548,1.969034591480116,2024,2023/24,-0.96,-0.68,1.1623955721011172,0.34534690398143114
979,Man City,43,2024-04-03 19:15:00+00:00,3.28,0.73,4.0,1.0,0,316.0,106.0,True,7,Aston Villa,7,2024-04-03 19:15:00+00:00,1.4346608114616246,1.5611740251386457,2024,2023/24,0.7200000000000002,0.27,2.2862546838916953,0.46759681383705426
980,Man City,43,2024-04-06 11:30:00+00:00,1.91,1.08,4.0,2.0,0,238.0,100.0,False,31,Crystal Palace,31,2024-04-06 11:30:00+00:00,1.420535256073243,1.0866654756464735,2024,2023/24,2.09,0.9199999999999999,1.3445636015256492,0.9938661199827775
981,Man City,43,2024-04-13 14:00:00+00:00,4.46,0.49,4.0,1.0,0,420.0,52.0,True,102,Luton,102,2024-04-13 14:00:00+00:00,1.928979431409529,1.2049904888702472,2024,2023/24,-0.45999999999999996,0.51,2.312103450860035,0.40664221379822274
982,Man City,43,2024-04-25 19:00:00+00:00,1.3,0.49,4.0,0.0,1,138.0,79.0,False,36,Brighton,36,2024-04-25 19:00:00+00:00,1.4332093555800975,1.405714149628006,2024,2023/24,2.7,-0.49,0.9070552009296783,0.348577269517895
983,Man City,43,2024-04-28 15:30:00+00:00,0.85,1.64,2.0,0.0,1,131.0,100.0,False,17,Nott'm Forest,17,2024-04-28 15:30:00+00:00,1.457779472919354,1.1561598278473697,2024,2023/24,1.15,-1.64,0.5830785902738684,1.4184890016923373
984,Man City,43,2024-05-04 16:30:00+00:00,3.58,0.43,5.0,1.0,0,338.0,31.0,True,39,Wolves,39,2024-05-04 16:30:00+00:00,1.5686783953001155,1.0838815710335497,2024,2023/24,1.42,0.5700000000000001,2.282175881765162,0.3967223094216537
985,Man City,43,2024-05-11 11:30:00+00:00,3.26,0.12,4.0,0.0,1,222.0,27.0,False,54,Fulham,54,2024-05-11 11:30:00+00:00,1.4823804240741765,1.350918399303867,2024,2023/24,0.7400000000000002,-0.12,2.199165576566514,0.08882845926285142
986,Man City,43,2024-05-14 19:00:00+00:00,2.39,1.33,2.0,0.0,1,144.0,149.0,False,6,Spurs,6,2024-05-14 19:00:00+00:00,1.6046732790720588,1.6136409766332265,2024,2023/24,-0.3900000000000001,-1.33,1.4893997620388342,0.8242229958580826
987,Man City,43,2024-05-19 15:00:00+00:00,2.01,0.36,3.0,1.0,0,276.0,46.0,True,21,West Ham,21,2024-05-19 15:00:00+00:00,1.7851974571983078,1.253896836721221,2024,2023/24,0.9900000000000002,0.64,1.1259258699340169,0.2871049590820834
1001,Newcastle,4,2023-12-02 20:00:00+00:00,2.64,0.36,1.0,0.0,1,188.0,54.0,True,1,Man Utd,1,2023-12-02 20:00:00+00:00,1.3921836469685211,1.4580943477337729,2024,2023/24,-1.6400000000000001,-0.36,1.8963015445186404,0.2468976034092211
1002,Newcastle,4,2023-12-07 19:30:00+00:00,1.59,3.23,0.0,3.0,0,100.0,258.0,False,11,Everton,11,2023-12-07 19:30:00+00:00,1.4613464086028376,1.291481706127156,2024,2023/24,-1.59,-0.22999999999999998,1.0880377100458785,2.5010032930981234
1003,Newcastle,4,2023-12-10 16:30:00+00:00,1.6900000000000002,3.88,1.0,4.0,0,111.0,292.0,False,6,Spurs,6,2023-12-10 16:30:00+00:00,1.4959393640539114,1.566235151005565,2024,2023/24,-0.6900000000000002,0.1200000000000001,1.129724934452019,2.477278075076361
1004,Newcastle,4,2023-12-16 15:00:00+00:00,3.96,0.29,3.0,0.0,1,360.0,67.0,True,54,Fulham,54,2023-12-16 15:00:00+00:00,1.5860356514687748,1.274012135218039,2024,2023/24,-0.96,-0.29,2.496791289863362,0.22762734512757868
1005,Newcastle,4,2023-12-23 15:00:00+00:00,1.69,1.88,0.0,1.0,0,156.0,149.0,False,102,Luton,102,2023-12-23 15:00:00+00:00,1.9884335104212545,1.0059492716704133,2024,2023/24,-1.69,-0.8799999999999999,0.8499152680453315,1.8688815161406653
1006,Newcastle,4,2023-12-26 12:30:00+00:00,2.55,3.46,1.0,3.0,0,235.0,183.0,True,17,Nott'm Forest,17,2023-12-26 12:30:00+00:00,1.6124053423909743,1.0612120553783742,2024,2023/24,-1.5499999999999998,-0.45999999999999996,1.5814881859785346,3.260422817912995
1007,Newcastle,4,2024-01-01 20:00:00+00:00,0.5900000000000001,7.27,2.0,4.0,0,82.0,427.0,False,14,Liverpool,14,2024-01-01 20:00:00+00:00,1.1597831051522005,1.85901484018572,2024,2023/24,1.41,-3.2699999999999996,0.5087158084809084,3.910673461473664
1008,Newcastle,4,2024-01-13 17:30:00+00:00,1.23,2.84,2.0,3.0,0,144.0,315.0,True,43,Man City,43,2024-01-13 17:30:00+00:00,0.9549595641475392,1.9111950331502348,2024,2023/24,0.77,0.16000000000000014,1.2880126511932264,1.4859812581863034
1009,Newcastle,4,2024-01-30 20:15:00+00:00,2.56,1.44,2.0,1.0,0,177.0,142.0,False,7,Aston Villa,7,2024-01-30 20:15:00+00:00,1.2060045377540611,1.5416524214383718,2024,2023/24,-0.56,-0.43999999999999995,2.1227117476419126,0.9340626849315817
1010,Newcastle,4,2024-02-03 15:00:00+00:00,2.33,2.27,4.0,4.0,0,178.0,208.0,True,102,Luton,102,2024-02-03 15:00:00+00:00,1.8840476214713249,1.1750391563999227,2024,2023/24,1.67,1.73,1.236699101151389,1.9318505154796808
1011,Newcastle,4,2024-02-10 17:30:00+00:00,0.5,1.5,3.0,2.0,0,114.0,94.0,False,17,Nott'm Forest,17,2024-02-10 17:30:00+00:00,1.5614005970344702,1.0820522904327312,2024,2023/24,2.5,0.5,0.3202253162638965,1.386254632297044
1012,Newcastle,4,2024-02-17 15:00:00+00:00,2.26,2.59,2.0,2.0,0,170.0,142.0,True,91,Bournemouth,91,2024-02-17 15:00:00+00:00,1.592829797355624,1.3540565455661486,2024,2023/24,-0.2599999999999998,-0.5899999999999999,1.41885843908244,1.9127709315249366
1013,Newcastle,4,2024-02-24 20:00:00+00:00,0.15,2.4,1.0,4.0,0,50.0,255.0,False,3,Arsenal,3,2024-02-24 20:00:00+00:00,0.8701193949985635,1.9538532841351723,2024,2023/24,0.85,1.6,0.17239013503456918,1.2283419740302066
1014,Newcastle,4,2024-03-02 15:00:00+00:00,2.22,0.8,3.0,0.0,1,169.0,116.0,True,39,Wolves,39,2024-03-02 15:00:00+00:00,1.5621226638736787,1.1868979747303383,2024,2023/24,0.7799999999999998,-0.8,1.4211431991486174,0.6740259205360587
1015,Newcastle,4,2024-03-11 20:00:00+00:00,0.78,1.67,2.0,3.0,0,115.0,145.0,False,8,Chelsea,8,2024-03-11 20:00:00+00:00,1.550602803173801,1.5563445989801394,2024,2023/24,1.22,1.33,0.5030301753637245,1.0730271439206573
1016,Newcastle,4,2024-03-30 12:30:00+00:00,4.08,1.72,4.0,3.0,0,257.0,121.0,True,21,West Ham,21,2024-03-30 12:30:00+00:00,1.6718975628960857,1.291561476939133,2024,2023/24,-0.08000000000000007,1.28,2.4403408979988965,1.3317213548953333
1017,Newcastle,4,2024-04-02 18:30:00+00:00,2.59,1.42,1.0,1.0,0,194.0,101.0,True,11,Everton,11,2024-04-02 18:30:00+00:00,1.4580431352870478,1.2651574228522635,2024,2023/24,-1.5899999999999999,-0.41999999999999993,1.7763534818125264,1.1223899685136796
1018,Newcastle,4,2024-04-06 14:00:00+00:00,0.8500000000000001,1.27,1.0,0.0,1,129.0,175.0,False,54,Fulham,54,2024-04-06 14:00:00+00:00,1.5498054909569614,1.392894671333102,2024,2023/24,0.1499999999999999,-1.27,0.5484559223461964,0.9117703054923149
1019,Newcastle,4,2024-04-13 11:30:00+00:00,2.86,0.73,4.0,0.0,1,177.0,91.0,True,6,Spurs,6,2024-04-13 11:30:00+00:00,1.525151270582335,1.671921042884603,2024,2023/24,1.1400000000000001,-0.73,1.8752238254425684,0.4366234895521828
1020,Newcastle,4,2024-04-24 19:00:00+00:00,0.42,0.88,0.0,2.0,0,82.0,166.0,False,31,Crystal Palace,31,2024-04-24 19:00:00+00:00,1.4478957257647198,1.1517628142803646,2024,2023/24,-0.42,1.12,0.290076137753755,0.7640461986523108
1021,Newcastle,4,2024-04-27 14:00:00+00:00,2.81,1.48,4.0,1.0,0,250.0,152.0,True,49,Sheffield Utd,49,2024-04-27 14:00:00+00:00,2.0527860675039893,0.9954410746956648,2024,2023/24,1.19,-0.48,1.3688713327135533,1.4867781103492026
1022,Newcastle,4,2024-05-04 14:00:00+00:00,3.87,1.08,4.0,1.0,0,289.0,137.0,False,90,Burnley,90,2024-05-04 14:00:00+00:00,1.8499523501161304,1.095289524977887,2024,2023/24,0.1299999999999999,-0.08000000000000007,2.09194577349901,0.9860406544304389
1023,Newcastle,4,2024-05-11 14:00:00+00:00,2.27,1.32,1.0,1.0,0,221.0,129.0,True,36,Brighton,36,2024-05-11 14:00:00+00:00,1.4449977100141038,1.372974001778835,2024,2023/24,-1.27,-0.32000000000000006,1.5709367456214474,0.9614166024191271
1024,Newcastle,4,2024-05-15 19:00:00+00:00,2.31,1.44,2.0,3.0,0,211.0,193.0,False,1,Man Utd,1,2024-05-15 19:00:00+00:00,1.7259004997138572,1.4443635318708046,2024,2023/24,-0.31000000000000005,1.56,1.3384317348439163,0.9969789240904242
1025,Newcastle,4,2024-05-19 15:00:00+00:00,3.47,1.22,4.0,2.0,0,173.0,102.0,False,94,Brentford,94,2024-05-19 15:00:00+00:00,1.4879103303782222,1.397283963758362,2024,2023/24,0.5299999999999998,0.78,2.3321297857498826,0.8731224515870701
1039,Wolves,39,2023-12-02 15:00:00+00:00,0.71,2.89,1.0,2.0,0,82.0,212.0,False,3,Arsenal,3,2023-12-02 15:00:00+00:00,0.9792869760416916,1.785373557406843,2024,2023/24,0.29000000000000004,-0.8900000000000001,0.7250173007200015,1.6187088623613124
1040,Wolves,39,2023-12-05 19:30:00+00:00,0.82,0.83,1.0,0.0,1,86.0,82.0,True,90,Burnley,90,2023-12-05 19:30:00+00:00,1.7995480392098957,0.9613124308475912,2024,2023/24,0.18000000000000005,-0.83,0.4556699694218926,0.8634029617906711
1041,Wolves,39,2023-12-09 15:00:00+00:00,1.17,0.79,1.0,1.0,0,99.0,119.0,True,17,Nott'm Forest,17,2023-12-09 15:00:00+00:00,1.5824273589344562,1.0306557372254117,2024,2023/24,-0.16999999999999993,0.20999999999999996,0.7393704320101187,0.7665023067030398
1042,Wolves,39,2023-12-17 14:00:00+00:00,0.66,1.14,0.0,3.0,0,107.0,98.0,False,21,West Ham,21,2023-12-17 14:00:00+00:00,1.598288763110698,1.2947549565444834,2024,2023/24,-0.66,1.86,0.4129416506160397,0.8804754862978069
1043,Wolves,39,2023-12-24 13:00:00+00:00,1.33,2.05,2.0,1.0,0,147.0,157.0,True,8,Chelsea,8,2023-12-24 13:00:00+00:00,1.4312520404639406,1.5174488350569697,2024,2023/24,0.6699999999999999,-1.0499999999999998,0.9292563171255849,1.3509516450503825
1044,Wolves,39,2023-12-27 19:30:00+00:00,2.1100000000000003,2.16,4.0,1.0,0,158.0,202.0,False,94,Brentford,94,2023-12-27 19:30:00+00:00,1.3558780980783744,1.4785297572265257,2024,2023/24,1.8899999999999997,-1.1600000000000001,1.5561870960157917,1.4609107388219216
1045,Wolves,39,2023-12-30 15:00:00+00:00,2.06,0.46,3.0,0.0,1,193.0,47.0,True,11,Everton,11,2023-12-30 15:00:00+00:00,1.435701290234591,1.3080598087352295,2024,2023/24,0.94,-0.46,1.4348388582024607,0.35166587714729697
1046,Wolves,39,2024-01-22 19:45:00+00:00,1.39,1.25,0.0,0.0,1,66.0,168.0,False,36,Brighton,36,2024-01-22 19:45:00+00:00,1.4365377936465102,1.6890304040418298,2024,2023/24,-1.39,-1.25,0.9676041981962906,0.7400695671367222
1047,Wolves,39,2024-02-01 20:15:00+00:00,2.11,2.74,3.0,4.0,0,196.0,253.0,True,1,Man Utd,1,2024-02-01 20:15:00+00:00,1.4594125996558236,1.3812182464218017,2024,2023/24,0.8900000000000001,1.2599999999999998,1.4457871615591134,1.9837560118382975
1048,Wolves,39,2024-02-04 14:00:00+00:00,1.94,1.88,3.0,2.0,0,164.0,184.0,False,8,Chelsea,8,2024-02-04 14:00:00+00:00,1.4997138735932567,1.5288960786792531,2024,2023/24,1.06,0.1200000000000001,1.2935800849476937,1.229645380230192
1049,Wolves,39,2024-02-10 15:00:00+00:00,1.16,1.94,0.0,2.0,0,134.0,135.0,True,94,Brentford,94,2024-02-10 15:00:00+00:00,1.4719389738369035,1.452931371306791,2024,2023/24,-1.16,0.06000000000000005,0.788076150315001,1.3352316828668453
1050,Wolves,39,2024-02-17 15:00:00+00:00,1.51,1.71,2.0,1.0,0,148.0,202.0,False,6,Spurs,6,2024-02-17 15:00:00+00:00,1.5800027697798815,1.6638316849201376,2024,2023/24,0.49,-0.71,0.9556945271750164,1.0277481884125066
1051,Wolves,39,2024-02-25 13:30:00+00:00,1.23,0.58,1.0,0.0,1,102.0,131.0,True,49,Sheffield Utd,49,2024-02-25 13:30:00+00:00,2.013873080339133,0.8881773347332453,2024,2023/24,-0.22999999999999998,-0.58,0.6107634150374909,0.653022743677868
1052,Wolves,39,2024-03-02 15:00:00+00:00,0.81,2.19,0.0,3.0,0,116.0,169.0,False,4,Newcastle,4,2024-03-02 15:00:00+00:00,1.5194368972623575,1.6889087584382425,2024,2023/24,-0.81,0.81,0.5330922274293957,1.296695270871307
1053,Wolves,39,2024-03-09 15:00:00+00:00,0.82,2.7,1.0,1.0,0,97.0,217.0,True,54,Fulham,54,2024-03-09 15:00:00+00:00,1.5530601737867702,1.3083678341889171,2024,2023/24,0.18000000000000005,-1.7000000000000002,0.5279898447209703,2.0636398491665635
1054,Wolves,39,2024-03-30 17:30:00+00:00,1.48,0.98,0.0,2.0,0,96.0,116.0,False,7,Aston Villa,7,2024-03-30 17:30:00+00:00,1.4039177921503307,1.6040311207727456,2024,2023/24,-1.48,1.02,1.0541927798586674,0.6109607147321947
1055,Wolves,39,2024-04-02 18:45:00+00:00,0.83,0.98,1.0,1.0,0,88.0,160.0,False,90,Burnley,90,2024-04-02 18:45:00+00:00,1.858865241397984,1.0142162624397195,2024,2023/24,0.17000000000000004,0.020000000000000018,0.44650896768384757,0.9662633466777475
1056,Wolves,39,2024-04-06 14:00:00+00:00,1.49,1.13,1.0,2.0,0,141.0,98.0,True,21,West Ham,21,2024-04-06 14:00:00+00:00,1.666481770824782,1.300959335298925,2024,2023/24,-0.49,0.8700000000000001,0.8940991891333818,0.8685897931931567
1057,Wolves,39,2024-04-13 14:00:00+00:00,1.19,1.9,2.0,2.0,0,120.0,208.0,False,17,Nott'm Forest,17,2024-04-13 14:00:00+00:00,1.4935336675646709,1.1573776874507171,2024,2023/24,0.81,0.10000000000000009,0.7967681116558909,1.6416421541571362
1058,Wolves,39,2024-04-20 18:30:00+00:00,0.14,1.21,0.0,2.0,0,51.0,261.0,True,3,Arsenal,3,2024-04-20 18:30:00+00:00,0.8024318341485641,1.9018838402886868,2024,2023/24,-0.14,0.79,0.1744696484387982,0.6362113050060587
1059,Wolves,39,2024-04-24 18:45:00+00:00,0.55,1.88,0.0,1.0,0,127.0,211.0,True,91,Bournemouth,91,2024-04-24 18:45:00+00:00,1.5394948101020756,1.4472597669484264,2024,2023/24,-0.55,-0.8799999999999999,0.3572600546561976,1.2990066074758744
1060,Wolves,39,2024-04-27 14:00:00+00:00,1.22,0.59,2.0,1.0,0,113.0,123.0,True,102,Luton,102,2024-04-27 14:00:00+00:00,1.9927467669345045,1.1715102790312542,2024,2023/24,0.78,0.41000000000000003,0.6122202882189384,0.5036234086549228
1061,Wolves,39,2024-05-04 16:30:00+00:00,0.35,3.57,1.0,5.0,0,31.0,338.0,False,43,Man City,43,2024-05-04 16:30:00+00:00,0.92222372473333,2.030665580122558,2024,2023/24,0.65,1.4300000000000002,0.37951745396834796,1.758044276194674
1062,Wolves,39,2024-05-11 14:00:00+00:00,1.5699999999999998,2.7,1.0,3.0,0,171.0,124.0,True,31,Crystal Palace,31,2024-05-11 14:00:00+00:00,1.375940889367754,1.2240339097662414,2024,2023/24,-0.5699999999999998,0.2999999999999998,1.141037389128988,2.205821242742883
1063,Wolves,39,2024-05-19 15:00:00+00:00,0.5599999999999999,9.84,0.0,2.0,0,54.0,427.0,False,14,Liverpool,14,2024-05-19 15:00:00+00:00,1.2092533193070416,2.0563631353818863,2024,2023/24,-0.5599999999999999,-7.84,0.46309568976077403,4.785147054375986
1077,Burnley,90,2023-12-02 15:00:00+00:00,1.85,0.39,5.0,0.0,1,208.0,64.0,True,49,Sheffield Utd,49,2023-12-02 15:00:00+00:00,2.1330664744807324,0.7873442894779923,2024,2023/24,3.15,-0.39,0.8672959901309962,0.4953360368671363
1078,Burnley,90,2023-12-05 19:30:00+00:00,0.85,0.83,0.0,1.0,0,82.0,86.0,False,39,Wolves,39,2023-12-05 19:30:00+00:00,1.6432930893558848,1.0486244366570934,2024,2023/24,-0.85,0.17000000000000004,0.5172540464666416,0.7915131204132095
1079,Burnley,90,2023-12-09 15:00:00+00:00,0.93,2.72,1.0,1.0,0,88.0,369.0,False,36,Brighton,36,2023-12-09 15:00:00+00:00,1.42163731118496,1.6845438291045052,2024,2023/24,0.06999999999999995,-1.7200000000000002,0.654175289775441,1.6146804571098268
1080,Burnley,90,2023-12-16 17:30:00+00:00,0.77,1.34,0.0,2.0,0,99.0,160.0,True,11,Everton,11,2023-12-16 17:30:00+00:00,1.3977800127715236,1.3152901073662546,2024,2023/24,-0.77,0.6599999999999999,0.5508735229896735,1.0187866482803742
1081,Burnley,90,2023-12-23 15:00:00+00:00,0.41,1.38,2.0,0.0,1,55.0,193.0,False,54,Fulham,54,2023-12-23 15:00:00+00:00,1.5904021610521082,1.2565238857175678,2024,2023/24,1.59,-1.38,0.2577964303876261,1.098268019960415
1082,Burnley,90,2023-12-26 17:30:00+00:00,0.75,1.69,0.0,2.0,0,57.0,253.0,True,14,Liverpool,14,2023-12-26 17:30:00+00:00,1.1826258887828511,1.824893835558021,2024,2023/24,-0.75,0.31000000000000005,0.6341819565373238,0.9260812695349081
1083,Burnley,90,2023-12-30 15:00:00+00:00,0.99,5.25,2.0,3.0,0,118.0,196.0,False,7,Aston Villa,7,2023-12-30 15:00:00+00:00,1.2043040022351774,1.5440298419462306,2024,2023/24,1.01,-2.25,0.8220515734918832,3.4001933494902143
1084,Burnley,90,2024-01-12 19:45:00+00:00,0.99,0.85,1.0,1.0,0,134.0,142.0,True,102,Luton,102,2024-01-12 19:45:00+00:00,1.944477324291724,1.069191895892751,2024,2023/24,0.010000000000000009,0.15000000000000002,0.5091342478681811,0.7949929318256469
1085,Burnley,90,2024-01-31 19:30:00+00:00,1.44,1.75,1.0,3.0,0,87.0,156.0,False,43,Man City,43,2024-01-31 19:30:00+00:00,0.9752423733992928,1.9381612679939848,2024,2023/24,-0.43999999999999995,1.25,1.4765560226641443,0.9029176410130548
1086,Burnley,90,2024-02-03 15:00:00+00:00,1.6800000000000002,1.28,2.0,2.0,0,118.0,184.0,True,54,Fulham,54,2024-02-03 15:00:00+00:00,1.5692778372627445,1.216866915818993,2024,2023/24,0.31999999999999984,0.72,1.0705561246760393,1.0518816670584854
1087,Burnley,90,2024-02-10 15:00:00+00:00,1.41,2.86,1.0,3.0,0,101.0,286.0,False,14,Liverpool,14,2024-02-10 15:00:00+00:00,1.1712983942442905,1.902522529274264,2024,2023/24,-0.4099999999999999,0.14000000000000012,1.2037923102504697,1.5032673495282998
1088,Burnley,90,2024-02-17 15:00:00+00:00,0.29,2.42,0.0,5.0,0,38.0,203.0,True,3,Arsenal,3,2024-02-17 15:00:00+00:00,0.8820353476450941,1.9049100272380943,2024,2023/24,-0.29,2.58,0.328785009324465,1.2704012081393306
1089,Burnley,90,2024-02-24 15:00:00+00:00,0.1,4.46,0.0,3.0,0,19.0,220.0,False,31,Crystal Palace,31,2024-02-24 15:00:00+00:00,1.4360761545416298,1.0969337478914587,2024,2023/24,-0.1,-1.46,0.06963419013939288,4.0658791003313315
1090,Burnley,90,2024-03-03 13:00:00+00:00,1.55,1.1,0.0,2.0,0,181.0,95.0,True,91,Bournemouth,91,2024-03-03 13:00:00+00:00,1.575499518656482,1.3445413440635474,2024,2023/24,-1.55,0.8999999999999999,0.9838149625851826,0.8181228527160935
1091,Burnley,90,2024-03-10 14:00:00+00:00,0.64,1.82,1.0,2.0,0,98.0,166.0,False,21,West Ham,21,2024-03-10 14:00:00+00:00,1.6720927219329274,1.285039052921176,2024,2023/24,0.36,0.17999999999999994,0.38275389373154173,1.416299369161381
1092,Burnley,90,2024-03-16 15:00:00+00:00,2.65,1.07,2.0,1.0,0,205.0,131.0,True,94,Brentford,94,2024-03-16 15:00:00+00:00,1.6030459587016708,1.4174904650088918,2024,2023/24,-0.6499999999999999,-0.07000000000000006,1.6531029479318682,0.7548551658111422
1093,Burnley,90,2024-03-30 15:00:00+00:00,1.58,6.94,2.0,2.0,0,162.0,328.0,False,8,Chelsea,8,2024-03-30 15:00:00+00:00,1.5461178780794231,1.5937537708056204,2024,2023/24,0.41999999999999993,-4.94,1.0219143199887613,4.354499501194546
1094,Burnley,90,2024-04-02 18:45:00+00:00,0.99,0.84,1.0,1.0,0,160.0,88.0,True,39,Wolves,39,2024-04-02 18:45:00+00:00,1.5633176973447518,1.146354635804523,2024,2023/24,0.010000000000000009,0.16000000000000003,0.6332685938894476,0.7327575374704877
1095,Burnley,90,2024-04-06 14:00:00+00:00,0.46,1.12,0.0,1.0,0,96.0,98.0,False,11,Everton,11,2024-04-06 14:00:00+00:00,1.441974667228526,1.2454682878015784,2024,2023/24,-0.46,-0.1200000000000001,0.31900699121442927,0.8992601505550599
1096,Burnley,90,2024-04-13 14:00:00+00:00,1.71,0.91,1.0,1.0,0,117.0,186.0,True,36,Brighton,36,2024-04-13 14:00:00+00:00,1.4144472648719946,1.4553313787946724,2024,2023/24,-0.71,0.08999999999999997,1.2089528132070393,0.6252871430242065
1097,Burnley,90,2024-04-20 14:00:00+00:00,2.18,2.43,4.0,1.0,0,206.0,250.0,False,49,Sheffield Utd,49,2024-04-20 14:00:00+00:00,1.98118700710959,0.9468973704751806,2024,2023/24,1.8199999999999998,-1.4300000000000002,1.1003504425261015,2.566276003893173
1098,Burnley,90,2024-04-27 14:00:00+00:00,2.07,2.71,1.0,1.0,0,177.0,265.0,False,1,Man Utd,1,2024-04-27 14:00:00+00:00,1.693952468836423,1.475509965622944,2024,2023/24,-1.0699999999999998,-1.71,1.2219941456928152,1.8366531322313828
1099,Burnley,90,2024-05-04 14:00:00+00:00,1.08,3.58,1.0,4.0,0,137.0,289.0,True,4,Newcastle,4,2024-05-04 14:00:00+00:00,1.494135980266702,1.771028468768554,2024,2023/24,-0.08000000000000007,0.41999999999999993,0.722825776411074,2.021424309734148
1100,Burnley,90,2024-05-11 14:00:00+00:00,0.75,2.5,1.0,2.0,0,87.0,250.0,False,6,Spurs,6,2024-05-11 14:00:00+00:00,1.6006320506215248,1.638632801557394,2024,2023/24,0.25,-0.5,0.46856490203902595,1.525662123706997
1101,Burnley,90,2024-05-19 15:00:00+00:00,1.2,1.45,1.0,2.0,0,133.0,138.0,True,17,Nott'm Forest,17,2024-05-19 15:00:00+00:00,1.4813997452741274,1.2152756854372586,2024,2023/24,-0.19999999999999996,0.55,0.8100446917371006,1.193144911377279
1115,Luton,102,2023-12-02 15:00:00+00:00,0.24,3.47,1.0,3.0,0,42.0,264.0,False,94,Brentford,94,2023-12-02 15:00:00+00:00,1.297035806864039,1.5423845390997737,2024,2023/24,0.76,-0.4700000000000002,0.18503729714314499,2.2497632153556832
1116,Luton,102,2023-12-05 20:15:00+00:00,0.5,2.44,3.0,4.0,0,85.0,283.0,True,3,Arsenal,3,2023-12-05 20:15:00+00:00,0.9823084458963676,1.786726568014093,2024,2023/24,2.5,1.56,0.509005091108368,1.36562585662562
1117,Luton,102,2023-12-10 14:00:00+00:00,0.33,1.6,1.0,2.0,0,63.0,168.0,True,43,Man City,43,2023-12-10 14:00:00+00:00,0.9475819344191472,1.8861801366553472,2024,2023/24,0.6699999999999999,0.3999999999999999,0.34825484532087964,0.848275288720401
1118,Luton,102,2023-12-23 15:00:00+00:00,1.89,1.68,1.0,0.0,1,149.0,156.0,True,4,Newcastle,4,2023-12-23 15:00:00+00:00,1.1874691937320143,1.7747588485607937,2024,2023/24,-0.8899999999999999,-1.68,1.5916202373722643,0.9466074792991529
1119,Luton,102,2023-12-26 15:00:00+00:00,0.64,2.59,1.0,2.0,0,113.0,163.0,False,49,Sheffield Utd,49,2023-12-26 15:00:00+00:00,2.020771879368568,0.7739145518238204,2024,2023/24,0.36,-0.5899999999999999,0.3167106621653807,3.346622690962925
1120,Luton,102,2023-12-30 12:30:00+00:00,2.58,1.5,2.0,3.0,0,218.0,165.0,True,8,Chelsea,8,2023-12-30 12:30:00+00:00,1.4298833943650762,1.529139366991289,2024,2023/24,-0.5800000000000001,1.5,1.8043429346528082,0.9809439429653668
1121,Luton,102,2024-01-12 19:45:00+00:00,0.86,0.99,1.0,1.0,0,142.0,134.0,False,90,Burnley,90,2024-01-12 19:45:00+00:00,1.7828092705986052,0.9325738856767408,2024,2023/24,0.14,0.010000000000000009,0.4823847475906618,1.0615780853455774
1122,Luton,102,2024-01-30 19:45:00+00:00,2.89,0.88,4.0,0.0,1,244.0,90.0,True,36,Brighton,36,2024-01-30 19:45:00+00:00,1.4595439822478251,1.6401095313855798,2024,2023/24,1.1099999999999999,-0.88,1.9800705118520292,0.5365495310892852
1123,Luton,102,2024-02-03 15:00:00+00:00,2.29,2.28,4.0,4.0,0,208.0,178.0,False,4,Newcastle,4,2024-02-03 15:00:00+00:00,1.4250137079981788,1.7736656414705685,2024,2023/24,1.71,1.7200000000000002,1.607002085065505,1.285473398531655
1124,Luton,102,2024-02-10 15:00:00+00:00,1.9,1.81,1.0,3.0,0,184.0,76.0,True,49,Sheffield Utd,49,2024-02-10 15:00:00+00:00,1.9905784836229072,0.8964570725818419,2024,2023/24,-0.8999999999999999,1.19,0.9544964017404368,2.0190593117717373
1125,Luton,102,2024-02-18 16:30:00+00:00,1.75,2.81,1.0,2.0,0,181.0,207.0,True,1,Man Utd,1,2024-02-18 16:30:00+00:00,1.493444975760128,1.4376177896164042,2024,2023/24,-0.75,-0.81,1.1717873965254673,1.954622445754365
1126,Luton,102,2024-02-21 19:30:00+00:00,1.04,3.31,1.0,4.0,0,102.0,345.0,False,14,Liverpool,14,2024-02-21 19:30:00+00:00,1.173984966319812,1.983661581470596,2024,2023/24,-0.040000000000000036,0.69,0.8858716506908723,1.668631399084776
1127,Luton,102,2024-03-02 17:30:00+00:00,2.45,1.83,2.0,3.0,0,171.0,204.0,True,7,Aston Villa,7,2024-03-02 17:30:00+00:00,1.3291022252111109,1.6748176344214762,2024,2023/24,-0.4500000000000002,1.17,1.8433495584666928,1.092656276354606
1128,Luton,102,2024-03-09 15:00:00+00:00,0.81,2.59,1.0,1.0,0,86.0,182.0,False,31,Crystal Palace,31,2024-03-09 15:00:00+00:00,1.434951138965224,1.113871409456241,2024,2023/24,0.18999999999999995,-1.5899999999999999,0.5644791505473207,2.3252235204280547
1129,Luton,102,2024-03-13 19:30:00+00:00,2.1100000000000003,2.66,3.0,4.0,0,139.0,258.0,False,91,Bournemouth,91,2024-03-13 19:30:00+00:00,1.5709116860126804,1.4422876177784922,2024,2023/24,0.8899999999999997,1.3399999999999999,1.343169077413667,1.8442923361549133
1130,Luton,102,2024-03-16 15:00:00+00:00,0.59,1.71,1.0,1.0,0,117.0,102.0,True,17,Nott'm Forest,17,2024-03-16 15:00:00+00:00,1.508015551854052,1.1200990834036937,2024,2023/24,0.41000000000000003,-0.71,0.3912426495035915,1.5266506555864225
1131,Luton,102,2024-03-30 15:00:00+00:00,0.39,2.98,1.0,2.0,0,61.0,174.0,False,6,Spurs,6,2024-03-30 15:00:00+00:00,1.5432252874217829,1.7078865435060968,2024,2023/24,0.61,-0.98,0.25271747630027536,1.7448465832410618
1132,Luton,102,2024-04-03 18:30:00+00:00,0.27,0.82,0.0,2.0,0,43.0,143.0,False,3,Arsenal,3,2024-04-03 18:30:00+00:00,0.8131406207551855,1.9362198615196768,2024,2023/24,-0.27,1.1800000000000002,0.33204588863023937,0.42350562366218486
1133,Luton,102,2024-04-06 14:00:00+00:00,1.4,0.34,2.0,1.0,0,211.0,68.0,True,91,Bournemouth,91,2024-04-06 14:00:00+00:00,1.5395090614975169,1.4521433236040568,2024,2023/24,0.6000000000000001,0.6599999999999999,0.909380811723308,0.23413666851847528
1134,Luton,102,2024-04-13 14:00:00+00:00,0.5,4.26,1.0,5.0,0,52.0,420.0,False,43,Man City,43,2024-04-13 14:00:00+00:00,0.953067025161568,2.037280857493162,2024,2023/24,0.5,0.7400000000000002,0.5246220746282119,2.0910224451045276
1135,Luton,102,2024-04-20 14:00:00+00:00,0.6,3.14,1.0,5.0,0,84.0,230.0,True,94,Brentford,94,2024-04-20 14:00:00+00:00,1.5428587321509717,1.4133300174774248,2024,2023/24,0.4,1.8599999999999999,0.3888884882956924,2.2217033256000702
1136,Luton,102,2024-04-27 14:00:00+00:00,0.6,1.21,1.0,2.0,0,123.0,113.0,False,39,Wolves,39,2024-04-27 14:00:00+00:00,1.544344595726045,1.09270668425428,2024,2023/24,0.4,0.79,0.3885143261811468,1.1073419952818966
1137,Luton,102,2024-05-03 19:00:00+00:00,0.95,1.43,1.0,1.0,0,137.0,118.0,True,11,Everton,11,2024-05-03 19:00:00+00:00,1.4491017098858736,1.179333758352334,2024,2023/24,0.050000000000000044,-0.42999999999999994,0.6555785515392283,1.2125490259838536
1138,Luton,102,2024-05-11 14:00:00+00:00,0.43,3.24,1.0,3.0,0,69.0,233.0,False,21,West Ham,21,2024-05-11 14:00:00+00:00,1.795794893481697,1.2449640016170542,2024,2023/24,0.5700000000000001,-0.2400000000000002,0.23944828084810602,2.6024848877490765
1139,Luton,102,2024-05-19 15:00:00+00:00,2.1,1.06,2.0,4.0,0,137.0,144.0,True,54,Fulham,54,2024-05-19 15:00:00+00:00,1.5036629729075095,1.3388799501945068,2024,2023/24,-0.10000000000000009,2.94,1.3965895535349937,0.7917065304070076
1153,Liverpool,14,2023-12-03 14:00:00+00:00,2.39,1.22,3.0,3.0,0,254.0,164.0,True,54,Fulham,54,2023-12-03 14:00:00+00:00,1.5800917089506674,1.1659621155573792,2024,2023/24,0.6099999999999999,1.78,1.5125704327549376,1.0463461751643521
1154,Liverpool,14,2023-12-06 19:30:00+00:00,1.79,0.66,2.0,0.0,1,199.0,52.0,False,49,Sheffield Utd,49,2023-12-06 19:30:00+00:00,2.145322885879542,0.765051419723528,2024,2023/24,0.20999999999999996,-0.66,0.834373236673012,0.8626871122447023
1155,Liverpool,14,2023-12-09 12:30:00+00:00,1.24,1.74,2.0,1.0,0,108.0,103.0,False,31,Crystal Palace,31,2023-12-09 12:30:00+00:00,1.299886901290185,1.1105815999170148,2024,2023/24,0.76,-0.74,0.9539291447350188,1.566746648900015
1156,Liverpool,14,2023-12-17 16:30:00+00:00,2.34,0.63,0.0,0.0,1,269.0,51.0,True,1,Man Utd,1,2023-12-17 16:30:00+00:00,1.432339529179665,1.4419657066552578,2024,2023/24,-2.34,-0.63,1.6336908619286474,0.43690359423410274
1157,Liverpool,14,2023-12-23 17:30:00+00:00,0.95,0.8,1.0,1.0,0,121.0,117.0,True,3,Arsenal,3,2023-12-23 17:30:00+00:00,0.9421204529180792,1.7889444069399345,2024,2023/24,0.050000000000000044,0.19999999999999996,1.008363630210463,0.44719109039751215
1158,Liverpool,14,2023-12-26 17:30:00+00:00,1.68,0.76,2.0,0.0,1,253.0,57.0,False,90,Burnley,90,2023-12-26 17:30:00+00:00,1.761168849486762,0.9256405607641623,2024,2023/24,0.32000000000000006,-0.76,0.9539119434741217,0.8210530439294732
1159,Liverpool,14,2024-01-01 20:00:00+00:00,7.72,0.59,4.0,2.0,0,427.0,82.0,True,4,Newcastle,4,2024-01-01 20:00:00+00:00,1.316311335802101,1.743175716355399,2024,2023/24,-3.7199999999999998,1.4100000000000001,5.864873901808176,0.3384627232150535
1160,Liverpool,14,2024-01-21 16:30:00+00:00,1.62,1.39,4.0,0.0,1,178.0,90.0,False,91,Bournemouth,91,2024-01-21 16:30:00+00:00,1.607144690455065,1.3727074445927854,2024,2023/24,2.38,-1.39,1.007998850147895,1.0125974077545303
1161,Liverpool,14,2024-01-31 20:15:00+00:00,2.94,0.56,4.0,1.0,0,307.0,49.0,True,8,Chelsea,8,2024-01-31 20:15:00+00:00,1.471845798343257,1.5284852260987642,2024,2023/24,1.06,0.43999999999999995,1.9974918590720108,0.36637580163553063
1162,Liverpool,14,2024-02-04 16:30:00+00:00,0.41,3.55,0.0,3.0,0,59.0,181.0,False,3,Arsenal,3,2024-02-04 16:30:00+00:00,0.9374983316631442,1.8315055694776785,2024,2023/24,-0.41,-0.5499999999999998,0.4373341115953244,1.9382960440641268
1163,Liverpool,14,2024-02-10 15:00:00+00:00,2.85,1.33,3.0,1.0,0,286.0,101.0,True,90,Burnley,90,2024-02-10 15:00:00+00:00,1.793540003953592,0.9646360160139158,2024,2023/24,0.1499999999999999,-0.33000000000000007,1.5890362042204798,1.3787583896108784
1164,Liverpool,14,2024-02-17 12:30:00+00:00,2.8600000000000003,1.69,4.0,1.0,0,215.0,157.0,False,94,Brentford,94,2024-02-17 12:30:00+00:00,1.4976914041282632,1.4730178291605835,2024,2023/24,1.1399999999999997,-0.69,1.9096056718471146,1.1473045108782332
1165,Liverpool,14,2024-02-21 19:30:00+00:00,3.32,1.03,4.0,1.0,0,345.0,102.0,True,102,Luton,102,2024-02-21 19:30:00+00:00,1.9541700634759864,1.2194113593074745,2024,2023/24,0.6800000000000002,-0.030000000000000027,1.698930948770415,0.8446698418366018
1166,Liverpool,14,2024-03-02 15:00:00+00:00,2.07,1.05,1.0,0.0,1,148.0,70.0,False,17,Nott'm Forest,17,2024-03-02 15:00:00+00:00,1.5527458582923428,1.1402668152254178,2024,2023/24,-1.0699999999999998,-1.05,1.3331222163274778,0.9208371110865197
1167,Liverpool,14,2024-03-10 15:45:00+00:00,2.46,1.61,1.0,1.0,0,157.0,133.0,True,43,Man City,43,2024-03-10 15:45:00+00:00,0.956339188344025,1.9716849561195973,2024,2023/24,-1.46,-0.6100000000000001,2.572309103279224,0.8165604728092989
1168,Liverpool,14,2024-03-31 13:00:00+00:00,2.8,0.44,2.0,1.0,0,324.0,87.0,True,36,Brighton,36,2024-03-31 13:00:00+00:00,1.3942904119001711,1.5424156692039743,2024,2023/24,-0.7999999999999998,0.56,2.0081899553365608,0.28526681152498906
1169,Liverpool,14,2024-04-04 18:30:00+00:00,1.64,0.59,3.0,1.0,0,242.0,76.0,True,49,Sheffield Utd,49,2024-04-04 18:30:00+00:00,2.069733902466733,0.9085448364722428,2024,2023/24,1.36,0.41000000000000003,0.7923723905017107,0.6493900755530024
1170,Liverpool,14,2024-04-07 14:30:00+00:00,3.6,0.71,2.0,2.0,0,269.0,117.0,False,1,Man Utd,1,2024-04-07 14:30:00+00:00,1.6756070663637184,1.4294936213950686,2024,2023/24,-1.6,1.29,2.1484750645104764,0.4966793760906034
1171,Liverpool,14,2024-04-14 13:00:00+00:00,2.89,1.87,0.0,1.0,0,255.0,115.0,True,31,Crystal Palace,31,2024-04-14 13:00:00+00:00,1.4519178133442083,1.106073222684376,2024,2023/24,-2.89,-0.8700000000000001,1.9904707921059603,1.6906656464041485
1172,Liverpool,14,2024-04-21 15:30:00+00:00,1.01,0.8,3.0,1.0,0,144.0,136.0,False,54,Fulham,54,2024-04-21 15:30:00+00:00,1.4930323449961789,1.4181038401934112,2024,2023/24,1.99,0.19999999999999996,0.6764756325507368,0.5641335826936977
1173,Liverpool,14,2024-04-24 19:00:00+00:00,2.05,1.09,0.0,2.0,0,231.0,200.0,False,11,Everton,11,2024-04-24 19:00:00+00:00,1.4742997214134743,1.2044239092288025,2024,2023/24,-2.05,0.9099999999999999,1.3904906649745392,0.904996979591622
1174,Liverpool,14,2024-04-27 11:30:00+00:00,1.76,0.7,1.0,2.0,0,271.0,152.0,False,21,West Ham,21,2024-04-27 11:30:00+00:00,1.7393785623141718,1.2458077569908967,2024,2023/24,-0.76,1.3,1.0118556351863923,0.5618844449088745
1175,Liverpool,14,2024-05-05 15:30:00+00:00,3.49,1.16,4.0,2.0,0,322.0,145.0,True,6,Spurs,6,2024-05-05 15:30:00+00:00,1.602253952996525,1.6285593295604217,2024,2023/24,0.5099999999999998,0.8400000000000001,2.1781815507292244,0.7122859934818004
1176,Liverpool,14,2024-05-13 19:00:00+00:00,1.8400000000000003,3.36,2.0,3.0,0,171.0,176.0,False,7,Aston Villa,7,2024-05-13 19:00:00+00:00,1.5103697885781155,1.5165067462210065,2024,2023/24,0.1599999999999997,-0.3599999999999999,1.2182447066371762,2.215618234717918
1177,Liverpool,14,2024-05-19 15:00:00+00:00,5.35,0.56,2.0,0.0,1,427.0,54.0,True,39,Wolves,39,2024-05-19 15:00:00+00:00,1.6732963073417824,1.0716612518372317,2024,2023/24,-3.3499999999999996,-0.56,3.1972819019119636,0.5225531846373551
1191,Chelsea,8,2023-12-03 14:00:00+00:00,1.93,1.98,3.0,2.0,0,143.0,259.0,True,36,Brighton,36,2023-12-03 14:00:00+00:00,1.4495626863005462,1.6841818634343553,2024,2023/24,1.07,0.020000000000000018,1.3314360380823447,1.1756450078154965
1192,Chelsea,8,2023-12-06 20:15:00+00:00,1.4,4.07,1.0,2.0,0,110.0,289.0,False,1,Man Utd,1,2023-12-06 20:15:00+00:00,1.407499668248679,1.4708358327490076,2024,2023/24,-0.3999999999999999,-2.0700000000000003,0.9946716376437867,2.7671341079535217
1193,Chelsea,8,2023-12-10 14:00:00+00:00,0.93,1.08,0.0,2.0,0,121.0,97.0,False,11,Everton,11,2023-12-10 14:00:00+00:00,1.4483121707651727,1.311031895554239,2024,2023/24,-0.93,0.9199999999999999,0.6421267588386433,0.8237785851452758
1194,Chelsea,8,2023-12-16 15:00:00+00:00,2.76,0.37,2.0,0.0,1,221.0,49.0,True,49,Sheffield Utd,49,2023-12-16 15:00:00+00:00,2.077178319233884,0.7496687584091573,2024,2023/24,-0.7599999999999998,-0.37,1.3287255958929696,0.4935513129627577
1195,Chelsea,8,2023-12-24 13:00:00+00:00,2.06,1.31,1.0,2.0,0,157.0,147.0,False,39,Wolves,39,2023-12-24 13:00:00+00:00,1.601688881285574,1.032007686959853,2024,2023/24,-1.06,0.69,1.286142411344311,1.269370389923231
1196,Chelsea,8,2023-12-27 19:30:00+00:00,2.74,1.08,2.0,1.0,0,98.0,147.0,True,31,Crystal Palace,31,2023-12-27 19:30:00+00:00,1.3305141735517758,1.1428461501025835,2024,2023/24,-0.7400000000000002,-0.08000000000000007,2.0593542364795976,0.9450090897213572
1197,Chelsea,8,2023-12-30 12:30:00+00:00,1.49,2.53,3.0,2.0,0,165.0,218.0,False,102,Luton,102,2023-12-30 12:30:00+00:00,1.967908903473517,1.0397928885243302,2024,2023/24,1.51,-0.5299999999999998,0.7571488687154321,2.433176864279737
1198,Chelsea,8,2024-01-13 12:30:00+00:00,2.19,0.86,1.0,0.0,1,160.0,122.0,True,54,Fulham,54,2024-01-13 12:30:00+00:00,1.570920492461965,1.23727551135283,2024,2023/24,-1.19,-0.86,1.3940871040314753,0.69507558511336
1199,Chelsea,8,2024-01-31 20:15:00+00:00,0.5599999999999999,2.93,1.0,4.0,0,49.0,307.0,False,14,Liverpool,14,2024-01-31 20:15:00+00:00,1.1231211256746316,1.928678132208037,2024,2023/24,0.44000000000000006,1.0699999999999998,0.49861051243571036,1.5191752066196784
1200,Chelsea,8,2024-02-04 14:00:00+00:00,1.87,1.93,2.0,4.0,0,184.0,164.0,True,39,Wolves,39,2024-02-04 14:00:00+00:00,1.5851826421329305,1.1704390129752875,2024,2023/24,0.1299999999999999,2.0700000000000003,1.1796747897036242,1.6489539212247275
1201,Chelsea,8,2024-02-12 20:00:00+00:00,1.19,0.55,3.0,1.0,0,145.0,90.0,False,31,Crystal Palace,31,2024-02-12 20:00:00+00:00,1.4501306393776772,1.1027461087164394,2024,2023/24,1.81,0.44999999999999996,0.8206157208778706,0.49875487716767564
1202,Chelsea,8,2024-02-17 17:30:00+00:00,1.62,2.91,1.0,1.0,0,123.0,297.0,False,43,Man City,43,2024-02-17 17:30:00+00:00,0.9703377326774604,1.937175575515616,2024,2023/24,-0.6200000000000001,-1.9100000000000001,1.6695218019914795,1.5021870174186192
1203,Chelsea,8,2024-03-02 15:00:00+00:00,1.81,1.83,2.0,2.0,0,149.0,124.0,False,94,Brentford,94,2024-03-02 15:00:00+00:00,1.5763832250333802,1.456625804452379,2024,2023/24,0.18999999999999995,0.16999999999999993,1.1481979579944293,1.2563281485240416
1204,Chelsea,8,2024-03-11 20:00:00+00:00,1.67,0.8,3.0,2.0,0,145.0,115.0,True,4,Newcastle,4,2024-03-11 20:00:00+00:00,1.519405837187329,1.6718774769235498,2024,2023/24,1.33,1.2,1.0991138503794653,0.4785039639819143
1205,Chelsea,8,2024-03-30 15:00:00+00:00,4.12,1.58,2.0,2.0,0,328.0,162.0,True,90,Burnley,90,2024-03-30 15:00:00+00:00,1.850185988647984,0.9984605305302598,2024,2023/24,-2.12,0.41999999999999993,2.22680315669814,1.5824361120823651
1206,Chelsea,8,2024-04-04 19:15:00+00:00,3.04,1.57,4.0,3.0,0,264.0,170.0,True,1,Man Utd,1,2024-04-04 19:15:00+00:00,1.6376033727803847,1.421673077594546,2024,2023/24,0.96,1.43,1.8563713598357907,1.1043326519599157
1207,Chelsea,8,2024-04-07 16:30:00+00:00,0.36,1.36,2.0,2.0,0,74.0,143.0,False,49,Sheffield Utd,49,2024-04-07 16:30:00+00:00,2.0280186527345907,0.9223465594247848,2024,2023/24,1.6400000000000001,0.6399999999999999,0.17751316020420924,1.474499997970562
1208,Chelsea,8,2024-04-15 19:00:00+00:00,3.2700000000000005,1.41,6.0,0.0,1,210.0,96.0,True,11,Everton,11,2024-04-15 19:00:00+00:00,1.4589299418328334,1.243914506134912,2024,2023/24,2.7299999999999995,-1.41,2.2413687636652004,1.1335184154907465
1209,Chelsea,8,2024-04-23 19:00:00+00:00,1.61,3.37,0.0,5.0,0,78.0,315.0,False,3,Arsenal,3,2024-04-23 19:00:00+00:00,0.8045828968920264,1.9293067092813416,2024,2023/24,-1.61,1.63,2.001036818231123,1.746741450588388
1210,Chelsea,8,2024-04-27 19:00:00+00:00,1.37,0.87,2.0,2.0,0,134.0,101.0,False,7,Aston Villa,7,2024-04-27 19:00:00+00:00,1.471763178952971,1.5329581444423006,2024,2023/24,0.6299999999999999,1.13,0.9308562814940333,0.5675301724017463
1211,Chelsea,8,2024-05-02 18:30:00+00:00,2.29,1.54,2.0,0.0,1,140.0,153.0,True,6,Spurs,6,2024-05-02 18:30:00+00:00,1.5611979743575954,1.6445642402267031,2024,2023/24,-0.29000000000000004,-1.54,1.466822297756499,0.9364182695518851
1212,Chelsea,8,2024-05-05 13:00:00+00:00,4.13,1.04,5.0,0.0,1,308.0,75.0,True,21,West Ham,21,2024-05-05 13:00:00+00:00,1.78480555144003,1.2273310063781548,2024,2023/24,0.8700000000000001,-1.04,2.31397756280386,0.8473671687550962
1213,Chelsea,8,2024-05-11 16:30:00+00:00,1.8,1.62,3.0,2.0,0,161.0,170.0,False,17,Nott'm Forest,17,2024-05-11 16:30:00+00:00,1.466555622638584,1.195612962033236,2024,2023/24,1.2,0.3799999999999999,1.2273656533814195,1.354953527138966
1214,Chelsea,8,2024-05-15 18:45:00+00:00,1.49,1.24,2.0,1.0,0,130.0,138.0,False,36,Brighton,36,2024-05-15 18:45:00+00:00,1.4347464369800274,1.3541412342403492,2024,2023/24,0.51,-0.24,1.0385110299603009,0.9157095055122663
1215,Chelsea,8,2024-05-19 15:00:00+00:00,1.0,2.15,2.0,1.0,0,185.0,165.0,True,91,Bournemouth,91,2024-05-19 15:00:00+00:00,1.5465275596474757,1.4127355199973823,2024,2023/24,1.0,-1.15,0.6466098801549619,1.521870137450769
1229,Spurs,6,2023-12-03 16:30:00+00:00,0.5,2.64,3.0,3.0,0,88.0,193.0,False,43,Man City,43,2023-12-03 16:30:00+00:00,0.9112731141765752,1.914072299717866,2024,2023/24,2.5,0.3599999999999999,0.5486829274578118,1.3792582445235406
1230,Spurs,6,2023-12-07 20:15:00+00:00,1.74,2.07,1.0,2.0,0,236.0,119.0,True,21,West Ham,21,2023-12-07 20:15:00+00:00,1.6074142701782403,1.2842491262825544,2024,2023/24,-0.74,-0.06999999999999984,1.0824838576349443,1.6118367983569633
1231,Spurs,6,2023-12-10 16:30:00+00:00,3.88,1.69,4.0,1.0,0,292.0,111.0,True,4,Newcastle,4,2023-12-10 16:30:00+00:00,1.1734078361415752,1.7385220562761532,2024,2023/24,0.1200000000000001,-0.69,3.3066082230695675,0.9720900542498232
1232,Spurs,6,2023-12-15 20:00:00+00:00,1.53,2.59,2.0,0.0,1,170.0,120.0,False,17,Nott'm Forest,17,2023-12-15 20:00:00+00:00,1.5774203180543371,1.0195949645019189,2024,2023/24,0.47,-2.59,0.9699380580359028,2.5402243931885615
1233,Spurs,6,2023-12-23 15:00:00+00:00,1.34,1.95,2.0,1.0,0,139.0,215.0,True,11,Everton,11,2023-12-23 15:00:00+00:00,1.387393968817513,1.3233820842739925,2024,2023/24,0.6599999999999999,-0.95,0.9658395741348745,1.4734973543712209
1234,Spurs,6,2023-12-28 19:30:00+00:00,2.49,3.7,2.0,4.0,0,217.0,215.0,False,36,Brighton,36,2023-12-28 19:30:00+00:00,1.4718448756048432,1.6752086299211213,2024,2023/24,-0.4900000000000002,0.2999999999999998,1.691754369818867,2.208680121337614
1235,Spurs,6,2023-12-31 14:00:00+00:00,2.31,1.6,3.0,1.0,0,170.0,200.0,True,91,Bournemouth,91,2023-12-31 14:00:00+00:00,1.5838818001734531,1.383453929054995,2024,2023/24,0.69,-0.6000000000000001,1.4584421638957077,1.1565256828558959
1236,Spurs,6,2024-01-14 16:30:00+00:00,1.37,0.84,2.0,2.0,0,195.0,105.0,False,1,Man Utd,1,2024-01-14 16:30:00+00:00,1.4442040915062289,1.3641217956392069,2024,2023/24,0.6299999999999999,1.1600000000000001,0.9486193870086341,0.6157807922175956
1237,Spurs,6,2024-01-31 19:30:00+00:00,2.87,1.66,3.0,2.0,0,223.0,151.0,True,94,Brentford,94,2024-01-31 19:30:00+00:00,1.4205120419651238,1.483251901657513,2024,2023/24,0.1299999999999999,0.3400000000000001,2.0203982192433,1.1191625631121547
1238,Spurs,6,2024-02-03 12:30:00+00:00,0.98,2.62,2.0,2.0,0,100.0,176.0,False,11,Everton,11,2024-02-03 12:30:00+00:00,1.4181257129175355,1.3017896275145393,2024,2023/24,1.02,-0.6200000000000001,0.6910529800519789,2.0126139774229674
1239,Spurs,6,2024-02-10 15:00:00+00:00,1.6,1.21,2.0,1.0,0,181.0,100.0,True,36,Brighton,36,2024-02-10 15:00:00+00:00,1.4715562643961382,1.598004578023783,2024,2023/24,0.3999999999999999,-0.20999999999999996,1.0872842844759114,0.7571943263744465
1240,Spurs,6,2024-02-17 15:00:00+00:00,1.7,1.51,1.0,2.0,0,202.0,148.0,True,39,Wolves,39,2024-02-17 15:00:00+00:00,1.5973637507367413,1.2028125399189866,2024,2023/24,-0.7,0.49,1.0642535234794959,1.2553909689881546
1241,Spurs,6,2024-03-02 15:00:00+00:00,1.86,0.29,3.0,1.0,0,176.0,29.0,True,31,Crystal Palace,31,2024-03-02 15:00:00+00:00,1.4259561242056913,1.1138577823706255,2024,2023/24,1.14,0.71,1.304387960068608,0.26035639790817144
1242,Spurs,6,2024-03-10 13:00:00+00:00,1.63,0.97,4.0,0.0,1,149.0,98.0,False,7,Aston Villa,7,2024-03-10 13:00:00+00:00,1.3755452836694442,1.6486251570676442,2024,2023/24,2.37,-0.97,1.1849846161747326,0.5883690394032973
1243,Spurs,6,2024-03-16 17:30:00+00:00,2.38,2.79,0.0,3.0,0,160.0,243.0,False,54,Fulham,54,2024-03-16 17:30:00+00:00,1.5585803601183073,1.357621013876417,2024,2023/24,-2.38,0.20999999999999996,1.5270306625828014,2.0550654206756196
1244,Spurs,6,2024-03-30 15:00:00+00:00,3.12,0.39,1.0,1.0,0,174.0,61.0,True,102,Luton,102,2024-03-30 15:00:00+00:00,2.018388559327014,1.2240785453524143,2024,2023/24,-2.12,0.61,1.545787596537058,0.31860700563763117
1245,Spurs,6,2024-04-02 19:15:00+00:00,0.95,1.16,1.0,1.0,0,187.0,120.0,False,21,West Ham,21,2024-04-02 19:15:00+00:00,1.697638147562752,1.3075374418349663,2024,2023/24,0.050000000000000044,-0.15999999999999992,0.5596009970463296,0.8871638875381527
1246,Spurs,6,2024-04-07 17:00:00+00:00,1.49,1.56,2.0,1.0,0,186.0,153.0,True,17,Nott'm Forest,17,2024-04-07 17:00:00+00:00,1.500151863450356,1.1434809826667618,2024,2023/24,0.51,-0.56,0.9932327761624036,1.364255307824933
1247,Spurs,6,2024-04-13 11:30:00+00:00,0.74,2.86,0.0,4.0,0,91.0,177.0,False,4,Newcastle,4,2024-04-13 11:30:00+00:00,1.525930886406888,1.7183588564671957,2024,2023/24,-0.74,1.1400000000000001,0.4849498798353045,1.6643787700317292
1248,Spurs,6,2024-04-28 13:00:00+00:00,2.4,1.08,2.0,3.0,0,133.0,133.0,True,3,Arsenal,3,2024-04-28 13:00:00+00:00,0.8378742624767613,1.9325155214688416,2024,2023/24,-0.3999999999999999,1.92,2.864391600841856,0.5588570896336851
1249,Spurs,6,2024-05-02 18:30:00+00:00,1.54,1.94,0.0,2.0,0,153.0,140.0,False,8,Chelsea,8,2024-05-02 18:30:00+00:00,1.560436739008165,1.678118878620272,2024,2023/24,-1.54,0.06000000000000005,0.9869031928707633,1.1560563585310732
1250,Spurs,6,2024-05-05 15:30:00+00:00,1.14,3.22,2.0,4.0,0,145.0,322.0,False,14,Liverpool,14,2024-05-05 15:30:00+00:00,1.162138636191394,2.0246633020879417,2024,2023/24,0.8600000000000001,0.7799999999999998,0.980950090202708,1.5903878914974965
1251,Spurs,6,2024-05-11 14:00:00+00:00,2.5,0.75,2.0,1.0,0,250.0,87.0,True,90,Burnley,90,2024-05-11 14:00:00+00:00,1.881969434074464,1.0815464460705615,2024,2023/24,-0.5,0.25,1.3283956448684184,0.6934514950558758
1252,Spurs,6,2024-05-14 19:00:00+00:00,1.33,2.4,0.0,2.0,0,149.0,144.0,True,43,Man City,43,2024-05-14 19:00:00+00:00,0.8879733028829288,2.124999655799642,2024,2023/24,-1.33,-0.3999999999999999,1.4977927778706523,1.1294119476442337
1253,Spurs,6,2024-05-19 15:00:00+00:00,3.29,0.7,3.0,0.0,1,235.0,33.0,False,49,Sheffield Utd,49,2024-05-19 15:00:00+00:00,2.0621248040903524,1.0098432898174214,2024,2023/24,-0.29000000000000004,-0.7,1.595441747014575,0.693176859279383
1267,Aston Villa,7,2023-12-03 14:00:00+00:00,0.68,2.02,2.0,2.0,0,105.0,227.0,False,91,Bournemouth,91,2023-12-03 14:00:00+00:00,1.7405872046943802,1.2134819429710464,2024,2023/24,1.3199999999999998,-0.020000000000000018,0.3906727558182857,1.6646312800125425
1268,Aston Villa,7,2023-12-06 20:15:00+00:00,2.04,0.83,1.0,0.0,1,204.0,72.0,True,43,Man City,43,2023-12-06 20:15:00+00:00,0.9316850375788692,1.897166892228264,2024,2023/24,-1.04,-0.83,2.189581154272116,0.43749445734062264
1269,Aston Villa,7,2023-12-09 17:30:00+00:00,0.52,1.36,1.0,0.0,1,93.0,143.0,True,3,Arsenal,3,2023-12-09 17:30:00+00:00,0.9738200013471986,1.819140802199673,2024,2023/24,0.48,-1.36,0.5339795848109747,0.7476056819546415
1270,Aston Villa,7,2023-12-17 14:00:00+00:00,1.4300000000000002,0.51,2.0,1.0,0,171.0,75.0,False,94,Brentford,94,2023-12-17 14:00:00+00:00,1.3137197150498665,1.4845474922786086,2024,2023/24,0.5699999999999998,0.49,1.08851224779383,0.3435390263043785
1271,Aston Villa,7,2023-12-22 20:00:00+00:00,0.89,0.56,1.0,1.0,0,162.0,50.0,True,49,Sheffield Utd,49,2023-12-22 20:00:00+00:00,2.0474361547210567,0.741288952102263,2024,2023/24,0.10999999999999999,0.43999999999999995,0.4346899892081147,0.7554409092592903
1272,Aston Villa,7,2023-12-26 20:00:00+00:00,1.67,1.04,2.0,3.0,0,159.0,139.0,False,1,Man Utd,1,2023-12-26 20:00:00+00:00,1.4318110577430108,1.4167044678427136,2024,2023/24,0.33000000000000007,1.96,1.166355009600534,0.7340980589859082
1273,Aston Villa,7,2023-12-30 15:00:00+00:00,3.16,0.98,3.0,2.0,0,196.0,118.0,True,90,Burnley,90,2023-12-30 15:00:00+00:00,1.7798822358968511,0.9260757688972217,2024,2023/24,-0.16000000000000014,1.02,1.7753983585367556,1.0582287464091538
1274,Aston Villa,7,2024-01-14 14:00:00+00:00,1.11,1.13,0.0,0.0,1,148.0,88.0,False,11,Everton,11,2024-01-14 14:00:00+00:00,1.4446266061929245,1.2853955580455323,2024,2023/24,-1.11,-1.13,0.7683646384758358,0.8791068188520783
1275,Aston Villa,7,2024-01-30 20:15:00+00:00,1.4400000000000002,2.54,1.0,3.0,0,142.0,177.0,True,4,Newcastle,4,2024-01-30 20:15:00+00:00,1.4125593770937677,1.7338987718351515,2024,2023/24,-0.44000000000000017,0.45999999999999996,1.0194261730524132,1.464906741534671
1276,Aston Villa,7,2024-02-03 17:30:00+00:00,2.72,1.26,5.0,0.0,1,210.0,158.0,False,49,Sheffield Utd,49,2024-02-03 17:30:00+00:00,1.9880280416304963,0.8663778675807726,2024,2023/24,2.28,-1.26,1.3681899566010003,1.4543307800767775
1277,Aston Villa,7,2024-02-11 16:30:00+00:00,2.67,1.8,1.0,2.0,0,271.0,163.0,True,1,Man Utd,1,2024-02-11 16:30:00+00:00,1.4859063524238263,1.3921604459003416,2024,2023/24,-1.67,0.19999999999999996,1.7968830913500486,1.2929544186524415
1278,Aston Villa,7,2024-02-17 15:00:00+00:00,1.65,1.4,2.0,1.0,0,99.0,152.0,False,54,Fulham,54,2024-02-17 15:00:00+00:00,1.5660360464846654,1.2597999727615226,2024,2023/24,0.3500000000000001,-0.3999999999999999,1.0536155944199441,1.111287529980775
1279,Aston Villa,7,2024-02-24 15:00:00+00:00,3.56,2.58,4.0,2.0,0,208.0,110.0,True,17,Nott'm Forest,17,2024-02-24 15:00:00+00:00,1.538477888084009,1.1587918210587511,2024,2023/24,0.43999999999999995,-0.5800000000000001,2.313975408794179,2.2264568605970454
1280,Aston Villa,7,2024-03-02 17:30:00+00:00,1.83,2.28,3.0,2.0,0,204.0,171.0,False,102,Luton,102,2024-03-02 17:30:00+00:00,1.9823167939733488,1.241818370343324,2024,2023/24,1.17,-0.2799999999999998,0.9231622339898329,1.8360172908133505
1281,Aston Villa,7,2024-03-10 13:00:00+00:00,0.96,2.3,0.0,4.0,0,98.0,149.0,True,6,Spurs,6,2024-03-10 13:00:00+00:00,1.531563739130116,1.6834882129408983,2024,2023/24,-0.96,1.7000000000000002,0.6268103477986834,1.3662109317546764
1282,Aston Villa,7,2024-03-17 14:00:00+00:00,0.64,2.04,1.0,1.0,0,140.0,126.0,False,21,West Ham,21,2024-03-17 14:00:00+00:00,1.6465298156750796,1.2780073894030228,2024,2023/24,0.36,-1.04,0.38869627133815315,1.5962349020164242
1283,Aston Villa,7,2024-03-30 17:30:00+00:00,0.99,1.49,2.0,0.0,1,116.0,96.0,True,39,Wolves,39,2024-03-30 17:30:00+00:00,1.5934895863195804,1.1688406522176544,2024,2023/24,1.01,-1.49,0.621277985434824,1.2747674348706184
1284,Aston Villa,7,2024-04-03 19:15:00+00:00,0.73,3.28,1.0,4.0,0,106.0,316.0,False,43,Man City,43,2024-04-03 19:15:00+00:00,0.9324926952803272,1.9675849467524915,2024,2023/24,0.27,0.7200000000000002,0.782847955479744,1.6670182425483868
1285,Aston Villa,7,2024-04-06 14:00:00+00:00,1.51,1.56,3.0,3.0,0,146.0,101.0,True,94,Brentford,94,2024-04-06 14:00:00+00:00,1.588307023096668,1.383397913918161,2024,2023/24,1.49,1.44,0.9506978046700344,1.1276581989209842
1286,Aston Villa,7,2024-04-14 15:30:00+00:00,1.1,1.62,2.0,0.0,1,72.0,213.0,False,3,Arsenal,3,2024-04-14 15:30:00+00:00,0.8040665237591592,1.9361818511550928,2024,2023/24,0.8999999999999999,-1.62,1.3680460104933823,0.8366982672797681
1287,Aston Villa,7,2024-04-21 14:00:00+00:00,2.35,1.69,3.0,1.0,0,193.0,170.0,True,91,Bournemouth,91,2024-04-21 14:00:00+00:00,1.5433876358498475,1.4502916194037407,2024,2023/24,0.6499999999999999,-0.69,1.5226246118694617,1.1652828833795583
1288,Aston Villa,7,2024-04-27 19:00:00+00:00,0.87,1.37,1.0,2.0,0,101.0,134.0,True,8,Chelsea,8,2024-04-27 19:00:00+00:00,1.5782216124868311,1.6597189248623396,2024,2023/24,0.13,0.6299999999999999,0.5512533810946397,0.8254409704424083
1289,Aston Villa,7,2024-05-05 13:00:00+00:00,0.06,2.69,0.0,1.0,0,36.0,198.0,False,36,Brighton,36,2024-05-05 13:00:00+00:00,1.4478451130761991,1.3625411836156125,2024,2023/24,-0.06,-1.69,0.041440896859830226,1.9742522518562475
1290,Aston Villa,7,2024-05-13 19:00:00+00:00,3.3600000000000003,1.73,3.0,3.0,0,176.0,171.0,True,14,Liverpool,14,2024-05-13 19:00:00+00:00,1.2003045851820415,2.047574260629609,2024,2023/24,-0.3600000000000003,1.27,2.799289481586387,0.8449022012359356
1291,Aston Villa,7,2024-05-19 15:00:00+00:00,1.08,2.48,0.0,5.0,0,66.0,206.0,False,31,Crystal Palace,31,2024-05-19 15:00:00+00:00,1.3737111215063171,1.278902908151658,2024,2023/24,-1.08,2.52,0.7861914947705645,1.9391620616331497
1305,Nott'm Forest,17,2023-12-02 17:30:00+00:00,0.71,0.7,0.0,1.0,0,114.0,81.0,True,11,Everton,11,2023-12-02 17:30:00+00:00,1.4777173123953204,1.2772438531950323,2024,2023/24,-0.71,0.30000000000000004,0.4804707869660933,0.5480550939814243
1306,Nott'm Forest,17,2023-12-06 19:30:00+00:00,0.29,2.52,0.0,5.0,0,41.0,169.0,False,54,Fulham,54,2023-12-06 19:30:00+00:00,1.5747926441608653,1.2121536097565806,2024,2023/24,-0.29,2.48,0.1841512284650832,2.078944433870931
1307,Nott'm Forest,17,2023-12-09 15:00:00+00:00,0.8,1.17,1.0,1.0,0,119.0,99.0,False,39,Wolves,39,2023-12-09 15:00:00+00:00,1.6197677102842207,1.040317350050837,2024,2023/24,0.19999999999999996,-0.16999999999999993,0.49389797988973616,1.1246568174055982
1308,Nott'm Forest,17,2023-12-15 20:00:00+00:00,1.49,1.53,0.0,2.0,0,120.0,170.0,True,6,Spurs,6,2023-12-15 20:00:00+00:00,1.5028123682062082,1.595525175640982,2024,2023/24,-1.49,0.47,0.9914744059356516,0.958931907411202
1309,Nott'm Forest,17,2023-12-23 15:00:00+00:00,0.75,2.97,2.0,3.0,0,125.0,188.0,True,91,Bournemouth,91,2023-12-23 15:00:00+00:00,1.6201162740889776,1.317844674110463,2024,2023/24,1.25,0.029999999999999805,0.4629297365843321,2.253679859506001
1310,Nott'm Forest,17,2023-12-26 12:30:00+00:00,3.45,2.43,3.0,1.0,0,183.0,235.0,False,4,Newcastle,4,2023-12-26 12:30:00+00:00,1.2461715272187677,1.7490402415816266,2024,2023/24,-0.4500000000000002,-1.4300000000000002,2.768479237926246,1.3893333853785967
1311,Nott'm Forest,17,2023-12-30 17:30:00+00:00,0.75,0.77,2.0,1.0,0,68.0,126.0,True,1,Man Utd,1,2023-12-30 17:30:00+00:00,1.4450667698764088,1.395041664627413,2024,2023/24,1.25,0.22999999999999998,0.5190071598311992,0.551954840865381
1312,Nott'm Forest,17,2024-01-20 17:30:00+00:00,1.09,1.29,2.0,3.0,0,94.0,147.0,False,94,Brentford,94,2024-01-20 17:30:00+00:00,1.3797741346216283,1.4563379952265432,2024,2023/24,0.9099999999999999,1.71,0.7899843696511297,0.8857833856070835
1313,Nott'm Forest,17,2024-01-30 19:30:00+00:00,0.4,1.23,1.0,2.0,0,86.0,209.0,True,3,Arsenal,3,2024-01-30 19:30:00+00:00,0.9595709482444106,1.813904881255544,2024,2023/24,0.6,0.77,0.41685297031118196,0.678095093469632
1314,Nott'm Forest,17,2024-02-04 14:00:00+00:00,0.5700000000000001,0.96,1.0,1.0,0,96.0,102.0,False,91,Bournemouth,91,2024-02-04 14:00:00+00:00,1.5951425624778368,1.334321259101985,2024,2023/24,0.42999999999999994,0.040000000000000036,0.3573348322638841,0.7194669150711815
1315,Nott'm Forest,17,2024-02-10 17:30:00+00:00,1.5,0.48,2.0,3.0,0,94.0,114.0,True,4,Newcastle,4,2024-02-10 17:30:00+00:00,1.4415541320815115,1.7508547725740735,2024,2023/24,0.5,2.52,1.0405436512010107,0.27415180717376864
1316,Nott'm Forest,17,2024-02-17 15:00:00+00:00,2.79,0.56,2.0,0.0,1,211.0,90.0,True,21,West Ham,21,2024-02-17 15:00:00+00:00,1.676162774062428,1.2071350291096257,2024,2023/24,-0.79,-0.56,1.6645161455519162,0.46390833377857665
1317,Nott'm Forest,17,2024-02-24 15:00:00+00:00,2.6,3.57,2.0,4.0,0,110.0,208.0,False,7,Aston Villa,7,2024-02-24 15:00:00+00:00,1.2944796947944444,1.6407677802027263,2024,2023/24,-0.6000000000000001,0.43000000000000016,2.0085289946652,2.175810643696883
1318,Nott'm Forest,17,2024-03-02 15:00:00+00:00,1.05,2.07,0.0,1.0,0,70.0,148.0,True,14,Liverpool,14,2024-03-02 15:00:00+00:00,1.18203986317786,1.9913472202914928,2024,2023/24,-1.05,-1.0699999999999998,0.8882949151791913,1.0394972704443748
1319,Nott'm Forest,17,2024-03-10 14:00:00+00:00,0.69,0.46,0.0,1.0,0,86.0,88.0,False,36,Brighton,36,2024-03-10 14:00:00+00:00,1.3766859149053965,1.5747641316518914,2024,2023/24,-0.69,0.54,0.5012036460381856,0.2921072373660623
1320,Nott'm Forest,17,2024-03-16 15:00:00+00:00,1.71,0.6,1.0,1.0,0,102.0,117.0,False,102,Luton,102,2024-03-16 15:00:00+00:00,2.0238784234630574,1.2580430807490597,2024,2023/24,-0.71,0.4,0.8449124118206763,0.4769312030576489
1321,Nott'm Forest,17,2024-03-30 15:00:00+00:00,0.92,1.19,1.0,1.0,0,140.0,102.0,True,31,Crystal Palace,31,2024-03-30 15:00:00+00:00,1.4101245720229487,1.124799160834996,2024,2023/24,0.07999999999999996,-0.18999999999999995,0.6524246284710709,1.0579666499009495
1322,Nott'm Forest,17,2024-04-02 18:30:00+00:00,1.51,1.48,3.0,1.0,0,116.0,141.0,True,54,Fulham,54,2024-04-02 18:30:00+00:00,1.5739521166061143,1.3964542751012257,2024,2023/24,1.49,-0.48,0.9593684484226793,1.0598270393727844
1323,Nott'm Forest,17,2024-04-07 17:00:00+00:00,1.66,1.48,1.0,3.0,0,153.0,186.0,False,6,Spurs,6,2024-04-07 17:00:00+00:00,1.5061166408645548,1.6876929436930708,2024,2023/24,-0.6599999999999999,1.52,1.1021722720274252,0.8769367707145889
1324,Nott'm Forest,17,2024-04-13 14:00:00+00:00,1.9,1.07,2.0,2.0,0,208.0,120.0,True,39,Wolves,39,2024-04-13 14:00:00+00:00,1.5406222412122836,1.1273993016467092,2024,2023/24,0.10000000000000009,0.9299999999999999,1.2332679284864339,0.9490869813713116
1325,Nott'm Forest,17,2024-04-21 12:30:00+00:00,0.86,0.45,0.0,2.0,0,123.0,71.0,False,11,Everton,11,2024-04-21 12:30:00+00:00,1.4760656312078335,1.2174967484268109,2024,2023/24,-0.86,1.55,0.5826299195763267,0.3696108433812803
1326,Nott'm Forest,17,2024-04-28 15:30:00+00:00,1.62,0.84,0.0,2.0,0,100.0,131.0,True,43,Man City,43,2024-04-28 15:30:00+00:00,0.924793952422216,2.0384798374663085,2024,2023/24,-1.62,1.1600000000000001,1.7517415590325864,0.41207177258327105
1327,Nott'm Forest,17,2024-05-04 14:00:00+00:00,1.49,2.27,3.0,1.0,0,129.0,133.0,False,49,Sheffield Utd,49,2024-05-04 14:00:00+00:00,2.054580002200994,1.0228465446777506,2024,2023/24,1.51,-1.27,0.7252090443807586,2.219296737923837
1328,Nott'm Forest,17,2024-05-11 16:30:00+00:00,1.7399999999999998,1.81,2.0,3.0,0,170.0,161.0,True,8,Chelsea,8,2024-05-11 16:30:00+00:00,1.528704475997209,1.7368954982123697,2024,2023/24,0.26000000000000023,1.19,1.1382186860314893,1.0420891768462008
1329,Nott'm Forest,17,2024-05-19 15:00:00+00:00,1.4600000000000002,1.21,2.0,1.0,0,138.0,133.0,False,90,Burnley,90,2024-05-19 15:00:00+00:00,1.8621224777954584,1.0752739937317244,2024,2023/24,0.5399999999999998,-0.20999999999999996,0.7840515419417924,1.1252945826400123
1343,Arsenal,3,2023-12-02 15:00:00+00:00,2.92,0.71,2.0,1.0,0,212.0,82.0,True,39,Wolves,39,2023-12-02 15:00:00+00:00,1.6449244571757546,1.046608172751596,2024,2023/24,-0.9199999999999999,0.29000000000000004,1.7751575078490112,0.678381861029584
1344,Arsenal,3,2023-12-05 20:15:00+00:00,2.43,0.5,4.0,3.0,0,283.0,85.0,False,102,Luton,102,2023-12-05 20:15:00+00:00,2.00760262700684,1.009595944264856,2024,2023/24,1.5699999999999998,2.5,1.2103988943384267,0.495247631332432
1345,Arsenal,3,2023-12-09 17:30:00+00:00,1.38,0.51,0.0,1.0,0,143.0,93.0,False,7,Aston Villa,7,2023-12-09 17:30:00+00:00,1.233358744205146,1.541750630271686,2024,2023/24,-1.38,0.49,1.11889586584912,0.3307927948828717
1346,Arsenal,3,2023-12-17 14:00:00+00:00,2.25,0.69,2.0,0.0,1,299.0,52.0,True,36,Brighton,36,2023-12-17 14:00:00+00:00,1.4455063727442885,1.687293299371395,2024,2023/24,-0.25,-0.69,1.5565479630009402,0.40893897952244646
1347,Arsenal,3,2023-12-23 17:30:00+00:00,0.8,0.95,1.0,1.0,0,117.0,121.0,False,14,Liverpool,14,2023-12-23 17:30:00+00:00,1.203494357299919,1.832975816991517,2024,2023/24,0.19999999999999996,0.050000000000000044,0.6647309936664992,0.5182828879647988
1348,Arsenal,3,2023-12-28 20:15:00+00:00,2.81,1.48,0.0,2.0,0,311.0,112.0,True,21,West Ham,21,2023-12-28 20:15:00+00:00,1.571701222455629,1.3091493160842282,2024,2023/24,-2.81,0.52,1.7878716131617245,1.1305051164269022
1349,Arsenal,3,2023-12-31 14:00:00+00:00,1.69,1.34,1.0,2.0,0,125.0,115.0,False,54,Fulham,54,2023-12-31 14:00:00+00:00,1.5778741860435987,1.239700535787896,2024,2023/24,-0.69,0.6599999999999999,1.0710613146144106,1.0809062038102277
1350,Arsenal,3,2024-01-20 12:30:00+00:00,3.32,0.33,4.0,0.0,1,215.0,67.0,True,31,Crystal Palace,31,2024-01-20 12:30:00+00:00,1.37502948360081,1.149895298244512,2024,2023/24,0.6800000000000002,-0.33,2.414493681477918,0.2869826500758761
1351,Arsenal,3,2024-01-30 19:30:00+00:00,1.23,0.4,2.0,1.0,0,209.0,86.0,False,17,Nott'm Forest,17,2024-01-30 19:30:00+00:00,1.6065569071893575,1.084964088982082,2024,2023/24,0.77,0.6,0.7656124688118661,0.36867579679552503
1352,Arsenal,3,2024-02-04 16:30:00+00:00,3.76,0.41,3.0,1.0,0,181.0,59.0,True,14,Liverpool,14,2024-02-04 16:30:00+00:00,1.1544334893692902,1.905132418926787,2024,2023/24,-0.7599999999999998,0.5900000000000001,3.2570087706431896,0.2152081377267015
1353,Arsenal,3,2024-02-11 14:00:00+00:00,3.66,0.21,6.0,0.0,1,334.0,54.0,False,21,West Ham,21,2024-02-11 14:00:00+00:00,1.6179534243124278,1.2488763139531802,2024,2023/24,2.34,-0.21,2.2621170331620446,0.16815115928915983
1354,Arsenal,3,2024-02-17 15:00:00+00:00,2.41,0.26,5.0,0.0,1,203.0,38.0,False,90,Burnley,90,2024-02-17 15:00:00+00:00,1.833580642120754,0.9622458065038012,2024,2023/24,2.59,-0.26,1.314368151930612,0.2702012295015109
1355,Arsenal,3,2024-02-24 20:00:00+00:00,2.39,0.16,3.0,1.0,0,255.0,50.0,True,4,Newcastle,4,2024-02-24 20:00:00+00:00,1.518805549145054,1.7199576100184433,2024,2023/24,0.6099999999999999,0.84,1.5736049959425993,0.09302554846004857
1356,Arsenal,3,2024-03-04 20:00:00+00:00,2.26,0.23,5.0,0.0,1,263.0,19.0,False,49,Sheffield Utd,49,2024-03-04 20:00:00+00:00,2.0095356914150946,0.8617852162543664,2024,2023/24,2.74,-0.23,1.1246379000158642,0.26688784590627357
1357,Arsenal,3,2024-03-09 17:30:00+00:00,1.31,0.97,2.0,1.0,0,194.0,105.0,True,94,Brentford,94,2024-03-09 17:30:00+00:00,1.600610739763923,1.4293704430171892,2024,2023/24,0.69,0.030000000000000027,0.8184375922613228,0.6786204407252704
1358,Arsenal,3,2024-03-31 15:30:00+00:00,0.68,0.95,0.0,0.0,1,85.0,134.0,False,43,Man City,43,2024-03-31 15:30:00+00:00,0.953678937462744,1.9525451760389017,2024,2023/24,-0.68,-0.95,0.7130282250011049,0.48654444038383293
1359,Arsenal,3,2024-04-03 18:30:00+00:00,0.8800000000000001,0.27,1.0,0.0,1,143.0,43.0,True,102,Luton,102,2024-04-03 18:30:00+00:00,1.993685745159529,1.1987468723301178,2024,2023/24,0.11999999999999988,-0.27,0.44139353563446637,0.22523520705849723
1360,Arsenal,3,2024-04-06 16:30:00+00:00,3.23,0.53,3.0,0.0,1,263.0,73.0,False,36,Brighton,36,2024-04-06 16:30:00+00:00,1.3978212102053278,1.482191197198513,2024,2023/24,-0.22999999999999998,-0.53,2.310739010410023,0.3575786990246279
1361,Arsenal,3,2024-04-14 15:30:00+00:00,1.77,1.13,0.0,2.0,0,213.0,72.0,True,7,Aston Villa,7,2024-04-14 15:30:00+00:00,1.4894803042945546,1.5367435034990875,2024,2023/24,-1.77,0.8700000000000001,1.1883339409703069,0.735321149838634
1362,Arsenal,3,2024-04-20 18:30:00+00:00,1.22,0.14,2.0,0.0,1,261.0,51.0,False,39,Wolves,39,2024-04-20 18:30:00+00:00,1.569783130359098,1.1145065208481038,2024,2023/24,0.78,-0.14,0.7771774179538528,0.12561613358122345
1363,Arsenal,3,2024-04-23 19:00:00+00:00,3.35,1.61,5.0,0.0,1,315.0,78.0,True,8,Chelsea,8,2024-04-23 19:00:00+00:00,1.5768954839451643,1.6742417005972872,2024,2023/24,1.65,-1.61,2.1244274171036275,0.961629374913808
1364,Arsenal,3,2024-04-28 13:00:00+00:00,1.0699999999999998,2.37,2.0,2.0,0,133.0,133.0,False,6,Spurs,6,2024-04-28 13:00:00+00:00,1.5459828739429724,1.6671371671537862,2024,2023/24,0.9300000000000002,-0.3700000000000001,0.6921163345561547,1.4215986822765003
1365,Arsenal,3,2024-05-04 11:30:00+00:00,4.0,0.37,3.0,0.0,1,289.0,52.0,True,91,Bournemouth,91,2024-05-04 11:30:00+00:00,1.5336426772659224,1.4340602103909508,2024,2023/24,-1.0,-0.37,2.6081694643050346,0.2580086926051252
1366,Arsenal,3,2024-05-12 15:30:00+00:00,1.72,0.64,1.0,0.0,1,157.0,88.0,False,1,Man Utd,1,2024-05-12 15:30:00+00:00,1.720822537344849,1.4396754688886555,2024,2023/24,-0.72,-0.64,0.9995220091979281,0.44454463094661345
1367,Arsenal,3,2024-05-19 15:00:00+00:00,2.9,0.5,2.0,1.0,0,274.0,42.0,True,11,Everton,11,2024-05-19 15:00:00+00:00,1.4331212310198995,1.1590084327877168,2024,2023/24,-0.8999999999999999,0.5,2.0235552563380677,0.4314032459603162
1381,Everton,11,2023-12-02 17:30:00+00:00,0.69,0.71,1.0,0.0,1,81.0,114.0,False,17,Nott'm Forest,17,2023-12-02 17:30:00+00:00,1.5873233529395057,1.0767388197493624,2024,2023/24,0.31000000000000005,-0.71,0.43469403932236894,0.6593985347024732
1382,Everton,11,2023-12-07 19:30:00+00:00,3.24,1.58,3.0,0.0,1,258.0,100.0,True,4,Newcastle,4,2023-12-07 19:30:00+00:00,1.102164339891575,1.7683315576769747,2024,2023/24,-0.2400000000000002,-1.58,2.939670503510152,0.8934975984230116
1383,Everton,11,2023-12-10 14:00:00+00:00,1.17,0.93,2.0,0.0,1,97.0,121.0,True,8,Chelsea,8,2023-12-10 14:00:00+00:00,1.4718214176379767,1.502720209837436,2024,2023/24,0.8300000000000001,-0.93,0.7949333974753888,0.618877681894361
1384,Everton,11,2023-12-16 17:30:00+00:00,1.35,0.77,2.0,0.0,1,160.0,99.0,False,90,Burnley,90,2023-12-16 17:30:00+00:00,1.7854740338621775,0.9480481004450804,2024,2023/24,0.6499999999999999,-0.77,0.7561017267105257,0.812195077062554
1385,Everton,11,2023-12-23 15:00:00+00:00,1.96,1.34,1.0,2.0,0,215.0,139.0,False,6,Spurs,6,2023-12-23 15:00:00+00:00,1.533809525348461,1.6072277868808675,2024,2023/24,-0.96,0.6599999999999999,1.277864016103769,0.833733718977399
1386,Everton,11,2023-12-27 20:15:00+00:00,1.01,2.6,1.0,3.0,0,92.0,218.0,True,43,Man City,43,2023-12-27 20:15:00+00:00,0.9703516553852828,1.888746295729188,2024,2023/24,-0.010000000000000009,0.3999999999999999,1.0408597691307846,1.3765745065280026
1387,Everton,11,2023-12-30 15:00:00+00:00,0.46,2.06,0.0,3.0,0,47.0,193.0,False,39,Wolves,39,2023-12-30 15:00:00+00:00,1.5818311771739149,1.092959870266134,2024,2023/24,-0.46,0.94,0.29080220862875633,1.884790151991942
1388,Everton,11,2024-01-14 14:00:00+00:00,1.13,1.11,0.0,0.0,1,88.0,148.0,True,7,Aston Villa,7,2024-01-14 14:00:00+00:00,1.2090418021694167,1.544362389253927,2024,2023/24,-1.13,-1.11,0.9346244257000957,0.7187432222667861
1389,Everton,11,2024-01-30 19:45:00+00:00,2.15,1.71,0.0,0.0,1,143.0,173.0,False,54,Fulham,54,2024-01-30 19:45:00+00:00,1.5551700905721049,1.218207906057613,2024,2023/24,-2.15,-1.71,1.3824854355378409,1.4037012824304627
1390,Everton,11,2024-02-03 12:30:00+00:00,3.2,0.98,2.0,2.0,0,176.0,100.0,True,6,Spurs,6,2024-02-03 12:30:00+00:00,1.5925284743733878,1.6952387033709928,2024,2023/24,-1.2000000000000002,1.02,2.0093832239069407,0.5780896802622921
1391,Everton,11,2024-02-10 12:30:00+00:00,0.32,1.63,0.0,2.0,0,31.0,187.0,False,43,Man City,43,2024-02-10 12:30:00+00:00,0.9700895058417822,1.9407344853582025,2024,2023/24,-0.32,0.3700000000000001,0.3298664690969152,0.8398882033052295
1392,Everton,11,2024-02-19 20:00:00+00:00,1.7000000000000002,0.62,1.0,1.0,0,169.0,94.0,True,31,Crystal Palace,31,2024-02-19 20:00:00+00:00,1.4579711496949552,1.0781657539336194,2024,2023/24,-0.7000000000000002,0.38,1.1660038680159641,0.5750507264193556
1393,Everton,11,2024-02-24 15:00:00+00:00,0.27,1.25,1.0,1.0,0,69.0,208.0,False,36,Brighton,36,2024-02-24 15:00:00+00:00,1.4107125177150408,1.63578920571081,2024,2023/24,0.73,-0.25,0.19139264492904934,0.7641571393404747
1394,Everton,11,2024-03-02 15:00:00+00:00,2.73,1.87,1.0,3.0,0,202.0,143.0,True,21,West Ham,21,2024-03-02 15:00:00+00:00,1.6755689885232643,1.250200760264926,2024,2023/24,-1.73,1.13,1.6292972827135226,1.4957597686980564
1395,Everton,11,2024-03-09 12:30:00+00:00,1.55,2.56,0.0,2.0,0,213.0,210.0,False,1,Man Utd,1,2024-03-09 12:30:00+00:00,1.5644379763853156,1.454679348069408,2024,2023/24,-1.55,-0.56,0.9907711417114311,1.7598380037480625
1396,Everton,11,2024-03-30 15:00:00+00:00,1.12,1.56,1.0,2.0,0,115.0,160.0,False,91,Bournemouth,91,2024-03-30 15:00:00+00:00,1.565462754054347,1.4772162582023534,2024,2023/24,-0.1200000000000001,0.43999999999999995,0.7154434029805846,1.0560403673720646
1397,Everton,11,2024-04-02 18:30:00+00:00,1.41,2.54,1.0,1.0,0,101.0,194.0,False,4,Newcastle,4,2024-04-02 18:30:00+00:00,1.5473437549970206,1.7326080391385217,2024,2023/24,-0.4099999999999999,-1.54,0.9112390155364765,1.4659980460802464
1398,Everton,11,2024-04-06 14:00:00+00:00,0.8300000000000001,0.46,1.0,0.0,1,98.0,96.0,True,90,Burnley,90,2024-04-06 14:00:00+00:00,1.825719402816138,0.9976409105235255,2024,2023/24,0.16999999999999993,-0.46,0.4546153142261295,0.4610877472522742
1399,Everton,11,2024-04-15 19:00:00+00:00,1.41,2.96,0.0,6.0,0,96.0,210.0,False,8,Chelsea,8,2024-04-15 19:00:00+00:00,1.543327750243911,1.6752455418472871,2024,2023/24,-1.41,3.04,0.9136102164800448,1.766905164681721
1400,Everton,11,2024-04-21 12:30:00+00:00,0.44,0.85,2.0,0.0,1,71.0,123.0,True,17,Nott'm Forest,17,2024-04-21 12:30:00+00:00,1.473005946391996,1.1554916006059606,2024,2023/24,1.56,-0.85,0.29870890954496343,0.7356176362980438
1401,Everton,11,2024-04-24 19:00:00+00:00,1.1,2.06,2.0,0.0,1,200.0,231.0,True,14,Liverpool,14,2024-04-24 19:00:00+00:00,1.1371715580063435,2.000853258527693,2024,2023/24,0.8999999999999999,-2.06,0.9673122689847155,1.0295607592511955
1402,Everton,11,2024-04-27 16:30:00+00:00,0.77,0.84,1.0,0.0,1,103.0,125.0,True,94,Brentford,94,2024-04-27 16:30:00+00:00,1.5200197330585403,1.423521144560758,2024,2023/24,0.22999999999999998,-0.84,0.5065723709064145,0.5900860715765417
1403,Everton,11,2024-05-03 19:00:00+00:00,1.4300000000000002,0.96,1.0,1.0,0,118.0,137.0,False,102,Luton,102,2024-05-03 19:00:00+00:00,1.9518978735592984,1.1565155285905389,2024,2023/24,-0.43000000000000016,0.040000000000000036,0.7326202970816224,0.830079645510653
1404,Everton,11,2024-05-11 14:00:00+00:00,2.16,0.64,1.0,0.0,1,163.0,83.0,True,49,Sheffield Utd,49,2024-05-11 14:00:00+00:00,2.05266074722672,1.011317239397306,2024,2023/24,-1.1600000000000001,-0.64,1.052292739030696,0.6328380206209159
1405,Everton,11,2024-05-19 15:00:00+00:00,0.5,2.89,1.0,2.0,0,42.0,274.0,False,3,Arsenal,3,2024-05-19 15:00:00+00:00,0.8148234406155922,1.988620490126368,2024,2023/24,0.5,-0.8900000000000001,0.6136298676216951,1.4532687430050333
1419,Crystal Palace,31,2023-12-03 14:00:00+00:00,0.88,1.26,1.0,1.0,0,82.0,93.0,False,21,West Ham,21,2023-12-03 14:00:00+00:00,1.609424747181557,1.2758608102410447,2024,2023/24,0.12,-0.26,0.546779215083567,0.9875685418709207
1420,Crystal Palace,31,2023-12-06 19:30:00+00:00,0.73,1.74,0.0,2.0,0,109.0,159.0,True,91,Bournemouth,91,2023-12-06 19:30:00+00:00,1.6917151403806443,1.2502406232640957,2024,2023/24,-0.73,0.26,0.4315147287951483,1.3917320935047313
1421,Crystal Palace,31,2023-12-09 12:30:00+00:00,1.7400000000000002,1.46,1.0,2.0,0,103.0,108.0,True,14,Liverpool,14,2023-12-09 12:30:00+00:00,1.2063143933320426,1.870005296052096,2024,2023/24,-0.7400000000000002,0.54,1.4424100463510416,0.7807464519390999
1422,Crystal Palace,31,2023-12-16 15:00:00+00:00,1.82,1.61,2.0,2.0,0,73.0,201.0,False,43,Man City,43,2023-12-16 15:00:00+00:00,0.950897794968616,1.8760020580095136,2024,2023/24,0.17999999999999994,0.3899999999999999,1.9139806713507717,0.8582080137525283
1423,Crystal Palace,31,2023-12-21 20:00:00+00:00,1.36,1.14,1.0,1.0,0,142.0,161.0,True,36,Brighton,36,2023-12-21 20:00:00+00:00,1.4416517863638776,1.6621310015005086,2024,2023/24,-0.3600000000000001,-0.1399999999999999,0.9433623381622417,0.6858665165205698
1424,Crystal Palace,31,2023-12-27 19:30:00+00:00,1.08,2.74,1.0,2.0,0,147.0,98.0,False,8,Chelsea,8,2023-12-27 19:30:00+00:00,1.439210555058772,1.5240191385589354,2024,2023/24,-0.08000000000000007,-0.7400000000000002,0.7504113947773937,1.7978776845222941
1425,Crystal Palace,31,2023-12-30 15:00:00+00:00,1.09,1.4,3.0,1.0,0,168.0,97.0,True,94,Brentford,94,2023-12-30 15:00:00+00:00,1.3832891504950413,1.464011192700333,2024,2023/24,1.91,-0.3999999999999999,0.7879769747416286,0.9562768419944482
1426,Crystal Palace,31,2024-01-20 12:30:00+00:00,0.34,3.31,0.0,5.0,0,67.0,215.0,False,3,Arsenal,3,2024-01-20 12:30:00+00:00,0.9839320017398108,1.8065121540680444,2024,2023/24,-0.34,1.69,0.3455523343064402,1.8322600224672083
1427,Crystal Palace,31,2024-01-30 20:00:00+00:00,1.13,0.78,3.0,2.0,0,127.0,108.0,True,49,Sheffield Utd,49,2024-01-30 20:00:00+00:00,1.9793987654505136,0.8476100344321525,2024,2023/24,1.87,1.22,0.5708804207235173,0.9202345044470277
1428,Crystal Palace,31,2024-02-03 15:00:00+00:00,0.32,1.53,1.0,4.0,0,74.0,157.0,False,36,Brighton,36,2024-02-03 15:00:00+00:00,1.476406298039492,1.6126913720626632,2024,2023/24,0.6799999999999999,2.4699999999999998,0.21674250538278345,0.94872461433405
1429,Crystal Palace,31,2024-02-12 20:00:00+00:00,0.54,1.21,1.0,3.0,0,90.0,145.0,True,8,Chelsea,8,2024-02-12 20:00:00+00:00,1.5073564158849235,1.5447543088334048,2024,2023/24,0.45999999999999996,1.79,0.3582430766269584,0.783296083448888
1430,Crystal Palace,31,2024-02-19 20:00:00+00:00,0.6200000000000001,1.66,1.0,1.0,0,94.0,169.0,False,11,Everton,11,2024-02-19 20:00:00+00:00,1.4199593413473124,1.2822503344804543,2024,2023/24,0.3799999999999999,-0.6599999999999999,0.43663222033647814,1.2945989994010048
1431,Crystal Palace,31,2024-02-24 15:00:00+00:00,2.4,0.1,3.0,0.0,1,220.0,19.0,True,90,Burnley,90,2024-02-24 15:00:00+00:00,1.885950870180653,0.942637757641038,2024,2023/24,0.6000000000000001,-0.1,1.2725676145371203,0.10608529012274151
1432,Crystal Palace,31,2024-03-02 15:00:00+00:00,0.29,1.87,1.0,3.0,0,29.0,176.0,False,6,Spurs,6,2024-03-02 15:00:00+00:00,1.5678167600205606,1.6622665240855057,2024,2023/24,0.71,1.13,0.1849705956684612,1.1249700170848227
1433,Crystal Palace,31,2024-03-09 15:00:00+00:00,2.64,0.83,1.0,1.0,0,182.0,86.0,True,102,Luton,102,2024-03-09 15:00:00+00:00,1.9809292780142835,1.239411085439096,2024,2023/24,-1.6400000000000001,0.17000000000000004,1.3327078504520768,0.6696728871889581
1434,Crystal Palace,31,2024-03-30 15:00:00+00:00,1.2,0.92,1.0,1.0,0,102.0,140.0,False,17,Nott'm Forest,17,2024-03-30 15:00:00+00:00,1.485388564981193,1.1129415524310653,2024,2023/24,-0.19999999999999996,0.07999999999999996,0.807869421032734,0.8266381985562392
1435,Crystal Palace,31,2024-04-02 18:45:00+00:00,0.12,1.22,0.0,1.0,0,56.0,124.0,False,91,Bournemouth,91,2024-04-02 18:45:00+00:00,1.5475552987898564,1.4801148978956844,2024,2023/24,-0.12,-0.21999999999999997,0.07754165559953595,0.8242603339338749
1436,Crystal Palace,31,2024-04-06 11:30:00+00:00,1.07,1.91,2.0,4.0,0,100.0,238.0,True,43,Man City,43,2024-04-06 11:30:00+00:00,0.95078677494551,1.9971036883149915,2024,2023/24,0.9299999999999999,2.09,1.1253837644737141,0.9563849945174938
1437,Crystal Palace,31,2024-04-14 13:00:00+00:00,1.88,2.87,1.0,0.0,1,115.0,255.0,False,14,Liverpool,14,2024-04-14 13:00:00+00:00,1.132175714092294,2.021427285048361,2024,2023/24,-0.8799999999999999,-2.87,1.6605196318905884,1.419788889379386
1438,Crystal Palace,31,2024-04-21 14:00:00+00:00,2.53,1.27,4.0,2.0,0,194.0,58.0,True,21,West Ham,21,2024-04-21 14:00:00+00:00,1.714986627147505,1.2609669814171824,2024,2023/24,1.4700000000000002,0.73,1.47523016211974,1.0071635647213106
1439,Crystal Palace,31,2024-04-24 19:00:00+00:00,0.89,0.42,2.0,0.0,1,166.0,82.0,True,4,Newcastle,4,2024-04-24 19:00:00+00:00,1.4894536237283555,1.7166812924444357,2024,2023/24,1.1099999999999999,-0.42,0.597534549462627,0.24465810971933466
1440,Crystal Palace,31,2024-04-27 14:00:00+00:00,1.02,1.14,1.0,1.0,0,105.0,111.0,False,54,Fulham,54,2024-04-27 14:00:00+00:00,1.4717852569568262,1.4085878698235788,2024,2023/24,-0.020000000000000018,-0.1399999999999999,0.693035886301123,0.8093211821728816
1441,Crystal Palace,31,2024-05-06 19:00:00+00:00,1.47,0.35,4.0,0.0,1,244.0,82.0,True,1,Man Utd,1,2024-05-06 19:00:00+00:00,1.6966301553904712,1.4849038220183073,2024,2023/24,2.5300000000000002,-0.35,0.8664233600526136,0.2357055014676128
1442,Crystal Palace,31,2024-05-11 14:00:00+00:00,2.69,1.62,3.0,1.0,0,124.0,171.0,False,39,Wolves,39,2024-05-11 14:00:00+00:00,1.6198299460917822,1.0772107565753413,2024,2023/24,0.31000000000000005,-0.6200000000000001,1.6606681500673899,1.503883980095306
1443,Crystal Palace,31,2024-05-19 15:00:00+00:00,2.48,1.08,5.0,0.0,1,206.0,66.0,True,7,Aston Villa,7,2024-05-19 15:00:00+00:00,1.5559841912122376,1.5127465241897564,2024,2023/24,2.52,-1.08,1.5938465274945237,0.7139332219444099
1457,West Ham,21,2023-12-03 14:00:00+00:00,1.26,0.88,1.0,1.0,0,93.0,82.0,True,31,Crystal Palace,31,2023-12-03 14:00:00+00:00,1.2577196141334617,1.1145561557585324,2024,2023/24,-0.26,0.12,1.0018131114764475,0.7895519624142215
1458,West Ham,21,2023-12-07 20:15:00+00:00,2.07,1.74,2.0,1.0,0,119.0,236.0,False,6,Spurs,6,2023-12-07 20:15:00+00:00,1.4727390161539764,1.5200808292587664,2024,2023/24,-0.06999999999999984,-0.74,1.405544347840907,1.1446759715063786
1459,West Ham,21,2023-12-10 14:00:00+00:00,1.4,2.34,0.0,5.0,0,92.0,161.0,False,54,Fulham,54,2023-12-10 14:00:00+00:00,1.554242299168688,1.2619248207909557,2024,2023/24,-1.4,2.66,0.9007604546271922,1.8543101470445147
1460,West Ham,21,2023-12-17 14:00:00+00:00,1.14,0.65,3.0,0.0,1,98.0,107.0,True,39,Wolves,39,2023-12-17 14:00:00+00:00,1.609607580966797,1.0242745541219398,2024,2023/24,1.86,-0.65,0.7082471612834159,0.6345954777302977
1461,West Ham,21,2023-12-23 12:30:00+00:00,1.34,0.91,2.0,0.0,1,154.0,107.0,True,1,Man Utd,1,2023-12-23 12:30:00+00:00,1.4305550025661753,1.413176553891022,2024,2023/24,0.6599999999999999,-0.91,0.9366993912126869,0.6439393559809763
1462,West Ham,21,2023-12-28 20:15:00+00:00,1.47,2.68,2.0,0.0,1,112.0,311.0,False,3,Arsenal,3,2023-12-28 20:15:00+00:00,0.9474041061534524,1.8006845030976928,2024,2023/24,0.53,-2.68,1.5516082212988658,1.4883229101986677
1463,West Ham,21,2024-01-02 19:30:00+00:00,0.69,2.48,0.0,0.0,1,67.0,219.0,True,36,Brighton,36,2024-01-02 19:30:00+00:00,1.4732317056881767,1.6927075565877878,2024,2023/24,-0.69,-2.48,0.4683580982787,1.4651083646127632
1464,West Ham,21,2024-01-21 14:00:00+00:00,2.28,3.02,2.0,2.0,0,183.0,185.0,False,49,Sheffield Utd,49,2024-01-21 14:00:00+00:00,1.993570839718676,0.8135674550808267,2024,2023/24,-0.2799999999999998,-1.02,1.1436764395699845,3.7120462244891144
1465,West Ham,21,2024-02-01 19:30:00+00:00,1.32,1.17,1.0,1.0,0,84.0,132.0,True,91,Bournemouth,91,2024-02-01 19:30:00+00:00,1.6152565034703164,1.359178707569109,2024,2023/24,-0.32000000000000006,-0.16999999999999993,0.817207667738239,0.8608139558723258
1466,West Ham,21,2024-02-04 14:00:00+00:00,1.6800000000000002,0.8,0.0,3.0,0,124.0,132.0,False,1,Man Utd,1,2024-02-04 14:00:00+00:00,1.4659023579058237,1.3889640895988853,2024,2023/24,-1.6800000000000002,2.2,1.1460517755084552,0.5759688144500766
1467,West Ham,21,2024-02-11 14:00:00+00:00,0.21,3.66,0.0,6.0,0,54.0,334.0,True,3,Arsenal,3,2024-02-11 14:00:00+00:00,0.9081224794543328,1.8729144532797608,2024,2023/24,-0.21,2.34,0.23124634039032219,1.9541736108612853
1468,West Ham,21,2024-02-17 15:00:00+00:00,0.56,3.97,0.0,2.0,0,90.0,211.0,False,17,Nott'm Forest,17,2024-02-17 15:00:00+00:00,1.5245010968043666,1.1166866384025012,2024,2023/24,-0.56,-1.9700000000000002,0.3673332877056386,3.555160296069598
1469,West Ham,21,2024-02-26 20:00:00+00:00,1.51,1.12,4.0,2.0,0,148.0,168.0,True,94,Brentford,94,2024-02-26 20:00:00+00:00,1.5574199475936066,1.446769496612582,2024,2023/24,2.49,0.8799999999999999,0.9695522407640432,0.77413852215044
1470,West Ham,21,2024-03-02 15:00:00+00:00,1.88,2.73,3.0,1.0,0,143.0,202.0,False,11,Everton,11,2024-03-02 15:00:00+00:00,1.389499796291558,1.258575921466385,2024,2023/24,1.12,-1.73,1.353004876299759,2.1691182497907935
1471,West Ham,21,2024-03-10 14:00:00+00:00,1.81,0.65,2.0,2.0,0,166.0,98.0,True,90,Burnley,90,2024-03-10 14:00:00+00:00,1.86389634254222,0.935925264922605,2024,2023/24,0.18999999999999995,1.35,0.971084045119854,0.694499896905498
1472,West Ham,21,2024-03-17 14:00:00+00:00,2.04,0.63,1.0,1.0,0,126.0,140.0,True,7,Aston Villa,7,2024-03-17 14:00:00+00:00,1.4088084756277777,1.6291000312863937,2024,2023/24,-1.04,0.37,1.4480321742037772,0.38671658455652363
1473,West Ham,21,2024-03-30 12:30:00+00:00,1.41,4.07,3.0,4.0,0,121.0,257.0,False,4,Newcastle,4,2024-03-30 12:30:00+00:00,1.5367017022470206,1.7025643379926878,2024,2023/24,1.59,-0.07000000000000028,0.9175495790355715,2.3905117176355892
1474,West Ham,21,2024-04-02 19:15:00+00:00,1.16,0.96,1.0,1.0,0,120.0,187.0,True,6,Spurs,6,2024-04-02 19:15:00+00:00,1.5219343339401528,1.688861696850566,2024,2023/24,-0.15999999999999992,0.040000000000000036,0.7621879434159705,0.5684302046699462
1475,West Ham,21,2024-04-06 14:00:00+00:00,1.14,1.5,2.0,1.0,0,98.0,141.0,False,39,Wolves,39,2024-04-06 14:00:00+00:00,1.5464734587723417,1.122416413092012,2024,2023/24,0.8600000000000001,-0.5,0.7371610508627686,1.3364024104635353
1476,West Ham,21,2024-04-14 13:00:00+00:00,0.94,3.29,0.0,2.0,0,139.0,237.0,True,54,Fulham,54,2024-04-14 13:00:00+00:00,1.5108600581059148,1.4157808067038282,2024,2023/24,-0.94,-1.29,0.6221621883223442,2.323806047109555
1477,West Ham,21,2024-04-21 14:00:00+00:00,1.26,2.47,1.0,5.0,0,58.0,194.0,False,31,Crystal Palace,31,2024-04-21 14:00:00+00:00,1.4575802907355802,1.149663270582448,2024,2023/24,-0.26,2.53,0.8644463759619927,2.148455172225026
1478,West Ham,21,2024-04-27 11:30:00+00:00,0.7,1.75,2.0,2.0,0,152.0,271.0,True,14,Liverpool,14,2024-04-27 11:30:00+00:00,1.1492542855433874,1.994264310921942,2024,2023/24,1.3,0.25,0.6090906153715387,0.8775165811351158
1479,West Ham,21,2024-05-05 13:00:00+00:00,1.05,4.13,0.0,5.0,0,75.0,308.0,False,8,Chelsea,8,2024-05-05 13:00:00+00:00,1.5480587050026944,1.7061068467540363,2024,2023/24,-1.05,0.8700000000000001,0.6782688515666934,2.420715916976452
1480,West Ham,21,2024-05-11 14:00:00+00:00,3.28,0.42,3.0,1.0,0,233.0,69.0,True,102,Luton,102,2024-05-11 14:00:00+00:00,1.9734712523624207,1.140762035307998,2024,2023/24,-0.2799999999999998,0.5800000000000001,1.6620459994406038,0.36817494534397166
1481,West Ham,21,2024-05-19 15:00:00+00:00,0.36,2.01,1.0,3.0,0,46.0,276.0,False,43,Man City,43,2024-05-19 15:00:00+00:00,0.8794256156366207,2.128664587928937,2024,2023/24,0.64,0.9900000000000002,0.4093581010139148,0.9442539756606789
1495,Fulham,54,2023-12-03 14:00:00+00:00,1.23,2.22,3.0,4.0,0,164.0,254.0,False,14,Liverpool,14,2023-12-03 14:00:00+00:00,1.2157971012322406,1.871318228631216,2024,2023/24,1.77,1.7799999999999998,1.0116819646578894,1.1863294901069974
1496,Fulham,54,2023-12-06 19:30:00+00:00,2.52,0.29,5.0,0.0,1,169.0,41.0,True,17,Nott'm Forest,17,2023-12-06 19:30:00+00:00,1.5779817516011223,1.0513842975943943,2024,2023/24,2.48,-0.29,1.5969766427546106,0.2758268319809708
1497,Fulham,54,2023-12-10 14:00:00+00:00,2.34,1.39,5.0,0.0,1,161.0,92.0,True,21,West Ham,21,2023-12-10 14:00:00+00:00,1.6206838031523647,1.2864328726609848,2024,2023/24,2.66,-1.39,1.443835000663612,1.0805072145931616
1498,Fulham,54,2023-12-16 15:00:00+00:00,0.3,7.82,0.0,3.0,0,67.0,360.0,False,4,Newcastle,4,2023-12-16 15:00:00+00:00,1.194632562766575,1.7608962119462097,2024,2023/24,-0.3,-4.82,0.25112324019131765,4.440920451158809
1499,Fulham,54,2023-12-23 15:00:00+00:00,1.36,0.41,0.0,2.0,0,193.0,55.0,True,90,Burnley,90,2023-12-23 15:00:00+00:00,1.770730945815548,0.9363094434825376,2024,2023/24,-1.36,1.59,0.7680444074317699,0.4378894209109262
1500,Fulham,54,2023-12-26 15:00:00+00:00,0.28,1.82,0.0,3.0,0,83.0,127.0,False,91,Bournemouth,91,2023-12-26 15:00:00+00:00,1.6006661705484533,1.3535148581783516,2024,2023/24,-0.28,1.18,0.17492716792037946,1.3446472264438047
1501,Fulham,54,2023-12-31 14:00:00+00:00,1.36,1.64,2.0,1.0,0,115.0,125.0,True,3,Arsenal,3,2023-12-31 14:00:00+00:00,0.9741008307248348,1.7958909481061571,2024,2023/24,0.6399999999999999,-0.6399999999999999,1.3961593678018067,0.913195760427129
1502,Fulham,54,2024-01-13 12:30:00+00:00,0.85,2.19,0.0,1.0,0,122.0,160.0,False,8,Chelsea,8,2024-01-13 12:30:00+00:00,1.439424464365076,1.542124845123609,2024,2023/24,-0.85,-1.19,0.5905137928685485,1.4201184858184817
1503,Fulham,54,2024-01-30 19:45:00+00:00,1.71,2.15,0.0,0.0,1,173.0,143.0,True,11,Everton,11,2024-01-30 19:45:00+00:00,1.4336032729071335,1.2758929861848065,2024,2023/24,-1.71,-2.15,1.1927986161278603,1.6850943012305137
1504,Fulham,54,2024-02-03 15:00:00+00:00,1.28,1.68,2.0,2.0,0,184.0,118.0,False,90,Burnley,90,2024-02-03 15:00:00+00:00,1.7872498647558128,0.9510013305601092,2024,2023/24,0.72,0.32000000000000006,0.7161841358845944,1.7665590425730888
1505,Fulham,54,2024-02-10 15:00:00+00:00,1.54,1.84,3.0,1.0,0,185.0,217.0,True,91,Bournemouth,91,2024-02-10 15:00:00+00:00,1.585227712081107,1.328079490701508,2024,2023/24,1.46,-0.8400000000000001,0.9714692648025113,1.3854592386093465
1506,Fulham,54,2024-02-17 15:00:00+00:00,1.36,1.65,1.0,2.0,0,152.0,99.0,True,7,Aston Villa,7,2024-02-17 15:00:00+00:00,1.2672126498563008,1.5989309778895264,2024,2023/24,-0.3600000000000001,0.3500000000000001,1.0732216097702474,1.0319394788247087
1507,Fulham,54,2024-02-24 15:00:00+00:00,1.1,1.67,2.0,1.0,0,133.0,206.0,False,1,Man Utd,1,2024-02-24 15:00:00+00:00,1.4956520483916145,1.466499947551832,2024,2023/24,0.8999999999999999,-0.6699999999999999,0.7354651780024047,1.1387658095643916
1508,Fulham,54,2024-03-02 15:00:00+00:00,1.24,1.17,3.0,0.0,1,113.0,161.0,True,36,Brighton,36,2024-03-02 15:00:00+00:00,1.3863480808594093,1.6095517398549728,2024,2023/24,1.76,-1.17,0.8944362654084054,0.7269104627263624
1509,Fulham,54,2024-03-09 15:00:00+00:00,2.76,0.83,1.0,2.0,0,217.0,97.0,False,39,Wolves,39,2024-03-09 15:00:00+00:00,1.5770165120279134,1.1761087525635947,2024,2023/24,-1.7599999999999998,1.17,1.750140203954407,0.705717050562567
1510,Fulham,54,2024-03-16 17:30:00+00:00,2.9,2.37,3.0,0.0,1,243.0,160.0,True,6,Spurs,6,2024-03-16 17:30:00+00:00,1.545635652421783,1.6926628807704018,2024,2023/24,0.10000000000000009,-2.37,1.8762507163031132,1.4001606740033867
1511,Fulham,54,2024-03-30 15:00:00+00:00,1.35,1.87,3.0,3.0,0,226.0,120.0,False,49,Sheffield Utd,49,2024-03-30 15:00:00+00:00,2.058478767168801,0.90363843164102,2024,2023/24,1.65,1.13,0.6558241073609754,2.0694117630699416
1512,Fulham,54,2024-04-02 18:30:00+00:00,1.49,1.51,1.0,3.0,0,141.0,116.0,False,17,Nott'm Forest,17,2024-04-02 18:30:00+00:00,1.4771591096579586,1.129835106264396,2024,2023/24,-0.49,1.49,1.0086929635799455,1.3364782096323358
1513,Fulham,54,2024-04-06 14:00:00+00:00,1.28,0.59,0.0,1.0,0,175.0,129.0,True,4,Newcastle,4,2024-04-06 14:00:00+00:00,1.5359828753146023,1.6928379657264518,2024,2023/24,-1.28,0.41000000000000003,0.8333426241733513,0.34852715495827846
1514,Fulham,54,2024-04-14 13:00:00+00:00,3.28,0.93,2.0,0.0,1,237.0,139.0,False,21,West Ham,21,2024-04-14 13:00:00+00:00,1.6775437864808382,1.2827217083580202,2024,2023/24,-1.2799999999999998,-0.93,1.9552395749268663,0.7250208630135914
1515,Fulham,54,2024-04-21 15:30:00+00:00,0.7999999999999999,1.02,1.0,3.0,0,136.0,144.0,True,14,Liverpool,14,2024-04-21 15:30:00+00:00,1.1338352577051822,2.0138280621758344,2024,2023/24,0.20000000000000007,1.98,0.7055698740742585,0.5064980566900752
1516,Fulham,54,2024-04-27 14:00:00+00:00,1.14,1.01,1.0,1.0,0,111.0,105.0,True,31,Crystal Palace,31,2024-04-27 14:00:00+00:00,1.4080221296397195,1.1533872546579762,2024,2023/24,-0.1399999999999999,-0.010000000000000009,0.80964636563752,0.8756816029664763
1517,Fulham,54,2024-05-04 14:00:00+00:00,1.19,0.63,0.0,0.0,1,133.0,101.0,False,94,Brentford,94,2024-05-04 14:00:00+00:00,1.4885211415910402,1.403328218587108,2024,2023/24,-1.19,-0.63,0.7994511913536149,0.4489327526202626
1518,Fulham,54,2024-05-11 11:30:00+00:00,0.12,4.04,0.0,4.0,0,27.0,222.0,True,43,Man City,43,2024-05-11 11:30:00+00:00,0.8891351742653745,2.092693129653808,2024,2023/24,-0.12,-0.040000000000000036,0.13496260576930497,1.9305267183002284
1519,Fulham,54,2024-05-19 15:00:00+00:00,1.06,2.11,4.0,2.0,0,144.0,137.0,False,102,Luton,102,2024-05-19 15:00:00+00:00,1.9950615118207544,1.1499165665471969,2024,2023/24,2.94,-0.10999999999999988,0.5313119388647879,1.8349157333523793
1520,Arsenal,3,2024-08-17 14:00:00+00:00,1.26,1.3,2.0,1.0,0,203.0,91.0,True,39,Wolves,39,2024-08-17 14:00:00+00:00,1.7105909377167825,1.0421520452729287,2025,2024/25,0.74,-0.30000000000000004,0.7365875570940353,1.247418748441398
1521,Arsenal,3,2024-08-24 16:30:00+00:00,0.87,1.28,2.0,0.0,1,133.0,96.0,False,7,Aston Villa,7,2024-08-24 16:30:00+00:00,1.5801798801214808,1.501937500412477,2025,2024/25,1.13,-1.28,0.5505702299747774,0.8522325327441879
1522,Arsenal,3,2024-08-31 11:30:00+00:00,2.12,1.83,1.0,1.0,0,188.0,164.0,True,36,Brighton,36,2024-08-31 11:30:00+00:00,1.3922863013543918,1.3923933383544131,2025,2024/25,-1.12,-0.8300000000000001,1.5226753275800395,1.3142837943786547
1523,Arsenal,3,2024-09-15 13:00:00+00:00,0.7300000000000001,0.74,1.0,0.0,1,131.0,147.0,False,6,Spurs,6,2024-09-15 13:00:00+00:00,1.4779271728654757,1.657575511332979,2025,2024/25,0.2699999999999999,-0.74,0.4939350283306865,0.4464351668690564
1524,Arsenal,3,2024-09-22 15:30:00+00:00,0.65,2.16,2.0,2.0,0,78.0,325.0,False,43,Man City,43,2024-09-22 15:30:00+00:00,0.855941113797932,2.126960800104959,2025,2024/25,1.35,-0.16000000000000014,0.7593980351240027,1.0155335255324924
1525,Arsenal,3,2024-09-28 14:00:00+00:00,4.83,0.32,3.0,2.0,0,493.0,72.0,True,13,Leicester,13,2024-09-28 14:00:00+00:00,1.6966393460917488,1.1802694412072112,2025,2024/25,-1.83,1.68,2.846804190369642,0.27112453210064935
1526,Arsenal,3,2024-10-05 14:00:00+00:00,2.87,0.65,3.0,1.0,0,307.0,56.0,True,20,Southampton,20,2024-10-05 14:00:00+00:00,1.816573578312348,0.9750869576765596,2025,2024/25,0.1299999999999999,0.35,1.5798974697552945,0.6666072137287347
1527,Arsenal,3,2024-10-19 16:30:00+00:00,0.6799999999999999,1.82,0.0,2.0,0,71.0,137.0,False,91,Bournemouth,91,2024-10-19 16:30:00+00:00,1.4627997767697778,1.4424305912536584,2025,2024/25,-0.6799999999999999,0.17999999999999994,0.46486197960845155,1.2617591522502203
1528,Arsenal,3,2024-10-27 16:30:00+00:00,1.04,0.85,2.0,2.0,0,117.0,136.0,True,14,Liverpool,14,2024-10-27 16:30:00+00:00,1.080492742938009,1.967060517571925,2025,2024/25,0.96,1.15,0.9625238177649361,0.43211685273883294
1529,Arsenal,3,2024-11-02 12:30:00+00:00,1.07,0.53,0.0,1.0,0,92.0,114.0,False,4,Newcastle,4,2024-11-02 12:30:00+00:00,1.3814420806253227,1.663107190368348,2025,2024/25,-1.07,0.47,0.7745529219116117,0.3186806016289393
1530,Arsenal,3,2024-11-10 16:30:00+00:00,1.0,1.28,1.0,1.0,0,123.0,109.0,False,8,Chelsea,8,2024-11-10 16:30:00+00:00,1.4149321285704983,1.6661988994350203,2025,2024/25,0.0,-0.28,0.7067476805479688,0.7682156076528596
1531,Arsenal,3,2024-11-23 15:00:00+00:00,1.2,0.33,3.0,0.0,1,206.0,42.0,True,17,Nott'm Forest,17,2024-11-23 15:00:00+00:00,1.3367359438231494,1.2360979409781907,2025,2024/25,1.8,-0.33,0.8977090842398716,0.26696913655470805
1532,Arsenal,3,2024-11-30 17:30:00+00:00,3.62,1.54,5.0,2.0,0,234.0,125.0,False,21,West Ham,21,2024-11-30 17:30:00+00:00,1.726116730277449,1.251068869789894,2025,2024/25,1.38,0.45999999999999996,2.0971930440753774,1.2309474219901495
1533,Arsenal,3,2024-12-04 20:15:00+00:00,2.15,0.22,2.0,0.0,1,246.0,46.0,True,1,Man Utd,1,2024-12-04 20:15:00+00:00,1.4816045163888076,1.3584249549529024,2025,2024/25,-0.1499999999999999,-0.22,1.4511294857822838,0.1619522662609121
1534,Arsenal,3,2024-12-08 14:00:00+00:00,2.01,0.16,1.0,1.0,0,166.0,36.0,False,54,Fulham,54,2024-12-08 14:00:00+00:00,1.3580783255154494,1.3303990954998366,2025,2024/25,-1.0099999999999998,0.84,1.480032456329143,0.12026466384501511
1535,Arsenal,3,2024-12-14 15:00:00+00:00,1.22,0.09,0.0,0.0,1,208.0,21.0,True,11,Everton,11,2024-12-14 15:00:00+00:00,1.3680900124365452,1.0366106768559336,2025,2024/25,-1.22,-0.09,0.8917541893513283,0.08682140943499857
1536,Arsenal,3,2024-12-21 17:30:00+00:00,3.02,1.59,5.0,1.0,0,216.0,138.0,False,31,Crystal Palace,31,2024-12-21 17:30:00+00:00,1.364908431044144,1.2807431969445546,2025,2024/25,1.98,-0.5900000000000001,2.212602641548433,1.241466676374494
1537,Arsenal,3,2024-12-27 20:15:00+00:00,1.94,0.16,1.0,0.0,1,184.0,16.0,True,40,Ipswich,40,2024-12-27 20:15:00+00:00,1.850310215092425,0.8967337236025501,2025,2024/25,-0.94,-0.16,1.0484728367038143,0.17842531822848576
1538,Arsenal,3,2024-12-27 20:15:00+00:00,1.94,0.16,1.0,0.0,1,184.0,16.0,True,40,Ipswich Town,40,2024-12-27 20:15:00+00:00,1.850310215092425,0.8967337236025501,2025,2024/25,-0.94,-0.16,1.0484728367038143,0.17842531822848576
1539,Arsenal,3,2025-01-01 17:30:00+00:00,2.04,0.29,3.0,1.0,0,202.0,57.0,False,94,Brentford,94,2025-01-01 17:30:00+00:00,1.614713163177343,1.3759253814687848,2025,2024/25,0.96,0.71,1.2633822814609383,0.21076724356260385
1540,Arsenal,3,2025-01-04 17:30:00+00:00,0.87,1.52,1.0,1.0,0,98.0,117.0,False,36,Brighton,36,2025-01-04 17:30:00+00:00,1.4406720080604734,1.3459556788592448,2025,2024/25,0.13,-0.52,0.6038848503562242,1.1293091027248872
1541,Arsenal,3,2025-01-15 20:00:00+00:00,1.4500000000000002,0.78,1.0,1.0,0,173.0,104.0,True,6,Spurs,6,2025-01-15 20:00:00+00:00,1.528770059544237,1.6410561524966467,2025,2024/25,-0.4500000000000002,0.21999999999999997,0.9484748808020742,0.4753036627133902
1542,Arsenal,3,2025-01-18 17:30:00+00:00,1.35,1.04,2.0,2.0,0,211.0,103.0,True,7,Aston Villa,7,2025-01-18 17:30:00+00:00,1.384463641242517,1.415873983441264,2025,2024/25,0.6499999999999999,0.96,0.9751068643365839,0.7345286460256111
1543,Arsenal,3,2025-01-25 15:00:00+00:00,1.0,0.74,1.0,0.0,1,100.0,69.0,False,39,Wolves,39,2025-01-25 15:00:00+00:00,1.707353945814265,1.0594272285929998,2025,2024/25,0.0,-0.74,0.5857016364132298,0.6984906372311919
1544,Arsenal,3,2025-02-02 16:30:00+00:00,1.0,0.81,5.0,1.0,0,130.0,122.0,True,43,Man City,43,2025-02-02 16:30:00+00:00,1.1981814239704327,1.8737764504378205,2025,2024/25,4.0,0.18999999999999995,0.8345981501584996,0.4322820898996452
1545,Arsenal,3,2025-02-15 12:30:00+00:00,1.37,0.22,2.0,0.0,1,169.0,77.0,False,13,Leicester,13,2025-02-15 12:30:00+00:00,1.841621446661608,1.0385432825131824,2025,2024/25,0.6299999999999999,-0.22,0.7439096685605296,0.2118351769293809
1546,Arsenal,3,2025-02-22 15:00:00+00:00,1.24,1.07,0.0,1.0,0,153.0,74.0,True,21,West Ham,21,2025-02-22 15:00:00+00:00,1.6825985860067705,1.203470523047259,2025,2024/25,-1.24,-0.07000000000000006,0.736955332253566,0.8890953118574905
1547,Arsenal,3,2025-02-26 19:30:00+00:00,0.99,0.4,0.0,0.0,1,130.0,64.0,False,17,Nott'm Forest,17,2025-02-26 19:30:00+00:00,1.4281732266720728,1.302473661067613,2025,2024/25,-0.99,-0.4,0.6931932216002232,0.30710793773144524
1548,Arsenal,3,2025-03-09 16:30:00+00:00,1.67,1.52,1.0,1.0,0,166.0,132.0,False,1,Man Utd,1,2025-03-09 16:30:00+00:00,1.4837230467135751,1.2592739355632987,2025,2024/25,-0.6699999999999999,-0.52,1.125546983784491,1.2070447557703743
1549,Arsenal,3,2025-03-16 13:30:00+00:00,0.72,0.36,1.0,0.0,1,148.0,60.0,True,8,Chelsea,8,2025-03-16 13:30:00+00:00,1.3488203960919225,1.6702069977270444,2025,2024/25,0.28,-0.36,0.5337997572442786,0.2155421456681224
1550,Arsenal,3,2025-04-01 18:45:00+00:00,2.3800000000000003,0.99,2.0,1.0,0,183.0,91.0,True,54,Fulham,54,2025-04-01 18:45:00+00:00,1.2582786084666064,1.311299880965315,2025,2024/25,-0.38000000000000034,0.010000000000000009,1.8914729885620267,0.7549760465708351
1551,Arsenal,3,2025-04-05 11:30:00+00:00,1.83,1.09,1.0,1.0,0,185.0,73.0,False,11,Everton,11,2025-04-05 11:30:00+00:00,1.2386986607826715,1.0466158978346658,2025,2024/25,-0.8300000000000001,-0.09000000000000008,1.4773568890788296,1.0414517897684252
1552,Arsenal,3,2025-04-12 16:30:00+00:00,0.96,0.24,1.0,1.0,0,136.0,64.0,True,94,Brentford,94,2025-04-12 16:30:00+00:00,1.4470620280987907,1.3904898575550018,2025,2024/25,0.040000000000000036,0.76,0.663413164991474,0.17260104321940847
1553,Arsenal,3,2025-04-20 13:00:00+00:00,2.53,0.17,4.0,0.0,1,279.0,18.0,False,40,Ipswich,40,2025-04-20 13:00:00+00:00,1.896744152352479,0.942762286813332,2025,2024/25,1.4700000000000002,-0.17,1.3338646632241418,0.18032117149554605
1554,Arsenal,3,2025-04-20 13:00:00+00:00,2.53,0.17,4.0,0.0,1,279.0,18.0,False,40,Ipswich Town,40,2025-04-20 13:00:00+00:00,1.896744152352479,0.942762286813332,2025,2024/25,1.4700000000000002,-0.17,1.3338646632241418,0.18032117149554605
1555,Arsenal,3,2025-04-23 19:00:00+00:00,1.36,1.75,2.0,2.0,0,120.0,151.0,True,31,Crystal Palace,31,2025-04-23 19:00:00+00:00,1.3107229912098777,1.3141344572488711,2025,2024/25,0.6399999999999999,0.25,1.037595288341312,1.3316749974455502
1556,Arsenal,3,2025-05-03 16:30:00+00:00,1.42,0.97,1.0,2.0,0,145.0,95.0,True,91,Bournemouth,91,2025-05-03 16:30:00+00:00,1.3485112202823248,1.504215215398693,2025,2024/25,-0.41999999999999993,1.03,1.0530131144943,0.6448545328288685
1557,Arsenal,3,2025-05-11 15:30:00+00:00,2.3200000000000003,2.56,2.0,2.0,0,183.0,187.0,False,14,Liverpool,14,2025-05-11 15:30:00+00:00,1.0654757825796808,1.952650451729138,2025,2024/25,-0.3200000000000003,-0.56,2.1774310011842064,1.3110385413492893
1558,Arsenal,3,2025-05-18 15:30:00+00:00,0.65,1.86,1.0,0.0,1,145.0,190.0,True,4,Newcastle,4,2025-05-18 15:30:00+00:00,1.2118212865648332,1.730636199563088,2025,2024/25,0.35,-1.86,0.5363827217811664,1.0747492745555485
1559,Arsenal,3,2025-05-25 15:00:00+00:00,2.23,0.63,2.0,1.0,0,225.0,91.0,False,20,Southampton,20,2025-05-25 15:00:00+00:00,1.976919623401092,0.777380597893773,2025,2024/25,-0.22999999999999998,0.37,1.128017534756172,0.8104138458136407
1560,Aston Villa,7,2024-08-17 16:30:00+00:00,2.03,2.46,2.0,1.0,0,128.0,132.0,False,21,West Ham,21,2024-08-17 16:30:00+00:00,1.789004429823965,1.2506377184134252,2025,2024/25,-0.029999999999999805,-1.46,1.134709319976222,1.9669964880963187
1561,Aston Villa,7,2024-08-24 16:30:00+00:00,1.28,0.87,0.0,2.0,0,96.0,133.0,True,3,Arsenal,3,2024-08-24 16:30:00+00:00,0.8198246676496916,1.959425019787302,2025,2024/25,-1.28,1.13,1.5613094488478356,0.4440078039293586
1562,Aston Villa,7,2024-08-31 14:00:00+00:00,1.55,0.45,2.0,1.0,0,142.0,77.0,False,13,Leicester,13,2024-08-31 14:00:00+00:00,1.6562847693688911,1.2308074154087745,2025,2024/25,0.44999999999999996,0.55,0.9358294108993167,0.36561365682912017
1563,Aston Villa,7,2024-09-14 16:30:00+00:00,2.12,0.9,3.0,2.0,0,195.0,80.0,True,11,Everton,11,2024-09-14 16:30:00+00:00,1.5585938383410074,1.1426264883432415,2025,2024/25,0.8799999999999999,1.1,1.3602004241570482,0.7876589674592269
1564,Aston Villa,7,2024-09-21 14:00:00+00:00,1.7300000000000002,0.51,3.0,1.0,0,143.0,106.0,True,39,Wolves,39,2024-09-21 14:00:00+00:00,1.712578549943646,0.9940316471779388,2025,2024/25,1.2699999999999998,0.49,1.0101726429172708,0.5130621358463715
1565,Aston Villa,7,2024-09-29 13:00:00+00:00,0.8300000000000001,1.18,2.0,2.0,0,95.0,124.0,False,40,Ipswich,40,2024-09-29 13:00:00+00:00,1.832351112116524,0.8128030723520265,2025,2024/25,1.17,0.8200000000000001,0.4529699545636089,1.4517661659243086
1566,Aston Villa,7,2024-09-29 13:00:00+00:00,0.8300000000000001,1.18,2.0,2.0,0,95.0,124.0,False,40,Ipswich Town,40,2024-09-29 13:00:00+00:00,1.832351112116524,0.8128030723520265,2025,2024/25,1.17,0.8200000000000001,0.4529699545636089,1.4517661659243086
1567,Aston Villa,7,2024-10-06 13:00:00+00:00,0.42,0.52,0.0,0.0,1,74.0,76.0,True,1,Man Utd,1,2024-10-06 13:00:00+00:00,1.6422037950707566,1.4236987312447762,2025,2024/25,-0.42,-0.52,0.2557538846644205,0.36524581260626027
1568,Aston Villa,7,2024-10-19 14:00:00+00:00,1.67,1.78,2.0,1.0,0,146.0,129.0,False,54,Fulham,54,2024-10-19 14:00:00+00:00,1.4224411392400524,1.3627190714726451,2025,2024/25,0.33000000000000007,-0.78,1.1740380349883632,1.306211997221418
1569,Aston Villa,7,2024-10-26 14:00:00+00:00,1.82,0.31,1.0,1.0,0,261.0,78.0,True,91,Bournemouth,91,2024-10-26 14:00:00+00:00,1.4558439109364445,1.4387343529724084,2025,2024/25,-0.8200000000000001,0.69,1.2501340194013786,0.215467156504287
1570,Aston Villa,7,2024-11-03 14:00:00+00:00,1.85,2.44,1.0,4.0,0,81.0,152.0,False,6,Spurs,6,2024-11-03 14:00:00+00:00,1.3966694125791406,1.7213681783100747,2025,2024/25,-0.8500000000000001,1.56,1.324579734715979,1.4174771154393189
1571,Aston Villa,7,2024-11-09 20:00:00+00:00,1.38,2.02,0.0,2.0,0,148.0,156.0,False,14,Liverpool,14,2024-11-09 20:00:00+00:00,1.0840319896352577,1.954367258242928,2025,2024/25,-1.38,-0.020000000000000018,1.2730251627208216,1.033582604027085
1572,Aston Villa,7,2024-11-23 15:00:00+00:00,3.12,1.26,2.0,2.0,0,239.0,137.0,True,31,Crystal Palace,31,2024-11-23 15:00:00+00:00,1.394745541118596,1.2054376151155552,2025,2024/25,-1.12,0.74,2.2369671800475786,1.0452635492706226
1573,Aston Villa,7,2024-12-01 13:30:00+00:00,1.18,1.61,0.0,3.0,0,105.0,177.0,False,8,Chelsea,8,2024-12-01 13:30:00+00:00,1.3670491409437866,1.6991489458264302,2025,2024/25,-1.18,1.39,0.863173067198849,0.9475331776855678
1574,Aston Villa,7,2024-12-04 20:15:00+00:00,2.45,1.03,3.0,1.0,0,254.0,89.0,True,94,Brentford,94,2024-12-04 20:15:00+00:00,1.591335402998391,1.449943374385848,2025,2024/25,0.5499999999999998,-0.030000000000000027,1.5395874404501495,0.7103725691606934
1575,Aston Villa,7,2024-12-07 15:00:00+00:00,2.28,0.33,1.0,0.0,1,176.0,58.0,True,20,Southampton,20,2024-12-07 15:00:00+00:00,1.9336367858636283,0.9647555443247248,2025,2024/25,-1.2799999999999998,-0.33,1.1791252714411273,0.3420555620968021
1576,Aston Villa,7,2024-12-14 17:30:00+00:00,0.42,1.78,1.0,2.0,0,112.0,214.0,False,17,Nott'm Forest,17,2024-12-14 17:30:00+00:00,1.3433634203893172,1.226332114472739,2025,2024/25,0.5800000000000001,0.21999999999999997,0.31264808437189745,1.4514828234481245
1577,Aston Villa,7,2024-12-21 12:30:00+00:00,1.67,1.03,2.0,1.0,0,147.0,121.0,True,43,Man City,43,2024-12-21 12:30:00+00:00,1.1444881430543168,1.8872493879003045,2025,2024/25,0.33000000000000007,-0.030000000000000027,1.4591675852082135,0.5457678283557141
1578,Aston Villa,7,2024-12-26 15:00:00+00:00,0.36,2.76,0.0,3.0,0,34.0,250.0,False,4,Newcastle,4,2024-12-26 15:00:00+00:00,1.2756627460360035,1.7079935656698084,2025,2024/25,-0.36,0.2400000000000002,0.2822062501383415,1.6159311460389698
1579,Aston Villa,7,2024-12-30 19:45:00+00:00,1.78,1.13,2.0,2.0,0,192.0,115.0,True,36,Brighton,36,2024-12-30 19:45:00+00:00,1.4410676831829488,1.3436381181621522,2025,2024/25,0.21999999999999997,0.8700000000000001,1.235195279702919,0.8410002549984443
1580,Aston Villa,7,2025-01-04 15:00:00+00:00,1.55,0.41,2.0,1.0,0,139.0,67.0,True,13,Leicester,13,2025-01-04 15:00:00+00:00,1.8580196098805024,1.0899887128787618,2025,2024/25,0.44999999999999996,0.5900000000000001,0.8342215506001508,0.37615068409025243
1581,Aston Villa,7,2025-01-15 19:30:00+00:00,1.22,1.14,1.0,0.0,1,93.0,73.0,False,11,Everton,11,2025-01-15 19:30:00+00:00,1.368930457745608,0.946393689427155,2025,2024/25,-0.21999999999999997,-1.14,0.8912067030849246,1.2045726981654257
1582,Aston Villa,7,2025-01-18 17:30:00+00:00,1.03,1.33,2.0,2.0,0,103.0,211.0,False,3,Arsenal,3,2025-01-18 17:30:00+00:00,0.9208218561502886,1.735824760899615,2025,2024/25,0.97,0.6699999999999999,1.1185659779038655,0.7662063763341579
1583,Aston Villa,7,2025-01-26 16:30:00+00:00,0.85,1.31,1.0,1.0,0,124.0,154.0,True,21,West Ham,21,2025-01-26 16:30:00+00:00,1.733244403254747,1.2342498167218416,2025,2024/25,0.15000000000000002,-0.31000000000000005,0.4904097762576589,1.0613734612327919
1584,Aston Villa,7,2025-02-01 17:30:00+00:00,0.44,1.63,0.0,2.0,0,82.0,99.0,False,39,Wolves,39,2025-02-01 17:30:00+00:00,1.6667700161892651,1.0641743760271356,2025,2024/25,-0.44,0.3700000000000001,0.26398363045069145,1.531703860494416
1585,Aston Villa,7,2025-02-15 15:00:00+00:00,2.43,0.37,1.0,1.0,0,236.0,50.0,True,40,Ipswich,40,2025-02-15 15:00:00+00:00,1.834190524561556,0.9114738946407748,2025,2024/25,-1.4300000000000002,0.63,1.324835107073114,0.405935926607994
1586,Aston Villa,7,2025-02-15 15:00:00+00:00,2.43,0.37,1.0,1.0,0,236.0,50.0,True,40,Ipswich Town,40,2025-02-15 15:00:00+00:00,1.834190524561556,0.9114738946407748,2025,2024/25,-1.4300000000000002,0.63,1.324835107073114,0.405935926607994
1587,Aston Villa,7,2025-02-19 19:30:00+00:00,0.74,2.44,2.0,2.0,0,97.0,162.0,True,14,Liverpool,14,2025-02-19 19:30:00+00:00,1.0822905442771518,2.0385437628935845,2025,2024/25,1.26,-0.43999999999999995,0.6837350690282864,1.1969328519769296
1588,Aston Villa,7,2025-02-22 17:30:00+00:00,2.33,2.3,2.0,1.0,0,221.0,153.0,True,8,Chelsea,8,2025-02-22 17:30:00+00:00,1.404123277125248,1.6712752323071207,2025,2024/25,-0.33000000000000007,-1.2999999999999998,1.6593984573565073,1.376194630028085
1589,Aston Villa,7,2025-02-25 19:30:00+00:00,0.37,4.31,1.0,4.0,0,84.0,206.0,False,31,Crystal Palace,31,2025-02-25 19:30:00+00:00,1.2753353051470948,1.339471285635753,2025,2024/25,0.63,-0.3099999999999996,0.29011978144628003,3.2176874907432937
1590,Aston Villa,7,2025-03-08 17:30:00+00:00,1.34,0.83,1.0,0.0,1,118.0,128.0,False,94,Brentford,94,2025-03-08 17:30:00+00:00,1.5162745407208464,1.4548756275435908,2025,2024/25,-0.3400000000000001,-0.83,0.8837449709885359,0.5704955009806373
1591,Aston Villa,7,2025-04-02 18:45:00+00:00,1.25,0.9,3.0,0.0,1,109.0,127.0,False,36,Brighton,36,2025-04-02 18:45:00+00:00,1.3181455297811286,1.437528322362514,2025,2024/25,1.75,-0.9,0.9483019679985989,0.6260746212783411
1592,Aston Villa,7,2025-04-05 16:30:00+00:00,3.03,1.48,2.0,1.0,0,207.0,109.0,True,17,Nott'm Forest,17,2025-04-05 16:30:00+00:00,1.3959512649379988,1.2446746871715748,2025,2024/25,-1.0299999999999998,-0.48,2.170562881458886,1.1890657175355461
1593,Aston Villa,7,2025-04-12 14:00:00+00:00,3.28,0.31,3.0,0.0,1,270.0,51.0,False,20,Southampton,20,2025-04-12 14:00:00+00:00,2.0466776694373374,0.8384183755447139,2025,2024/25,-0.2799999999999998,-0.31,1.6025972477149864,0.36974380457560396
1594,Aston Villa,7,2025-04-19 16:30:00+00:00,2.26,1.0,3.0,1.0,0,216.0,141.0,True,4,Newcastle,4,2025-04-19 16:30:00+00:00,1.2773671283136812,1.7194038968939147,2025,2024/25,0.7400000000000002,0.0,1.769264254501009,0.5815969137946527
1595,Aston Villa,7,2025-04-22 19:00:00+00:00,1.76,1.33,1.0,2.0,0,97.0,161.0,False,43,Man City,43,2025-04-22 19:00:00+00:00,1.1348564130798815,1.7354045995883047,2025,2024/25,-0.76,0.6699999999999999,1.5508569892322714,0.7663918836653539
1596,Aston Villa,7,2025-05-03 11:30:00+00:00,0.96,0.85,1.0,0.0,1,106.0,105.0,True,54,Fulham,54,2025-05-03 11:30:00+00:00,1.2794538229343893,1.2883824786571043,2025,2024/25,0.040000000000000036,-0.85,0.7503201622378747,0.6597419742047134
1597,Aston Villa,7,2025-05-10 16:30:00+00:00,1.0,0.8,1.0,0.0,1,95.0,146.0,False,91,Bournemouth,91,2025-05-10 16:30:00+00:00,1.337102322777345,1.4779964207598488,2025,2024/25,0.0,-0.8,0.7478859193983469,0.5412732999642274
1598,Aston Villa,7,2025-05-16 18:30:00+00:00,1.39,0.51,2.0,0.0,1,213.0,35.0,True,6,Spurs,6,2025-05-16 18:30:00+00:00,1.5967456281280237,1.3654992068447314,2025,2024/25,0.6100000000000001,-0.51,0.8705206236447278,0.3734897812049709
1599,Aston Villa,7,2025-05-25 15:00:00+00:00,0.4,2.86,0.0,2.0,0,62.0,277.0,False,1,Man Utd,1,2025-05-25 15:00:00+00:00,1.395282312854457,1.2699916021082045,2025,2024/25,-0.4,-0.8599999999999999,0.2866803343774088,2.2519833952069908
1600,Bournemouth,91,2024-08-17 14:00:00+00:00,1.23,1.3,1.0,1.0,0,128.0,173.0,False,17,Nott'm Forest,17,2024-08-17 14:00:00+00:00,1.4648062354351,1.2096823667508874,2025,2024/25,-0.22999999999999998,-0.30000000000000004,0.8397015047076489,1.0746622714619696
1601,Bournemouth,91,2024-08-25 13:00:00+00:00,2.22,1.61,1.0,1.0,0,152.0,167.0,True,4,Newcastle,4,2024-08-25 13:00:00+00:00,1.4812780840497428,1.769958812464263,2025,2024/25,-1.2200000000000002,-0.6100000000000001,1.4987057622095017,0.9096256865765386
1602,Bournemouth,91,2024-08-31 14:00:00+00:00,2.22,1.97,3.0,2.0,0,250.0,203.0,False,11,Everton,11,2024-08-31 14:00:00+00:00,1.5246645853410077,1.1288623748751143,2025,2024/25,0.7799999999999998,0.030000000000000027,1.4560579561854736,1.7451197274760268
1603,Bournemouth,91,2024-09-14 19:00:00+00:00,1.76,0.78,0.0,1.0,0,168.0,94.0,True,8,Chelsea,8,2024-09-14 19:00:00+00:00,1.4909138505750028,1.6839257074582528,2025,2024/25,-1.76,0.21999999999999997,1.1804840362313478,0.46320333286991966
1604,Bournemouth,91,2024-09-21 14:00:00+00:00,1.09,2.06,0.0,3.0,0,189.0,254.0,False,14,Liverpool,14,2024-09-21 14:00:00+00:00,1.125448092734029,2.048774729564484,2025,2024/25,-1.09,0.94,0.9685031295864428,1.0054790164450644
1605,Bournemouth,91,2024-09-30 19:00:00+00:00,1.39,0.6,3.0,1.0,0,147.0,84.0,True,20,Southampton,20,2024-09-30 19:00:00+00:00,1.7989209275549527,0.9774086375817388,2025,2024/25,1.61,0.4,0.7726854353121859,0.6138681171106626
1606,Bournemouth,91,2024-10-05 14:00:00+00:00,2.17,0.79,0.0,1.0,0,139.0,55.0,False,13,Leicester,13,2024-10-05 14:00:00+00:00,1.74121364802793,1.1713761888807452,2025,2024/25,-2.17,0.20999999999999996,1.2462571738153478,0.6744204018308143
1607,Bournemouth,91,2024-10-19 16:30:00+00:00,1.83,0.68,2.0,0.0,1,137.0,71.0,True,3,Arsenal,3,2024-10-19 16:30:00+00:00,0.9257395788172552,1.8712844268036228,2025,2024/25,0.16999999999999993,-0.68,1.976797840206905,0.36338676807219583
1608,Bournemouth,91,2024-10-26 14:00:00+00:00,0.31,1.81,1.0,1.0,0,78.0,261.0,False,7,Aston Villa,7,2024-10-26 14:00:00+00:00,1.4382777652946177,1.4502433038313836,2025,2024/25,0.69,-0.81,0.21553555751207723,1.2480664418295735
1609,Bournemouth,91,2024-11-02 15:00:00+00:00,2.13,1.56,2.0,1.0,0,140.0,200.0,True,43,Man City,43,2024-11-02 15:00:00+00:00,0.9130335260586564,2.07074710957228,2025,2024/25,-0.1299999999999999,-0.56,2.332882571349479,0.7533512869769131
1610,Bournemouth,91,2024-11-09 15:00:00+00:00,2.61,1.48,2.0,3.0,0,151.0,151.0,False,94,Brentford,94,2024-11-09 15:00:00+00:00,1.6195229211813356,1.443321315322326,2025,2024/25,-0.6099999999999999,1.52,1.6115857119800294,1.0254126952108946
1611,Bournemouth,91,2024-11-23 15:00:00+00:00,1.62,0.94,1.0,2.0,0,185.0,101.0,True,36,Brighton,36,2024-11-23 15:00:00+00:00,1.4647612626225586,1.39346123639256,2025,2024/25,-0.6200000000000001,1.06,1.1059822793917262,0.6745792243446284
1612,Bournemouth,91,2024-11-30 15:00:00+00:00,3.28,0.46,4.0,2.0,0,163.0,85.0,False,39,Wolves,39,2024-11-30 15:00:00+00:00,1.7740081189934762,1.0766277903196024,2025,2024/25,0.7200000000000002,1.54,1.8489205121907686,0.42726000957438287
1613,Bournemouth,91,2024-12-05 20:15:00+00:00,3.32,0.58,1.0,0.0,1,235.0,103.0,True,6,Spurs,6,2024-12-05 20:15:00+00:00,1.417150474951717,1.6713835498243492,2025,2024/25,-2.32,-0.58,2.342729342212664,0.347017894283424
1614,Bournemouth,91,2024-12-08 14:00:00+00:00,3.39,1.32,2.0,1.0,0,227.0,157.0,False,40,Ipswich,40,2024-12-08 14:00:00+00:00,1.8391952176778907,0.9213866349847388,2025,2024/25,-1.3900000000000001,-0.32000000000000006,1.843197485191434,1.4326233416896301
1615,Bournemouth,91,2024-12-08 14:00:00+00:00,3.39,1.32,2.0,1.0,0,227.0,157.0,False,40,Ipswich Town,40,2024-12-08 14:00:00+00:00,1.8391952176778907,0.9213866349847388,2025,2024/25,-1.3900000000000001,-0.32000000000000006,1.843197485191434,1.4326233416896301
1616,Bournemouth,91,2024-12-16 20:00:00+00:00,1.91,2.18,1.0,1.0,0,270.0,136.0,True,21,West Ham,21,2024-12-16 20:00:00+00:00,1.736337197894324,1.320588381190912,2025,2024/25,-0.9099999999999999,-1.1800000000000002,1.1000167492329709,1.650779327646414
1617,Bournemouth,91,2024-12-22 14:00:00+00:00,1.36,2.26,3.0,0.0,1,99.0,211.0,False,1,Man Utd,1,2024-12-22 14:00:00+00:00,1.4578432464939008,1.3585785126438408,2025,2024/25,1.64,-2.26,0.932884933459607,1.66350341843841
1618,Bournemouth,91,2024-12-26 15:00:00+00:00,1.47,0.45,0.0,0.0,1,160.0,99.0,True,31,Crystal Palace,31,2024-12-26 15:00:00+00:00,1.3946305310024774,1.2508258567989037,2025,2024/25,-1.47,-0.45,1.054042606498329,0.35976231028005273
1619,Bournemouth,91,2024-12-29 15:00:00+00:00,1.99,1.11,2.0,2.0,0,207.0,146.0,False,54,Fulham,54,2024-12-29 15:00:00+00:00,1.3423883566730754,1.3221494743027506,2025,2024/25,0.010000000000000009,0.8899999999999999,1.482432404979987,0.8395419894451572
1620,Bournemouth,91,2025-01-04 15:00:00+00:00,1.85,0.71,1.0,0.0,1,230.0,49.0,True,11,Everton,11,2025-01-04 15:00:00+00:00,1.373117640134925,0.9666588455162544,2025,2024/25,-0.8500000000000001,-0.71,1.3472989829321658,0.7344887012551123
1621,Bournemouth,91,2025-01-14 19:30:00+00:00,1.1900000000000002,2.5,2.0,2.0,0,95.0,227.0,False,8,Chelsea,8,2025-01-14 19:30:00+00:00,1.376840267734318,1.7079658844757202,2025,2024/25,0.8099999999999998,-0.5,0.8642977895745483,1.4637294706664494
1622,Bournemouth,91,2025-01-18 12:30:00+00:00,2.29,0.79,4.0,1.0,0,264.0,146.0,False,4,Newcastle,4,2025-01-18 12:30:00+00:00,1.2267717460767216,1.7512625073860888,2025,2024/25,1.71,0.20999999999999996,1.8666879208161882,0.4511031308373886
1623,Bournemouth,91,2025-01-25 15:00:00+00:00,1.71,0.98,5.0,0.0,1,219.0,143.0,True,17,Nott'm Forest,17,2025-01-25 15:00:00+00:00,1.3127940228638917,1.2465668523815188,2025,2024/25,3.29,-0.98,1.3025653455289155,0.7861592004694711
1624,Bournemouth,91,2025-02-01 15:00:00+00:00,1.61,2.52,0.0,2.0,0,141.0,189.0,True,14,Liverpool,14,2025-02-01 15:00:00+00:00,1.0579344667579615,2.1002337882225053,2025,2024/25,-1.61,-0.52,1.5218333938337811,1.1998664216009762
1625,Bournemouth,91,2025-02-15 15:00:00+00:00,1.19,0.79,3.0,1.0,0,181.0,117.0,False,20,Southampton,20,2025-02-15 15:00:00+00:00,2.0192527882675635,0.9145851312414616,2025,2024/25,1.81,0.20999999999999996,0.5893269069203423,0.8637796231474383
1626,Bournemouth,91,2025-02-22 15:00:00+00:00,0.62,2.0,0.0,1.0,0,97.0,107.0,True,39,Wolves,39,2025-02-22 15:00:00+00:00,1.6196698016407234,1.0918963818676168,2025,2024/25,-0.62,-1.0,0.3827940728239428,1.8316756362715771
1627,Bournemouth,91,2025-02-25 19:30:00+00:00,1.46,2.42,1.0,2.0,0,195.0,121.0,False,36,Brighton,36,2025-02-25 19:30:00+00:00,1.324685343793174,1.423119047470386,2025,2024/25,-0.45999999999999996,-0.41999999999999993,1.1021485266979394,1.7004902044573036
1628,Bournemouth,91,2025-03-09 14:00:00+00:00,2.21,1.53,2.0,2.0,0,201.0,136.0,False,6,Spurs,6,2025-03-09 14:00:00+00:00,1.5390393039643029,1.549915602437136,2025,2024/25,-0.20999999999999996,0.47,1.4359607284280633,0.987150524579648
1629,Bournemouth,91,2025-03-15 17:30:00+00:00,1.67,0.83,0.0,2.0,0,197.0,141.0,True,94,Brentford,94,2025-03-15 17:30:00+00:00,1.4979287137748896,1.430198718845674,2025,2024/25,-1.67,1.17,1.1148728138013178,0.5803389340677779
1630,Bournemouth,91,2025-04-02 18:45:00+00:00,2.02,1.17,1.0,2.0,0,175.0,77.0,True,40,Ipswich,40,2025-04-02 18:45:00+00:00,1.844768118518528,0.9341610724018596,2025,2024/25,-1.02,0.8300000000000001,1.0949885677893192,1.2524606671864043
1631,Bournemouth,91,2025-04-02 18:45:00+00:00,2.02,1.17,1.0,2.0,0,175.0,77.0,True,40,Ipswich Town,40,2025-04-02 18:45:00+00:00,1.844768118518528,0.9341610724018596,2025,2024/25,-1.02,0.8300000000000001,1.0949885677893192,1.2524606671864043
1632,Bournemouth,91,2025-04-05 14:00:00+00:00,2.14,0.69,2.0,2.0,0,143.0,80.0,False,21,West Ham,21,2025-04-05 14:00:00+00:00,1.5383752668927593,1.139924473853211,2025,2024/25,-0.14000000000000012,1.31,1.3910780068132624,0.6053032598446094
1633,Bournemouth,91,2025-04-14 19:00:00+00:00,1.46,1.07,1.0,0.0,1,96.0,183.0,True,54,Fulham,54,2025-04-14 19:00:00+00:00,1.2946809093167024,1.3050925417421737,2025,2024/25,-0.45999999999999996,-1.07,1.1276909928103818,0.8198652323701524
1634,Bournemouth,91,2025-04-19 14:00:00+00:00,0.72,0.37,0.0,0.0,1,141.0,46.0,False,31,Crystal Palace,31,2025-04-19 14:00:00+00:00,1.306803889664241,1.337966095165538,2025,2024/25,-0.72,-0.37,0.550962547398746,0.27653914500293986
1635,Bournemouth,91,2025-04-27 13:00:00+00:00,0.53,2.52,1.0,1.0,0,55.0,249.0,True,1,Man Utd,1,2025-04-27 13:00:00+00:00,1.395170627067882,1.2184224569469353,2025,2024/25,0.47,-1.52,0.3798818508054878,2.0682481561563595
1636,Bournemouth,91,2025-05-03 16:30:00+00:00,0.97,1.42,2.0,1.0,0,95.0,145.0,False,3,Arsenal,3,2025-05-03 16:30:00+00:00,0.8700891069726235,1.6004331625410453,2025,2024/25,1.03,-0.41999999999999993,1.1148283460012562,0.8872597951828445
1637,Bournemouth,91,2025-05-10 16:30:00+00:00,0.8400000000000001,0.98,0.0,1.0,0,146.0,95.0,True,7,Aston Villa,7,2025-05-10 16:30:00+00:00,1.2953150442104888,1.4647412143875034,2025,2024/25,-0.8400000000000001,0.020000000000000018,0.6484908854833774,0.6690601659691792
1638,Bournemouth,91,2025-05-20 19:00:00+00:00,1.06,1.6,1.0,3.0,0,74.0,129.0,False,43,Man City,43,2025-05-20 19:00:00+00:00,1.0758077696897956,1.699098250304433,2025,2024/25,-0.06000000000000005,1.4,0.9853061391308284,0.9416759741311739
1639,Bournemouth,91,2025-05-25 15:00:00+00:00,1.81,0.27,2.0,0.0,1,225.0,29.0,True,13,Leicester,13,2025-05-25 15:00:00+00:00,1.800778066627086,0.9095947004263908,2025,2024/25,0.18999999999999995,-0.27,1.005121082682991,0.2968355025303381
1640,Brentford,94,2024-08-18 13:00:00+00:00,1.8,1.17,2.0,1.0,0,141.0,126.0,True,31,Crystal Palace,31,2024-08-18 13:00:00+00:00,1.3418447246291283,1.296631643568325,2025,2024/25,0.19999999999999996,-0.16999999999999993,1.3414368793658304,0.9023379969195914
1641,Brentford,94,2024-08-25 15:30:00+00:00,0.37,2.65,0.0,2.0,0,72.0,255.0,False,14,Liverpool,14,2024-08-25 15:30:00+00:00,1.174809842545156,2.0816389504562096,2025,2024/25,-0.37,-0.6499999999999999,0.3149445864348709,1.2730353644752992
1642,Brentford,94,2024-08-31 14:00:00+00:00,2.81,1.57,3.0,1.0,0,234.0,180.0,True,20,Southampton,20,2024-08-31 14:00:00+00:00,1.738559387501876,0.9604501370420416,2025,2024/25,0.18999999999999995,-0.5700000000000001,1.6162807093047706,1.6346501910398257
1643,Brentford,94,2024-09-14 14:00:00+00:00,0.95,2.17,1.0,2.0,0,152.0,217.0,False,43,Man City,43,2024-09-14 14:00:00+00:00,0.8413341267491757,2.131657966560132,2025,2024/25,0.050000000000000044,-0.16999999999999993,1.1291589985428232,1.0179869538365671
1644,Brentford,94,2024-09-21 14:00:00+00:00,0.81,3.52,1.0,3.0,0,118.0,308.0,False,6,Spurs,6,2024-09-21 14:00:00+00:00,1.4343924118806448,1.6725017225999466,2025,2024/25,0.18999999999999995,-0.52,0.5646990274704548,2.1046316140877095
1645,Brentford,94,2024-09-28 14:00:00+00:00,0.36,0.99,1.0,1.0,0,84.0,156.0,True,21,West Ham,21,2024-09-28 14:00:00+00:00,1.7679540910816511,1.227624773891458,2025,2024/25,0.64,0.010000000000000009,0.2036251969527945,0.8064353384314579
1646,Brentford,94,2024-10-05 14:00:00+00:00,4.25,1.05,5.0,3.0,0,353.0,159.0,True,39,Wolves,39,2024-10-05 14:00:00+00:00,1.7472830532099834,0.9923349290052564,2025,2024/25,0.75,1.95,2.4323477482324365,1.0581104920417834
1647,Brentford,94,2024-10-19 14:00:00+00:00,0.86,1.33,1.0,2.0,0,79.0,243.0,False,1,Man Utd,1,2024-10-19 14:00:00+00:00,1.6097112471957566,1.405873203472185,2025,2024/25,0.14,0.6699999999999999,0.5342573095008111,0.9460312613649684
1648,Brentford,94,2024-10-26 14:00:00+00:00,4.11,1.3,3.0,3.0,0,213.0,124.0,True,40,Ipswich,40,2024-10-26 14:00:00+00:00,1.9672487925748463,0.8741745246597175,2025,2024/25,-1.1100000000000003,1.7,2.0892121095779657,1.487117232689937
1649,Brentford,94,2024-10-26 14:00:00+00:00,4.11,1.3,3.0,3.0,0,213.0,124.0,True,40,Ipswich Town,40,2024-10-26 14:00:00+00:00,1.9672487925748463,0.8741745246597175,2025,2024/25,-1.1100000000000003,1.7,2.0892121095779657,1.487117232689937
1650,Brentford,94,2024-11-04 20:00:00+00:00,0.64,1.37,1.0,2.0,0,47.0,281.0,False,54,Fulham,54,2024-11-04 20:00:00+00:00,1.3852991962402572,1.3609788355009276,2025,2024/25,0.36,0.6299999999999999,0.4619940600102699,1.0066284384912954
1651,Brentford,94,2024-11-09 15:00:00+00:00,1.47,2.61,3.0,2.0,0,151.0,151.0,True,91,Bournemouth,91,2024-11-09 15:00:00+00:00,1.4649005051568205,1.426420873501363,2025,2024/25,1.53,-0.6099999999999999,1.0034811202707816,1.8297544914590076
1652,Brentford,94,2024-11-23 15:00:00+00:00,1.1,1.2,0.0,0.0,1,69.0,184.0,False,11,Everton,11,2024-11-23 15:00:00+00:00,1.4018341086526471,1.07538371150571,2025,2024/25,-1.1,-1.2,0.7846862857811681,1.1158807662427832
1653,Brentford,94,2024-11-30 15:00:00+00:00,2.39,1.06,4.0,1.0,0,174.0,78.0,True,13,Leicester,13,2024-11-30 15:00:00+00:00,1.7895284986274111,1.1741108426434774,2025,2024/25,1.6099999999999999,-0.06000000000000005,1.3355473253614891,0.9028108433216067
1654,Brentford,94,2024-12-04 20:15:00+00:00,1.04,2.43,1.0,3.0,0,89.0,254.0,False,7,Aston Villa,7,2024-12-04 20:15:00+00:00,1.4764512513859065,1.482524249071456,2025,2024/25,-0.040000000000000036,0.5699999999999998,0.7043916953057401,1.6390962923688925
1655,Brentford,94,2024-12-07 15:00:00+00:00,1.23,1.48,4.0,2.0,0,157.0,146.0,True,4,Newcastle,4,2024-12-07 15:00:00+00:00,1.3681728476589008,1.5989747735470314,2025,2024/25,2.77,0.52,0.8990092166385774,0.9255930890747527
1656,Brentford,94,2024-12-15 19:00:00+00:00,1.63,2.23,1.0,2.0,0,112.0,246.0,False,8,Chelsea,8,2024-12-15 19:00:00+00:00,1.3829723758459798,1.8016394058965228,2025,2024/25,-0.6299999999999999,-0.22999999999999998,1.1786207942171734,1.237761559111946
1657,Brentford,94,2024-12-21 15:00:00+00:00,0.72,0.9,0.0,2.0,0,131.0,120.0,True,17,Nott'm Forest,17,2024-12-21 15:00:00+00:00,1.328009448573574,1.224528848262601,2025,2024/25,-0.72,1.1,0.5421648172558997,0.7349765595779532
1658,Brentford,94,2024-12-27 19:30:00+00:00,0.92,1.29,0.0,0.0,1,107.0,200.0,False,36,Brighton,36,2024-12-27 19:30:00+00:00,1.446497311808769,1.3542749383331216,2025,2024/25,-0.92,-1.29,0.6360191564058895,0.952539224854716
1659,Brentford,94,2025-01-01 17:30:00+00:00,0.29,1.95,1.0,3.0,0,57.0,202.0,True,3,Arsenal,3,2025-01-01 17:30:00+00:00,0.9042981142773502,1.7819835142357794,2025,2024/25,0.71,1.05,0.3206907052236276,1.094286217814016
1660,Brentford,94,2025-01-04 15:00:00+00:00,4.46,0.29,5.0,0.0,1,265.0,64.0,False,20,Southampton,20,2025-01-04 15:00:00+00:00,1.9602389506831783,0.9089230210041276,2025,2024/25,0.54,-0.29,2.2752328222258873,0.31905892281133347
1661,Brentford,94,2025-01-14 19:30:00+00:00,2.56,2.2,2.0,2.0,0,197.0,224.0,True,43,Man City,43,2025-01-14 19:30:00+00:00,1.1639169318882154,1.8434040369327795,2025,2024/25,-0.56,-0.20000000000000018,2.1994696785164276,1.193444278043655
1662,Brentford,94,2025-01-18 15:00:00+00:00,0.72,3.43,0.0,2.0,0,150.0,308.0,True,14,Liverpool,14,2025-01-18 15:00:00+00:00,1.0784936551734643,2.0774537641366484,2025,2024/25,-0.72,-1.4300000000000002,0.6675978078741647,1.6510596092257415
1663,Brentford,94,2025-01-26 14:00:00+00:00,1.5299999999999998,1.08,2.0,1.0,0,151.0,139.0,False,31,Crystal Palace,31,2025-01-26 14:00:00+00:00,1.3207671662077098,1.2769043142204342,2025,2024/25,0.4700000000000002,-0.08000000000000007,1.1584176523656744,0.8457955603817922
1664,Brentford,94,2025-02-02 14:00:00+00:00,2.08,0.86,0.0,2.0,0,184.0,88.0,True,6,Spurs,6,2025-02-02 14:00:00+00:00,1.5565858280529214,1.568035333360572,2025,2024/25,-2.08,1.1400000000000001,1.3362578294842882,0.5484570288074253
1665,Brentford,94,2025-02-15 15:00:00+00:00,1.67,0.82,1.0,0.0,1,177.0,110.0,False,21,West Ham,21,2025-02-15 15:00:00+00:00,1.7075742347600014,1.2185739827424658,2025,2024/25,-0.6699999999999999,-0.82,0.9779955483075777,0.6729176985664392
1666,Brentford,94,2025-02-21 20:00:00+00:00,1.53,0.51,4.0,0.0,1,227.0,98.0,False,13,Leicester,13,2025-02-21 20:00:00+00:00,1.834678020210485,1.0063611769974865,2025,2024/25,2.4699999999999998,-0.51,0.8339337928212981,0.5067763062180148
1667,Brentford,94,2025-02-26 19:30:00+00:00,1.73,1.37,1.0,1.0,0,155.0,102.0,True,11,Everton,11,2025-02-26 19:30:00+00:00,1.2517706681252208,1.071145682458268,2025,2024/25,-0.73,-0.3700000000000001,1.3820422894163387,1.2790043618117983
1668,Brentford,94,2025-03-08 17:30:00+00:00,0.85,1.33,0.0,1.0,0,128.0,118.0,True,7,Aston Villa,7,2025-03-08 17:30:00+00:00,1.4492136373655555,1.362056221884864,2025,2024/25,-0.85,-0.33000000000000007,0.5865249802266335,0.9764648320900415
1669,Brentford,94,2025-03-15 17:30:00+00:00,0.8400000000000001,1.67,2.0,1.0,0,141.0,197.0,False,91,Bournemouth,91,2025-03-15 17:30:00+00:00,1.3880394740687505,1.622138578262771,2025,2024/25,1.16,-0.6699999999999999,0.6051701091307684,1.0295051374639559
1670,Brentford,94,2025-04-02 18:45:00+00:00,1.6,1.29,1.0,2.0,0,143.0,176.0,False,4,Newcastle,4,2025-04-02 18:45:00+00:00,1.3202085663168497,1.6227935673225948,2025,2024/25,-0.6000000000000001,0.71,1.2119297214255467,0.7949255074558483
1671,Brentford,94,2025-04-06 13:00:00+00:00,1.19,1.23,0.0,0.0,1,100.0,156.0,True,8,Chelsea,8,2025-04-06 13:00:00+00:00,1.299359445208645,1.610670098314703,2025,2024/25,-1.19,-1.23,0.9158358792773583,0.7636573133672683
1672,Brentford,94,2025-04-12 16:30:00+00:00,0.25,0.96,1.0,1.0,0,64.0,136.0,False,3,Arsenal,3,2025-04-12 16:30:00+00:00,0.8546078149530312,1.5827147968300488,2025,2024/25,0.75,0.040000000000000036,0.2925318439941248,0.6065527421129457
1673,Brentford,94,2025-04-19 14:00:00+00:00,2.25,1.43,4.0,2.0,0,247.0,128.0,True,36,Brighton,36,2025-04-19 14:00:00+00:00,1.3482727594755528,1.4670519077110935,2025,2024/25,1.75,0.5700000000000001,1.6688017941378557,0.9747439695103207
1674,Brentford,94,2025-05-01 18:30:00+00:00,1.65,0.97,2.0,0.0,1,112.0,157.0,False,17,Nott'm Forest,17,2025-05-01 18:30:00+00:00,1.424091293976974,1.1755231279195486,2025,2024/25,0.3500000000000001,-0.97,1.1586335840816386,0.825164539056509
1675,Brentford,94,2025-05-04 13:00:00+00:00,2.8,1.56,3.0,3.0,0,208.0,134.0,True,1,Man Utd,1,2025-05-04 13:00:00+00:00,1.4031650458595486,1.2500525988740188,2025,2024/25,0.20000000000000018,1.44,1.9954887048121843,1.2479474874938588
1676,Brentford,94,2025-05-10 14:00:00+00:00,1.41,0.93,1.0,0.0,1,170.0,98.0,False,40,Ipswich,40,2025-05-10 14:00:00+00:00,1.914132885255025,0.9114470710172562,2025,2024/25,-0.4099999999999999,-0.93,0.736625973495117,1.0203554650321462
1677,Brentford,94,2025-05-10 14:00:00+00:00,1.41,0.93,1.0,0.0,1,170.0,98.0,False,40,Ipswich Town,40,2025-05-10 14:00:00+00:00,1.914132885255025,0.9114470710172562,2025,2024/25,-0.4099999999999999,-0.93,0.736625973495117,1.0203554650321462
1678,Brentford,94,2025-05-18 14:00:00+00:00,2.88,0.99,2.0,3.0,0,183.0,142.0,True,54,Fulham,54,2025-05-18 14:00:00+00:00,1.3056405584914883,1.2738116209242325,2025,2024/25,-0.8799999999999999,2.01,2.205813829288128,0.7771949821604636
1679,Brentford,94,2025-05-25 15:00:00+00:00,1.4400000000000002,1.12,1.0,1.0,0,166.0,144.0,False,39,Wolves,39,2025-05-25 15:00:00+00:00,1.4180187145193317,1.150687236828479,2025,2024/25,-0.44000000000000017,-0.1200000000000001,1.0155014071786208,0.9733313833278806
1680,Brighton,36,2024-08-17 14:00:00+00:00,1.44,0.45,3.0,0.0,1,160.0,68.0,False,11,Everton,11,2024-08-17 14:00:00+00:00,1.4548869730660992,1.1435720309070845,2025,2024/25,1.56,-0.45,0.9897676085210072,0.3935038526983375
1681,Brighton,36,2024-08-24 11:30:00+00:00,2.1,1.43,2.0,1.0,0,184.0,113.0,True,1,Man Utd,1,2024-08-24 11:30:00+00:00,1.6548438645172323,1.4626202338385774,2025,2024/25,-0.10000000000000009,-0.42999999999999994,1.269001894999099,0.9776974001289677
1682,Brighton,36,2024-08-31 11:30:00+00:00,1.94,2.08,1.0,1.0,0,164.0,188.0,False,3,Arsenal,3,2024-08-31 11:30:00+00:00,0.8320248224143494,1.95399343168954,2025,2024/25,-0.94,-1.08,2.3316612049752976,1.0644866898050458
1683,Brighton,36,2024-09-14 14:00:00+00:00,1.77,0.35,0.0,0.0,1,205.0,35.0,True,40,Ipswich,40,2024-09-14 14:00:00+00:00,1.9522801093606164,0.6872530952730901,2025,2024/25,-1.77,-0.35,0.9066321945879404,0.5092738067056974
1684,Brighton,36,2024-09-14 14:00:00+00:00,1.77,0.35,0.0,0.0,1,205.0,35.0,True,40,Ipswich Town,40,2024-09-14 14:00:00+00:00,1.9522801093606164,0.6872530952730901,2025,2024/25,-1.77,-0.35,0.9066321945879404,0.5092738067056974
1685,Brighton,36,2024-09-22 13:00:00+00:00,0.95,1.53,2.0,2.0,0,126.0,78.0,True,17,Nott'm Forest,17,2024-09-22 13:00:00+00:00,1.3634892237603635,1.2173476233942062,2025,2024/25,1.05,0.47,0.6967418469065692,1.2568308103597041
1686,Brighton,36,2024-09-28 14:00:00+00:00,1.1,4.16,2.0,4.0,0,135.0,160.0,False,8,Chelsea,8,2024-09-28 14:00:00+00:00,1.4303996253471205,1.7171868032001072,2025,2024/25,0.8999999999999999,-0.16000000000000014,0.769015861377242,2.422566952091366
1687,Brighton,36,2024-10-06 15:30:00+00:00,1.82,1.37,3.0,2.0,0,137.0,130.0,True,6,Spurs,6,2024-10-06 15:30:00+00:00,1.4053645242229074,1.7532368342145297,2025,2024/25,1.18,0.6299999999999999,1.295037670746929,0.7814118282620818
1688,Brighton,36,2024-10-19 14:00:00+00:00,1.12,2.02,1.0,0.0,1,95.0,209.0,False,4,Newcastle,4,2024-10-19 14:00:00+00:00,1.3926536577117277,1.6915824285704364,2025,2024/25,-0.1200000000000001,-2.02,0.8042200541377061,1.1941481336544213
1689,Brighton,36,2024-10-26 14:00:00+00:00,1.3199999999999998,1.36,2.0,2.0,0,183.0,205.0,True,39,Wolves,39,2024-10-26 14:00:00+00:00,1.7800678294051615,1.02061052614886,2025,2024/25,0.6800000000000002,0.6399999999999999,0.741544776100526,1.332535737341238
1690,Brighton,36,2024-11-02 15:00:00+00:00,1.02,1.65,1.0,2.0,0,122.0,217.0,False,14,Liverpool,14,2024-11-02 15:00:00+00:00,1.0825166796538408,1.9621586109445048,2025,2024/25,-0.020000000000000018,0.3500000000000001,0.9422487608469627,0.8409106128305069
1691,Brighton,36,2024-11-09 17:30:00+00:00,2.29,2.22,2.0,1.0,0,112.0,202.0,True,43,Man City,43,2024-11-09 17:30:00+00:00,0.9476302734336564,2.052577011921025,2025,2024/25,-0.29000000000000004,-1.2200000000000002,2.41655428725634,1.081567213851958
1692,Brighton,36,2024-11-23 15:00:00+00:00,0.95,1.63,2.0,1.0,0,101.0,185.0,False,91,Bournemouth,91,2024-11-23 15:00:00+00:00,1.46485892846278,1.4412192351432074,2025,2024/25,1.05,-0.6299999999999999,0.6485266134104313,1.1309868479780831
1693,Brighton,36,2024-11-29 20:00:00+00:00,1.7,1.01,1.0,1.0,0,186.0,92.0,True,20,Southampton,20,2024-11-29 20:00:00+00:00,1.89305232533496,0.9712762162150964,2025,2024/25,-0.7,-0.010000000000000009,0.8980206079085526,1.039868971502055
1694,Brighton,36,2024-12-05 19:30:00+00:00,1.33,0.66,1.0,3.0,0,101.0,77.0,False,54,Fulham,54,2024-12-05 19:30:00+00:00,1.361736262489678,1.360581817365842,2025,2024/25,-0.33000000000000007,2.34,0.9766942664568143,0.48508659426141293
1695,Brighton,36,2024-12-08 14:00:00+00:00,1.54,1.31,2.0,2.0,0,130.0,100.0,False,13,Leicester,13,2024-12-08 14:00:00+00:00,1.816681814024909,1.1784520929830735,2025,2024/25,0.45999999999999996,0.69,0.8476993539050668,1.1116277087547386
1696,Brighton,36,2024-12-15 14:00:00+00:00,1.0,2.31,0.0,3.0,0,156.0,173.0,True,31,Crystal Palace,31,2024-12-15 14:00:00+00:00,1.3358174838161003,1.2615133333508046,2025,2024/25,-1.0,0.69,0.7486052639042029,1.8311340347582594
1697,Brighton,36,2024-12-21 15:00:00+00:00,0.95,1.31,1.0,1.0,0,203.0,141.0,False,21,West Ham,21,2024-12-21 15:00:00+00:00,1.7237302888977362,1.3178534536097577,2025,2024/25,0.050000000000000044,-0.31000000000000005,0.5511303050824099,0.994040723125742
1698,Brighton,36,2024-12-27 19:30:00+00:00,1.35,0.93,0.0,0.0,1,200.0,107.0,True,94,Brentford,94,2024-12-27 19:30:00+00:00,1.6098261185599287,1.4075678474827018,2025,2024/25,-1.35,-0.93,0.8385998863079969,0.6607141543217363
1699,Brighton,36,2024-12-30 19:45:00+00:00,1.12,1.78,2.0,2.0,0,115.0,192.0,False,7,Aston Villa,7,2024-12-30 19:45:00+00:00,1.4487469991241302,1.4432875408393326,2025,2024/25,0.8799999999999999,0.21999999999999997,0.7730818429146836,1.23329547968304
1700,Brighton,36,2025-01-04 17:30:00+00:00,1.52,0.88,1.0,1.0,0,117.0,98.0,True,3,Arsenal,3,2025-01-04 17:30:00+00:00,0.9079477639205258,1.7750420972362089,2025,2024/25,-0.52,0.12,1.6741051197005297,0.4957628900014175
1701,Brighton,36,2025-01-16 19:30:00+00:00,0.97,0.29,2.0,0.0,1,0.0,0.0,False,40,Ipswich,40,2025-01-16 19:30:00+00:00,1.814271057859561,0.9254081445299044,2025,2024/25,1.03,-0.29,0.5346499883784651,0.313375240659154
1702,Brighton,36,2025-01-16 19:30:00+00:00,0.97,0.29,2.0,0.0,1,0.0,0.0,False,40,Ipswich Town,40,2025-01-16 19:30:00+00:00,1.814271057859561,0.9254081445299044,2025,2024/25,1.03,-0.29,0.5346499883784651,0.313375240659154
1703,Brighton,36,2025-01-19 14:00:00+00:00,1.92,1.48,3.0,1.0,0,119.0,96.0,False,1,Man Utd,1,2025-01-19 14:00:00+00:00,1.473410574128909,1.3416150937854223,2025,2024/25,1.08,-0.48,1.3030991046980356,1.1031479944252258
1704,Brighton,36,2025-01-25 15:00:00+00:00,0.73,0.85,0.0,1.0,0,106.0,32.0,True,11,Everton,11,2025-01-25 15:00:00+00:00,1.330561239410387,0.9636431969770298,2025,2024/25,-0.73,0.15000000000000002,0.5486406625849748,0.8820692167666092
1705,Brighton,36,2025-02-01 12:30:00+00:00,0.8800000000000001,3.41,0.0,7.0,0,129.0,242.0,False,17,Nott'm Forest,17,2025-02-01 12:30:00+00:00,1.3278483499055584,1.2748223815844386,2025,2024/25,-0.8800000000000001,3.59,0.6627262820054632,2.674882437945444
1706,Brighton,36,2025-02-14 20:00:00+00:00,1.43,0.54,3.0,0.0,1,141.0,68.0,True,8,Chelsea,8,2025-02-14 20:00:00+00:00,1.3867397272375133,1.6860394551196207,2025,2024/25,1.57,-0.54,1.0311956684537078,0.32027720250573155
1707,Brighton,36,2025-02-22 15:00:00+00:00,3.98,0.13,4.0,0.0,1,282.0,34.0,False,20,Southampton,20,2025-02-22 15:00:00+00:00,2.035463971523059,0.8917250171283185,2025,2024/25,0.020000000000000018,-0.13,1.9553281491010228,0.145784852396143
1708,Brighton,36,2025-02-25 19:30:00+00:00,2.42,1.46,2.0,1.0,0,121.0,195.0,True,91,Bournemouth,91,2025-02-25 19:30:00+00:00,1.389377205920145,1.5943817145207777,2025,2024/25,-0.41999999999999993,-0.45999999999999996,1.7417876079212793,0.9157154693277646
1709,Brighton,36,2025-03-08 15:00:00+00:00,1.54,0.9,2.0,1.0,0,137.0,73.0,True,54,Fulham,54,2025-03-08 15:00:00+00:00,1.2749548169948908,1.3330151640387928,2025,2024/25,0.45999999999999996,0.09999999999999998,1.2078859418954384,0.6751611116509464
1710,Brighton,36,2025-03-15 15:00:00+00:00,2.03,1.72,1.0,2.0,0,115.0,127.0,False,43,Man City,43,2025-03-15 15:00:00+00:00,1.1699222965770488,1.750505237506844,2025,2024/25,-1.0299999999999998,0.28,1.7351579724049715,0.9825734668750314
1711,Brighton,36,2025-04-02 18:45:00+00:00,0.8999999999999999,1.25,0.0,3.0,0,127.0,109.0,True,7,Aston Villa,7,2025-04-02 18:45:00+00:00,1.4160884314488889,1.359831465461446,2025,2024/25,-0.8999999999999999,1.75,0.6355535290117111,0.9192315604903467
1712,Brighton,36,2025-04-05 14:00:00+00:00,1.01,0.6,1.0,2.0,0,153.0,83.0,False,31,Crystal Palace,31,2025-04-05 14:00:00+00:00,1.2466122379082072,1.3434735892225471,2025,2024/25,-0.010000000000000009,1.4,0.8101958004958797,0.4466034947119527
1713,Brighton,36,2025-04-12 14:00:00+00:00,3.91,1.5,2.0,2.0,0,231.0,174.0,True,13,Leicester,13,2025-04-12 14:00:00+00:00,1.8640509062589912,0.8822100285099481,2025,2024/25,-1.9100000000000001,0.5,2.0975821995371757,1.7002753896750624
1714,Brighton,36,2025-04-19 14:00:00+00:00,1.42,2.17,2.0,4.0,0,128.0,247.0,False,94,Brentford,94,2025-04-19 14:00:00+00:00,1.440711181543782,1.3987266736292938,2025,2024/25,0.5800000000000001,1.83,0.9856243348360847,1.5514110375613797
1715,Brighton,36,2025-04-26 14:00:00+00:00,1.2999999999999998,1.27,3.0,2.0,0,239.0,156.0,True,21,West Ham,21,2025-04-26 14:00:00+00:00,1.520892336086474,1.1235753332825948,2025,2024/25,1.7000000000000002,0.73,0.8547613589434809,1.1303202930680372
1716,Brighton,36,2025-05-04 13:00:00+00:00,0.6900000000000001,1.87,1.0,1.0,0,72.0,149.0,True,4,Newcastle,4,2025-05-04 13:00:00+00:00,1.2383004499211725,1.7409880004330578,2025,2024/25,0.30999999999999994,-0.8700000000000001,0.5572153349729655,1.07410275058464
1717,Brighton,36,2025-05-10 14:00:00+00:00,1.57,0.91,2.0,0.0,1,67.0,102.0,False,39,Wolves,39,2025-05-10 14:00:00+00:00,1.4081278781750384,1.1396881411881674,2025,2024/25,0.42999999999999994,-0.91,1.114955555055661,0.7984640421469079
1718,Brighton,36,2025-05-19 19:00:00+00:00,2.24,2.24,3.0,2.0,0,303.0,204.0,True,14,Liverpool,14,2025-05-19 19:00:00+00:00,1.1160677679130142,1.947334795947888,2025,2024/25,0.7599999999999998,-0.2400000000000002,2.0070465830123183,1.1502901322674994
1719,Brighton,36,2025-05-25 15:00:00+00:00,2.28,1.95,4.0,1.0,0,290.0,57.0,False,6,Spurs,6,2025-05-25 15:00:00+00:00,1.6122488850704886,1.3483146532199384,2025,2024/25,1.7200000000000002,-0.95,1.414173717912242,1.446249950145661
1720,Chelsea,8,2024-08-18 15:30:00+00:00,1.02,0.77,0.0,2.0,0,97.0,127.0,True,43,Man City,43,2024-08-18 15:30:00+00:00,0.8664985736983329,2.111876978488095,2025,2024/25,-1.02,1.23,1.177151389466808,0.36460457112006944
1721,Chelsea,8,2024-08-25 13:00:00+00:00,1.57,1.92,6.0,2.0,0,182.0,119.0,False,39,Wolves,39,2024-08-25 13:00:00+00:00,1.7006423462584488,1.0283171670381248,2025,2024/25,4.43,0.08000000000000007,0.9231805872963986,1.867128218359128
1722,Chelsea,8,2024-09-01 12:30:00+00:00,2.28,0.44,1.0,1.0,0,181.0,82.0,True,31,Crystal Palace,31,2024-09-01 12:30:00+00:00,1.3535592710864832,1.2348188732858176,2025,2024/25,-1.2799999999999998,0.56,1.68444784702326,0.3563275631098613
1723,Chelsea,8,2024-09-14 19:00:00+00:00,0.78,1.78,1.0,0.0,1,94.0,168.0,False,91,Bournemouth,91,2024-09-14 19:00:00+00:00,1.5230794488911554,1.466135435590838,2025,2024/25,0.21999999999999997,-1.78,0.5121203628398124,1.2140761056516431
1724,Chelsea,8,2024-09-21 11:30:00+00:00,2.21,0.85,3.0,0.0,1,171.0,193.0,False,21,West Ham,21,2024-09-21 11:30:00+00:00,1.7808115063933638,1.2382764716152546,2025,2024/25,0.79,-0.85,1.2410072554370797,0.6864379801154001
1725,Chelsea,8,2024-09-28 14:00:00+00:00,4.16,1.11,4.0,2.0,0,160.0,135.0,True,36,Brighton,36,2024-09-28 14:00:00+00:00,1.3921768876119751,1.3792026856610584,2025,2024/25,-0.16000000000000014,0.8899999999999999,2.988126032702439,0.8048128179709655
1726,Chelsea,8,2024-10-06 13:00:00+00:00,2.26,0.85,1.0,1.0,0,246.0,168.0,True,17,Nott'm Forest,17,2024-10-06 13:00:00+00:00,1.3422427242228694,1.19283641583884,2025,2024/25,-1.2599999999999998,0.15000000000000002,1.6837491157260642,0.7125872321748773
1727,Chelsea,8,2024-10-20 15:30:00+00:00,0.99,1.94,1.0,2.0,0,106.0,126.0,False,14,Liverpool,14,2024-10-20 15:30:00+00:00,1.0653978837461615,2.006637453139179,2025,2024/25,0.010000000000000009,0.06000000000000005,0.9292303045684239,0.9667914834167319
1728,Chelsea,8,2024-10-27 14:00:00+00:00,1.65,1.92,2.0,1.0,0,174.0,121.0,True,4,Newcastle,4,2024-10-27 14:00:00+00:00,1.39028656046392,1.6805188418549668,2025,2024/25,0.3500000000000001,-0.9199999999999999,1.18680568950434,1.142504298184894
1729,Chelsea,8,2024-11-03 16:30:00+00:00,1.12,1.98,1.0,1.0,0,120.0,116.0,False,1,Man Utd,1,2024-11-03 16:30:00+00:00,1.6003276143266638,1.4364690225376555,2025,2024/25,-0.1200000000000001,-0.98,0.6998566980744371,1.3783798807593823
1730,Chelsea,8,2024-11-10 16:30:00+00:00,1.27,0.99,1.0,1.0,0,109.0,123.0,True,3,Arsenal,3,2024-11-10 16:30:00+00:00,0.9514065101701596,1.7796171028162149,2025,2024/25,-0.27,0.010000000000000009,1.334865787047074,0.5562994412861852
1731,Chelsea,8,2024-11-23 12:30:00+00:00,2.91,1.11,2.0,1.0,0,204.0,40.0,False,13,Leicester,13,2024-11-23 12:30:00+00:00,1.7537127362546885,1.1920432141045954,2025,2024/25,-0.9100000000000001,-0.1100000000000001,1.6593367544417412,0.931174295416612
1732,Chelsea,8,2024-12-01 13:30:00+00:00,1.69,1.15,3.0,0.0,1,177.0,105.0,True,7,Aston Villa,7,2024-12-01 13:30:00+00:00,1.498768443902842,1.4659032516709516,2025,2024/25,1.31,-1.15,1.127592462247994,0.7844992489709942
1733,Chelsea,8,2024-12-04 19:30:00+00:00,5.51,1.56,5.0,1.0,0,354.0,140.0,False,20,Southampton,20,2024-12-04 19:30:00+00:00,1.9213306131969616,0.980898747916528,2025,2024/25,-0.5099999999999998,-0.56,2.867804198899293,1.5903782151965313
1734,Chelsea,8,2024-12-08 16:30:00+00:00,2.8200000000000003,2.9,4.0,3.0,0,219.0,147.0,False,6,Spurs,6,2024-12-08 16:30:00+00:00,1.439941846118384,1.683157169147266,2025,2024/25,1.1799999999999997,0.10000000000000009,1.9584124231140343,1.7229525876476646
1735,Chelsea,8,2024-12-15 19:00:00+00:00,2.25,1.61,2.0,1.0,0,246.0,112.0,True,94,Brentford,94,2024-12-15 19:00:00+00:00,1.6278170450688882,1.4557888002343633,2025,2024/25,-0.25,-0.6100000000000001,1.3822192161065505,1.1059296511559993
1736,Chelsea,8,2024-12-22 14:00:00+00:00,0.86,1.03,0.0,0.0,1,112.0,56.0,False,11,Everton,11,2024-12-22 14:00:00+00:00,1.3520284771448787,1.019374398725768,2025,2024/25,-0.86,-1.03,0.6360812767909217,1.0104236493358223
1737,Chelsea,8,2024-12-26 15:00:00+00:00,1.13,1.78,1.0,2.0,0,153.0,186.0,True,54,Fulham,54,2024-12-26 15:00:00+00:00,1.3323680954984607,1.3084398006846762,2025,2024/25,-0.1299999999999999,0.21999999999999997,0.8481139737718265,1.3603988498886745
1738,Chelsea,8,2024-12-30 19:45:00+00:00,2.02,1.58,0.0,2.0,0,152.0,131.0,False,40,Ipswich,40,2024-12-30 19:45:00+00:00,1.827430002890198,0.8964434353570137,2025,2024/25,-2.02,0.41999999999999993,1.1053774956114544,1.7625205759588793
1739,Chelsea,8,2024-12-30 19:45:00+00:00,2.02,1.58,0.0,2.0,0,152.0,131.0,False,40,Ipswich Town,40,2024-12-30 19:45:00+00:00,1.827430002890198,0.8964434353570137,2025,2024/25,-2.02,0.41999999999999993,1.1053774956114544,1.7625205759588793
1740,Chelsea,8,2025-01-04 15:00:00+00:00,1.25,1.08,1.0,1.0,0,113.0,139.0,False,31,Crystal Palace,31,2025-01-04 15:00:00+00:00,1.353084008267657,1.2591172206170602,2025,2024/25,-0.25,-0.08000000000000007,0.9238155150472626,0.8577438083729174
1741,Chelsea,8,2025-01-14 19:30:00+00:00,2.49,1.18,2.0,2.0,0,227.0,95.0,True,91,Bournemouth,91,2025-01-14 19:30:00+00:00,1.3613635918286335,1.585738595605572,2025,2024/25,-0.4900000000000002,0.8200000000000001,1.8290484738579946,0.744132736171042
1742,Chelsea,8,2025-01-20 20:00:00+00:00,3.16,0.86,3.0,1.0,0,269.0,115.0,True,39,Wolves,39,2025-01-20 20:00:00+00:00,1.700936388855932,1.073825294791106,2025,2024/25,-0.16000000000000014,0.14,1.857800221515309,0.8008751555506037
1743,Chelsea,8,2025-01-25 17:30:00+00:00,1.81,2.5,1.0,3.0,0,109.0,162.0,False,43,Man City,43,2025-01-25 17:30:00+00:00,1.179610352235989,1.886034868987316,2025,2024/25,-0.81,0.5,1.5344049809066929,1.3255322269531238
1744,Chelsea,8,2025-02-03 20:00:00+00:00,1.67,1.22,1.0,1.0,0,146.0,133.0,True,21,West Ham,21,2025-02-03 20:00:00+00:00,1.713312886379747,1.235507975613781,2025,2024/25,-0.6699999999999999,-0.21999999999999997,0.9747198035314683,0.9874480975275963
1745,Chelsea,8,2025-02-14 20:00:00+00:00,0.55,1.42,0.0,3.0,0,68.0,141.0,False,36,Brighton,36,2025-02-14 20:00:00+00:00,1.3909837535347036,1.330049701341876,2025,2024/25,-0.55,1.58,0.3954036117261366,1.0676292762348458
1746,Chelsea,8,2025-02-22 17:30:00+00:00,2.3,2.33,1.0,2.0,0,153.0,221.0,False,7,Aston Villa,7,2025-02-22 17:30:00+00:00,1.3925229502782668,1.3806357203360908,2025,2024/25,-1.2999999999999998,-0.33000000000000007,1.6516783436426614,1.6876283625580857
1747,Chelsea,8,2025-02-25 20:15:00+00:00,2.5700000000000003,0.72,4.0,0.0,1,237.0,65.0,True,20,Southampton,20,2025-02-25 20:15:00+00:00,2.074180720731392,0.8657446240628236,2025,2024/25,1.4299999999999997,-0.72,1.2390434325769712,0.8316540235862354
1748,Chelsea,8,2025-03-09 14:00:00+00:00,1.78,0.1,1.0,0.0,1,228.0,37.0,True,13,Leicester,13,2025-03-09 14:00:00+00:00,1.819788914441156,0.9530367932578852,2025,2024/25,-0.78,-0.1,0.9781354232211185,0.1049277433016594
1749,Chelsea,8,2025-03-16 13:30:00+00:00,0.35,0.71,0.0,1.0,0,60.0,148.0,False,3,Arsenal,3,2025-03-16 13:30:00+00:00,0.8672402998180435,1.5932488951010493,2025,2024/25,-0.35,0.29000000000000004,0.4035790311790559,0.4456303106081673
1750,Chelsea,8,2025-04-03 19:00:00+00:00,1.1,0.79,1.0,0.0,1,161.0,110.0,True,6,Spurs,6,2025-04-03 19:00:00+00:00,1.5306315162754809,1.497702504256177,2025,2024/25,-0.10000000000000009,-0.79,0.7186576183121162,0.5274745804022994
1751,Chelsea,8,2025-04-06 13:00:00+00:00,1.23,1.18,0.0,0.0,1,156.0,100.0,False,94,Brentford,94,2025-04-06 13:00:00+00:00,1.47891242312203,1.4161994156940805,2025,2024/25,-1.23,-1.18,0.8316922495000967,0.8332159912816239
1752,Chelsea,8,2025-04-13 13:00:00+00:00,2.27,1.07,1.0,2.0,0,276.0,103.0,True,40,Ipswich,40,2025-04-13 13:00:00+00:00,1.8687954815193093,0.9440753298857014,2025,2024/25,-1.27,0.9299999999999999,1.2146861561087017,1.1333841337952812
1753,Chelsea,8,2025-04-13 13:00:00+00:00,2.27,1.07,1.0,2.0,0,276.0,103.0,True,40,Ipswich Town,40,2025-04-13 13:00:00+00:00,1.8687954815193093,0.9440753298857014,2025,2024/25,-1.27,0.9299999999999999,1.2146861561087017,1.1333841337952812
1754,Chelsea,8,2025-04-20 13:00:00+00:00,0.91,0.25,2.0,1.0,0,153.0,60.0,False,54,Fulham,54,2025-04-20 13:00:00+00:00,1.2948020121503188,1.2889582679511022,2025,2024/25,1.0899999999999999,0.75,0.7028101527960512,0.1939550769144715
1755,Chelsea,8,2025-04-26 11:30:00+00:00,0.89,0.44,1.0,0.0,1,140.0,59.0,True,11,Everton,11,2025-04-26 11:30:00+00:00,1.2249066310291494,1.023585339002474,2025,2024/25,0.10999999999999999,-0.44,0.7265859923153771,0.4298615691670595
1756,Chelsea,8,2025-05-04 15:30:00+00:00,3.14,1.05,2.0,1.0,0,191.0,118.0,True,14,Liverpool,14,2025-05-04 15:30:00+00:00,1.0119570000380145,1.9697462792264804,2025,2024/25,-1.1400000000000001,-0.050000000000000044,3.102898640833598,0.5330635783266133
1757,Chelsea,8,2025-05-11 11:00:00+00:00,0.68,1.57,0.0,2.0,0,98.0,214.0,False,4,Newcastle,4,2025-05-11 11:00:00+00:00,1.2192376196940695,1.7441877870264708,2025,2024/25,-0.68,0.42999999999999994,0.5577255729450222,0.9001324350955181
1758,Chelsea,8,2025-05-16 19:15:00+00:00,0.8200000000000001,0.29,1.0,0.0,1,85.0,49.0,True,1,Man Utd,1,2025-05-16 19:15:00+00:00,1.4219113066877904,1.265716627108716,2025,2024/25,0.17999999999999994,-0.29,0.5766885713217328,0.22911921498767754
1759,Chelsea,8,2025-05-25 15:00:00+00:00,1.07,1.35,1.0,0.0,1,79.0,103.0,False,17,Nott'm Forest,17,2025-05-25 15:00:00+00:00,1.469004333116362,1.1854515640938754,2025,2024/25,-0.07000000000000006,-1.35,0.7283845090709095,1.1388065450248073
1760,Crystal Palace,31,2024-08-18 13:00:00+00:00,0.62,1.59,0.0,2.0,0,107.0,141.0,False,94,Brentford,94,2024-08-18 13:00:00+00:00,1.4973096870032223,1.39465268951293,2025,2024/25,-0.62,0.4099999999999999,0.414075996022502,1.1400687869861659
1761,Crystal Palace,31,2024-08-24 14:00:00+00:00,1.01,1.39,0.0,2.0,0,65.0,121.0,True,21,West Ham,21,2024-08-24 14:00:00+00:00,1.7878212446837414,1.2690544994375506,2025,2024/25,-1.01,0.6100000000000001,0.5649334367198803,1.0953036300773944
1762,Crystal Palace,31,2024-09-01 12:30:00+00:00,0.45,2.27,1.0,1.0,0,82.0,181.0,True,8,Chelsea,8,2024-09-01 12:30:00+00:00,1.5045230956270796,1.7076482991133983,2025,2024/25,0.55,-1.27,0.2990981004598282,1.3293135367385496
1763,Crystal Palace,31,2024-09-14 14:00:00+00:00,2.54,1.23,2.0,2.0,0,201.0,102.0,True,13,Leicester,13,2024-09-14 14:00:00+00:00,1.6697669186438917,1.2102080603529686,2025,2024/25,-0.54,0.77,1.5211703930886784,1.0163541628050792
1764,Crystal Palace,31,2024-09-21 16:30:00+00:00,1.04,1.7,0.0,0.0,1,114.0,234.0,True,1,Man Utd,1,2024-09-21 16:30:00+00:00,1.6328455649121134,1.460920554507091,2025,2024/25,-1.04,-1.7,0.6369249011347727,1.1636498608739019
1765,Crystal Palace,31,2024-09-28 14:00:00+00:00,0.95,0.89,1.0,2.0,0,158.0,91.0,False,11,Everton,11,2024-09-28 14:00:00+00:00,1.554786678122134,1.1327431058905886,2025,2024/25,0.050000000000000044,1.1099999999999999,0.6110162978418407,0.7857033032218383
1766,Crystal Palace,31,2024-10-05 11:30:00+00:00,0.65,1.4,0.0,1.0,0,97.0,123.0,True,14,Liverpool,14,2024-10-05 11:30:00+00:00,1.077781898908204,2.0301488749557204,2025,2024/25,-0.65,-0.3999999999999999,0.6030904774504487,0.6896045985940491
1767,Crystal Palace,31,2024-10-21 19:00:00+00:00,1.12,1.62,0.0,1.0,0,157.0,192.0,False,17,Nott'm Forest,17,2024-10-21 19:00:00+00:00,1.352720361268621,1.1958494509802569,2025,2024/25,-1.12,-0.6200000000000001,0.8279612195307174,1.3546855740679233
1768,Crystal Palace,31,2024-10-27 14:00:00+00:00,0.83,0.72,1.0,0.0,1,130.0,145.0,True,6,Spurs,6,2024-10-27 14:00:00+00:00,1.3963294583102095,1.7245143171181676,2025,2024/25,0.17000000000000004,-0.72,0.5944155908623727,0.4175088561764976
1769,Crystal Palace,31,2024-11-02 17:30:00+00:00,2.51,1.53,2.0,2.0,0,211.0,123.0,False,39,Wolves,39,2024-11-02 17:30:00+00:00,1.7858706431601847,1.041076559202087,2025,2024/25,-0.5099999999999998,0.47,1.4054769362009518,1.4696325514932724
1770,Crystal Palace,31,2024-11-09 15:00:00+00:00,1.57,1.83,0.0,2.0,0,104.0,180.0,True,54,Fulham,54,2024-11-09 15:00:00+00:00,1.3668649317048225,1.3865845493464386,2025,2024/25,-1.57,0.16999999999999993,1.148613856119505,1.319789695379603
1771,Crystal Palace,31,2024-11-23 15:00:00+00:00,1.26,3.11,2.0,2.0,0,137.0,239.0,False,7,Aston Villa,7,2024-11-23 15:00:00+00:00,1.467678319160961,1.4592112400563684,2025,2024/25,0.74,-1.1099999999999999,0.8584987483635473,2.1312884074822933
1772,Crystal Palace,31,2024-11-30 15:00:00+00:00,1.8,0.04,1.0,1.0,0,140.0,30.0,True,4,Newcastle,4,2024-11-30 15:00:00+00:00,1.3113674942014173,1.6246798336106871,2025,2024/25,-0.8,0.96,1.3726129463778916,0.024620235428850022
1773,Crystal Palace,31,2024-12-03 19:30:00+00:00,1.65,0.49,1.0,0.0,1,114.0,88.0,False,40,Ipswich,40,2024-12-03 19:30:00+00:00,1.8368575566235648,0.9252113261968956,2025,2024/25,-0.6499999999999999,-0.49,0.8982732460937044,0.5296087349191425
1774,Crystal Palace,31,2024-12-03 19:30:00+00:00,1.65,0.49,1.0,0.0,1,114.0,88.0,False,40,Ipswich Town,40,2024-12-03 19:30:00+00:00,1.8368575566235648,0.9252113261968956,2025,2024/25,-0.6499999999999999,-0.49,0.8982732460937044,0.5296087349191425
1775,Crystal Palace,31,2024-12-07 15:00:00+00:00,1.32,1.45,2.0,2.0,0,111.0,148.0,True,43,Man City,43,2024-12-07 15:00:00+00:00,1.0774268224551071,1.960199651407275,2025,2024/25,0.6799999999999999,0.55,1.2251412091191003,0.7397205682385515
1776,Crystal Palace,31,2024-12-15 14:00:00+00:00,2.32,1.0,3.0,1.0,0,173.0,156.0,False,36,Brighton,36,2024-12-15 14:00:00+00:00,1.4375947511626903,1.3934036949477009,2025,2024/25,0.6800000000000002,0.0,1.61380667126368,0.717667107978735
1777,Crystal Palace,31,2024-12-21 17:30:00+00:00,1.59,2.87,1.0,5.0,0,138.0,216.0,True,3,Arsenal,3,2024-12-21 17:30:00+00:00,0.911875272494945,1.774882061787863,2025,2024/25,-0.5900000000000001,2.13,1.7436595200675475,1.617008849088829
1778,Crystal Palace,31,2024-12-26 15:00:00+00:00,0.45,1.47,0.0,0.0,1,99.0,160.0,False,91,Bournemouth,91,2024-12-26 15:00:00+00:00,1.4120379729965538,1.601167186633246,2025,2024/25,-0.45,-1.47,0.3186883133496993,0.9180802681142564
1779,Crystal Palace,31,2024-12-29 15:00:00+00:00,2.02,0.94,2.0,1.0,0,218.0,105.0,True,20,Southampton,20,2024-12-29 15:00:00+00:00,1.93771234451774,0.9223284793824098,2025,2024/25,-0.020000000000000018,0.06000000000000005,1.0424663937942449,1.019159682274392
1780,Crystal Palace,31,2025-01-04 15:00:00+00:00,1.08,1.24,1.0,1.0,0,139.0,113.0,True,8,Chelsea,8,2025-01-04 15:00:00+00:00,1.380445517944896,1.713435297723176,2025,2024/25,-0.08000000000000007,-0.24,0.7823561205137768,0.7236923399720551
1781,Crystal Palace,31,2025-01-15 19:30:00+00:00,1.81,1.7,2.0,0.0,1,127.0,133.0,False,13,Leicester,13,2025-01-15 19:30:00+00:00,1.851723475357511,1.0913921580120791,2025,2024/25,0.18999999999999995,-1.7,0.9774677612976445,1.5576435908211694
1782,Crystal Palace,31,2025-01-18 15:00:00+00:00,1.32,0.28,2.0,0.0,1,148.0,46.0,False,21,West Ham,21,2025-01-18 15:00:00+00:00,1.7392560579473944,1.2522947799510082,2025,2024/25,0.6799999999999999,-0.28,0.7589451788702206,0.22358952898530335
1783,Crystal Palace,31,2025-01-26 14:00:00+00:00,1.07,1.53,1.0,2.0,0,139.0,151.0,True,94,Brentford,94,2025-01-26 14:00:00+00:00,1.6250351865376338,1.4469219223260978,2025,2024/25,-0.07000000000000006,0.47,0.6584472809353659,1.057417111726626
1784,Crystal Palace,31,2025-02-02 14:00:00+00:00,2.62,1.12,2.0,0.0,1,112.0,192.0,False,1,Man Utd,1,2025-02-02 14:00:00+00:00,1.445123952176294,1.2928487619830715,2025,2024/25,-0.6200000000000001,-1.12,1.8129932702688885,0.8663039583083619
1785,Crystal Palace,31,2025-02-15 17:30:00+00:00,1.74,0.96,1.0,2.0,0,142.0,144.0,True,11,Everton,11,2025-02-15 17:30:00+00:00,1.2585674996685388,1.031278697741831,2025,2024/25,-0.74,1.04,1.3825241796393544,0.9308831861863254
1786,Crystal Palace,31,2025-02-22 15:00:00+00:00,1.33,0.21,1.0,0.0,1,118.0,63.0,False,54,Fulham,54,2025-02-22 15:00:00+00:00,1.2586075502922196,1.3604111147489235,2025,2024/25,-0.33000000000000007,-0.21,1.0567233604241488,0.15436510163970354
1787,Crystal Palace,31,2025-02-25 19:30:00+00:00,4.34,0.38,4.0,1.0,0,206.0,84.0,True,7,Aston Villa,7,2025-02-25 19:30:00+00:00,1.4385767849072222,1.3849603570490534,2025,2024/25,-0.33999999999999986,0.62,3.016870594279678,0.27437608453260653
1788,Crystal Palace,31,2025-03-08 15:00:00+00:00,3.26,1.48,1.0,0.0,1,172.0,182.0,True,40,Ipswich,40,2025-03-08 15:00:00+00:00,1.8351313698973524,0.923059767887721,2025,2024/25,-2.26,-1.48,1.7764395800080226,1.6033631314977037
1789,Crystal Palace,31,2025-03-08 15:00:00+00:00,3.26,1.48,1.0,0.0,1,172.0,182.0,True,40,Ipswich Town,40,2025-03-08 15:00:00+00:00,1.8351313698973524,0.923059767887721,2025,2024/25,-2.26,-1.48,1.7764395800080226,1.6033631314977037
1790,Crystal Palace,31,2025-04-02 18:45:00+00:00,0.75,0.67,1.0,1.0,0,98.0,89.0,False,20,Southampton,20,2025-04-02 18:45:00+00:00,2.025641319030663,0.848094872265466,2025,2024/25,0.25,0.32999999999999996,0.37025311093027075,0.7900059555958268
1791,Crystal Palace,31,2025-04-05 14:00:00+00:00,0.6,1.0,2.0,1.0,0,83.0,153.0,True,36,Brighton,36,2025-04-05 14:00:00+00:00,1.32765944246791,1.4217610980916806,2025,2024/25,1.4,0.0,0.45192312185472383,0.7033530466843004
1792,Crystal Palace,31,2025-04-12 11:30:00+00:00,1.82,3.81,2.0,5.0,0,90.0,197.0,False,43,Man City,43,2025-04-12 11:30:00+00:00,1.1439682035801708,1.7074061205807516,2025,2024/25,0.17999999999999994,1.19,1.5909533099819693,2.2314550440431122
1793,Crystal Palace,31,2025-04-16 18:30:00+00:00,2.0,1.39,0.0,5.0,0,120.0,145.0,False,4,Newcastle,4,2025-04-16 18:30:00+00:00,1.259581595343894,1.7106690784483618,2025,2024/25,-2.0,3.6100000000000003,1.587828853162907,0.8125475683822962
1794,Crystal Palace,31,2025-04-19 14:00:00+00:00,0.36,0.72,0.0,0.0,1,46.0,141.0,True,91,Bournemouth,91,2025-04-19 14:00:00+00:00,1.3440013744073247,1.5647518239017304,2025,2024/25,-0.36,-0.72,0.2678568689401468,0.46013686579682006
1795,Crystal Palace,31,2025-04-23 19:00:00+00:00,1.75,1.22,2.0,2.0,0,151.0,120.0,False,3,Arsenal,3,2025-04-23 19:00:00+00:00,0.8505994110976234,1.615641750792931,2025,2024/25,0.25,0.78,2.0573726917372066,0.7551178962794466
1796,Crystal Palace,31,2025-05-05 19:00:00+00:00,2.56,0.71,1.0,1.0,0,177.0,100.0,True,17,Nott'm Forest,17,2025-05-05 19:00:00+00:00,1.4442166852959435,1.1710837708617272,2025,2024/25,-1.56,0.29000000000000004,1.772587192811316,0.60627601343801
1797,Crystal Palace,31,2025-05-11 13:15:00+00:00,3.38,0.68,2.0,0.0,1,293.0,68.0,False,6,Spurs,6,2025-05-11 13:15:00+00:00,1.5620543391280235,1.4154019438238978,2025,2024/25,-1.38,-0.68,2.1638171703340343,0.4804289007565505
1798,Crystal Palace,31,2025-05-20 19:00:00+00:00,1.7,1.52,4.0,2.0,0,181.0,145.0,True,39,Wolves,39,2025-05-20 19:00:00+00:00,1.4080864664359984,1.138784131535278,2025,2024/25,2.3,0.48,1.2073122216016057,1.3347569200413576
1799,Crystal Palace,31,2025-05-25 15:00:00+00:00,1.76,2.17,1.0,1.0,0,106.0,139.0,False,14,Liverpool,14,2025-05-25 15:00:00+00:00,1.1605503718713477,1.951675884453682,2025,2024/25,-0.76,-1.17,1.5165218526121018,1.1118649450379574
1800,Everton,11,2024-08-17 14:00:00+00:00,0.46,1.43,0.0,3.0,0,68.0,160.0,True,36,Brighton,36,2024-08-17 14:00:00+00:00,1.4126185061713517,1.355399247239451,2025,2024/25,-0.46,1.57,0.32563639651497084,1.0550396887946403
1801,Everton,11,2024-08-24 14:00:00+00:00,1.0,2.43,0.0,4.0,0,96.0,182.0,False,6,Spurs,6,2024-08-24 14:00:00+00:00,1.5286748915319728,1.662934718507434,2025,2024/25,-1.0,1.5699999999999998,0.6541613298808373,1.4612720348884443
1802,Everton,11,2024-08-31 14:00:00+00:00,1.97,2.22,2.0,3.0,0,203.0,250.0,True,91,Bournemouth,91,2024-08-31 14:00:00+00:00,1.511587405509325,1.4611006079866715,2025,2024/25,0.030000000000000027,0.7799999999999998,1.3032656879912374,1.5194025571305843
1803,Everton,11,2024-09-14 16:30:00+00:00,0.89,2.12,2.0,3.0,0,80.0,195.0,False,7,Aston Villa,7,2024-09-14 16:30:00+00:00,1.5529823300997043,1.489394057460383,2025,2024/25,1.1099999999999999,0.8799999999999999,0.57309087344404,1.4233976491183837
1804,Everton,11,2024-09-21 14:00:00+00:00,1.1,0.66,1.0,1.0,0,151.0,125.0,False,13,Leicester,13,2024-09-21 14:00:00+00:00,1.6782099017582632,1.1901461423495538,2025,2024/25,-0.10000000000000009,0.33999999999999997,0.6554603204566535,0.554553744716633
1805,Everton,11,2024-09-28 14:00:00+00:00,0.89,0.95,2.0,1.0,0,91.0,158.0,True,31,Crystal Palace,31,2024-09-28 14:00:00+00:00,1.373893494049574,1.2285379613056169,2025,2024/25,1.1099999999999999,0.050000000000000044,0.6477940275972268,0.7732768786325468
1806,Everton,11,2024-10-05 16:30:00+00:00,0.72,2.05,0.0,0.0,1,56.0,146.0,True,4,Newcastle,4,2024-10-05 16:30:00+00:00,1.4412265462458853,1.70483429268529,2025,2024/25,-0.72,-2.05,0.4995744783326812,1.2024629072723767
1807,Everton,11,2024-10-19 14:15:00+00:00,1.74,1.25,2.0,0.0,1,163.0,92.0,False,40,Ipswich,40,2024-10-19 14:15:00+00:00,1.9193148780091824,0.8364471354957911,2025,2024/25,0.26,-1.25,0.9065734965827089,1.4944160209946584
1808,Everton,11,2024-10-19 14:15:00+00:00,1.74,1.25,2.0,0.0,1,163.0,92.0,False,40,Ipswich Town,40,2024-10-19 14:15:00+00:00,1.9193148780091824,0.8364471354957911,2025,2024/25,0.26,-1.25,0.9065734965827089,1.4944160209946584
1809,Everton,11,2024-10-26 16:30:00+00:00,0.79,1.26,1.0,1.0,0,128.0,110.0,True,54,Fulham,54,2024-10-26 16:30:00+00:00,1.4078844298574895,1.3584856534937693,2025,2024/25,0.20999999999999996,-0.26,0.5611256032428502,0.927503354017407
1810,Everton,11,2024-11-02 15:00:00+00:00,1.56,0.74,0.0,1.0,0,132.0,89.0,False,20,Southampton,20,2024-11-02 15:00:00+00:00,1.881454305508056,0.989078360493129,2025,2024/25,-1.56,0.26,0.8291458343862077,0.7481712567556882
1811,Everton,11,2024-11-09 15:00:00+00:00,1.11,0.83,0.0,0.0,1,139.0,134.0,False,21,West Ham,21,2024-11-09 15:00:00+00:00,1.745456327043199,1.24756549018226,2025,2024/25,-1.11,-0.83,0.6359368508980908,0.6652957351992345
1812,Everton,11,2024-11-23 15:00:00+00:00,1.18,1.1,0.0,0.0,1,184.0,69.0,True,94,Brentford,94,2024-11-23 15:00:00+00:00,1.6072209408008455,1.433025818625968,2025,2024/25,-1.18,-1.1,0.7341865514843465,0.7676065467227353
1813,Everton,11,2024-12-01 13:30:00+00:00,0.6499999999999999,0.73,0.0,4.0,0,60.0,124.0,False,1,Man Utd,1,2024-12-01 13:30:00+00:00,1.514460795627225,1.3809272480563153,2025,2024/25,-0.6499999999999999,3.27,0.42919565952236993,0.528630310559438
1814,Everton,11,2024-12-04 19:30:00+00:00,1.02,0.78,2.0,0.0,1,102.0,59.0,True,39,Wolves,39,2024-12-04 19:30:00+00:00,1.7826892615351426,1.053749129865089,2025,2024/25,0.98,-0.78,0.5721692624779927,0.7402141343640901
1815,Everton,11,2024-12-14 15:00:00+00:00,0.09,1.22,0.0,0.0,1,21.0,208.0,False,3,Arsenal,3,2024-12-14 15:00:00+00:00,0.910867117898586,1.7769817675170292,2025,2024/25,-0.09,-1.22,0.09880694805147243,0.6865574100429302
1816,Everton,11,2024-12-22 14:00:00+00:00,1.03,0.86,0.0,0.0,1,56.0,112.0,True,8,Chelsea,8,2024-12-22 14:00:00+00:00,1.3647274379991434,1.7938328837557478,2025,2024/25,-1.03,-0.86,0.7547294582939619,0.47942035614790274
1817,Everton,11,2024-12-26 12:30:00+00:00,0.65,2.09,1.0,1.0,0,82.0,219.0,False,43,Man City,43,2024-12-26 12:30:00+00:00,1.1496028595203616,1.8646921598126969,2025,2024/25,0.35,-1.0899999999999999,0.5654126506532818,1.1208284375528959
1818,Everton,11,2024-12-29 15:00:00+00:00,0.88,1.48,0.0,2.0,0,109.0,126.0,True,17,Nott'm Forest,17,2024-12-29 15:00:00+00:00,1.2677269791844843,1.2060024164594083,2025,2024/25,-0.88,0.52,0.6941557720622897,1.227194887672776
1819,Everton,11,2025-01-04 15:00:00+00:00,0.71,1.84,0.0,1.0,0,49.0,230.0,False,91,Bournemouth,91,2025-01-04 15:00:00+00:00,1.3584502940911285,1.6050526492731694,2025,2024/25,-0.71,-0.8400000000000001,0.5226543827833064,1.1463798404577097
1820,Everton,11,2025-01-15 19:30:00+00:00,1.14,1.21,0.0,1.0,0,73.0,93.0,True,7,Aston Villa,7,2025-01-15 19:30:00+00:00,1.3876936838763567,1.440018372172498,2025,2024/25,-1.14,-0.20999999999999996,0.8215069458380367,0.8402670572699162
1821,Everton,11,2025-01-19 14:00:00+00:00,1.95,1.12,2.0,2.0,0,147.0,149.0,True,6,Spurs,6,2025-01-19 14:00:00+00:00,1.5379642252978445,1.643914290254565,2025,2024/25,0.050000000000000044,0.8799999999999999,1.2679098563702675,0.6813007263453892
1822,Everton,11,2025-01-25 15:00:00+00:00,0.8500000000000001,0.73,1.0,0.0,1,32.0,106.0,True,36,Brighton,36,2025-01-25 15:00:00+00:00,1.375056561434415,1.349372679765298,2025,2024/25,0.1499999999999999,-0.73,0.6181563899548301,0.5409921298591668
1823,Everton,11,2025-02-01 15:00:00+00:00,2.47,0.33,4.0,0.0,1,179.0,70.0,True,13,Leicester,13,2025-02-01 15:00:00+00:00,1.8277189873282744,1.0601487361621116,2025,2024/25,1.5299999999999998,-0.33,1.3514112492810506,0.3112770772096062
1824,Everton,11,2025-02-12 19:30:00+00:00,0.98,0.65,2.0,2.0,0,83.0,102.0,True,14,Liverpool,14,2025-02-12 19:30:00+00:00,1.0549554210360546,2.078133209051882,2025,2024/25,1.02,1.35,0.9289492053015452,0.3127807193344228
1825,Everton,11,2025-02-15 17:30:00+00:00,0.97,1.72,2.0,1.0,0,144.0,142.0,False,31,Crystal Palace,31,2025-02-15 17:30:00+00:00,1.3040505206316302,1.292292192401196,2025,2024/25,1.03,-0.72,0.7438362123655843,1.3309683445537839
1826,Everton,11,2025-02-22 12:30:00+00:00,1.91,0.41,2.0,2.0,0,177.0,82.0,True,1,Man Utd,1,2025-02-22 12:30:00+00:00,1.4955320452337917,1.2530820470241657,2025,2024/25,0.09000000000000008,1.59,1.2771374616057898,0.3271932599893781
1827,Everton,11,2025-02-26 19:30:00+00:00,1.37,1.48,1.0,1.0,0,102.0,155.0,False,94,Brentford,94,2025-02-26 19:30:00+00:00,1.515565811797524,1.4877403872392634,2025,2024/25,-0.3700000000000001,-0.48,0.903952826947926,0.9947972191212562
1828,Everton,11,2025-03-08 20:00:00+00:00,1.42,0.77,1.0,1.0,0,126.0,115.0,False,39,Wolves,39,2025-03-08 20:00:00+00:00,1.5556016325146873,1.0975846446136766,2025,2024/25,-0.41999999999999993,0.22999999999999998,0.9128301040058164,0.7015404267713872
1829,Everton,11,2025-03-15 15:00:00+00:00,1.0,0.83,1.0,1.0,0,177.0,157.0,True,21,West Ham,21,2025-03-15 15:00:00+00:00,1.5754296564456385,1.1496029950396809,2025,2024/25,0.0,0.17000000000000004,0.6347474772413019,0.7219883764928351
1830,Everton,11,2025-04-02 19:00:00+00:00,0.66,1.47,0.0,1.0,0,45.0,156.0,False,14,Liverpool,14,2025-04-02 19:00:00+00:00,0.9986039512403724,2.017580983125708,2025,2024/25,-0.66,-0.47,0.6609226802880259,0.7285952892570506
1831,Everton,11,2025-04-05 11:30:00+00:00,1.08,1.79,1.0,1.0,0,73.0,185.0,True,3,Arsenal,3,2025-04-05 11:30:00+00:00,0.8565647044180359,1.5875331907677248,2025,2024/25,-0.08000000000000007,-0.79,1.2608504581492996,1.1275354810908633
1832,Everton,11,2025-04-12 14:00:00+00:00,1.35,0.52,1.0,0.0,1,148.0,99.0,False,17,Nott'm Forest,17,2025-04-12 14:00:00+00:00,1.414401881146332,1.2142290566588263,2025,2024/25,-0.3500000000000001,-0.52,0.9544670563544952,0.4282552761757121
1833,Everton,11,2025-04-19 14:00:00+00:00,0.92,2.04,0.0,2.0,0,90.0,156.0,True,43,Man City,43,2025-04-19 14:00:00+00:00,1.1489234139135045,1.7177500794349183,2025,2024/25,-0.92,-0.040000000000000036,0.8007496312276053,1.1876000032968073
1834,Everton,11,2025-04-26 11:30:00+00:00,0.45,0.88,0.0,1.0,0,59.0,140.0,False,8,Chelsea,8,2025-04-26 11:30:00+00:00,1.2319163622290834,1.5752555463998663,2025,2024/25,-0.45,0.12,0.3652845386238318,0.5586395185283918
1835,Everton,11,2025-05-03 14:00:00+00:00,0.56,0.85,2.0,2.0,0,109.0,119.0,True,40,Ipswich,40,2025-05-03 14:00:00+00:00,1.9429557934733144,0.917155956935256,2025,2024/25,1.44,1.15,0.2882206594103302,0.926778039844322
1836,Everton,11,2025-05-03 14:00:00+00:00,0.56,0.85,2.0,2.0,0,109.0,119.0,True,40,Ipswich Town,40,2025-05-03 14:00:00+00:00,1.9429557934733144,0.917155956935256,2025,2024/25,1.44,1.15,0.2882206594103302,0.926778039844322
1837,Everton,11,2025-05-10 14:00:00+00:00,1.12,0.79,3.0,1.0,0,177.0,159.0,False,54,Fulham,54,2025-05-10 14:00:00+00:00,1.2793795226873954,1.278831594032908,2025,2024/25,1.88,0.20999999999999996,0.8754243601205909,0.6177513940742311
1838,Everton,11,2025-05-18 11:00:00+00:00,2.73,1.21,2.0,0.0,1,183.0,88.0,True,20,Southampton,20,2025-05-18 11:00:00+00:00,1.9638736211755123,0.7786072208124073,2025,2024/25,-0.73,-1.21,1.3901098169269714,1.5540569977471732
1839,Everton,11,2025-05-25 15:00:00+00:00,0.99,1.27,1.0,0.0,1,108.0,181.0,False,4,Newcastle,4,2025-05-25 15:00:00+00:00,1.2116493533791604,1.7061421536477377,2025,2024/25,0.010000000000000009,-1.27,0.8170680710875601,0.7443693934205515
1840,Fulham,54,2024-08-16 19:00:00+00:00,0.44,2.43,0.0,1.0,0,89.0,128.0,False,1,Man Utd,1,2024-08-16 19:00:00+00:00,1.6802861572511758,1.470932566704987,2025,2024/25,-0.44,-1.4300000000000002,0.26186015881949987,1.6520131887781946
1841,Fulham,54,2024-08-24 14:00:00+00:00,1.78,0.61,2.0,1.0,0,195.0,98.0,True,13,Leicester,13,2024-08-24 14:00:00+00:00,1.6440505805214245,1.2473520202985444,2025,2024/25,0.21999999999999997,0.39,1.082691749931111,0.4890359658486792
1842,Fulham,54,2024-08-31 14:00:00+00:00,0.94,0.45,1.0,1.0,0,114.0,97.0,False,40,Ipswich,40,2024-08-31 14:00:00+00:00,2.1161639137356163,0.6844276487110441,2025,2024/25,0.06000000000000005,0.55,0.44419999504699953,0.6574836666044503
1843,Fulham,54,2024-08-31 14:00:00+00:00,0.94,0.45,1.0,1.0,0,114.0,97.0,False,40,Ipswich Town,40,2024-08-31 14:00:00+00:00,2.1161639137356163,0.6844276487110441,2025,2024/25,0.06000000000000005,0.55,0.44419999504699953,0.6574836666044503
1844,Fulham,54,2024-09-14 14:00:00+00:00,1.55,0.76,1.0,1.0,0,178.0,86.0,True,21,West Ham,21,2024-09-14 14:00:00+00:00,1.7751771116634285,1.247348800231917,2025,2024/25,-0.55,0.24,0.8731523124177585,0.6092922844505841
1845,Fulham,54,2024-09-21 14:00:00+00:00,2.3,1.54,3.0,1.0,0,268.0,134.0,True,4,Newcastle,4,2024-09-21 14:00:00+00:00,1.469895278123635,1.7264495384996037,2025,2024/25,0.7000000000000002,-0.54,1.5647373212437408,0.8920040613167064
1846,Fulham,54,2024-09-28 14:00:00+00:00,1.33,0.8,1.0,0.0,1,105.0,97.0,False,17,Nott'm Forest,17,2024-09-28 14:00:00+00:00,1.3458423136433963,1.2070852741244789,2025,2024/25,-0.33000000000000007,-0.8,0.9882286999875128,0.6627535080984687
1847,Fulham,54,2024-10-05 14:00:00+00:00,2.6,1.57,2.0,3.0,0,137.0,186.0,False,43,Man City,43,2024-10-05 14:00:00+00:00,0.8873140645475865,2.097328811884686,2025,2024/25,-0.6000000000000001,1.43,2.930191353752133,0.7485712259820522
1848,Fulham,54,2024-10-19 14:00:00+00:00,1.78,1.68,1.0,3.0,0,129.0,146.0,True,7,Aston Villa,7,2024-10-19 14:00:00+00:00,1.455731258995232,1.4470390714120798,2025,2024/25,-0.78,1.32,1.2227531620283976,1.1609914571004551
1849,Fulham,54,2024-10-26 16:30:00+00:00,1.25,0.79,1.0,1.0,0,110.0,128.0,False,11,Everton,11,2024-10-26 16:30:00+00:00,1.5225286385936556,1.105226010874267,2025,2024/25,-0.25,0.20999999999999996,0.8210026191393105,0.7147859281515517
1850,Fulham,54,2024-11-04 20:00:00+00:00,1.36,0.59,2.0,1.0,0,281.0,47.0,True,94,Brentford,94,2024-11-04 20:00:00+00:00,1.5942559119220392,1.450379882225088,2025,2024/25,0.6399999999999999,0.41000000000000003,0.853062541483933,0.4067899777366303
1851,Fulham,54,2024-11-09 15:00:00+00:00,1.82,1.52,2.0,0.0,1,180.0,104.0,False,31,Crystal Palace,31,2024-11-09 15:00:00+00:00,1.357213793772666,1.2173891276366882,2025,2024/25,0.17999999999999994,-1.52,1.34098253963432,1.2485736610370168
1852,Fulham,54,2024-11-23 15:00:00+00:00,1.03,1.32,1.0,4.0,0,85.0,133.0,True,39,Wolves,39,2024-11-23 15:00:00+00:00,1.760553273656957,1.0569439436008523,2025,2024/25,-0.030000000000000027,2.6799999999999997,0.5850433584781685,1.2488836404161177
1853,Fulham,54,2024-12-01 13:30:00+00:00,1.48,0.65,1.0,1.0,0,199.0,101.0,False,6,Spurs,6,2024-12-01 13:30:00+00:00,1.392857079033624,1.7305303535222656,2025,2024/25,-0.48,0.35,1.0625641512529314,0.375607396123975
1854,Fulham,54,2024-12-05 19:30:00+00:00,0.66,1.34,2.0,1.0,0,77.0,101.0,True,36,Brighton,36,2024-12-05 19:30:00+00:00,1.4224007620138337,1.4050421332341636,2025,2024/25,1.3399999999999999,-0.3400000000000001,0.46400425085935176,0.953708054943201
1855,Fulham,54,2024-12-08 14:00:00+00:00,0.16,2.03,1.0,1.0,0,36.0,166.0,True,3,Arsenal,3,2024-12-08 14:00:00+00:00,0.9265728424330648,1.803011453309824,2025,2024/25,0.84,-1.0299999999999998,0.17267935414539018,1.1258941235639344
1856,Fulham,54,2024-12-14 15:00:00+00:00,1.22,2.13,2.0,2.0,0,128.0,175.0,False,14,Liverpool,14,2024-12-14 15:00:00+00:00,1.1316945170361024,2.015073738983446,2025,2024/25,0.78,-0.1299999999999999,1.0780294342992567,1.0570332781342935
1857,Fulham,54,2024-12-22 14:00:00+00:00,1.04,0.26,0.0,0.0,1,174.0,52.0,True,20,Southampton,20,2024-12-22 14:00:00+00:00,1.94321883439808,0.9389311195131872,2025,2024/25,-1.04,-0.26,0.5351944832925337,0.276910621659663
1858,Fulham,54,2024-12-26 15:00:00+00:00,1.78,1.12,2.0,1.0,0,186.0,153.0,False,8,Chelsea,8,2024-12-26 15:00:00+00:00,1.3569262092897971,1.7612467321689596,2025,2024/25,0.21999999999999997,-0.1200000000000001,1.3117883550437395,0.6359131741983306
1859,Fulham,54,2024-12-29 15:00:00+00:00,1.11,1.98,2.0,2.0,0,146.0,207.0,True,91,Bournemouth,91,2024-12-29 15:00:00+00:00,1.380112894741911,1.5957290852021415,2025,2024/25,0.8899999999999999,0.020000000000000018,0.8042820295564128,1.2408121267960597
1860,Fulham,54,2025-01-05 14:00:00+00:00,2.24,1.59,2.0,2.0,0,152.0,78.0,True,40,Ipswich,40,2025-01-05 14:00:00+00:00,1.819190974685492,0.9229192419557616,2025,2024/25,-0.2400000000000002,0.4099999999999999,1.231316574878709,1.7227942898130775
1861,Fulham,54,2025-01-05 14:00:00+00:00,2.24,1.59,2.0,2.0,0,152.0,78.0,True,40,Ipswich Town,40,2025-01-05 14:00:00+00:00,1.819190974685492,0.9229192419557616,2025,2024/25,-0.2400000000000002,0.4099999999999999,1.231316574878709,1.7227942898130775
1862,Fulham,54,2025-01-14 19:30:00+00:00,1.97,0.95,2.0,3.0,0,143.0,51.0,False,21,West Ham,21,2025-01-14 19:30:00+00:00,1.747234813202066,1.2832125104170504,2025,2024/25,0.030000000000000027,2.05,1.1274958495073044,0.7403294405937838
1863,Fulham,54,2025-01-18 15:00:00+00:00,2.2,0.47,2.0,0.0,1,154.0,119.0,False,13,Leicester,13,2025-01-18 15:00:00+00:00,1.850372323683852,1.0746588613551284,2025,2024/25,-0.20000000000000018,-0.47,1.1889499058330513,0.4373480896136074
1864,Fulham,54,2025-01-26 19:00:00+00:00,0.67,0.25,0.0,1.0,0,91.0,31.0,True,1,Man Utd,1,2025-01-26 19:00:00+00:00,1.4603938202179605,1.3146011359934886,2025,2024/25,-0.67,0.75,0.45878035823241436,0.19017175107723192
1865,Fulham,54,2025-02-01 15:00:00+00:00,1.56,0.75,2.0,1.0,0,146.0,153.0,False,4,Newcastle,4,2025-02-01 15:00:00+00:00,1.2380263154922355,1.7434159831773677,2025,2024/25,0.43999999999999995,0.25,1.2600701459078023,0.4301899301353934
1866,Fulham,54,2025-02-15 15:00:00+00:00,2.2,0.42,2.0,1.0,0,370.0,77.0,True,17,Nott'm Forest,17,2025-02-15 15:00:00+00:00,1.3390985989637392,1.2910698604906887,2025,2024/25,-0.20000000000000018,0.5800000000000001,1.6428962002517733,0.3253115984292076
1867,Fulham,54,2025-02-22 15:00:00+00:00,0.21,1.29,0.0,2.0,0,63.0,118.0,True,31,Crystal Palace,31,2025-02-22 15:00:00+00:00,1.2958447194645153,1.3010549413909995,2025,2024/25,-0.21,0.71,0.16205645386800568,0.9915030941128586
1868,Fulham,54,2025-02-25 19:30:00+00:00,1.69,1.31,2.0,1.0,0,110.0,140.0,False,39,Wolves,39,2025-02-25 19:30:00+00:00,1.5958757833490562,1.1010410254419594,2025,2024/25,0.31000000000000005,-0.31000000000000005,1.0589796634756983,1.189783095933382
1869,Fulham,54,2025-03-08 15:00:00+00:00,0.9,1.54,1.0,2.0,0,73.0,137.0,False,36,Brighton,36,2025-03-08 15:00:00+00:00,1.3189605203872523,1.4370852303481858,2025,2024/25,0.09999999999999998,0.45999999999999996,0.6823555262562039,1.0716135462799792
1870,Fulham,54,2025-03-16 13:30:00+00:00,0.98,0.95,2.0,0.0,1,132.0,124.0,True,6,Spurs,6,2025-03-16 13:30:00+00:00,1.5429035136693048,1.5378560416641611,2025,2024/25,1.02,-0.95,0.6351660951690894,0.6177431269652365
1871,Fulham,54,2025-04-01 18:45:00+00:00,0.99,2.38,1.0,2.0,0,91.0,183.0,False,3,Arsenal,3,2025-04-01 18:45:00+00:00,0.8565567325866417,1.5796268926010493,2025,2024/25,0.010000000000000009,-0.3799999999999999,1.1557903432857093,1.5066849084096297
1872,Fulham,54,2025-04-06 13:00:00+00:00,0.75,1.5,3.0,2.0,0,130.0,156.0,True,14,Liverpool,14,2025-04-06 13:00:00+00:00,1.0040394495973606,1.983857092169657,2025,2024/25,2.25,0.5,0.7469826014314125,0.7561028493032813
1873,Fulham,54,2025-04-14 19:00:00+00:00,1.06,1.46,0.0,1.0,0,183.0,96.0,False,91,Bournemouth,91,2025-04-14 19:00:00+00:00,1.3646392254174278,1.602740416091856,2025,2024/25,-1.06,-0.45999999999999996,0.7767620776661743,0.9109397787322815
1874,Fulham,54,2025-04-20 13:00:00+00:00,0.25,0.9,1.0,2.0,0,60.0,153.0,True,8,Chelsea,8,2025-04-20 13:00:00+00:00,1.2711601779374169,1.5906939680391976,2025,2024/25,0.75,1.1,0.1966707298883841,0.565790791995901
1875,Fulham,54,2025-04-26 14:00:00+00:00,2.42,0.63,2.0,1.0,0,217.0,82.0,False,20,Southampton,20,2025-04-26 14:00:00+00:00,2.0035290622929134,0.8204765777528251,2025,2024/25,-0.41999999999999993,0.37,1.207868678096669,0.7678464164394372
1876,Fulham,54,2025-05-03 11:30:00+00:00,0.8500000000000001,0.96,0.0,1.0,0,105.0,106.0,False,7,Aston Villa,7,2025-05-03 11:30:00+00:00,1.3347459957666648,1.476911856371037,2025,2024/25,-0.8500000000000001,0.040000000000000036,0.6368252856317944,0.6500049382492221
1877,Fulham,54,2025-05-10 14:00:00+00:00,0.77,1.12,1.0,3.0,0,159.0,177.0,True,11,Everton,11,2025-05-10 14:00:00+00:00,1.213082130702328,1.0273381539111577,2025,2024/25,0.22999999999999998,1.88,0.6347467995049927,1.0901960525227954
1878,Fulham,54,2025-05-18 14:00:00+00:00,0.98,2.87,3.0,2.0,0,142.0,183.0,False,94,Brentford,94,2025-05-18 14:00:00+00:00,1.4001114405955328,1.4923654177681709,2025,2024/25,2.02,-0.8700000000000001,0.69994428413724,1.923121486084875
1879,Fulham,54,2025-05-25 15:00:00+00:00,1.7799999999999998,2.84,0.0,2.0,0,140.0,236.0,True,43,Man City,43,2025-05-25 15:00:00+00:00,1.0756615349424434,1.709564774078054,2025,2024/25,-1.7799999999999998,-0.8399999999999999,1.654795623137388,1.661241529459786
1880,Ipswich,40,2024-08-17 11:30:00+00:00,0.46,2.65,0.0,2.0,0,68.0,221.0,True,14,Liverpool,14,2024-08-17 11:30:00+00:00,1.1940962312454857,2.085395998600269,2025,2024/25,-0.46,-0.6499999999999999,0.3852285837299757,1.2707418647483244
1881,Ipswich,40,2024-08-24 14:00:00+00:00,0.29,3.34,1.0,4.0,0,19.0,180.0,False,43,Man City,43,2024-08-24 14:00:00+00:00,0.8611165913294563,2.099356547976344,2025,2024/25,0.71,0.6600000000000001,0.33677205028912083,1.5909636708540829
1882,Ipswich,40,2024-08-31 14:00:00+00:00,0.44,0.95,1.0,1.0,0,97.0,114.0,True,54,Fulham,54,2024-08-31 14:00:00+00:00,1.4937776792499546,1.331188834011093,2025,2024/25,0.56,0.050000000000000044,0.29455521133568535,0.7136478129383735
1883,Ipswich,40,2024-09-14 14:00:00+00:00,0.36,1.66,0.0,0.0,1,35.0,205.0,False,36,Brighton,36,2024-09-14 14:00:00+00:00,1.3643899172007217,1.4096133322794824,2025,2024/25,-0.36,-1.66,0.26385419260397447,1.1776279082971057
1884,Ipswich,40,2024-09-21 14:00:00+00:00,1.69,2.49,1.0,1.0,0,155.0,111.0,False,20,Southampton,20,2024-09-21 14:00:00+00:00,1.784421259067582,0.9676725313677426,2025,2024/25,-0.69,-1.4900000000000002,0.9470857800041452,2.573184542585441
1885,Ipswich,40,2024-09-29 13:00:00+00:00,1.2,0.82,2.0,2.0,0,124.0,95.0,True,7,Aston Villa,7,2024-09-29 13:00:00+00:00,1.5115102332032944,1.501393354342764,2025,2024/25,0.8,1.1800000000000002,0.7939079561882152,0.5461593376766714
1886,Ipswich,40,2024-10-05 14:00:00+00:00,0.65,3.79,1.0,4.0,0,81.0,291.0,False,21,West Ham,21,2024-10-05 14:00:00+00:00,1.7265028644983178,1.2517787965645666,2025,2024/25,0.35,0.20999999999999996,0.3764835919857423,3.0276914822342675
1887,Ipswich,40,2024-10-19 14:15:00+00:00,1.27,1.74,0.0,2.0,0,92.0,163.0,True,11,Everton,11,2024-10-19 14:15:00+00:00,1.5389847793733062,1.095121053254244,2025,2024/25,-1.27,0.26,0.8252193374629474,1.58886544535825
1888,Ipswich,40,2024-10-26 14:00:00+00:00,1.31,4.11,3.0,4.0,0,124.0,213.0,False,94,Brentford,94,2024-10-26 14:00:00+00:00,1.5903079883503086,1.4383328856105044,2025,2024/25,1.69,-0.11000000000000032,0.8237398098961425,2.85747481762923
1889,Ipswich,40,2024-11-02 15:00:00+00:00,1.01,1.55,1.0,1.0,0,105.0,193.0,True,13,Leicester,13,2024-11-02 15:00:00+00:00,1.77824342632115,1.2213170128932986,2025,2024/25,-0.010000000000000009,-0.55,0.5679762315160075,1.2691217625209787
1890,Ipswich,40,2024-11-10 14:00:00+00:00,1.74,1.82,2.0,1.0,0,140.0,170.0,False,6,Spurs,6,2024-11-10 14:00:00+00:00,1.3833661543208076,1.7337389859180994,2025,2024/25,0.26,-0.8200000000000001,1.2578014826843074,1.0497543256410198
1891,Ipswich,40,2024-11-24 16:30:00+00:00,1.59,0.8,1.0,1.0,0,113.0,114.0,True,1,Man Utd,1,2024-11-24 16:30:00+00:00,1.5350397465175467,1.400374898212565,2025,2024/25,-0.5900000000000001,0.19999999999999996,1.035803798310199,0.5712755927152922
1892,Ipswich,40,2024-11-30 15:00:00+00:00,0.5900000000000001,1.68,0.0,1.0,0,82.0,150.0,False,17,Nott'm Forest,17,2024-11-30 15:00:00+00:00,1.3200336934712682,1.2166477648588223,2025,2024/25,-0.5900000000000001,-0.6799999999999999,0.4469582881998171,1.3808433702214085
1893,Ipswich,40,2024-12-03 19:30:00+00:00,0.5,1.64,0.0,1.0,0,88.0,114.0,True,31,Crystal Palace,31,2024-12-03 19:30:00+00:00,1.3528470356602629,1.2290507727248947,2025,2024/25,-0.5,-0.6399999999999999,0.3695909343926476,1.3343631006911139
1894,Ipswich,40,2024-12-08 14:00:00+00:00,1.32,3.28,1.0,2.0,0,157.0,227.0,True,91,Bournemouth,91,2024-12-08 14:00:00+00:00,1.4173713431434372,1.565069493760634,2025,2024/25,-0.32000000000000006,-1.2799999999999998,0.9313014591310365,2.095753583515731
1895,Ipswich,40,2024-12-14 15:00:00+00:00,1.18,1.27,1.0,1.0,0,118.0,148.0,False,39,Wolves,39,2024-12-14 15:00:00+00:00,1.7412806783972972,1.048558108268071,2025,2024/25,-0.17999999999999994,-0.27,0.6776621452470781,1.2111870481815166
1896,Ipswich,40,2024-12-21 15:00:00+00:00,0.75,2.33,0.0,4.0,0,84.0,193.0,True,4,Newcastle,4,2024-12-21 15:00:00+00:00,1.3125889583798585,1.6728140721844929,2025,2024/25,-0.75,1.67,0.5713898438744544,1.3928625056084696
1897,Ipswich,40,2024-12-27 20:15:00+00:00,0.16,1.94,0.0,1.0,0,16.0,184.0,False,3,Arsenal,3,2024-12-27 20:15:00+00:00,0.9151882787465786,1.7911009342357795,2025,2024/25,-0.16,-0.94,0.17482741389469325,1.0831327050966852
1898,Ipswich,40,2024-12-30 19:45:00+00:00,1.5799999999999998,2.0,2.0,0.0,1,131.0,152.0,True,8,Chelsea,8,2024-12-30 19:45:00+00:00,1.3780621071367252,1.7508244350522344,2025,2024/25,0.42000000000000015,-2.0,1.146537584784805,1.1423189898194057
1899,Ipswich,40,2025-01-05 14:00:00+00:00,1.6,2.24,2.0,2.0,0,78.0,152.0,False,54,Fulham,54,2025-01-05 14:00:00+00:00,1.3483268417679712,1.3386737624219234,2025,2024/25,0.3999999999999999,-0.2400000000000002,1.186655898581702,1.6732979034020963
1900,Ipswich,40,2025-01-16 19:30:00+00:00,0.29,0.97,0.0,2.0,0,0.0,0.0,True,36,Brighton,36,2025-01-16 19:30:00+00:00,1.4072348967354418,1.3493770986002054,2025,2024/25,-0.29,1.03,0.20607789124100975,0.7188502020719357
1901,Ipswich,40,2025-01-19 16:30:00+00:00,0.58,3.03,0.0,6.0,0,82.0,249.0,True,43,Man City,43,2025-01-19 16:30:00+00:00,1.1788062573882154,1.860502535549816,2025,2024/25,-0.58,2.97,0.4920231771462246,1.6285922443554068
1902,Ipswich,40,2025-01-25 15:00:00+00:00,0.48,1.98,1.0,4.0,0,67.0,227.0,False,14,Liverpool,14,2025-01-25 15:00:00+00:00,1.0594622188160905,2.105718033654075,2025,2024/25,0.52,2.02,0.4530600444972753,0.9402968338377597
1903,Ipswich,40,2025-02-01 15:00:00+00:00,1.85,0.91,1.0,2.0,0,154.0,123.0,True,20,Southampton,20,2025-02-01 15:00:00+00:00,2.0180839306212497,0.906950663031478,2025,2024/25,-0.8500000000000001,1.0899999999999999,0.916711129764803,1.0033621861616262
1904,Ipswich,40,2025-02-15 15:00:00+00:00,0.37,2.42,1.0,1.0,0,50.0,236.0,False,7,Aston Villa,7,2025-02-15 15:00:00+00:00,1.3783360753477474,1.375135143627158,2025,2024/25,0.63,-1.42,0.2684396110771829,1.7598270331575043
1905,Ipswich,40,2025-02-22 15:00:00+00:00,1.15,1.71,1.0,4.0,0,142.0,160.0,True,6,Spurs,6,2025-02-22 15:00:00+00:00,1.5282419946698007,1.5712783067452962,2025,2024/25,-0.1499999999999999,2.29,0.7524986252249104,1.088285883321363
1906,Ipswich,40,2025-02-26 19:30:00+00:00,1.4200000000000002,0.72,2.0,3.0,0,101.0,161.0,False,1,Man Utd,1,2025-02-26 19:30:00+00:00,1.4810342486025048,1.2582064340180072,2025,2024/25,0.5799999999999998,2.2800000000000002,0.9587894414595097,0.5722431395464438
1907,Ipswich,40,2025-03-08 15:00:00+00:00,1.8,3.26,0.0,1.0,0,182.0,172.0,False,31,Crystal Palace,31,2025-03-08 15:00:00+00:00,1.267906278753662,1.3748885013128365,2025,2024/25,-1.8,-2.26,1.419663290704247,2.371101363410292
1908,Ipswich,40,2025-03-15 15:00:00+00:00,0.44,1.52,2.0,4.0,0,67.0,127.0,True,17,Nott'm Forest,17,2025-03-15 15:00:00+00:00,1.3682712261527692,1.2756065713768956,2025,2024/25,1.56,2.48,0.32157367018319033,1.1915899730426327
1909,Ipswich,40,2025-04-02 18:45:00+00:00,1.17,1.87,2.0,1.0,0,77.0,175.0,False,91,Bournemouth,91,2025-04-02 18:45:00+00:00,1.385616067552523,1.6162107323698809,2025,2024/25,0.8300000000000001,-0.8700000000000001,0.8443897464805127,1.1570273371826847
1910,Ipswich,40,2025-04-05 14:00:00+00:00,0.8,2.71,1.0,2.0,0,80.0,237.0,True,39,Wolves,39,2025-04-05 14:00:00+00:00,1.466313392151672,1.0961153292814303,2025,2024/25,0.19999999999999996,-0.71,0.5455859601923693,2.4723675762992645
1911,Ipswich,40,2025-04-13 13:00:00+00:00,1.08,2.27,2.0,2.0,0,103.0,276.0,False,8,Chelsea,8,2025-04-13 13:00:00+00:00,1.285649602754621,1.5946962270486744,2025,2024/25,0.9199999999999999,-0.27,0.8400422616597882,1.423468596399152
1912,Ipswich,40,2025-04-20 13:00:00+00:00,0.17,2.55,0.0,4.0,0,18.0,279.0,True,3,Arsenal,3,2025-04-20 13:00:00+00:00,0.8419872991009887,1.5929583519838744,2025,2024/25,-0.17,1.4500000000000002,0.20190328307982003,1.6007951474840654
1913,Ipswich,40,2025-04-26 14:00:00+00:00,0.1,2.85,0.0,3.0,0,21.0,252.0,False,4,Newcastle,4,2025-04-26 14:00:00+00:00,1.2782474103136807,1.7255433750044538,2025,2024/25,-0.1,0.1499999999999999,0.07823211625006156,1.6516536421419392
1914,Ipswich,40,2025-05-03 14:00:00+00:00,0.85,0.55,2.0,2.0,0,119.0,109.0,False,11,Everton,11,2025-05-03 14:00:00+00:00,1.215480112234956,1.013584859053119,2025,2024/25,1.15,1.45,0.6993121413044499,0.5426284687340384
1915,Ipswich,40,2025-05-10 14:00:00+00:00,0.92,1.41,0.0,1.0,0,98.0,170.0,True,94,Brentford,94,2025-05-10 14:00:00+00:00,1.4210671545127451,1.483832313620459,2025,2024/25,-0.92,-0.4099999999999999,0.6474007910734164,0.9502421446529138
1916,Ipswich,40,2025-05-18 14:00:00+00:00,1.4,0.8,0.0,2.0,0,133.0,75.0,False,13,Leicester,13,2025-05-18 14:00:00+00:00,1.8067861608392768,0.9271370549466592,2025,2024/25,-1.4,1.2,0.7748564995371012,0.86287134758736
1917,Ipswich,40,2025-05-25 15:00:00+00:00,0.8,1.01,1.0,3.0,0,136.0,116.0,True,21,West Ham,21,2025-05-25 15:00:00+00:00,1.513948967697551,1.1251382401480692,2025,2024/25,0.19999999999999996,1.99,0.5284193966040075,0.8976674722806356
1918,Leicester,13,2024-08-19 19:00:00+00:00,1.01,1.23,1.0,1.0,0,92.0,237.0,True,6,Spurs,6,2024-08-19 19:00:00+00:00,1.5700407345837792,1.645847006775903,2025,2024/25,-0.010000000000000009,-0.22999999999999998,0.6432954112287749,0.747335563351956
1919,Leicester,13,2024-08-24 14:00:00+00:00,0.94,1.78,1.0,2.0,0,125.0,195.0,True,54,Fulham,54,2024-08-24 14:00:00+00:00,1.5130159783338506,1.34027524685469,2025,2024/25,0.06000000000000005,0.21999999999999997,0.6212756596497666,1.3280854094539465
1920,Leicester,13,2024-08-31 14:00:00+00:00,0.46,1.55,1.0,2.0,0,77.0,142.0,True,7,Aston Villa,7,2024-08-31 14:00:00+00:00,1.5667959940430696,1.4853428974534326,2025,2024/25,0.54,0.44999999999999996,0.29359278537149175,1.0435300849772937
1921,Leicester,13,2024-09-14 14:00:00+00:00,1.23,2.55,2.0,2.0,0,102.0,201.0,False,31,Crystal Palace,31,2024-09-14 14:00:00+00:00,1.3552378216089909,1.241100712456626,2025,2024/25,0.77,-0.5499999999999998,0.9075897826845596,2.0546277787179315
1922,Leicester,13,2024-09-21 14:00:00+00:00,0.66,1.1,1.0,1.0,0,125.0,151.0,True,11,Everton,11,2024-09-21 14:00:00+00:00,1.5603424775115524,1.1342697769303356,2025,2024/25,0.33999999999999997,-0.10000000000000009,0.42298406248131737,0.9697869258025374
1923,Leicester,13,2024-09-28 14:00:00+00:00,0.3299999999999999,4.6,2.0,4.0,0,72.0,493.0,False,3,Arsenal,3,2024-09-28 14:00:00+00:00,0.9032683879347512,1.859307503603365,2025,2024/25,1.6700000000000002,-0.5999999999999996,0.36533991935056837,2.4740393889042736
1924,Leicester,13,2024-10-05 14:00:00+00:00,0.79,2.16,1.0,0.0,1,55.0,139.0,True,91,Bournemouth,91,2024-10-05 14:00:00+00:00,1.4973386755559,1.4476032134547878,2025,2024/25,0.20999999999999996,-2.16,0.5276027480601245,1.4921215840941915
1925,Leicester,13,2024-10-19 14:00:00+00:00,3.22,2.15,3.0,2.0,0,206.0,233.0,False,20,Southampton,20,2024-10-19 14:00:00+00:00,1.8487809949501213,0.976473081449117,2025,2024/25,-0.2200000000000002,-0.1499999999999999,1.741688176585174,2.201801607074853
1926,Leicester,13,2024-10-25 19:00:00+00:00,0.76,1.73,1.0,3.0,0,102.0,169.0,True,17,Nott'm Forest,17,2024-10-25 19:00:00+00:00,1.3317161513650624,1.2186185999299863,2025,2024/25,0.24,1.27,0.5706921848330588,1.4196402386270768
1927,Leicester,13,2024-11-02 15:00:00+00:00,1.55,1.0,1.0,1.0,0,193.0,105.0,False,40,Ipswich,40,2024-11-02 15:00:00+00:00,1.966416568081791,0.9032955690809576,2025,2024/25,-0.55,0.0,0.7882358322031435,1.1070573511363868
1928,Leicester,13,2024-11-02 15:00:00+00:00,1.55,1.0,1.0,1.0,0,193.0,105.0,False,40,Ipswich Town,40,2024-11-02 15:00:00+00:00,1.966416568081791,0.9032955690809576,2025,2024/25,-0.55,0.0,0.7882358322031435,1.1070573511363868
1929,Leicester,13,2024-11-10 14:00:00+00:00,0.7700000000000001,0.7,0.0,3.0,0,89.0,85.0,False,1,Man Utd,1,2024-11-10 14:00:00+00:00,1.5587351364387712,1.4287632952958984,2025,2024/25,-0.7700000000000001,2.3,0.4939902758330145,0.4899341985510827
1930,Leicester,13,2024-11-23 12:30:00+00:00,1.11,2.75,1.0,2.0,0,40.0,204.0,True,8,Chelsea,8,2024-11-23 12:30:00+00:00,1.3796195343790425,1.6756827007802344,2025,2024/25,-0.1100000000000001,-0.75,0.804569645717291,1.6411221520157366
1931,Leicester,13,2024-11-30 15:00:00+00:00,1.06,2.4,1.0,4.0,0,78.0,174.0,False,94,Brentford,94,2024-11-30 15:00:00+00:00,1.576262121119108,1.4396933235436564,2025,2024/25,-0.06000000000000005,1.6,0.6724769857740576,1.6670216918785508
1932,Leicester,13,2024-12-03 20:15:00+00:00,1.6700000000000002,3.1,3.0,1.0,0,150.0,319.0,True,21,West Ham,21,2024-12-03 20:15:00+00:00,1.7647388265691155,1.290376701513901,2025,2024/25,1.3299999999999998,-2.1,0.9463156671441858,2.4023992345514342
1933,Leicester,13,2024-12-08 14:00:00+00:00,1.32,1.54,2.0,2.0,0,100.0,130.0,True,36,Brighton,36,2024-12-08 14:00:00+00:00,1.424107812600368,1.3921649633446425,2025,2024/25,0.6799999999999999,0.45999999999999996,0.9268961158142438,1.1061907464616747
1934,Leicester,13,2024-12-14 15:00:00+00:00,0.18,3.79,0.0,4.0,0,42.0,319.0,False,4,Newcastle,4,2024-12-14 15:00:00+00:00,1.3596716299342972,1.6418359414032428,2025,2024/25,-0.18,0.20999999999999996,0.13238490532357292,2.3083914198886193
1935,Leicester,13,2024-12-22 14:00:00+00:00,0.81,1.06,0.0,3.0,0,101.0,89.0,True,39,Wolves,39,2024-12-22 14:00:00+00:00,1.7157648738634177,1.0478662055229646,2025,2024/25,-0.81,1.94,0.4720926581135263,1.0115795264825624
1936,Leicester,13,2024-12-26 20:00:00+00:00,0.3399999999999999,1.91,1.0,3.0,0,28.0,275.0,False,14,Liverpool,14,2024-12-26 20:00:00+00:00,1.1241226515308054,2.0671530457830025,2025,2024/25,0.6600000000000001,1.09,0.3024580987999801,0.923976095478951
1937,Leicester,13,2024-12-29 14:30:00+00:00,1.3,1.27,0.0,2.0,0,121.0,138.0,True,43,Man City,43,2024-12-29 14:30:00+00:00,1.1505994643130006,1.8466374312316007,2025,2024/25,-1.3,0.73,1.129845824129775,0.6877365196442397
1938,Leicester,13,2025-01-04 15:00:00+00:00,0.43,1.56,1.0,2.0,0,67.0,139.0,False,7,Aston Villa,7,2025-01-04 15:00:00+00:00,1.421779207371038,1.4438412384741688,2025,2024/25,0.5700000000000001,0.43999999999999995,0.3024379578564086,1.0804512008872846
1939,Leicester,13,2025-01-15 19:30:00+00:00,1.7,1.82,0.0,2.0,0,133.0,127.0,True,31,Crystal Palace,31,2025-01-15 19:30:00+00:00,1.3567267193528176,1.2552065561109695,2025,2024/25,-1.7,0.17999999999999994,1.2530157884787068,1.4499605591918998
1940,Leicester,13,2025-01-18 15:00:00+00:00,0.49,2.19,0.0,2.0,0,119.0,154.0,True,54,Fulham,54,2025-01-18 15:00:00+00:00,1.342451992338019,1.3649987206775438,2025,2024/25,-0.49,-0.18999999999999995,0.36500374150930665,1.604397108088827
1941,Leicester,13,2025-01-26 14:00:00+00:00,1.5399999999999998,1.04,2.0,1.0,0,99.0,139.0,False,6,Spurs,6,2025-01-26 14:00:00+00:00,1.5501239699228444,1.6100054372668222,2025,2024/25,0.4600000000000002,-0.040000000000000036,0.9934689288603489,0.6459605513913823
1942,Leicester,13,2025-02-01 15:00:00+00:00,0.33,2.46,0.0,4.0,0,70.0,179.0,False,11,Everton,11,2025-02-01 15:00:00+00:00,1.3047391861678723,0.994997720130725,2025,2024/25,-0.33,1.54,0.2529241119592932,2.472367474044865
1943,Leicester,13,2025-02-15 12:30:00+00:00,0.21,1.38,0.0,2.0,0,77.0,169.0,True,3,Arsenal,3,2025-02-15 12:30:00+00:00,0.9012430936832858,1.6890200219750708,2025,2024/25,-0.21,0.6200000000000001,0.23301149431476037,0.817041824280025
1944,Leicester,13,2025-02-21 20:00:00+00:00,0.51,1.52,0.0,4.0,0,98.0,227.0,True,94,Brentford,94,2025-02-21 20:00:00+00:00,1.538473003077342,1.4707892648319425,2025,2024/25,-0.51,2.48,0.3314975296803186,1.0334587261035526
1945,Leicester,13,2025-02-27 20:00:00+00:00,0.37,1.33,0.0,2.0,0,57.0,122.0,False,21,West Ham,21,2025-02-27 20:00:00+00:00,1.632097189548437,1.2044575950080016,2025,2024/25,-0.37,0.6699999999999999,0.2267021856108767,1.1042314860334825
1946,Leicester,13,2025-03-09 14:00:00+00:00,0.11,1.78,0.0,1.0,0,37.0,228.0,False,8,Chelsea,8,2025-03-09 14:00:00+00:00,1.3717796649759626,1.7018298947200714,2025,2024/25,-0.11,-0.78,0.08018780479730139,1.0459329722215196
1947,Leicester,13,2025-03-16 19:00:00+00:00,1.1800000000000002,0.78,0.0,3.0,0,101.0,115.0,True,1,Man Utd,1,2025-03-16 19:00:00+00:00,1.4772798121170485,1.2486722741257614,2025,2024/25,-1.1800000000000002,2.2199999999999998,0.7987653999745485,0.6246635055191764
1948,Leicester,13,2025-04-02 18:45:00+00:00,0.07,2.24,0.0,2.0,0,11.0,187.0,False,43,Man City,43,2025-04-02 18:45:00+00:00,1.1758779870770488,1.7290697857743422,2025,2024/25,-0.07,-0.2400000000000002,0.059529985907809405,1.295494270057379
1949,Leicester,13,2025-04-07 19:00:00+00:00,0.47,3.26,0.0,3.0,0,75.0,180.0,True,4,Newcastle,4,2025-04-07 19:00:00+00:00,1.2924374468736433,1.642924093663633,2025,2024/25,-0.47,-0.2599999999999998,0.36365396339831535,1.9842669619205437
1950,Leicester,13,2025-04-12 14:00:00+00:00,1.52,3.91,2.0,2.0,0,174.0,231.0,False,36,Brighton,36,2025-04-12 14:00:00+00:00,1.3088425265826038,1.446872000523593,2025,2024/25,0.48,-1.9100000000000001,1.1613314582379362,2.7023814121671106
1951,Leicester,13,2025-04-20 15:30:00+00:00,0.27,2.57,0.0,1.0,0,35.0,261.0,True,14,Liverpool,14,2025-04-20 15:30:00+00:00,1.0024333680976787,1.9686257260069968,2025,2024/25,-0.27,-1.5699999999999998,0.26934458547841433,1.305479231551435
1952,Leicester,13,2025-04-26 14:00:00+00:00,1.15,2.02,0.0,3.0,0,74.0,175.0,False,39,Wolves,39,2025-04-26 14:00:00+00:00,1.4449710124136994,1.148788471811677,2025,2024/25,-1.15,0.98,0.7958637163793508,1.7583741912158937
1953,Leicester,13,2025-05-03 14:00:00+00:00,1.4,0.53,2.0,0.0,1,112.0,88.0,True,20,Southampton,20,2025-05-03 14:00:00+00:00,1.988100268759142,0.8076318496479018,2025,2024/25,0.6000000000000001,-0.53,0.7041898348888608,0.6562395975729051
1954,Leicester,13,2025-05-11 13:15:00+00:00,1.11,1.31,2.0,2.0,0,160.0,134.0,False,17,Nott'm Forest,17,2025-05-11 13:15:00+00:00,1.4656531792313283,1.1776457117517527,2025,2024/25,0.8899999999999999,0.69,0.7573415155297156,1.1123888848127081
1955,Leicester,13,2025-05-18 14:00:00+00:00,0.81,1.41,2.0,0.0,1,75.0,133.0,True,40,Ipswich,40,2025-05-18 14:00:00+00:00,1.88538068688228,0.9054378832472252,2025,2024/25,1.19,-1.41,0.4296214582209599,1.5572575723728654
1956,Leicester,13,2025-05-18 14:00:00+00:00,0.81,1.41,2.0,0.0,1,75.0,133.0,True,40,Ipswich Town,40,2025-05-18 14:00:00+00:00,1.88538068688228,0.9054378832472252,2025,2024/25,1.19,-1.41,0.4296214582209599,1.5572575723728654
1957,Leicester,13,2025-05-25 15:00:00+00:00,0.28,1.79,0.0,2.0,0,29.0,225.0,False,91,Bournemouth,91,2025-05-25 15:00:00+00:00,1.335927118077593,1.4449120988760196,2025,2024/25,-0.28,0.20999999999999996,0.20959227207163944,1.238829684790113
1958,Liverpool,14,2024-08-17 11:30:00+00:00,2.66,0.45,2.0,0.0,1,221.0,68.0,False,40,Ipswich,40,2024-08-17 11:30:00+00:00,1.9712795010372832,0.8820621780588128,2025,2024/25,-0.6600000000000001,-0.45,1.3493773960518098,0.5101681164816882
1959,Liverpool,14,2024-08-17 11:30:00+00:00,2.66,0.45,2.0,0.0,1,221.0,68.0,False,40,Ipswich Town,40,2024-08-17 11:30:00+00:00,1.9712795010372832,0.8820621780588128,2025,2024/25,-0.6600000000000001,-0.45,1.3493773960518098,0.5101681164816882
1960,Liverpool,14,2024-08-25 15:30:00+00:00,2.66,0.36,2.0,0.0,1,255.0,72.0,True,94,Brentford,94,2024-08-25 15:30:00+00:00,1.5048926587699312,1.3761184793282435,2025,2024/25,-0.6600000000000001,-0.36,1.7675679288476498,0.2616053816643281
1961,Liverpool,14,2024-09-01 15:00:00+00:00,1.73,1.36,3.0,0.0,1,140.0,110.0,False,1,Man Utd,1,2024-09-01 15:00:00+00:00,1.6860758652835812,1.4446103273898123,2025,2024/25,1.27,-1.36,1.02605110221955,0.9414303457578833
1962,Liverpool,14,2024-09-14 14:00:00+00:00,0.96,0.44,0.0,1.0,0,169.0,50.0,True,17,Nott'm Forest,17,2024-09-14 14:00:00+00:00,1.380844179510364,1.2264369972384546,2025,2024/25,-0.96,0.56,0.6952268867443161,0.3587628235210939
1963,Liverpool,14,2024-09-21 14:00:00+00:00,2.05,1.08,3.0,0.0,1,254.0,189.0,True,91,Bournemouth,91,2024-09-21 14:00:00+00:00,1.5428423349090177,1.4462990084088978,2025,2024/25,0.9500000000000002,-1.08,1.3287164563843068,0.7467335549017139
1964,Liverpool,14,2024-09-28 16:30:00+00:00,2.54,0.63,2.0,1.0,0,182.0,107.0,False,39,Wolves,39,2024-09-28 16:30:00+00:00,1.707002301961102,0.9824189611101928,2025,2024/25,-0.54,0.37,1.4879886202156274,0.6412742678419622
1965,Liverpool,14,2024-10-05 11:30:00+00:00,1.4,0.64,1.0,0.0,1,123.0,97.0,False,31,Crystal Palace,31,2024-10-05 11:30:00+00:00,1.358964211953068,1.2162765407150218,2025,2024/25,-0.3999999999999999,-0.64,1.0301963713878501,0.526196122819041
1966,Liverpool,14,2024-10-20 15:30:00+00:00,1.93,0.99,2.0,1.0,0,126.0,106.0,True,8,Chelsea,8,2024-10-20 15:30:00+00:00,1.4105287137546965,1.7350297825086685,2025,2024/25,0.07000000000000006,0.010000000000000009,1.3682812559430422,0.5705953926442492
1967,Liverpool,14,2024-10-27 16:30:00+00:00,0.8600000000000001,1.03,2.0,2.0,0,136.0,117.0,False,3,Arsenal,3,2024-10-27 16:30:00+00:00,0.9538264102755885,1.8425745527932065,2025,2024/25,1.14,0.97,0.9016315660115983,0.5590004477368887
1968,Liverpool,14,2024-11-02 15:00:00+00:00,1.66,1.01,2.0,1.0,0,217.0,122.0,True,36,Brighton,36,2024-11-02 15:00:00+00:00,1.4619236483715508,1.3778445306886906,2025,2024/25,0.3400000000000001,-0.010000000000000009,1.1354902165028167,0.7330290010986724
1969,Liverpool,14,2024-11-09 20:00:00+00:00,2.02,1.38,2.0,0.0,1,156.0,148.0,True,7,Aston Villa,7,2024-11-09 20:00:00+00:00,1.469245945238491,1.4540027285747796,2025,2024/25,-0.020000000000000018,-1.38,1.3748549087689397,0.9491041336302597
1970,Liverpool,14,2024-11-24 14:00:00+00:00,3.14,1.28,3.0,2.0,0,284.0,106.0,False,20,Southampton,20,2024-11-24 14:00:00+00:00,1.8763495085083863,0.9603752033184378,2025,2024/25,-0.14000000000000012,0.72,1.6734622125363836,1.332812421204905
1971,Liverpool,14,2024-12-01 16:00:00+00:00,3.37,0.82,2.0,0.0,1,205.0,107.0,True,43,Man City,43,2024-12-01 16:00:00+00:00,1.0551365600586564,1.985693979187798,2025,2024/25,-1.37,-0.82,3.1938993752739053,0.41295386328129063
1972,Liverpool,14,2024-12-04 19:30:00+00:00,1.99,2.09,3.0,3.0,0,199.0,152.0,False,4,Newcastle,4,2024-12-04 19:30:00+00:00,1.337537505750596,1.606920617829437,2025,2024/25,1.01,0.9100000000000001,1.4878087466289454,1.3006242976850262
1973,Liverpool,14,2024-12-14 15:00:00+00:00,2.13,1.22,2.0,2.0,0,175.0,128.0,True,54,Fulham,54,2024-12-14 15:00:00+00:00,1.3738261605311053,1.3065256542110717,2025,2024/25,-0.1299999999999999,0.78,1.5504145001697789,0.9337742401519707
1974,Liverpool,14,2024-12-22 16:30:00+00:00,5.22,1.25,6.0,3.0,0,320.0,135.0,False,6,Spurs,6,2024-12-22 16:30:00+00:00,1.480559402967116,1.7472515528341146,2025,2024/25,0.7800000000000002,1.75,3.525694402763479,0.7154092940838702
1975,Liverpool,14,2024-12-26 20:00:00+00:00,1.91,0.34,3.0,1.0,0,275.0,28.0,True,13,Leicester,13,2024-12-26 20:00:00+00:00,1.8832536481089288,1.0913364813326671,2025,2024/25,1.09,0.6599999999999999,1.0142022036797478,0.311544611415184
1976,Liverpool,14,2024-12-29 17:15:00+00:00,3.15,0.36,5.0,0.0,1,296.0,49.0,False,21,West Ham,21,2024-12-29 17:15:00+00:00,1.7070329883029869,1.3054151030921337,2025,2024/25,1.85,-0.36,1.845307045373218,0.27577434882381
1977,Liverpool,14,2025-01-05 16:30:00+00:00,2.83,1.05,2.0,2.0,0,199.0,142.0,True,1,Man Utd,1,2025-01-05 16:30:00+00:00,1.476230647314193,1.3019093768626857,2025,2024/25,-0.8300000000000001,0.95,1.9170446062400965,0.8065077482814267
1978,Liverpool,14,2025-01-14 20:00:00+00:00,1.99,0.31,1.0,1.0,0,231.0,77.0,False,17,Nott'm Forest,17,2025-01-14 20:00:00+00:00,1.2868142340483442,1.238842904082277,2025,2024/25,-0.99,0.69,1.5464547619584676,0.25023350335904376
1979,Liverpool,14,2025-01-18 15:00:00+00:00,3.42,0.72,2.0,0.0,1,308.0,150.0,False,94,Brentford,94,2025-01-18 15:00:00+00:00,1.6234925101690254,1.442956505662246,2025,2024/25,-1.42,-0.72,2.1065696198647297,0.498975538884698
1980,Liverpool,14,2025-01-25 15:00:00+00:00,2.24,0.48,4.0,1.0,0,227.0,67.0,True,40,Ipswich,40,2025-01-25 15:00:00+00:00,1.8504150203616097,0.8964321236413239,2025,2024/25,1.7599999999999998,0.52,1.2105392440892841,0.5354560455176808
1981,Liverpool,14,2025-01-25 15:00:00+00:00,2.24,0.48,4.0,1.0,0,227.0,67.0,True,40,Ipswich Town,40,2025-01-25 15:00:00+00:00,1.8504150203616097,0.8964321236413239,2025,2024/25,1.7599999999999998,0.52,1.2105392440892841,0.5354560455176808
1982,Liverpool,14,2025-02-01 15:00:00+00:00,2.53,1.58,2.0,0.0,1,189.0,141.0,False,91,Bournemouth,91,2025-02-01 15:00:00+00:00,1.3550742702278535,1.6400287052928766,2025,2024/25,-0.5299999999999998,-1.58,1.8670563345392017,0.9633977715761038
1983,Liverpool,14,2025-02-12 19:30:00+00:00,0.66,0.98,2.0,2.0,0,102.0,83.0,False,11,Everton,11,2025-02-12 19:30:00+00:00,1.2732639016506626,1.0153504547140582,2025,2024/25,1.3399999999999999,1.02,0.5183528718157911,0.9651839869180799
1984,Liverpool,14,2025-02-16 14:00:00+00:00,1.66,1.5,2.0,1.0,0,106.0,109.0,True,39,Wolves,39,2025-02-16 14:00:00+00:00,1.6458293922309315,1.0723554279809524,2025,2024/25,0.3400000000000001,-0.5,1.0086100101480506,1.3987899542078353
1985,Liverpool,14,2025-02-19 19:30:00+00:00,2.44,0.73,2.0,2.0,0,162.0,97.0,False,7,Aston Villa,7,2025-02-19 19:30:00+00:00,1.3715214860949905,1.3703329162346116,2025,2024/25,-0.43999999999999995,1.27,1.7790461357971081,0.5327172626093573
1986,Liverpool,14,2025-02-23 16:30:00+00:00,0.71,0.63,2.0,0.0,1,115.0,157.0,False,43,Man City,43,2025-02-23 16:30:00+00:00,1.1795604855668131,1.8540463904898148,2025,2024/25,1.29,-0.63,0.6019191119807852,0.3397973228887559
1987,Liverpool,14,2025-02-26 20:15:00+00:00,1.71,0.23,2.0,0.0,1,127.0,40.0,True,4,Newcastle,4,2025-02-26 20:15:00+00:00,1.3396674535535156,1.6771164047418483,2025,2024/25,0.29000000000000004,-0.23,1.2764361748612794,0.13714015279422598
1988,Liverpool,14,2025-03-08 15:00:00+00:00,4.11,0.36,3.0,1.0,0,300.0,88.0,True,20,Southampton,20,2025-03-08 15:00:00+00:00,2.0971494488955966,0.8625119476334141,2025,2024/25,-1.1100000000000003,0.64,1.959803104239621,0.417385522586416
1989,Liverpool,14,2025-04-02 19:00:00+00:00,1.47,0.67,1.0,0.0,1,156.0,45.0,True,11,Everton,11,2025-04-02 19:00:00+00:00,1.2363269003475246,1.0662813991115752,2025,2024/25,-0.47,-0.67,1.1890059171136624,0.62835195339452
1990,Liverpool,14,2025-04-06 13:00:00+00:00,1.49,0.74,2.0,3.0,0,156.0,130.0,False,54,Fulham,54,2025-04-06 13:00:00+00:00,1.287606440870094,1.314389401597095,2025,2024/25,0.51,2.26,1.1571858859242266,0.5629990618463881
1991,Liverpool,14,2025-04-13 13:00:00+00:00,1.78,1.5,2.0,1.0,0,172.0,113.0,True,21,West Ham,21,2025-04-13 13:00:00+00:00,1.5496231713969704,1.12309768794973,2025,2024/25,0.21999999999999997,-0.5,1.1486663550567247,1.3355917442393845
1992,Liverpool,14,2025-04-20 15:30:00+00:00,2.63,0.27,1.0,0.0,1,261.0,35.0,False,13,Leicester,13,2025-04-20 15:30:00+00:00,1.8909473352173247,0.8931575273370407,2025,2024/25,-1.63,-0.27,1.390837254437727,0.3022982975970746
1993,Liverpool,14,2025-04-27 15:30:00+00:00,2.28,0.46,4.0,1.0,0,207.0,84.0,True,6,Spurs,6,2025-04-27 15:30:00+00:00,1.5542264301458235,1.4951277882396172,2025,2024/25,1.7200000000000002,0.54,1.4669677183305148,0.30766600929918503
1994,Liverpool,14,2025-05-04 15:30:00+00:00,1.05,3.13,1.0,3.0,0,118.0,191.0,False,8,Chelsea,8,2025-05-04 15:30:00+00:00,1.225874711415069,1.5590568017906672,2025,2024/25,-0.050000000000000044,-0.1299999999999999,0.8565312508877431,2.007624094519849
1995,Liverpool,14,2025-05-11 15:30:00+00:00,2.55,2.31,2.0,2.0,0,187.0,183.0,True,3,Arsenal,3,2025-05-11 15:30:00+00:00,0.9038117478557628,1.5883806533155749,2025,2024/25,-0.5499999999999998,-0.31000000000000005,2.8213839951181385,1.4543113422957663
1996,Liverpool,14,2025-05-19 19:00:00+00:00,2.24,2.2,2.0,3.0,0,204.0,303.0,False,36,Brighton,36,2025-05-19 19:00:00+00:00,1.373352921380962,1.464543932442437,2025,2024/25,-0.2400000000000002,0.7999999999999998,1.6310446973437747,1.5021741248355962
1997,Liverpool,14,2025-05-25 15:00:00+00:00,2.18,1.75,1.0,1.0,0,139.0,106.0,True,31,Crystal Palace,31,2025-05-25 15:00:00+00:00,1.282277138477396,1.4388171632200586,2025,2024/25,-1.1800000000000002,-0.75,1.7001004966746736,1.2162768451298684
1998,Man City,43,2024-08-18 15:30:00+00:00,0.77,1.01,2.0,0.0,1,127.0,97.0,False,8,Chelsea,8,2024-08-18 15:30:00+00:00,1.5486244432688192,1.6928154678801874,2025,2024/25,1.23,-1.01,0.4972154503610266,0.59663916071417
1999,Man City,43,2024-08-24 14:00:00+00:00,3.34,0.29,4.0,1.0,0,180.0,19.0,True,40,Ipswich,40,2024-08-24 14:00:00+00:00,2.238513309015234,0.7191315254411984,2025,2024/25,0.6600000000000001,0.71,1.492061711917778,0.4032642009708592
2000,Man City,43,2024-08-24 14:00:00+00:00,3.34,0.29,4.0,1.0,0,180.0,19.0,True,40,Ipswich Town,40,2024-08-24 14:00:00+00:00,2.238513309015234,0.7191315254411984,2025,2024/25,0.6600000000000001,0.71,1.492061711917778,0.4032642009708592
2001,Man City,43,2024-08-31 16:30:00+00:00,3.02,0.73,3.0,1.0,0,259.0,93.0,False,21,West Ham,21,2024-08-31 16:30:00+00:00,1.7823078772995715,1.26919405565585,2025,2024/25,-0.020000000000000018,0.27,1.6944322798907747,0.575168152377436
2002,Man City,43,2024-09-14 14:00:00+00:00,2.16,0.96,2.0,1.0,0,217.0,152.0,True,94,Brentford,94,2024-09-14 14:00:00+00:00,1.5314703031435486,1.3823113926195103,2025,2024/25,-0.16000000000000014,0.040000000000000036,1.4104093272760887,0.6944889589463478
2003,Man City,43,2024-09-22 15:30:00+00:00,2.17,0.65,2.0,2.0,0,325.0,78.0,True,3,Arsenal,3,2024-09-22 15:30:00+00:00,0.8682404169347513,1.8672437900398409,2025,2024/25,-0.16999999999999993,1.35,2.4993077466504032,0.34810666045172983
2004,Man City,43,2024-09-28 11:30:00+00:00,0.92,1.57,1.0,1.0,0,188.0,129.0,False,4,Newcastle,4,2024-09-28 11:30:00+00:00,1.4735707037903016,1.7154419158919665,2025,2024/25,0.07999999999999996,-0.5700000000000001,0.6243338019910322,0.915216065000754
2005,Man City,43,2024-10-05 14:00:00+00:00,1.6,2.6,3.0,2.0,0,186.0,137.0,True,54,Fulham,54,2024-10-05 14:00:00+00:00,1.41456039332459,1.3628033678268117,2025,2024/25,1.4,-0.6000000000000001,1.1310934531678623,1.9078320918344065
2006,Man City,43,2024-10-20 13:00:00+00:00,1.63,0.97,2.0,1.0,0,295.0,39.0,False,39,Wolves,39,2024-10-20 13:00:00+00:00,1.7687841681266503,1.0031668710779118,2025,2024/25,0.3700000000000001,0.030000000000000027,0.9215369683720999,0.9669378325439777
2007,Man City,43,2024-10-26 14:00:00+00:00,2.95,0.21,1.0,0.0,1,226.0,65.0,True,20,Southampton,20,2024-10-26 14:00:00+00:00,1.897482514676788,0.9877382355515648,2025,2024/25,-1.9500000000000002,-0.21,1.5546915332194748,0.21260693617143767
2008,Man City,43,2024-11-02 15:00:00+00:00,1.58,2.04,1.0,2.0,0,200.0,140.0,False,91,Bournemouth,91,2024-11-02 15:00:00+00:00,1.4689730841675683,1.4137831891784465,2025,2024/25,-0.5800000000000001,-0.040000000000000036,1.0755813139322072,1.4429369479102732
2009,Man City,43,2024-11-09 17:30:00+00:00,2.21,2.29,1.0,2.0,0,202.0,112.0,False,36,Brighton,36,2024-11-09 17:30:00+00:00,1.457915668893446,1.3845155967571434,2025,2024/25,-1.21,-0.29000000000000004,1.515862712194721,1.6540080916124824
2010,Man City,43,2024-11-23 17:30:00+00:00,2.14,2.51,0.0,4.0,0,190.0,166.0,True,6,Spurs,6,2024-11-23 17:30:00+00:00,1.3996163149973877,1.747800445136849,2025,2024/25,-2.14,1.4900000000000002,1.528990464793199,1.4360907201871507
2011,Man City,43,2024-12-01 16:00:00+00:00,0.8200000000000001,3.35,0.0,2.0,0,107.0,205.0,False,14,Liverpool,14,2024-12-01 16:00:00+00:00,1.10473171512231,1.984871082784741,2025,2024/25,-0.8200000000000001,-1.35,0.7422616629678402,1.68776704394323
2012,Man City,43,2024-12-04 19:30:00+00:00,2.41,1.04,3.0,0.0,1,214.0,85.0,True,17,Nott'm Forest,17,2024-12-04 19:30:00+00:00,1.3319601224925703,1.2159951071040098,2025,2024/25,0.5899999999999999,-1.04,1.809363478157315,0.8552665992849623
2013,Man City,43,2024-12-07 15:00:00+00:00,1.46,1.34,2.0,2.0,0,148.0,111.0,False,31,Crystal Palace,31,2024-12-07 15:00:00+00:00,1.3335229524529968,1.2420861345221688,2025,2024/25,0.54,0.6599999999999999,1.094844297441113,1.0788301734931602
2014,Man City,43,2024-12-15 16:30:00+00:00,0.97,2.08,1.0,2.0,0,82.0,103.0,True,1,Man Utd,1,2024-12-15 16:30:00+00:00,1.4842703542855675,1.3611887379563408,2025,2024/25,0.030000000000000027,-0.08000000000000007,0.6535197561544613,1.528076116118083
2015,Man City,43,2024-12-21 12:30:00+00:00,1.02,1.67,1.0,2.0,0,121.0,147.0,False,7,Aston Villa,7,2024-12-21 12:30:00+00:00,1.4516560935414735,1.4690247827698326,2025,2024/25,-0.020000000000000018,0.33000000000000007,0.7026457606164823,1.136808595462379
2016,Man City,43,2024-12-26 12:30:00+00:00,2.35,0.63,1.0,1.0,0,219.0,82.0,True,11,Everton,11,2024-12-26 12:30:00+00:00,1.3526826536479817,0.9893397792243576,2025,2024/25,-1.35,0.37,1.7372884864475815,0.6367883039069955
2017,Man City,43,2024-12-29 14:30:00+00:00,1.27,1.3,2.0,0.0,1,138.0,121.0,False,13,Leicester,13,2024-12-29 14:30:00+00:00,1.881989617922169,1.085512473987194,2025,2024/25,0.73,-1.3,0.6748177502712036,1.1975910283416389
2018,Man City,43,2025-01-04 15:00:00+00:00,1.92,1.37,3.0,1.0,0,169.0,135.0,True,21,West Ham,21,2025-01-04 15:00:00+00:00,1.765020152177987,1.2716215054337905,2025,2024/25,1.08,-0.3700000000000001,1.0878062766766556,1.0773646042834495
2019,Man City,43,2025-01-14 19:30:00+00:00,2.2,2.58,2.0,2.0,0,224.0,197.0,False,94,Brentford,94,2025-01-14 19:30:00+00:00,1.5913878642222543,1.4406822689955792,2025,2024/25,-0.20000000000000018,-0.5800000000000001,1.3824411065715823,1.790818180748997
2020,Man City,43,2025-01-19 16:30:00+00:00,3.08,0.58,6.0,0.0,1,249.0,82.0,False,40,Ipswich,40,2025-01-19 16:30:00+00:00,1.824449571484304,0.91100495531105,2025,2024/25,2.92,-0.58,1.6881803959614115,0.636659544625602
2021,Man City,43,2025-01-19 16:30:00+00:00,3.08,0.58,6.0,0.0,1,249.0,82.0,False,40,Ipswich Town,40,2025-01-19 16:30:00+00:00,1.824449571484304,0.91100495531105,2025,2024/25,2.92,-0.58,1.6881803959614115,0.636659544625602
2022,Man City,43,2025-01-25 17:30:00+00:00,2.51,1.8,3.0,1.0,0,162.0,109.0,True,8,Chelsea,8,2025-01-25 17:30:00+00:00,1.3744007304070882,1.725028315385204,2025,2024/25,0.4900000000000002,-0.8,1.8262504846432632,1.0434611327513512
2023,Man City,43,2025-02-02 16:30:00+00:00,0.82,1.0,1.0,5.0,0,122.0,130.0,False,3,Arsenal,3,2025-02-02 16:30:00+00:00,0.9145937801213396,1.6968541567444786,2025,2024/25,0.18000000000000005,4.0,0.8965729024433231,0.589325839245114
2024,Man City,43,2025-02-15 15:00:00+00:00,1.91,0.48,4.0,0.0,1,164.0,43.0,True,4,Newcastle,4,2025-02-15 15:00:00+00:00,1.2776686470160783,1.7055185184576338,2025,2024/25,2.09,-0.48,1.4949102840244965,0.28143933636914276
2025,Man City,43,2025-02-23 16:30:00+00:00,0.64,0.71,0.0,2.0,0,157.0,115.0,True,14,Liverpool,14,2025-02-23 16:30:00+00:00,1.0675942997593864,2.029224793231204,2025,2024/25,-0.64,1.29,0.5994786597720152,0.34988730788639866
2026,Man City,43,2025-02-26 19:30:00+00:00,2.12,1.33,1.0,0.0,1,141.0,166.0,False,6,Spurs,6,2025-02-26 19:30:00+00:00,1.5300176160234713,1.5615264390752788,2025,2024/25,-1.12,-1.33,1.3856049615362587,0.8517306955030576
2027,Man City,43,2025-03-08 12:30:00+00:00,0.86,0.73,0.0,1.0,0,89.0,104.0,False,17,Nott'm Forest,17,2025-03-08 12:30:00+00:00,1.4031056598194356,1.2626303681856212,2025,2024/25,-0.86,0.27,0.6129260430113813,0.5781581200593153
2028,Man City,43,2025-03-15 15:00:00+00:00,1.74,2.04,2.0,2.0,0,127.0,115.0,True,36,Brighton,36,2025-03-15 15:00:00+00:00,1.31695495424172,1.447202618715957,2025,2024/25,0.26,-0.040000000000000036,1.3212297006786098,1.4096160230901238
2029,Man City,43,2025-04-02 18:45:00+00:00,2.25,0.07,2.0,0.0,1,187.0,11.0,True,13,Leicester,13,2025-04-02 18:45:00+00:00,1.8066544428148184,0.9138245312157524,2025,2024/25,-0.25,-0.07,1.245395880185276,0.0766011390686481
2030,Man City,43,2025-04-06 15:30:00+00:00,0.49,0.91,0.0,0.0,1,88.0,111.0,False,1,Man Utd,1,2025-04-06 15:30:00+00:00,1.4306433729391248,1.2476268105016342,2025,2024/25,-0.49,-0.91,0.34250324662906045,0.7293847746299358
2031,Man City,43,2025-04-12 11:30:00+00:00,4.01,1.82,5.0,2.0,0,197.0,90.0,True,31,Crystal Palace,31,2025-04-12 11:30:00+00:00,1.2782691157967492,1.343411487381084,2025,2024/25,0.9900000000000002,0.17999999999999994,3.137054592373965,1.3547598908417868
2032,Man City,43,2025-04-19 14:00:00+00:00,2.03,0.91,2.0,0.0,1,156.0,90.0,False,11,Everton,11,2025-04-19 14:00:00+00:00,1.2211235295224154,1.043719034632579,2025,2024/25,-0.029999999999999805,-0.91,1.662403475915281,0.8718821539173593
2033,Man City,43,2025-04-22 19:00:00+00:00,1.3199999999999998,1.76,2.0,1.0,0,161.0,97.0,True,7,Aston Villa,7,2025-04-22 19:00:00+00:00,1.34494859335934,1.5023812641100212,2025,2024/25,0.6800000000000002,-0.76,0.9814501509704361,1.171473607961017
2034,Man City,43,2025-05-02 19:00:00+00:00,0.72,0.4,1.0,0.0,1,124.0,42.0,True,39,Wolves,39,2025-05-02 19:00:00+00:00,1.4208488047583725,1.1546087766926485,2025,2024/25,0.28,-0.4,0.506739350160795,0.3464376922075642
2035,Man City,43,2025-05-10 14:00:00+00:00,1.83,0.1,0.0,0.0,1,249.0,20.0,False,20,Southampton,20,2025-05-10 14:00:00+00:00,1.968792671383846,0.7909502689767535,2025,2024/25,-1.83,-0.1,0.9295036631326498,0.12643019911905368
2036,Man City,43,2025-05-20 19:00:00+00:00,1.59,1.06,3.0,1.0,0,129.0,74.0,True,91,Bournemouth,91,2025-05-20 19:00:00+00:00,1.3459269650996175,1.446677261549064,2025,2024/25,1.41,-0.06000000000000005,1.18134196076703,0.7327135278707428
2037,Man City,43,2025-05-25 15:00:00+00:00,2.92,1.74,2.0,0.0,1,236.0,140.0,False,54,Fulham,54,2025-05-25 15:00:00+00:00,1.3400977906164886,1.2724487816863437,2025,2024/25,-0.9199999999999999,-1.74,2.1789454623730893,1.3674420731449974
2038,Man Utd,1,2024-08-16 19:00:00+00:00,2.43,0.44,1.0,0.0,1,128.0,89.0,True,54,Fulham,54,2024-08-16 19:00:00+00:00,1.520471927092056,1.334848655594851,2025,2024/25,-1.4300000000000002,-0.44,1.598188007750621,0.3296253834888285
2039,Man Utd,1,2024-08-24 11:30:00+00:00,1.43,2.09,1.0,2.0,0,113.0,184.0,False,36,Brighton,36,2024-08-24 11:30:00+00:00,1.3806038363821755,1.379330576400262,2025,2024/25,-0.42999999999999994,-0.08999999999999986,1.0357786660561985,1.5152277748053864
2040,Man Utd,1,2024-09-01 15:00:00+00:00,1.35,1.73,0.0,3.0,0,110.0,140.0,True,14,Liverpool,14,2024-09-01 15:00:00+00:00,1.154646565208215,2.0853082977373827,2025,2024/25,-1.35,1.27,1.1691889454991429,0.8296135405383933
2041,Man Utd,1,2024-09-14 11:30:00+00:00,2.67,1.12,3.0,0.0,1,225.0,89.0,False,20,Southampton,20,2024-09-14 11:30:00+00:00,1.767473887317582,0.9773799067104276,2025,2024/25,0.33000000000000007,-1.12,1.5106305214229458,1.1459208362177096
2042,Man Utd,1,2024-09-21 16:30:00+00:00,1.77,1.01,0.0,0.0,1,234.0,114.0,False,31,Crystal Palace,31,2024-09-21 16:30:00+00:00,1.361128744445742,1.2541677803058309,2025,2024/25,-1.77,-1.01,1.3003913165618675,0.8053148995373728
2043,Man Utd,1,2024-09-29 15:30:00+00:00,0.97,4.59,0.0,3.0,0,100.0,306.0,True,6,Spurs,6,2024-09-29 15:30:00+00:00,1.411155841972907,1.72659350046453,2025,2024/25,-0.97,-1.5899999999999999,0.6873797855266386,2.6584138065879936
2044,Man Utd,1,2024-10-06 13:00:00+00:00,0.53,0.42,0.0,0.0,1,76.0,74.0,False,7,Aston Villa,7,2024-10-06 13:00:00+00:00,1.4875367290518795,1.4442039491724965,2025,2024/25,-0.53,-0.42,0.3562937234751907,0.2908176509561912
2045,Man Utd,1,2024-10-19 14:00:00+00:00,1.33,0.86,2.0,1.0,0,243.0,79.0,True,94,Brentford,94,2024-10-19 14:00:00+00:00,1.585310819035716,1.4127994657360965,2025,2024/25,0.6699999999999999,0.14,0.838952200432839,0.6087205019941899
2046,Man Utd,1,2024-10-27 14:00:00+00:00,2.12,2.98,1.0,2.0,0,167.0,147.0,False,21,West Ham,21,2024-10-27 14:00:00+00:00,1.7372351854148258,1.2825849605362123,2025,2024/25,-1.12,-0.98,1.2203298769209396,2.3234328264336943
2047,Man Utd,1,2024-11-03 16:30:00+00:00,1.98,1.11,1.0,1.0,0,116.0,120.0,True,8,Chelsea,8,2024-11-03 16:30:00+00:00,1.4143187673747115,1.7110869655909566,2025,2024/25,-0.98,-0.1100000000000001,1.3999672815452473,0.6487104526663496
2048,Man Utd,1,2024-11-10 14:00:00+00:00,0.6900000000000001,0.77,2.0,0.0,1,85.0,89.0,True,13,Leicester,13,2024-11-10 14:00:00+00:00,1.7537297793713549,1.217578005686584,2025,2024/25,1.31,-0.77,0.3934471593721461,0.6324030135266794
2049,Man Utd,1,2024-11-24 16:30:00+00:00,0.81,1.59,1.0,1.0,0,114.0,113.0,False,40,Ipswich,40,2024-11-24 16:30:00+00:00,1.8974556465636183,0.964894368954384,2025,2024/25,0.18999999999999995,-0.5900000000000001,0.4268874487089847,1.647848770972741
2050,Man Utd,1,2024-11-24 16:30:00+00:00,0.81,1.59,1.0,1.0,0,114.0,113.0,False,40,Ipswich Town,40,2024-11-24 16:30:00+00:00,1.8974556465636183,0.964894368954384,2025,2024/25,0.18999999999999995,-0.5900000000000001,0.4268874487089847,1.647848770972741
2051,Man Utd,1,2024-12-01 13:30:00+00:00,0.81,0.65,4.0,0.0,1,124.0,60.0,True,11,Everton,11,2024-12-01 13:30:00+00:00,1.3984420072622563,1.0657042491798878,2025,2024/25,3.19,-0.65,0.5792160102411004,0.6099253151145895
2052,Man Utd,1,2024-12-04 20:15:00+00:00,0.23,2.16,0.0,2.0,0,46.0,246.0,False,3,Arsenal,3,2024-12-04 20:15:00+00:00,0.9455870623634736,1.8223620118468744,2025,2024/25,-0.23,-0.16000000000000014,0.24323513841773617,1.1852749266930482
2053,Man Utd,1,2024-12-07 17:30:00+00:00,1.72,0.83,2.0,3.0,0,171.0,104.0,True,17,Nott'm Forest,17,2024-12-07 17:30:00+00:00,1.3471988211182095,1.2201719495575114,2025,2024/25,0.28,2.17,1.2767232074716008,0.6802319954175269
2054,Man Utd,1,2024-12-15 16:30:00+00:00,2.07,0.95,2.0,1.0,0,103.0,82.0,False,43,Man City,43,2024-12-15 16:30:00+00:00,1.10953650476265,1.926019978212805,2025,2024/25,-0.06999999999999984,0.050000000000000044,1.8656438892407694,0.49324514322095725
2055,Man Utd,1,2024-12-22 14:00:00+00:00,2.26,1.24,0.0,3.0,0,211.0,99.0,True,91,Bournemouth,91,2024-12-22 14:00:00+00:00,1.4236159438899032,1.6132905569130658,2025,2024/25,-2.26,1.76,1.5875068059611301,0.7686154206299114
2056,Man Utd,1,2024-12-26 17:30:00+00:00,0.45,0.86,0.0,2.0,0,105.0,78.0,False,39,Wolves,39,2024-12-26 17:30:00+00:00,1.6751044698159088,1.049161845191074,2025,2024/25,-0.45,1.1400000000000001,0.26863996133295154,0.8197019401171382
2057,Man Utd,1,2024-12-30 20:00:00+00:00,0.91,1.92,0.0,2.0,0,56.0,144.0,True,4,Newcastle,4,2024-12-30 20:00:00+00:00,1.2519697450109104,1.7230342986237477,2025,2024/25,-0.91,0.08000000000000007,0.7268546253823968,1.1143132795055655
2058,Man Utd,1,2025-01-05 16:30:00+00:00,1.07,2.82,2.0,2.0,0,142.0,199.0,False,14,Liverpool,14,2025-01-05 16:30:00+00:00,1.0950556187595597,2.090950471674553,2025,2024/25,0.9299999999999999,-0.8199999999999998,0.9771193185712871,1.3486689609350633
2059,Man Utd,1,2025-01-16 20:00:00+00:00,3.19,1.52,3.0,1.0,0,0.0,0.0,True,20,Southampton,20,2025-01-16 20:00:00+00:00,1.9980944054331773,0.8976937289219088,2025,2024/25,-0.18999999999999995,-0.52,1.5965211610251335,1.6932278248456232
2060,Man Utd,1,2025-01-19 14:00:00+00:00,1.48,1.93,1.0,3.0,0,96.0,119.0,True,36,Brighton,36,2025-01-19 14:00:00+00:00,1.3991142369036496,1.3511460660013634,2025,2024/25,-0.48,1.07,1.057812122100449,1.4284169924808503
2061,Man Utd,1,2025-01-26 19:00:00+00:00,0.26,0.67,1.0,0.0,1,31.0,91.0,False,54,Fulham,54,2025-01-26 19:00:00+00:00,1.3107853042654114,1.3536011810931838,2025,2024/25,0.74,-0.67,0.19835437516268836,0.4949759274433407
2062,Man Utd,1,2025-02-02 14:00:00+00:00,1.13,2.6,0.0,2.0,0,192.0,112.0,True,31,Crystal Palace,31,2025-02-02 14:00:00+00:00,1.3206860516538552,1.2850946903178624,2025,2024/25,-1.13,-0.6000000000000001,0.8556159115824197,2.023197216196498
2063,Man Utd,1,2025-02-16 16:30:00+00:00,1.53,2.23,0.0,1.0,0,179.0,231.0,False,6,Spurs,6,2025-02-16 16:30:00+00:00,1.5293741589626255,1.559719893360572,2025,2024/25,-1.53,-1.23,1.0004092138171075,1.4297438979221087
2064,Man Utd,1,2025-02-22 12:30:00+00:00,0.41,1.91,2.0,2.0,0,82.0,177.0,False,11,Everton,11,2025-02-22 12:30:00+00:00,1.2543975771881557,1.0491887886169904,2025,2024/25,1.59,0.09000000000000008,0.326850121090836,1.820454069584279
2065,Man Utd,1,2025-02-26 19:30:00+00:00,0.81,1.43,2.0,2.0,0,161.0,101.0,True,40,Ipswich,40,2025-02-26 19:30:00+00:00,1.8463021504501853,0.9099739217201386,2025,2024/25,1.19,0.5700000000000001,0.43871475738816484,1.5714736058554817
2066,Man Utd,1,2025-02-26 19:30:00+00:00,0.81,1.43,2.0,2.0,0,161.0,101.0,True,40,Ipswich Town,40,2025-02-26 19:30:00+00:00,1.8463021504501853,0.9099739217201386,2025,2024/25,1.19,0.5700000000000001,0.43871475738816484,1.5714736058554817
2067,Man Utd,1,2025-03-09 16:30:00+00:00,1.52,1.62,1.0,1.0,0,132.0,166.0,True,3,Arsenal,3,2025-03-09 16:30:00+00:00,0.8694286059255987,1.5953602062944163,2025,2024/25,-0.52,-0.6200000000000001,1.7482746595182468,1.0154446585845434
2068,Man Utd,1,2025-03-16 19:00:00+00:00,0.78,1.17,3.0,0.0,1,115.0,101.0,False,13,Leicester,13,2025-03-16 19:00:00+00:00,1.8080353138556395,0.9277989752010848,2025,2024/25,2.2199999999999998,-1.17,0.4314075029522782,1.2610490324657042
2069,Man Utd,1,2025-04-01 19:00:00+00:00,1.64,0.48,0.0,1.0,0,216.0,76.0,False,17,Nott'm Forest,17,2025-04-01 19:00:00+00:00,1.3626422959892392,1.2636874656453518,2025,2024/25,-1.64,0.52,1.2035440297333548,0.37984075418115276
2070,Man Utd,1,2025-04-06 15:30:00+00:00,0.94,0.49,0.0,0.0,1,111.0,88.0,True,43,Man City,43,2025-04-06 15:30:00+00:00,1.1438182940643946,1.7038644172474182,2025,2024/25,-0.94,-0.49,0.8218088527504176,0.28758156754725345
2071,Man Utd,1,2025-04-13 15:30:00+00:00,0.72,2.17,1.0,4.0,0,91.0,213.0,False,4,Newcastle,4,2025-04-13 15:30:00+00:00,1.2742132176044692,1.6882115732469658,2025,2024/25,0.28,1.83,0.5650545686173352,1.2853839141893824
2072,Man Utd,1,2025-04-20 13:00:00+00:00,1.31,0.25,0.0,1.0,0,91.0,37.0,True,39,Wolves,39,2025-04-20 13:00:00+00:00,1.4683094682150837,1.1415149341251805,2025,2024/25,-1.31,0.75,0.8921824917416565,0.2190072092149997
2073,Man Utd,1,2025-04-27 13:00:00+00:00,2.52,0.53,1.0,1.0,0,249.0,55.0,False,91,Bournemouth,91,2025-04-27 13:00:00+00:00,1.340429146115658,1.531453698263276,2025,2024/25,-1.52,0.47,1.8799949309536748,0.346076411321504
2074,Man Utd,1,2025-05-04 13:00:00+00:00,1.56,2.8,3.0,4.0,0,134.0,208.0,False,94,Brentford,94,2025-05-04 13:00:00+00:00,1.4205211467111964,1.4533735667975425,2025,2024/25,1.44,1.2000000000000002,1.0981885089227474,1.9265521707331594
2075,Man Utd,1,2025-05-11 13:15:00+00:00,2.28,1.56,0.0,2.0,0,193.0,130.0,True,21,West Ham,21,2025-05-11 13:15:00+00:00,1.5138699892528282,1.121292891330236,2025,2024/25,-2.28,0.43999999999999995,1.506073847943373,1.3912511281056172
2076,Man Utd,1,2025-05-16 19:15:00+00:00,0.29,0.82,0.0,1.0,0,49.0,85.0,False,8,Chelsea,8,2025-05-16 19:15:00+00:00,1.2155748587426602,1.5091159681657431,2025,2024/25,-0.29,0.18000000000000005,0.238570251691421,0.543364471185518
2077,Man Utd,1,2025-05-25 15:00:00+00:00,2.88,0.4,2.0,0.0,1,277.0,62.0,True,7,Aston Villa,7,2025-05-25 15:00:00+00:00,1.2888266435234117,1.4512386248407294,2025,2024/25,-0.8799999999999999,-0.4,2.2345906755361735,0.2756266220821536
2078,Newcastle,4,2024-08-17 14:00:00+00:00,0.26,1.77,1.0,0.0,1,49.0,182.0,True,20,Southampton,20,2024-08-17 14:00:00+00:00,1.699563046738794,0.968945284020581,2025,2024/25,0.74,-1.77,0.15298049725127932,1.8267285358523961
2079,Newcastle,4,2024-08-25 13:00:00+00:00,1.61,2.23,1.0,1.0,0,167.0,152.0,False,91,Bournemouth,91,2024-08-25 13:00:00+00:00,1.5273506357341176,1.4252390930542853,2025,2024/25,-0.6100000000000001,-1.23,1.0541128947945586,1.564649756568993
2080,Newcastle,4,2024-09-01 12:30:00+00:00,1.57,1.26,2.0,1.0,0,104.0,204.0,True,6,Spurs,6,2024-09-01 12:30:00+00:00,1.4972129137649215,1.6700859099288237,2025,2024/25,0.42999999999999994,-0.26,1.0486150537214154,0.7544522066255257
2081,Newcastle,4,2024-09-15 15:30:00+00:00,1.21,0.99,2.0,1.0,0,123.0,136.0,False,39,Wolves,39,2024-09-15 15:30:00+00:00,1.7150022906948277,1.0194788454361468,2025,2024/25,0.79,0.010000000000000009,0.7055384162255389,0.9710843971229876
2082,Newcastle,4,2024-09-21 14:00:00+00:00,1.54,2.29,1.0,3.0,0,134.0,268.0,False,54,Fulham,54,2024-09-21 14:00:00+00:00,1.44591171913863,1.3416472170510696,2025,2024/25,-0.54,0.71,1.0650719401578825,1.7068570417739193
2083,Newcastle,4,2024-09-28 11:30:00+00:00,1.59,0.91,1.0,1.0,0,129.0,188.0,True,43,Man City,43,2024-09-28 11:30:00+00:00,0.8694391494288268,2.1165286407299595,2025,2024/25,-0.5900000000000001,0.08999999999999997,1.8287651309980022,0.42994929645088786
2084,Newcastle,4,2024-10-05 16:30:00+00:00,2.05,0.67,0.0,0.0,1,146.0,56.0,False,11,Everton,11,2024-10-05 16:30:00+00:00,1.555278925467278,1.1030006392354683,2025,2024/25,-2.05,-0.67,1.3180915438586585,0.607433918138436
2085,Newcastle,4,2024-10-19 14:00:00+00:00,2.03,1.12,0.0,1.0,0,209.0,95.0,True,36,Brighton,36,2024-10-19 14:00:00+00:00,1.4305772127360368,1.3862900796629452,2025,2024/25,-2.03,-0.1200000000000001,1.4190076438569454,0.8079117180671961
2086,Newcastle,4,2024-10-27 14:00:00+00:00,1.93,1.64,1.0,2.0,0,121.0,174.0,False,8,Chelsea,8,2024-10-27 14:00:00+00:00,1.4103942108208485,1.726212960136808,2025,2024/25,-0.9299999999999999,0.3600000000000001,1.3684117427543476,0.9500565908565677
2087,Newcastle,4,2024-11-02 12:30:00+00:00,0.51,1.05,1.0,0.0,1,114.0,92.0,True,3,Arsenal,3,2024-11-02 12:30:00+00:00,0.9613827364855404,1.816876257681844,2025,2024/25,0.49,-1.05,0.5304859143449687,0.5779149766312083
2088,Newcastle,4,2024-11-10 14:00:00+00:00,1.7,0.63,3.0,1.0,0,206.0,112.0,False,17,Nott'm Forest,17,2024-11-10 14:00:00+00:00,1.3054665709814297,1.2547026029376402,2025,2024/25,1.3,0.37,1.3022164165582317,0.5021110170051282
2089,Newcastle,4,2024-11-25 20:00:00+00:00,1.75,0.91,0.0,2.0,0,137.0,119.0,True,21,West Ham,21,2024-11-25 20:00:00+00:00,1.7344516947357822,1.2425266083090158,2025,2024/25,-1.75,1.0899999999999999,1.0089643922119067,0.7323786822066054
2090,Newcastle,4,2024-11-30 15:00:00+00:00,0.04,1.76,0.0,1.0,0,30.0,140.0,False,31,Crystal Palace,31,2024-11-30 15:00:00+00:00,1.3900279231602628,1.2212465007747528,2025,2024/25,-0.04,-0.76,0.02877640033954067,1.4411504957299486
2091,Newcastle,4,2024-12-04 19:30:00+00:00,2.1,1.99,3.0,3.0,0,152.0,199.0,True,14,Liverpool,14,2024-12-04 19:30:00+00:00,1.118691331158591,1.9902716238784908,2025,2024/25,0.8999999999999999,1.01,1.8771934147599951,0.9998635242168797
2092,Newcastle,4,2024-12-07 15:00:00+00:00,1.48,1.23,2.0,4.0,0,146.0,157.0,False,94,Brentford,94,2024-12-07 15:00:00+00:00,1.6182109671718972,1.4376153338902953,2025,2024/25,0.52,2.77,0.9145902666736682,0.8555835285030853
2093,Newcastle,4,2024-12-14 15:00:00+00:00,3.79,0.19,4.0,0.0,1,319.0,42.0,True,13,Leicester,13,2024-12-14 15:00:00+00:00,1.846668489823275,1.1569206448248783,2025,2024/25,0.20999999999999996,-0.19,2.0523445441811274,0.16422906864866266
2094,Newcastle,4,2024-12-21 15:00:00+00:00,2.32,0.71,4.0,0.0,1,193.0,84.0,False,40,Ipswich,40,2024-12-21 15:00:00+00:00,1.837582997500415,0.9186286811448772,2025,2024/25,1.6800000000000002,-0.71,1.2625280072550715,0.7728911741740249
2095,Newcastle,4,2024-12-21 15:00:00+00:00,2.32,0.71,4.0,0.0,1,193.0,84.0,False,40,Ipswich Town,40,2024-12-21 15:00:00+00:00,1.837582997500415,0.9186286811448772,2025,2024/25,1.6800000000000002,-0.71,1.2625280072550715,0.7728911741740249
2096,Newcastle,4,2024-12-26 15:00:00+00:00,2.77,0.34,3.0,0.0,1,250.0,34.0,True,7,Aston Villa,7,2024-12-26 15:00:00+00:00,1.445003547662357,1.4480707647122248,2025,2024/25,0.22999999999999998,-0.34,1.9169503109394752,0.234795155240613
2097,Newcastle,4,2024-12-30 20:00:00+00:00,1.92,0.9,2.0,0.0,1,144.0,56.0,False,1,Man Utd,1,2024-12-30 20:00:00+00:00,1.4563012916396616,1.3251197846751852,2025,2024/25,0.08000000000000007,-0.9,1.318408498998347,0.6791838823994383
2098,Newcastle,4,2025-01-04 12:30:00+00:00,2.52,0.95,2.0,1.0,0,156.0,118.0,False,6,Spurs,6,2025-01-04 12:30:00+00:00,1.4987176750902194,1.6733551575113212,2025,2024/25,-0.52,0.050000000000000044,1.6814374327361568,0.5677216792476242
2099,Newcastle,4,2025-01-15 19:30:00+00:00,2.1100000000000003,1.62,3.0,0.0,1,153.0,146.0,True,39,Wolves,39,2025-01-15 19:30:00+00:00,1.666991316011866,1.0622800935118055,2025,2024/25,0.8899999999999997,-1.62,1.2657534443838585,1.5250215172953314
2100,Newcastle,4,2025-01-18 12:30:00+00:00,0.8300000000000001,2.26,1.0,4.0,0,146.0,264.0,True,91,Bournemouth,91,2025-01-18 12:30:00+00:00,1.3788256489515829,1.6057174607095437,2025,2024/25,0.16999999999999993,1.7400000000000002,0.601961531997252,1.4074705266026926
2101,Newcastle,4,2025-01-25 15:00:00+00:00,2.91,0.76,3.0,1.0,0,197.0,111.0,False,20,Southampton,20,2025-01-25 15:00:00+00:00,2.0314583600224294,0.9068350888315602,2025,2024/25,0.08999999999999986,0.24,1.4324684459532169,0.8380796126661195
2102,Newcastle,4,2025-02-01 15:00:00+00:00,0.75,1.56,1.0,2.0,0,153.0,146.0,True,54,Fulham,54,2025-02-01 15:00:00+00:00,1.290266797472,1.347851859061934,2025,2024/25,0.25,0.43999999999999995,0.5812751296626896,1.1573972239691943
2103,Newcastle,4,2025-02-15 15:00:00+00:00,0.48,1.9,0.0,4.0,0,43.0,164.0,False,43,Man City,43,2025-02-15 15:00:00+00:00,1.187665675603672,1.876240959090536,2025,2024/25,-0.48,2.1,0.40415414022639273,1.0126631074726034
2104,Newcastle,4,2025-02-23 14:00:00+00:00,3.07,2.18,4.0,3.0,0,202.0,166.0,True,17,Nott'm Forest,17,2025-02-23 14:00:00+00:00,1.4064141892137392,1.30581566554678,2025,2024/25,0.9300000000000002,0.8199999999999998,2.1828562478570372,1.6694546232811318
2105,Newcastle,4,2025-02-26 20:15:00+00:00,0.22,1.7,0.0,2.0,0,40.0,127.0,False,14,Liverpool,14,2025-02-26 20:15:00+00:00,1.04337605359272,2.01055472500351,2025,2024/25,-0.22,0.30000000000000004,0.21085398619458506,0.8455377905702278
2106,Newcastle,4,2025-03-10 20:00:00+00:00,1.38,0.45,1.0,0.0,1,148.0,76.0,False,21,West Ham,21,2025-03-10 20:00:00+00:00,1.5880845016317706,1.1810504877081895,2025,2024/25,-0.3799999999999999,-0.45,0.8689713920021497,0.38101673441007433
2107,Newcastle,4,2025-04-02 18:45:00+00:00,1.28,1.6,2.0,1.0,0,176.0,143.0,True,94,Brentford,94,2025-04-02 18:45:00+00:00,1.4853731270878645,1.4291743619991646,2025,2024/25,0.72,-0.6000000000000001,0.8617363386057031,1.1195274996130495
2108,Newcastle,4,2025-04-07 19:00:00+00:00,3.35,0.47,3.0,0.0,1,180.0,75.0,False,13,Leicester,13,2025-04-07 19:00:00+00:00,1.8335494315506573,0.8779116101752281,2025,2024/25,-0.3500000000000001,-0.47,1.827057368814355,0.5353614128718375
2109,Newcastle,4,2025-04-13 15:30:00+00:00,2.17,0.72,4.0,1.0,0,213.0,91.0,True,1,Man Utd,1,2025-04-13 15:30:00+00:00,1.4293983786474582,1.2372185498926616,2025,2024/25,1.83,0.28,1.5181212126834245,0.5819505374070455
2110,Newcastle,4,2025-04-16 18:30:00+00:00,1.39,2.0,4.0,0.0,1,145.0,120.0,True,31,Crystal Palace,31,2025-04-16 18:30:00+00:00,1.3201654593800822,1.353985236912334,2025,2024/25,2.6100000000000003,-2.0,1.0528983243151282,1.4771209799605025
2111,Newcastle,4,2025-04-19 16:30:00+00:00,1.01,2.26,1.0,4.0,0,141.0,216.0,False,7,Aston Villa,7,2025-04-19 16:30:00+00:00,1.358112543355681,1.4832197424433546,2025,2024/25,-0.010000000000000009,1.7400000000000002,0.7436791633662774,1.5237121886451097
2112,Newcastle,4,2025-04-26 14:00:00+00:00,2.86,0.1,3.0,0.0,1,252.0,21.0,True,40,Ipswich,40,2025-04-26 14:00:00+00:00,1.943462452947468,0.926917691248378,2025,2024/25,0.14000000000000012,-0.1,1.4716003366375847,0.10788444426529332
2113,Newcastle,4,2025-04-26 14:00:00+00:00,2.86,0.1,3.0,0.0,1,252.0,21.0,True,40,Ipswich Town,40,2025-04-26 14:00:00+00:00,1.943462452947468,0.926917691248378,2025,2024/25,0.14000000000000012,-0.1,1.4716003366375847,0.10788444426529332
2114,Newcastle,4,2025-05-04 13:00:00+00:00,1.85,0.69,1.0,1.0,0,149.0,72.0,False,36,Brighton,36,2025-05-04 13:00:00+00:00,1.3956968676292574,1.458423260880393,2025,2024/25,-0.8500000000000001,0.31000000000000005,1.3255027240567114,0.4731136827751046
2115,Newcastle,4,2025-05-11 11:00:00+00:00,1.57,0.69,2.0,0.0,1,214.0,98.0,True,8,Chelsea,8,2025-05-11 11:00:00+00:00,1.224676746788636,1.5391931636656673,2025,2024/25,0.42999999999999994,-0.69,1.281970939774006,0.4482868143441656
2116,Newcastle,4,2025-05-18 15:30:00+00:00,1.9,0.64,0.0,1.0,0,190.0,145.0,False,3,Arsenal,3,2025-05-18 15:30:00+00:00,0.944049424189096,1.5837473476905748,2025,2024/25,-1.9,0.36,2.012606492114574,0.40410485986495887
2117,Newcastle,4,2025-05-25 15:00:00+00:00,1.27,0.99,0.0,1.0,0,181.0,108.0,True,11,Everton,11,2025-05-25 15:00:00+00:00,1.194328401018315,1.0982936555552325,2025,2024/25,-1.27,0.010000000000000009,1.063359122095033,0.9013982690262509
2118,Nott'm Forest,17,2024-08-17 14:00:00+00:00,1.4,1.22,1.0,1.0,0,173.0,128.0,True,91,Bournemouth,91,2024-08-17 14:00:00+00:00,1.52975938686333,1.4257405767374367,2025,2024/25,-0.3999999999999999,-0.21999999999999997,0.9151766036033987,0.8556956433068358
2119,Nott'm Forest,17,2024-08-24 14:00:00+00:00,2.44,0.14,1.0,0.0,1,222.0,58.0,False,20,Southampton,20,2024-08-24 14:00:00+00:00,1.6852978415162942,0.9573501154166492,2025,2024/25,-1.44,-0.14,1.4478152999974687,0.14623699077852045
2120,Nott'm Forest,17,2024-08-31 14:00:00+00:00,1.04,0.74,1.0,1.0,0,207.0,66.0,True,39,Wolves,39,2024-08-31 14:00:00+00:00,1.7163448138001156,1.0250134565176277,2025,2024/25,-0.040000000000000036,0.26,0.6059388484399952,0.7219417416372952
2121,Nott'm Forest,17,2024-09-14 14:00:00+00:00,0.45,0.94,1.0,0.0,1,50.0,169.0,False,14,Liverpool,14,2024-09-14 14:00:00+00:00,1.1355944253820371,2.0612734024811505,2025,2024/25,0.55,-0.94,0.39626823621347984,0.4560287824354226
2122,Nott'm Forest,17,2024-09-22 13:00:00+00:00,1.53,0.94,2.0,2.0,0,78.0,126.0,False,36,Brighton,36,2024-09-22 13:00:00+00:00,1.3510733279644205,1.3861709157772624,2025,2024/25,0.47,1.06,1.132432983711667,0.678127054392075
2123,Nott'm Forest,17,2024-09-28 14:00:00+00:00,0.81,1.33,0.0,1.0,0,97.0,105.0,True,54,Fulham,54,2024-09-28 14:00:00+00:00,1.4315693889244188,1.3529956767385698,2025,2024/25,-0.81,-0.33000000000000007,0.5658126013776933,0.9830038801055142
2124,Nott'm Forest,17,2024-10-06 13:00:00+00:00,0.84,2.27,1.0,1.0,0,168.0,246.0,False,8,Chelsea,8,2024-10-06 13:00:00+00:00,1.4174067379337671,1.741587544398024,2025,2024/25,0.16000000000000003,-1.27,0.5926315838067165,1.3034084949112452
2125,Nott'm Forest,17,2024-10-21 19:00:00+00:00,1.63,1.12,1.0,0.0,1,192.0,157.0,True,31,Crystal Palace,31,2024-10-21 19:00:00+00:00,1.3613787529103147,1.1847702372520283,2025,2024/25,-0.6299999999999999,-1.12,1.1973155865077478,0.9453309720184588
2126,Nott'm Forest,17,2024-10-25 19:00:00+00:00,1.76,0.76,3.0,1.0,0,169.0,102.0,False,13,Leicester,13,2024-10-25 19:00:00+00:00,1.7770522568740246,1.2177134506915357,2025,2024/25,1.24,0.24,0.9904041894052003,0.6241205593716637
2127,Nott'm Forest,17,2024-11-02 15:00:00+00:00,2.16,0.13,3.0,0.0,1,168.0,31.0,True,21,West Ham,21,2024-11-02 15:00:00+00:00,1.755318225513781,1.2725766329320458,2025,2024/25,0.8399999999999999,-0.13,1.2305461018999955,0.10215494818608842
2128,Nott'm Forest,17,2024-11-10 14:00:00+00:00,0.63,1.7,1.0,3.0,0,112.0,206.0,True,4,Newcastle,4,2024-11-10 14:00:00+00:00,1.3518691301027017,1.6612458762609197,2025,2024/25,0.37,1.3,0.4660214409601459,1.0233283490980316
2129,Nott'm Forest,17,2024-11-23 15:00:00+00:00,0.34,1.19,0.0,3.0,0,42.0,206.0,False,3,Arsenal,3,2024-11-23 15:00:00+00:00,0.9374644545030246,1.791309933933248,2025,2024/25,-0.34,1.81,0.3626804177660723,0.6643183167008242
2130,Nott'm Forest,17,2024-11-30 15:00:00+00:00,1.68,0.59,1.0,0.0,1,150.0,82.0,True,40,Ipswich,40,2024-11-30 15:00:00+00:00,1.8599657875920312,0.9556605430011272,2025,2024/25,-0.6799999999999999,-0.59,0.9032424204828947,0.617374029220859
2131,Nott'm Forest,17,2024-11-30 15:00:00+00:00,1.68,0.59,1.0,0.0,1,150.0,82.0,True,40,Ipswich Town,40,2024-11-30 15:00:00+00:00,1.8599657875920312,0.9556605430011272,2025,2024/25,-0.6799999999999999,-0.59,0.9032424204828947,0.617374029220859
2132,Nott'm Forest,17,2024-12-04 19:30:00+00:00,1.04,2.41,0.0,3.0,0,85.0,214.0,False,43,Man City,43,2024-12-04 19:30:00+00:00,1.0698831002669895,1.9793234117558969,2025,2024/25,-1.04,0.5899999999999999,0.9720688173693629,1.2175877805952093
2133,Nott'm Forest,17,2024-12-07 17:30:00+00:00,0.8400000000000001,1.6,3.0,2.0,0,104.0,171.0,False,1,Man Utd,1,2024-12-07 17:30:00+00:00,1.4884319400371373,1.359967887863946,2025,2024/25,2.16,0.3999999999999999,0.5643523075559919,1.1764983675556222
2134,Nott'm Forest,17,2024-12-14 17:30:00+00:00,1.7799999999999998,0.42,2.0,1.0,0,214.0,112.0,True,7,Aston Villa,7,2024-12-14 17:30:00+00:00,1.4438096828186828,1.497395925419324,2025,2024/25,0.2200000000000002,0.5800000000000001,1.2328494684458606,0.28048693927251406
2135,Nott'm Forest,17,2024-12-21 15:00:00+00:00,0.89,0.72,2.0,0.0,1,120.0,131.0,False,94,Brentford,94,2024-12-21 15:00:00+00:00,1.6352159224822618,1.4262267107639517,2025,2024/25,1.1099999999999999,-0.72,0.5442706298070886,0.5048285763869443
2136,Nott'm Forest,17,2024-12-26 15:00:00+00:00,1.12,0.9,1.0,0.0,1,99.0,137.0,True,6,Spurs,6,2024-12-26 15:00:00+00:00,1.497716611467116,1.714713741255247,2025,2024/25,-0.1200000000000001,-0.9,0.7478050196043985,0.5248689494615935
2137,Nott'm Forest,17,2024-12-29 15:00:00+00:00,1.56,0.89,2.0,0.0,1,126.0,109.0,False,11,Everton,11,2024-12-29 15:00:00+00:00,1.3592828772785563,0.9878086936162048,2025,2024/25,0.43999999999999995,-0.89,1.1476639822928565,0.9009841741135692
2138,Nott'm Forest,17,2025-01-06 20:00:00+00:00,2.2,1.57,3.0,0.0,1,110.0,197.0,False,39,Wolves,39,2025-01-06 20:00:00+00:00,1.6672979915369797,1.045300952969748,2025,2024/25,0.7999999999999998,-1.57,1.319500180031978,1.5019597901824906
2139,Nott'm Forest,17,2025-01-14 20:00:00+00:00,0.31,1.99,1.0,1.0,0,77.0,231.0,True,14,Liverpool,14,2025-01-14 20:00:00+00:00,1.083924068157295,2.0811653912070307,2025,2024/25,0.69,-0.99,0.28599789330908554,0.956195028231679
2140,Nott'm Forest,17,2025-01-19 14:00:00+00:00,2.04,0.89,3.0,2.0,0,125.0,129.0,True,20,Southampton,20,2025-01-19 14:00:00+00:00,1.999968800603924,0.8948161139018513,2025,2024/25,0.96,1.1099999999999999,1.0200159119402203,0.9946177613176291
2141,Nott'm Forest,17,2025-01-25 15:00:00+00:00,0.98,1.69,0.0,5.0,0,143.0,219.0,False,91,Bournemouth,91,2025-01-25 15:00:00+00:00,1.3463438759932491,1.63954456878246,2025,2024/25,-0.98,3.31,0.7278972463680697,1.0307740528548173
2142,Nott'm Forest,17,2025-02-01 12:30:00+00:00,3.41,0.88,6.0,0.0,1,242.0,131.0,True,36,Brighton,36,2025-02-01 12:30:00+00:00,1.377633550409704,1.3291072557548815,2025,2024/25,2.59,-0.88,2.4752591129810075,0.6620985599090677
2143,Nott'm Forest,17,2025-02-15 15:00:00+00:00,0.42,2.18,1.0,2.0,0,77.0,370.0,False,54,Fulham,54,2025-02-15 15:00:00+00:00,1.2742101609183971,1.3635837856864237,2025,2024/25,0.5800000000000001,-0.18000000000000016,0.32961595573628266,1.5987283090951359
2144,Nott'm Forest,17,2025-02-23 14:00:00+00:00,2.19,3.05,3.0,4.0,0,166.0,202.0,False,4,Newcastle,4,2025-02-23 14:00:00+00:00,1.310425250970182,1.693054087762682,2025,2024/25,0.81,0.9500000000000002,1.671213217525089,1.8014781819702401
2145,Nott'm Forest,17,2025-02-26 19:30:00+00:00,0.41,0.99,0.0,0.0,1,64.0,130.0,True,3,Arsenal,3,2025-02-26 19:30:00+00:00,0.8704436077410367,1.6197066348928533,2025,2024/25,-0.41,-0.99,0.47102419542608437,0.611221797004919
2146,Nott'm Forest,17,2025-03-08 12:30:00+00:00,0.72,0.86,1.0,0.0,1,104.0,89.0,True,43,Man City,43,2025-03-08 12:30:00+00:00,1.170244667882571,1.781760368600594,2025,2024/25,0.28,-0.86,0.6152559543832494,0.4826687219872611
2147,Nott'm Forest,17,2025-03-15 15:00:00+00:00,1.52,0.42,4.0,2.0,0,127.0,67.0,False,40,Ipswich,40,2025-03-15 15:00:00+00:00,1.8580961564218696,0.9334196538020628,2025,2024/25,2.48,1.58,0.8180416254275341,0.44995838505138597
2148,Nott'm Forest,17,2025-03-15 15:00:00+00:00,1.52,0.42,4.0,2.0,0,127.0,67.0,False,40,Ipswich Town,40,2025-03-15 15:00:00+00:00,1.8580961564218696,0.9334196538020628,2025,2024/25,2.48,1.58,0.8180416254275341,0.44995838505138597
2149,Nott'm Forest,17,2025-04-01 19:00:00+00:00,0.48,1.63,1.0,0.0,1,76.0,216.0,True,1,Man Utd,1,2025-04-01 19:00:00+00:00,1.4439723428588818,1.2504453374591975,2025,2024/25,0.52,-1.63,0.33241633911745216,1.303535589418108
2150,Nott'm Forest,17,2025-04-05 16:30:00+00:00,1.46,3.03,1.0,2.0,0,109.0,207.0,False,7,Aston Villa,7,2025-04-05 16:30:00+00:00,1.385261142657222,1.3975298713085422,2025,2024/25,-0.45999999999999996,-1.0299999999999998,1.0539529010388706,2.1681110809910167
2151,Nott'm Forest,17,2025-04-12 14:00:00+00:00,0.52,1.36,0.0,1.0,0,99.0,148.0,True,11,Everton,11,2025-04-12 14:00:00+00:00,1.229690903563284,1.0475440618375262,2025,2024/25,-0.52,-0.3600000000000001,0.42287049411619815,1.2982747452306551
2152,Nott'm Forest,17,2025-04-21 19:00:00+00:00,0.48,2.14,2.0,1.0,0,38.0,186.0,False,6,Spurs,6,2025-04-21 19:00:00+00:00,1.5347276802912615,1.512469084704736,2025,2024/25,1.52,-1.1400000000000001,0.3127590687026022,1.414904953523576
2153,Nott'm Forest,17,2025-05-01 18:30:00+00:00,0.98,1.65,0.0,2.0,0,157.0,112.0,True,94,Brentford,94,2025-05-01 18:30:00+00:00,1.4328847517347878,1.410946657900127,2025,2024/25,-0.98,0.3500000000000001,0.683934977194445,1.1694276256025506
2154,Nott'm Forest,17,2025-05-05 19:00:00+00:00,0.71,2.56,1.0,1.0,0,100.0,177.0,False,31,Crystal Palace,31,2025-05-05 19:00:00+00:00,1.296037565073803,1.3277508059988712,2025,2024/25,0.29000000000000004,-1.56,0.5478236272878163,1.9280726386560947
2155,Nott'm Forest,17,2025-05-11 13:15:00+00:00,1.34,1.07,2.0,2.0,0,134.0,160.0,True,13,Leicester,13,2025-05-11 13:15:00+00:00,1.83434125476089,0.9077841293920156,2025,2024/25,0.6599999999999999,0.9299999999999999,0.7305074759247411,1.1786943231940261
2156,Nott'm Forest,17,2025-05-18 13:15:00+00:00,1.97,1.13,2.0,1.0,0,155.0,171.0,False,21,West Ham,21,2025-05-18 13:15:00+00:00,1.5200454538607326,1.1188731077428793,2025,2024/25,0.030000000000000027,-0.1299999999999999,1.2960138757669626,1.0099447311586272
2157,Nott'm Forest,17,2025-05-25 15:00:00+00:00,1.36,1.07,0.0,1.0,0,103.0,79.0,True,8,Chelsea,8,2025-05-25 15:00:00+00:00,1.202252785486306,1.49362892670741,2025,2024/25,-1.36,-0.07000000000000006,1.1312096893582042,0.7163760562395726
2158,Southampton,20,2024-08-17 14:00:00+00:00,1.82,0.25,0.0,1.0,0,182.0,49.0,True,4,Newcastle,4,2024-08-17 14:00:00+00:00,1.4664556109444944,1.8171879036621792,2025,2024/25,-1.82,0.75,1.2410876854484534,0.1375752058970759
2159,Southampton,20,2024-08-24 14:00:00+00:00,0.14,2.45,0.0,1.0,0,58.0,222.0,True,17,Nott'm Forest,17,2024-08-24 14:00:00+00:00,1.4231756689340032,1.2236229152692606,2025,2024/25,-0.14,-1.4500000000000002,0.09837155247662699,2.002250831875662
2160,Southampton,20,2024-08-31 14:00:00+00:00,1.57,2.78,1.0,3.0,0,180.0,234.0,False,94,Brentford,94,2024-08-31 14:00:00+00:00,1.5257064623657468,1.3846505929794597,2025,2024/25,-0.5700000000000001,0.2200000000000002,1.029031493755078,2.007726724774702
2161,Southampton,20,2024-09-14 11:30:00+00:00,1.11,2.67,0.0,3.0,0,89.0,225.0,True,1,Man Utd,1,2024-09-14 11:30:00+00:00,1.671905596603375,1.4530745146633408,2025,2024/25,-1.11,0.33000000000000007,0.6639130835228161,1.837483193777303
2162,Southampton,20,2024-09-21 14:00:00+00:00,2.49,1.69,1.0,1.0,0,111.0,155.0,True,40,Ipswich,40,2024-09-21 14:00:00+00:00,1.8850955062356165,0.730010638189483,2025,2024/25,-1.4900000000000002,-0.69,1.3208879824727444,2.3150347564679463
2163,Southampton,20,2024-09-21 14:00:00+00:00,2.49,1.69,1.0,1.0,0,111.0,155.0,True,40,Ipswich Town,40,2024-09-21 14:00:00+00:00,1.8850955062356165,0.730010638189483,2025,2024/25,-1.4900000000000002,-0.69,1.3208879824727444,2.3150347564679463
2164,Southampton,20,2024-09-30 19:00:00+00:00,0.59,1.38,1.0,3.0,0,84.0,147.0,False,91,Bournemouth,91,2024-09-30 19:00:00+00:00,1.5206524155696446,1.454337802206143,2025,2024/25,0.41000000000000003,1.62,0.38799136078640484,0.948885463821832
2165,Southampton,20,2024-10-05 14:00:00+00:00,0.65,2.83,1.0,3.0,0,56.0,307.0,False,3,Arsenal,3,2024-10-05 14:00:00+00:00,0.9029042770802426,1.8906622226785408,2025,2024/25,0.35,0.16999999999999993,0.7198991260756132,1.4968300345001233
2166,Southampton,20,2024-10-19 14:00:00+00:00,2.17,3.21,2.0,3.0,0,233.0,206.0,True,13,Leicester,13,2024-10-19 14:00:00+00:00,1.7509499441162173,1.1998315008477858,2025,2024/25,-0.16999999999999993,-0.20999999999999996,1.239327261919698,2.6753756654429015
2167,Southampton,20,2024-10-26 14:00:00+00:00,0.21,2.95,0.0,1.0,0,65.0,226.0,False,43,Man City,43,2024-10-26 14:00:00+00:00,0.8923957283965562,2.1124881560520627,2025,2024/25,-0.21,-1.9500000000000002,0.23532161048924446,1.3964575335244136
2168,Southampton,20,2024-11-02 15:00:00+00:00,0.73,1.56,1.0,0.0,1,89.0,132.0,True,11,Everton,11,2024-11-02 15:00:00+00:00,1.4932700165430297,1.0932368532472088,2025,2024/25,0.27,-1.56,0.48886001320107836,1.4269551884995266
2169,Southampton,20,2024-11-09 15:00:00+00:00,0.65,1.26,0.0,2.0,0,59.0,92.0,False,39,Wolves,39,2024-11-09 15:00:00+00:00,1.7806353064935183,1.0498276942892146,2025,2024/25,-0.65,0.74,0.3650382521505765,1.2001969531324685
2170,Southampton,20,2024-11-24 14:00:00+00:00,1.28,3.15,2.0,3.0,0,106.0,284.0,True,14,Liverpool,14,2024-11-24 14:00:00+00:00,1.0978551399731686,1.9586104318136448,2025,2024/25,0.72,-0.1499999999999999,1.1659097392678628,1.6082830709132625
2171,Southampton,20,2024-11-29 20:00:00+00:00,1.0,1.68,1.0,1.0,0,92.0,186.0,False,36,Brighton,36,2024-11-29 20:00:00+00:00,1.4648572088386147,1.3992374856889591,2025,2024/25,0.0,-0.6799999999999999,0.6826603944508911,1.2006539398655394
2172,Southampton,20,2024-12-04 19:30:00+00:00,1.56,5.43,1.0,5.0,0,140.0,354.0,True,8,Chelsea,8,2024-12-04 19:30:00+00:00,1.3528707536858424,1.720768444959023,2025,2024/25,-0.56,-0.4299999999999997,1.153103499170074,3.155566930522895
2173,Southampton,20,2024-12-07 15:00:00+00:00,0.34,2.29,0.0,1.0,0,58.0,176.0,False,7,Aston Villa,7,2024-12-07 15:00:00+00:00,1.45736150567929,1.5115478109464562,2025,2024/25,-0.34,-1.29,0.23329832623891272,1.5150033518067256
2174,Southampton,20,2024-12-15 19:00:00+00:00,0.8400000000000001,2.44,0.0,5.0,0,81.0,238.0,True,6,Spurs,6,2024-12-15 19:00:00+00:00,1.4580154660350502,1.7095639531576825,2025,2024/25,-0.8400000000000001,2.56,0.5761255758721882,1.4272645346160648
2175,Southampton,20,2024-12-22 14:00:00+00:00,0.26,1.04,0.0,0.0,1,52.0,174.0,False,54,Fulham,54,2024-12-22 14:00:00+00:00,1.34867544209208,1.314128685244158,2025,2024/25,-0.26,-1.04,0.1927817411701997,0.7913989030737684
2176,Southampton,20,2024-12-26 15:00:00+00:00,1.41,1.81,0.0,1.0,0,174.0,123.0,True,21,West Ham,21,2024-12-26 15:00:00+00:00,1.6932191670824004,1.3233817446189875,2025,2024/25,-1.41,-0.81,0.8327333090786955,1.3677081517556477
2177,Southampton,20,2024-12-29 15:00:00+00:00,0.96,2.03,1.0,2.0,0,105.0,218.0,False,31,Crystal Palace,31,2024-12-29 15:00:00+00:00,1.37317330331166,1.2559032105753225,2025,2024/25,0.040000000000000036,-0.029999999999999805,0.6991105912740827,1.6163665980836754
2178,Southampton,20,2025-01-04 15:00:00+00:00,0.29,4.46,0.0,5.0,0,64.0,265.0,True,94,Brentford,94,2025-01-04 15:00:00+00:00,1.605482568347956,1.4105101422768294,2025,2024/25,-0.29,0.54,0.18063104870606625,3.1619765546674614
2179,Southampton,20,2025-01-16 20:00:00+00:00,1.58,3.2,0.0,3.0,0,0.0,0.0,False,1,Man Utd,1,2025-01-16 20:00:00+00:00,1.4762094561212558,1.3384624376063858,2025,2024/25,-1.58,-0.20000000000000018,1.0703088192860206,2.3908029916197426
2180,Southampton,20,2025-01-19 14:00:00+00:00,0.9,2.05,2.0,3.0,0,129.0,125.0,False,17,Nott'm Forest,17,2025-01-19 14:00:00+00:00,1.284970792308387,1.2537335368447322,2025,2024/25,1.1,0.9500000000000002,0.7004050250692423,1.6351161867769999
2181,Southampton,20,2025-01-25 15:00:00+00:00,0.76,2.93,1.0,3.0,0,111.0,197.0,True,4,Newcastle,4,2025-01-25 15:00:00+00:00,1.2252654287433884,1.7611614398860889,2025,2024/25,0.24,0.06999999999999984,0.620273764501332,1.663674853220447
2182,Southampton,20,2025-02-01 15:00:00+00:00,0.92,1.84,2.0,1.0,0,123.0,154.0,False,40,Ipswich,40,2025-02-01 15:00:00+00:00,1.8531984370136207,0.9010727316017544,2025,2024/25,1.08,-0.8400000000000001,0.49643901140050345,2.0420105230897407
2183,Southampton,20,2025-02-01 15:00:00+00:00,0.92,1.84,2.0,1.0,0,123.0,154.0,False,40,Ipswich Town,40,2025-02-01 15:00:00+00:00,1.8531984370136207,0.9010727316017544,2025,2024/25,1.08,-0.8400000000000001,0.49643901140050345,2.0420105230897407
2184,Southampton,20,2025-02-15 15:00:00+00:00,0.7899999999999999,1.2,1.0,3.0,0,117.0,181.0,True,91,Bournemouth,91,2025-02-15 15:00:00+00:00,1.358396562598302,1.6418963304154672,2025,2024/25,0.21000000000000008,1.8,0.5815680205262818,0.7308622217922557
2185,Southampton,20,2025-02-22 15:00:00+00:00,0.13,3.97,0.0,4.0,0,34.0,282.0,True,36,Brighton,36,2025-02-22 15:00:00+00:00,1.3527715207013704,1.385766582887053,2025,2024/25,-0.13,0.029999999999999805,0.09609900712028518,2.8648403338815216
2186,Southampton,20,2025-02-25 20:15:00+00:00,0.72,2.56,0.0,4.0,0,65.0,237.0,False,8,Chelsea,8,2025-02-25 20:15:00+00:00,1.4021262414049125,1.685315755027291,2025,2024/25,-0.72,1.44,0.5135058304582968,1.519003185227177
2187,Southampton,20,2025-03-08 15:00:00+00:00,0.37,4.12,1.0,3.0,0,88.0,300.0,False,14,Liverpool,14,2025-03-08 15:00:00+00:00,1.010534963416967,2.024540300313207,2025,2024/25,0.63,-1.12,0.3661427000495881,2.0350298778259015
2188,Southampton,20,2025-03-15 15:00:00+00:00,1.4,0.36,1.0,2.0,0,146.0,57.0,True,39,Wolves,39,2025-03-15 15:00:00+00:00,1.53871177934098,1.0879823800920811,2025,2024/25,-0.3999999999999999,1.6400000000000001,0.9098520065919107,0.33088771159100155
2189,Southampton,20,2025-04-02 18:45:00+00:00,0.6699999999999999,0.74,1.0,1.0,0,89.0,98.0,True,31,Crystal Palace,31,2025-04-02 18:45:00+00:00,1.2545880418324875,1.372852089743381,2025,2024/25,0.33000000000000007,0.26,0.5340398422906842,0.5390238362373938
2190,Southampton,20,2025-04-06 13:00:00+00:00,1.04,2.12,1.0,3.0,0,125.0,188.0,False,6,Spurs,6,2025-04-06 13:00:00+00:00,1.519752954485754,1.501136224632026,2025,2024/25,-0.040000000000000036,0.8799999999999999,0.6843217490910618,1.4122635675650799
2191,Southampton,20,2025-04-12 14:00:00+00:00,0.31,3.03,0.0,3.0,0,51.0,270.0,True,7,Aston Villa,7,2025-04-12 14:00:00+00:00,1.366578225462706,1.4550877227558543,2025,2024/25,-0.31,-0.029999999999999805,0.22684394806234964,2.0823486808488427
2192,Southampton,20,2025-04-19 14:00:00+00:00,0.65,0.91,1.0,1.0,0,109.0,125.0,False,21,West Ham,21,2025-04-19 14:00:00+00:00,1.5296990859075934,1.124416472910324,2025,2024/25,0.35,0.08999999999999997,0.4249201728550065,0.8093086698068817
2193,Southampton,20,2025-04-26 14:00:00+00:00,0.63,2.42,1.0,2.0,0,82.0,217.0,True,54,Fulham,54,2025-04-26 14:00:00+00:00,1.2847598279737775,1.2935089986399586,2025,2024/25,0.37,-0.41999999999999993,0.49036402468591084,1.870879910804234
2194,Southampton,20,2025-05-03 14:00:00+00:00,0.53,1.4,0.0,2.0,0,88.0,112.0,False,13,Leicester,13,2025-05-03 14:00:00+00:00,1.8676955912094584,0.8882376543054827,2025,2024/25,-0.53,0.6000000000000001,0.28377215350001944,1.5761547522939303
2195,Southampton,20,2025-05-10 14:00:00+00:00,0.1,1.82,0.0,0.0,1,20.0,249.0,True,43,Man City,43,2025-05-10 14:00:00+00:00,1.1056109268791137,1.6969123911377668,2025,2024/25,-0.1,-1.82,0.09044773126680024,1.0725362190205376
2196,Southampton,20,2025-05-18 11:00:00+00:00,1.3,2.73,0.0,2.0,0,88.0,183.0,False,11,Everton,11,2025-05-18 11:00:00+00:00,1.202311916026999,1.0762301444362796,2025,2024/25,-1.3,-0.73,1.0812502002773192,2.53663216377381
2197,Southampton,20,2025-05-25 15:00:00+00:00,0.6300000000000001,2.2,1.0,2.0,0,91.0,225.0,True,3,Arsenal,3,2025-05-25 15:00:00+00:00,0.9416580423801436,1.5753849798633817,2025,2024/25,0.3699999999999999,-0.20000000000000018,0.6690326760313184,1.3964840519114163
2198,Spurs,6,2024-08-19 19:00:00+00:00,1.22,1.02,1.0,1.0,0,237.0,92.0,False,13,Leicester,13,2024-08-19 19:00:00+00:00,1.623241924407722,1.262770507470464,2025,2024/25,-0.21999999999999997,-0.020000000000000018,0.751582362219449,0.8077477213521774
2199,Spurs,6,2024-08-24 14:00:00+00:00,2.44,1.0,4.0,0.0,1,182.0,96.0,True,11,Everton,11,2024-08-24 14:00:00+00:00,1.477009013747262,1.1188628667925011,2025,2024/25,1.56,-1.0,1.6519872101589759,0.8937645798065932
2200,Spurs,6,2024-09-01 12:30:00+00:00,1.27,1.57,0.0,2.0,0,204.0,104.0,False,4,Newcastle,4,2024-09-01 12:30:00+00:00,1.4681111289230833,1.7776351037292744,2025,2024/25,-1.27,0.42999999999999994,0.8650571301993975,0.8831958801366604
2201,Spurs,6,2024-09-15 13:00:00+00:00,0.77,0.73,0.0,1.0,0,147.0,131.0,True,3,Arsenal,3,2024-09-15 13:00:00+00:00,0.8500886417786171,1.8957888343766456,2025,2024/25,-0.77,0.27,0.9057878933530392,0.38506398326796315
2202,Spurs,6,2024-09-21 14:00:00+00:00,3.73,0.8,3.0,1.0,0,308.0,118.0,True,94,Brentford,94,2024-09-21 14:00:00+00:00,1.567062778014363,1.3910148589038578,2025,2024/25,-0.73,0.19999999999999996,2.380249248678034,0.5751196652424065
2203,Spurs,6,2024-09-29 15:30:00+00:00,4.7,0.96,3.0,0.0,1,306.0,100.0,False,1,Man Utd,1,2024-09-29 15:30:00+00:00,1.65213831327909,1.4689106095260265,2025,2024/25,-1.7000000000000002,-0.96,2.8447981396131725,0.6535455553076598
2204,Spurs,6,2024-10-06 15:30:00+00:00,1.38,1.82,2.0,3.0,0,130.0,137.0,False,36,Brighton,36,2024-10-06 15:30:00+00:00,1.4122742510703086,1.3969093196139923,2025,2024/25,0.6200000000000001,1.18,0.9771473203268776,1.302876267231806
2205,Spurs,6,2024-10-19 11:30:00+00:00,1.92,0.78,3.0,1.0,0,221.0,99.0,True,21,West Ham,21,2024-10-19 11:30:00+00:00,1.71681965799317,1.2796559830228995,2025,2024/25,1.08,0.21999999999999997,1.1183469335645493,0.6095388216428492
2206,Spurs,6,2024-10-27 14:00:00+00:00,0.7100000000000001,0.83,0.0,1.0,0,145.0,130.0,False,31,Crystal Palace,31,2024-10-27 14:00:00+00:00,1.362275397788981,1.1715031516580037,2025,2024/25,-0.7100000000000001,0.17000000000000004,0.5211868328183523,0.7084914785123014
2207,Spurs,6,2024-11-03 14:00:00+00:00,2.44,1.86,4.0,1.0,0,152.0,81.0,True,7,Aston Villa,7,2024-11-03 14:00:00+00:00,1.4513809813443477,1.4565698755904728,2025,2024/25,1.56,-0.8600000000000001,1.6811574847425241,1.276972722812891
2208,Spurs,6,2024-11-10 14:00:00+00:00,1.83,1.74,1.0,2.0,0,170.0,140.0,True,40,Ipswich,40,2024-11-10 14:00:00+00:00,1.947404563487861,0.9288197518182162,2025,2024/25,-0.8300000000000001,0.26,0.9397122890183713,1.8733451744473064
2209,Spurs,6,2024-11-10 14:00:00+00:00,1.83,1.74,1.0,2.0,0,170.0,140.0,True,40,Ipswich Town,40,2024-11-10 14:00:00+00:00,1.947404563487861,0.9288197518182162,2025,2024/25,-0.8300000000000001,0.26,0.9397122890183713,1.8733451744473064
2210,Spurs,6,2024-11-23 17:30:00+00:00,2.52,2.14,4.0,0.0,1,166.0,190.0,False,43,Man City,43,2024-11-23 17:30:00+00:00,0.9978624123086564,2.0341019312501443,2025,2024/25,1.48,-2.14,2.525398260236823,1.0520613382854278
2211,Spurs,6,2024-12-01 13:30:00+00:00,0.66,1.38,1.0,1.0,0,101.0,199.0,True,54,Fulham,54,2024-12-01 13:30:00+00:00,1.3794651681980112,1.3554784529960282,2025,2024/25,0.33999999999999997,-0.3799999999999999,0.47844629586563237,1.0180906948020985
2212,Spurs,6,2024-12-05 20:15:00+00:00,0.59,3.31,0.0,1.0,0,103.0,235.0,False,91,Bournemouth,91,2024-12-05 20:15:00+00:00,1.4291583355184372,1.526966492771051,2025,2024/25,-0.59,-2.31,0.41283039488131545,2.1676965510835817
2213,Spurs,6,2024-12-08 16:30:00+00:00,2.89,2.83,3.0,4.0,0,147.0,219.0,True,8,Chelsea,8,2024-12-08 16:30:00+00:00,1.3653198864852516,1.7668168450111068,2025,2024/25,0.10999999999999988,1.17,2.116720065829949,1.6017506330613516
2214,Spurs,6,2024-12-15 19:00:00+00:00,2.43,0.84,5.0,0.0,1,238.0,81.0,False,20,Southampton,20,2024-12-15 19:00:00+00:00,1.9543184828980795,0.951696177181694,2025,2024/25,2.57,-0.84,1.2434002038380805,0.88263462661743
2215,Spurs,6,2024-12-22 16:30:00+00:00,1.25,4.6,3.0,6.0,0,135.0,320.0,True,14,Liverpool,14,2024-12-22 16:30:00+00:00,1.1523454339182244,2.029893774585086,2025,2024/25,1.75,1.4000000000000004,1.0847441775767956,2.2661284337108962
2216,Spurs,6,2024-12-26 15:00:00+00:00,0.91,1.12,0.0,1.0,0,137.0,99.0,False,17,Nott'm Forest,17,2024-12-26 15:00:00+00:00,1.2975521826569074,1.202318485119848,2025,2024/25,-0.91,-0.1200000000000001,0.7013205419890368,0.9315335444487969
2217,Spurs,6,2024-12-29 15:00:00+00:00,2.25,0.72,2.0,2.0,0,127.0,91.0,True,39,Wolves,39,2024-12-29 15:00:00+00:00,1.6583637216075755,1.0548647132792537,2025,2024/25,-0.25,1.28,1.356759057547947,0.6825519812505045
2218,Spurs,6,2025-01-04 12:30:00+00:00,0.94,2.53,1.0,2.0,0,118.0,156.0,True,4,Newcastle,4,2025-01-04 12:30:00+00:00,1.2171588438859104,1.7427887002763025,2025,2024/25,0.06000000000000005,-0.5299999999999998,0.7722903257219484,1.4516963528618774
2219,Spurs,6,2025-01-15 20:00:00+00:00,0.78,1.45,1.0,2.0,0,104.0,173.0,False,3,Arsenal,3,2025-01-15 20:00:00+00:00,0.9085361304278504,1.741569640401648,2025,2024/25,0.21999999999999997,0.55,0.8585239198276905,0.8325822673766837
2220,Spurs,6,2025-01-19 14:00:00+00:00,1.14,1.95,2.0,3.0,0,149.0,147.0,False,11,Everton,11,2025-01-19 14:00:00+00:00,1.3456743762473582,0.9533649513577798,2025,2024/25,0.8600000000000001,1.05,0.8471588819124904,2.0453867086500455
2221,Spurs,6,2025-01-26 14:00:00+00:00,1.04,1.56,1.0,2.0,0,139.0,99.0,True,13,Leicester,13,2025-01-26 14:00:00+00:00,1.840144436119941,1.0644799784118653,2025,2024/25,-0.040000000000000036,0.43999999999999995,0.5651730264135704,1.4655043135028414
2222,Spurs,6,2025-02-02 14:00:00+00:00,0.8700000000000001,2.06,1.0,0.0,1,88.0,184.0,False,94,Brentford,94,2025-02-02 14:00:00+00:00,1.6017055863752008,1.4523111239940245,2025,2024/25,0.1299999999999999,-2.06,0.5431709843560488,1.4184288517564752
2223,Spurs,6,2025-02-16 16:30:00+00:00,2.29,1.52,1.0,0.0,1,231.0,179.0,True,1,Man Utd,1,2025-02-16 16:30:00+00:00,1.4748755233846271,1.2670201258793097,2025,2024/25,-1.29,-1.52,1.5526734044272288,1.1996652373182493
2224,Spurs,6,2025-02-22 15:00:00+00:00,1.73,1.15,4.0,1.0,0,160.0,142.0,False,40,Ipswich,40,2025-02-22 15:00:00+00:00,1.846450183488196,0.9076628780679288,2025,2024/25,2.27,-0.1499999999999999,0.9369329405528799,1.2669902314920218
2225,Spurs,6,2025-02-22 15:00:00+00:00,1.73,1.15,4.0,1.0,0,160.0,142.0,False,40,Ipswich Town,40,2025-02-22 15:00:00+00:00,1.846450183488196,0.9076628780679288,2025,2024/25,2.27,-0.1499999999999999,0.9369329405528799,1.2669902314920218
2226,Spurs,6,2025-02-26 19:30:00+00:00,1.32,2.12,0.0,1.0,0,166.0,141.0,True,43,Man City,43,2025-02-26 19:30:00+00:00,1.1820889767195473,1.8220118073648148,2025,2024/25,-1.32,-1.12,1.116667210334009,1.163548990972878
2227,Spurs,6,2025-03-09 14:00:00+00:00,1.54,2.2,2.0,2.0,0,136.0,201.0,True,91,Bournemouth,91,2025-03-09 14:00:00+00:00,1.3993142971606969,1.6136456541433748,2025,2024/25,0.45999999999999996,-0.20000000000000018,1.1005390305271403,1.3633724320770406
2228,Spurs,6,2025-03-16 13:30:00+00:00,0.95,0.97,0.0,2.0,0,124.0,132.0,False,54,Fulham,54,2025-03-16 13:30:00+00:00,1.2584474596340005,1.3218115010065603,2025,2024/25,-0.95,1.03,0.7548984208496813,0.733841398158016
2229,Spurs,6,2025-04-03 19:00:00+00:00,0.8,1.09,0.0,1.0,0,110.0,161.0,False,8,Chelsea,8,2025-04-03 19:00:00+00:00,1.3285923434669222,1.6263509658332438,2025,2024/25,-0.8,-0.09000000000000008,0.6021410584923468,0.6702120408810714
2230,Spurs,6,2025-04-06 13:00:00+00:00,2.12,1.04,3.0,1.0,0,188.0,125.0,True,20,Southampton,20,2025-04-06 13:00:00+00:00,2.025368188363996,0.8451524687096115,2025,2024/25,0.8799999999999999,-0.040000000000000036,1.0467232635427357,1.2305471953337415
2231,Spurs,6,2025-04-13 13:00:00+00:00,2.08,2.39,2.0,4.0,0,122.0,145.0,False,39,Wolves,39,2025-04-13 13:00:00+00:00,1.4726626571504997,1.139375580948097,2025,2024/25,-0.08000000000000007,1.6099999999999999,1.4124076480791983,2.0976401811343313
2232,Spurs,6,2025-04-21 19:00:00+00:00,2.14,0.48,1.0,2.0,0,186.0,38.0,True,17,Nott'm Forest,17,2025-04-21 19:00:00+00:00,1.4166210550229614,1.2032327922608848,2025,2024/25,-1.1400000000000001,1.52,1.5106368724452663,0.3989252978204457
2233,Spurs,6,2025-04-27 15:30:00+00:00,0.45,2.28,1.0,5.0,0,84.0,207.0,False,14,Liverpool,14,2025-04-27 15:30:00+00:00,0.9830088749375684,1.973666224868457,2025,2024/25,0.55,2.72,0.4577781660705554,1.1552105271254562
2234,Spurs,6,2025-05-04 13:00:00+00:00,0.77,0.84,1.0,1.0,0,59.0,120.0,False,21,West Ham,21,2025-05-04 13:00:00+00:00,1.5198356030729248,1.1150922585928855,2025,2024/25,0.22999999999999998,0.16000000000000003,0.5066337427832015,0.7533008982234175
2235,Spurs,6,2025-05-11 13:15:00+00:00,0.6900000000000001,3.39,0.0,2.0,0,68.0,293.0,True,31,Crystal Palace,31,2025-05-11 13:15:00+00:00,1.2752037371946678,1.3702595061888083,2025,2024/25,-0.6900000000000001,-1.3900000000000001,0.5410900077174626,2.47398393128381
2236,Spurs,6,2025-05-16 18:30:00+00:00,0.52,1.39,0.0,2.0,0,35.0,213.0,False,7,Aston Villa,7,2025-05-16 18:30:00+00:00,1.2696670066217846,1.4720942025841974,2025,2024/25,-0.52,0.6100000000000001,0.40955620433389783,0.9442330508196523
2237,Spurs,6,2025-05-25 15:00:00+00:00,1.95,2.27,1.0,4.0,0,57.0,290.0,True,36,Brighton,36,2025-05-25 15:00:00+00:00,1.382157052247914,1.5196206421820202,2025,2024/25,-0.95,1.73,1.4108382233614891,1.493793869988836
2238,West Ham,21,2024-08-17 16:30:00+00:00,2.45,2.03,1.0,2.0,0,132.0,128.0,True,7,Aston Villa,7,2024-08-17 16:30:00+00:00,1.5803832813789038,1.512621328956958,2025,2024/25,-1.4500000000000002,-0.029999999999999805,1.5502568452017191,1.3420411051586885
2239,West Ham,21,2024-08-24 14:00:00+00:00,1.38,1.35,2.0,0.0,1,121.0,92.0,False,31,Crystal Palace,31,2024-08-24 14:00:00+00:00,1.339325335837266,1.2734017083899845,2025,2024/25,0.6200000000000001,-1.35,1.0303695174535816,1.0601524963452909
2240,West Ham,21,2024-08-31 16:30:00+00:00,0.72,3.0,0.0,3.0,0,93.0,259.0,True,43,Man City,43,2024-08-31 16:30:00+00:00,0.8558828933166536,2.11601788679298,2025,2024/25,-0.72,0.0,0.8412365822734342,1.4177573917141013
2241,West Ham,21,2024-09-14 14:00:00+00:00,0.76,1.54,1.0,1.0,0,86.0,178.0,False,54,Fulham,54,2024-09-14 14:00:00+00:00,1.45663736960526,1.326166431855028,2025,2024/25,0.24,-0.54,0.5217496240714705,1.161241879607723
2242,West Ham,21,2024-09-21 11:30:00+00:00,0.84,2.19,0.0,3.0,0,193.0,171.0,True,8,Chelsea,8,2024-09-21 11:30:00+00:00,1.4566927079137373,1.6833499958200806,2025,2024/25,-0.84,0.81,0.5766487299871507,1.3009772212777972
2243,West Ham,21,2024-09-28 14:00:00+00:00,0.99,0.37,1.0,1.0,0,156.0,84.0,False,94,Brentford,94,2024-09-28 14:00:00+00:00,1.5929465948476964,1.3632837955798462,2025,2024/25,0.010000000000000009,0.63,0.6214897619305656,0.271403504684531
2244,West Ham,21,2024-10-05 14:00:00+00:00,3.85,0.65,4.0,1.0,0,291.0,81.0,True,40,Ipswich,40,2024-10-05 14:00:00+00:00,1.8770871881877536,0.836841641303274,2025,2024/25,0.1499999999999999,0.35,2.0510501718979866,0.7767299903811049
2245,West Ham,21,2024-10-05 14:00:00+00:00,3.85,0.65,4.0,1.0,0,291.0,81.0,True,40,Ipswich Town,40,2024-10-05 14:00:00+00:00,1.8770871881877536,0.836841641303274,2025,2024/25,0.1499999999999999,0.35,2.0510501718979866,0.7767299903811049
2246,West Ham,21,2024-10-19 11:30:00+00:00,0.7899999999999999,1.92,1.0,4.0,0,99.0,221.0,False,6,Spurs,6,2024-10-19 11:30:00+00:00,1.3990990499485,1.743492971476842,2025,2024/25,0.21000000000000008,2.08,0.5646490861594676,1.1012375910948733
2247,West Ham,21,2024-10-27 14:00:00+00:00,2.98,2.12,2.0,1.0,0,147.0,167.0,True,1,Man Utd,1,2024-10-27 14:00:00+00:00,1.6178108852016635,1.4173964692825392,2025,2024/25,-0.98,-1.12,1.8419952710532892,1.495700071182699
2248,West Ham,21,2024-11-02 15:00:00+00:00,0.13,2.17,0.0,3.0,0,31.0,168.0,False,17,Nott'm Forest,17,2024-11-02 15:00:00+00:00,1.3060578649239771,1.2555417884194828,2025,2024/25,-0.13,0.8300000000000001,0.09953617178176637,1.7283375352497563
2249,West Ham,21,2024-11-09 15:00:00+00:00,0.8300000000000001,1.11,0.0,0.0,1,134.0,139.0,True,11,Everton,11,2024-11-09 15:00:00+00:00,1.4539083855013126,1.0751457645930595,2025,2024/25,-0.8300000000000001,-1.11,0.5708750346837109,1.0324181488266688
2250,West Ham,21,2024-11-25 20:00:00+00:00,0.91,1.69,2.0,0.0,1,119.0,137.0,False,4,Newcastle,4,2024-11-25 20:00:00+00:00,1.3288790979734006,1.6555970367356871,2025,2024/25,1.0899999999999999,-1.69,0.6847876540369927,1.0207797927279119
2251,West Ham,21,2024-11-30 17:30:00+00:00,1.54,3.6,2.0,5.0,0,125.0,234.0,True,3,Arsenal,3,2024-11-30 17:30:00+00:00,0.9376632479200426,1.8202029795031245,2025,2024/25,0.45999999999999996,1.4,1.6423806770885836,1.9778013993707015
2252,West Ham,21,2024-12-03 20:15:00+00:00,3.09,1.67,1.0,3.0,0,319.0,150.0,False,13,Leicester,13,2024-12-03 20:15:00+00:00,1.7993574855249093,1.1684887586915549,2025,2024/25,-2.09,1.33,1.7172796539085637,1.4291964621636797
2253,West Ham,21,2024-12-09 20:00:00+00:00,1.01,1.63,2.0,1.0,0,176.0,123.0,True,39,Wolves,39,2024-12-09 20:00:00+00:00,1.768305808542777,1.0336556690985197,2025,2024/25,0.99,-0.6299999999999999,0.571168174147615,1.5769274514999458
2254,West Ham,21,2024-12-16 20:00:00+00:00,2.19,1.91,1.0,1.0,0,136.0,270.0,False,91,Bournemouth,91,2024-12-16 20:00:00+00:00,1.4100111828548862,1.5896279381877174,2025,2024/25,-1.19,-0.9099999999999999,1.5531791709380987,1.2015390231361485
2255,West Ham,21,2024-12-21 15:00:00+00:00,1.32,0.94,1.0,1.0,0,141.0,203.0,True,36,Brighton,36,2024-12-21 15:00:00+00:00,1.4503087855793573,1.367015389945351,2025,2024/25,-0.32000000000000006,0.06000000000000005,0.9101510058581749,0.6876294202054142
2256,West Ham,21,2024-12-26 15:00:00+00:00,1.82,1.4,1.0,0.0,1,123.0,174.0,False,20,Southampton,20,2024-12-26 15:00:00+00:00,1.9290655082931656,0.9166224104619208,2025,2024/25,-0.8200000000000001,-1.4,0.9434619986598244,1.527346466790493
2257,West Ham,21,2024-12-29 17:15:00+00:00,0.35,3.15,0.0,5.0,0,49.0,296.0,True,14,Liverpool,14,2024-12-29 17:15:00+00:00,1.1027217891968677,2.07150027771622,2025,2024/25,-0.35,1.85,0.317396467022667,1.5206370155416056
2258,West Ham,21,2025-01-04 15:00:00+00:00,1.38,1.91,1.0,4.0,0,135.0,169.0,False,43,Man City,43,2025-01-04 15:00:00+00:00,1.1367211278108318,1.840051528376088,2025,2024/25,-0.3799999999999999,2.09,1.2140180790495991,1.038014409132142
2259,West Ham,21,2025-01-14 19:30:00+00:00,0.96,1.9,3.0,2.0,0,51.0,143.0,True,54,Fulham,54,2025-01-14 19:30:00+00:00,1.3598124389104167,1.3441254938945673,2025,2024/25,2.04,0.10000000000000009,0.7059797164153195,1.413558487381116
2260,West Ham,21,2025-01-18 15:00:00+00:00,0.28,1.32,0.0,2.0,0,46.0,148.0,True,31,Crystal Palace,31,2025-01-18 15:00:00+00:00,1.3453657011681313,1.2703130153315954,2025,2024/25,-0.28,0.6799999999999999,0.20812185100072522,1.039113969603338
2261,West Ham,21,2025-01-26 16:30:00+00:00,1.32,0.85,1.0,1.0,0,154.0,124.0,False,7,Aston Villa,7,2025-01-26 16:30:00+00:00,1.3802148086344852,1.410879669252158,2025,2024/25,-0.32000000000000006,0.15000000000000002,0.9563728716299903,0.6024610167148738
2262,West Ham,21,2025-02-03 20:00:00+00:00,1.22,1.67,1.0,2.0,0,133.0,146.0,False,8,Chelsea,8,2025-02-03 20:00:00+00:00,1.3689188757339887,1.711485225399329,2025,2024/25,-0.21999999999999997,0.33000000000000007,0.8912142433172738,0.9757606873938105
2263,West Ham,21,2025-02-15 15:00:00+00:00,0.8200000000000001,1.66,0.0,1.0,0,110.0,177.0,True,94,Brentford,94,2025-02-15 15:00:00+00:00,1.577958417268586,1.4522293714198802,2025,2024/25,-0.8200000000000001,-0.6599999999999999,0.519658814216032,1.1430701187216572
2264,West Ham,21,2025-02-22 15:00:00+00:00,1.07,1.22,1.0,0.0,1,74.0,153.0,False,3,Arsenal,3,2025-02-22 15:00:00+00:00,0.882493892290021,1.6737196473928535,2025,2024/25,-0.07000000000000006,-1.22,1.2124729806609897,0.7289153843060808
2265,West Ham,21,2025-02-27 20:00:00+00:00,1.65,0.38,1.0,0.0,1,122.0,57.0,True,13,Leicester,13,2025-02-27 20:00:00+00:00,1.8249841417793664,0.9764459704453852,2025,2024/25,-0.6499999999999999,-0.38,0.9041174453117404,0.38916643777706517
2266,West Ham,21,2025-03-10 20:00:00+00:00,0.4599999999999999,1.38,0.0,1.0,0,76.0,148.0,True,4,Newcastle,4,2025-03-10 20:00:00+00:00,1.3327702868193891,1.648000490856517,2025,2024/25,-0.4599999999999999,-0.3799999999999999,0.3451457498334347,0.837378391363689
2267,West Ham,21,2025-03-15 15:00:00+00:00,0.84,1.0,1.0,1.0,0,157.0,177.0,False,11,Everton,11,2025-03-15 15:00:00+00:00,1.2361313761411237,1.0700470814489915,2025,2024/25,0.16000000000000003,0.0,0.6795394213050869,0.9345383183007816
2268,West Ham,21,2025-04-01 18:45:00+00:00,1.35,1.18,0.0,1.0,0,69.0,65.0,False,39,Wolves,39,2025-04-01 18:45:00+00:00,1.503994765558862,1.0690094095191642,2025,2024/25,-1.35,-0.17999999999999994,0.8976095069708306,1.103825644089287
2269,West Ham,21,2025-04-05 14:00:00+00:00,0.7,2.12,2.0,2.0,0,80.0,143.0,True,91,Bournemouth,91,2025-04-05 14:00:00+00:00,1.3847989243314671,1.6096829080487312,2025,2024/25,1.3,-0.1200000000000001,0.5054885497820094,1.3170295773158696
2270,West Ham,21,2025-04-13 13:00:00+00:00,1.51,1.78,0.0,2.0,0,113.0,172.0,False,14,Liverpool,14,2025-04-13 13:00:00+00:00,1.010779065761998,1.9775445587256493,2025,2024/25,-1.51,0.21999999999999997,1.4938971840118724,0.900106140286948
2271,West Ham,21,2025-04-19 14:00:00+00:00,0.91,0.64,1.0,1.0,0,125.0,109.0,True,20,Southampton,20,2025-04-19 14:00:00+00:00,2.0357021223540035,0.8232125437467575,2025,2024/25,0.08999999999999997,0.36,0.44702021479827947,0.7774419921823754
2272,West Ham,21,2025-04-26 14:00:00+00:00,1.27,1.31,2.0,3.0,0,156.0,239.0,False,36,Brighton,36,2025-04-26 14:00:00+00:00,1.3820524193505532,1.4623173388859774,2025,2024/25,0.73,1.69,0.9189231770216008,0.89583838279452
2273,West Ham,21,2025-05-04 13:00:00+00:00,0.8400000000000001,0.77,1.0,1.0,0,120.0,59.0,True,6,Spurs,6,2025-05-04 13:00:00+00:00,1.546674065350452,1.4662194224499596,2025,2024/25,0.15999999999999992,0.22999999999999998,0.543100850281387,0.525160141933858
2274,West Ham,21,2025-05-11 13:15:00+00:00,1.5499999999999998,2.28,2.0,0.0,1,130.0,193.0,False,1,Man Utd,1,2025-05-11 13:15:00+00:00,1.4222947932762149,1.2705093051757073,2025,2024/25,0.4500000000000002,-2.28,1.089788141901033,1.7945559239211422
2275,West Ham,21,2025-05-18 13:15:00+00:00,1.12,1.96,1.0,2.0,0,171.0,155.0,True,17,Nott'm Forest,17,2025-05-18 13:15:00+00:00,1.474669810192374,1.1796501721220012,2025,2024/25,-0.1200000000000001,0.040000000000000036,0.7594920518878009,1.661509527417162
2276,West Ham,21,2025-05-25 15:00:00+00:00,1.02,0.79,3.0,1.0,0,116.0,136.0,False,40,Ipswich,40,2025-05-25 15:00:00+00:00,1.863658456361484,0.8987090236238694,2025,2024/25,1.98,0.20999999999999996,0.5473105850046142,0.8790386868649417
2277,West Ham,21,2025-05-25 15:00:00+00:00,1.02,0.79,3.0,1.0,0,116.0,136.0,False,40,Ipswich Town,40,2025-05-25 15:00:00+00:00,1.863658456361484,0.8987090236238694,2025,2024/25,1.98,0.20999999999999996,0.5473105850046142,0.8790386868649417
2278,Wolves,39,2024-08-17 14:00:00+00:00,0.48,1.24,0.0,2.0,0,91.0,203.0,False,3,Arsenal,3,2024-08-17 14:00:00+00:00,0.8127211533817047,1.9852535570268848,2025,2024/25,-0.48,0.76,0.5906084737707842,0.6246053536138848
2279,Wolves,39,2024-08-25 13:00:00+00:00,1.92,1.56,2.0,6.0,0,119.0,182.0,True,8,Chelsea,8,2024-08-25 13:00:00+00:00,1.5158693110215131,1.702706774425898,2025,2024/25,0.08000000000000007,4.4399999999999995,1.2665999542573703,0.9161882852824061
2280,Wolves,39,2024-08-31 14:00:00+00:00,0.75,1.04,1.0,1.0,0,66.0,207.0,False,17,Nott'm Forest,17,2024-08-31 14:00:00+00:00,1.4011349363121843,1.241315655868457,2025,2024/25,0.25,-0.040000000000000036,0.5352803506377589,0.837820738893677
2281,Wolves,39,2024-09-15 15:30:00+00:00,0.98,1.21,1.0,2.0,0,136.0,123.0,True,4,Newcastle,4,2024-09-15 15:30:00+00:00,1.4492314989330768,1.7617710885011353,2025,2024/25,0.020000000000000018,0.79,0.6762204663102308,0.6868088640445528
2282,Wolves,39,2024-09-21 14:00:00+00:00,0.53,1.73,1.0,3.0,0,106.0,143.0,False,7,Aston Villa,7,2024-09-21 14:00:00+00:00,1.5297560914729451,1.512590350843145,2025,2024/25,0.47,1.27,0.3464604605624958,1.143733330730073
2283,Wolves,39,2024-09-28 16:30:00+00:00,0.64,2.54,1.0,2.0,0,107.0,182.0,True,14,Liverpool,14,2024-09-28 16:30:00+00:00,1.102933132587426,2.0397435252100697,2025,2024/25,0.36,-0.54,0.5802708986523888,1.2452545962798973
2284,Wolves,39,2024-10-05 14:00:00+00:00,1.05,4.25,3.0,5.0,0,159.0,353.0,False,94,Brentford,94,2024-10-05 14:00:00+00:00,1.588525030532415,1.385538626777763,2025,2024/25,1.95,0.75,0.6609905288354687,3.067399145618832
2285,Wolves,39,2024-10-20 13:00:00+00:00,0.97,1.62,1.0,2.0,0,39.0,295.0,True,43,Man City,43,2024-10-20 13:00:00+00:00,0.9050877844642532,2.0895671502779223,2025,2024/25,0.030000000000000027,0.3799999999999999,1.0717192482872477,0.7752801817278437
2286,Wolves,39,2024-10-26 14:00:00+00:00,1.37,1.31,2.0,2.0,0,205.0,183.0,False,36,Brighton,36,2024-10-26 14:00:00+00:00,1.4316894707159586,1.389606102775769,2025,2024/25,0.6299999999999999,0.69,0.9569114169114418,0.9427131885670667
2287,Wolves,39,2024-11-02 17:30:00+00:00,1.52,2.51,2.0,2.0,0,123.0,211.0,True,31,Crystal Palace,31,2024-11-02 17:30:00+00:00,1.35125269943851,1.1995341749804385,2025,2024/25,0.48,-0.5099999999999998,1.124882119111851,2.0924789408696354
2288,Wolves,39,2024-11-09 15:00:00+00:00,1.26,0.66,2.0,0.0,1,92.0,59.0,True,20,Southampton,20,2024-11-09 15:00:00+00:00,1.8630868758247336,0.962580901505676,2025,2024/25,0.74,-0.66,0.6762969651870019,0.6856566538642345
2289,Wolves,39,2024-11-23 15:00:00+00:00,1.32,1.03,4.0,1.0,0,133.0,85.0,False,54,Fulham,54,2024-11-23 15:00:00+00:00,1.3779012045730117,1.3866375520720968,2025,2024/25,2.6799999999999997,-0.030000000000000027,0.9579786965996926,0.7428040575281104
2290,Wolves,39,2024-11-30 15:00:00+00:00,0.47,3.29,2.0,4.0,0,85.0,163.0,True,91,Bournemouth,91,2024-11-30 15:00:00+00:00,1.4440519563272185,1.482650411416884,2025,2024/25,1.53,0.71,0.32547305375035906,2.2189991481916063
2291,Wolves,39,2024-12-04 19:30:00+00:00,0.78,1.02,0.0,4.0,0,59.0,102.0,False,11,Everton,11,2024-12-04 19:30:00+00:00,1.390840220757162,1.0519114305427255,2025,2024/25,-0.78,2.98,0.5608120820487736,0.9696633864637624
2292,Wolves,39,2024-12-09 20:00:00+00:00,1.63,1.01,1.0,2.0,0,123.0,176.0,False,21,West Ham,21,2024-12-09 20:00:00+00:00,1.7726793088650372,1.2988008614618174,2025,2024/25,-0.6299999999999999,0.99,0.9195120582998241,0.7776403835020803
2293,Wolves,39,2024-12-14 15:00:00+00:00,1.27,1.2,1.0,2.0,0,148.0,118.0,True,40,Ipswich,40,2024-12-14 15:00:00+00:00,1.8451773732627124,0.9327835970628456,2025,2024/25,-0.27,0.8,0.6882807140401564,1.2864720217835808
2294,Wolves,39,2024-12-14 15:00:00+00:00,1.27,1.2,1.0,2.0,0,148.0,118.0,True,40,Ipswich Town,40,2024-12-14 15:00:00+00:00,1.8451773732627124,0.9327835970628456,2025,2024/25,-0.27,0.8,0.6882807140401564,1.2864720217835808
2295,Wolves,39,2024-12-22 14:00:00+00:00,1.0599999999999998,0.81,3.0,0.0,1,89.0,101.0,False,13,Leicester,13,2024-12-22 14:00:00+00:00,1.864534250781608,1.128855828842266,2025,2024/25,1.9400000000000002,-0.81,0.5685065852534757,0.7175406985591076
2296,Wolves,39,2024-12-26 17:30:00+00:00,0.8600000000000001,0.44,2.0,0.0,1,78.0,105.0,True,1,Man Utd,1,2024-12-26 17:30:00+00:00,1.452642754402241,1.3487727447272688,2025,2024/25,1.14,-0.44,0.5920244309165249,0.3262224876059243
2297,Wolves,39,2024-12-29 15:00:00+00:00,0.72,2.25,2.0,2.0,0,91.0,127.0,False,6,Spurs,6,2024-12-29 15:00:00+00:00,1.4943306496465714,1.6989727489734214,2025,2024/25,1.28,-0.25,0.4818210749878478,1.3243296582358537
2298,Wolves,39,2025-01-06 20:00:00+00:00,1.58,2.2,0.0,3.0,0,197.0,110.0,True,17,Nott'm Forest,17,2025-01-06 20:00:00+00:00,1.2596055091825733,1.2395706453037267,2025,2024/25,-1.58,0.7999999999999998,1.2543609792762405,1.7748080824073915
2299,Wolves,39,2025-01-15 19:30:00+00:00,1.63,2.11,0.0,3.0,0,146.0,153.0,False,4,Newcastle,4,2025-01-15 19:30:00+00:00,1.201041034870479,1.761110906761817,2025,2024/25,-1.63,0.8900000000000001,1.3571559610998472,1.198107394542057
2300,Wolves,39,2025-01-20 20:00:00+00:00,0.85,3.15,1.0,3.0,0,115.0,269.0,False,8,Chelsea,8,2025-01-20 20:00:00+00:00,1.365000979161667,1.7396860765831208,2025,2024/25,0.15000000000000002,-0.1499999999999999,0.622710176019096,1.8106715012554713
2301,Wolves,39,2025-01-25 15:00:00+00:00,0.75,1.0,0.0,1.0,0,69.0,100.0,True,3,Arsenal,3,2025-01-25 15:00:00+00:00,0.9212915096512144,1.7183122924736454,2025,2024/25,-0.75,0.0,0.8140745813276163,0.5819663889853349
2302,Wolves,39,2025-02-01 17:30:00+00:00,1.6800000000000002,0.45,2.0,0.0,1,99.0,82.0,True,7,Aston Villa,7,2025-02-01 17:30:00+00:00,1.3832935086150204,1.382048500397991,2025,2024/25,0.31999999999999984,-0.45,1.2144927953013007,0.32560362380221297
2303,Wolves,39,2025-02-16 14:00:00+00:00,1.49,1.66,1.0,2.0,0,109.0,106.0,False,14,Liverpool,14,2025-02-16 14:00:00+00:00,1.0714933153503128,2.0618056296123344,2025,2024/25,-0.49,0.3400000000000001,1.3905826370114696,0.8051195399597959
2304,Wolves,39,2025-02-22 15:00:00+00:00,2.02,0.62,1.0,0.0,1,107.0,97.0,False,91,Bournemouth,91,2025-02-22 15:00:00+00:00,1.3638414457509636,1.6200932429061945,2025,2024/25,-1.02,-0.62,1.4811105838536385,0.3826940225291087
2305,Wolves,39,2025-02-25 19:30:00+00:00,1.31,1.69,1.0,2.0,0,140.0,110.0,True,54,Fulham,54,2025-02-25 19:30:00+00:00,1.2628115971163516,1.3532579668693576,2025,2024/25,-0.31000000000000005,0.31000000000000005,1.0373677300647253,1.2488380200780678
2306,Wolves,39,2025-03-08 20:00:00+00:00,0.78,1.41,1.0,1.0,0,115.0,126.0,True,11,Everton,11,2025-03-08 20:00:00+00:00,1.2450180173223102,1.0791336621375138,2025,2024/25,0.21999999999999997,-0.4099999999999999,0.6264969575922801,1.306603666877666
2307,Wolves,39,2025-03-15 15:00:00+00:00,0.36,1.37,2.0,1.0,0,57.0,146.0,False,20,Southampton,20,2025-03-15 15:00:00+00:00,2.088174620905663,0.8558971888789855,2025,2024/25,1.6400000000000001,-0.3700000000000001,0.17239937522268337,1.600659539254198
2308,Wolves,39,2025-04-01 18:45:00+00:00,1.19,1.34,1.0,0.0,1,65.0,69.0,True,21,West Ham,21,2025-04-01 18:45:00+00:00,1.5508103870412628,1.1497923226243625,2025,2024/25,-0.18999999999999995,-1.34,0.7673407464534459,1.1654278547811965
2309,Wolves,39,2025-04-05 14:00:00+00:00,2.7,0.8,2.0,1.0,0,237.0,80.0,False,40,Ipswich,40,2025-04-05 14:00:00+00:00,1.8438541359776428,0.9439635436218192,2025,2024/25,-0.7000000000000002,0.19999999999999996,1.464324073860872,0.8474903563865859
2310,Wolves,39,2025-04-05 14:00:00+00:00,2.7,0.8,2.0,1.0,0,237.0,80.0,False,40,Ipswich Town,40,2025-04-05 14:00:00+00:00,1.8438541359776428,0.9439635436218192,2025,2024/25,-0.7000000000000002,0.19999999999999996,1.464324073860872,0.8474903563865859
2311,Wolves,39,2025-04-13 13:00:00+00:00,2.37,1.96,3.0,2.0,0,145.0,122.0,True,6,Spurs,6,2025-04-13 13:00:00+00:00,1.5370189093329287,1.5147445049716963,2025,2024/25,0.6299999999999999,0.040000000000000036,1.5419458964422161,1.2939475888949492
2312,Wolves,39,2025-04-20 13:00:00+00:00,0.25,1.32,1.0,0.0,1,37.0,91.0,False,1,Man Utd,1,2025-04-20 13:00:00+00:00,1.421883202944542,1.2240197267615245,2025,2024/25,0.75,-1.32,0.17582316148209734,1.0784139921440787
2313,Wolves,39,2025-04-26 14:00:00+00:00,2.02,1.15,3.0,0.0,1,175.0,74.0,True,13,Leicester,13,2025-04-26 14:00:00+00:00,1.8826621899199447,0.8856480789213137,2025,2024/25,0.98,-1.15,1.0729487269757594,1.298484157952058
2314,Wolves,39,2025-05-02 19:00:00+00:00,0.42,0.71,0.0,1.0,0,42.0,124.0,False,43,Man City,43,2025-05-02 19:00:00+00:00,1.12784203283005,1.7062317163460998,2025,2024/25,-0.42,0.29000000000000004,0.3723925760650278,0.41612167515000076
2315,Wolves,39,2025-05-10 14:00:00+00:00,0.92,1.57,0.0,2.0,0,102.0,67.0,True,36,Brighton,36,2025-05-10 14:00:00+00:00,1.385245555986634,1.445468197218253,2025,2024/25,-0.92,0.42999999999999994,0.6641421775540257,1.0861532637116498
2316,Wolves,39,2025-05-20 19:00:00+00:00,1.53,1.69,2.0,4.0,0,145.0,181.0,False,31,Crystal Palace,31,2025-05-20 19:00:00+00:00,1.272263224444668,1.4133886411888086,2025,2024/25,0.47,2.31,1.2025813295576722,1.195707925442596
2317,Wolves,39,2025-05-25 15:00:00+00:00,1.11,1.43,1.0,1.0,0,144.0,166.0,True,94,Brentford,94,2025-05-25 15:00:00+00:00,1.398499554415127,1.4988523873515045,2025,2024/25,-0.1100000000000001,-0.42999999999999994,0.793707796685154,0.9540632633790124
2318,Arsenal,3,2025-08-17 15:30:00+00:00,1.31,1.52,1.0,0.0,1,105.0,194.0,False,1,Man Utd,1,2025-08-17 15:30:00+00:00,1.3789088970102763,1.2897587997644544,2026,2025/26,-0.31000000000000005,-1.52,0.9500265048984141,1.178514928742951
2319,Arsenal,3,2025-08-23 16:30:00+00:00,2.87,0.17,5.0,0.0,1,210.0,32.0,True,2,Leeds,2,2025-08-23 16:30:00+00:00,1.7358905912076856,1.1902089022263187,2026,2025/26,2.13,-0.17,1.6533300050916788,0.1428320689603399
2320,Arsenal,3,2025-08-31 15:30:00+00:00,0.49,0.52,0.0,1.0,0,97.0,81.0,False,14,Liverpool,14,2025-08-31 15:30:00+00:00,1.18797457559373,1.9084357937878915,2026,2025/26,-0.49,0.48,0.41246673966495123,0.2724744535250496
2321,Arsenal,3,2025-09-13 11:30:00+00:00,1.84,0.2,3.0,0.0,1,208.0,52.0,True,17,Nott'm Forest,17,2025-09-13 11:30:00+00:00,1.4809221214328665,1.1553582415324024,2026,2025/26,1.16,-0.2,1.2424691166201958,0.17310648144486443
2322,Arsenal,3,2025-09-21 15:30:00+00:00,0.95,0.89,1.0,1.0,0,146.0,67.0,True,43,Man City,43,2025-09-21 15:30:00+00:00,1.0786655097705151,1.7127998374182158,2026,2025/26,0.050000000000000044,0.10999999999999999,0.8807178790782987,0.5196170507241168
2323,Arsenal,3,2025-09-28 15:30:00+00:00,2.04,0.61,2.0,1.0,0,240.0,85.0,False,4,Newcastle,4,2025-09-28 15:30:00+00:00,1.099407678333704,1.5227969130433268,2026,2025/26,-0.040000000000000036,0.39,1.8555446175270367,0.4005786948838162
2324,Arsenal,3,2025-10-04 14:00:00+00:00,2.91,0.49,2.0,0.0,1,228.0,31.0,True,21,West Ham,21,2025-10-04 14:00:00+00:00,1.5365495123674393,1.0824329059110522,2026,2025/26,-0.9100000000000001,-0.49,1.8938537135171234,0.45268394680553553
2325,Arsenal,3,2025-10-18 16:30:00+00:00,1.91,0.44,1.0,0.0,1,232.0,50.0,False,54,Fulham,54,2025-10-18 16:30:00+00:00,1.3789641016101148,1.152948322066336,2026,2025/26,-0.9099999999999999,-0.44,1.3850976959950108,0.3816302878271453
2326,Arsenal,3,2025-10-26 14:00:00+00:00,1.15,0.47,1.0,0.0,1,116.0,58.0,True,31,Crystal Palace,31,2025-10-26 14:00:00+00:00,1.2705742690087596,1.5076171897624693,2026,2025/26,-0.1499999999999999,-0.47,0.9051025414651078,0.3117502262454637
2327,Arsenal,3,2025-11-01 15:00:00+00:00,2.42,0.42,2.0,0.0,1,164.0,32.0,False,90,Burnley,90,2025-11-01 15:00:00+00:00,1.8985931766702373,1.0137196499976084,2026,2025/26,-0.41999999999999993,-0.42,1.2746279875735194,0.4143157331526432
2328,Arsenal,3,2025-11-08 17:30:00+00:00,2.01,0.44,2.0,2.0,0,194.0,68.0,False,56,Sunderland,56,2025-11-08 17:30:00+00:00,1.2154096005309345,0.9716510904140476,2026,2025/26,-0.009999999999999787,1.56,1.6537634712791143,0.4528374478667067
2329,Arsenal,3,2025-11-23 16:30:00+00:00,1.93,0.07,4.0,1.0,0,181.0,29.0,True,6,Spurs,6,2025-11-23 16:30:00+00:00,1.4919938202919938,1.24075501674835,2026,2025/26,2.0700000000000003,0.9299999999999999,1.293571041482119,0.05641726130872248
2330,Arsenal,3,2025-11-30 16:30:00+00:00,1.25,0.79,1.0,1.0,0,83.0,123.0,False,8,Chelsea,8,2025-11-30 16:30:00+00:00,1.14729754458764,1.548689931079104,2026,2025/26,-0.25,0.20999999999999996,1.089516844080123,0.5101085660507522
2331,Arsenal,3,2025-12-03 19:30:00+00:00,1.7999999999999998,0.35,2.0,0.0,1,167.0,69.0,True,94,Brentford,94,2025-12-03 19:30:00+00:00,1.315935595780882,1.512289919268924,2026,2025/26,0.20000000000000018,-0.35,1.367848096647824,0.23143710444700846
2332,Arsenal,3,2025-12-06 12:30:00+00:00,1.92,2.16,1.0,2.0,0,176.0,234.0,False,7,Aston Villa,7,2025-12-06 12:30:00+00:00,1.2672482347255511,1.3099512017379429,2026,2025/26,-0.9199999999999999,-0.16000000000000014,1.5150938445898217,1.6489163849266122
2333,Arsenal,3,2025-12-13 20:00:00+00:00,1.11,0.38,0.0,1.0,0,135.0,61.0,True,39,Wolves,39,2025-12-13 20:00:00+00:00,1.5449742870728431,0.949863645392599,2026,2025/26,-1.11,0.62,0.7184585590113872,0.40005742070793526
2334,Arsenal,3,2025-12-20 20:00:00+00:00,2.13,0.2,1.0,0.0,1,131.0,50.0,False,11,Everton,11,2025-12-20 20:00:00+00:00,1.2785479987437491,1.100009598186194,2026,2025/26,-1.13,-0.2,1.6659523162938379,0.18181659535496786
2335,Arsenal,3,2025-12-27 15:00:00+00:00,3.26,0.85,1.0,1.0,0,245.0,95.0,True,36,Brighton,36,2025-12-27 15:00:00+00:00,1.384679755995443,1.49339621078665,2026,2025/26,-2.26,0.15000000000000002,2.3543349903721196,0.569172463315854
2336,Arsenal,3,2025-12-30 20:15:00+00:00,3.04,2.67,4.0,1.0,0,213.0,157.0,True,7,Aston Villa,7,2025-12-30 20:15:00+00:00,1.325214121487448,1.3649466951029,2026,2025/26,0.96,-1.67,2.293968914689681,1.9561203449038098
2337,Arsenal,3,2026-01-03 17:30:00+00:00,1.13,1.43,3.0,2.0,0,132.0,79.0,False,91,Bournemouth,91,2026-01-03 17:30:00+00:00,1.4622935106379944,1.4605686805683993,2026,2025/26,1.87,0.5700000000000001,0.772758677912059,0.9790706996698689
2338,Arsenal,3,2026-01-08 20:00:00+00:00,0.5800000000000001,0.36,0.0,0.0,1,106.0,35.0,True,14,Liverpool,14,2026-01-08 20:00:00+00:00,1.1811423008880026,1.5950548155969626,2026,2025/26,-0.5800000000000001,-0.36,0.4910500619306804,0.22569757257230497
2339,Arsenal,3,2026-01-17 17:30:00+00:00,2.1,0.34,0.0,0.0,1,179.0,38.0,False,17,Nott'm Forest,17,2026-01-17 17:30:00+00:00,1.4085714215466711,1.1026937583667678,2026,2025/26,-2.1,-0.34,1.4908722183885508,0.3083358343331734
2340,Arsenal,3,2026-01-25 16:30:00+00:00,1.2,0.71,1.0,3.0,0,163.0,59.0,True,1,Man Utd,1,2026-01-25 16:30:00+00:00,1.3112488242034863,1.5549341935932175,2026,2025/26,-0.19999999999999996,2.29,0.9151581132810059,0.45661096329697237
2341,Arsenal,3,2026-01-31 15:00:00+00:00,2.2,0.15,4.0,0.0,1,203.0,61.0,False,2,Leeds,2,2026-01-31 15:00:00+00:00,1.5156693000112842,1.3354460310035638,2026,2025/26,1.7999999999999998,-0.15,1.451503965926882,0.11232202314254337
2342,Arsenal,3,2026-02-07 15:00:00+00:00,1.49,0.19,3.0,0.0,1,173.0,62.0,True,56,Sunderland,56,2026-02-07 15:00:00+00:00,1.3732188338630438,0.9494438593056732,2026,2025/26,1.51,-0.19,1.0850419199454435,0.20011715083285356
2343,Arsenal,3,2026-02-12 20:00:00+00:00,0.5900000000000001,1.51,1.0,1.0,0,109.0,133.0,False,94,Brentford,94,2026-02-12 20:00:00+00:00,1.3869420052718495,1.4945003531350978,2026,2025/26,0.4099999999999999,-0.51,0.42539630190546884,1.0103711229190329
2344,Arsenal,3,2026-02-18 20:00:00+00:00,1.87,0.29,2.0,2.0,0,170.0,50.0,False,39,Wolves,39,2026-02-18 20:00:00+00:00,1.5002685032435972,0.8970112294907113,2026,2025/26,0.1299999999999999,1.71,1.2464435505758065,0.3232958411954897
2345,Arsenal,3,2026-02-22 16:30:00+00:00,2.06,0.76,4.0,1.0,0,219.0,93.0,False,6,Spurs,6,2026-02-22 16:30:00+00:00,1.5237773067122264,1.215338065840558,2026,2025/26,1.94,0.24,1.3519035825810748,0.6253404063949607
2346,Arsenal,3,2026-03-01 16:30:00+00:00,1.13,1.05,2.0,1.0,0,47.0,12.0,True,8,Chelsea,8,2026-03-01 16:30:00+00:00,1.2907106647860058,1.6639361998088749,2026,2025/26,0.8700000000000001,-0.050000000000000044,0.8754866840643553,0.6310338101428447
2347,Arsenal,3,2026-03-04 19:30:00+00:00,0.46,0.82,1.0,0.0,1,76.0,99.0,False,36,Brighton,36,2026-03-04 19:30:00+00:00,1.3105754982081288,1.3672426117976266,2026,2025/26,0.54,-0.82,0.3509908438155073,0.5997472525537207
2348,Arsenal,3,2026-03-14 17:30:00+00:00,2.72,1.05,2.0,0.0,1,209.0,89.0,True,11,Everton,11,2026-03-14 17:30:00+00:00,1.3043231538194295,1.1220703728013444,2026,2025/26,-0.7200000000000002,-1.05,2.085372779004241,0.9357701846975832
2349,Arsenal,3,2026-04-11 11:30:00+00:00,2.31,1.19,1.0,2.0,0,142.0,106.0,True,91,Bournemouth,91,2026-04-11 11:30:00+00:00,1.4805730592207265,1.482121734423592,2026,2025/26,-1.31,0.81,1.5602066953830889,0.802903008815804
2350,Arsenal,3,2026-04-19 15:30:00+00:00,1.79,1.36,1.0,2.0,0,93.0,171.0,False,43,Man City,43,2026-04-19 15:30:00+00:00,1.0475223065948709,1.7950379409668675,2026,2025/26,-0.79,0.6399999999999999,1.7087941600200045,0.7576441527845693
2351,Arsenal,3,2026-04-25 16:30:00+00:00,0.49,1.0,1.0,0.0,1,107.0,96.0,True,4,Newcastle,4,2026-04-25 16:30:00+00:00,1.4311005960592218,1.481945710311074,2026,2025/26,0.51,-1.0,0.3423938200775669,0.6747885519976915
2352,Arsenal,3,2026-05-02 16:30:00+00:00,3.27,0.37,3.0,0.0,1,271.0,61.0,True,54,Fulham,54,2026-05-02 16:30:00+00:00,1.3638593585530971,1.247224279177015,2026,2025/26,-0.27,-0.37,2.397607920122428,0.29665875350353643
2353,Arsenal,3,2026-05-10 15:30:00+00:00,1.19,1.15,1.0,0.0,1,137.0,97.0,False,21,West Ham,21,2026-05-10 15:30:00+00:00,1.5146607226890985,1.1533260142874409,2026,2025/26,-0.18999999999999995,-1.15,0.7856544915796705,0.9971161542822774
2354,Arsenal,3,2026-05-18 19:00:00+00:00,1.29,0.19,1.0,0.0,1,149.0,22.0,True,90,Burnley,90,2026-05-18 19:00:00+00:00,1.8896095601081653,0.8830236952050541,2026,2025/26,-0.29000000000000004,-0.19,0.6826807120546944,0.2151697638825859
2355,Arsenal,3,2026-05-24 15:00:00+00:00,2.53,0.98,2.0,1.0,0,207.0,99.0,False,31,Crystal Palace,31,2026-05-24 15:00:00+00:00,1.390510314069989,1.2449381082963114,2026,2025/26,-0.5299999999999998,0.020000000000000018,1.8194758962950464,0.7871877272205304
2356,Aston Villa,7,2025-08-16 11:30:00+00:00,0.2,1.43,0.0,0.0,1,73.0,124.0,True,4,Newcastle,4,2025-08-16 11:30:00+00:00,1.2041695985450696,1.66541838089687,2026,2025/26,-0.2,-1.43,0.16608956100672925,0.8586430991772221
2357,Aston Villa,7,2025-08-23 14:00:00+00:00,1.19,1.21,0.0,1.0,0,135.0,112.0,False,94,Brentford,94,2025-08-23 14:00:00+00:00,1.3991025168378717,1.503153517511226,2026,2025/26,-1.19,-0.20999999999999996,0.8505452500289494,0.8049743328967484
2358,Aston Villa,7,2025-08-31 18:00:00+00:00,1.13,2.67,0.0,3.0,0,125.0,109.0,True,31,Crystal Palace,31,2025-08-31 18:00:00+00:00,1.2388725180361222,1.421174909488275,2026,2025/26,-1.13,0.33000000000000007,0.9121196761966207,1.878727229262295
2359,Aston Villa,7,2025-09-13 14:00:00+00:00,0.54,2.08,0.0,0.0,1,41.0,173.0,False,11,Everton,11,2025-09-13 14:00:00+00:00,1.2216180195057351,1.135293525505093,2026,2025/26,-0.54,-2.08,0.4420367016348394,1.8321253079238748
2360,Aston Villa,7,2025-09-21 13:00:00+00:00,0.71,1.05,1.0,1.0,0,109.0,104.0,False,56,Sunderland,56,2025-09-21 13:00:00+00:00,1.139293015846368,0.9695544645611396,2026,2025/26,0.29000000000000004,-0.050000000000000044,0.6231934981823345,1.0829716518042887
2361,Aston Villa,7,2025-09-28 13:00:00+00:00,1.11,0.92,3.0,1.0,0,105.0,132.0,True,54,Fulham,54,2025-09-28 13:00:00+00:00,1.378435575207933,1.200220621518359,2026,2025/26,1.89,0.07999999999999996,0.8052607027590389,0.7665257399394944
2362,Aston Villa,7,2025-10-05 13:00:00+00:00,1.38,0.42,2.0,1.0,0,161.0,51.0,True,90,Burnley,90,2025-10-05 13:00:00+00:00,1.87596830206556,1.0173901324167012,2026,2025/26,0.6200000000000001,0.5800000000000001,0.7356201053506781,0.4128209883482308
2363,Aston Villa,7,2025-10-19 13:00:00+00:00,0.31,0.75,2.0,1.0,0,38.0,110.0,False,6,Spurs,6,2025-10-19 13:00:00+00:00,1.4835242141142566,1.300186624657094,2026,2025/26,1.69,0.25,0.20896187406357003,0.5768402672176405
2364,Aston Villa,7,2025-10-26 14:00:00+00:00,0.81,1.18,1.0,0.0,1,122.0,146.0,True,43,Man City,43,2025-10-26 14:00:00+00:00,1.0060127306342903,1.7004523860164436,2026,2025/26,0.18999999999999995,-1.18,0.8051587970355958,0.6939329849536812
2365,Aston Villa,7,2025-11-01 20:00:00+00:00,0.41,1.19,0.0,2.0,0,77.0,101.0,False,14,Liverpool,14,2025-11-01 20:00:00+00:00,1.2174681702785068,1.7978834711480378,2026,2025/26,-0.41,0.81,0.336764451021507,0.6618893933321084
2366,Aston Villa,7,2025-11-09 14:00:00+00:00,1.7,1.61,4.0,0.0,1,194.0,74.0,True,91,Bournemouth,91,2025-11-09 14:00:00+00:00,1.339153274751295,1.340007728793814,2026,2025/26,2.3,-1.61,1.2694588678175922,1.2014856074369178
2367,Aston Villa,7,2025-11-23 14:00:00+00:00,1.5699999999999998,1.79,2.0,1.0,0,123.0,168.0,False,2,Leeds,2,2025-11-23 14:00:00+00:00,1.630934124430847,1.1680278249737968,2026,2025/26,0.43000000000000016,-0.79,0.9626385127896495,1.532497738262491
2368,Aston Villa,7,2025-11-30 14:05:00+00:00,0.99,0.49,1.0,0.0,1,151.0,105.0,True,39,Wolves,39,2025-11-30 14:05:00+00:00,1.4902022554103724,1.0113728509137785,2026,2025/26,0.010000000000000009,-0.49,0.6643393515247187,0.48448996782668574
2369,Aston Villa,7,2025-12-03 19:30:00+00:00,2.51,2.21,4.0,3.0,0,258.0,175.0,False,36,Brighton,36,2025-12-03 19:30:00+00:00,1.3308835007345658,1.5495151602306303,2026,2025/26,1.4900000000000002,0.79,1.8859652243150014,1.4262525832087134
2370,Aston Villa,7,2025-12-06 12:30:00+00:00,2.27,1.92,2.0,1.0,0,234.0,176.0,True,3,Arsenal,3,2025-12-06 12:30:00+00:00,0.8191535929051779,1.664059566532688,2026,2025/26,-0.27,-0.9199999999999999,2.771153077592332,1.153804850868771
2371,Aston Villa,7,2025-12-14 14:00:00+00:00,0.66,1.03,2.0,2.0,0,74.0,106.0,False,21,West Ham,21,2025-12-14 14:00:00+00:00,1.5810646013026513,1.0936779143626605,2026,2025/26,1.3399999999999999,0.97,0.41744024846057587,0.9417763552446163
2372,Aston Villa,7,2025-12-21 16:30:00+00:00,1.57,1.33,2.0,1.0,0,113.0,141.0,True,1,Man Utd,1,2025-12-21 16:30:00+00:00,1.375145249415639,1.5429919226872888,2026,2025/26,0.42999999999999994,-0.33000000000000007,1.1416975775229297,0.8619617383891809
2373,Aston Villa,7,2025-12-27 17:30:00+00:00,1.2,2.14,2.0,1.0,0,155.0,161.0,False,8,Chelsea,8,2025-12-27 17:30:00+00:00,1.1993293488030483,1.5078468692435714,2026,2025/26,0.8,-1.1400000000000001,1.0005591885144984,1.4192422610351378
2374,Aston Villa,7,2025-12-30 20:15:00+00:00,3.54,3.04,1.0,4.0,0,157.0,213.0,False,3,Arsenal,3,2025-12-30 20:15:00+00:00,0.8305590425575186,1.7016545241767465,2026,2025/26,-2.54,0.96,4.262189463496022,1.7864965871793157
2375,Aston Villa,7,2026-01-03 12:30:00+00:00,1.6,0.89,3.0,1.0,0,150.0,111.0,True,17,Nott'm Forest,17,2026-01-03 12:30:00+00:00,1.414958459756777,1.1017243164526431,2026,2025/26,1.4,0.10999999999999999,1.130775245709355,0.8078245952359862
2376,Aston Villa,7,2026-01-07 19:30:00+00:00,1.75,1.5,0.0,0.0,1,143.0,150.0,False,31,Crystal Palace,31,2026-01-07 19:30:00+00:00,1.306725082579535,1.3093044663610574,2026,2025/26,-1.75,-1.5,1.339225842780503,1.145646439417519
2377,Aston Villa,7,2026-01-18 16:30:00+00:00,1.45,0.51,0.0,1.0,0,144.0,94.0,True,11,Everton,11,2026-01-18 16:30:00+00:00,1.3221729384987075,1.0648267790748758,2026,2025/26,-1.45,0.49,1.0966795324418277,0.47895114024375807
2378,Aston Villa,7,2026-01-25 14:00:00+00:00,1.16,2.18,2.0,0.0,1,166.0,134.0,False,4,Newcastle,4,2026-01-25 14:00:00+00:00,1.2019184421393827,1.5503722942316531,2026,2025/26,0.8400000000000001,-2.18,0.9651237216522204,1.4061138786541483
2379,Aston Villa,7,2026-02-01 14:00:00+00:00,2.43,0.38,0.0,1.0,0,286.0,54.0,True,94,Brentford,94,2026-02-01 14:00:00+00:00,1.3625653752181788,1.505289825599132,2026,2025/26,-2.43,0.62,1.7834006677374288,0.25244308008841637
2380,Aston Villa,7,2026-02-07 15:00:00+00:00,0.43,2.06,1.0,1.0,0,103.0,190.0,False,91,Bournemouth,91,2026-02-07 15:00:00+00:00,1.4840727502572566,1.4984882539275466,2026,2025/26,0.5700000000000001,-1.06,0.28974320829316597,1.3747188171817348
2381,Aston Villa,7,2026-02-11 19:30:00+00:00,0.74,0.5,0.0,0.0,1,126.0,93.0,True,36,Brighton,36,2026-02-11 19:30:00+00:00,1.356976917132049,1.409477169852888,2026,2025/26,-0.74,-0.5,0.5453298362392038,0.35474146775444876
2382,Aston Villa,7,2026-02-21 15:00:00+00:00,1.46,1.35,1.0,1.0,0,160.0,114.0,True,2,Leeds,2,2026-02-21 15:00:00+00:00,1.5670374433846064,1.3532051914459742,2026,2025/26,-0.45999999999999996,-0.3500000000000001,0.9316943932409051,0.9976314076636454
2383,Aston Villa,7,2026-02-27 20:00:00+00:00,1.04,0.86,0.0,2.0,0,121.0,68.0,False,39,Wolves,39,2026-02-27 20:00:00+00:00,1.497541945984883,0.9080097533977808,2026,2025/26,-1.04,1.1400000000000001,0.6944713654187675,0.9471263901977618
2384,Aston Villa,7,2026-03-04 19:30:00+00:00,0.78,3.6,1.0,4.0,0,102.0,233.0,True,8,Chelsea,8,2026-03-04 19:30:00+00:00,1.2786344721610725,1.6767605407454431,2026,2025/26,0.21999999999999997,0.3999999999999999,0.6100257868706528,2.1469970890414296
2385,Aston Villa,7,2026-03-15 14:00:00+00:00,1.0,1.1,1.0,3.0,0,105.0,165.0,False,1,Man Utd,1,2026-03-15 14:00:00+00:00,1.2423144158317116,1.5493429333898692,2026,2025/26,0.0,1.9,0.8049492038861309,0.7099783890925079
2386,Aston Villa,7,2026-03-22 14:15:00+00:00,1.72,0.94,2.0,0.0,1,202.0,76.0,True,21,West Ham,21,2026-03-22 14:15:00+00:00,1.5917889821397535,1.149704212688384,2026,2025/26,0.28,-0.94,1.0805452351403384,0.8176015966767425
2387,Aston Villa,7,2026-04-12 13:00:00+00:00,1.03,1.15,0.0,1.0,0,121.0,139.0,False,17,Nott'm Forest,17,2026-04-12 13:00:00+00:00,1.3709752406431592,1.1190922341426548,2026,2025/26,-1.03,-0.1499999999999999,0.7512900083569715,1.0276186045389044
2388,Aston Villa,7,2026-04-19 13:00:00+00:00,2.85,1.73,4.0,3.0,0,237.0,135.0,True,56,Sunderland,56,2026-04-19 13:00:00+00:00,1.4089128144661136,1.0083243499641985,2026,2025/26,1.15,1.27,2.0228363109039966,1.7157177648853024
2389,Aston Villa,7,2026-04-25 11:30:00+00:00,0.93,1.18,0.0,1.0,0,55.0,126.0,False,54,Fulham,54,2026-04-25 11:30:00+00:00,1.3389780268762146,1.272865428174239,2026,2025/26,-0.93,-0.17999999999999994,0.6945595680682342,0.9270422260525666
2390,Aston Villa,7,2026-05-03 18:00:00+00:00,0.33,0.99,1.0,2.0,0,44.0,137.0,True,6,Spurs,6,2026-05-03 18:00:00+00:00,1.4862480629511394,1.196402384856678,2026,2025/26,0.6699999999999999,1.01,0.2220356131834022,0.8274807978743675
2391,Aston Villa,7,2026-05-10 13:00:00+00:00,1.43,1.79,2.0,2.0,0,212.0,128.0,False,90,Burnley,90,2026-05-10 13:00:00+00:00,1.898127292078741,0.8823539305969812,2026,2025/26,0.5700000000000001,0.20999999999999996,0.7533741314229406,2.028664391837554
2392,Aston Villa,7,2026-05-15 19:00:00+00:00,2.26,1.43,4.0,2.0,0,199.0,165.0,True,14,Liverpool,14,2026-05-15 19:00:00+00:00,1.266999467549759,1.576526763617454,2026,2025/26,1.7400000000000002,0.5700000000000001,1.7837418703660526,0.9070572304898663
2393,Aston Villa,7,2026-05-24 15:00:00+00:00,1.76,1.34,2.0,1.0,0,155.0,201.0,False,43,Man City,43,2026-05-24 15:00:00+00:00,1.071808551481389,1.8556778058193049,2026,2025/26,0.24,-0.3400000000000001,1.6420843046712346,0.7221081137026227
2394,Burnley,90,2025-08-16 14:00:00+00:00,0.94,2.32,0.0,3.0,0,112.0,197.0,False,6,Spurs,6,2025-08-16 14:00:00+00:00,1.631811563862155,1.3644277493076575,2026,2025/26,-0.94,0.6800000000000002,0.5760469044447861,1.7003465380832528
2395,Burnley,90,2025-08-23 14:00:00+00:00,0.99,0.77,2.0,0.0,1,75.0,67.0,True,56,Sunderland,56,2025-08-23 14:00:00+00:00,1.076540786072501,1.0935732605744826,2026,2025/26,1.01,-0.77,0.9196121622217175,0.7041137779790801
2396,Burnley,90,2025-08-30 14:00:00+00:00,1.25,3.63,2.0,3.0,0,104.0,208.0,False,1,Man Utd,1,2025-08-30 14:00:00+00:00,1.3719861726016005,1.3308117172530265,2026,2025/26,0.75,-0.6299999999999999,0.9110878993989519,2.727658580804207
2397,Burnley,90,2025-09-14 13:00:00+00:00,0.13,2.45,0.0,1.0,0,8.0,211.0,True,14,Liverpool,14,2025-09-14 13:00:00+00:00,1.1629360811003433,1.8722427382953413,2026,2025/26,-0.13,-1.4500000000000002,0.11178602342185222,1.3085910015229656
2398,Burnley,90,2025-09-20 14:00:00+00:00,0.85,1.1,1.0,1.0,0,137.0,184.0,True,17,Nott'm Forest,17,2025-09-20 14:00:00+00:00,1.4771596437133478,1.146605026012379,2026,2025/26,0.15000000000000002,-0.10000000000000009,0.5754286637991498,0.959353896978404
2399,Burnley,90,2025-09-27 14:00:00+00:00,0.42,2.03,1.0,5.0,0,60.0,265.0,False,43,Man City,43,2025-09-27 14:00:00+00:00,1.0679912855573117,1.7171899184044943,2026,2025/26,0.5800000000000001,2.97,0.3932616358202124,1.1821639401925612
2400,Burnley,90,2025-10-05 13:00:00+00:00,0.42,1.37,1.0,2.0,0,51.0,161.0,False,7,Aston Villa,7,2025-10-05 13:00:00+00:00,1.311508644309986,1.286247330041069,2026,2025/26,0.5800000000000001,0.6299999999999999,0.320241884658695,1.0651139699207437
2401,Burnley,90,2025-10-18 14:00:00+00:00,0.46,2.63,2.0,0.0,1,36.0,181.0,True,2,Leeds,2,2025-10-18 14:00:00+00:00,1.5891374777192675,1.1784429592564831,2026,2025/26,1.54,-2.63,0.289465201374643,2.231758422706645
2402,Burnley,90,2025-10-26 14:00:00+00:00,1.43,2.52,3.0,2.0,0,146.0,198.0,False,39,Wolves,39,2025-10-26 14:00:00+00:00,1.4114529768453237,1.0604168477496916,2026,2025/26,1.57,-0.52,1.0131403762356503,2.376423955680907
2403,Burnley,90,2025-11-01 15:00:00+00:00,0.41,2.42,0.0,2.0,0,32.0,164.0,True,3,Arsenal,3,2025-11-01 15:00:00+00:00,0.8260269718922717,1.625187822016764,2026,2025/26,-0.41,-0.41999999999999993,0.4963518310555495,1.4890586596919735
2404,Burnley,90,2025-11-08 15:00:00+00:00,1.06,3.02,2.0,3.0,0,175.0,192.0,False,21,West Ham,21,2025-11-08 15:00:00+00:00,1.5618145860386417,1.0901848983359266,2026,2025/26,0.94,-0.020000000000000018,0.6786977208918025,2.770172293351128
2405,Burnley,90,2025-11-22 12:30:00+00:00,0.44,1.72,0.0,2.0,0,70.0,166.0,True,8,Chelsea,8,2025-11-22 12:30:00+00:00,1.164199178646755,1.5541508694145283,2026,2025/26,-0.44,0.28,0.3779422010170531,1.1067136620062823
2406,Burnley,90,2025-11-29 15:00:00+00:00,0.96,3.06,1.0,3.0,0,56.0,166.0,False,94,Brentford,94,2025-11-29 15:00:00+00:00,1.325878399963738,1.5232909907469845,2026,2025/26,0.040000000000000036,-0.06000000000000005,0.7240482988683241,2.0088085720899924
2407,Burnley,90,2025-12-03 19:30:00+00:00,0.96,0.59,0.0,1.0,0,122.0,105.0,True,31,Crystal Palace,31,2025-12-03 19:30:00+00:00,1.204975279683426,1.4030151482655129,2026,2025/26,-0.96,0.41000000000000003,0.7966968419901638,0.4205229007893404
2408,Burnley,90,2025-12-06 15:00:00+00:00,1.62,1.77,1.0,2.0,0,87.0,134.0,False,4,Newcastle,4,2025-12-06 15:00:00+00:00,1.23660142531463,1.5218259654882074,2026,2025/26,-0.6200000000000001,0.22999999999999998,1.310042158157647,1.1630764884683626
2409,Burnley,90,2025-12-13 17:30:00+00:00,2.47,2.23,2.0,3.0,0,183.0,126.0,True,54,Fulham,54,2025-12-13 17:30:00+00:00,1.4256463974009508,1.2005610016749544,2026,2025/26,-0.4700000000000002,0.77,1.7325474286632199,1.8574649658691487
2410,Burnley,90,2025-12-20 15:00:00+00:00,0.38,1.41,1.0,1.0,0,68.0,115.0,False,91,Bournemouth,91,2025-12-20 15:00:00+00:00,1.4013951170426089,1.3972839893983258,2026,2025/26,0.62,-0.4099999999999999,0.2711583588231143,1.0091005197927945
2411,Burnley,90,2025-12-27 15:00:00+00:00,1.41,0.85,0.0,0.0,1,91.0,154.0,True,11,Everton,11,2025-12-27 15:00:00+00:00,1.2824186966725564,1.08175670551807,2026,2025/26,-1.41,-0.85,1.0994849058723755,0.785758937905471
2412,Burnley,90,2025-12-30 19:30:00+00:00,1.1,2.31,1.0,3.0,0,119.0,203.0,True,4,Newcastle,4,2025-12-30 19:30:00+00:00,1.185612940392402,1.5132204210492268,2026,2025/26,-0.10000000000000009,0.69,0.9277901434138643,1.5265456161358881
2413,Burnley,90,2026-01-03 15:00:00+00:00,0.31,1.45,0.0,2.0,0,55.0,135.0,False,36,Brighton,36,2026-01-03 15:00:00+00:00,1.4157978159183924,1.5203774907757597,2026,2025/26,-0.31,0.55,0.21895781764496564,0.9537105151827457
2414,Burnley,90,2026-01-07 20:15:00+00:00,0.24,2.55,1.0,2.0,0,49.0,260.0,True,1,Man Utd,1,2026-01-07 20:15:00+00:00,1.334810781442524,1.5186709452903189,2026,2025/26,0.76,-0.5499999999999998,0.1798007652744856,1.6790997469912914
2415,Burnley,90,2026-01-17 15:00:00+00:00,0.4,3.18,1.0,1.0,0,57.0,324.0,False,14,Liverpool,14,2026-01-17 15:00:00+00:00,1.1676977691380024,1.59146681126421,2026,2025/26,0.6,-2.18,0.34255439255937015,1.9981566549125271
2416,Burnley,90,2026-01-24 15:00:00+00:00,1.4400000000000002,2.05,2.0,2.0,0,126.0,257.0,True,6,Spurs,6,2026-01-24 15:00:00+00:00,1.4220875584049495,1.2108617099378898,2026,2025/26,0.5599999999999998,-0.04999999999999982,1.012595878143496,1.6930091877338767
2417,Burnley,90,2026-02-02 20:00:00+00:00,0.06,1.47,0.0,3.0,0,25.0,127.0,False,56,Sunderland,56,2026-02-02 20:00:00+00:00,1.3769501252253935,0.9516469397648974,2026,2025/26,-0.06,1.53,0.04357456301489393,1.5446905134410043
2418,Burnley,90,2026-02-07 15:00:00+00:00,1.36,1.02,0.0,2.0,0,151.0,86.0,True,21,West Ham,21,2026-02-07 15:00:00+00:00,1.6596455525286875,1.1388033893435514,2026,2025/26,-1.36,0.98,0.8194520799503616,0.8956769970521127
2419,Burnley,90,2026-02-11 19:40:00+00:00,0.54,1.8,2.0,2.0,0,90.0,176.0,False,31,Crystal Palace,31,2026-02-11 19:40:00+00:00,1.300716356649704,1.2878767569880312,2026,2025/26,1.46,0.19999999999999996,0.415155846422117,1.3976492628143053
2420,Burnley,90,2026-02-21 15:00:00+00:00,0.85,1.99,1.0,1.0,0,98.0,111.0,False,8,Chelsea,8,2026-02-21 15:00:00+00:00,1.2911901140150646,1.6919982321005411,2026,2025/26,0.15000000000000002,-0.99,0.6583073946847791,1.1761241603246257
2421,Burnley,90,2026-02-28 15:00:00+00:00,0.97,2.25,2.0,4.0,0,91.0,212.0,True,94,Brentford,94,2026-02-28 15:00:00+00:00,1.3774120174926126,1.4878222242345185,2026,2025/26,1.03,1.75,0.7042192079649127,1.5122774504579137
2422,Burnley,90,2026-03-03 19:30:00+00:00,0.7899999999999999,1.3,0.0,2.0,0,66.0,136.0,False,11,Everton,11,2026-03-03 19:30:00+00:00,1.2931334483741246,1.1226457453566303,2026,2025/26,-0.7899999999999999,0.7,0.6109191599623987,1.1579788240207776
2423,Burnley,90,2026-03-14 15:00:00+00:00,1.41,2.55,0.0,0.0,1,116.0,137.0,True,91,Bournemouth,91,2026-03-14 15:00:00+00:00,1.47294262030209,1.474340888522132,2026,2025/26,-1.41,-2.55,0.9572674322580325,1.7295864340818086
2424,Burnley,90,2026-03-21 15:00:00+00:00,1.24,3.15,1.0,3.0,0,107.0,225.0,False,54,Fulham,54,2026-03-21 15:00:00+00:00,1.3805505723782376,1.2907414392148762,2026,2025/26,-0.24,-0.1499999999999999,0.8981923768746009,2.440457789839041
2425,Burnley,90,2026-04-11 14:00:00+00:00,0.88,1.93,0.0,2.0,0,123.0,199.0,True,36,Brighton,36,2026-04-11 14:00:00+00:00,1.257631150372867,1.3810043278805968,2026,2025/26,-0.88,0.07000000000000006,0.6997282150168549,1.3975336362355484
2426,Burnley,90,2026-04-19 13:00:00+00:00,0.36,1.19,1.0,4.0,0,79.0,138.0,False,17,Nott'm Forest,17,2026-04-19 13:00:00+00:00,1.3348896510760475,1.1328543720542847,2026,2025/26,0.64,2.81,0.26968521308844207,1.0504439311489693
2427,Burnley,90,2026-04-22 19:00:00+00:00,0.61,3.54,0.0,1.0,0,70.0,299.0,True,43,Man City,43,2026-04-22 19:00:00+00:00,1.0316728990821873,1.8083557639704624,2026,2025/26,-0.61,-2.54,0.5912726800739629,1.9575794047447304
2428,Burnley,90,2026-05-01 19:00:00+00:00,0.5700000000000001,1.64,1.0,3.0,0,86.0,185.0,False,2,Leeds,2,2026-05-01 19:00:00+00:00,1.3818877143670902,1.3608167443490506,2026,2025/26,0.42999999999999994,1.36,0.41247924420622134,1.2051585981803135
2429,Burnley,90,2026-05-10 13:00:00+00:00,1.81,1.44,2.0,2.0,0,128.0,212.0,True,7,Aston Villa,7,2026-05-10 13:00:00+00:00,1.3524494042531263,1.31048455034733,2026,2025/26,0.18999999999999995,0.56,1.3383125419021131,1.0988301995764416
2430,Burnley,90,2026-05-18 19:00:00+00:00,0.19,1.29,0.0,1.0,0,22.0,149.0,False,3,Arsenal,3,2026-05-18 19:00:00+00:00,0.8372952233866805,1.6202717505891358,2026,2025/26,-0.19,-0.29000000000000004,0.22692115599500323,0.7961627421640549
2431,Burnley,90,2026-05-24 15:00:00+00:00,0.98,2.09,1.0,1.0,0,189.0,152.0,True,39,Wolves,39,2026-05-24 15:00:00+00:00,1.5521643340164362,0.922164919603952,2026,2025/26,0.020000000000000018,-1.0899999999999999,0.6313764454721857,2.2664058842073556
2432,Bournemouth,91,2025-08-15 19:00:00+00:00,1.71,2.21,2.0,4.0,0,112.0,227.0,False,14,Liverpool,14,2025-08-15 19:00:00+00:00,1.181221297899726,1.9515121910715576,2026,2025/26,0.29000000000000004,1.79,1.4476542228289233,1.1324551340806686
2433,Bournemouth,91,2025-08-23 14:00:00+00:00,1.29,0.46,1.0,0.0,1,128.0,52.0,True,39,Wolves,39,2025-08-23 14:00:00+00:00,1.4343685014513814,1.0944161369151642,2026,2025/26,-0.29000000000000004,-0.46,0.8993504798067578,0.42031543988066933
2434,Bournemouth,91,2025-08-30 14:00:00+00:00,1.59,0.19,1.0,0.0,1,188.0,60.0,False,6,Spurs,6,2025-08-30 14:00:00+00:00,1.59295433773861,1.348114899792726,2026,2025/26,-0.5900000000000001,-0.19,0.9981453719867426,0.14093754176977993
2435,Bournemouth,91,2025-09-13 14:00:00+00:00,1.45,0.62,2.0,1.0,0,149.0,103.0,True,36,Brighton,36,2025-09-13 14:00:00+00:00,1.3605017209229682,1.5552771013615276,2026,2025/26,0.55,0.38,1.0657832898706778,0.398642788129033
2436,Bournemouth,91,2025-09-21 13:00:00+00:00,0.54,0.14,0.0,0.0,1,73.0,55.0,True,4,Newcastle,4,2025-09-21 13:00:00+00:00,1.1024987150132937,1.5763167050655058,2026,2025/26,-0.54,-0.14,0.48979648923535374,0.0888146395645678
2437,Bournemouth,91,2025-09-27 14:00:00+00:00,0.8200000000000001,1.84,2.0,2.0,0,122.0,208.0,False,2,Leeds,2,2025-09-27 14:00:00+00:00,1.6709755323924766,1.1401089798667474,2026,2025/26,1.18,0.15999999999999992,0.49073130282520466,1.613880806565574
2438,Bournemouth,91,2025-10-03 19:00:00+00:00,1.12,0.88,3.0,1.0,0,147.0,93.0,True,54,Fulham,54,2025-10-03 19:00:00+00:00,1.378643008675326,1.1860635170597749,2026,2025/26,1.88,0.12,0.8123930509582433,0.7419501462969711
2439,Bournemouth,91,2025-10-18 14:00:00+00:00,2.02,4.44,3.0,3.0,0,141.0,239.0,False,31,Crystal Palace,31,2025-10-18 14:00:00+00:00,1.2604667671754264,1.4884533413770529,2026,2025/26,0.98,-1.4400000000000004,1.6025809268471296,2.9829621638608463
2440,Bournemouth,91,2025-10-26 14:00:00+00:00,0.58,0.35,2.0,0.0,1,91.0,65.0,True,17,Nott'm Forest,17,2025-10-26 14:00:00+00:00,1.5135173621254316,1.0874073528899868,2026,2025/26,1.42,-0.35,0.38321331126687985,0.32186650115047505
2441,Bournemouth,91,2025-11-02 16:30:00+00:00,0.72,2.22,1.0,3.0,0,113.0,204.0,False,43,Man City,43,2025-11-02 16:30:00+00:00,0.9973731612296408,1.7070986458478696,2026,2025/26,0.28,0.7799999999999998,0.7218963052026854,1.300452088928573
2442,Bournemouth,91,2025-11-09 14:00:00+00:00,1.62,1.7,0.0,4.0,0,74.0,194.0,False,7,Aston Villa,7,2025-11-09 14:00:00+00:00,1.208693773159873,1.2486069564163311,2026,2025/26,-1.62,2.3,1.340289853371921,1.361517322375992
2443,Bournemouth,91,2025-11-22 15:00:00+00:00,4.09,0.65,2.0,2.0,0,301.0,45.0,True,21,West Ham,21,2025-11-22 15:00:00+00:00,1.5779915044224946,1.11508738432551,2026,2025/26,-2.09,1.35,2.5919024206006975,0.5829139573605432
2444,Bournemouth,91,2025-11-29 15:00:00+00:00,1.85,1.28,2.0,3.0,0,200.0,155.0,False,56,Sunderland,56,2025-11-29 15:00:00+00:00,1.2968431050326823,0.9697246205197464,2026,2025/26,0.1499999999999999,1.72,1.4265411080343273,1.3199623613907567
2445,Bournemouth,91,2025-12-02 19:30:00+00:00,0.5,1.44,0.0,1.0,0,94.0,128.0,True,11,Everton,11,2025-12-02 19:30:00+00:00,1.3005050857485565,1.1278077143643912,2026,2025/26,-0.5,-0.43999999999999995,0.38446600899850036,1.2768133979395182
2446,Bournemouth,91,2025-12-06 15:00:00+00:00,1.42,0.92,0.0,0.0,1,132.0,96.0,True,8,Chelsea,8,2025-12-06 15:00:00+00:00,1.1798970222208396,1.4927853947370573,2026,2025/26,-1.42,-0.92,1.2034948586676073,0.6162975624249398
2447,Bournemouth,91,2025-12-15 20:00:00+00:00,1.93,3.29,4.0,4.0,0,177.0,273.0,False,1,Man Utd,1,2025-12-15 20:00:00+00:00,1.3501045594156391,1.5249688171664553,2026,2025/26,2.0700000000000003,0.71,1.4295189113614688,2.157421163609856
2448,Bournemouth,91,2025-12-20 15:00:00+00:00,1.41,0.38,1.0,1.0,0,115.0,68.0,True,90,Burnley,90,2025-12-20 15:00:00+00:00,1.8857030148661336,0.997160591556578,2026,2025/26,-0.4099999999999999,0.62,0.7477317418936704,0.38108204758354525
2449,Bournemouth,91,2025-12-27 15:00:00+00:00,2.71,3.66,1.0,4.0,0,241.0,183.0,False,94,Brentford,94,2025-12-27 15:00:00+00:00,1.372023698593658,1.4331372257324484,2026,2025/26,-1.71,0.33999999999999986,1.9751845414753293,2.5538377862799884
2450,Bournemouth,91,2025-12-30 19:30:00+00:00,3.14,2.31,2.0,2.0,0,205.0,179.0,False,8,Chelsea,8,2025-12-30 19:30:00+00:00,1.2459243789293206,1.5047065318682291,2026,2025/26,-1.1400000000000001,-0.31000000000000005,2.520217160128406,1.5351830746238113
2451,Bournemouth,91,2026-01-03 17:30:00+00:00,1.43,1.13,2.0,3.0,0,79.0,132.0,True,3,Arsenal,3,2026-01-03 17:30:00+00:00,0.8599661523491853,1.7159989148538295,2026,2025/26,0.5700000000000001,1.87,1.662856143923389,0.6585085749289383
2452,Bournemouth,91,2026-01-07 19:30:00+00:00,1.28,1.25,3.0,2.0,0,99.0,157.0,True,6,Spurs,6,2026-01-07 19:30:00+00:00,1.3672789681718556,1.1963250958595606,2026,2025/26,1.72,0.75,0.936165939648327,1.044866486815504
2453,Bournemouth,91,2026-01-19 20:00:00+00:00,1.34,1.05,1.0,1.0,0,89.0,193.0,False,36,Brighton,36,2026-01-19 20:00:00+00:00,1.4062414977913549,1.480287199561185,2026,2025/26,-0.3400000000000001,-0.050000000000000044,0.9528946501042717,0.7093218128963494
2454,Bournemouth,91,2026-01-24 17:30:00+00:00,2.34,0.93,3.0,2.0,0,193.0,244.0,True,14,Liverpool,14,2026-01-24 17:30:00+00:00,1.179967148562557,1.60401923588994,2026,2025/26,0.6600000000000001,1.0699999999999998,1.9831060575293151,0.5797935456079606
2455,Bournemouth,91,2026-01-31 15:00:00+00:00,1.36,1.38,2.0,0.0,1,121.0,154.0,False,39,Wolves,39,2026-01-31 15:00:00+00:00,1.39777633863586,0.9335607011051829,2026,2025/26,0.6399999999999999,-1.38,0.9729739747399594,1.4782113239838675
2456,Bournemouth,91,2026-02-07 15:00:00+00:00,2.08,0.44,1.0,1.0,0,190.0,103.0,True,7,Aston Villa,7,2026-02-07 15:00:00+00:00,1.2854584803420297,1.392169299604037,2026,2025/26,-1.08,0.56,1.6180997144665161,0.3160535145582836
2457,Bournemouth,91,2026-02-10 19:30:00+00:00,1.35,2.94,2.0,1.0,0,126.0,234.0,False,11,Everton,11,2026-02-10 19:30:00+00:00,1.3292569150700335,1.0955309736660928,2026,2025/26,0.6499999999999999,-1.94,1.0156050231484963,2.683630194554484
2458,Bournemouth,91,2026-02-21 17:30:00+00:00,0.66,3.27,0.0,0.0,1,89.0,215.0,False,21,West Ham,21,2026-02-21 17:30:00+00:00,1.592581840736044,1.1484968196919432,2026,2025/26,-0.66,-3.27,0.4144214024787371,2.8471998737245956
2459,Bournemouth,91,2026-02-28 12:30:00+00:00,1.69,1.42,1.0,1.0,0,171.0,105.0,True,56,Sunderland,56,2026-02-28 12:30:00+00:00,1.4360006839803576,0.9531196802617063,2026,2025/26,-0.69,-0.41999999999999993,1.1768796622823312,1.4898443809387067
2460,Bournemouth,91,2026-03-03 19:30:00+00:00,1.92,0.4,0.0,0.0,1,101.0,69.0,True,94,Brentford,94,2026-03-03 19:30:00+00:00,1.39249354167412,1.456625410432435,2026,2025/26,-1.92,-0.4,1.3788214756757058,0.2746073198608077
2461,Bournemouth,91,2026-03-14 15:00:00+00:00,2.56,1.4,0.0,0.0,1,137.0,116.0,False,90,Burnley,90,2026-03-14 15:00:00+00:00,1.8246938933168884,0.9114683522238968,2026,2025/26,-2.56,-1.4,1.4029750465961655,1.5359831162367097
2462,Bournemouth,91,2026-03-20 20:00:00+00:00,1.83,1.77,2.0,2.0,0,119.0,165.0,True,1,Man Utd,1,2026-03-20 20:00:00+00:00,1.246064709858552,1.5510542314135396,2026,2025/26,0.16999999999999993,0.22999999999999998,1.4686235678785364,1.1411593251558498
2463,Bournemouth,91,2026-04-11 11:30:00+00:00,1.19,2.32,2.0,1.0,0,106.0,142.0,False,3,Arsenal,3,2026-04-11 11:30:00+00:00,0.8324390087344508,1.654737275545349,2026,2025/26,0.81,-1.3199999999999998,1.4295341610782342,1.4020352561619795
2464,Bournemouth,91,2026-04-18 14:00:00+00:00,2.99,1.59,2.0,1.0,0,152.0,158.0,False,4,Newcastle,4,2026-04-18 14:00:00+00:00,1.4159225354252578,1.510524062233409,2026,2025/26,-0.9900000000000002,-0.5900000000000001,2.1116974447348453,1.0526148108154467
2465,Bournemouth,91,2026-04-22 19:00:00+00:00,1.43,0.83,2.0,2.0,0,218.0,115.0,True,2,Leeds,2,2026-04-22 19:00:00+00:00,1.3862042567287132,1.3626540557664653,2026,2025/26,0.5700000000000001,1.17,1.0315940043169682,0.609105441316976
2466,Bournemouth,91,2026-05-03 13:00:00+00:00,2.08,0.89,2.0,0.0,1,150.0,72.0,True,31,Crystal Palace,31,2026-05-03 13:00:00+00:00,1.3284632675896504,1.2557575321176582,2026,2025/26,-0.08000000000000007,-0.89,1.565718865357813,0.7087355458654032
2467,Bournemouth,91,2026-05-09 14:00:00+00:00,0.81,1.33,1.0,0.0,1,85.0,119.0,False,54,Fulham,54,2026-05-09 14:00:00+00:00,1.3813159644280972,1.227070203937327,2026,2025/26,0.18999999999999995,-1.33,0.5863973347584978,1.0838825649358936
2468,Bournemouth,91,2026-05-19 18:30:00+00:00,2.0,1.67,1.0,1.0,0,87.0,162.0,True,43,Man City,43,2026-05-19 18:30:00+00:00,1.0426604955433445,1.868040809793328,2026,2025/26,-1.0,-0.6699999999999999,1.918169920648785,0.8939847519630802
2469,Bournemouth,91,2026-05-24 15:00:00+00:00,0.95,1.73,1.0,1.0,0,137.0,135.0,False,17,Nott'm Forest,17,2026-05-24 15:00:00+00:00,1.370985456882413,1.253334343187705,2026,2025/26,0.050000000000000044,-0.73,0.6929322227533153,1.3803180367657948
2470,Brentford,94,2025-08-17 13:00:00+00:00,1.5,1.86,1.0,3.0,0,90.0,138.0,False,17,Nott'm Forest,17,2025-08-17 13:00:00+00:00,1.4520254680784237,1.1970160809895003,2026,2025/26,-0.5,1.14,1.0330397317238964,1.5538638365346364
2471,Brentford,94,2025-08-23 14:00:00+00:00,1.21,1.19,1.0,0.0,1,112.0,135.0,True,7,Aston Villa,7,2025-08-23 14:00:00+00:00,1.2953044496002937,1.3667068722089175,2026,2025/26,-0.20999999999999996,-1.19,0.9341433208025982,0.8707060922849403
2472,Brentford,94,2025-08-30 14:00:00+00:00,1.19,1.54,1.0,2.0,0,86.0,95.0,False,56,Sunderland,56,2025-08-30 14:00:00+00:00,1.089015199981522,1.0510732293244824,2026,2025/26,-0.18999999999999995,0.45999999999999996,1.0927303861508924,1.4651690834041577
2473,Brentford,94,2025-09-13 19:00:00+00:00,1.42,1.25,2.0,2.0,0,123.0,175.0,True,8,Chelsea,8,2025-09-13 19:00:00+00:00,1.1455918540976924,1.538940574861965,2026,2025/26,0.5800000000000001,0.75,1.2395339534937955,0.8122470876512685
2474,Brentford,94,2025-09-20 19:00:00+00:00,0.61,1.01,1.0,3.0,0,108.0,127.0,False,54,Fulham,54,2025-09-20 19:00:00+00:00,1.3793844605057095,1.191025408274366,2026,2025/26,0.39,1.99,0.4422262374743311,0.8480087771287371
2475,Brentford,94,2025-09-27 11:30:00+00:00,2.03,2.08,3.0,1.0,0,193.0,178.0,True,1,Man Utd,1,2025-09-27 11:30:00+00:00,1.392033116276715,1.3728808026534982,2026,2025/26,0.9700000000000002,-1.08,1.4582986397835571,1.5150623389734819
2476,Brentford,94,2025-10-05 15:30:00+00:00,0.8300000000000001,0.83,0.0,1.0,0,41.0,111.0,True,43,Man City,43,2025-10-05 15:30:00+00:00,1.0467385504103217,1.7054759985041477,2026,2025/26,-0.8300000000000001,0.17000000000000004,0.7929391725131743,0.48666765215575175
2477,Brentford,94,2025-10-20 19:00:00+00:00,2.31,0.33,2.0,0.0,1,250.0,46.0,False,21,West Ham,21,2025-10-20 19:00:00+00:00,1.5710462954879305,1.0538383276685868,2026,2025/26,-0.31000000000000005,-0.33,1.4703576887799907,0.31314101161044416
2478,Brentford,94,2025-10-25 19:00:00+00:00,2.74,2.3,3.0,2.0,0,256.0,178.0,True,14,Liverpool,14,2025-10-25 19:00:00+00:00,1.19724821473684,1.8048621938383047,2026,2025/26,0.2599999999999998,-0.2999999999999998,2.2885814038171386,1.2743355187183083
2479,Brentford,94,2025-11-01 15:00:00+00:00,0.54,0.7,0.0,2.0,0,77.0,100.0,False,31,Crystal Palace,31,2025-11-01 15:00:00+00:00,1.2569971708873668,1.4849279421929342,2026,2025/26,-0.54,1.3,0.4295952389604755,0.47140334565072795
2480,Brentford,94,2025-11-09 14:00:00+00:00,2.64,0.42,3.0,1.0,0,228.0,53.0,True,4,Newcastle,4,2025-11-09 14:00:00+00:00,1.1922861733486187,1.4948754967475488,2026,2025/26,0.3599999999999999,0.5800000000000001,2.2142335112260643,0.28095985312075034
2481,Brentford,94,2025-11-22 15:00:00+00:00,1.91,1.22,1.0,2.0,0,115.0,149.0,False,36,Brighton,36,2025-11-22 15:00:00+00:00,1.316407290542987,1.537474136698535,2026,2025/26,-0.9099999999999999,0.78,1.4509187344383134,0.7935092831023116
2482,Brentford,94,2025-11-29 15:00:00+00:00,3.05,0.95,3.0,1.0,0,166.0,56.0,True,90,Burnley,90,2025-11-29 15:00:00+00:00,1.9498664303977968,0.988794392756052,2026,2025/26,-0.04999999999999982,0.050000000000000044,1.5642097081376811,0.9607659660691229
2483,Brentford,94,2025-12-03 19:30:00+00:00,0.35,1.77,0.0,2.0,0,69.0,167.0,False,3,Arsenal,3,2025-12-03 19:30:00+00:00,0.7975447560376923,1.6608697869886129,2026,2025/26,-0.35,0.22999999999999998,0.43884684508346117,1.065706663981922
2484,Brentford,94,2025-12-06 15:00:00+00:00,0.28,2.18,0.0,2.0,0,53.0,182.0,False,6,Spurs,6,2025-12-06 15:00:00+00:00,1.472950857529772,1.22885833411663,2026,2025/26,-0.28,-0.18000000000000016,0.1900945972288424,1.7740043253782403
2485,Brentford,94,2025-12-14 16:30:00+00:00,0.72,1.52,1.0,1.0,0,69.0,167.0,True,2,Leeds,2,2025-12-14 16:30:00+00:00,1.6719134520384638,1.2690292206225318,2026,2025/26,0.28,-0.52,0.43064430106842383,1.1977659578668745
2486,Brentford,94,2025-12-20 15:00:00+00:00,1.28,1.27,2.0,0.0,1,148.0,91.0,False,39,Wolves,39,2025-12-20 15:00:00+00:00,1.5308121590297916,0.9219679024757348,2026,2025/26,0.72,-1.27,0.8361574556680076,1.3774883014795898
2487,Brentford,94,2025-12-27 15:00:00+00:00,3.66,2.72,3.0,1.0,0,183.0,241.0,True,91,Bournemouth,91,2025-12-27 15:00:00+00:00,1.4221294524320305,1.4118230071275648,2026,2025/26,-0.6600000000000001,-1.7200000000000002,2.5736053730839434,1.9265871049473806
2488,Brentford,94,2026-01-01 20:00:00+00:00,0.8300000000000001,1.01,0.0,0.0,1,79.0,101.0,True,6,Spurs,6,2026-01-01 20:00:00+00:00,1.421208391433815,1.183733315331032,2026,2025/26,-0.8300000000000001,-1.01,0.5840100614397848,0.8532327230458598
2489,Brentford,94,2026-01-04 15:00:00+00:00,2.4000000000000004,0.85,4.0,2.0,0,176.0,167.0,False,11,Everton,11,2026-01-04 15:00:00+00:00,1.3165674957441025,1.078730681065556,2026,2025/26,1.5999999999999996,1.15,1.8229221120513532,0.7879631264036925
2490,Brentford,94,2026-01-07 19:30:00+00:00,3.24,1.72,3.0,0.0,1,234.0,98.0,True,56,Sunderland,56,2026-01-07 19:30:00+00:00,1.3638310553672277,0.9015460197241698,2026,2025/26,-0.2400000000000002,-1.72,2.3756608175545555,1.9078338347345132
2491,Brentford,94,2026-01-17 15:00:00+00:00,1.53,1.59,0.0,2.0,0,157.0,60.0,False,8,Chelsea,8,2026-01-17 15:00:00+00:00,1.2851583095947077,1.5437908451459843,2026,2025/26,-1.53,0.4099999999999999,1.1905148094031361,1.0299322638162465
2492,Brentford,94,2026-01-25 14:00:00+00:00,1.79,0.78,0.0,2.0,0,128.0,89.0,True,17,Nott'm Forest,17,2026-01-25 14:00:00+00:00,1.403223409978824,1.098695994258211,2026,2025/26,-1.79,1.22,1.275634362476188,0.709932505512246
2493,Brentford,94,2026-02-01 14:00:00+00:00,0.37,2.4,1.0,0.0,1,54.0,286.0,False,7,Aston Villa,7,2026-02-01 14:00:00+00:00,1.286924535894832,1.3980596070326206,2026,2025/26,0.63,-2.4,0.2875071456639292,1.7166650033570432
2494,Brentford,94,2026-02-07 17:30:00+00:00,1.79,2.24,3.0,2.0,0,114.0,132.0,False,4,Newcastle,4,2026-02-07 17:30:00+00:00,1.2746783845159344,1.5256801686096972,2026,2025/26,1.21,-0.2400000000000002,1.4042757935993098,1.4681976249591284
2495,Brentford,94,2026-02-12 20:00:00+00:00,1.5,0.6,1.0,1.0,0,133.0,109.0,True,3,Arsenal,3,2026-02-12 20:00:00+00:00,0.8316007424207016,1.6865682794554668,2026,2025/26,-0.5,0.4,1.8037501934325588,0.35575197714125084
2496,Brentford,94,2026-02-21 15:00:00+00:00,1.6,1.09,0.0,2.0,0,107.0,151.0,True,36,Brighton,36,2026-02-21 15:00:00+00:00,1.3296783658068954,1.385448080790316,2026,2025/26,-1.6,0.9099999999999999,1.203298512741511,0.7867490778710522
2497,Brentford,94,2026-02-28 15:00:00+00:00,2.34,0.97,4.0,3.0,0,212.0,91.0,False,90,Burnley,90,2026-02-28 15:00:00+00:00,1.849261197070084,0.9172309898259092,2026,2025/26,1.6600000000000001,2.0300000000000002,1.26537019416588,1.0575307755182872
2498,Brentford,94,2026-03-03 19:30:00+00:00,0.39,1.92,0.0,0.0,1,69.0,101.0,False,91,Bournemouth,91,2026-03-03 19:30:00+00:00,1.4777132636009347,1.480723508250657,2026,2025/26,-0.39,-1.92,0.2639212962395943,1.296663414406319
2499,Brentford,94,2026-03-16 20:00:00+00:00,2.56,1.39,2.0,2.0,0,114.0,142.0,True,39,Wolves,39,2026-03-16 20:00:00+00:00,1.500228096102537,0.922624159084792,2026,2025/26,-0.56,0.6100000000000001,1.7064071834480763,1.5065722984956593
2500,Brentford,94,2026-03-21 20:00:00+00:00,0.46,0.52,0.0,0.0,1,75.0,140.0,False,2,Leeds,2,2026-03-21 20:00:00+00:00,1.4637628175493012,1.3008786538393815,2026,2025/26,-0.46,-0.52,0.3142585632624233,0.39972982757867903
2501,Brentford,94,2026-04-11 14:00:00+00:00,2.88,1.53,2.0,2.0,0,184.0,165.0,True,11,Everton,11,2026-04-11 14:00:00+00:00,1.3262055739114185,1.1589126637113405,2026,2025/26,-0.8799999999999999,0.47,2.171609030043456,1.3202030212529365
2502,Brentford,94,2026-04-18 11:30:00+00:00,1.4300000000000002,0.77,0.0,0.0,1,126.0,65.0,True,54,Fulham,54,2026-04-18 11:30:00+00:00,1.3676445832291322,1.2873299131221556,2026,2025/26,-1.4300000000000002,-0.77,1.0455932904904586,0.5981372701365436
2503,Brentford,94,2026-04-27 19:00:00+00:00,1.43,1.27,1.0,2.0,0,160.0,157.0,False,1,Man Utd,1,2026-04-27 19:00:00+00:00,1.2786738215983509,1.4936705385959284,2026,2025/26,-0.42999999999999994,0.73,1.118346192629869,0.850254435087016
2504,Brentford,94,2026-05-02 14:00:00+00:00,2.28,0.92,2.0,0.0,1,162.0,108.0,True,21,West Ham,21,2026-05-02 14:00:00+00:00,1.5167103540171962,1.1715806028809097,2026,2025/26,-0.2799999999999998,-0.92,1.5032534023131945,0.7852639397901652
2505,Brentford,94,2026-05-09 16:30:00+00:00,0.24,2.98,0.0,3.0,0,55.0,364.0,False,43,Man City,43,2026-05-09 16:30:00+00:00,1.0567022250055902,1.849147422995708,2026,2025/26,-0.24,0.020000000000000018,0.22712169457079578,1.6115534991646348
2506,Brentford,94,2026-05-17 14:00:00+00:00,1.72,1.72,2.0,2.0,0,147.0,137.0,True,31,Crystal Palace,31,2026-05-17 14:00:00+00:00,1.3813327528845265,1.2449250518562065,2026,2025/26,0.28,0.28,1.2451742684072769,1.3816092763459518
2507,Brentford,94,2026-05-24 15:00:00+00:00,1.55,3.04,1.0,1.0,0,113.0,237.0,False,14,Liverpool,14,2026-05-24 15:00:00+00:00,1.288791699549759,1.5938583973049334,2026,2025/26,-0.55,-2.04,1.2026768953753306,1.9073212558533166
2508,Brighton,36,2025-08-16 14:00:00+00:00,1.49,0.76,1.0,1.0,0,108.0,99.0,True,54,Fulham,54,2025-08-16 14:00:00+00:00,1.3559027613178187,1.2593889630383723,2026,2025/26,-0.49,0.24,1.0988988609713064,0.603467254601344
2509,Brighton,36,2025-08-24 13:00:00+00:00,2.43,1.6,0.0,2.0,0,136.0,101.0,False,11,Everton,11,2025-08-24 13:00:00+00:00,1.215822722862038,1.0835808591427103,2026,2025/26,-2.43,0.3999999999999999,1.9986466400955212,1.4765856987044435
2510,Brighton,36,2025-08-31 13:00:00+00:00,2.3,1.82,2.0,1.0,0,162.0,140.0,True,43,Man City,43,2025-08-31 13:00:00+00:00,1.086297294596156,1.7025584525514708,2026,2025/26,-0.2999999999999998,-0.8200000000000001,2.117284109461998,1.0689794510564559
2511,Brighton,36,2025-09-13 14:00:00+00:00,0.62,1.45,1.0,2.0,0,103.0,149.0,False,91,Bournemouth,91,2025-09-13 14:00:00+00:00,1.2780521116910477,1.4439637742893008,2026,2025/26,0.38,0.55,0.4851132393808656,1.004180316582852
2512,Brighton,36,2025-09-20 14:00:00+00:00,1.3199999999999998,1.22,2.0,2.0,0,108.0,165.0,True,6,Spurs,6,2025-09-20 14:00:00+00:00,1.549054207436006,1.3521290035220102,2026,2025/26,0.6800000000000002,0.78,0.8521328651144258,0.9022807711558275
2513,Brighton,36,2025-09-27 14:00:00+00:00,2.28,1.81,3.0,1.0,0,147.0,104.0,False,8,Chelsea,8,2025-09-27 14:00:00+00:00,1.173045286724867,1.4753416909352883,2026,2025/26,0.7200000000000002,-0.81,1.9436589753203317,1.226834441892953
2514,Brighton,36,2025-10-05 13:00:00+00:00,1.18,0.56,1.0,1.0,0,165.0,60.0,False,39,Wolves,39,2025-10-05 13:00:00+00:00,1.419940981153508,1.0608463697534471,2026,2025/26,-0.17999999999999994,0.43999999999999995,0.8310204548370814,0.5278803943403704
2515,Brighton,36,2025-10-18 14:00:00+00:00,0.92,1.45,2.0,1.0,0,128.0,123.0,True,4,Newcastle,4,2025-10-18 14:00:00+00:00,1.0920110871305535,1.5497969297665408,2026,2025/26,1.08,-0.44999999999999996,0.8424822887260769,0.935606447625642
2516,Brighton,36,2025-10-25 16:30:00+00:00,1.12,1.29,2.0,4.0,0,136.0,152.0,False,1,Man Utd,1,2025-10-25 16:30:00+00:00,1.407739713683953,1.4156779071409098,2026,2025/26,0.8799999999999999,2.71,0.7956016223120119,0.9112242223270067
2517,Brighton,36,2025-11-01 15:00:00+00:00,3.0700000000000003,0.5,3.0,0.0,1,183.0,71.0,True,2,Leeds,2,2025-11-01 15:00:00+00:00,1.5561464655391806,1.1752629124802842,2026,2025/26,-0.07000000000000028,-0.5,1.9728220112856105,0.42543672117143216
2518,Brighton,36,2025-11-09 14:00:00+00:00,0.38,0.74,0.0,0.0,1,125.0,96.0,False,31,Crystal Palace,31,2025-11-09 14:00:00+00:00,1.216190589174626,1.4404286837883715,2026,2025/26,-0.38,-0.74,0.31245102813851644,0.5137359511987621
2519,Brighton,36,2025-11-22 15:00:00+00:00,1.22,1.91,2.0,1.0,0,149.0,115.0,True,94,Brentford,94,2025-11-22 15:00:00+00:00,1.343265747474347,1.5040671035505708,2026,2025/26,0.78,-0.9099999999999999,0.9082342807399687,1.2698901501742608
2520,Brighton,36,2025-11-30 14:05:00+00:00,1.53,0.71,2.0,0.0,1,151.0,151.0,False,17,Nott'm Forest,17,2025-11-30 14:05:00+00:00,1.4804248151022978,1.18921955776192,2026,2025/26,0.47,-0.71,1.0334871344981316,0.5970302080603193
2521,Brighton,36,2025-12-03 19:30:00+00:00,2.21,2.41,2.0,4.0,0,175.0,258.0,True,7,Aston Villa,7,2025-12-03 19:30:00+00:00,1.229702603351948,1.2777325208525263,2026,2025/26,-0.20999999999999996,1.5899999999999999,1.7971825008550342,1.8861537611893955
2522,Brighton,36,2025-12-07 14:00:00+00:00,1.87,1.14,1.0,1.0,0,210.0,138.0,True,21,West Ham,21,2025-12-07 14:00:00+00:00,1.58735646649146,1.086542413834929,2026,2025/26,-0.8700000000000001,-0.1399999999999999,1.1780592699088368,1.0491997233466417
2523,Brighton,36,2025-12-13 15:00:00+00:00,1.91,1.89,0.0,2.0,0,106.0,164.0,False,14,Liverpool,14,2025-12-13 15:00:00+00:00,1.2642564594588062,1.6726738678609925,2026,2025/26,-1.91,0.1100000000000001,1.5107694215915803,1.1299273793384021
2524,Brighton,36,2025-12-20 15:00:00+00:00,1.13,1.38,0.0,0.0,1,126.0,162.0,True,56,Sunderland,56,2025-12-20 15:00:00+00:00,1.3077369270612451,0.9281399911574943,2026,2025/26,-1.13,-1.38,0.8640881637710905,1.4868446712214023
2525,Brighton,36,2025-12-27 15:00:00+00:00,0.8500000000000001,3.08,1.0,2.0,0,95.0,245.0,False,3,Arsenal,3,2025-12-27 15:00:00+00:00,0.8182741529397017,1.6531260193787518,2026,2025/26,0.1499999999999999,-1.08,1.0387716597748093,1.8631368473393641
2526,Brighton,36,2025-12-30 19:30:00+00:00,2.94,2.06,2.0,2.0,0,179.0,117.0,False,21,West Ham,21,2025-12-30 19:30:00+00:00,1.637856637891959,1.0631435304644778,2026,2025/26,-0.94,-0.06000000000000005,1.7950289005660438,1.9376499418662734
2527,Brighton,36,2026-01-03 15:00:00+00:00,1.45,0.3,2.0,0.0,1,135.0,55.0,True,90,Burnley,90,2026-01-03 15:00:00+00:00,1.8246663719578549,0.9889471416096552,2026,2025/26,0.55,-0.3,0.7946658207133831,0.3033529168320426
2528,Brighton,36,2026-01-07 19:30:00+00:00,1.16,2.55,1.0,1.0,0,79.0,200.0,False,43,Man City,43,2026-01-07 19:30:00+00:00,1.015803887590066,1.8044519346502264,2026,2025/26,-0.15999999999999992,-1.5499999999999998,1.1419527077731813,1.4131714738604495
2529,Brighton,36,2026-01-19 20:00:00+00:00,1.06,1.33,1.0,1.0,0,193.0,89.0,True,91,Bournemouth,91,2026-01-19 20:00:00+00:00,1.4799726379801648,1.466394113079057,2026,2025/26,-0.06000000000000005,-0.33000000000000007,0.716229457759885,0.9069867289683373
2530,Brighton,36,2026-01-24 15:00:00+00:00,1.68,1.05,1.0,2.0,0,147.0,112.0,False,54,Fulham,54,2026-01-24 15:00:00+00:00,1.3903106702060877,1.1966395727433436,2026,2025/26,-0.6799999999999999,0.95,1.2083630198644533,0.8774571925553435
2531,Brighton,36,2026-01-31 15:00:00+00:00,1.4500000000000002,1.2,1.0,1.0,0,115.0,138.0,True,11,Everton,11,2026-01-31 15:00:00+00:00,1.3143736825526506,1.0424219235026704,2026,2025/26,-0.4500000000000002,-0.19999999999999996,1.103187030634963,1.1511653515189388
2532,Brighton,36,2026-02-08 14:00:00+00:00,0.86,1.16,0.0,1.0,0,66.0,129.0,True,31,Crystal Palace,31,2026-02-08 14:00:00+00:00,1.3190905544654496,1.2936262335910462,2026,2025/26,-0.86,-0.15999999999999992,0.651964337921067,0.8967041405614463
2533,Brighton,36,2026-02-11 19:30:00+00:00,0.51,0.72,0.0,1.0,0,93.0,126.0,False,7,Aston Villa,7,2026-02-11 19:30:00+00:00,1.278767101271812,1.374071039927042,2026,2025/26,-0.51,0.28,0.39882164585933894,0.5239903753726076
2534,Brighton,36,2026-02-21 15:00:00+00:00,1.09,1.6,2.0,0.0,1,151.0,107.0,False,94,Brentford,94,2026-02-21 15:00:00+00:00,1.3678354429801831,1.474431437158288,2026,2025/26,0.9099999999999999,-1.6,0.7968794825385964,1.0851640569219847
2535,Brighton,36,2026-03-01 14:00:00+00:00,1.31,0.93,2.0,1.0,0,149.0,98.0,True,17,Nott'm Forest,17,2026-03-01 14:00:00+00:00,1.3852722073111243,1.1208981444024126,2026,2025/26,0.69,0.06999999999999995,0.9456625153425758,0.8296918008511945
2536,Brighton,36,2026-03-04 19:30:00+00:00,0.81,0.47,0.0,1.0,0,99.0,76.0,True,3,Arsenal,3,2026-03-04 19:30:00+00:00,0.8237352558068103,1.6488663123709673,2026,2025/26,-0.81,0.53,0.983325642905308,0.2850443340819846
2537,Brighton,36,2026-03-14 15:00:00+00:00,1.69,0.9,1.0,0.0,1,149.0,115.0,False,56,Sunderland,56,2026-03-14 15:00:00+00:00,1.4092261275338327,0.9403965829214174,2026,2025/26,-0.69,-0.9,1.199239757892884,0.9570430351884923
2538,Brighton,36,2026-03-21 12:45:00+00:00,2.17,1.03,2.0,1.0,0,192.0,149.0,True,14,Liverpool,14,2026-03-21 12:45:00+00:00,1.1884919859433585,1.6291722231612749,2026,2025/26,-0.16999999999999993,-0.030000000000000027,1.8258431909219608,0.6322229076563616
2539,Brighton,36,2026-04-11 14:00:00+00:00,1.93,0.88,2.0,0.0,1,199.0,123.0,False,90,Burnley,90,2026-04-11 14:00:00+00:00,1.8559547197496795,0.9114596602156206,2026,2025/26,0.07000000000000006,-0.88,1.0398960596734317,0.9654843087535236
2540,Brighton,36,2026-04-18 16:30:00+00:00,0.81,1.09,2.0,2.0,0,123.0,163.0,False,6,Spurs,6,2026-04-18 16:30:00+00:00,1.5570802817216784,1.194762853483994,2026,2025/26,1.19,0.9099999999999999,0.5202043911983623,0.912314939170983
2541,Brighton,36,2026-04-21 19:00:00+00:00,2.14,0.37,3.0,0.0,1,179.0,43.0,True,8,Chelsea,8,2026-04-21 19:00:00+00:00,1.358045170356958,1.5453495121568968,2026,2025/26,0.8599999999999999,-0.37,1.5757944188539086,0.2394280368869942
2542,Brighton,36,2026-05-02 14:00:00+00:00,1.52,3.16,1.0,3.0,0,137.0,203.0,False,4,Newcastle,4,2026-05-02 14:00:00+00:00,1.421955014350888,1.5085407357423597,2026,2025/26,-0.52,-0.16000000000000014,1.0689508350542785,2.0947395884838005
2543,Brighton,36,2026-05-09 14:00:00+00:00,1.62,0.49,3.0,0.0,1,245.0,55.0,True,39,Wolves,39,2026-05-09 14:00:00+00:00,1.5279426368969873,0.9137775349491816,2026,2025/26,1.38,-0.49,1.0602492272157331,0.5362355510603034
2544,Brighton,36,2026-05-17 14:00:00+00:00,3.07,0.39,0.0,1.0,0,202.0,63.0,False,2,Leeds,2,2026-05-17 14:00:00+00:00,1.3844649428638904,1.3423486592874363,2026,2025/26,-3.07,0.61,2.217463154862866,0.2905355455169338
2545,Brighton,36,2026-05-24 15:00:00+00:00,0.78,1.66,0.0,3.0,0,117.0,183.0,True,1,Man Utd,1,2026-05-24 15:00:00+00:00,1.2891343747209243,1.53950066341128,2026,2025/26,-0.78,1.34,0.6050571727007565,1.078271701631952
2546,Chelsea,8,2025-08-17 13:00:00+00:00,1.6,0.66,0.0,0.0,1,137.0,68.0,True,31,Crystal Palace,31,2025-08-17 13:00:00+00:00,1.2662685353484484,1.4313967757486297,2026,2025/26,-1.6,-0.66,1.263555048029142,0.461088086253943
2547,Chelsea,8,2025-08-22 19:00:00+00:00,2.75,0.73,5.0,1.0,0,214.0,103.0,False,21,West Ham,21,2025-08-22 19:00:00+00:00,1.5063910261553892,1.1041172902000669,2026,2025/26,2.25,0.27,1.8255552192305269,0.6611616415025287
2548,Chelsea,8,2025-08-30 11:30:00+00:00,2.36,1.02,2.0,0.0,1,185.0,70.0,True,54,Fulham,54,2025-08-30 11:30:00+00:00,1.3823973717832156,1.246114322471163,2026,2025/26,-0.3599999999999999,-1.02,1.707179171612379,0.8185444799135629
2549,Chelsea,8,2025-09-13 19:00:00+00:00,1.26,1.43,2.0,2.0,0,175.0,123.0,False,94,Brentford,94,2025-09-13 19:00:00+00:00,1.4055902316032107,1.4496551415514736,2026,2025/26,0.74,0.5700000000000001,0.896420572418783,0.9864415053014347
2550,Chelsea,8,2025-09-20 16:30:00+00:00,0.43,1.84,1.0,2.0,0,59.0,140.0,False,1,Man Utd,1,2025-09-20 16:30:00+00:00,1.3939046146933816,1.349001388316197,2026,2025/26,0.5700000000000001,0.15999999999999992,0.30848595769559706,1.3639719098411456
2551,Chelsea,8,2025-09-27 14:00:00+00:00,1.82,2.28,1.0,3.0,0,104.0,147.0,True,36,Brighton,36,2025-09-27 14:00:00+00:00,1.396517254290964,1.5549754186466864,2026,2025/26,-0.8200000000000001,0.7200000000000002,1.303242043310124,1.4662611206962428
2552,Chelsea,8,2025-10-04 16:30:00+00:00,1.0,1.95,2.0,1.0,0,137.0,110.0,True,14,Liverpool,14,2025-10-04 16:30:00+00:00,1.1520243727330552,1.820247827343704,2026,2025/26,1.0,-0.95,0.8680371905913816,1.0712826960742174
2553,Chelsea,8,2025-10-18 11:30:00+00:00,1.67,2.35,3.0,0.0,1,153.0,116.0,False,17,Nott'm Forest,17,2025-10-18 11:30:00+00:00,1.5070630010862731,1.1150323102254776,2026,2025/26,1.33,-2.35,1.10811558561008,2.107562245909082
2554,Chelsea,8,2025-10-25 14:00:00+00:00,0.9,1.31,1.0,2.0,0,178.0,116.0,True,56,Sunderland,56,2025-10-25 14:00:00+00:00,1.2091387907852322,0.9479893210914908,2026,2025/26,0.09999999999999998,0.69,0.7443314256881355,1.381872106419616
2555,Chelsea,8,2025-11-01 17:30:00+00:00,3.69,0.1,1.0,0.0,1,216.0,51.0,False,6,Spurs,6,2025-11-01 17:30:00+00:00,1.4765839637559472,1.2924586074362725,2026,2025/26,-2.69,-0.1,2.4990112926689556,0.07737191692224521
2556,Chelsea,8,2025-11-08 20:00:00+00:00,3.33,0.17,3.0,0.0,1,228.0,20.0,True,39,Wolves,39,2025-11-08 20:00:00+00:00,1.4841652813984627,1.0334316058363675,2026,2025/26,-0.33000000000000007,-0.17,2.243685418151198,0.16450048463770098
2557,Chelsea,8,2025-11-22 12:30:00+00:00,1.71,0.44,2.0,0.0,1,166.0,70.0,False,90,Burnley,90,2025-11-22 12:30:00+00:00,1.92920262046724,1.0076627917372076,2026,2025/26,0.29000000000000004,-0.44,0.8863765691889064,0.4366540112505706
2558,Chelsea,8,2025-11-30 16:30:00+00:00,0.81,1.26,1.0,1.0,0,123.0,83.0,True,3,Arsenal,3,2025-11-30 16:30:00+00:00,0.8133468600643641,1.66848065228691,2026,2025/26,0.18999999999999995,-0.26,0.9958850765538099,0.7551780707034126
2559,Chelsea,8,2025-12-03 20:15:00+00:00,0.96,2.79,1.0,3.0,0,141.0,176.0,False,2,Leeds,2,2025-12-03 20:15:00+00:00,1.6567926341273391,1.2199130525107078,2026,2025/26,0.040000000000000036,0.20999999999999996,0.5794328030107693,2.2870482402478522
2560,Chelsea,8,2025-12-06 15:00:00+00:00,0.92,1.42,0.0,0.0,1,96.0,132.0,False,91,Bournemouth,91,2025-12-06 15:00:00+00:00,1.3750045691681092,1.364281920212904,2026,2025/26,-0.92,-1.42,0.6690886856882292,1.0408405909083664
2561,Chelsea,8,2025-12-13 15:00:00+00:00,2.19,1.03,2.0,0.0,1,139.0,118.0,True,11,Everton,11,2025-12-13 15:00:00+00:00,1.269261195785676,1.1195520854268195,2026,2025/26,-0.18999999999999995,-1.03,1.7254131830953707,0.9200107912865184
2562,Chelsea,8,2025-12-20 12:30:00+00:00,1.2200000000000002,2.31,2.0,2.0,0,124.0,160.0,False,4,Newcastle,4,2025-12-20 12:30:00+00:00,1.2150653697904112,1.4825760308457174,2026,2025/26,0.7799999999999998,-0.31000000000000005,1.0040612055386289,1.558098844132998
2563,Chelsea,8,2025-12-27 17:30:00+00:00,2.14,1.19,1.0,2.0,0,161.0,155.0,True,7,Aston Villa,7,2025-12-27 17:30:00+00:00,1.2900930284502472,1.3408588601173317,2026,2025/26,-1.1400000000000001,0.81,1.6587951045442997,0.8874908727499248
2564,Chelsea,8,2025-12-30 19:30:00+00:00,2.3,3.14,2.0,2.0,0,179.0,205.0,True,91,Bournemouth,91,2025-12-30 19:30:00+00:00,1.4454924639320303,1.4525233609850656,2026,2025/26,-0.2999999999999998,-1.1400000000000001,1.591153227975701,2.1617552490656875
2565,Chelsea,8,2026-01-04 17:30:00+00:00,1.74,0.99,1.0,1.0,0,133.0,152.0,False,43,Man City,43,2026-01-04 17:30:00+00:00,1.0264944226482149,1.82878610267106,2026,2025/26,-0.74,0.010000000000000009,1.6950895802346773,0.5413426964225293
2566,Chelsea,8,2026-01-07 19:30:00+00:00,2.52,1.2,1.0,2.0,0,158.0,158.0,False,54,Fulham,54,2026-01-07 19:30:00+00:00,1.3958391749343058,1.2216054712726605,2026,2025/26,-1.52,0.8,1.8053655788236507,0.9823138715561317
2567,Chelsea,8,2026-01-17 15:00:00+00:00,1.59,1.52,2.0,0.0,1,60.0,157.0,True,94,Brentford,94,2026-01-17 15:00:00+00:00,1.3668773738207836,1.5071250555241151,2026,2025/26,0.4099999999999999,-1.52,1.1632352912211354,1.0085427180901108
2568,Chelsea,8,2026-01-25 14:00:00+00:00,2.2,1.77,3.0,1.0,0,119.0,199.0,False,31,Crystal Palace,31,2026-01-25 14:00:00+00:00,1.3542925716574952,1.2892779963050391,2026,2025/26,0.7999999999999998,-0.77,1.6244643484291275,1.3728614038808302
2569,Chelsea,8,2026-01-31 17:30:00+00:00,3.25,1.12,3.0,2.0,0,198.0,140.0,True,21,West Ham,21,2026-01-31 17:30:00+00:00,1.664167862734735,1.1179563939819697,2026,2025/26,-0.25,0.8799999999999999,1.9529279904848418,1.0018279836575301
2570,Chelsea,8,2026-02-07 15:00:00+00:00,3.43,1.06,3.0,1.0,0,166.0,127.0,False,39,Wolves,39,2026-02-07 15:00:00+00:00,1.4258625767019302,0.9374388767265704,2026,2025/26,-0.43000000000000016,-0.06000000000000005,2.405561416678534,1.1307403888575638
2571,Chelsea,8,2026-02-10 19:30:00+00:00,3.13,1.44,2.0,2.0,0,155.0,68.0,True,2,Leeds,2,2026-02-10 19:30:00+00:00,1.557304895208954,1.3494121450610894,2026,2025/26,-1.13,0.56,2.009882592438667,1.0671313469872539
2572,Chelsea,8,2026-02-21 15:00:00+00:00,2.0,0.85,1.0,1.0,0,111.0,98.0,True,90,Burnley,90,2026-02-21 15:00:00+00:00,1.855620437320084,0.9043916882972038,2026,2025/26,-1.0,0.15000000000000002,1.0778066245532578,0.939858261634831
2573,Chelsea,8,2026-03-01 16:30:00+00:00,1.0499999999999998,1.13,0.0,2.0,0,12.0,47.0,False,3,Arsenal,3,2026-03-01 16:30:00+00:00,0.8232975810523568,1.6826872954187273,2026,2025/26,-1.0499999999999998,0.8700000000000001,1.2753590246893074,0.6715448574886909
2574,Chelsea,8,2026-03-04 19:30:00+00:00,3.59,0.78,4.0,1.0,0,233.0,102.0,False,7,Aston Villa,7,2026-03-04 19:30:00+00:00,1.3108168619679406,1.3181661472296853,2026,2025/26,0.41000000000000014,0.21999999999999997,2.738750243577354,0.5917311726137723
2575,Chelsea,8,2026-03-14 17:30:00+00:00,1.39,1.41,0.0,1.0,0,137.0,79.0,True,4,Newcastle,4,2026-03-14 17:30:00+00:00,1.3510605767234818,1.5368688307093936,2026,2025/26,-1.39,-0.4099999999999999,1.02882137481278,0.9174497991147149
2576,Chelsea,8,2026-03-21 17:30:00+00:00,0.93,1.18,0.0,3.0,0,144.0,167.0,False,11,Everton,11,2026-03-21 17:30:00+00:00,1.3089364444059743,1.1433756282555791,2026,2025/26,-0.93,1.82,0.7105005013609011,1.032031793261413
2577,Chelsea,8,2026-04-12 15:30:00+00:00,1.13,2.29,0.0,3.0,0,102.0,248.0,True,43,Man City,43,2026-04-12 15:30:00+00:00,1.0545191688650175,1.7840606413314508,2026,2025/26,-1.13,0.71,1.0715784343837227,1.283588655535254
2578,Chelsea,8,2026-04-18 19:00:00+00:00,1.56,0.29,0.0,1.0,0,157.0,40.0,True,1,Man Utd,1,2026-04-18 19:00:00+00:00,1.2971533488396454,1.512053630500165,2026,2025/26,-1.56,0.71,1.2026334445310427,0.19179213894951083
2579,Chelsea,8,2026-04-21 19:00:00+00:00,0.37,2.14,0.0,3.0,0,43.0,179.0,False,36,Brighton,36,2026-04-21 19:00:00+00:00,1.2401626100937757,1.4054616494898229,2026,2025/26,-0.37,0.8599999999999999,0.29834797226471954,1.5226313722447082
2580,Chelsea,8,2026-05-04 14:00:00+00:00,2.16,2.05,1.0,3.0,0,192.0,115.0,True,17,Nott'm Forest,17,2026-05-04 14:00:00+00:00,1.3187292066866798,1.1880087812317874,2026,2025/26,-1.1600000000000001,0.9500000000000002,1.637940518074231,1.7255764708022245
2581,Chelsea,8,2026-05-09 11:30:00+00:00,0.49,0.56,1.0,1.0,0,87.0,94.0,False,14,Liverpool,14,2026-05-09 11:30:00+00:00,1.2488520576988449,1.5917141351278707,2026,2025/26,0.51,0.43999999999999995,0.39236032561205203,0.351821968305265
2582,Chelsea,8,2026-05-19 19:15:00+00:00,0.62,1.72,2.0,1.0,0,75.0,122.0,True,6,Spurs,6,2026-05-19 19:15:00+00:00,1.4506393217561784,1.2075129311248058,2026,2025/26,1.38,-0.72,0.4273977622841585,1.4244153877489405
2583,Chelsea,8,2026-05-24 15:00:00+00:00,0.88,1.84,1.0,2.0,0,72.0,191.0,False,56,Sunderland,56,2026-05-24 15:00:00+00:00,1.4169436648489464,1.048830748238026,2026,2025/26,0.12,0.15999999999999992,0.6210550368590784,1.7543345321359924
2584,Crystal Palace,31,2025-08-17 13:00:00+00:00,0.6599999999999999,1.6,0.0,0.0,1,68.0,137.0,False,8,Chelsea,8,2025-08-17 13:00:00+00:00,1.1796668453983274,1.4789610298281302,2026,2025/26,-0.6599999999999999,-1.6,0.5594799943514083,1.081840540575931
2585,Crystal Palace,31,2025-08-24 13:00:00+00:00,1.09,0.93,1.0,1.0,0,102.0,74.0,True,17,Nott'm Forest,17,2025-08-24 13:00:00+00:00,1.4567413080909828,1.195590691510334,2026,2025/26,-0.09000000000000008,0.06999999999999995,0.7482454118284141,0.7778581805661052
2586,Crystal Palace,31,2025-08-31 18:00:00+00:00,2.67,1.13,3.0,0.0,1,109.0,125.0,False,7,Aston Villa,7,2025-08-31 18:00:00+00:00,1.3111506964668973,1.343083700823733,2026,2025/26,0.33000000000000007,-1.13,2.0363791951563894,0.8413474151364909
2587,Crystal Palace,31,2025-09-13 14:00:00+00:00,1.7999999999999998,0.36,0.0,0.0,1,167.0,47.0,True,56,Sunderland,56,2025-09-13 14:00:00+00:00,1.132135816743377,1.0053463894651096,2026,2025/26,-1.7999999999999998,-0.36,1.589915249901513,0.3580855352666423
2588,Crystal Palace,31,2025-09-20 14:00:00+00:00,2.3,0.66,2.0,1.0,0,159.0,121.0,False,21,West Ham,21,2025-09-20 14:00:00+00:00,1.5282988039390029,1.1170142940038068,2026,2025/26,-0.2999999999999998,0.33999999999999997,1.5049413073359945,0.5908608363768626
2589,Crystal Palace,31,2025-09-27 14:00:00+00:00,2.94,2.14,2.0,1.0,0,206.0,142.0,True,14,Liverpool,14,2025-09-27 14:00:00+00:00,1.1402438839413884,1.824191738635193,2026,2025/26,-0.94,-1.1400000000000001,2.578395763753225,1.1731222955768266
2590,Crystal Palace,31,2025-10-05 13:00:00+00:00,1.71,2.03,1.0,2.0,0,178.0,206.0,False,11,Everton,11,2025-10-05 13:00:00+00:00,1.223360157724373,1.1272525072156074,2026,2025/26,-0.71,-0.029999999999999805,1.3977895137445442,1.8008387535231496
2591,Crystal Palace,31,2025-10-18 14:00:00+00:00,4.48,2.03,3.0,3.0,0,239.0,141.0,True,91,Bournemouth,91,2025-10-18 14:00:00+00:00,1.2849262591102917,1.383812772998466,2026,2025/26,-1.4800000000000004,0.9700000000000002,3.486581403591239,1.4669614557765396
2592,Crystal Palace,31,2025-10-26 14:00:00+00:00,0.47,1.08,0.0,1.0,0,58.0,116.0,False,3,Arsenal,3,2025-10-26 14:00:00+00:00,0.8335314691937085,1.6360860445381786,2026,2025/26,-0.47,-0.08000000000000007,0.5638659335257495,0.6601119810326687
2593,Crystal Palace,31,2025-11-01 15:00:00+00:00,0.7000000000000001,0.54,1.0,0.0,1,100.0,77.0,True,94,Brentford,94,2025-11-01 15:00:00+00:00,1.3825720747304682,1.4640371555646574,2026,2025/26,0.29999999999999993,-0.54,0.5063027185302182,0.36884309796886955
2594,Crystal Palace,31,2025-11-09 14:00:00+00:00,0.75,0.38,0.0,0.0,1,96.0,125.0,True,36,Brighton,36,2025-11-09 14:00:00+00:00,1.332948284814979,1.5532884327600578,2026,2025/26,-0.75,-0.38,0.5626624892683698,0.24464226474974338
2595,Crystal Palace,31,2025-11-22 15:00:00+00:00,1.27,1.79,2.0,0.0,1,103.0,73.0,False,39,Wolves,39,2025-11-22 15:00:00+00:00,1.4990231750651293,1.0212765036183815,2026,2025/26,0.73,-1.79,0.8472183893653421,1.7527084914399107
2596,Crystal Palace,31,2025-11-30 12:00:00+00:00,1.84,1.19,1.0,2.0,0,119.0,157.0,True,1,Man Utd,1,2025-11-30 12:00:00+00:00,1.3869908897119825,1.4163360514807968,2026,2025/26,-0.8400000000000001,0.81,1.326612895332058,0.840196081117783
2597,Crystal Palace,31,2025-12-03 19:30:00+00:00,0.5900000000000001,0.95,1.0,0.0,1,105.0,122.0,False,90,Burnley,90,2025-12-03 19:30:00+00:00,1.9335306471557687,0.9709286490067696,2026,2025/26,0.4099999999999999,-0.95,0.30514127141863123,0.9784447095796597
2598,Crystal Palace,31,2025-12-07 16:30:00+00:00,1.65,0.76,2.0,1.0,0,158.0,124.0,False,54,Fulham,54,2025-12-07 16:30:00+00:00,1.401439402867053,1.1727471653361223,2026,2025/26,0.3500000000000001,0.24,1.1773609309289035,0.6480510228154553
2599,Crystal Palace,31,2025-12-14 14:00:00+00:00,1.89,1.19,0.0,3.0,0,145.0,104.0,True,43,Man City,43,2025-12-14 14:00:00+00:00,1.037029505935456,1.8256465520042984,2026,2025/26,-1.89,1.81,1.8225132353347258,0.6518238695729742
2600,Crystal Palace,31,2025-12-20 20:00:00+00:00,1.57,2.67,1.0,4.0,0,92.0,251.0,False,2,Leeds,2,2025-12-20 20:00:00+00:00,1.6465824542884635,1.3081498411217325,2026,2025/26,-0.5700000000000001,1.33,0.9534900580963879,2.0410505861549373
2601,Crystal Palace,31,2025-12-28 16:30:00+00:00,1.32,0.84,0.0,1.0,0,134.0,112.0,True,6,Spurs,6,2025-12-28 16:30:00+00:00,1.4486027628158693,1.20147033169295,2026,2025/26,-1.32,0.16000000000000003,0.911222892764691,0.6991433561379624
2602,Crystal Palace,31,2026-01-01 17:30:00+00:00,1.62,1.91,1.0,1.0,0,161.0,148.0,True,54,Fulham,54,2026-01-01 17:30:00+00:00,1.3887526485100603,1.2138834491045922,2026,2025/26,-0.6200000000000001,-0.9099999999999999,1.166514426984558,1.5734624287108374
2603,Crystal Palace,31,2026-01-04 15:00:00+00:00,0.7000000000000001,2.08,0.0,2.0,0,93.0,211.0,False,4,Newcastle,4,2026-01-04 15:00:00+00:00,1.1727713457567903,1.54413057094506,2026,2025/26,-0.7000000000000001,-0.08000000000000007,0.5968767931896303,1.3470363446835782
2604,Crystal Palace,31,2026-01-07 19:30:00+00:00,1.51,1.74,0.0,0.0,1,150.0,143.0,True,7,Aston Villa,7,2026-01-07 19:30:00+00:00,1.324050184735805,1.4138270366667665,2026,2025/26,-1.51,-1.74,1.140440156580091,1.2307021685638562
2605,Crystal Palace,31,2026-01-17 15:00:00+00:00,0.62,1.71,1.0,2.0,0,90.0,170.0,False,56,Sunderland,56,2026-01-17 15:00:00+00:00,1.3781883765793488,0.9267986462200926,2026,2025/26,0.38,0.29000000000000004,0.4498659330873436,1.8450609600846524
2606,Crystal Palace,31,2026-01-25 14:00:00+00:00,1.79,2.2,1.0,3.0,0,199.0,119.0,True,8,Chelsea,8,2026-01-25 14:00:00+00:00,1.2962609273715375,1.559648090313596,2026,2025/26,-0.79,0.7999999999999998,1.380894820018706,1.4105746120957643
2607,Crystal Palace,31,2026-02-01 14:00:00+00:00,1.9,0.49,1.0,1.0,0,104.0,69.0,True,17,Nott'm Forest,17,2026-02-01 14:00:00+00:00,1.4002862195041237,1.0796675270136753,2026,2025/26,-0.8999999999999999,0.51,1.3568654561728368,0.45384341729284366
2608,Crystal Palace,31,2026-02-08 14:00:00+00:00,1.17,0.85,1.0,0.0,1,129.0,66.0,False,36,Brighton,36,2026-02-08 14:00:00+00:00,1.3816832480162209,1.4425239637070546,2026,2025/26,-0.16999999999999993,-0.85,0.8467932152176344,0.5892449771271991
2609,Crystal Palace,31,2026-02-11 19:40:00+00:00,1.78,0.53,2.0,3.0,0,176.0,90.0,True,90,Burnley,90,2026-02-11 19:40:00+00:00,1.8806100337018363,0.9172044595056756,2026,2025/26,0.21999999999999997,2.4699999999999998,0.9465013841791574,0.5778428075738334
2610,Crystal Palace,31,2026-02-22 14:00:00+00:00,1.99,1.63,1.0,0.0,1,111.0,137.0,True,39,Wolves,39,2026-02-22 14:00:00+00:00,1.510298837407127,0.8978187082824367,2026,2025/26,-0.99,-1.63,1.3176200303619525,1.8155112885966205
2611,Crystal Palace,31,2026-03-01 14:00:00+00:00,0.38,2.05,1.0,2.0,0,73.0,217.0,False,1,Man Utd,1,2026-03-01 14:00:00+00:00,1.219669497184131,1.544233825035758,2026,2025/26,0.62,-0.04999999999999982,0.31155981261916577,1.3275191663105363
2612,Crystal Palace,31,2026-03-05 20:00:00+00:00,1.78,1.58,3.0,1.0,0,119.0,147.0,False,6,Spurs,6,2026-03-05 20:00:00+00:00,1.5696470710738166,1.2179695093952465,2026,2025/26,1.22,-0.5800000000000001,1.13401288277006,1.2972410128596004
2613,Crystal Palace,31,2026-03-15 14:00:00+00:00,0.68,1.12,0.0,0.0,1,86.0,92.0,True,2,Leeds,2,2026-03-15 14:00:00+00:00,1.5063976178409677,1.3186842163283312,2026,2025/26,-0.68,-1.12,0.45140804256887007,0.8493314670273858
2614,Crystal Palace,31,2026-04-12 13:00:00+00:00,2.58,1.13,2.0,1.0,0,145.0,91.0,True,4,Newcastle,4,2026-04-12 13:00:00+00:00,1.381228541008591,1.51906558785242,2026,2025/26,-0.5800000000000001,-0.1299999999999999,1.8679023227510567,0.7438783480030893
2615,Crystal Palace,31,2026-04-20 19:00:00+00:00,0.73,0.61,0.0,0.0,1,64.0,113.0,True,21,West Ham,21,2026-04-20 19:00:00+00:00,1.5197299366004895,1.1715245250270143,2026,2025/26,-0.73,-0.61,0.4803485029932027,0.5206890568389372
2616,Crystal Palace,31,2026-04-25 14:00:00+00:00,2.27,1.15,1.0,3.0,0,153.0,122.0,False,14,Liverpool,14,2026-04-25 14:00:00+00:00,1.207379026011584,1.6280823192177163,2026,2025/26,-1.27,1.85,1.8801055435745335,0.7063524899358701
2617,Crystal Palace,31,2026-05-03 13:00:00+00:00,0.89,2.08,0.0,3.0,0,72.0,150.0,False,91,Bournemouth,91,2026-05-03 13:00:00+00:00,1.4583363810938827,1.5366148375998354,2026,2025/26,-0.89,0.9199999999999999,0.6102844388565691,1.3536248310923005
2618,Crystal Palace,31,2026-05-10 13:00:00+00:00,2.5700000000000003,1.59,2.0,2.0,0,213.0,212.0,True,11,Everton,11,2026-05-10 13:00:00+00:00,1.4096082387500126,1.2152955720442242,2026,2025/26,-0.5700000000000003,0.4099999999999999,1.8232016026516553,1.308323700485054
2619,Crystal Palace,31,2026-05-13 19:00:00+00:00,0.68,1.56,0.0,3.0,0,61.0,159.0,False,43,Man City,43,2026-05-13 19:00:00+00:00,1.0437544480708587,1.8701682083602915,2026,2025/26,-0.68,1.44,0.6514942295640747,0.8341495663471695
2620,Crystal Palace,31,2026-05-17 14:00:00+00:00,1.75,1.71,2.0,2.0,0,137.0,147.0,False,94,Brentford,94,2026-05-17 14:00:00+00:00,1.3895327464628295,1.4556336998061972,2026,2025/26,0.25,0.29000000000000004,1.2594161630625615,1.174746091841422
2621,Crystal Palace,31,2026-05-24 15:00:00+00:00,0.98,2.53,1.0,2.0,0,99.0,207.0,True,3,Arsenal,3,2026-05-24 15:00:00+00:00,0.8364789290301,1.6264576768391357,2026,2025/26,0.020000000000000018,-0.5299999999999998,1.171577628543869,1.555527718936291
2622,Everton,11,2025-08-18 19:00:00+00:00,0.5700000000000001,2.07,0.0,1.0,0,62.0,157.0,False,2,Leeds,2,2025-08-18 19:00:00+00:00,1.7142104943669674,1.1823987481573202,2026,2025/26,-0.5700000000000001,-1.0699999999999998,0.3325145901702653,1.750678443482742
2623,Everton,11,2025-08-24 13:00:00+00:00,1.59,2.43,2.0,0.0,1,101.0,136.0,True,36,Brighton,36,2025-08-24 13:00:00+00:00,1.3631036464782094,1.5297349735230514,2026,2025/26,0.4099999999999999,-2.43,1.1664556867029245,1.5885104557710386
2624,Everton,11,2025-08-30 14:00:00+00:00,1.93,1.11,3.0,2.0,0,136.0,108.0,False,39,Wolves,39,2025-08-30 14:00:00+00:00,1.4528421457672551,1.0870478261474266,2026,2025/26,1.07,0.8899999999999999,1.3284306251872633,1.0211142263481798
2625,Everton,11,2025-09-13 14:00:00+00:00,2.1,0.54,0.0,0.0,1,173.0,41.0,True,7,Aston Villa,7,2025-09-13 14:00:00+00:00,1.329908143216897,1.3113113298412284,2026,2025/26,-2.1,-0.54,1.5790564263486184,0.41180152089846
2626,Everton,11,2025-09-20 11:30:00+00:00,0.7000000000000001,0.9,1.0,2.0,0,86.0,118.0,False,14,Liverpool,14,2025-09-20 11:30:00+00:00,1.130832595925478,1.8547351871890163,2026,2025/26,0.29999999999999993,1.1,0.6190129312881341,0.48524447382918007
2627,Everton,11,2025-09-29 19:00:00+00:00,0.74,1.17,1.0,1.0,0,155.0,146.0,True,21,West Ham,21,2025-09-29 19:00:00+00:00,1.52343452221969,1.1013616426963413,2026,2025/26,0.26,-0.16999999999999993,0.48574453920198535,1.0623213617060596
2628,Everton,11,2025-10-05 13:00:00+00:00,2.14,1.65,2.0,1.0,0,206.0,178.0,True,31,Crystal Palace,31,2025-10-05 13:00:00+00:00,1.2271489686754264,1.460139896961809,2026,2025/26,-0.14000000000000012,-0.6499999999999999,1.743879557108618,1.1300287071350101
2629,Everton,11,2025-10-18 14:00:00+00:00,0.7999999999999999,2.39,0.0,2.0,0,57.0,225.0,False,43,Man City,43,2025-10-18 14:00:00+00:00,1.0225687437706807,1.700567852618731,2026,2025/26,-0.7999999999999999,-0.3900000000000001,0.7823434902283757,1.4054129015314514
2630,Everton,11,2025-10-26 16:30:00+00:00,1.52,2.08,0.0,3.0,0,112.0,115.0,True,6,Spurs,6,2025-10-26 16:30:00+00:00,1.4545648217812852,1.288981595873772,2026,2025/26,-1.52,0.9199999999999999,1.044986086036772,1.6136770351558156
2631,Everton,11,2025-11-03 20:00:00+00:00,0.8600000000000001,1.09,1.0,1.0,0,76.0,135.0,False,56,Sunderland,56,2025-11-03 20:00:00+00:00,1.1929519589699944,0.9740021834657576,2026,2025/26,0.1399999999999999,-0.09000000000000008,0.720900781907875,1.1190940005098258
2632,Everton,11,2025-11-08 15:00:00+00:00,1.44,0.4,2.0,0.0,1,178.0,106.0,True,54,Fulham,54,2025-11-08 15:00:00+00:00,1.3792063986641376,1.1641173291136404,2026,2025/26,0.56,-0.4,1.0440786827807247,0.34360797661569065
2633,Everton,11,2025-11-24 20:00:00+00:00,0.23,1.66,1.0,0.0,1,41.0,208.0,False,1,Man Utd,1,2025-11-24 20:00:00+00:00,1.3845126514642097,1.4207652577551628,2026,2025/26,0.77,-1.66,0.16612343683299713,1.1683844258852674
2634,Everton,11,2025-11-29 17:30:00+00:00,0.97,1.91,1.0,4.0,0,124.0,199.0,True,4,Newcastle,4,2025-11-29 17:30:00+00:00,1.244640445260199,1.5081647252913393,2026,2025/26,0.030000000000000027,2.09,0.7793415389110356,1.2664399106874988
2635,Everton,11,2025-12-02 19:30:00+00:00,1.4200000000000002,0.5,1.0,0.0,1,128.0,94.0,False,91,Bournemouth,91,2025-12-02 19:30:00+00:00,1.3733920522398892,1.3956054026175702,2026,2025/26,-0.42000000000000015,-0.5,1.0339363750387933,0.35826745802374355
2636,Everton,11,2025-12-06 15:00:00+00:00,1.12,0.53,2.0,0.0,1,134.0,71.0,True,17,Nott'm Forest,17,2025-12-06 15:00:00+00:00,1.437721764510265,1.155079644843902,2026,2025/26,0.8799999999999999,-0.53,0.7790102561196942,0.45884281864531035
2637,Everton,11,2025-12-13 15:00:00+00:00,1.04,2.2,0.0,2.0,0,118.0,139.0,False,8,Chelsea,8,2025-12-13 15:00:00+00:00,1.1652075907146495,1.490907189538516,2026,2025/26,-1.04,-0.20000000000000018,0.8925448205861269,1.4756116379591484
2638,Everton,11,2025-12-20 20:00:00+00:00,0.21,2.0,0.0,1.0,0,50.0,131.0,True,3,Arsenal,3,2025-12-20 20:00:00+00:00,0.8234484946913063,1.637853367975254,2026,2025/26,-0.21,-1.0,0.25502505785589497,1.2211105335225696
2639,Everton,11,2025-12-27 15:00:00+00:00,0.8400000000000001,1.41,0.0,0.0,1,154.0,91.0,False,90,Burnley,90,2025-12-27 15:00:00+00:00,1.834253081667372,0.9944267149945536,2026,2025/26,-0.8400000000000001,-1.41,0.4579520723696555,1.4179023740404262
2640,Everton,11,2025-12-30 19:30:00+00:00,1.26,1.55,2.0,0.0,1,100.0,195.0,False,17,Nott'm Forest,17,2025-12-30 19:30:00+00:00,1.3925851636154445,1.1090547519352818,2026,2025/26,0.74,-1.55,0.9047920607805231,1.3975865459259573
2641,Everton,11,2026-01-04 15:00:00+00:00,0.85,2.4,2.0,4.0,0,167.0,176.0,True,94,Brentford,94,2026-01-04 15:00:00+00:00,1.3734151294951236,1.435950299899115,2026,2025/26,1.15,1.6,0.6188951772451098,1.6713670383777322
2642,Everton,11,2026-01-07 19:30:00+00:00,0.89,0.73,1.0,1.0,0,114.0,119.0,True,39,Wolves,39,2026-01-07 19:30:00+00:00,1.4509466672597506,0.9760459465625884,2026,2025/26,0.10999999999999999,0.27,0.6133926353618833,0.7479156105006058
2643,Everton,11,2026-01-18 16:30:00+00:00,0.52,1.44,1.0,0.0,1,94.0,144.0,False,7,Aston Villa,7,2026-01-18 16:30:00+00:00,1.3035560713366838,1.4064735224899811,2026,2025/26,0.48,-1.44,0.3989088090908012,1.023837261757096
2644,Everton,11,2026-01-26 20:00:00+00:00,0.6,1.23,1.0,1.0,0,102.0,124.0,True,2,Leeds,2,2026-01-26 20:00:00+00:00,1.4962940158745457,1.3466620687899145,2026,2025/26,0.4,-0.22999999999999998,0.4009907101374828,0.9133694551189484
2645,Everton,11,2026-01-31 15:00:00+00:00,1.25,1.44,1.0,1.0,0,138.0,115.0,False,36,Brighton,36,2026-01-31 15:00:00+00:00,1.3882578855954502,1.456052752713414,2026,2025/26,-0.25,-0.43999999999999995,0.9004090759865205,0.9889751571957135
2646,Everton,11,2026-02-07 15:00:00+00:00,1.88,1.97,1.0,1.0,0,118.0,120.0,False,54,Fulham,54,2026-02-07 15:00:00+00:00,1.4236553555313822,1.2326227842113815,2026,2025/26,-0.8799999999999999,-0.97,1.3205443246468076,1.598218064142295
2647,Everton,11,2026-02-10 19:30:00+00:00,2.96,1.34,1.0,2.0,0,234.0,126.0,True,91,Bournemouth,91,2026-02-10 19:30:00+00:00,1.467198474620352,1.5098719873343471,2026,2025/26,-1.96,0.6599999999999999,2.017450298103616,0.887492457135884
2648,Everton,11,2026-02-23 20:00:00+00:00,0.63,1.27,0.0,1.0,0,89.0,80.0,True,1,Man Utd,1,2026-02-23 20:00:00+00:00,1.248352573234629,1.5415387463765318,2026,2025/26,-0.63,-0.27,0.5046651190597505,0.823852143181741
2649,Everton,11,2026-02-28 15:00:00+00:00,2.1500000000000004,1.03,3.0,2.0,0,143.0,152.0,False,4,Newcastle,4,2026-02-28 15:00:00+00:00,1.3441173257239782,1.5299043946554751,2026,2025/26,0.8499999999999996,0.97,1.5995627456419785,0.6732446835228221
2650,Everton,11,2026-03-03 19:30:00+00:00,1.3,0.79,2.0,0.0,1,136.0,66.0,True,90,Burnley,90,2026-03-03 19:30:00+00:00,1.841223625695084,0.9174795831691368,2026,2025/26,0.7,-0.79,0.706052204554585,0.8610545831125749
2651,Everton,11,2026-03-14 17:30:00+00:00,1.07,2.7,0.0,2.0,0,89.0,209.0,False,3,Arsenal,3,2026-03-14 17:30:00+00:00,0.8144624118179673,1.653995801016801,2026,2025/26,-1.07,-0.7000000000000002,1.3137500079489801,1.6324104319612927
2652,Everton,11,2026-03-21 17:30:00+00:00,1.17,0.93,3.0,0.0,1,167.0,144.0,True,8,Chelsea,8,2026-03-21 17:30:00+00:00,1.292709199175187,1.6686302337614398,2026,2025/26,1.83,-0.93,0.9050759449584782,0.5573433713373313
2653,Everton,11,2026-04-11 14:00:00+00:00,1.54,2.84,2.0,2.0,0,165.0,184.0,False,94,Brentford,94,2026-04-11 14:00:00+00:00,1.3755387491484965,1.4457615902157746,2026,2025/26,0.45999999999999996,-0.8399999999999999,1.1195613362061305,1.9643626025340322
2654,Everton,11,2026-04-19 13:00:00+00:00,0.79,1.45,1.0,2.0,0,128.0,135.0,True,14,Liverpool,14,2026-04-19 13:00:00+00:00,1.1826928252206117,1.63186247175785,2026,2025/26,0.20999999999999996,0.55,0.6679671873824369,0.8885552704928945
2655,Everton,11,2026-04-25 14:00:00+00:00,1.55,1.17,1.0,2.0,0,108.0,155.0,False,21,West Ham,21,2026-04-25 14:00:00+00:00,1.5034164451004897,1.174647545148956,2026,2025/26,-0.55,0.8300000000000001,1.0309851306012532,0.9960434556151337
2656,Everton,11,2026-05-04 19:00:00+00:00,2.77,1.45,3.0,3.0,0,151.0,186.0,True,43,Man City,43,2026-05-04 19:00:00+00:00,1.04788118375559,1.815791577018973,2026,2025/26,0.22999999999999998,1.55,2.643429467902423,0.7985497996309128
2657,Everton,11,2026-05-10 13:00:00+00:00,1.59,2.56,2.0,2.0,0,212.0,213.0,False,31,Crystal Palace,31,2026-05-10 13:00:00+00:00,1.351271926756317,1.262866473951957,2026,2025/26,0.4099999999999999,-0.56,1.1766691577887967,2.0271343430227047
2658,Everton,11,2026-05-17 14:00:00+00:00,1.04,0.76,1.0,3.0,0,121.0,76.0,True,56,Sunderland,56,2026-05-17 14:00:00+00:00,1.4273844152367574,1.0275302835114208,2026,2025/26,-0.040000000000000036,2.24,0.7286054050320406,0.739637568055728
2659,Everton,11,2026-05-24 15:00:00+00:00,0.42,1.15,0.0,1.0,0,68.0,149.0,False,6,Spurs,6,2026-05-24 15:00:00+00:00,1.427207267626207,1.215477181256282,2026,2025/26,-0.42,-0.1499999999999999,0.29428101266507856,0.9461304726522248
2660,Fulham,54,2025-08-16 14:00:00+00:00,0.7899999999999999,1.48,1.0,1.0,0,99.0,108.0,False,36,Brighton,36,2025-08-16 14:00:00+00:00,1.3773909916710672,1.5426633006716035,2026,2025/26,0.21000000000000008,-0.48,0.5735481099971204,0.959379794253015
2661,Fulham,54,2025-08-24 15:30:00+00:00,1.76,1.63,1.0,1.0,0,164.0,104.0,True,1,Man Utd,1,2025-08-24 15:30:00+00:00,1.3604395499838886,1.298809258570908,2026,2025/26,-0.76,-0.6299999999999999,1.2936995252900751,1.2549956733396745
2662,Fulham,54,2025-08-30 11:30:00+00:00,1.02,2.35,0.0,2.0,0,70.0,185.0,False,8,Chelsea,8,2025-08-30 11:30:00+00:00,1.138524614220241,1.530957824860658,2026,2025/26,-1.02,-0.3500000000000001,0.8958963093640125,1.5349867656961016
2663,Fulham,54,2025-09-13 14:00:00+00:00,0.85,0.79,0.0,0.0,1,56.0,95.0,True,2,Leeds,2,2025-09-13 14:00:00+00:00,1.7041154163743526,1.1481677747941548,2026,2025/26,-0.85,-0.79,0.49879250655947105,0.6880527544344575
2664,Fulham,54,2025-09-20 19:00:00+00:00,1.02,0.6,2.0,1.0,0,127.0,108.0,True,94,Brentford,94,2025-09-20 19:00:00+00:00,1.4002029513197602,1.4200987858271308,2026,2025/26,0.98,0.4,0.7284658263565291,0.4225058186008746
2665,Fulham,54,2025-09-28 13:00:00+00:00,0.93,1.11,1.0,3.0,0,132.0,105.0,False,7,Aston Villa,7,2025-09-28 13:00:00+00:00,1.3179493612727409,1.2891757149591532,2026,2025/26,0.06999999999999995,1.89,0.7056416789047958,0.8610152883892711
2666,Fulham,54,2025-10-03 19:00:00+00:00,0.87,1.12,1.0,3.0,0,93.0,147.0,False,91,Bournemouth,91,2025-10-03 19:00:00+00:00,1.249582470409992,1.3765767916922638,2026,2025/26,0.13,1.88,0.6962325581556456,0.8136124383029538
2667,Fulham,54,2025-10-18 16:30:00+00:00,0.44,1.87,0.0,1.0,0,50.0,232.0,True,3,Arsenal,3,2025-10-18 16:30:00+00:00,0.8521102997012244,1.6383480175000162,2026,2025/26,-0.44,-0.8700000000000001,0.516365076392431,1.1413936355558116
2668,Fulham,54,2025-10-25 14:00:00+00:00,1.54,2.14,1.0,2.0,0,158.0,186.0,False,4,Newcastle,4,2025-10-25 14:00:00+00:00,1.0965419630686264,1.5468185895417157,2026,2025/26,-0.54,-0.14000000000000012,1.4044150172697223,1.3834847954820801
2669,Fulham,54,2025-11-01 15:00:00+00:00,1.41,0.24,2.0,0.0,1,172.0,69.0,True,39,Wolves,39,2025-11-01 15:00:00+00:00,1.443949558566934,1.06949966826787,2026,2025/26,0.5900000000000001,-0.24,0.9764884040681949,0.22440399667322655
2670,Fulham,54,2025-11-08 15:00:00+00:00,0.39,1.44,0.0,2.0,0,106.0,178.0,False,11,Everton,11,2025-11-08 15:00:00+00:00,1.2750293806847126,1.1318746884963655,2026,2025/26,-0.39,0.56,0.3058753044502891,1.2722256400246588
2671,Fulham,54,2025-11-22 15:00:00+00:00,2.16,0.17,1.0,0.0,1,210.0,82.0,True,56,Sunderland,56,2025-11-22 15:00:00+00:00,1.2550251561107753,0.958803401276842,2026,2025/26,-1.1600000000000001,-0.17,1.7210810392786637,0.17730433556411082
2672,Fulham,54,2025-11-29 20:00:00+00:00,0.45,0.86,2.0,1.0,0,64.0,111.0,False,6,Spurs,6,2025-11-29 20:00:00+00:00,1.4984176679933872,1.224131802891614,2026,2025/26,1.55,0.14,0.3003168005904652,0.7025387282386825
2673,Fulham,54,2025-12-02 19:30:00+00:00,0.9,2.17,4.0,5.0,0,131.0,134.0,True,43,Man City,43,2025-12-02 19:30:00+00:00,1.0279715791550783,1.7857823013095666,2026,2025/26,3.1,2.83,0.87551058633327,1.2151537163341104
2674,Fulham,54,2025-12-07 16:30:00+00:00,0.76,1.65,1.0,2.0,0,124.0,158.0,True,31,Crystal Palace,31,2025-12-07 16:30:00+00:00,1.1850842677742957,1.393301769671763,2026,2025/26,0.24,0.3500000000000001,0.6413046064879036,1.1842373532538544
2675,Fulham,54,2025-12-13 17:30:00+00:00,2.23,2.46,3.0,2.0,0,126.0,183.0,False,90,Burnley,90,2025-12-13 17:30:00+00:00,1.9032666681141024,0.9983799958794948,2026,2025/26,0.77,-0.45999999999999996,1.1716697598711425,2.4639916766690946
2676,Fulham,54,2025-12-22 20:00:00+00:00,1.5100000000000002,0.6,1.0,0.0,1,86.0,76.0,True,17,Nott'm Forest,17,2025-12-22 20:00:00+00:00,1.3929499106005323,1.1594126587757856,2026,2025/26,-0.5100000000000002,-0.6,1.0840303649892227,0.5175034061069638
2677,Fulham,54,2025-12-27 15:00:00+00:00,1.63,0.91,1.0,0.0,1,187.0,99.0,False,21,West Ham,21,2025-12-27 15:00:00+00:00,1.6133494372141932,1.0719449112686217,2026,2025/26,-0.6299999999999999,-0.91,1.010320493751532,0.8489242221627195
2678,Fulham,54,2026-01-01 17:30:00+00:00,1.9,1.62,1.0,1.0,0,148.0,161.0,False,31,Crystal Palace,31,2026-01-01 17:30:00+00:00,1.2650849556807415,1.3540020372938084,2026,2025/26,-0.8999999999999999,-0.6200000000000001,1.501875420672923,1.1964531480601253
2679,Fulham,54,2026-01-04 15:15:00+00:00,0.75,1.35,2.0,2.0,0,65.0,127.0,True,14,Liverpool,14,2026-01-04 15:15:00+00:00,1.183978066179627,1.6262117519835697,2026,2025/26,1.25,0.6499999999999999,0.6334576808673869,0.8301501931426454
2680,Fulham,54,2026-01-07 19:30:00+00:00,1.1900000000000002,2.39,2.0,1.0,0,158.0,158.0,True,8,Chelsea,8,2026-01-07 19:30:00+00:00,1.2859916201376538,1.5234306229204724,2026,2025/26,0.8099999999999998,-1.3900000000000001,0.9253559520649298,1.56882759479935
2681,Fulham,54,2026-01-17 15:00:00+00:00,0.38,1.43,0.0,1.0,0,45.0,123.0,False,2,Leeds,2,2026-01-17 15:00:00+00:00,1.557584434832879,1.3490442459824603,2026,2025/26,-0.38,-0.42999999999999994,0.24396751245191542,1.0600097100288823
2682,Fulham,54,2026-01-24 15:00:00+00:00,1.06,1.59,2.0,1.0,0,112.0,147.0,True,36,Brighton,36,2026-01-24 15:00:00+00:00,1.4001909613489611,1.4736890854979996,2026,2025/26,0.94,-0.5900000000000001,0.7570395962124931,1.0789250023268617
2683,Fulham,54,2026-02-01 14:00:00+00:00,1.94,1.79,2.0,3.0,0,152.0,198.0,False,1,Man Utd,1,2026-02-01 14:00:00+00:00,1.295897776384265,1.5513355028751026,2026,2025/26,0.06000000000000005,1.21,1.4970316604854974,1.1538445401930006
2684,Fulham,54,2026-02-07 15:00:00+00:00,1.97,1.88,0.0,2.0,0,120.0,118.0,True,11,Everton,11,2026-02-07 15:00:00+00:00,1.3184299841278342,1.0520273746813096,2026,2025/26,-1.97,0.1200000000000001,1.4942014545453404,1.7870257421481146
2685,Fulham,54,2026-02-11 19:30:00+00:00,1.4300000000000002,1.37,0.0,3.0,0,113.0,129.0,False,43,Man City,43,2026-02-11 19:30:00+00:00,1.054578535386933,1.7599850671549364,2026,2025/26,-1.4300000000000002,1.63,1.3559919456120184,0.7784156954323722
2686,Fulham,54,2026-02-22 14:00:00+00:00,1.88,1.85,3.0,1.0,0,123.0,112.0,False,56,Sunderland,56,2026-02-22 14:00:00+00:00,1.4185191291186876,0.937029628507921,2026,2025/26,1.12,-0.8500000000000001,1.3253258002717425,1.9743239100623182
2687,Fulham,54,2026-03-01 14:00:00+00:00,2.14,0.88,2.0,1.0,0,156.0,104.0,True,6,Spurs,6,2026-03-01 14:00:00+00:00,1.5413036745249546,1.2174056319077995,2026,2025/26,-0.14000000000000012,0.12,1.388435021190467,0.7228486356030321
2688,Fulham,54,2026-03-04 19:30:00+00:00,0.88,1.09,0.0,1.0,0,165.0,85.0,True,21,West Ham,21,2026-03-04 19:30:00+00:00,1.5793647592166706,1.1968677204032394,2026,2025/26,-0.88,-0.09000000000000008,0.5571860425937706,0.910710499931242
2689,Fulham,54,2026-03-15 14:00:00+00:00,1.04,0.95,0.0,0.0,1,59.0,69.0,False,17,Nott'm Forest,17,2026-03-15 14:00:00+00:00,1.4019349223823423,1.1064079966310998,2026,2025/26,-1.04,-0.95,0.7418318663698759,0.858634430420472
2690,Fulham,54,2026-03-21 15:00:00+00:00,3.22,1.24,3.0,1.0,0,225.0,107.0,True,90,Burnley,90,2026-03-21 15:00:00+00:00,1.8281926057913465,0.9113537533845052,2026,2025/26,-0.2200000000000002,-0.24,1.7613023867396072,1.360613258457539
2691,Fulham,54,2026-04-11 16:30:00+00:00,1.05,1.59,0.0,2.0,0,172.0,196.0,False,14,Liverpool,14,2026-04-11 16:30:00+00:00,1.2054039471100249,1.6276943918494533,2026,2025/26,-1.05,0.4099999999999999,0.8710772870102108,0.9768418494047747
2692,Fulham,54,2026-04-18 11:30:00+00:00,0.76,1.43,0.0,0.0,1,65.0,126.0,False,94,Brentford,94,2026-04-18 11:30:00+00:00,1.3598885421614055,1.4604031046428578,2026,2025/26,-0.76,-1.43,0.5588693311527257,0.9791817036363443
2693,Fulham,54,2026-04-25 11:30:00+00:00,1.23,0.93,1.0,0.0,1,126.0,55.0,True,7,Aston Villa,7,2026-04-25 11:30:00+00:00,1.346215197512904,1.360794274928423,2026,2025/26,-0.22999999999999998,-0.93,0.9136726448136907,0.6834243920146692
2694,Fulham,54,2026-05-02 16:30:00+00:00,0.38,3.23,0.0,3.0,0,61.0,271.0,False,3,Arsenal,3,2026-05-02 16:30:00+00:00,0.8627099153424982,1.6481450930104815,2026,2025/26,-0.38,-0.22999999999999998,0.440472507898717,1.9597789136999595
2695,Fulham,54,2026-05-09 14:00:00+00:00,1.32,0.82,0.0,1.0,0,119.0,85.0,True,91,Bournemouth,91,2026-05-09 14:00:00+00:00,1.433841802720046,1.5359215447672203,2026,2025/26,-1.32,0.18000000000000005,0.9206036520178975,0.5338814360627233
2696,Fulham,54,2026-05-17 14:00:00+00:00,1.6,1.4,1.0,1.0,0,148.0,82.0,False,39,Wolves,39,2026-05-17 14:00:00+00:00,1.5499068942791283,0.9105925767127718,2026,2025/26,-0.6000000000000001,-0.3999999999999999,1.0323200741320468,1.5374603700965617
2697,Fulham,54,2026-05-24 15:00:00+00:00,1.83,0.31,2.0,0.0,1,160.0,70.0,True,4,Newcastle,4,2026-05-24 15:00:00+00:00,1.4382995117931292,1.5187135076432372,2026,2025/26,0.16999999999999993,-0.31,1.2723358278266657,0.20412013091334305
2698,Leeds,2,2025-08-18 19:00:00+00:00,2.08,0.55,1.0,0.0,1,157.0,62.0,True,11,Everton,11,2025-08-18 19:00:00+00:00,1.1909756837404046,1.0866677006867749,2026,2025/26,-1.08,-0.55,1.7464672271624437,0.5061344877117444
2699,Leeds,2,2025-08-23 16:30:00+00:00,0.17,2.88,0.0,5.0,0,32.0,210.0,False,3,Arsenal,3,2025-08-23 16:30:00+00:00,0.9536195569600944,1.5983744457972922,2026,2025/26,-0.17,2.12,0.1782681560578711,1.801830608323705
2700,Leeds,2,2025-08-30 16:30:00+00:00,0.69,0.46,0.0,0.0,1,71.0,63.0,True,4,Newcastle,4,2025-08-30 16:30:00+00:00,1.162285241078235,1.6215406512478894,2026,2025/26,-0.69,-0.46,0.5936580588082638,0.2836808313414762
2701,Leeds,2,2025-09-13 14:00:00+00:00,0.78,0.85,0.0,1.0,0,95.0,56.0,False,54,Fulham,54,2025-09-13 14:00:00+00:00,1.3906510229714333,1.2111833747847824,2026,2025/26,-0.78,0.15000000000000002,0.5608883804172219,0.7017929883251891
2702,Leeds,2,2025-09-20 14:00:00+00:00,0.49,1.78,3.0,1.0,0,72.0,198.0,False,39,Wolves,39,2025-09-20 14:00:00+00:00,1.4553047733838729,1.0653124479820746,2026,2025/26,2.51,-0.78,0.3366992323268841,1.6708713048192516
2703,Leeds,2,2025-09-27 14:00:00+00:00,1.84,0.82,2.0,2.0,0,208.0,122.0,True,91,Bournemouth,91,2025-09-27 14:00:00+00:00,1.258299987272269,1.3851981948648522,2026,2025/26,0.15999999999999992,1.1800000000000002,1.4622904065895563,0.5919730498060631
2704,Leeds,2,2025-10-04 11:30:00+00:00,1.73,0.53,1.0,2.0,0,144.0,76.0,True,6,Spurs,6,2025-10-04 11:30:00+00:00,1.5022343941318383,1.3398707934551504,2026,2025/26,-0.73,1.47,1.1516178878328707,0.3955605291113772
2705,Leeds,2,2025-10-18 14:00:00+00:00,2.62,0.45,0.0,2.0,0,181.0,36.0,False,90,Burnley,90,2025-10-18 14:00:00+00:00,1.8574678779349465,1.0129482956833993,2026,2025/26,-2.62,1.55,1.4105223735620152,0.4442477487919573
2706,Leeds,2,2025-10-24 19:00:00+00:00,1.53,0.65,2.0,1.0,0,135.0,78.0,True,21,West Ham,21,2025-10-24 19:00:00+00:00,1.5960639628546018,1.037116775743379,2026,2025/26,0.47,0.35,0.9586081984230477,0.626737523876322
2707,Leeds,2,2025-11-01 15:00:00+00:00,0.5,3.07,0.0,3.0,0,71.0,183.0,False,36,Brighton,36,2025-11-01 15:00:00+00:00,1.358418845513273,1.552989364687141,2026,2025/26,-0.5,-0.06999999999999984,0.36807498780766473,1.9768325977032493
2708,Leeds,2,2025-11-09 14:00:00+00:00,0.68,2.55,1.0,3.0,0,89.0,158.0,False,17,Nott'm Forest,17,2025-11-09 14:00:00+00:00,1.4946404739983497,1.1378743367723367,2026,2025/26,0.31999999999999995,0.4500000000000002,0.4549589094030856,2.241020750352152
2709,Leeds,2,2025-11-23 14:00:00+00:00,1.96,1.58,1.0,2.0,0,168.0,123.0,True,7,Aston Villa,7,2025-11-23 14:00:00+00:00,1.2155307643040882,1.2653387218361027,2026,2025/26,-0.96,0.41999999999999993,1.6124643304459125,1.2486775064524225
2710,Leeds,2,2025-11-29 15:00:00+00:00,1.5300000000000002,3.1,2.0,3.0,0,114.0,289.0,False,43,Man City,43,2025-11-29 15:00:00+00:00,0.9961653572231076,1.7613156393386205,2026,2025/26,0.46999999999999975,-0.10000000000000009,1.5358895879144003,1.7600479611729671
2711,Leeds,2,2025-12-03 20:15:00+00:00,2.79,0.96,3.0,1.0,0,176.0,141.0,True,8,Chelsea,8,2025-12-03 20:15:00+00:00,1.1697802975958391,1.5258551228140966,2026,2025/26,0.20999999999999996,0.040000000000000036,2.38506325139351,0.6291554064644721
2712,Leeds,2,2025-12-06 17:30:00+00:00,1.5099999999999998,1.91,3.0,3.0,0,135.0,209.0,True,14,Liverpool,14,2025-12-06 17:30:00+00:00,1.2522091835610396,1.6699010312017355,2026,2025/26,1.4900000000000002,1.09,1.2058688115557923,1.1437803584236836
2713,Leeds,2,2025-12-14 16:30:00+00:00,1.51,0.72,1.0,1.0,0,167.0,69.0,False,94,Brentford,94,2025-12-14 16:30:00+00:00,1.3666494430185252,1.4352022328206075,2026,2025/26,-0.51,0.28,1.1048919733687197,0.5016714603244322
2714,Leeds,2,2025-12-20 20:00:00+00:00,2.74,1.57,4.0,1.0,0,251.0,92.0,True,31,Crystal Palace,31,2025-12-20 20:00:00+00:00,1.2205205781526969,1.3796233772840427,2026,2025/26,1.2599999999999998,-0.5700000000000001,2.2449437142199535,1.1379917344476556
2715,Leeds,2,2025-12-28 14:00:00+00:00,2.18,0.7,1.0,1.0,0,206.0,105.0,False,56,Sunderland,56,2025-12-28 14:00:00+00:00,1.3095639343411196,0.9305960316282722,2026,2025/26,-1.1800000000000002,0.30000000000000004,1.6646762657653844,0.7522060875063089
2716,Leeds,2,2026-01-01 17:30:00+00:00,0.68,1.96,0.0,0.0,1,49.0,165.0,False,14,Liverpool,14,2026-01-01 17:30:00+00:00,1.2112141778047956,1.644921075160653,2026,2025/26,-0.68,-1.96,0.5614201125290921,1.1915465304671682
2717,Leeds,2,2026-01-04 12:30:00+00:00,0.9,1.58,1.0,1.0,0,108.0,115.0,True,1,Man Utd,1,2026-01-04 12:30:00+00:00,1.3465073759435608,1.5197031303949773,2026,2025/26,0.09999999999999998,-0.5800000000000001,0.6683958930186534,1.0396767423841204
2718,Leeds,2,2026-01-07 20:15:00+00:00,1.89,2.44,3.0,4.0,0,148.0,210.0,False,4,Newcastle,4,2026-01-07 20:15:00+00:00,1.1843135900990909,1.577467698424495,2026,2025/26,1.11,1.56,1.595861109591645,1.5467828611875627
2719,Leeds,2,2026-01-17 15:00:00+00:00,1.43,0.39,1.0,0.0,1,123.0,45.0,True,54,Fulham,54,2026-01-17 15:00:00+00:00,1.3963006756025926,1.2139940444100106,2026,2025/26,-0.42999999999999994,-0.39,1.0241347189657872,0.321253635300605
2720,Leeds,2,2026-01-26 20:00:00+00:00,1.24,0.6,1.0,1.0,0,124.0,102.0,False,11,Everton,11,2026-01-26 20:00:00+00:00,1.3172356522818394,1.0539032087354254,2026,2025/26,-0.24,0.4,0.9413653493601964,0.5693122433130626
2721,Leeds,2,2026-01-31 15:00:00+00:00,0.15,2.19,0.0,4.0,0,61.0,203.0,True,3,Arsenal,3,2026-01-31 15:00:00+00:00,0.840396950215694,1.6944618094069344,2026,2025/26,-0.15,1.81,0.17848708275476416,1.2924457711835389
2722,Leeds,2,2026-02-06 20:00:00+00:00,2.52,1.33,3.0,1.0,0,180.0,166.0,True,17,Nott'm Forest,17,2026-02-06 20:00:00+00:00,1.4134712874162576,1.0883532064348005,2026,2025/26,0.48,-0.33000000000000007,1.7828448461846096,1.2220297529666677
2723,Leeds,2,2026-02-10 19:30:00+00:00,1.44,3.13,2.0,2.0,0,68.0,155.0,False,8,Chelsea,8,2026-02-10 19:30:00+00:00,1.3089771631223264,1.6862454213031792,2026,2025/26,0.56,-1.13,1.1000955865151554,1.8561948103503494
2724,Leeds,2,2026-02-21 15:00:00+00:00,1.35,1.46,1.0,1.0,0,114.0,160.0,False,7,Aston Villa,7,2026-02-21 15:00:00+00:00,1.2528711781717925,1.3527504535207922,2026,2025/26,-0.3500000000000001,-0.45999999999999996,1.0775249870221608,1.0792825803163253
2725,Leeds,2,2026-02-28 17:30:00+00:00,1.49,2.0,0.0,1.0,0,101.0,195.0,True,43,Man City,43,2026-02-28 17:30:00+00:00,1.0685027890739436,1.7658125037878398,2026,2025/26,-1.49,-1.0,1.3944746005682982,1.1326230818446494
2726,Leeds,2,2026-03-03 19:30:00+00:00,1.14,0.86,0.0,1.0,0,146.0,37.0,True,56,Sunderland,56,2026-03-03 19:30:00+00:00,1.4159353992229935,0.9568111867940944,2026,2025/26,-1.14,0.14,0.8051214770289552,0.8988189225520331
2727,Leeds,2,2026-03-15 14:00:00+00:00,1.12,0.67,0.0,0.0,1,92.0,86.0,False,31,Crystal Palace,31,2026-03-15 14:00:00+00:00,1.3207303834778807,1.2635895814060112,2026,2025/26,-1.12,-0.67,0.848015623787425,0.5302354576669452
2728,Leeds,2,2026-03-21 20:00:00+00:00,0.53,0.46,0.0,0.0,1,140.0,75.0,True,94,Brentford,94,2026-03-21 20:00:00+00:00,1.3850475816901633,1.4371391316747375,2026,2025/26,-0.53,-0.46,0.38265833391315335,0.3200803525988117
2729,Leeds,2,2026-04-13 19:00:00+00:00,2.39,1.31,2.0,1.0,0,176.0,220.0,False,1,Man Utd,1,2026-04-13 19:00:00+00:00,1.2657500174646452,1.5556798863782697,2026,2025/26,-0.3900000000000001,-0.31000000000000005,1.8882085459396467,0.8420755526059867
2730,Leeds,2,2026-04-18 14:00:00+00:00,2.8400000000000003,0.57,3.0,0.0,1,210.0,87.0,True,39,Wolves,39,2026-04-18 14:00:00+00:00,1.5461851090165015,0.9155325253959424,2026,2025/26,0.1599999999999997,-0.57,1.8367787811683618,0.6225884763116316
2731,Leeds,2,2026-04-22 19:00:00+00:00,0.83,1.45,1.0,2.0,0,115.0,218.0,False,91,Bournemouth,91,2026-04-22 19:00:00+00:00,1.4685743059247227,1.5027444964534968,2026,2025/26,0.17000000000000004,0.55,0.565173989938065,0.9649012213466928
2732,Leeds,2,2026-05-01 19:00:00+00:00,1.64,0.57,3.0,1.0,0,185.0,86.0,True,90,Burnley,90,2026-05-01 19:00:00+00:00,1.905648891478344,0.8722754563603765,2026,2025/26,1.36,0.43000000000000005,0.8605992464476172,0.6534633020380515
2733,Leeds,2,2026-05-11 19:00:00+00:00,1.35,1.27,1.0,1.0,0,99.0,124.0,False,6,Spurs,6,2026-05-11 19:00:00+00:00,1.4684739851594726,1.2005656711307875,2026,2025/26,-0.3500000000000001,-0.27,0.9193216996986115,1.0578346778846457
2734,Leeds,2,2026-05-17 14:00:00+00:00,0.39,3.06,1.0,0.0,1,63.0,202.0,True,36,Brighton,36,2026-05-17 14:00:00+00:00,1.2213438734483746,1.4518733944574396,2026,2025/26,0.61,-3.06,0.31932038836766236,2.107621788292024
2735,Leeds,2,2026-05-24 15:00:00+00:00,1.58,2.61,0.0,3.0,0,118.0,230.0,False,21,West Ham,21,2026-05-24 15:00:00+00:00,1.4926544814700766,1.2038272656100144,2026,2025/26,-1.58,0.3900000000000001,1.058516903686846,2.1680851352685027
2736,Liverpool,14,2025-08-15 19:00:00+00:00,2.22,1.7,4.0,2.0,0,227.0,112.0,True,91,Bournemouth,91,2025-08-15 19:00:00+00:00,1.3445828425569435,1.456302532134746,2026,2025/26,1.7799999999999998,0.30000000000000004,1.6510697070760685,1.1673398641338801
2737,Liverpool,14,2025-08-25 19:00:00+00:00,0.71,0.93,3.0,2.0,0,84.0,130.0,False,4,Newcastle,4,2025-08-25 19:00:00+00:00,1.185819526003403,1.6560175929544751,2026,2025/26,2.29,1.0699999999999998,0.5987420382534352,0.5615882367172208
2738,Liverpool,14,2025-08-31 15:30:00+00:00,0.5,0.49,1.0,0.0,1,81.0,97.0,True,3,Arsenal,3,2025-08-31 15:30:00+00:00,0.9400074732334194,1.6001217823597924,2026,2025/26,0.5,-0.49,0.5319106647951529,0.30622669186927043
2739,Liverpool,14,2025-09-14 13:00:00+00:00,2.43,0.13,1.0,0.0,1,211.0,8.0,False,90,Burnley,90,2025-09-14 13:00:00+00:00,1.8914535436454287,1.0655440937597025,2026,2025/26,-1.4300000000000002,-0.13,1.2847262403900348,0.12200339785217477
2740,Liverpool,14,2025-09-20 11:30:00+00:00,0.9,0.7,2.0,1.0,0,118.0,86.0,True,11,Everton,11,2025-09-20 11:30:00+00:00,1.208552646159451,1.1418808865983332,2026,2025/26,1.1,0.30000000000000004,0.7446924243308952,0.613023659661475
2741,Liverpool,14,2025-09-27 14:00:00+00:00,2.13,2.92,1.0,2.0,0,142.0,206.0,False,31,Crystal Palace,31,2025-09-27 14:00:00+00:00,1.2088151038156305,1.4596972834201418,2026,2025/26,-1.13,-0.9199999999999999,1.7620560772914278,2.0004147662440652
2742,Liverpool,14,2025-10-04 16:30:00+00:00,1.95,1.0,1.0,2.0,0,110.0,137.0,False,8,Chelsea,8,2025-10-04 16:30:00+00:00,1.1979494499748673,1.4565625274680447,2026,2025/26,-0.95,1.0,1.627781539564053,0.6865479381364483
2743,Liverpool,14,2025-10-19 15:30:00+00:00,2.75,1.34,1.0,2.0,0,234.0,105.0,True,1,Man Utd,1,2025-10-19 15:30:00+00:00,1.3975912570101867,1.3972070592507313,2026,2025/26,-1.75,0.6599999999999999,1.9676711529256197,0.9590561335401432
2744,Liverpool,14,2025-10-25 19:00:00+00:00,2.3,2.75,2.0,3.0,0,178.0,256.0,False,94,Brentford,94,2025-10-25 19:00:00+00:00,1.3749312325612455,1.4522025291584075,2026,2025/26,-0.2999999999999998,0.25,1.6728109344898074,1.8936752586388228
2745,Liverpool,14,2025-11-01 20:00:00+00:00,1.1900000000000002,0.41,2.0,0.0,1,101.0,77.0,True,7,Aston Villa,7,2025-11-01 20:00:00+00:00,1.2455812302790588,1.241598688420182,2026,2025/26,0.8099999999999998,-0.41,0.955377273735406,0.3302194209963983
2746,Liverpool,14,2025-11-09 16:30:00+00:00,0.72,1.6,0.0,3.0,0,42.0,138.0,False,43,Man City,43,2025-11-09 16:30:00+00:00,0.97736650728816,1.7366822157690982,2026,2025/26,-0.72,1.4,0.736673494161101,0.921296933585188
2747,Liverpool,14,2025-11-22 15:00:00+00:00,1.94,1.58,0.0,3.0,0,178.0,152.0,True,17,Nott'm Forest,17,2025-11-22 15:00:00+00:00,1.484151957881208,1.1750151097410866,2026,2025/26,-1.94,1.42,1.3071437797848988,1.3446635595589502
2748,Liverpool,14,2025-11-30 14:05:00+00:00,1.25,0.29,2.0,0.0,1,128.0,38.0,False,21,West Ham,21,2025-11-30 14:05:00+00:00,1.6027384918391614,1.1005541725757937,2026,2025/26,0.75,-0.29,0.779915130487451,0.2635036122949487
2749,Liverpool,14,2025-12-03 20:15:00+00:00,1.44,0.41,0.0,1.0,0,151.0,83.0,True,56,Sunderland,56,2025-12-03 20:15:00+00:00,1.312948796381345,0.9754970278027876,2026,2025/26,-1.44,0.5900000000000001,1.0967678282419118,0.4202985640289291
2750,Liverpool,14,2025-12-06 17:30:00+00:00,1.91,1.51,3.0,3.0,0,209.0,135.0,False,2,Leeds,2,2025-12-06 17:30:00+00:00,1.666293738943942,1.2633961851148747,2026,2025/26,1.09,1.49,1.1462564824918045,1.1951911979714445
2751,Liverpool,14,2025-12-13 15:00:00+00:00,1.88,1.9,2.0,0.0,1,164.0,106.0,True,36,Brighton,36,2025-12-13 15:00:00+00:00,1.3523326995885363,1.570194094162614,2026,2025/26,0.1200000000000001,-1.9,1.3901904469011308,1.2100414891786175
2752,Liverpool,14,2025-12-20 17:30:00+00:00,0.6699999999999999,1.07,2.0,1.0,0,146.0,111.0,False,6,Spurs,6,2025-12-20 17:30:00+00:00,1.4787823615297715,1.2100349235223735,2026,2025/26,1.33,-0.07000000000000006,0.45307546088587236,0.884271998435602
2753,Liverpool,14,2025-12-27 15:00:00+00:00,1.54,1.07,2.0,1.0,0,155.0,94.0,True,39,Wolves,39,2025-12-27 15:00:00+00:00,1.539593807277542,0.9240996574119652,2026,2025/26,0.45999999999999996,-0.07000000000000006,1.0002638310965777,1.1578837752160234
2754,Liverpool,14,2026-01-01 17:30:00+00:00,1.99,0.68,0.0,0.0,1,165.0,49.0,True,2,Leeds,2,2026-01-01 17:30:00+00:00,1.5827174566150908,1.351623993372273,2026,2025/26,-1.99,-0.68,1.2573311753671763,0.5030984973146375
2755,Liverpool,14,2026-01-04 15:15:00+00:00,1.36,0.75,2.0,2.0,0,127.0,65.0,False,54,Fulham,54,2026-01-04 15:15:00+00:00,1.3943920644499364,1.2142869285108613,2026,2025/26,0.6399999999999999,1.25,0.9753354416402941,0.6176464412078958
2756,Liverpool,14,2026-01-08 20:00:00+00:00,0.36,0.57,0.0,0.0,1,35.0,106.0,False,3,Arsenal,3,2026-01-08 20:00:00+00:00,0.8660914909263489,1.7108827367027946,2026,2025/26,-0.36,-0.57,0.4156604744089489,0.3331613486839556
2757,Liverpool,14,2026-01-17 15:00:00+00:00,3.19,0.4,1.0,1.0,0,324.0,57.0,True,90,Burnley,90,2026-01-17 15:00:00+00:00,1.8455600226657352,0.936804505240797,2026,2025/26,-2.19,0.6,1.7284726374774577,0.4269834290529845
2758,Liverpool,14,2026-01-24 17:30:00+00:00,0.92,2.35,2.0,3.0,0,244.0,193.0,False,91,Bournemouth,91,2026-01-24 17:30:00+00:00,1.493226240232902,1.4825365647390498,2026,2025/26,1.08,0.6499999999999999,0.6161156127664255,1.5851211065500013
2759,Liverpool,14,2026-01-31 20:00:00+00:00,2.29,0.36,4.0,1.0,0,190.0,83.0,True,4,Newcastle,4,2026-01-31 20:00:00+00:00,1.2388863463076012,1.5425183818593426,2026,2025/26,1.71,0.64,1.8484342868295842,0.2333845769578824
2760,Liverpool,14,2026-02-08 16:30:00+00:00,1.2,2.91,1.0,2.0,0,120.0,165.0,True,43,Man City,43,2026-02-08 16:30:00+00:00,1.0543383720486423,1.7389724069986865,2026,2025/26,-0.19999999999999996,-0.9100000000000001,1.1381545354062457,1.6734020553105868
2761,Liverpool,14,2026-02-11 20:15:00+00:00,2.52,0.63,1.0,0.0,1,190.0,112.0,False,56,Sunderland,56,2026-02-11 20:15:00+00:00,1.3929946385262515,0.9378749833059336,2026,2025/26,-1.52,-0.63,1.8090521889345446,0.671731319433749
2762,Liverpool,14,2026-02-22 14:00:00+00:00,1.81,1.19,1.0,0.0,1,177.0,105.0,False,17,Nott'm Forest,17,2026-02-22 14:00:00+00:00,1.3944014507088245,1.131093948356317,2026,2025/26,-0.81,-1.19,1.298047989752099,1.0520788319390129
2763,Liverpool,14,2026-02-28 15:00:00+00:00,1.84,1.86,4.0,2.0,0,196.0,167.0,True,21,West Ham,21,2026-02-28 15:00:00+00:00,1.5860012209443772,1.1868381652990727,2026,2025/26,2.16,0.1399999999999999,1.1601504309715351,1.567189238080574
2764,Liverpool,14,2026-03-03 20:15:00+00:00,1.85,0.44,1.0,2.0,0,197.0,62.0,False,39,Wolves,39,2026-03-03 20:15:00+00:00,1.4942129789573129,0.9006145078640975,2026,2025/26,-0.8500000000000001,1.56,1.2381099790010937,0.4885553099111256
2765,Liverpool,14,2026-03-15 16:30:00+00:00,1.69,1.18,1.0,1.0,0,164.0,129.0,True,6,Spurs,6,2026-03-15 16:30:00+00:00,1.5579243125556788,1.215741951221018,2026,2025/26,-0.69,-0.17999999999999994,1.084776703450798,0.9706007091512134
2766,Liverpool,14,2026-03-21 12:45:00+00:00,1.03,2.17,1.0,2.0,0,149.0,192.0,False,36,Brighton,36,2026-03-21 12:45:00+00:00,1.2774063726072802,1.35362713360679,2026,2025/26,-0.030000000000000027,-0.16999999999999993,0.8063213258422176,1.6031002527394336
2767,Liverpool,14,2026-04-11 16:30:00+00:00,1.59,1.04,2.0,0.0,1,196.0,172.0,True,54,Fulham,54,2026-04-11 16:30:00+00:00,1.373522454744111,1.3025416830169596,2026,2025/26,0.4099999999999999,-1.04,1.157607576423801,0.7984389394672898
2768,Liverpool,14,2026-04-19 13:00:00+00:00,1.45,0.79,2.0,1.0,0,135.0,128.0,False,11,Everton,11,2026-04-19 13:00:00+00:00,1.3491034708280851,1.1626517763590911,2026,2025/26,0.55,0.20999999999999996,1.0747878360360188,0.6794811792004731
2769,Liverpool,14,2026-04-25 14:00:00+00:00,1.13,2.26,3.0,1.0,0,122.0,153.0,True,31,Crystal Palace,31,2026-04-25 14:00:00+00:00,1.3095370888100804,1.2602567608330946,2026,2025/26,1.87,-1.2599999999999998,0.8629003406285972,1.793285360759361
2770,Liverpool,14,2026-05-03 14:30:00+00:00,0.88,2.34,2.0,3.0,0,119.0,191.0,False,1,Man Utd,1,2026-05-03 14:30:00+00:00,1.291593356221764,1.5124331050300517,2026,2025/26,1.12,0.6600000000000001,0.6813289924115293,1.5471758666334565
2771,Liverpool,14,2026-05-09 11:30:00+00:00,0.55,0.5,1.0,1.0,0,94.0,87.0,True,8,Chelsea,8,2026-05-09 11:30:00+00:00,1.3769809675870723,1.536464874276042,2026,2025/26,0.44999999999999996,0.5,0.3994245475765599,0.3254223434398994
2772,Liverpool,14,2026-05-15 19:00:00+00:00,1.45,1.85,2.0,4.0,0,165.0,199.0,False,7,Aston Villa,7,2026-05-15 19:00:00+00:00,1.349181208113583,1.3422644744698655,2026,2025/26,0.55,2.15,1.0747259087809125,1.3782678713378504
2773,Liverpool,14,2026-05-24 15:00:00+00:00,3.04,1.56,1.0,1.0,0,237.0,113.0,True,94,Brentford,94,2026-05-24 15:00:00+00:00,1.423916305077385,1.440303630362163,2026,2025/26,-2.04,-0.56,2.1349569417528276,1.0831049558680481
2774,Man City,43,2025-08-16 16:30:00+00:00,2.46,0.56,4.0,0.0,1,147.0,95.0,False,39,Wolves,39,2025-08-16 16:30:00+00:00,1.4436853961737972,1.129033516286145,2026,2025/26,1.54,-0.56,1.703972351954064,0.4959994472458799
2775,Man City,43,2025-08-23 11:30:00+00:00,1.55,1.11,0.0,2.0,0,128.0,141.0,True,6,Spurs,6,2025-08-23 11:30:00+00:00,1.6049059594052766,1.3592740665238727,2026,2025/26,-1.55,0.8899999999999999,0.9657886749790481,0.816612357534819
2776,Man City,43,2025-08-31 13:00:00+00:00,1.82,2.3,1.0,2.0,0,140.0,162.0,False,36,Brighton,36,2025-08-31 13:00:00+00:00,1.3618329496797408,1.5494800823511108,2026,2025/26,-0.8200000000000001,-0.2999999999999998,1.336434105539894,1.484368870692474
2777,Man City,43,2025-09-14 15:30:00+00:00,2.6,1.51,3.0,0.0,1,174.0,104.0,True,1,Man Utd,1,2025-09-14 15:30:00+00:00,1.4072860150007211,1.3457767599228825,2026,2025/26,0.3999999999999999,-1.51,1.847527774941093,1.1220285897094315
2778,Man City,43,2025-09-21 15:30:00+00:00,0.89,0.96,1.0,1.0,0,67.0,146.0,False,3,Arsenal,3,2025-09-21 15:30:00+00:00,0.8983889705097446,1.581549566223687,2026,2025/26,0.10999999999999999,0.040000000000000036,0.990662206699861,0.6069996290361108
2779,Man City,43,2025-09-27 14:00:00+00:00,2.03,0.41,3.0,1.0,0,265.0,60.0,True,90,Burnley,90,2025-09-27 14:00:00+00:00,1.870766749097368,1.0294212137330647,2026,2025/26,0.9700000000000002,0.5900000000000001,1.0851165710420396,0.3982820584328035
2780,Man City,43,2025-10-05 15:30:00+00:00,0.84,0.83,1.0,0.0,1,111.0,41.0,False,94,Brentford,94,2025-10-05 15:30:00+00:00,1.411441880874177,1.4056686185316425,2026,2025/26,0.16000000000000003,-0.83,0.5951360884089295,0.5904663368433277
2781,Man City,43,2025-10-18 14:00:00+00:00,2.38,0.81,2.0,0.0,1,225.0,57.0,True,11,Everton,11,2025-10-18 14:00:00+00:00,1.2543103314014028,1.1381790592468572,2026,2025/26,-0.3799999999999999,-0.81,1.8974570649839886,0.7116630669132008
2782,Man City,43,2025-10-26 14:00:00+00:00,1.19,0.81,0.0,1.0,0,146.0,122.0,False,7,Aston Villa,7,2025-10-26 14:00:00+00:00,1.2575286980487157,1.2646787000063866,2026,2025/26,-1.19,0.18999999999999995,0.9463004715888402,0.6404788821033434
2783,Man City,43,2025-11-02 16:30:00+00:00,2.22,0.72,3.0,1.0,0,204.0,113.0,True,91,Bournemouth,91,2025-11-02 16:30:00+00:00,1.3014879097962433,1.3664750775153738,2026,2025/26,0.7799999999999998,0.28,1.7057400097919897,0.5269031333591223
2784,Man City,43,2025-11-09 16:30:00+00:00,1.6,0.71,3.0,0.0,1,138.0,42.0,True,14,Liverpool,14,2025-11-09 16:30:00+00:00,1.232477680446972,1.7684400674839245,2026,2025/26,1.4,-0.71,1.2981979514791229,0.401483778305342
2785,Man City,43,2025-11-22 17:30:00+00:00,2.49,2.24,1.0,2.0,0,173.0,118.0,False,4,Newcastle,4,2025-11-22 17:30:00+00:00,1.233690786056952,1.4801735256017152,2026,2025/26,-1.4900000000000002,-0.2400000000000002,2.018333952187799,1.5133360793555626
2786,Man City,43,2025-11-29 15:00:00+00:00,3.09,1.54,3.0,2.0,0,289.0,114.0,True,2,Leeds,2,2025-11-29 15:00:00+00:00,1.6572086906436625,1.1861052822534297,2026,2025/26,-0.08999999999999986,0.45999999999999996,1.8645810979906452,1.298367036250122
2787,Man City,43,2025-12-02 19:30:00+00:00,2.18,0.91,4.0,4.0,0,134.0,131.0,False,54,Fulham,54,2025-12-02 19:30:00+00:00,1.3715094783670527,1.1602774280602868,2026,2025/26,1.8199999999999998,3.09,1.5894895619646412,0.7842951849208234
2788,Man City,43,2025-12-06 15:00:00+00:00,2.42,0.71,3.0,0.0,1,202.0,43.0,True,56,Sunderland,56,2025-12-06 15:00:00+00:00,1.3359835351214604,0.9618759749474975,2026,2025/26,0.5800000000000001,-0.71,1.8113995692169864,0.7381409022496421
2789,Man City,43,2025-12-14 14:00:00+00:00,1.19,1.88,3.0,0.0,1,104.0,145.0,False,31,Crystal Palace,31,2025-12-14 14:00:00+00:00,1.1878418564314588,1.378153592114162,2026,2025/26,1.81,-1.88,1.0018168610214029,1.364144033551426
2790,Man City,43,2025-12-20 15:00:00+00:00,2.1,0.98,3.0,0.0,1,229.0,71.0,True,21,West Ham,21,2025-12-20 15:00:00+00:00,1.5860949038709051,1.093310422726295,2026,2025/26,0.8999999999999999,-0.98,1.3240065237426186,0.8963602464854011
2791,Man City,43,2025-12-27 12:30:00+00:00,1.45,0.55,2.0,1.0,0,163.0,58.0,False,17,Nott'm Forest,17,2025-12-27 12:30:00+00:00,1.3808602666084078,1.1279572331649337,2026,2025/26,0.55,0.44999999999999996,1.0500700433371215,0.48760713955151985
2792,Man City,43,2026-01-01 20:00:00+00:00,2.25,0.81,0.0,0.0,1,192.0,122.0,False,56,Sunderland,56,2026-01-01 20:00:00+00:00,1.333725374631245,0.9149729177329357,2026,2025/26,-2.25,-0.81,1.6870039685809315,0.8852721040169897
2793,Man City,43,2026-01-04 17:30:00+00:00,0.98,1.73,1.0,1.0,0,152.0,133.0,True,8,Chelsea,8,2026-01-04 17:30:00+00:00,1.2854871275126538,1.5008326215986232,2026,2025/26,0.020000000000000018,-0.73,0.762356914375522,1.1526934949996472
2794,Man City,43,2026-01-07 19:30:00+00:00,2.56,1.16,1.0,1.0,0,200.0,79.0,True,36,Brighton,36,2026-01-07 19:30:00+00:00,1.417713646332267,1.48721568887023,2026,2025/26,-1.56,-0.15999999999999992,1.8057243129618696,0.7799810132995565
2795,Man City,43,2026-01-17 12:30:00+00:00,0.45,2.27,0.0,2.0,0,98.0,198.0,False,1,Man Utd,1,2026-01-17 12:30:00+00:00,1.3122859693701532,1.5525012506244675,2026,2025/26,-0.45,-0.27,0.3429130620180163,1.4621566321360002
2796,Man City,43,2026-01-24 15:00:00+00:00,0.86,0.61,2.0,0.0,1,121.0,71.0,True,39,Wolves,39,2026-01-24 15:00:00+00:00,1.4073280073899124,0.9484219529277532,2026,2025/26,1.1400000000000001,-0.61,0.6110871065480967,0.643173640294751
2797,Man City,43,2026-02-01 16:30:00+00:00,2.08,1.05,2.0,2.0,0,138.0,144.0,False,6,Spurs,6,2026-02-01 16:30:00+00:00,1.4208264230317278,1.2380921867889143,2026,2025/26,-0.08000000000000007,0.95,1.4639367387057332,0.8480790131817684
2798,Man City,43,2026-02-08 16:30:00+00:00,2.92,1.21,2.0,1.0,0,165.0,120.0,False,14,Liverpool,14,2026-02-08 16:30:00+00:00,1.20978461724796,1.6333125282738357,2026,2025/26,-0.9199999999999999,-0.20999999999999996,2.4136527761796716,0.7408257630147409
2799,Man City,43,2026-02-11 19:30:00+00:00,1.38,1.42,3.0,0.0,1,129.0,113.0,True,54,Fulham,54,2026-02-11 19:30:00+00:00,1.454196307022603,1.229613226732066,2026,2025/26,1.62,-1.42,0.9489777916060614,1.1548346822634004
2800,Man City,43,2026-02-21 20:00:00+00:00,1.35,0.62,2.0,1.0,0,180.0,157.0,True,4,Newcastle,4,2026-02-21 20:00:00+00:00,1.3124580736066953,1.5464391067446273,2026,2025/26,0.6499999999999999,0.38,1.0286042862231308,0.40092105618380763
2801,Man City,43,2026-02-28 17:30:00+00:00,2.0,1.49,1.0,0.0,1,195.0,101.0,False,2,Leeds,2,2026-02-28 17:30:00+00:00,1.5574633822028103,1.3553916310531804,2026,2025/26,-1.0,-1.49,1.2841393401951349,1.0993132655262339
2802,Man City,43,2026-03-04 19:30:00+00:00,2.11,0.97,2.0,2.0,0,212.0,105.0,True,17,Nott'm Forest,17,2026-03-04 19:30:00+00:00,1.4035650774179338,1.1045090618673334,2026,2025/26,-0.10999999999999988,1.03,1.5033146905319545,0.8782182360369898
2803,Man City,43,2026-03-14 20:00:00+00:00,2.04,0.54,1.0,1.0,0,259.0,43.0,False,21,West Ham,21,2026-03-14 20:00:00+00:00,1.569197394901436,1.1721139762657424,2026,2025/26,-1.04,0.45999999999999996,1.3000276489294937,0.4607060498676034
2804,Man City,43,2026-04-12 15:30:00+00:00,2.29,1.14,3.0,0.0,1,248.0,102.0,False,8,Chelsea,8,2026-04-12 15:30:00+00:00,1.331197495430141,1.6146932434761507,2026,2025/26,0.71,-1.14,1.7202556403999598,0.7060164552034541
2805,Man City,43,2026-04-19 15:30:00+00:00,1.38,1.62,2.0,1.0,0,171.0,93.0,True,3,Arsenal,3,2026-04-19 15:30:00+00:00,0.8575623886370471,1.6408585410932783,2026,2025/26,0.6200000000000001,-0.6200000000000001,1.6092123655204613,0.9872880321058143
2806,Man City,43,2026-04-22 19:00:00+00:00,3.58,0.61,1.0,0.0,1,299.0,70.0,False,90,Burnley,90,2026-04-22 19:00:00+00:00,1.8695538075479785,0.8799576995094178,2026,2025/26,-2.58,-0.61,1.9148954074209636,0.6932151401596679
2807,Man City,43,2026-05-04 19:00:00+00:00,1.46,2.77,3.0,3.0,0,186.0,151.0,False,11,Everton,11,2026-05-04 19:00:00+00:00,1.3739205930351543,1.1900480569921406,2026,2025/26,1.54,0.22999999999999998,1.0626523886469201,2.3276370930777412
2808,Man City,43,2026-05-09 16:30:00+00:00,3.01,0.24,3.0,0.0,1,364.0,55.0,True,94,Brentford,94,2026-05-09 16:30:00+00:00,1.3498173898378298,1.4420026932144467,2026,2025/26,-0.009999999999999787,-0.24,2.2299312652666505,0.16643519539135043
2809,Man City,43,2026-05-13 19:00:00+00:00,1.55,0.68,3.0,0.0,1,159.0,61.0,True,31,Crystal Palace,31,2026-05-13 19:00:00+00:00,1.373852060390874,1.2596940657227904,2026,2025/26,1.45,-0.68,1.1282146343755604,0.5398136091161372
2810,Man City,43,2026-05-19 18:30:00+00:00,1.7000000000000002,1.99,1.0,1.0,0,162.0,87.0,False,91,Bournemouth,91,2026-05-19 18:30:00+00:00,1.4178938879416192,1.5110200142875607,2026,2025/26,-0.7000000000000002,-0.99,1.1989613711276514,1.3169911590736119
2811,Man City,43,2026-05-24 15:00:00+00:00,1.34,1.77,1.0,2.0,0,201.0,155.0,True,7,Aston Villa,7,2026-05-24 15:00:00+00:00,1.3575357530237886,1.3720025425427824,2026,2025/26,-0.3400000000000001,0.22999999999999998,0.9870826584237438,1.290085072815969
2812,Man Utd,1,2025-08-17 15:30:00+00:00,1.51,1.31,0.0,1.0,0,194.0,105.0,True,3,Arsenal,3,2025-08-17 15:30:00+00:00,0.9508934505347676,1.5744640462931594,2026,2025/26,-1.51,-0.31000000000000005,1.5879802296995522,0.8320291613417274
2813,Man Utd,1,2025-08-24 15:30:00+00:00,1.64,1.76,0.0,1.0,0,104.0,164.0,False,54,Fulham,54,2025-08-24 15:30:00+00:00,1.357472982304131,1.2494913905234566,2026,2025/26,-1.64,-0.76,1.20812717555256,1.40857313091423
2814,Man Utd,1,2025-08-30 14:00:00+00:00,3.63,1.2,2.0,2.0,0,208.0,104.0,True,90,Burnley,90,2025-08-30 14:00:00+00:00,1.8783266962287624,1.0827211630766422,2026,2025/26,-1.63,0.8,1.932571158834182,1.108318596627501
2815,Man Utd,1,2025-09-14 15:30:00+00:00,1.51,2.52,0.0,3.0,0,104.0,174.0,False,43,Man City,43,2025-09-14 15:30:00+00:00,1.0793558046378229,1.718066208978589,2026,2025/26,-1.51,0.48,1.3989826093599222,1.466765359117429
2816,Man Utd,1,2025-09-20 16:30:00+00:00,1.83,0.43,2.0,1.0,0,140.0,59.0,True,8,Chelsea,8,2025-09-20 16:30:00+00:00,1.160239128874693,1.5036163337743296,2026,2025/26,0.16999999999999993,0.5700000000000001,1.5772610614976441,0.2859772073110085
2817,Man Utd,1,2025-09-27 11:30:00+00:00,2.08,2.02,1.0,3.0,0,178.0,193.0,False,94,Brentford,94,2025-09-27 11:30:00+00:00,1.4119430758806135,1.4254689289423033,2026,2025/26,-1.08,0.98,1.4731472079373502,1.4170775377747717
2818,Man Utd,1,2025-10-04 14:00:00+00:00,1.89,0.71,2.0,0.0,1,178.0,77.0,True,56,Sunderland,56,2025-10-04 14:00:00+00:00,1.2056513316073698,0.9681711509093088,2026,2025/26,0.1100000000000001,-0.71,1.567617395221767,0.7333414131717994
2819,Man Utd,1,2025-10-19 15:30:00+00:00,1.35,2.75,2.0,1.0,0,105.0,234.0,False,14,Liverpool,14,2025-10-19 15:30:00+00:00,1.1552372460998095,1.814530330786871,2026,2025/26,0.6499999999999999,-1.75,1.1685911310059713,1.515543693781885
2820,Man Utd,1,2025-10-25 16:30:00+00:00,1.29,1.12,4.0,2.0,0,152.0,136.0,True,36,Brighton,36,2025-10-25 16:30:00+00:00,1.3680737194370725,1.5236837707725837,2026,2025/26,2.71,0.8799999999999999,0.9429316429898253,0.7350606611975031
2821,Man Utd,1,2025-11-01 15:00:00+00:00,1.12,1.93,2.0,2.0,0,125.0,136.0,False,17,Nott'm Forest,17,2025-11-01 15:00:00+00:00,1.512457734755217,1.0983513610766011,2026,2025/26,0.8799999999999999,0.07000000000000006,0.7405165607363342,1.757179048886705
2822,Man Utd,1,2025-11-08 12:30:00+00:00,0.62,0.92,2.0,2.0,0,91.0,109.0,False,6,Spurs,6,2025-11-08 12:30:00+00:00,1.4840679393809473,1.267173611498772,2026,2025/26,1.38,1.08,0.4177706313490082,0.7260252199474496
2823,Man Utd,1,2025-11-24 20:00:00+00:00,1.65,0.23,0.0,1.0,0,208.0,41.0,True,11,Everton,11,2025-11-24 20:00:00+00:00,1.274488787585348,1.1250922188856785,2026,2025/26,-1.65,0.77,1.2946367328394448,0.2044276870280004
2824,Man Utd,1,2025-11-30 12:00:00+00:00,1.35,1.83,2.0,1.0,0,157.0,119.0,False,31,Crystal Palace,31,2025-11-30 12:00:00+00:00,1.2166105149209616,1.426845379658162,2026,2025/26,0.6499999999999999,-0.8300000000000001,1.1096402533457508,1.282549620364909
2825,Man Utd,1,2025-12-04 20:00:00+00:00,1.59,0.77,1.0,1.0,0,160.0,111.0,True,21,West Ham,21,2025-12-04 20:00:00+00:00,1.5902832742394066,1.0840843711773935,2026,2025/26,-0.5900000000000001,0.22999999999999998,0.9998218718362978,0.7102768202107044
2826,Man Utd,1,2025-12-08 20:00:00+00:00,4.16,0.41,4.0,1.0,0,249.0,81.0,False,39,Wolves,39,2025-12-08 20:00:00+00:00,1.5054529386145097,0.9656596987921252,2026,2025/26,-0.16000000000000014,0.5900000000000001,2.763287973537392,0.4245802123800338
2827,Man Utd,1,2025-12-15 20:00:00+00:00,3.3,1.92,4.0,4.0,0,273.0,177.0,True,91,Bournemouth,91,2025-12-15 20:00:00+00:00,1.388035591542609,1.3785837723149923,2026,2025/26,0.7000000000000002,2.08,2.377460650221878,1.3927336434374475
2828,Man Utd,1,2025-12-21 16:30:00+00:00,1.34,1.54,1.0,2.0,0,141.0,113.0,False,7,Aston Villa,7,2025-12-21 16:30:00+00:00,1.2883031530641118,1.3251788415265788,2026,2025/26,-0.3400000000000001,0.45999999999999996,1.0401278587364566,1.1621072958167304
2829,Man Utd,1,2025-12-26 20:00:00+00:00,1.27,1.18,1.0,0.0,1,96.0,183.0,True,4,Newcastle,4,2025-12-26 20:00:00+00:00,1.2037223448563237,1.4796488093125189,2026,2025/26,-0.27,-1.18,1.055060583885387,0.7974865336783915
2830,Man Utd,1,2025-12-30 20:15:00+00:00,0.84,1.16,1.0,1.0,0,138.0,115.0,True,39,Wolves,39,2025-12-30 20:15:00+00:00,1.5092658723597434,0.9375364773292708,2026,2025/26,0.16000000000000003,-0.15999999999999992,0.5565619784979677,1.2372851916167076
2831,Man Utd,1,2026-01-04 12:30:00+00:00,1.58,0.9,1.0,1.0,0,115.0,108.0,False,2,Leeds,2,2026-01-04 12:30:00+00:00,1.5402416437346125,1.3357386574491583,2026,2025/26,-0.5800000000000001,0.09999999999999998,1.0258130640910252,0.6737844974246067
2832,Man Utd,1,2026-01-07 20:15:00+00:00,2.54,0.24,2.0,2.0,0,260.0,49.0,False,90,Burnley,90,2026-01-07 20:15:00+00:00,1.816083304151269,0.9588659500256336,2026,2025/26,-0.54,1.76,1.3986142564022124,0.2502956747954018
2833,Man Utd,1,2026-01-17 12:30:00+00:00,2.29,0.45,2.0,0.0,1,198.0,98.0,True,43,Man City,43,2026-01-17 12:30:00+00:00,1.0375578385413164,1.7682799113621432,2026,2025/26,-0.29000000000000004,-0.45,2.207105873942863,0.2544845966458758
2834,Man Utd,1,2026-01-25 16:30:00+00:00,0.7,1.19,3.0,2.0,0,59.0,163.0,False,3,Arsenal,3,2026-01-25 16:30:00+00:00,0.8365528810499306,1.6715238172813347,2026,2025/26,2.3,0.81,0.8367671857413873,0.7119252431206672
2835,Man Utd,1,2026-02-01 14:00:00+00:00,1.7999999999999998,1.94,3.0,2.0,0,198.0,152.0,True,54,Fulham,54,2026-02-01 14:00:00+00:00,1.394160037760651,1.2060420044371778,2026,2025/26,1.2000000000000002,0.06000000000000005,1.2910999822453837,1.6085675232392402
2836,Man Utd,1,2026-02-07 12:30:00+00:00,1.78,0.49,2.0,0.0,1,208.0,63.0,True,6,Spurs,6,2026-02-07 12:30:00+00:00,1.446392353188522,1.2201684758945903,2026,2025/26,0.21999999999999997,-0.49,1.2306480990970752,0.4015838875371263
2837,Man Utd,1,2026-02-10 20:15:00+00:00,0.5700000000000001,1.11,1.0,1.0,0,82.0,73.0,False,21,West Ham,21,2026-02-10 20:15:00+00:00,1.6280165715277106,1.134810134047589,2026,2025/26,0.42999999999999994,-0.1100000000000001,0.35011928623375077,0.9781371937884471
2838,Man Utd,1,2026-02-23 20:00:00+00:00,1.26,0.62,1.0,0.0,1,80.0,89.0,False,11,Everton,11,2026-02-23 20:00:00+00:00,1.3188234127054477,1.1046558893952594,2026,2025/26,-0.26,-0.62,0.9553970515394652,0.5612607563604419
2839,Man Utd,1,2026-03-01 14:00:00+00:00,2.05,0.38,2.0,1.0,0,217.0,73.0,True,31,Crystal Palace,31,2026-03-01 14:00:00+00:00,1.315995261900597,1.2723274252573884,2026,2025/26,-0.04999999999999982,0.62,1.5577563683924915,0.29866525900212126
2840,Man Utd,1,2026-03-04 20:15:00+00:00,1.49,2.48,1.0,2.0,0,144.0,160.0,False,4,Newcastle,4,2026-03-04 20:15:00+00:00,1.3494023995989783,1.5330709303311123,2026,2025/26,-0.49,-0.48,1.1041924932420493,1.6176681397672645
2841,Man Utd,1,2026-03-15 14:00:00+00:00,1.09,1.0,3.0,1.0,0,165.0,105.0,True,7,Aston Villa,7,2026-03-15 14:00:00+00:00,1.3459006695929403,1.3066936863447245,2026,2025/26,1.91,0.0,0.8098666005788259,0.7652902975274541
2842,Man Utd,1,2026-03-20 20:00:00+00:00,1.77,1.8,1.0,2.0,0,165.0,119.0,False,91,Bournemouth,91,2026-03-20 20:00:00+00:00,1.4560973686047007,1.4674288436906235,2026,2025/26,-0.77,0.19999999999999996,1.2155780500421447,1.2266352864326633
2843,Man Utd,1,2026-04-13 19:00:00+00:00,1.32,2.37,1.0,2.0,0,220.0,176.0,True,2,Leeds,2,2026-04-13 19:00:00+00:00,1.426589549424301,1.3099786368081316,2026,2025/26,-0.32000000000000006,-0.3700000000000001,0.9252836602740325,1.8091898092129928
2844,Man Utd,1,2026-04-18 19:00:00+00:00,0.29,1.57,1.0,0.0,1,40.0,157.0,False,8,Chelsea,8,2026-04-18 19:00:00+00:00,1.3515228050968078,1.584529487604327,2026,2025/26,0.71,-1.57,0.2145727759134835,0.9908304088260962
2845,Man Utd,1,2026-04-27 19:00:00+00:00,1.28,1.43,2.0,1.0,0,157.0,160.0,True,94,Brentford,94,2026-04-27 19:00:00+00:00,1.354115888553832,1.4457470095993474,2026,2025/26,0.72,-0.42999999999999994,0.9452662145239383,0.9891080462246908
2846,Man Utd,1,2026-05-03 14:30:00+00:00,2.35,0.89,3.0,2.0,0,191.0,119.0,True,14,Liverpool,14,2026-05-03 14:30:00+00:00,1.257164944532178,1.6279261844912027,2026,2025/26,0.6499999999999999,1.1099999999999999,1.869285339382807,0.5467078350841585
2847,Man Utd,1,2026-05-09 14:00:00+00:00,0.62,1.25,0.0,0.0,1,77.0,151.0,False,56,Sunderland,56,2026-05-09 14:00:00+00:00,1.4442299674043395,1.0094253399832829,2026,2025/26,-0.62,-1.25,0.42929451264212637,1.2383283344369989
2848,Man Utd,1,2026-05-17 11:30:00+00:00,4.56,1.88,3.0,2.0,0,252.0,148.0,True,17,Nott'm Forest,17,2026-05-17 11:30:00+00:00,1.3547252086324126,1.2256166177541836,2026,2025/26,-1.5599999999999996,0.1200000000000001,3.3659962706409616,1.533921760497101
2849,Man Utd,1,2026-05-24 15:00:00+00:00,1.66,0.79,3.0,0.0,1,183.0,117.0,False,36,Brighton,36,2026-05-24 15:00:00+00:00,1.2314228610190945,1.4553555178928463,2026,2025/26,1.34,-0.79,1.3480340933627184,0.5428226919727565
2850,Newcastle,4,2025-08-16 11:30:00+00:00,1.42,0.2,0.0,0.0,1,124.0,73.0,False,7,Aston Villa,7,2025-08-16 11:30:00+00:00,1.3045142896484117,1.412027333146418,2026,2025/26,-1.42,-0.2,1.088527746509173,0.14164031765188312
2851,Newcastle,4,2025-08-25 19:00:00+00:00,0.94,0.7,2.0,3.0,0,130.0,84.0,True,14,Liverpool,14,2025-08-25 19:00:00+00:00,1.1943229327362284,1.9479098850602128,2026,2025/26,1.06,2.3,0.7870568120520242,0.35935953986822233
2852,Newcastle,4,2025-08-30 16:30:00+00:00,0.4599999999999999,0.69,0.0,0.0,1,63.0,71.0,False,2,Leeds,2,2025-08-30 16:30:00+00:00,1.7440132073743528,1.1723112518122143,2026,2025/26,-0.4599999999999999,-0.69,0.2637594704300085,0.5885808900438046
2853,Newcastle,4,2025-09-13 14:00:00+00:00,1.5499999999999998,0.5,1.0,0.0,1,169.0,103.0,True,39,Wolves,39,2025-09-13 14:00:00+00:00,1.4777970268089218,1.0611548312195969,2026,2025/26,-0.5499999999999998,-0.5,1.0488585183764982,0.47118477463401315
2854,Newcastle,4,2025-09-21 13:00:00+00:00,0.14,0.56,0.0,0.0,1,55.0,73.0,False,91,Bournemouth,91,2025-09-21 13:00:00+00:00,1.2556950193430725,1.4109084955941875,2026,2025/26,-0.14,-0.56,0.11149204053802984,0.3969073839647997
2855,Newcastle,4,2025-09-28 15:30:00+00:00,0.61,2.04,1.0,2.0,0,85.0,240.0,True,3,Arsenal,3,2025-09-28 15:30:00+00:00,0.8840959887164024,1.581608692551734,2026,2025/26,0.39,-0.040000000000000036,0.6899703287712505,1.2898259914775172
2856,Newcastle,4,2025-10-05 13:00:00+00:00,3.27,0.29,2.0,0.0,1,225.0,86.0,True,17,Nott'm Forest,17,2025-10-05 13:00:00+00:00,1.474289074740693,1.118366475273939,2026,2025/26,-1.27,-0.29,2.2180182001112283,0.2593067714489257
2857,Newcastle,4,2025-10-18 14:00:00+00:00,1.45,0.91,1.0,2.0,0,123.0,128.0,False,36,Brighton,36,2025-10-18 14:00:00+00:00,1.3487161659398443,1.533464307139547,2026,2025/26,-0.44999999999999996,1.0899999999999999,1.0750964781307983,0.5934275716514534
2858,Newcastle,4,2025-10-25 14:00:00+00:00,2.17,1.53,2.0,1.0,0,186.0,158.0,True,54,Fulham,54,2025-10-25 14:00:00+00:00,1.409395051380126,1.1557460846179184,2026,2025/26,-0.16999999999999993,-0.53,1.5396676736413004,1.323820188848667
2859,Newcastle,4,2025-11-02 14:00:00+00:00,0.52,1.75,1.0,3.0,0,102.0,191.0,False,21,West Ham,21,2025-11-02 14:00:00+00:00,1.5830108278719752,1.0425703632317598,2026,2025/26,0.48,1.25,0.3284879615757465,1.6785437815202704
2860,Newcastle,4,2025-11-09 14:00:00+00:00,0.42,2.64,1.0,3.0,0,53.0,228.0,False,94,Brentford,94,2025-11-09 14:00:00+00:00,1.3576200963076803,1.4876847376130709,2026,2025/26,0.5800000000000001,0.3599999999999999,0.30936489607237994,1.7745695262262164
2861,Newcastle,4,2025-11-22 17:30:00+00:00,2.51,2.49,2.0,1.0,0,118.0,173.0,True,43,Man City,43,2025-11-22 17:30:00+00:00,0.9711627282464934,1.7240796300500154,2026,2025/26,-0.5099999999999998,-1.4900000000000002,2.5845308175407347,1.4442488366548158
2862,Newcastle,4,2025-11-29 17:30:00+00:00,1.9,0.99,4.0,1.0,0,199.0,124.0,False,11,Everton,11,2025-11-29 17:30:00+00:00,1.29123807808189,1.1165966107985636,2026,2025/26,2.1,0.010000000000000009,1.4714559865074723,0.8866227878767922
2863,Newcastle,4,2025-12-02 20:15:00+00:00,2.03,0.75,2.0,2.0,0,201.0,92.0,True,6,Spurs,6,2025-12-02 20:15:00+00:00,1.4895479334708646,1.2130328735136011,2026,2025/26,-0.029999999999999805,1.25,1.362829590364241,0.6182849751034308
2864,Newcastle,4,2025-12-06 15:00:00+00:00,1.77,1.61,2.0,1.0,0,134.0,87.0,True,90,Burnley,90,2025-12-06 15:00:00+00:00,1.9218152981141023,0.9716234098373828,2026,2025/26,0.22999999999999998,-0.6100000000000001,0.9210042201958324,1.657020594295335
2865,Newcastle,4,2025-12-14 14:00:00+00:00,0.24,0.3,0.0,1.0,0,54.0,58.0,False,56,Sunderland,56,2025-12-14 14:00:00+00:00,1.3374257865992576,0.942434878260954,2026,2025/26,-0.24,0.7,0.17944920937277614,0.31832438179026307
2866,Newcastle,4,2025-12-20 12:30:00+00:00,2.49,1.22,2.0,2.0,0,160.0,124.0,True,8,Chelsea,8,2025-12-20 12:30:00+00:00,1.182794156303825,1.5131209894269402,2026,2025/26,-0.4900000000000002,0.78,2.1051845637969087,0.8062805344218026
2867,Newcastle,4,2025-12-26 20:00:00+00:00,1.18,1.27,0.0,1.0,0,183.0,96.0,False,1,Man Utd,1,2025-12-26 20:00:00+00:00,1.3567551365213588,1.5335313145524865,2026,2025/26,-1.18,-0.27,0.869722154157788,0.8281539398304429
2868,Newcastle,4,2025-12-30 19:30:00+00:00,2.68,1.09,3.0,1.0,0,203.0,119.0,False,90,Burnley,90,2025-12-30 19:30:00+00:00,1.8119822156987755,0.9909379893737408,2026,2025/26,0.31999999999999984,-0.09000000000000008,1.4790432139900893,1.0999679209885425
2869,Newcastle,4,2026-01-04 15:00:00+00:00,2.25,0.7,2.0,0.0,1,211.0,93.0,True,31,Crystal Palace,31,2026-01-04 15:00:00+00:00,1.2927209657260303,1.328719599400617,2026,2025/26,-0.25,-0.7,1.7405148207960977,0.5268229657451946
2870,Newcastle,4,2026-01-07 20:15:00+00:00,2.46,1.89,4.0,3.0,0,210.0,148.0,True,2,Leeds,2,2026-01-07 20:15:00+00:00,1.5618034812324355,1.3430122022845437,2026,2025/26,1.54,1.11,1.5751021364472746,1.407284309692047
2871,Newcastle,4,2026-01-18 14:00:00+00:00,0.95,0.29,0.0,0.0,1,102.0,68.0,False,39,Wolves,39,2026-01-18 14:00:00+00:00,1.4351415336427993,0.9727602472195884,2026,2025/26,-0.95,-0.29,0.6619556174286368,0.2981207351234781
2872,Newcastle,4,2026-01-25 14:00:00+00:00,2.17,1.16,0.0,2.0,0,134.0,166.0,True,7,Aston Villa,7,2026-01-25 14:00:00+00:00,1.3003329695231272,1.3917407030877484,2026,2025/26,-2.17,0.8400000000000001,1.6688033379602818,0.8334885926856898
2873,Newcastle,4,2026-01-31 20:00:00+00:00,0.36,2.28,1.0,4.0,0,83.0,190.0,False,14,Liverpool,14,2026-01-31 20:00:00+00:00,1.1838724348125569,1.6283914430655022,2026,2025/26,0.64,1.7200000000000002,0.30408681663155623,1.4001547414839164
2874,Newcastle,4,2026-02-07 17:30:00+00:00,2.24,1.79,2.0,3.0,0,132.0,114.0,True,94,Brentford,94,2026-02-07 17:30:00+00:00,1.3915625865657262,1.5021904114455702,2026,2025/26,-0.2400000000000002,1.21,1.6097012248138656,1.191593280293587
2875,Newcastle,4,2026-02-10 19:30:00+00:00,2.5,1.85,2.0,1.0,0,239.0,130.0,False,6,Spurs,6,2026-02-10 19:30:00+00:00,1.468445408253893,1.2166393900467438,2026,2025/26,-0.5,-0.8500000000000001,1.7024807227751924,1.5205820353464985
2876,Newcastle,4,2026-02-21 20:00:00+00:00,0.61,1.35,1.0,2.0,0,157.0,180.0,False,43,Man City,43,2026-02-21 20:00:00+00:00,1.0612771925903963,1.7588550275685635,2026,2025/26,0.39,0.6499999999999999,0.5747791474827554,0.7675447827364353
2877,Newcastle,4,2026-02-28 15:00:00+00:00,1.03,2.13,2.0,3.0,0,152.0,143.0,True,11,Everton,11,2026-02-28 15:00:00+00:00,1.3058613811584028,1.1034741952003806,2026,2025/26,0.97,0.8700000000000001,0.7887514056708747,1.9302671591819252
2878,Newcastle,4,2026-03-04 20:15:00+00:00,2.49,1.48,2.0,1.0,0,160.0,144.0,True,1,Man Utd,1,2026-03-04 20:15:00+00:00,1.222458782288438,1.5548036647698709,2026,2025/26,-0.4900000000000002,-0.48,2.0368784911821156,0.9518886747794342
2879,Newcastle,4,2026-03-14 17:30:00+00:00,1.4,1.39,1.0,0.0,1,79.0,137.0,False,8,Chelsea,8,2026-03-14 17:30:00+00:00,1.2727859014880376,1.6962597729850266,2026,2025/26,-0.3999999999999999,-1.39,1.0999493303337458,0.8194499581593685
2880,Newcastle,4,2026-03-22 12:00:00+00:00,1.27,2.45,1.0,2.0,0,129.0,216.0,True,56,Sunderland,56,2026-03-22 12:00:00+00:00,1.4086665092397268,0.9538201101167376,2026,2025/26,-0.27,-0.4500000000000002,0.9015618612849917,2.568618520425351
2881,Newcastle,4,2026-04-12 13:00:00+00:00,1.14,2.56,1.0,2.0,0,91.0,145.0,False,31,Crystal Palace,31,2026-04-12 13:00:00+00:00,1.303504823152169,1.269349293281011,2026,2025/26,-0.1399999999999999,-0.56,0.8745652334781718,2.0167813647124015
2882,Newcastle,4,2026-04-18 14:00:00+00:00,1.6,2.99,1.0,2.0,0,158.0,152.0,True,91,Bournemouth,91,2026-04-18 14:00:00+00:00,1.4943209605098715,1.491322509421651,2026,2025/26,-0.6000000000000001,-0.9900000000000002,1.0707204424503758,2.0049318515010888
2883,Newcastle,4,2026-04-25 16:30:00+00:00,1.0,0.49,0.0,1.0,0,96.0,107.0,False,3,Arsenal,3,2026-04-25 16:30:00+00:00,0.8661109231846553,1.6363925037840243,2026,2025/26,-1.0,0.51,1.1545865237711583,0.29943916197789644
2884,Newcastle,4,2026-05-02 14:00:00+00:00,3.16,1.53,3.0,1.0,0,203.0,137.0,True,36,Brighton,36,2026-05-02 14:00:00+00:00,1.2440455638854426,1.4171719308960729,2026,2025/26,-0.16000000000000014,-0.53,2.5400998900157545,1.079614947660293
2885,Newcastle,4,2026-05-10 13:00:00+00:00,1.47,1.1,1.0,1.0,0,154.0,176.0,False,17,Nott'm Forest,17,2026-05-10 13:00:00+00:00,1.322983253799345,1.2118685235234543,2026,2025/26,-0.47,-0.10000000000000009,1.1111251754536213,0.9076892242417507
2886,Newcastle,4,2026-05-17 16:30:00+00:00,1.73,0.95,3.0,1.0,0,186.0,203.0,True,21,West Ham,21,2026-05-17 16:30:00+00:00,1.514256060922121,1.153413525014943,2026,2025/26,1.27,0.050000000000000044,1.1424752026064202,0.8236421538300344
2887,Newcastle,4,2026-05-24 15:00:00+00:00,0.3,1.81,0.0,2.0,0,70.0,160.0,False,54,Fulham,54,2026-05-24 15:00:00+00:00,1.349694881261339,1.2468642641896364,2026,2025/26,-0.3,0.18999999999999995,0.22227245888318037,1.4516415715678224
2888,Nott'm Forest,17,2025-08-17 13:00:00+00:00,1.86,1.5,3.0,1.0,0,138.0,90.0,True,94,Brentford,94,2025-08-17 13:00:00+00:00,1.4075263905045388,1.4892835864142255,2026,2025/26,1.14,-0.5,1.3214672297073369,1.0071956836720242
2889,Nott'm Forest,17,2025-08-24 13:00:00+00:00,0.93,1.1,1.0,1.0,0,74.0,102.0,False,31,Crystal Palace,31,2025-08-24 13:00:00+00:00,1.2509235074225813,1.3962270616223562,2026,2025/26,0.06999999999999995,-0.10000000000000009,0.7434507341829268,0.7878374730266631
2890,Nott'm Forest,17,2025-08-31 13:00:00+00:00,0.74,2.42,0.0,3.0,0,125.0,156.0,True,21,West Ham,21,2025-08-31 13:00:00+00:00,1.5209636870303895,1.1230539710444312,2026,2025/26,-0.74,0.5800000000000001,0.48653364068462107,2.154838558426021
2891,Nott'm Forest,17,2025-09-13 11:30:00+00:00,0.19,1.84,0.0,3.0,0,52.0,208.0,False,3,Arsenal,3,2025-09-13 11:30:00+00:00,0.9138035009417528,1.5942876292408965,2026,2025/26,-0.19,1.16,0.20792216248262205,1.1541204775427487
2892,Nott'm Forest,17,2025-09-20 14:00:00+00:00,1.09,0.85,1.0,1.0,0,184.0,137.0,False,90,Burnley,90,2025-09-20 14:00:00+00:00,1.8733428268299723,1.0475804045791255,2026,2025/26,-0.09000000000000008,0.15000000000000002,0.5818475851771739,0.8113935658633238
2893,Nott'm Forest,17,2025-09-27 16:30:00+00:00,1.6800000000000002,1.19,0.0,1.0,0,182.0,122.0,True,56,Sunderland,56,2025-09-27 16:30:00+00:00,1.1518996624897275,0.9716252010979456,2026,2025/26,-1.6800000000000002,-0.18999999999999995,1.4584603630917221,1.2247520943829873
2894,Nott'm Forest,17,2025-10-05 13:00:00+00:00,0.29,3.28,0.0,2.0,0,86.0,225.0,False,4,Newcastle,4,2025-10-05 13:00:00+00:00,1.0957795380593276,1.5399033646855274,2026,2025/26,-0.29,-1.2799999999999998,0.2646517752225985,2.1300037880427825
2895,Nott'm Forest,17,2025-10-18 11:30:00+00:00,2.36,1.67,0.0,3.0,0,116.0,153.0,True,8,Chelsea,8,2025-10-18 11:30:00+00:00,1.208674362775969,1.4688311627337929,2026,2025/26,-2.36,1.33,1.952552376952693,1.1369584485747095
2896,Nott'm Forest,17,2025-10-26 14:00:00+00:00,0.35,0.59,0.0,2.0,0,65.0,91.0,False,91,Bournemouth,91,2025-10-26 14:00:00+00:00,1.281958415651958,1.387741650553538,2026,2025/26,-0.35,1.4100000000000001,0.27301977640359154,0.4251511798068917
2897,Nott'm Forest,17,2025-11-01 15:00:00+00:00,1.92,1.12,2.0,2.0,0,136.0,125.0,True,1,Man Utd,1,2025-11-01 15:00:00+00:00,1.4211688673079692,1.4315642021278776,2026,2025/26,0.08000000000000007,0.8799999999999999,1.3510006053235146,0.7823609994824064
2898,Nott'm Forest,17,2025-11-09 14:00:00+00:00,2.55,0.69,3.0,1.0,0,158.0,89.0,True,2,Leeds,2,2025-11-09 14:00:00+00:00,1.5954024082641804,1.1614825819167385,2026,2025/26,0.4500000000000002,0.31000000000000005,1.598342829865999,0.594068314706301
2899,Nott'm Forest,17,2025-11-22 15:00:00+00:00,1.62,1.93,3.0,0.0,1,152.0,178.0,False,14,Liverpool,14,2025-11-22 15:00:00+00:00,1.268890445639077,1.7282548634214243,2026,2025/26,1.38,-1.93,1.2767059643073335,1.1167334406796814
2900,Nott'm Forest,17,2025-11-30 14:05:00+00:00,0.7100000000000001,1.53,0.0,2.0,0,151.0,151.0,True,36,Brighton,36,2025-11-30 14:05:00+00:00,1.3066701402420628,1.545589677806647,2026,2025/26,-0.7100000000000001,0.47,0.5433659024828342,0.9899134433734248
2901,Nott'm Forest,17,2025-12-03 19:30:00+00:00,0.74,0.91,1.0,0.0,1,99.0,47.0,False,39,Wolves,39,2025-12-03 19:30:00+00:00,1.4705509540240391,0.9802710382697992,2026,2025/26,0.26,-0.91,0.5032127570792785,0.928314684891814
2902,Nott'm Forest,17,2025-12-06 15:00:00+00:00,0.53,1.12,0.0,3.0,0,71.0,134.0,False,11,Everton,11,2025-12-06 15:00:00+00:00,1.2758130280000202,1.1235070514550876,2026,2025/26,-0.53,1.88,0.4154213731700439,0.9968784784656711
2903,Nott'm Forest,17,2025-12-14 14:00:00+00:00,2.34,0.33,3.0,0.0,1,158.0,56.0,True,6,Spurs,6,2025-12-14 14:00:00+00:00,1.4728692955714386,1.235007869356469,2026,2025/26,0.6600000000000001,-0.33,1.588735678743398,0.26720477511771207
2904,Nott'm Forest,17,2025-12-22 20:00:00+00:00,0.59,1.5,0.0,1.0,0,76.0,86.0,False,54,Fulham,54,2025-12-22 20:00:00+00:00,1.423541346859284,1.1974853462952768,2026,2025/26,-0.59,-0.5,0.4144593350250761,1.2526249316040723
2905,Nott'm Forest,17,2025-12-27 12:30:00+00:00,0.57,1.45,1.0,2.0,0,58.0,163.0,True,43,Man City,43,2025-12-27 12:30:00+00:00,1.0337533333797098,1.842838283862104,2026,2025/26,0.43000000000000005,0.55,0.5513887903378902,0.7868297574984071
2906,Nott'm Forest,17,2025-12-30 19:30:00+00:00,1.55,1.26,0.0,2.0,0,195.0,100.0,True,11,Everton,11,2025-12-30 19:30:00+00:00,1.2833297775193817,1.073811321047283,2026,2025/26,-1.55,0.74,1.2077955543087917,1.1733904972906488
2907,Nott'm Forest,17,2026-01-03 12:30:00+00:00,0.88,1.59,1.0,3.0,0,111.0,150.0,False,7,Aston Villa,7,2026-01-03 12:30:00+00:00,1.3375609724041144,1.3956662078633166,2026,2025/26,0.12,1.41,0.6579139330136851,1.1392408808365413
2908,Nott'm Forest,17,2026-01-06 20:00:00+00:00,1.38,0.95,2.0,1.0,0,143.0,115.0,False,21,West Ham,21,2026-01-06 20:00:00+00:00,1.672801527244085,1.0425460421039028,2026,2025/26,0.6200000000000001,0.050000000000000044,0.8249633788137011,0.9112307386279641
2909,Nott'm Forest,17,2026-01-17 17:30:00+00:00,0.3399999999999999,2.1,0.0,0.0,1,38.0,179.0,True,3,Arsenal,3,2026-01-17 17:30:00+00:00,0.8444839229033299,1.6847480763382112,2026,2025/26,-0.3399999999999999,-2.1,0.40261275647626577,1.2464771614782526
2910,Nott'm Forest,17,2026-01-25 14:00:00+00:00,0.77,1.81,2.0,0.0,1,89.0,128.0,False,94,Brentford,94,2026-01-25 14:00:00+00:00,1.3540333172913557,1.5202100300640953,2026,2025/26,1.23,-1.81,0.5686713836113934,1.1906249558974997
2911,Nott'm Forest,17,2026-02-01 14:00:00+00:00,0.48,1.9,1.0,1.0,0,69.0,104.0,True,31,Crystal Palace,31,2026-02-01 14:00:00+00:00,1.3490635921574952,1.290351376160784,2026,2025/26,0.52,-0.8999999999999999,0.35580235267661336,1.472467139650844
2912,Nott'm Forest,17,2026-02-06 20:00:00+00:00,1.35,2.5,1.0,3.0,0,166.0,180.0,False,2,Leeds,2,2026-02-06 20:00:00+00:00,1.535318286136284,1.333987341259006,2026,2025/26,-0.3500000000000001,0.5,0.8792965030054791,1.874080752251008
2913,Nott'm Forest,17,2026-02-11 19:30:00+00:00,2.67,0.42,0.0,0.0,1,284.0,69.0,True,39,Wolves,39,2026-02-11 19:30:00+00:00,1.4654143326185969,0.9141550515584858,2026,2025/26,-2.67,-0.42,1.8220102946781538,0.4594406597480026
2914,Nott'm Forest,17,2026-02-22 14:00:00+00:00,1.18,1.73,0.0,1.0,0,105.0,177.0,True,14,Liverpool,14,2026-02-22 14:00:00+00:00,1.1918955103474718,1.6304932582298073,2026,2025/26,-1.18,-0.73,0.9900196701437327,1.0610286128249466
2915,Nott'm Forest,17,2026-03-01 14:00:00+00:00,0.93,1.31,1.0,2.0,0,98.0,149.0,False,36,Brighton,36,2026-03-01 14:00:00+00:00,1.3348007700356208,1.3771863381764984,2026,2025/26,0.06999999999999995,0.69,0.69673319110775,0.9512147802268659
2916,Nott'm Forest,17,2026-03-04 19:30:00+00:00,0.97,2.12,2.0,2.0,0,105.0,212.0,False,43,Man City,43,2026-03-04 19:30:00+00:00,1.0800283396360146,1.7643770783526629,2026,2025/26,1.03,-0.1200000000000001,0.8981245809965543,1.2015572101964564
2917,Nott'm Forest,17,2026-03-15 14:00:00+00:00,0.94,1.03,0.0,0.0,1,69.0,59.0,True,54,Fulham,54,2026-03-15 14:00:00+00:00,1.3925455303343135,1.2691937742223285,2026,2025/26,-0.94,-1.03,0.675022812197983,0.811538805909374
2918,Nott'm Forest,17,2026-03-22 14:15:00+00:00,1.49,1.14,3.0,0.0,1,163.0,110.0,False,6,Spurs,6,2026-03-22 14:15:00+00:00,1.5618083640489615,1.205982470620412,2026,2025/26,1.51,-1.14,0.954022295115132,0.9452873717256705
2919,Nott'm Forest,17,2026-04-12 13:00:00+00:00,1.15,1.02,1.0,1.0,0,139.0,121.0,True,7,Aston Villa,7,2026-04-12 13:00:00+00:00,1.3300131513567763,1.308947011869274,2026,2025/26,-0.1499999999999999,-0.020000000000000018,0.8646531042395025,0.7792523232421485
2920,Nott'm Forest,17,2026-04-19 13:00:00+00:00,1.19,0.36,4.0,1.0,0,138.0,79.0,True,90,Burnley,90,2026-04-19 13:00:00+00:00,1.8611674969895275,0.8988684633553767,2026,2025/26,2.81,0.64,0.6393836137396804,0.4005035382553747
2921,Nott'm Forest,17,2026-04-24 19:00:00+00:00,1.11,0.7,4.0,0.0,1,123.0,137.0,False,56,Sunderland,56,2026-04-24 19:00:00+00:00,1.4382313743411137,1.026582505120449,2026,2025/26,2.8899999999999997,-0.7,0.7717812445222982,0.6818740788085698
2922,Nott'm Forest,17,2026-05-04 14:00:00+00:00,2.05,2.15,3.0,1.0,0,115.0,192.0,False,8,Chelsea,8,2026-05-04 14:00:00+00:00,1.3819731408787392,1.53668803658398,2026,2025/26,0.9500000000000002,-1.15,1.483386282526801,1.3991128640393384
2923,Nott'm Forest,17,2026-05-10 13:00:00+00:00,1.11,1.48,1.0,1.0,0,176.0,154.0,True,4,Newcastle,4,2026-05-10 13:00:00+00:00,1.406183471839031,1.5341141392319428,2026,2025/26,-0.1100000000000001,-0.48,0.7893706776032028,0.9647261322687273
2924,Nott'm Forest,17,2026-05-17 11:30:00+00:00,1.88,4.57,2.0,3.0,0,148.0,252.0,False,1,Man Utd,1,2026-05-17 11:30:00+00:00,1.2866612456421826,1.5030919357029466,2026,2025/26,0.1200000000000001,-1.5700000000000003,1.4611460525195792,3.0403995201150233
2925,Nott'm Forest,17,2026-05-24 15:00:00+00:00,1.74,0.95,1.0,1.0,0,135.0,137.0,True,91,Bournemouth,91,2026-05-24 15:00:00+00:00,1.4160661089773476,1.5001672518168765,2026,2025/26,-0.74,0.050000000000000044,1.2287561922208494,0.6332627237725925
2926,Sunderland,56,2025-08-16 14:00:00+00:00,0.68,0.56,3.0,0.0,1,137.0,121.0,True,21,West Ham,21,2025-08-16 14:00:00+00:00,1.5003602839495784,1.1048672083322268,2026,2025/26,2.32,-0.56,0.45322447366438845,0.5068482400209052
2927,Sunderland,56,2025-08-23 14:00:00+00:00,0.76,1.0,0.0,2.0,0,67.0,75.0,False,90,Burnley,90,2025-08-23 14:00:00+00:00,1.8717128305543744,1.0798923958790203,2026,2025/26,-0.76,1.0,0.4060451943233722,0.9260181883084854
2928,Sunderland,56,2025-08-30 14:00:00+00:00,1.54,1.2,2.0,1.0,0,95.0,86.0,True,94,Brentford,94,2025-08-30 14:00:00+00:00,1.3947803474484766,1.455094688145969,2026,2025/26,0.45999999999999996,-0.19999999999999996,1.104116503230906,0.824688599151577
2929,Sunderland,56,2025-09-13 14:00:00+00:00,0.36,1.77,0.0,0.0,1,47.0,167.0,False,31,Crystal Palace,31,2025-09-13 14:00:00+00:00,1.2012331652899526,1.4268985969882753,2026,2025/26,-0.36,-1.77,0.2996920251640767,1.2404525477394832
2930,Sunderland,56,2025-09-21 13:00:00+00:00,1.06,0.71,1.0,1.0,0,104.0,109.0,True,7,Aston Villa,7,2025-09-21 13:00:00+00:00,1.3291323685879424,1.289350758438819,2026,2025/26,-0.06000000000000005,0.29000000000000004,0.7975127421854409,0.5506647398724046
2931,Sunderland,56,2025-09-27 16:30:00+00:00,1.2,1.68,1.0,0.0,1,122.0,182.0,False,17,Nott'm Forest,17,2025-09-27 16:30:00+00:00,1.4405459457622274,1.1429261523926848,2026,2025/26,-0.19999999999999996,-1.68,0.8330175122356483,1.4699112418444233
2932,Sunderland,56,2025-10-04 14:00:00+00:00,0.72,1.84,0.0,2.0,0,77.0,178.0,False,1,Man Utd,1,2025-10-04 14:00:00+00:00,1.3896088505685644,1.399657138618727,2026,2025/26,-0.72,0.15999999999999992,0.5181314149700535,1.3146076629994057
2933,Sunderland,56,2025-10-18 14:00:00+00:00,0.64,0.83,1.0,0.0,1,79.0,137.0,True,39,Wolves,39,2025-10-18 14:00:00+00:00,1.4087403882892002,1.0410669388336171,2026,2025/26,0.36,-0.83,0.4543065601868827,0.7972590128833686
2934,Sunderland,56,2025-10-25 14:00:00+00:00,1.31,0.9,2.0,1.0,0,116.0,178.0,False,8,Chelsea,8,2025-10-25 14:00:00+00:00,1.2198637823438183,1.4787716293593758,2026,2025/26,0.69,0.09999999999999998,1.073890395764514,0.6086132450281674
2935,Sunderland,56,2025-11-03 20:00:00+00:00,1.09,0.86,1.0,1.0,0,135.0,76.0,True,11,Everton,11,2025-11-03 20:00:00+00:00,1.2910734945029536,1.1274590745474802,2026,2025/26,-0.09000000000000008,0.14,0.8442586767065773,0.7627771325936348
2936,Sunderland,56,2025-11-08 17:30:00+00:00,0.43,1.91,2.0,2.0,0,68.0,194.0,True,3,Arsenal,3,2025-11-08 17:30:00+00:00,0.8185578772817854,1.639413588267416,2026,2025/26,1.57,0.09000000000000008,0.5253141065942905,1.1650507313523906
2937,Sunderland,56,2025-11-22 15:00:00+00:00,0.1699999999999999,2.16,0.0,1.0,0,82.0,210.0,False,54,Fulham,54,2025-11-22 15:00:00+00:00,1.3783512227501902,1.1612893062702865,2026,2025/26,-0.1699999999999999,-1.1600000000000001,0.12333576318871985,1.8600016277918492
2938,Sunderland,56,2025-11-29 15:00:00+00:00,1.28,1.7,3.0,2.0,0,155.0,200.0,True,91,Bournemouth,91,2025-11-29 15:00:00+00:00,1.3728407422773576,1.4045629114125875,2026,2025/26,1.72,0.30000000000000004,0.9323732612106578,1.210340943924176
2939,Sunderland,56,2025-12-03 20:15:00+00:00,0.41,1.45,1.0,1.0,0,83.0,151.0,False,14,Liverpool,14,2025-12-03 20:15:00+00:00,1.2541174989160753,1.6722893709418738,2026,2025/26,0.5900000000000001,-0.44999999999999996,0.3269231155408963,0.8670748168322836
2940,Sunderland,56,2025-12-06 15:00:00+00:00,0.72,2.42,0.0,3.0,0,43.0,202.0,False,43,Man City,43,2025-12-06 15:00:00+00:00,1.0329827183518852,1.813987264841172,2026,2025/26,-0.72,0.5800000000000001,0.6970106926365174,1.334077723093546
2941,Sunderland,56,2025-12-14 14:00:00+00:00,0.3,0.24,0.0,0.0,1,58.0,54.0,True,4,Newcastle,4,2025-12-14 14:00:00+00:00,1.220017815508856,1.4987951075715409,2026,2025/26,-0.3,-0.24,0.24589804852552363,0.1601286251787049
2942,Sunderland,56,2025-12-20 15:00:00+00:00,1.4,1.13,0.0,0.0,1,162.0,126.0,False,36,Brighton,36,2025-12-20 15:00:00+00:00,1.3474765613023916,1.543986577620892,2026,2025/26,-1.4,-1.13,1.0389791111816018,0.7318716473178164
2943,Sunderland,56,2025-12-28 14:00:00+00:00,0.71,2.17,1.0,1.0,0,105.0,206.0,True,2,Leeds,2,2025-12-28 14:00:00+00:00,1.608923970364872,1.3533434670592324,2026,2025/26,0.29000000000000004,-1.17,0.4412887203358566,1.6034362693716868
2944,Sunderland,56,2026-01-01 20:00:00+00:00,0.81,2.25,0.0,0.0,1,122.0,192.0,True,43,Man City,43,2026-01-01 20:00:00+00:00,1.0302559256520882,1.8335178818012257,2026,2025/26,-0.81,-2.25,0.7862124156066563,1.227149198997518
2945,Sunderland,56,2026-01-04 15:00:00+00:00,0.48,1.18,1.0,1.0,0,99.0,152.0,False,6,Spurs,6,2026-01-04 15:00:00+00:00,1.376782746767148,1.180104088834928,2026,2025/26,0.52,-0.17999999999999994,0.34863888375061197,0.9999117969034149
2946,Sunderland,56,2026-01-07 19:30:00+00:00,1.72,3.24,0.0,3.0,0,98.0,234.0,False,94,Brentford,94,2026-01-07 19:30:00+00:00,1.3736815993298863,1.4774687676074485,2026,2025/26,-1.72,-0.2400000000000002,1.2521096597923826,2.192939756856398
2947,Sunderland,56,2026-01-17 15:00:00+00:00,1.83,0.61,2.0,1.0,0,170.0,90.0,True,31,Crystal Palace,31,2026-01-17 15:00:00+00:00,1.3291971632991528,1.302456755484987,2026,2025/26,0.16999999999999993,0.39,1.3767709189642132,0.4683456839784737
2948,Sunderland,56,2026-01-24 12:30:00+00:00,0.6699999999999999,1.52,1.0,3.0,0,60.0,126.0,False,21,West Ham,21,2026-01-24 12:30:00+00:00,1.649322867542757,1.1057071959037137,2026,2025/26,0.33000000000000007,1.48,0.40622731496968767,1.3746858170328518
2949,Sunderland,56,2026-02-02 20:00:00+00:00,1.51,0.06,2.0,0.0,1,127.0,25.0,True,90,Burnley,90,2026-02-02 20:00:00+00:00,1.88115689344738,0.92837398104857,2026,2025/26,0.49,-0.06,0.8026975342991177,0.06462912708112718
2950,Sunderland,56,2026-02-07 15:00:00+00:00,0.18,1.49,0.0,3.0,0,62.0,173.0,False,3,Arsenal,3,2026-02-07 15:00:00+00:00,0.8334121284161116,1.7032711488861012,2026,2025/26,-0.18,1.51,0.21597957824550448,0.8747873179055634
2951,Sunderland,56,2026-02-11 20:15:00+00:00,0.61,2.53,0.0,1.0,0,112.0,190.0,True,14,Liverpool,14,2026-02-11 20:15:00+00:00,1.2248121910396266,1.6216214718182598,2026,2025/26,-0.61,-1.5299999999999998,0.4980355392137541,1.5601668107929103
2952,Sunderland,56,2026-02-22 14:00:00+00:00,1.85,1.88,1.0,3.0,0,112.0,123.0,True,54,Fulham,54,2026-02-22 14:00:00+00:00,1.4543601569586355,1.24313259849194,2026,2025/26,-0.8500000000000001,1.12,1.2720370474592266,1.5123085037594959
2953,Sunderland,56,2026-02-28 12:30:00+00:00,1.45,1.71,1.0,1.0,0,105.0,171.0,False,91,Bournemouth,91,2026-02-28 12:30:00+00:00,1.511303598423834,1.4794567634096445,2026,2025/26,-0.44999999999999996,-0.71,0.9594366092373704,1.1558296547031437
2954,Sunderland,56,2026-03-03 19:30:00+00:00,0.8600000000000001,1.15,1.0,0.0,1,37.0,146.0,False,2,Leeds,2,2026-03-03 19:30:00+00:00,1.52714271695409,1.3367619080298796,2026,2025/26,0.1399999999999999,-1.15,0.5631431761107982,0.8602878291878249
2955,Sunderland,56,2026-03-14 15:00:00+00:00,0.91,1.68,0.0,1.0,0,115.0,149.0,True,36,Brighton,36,2026-03-14 15:00:00+00:00,1.2799121165414622,1.348855555786511,2026,2025/26,-0.91,-0.6799999999999999,0.7109863155753015,1.24550030045315
2956,Sunderland,56,2026-03-22 12:00:00+00:00,2.53,1.27,2.0,1.0,0,216.0,129.0,False,4,Newcastle,4,2026-03-22 12:00:00+00:00,1.3637580915919243,1.5273886495716908,2026,2025/26,-0.5299999999999998,-0.27,1.855167727765203,0.8314845081218408
2957,Sunderland,56,2026-04-12 13:00:00+00:00,1.33,0.84,1.0,0.0,1,110.0,177.0,True,6,Spurs,6,2026-04-12 13:00:00+00:00,1.5658881112517709,1.183573998493955,2026,2025/26,-0.33000000000000007,-0.84,0.8493582590245213,0.7097148138340842
2958,Sunderland,56,2026-04-19 13:00:00+00:00,1.71,2.84,3.0,4.0,0,135.0,237.0,False,7,Aston Villa,7,2026-04-19 13:00:00+00:00,1.329580029262904,1.336929697324256,2026,2025/26,1.29,1.1600000000000001,1.2861204007012605,2.1242702631888597
2959,Sunderland,56,2026-04-24 19:00:00+00:00,0.72,1.1,0.0,5.0,0,137.0,123.0,True,17,Nott'm Forest,17,2026-04-24 19:00:00+00:00,1.3156016990710118,1.1453144320096955,2026,2025/26,-0.72,3.9,0.5472781013496827,0.9604349419310279
2960,Sunderland,56,2026-05-02 14:00:00+00:00,0.6599999999999999,1.72,1.0,1.0,0,101.0,234.0,False,39,Wolves,39,2026-05-02 14:00:00+00:00,1.5306477705962471,0.910834015737254,2026,2025/26,0.3400000000000001,-0.72,0.43118999202729974,1.8883791890532162
2961,Sunderland,56,2026-05-09 14:00:00+00:00,1.25,0.62,0.0,0.0,1,151.0,77.0,True,1,Man Utd,1,2026-05-09 14:00:00+00:00,1.2880790107160154,1.4962559757071348,2026,2025/26,-1.25,-0.62,0.9704373641684853,0.41436760157765534
2962,Sunderland,56,2026-05-17 14:00:00+00:00,0.77,1.04,3.0,1.0,0,76.0,121.0,False,11,Everton,11,2026-05-17 14:00:00+00:00,1.4329496204166792,1.2215516935554498,2026,2025/26,2.23,-0.040000000000000036,0.5373531553580343,0.8513761681038441
2963,Sunderland,56,2026-05-24 15:00:00+00:00,1.85,0.89,1.0,1.0,0,191.0,72.0,True,8,Chelsea,8,2026-05-24 15:00:00+00:00,1.3734566898964145,1.4721616530258128,2026,2025/26,-0.8500000000000001,0.10999999999999999,1.3469663904287557,0.6045531740150515
2964,Spurs,6,2025-08-16 14:00:00+00:00,2.33,0.94,3.0,0.0,1,197.0,112.0,True,90,Burnley,90,2025-08-16 14:00:00+00:00,1.8832272244636568,1.0759874880826488,2026,2025/26,0.6699999999999999,-0.94,1.237237848801588,0.8736161065172132
2965,Spurs,6,2025-08-23 11:30:00+00:00,1.12,1.55,2.0,0.0,1,141.0,128.0,False,43,Man City,43,2025-08-23 11:30:00+00:00,1.0626294184015603,1.732004261457721,2026,2025/26,0.8799999999999999,-1.55,1.0539892653120204,0.8949169667143086
2966,Spurs,6,2025-08-30 14:00:00+00:00,0.19,1.59,0.0,1.0,0,60.0,188.0,True,91,Bournemouth,91,2025-08-30 14:00:00+00:00,1.3267869078160477,1.4338119435223615,2026,2025/26,-0.19,-0.5900000000000001,0.14320310132751365,1.1089320375543397
2967,Spurs,6,2025-09-13 16:30:00+00:00,1.3,0.6,3.0,0.0,1,209.0,88.0,False,21,West Ham,21,2025-09-13 16:30:00+00:00,1.5117609729940895,1.1276485602631814,2026,2025/26,1.7,-0.6,0.8599243023355139,0.532080668696962
2968,Spurs,6,2025-09-20 14:00:00+00:00,1.23,1.32,1.0,2.0,0,165.0,108.0,False,36,Brighton,36,2025-09-20 14:00:00+00:00,1.375125549038144,1.5459825339050317,2026,2025/26,-0.22999999999999998,0.6799999999999999,0.8944637824963294,0.853825946316342
2969,Spurs,6,2025-09-27 19:00:00+00:00,0.87,1.15,1.0,1.0,0,115.0,108.0,True,39,Wolves,39,2025-09-27 19:00:00+00:00,1.4396737398148796,1.0804311733270051,2026,2025/26,0.13,-0.1499999999999999,0.6043035834715363,1.0643898735897903
2970,Spurs,6,2025-10-04 11:30:00+00:00,0.54,1.68,2.0,1.0,0,76.0,144.0,False,2,Leeds,2,2025-10-04 11:30:00+00:00,1.631799752838928,1.152401855634544,2026,2025/26,1.46,-0.6799999999999999,0.33092295734236604,1.4578247959128339
2971,Spurs,6,2025-10-19 13:00:00+00:00,0.74,0.32,1.0,2.0,0,110.0,38.0,True,7,Aston Villa,7,2025-10-19 13:00:00+00:00,1.274005927827806,1.2773045059013937,2026,2025/26,0.26,1.68,0.5808450210759286,0.2505275746868019
2972,Spurs,6,2025-10-26 16:30:00+00:00,2.08,1.53,3.0,0.0,1,115.0,112.0,False,11,Everton,11,2025-10-26 16:30:00+00:00,1.285969248336287,1.133551356256269,2026,2025/26,0.9199999999999999,-1.53,1.6174570291560115,1.3497403461745792
2973,Spurs,6,2025-11-01 17:30:00+00:00,0.1,3.68,0.0,1.0,0,51.0,216.0,True,8,Chelsea,8,2025-11-01 17:30:00+00:00,1.2186218626250436,1.476589091862445,2026,2025/26,-0.1,-2.68,0.0820599096955221,2.4922302489437724
2974,Spurs,6,2025-11-08 12:30:00+00:00,0.93,0.63,2.0,2.0,0,109.0,91.0,True,1,Man Utd,1,2025-11-08 12:30:00+00:00,1.4291166474506158,1.423745780121589,2026,2025/26,1.0699999999999998,1.37,0.6507516385447024,0.4424947267946933
2975,Spurs,6,2025-11-23 16:30:00+00:00,0.08,1.93,1.0,4.0,0,29.0,181.0,False,3,Arsenal,3,2025-11-23 16:30:00+00:00,0.8204470219547011,1.668477498152332,2026,2025/26,0.92,2.0700000000000003,0.097507819346338,1.1567431997957882
2976,Spurs,6,2025-11-29 20:00:00+00:00,0.8600000000000001,0.45,1.0,2.0,0,111.0,64.0,True,54,Fulham,54,2025-11-29 20:00:00+00:00,1.3538065222587086,1.1711031114503885,2026,2025/26,0.1399999999999999,1.55,0.6352458684902513,0.38425309915083716
2977,Spurs,6,2025-12-02 20:15:00+00:00,0.74,2.04,2.0,2.0,0,92.0,201.0,False,4,Newcastle,4,2025-12-02 20:15:00+00:00,1.232626148376694,1.5296502869059223,2026,2025/26,1.26,-0.040000000000000036,0.6003442333058912,1.333638163874947
2978,Spurs,6,2025-12-06 15:00:00+00:00,2.17,0.29,2.0,0.0,1,182.0,53.0,True,94,Brentford,94,2025-12-06 15:00:00+00:00,1.3382961660939512,1.483800064956024,2026,2025/26,-0.16999999999999993,-0.29,1.6214647063762577,0.19544412138072986
2979,Spurs,6,2025-12-14 14:00:00+00:00,0.33,2.32,0.0,3.0,0,56.0,158.0,False,17,Nott'm Forest,17,2025-12-14 14:00:00+00:00,1.4155395373505328,1.154338052734119,2026,2025/26,-0.33,0.6800000000000002,0.23312665686305126,2.0098098598629237
2980,Spurs,6,2025-12-20 17:30:00+00:00,1.06,0.66,1.0,2.0,0,111.0,146.0,True,14,Liverpool,14,2025-12-20 17:30:00+00:00,1.243397447304966,1.6548835921845608,2026,2025/26,-0.06000000000000005,1.3399999999999999,0.8525029565546596,0.3988195925785658
2981,Spurs,6,2025-12-28 16:30:00+00:00,0.8300000000000001,1.31,1.0,0.0,1,112.0,134.0,False,31,Crystal Palace,31,2025-12-28 16:30:00+00:00,1.2510715529443637,1.372633318705557,2026,2025/26,0.16999999999999993,-1.31,0.6634312786080198,0.9543699560166422
2982,Spurs,6,2026-01-01 20:00:00+00:00,1.0,0.83,0.0,0.0,1,101.0,79.0,False,94,Brentford,94,2026-01-01 20:00:00+00:00,1.3845098900728623,1.4293982635970317,2026,2025/26,-1.0,-0.83,0.7222772528893768,0.5806639207125756
2983,Spurs,6,2026-01-04 15:00:00+00:00,1.19,0.48,1.0,1.0,0,152.0,99.0,True,56,Sunderland,56,2026-01-04 15:00:00+00:00,1.3316882671969392,0.9116229921163423,2026,2025/26,-0.18999999999999995,0.52,0.8936025264417341,0.5265334509451928
2984,Spurs,6,2026-01-07 19:30:00+00:00,1.24,1.27,2.0,3.0,0,157.0,99.0,False,91,Bournemouth,91,2026-01-07 19:30:00+00:00,1.4793458681339586,1.463926342958625,2026,2025/26,0.76,1.73,0.8382083099769843,0.8675299861284717
2985,Spurs,6,2026-01-17 15:00:00+00:00,1.49,2.69,1.0,2.0,0,233.0,170.0,True,21,West Ham,21,2026-01-17 15:00:00+00:00,1.6774010336918108,1.0673398246537134,2026,2025/26,-0.49,-0.69,0.8882789327491006,2.520284484721387
2986,Spurs,6,2026-01-24 15:00:00+00:00,2.06,1.44,2.0,2.0,0,257.0,126.0,False,90,Burnley,90,2026-01-24 15:00:00+00:00,1.8777213808614457,0.9371934544965994,2026,2025/26,-0.06000000000000005,0.56,1.0970743694972094,1.53650240843122
2987,Spurs,6,2026-02-01 16:30:00+00:00,1.05,2.08,2.0,2.0,0,144.0,138.0,True,43,Man City,43,2026-02-01 16:30:00+00:00,1.0396674945138047,1.725641614552094,2026,2025/26,0.95,-0.08000000000000007,1.0099382788638855,1.2053487714132827
2988,Spurs,6,2026-02-07 12:30:00+00:00,0.49,1.78,0.0,2.0,0,63.0,208.0,False,1,Man Utd,1,2026-02-07 12:30:00+00:00,1.2947011791793257,1.5793321866965098,2026,2025/26,-0.49,0.21999999999999997,0.3784657092153087,1.1270586485818588
2989,Spurs,6,2026-02-10 19:30:00+00:00,1.85,2.48,1.0,2.0,0,130.0,239.0,True,4,Newcastle,4,2026-02-10 19:30:00+00:00,1.3056883900592864,1.5479304754425436,2026,2025/26,-0.8500000000000001,-0.48,1.4168771156156168,1.6021391395443543
2990,Spurs,6,2026-02-22 16:30:00+00:00,0.76,2.07,1.0,4.0,0,93.0,219.0,True,3,Arsenal,3,2026-02-22 16:30:00+00:00,0.8209822151266268,1.6672334559315396,2026,2025/26,0.24,1.9300000000000002,0.9257204187824933,1.2415777722283177
2991,Spurs,6,2026-03-01 14:00:00+00:00,0.87,2.14,1.0,2.0,0,104.0,156.0,False,54,Fulham,54,2026-03-01 14:00:00+00:00,1.4507707493892144,1.2767167822940235,2026,2025/26,0.13,-0.14000000000000012,0.5996812386562637,1.6761744105492344
2992,Spurs,6,2026-03-05 20:00:00+00:00,1.59,1.78,1.0,3.0,0,147.0,119.0,True,31,Crystal Palace,31,2026-03-05 20:00:00+00:00,1.3294495637893966,1.2608085552146604,2026,2025/26,-0.5900000000000001,1.22,1.1959836937837216,1.4117924506761808
2993,Spurs,6,2026-03-15 16:30:00+00:00,1.1800000000000002,1.7,1.0,1.0,0,129.0,164.0,False,14,Liverpool,14,2026-03-15 16:30:00+00:00,1.1748813813255248,1.6478864917426432,2026,2025/26,-0.18000000000000016,-0.7,1.0043567110312877,1.0316244526054987
2994,Spurs,6,2026-03-22 14:15:00+00:00,1.15,1.48,0.0,3.0,0,110.0,163.0,True,17,Nott'm Forest,17,2026-03-22 14:15:00+00:00,1.3801298688397547,1.1045024997783144,2026,2025/26,-1.15,1.52,0.8332549175004668,1.3399698056790745
2995,Spurs,6,2026-04-12 13:00:00+00:00,0.8400000000000001,1.33,0.0,1.0,0,177.0,110.0,False,56,Sunderland,56,2026-04-12 13:00:00+00:00,1.3958008958206414,0.9801643651167375,2026,2025/26,-0.8400000000000001,-0.33000000000000007,0.6018050300119159,1.3569152759818983
2996,Spurs,6,2026-04-18 16:30:00+00:00,1.14,0.82,2.0,2.0,0,163.0,123.0,True,36,Brighton,36,2026-04-18 16:30:00+00:00,1.2547635014990075,1.383012948679193,2026,2025/26,0.8600000000000001,1.1800000000000002,0.9085377432783908,0.5929084039185009
2997,Spurs,6,2026-04-25 14:00:00+00:00,0.93,0.7,1.0,0.0,1,109.0,70.0,False,39,Wolves,39,2026-04-25 14:00:00+00:00,1.5529153375581684,0.9099951209997376,2026,2025/26,0.06999999999999995,-0.7,0.5988736008379881,0.7692348935134585
2998,Spurs,6,2026-05-03 18:00:00+00:00,0.98,0.32,2.0,1.0,0,137.0,44.0,False,7,Aston Villa,7,2026-05-03 18:00:00+00:00,1.3411051925031456,1.3262631919098298,2026,2025/26,1.02,0.6799999999999999,0.7307405902819971,0.24127940966166558
2999,Spurs,6,2026-05-11 19:00:00+00:00,1.27,1.34,1.0,1.0,0,124.0,99.0,True,2,Leeds,2,2026-05-11 19:00:00+00:00,1.365567051407443,1.3554144310363954,2026,2025/26,-0.27,-0.3400000000000001,0.9300165807977387,0.9886275144461839
3000,Spurs,6,2026-05-19 19:15:00+00:00,1.72,0.63,1.0,2.0,0,122.0,75.0,False,8,Chelsea,8,2026-05-19 19:15:00+00:00,1.3605014895037395,1.4961731615828946,2026,2025/26,-0.72,1.37,1.2642397037193926,0.4210742554247423
3001,Spurs,6,2026-05-24 15:00:00+00:00,1.15,0.41,1.0,0.0,1,149.0,68.0,True,11,Everton,11,2026-05-24 15:00:00+00:00,1.409048347683331,1.2131511428017818,2026,2025/26,-0.1499999999999999,-0.41,0.8161536840739054,0.3379628354082096
3002,West Ham,21,2025-08-16 14:00:00+00:00,0.5700000000000001,0.68,0.0,3.0,0,121.0,137.0,False,56,Sunderland,56,2025-08-16 14:00:00+00:00,1.104181451970227,1.2598575959838494,2026,2025/26,-0.5700000000000001,2.32,0.5162195026758785,0.5397435409904194
3003,West Ham,21,2025-08-22 19:00:00+00:00,0.72,2.74,1.0,5.0,0,103.0,214.0,True,8,Chelsea,8,2025-08-22 19:00:00+00:00,1.1557508802697718,1.4883901300689912,2026,2025/26,0.28,2.26,0.6229716215590853,1.8409151906113441
3004,West Ham,21,2025-08-31 13:00:00+00:00,2.43,0.73,3.0,0.0,1,156.0,125.0,False,17,Nott'm Forest,17,2025-08-31 13:00:00+00:00,1.4554183818078663,1.1819861747064284,2026,2025/26,0.5699999999999998,-0.73,1.6696229966406946,0.617604516551398
3005,West Ham,21,2025-09-13 16:30:00+00:00,0.59,1.29,0.0,3.0,0,88.0,209.0,True,6,Spurs,6,2025-09-13 16:30:00+00:00,1.5613453463789493,1.3441716784906426,2026,2025/26,-0.59,1.71,0.37787924456835886,0.9596988395474368
3006,West Ham,21,2025-09-20 14:00:00+00:00,0.68,2.31,1.0,2.0,0,121.0,159.0,True,31,Crystal Palace,31,2025-09-20 14:00:00+00:00,1.191070813247621,1.436794042022449,2026,2025/26,0.31999999999999995,-0.31000000000000005,0.5709148376710576,1.6077460877749852
3007,West Ham,21,2025-09-29 19:00:00+00:00,1.17,0.73,1.0,1.0,0,146.0,155.0,False,11,Everton,11,2025-09-29 19:00:00+00:00,1.2115905984254338,1.1172931859316722,2026,2025/26,-0.16999999999999993,0.27,0.9656727293200488,0.6533647651232011
3008,West Ham,21,2025-10-04 14:00:00+00:00,0.49,2.77,0.0,2.0,0,31.0,228.0,False,3,Arsenal,3,2025-10-04 14:00:00+00:00,0.8641035761838021,1.6202797791108268,2026,2025/26,-0.49,-0.77,0.5670616503683731,1.7095812931271128
3009,West Ham,21,2025-10-20 19:00:00+00:00,0.34,2.31,0.0,2.0,0,46.0,250.0,True,94,Brentford,94,2025-10-20 19:00:00+00:00,1.3808735067491773,1.4071531340209469,2026,2025/26,-0.34,-0.31000000000000005,0.24622095965938307,1.641612376187632
3010,West Ham,21,2025-10-24 19:00:00+00:00,0.65,1.49,1.0,2.0,0,78.0,135.0,False,2,Leeds,2,2025-10-24 19:00:00+00:00,1.570740563360666,1.1859299443973126,2026,2025/26,0.35,0.51,0.4138175426050611,1.2563979913309427
3011,West Ham,21,2025-11-02 14:00:00+00:00,1.92,0.52,2.0,1.0,0,191.0,102.0,True,4,Newcastle,4,2025-11-02 14:00:00+00:00,1.128866362473619,1.529957367268382,2026,2025/26,0.08000000000000007,0.48,1.700821340617162,0.3398787516075817
3012,West Ham,21,2025-11-08 15:00:00+00:00,3.05,1.06,3.0,2.0,0,192.0,175.0,True,90,Burnley,90,2025-11-08 15:00:00+00:00,1.9171732111755733,1.0144250009476674,2026,2025/26,-0.04999999999999982,0.94,1.590883902519063,1.0449269280723137
3013,West Ham,21,2025-11-22 15:00:00+00:00,0.64,4.05,2.0,2.0,0,45.0,301.0,False,91,Bournemouth,91,2025-11-22 15:00:00+00:00,1.3579181043145054,1.3590110949021708,2026,2025/26,1.3599999999999999,-2.05,0.47130971887518963,2.9801081206710394
3014,West Ham,21,2025-11-30 14:05:00+00:00,0.3,1.24,0.0,2.0,0,38.0,128.0,True,14,Liverpool,14,2025-11-30 14:05:00+00:00,1.283975017014077,1.7074472038879027,2026,2025/26,-0.3,0.76,0.23364940596559203,0.7262303614287382
3015,West Ham,21,2025-12-04 20:00:00+00:00,0.8,1.56,1.0,1.0,0,111.0,160.0,False,1,Man Utd,1,2025-12-04 20:00:00+00:00,1.3760097742947284,1.4241464614700652,2026,2025/26,0.19999999999999996,-0.56,0.5813912189759254,1.0953929544505563
3016,West Ham,21,2025-12-07 14:00:00+00:00,1.16,1.87,1.0,1.0,0,138.0,210.0,False,36,Brighton,36,2025-12-07 14:00:00+00:00,1.3563371436512326,1.5673499558358357,2026,2025/26,-0.15999999999999992,-0.8700000000000001,0.855244586812172,1.1930966616850844
3017,West Ham,21,2025-12-14 14:00:00+00:00,1.02,0.67,2.0,3.0,0,106.0,74.0,True,7,Aston Villa,7,2025-12-14 14:00:00+00:00,1.2803439780096362,1.3275914704358596,2026,2025/26,0.98,2.33,0.7966609110667627,0.5046733237748456
3018,West Ham,21,2025-12-20 15:00:00+00:00,1.0,2.1,0.0,3.0,0,71.0,229.0,False,43,Man City,43,2025-12-20 15:00:00+00:00,1.0428160122450407,1.8355310810103729,2026,2025/26,-1.0,0.8999999999999999,0.9589419305589069,1.1440830513444913
3019,West Ham,21,2025-12-27 15:00:00+00:00,0.9,1.62,0.0,1.0,0,99.0,187.0,True,54,Fulham,54,2025-12-27 15:00:00+00:00,1.4016400592135256,1.199700367892864,2026,2025/26,-0.9,-0.6200000000000001,0.6421049356316194,1.3503371703097369
3020,West Ham,21,2025-12-30 19:30:00+00:00,2.0500000000000003,2.94,2.0,2.0,0,117.0,179.0,True,36,Brighton,36,2025-12-30 19:30:00+00:00,1.4229210617871098,1.5170686939081408,2026,2025/26,-0.050000000000000266,-0.94,1.4406983318001592,1.9379478409947455
3021,West Ham,21,2026-01-03 15:00:00+00:00,0.25,1.87,0.0,3.0,0,63.0,138.0,False,39,Wolves,39,2026-01-03 15:00:00+00:00,1.480400152968084,0.9611283586528944,2026,2025/26,-0.25,1.13,0.16887326004308362,1.945629824741587
3022,West Ham,21,2026-01-06 20:00:00+00:00,0.95,1.38,0.0,2.0,0,115.0,143.0,True,17,Nott'm Forest,17,2026-01-06 20:00:00+00:00,1.4064318791649224,1.1080209488311974,2026,2025/26,-0.95,0.6200000000000001,0.6754681930020445,1.245463816776841
3023,West Ham,21,2026-01-17 15:00:00+00:00,2.7,1.44,2.0,1.0,0,170.0,233.0,False,6,Spurs,6,2026-01-17 15:00:00+00:00,1.3930651775716163,1.203795185902251,2026,2025/26,-0.7000000000000002,-0.43999999999999995,1.938172056462301,1.1962167791198732
3024,West Ham,21,2026-01-24 12:30:00+00:00,1.5299999999999998,0.67,3.0,1.0,0,126.0,60.0,True,56,Sunderland,56,2026-01-24 12:30:00+00:00,1.3751834982630915,0.9452323299365368,2026,2025/26,1.4700000000000002,0.32999999999999996,1.1125787954352617,0.7088204442234683
3025,West Ham,21,2026-01-31 17:30:00+00:00,1.11,2.7,2.0,3.0,0,140.0,198.0,False,8,Chelsea,8,2026-01-31 17:30:00+00:00,1.3098710748168405,1.5930529764594294,2026,2025/26,0.8899999999999999,0.2999999999999998,0.8474116432834519,1.6948588903808883
3026,West Ham,21,2026-02-07 15:00:00+00:00,1.03,1.34,2.0,0.0,1,86.0,151.0,False,90,Burnley,90,2026-02-07 15:00:00+00:00,1.8806386202651704,0.9280250740706883,2026,2025/26,0.97,-1.34,0.5476862959746992,1.4439265031086124
3027,West Ham,21,2026-02-10 20:15:00+00:00,1.09,0.57,1.0,1.0,0,73.0,82.0,True,1,Man Utd,1,2026-02-10 20:15:00+00:00,1.279574316163011,1.5711980746577816,2026,2025/26,-0.09000000000000008,0.43000000000000005,0.8518457945205739,0.3627804852829584
3028,West Ham,21,2026-02-21 17:30:00+00:00,3.27,0.65,0.0,0.0,1,215.0,89.0,True,91,Bournemouth,91,2026-02-21 17:30:00+00:00,1.5005932095370187,1.4897364723679776,2026,2025/26,-3.27,-0.65,2.179138209621047,0.43631877990260043
3029,West Ham,21,2026-02-28 15:00:00+00:00,1.86,1.84,2.0,5.0,0,167.0,196.0,False,14,Liverpool,14,2026-02-28 15:00:00+00:00,1.194934188586368,1.6470605728426395,2026,2025/26,0.1399999999999999,3.16,1.5565710796177141,1.1171416706456454
3030,West Ham,21,2026-03-04 19:30:00+00:00,1.09,0.89,1.0,0.0,1,85.0,165.0,False,54,Fulham,54,2026-03-04 19:30:00+00:00,1.4188616106884058,1.287885307662951,2026,2025/26,-0.09000000000000008,-0.89,0.7682215036258201,0.6910553251166676
3031,West Ham,21,2026-03-14 20:00:00+00:00,0.54,2.03,1.0,1.0,0,43.0,259.0,True,43,Man City,43,2026-03-14 20:00:00+00:00,1.062361891780385,1.7779739915633783,2026,2025/26,0.45999999999999996,-1.0299999999999998,0.5083013652673741,1.141748984874078
3032,West Ham,21,2026-03-22 14:15:00+00:00,0.93,1.68,0.0,2.0,0,76.0,202.0,False,7,Aston Villa,7,2026-03-22 14:15:00+00:00,1.3384965875617434,1.325917887779613,2026,2025/26,-0.93,0.32000000000000006,0.6948093918521852,1.2670467873492033
3033,West Ham,21,2026-04-10 19:00:00+00:00,2.34,0.59,4.0,0.0,1,191.0,95.0,True,39,Wolves,39,2026-04-10 19:00:00+00:00,1.5271224014331684,0.933500418516829,2026,2025/26,1.6600000000000001,-0.59,1.5322936771826312,0.6320297112854091
3034,West Ham,21,2026-04-20 19:00:00+00:00,0.61,0.73,0.0,0.0,1,113.0,64.0,False,31,Crystal Palace,31,2026-04-20 19:00:00+00:00,1.3015197980686652,1.278415026666428,2026,2025/26,-0.61,-0.73,0.4686828436303339,0.5710195709319335
3035,West Ham,21,2026-04-25 14:00:00+00:00,1.18,1.45,2.0,1.0,0,155.0,108.0,True,11,Everton,11,2026-04-25 14:00:00+00:00,1.3503772280179611,1.1516667245348835,2026,2025/26,0.8200000000000001,-0.44999999999999996,0.8738299013913059,1.2590447992544045
3036,West Ham,21,2026-05-02 14:00:00+00:00,0.92,2.27,0.0,3.0,0,108.0,162.0,False,94,Brentford,94,2026-05-02 14:00:00+00:00,1.3403852484385368,1.4735811111306796,2026,2025/26,-0.92,0.73,0.6863698336517365,1.540464914251125
3037,West Ham,21,2026-05-10 15:30:00+00:00,1.16,1.18,0.0,1.0,0,97.0,137.0,True,3,Arsenal,3,2026-05-10 15:30:00+00:00,0.8466980923706052,1.6467341657708985,2026,2025/26,-1.16,-0.17999999999999994,1.3700278888691064,0.7165698171128898
3038,West Ham,21,2026-05-17 16:30:00+00:00,0.95,1.73,1.0,3.0,0,203.0,186.0,False,4,Newcastle,4,2026-05-17 16:30:00+00:00,1.4192704196641612,1.539599749913151,2026,2025/26,0.050000000000000044,1.27,0.6693579932602247,1.123668667845386
3039,West Ham,21,2026-05-24 15:00:00+00:00,2.62,1.59,3.0,0.0,1,230.0,118.0,True,2,Leeds,2,2026-05-24 15:00:00+00:00,1.4386223414202433,1.3153099748603532,2026,2025/26,0.3799999999999999,-1.59,1.8211867872241383,1.2088405245834244
3040,Wolves,39,2025-08-16 16:30:00+00:00,0.55,2.47,0.0,4.0,0,95.0,147.0,True,43,Man City,43,2025-08-16 16:30:00+00:00,1.073316878272951,1.7456838799634706,2026,2025/26,-0.55,1.5299999999999998,0.5124302162144251,1.414918261175492
3041,Wolves,39,2025-08-23 14:00:00+00:00,0.46,1.29,0.0,1.0,0,52.0,128.0,False,91,Bournemouth,91,2025-08-23 14:00:00+00:00,1.346717799611389,1.4473829724066716,2026,2025/26,-0.46,-0.29000000000000004,0.34157118895490823,0.8912637668073577
3042,Wolves,39,2025-08-30 14:00:00+00:00,1.11,1.93,2.0,3.0,0,108.0,136.0,True,11,Everton,11,2025-08-30 14:00:00+00:00,1.2287243955910188,1.1093097544634265,2026,2025/26,0.8899999999999999,1.07,0.9033758945317335,1.7398206337178939
3043,Wolves,39,2025-09-13 14:00:00+00:00,0.5,1.55,0.0,1.0,0,103.0,169.0,False,4,Newcastle,4,2025-09-13 14:00:00+00:00,1.1401026442853095,1.5886088892166392,2026,2025/26,-0.5,-0.55,0.4385570040611848,0.9756964162301285
3044,Wolves,39,2025-09-20 14:00:00+00:00,1.78,0.48,1.0,3.0,0,198.0,72.0,True,2,Leeds,2,2025-09-20 14:00:00+00:00,1.686660999844376,1.13805863715712,2026,2025/26,-0.78,2.52,1.055339514083883,0.42177088625155906
3045,Wolves,39,2025-09-27 19:00:00+00:00,1.19,0.87,1.0,1.0,0,108.0,115.0,False,6,Spurs,6,2025-09-27 19:00:00+00:00,1.520657938989844,1.3519425934862328,2026,2025/26,-0.18999999999999995,0.13,0.7825560038771794,0.6435184483362898
3046,Wolves,39,2025-10-05 13:00:00+00:00,0.55,1.15,0.0,1.0,0,60.0,165.0,True,36,Brighton,36,2025-10-05 13:00:00+00:00,1.3612810384770326,1.5543715677091865,2026,2025/26,-0.55,-0.1499999999999999,0.4040311915424359,0.7398488391645349
3047,Wolves,39,2025-10-18 14:00:00+00:00,0.84,0.65,0.0,2.0,0,137.0,79.0,False,56,Sunderland,56,2025-10-18 14:00:00+00:00,1.213905576596515,0.9451332405221552,2026,2025/26,-0.84,1.35,0.6919813337995762,0.6877337206348771
3048,Wolves,39,2025-10-26 14:00:00+00:00,2.52,1.43,2.0,3.0,0,198.0,146.0,True,90,Burnley,90,2025-10-26 14:00:00+00:00,1.867759673733568,1.0187953522382014,2026,2025/26,-0.52,1.57,1.3492099842602516,1.4036184959603704
3049,Wolves,39,2025-11-01 15:00:00+00:00,0.24,1.39,0.0,3.0,0,69.0,172.0,False,54,Fulham,54,2025-11-01 15:00:00+00:00,1.398756232875061,1.1633957822249013,2026,2025/26,-0.24,1.61,0.17158100486651212,1.194778269989716
3050,Wolves,39,2025-11-08 20:00:00+00:00,0.17,3.31,0.0,3.0,0,20.0,228.0,False,8,Chelsea,8,2025-11-08 20:00:00+00:00,1.1955824396250434,1.522813928893695,2026,2025/26,-0.17,-0.31000000000000005,0.14219011116733626,2.173607646473705
3051,Wolves,39,2025-11-22 15:00:00+00:00,1.86,1.27,0.0,2.0,0,73.0,103.0,True,31,Crystal Palace,31,2025-11-22 15:00:00+00:00,1.2063611425912926,1.4288339865962911,2026,2025/26,-1.86,0.73,1.5418268496320062,0.888836640165133
3052,Wolves,39,2025-11-30 14:05:00+00:00,0.5,1.0,0.0,1.0,0,105.0,151.0,False,7,Aston Villa,7,2025-11-30 14:05:00+00:00,1.2170734352404329,1.266250354484285,2026,2025/26,-0.5,0.0,0.4108215540019777,0.7897332438712543
3053,Wolves,39,2025-12-03 19:30:00+00:00,0.92,0.74,0.0,1.0,0,47.0,99.0,True,17,Nott'm Forest,17,2025-12-03 19:30:00+00:00,1.4661141305775365,1.1666964810022518,2026,2025/26,-0.92,0.26,0.6275091282542858,0.6342695054366687
3054,Wolves,39,2025-12-08 20:00:00+00:00,0.4,4.1,1.0,4.0,0,81.0,249.0,True,1,Man Utd,1,2025-12-08 20:00:00+00:00,1.3516482630842437,1.4578500473227052,2026,2025/26,0.6,-0.09999999999999964,0.29593497874015273,2.8123605768161943
3055,Wolves,39,2025-12-13 20:00:00+00:00,0.37,1.13,1.0,2.0,0,61.0,135.0,False,3,Arsenal,3,2025-12-13 20:00:00+00:00,0.8379630467385113,1.6436796549023374,2026,2025/26,0.63,0.8700000000000001,0.44154691718220784,0.6874818926119404
3056,Wolves,39,2025-12-20 15:00:00+00:00,1.27,1.28,0.0,2.0,0,91.0,148.0,True,94,Brentford,94,2025-12-20 15:00:00+00:00,1.3547600338161483,1.405269706831024,2026,2025/26,-1.27,0.72,0.9374353895151509,0.9108571783607892
3057,Wolves,39,2025-12-27 15:00:00+00:00,1.18,1.54,1.0,2.0,0,94.0,155.0,False,14,Liverpool,14,2025-12-27 15:00:00+00:00,1.232789292429506,1.6482862709573656,2026,2025/26,-0.17999999999999994,0.45999999999999996,0.9571789820420388,0.9343037232880244
3058,Wolves,39,2025-12-30 20:15:00+00:00,1.29,0.84,1.0,1.0,0,115.0,138.0,False,1,Man Utd,1,2025-12-30 20:15:00+00:00,1.3465043122881932,1.521827580150574,2026,2025/26,-0.29000000000000004,0.16000000000000003,0.9580362931091011,0.5519679173621548
3059,Wolves,39,2026-01-03 15:00:00+00:00,1.87,0.25,3.0,0.0,1,138.0,63.0,True,21,West Ham,21,2026-01-03 15:00:00+00:00,1.6485924732440849,1.0676459692393192,2026,2025/26,1.13,-0.25,1.1343009448054993,0.234160018585675
3060,Wolves,39,2026-01-07 19:30:00+00:00,0.72,0.89,1.0,1.0,0,119.0,114.0,False,11,Everton,11,2026-01-07 19:30:00+00:00,1.3198373536191024,1.0729220714177463,2026,2025/26,0.28,0.10999999999999999,0.5455217629851897,0.8295103844997472
3061,Wolves,39,2026-01-18 14:00:00+00:00,0.28,0.94,0.0,0.0,1,68.0,102.0,True,4,Newcastle,4,2026-01-18 14:00:00+00:00,1.2003650787240905,1.5671020459369331,2026,2025/26,-0.28,-0.94,0.23326236739377798,0.5998333053276032
3062,Wolves,39,2026-01-24 15:00:00+00:00,0.6,0.86,0.0,2.0,0,71.0,121.0,False,43,Man City,43,2026-01-24 15:00:00+00:00,1.0512000409163165,1.7499015082371434,2026,2025/26,-0.6,1.1400000000000001,0.57077623349119,0.4914562310803234
3063,Wolves,39,2026-01-31 15:00:00+00:00,1.38,1.36,0.0,2.0,0,154.0,121.0,True,91,Bournemouth,91,2026-01-31 15:00:00+00:00,1.4832506490857065,1.494771683541133,2026,2025/26,-1.38,0.6399999999999999,0.9303889405682367,0.9098379471426318
3064,Wolves,39,2026-02-07 15:00:00+00:00,1.05,3.44,1.0,3.0,0,127.0,166.0,True,8,Chelsea,8,2026-02-07 15:00:00+00:00,1.3057234718957516,1.6424035538031794,2026,2025/26,-0.050000000000000044,-0.43999999999999995,0.8041518917290564,2.0944913276851316
3065,Wolves,39,2026-02-11 19:30:00+00:00,0.43,2.55,0.0,0.0,1,69.0,284.0,False,17,Nott'm Forest,17,2026-02-11 19:30:00+00:00,1.4068672294579243,1.1124460746584002,2026,2025/26,-0.43,-2.55,0.3056436250673647,2.2922459417037637
3066,Wolves,39,2026-02-18 20:00:00+00:00,0.3,1.86,2.0,2.0,0,50.0,170.0,True,3,Arsenal,3,2026-02-18 20:00:00+00:00,0.8332771263943821,1.6604433422158835,2026,2025/26,1.7,0.1399999999999999,0.360024283035477,1.1201827564425086
3067,Wolves,39,2026-02-22 14:00:00+00:00,1.63,2.0,0.0,1.0,0,137.0,111.0,False,31,Crystal Palace,31,2026-02-22 14:00:00+00:00,1.301893261428961,1.2865553068613156,2026,2025/26,-1.63,-1.0,1.2520227643016666,1.5545386889578858
3068,Wolves,39,2026-02-27 20:00:00+00:00,0.86,1.03,2.0,0.0,1,68.0,121.0,True,7,Aston Villa,7,2026-02-27 20:00:00+00:00,1.263979012450679,1.338854323052859,2026,2025/26,1.1400000000000001,-1.03,0.6803910440985725,0.7693144670522417
3069,Wolves,39,2026-03-03 20:15:00+00:00,0.4399999999999999,1.83,2.0,1.0,0,62.0,197.0,True,14,Liverpool,14,2026-03-03 20:15:00+00:00,1.195268192836368,1.662527647628239,2026,2025/26,1.56,-0.8300000000000001,0.3681182203601362,1.1007335743322386
3070,Wolves,39,2026-03-16 20:00:00+00:00,1.39,2.56,2.0,2.0,0,142.0,114.0,False,94,Brentford,94,2026-03-16 20:00:00+00:00,1.3889948233171905,1.4473866816183163,2026,2025/26,0.6100000000000001,-0.56,1.0007236720151402,1.768704958054247
3071,Wolves,39,2026-04-10 19:00:00+00:00,0.5700000000000001,2.35,0.0,4.0,0,95.0,191.0,False,21,West Ham,21,2026-04-10 19:00:00+00:00,1.5614603147793482,1.1644591224228478,2026,2025/26,-0.5700000000000001,1.65,0.3650428990124846,2.018104332516577
3072,Wolves,39,2026-04-18 14:00:00+00:00,0.5700000000000001,2.82,0.0,3.0,0,87.0,210.0,False,2,Leeds,2,2026-04-18 14:00:00+00:00,1.40317123981052,1.3458399020685483,2026,2025/26,-0.5700000000000001,0.18000000000000016,0.4062226931596539,2.095345810200512
3073,Wolves,39,2026-04-25 14:00:00+00:00,0.71,0.92,0.0,1.0,0,70.0,109.0,True,6,Spurs,6,2026-04-25 14:00:00+00:00,1.5281740324863835,1.1957060798313557,2026,2025/26,-0.71,0.07999999999999996,0.4646067691942189,0.7694198561989066
3074,Wolves,39,2026-05-02 14:00:00+00:00,1.74,0.66,1.0,1.0,0,234.0,101.0,True,56,Sunderland,56,2026-05-02 14:00:00+00:00,1.456496086841114,1.0114443469805323,2026,2025/26,-0.74,0.33999999999999997,1.194647905833895,0.6525321951428172
3075,Wolves,39,2026-05-09 14:00:00+00:00,0.5,1.62,0.0,3.0,0,55.0,245.0,False,36,Brighton,36,2026-05-09 14:00:00+00:00,1.244309880843776,1.4218899217724073,2026,2025/26,-0.5,1.38,0.4018291646618977,1.1393287027315346
3076,Wolves,39,2026-05-17 14:00:00+00:00,1.39,1.59,1.0,1.0,0,82.0,148.0,True,54,Fulham,54,2026-05-17 14:00:00+00:00,1.3615189619396597,1.2203060137226167,2026,2025/26,-0.3899999999999999,-0.5900000000000001,1.0209185761318853,1.3029518679086156
3077,Wolves,39,2026-05-24 15:00:00+00:00,2.1,0.98,1.0,1.0,0,152.0,189.0,False,90,Burnley,90,2026-05-24 15:00:00+00:00,1.878810062024832,0.8835056755247828,2026,2025/26,-1.1,0.020000000000000018,1.117728738229551,1.1092175490756204
3078,Arsenal,3,2026-08-21 19:00:00+00:00,1.88,0.2,3.0,0.0,1,161.0,25.0,True,9,Coventry City,9,2026-08-21 19:00:00+00:00,1.5791605674999998,0.5867857781250001,2027,2026/27,1.12,-0.2,1.1905059173154664,0.3408398898812353
3079,Arsenal,3,2026-08-31 19:00:00+00:00,1.04,0.33,1.0,0.0,1,100.0,44.0,False,7,Aston Villa,7,2026-08-31 19:00:00+00:00,1.412939670592944,1.3381473494859168,2027,2026/27,-0.040000000000000036,-0.33,0.7360540733940616,0.24660961300470974
3080,Arsenal,3,2026-09-06 15:30:00+00:00,2.06,0.39,2.0,1.0,0,0.0,0.0,True,8,Chelsea,8,2026-09-06 15:30:00+00:00,1.4195949739042646,1.5145153642816649,2027,2026/27,-0.06000000000000005,0.61,1.451118127260236,0.25750811724843553
3081,Aston Villa,7,2026-08-23 13:00:00+00:00,0.3,3.77,0.0,4.0,0,21.0,228.0,False,36,Brighton,36,2026-08-23 13:00:00+00:00,1.2155710986024275,1.4748053265000594,2027,2026/27,-0.3,0.22999999999999998,0.24679757551402587,2.5562695850487547
3082,Aston Villa,7,2026-08-31 19:00:00+00:00,0.34,1.04,0.0,1.0,0,44.0,100.0,True,3,Arsenal,3,2026-08-31 19:00:00+00:00,0.817956432314188,1.6380864663444226,2027,2026/27,-0.34,-0.040000000000000036,0.41567006085894004,0.6348871206541856
3083,Aston Villa,7,2026-09-05 16:30:00+00:00,1.93,0.57,0.0,0.0,1,0.0,0.0,False,88,Hull City,88,2026-09-05 16:30:00+00:00,1.079362134492062,0.880874825174432,2027,2026/27,-1.93,-0.57,1.7880931138169307,0.6470839939001864
3084,Bournemouth,91,2026-08-23 13:00:00+00:00,0.65,2.25,1.0,2.0,0,73.0,201.0,False,43,Man City,43,2026-08-23 13:00:00+00:00,1.0879577640230556,1.8487637639676688,2027,2026/27,0.35,-0.25,0.5974496634836511,1.2170294787535374
3085,Bournemouth,91,2026-08-29 14:00:00+00:00,2.19,1.84,1.0,1.0,0,176.0,158.0,True,11,Everton,11,2026-08-29 14:00:00+00:00,1.4054474095920817,1.2164993950715175,2027,2026/27,-1.19,-0.8400000000000001,1.5582226592424597,1.5125367159692071
3086,Bournemouth,91,2026-09-05 11:30:00+00:00,1.37,0.71,1.0,2.0,0,0.0,0.0,False,4,Newcastle,4,2026-09-05 11:30:00+00:00,1.4526934350339982,1.4761748705633702,2027,2026/27,-0.3700000000000001,1.29,0.9430757838923787,0.48097282656561835
3087,Brentford,94,2026-08-22 16:30:00+00:00,3.91,0.57,3.0,0.0,1,266.0,94.0,True,6,Spurs,6,2026-08-22 16:30:00+00:00,1.4431167467363395,1.198295132889346,2027,2026/27,-0.9100000000000001,-0.57,2.709413502991082,0.4756758033604025
3088,Brentford,94,2026-08-30 13:00:00+00:00,1.67,1.46,1.0,1.0,0,203.0,97.0,False,2,Leeds,2,2026-08-30 13:00:00+00:00,1.4306913466702436,1.2844997446313289,2027,2026/27,-0.6699999999999999,-0.45999999999999996,1.167267841443731,1.136629264507205
3089,Brentford,94,2026-09-05 14:00:00+00:00,1.21,1.71,1.0,1.0,0,0.0,0.0,True,56,Sunderland,56,2026-09-05 14:00:00+00:00,1.3715700920827092,1.0437377970363166,2027,2026/27,-0.20999999999999996,-0.71,0.8822006304924837,1.6383425079129341
3090,Brighton,36,2026-08-23 13:00:00+00:00,3.77,0.29,3.0,0.0,1,228.0,21.0,True,7,Aston Villa,7,2026-08-23 13:00:00+00:00,1.397531848301277,1.365903548896949,2027,2026/27,-0.77,-0.29,2.6976129414027286,0.21231367341727223
3091,Brighton,36,2026-08-30 13:00:00+00:00,1.46,2.93,2.0,4.0,0,159.0,178.0,False,8,Chelsea,8,2026-08-30 13:00:00+00:00,1.3931513492916014,1.521498445844165,2027,2026/27,0.54,1.0699999999999998,1.0479837676950103,1.9257331533942934
3092,Brighton,36,2026-09-05 14:00:00+00:00,2.2,2.49,1.0,1.0,0,0.0,0.0,True,2,Leeds,2,2026-09-05 14:00:00+00:00,1.445386869838253,1.2809967653875085,2027,2026/27,-1.2000000000000002,-1.4900000000000002,1.5220838419863276,1.9437988192318048
3093,Chelsea,8,2026-08-24 19:00:00+00:00,2.23,1.33,3.0,2.0,0,208.0,156.0,False,54,Fulham,54,2026-08-24 19:00:00+00:00,1.3518421585191582,1.24957745413127,2027,2026/27,0.77,0.6699999999999999,1.6496008694112616,1.0643597926665869
3094,Chelsea,8,2026-08-30 13:00:00+00:00,3.04,1.41,4.0,3.0,0,178.0,159.0,True,36,Brighton,36,2026-08-30 13:00:00+00:00,1.2404272385052315,1.4834684286354758,2027,2026/27,0.96,1.59,2.4507684978470254,0.9504752327603941
3095,Chelsea,8,2026-09-06 15:30:00+00:00,0.39,2.05,1.0,2.0,0,0.0,0.0,False,3,Arsenal,3,2026-09-06 15:30:00+00:00,0.7908394025406094,1.6306186023239562,2027,2026/27,0.61,-0.04999999999999982,0.49314690030252206,1.2571915940848104
3096,Coventry City,9,2026-08-21 19:00:00+00:00,0.21,1.88,0.0,3.0,0,25.0,161.0,False,3,Arsenal,3,2026-08-21 19:00:00+00:00,0.8361192619061061,1.648646392560495,2027,2026/27,-0.21,1.12,0.25116034227134265,1.1403294293327462
3097,Coventry City,9,2026-08-29 14:00:00+00:00,1.3,0.72,0.0,1.0,0,120.0,50.0,True,88,Hull City,88,2026-08-29 14:00:00+00:00,1.132353306665288,1.0260367190477595,2027,2026/27,-1.3,0.28,1.1480515774960922,0.7017292720948769
3098,Coventry City,9,2026-09-05 14:00:00+00:00,1.37,2.12,0.0,1.0,0,0.0,0.0,False,43,Man City,43,2026-09-05 14:00:00+00:00,1.064162092600479,1.8792260319301928,2027,2026/27,-1.37,-1.12,1.2873978593356479,1.1281240063615463
3099,Crystal Palace,31,2026-08-22 14:00:00+00:00,1.97,1.12,0.0,2.0,0,98.0,185.0,False,11,Everton,11,2026-08-22 14:00:00+00:00,1.407626570049124,1.2018475428645183,2027,2026/27,-1.97,0.8799999999999999,1.3995189078671981,0.9318985645471801
3100,Crystal Palace,31,2026-08-28 19:00:00+00:00,0.68,2.21,0.0,4.0,0,57.0,217.0,True,43,Man City,43,2026-08-28 19:00:00+00:00,1.0676122519722329,1.8703081278977045,2027,2026/27,-0.68,1.79,0.6369353655728615,1.1816234806636496
3101,Crystal Palace,31,2026-09-05 14:00:00+00:00,1.98,3.14,3.0,2.0,0,0.0,0.0,False,54,Fulham,54,2026-09-05 14:00:00+00:00,1.3930858765624283,1.2680051286809555,2027,2026/27,1.02,-1.1400000000000001,1.4213050561432996,2.476330677988969
3102,Everton,11,2026-08-22 14:00:00+00:00,1.12,1.96,2.0,0.0,1,185.0,98.0,True,31,Crystal Palace,31,2026-08-22 14:00:00+00:00,1.4204996009906457,1.243317013118887,2027,2026/27,0.8799999999999999,-1.96,0.7884549909193361,1.5764281991793054
3103,Everton,11,2026-08-29 14:00:00+00:00,1.87,2.16,1.0,1.0,0,158.0,176.0,False,91,Bournemouth,91,2026-08-29 14:00:00+00:00,1.4129348057307798,1.464200001149007,2027,2026/27,-0.8700000000000001,-1.1600000000000001,1.323486400374165,1.4752083037187376
3104,Everton,11,2026-09-06 13:00:00+00:00,1.02,0.69,2.0,2.0,0,0.0,0.0,True,1,Man Utd,1,2026-09-06 13:00:00+00:00,1.2930428874730542,1.6203397854642498,2027,2026/27,0.98,1.31,0.7888369441429343,0.4258366092037328
3105,Fulham,54,2026-08-24 19:00:00+00:00,1.38,2.24,2.0,3.0,0,156.0,208.0,True,8,Chelsea,8,2026-08-24 19:00:00+00:00,1.3857341747297478,1.4819872311045814,2027,2026/27,0.6200000000000001,0.7599999999999998,0.9958619951543981,1.5114840080844982
3106,Fulham,54,2026-08-30 13:00:00+00:00,0.94,2.02,0.0,1.0,0,81.0,106.0,False,56,Sunderland,56,2026-08-30 13:00:00+00:00,1.4099177522459465,1.0363702082815731,2027,2026/27,-0.94,-1.02,0.6667055567621692,1.9491104470760539
3107,Fulham,54,2026-09-05 14:00:00+00:00,3.16,1.97,2.0,3.0,0,0.0,0.0,True,31,Crystal Palace,31,2026-09-05 14:00:00+00:00,1.4874809177191888,1.2407330749733223,2027,2026/27,-1.1600000000000001,1.03,2.124397000564786,1.5877710038820059
3108,Hull City,88,2026-08-22 11:30:00+00:00,1.08,1.83,2.0,0.0,1,136.0,183.0,True,1,Man Utd,1,2026-08-22 11:30:00+00:00,1.270982598137591,1.5471529014841967,2027,2026/27,0.9199999999999999,-1.83,0.8497362604197386,1.1828178056897065
3109,Hull City,88,2026-08-29 14:00:00+00:00,0.72,1.29,1.0,0.0,1,50.0,120.0,False,9,Coventry City,9,2026-08-29 14:00:00+00:00,1.413065157141803,0.51548495,2027,2026/27,0.28,-1.29,0.5095306443308948,2.5024978905785704
3110,Hull City,88,2026-09-05 16:30:00+00:00,0.5700000000000001,1.93,0.0,0.0,1,0.0,0.0,True,7,Aston Villa,7,2026-09-05 16:30:00+00:00,1.385290128558166,1.297260383871076,2027,2026/27,-0.5700000000000001,-1.93,0.41146615300959805,1.487750665938633
3111,Ipswich Town,40,2026-08-22 14:00:00+00:00,1.79,0.66,2.0,1.0,0,103.0,84.0,True,56,Sunderland,56,2026-08-22 14:00:00+00:00,1.403742194203784,1.0449379211246752,2027,2026/27,0.20999999999999996,0.33999999999999997,1.2751629233566675,0.6316164689378261
3112,Ipswich Town,40,2026-08-30 15:30:00+00:00,2.06,4.77,2.0,5.0,0,126.0,303.0,False,1,Man Utd,1,2026-08-30 15:30:00+00:00,1.280963510723054,1.5918629065059164,2027,2026/27,-0.06000000000000005,0.23000000000000043,1.6081644658536842,2.9964891954609225
3113,Ipswich Town,40,2026-09-04 19:00:00+00:00,0.76,0.69,0.0,2.0,0,0.0,0.0,True,14,Liverpool,14,2026-09-04 19:00:00+00:00,1.310147633323255,1.6429330135901743,2027,2026/27,-0.76,1.31,0.5800872975454088,0.4199806043778963
3114,Leeds,2,2026-08-22 14:00:00+00:00,0.47,0.66,1.0,0.0,1,81.0,86.0,False,17,Nott'm Forest,17,2026-08-22 14:00:00+00:00,1.3549852587498574,1.2429305724281965,2027,2026/27,0.53,-0.66,0.3468672422559294,0.5310031104236338
3115,Leeds,2,2026-08-30 13:00:00+00:00,1.46,1.67,1.0,1.0,0,97.0,203.0,True,94,Brentford,94,2026-08-30 13:00:00+00:00,1.4058055108137535,1.487091852294723,2027,2026/27,-0.45999999999999996,-0.6699999999999999,1.038550488505964,1.1229972092329283
3116,Leeds,2,2026-09-05 14:00:00+00:00,2.62,2.19,1.0,1.0,0,0.0,0.0,False,36,Brighton,36,2026-09-05 14:00:00+00:00,1.274696549713565,1.4950969874111566,2027,2026/27,-1.62,-1.19,2.05539114433842,1.4647879157271975
3117,Liverpool,14,2026-08-23 15:30:00+00:00,3.01,1.58,2.0,2.0,0,229.0,96.0,False,4,Newcastle,4,2026-08-23 15:30:00+00:00,1.4642649051718155,1.4952698426656337,2027,2026/27,-1.0099999999999998,0.41999999999999993,2.0556389689929837,1.0566654625919005
3118,Liverpool,14,2026-08-29 11:30:00+00:00,1.74,2.3,2.0,2.0,0,128.0,123.0,True,17,Nott'm Forest,17,2026-08-29 11:30:00+00:00,1.3531796724765308,1.2408951299281965,2027,2026/27,0.26,-0.2999999999999998,1.2858602855122168,1.8535007064884585
3119,Liverpool,14,2026-09-04 19:00:00+00:00,0.69,0.75,2.0,0.0,1,0.0,0.0,False,40,Ipswich,40,2026-09-04 19:00:00+00:00,1.8636081827650823,1.0829065759245204,2027,2026/27,1.31,-0.75,0.3702495011457986,0.692580520493834
3120,Liverpool,14,2026-09-04 19:00:00+00:00,0.69,0.75,2.0,0.0,1,0.0,0.0,False,40,Ipswich Town,40,2026-09-04 19:00:00+00:00,1.8636081827650823,1.0829065759245204,2027,2026/27,1.31,-0.75,0.3702495011457986,0.692580520493834
3121,Man City,43,2026-08-23 13:00:00+00:00,2.24,0.65,2.0,1.0,0,201.0,73.0,True,91,Bournemouth,91,2026-08-23 13:00:00+00:00,1.4189207641569672,1.4692126506276084,2027,2026/27,-0.2400000000000002,0.35,1.5786646136867737,0.44241383282558683
3122,Man City,43,2026-08-28 19:00:00+00:00,2.22,0.66,4.0,1.0,0,217.0,57.0,False,31,Crystal Palace,31,2026-08-28 19:00:00+00:00,1.4559699618858557,1.2384464558011703,2027,2026/27,1.7799999999999998,0.33999999999999997,1.5247567313301773,0.5329257449188918
3123,Man City,43,2026-09-05 14:00:00+00:00,2.12,1.37,1.0,0.0,1,0.0,0.0,True,9,Coventry City,9,2026-09-05 14:00:00+00:00,1.2974500105082891,0.6290355302083334,2027,2026/27,-1.12,-1.37,1.633974321037208,2.177937388602299
3124,Man Utd,1,2026-08-22 11:30:00+00:00,1.82,1.01,0.0,2.0,0,183.0,136.0,False,88,Hull City,88,2026-08-22 11:30:00+00:00,1.1862836775,1.158581575,2027,2026/27,-1.82,0.99,1.534203019496574,0.8717556206605479
3125,Man Utd,1,2026-08-30 15:30:00+00:00,5.15,2.06,4.0,2.0,0,303.0,126.0,True,40,Ipswich,40,2026-08-30 15:30:00+00:00,1.640107639431749,1.0504840660286874,2027,2026/27,-1.1500000000000004,-0.06000000000000005,3.1400378098259023,1.9610007106416634
3126,Man Utd,1,2026-08-30 15:30:00+00:00,5.15,2.06,4.0,2.0,0,303.0,126.0,True,40,Ipswich Town,40,2026-08-30 15:30:00+00:00,1.640107639431749,1.0504840660286874,2027,2026/27,-1.1500000000000004,-0.06000000000000005,3.1400378098259023,1.9610007106416634
3127,Man Utd,1,2026-09-06 13:00:00+00:00,0.69,1.01,2.0,2.0,0,0.0,0.0,False,11,Everton,11,2026-09-06 13:00:00+00:00,1.4043044107073404,1.228663219617642,2027,2026/27,1.31,0.99,0.49134645931393944,0.8220316062804505
3128,Newcastle,4,2026-08-23 15:30:00+00:00,1.58,2.98,2.0,2.0,0,96.0,229.0,True,14,Liverpool,14,2026-08-23 15:30:00+00:00,1.2880767064287315,1.634626225378491,2027,2026/27,0.41999999999999993,-0.98,1.2266350226770601,1.8230467330903084
3129,Newcastle,4,2026-08-29 16:30:00+00:00,0.72,1.12,2.0,0.0,1,109.0,166.0,False,6,Spurs,6,2026-08-29 16:30:00+00:00,1.4607633381946727,1.1852269305565488,2027,2026/27,1.28,-1.12,0.4928929835340974,0.9449667157614112
3130,Newcastle,4,2026-09-05 11:30:00+00:00,0.7,1.37,2.0,2.0,0,0.0,0.0,True,91,Bournemouth,91,2026-09-05 11:30:00+00:00,1.4107837629543134,1.454038735054482,2027,2026/27,1.3,0.6299999999999999,0.4961780950286345,0.942203235011251
3131,Nott'm Forest,17,2026-08-22 14:00:00+00:00,0.65,0.47,0.0,1.0,0,86.0,81.0,True,2,Leeds,2,2026-08-22 14:00:00+00:00,1.45183456871191,1.2918255120358395,2027,2026/27,-0.65,0.53,0.44770941125660757,0.3638262254623755
3132,Nott'm Forest,17,2026-08-29 11:30:00+00:00,2.3,1.75,2.0,2.0,0,123.0,128.0,False,14,Liverpool,14,2026-08-29 11:30:00+00:00,1.312646680989921,1.6490676187118245,2027,2026/27,-0.2999999999999998,0.25,1.7521851335238776,1.0612057262800534
3133,Nott'm Forest,17,2026-09-05 14:00:00+00:00,0.93,1.06,0.0,0.0,1,0.0,0.0,True,6,Spurs,6,2026-09-05 14:00:00+00:00,1.4421071459266317,1.1660506178693988,2027,2026/27,-0.93,-1.06,0.6448896690005824,0.9090514457569828
3134,Spurs,6,2026-08-22 16:30:00+00:00,0.5700000000000001,3.87,0.0,3.0,0,94.0,266.0,False,94,Brentford,94,2026-08-22 16:30:00+00:00,1.4254091072326809,1.4594088186488898,2027,2026/27,-0.5700000000000001,-0.8700000000000001,0.3998851958415013,2.651758678272767
3135,Spurs,6,2026-08-29 16:30:00+00:00,1.13,0.72,0.0,2.0,0,166.0,109.0,True,4,Newcastle,4,2026-08-29 16:30:00+00:00,1.4721630429077153,1.489874115699377,2027,2026/27,-1.13,1.28,0.767578024352589,0.4832623054613023
3136,Spurs,6,2026-09-05 14:00:00+00:00,1.07,0.92,0.0,0.0,1,0.0,0.0,False,17,Nott'm Forest,17,2026-09-05 14:00:00+00:00,1.3479678486153317,1.23523073263653,2027,2026/27,-1.07,-0.92,0.7937874787585865,0.7448001217038311
3137,Sunderland,56,2026-08-22 14:00:00+00:00,0.6699999999999999,1.8,1.0,2.0,0,84.0,103.0,False,40,Ipswich,40,2026-08-22 14:00:00+00:00,1.7471298353532712,1.0341804801196437,2027,2026/27,0.33000000000000007,0.19999999999999996,0.38348609613465007,1.7405085810474388
3138,Sunderland,56,2026-08-22 14:00:00+00:00,0.6699999999999999,1.8,1.0,2.0,0,84.0,103.0,False,40,Ipswich Town,40,2026-08-22 14:00:00+00:00,1.7471298353532712,1.0341804801196437,2027,2026/27,0.33000000000000007,0.19999999999999996,0.38348609613465007,1.7405085810474388
3139,Sunderland,56,2026-08-30 13:00:00+00:00,2.03,0.95,1.0,0.0,1,106.0,81.0,True,54,Fulham,54,2026-08-30 13:00:00+00:00,1.3767339258941584,1.247207293573073,2027,2026/27,-1.0299999999999998,-0.95,1.474504231949946,0.7617017675372825
3140,Sunderland,56,2026-09-05 14:00:00+00:00,1.71,1.21,1.0,1.0,0,0.0,0.0,False,94,Brentford,94,2026-09-05 14:00:00+00:00,1.4102461816114469,1.4774546624699436,2027,2026/27,-0.71,-0.20999999999999996,1.212554249248903,0.8189760611518023
