,id,title,h_a,xG,xGA,npxG,npxGA,deep,deep_allowed,scored,missed,xpts,result,date,wins,draws,loses,pts,npxGD,ppda_att,ppda_def,ppda_allowed_att,ppda_allowed_def,ppda,ppda_allowed
0,71,Aston Villa,a,0.488895,0.588341,0.488895,0.588341,11,3,0,2,1.1566999999999998,l,2022-08-06 14:00:00,0,0,1,0,-0.09944599999999998,152,23,292,25,6.608695652173913,11.68
1,71,Aston Villa,h,2.66696,1.37507,2.66696,1.37507,13,4,2,1,2.3254,w,2022-08-13 11:30:00,1,0,0,3,1.29189,214,23,242,13,9.304347826086957,18.615384615384617
2,71,Aston Villa,a,0.803828,2.91137,0.803828,2.00662,3,8,1,3,0.2122,l,2022-08-20 14:00:00,0,0,1,0,-1.2027919999999999,252,34,251,18,7.411764705882353,13.944444444444445
3,71,Aston Villa,h,0.304555,0.334589,0.304555,0.334589,4,3,0,1,1.1528,l,2022-08-28 13:00:00,0,0,1,0,-0.030034000000000005,243,18,351,20,13.5,17.55
4,71,Aston Villa,a,0.297168,2.79971,0.297168,2.79971,3,18,1,2,0.08940000000000001,l,2022-08-31 18:30:00,0,0,1,0,-2.502542,278,19,168,17,14.631578947368421,9.882352941176471
5,71,Aston Villa,h,0.279392,1.92143,0.279392,1.92143,2,12,1,1,0.2217,d,2022-09-03 16:30:00,0,1,0,1,-1.6420379999999999,483,11,149,11,43.90909090909091,13.545454545454545
6,71,Aston Villa,h,1.34365,0.218302,1.34365,0.218302,6,2,1,0,2.4747,w,2022-09-16 19:00:00,1,0,0,3,1.125348,232,39,201,25,5.948717948717949,8.04
7,71,Aston Villa,a,1.89645,0.298626,1.89645,0.298626,12,6,0,0,2.6060000000000003,d,2022-10-02 15:30:00,0,1,0,1,1.597824,230,24,240,18,9.583333333333334,13.333333333333334
8,71,Aston Villa,a,0.657187,0.221346,0.657187,0.221346,9,0,1,1,1.7468,d,2022-10-10 19:00:00,0,1,0,1,0.435841,157,22,278,11,7.136363636363637,25.272727272727273
9,71,Aston Villa,h,2.44542,1.23643,2.44542,1.23643,6,5,0,2,2.2306,l,2022-10-16 13:00:00,0,0,1,0,1.20899,379,27,203,15,14.037037037037036,13.533333333333333
10,71,Aston Villa,a,0.711487,2.892,0.711487,2.13083,2,8,0,3,0.1854,l,2022-10-20 18:30:00,0,0,1,0,-1.419343,279,15,169,15,18.6,11.266666666666667
11,71,Aston Villa,h,3.45617,1.00462,2.695,1.00462,9,3,4,0,2.8011,w,2022-10-23 13:00:00,1,0,0,3,1.6903799999999998,208,29,162,22,7.172413793103448,7.363636363636363
12,71,Aston Villa,a,0.270814,4.18808,0.270814,3.42692,2,15,0,4,0.011300000000000001,l,2022-10-29 14:00:00,0,0,1,0,-3.156106,280,16,193,18,17.5,10.722222222222221
13,71,Aston Villa,h,0.578563,0.517189,0.578563,0.517189,5,10,3,1,1.3351,w,2022-11-06 14:00:00,1,0,0,3,0.06137400000000004,270,15,252,23,18.0,10.956521739130435
14,71,Aston Villa,a,1.15437,0.829107,0.393198,0.829107,6,7,2,1,1.6934,w,2022-11-13 14:00:00,1,0,0,3,-0.43590900000000005,295,18,159,32,16.38888888888889,4.96875
15,71,Aston Villa,h,1.69155,3.50694,1.69155,3.50694,5,8,1,3,0.4063,l,2022-12-26 17:30:00,0,0,1,0,-1.81539,330,11,271,22,30.0,12.318181818181818
16,71,Aston Villa,a,1.21733,0.569383,1.21733,0.569383,7,6,2,0,1.9871,w,2023-01-01 14:00:00,1,0,0,3,0.647947,311,18,226,22,17.27777777777778,10.272727272727273
17,71,Aston Villa,h,1.03226,0.832522,1.03226,0.832522,4,2,1,1,1.5178999999999998,d,2023-01-04 20:00:00,0,1,0,1,0.19973799999999997,243,13,274,20,18.692307692307693,13.7
18,71,Aston Villa,h,1.64599,2.46295,1.64599,2.46295,5,1,2,1,0.8034999999999999,w,2023-01-13 20:00:00,1,0,0,3,-0.8169600000000001,149,20,255,41,7.45,6.219512195121951
19,71,Aston Villa,a,1.16432,0.672444,1.16432,0.672444,8,4,1,0,1.7348,w,2023-01-21 15:00:00,1,0,0,3,0.491876,159,21,337,28,7.571428571428571,12.035714285714286
20,71,Aston Villa,h,1.4989,2.49784,1.4989,2.49784,15,5,2,4,0.6897,l,2023-02-04 15:00:00,0,0,1,0,-0.9989400000000002,193,25,360,27,7.72,13.333333333333334
21,71,Aston Villa,a,0.275348,3.60987,0.275348,2.8487,4,7,1,3,0.028499999999999998,l,2023-02-12 16:30:00,0,0,1,0,-2.573352,354,15,178,22,23.6,8.090909090909092
22,71,Aston Villa,h,0.335752,2.85981,0.335752,2.85981,2,14,2,4,0.1094,l,2023-02-18 12:30:00,0,0,1,0,-2.524058,279,19,174,19,14.68421052631579,9.157894736842104
23,71,Aston Villa,a,2.06037,1.54109,1.2992,1.54109,5,9,2,0,1.7866,w,2023-02-25 15:00:00,1,0,0,3,-0.24189000000000016,165,15,270,38,11.0,7.105263157894737
24,71,Aston Villa,h,0.890605,0.152761,0.890605,0.152761,8,0,1,0,2.0777,w,2023-03-04 15:00:00,1,0,0,3,0.7378439999999999,223,26,348,37,8.576923076923077,9.405405405405405
25,71,Aston Villa,a,1.99139,2.14634,1.99139,1.38517,10,3,1,1,1.2802,d,2023-03-12 14:00:00,0,1,0,1,0.60622,230,10,334,27,23.0,12.37037037037037
26,71,Aston Villa,h,3.45474,0.50014,3.45474,0.50014,16,5,3,0,2.8841,w,2023-03-18 15:00:00,1,0,0,3,2.9546,206,25,272,35,8.24,7.771428571428571
27,71,Aston Villa,a,0.765794,2.38024,0.765794,2.38024,2,19,2,0,0.3856,w,2023-04-01 16:30:00,1,0,0,3,-1.614446,295,24,159,35,12.291666666666666,4.542857142857143
28,71,Aston Villa,a,1.00159,0.671597,1.00159,0.671597,11,2,2,1,1.6521,w,2023-04-04 18:45:00,1,0,0,3,0.329993,156,15,276,27,10.4,10.222222222222221
29,71,Aston Villa,h,1.42718,0.232452,1.42718,0.232452,8,1,2,0,2.4333,w,2023-04-08 14:00:00,1,0,0,3,1.194728,115,19,285,23,6.052631578947368,12.391304347826088
30,71,Aston Villa,h,1.91802,0.425086,1.91802,0.425086,12,6,3,0,2.5232,w,2023-04-15 11:30:00,1,0,0,3,1.492934,188,27,219,38,6.962962962962963,5.7631578947368425
31,71,Aston Villa,a,1.66602,2.03162,1.66602,2.03162,4,7,1,1,1.1498000000000002,d,2023-04-22 14:00:00,0,1,0,1,-0.36560000000000015,133,16,240,26,8.3125,9.23076923076923
32,71,Aston Villa,h,0.839159,0.079864,0.839159,0.079864,7,1,1,0,2.0634,w,2023-04-25 18:45:00,1,0,0,3,0.7592949999999999,245,16,260,32,15.3125,8.125
33,71,Aston Villa,a,0.434738,1.3056,0.434738,1.3056,4,12,0,1,0.6027,l,2023-04-30 13:00:00,0,0,1,0,-0.870862,331,14,239,25,23.642857142857142,9.56
34,71,Aston Villa,a,1.50158,0.80605,1.50158,0.80605,7,2,0,1,1.9155000000000002,l,2023-05-06 14:00:00,0,0,1,0,0.6955299999999999,150,21,234,28,7.142857142857143,8.357142857142858
35,71,Aston Villa,h,1.79987,1.18505,1.79987,0.423878,10,6,2,1,1.8896000000000002,w,2023-05-13 14:00:00,1,0,0,3,1.375992,271,26,213,24,10.423076923076923,8.875
36,71,Aston Villa,a,1.46948,0.918508,0.708313,0.918508,2,10,1,1,1.8779,d,2023-05-20 14:00:00,0,1,0,1,-0.21019500000000002,279,22,117,38,12.681818181818182,3.0789473684210527
37,71,Aston Villa,h,2.55845,1.23117,2.55845,1.23117,9,3,2,1,2.3253,w,2023-05-28 15:30:00,1,0,0,3,1.32728,258,31,130,22,8.32258064516129,5.909090909090909
38,72,Everton,h,0.541983,1.92315,0.541983,1.16198,3,7,0,1,0.3517,l,2022-08-06 16:30:00,0,0,1,0,-0.619997,264,22,161,26,12.0,6.1923076923076925
39,72,Everton,a,1.37507,2.66696,1.37507,2.66696,4,13,1,2,0.4885,l,2022-08-13 11:30:00,0,0,1,0,-1.29189,242,13,214,23,18.615384615384617,9.304347826086957
40,72,Everton,h,1.43408,0.918315,1.43408,0.918315,8,1,1,1,1.7744,d,2022-08-20 14:00:00,0,1,0,1,0.515765,242,13,221,14,18.615384615384617,15.785714285714286
41,72,Everton,a,1.65465,2.28391,1.65465,2.28391,7,9,1,1,0.911,d,2022-08-27 14:00:00,0,1,0,1,-0.6292600000000002,261,15,207,18,17.4,11.5
42,72,Everton,a,1.17189,1.04551,1.17189,1.04551,3,9,1,1,1.4663,d,2022-08-30 19:00:00,0,1,0,1,0.12638000000000016,341,25,164,28,13.64,5.857142857142857
43,72,Everton,h,1.39169,1.38617,1.39169,1.38617,10,12,0,0,1.3898,d,2022-09-03 11:30:00,0,1,0,1,0.005520000000000191,254,11,146,24,23.09090909090909,6.083333333333333
44,72,Everton,h,0.39773,0.655351,0.39773,0.655351,3,2,1,0,1.0071,w,2022-09-18 13:15:00,1,0,0,3,-0.25762100000000004,201,13,239,21,15.461538461538462,11.380952380952381
45,72,Everton,a,1.99979,1.95961,1.99979,1.95961,4,12,2,1,1.4327,w,2022-10-01 14:00:00,1,0,0,3,0.04017999999999988,231,16,194,21,14.4375,9.238095238095237
46,72,Everton,h,0.365844,1.82612,0.365844,1.82612,7,8,1,2,0.3113,l,2022-10-09 18:00:00,0,0,1,0,-1.460276,338,17,202,23,19.88235294117647,8.782608695652174
47,72,Everton,a,0.560039,2.49409,0.560039,1.73292,0,8,0,2,0.2183,l,2022-10-15 16:30:00,0,0,1,0,-1.172881,351,14,250,20,25.071428571428573,12.5
48,72,Everton,a,0.0609567,1.13393,0.0609567,1.13393,5,8,0,1,0.3695,l,2022-10-19 18:30:00,0,0,1,0,-1.0729733000000001,218,20,249,26,10.9,9.576923076923077
49,72,Everton,h,1.93396,0.597167,1.93396,0.597167,5,4,3,0,2.4649,w,2022-10-22 14:00:00,1,0,0,3,1.336793,280,29,206,24,9.655172413793103,8.583333333333334
50,72,Everton,a,1.19166,1.76438,1.19166,1.76438,2,11,0,0,0.9375,d,2022-10-29 16:30:00,0,1,0,1,-0.5727200000000001,249,11,223,20,22.636363636363637,11.15
51,72,Everton,h,1.3729,2.2679,1.3729,2.2679,12,11,0,2,0.8298,l,2022-11-05 17:30:00,0,0,1,0,-0.895,338,15,236,15,22.533333333333335,15.733333333333333
52,72,Everton,a,0.768756,2.45642,0.768756,2.45642,7,8,0,3,0.3039,l,2022-11-12 15:00:00,0,0,1,0,-1.687664,143,26,314,14,5.5,22.428571428571427
53,72,Everton,h,1.22653,1.22076,1.22653,1.22076,4,6,1,2,1.3318,l,2022-12-26 15:00:00,0,0,1,0,0.005769999999999831,189,22,329,35,8.590909090909092,9.4
54,72,Everton,a,0.0760019,2.36333,0.0760019,2.36333,2,13,1,1,0.076,d,2022-12-31 15:00:00,0,1,0,1,-2.2873281,339,10,145,29,33.9,5.0
55,72,Everton,h,1.16896,2.50731,0.407788,2.50731,4,4,1,4,0.4971,l,2023-01-03 19:45:00,0,0,1,0,-2.099522,335,15,318,15,22.333333333333332,21.2
56,72,Everton,h,1.18191,1.08412,1.18191,1.08412,4,8,1,2,1.4442,l,2023-01-14 15:00:00,0,0,1,0,0.09779000000000004,183,14,171,25,13.071428571428571,6.84
57,72,Everton,a,0.286826,2.46879,0.286826,2.46879,4,3,0,2,0.0847,l,2023-01-21 15:00:00,0,0,1,0,-2.181964,200,19,424,20,10.526315789473685,21.2
58,72,Everton,h,2.09191,0.690102,2.09191,0.690102,4,11,1,0,2.4711,w,2023-02-04 12:30:00,1,0,0,3,1.401808,378,21,104,18,18.0,5.777777777777778
59,72,Everton,a,0.402331,2.23291,0.402331,2.23291,3,7,0,2,0.2119,l,2023-02-13 20:00:00,0,0,1,0,-1.830579,389,27,262,24,14.407407407407407,10.916666666666666
60,72,Everton,h,1.53811,0.597403,1.53811,0.597403,7,6,1,0,2.1601,w,2023-02-18 15:00:00,1,0,0,3,0.9407070000000001,193,19,206,17,10.157894736842104,12.117647058823529
61,72,Everton,h,1.54109,2.06037,1.54109,1.2992,9,5,0,2,0.9604,l,2023-02-25 15:00:00,0,0,1,0,0.24189000000000016,270,38,165,15,7.105263157894737,11.0
62,72,Everton,a,1.604,3.06919,1.604,3.06919,5,13,0,4,0.4507,l,2023-03-01 20:00:00,0,0,1,0,-1.4651899999999998,418,19,130,17,22.0,7.647058823529412
63,72,Everton,a,1.70877,0.799733,0.947603,0.799733,12,5,2,2,2.1548,d,2023-03-05 14:00:00,0,1,0,1,0.14786999999999995,261,33,145,21,7.909090909090909,6.904761904761905
64,72,Everton,h,1.71599,1.95088,1.71599,1.95088,0,7,1,0,1.1757,w,2023-03-11 15:00:00,1,0,0,3,-0.23489000000000004,299,26,109,18,11.5,6.055555555555555
65,72,Everton,a,1.64675,1.90027,1.64675,1.1391,1,9,2,2,1.1829,d,2023-03-18 17:30:00,0,1,0,1,0.5076499999999999,311,24,107,15,12.958333333333334,7.133333333333334
66,72,Everton,h,0.823365,1.39177,0.823365,0.630599,7,9,1,1,0.8078000000000001,d,2023-04-03 19:00:00,0,1,0,1,0.192766,367,29,155,18,12.655172413793103,8.61111111111111
67,72,Everton,a,0.949183,4.38578,0.949183,4.38578,4,18,0,2,0.1005,l,2023-04-08 11:30:00,0,0,1,0,-3.4365969999999995,342,28,149,14,12.214285714285714,10.642857142857142
68,72,Everton,h,2.24262,1.92209,2.24262,1.92209,5,8,1,3,1.6252,l,2023-04-15 14:00:00,0,0,1,0,0.32053,217,16,202,15,13.5625,13.466666666666667
69,72,Everton,a,0.433712,0.368137,0.433712,0.368137,3,5,0,0,1.3073000000000001,d,2023-04-22 14:00:00,0,1,0,1,0.065575,194,22,151,16,8.818181818181818,9.4375
70,72,Everton,h,0.777008,2.86368,0.777008,2.86368,6,9,1,4,0.178,l,2023-04-27 18:45:00,0,0,1,0,-2.086672,250,22,126,14,11.363636363636363,9.0
71,72,Everton,a,3.28648,3.32486,2.52531,2.56369,9,5,2,2,1.3268,d,2023-05-01 19:00:00,0,1,0,1,-0.03837999999999964,226,26,158,21,8.692307692307692,7.523809523809524
72,72,Everton,a,2.94223,3.23717,2.94223,3.23717,10,16,5,1,1.2187000000000001,w,2023-05-08 16:30:00,1,0,0,3,-0.29494,341,20,104,34,17.05,3.0588235294117645
73,72,Everton,h,1.18597,1.04338,1.18597,1.04338,1,9,0,3,1.4578,l,2023-05-14 13:00:00,0,0,1,0,0.14259,381,15,223,13,25.4,17.153846153846153
74,72,Everton,a,2.46976,1.28976,2.46976,1.28976,9,6,1,1,2.217,d,2023-05-20 14:00:00,0,1,0,1,1.18,289,32,172,21,9.03125,8.19047619047619
75,72,Everton,h,1.12933,0.432084,1.12933,0.432084,4,4,1,0,2.016,w,2023-05-28 15:30:00,1,0,0,3,0.6972459999999999,361,26,149,20,13.884615384615385,7.45
76,73,Bournemouth,h,0.588341,0.488895,0.588341,0.488895,3,11,2,0,1.4036,w,2022-08-06 14:00:00,1,0,0,3,0.09944599999999998,292,25,152,23,11.68,6.608695652173913
77,73,Bournemouth,a,0.123946,1.69064,0.123946,1.69064,0,11,0,4,0.2243,l,2022-08-13 14:00:00,0,0,1,0,-1.566694,307,6,231,19,51.166666666666664,12.157894736842104
78,73,Bournemouth,h,0.211335,1.71081,0.211335,1.71081,1,8,0,3,0.242,l,2022-08-20 16:30:00,0,0,1,0,-1.499475,360,23,218,25,15.652173913043478,8.72
79,73,Bournemouth,a,0.180991,4.86035,0.180991,4.86035,4,18,0,9,0.0017000000000000001,l,2022-08-27 14:00:00,0,0,1,0,-4.679359000000001,355,12,160,18,29.583333333333332,8.88888888888889
80,73,Bournemouth,h,0.362035,1.53246,0.362035,1.53246,7,14,0,0,0.4185,d,2022-08-31 18:30:00,0,1,0,1,-1.1704249999999998,317,18,164,24,17.61111111111111,6.833333333333333
81,73,Bournemouth,a,0.905041,1.32895,0.905041,0.567779,10,6,3,2,0.9244000000000001,w,2022-09-03 14:00:00,1,0,0,3,0.33726199999999995,251,16,232,17,15.6875,13.647058823529411
82,73,Bournemouth,a,0.976948,1.54758,0.976948,0.786407,5,18,1,1,0.8562000000000001,d,2022-09-17 14:00:00,0,1,0,1,0.19054100000000007,285,14,123,29,20.357142857142858,4.241379310344827
83,73,Bournemouth,h,0.758128,1.046,0.758128,1.046,6,9,0,0,1.0694,d,2022-10-01 14:00:00,0,1,0,1,-0.287872,305,16,191,25,19.0625,7.64
84,73,Bournemouth,h,1.14891,1.18125,1.14891,1.18125,7,8,2,1,1.2888,w,2022-10-08 14:00:00,1,0,0,3,-0.03233999999999981,338,9,243,28,37.55555555555556,8.678571428571429
85,73,Bournemouth,a,1.62829,1.61738,1.62829,0.856206,4,8,2,2,1.3628,d,2022-10-15 14:00:00,0,1,0,1,0.772084,299,20,132,16,14.95,8.25
86,73,Bournemouth,h,0.810452,1.23878,0.810452,1.23878,8,6,0,1,0.9384,l,2022-10-19 18:30:00,0,0,1,0,-0.42832800000000004,247,21,273,20,11.761904761904763,13.65
87,73,Bournemouth,a,0.730443,1.97715,0.730443,1.21598,4,7,0,2,0.4172,l,2022-10-24 19:00:00,0,0,1,0,-0.4855370000000001,298,19,249,22,15.68421052631579,11.318181818181818
88,73,Bournemouth,h,0.887533,2.1946,0.887533,2.1946,3,10,2,3,0.5073,l,2022-10-29 14:00:00,0,0,1,0,-1.307067,329,16,184,10,20.5625,18.4
89,73,Bournemouth,a,1.55594,2.22532,1.55594,1.46415,5,8,3,4,0.8761000000000001,l,2022-11-05 15:00:00,0,0,1,0,0.09179000000000004,200,13,157,33,15.384615384615385,4.757575757575758
90,73,Bournemouth,h,2.45642,0.768756,2.45642,0.768756,8,7,3,0,2.5623,w,2022-11-12 15:00:00,1,0,0,3,1.687664,314,14,143,26,22.428571428571427,5.5
91,73,Bournemouth,a,0.44307,1.91378,0.44307,1.91378,4,7,0,2,0.33640000000000003,l,2022-12-27 17:30:00,0,0,1,0,-1.47071,367,24,178,17,15.291666666666666,10.470588235294118
92,73,Bournemouth,h,0.895819,1.75264,0.895819,1.75264,8,8,0,2,0.639,l,2022-12-31 15:00:00,0,0,1,0,-0.8568209999999999,141,20,253,26,7.05,9.73076923076923
93,73,Bournemouth,a,0.679022,2.97383,0.679022,2.97383,2,13,0,3,0.1705,l,2023-01-03 20:00:00,0,0,1,0,-2.2948079999999997,337,14,226,21,24.071428571428573,10.761904761904763
94,73,Bournemouth,a,0.269283,1.29815,0.269283,0.536983,2,3,0,2,0.3588,l,2023-01-14 17:30:00,0,0,1,0,-0.2677,213,21,221,17,10.142857142857142,13.0
95,73,Bournemouth,h,1.80549,1.57544,1.80549,1.57544,10,5,1,1,1.5412,d,2023-01-21 15:00:00,0,1,0,1,0.2300500000000001,273,14,170,17,19.5,10.0
96,73,Bournemouth,a,0.908298,2.55696,0.908298,2.55696,2,15,0,1,0.3349,l,2023-02-04 15:00:00,0,0,1,0,-1.648662,349,15,132,19,23.266666666666666,6.947368421052632
97,73,Bournemouth,h,1.54458,1.54853,1.54458,1.54853,4,6,1,1,1.3287,d,2023-02-11 17:30:00,0,1,0,1,-0.003949999999999898,310,20,124,27,15.5,4.592592592592593
98,73,Bournemouth,a,1.15274,0.911415,1.15274,0.911415,4,11,1,0,1.6663000000000001,w,2023-02-18 15:00:00,1,0,0,3,0.24132500000000012,361,17,132,20,21.235294117647058,6.6
99,73,Bournemouth,h,1.08527,2.98206,1.08527,2.98206,4,15,1,4,0.2773,l,2023-02-25 17:30:00,0,0,1,0,-1.8967900000000002,453,14,212,28,32.357142857142854,7.571428571428571
100,73,Bournemouth,a,1.74267,2.46279,1.74267,2.46279,3,31,2,3,0.9178,l,2023-03-04 15:00:00,0,0,1,0,-0.7201200000000001,213,15,80,20,14.2,4.0
101,73,Bournemouth,h,1.10128,2.13465,1.10128,1.37349,1,12,1,0,0.5911,w,2023-03-11 12:30:00,1,0,0,3,-0.27221000000000006,358,13,135,27,27.53846153846154,5.0
102,73,Bournemouth,a,0.50014,3.45474,0.50014,3.45474,5,16,0,3,0.0734,l,2023-03-18 15:00:00,0,0,1,0,-2.9546,272,35,206,25,7.771428571428571,8.24
103,73,Bournemouth,h,3.14054,0.601049,3.14054,0.601049,10,6,2,1,2.8838999999999997,w,2023-04-01 14:00:00,1,0,0,3,2.539491,289,24,183,26,12.041666666666666,7.038461538461538
104,73,Bournemouth,h,1.15322,2.63392,1.15322,2.63392,7,13,0,2,0.4467,l,2023-04-04 18:45:00,0,0,1,0,-1.4807,391,34,187,17,11.5,11.0
105,73,Bournemouth,a,1.92396,0.731965,1.92396,0.731965,7,5,1,0,2.2461,w,2023-04-08 14:00:00,1,0,0,3,1.191995,235,22,207,17,10.681818181818182,12.176470588235293
106,73,Bournemouth,a,1.20598,2.30604,1.20598,2.30604,5,8,3,2,0.6973,w,2023-04-15 14:00:00,1,0,0,3,-1.1000599999999998,250,19,196,22,13.157894736842104,8.909090909090908
107,73,Bournemouth,h,0.974687,2.52322,0.974687,2.52322,8,8,0,4,0.43679999999999997,l,2023-04-23 13:00:00,0,0,1,0,-1.548533,159,17,308,22,9.352941176470589,14.0
108,73,Bournemouth,a,0.988554,0.477034,0.988554,0.477034,5,5,1,0,1.7941,w,2023-04-27 18:45:00,1,0,0,3,0.51152,276,27,205,26,10.222222222222221,7.884615384615385
109,73,Bournemouth,h,2.51723,1.33691,2.51723,1.33691,8,9,4,1,2.2065000000000006,w,2023-04-30 13:00:00,1,0,0,3,1.18032,251,20,213,31,12.55,6.870967741935484
110,73,Bournemouth,h,1.21755,1.76852,1.21755,1.76852,9,13,1,3,0.9384999999999999,l,2023-05-06 14:00:00,0,0,1,0,-0.5509700000000002,309,16,146,23,19.3125,6.3478260869565215
111,73,Bournemouth,a,0.262022,1.40237,0.262022,1.40237,5,9,0,2,0.38649999999999995,l,2023-05-13 14:00:00,0,0,1,0,-1.140348,307,23,272,19,13.347826086956522,14.31578947368421
112,73,Bournemouth,h,0.815723,1.71783,0.815723,1.71783,8,12,0,1,0.6884,l,2023-05-20 14:00:00,0,0,1,0,-0.902107,300,15,291,22,20.0,13.227272727272727
113,73,Bournemouth,a,0.432084,1.12933,0.432084,1.12933,4,4,0,1,0.681,l,2023-05-28 15:30:00,0,0,1,0,-0.6972459999999999,149,20,361,26,7.45,13.884615384615385
114,74,Southampton,a,0.386546,1.6172,0.386546,1.6172,7,12,1,4,0.4576,l,2022-08-06 14:00:00,0,0,1,0,-1.230654,342,22,171,30,15.545454545454545,5.7
115,74,Southampton,h,1.40906,1.99694,1.40906,1.99694,4,9,2,2,0.9052,d,2022-08-13 14:00:00,0,1,0,1,-0.58788,252,19,165,34,13.263157894736842,4.852941176470588
116,74,Southampton,a,1.24155,0.242948,1.24155,0.242948,4,5,2,1,2.282,w,2022-08-20 14:00:00,1,0,0,3,0.998602,331,21,149,31,15.761904761904763,4.806451612903226
117,74,Southampton,h,1.35887,1.34359,1.35887,1.34359,11,11,0,1,1.3067,l,2022-08-27 11:30:00,0,0,1,0,0.01527999999999996,201,16,150,18,12.5625,8.333333333333334
118,74,Southampton,h,1.44086,1.5047,1.44086,1.5047,3,7,2,1,1.2903,w,2022-08-30 18:45:00,1,0,0,3,-0.0638399999999999,291,24,92,27,12.125,3.4074074074074074
119,74,Southampton,a,1.20838,1.10039,1.20838,1.10039,12,8,0,1,1.4135,l,2022-09-03 14:00:00,0,0,1,0,0.10799000000000003,218,29,178,19,7.517241379310345,9.368421052631579
120,74,Southampton,a,0.218302,1.34365,0.218302,1.34365,2,6,0,1,0.31379999999999997,l,2022-09-16 19:00:00,0,0,1,0,-1.125348,201,25,232,39,8.04,5.948717948717949
121,74,Southampton,h,1.95961,1.99979,1.95961,1.99979,12,4,1,2,1.3222999999999998,l,2022-10-01 14:00:00,0,0,1,0,-0.04017999999999988,194,21,231,16,9.238095238095237,14.4375
122,74,Southampton,a,0.101148,2.73536,0.101148,2.73536,0,12,0,4,0.0678,l,2022-10-08 14:00:00,0,0,1,0,-2.634212,508,19,227,15,26.736842105263158,15.133333333333333
123,74,Southampton,h,0.524479,1.70727,0.524479,1.70727,2,8,1,1,0.5014,d,2022-10-16 13:00:00,0,1,0,1,-1.182791,234,13,146,13,18.0,11.23076923076923
124,74,Southampton,a,1.23878,0.810452,1.23878,0.810452,6,8,1,0,1.7622,w,2022-10-19 18:30:00,1,0,0,3,0.42832800000000004,273,20,247,21,13.65,11.761904761904763
125,74,Southampton,h,0.622653,1.57897,0.622653,1.57897,7,8,1,1,0.5932,d,2022-10-23 13:00:00,0,1,0,1,-0.956317,316,15,220,23,21.066666666666666,9.565217391304348
126,74,Southampton,a,1.35803,1.00384,1.35803,1.00384,8,7,0,1,1.6206,l,2022-10-29 14:00:00,0,0,1,0,0.35419,146,20,267,23,7.3,11.608695652173912
127,74,Southampton,h,1.65228,1.42101,1.65228,1.42101,6,4,1,4,1.5574999999999999,l,2022-11-06 14:00:00,0,0,1,0,0.23126999999999986,199,22,214,15,9.045454545454545,14.266666666666667
128,74,Southampton,a,1.43427,2.74418,1.43427,2.74418,9,10,1,3,0.5758,l,2022-11-12 15:00:00,0,0,1,0,-1.3099100000000001,436,20,240,12,21.8,20.0
129,74,Southampton,h,1.70709,1.00714,0.857921,1.00714,5,10,1,3,1.9778000000000002,l,2022-12-26 15:00:00,0,0,1,0,-0.14921899999999988,445,22,177,16,20.227272727272727,11.0625
130,74,Southampton,a,0.698711,1.49305,0.698711,0.731881,2,6,1,2,0.6106,l,2022-12-31 15:00:00,0,0,1,0,-0.03317000000000003,299,22,158,21,13.590909090909092,7.523809523809524
131,74,Southampton,h,0.62937,1.22324,0.62937,1.22324,4,4,0,1,0.7590999999999999,l,2023-01-04 19:30:00,0,0,1,0,-0.5938700000000001,128,23,237,20,5.565217391304348,11.85
132,74,Southampton,a,1.08412,1.18191,1.08412,1.18191,8,4,2,1,1.2537,w,2023-01-14 15:00:00,1,0,0,3,-0.09779000000000004,171,25,183,14,6.84,13.071428571428571
133,74,Southampton,h,0.672444,1.16432,0.672444,1.16432,4,8,0,1,0.9340999999999999,l,2023-01-21 15:00:00,0,0,1,0,-0.491876,337,28,159,21,12.035714285714286,7.571428571428571
134,74,Southampton,a,0.644385,2.36747,0.644385,2.36747,5,12,0,3,0.2808,l,2023-02-04 15:00:00,0,0,1,0,-1.723085,163,19,205,17,8.578947368421053,12.058823529411764
135,74,Southampton,h,1.30203,0.615651,1.30203,0.615651,7,2,1,2,1.9829999999999999,l,2023-02-11 15:00:00,0,0,1,0,0.6863790000000001,288,34,113,19,8.470588235294118,5.947368421052632
136,74,Southampton,a,0.619532,1.61723,0.619532,1.61723,3,11,1,0,0.5426,w,2023-02-18 15:00:00,1,0,0,3,-0.997698,299,42,170,29,7.119047619047619,5.862068965517241
137,74,Southampton,a,0.391128,0.720048,0.391128,0.720048,2,10,0,1,0.9448,l,2023-02-25 15:00:00,0,0,1,0,-0.32892000000000005,285,26,196,36,10.961538461538462,5.444444444444445
138,74,Southampton,h,1.34332,1.67051,0.582156,1.67051,1,12,1,0,1.0948,w,2023-03-04 17:30:00,1,0,0,3,-1.0883539999999998,341,26,167,28,13.115384615384615,5.964285714285714
139,74,Southampton,a,1.18053,0.910911,1.18053,0.910911,4,8,0,0,1.5585,d,2023-03-12 14:00:00,0,1,0,1,0.26961900000000005,223,25,238,26,8.92,9.153846153846153
140,74,Southampton,h,0.358977,1.66591,0.358977,1.66591,6,4,0,2,0.2338,l,2023-03-15 19:30:00,0,0,1,0,-1.306933,135,25,307,26,5.4,11.807692307692308
141,74,Southampton,h,2.52077,1.88473,1.7596,1.88473,12,6,3,3,1.8373,d,2023-03-18 15:00:00,0,1,0,1,-0.12512999999999996,282,27,197,26,10.444444444444445,7.576923076923077
142,74,Southampton,a,0.318261,1.40363,0.318261,1.40363,3,3,0,1,0.4503,l,2023-04-02 13:00:00,0,0,1,0,-1.085369,225,29,332,37,7.758620689655173,8.972972972972974
143,74,Southampton,h,0.492801,3.05999,0.492801,2.29883,1,11,1,4,0.0771,l,2023-04-08 16:30:00,0,0,1,0,-1.806029,494,9,160,18,54.888888888888886,8.88888888888889
144,74,Southampton,h,0.678449,0.86306,0.678449,0.86306,9,8,0,2,1.0869,l,2023-04-15 14:00:00,0,0,1,0,-0.18461100000000008,195,23,300,33,8.478260869565217,9.090909090909092
145,74,Southampton,a,1.43063,2.39609,1.43063,2.39609,3,23,3,3,0.7431,d,2023-04-21 19:00:00,0,1,0,1,-0.96546,265,14,104,25,18.928571428571427,4.16
146,74,Southampton,h,0.477034,0.988554,0.477034,0.988554,5,5,0,1,0.859,l,2023-04-27 18:45:00,0,0,1,0,-0.51152,205,26,276,27,7.884615384615385,10.222222222222221
147,74,Southampton,a,0.897175,3.91457,0.897175,3.91457,4,12,1,3,0.035500000000000004,l,2023-04-30 13:00:00,0,0,1,0,-3.017395,261,17,152,25,15.352941176470589,6.08
148,74,Southampton,a,3.31096,1.91326,2.54979,1.1521,12,8,3,4,2.2749,l,2023-05-08 19:00:00,0,0,1,0,1.3976899999999999,152,14,299,23,10.857142857142858,13.0
149,74,Southampton,h,0.149649,1.27085,0.149649,1.27085,0,11,0,2,0.33399999999999996,l,2023-05-13 14:00:00,0,0,1,0,-1.1212010000000001,345,27,181,23,12.777777777777779,7.869565217391305
150,74,Southampton,a,0.863659,2.41418,0.863659,2.41418,2,22,1,3,0.42950000000000005,l,2023-05-21 13:00:00,0,0,1,0,-1.550521,344,18,228,21,19.11111111111111,10.857142857142858
151,74,Southampton,h,1.33964,4.00345,1.33964,4.00345,4,20,4,4,0.1953,d,2023-05-28 15:30:00,0,1,0,1,-2.66381,342,11,150,40,31.09090909090909,3.75
152,75,Leicester,h,0.455695,0.931067,0.455695,0.931067,5,3,2,2,0.8336000000000001,d,2022-08-07 13:00:00,0,1,0,1,-0.47537199999999996,301,17,311,14,17.705882352941178,22.214285714285715
153,75,Leicester,a,0.690679,3.0107,0.690679,3.0107,5,10,2,4,0.16599999999999998,l,2022-08-13 14:00:00,0,0,1,0,-2.3200209999999997,196,14,279,27,14.0,10.333333333333334
154,75,Leicester,h,0.242948,1.24155,0.242948,1.24155,5,4,1,2,0.4478,l,2022-08-20 14:00:00,0,0,1,0,-0.998602,149,31,331,21,4.806451612903226,15.761904761904763
155,75,Leicester,a,1.96023,1.74916,1.96023,1.74916,10,3,1,2,1.4883,l,2022-08-27 14:00:00,0,0,1,0,0.21106999999999987,258,12,281,25,21.5,11.24
156,75,Leicester,h,0.615266,1.09969,0.615266,1.09969,2,11,0,1,0.8414999999999999,l,2022-09-01 19:00:00,0,0,1,0,-0.4844240000000001,276,23,390,17,12.0,22.941176470588236
157,75,Leicester,a,1.06549,2.73166,1.06549,1.97049,4,10,2,5,0.37770000000000004,l,2022-09-04 13:00:00,0,0,1,0,-0.905,270,6,296,25,45.0,11.84
158,75,Leicester,a,1.59449,1.98619,0.833326,1.98619,10,6,2,6,1.0978,l,2022-09-17 16:30:00,0,0,1,0,-1.1528639999999999,308,18,297,14,17.11111111111111,21.214285714285715
159,75,Leicester,h,1.2497,1.22169,1.2497,1.22169,7,4,4,0,1.3701999999999999,w,2022-10-03 19:00:00,1,0,0,3,0.02801000000000009,291,29,280,13,10.03448275862069,21.53846153846154
160,75,Leicester,a,1.18125,1.14891,1.18125,1.14891,8,7,1,2,1.38,l,2022-10-08 14:00:00,0,0,1,0,0.03233999999999981,243,28,338,9,8.678571428571429,37.55555555555556
161,75,Leicester,h,0.973426,0.346808,0.973426,0.346808,13,1,0,0,1.9328999999999998,d,2022-10-15 11:30:00,0,1,0,1,0.626618,293,38,341,14,7.7105263157894735,24.357142857142858
162,75,Leicester,h,0.655249,1.19464,0.655249,1.19464,4,5,2,0,0.8526,w,2022-10-20 19:15:00,1,0,0,3,-0.539391,299,28,261,30,10.678571428571429,8.7
163,75,Leicester,a,0.989075,1.61785,0.989075,1.61785,5,11,4,0,0.915,w,2022-10-23 13:00:00,1,0,0,3,-0.628775,332,17,173,7,19.529411764705884,24.714285714285715
164,75,Leicester,h,0.693597,0.703827,0.693597,0.703827,2,14,0,1,1.3143,l,2022-10-29 11:30:00,0,0,1,0,-0.010229999999999961,255,8,254,17,31.875,14.941176470588236
165,75,Leicester,a,2.2679,1.3729,2.2679,1.3729,11,12,2,0,1.9554,w,2022-11-05 17:30:00,1,0,0,3,0.895,236,15,338,15,15.733333333333333,22.533333333333335
166,75,Leicester,a,1.60566,0.720721,0.844493,0.720721,5,6,2,0,2.1716,w,2022-11-12 15:00:00,1,0,0,3,0.1237720000000001,268,23,257,21,11.652173913043478,12.238095238095237
167,75,Leicester,h,0.31099,1.76382,0.31099,1.00265,4,5,0,3,0.2514,l,2022-12-26 15:00:00,0,0,1,0,-0.69166,209,30,348,15,6.966666666666667,23.2
168,75,Leicester,a,0.863312,2.02463,0.863312,2.02463,3,6,1,2,0.5978,l,2022-12-30 20:00:00,0,0,1,0,-1.161318,353,16,293,20,22.0625,14.65
169,75,Leicester,h,1.45221,1.33493,1.45221,1.33493,6,4,0,1,1.4493,l,2023-01-03 19:45:00,0,0,1,0,0.11728000000000005,175,28,335,22,6.25,15.227272727272727
170,75,Leicester,a,0.803421,1.75313,0.803421,1.75313,3,6,0,2,0.6593,l,2023-01-14 15:00:00,0,0,1,0,-0.949709,186,16,324,19,11.625,17.05263157894737
171,75,Leicester,h,1.35941,1.94491,1.35941,1.94491,2,12,2,2,0.9098999999999999,d,2023-01-21 15:00:00,0,1,0,1,-0.5854999999999999,361,11,206,21,32.81818181818182,9.80952380952381
172,75,Leicester,a,2.49784,1.4989,2.49784,1.4989,5,15,4,2,2.0979,w,2023-02-04 15:00:00,1,0,0,3,0.9989400000000002,360,27,193,25,13.333333333333334,7.72
173,75,Leicester,h,1.41208,1.11709,1.41208,1.11709,6,4,4,1,1.5917,w,2023-02-11 15:00:00,1,0,0,3,0.2949900000000001,290,41,259,16,7.073170731707317,16.1875
174,75,Leicester,a,1.39678,4.24663,1.39678,4.24663,7,12,0,3,0.1849,l,2023-02-19 14:00:00,0,0,1,0,-2.84985,336,29,232,22,11.586206896551724,10.545454545454545
175,75,Leicester,h,0.0203463,0.722059,0.0203463,0.722059,2,10,0,1,0.4856,l,2023-02-25 15:00:00,0,0,1,0,-0.7017127,283,18,151,19,15.722222222222221,7.947368421052632
176,75,Leicester,a,1.67051,1.34332,1.67051,0.582156,12,1,0,1,1.6174,l,2023-03-04 17:30:00,0,0,1,0,1.0883539999999998,167,28,341,26,5.964285714285714,13.115384615384615
177,75,Leicester,h,2.36139,1.49478,2.36139,1.49478,6,6,1,3,2.0370999999999997,l,2023-03-11 15:00:00,0,0,1,0,0.8666100000000001,331,31,290,22,10.67741935483871,13.181818181818182
178,75,Leicester,a,1.42133,0.476467,1.42133,0.476467,5,7,1,1,2.1993,d,2023-03-18 15:00:00,0,1,0,1,0.944863,247,25,274,30,9.88,9.133333333333333
179,75,Leicester,a,0.198959,1.93471,0.198959,1.93471,2,14,1,2,0.22569999999999998,l,2023-04-01 14:00:00,0,0,1,0,-1.735751,227,27,272,21,8.407407407407407,12.952380952380953
180,75,Leicester,h,0.671597,1.00159,0.671597,1.00159,2,11,1,2,1.0131000000000001,l,2023-04-04 18:45:00,0,0,1,0,-0.329993,276,27,156,15,10.222222222222221,10.4
181,75,Leicester,h,0.731965,1.92396,0.731965,1.92396,5,7,0,1,0.5454,l,2023-04-08 14:00:00,0,0,1,0,-1.191995,207,17,235,22,12.176470588235293,10.681818181818182
182,75,Leicester,a,1.92692,1.60702,1.92692,0.845854,7,2,1,3,1.6119,l,2023-04-15 16:30:00,0,0,1,0,1.0810659999999999,414,19,192,20,21.789473684210527,9.6
183,75,Leicester,h,2.66929,0.59626,1.90812,0.59626,5,5,2,1,2.7367000000000004,w,2023-04-22 14:00:00,1,0,0,3,1.31186,269,19,188,29,14.157894736842104,6.482758620689655
184,75,Leicester,a,2.08594,2.09645,2.08594,2.09645,7,2,1,1,1.3744,d,2023-04-25 19:00:00,0,1,0,1,-0.01051000000000002,128,25,211,29,5.12,7.275862068965517
185,75,Leicester,h,3.32486,3.28648,2.56369,2.52531,5,9,2,2,1.4183,d,2023-05-01 19:00:00,0,1,0,1,0.03837999999999964,158,21,226,26,7.523809523809524,8.692307692307692
186,75,Leicester,a,2.92566,1.75276,1.31616,1.75276,4,10,3,5,2.1988000000000003,l,2023-05-08 14:00:00,0,0,1,0,-0.4366000000000001,298,28,197,27,10.642857142857142,7.296296296296297
187,75,Leicester,h,0.527496,1.77085,0.527496,1.77085,3,13,0,3,0.45299999999999996,l,2023-05-15 19:00:00,0,0,1,0,-1.243354,365,30,164,30,12.166666666666666,5.466666666666667
188,75,Leicester,a,0.0839072,2.05089,0.0839072,2.05089,0,13,0,0,0.1178,d,2023-05-22 19:00:00,0,1,0,1,-1.9669827999999998,316,11,67,16,28.727272727272727,4.1875
189,75,Leicester,h,2.03013,0.970352,2.03013,0.970352,8,8,2,1,2.1522,w,2023-05-28 15:30:00,1,0,0,3,1.059778,308,21,313,20,14.666666666666666,15.65
190,78,Crystal Palace,h,1.20637,1.43601,1.20637,1.43601,8,13,0,2,1.1503999999999999,l,2022-08-05 19:00:00,0,0,1,0,-0.22964000000000007,246,24,355,28,10.25,12.678571428571429
191,78,Crystal Palace,a,1.64468,2.23596,1.64468,2.23596,2,20,1,1,0.9993,d,2022-08-15 19:00:00,0,1,0,1,-0.59128,454,11,140,41,41.27272727272727,3.4146341463414633
192,78,Crystal Palace,h,2.91137,0.803828,2.00662,0.803828,8,3,3,1,2.6914,w,2022-08-20 14:00:00,1,0,0,3,1.2027919999999999,251,18,252,34,13.944444444444445,7.411764705882353
193,78,Crystal Palace,a,0.091976,2.3853,0.091976,2.3853,1,18,2,4,0.0732,l,2022-08-27 14:00:00,0,0,1,0,-2.293324,336,6,145,21,56.0,6.904761904761905
194,78,Crystal Palace,h,0.777363,1.61808,0.777363,1.61808,1,8,1,1,0.7246,d,2022-08-30 18:30:00,0,1,0,1,-0.8407169999999999,273,21,275,19,13.0,14.473684210526315
195,78,Crystal Palace,a,0.920595,2.90672,0.920595,2.90672,4,10,0,0,0.3035,d,2022-09-03 14:00:00,0,1,0,1,-1.986125,178,15,208,33,11.866666666666667,6.303030303030303
196,78,Crystal Palace,h,0.70987,1.25506,0.70987,1.25506,2,12,1,2,0.8415,l,2022-10-01 14:00:00,0,0,1,0,-0.5451900000000001,357,21,203,26,17.0,7.8076923076923075
197,78,Crystal Palace,h,1.65194,1.06564,1.65194,1.06564,5,10,2,1,1.8395999999999997,w,2022-10-09 13:00:00,1,0,0,3,0.5863,135,19,242,38,7.105263157894737,6.368421052631579
198,78,Crystal Palace,a,0.346808,0.973426,0.346808,0.973426,1,13,0,0,0.7158,d,2022-10-15 11:30:00,0,1,0,1,-0.626618,341,14,293,38,24.357142857142858,7.7105263157894735
199,78,Crystal Palace,h,1.25617,0.857837,1.25617,0.857837,8,8,2,1,1.688,w,2022-10-18 19:15:00,1,0,0,3,0.39833300000000005,255,33,251,30,7.7272727272727275,8.366666666666667
200,78,Crystal Palace,a,0.597167,1.93396,0.597167,1.93396,4,5,0,3,0.3649,l,2022-10-22 14:00:00,0,0,1,0,-1.336793,206,24,280,29,8.583333333333334,9.655172413793103
201,78,Crystal Palace,h,1.00384,1.35803,1.00384,1.35803,7,8,1,0,1.0788,w,2022-10-29 14:00:00,1,0,0,3,-0.35419,267,23,146,20,11.608695652173912,7.3
202,78,Crystal Palace,a,1.03344,0.192579,1.03344,0.192579,9,1,2,1,2.1555,w,2022-11-06 14:00:00,1,0,0,3,0.8408609999999999,282,9,325,18,31.333333333333332,18.055555555555557
203,78,Crystal Palace,a,1.14552,1.23752,0.384356,1.23752,3,4,0,1,1.2479,l,2022-11-12 15:00:00,0,0,1,0,-0.853164,164,20,384,15,8.2,25.6
204,78,Crystal Palace,h,0.421754,2.69927,0.421754,2.69927,2,13,0,3,0.1444,l,2022-12-26 15:00:00,0,0,1,0,-2.277516,326,18,243,28,18.11111111111111,8.678571428571429
205,78,Crystal Palace,a,1.75264,0.895819,1.75264,0.895819,8,8,2,0,2.0931,w,2022-12-31 15:00:00,1,0,0,3,0.8568209999999999,253,26,141,20,9.73076923076923,7.05
206,78,Crystal Palace,h,0.787525,1.66514,0.787525,1.66514,8,9,0,4,0.6605000000000001,l,2023-01-04 20:00:00,0,0,1,0,-0.877615,354,24,242,17,14.75,14.235294117647058
207,78,Crystal Palace,a,0.837366,2.12987,0.837366,2.12987,3,9,0,1,0.4668,l,2023-01-15 14:00:00,0,0,1,0,-1.2925039999999999,322,28,132,23,11.5,5.739130434782608
208,78,Crystal Palace,h,0.413339,1.39437,0.413339,1.39437,3,12,1,1,0.5356,d,2023-01-18 15:30:00,0,1,0,1,-0.9810310000000001,379,29,191,24,13.068965517241379,7.958333333333333
209,78,Crystal Palace,h,0.333154,1.44384,0.333154,1.44384,3,13,0,0,0.4495,d,2023-01-21 17:30:00,0,1,0,1,-1.110686,244,31,130,19,7.870967741935484,6.842105263157895
210,78,Crystal Palace,a,1.3798,2.07035,1.3798,1.30918,4,11,1,2,0.8257,l,2023-02-04 15:00:00,0,0,1,0,0.0706199999999999,247,15,235,17,16.466666666666665,13.823529411764707
211,78,Crystal Palace,h,0.928279,2.64981,0.928279,2.64981,2,8,1,1,0.3426,d,2023-02-11 15:00:00,0,1,0,1,-1.7215310000000001,454,21,109,30,21.61904761904762,3.6333333333333333
212,78,Crystal Palace,a,1.12202,0.610105,1.12202,0.610105,3,12,1,1,1.8361,d,2023-02-18 15:00:00,0,1,0,1,0.511915,296,15,183,25,19.733333333333334,7.32
213,78,Crystal Palace,h,0.989086,1.35123,0.989086,1.35123,1,5,0,0,1.0333,d,2023-02-25 19:45:00,0,1,0,1,-0.3621439999999999,411,22,158,19,18.681818181818183,8.31578947368421
214,78,Crystal Palace,a,0.152761,0.890605,0.152761,0.890605,0,8,0,1,0.5474,l,2023-03-04 15:00:00,0,0,1,0,-0.7378439999999999,348,37,223,26,9.405405405405405,8.576923076923077
215,78,Crystal Palace,h,0.185498,2.1884,0.185498,1.42723,0,8,0,1,0.1106,l,2023-03-11 17:30:00,0,0,1,0,-1.241732,296,17,163,30,17.41176470588235,5.433333333333334
216,78,Crystal Palace,a,1.21452,0.588727,1.21452,0.588727,7,5,0,1,1.9244999999999999,l,2023-03-15 19:30:00,0,0,1,0,0.625793,336,32,229,27,10.5,8.481481481481481
217,78,Crystal Palace,a,1.19194,1.53568,1.19194,1.53568,5,13,1,4,1.1096,l,2023-03-19 14:00:00,0,0,1,0,-0.34373999999999993,310,18,203,16,17.22222222222222,12.6875
218,78,Crystal Palace,h,1.93471,0.198959,1.93471,0.198959,14,2,2,1,2.6233,w,2023-04-01 14:00:00,1,0,0,3,1.735751,272,21,227,27,12.952380952380953,8.407407407407407
219,78,Crystal Palace,a,3.22687,1.02075,3.22687,1.02075,6,7,5,1,2.6913,w,2023-04-09 13:00:00,1,0,0,3,2.20612,220,20,223,43,11.0,5.186046511627907
220,78,Crystal Palace,a,0.86306,0.678449,0.86306,0.678449,8,9,2,0,1.5492,w,2023-04-15 14:00:00,1,0,0,3,0.18461100000000008,300,33,195,23,9.090909090909092,8.478260869565217
221,78,Crystal Palace,h,0.368137,0.433712,0.368137,0.433712,5,3,0,0,1.1770999999999998,d,2023-04-22 14:00:00,0,1,0,1,-0.065575,151,16,194,22,9.4375,8.818181818181818
222,78,Crystal Palace,a,0.580294,1.12829,0.580294,0.367118,5,3,0,2,0.7442,l,2023-04-25 18:30:00,0,0,1,0,0.21317599999999998,175,20,228,24,8.75,9.5
223,78,Crystal Palace,h,2.31888,1.98262,1.55771,1.98262,13,1,4,3,1.5977000000000001,w,2023-04-29 11:30:00,1,0,0,3,-0.4249100000000001,151,20,245,28,7.55,8.75
224,78,Crystal Palace,a,0.306669,1.15665,0.306669,1.15665,4,1,0,1,0.546,l,2023-05-06 14:00:00,0,0,1,0,-0.8499809999999999,313,29,211,27,10.793103448275861,7.814814814814815
225,78,Crystal Palace,h,1.40237,0.262022,1.40237,0.262022,9,5,2,0,2.3794,w,2023-05-13 14:00:00,1,0,0,3,1.140348,272,19,307,23,14.31578947368421,13.347826086956522
226,78,Crystal Palace,a,1.70785,1.95519,1.70785,1.19402,10,12,2,2,1.1376000000000002,d,2023-05-20 14:00:00,0,1,0,1,0.51383,179,15,201,22,11.933333333333334,9.136363636363637
227,78,Crystal Palace,h,1.00786,0.436439,1.00786,0.436439,11,1,1,1,1.8398,d,2023-05-28 15:30:00,0,1,0,1,0.571421,155,21,265,16,7.380952380952381,16.5625
228,80,Chelsea,a,1.92315,0.541983,1.16198,0.541983,7,3,1,0,2.4766,w,2022-08-06 16:30:00,1,0,0,3,0.619997,161,26,264,22,6.1923076923076925,12.0
229,80,Chelsea,h,1.83945,1.58708,1.83945,1.58708,12,2,2,2,1.554,d,2022-08-14 15:30:00,0,1,0,1,0.25237,193,29,258,21,6.655172413793103,12.285714285714286
230,80,Chelsea,a,0.692492,2.20971,0.692492,2.20971,7,1,0,3,0.2243,l,2022-08-21 13:00:00,0,0,1,0,-1.5172179999999997,139,30,274,32,4.633333333333334,8.5625
231,80,Chelsea,h,1.74916,1.96023,1.74916,1.96023,3,10,2,1,1.2501,w,2022-08-27 14:00:00,1,0,0,3,-0.21106999999999987,281,25,258,12,11.24,21.5
232,80,Chelsea,a,1.5047,1.44086,1.5047,1.44086,7,3,1,2,1.4181000000000001,l,2022-08-30 18:45:00,0,0,1,0,0.0638399999999999,92,27,291,24,3.4074074074074074,12.125
233,80,Chelsea,h,0.707333,1.4196,0.707333,1.4196,4,1,2,1,0.5895,w,2022-09-03 14:00:00,1,0,0,3,-0.712267,164,17,327,14,9.647058823529411,23.357142857142858
234,80,Chelsea,a,1.25506,0.70987,1.25506,0.70987,12,2,2,1,1.8501,w,2022-10-01 14:00:00,1,0,0,3,0.5451900000000001,203,26,357,21,7.8076923076923075,17.0
235,80,Chelsea,h,2.43092,0.748449,2.43092,0.748449,11,4,3,0,2.4922999999999997,w,2022-10-08 14:00:00,1,0,0,3,1.682471,271,24,313,8,11.291666666666666,39.125
236,80,Chelsea,a,1.23643,2.44542,1.23643,2.44542,5,6,2,0,0.5770000000000001,w,2022-10-16 13:00:00,1,0,0,3,-1.20899,203,15,379,27,13.533333333333333,14.037037037037036
237,80,Chelsea,a,0.557405,1.45228,0.557405,1.45228,14,7,0,0,0.5537,d,2022-10-19 18:30:00,0,1,0,1,-0.894875,147,14,284,17,10.5,16.705882352941178
238,80,Chelsea,h,1.20238,0.730935,0.441206,0.730935,3,8,1,1,1.8624,d,2022-10-22 15:30:00,0,1,0,1,-0.289729,240,15,212,13,16.0,16.307692307692307
239,80,Chelsea,a,1.07554,2.881,1.07554,2.881,8,5,1,4,0.296,l,2022-10-29 14:00:00,0,0,1,0,-1.8054599999999998,200,16,295,13,12.5,22.692307692307693
240,80,Chelsea,h,0.278815,2.37846,0.278815,2.37846,5,3,0,1,0.11019999999999999,l,2022-11-06 12:00:00,0,0,1,0,-2.099645,248,29,185,31,8.551724137931034,5.967741935483871
241,80,Chelsea,a,0.359105,1.3601,0.359105,1.3601,2,7,0,1,0.461,l,2022-11-12 17:30:00,0,0,1,0,-1.000995,235,22,297,35,10.681818181818182,8.485714285714286
242,80,Chelsea,h,1.91378,0.44307,1.91378,0.44307,7,4,2,0,2.4991,w,2022-12-27 17:30:00,1,0,0,3,1.47071,178,17,367,24,10.470588235294118,15.291666666666666
243,80,Chelsea,a,1.37305,0.985219,1.37305,0.985219,6,10,1,1,1.7223000000000002,d,2023-01-01 16:30:00,0,1,0,1,0.38783100000000015,135,22,463,24,6.136363636363637,19.291666666666668
244,80,Chelsea,h,0.493576,1.71972,0.493576,1.71972,5,10,0,1,0.3875,l,2023-01-05 20:00:00,0,0,1,0,-1.226144,326,24,332,26,13.583333333333334,12.76923076923077
245,80,Chelsea,a,2.39911,0.711266,2.39911,0.711266,7,2,1,2,2.5559,l,2023-01-12 19:00:00,0,0,1,0,1.687844,227,26,321,22,8.73076923076923,14.590909090909092
246,80,Chelsea,h,2.12987,0.837366,2.12987,0.837366,9,3,1,0,2.3394,w,2023-01-15 14:00:00,1,0,0,3,1.2925039999999999,132,23,322,28,5.739130434782608,11.5
247,80,Chelsea,a,1.84467,1.30125,1.84467,1.30125,7,7,0,0,1.7712999999999999,d,2023-01-21 12:30:00,0,1,0,1,0.54342,265,27,338,32,9.814814814814815,10.5625
248,80,Chelsea,h,1.41471,0.493341,1.41471,0.493341,5,5,0,0,2.1542,d,2023-02-03 20:00:00,0,1,0,1,0.9213689999999999,141,33,434,22,4.2727272727272725,19.727272727272727
249,80,Chelsea,a,0.900465,1.07615,0.900465,1.07615,10,6,1,1,1.1671,d,2023-02-11 12:30:00,0,1,0,1,-0.17568499999999998,113,20,384,18,5.65,21.333333333333332
250,80,Chelsea,h,1.61723,0.619532,1.61723,0.619532,11,3,0,1,2.2223,l,2023-02-18 15:00:00,0,0,1,0,0.997698,170,29,299,42,5.862068965517241,7.119047619047619
251,80,Chelsea,a,0.262281,0.926313,0.262281,0.926313,5,5,0,2,0.5469999999999999,l,2023-02-26 13:30:00,0,0,1,0,-0.6640320000000001,241,30,287,25,8.033333333333333,11.48
252,80,Chelsea,h,1.8678,0.633995,1.8678,0.633995,8,4,1,0,2.3222,w,2023-03-04 15:00:00,1,0,0,3,1.2338049999999998,211,25,340,19,8.44,17.894736842105264
253,80,Chelsea,a,1.49478,2.36139,1.49478,2.36139,6,6,3,1,0.7435,w,2023-03-11 15:00:00,1,0,0,3,-0.8666100000000001,290,22,331,31,13.181818181818182,10.67741935483871
254,80,Chelsea,h,1.90027,1.64675,1.1391,1.64675,9,1,2,2,1.5468,d,2023-03-18 17:30:00,0,1,0,1,-0.5076499999999999,107,15,311,24,7.133333333333334,12.958333333333334
255,80,Chelsea,h,2.38024,0.765794,2.38024,0.765794,19,2,0,2,2.449,l,2023-04-01 16:30:00,0,0,1,0,1.614446,159,35,295,24,4.542857142857143,12.291666666666666
256,80,Chelsea,h,2.18903,0.202217,2.18903,0.202217,12,8,0,0,2.7888,d,2023-04-04 19:00:00,0,1,0,1,1.9868129999999997,315,20,323,31,15.75,10.419354838709678
257,80,Chelsea,a,0.815308,0.601153,0.815308,0.601153,14,3,0,1,1.4924999999999997,l,2023-04-08 14:00:00,0,0,1,0,0.21415499999999998,173,17,281,28,10.176470588235293,10.035714285714286
258,80,Chelsea,h,0.46331,2.52107,0.46331,2.52107,6,11,1,2,0.2155,l,2023-04-15 14:00:00,0,0,1,0,-2.05776,311,20,249,24,15.55,10.375
259,80,Chelsea,h,1.21124,0.695344,1.21124,0.695344,10,3,0,2,1.8124999999999998,l,2023-04-26 18:45:00,0,0,1,0,0.5158960000000001,125,15,288,20,8.333333333333334,14.4
260,80,Chelsea,a,0.785202,2.7832,0.785202,2.7832,8,13,1,3,0.26580000000000004,l,2023-05-02 19:00:00,0,0,1,0,-1.997998,309,13,299,24,23.76923076923077,12.458333333333334
261,80,Chelsea,a,1.76852,1.21755,1.76852,1.21755,13,9,3,1,1.8037,w,2023-05-06 14:00:00,1,0,0,3,0.5509700000000002,146,23,309,16,6.3478260869565215,19.3125
262,80,Chelsea,h,0.999181,1.96797,0.999181,1.96797,10,2,2,2,0.652,d,2023-05-13 14:00:00,0,1,0,1,-0.968789,103,20,361,26,5.15,13.884615384615385
263,80,Chelsea,a,1.15648,1.20557,1.15648,1.20557,7,12,0,1,1.3201,l,2023-05-21 15:00:00,0,0,1,0,-0.04909000000000008,434,19,223,23,22.842105263157894,9.695652173913043
264,80,Chelsea,a,1.68364,4.92231,1.68364,4.16115,11,18,1,4,0.0826,l,2023-05-25 19:00:00,0,0,1,0,-2.47751,234,20,378,26,11.7,14.538461538461538
265,80,Chelsea,h,2.01924,1.51899,2.01924,1.51899,17,5,1,1,1.7055999999999998,d,2023-05-28 15:30:00,0,1,0,1,0.5002499999999999,195,29,294,18,6.724137931034483,16.333333333333332
266,81,West Ham,h,0.246188,2.58739,0.246188,1.82623,2,11,0,2,0.08,l,2022-08-07 15:30:00,0,0,1,0,-1.580042,520,20,153,6,26.0,25.5
267,81,West Ham,a,2.08634,1.9717,1.32517,1.9717,7,4,0,1,1.4451,l,2022-08-14 13:00:00,0,0,1,0,-0.64653,123,15,173,16,8.2,10.8125
268,81,West Ham,h,0.768634,1.82645,0.768634,1.06528,6,2,0,2,0.5258,l,2022-08-21 13:00:00,0,0,1,0,-0.29664599999999997,261,10,264,14,26.1,18.857142857142858
269,81,West Ham,a,0.334589,0.304555,0.334589,0.304555,3,4,1,0,1.2731000000000001,w,2022-08-28 13:00:00,1,0,0,3,0.030034000000000005,351,20,243,18,17.55,13.5
270,81,West Ham,h,1.52267,0.723285,1.52267,0.723285,3,6,1,1,2.0176,d,2022-08-31 18:45:00,0,1,0,1,0.799385,452,16,189,10,28.25,18.9
271,81,West Ham,a,1.4196,0.707333,1.4196,0.707333,1,4,1,2,2.1213,l,2022-09-03 14:00:00,0,0,1,0,0.712267,327,14,164,17,23.357142857142858,9.647058823529411
272,81,West Ham,a,0.655351,0.39773,0.655351,0.39773,2,3,0,1,1.5435,l,2022-09-18 13:15:00,0,0,1,0,0.25762100000000004,239,21,201,13,11.380952380952381,15.461538461538462
273,81,West Ham,h,1.03934,0.575988,1.03934,0.575988,4,10,2,0,1.7294,w,2022-10-01 16:30:00,1,0,0,3,0.4633519999999999,278,13,202,10,21.384615384615383,20.2
274,81,West Ham,h,3.43676,0.549848,2.67559,0.549848,7,5,3,1,2.9013,w,2022-10-09 13:00:00,1,0,0,3,2.1257420000000002,277,9,269,15,30.77777777777778,17.933333333333334
275,81,West Ham,a,1.70727,0.524479,1.70727,0.524479,8,2,1,1,2.278,d,2022-10-16 13:00:00,0,1,0,1,1.182791,146,13,234,13,11.23076923076923,18.0
276,81,West Ham,a,2.48649,2.24066,1.72532,2.24066,4,8,0,1,1.5733,l,2022-10-19 18:30:00,0,0,1,0,-0.5153400000000001,374,14,319,25,26.714285714285715,12.76
277,81,West Ham,h,1.97715,0.730443,1.21598,0.730443,7,4,2,0,2.3783,w,2022-10-24 19:00:00,1,0,0,3,0.4855370000000001,249,22,298,19,11.318181818181818,15.68421052631579
278,81,West Ham,a,1.00033,1.7514,1.00033,1.7514,5,6,0,1,0.7785,l,2022-10-30 16:15:00,0,0,1,0,-0.7510700000000001,247,15,243,18,16.466666666666665,13.5
279,81,West Ham,h,0.192579,1.03344,0.192579,1.03344,1,9,1,2,0.5124,l,2022-11-06 14:00:00,0,0,1,0,-0.8408609999999999,325,18,282,9,18.055555555555557,31.333333333333332
280,81,West Ham,h,0.720721,1.60566,0.720721,0.844493,6,5,0,2,0.5972,l,2022-11-12 15:00:00,0,0,1,0,-0.1237720000000001,257,21,268,23,12.238095238095237,11.652173913043478
281,81,West Ham,a,1.02652,1.88828,0.265347,1.88828,1,14,1,3,0.7037,l,2022-12-26 20:00:00,0,0,1,0,-1.622933,371,19,197,26,19.526315789473685,7.576923076923077
282,81,West Ham,h,1.13979,1.51436,1.13979,1.51436,5,7,0,2,1.0096,l,2022-12-30 19:45:00,0,0,1,0,-0.37456999999999985,200,20,274,9,10.0,30.444444444444443
283,81,West Ham,a,1.29245,1.2577,0.531284,1.2577,3,7,2,2,1.4064,d,2023-01-04 19:45:00,0,1,0,1,-0.7264160000000001,259,27,98,23,9.592592592592593,4.260869565217392
284,81,West Ham,a,0.735105,0.806232,0.735105,0.806232,7,5,0,1,1.2308000000000001,l,2023-01-14 15:00:00,0,0,1,0,-0.07112699999999994,311,21,199,13,14.80952380952381,15.307692307692308
285,81,West Ham,h,2.46879,0.286826,2.46879,0.286826,3,4,2,0,2.8585,w,2023-01-21 15:00:00,1,0,0,3,2.181964,424,20,200,19,21.2,10.526315789473685
286,81,West Ham,a,1.27831,1.22883,1.27831,1.22883,4,6,1,1,1.3900000000000001,d,2023-02-04 17:30:00,0,1,0,1,0.04947999999999997,275,26,161,20,10.576923076923077,8.05
287,81,West Ham,h,1.07615,0.900465,1.07615,0.900465,6,10,1,1,1.5019,d,2023-02-11 12:30:00,0,1,0,1,0.17568499999999998,384,18,113,20,21.333333333333332,5.65
288,81,West Ham,a,0.365173,1.43042,0.365173,1.43042,3,8,0,2,0.4648,l,2023-02-19 16:30:00,0,0,1,0,-1.065247,303,28,178,27,10.821428571428571,6.592592592592593
289,81,West Ham,h,3.05032,0.350849,3.05032,0.350849,13,3,4,0,2.9177,w,2023-02-25 15:00:00,1,0,0,3,2.699471,229,22,191,13,10.409090909090908,14.692307692307692
290,81,West Ham,a,0.250045,3.49993,0.250045,2.73876,3,9,0,4,0.014599999999999998,l,2023-03-04 15:00:00,0,0,1,0,-2.488715,426,22,199,19,19.363636363636363,10.473684210526315
291,81,West Ham,h,2.14634,1.99139,1.38517,1.99139,3,10,1,1,1.4631999999999998,d,2023-03-12 14:00:00,0,1,0,1,-0.60622,334,27,230,10,12.37037037037037,23.0
292,81,West Ham,h,1.40363,0.318261,1.40363,0.318261,3,3,1,0,2.3066999999999998,w,2023-04-02 13:00:00,1,0,0,3,1.085369,332,37,225,29,8.972972972972974,7.758620689655173
293,81,West Ham,h,0.83342,2.84091,0.83342,2.84091,3,11,1,5,0.2293,l,2023-04-05 19:00:00,0,0,1,0,-2.0074899999999998,278,24,159,25,11.583333333333334,6.36
294,81,West Ham,a,1.23261,0.456524,1.23261,0.456524,4,9,1,0,2.0868,w,2023-04-08 14:00:00,1,0,0,3,0.776086,315,19,77,18,16.57894736842105,4.277777777777778
295,81,West Ham,h,1.96095,2.71782,1.19978,1.95665,4,10,2,2,0.7921,d,2023-04-16 13:00:00,0,1,0,1,-0.7568699999999999,316,20,104,16,15.8,6.5
296,81,West Ham,a,2.52322,0.974687,2.52322,0.974687,8,8,4,0,2.4041999999999994,w,2023-04-23 13:00:00,1,0,0,3,1.548533,308,22,159,17,14.0,9.352941176470589
297,81,West Ham,h,0.939348,1.7045,0.939348,1.7045,2,12,1,2,0.7462,l,2023-04-26 18:45:00,0,0,1,0,-0.7651519999999999,491,19,153,32,25.842105263157894,4.78125
298,81,West Ham,a,1.98262,2.31888,1.98262,1.55771,1,13,3,4,1.1248999999999998,l,2023-04-29 11:30:00,0,0,1,0,0.4249100000000001,245,28,151,20,8.75,7.55
299,81,West Ham,a,0.492075,2.99908,0.492075,2.99908,2,15,0,3,0.123,l,2023-05-03 19:00:00,0,0,1,0,-2.5070050000000004,393,12,164,24,32.75,6.833333333333333
300,81,West Ham,h,1.76618,1.1942,1.76618,1.1942,4,15,1,0,1.8431,w,2023-05-07 18:00:00,1,0,0,3,0.5719800000000002,375,13,178,23,28.846153846153847,7.739130434782608
301,81,West Ham,a,0.203312,4.42571,0.203312,4.42571,2,7,0,2,0.0057,l,2023-05-14 13:00:00,0,0,1,0,-4.222397999999999,287,15,246,19,19.133333333333333,12.947368421052632
302,81,West Ham,h,2.48001,0.645828,2.48001,0.645828,15,8,3,1,2.6020000000000003,w,2023-05-21 12:30:00,1,0,0,3,1.8341820000000002,165,17,287,29,9.705882352941176,9.89655172413793
303,81,West Ham,a,0.970352,2.03013,0.970352,2.03013,8,8,1,2,0.6372,l,2023-05-28 15:30:00,0,0,1,0,-1.059778,313,20,308,21,15.65,14.666666666666666
304,82,Tottenham,h,1.6172,0.386546,1.6172,0.386546,12,7,4,1,2.3215,w,2022-08-06 14:00:00,1,0,0,3,1.230654,171,30,342,22,5.7,15.545454545454545
305,82,Tottenham,a,1.58708,1.83945,1.58708,1.83945,2,12,2,2,1.1907,d,2022-08-14 15:30:00,0,1,0,1,-0.25237,258,21,193,29,12.285714285714286,6.655172413793103
306,82,Tottenham,h,1.46608,0.686123,1.46608,0.686123,8,6,1,0,2.0355,w,2022-08-20 11:30:00,1,0,0,3,0.779957,232,20,289,14,11.6,20.642857142857142
307,82,Tottenham,a,2.44473,0.801369,1.68356,0.801369,6,11,2,0,2.4975,w,2022-08-28 15:30:00,1,0,0,3,0.882191,272,18,282,29,15.11111111111111,9.724137931034482
308,82,Tottenham,a,0.723285,1.52267,0.723285,1.52267,6,3,1,1,0.7243,d,2022-08-31 18:45:00,0,1,0,1,-0.799385,189,10,452,16,18.9,28.25
309,82,Tottenham,h,2.67823,0.381556,2.67823,0.381556,16,1,2,1,2.8029,w,2022-09-03 14:00:00,1,0,0,3,2.2966740000000003,229,19,292,18,12.052631578947368,16.22222222222222
310,82,Tottenham,h,1.98619,1.59449,1.98619,0.833326,6,10,6,2,1.6507,w,2022-09-17 16:30:00,1,0,0,3,1.1528639999999999,297,14,308,18,21.214285714285715,17.11111111111111
311,82,Tottenham,a,1.5027,2.48403,0.741526,2.48403,2,12,1,3,0.6607,l,2022-10-01 11:30:00,0,0,1,0,-1.7425040000000003,240,13,187,18,18.46153846153846,10.38888888888889
312,82,Tottenham,a,0.771641,0.899735,0.771641,0.899735,6,15,1,0,1.2318,w,2022-10-08 16:30:00,1,0,0,3,-0.12809399999999993,340,24,301,21,14.166666666666666,14.333333333333334
313,82,Tottenham,h,2.49409,0.560039,1.73292,0.560039,8,0,2,0,2.6594,w,2022-10-15 16:30:00,1,0,0,3,1.172881,250,20,351,14,12.5,25.071428571428573
314,82,Tottenham,a,0.658526,1.70973,0.658526,1.70973,7,10,0,2,0.5901000000000001,l,2022-10-19 19:15:00,0,0,1,0,-1.051204,257,14,313,17,18.357142857142858,18.41176470588235
315,82,Tottenham,h,1.56513,1.1294,1.56513,1.1294,7,11,1,2,1.6868,l,2022-10-23 15:30:00,0,0,1,0,0.43572999999999995,204,24,271,18,8.5,15.055555555555555
316,82,Tottenham,a,2.1946,0.887533,2.1946,0.887533,10,3,3,2,2.2932,w,2022-10-29 14:00:00,1,0,0,3,1.307067,184,10,329,16,18.4,20.5625
317,82,Tottenham,h,1.81736,1.46548,1.81736,1.46548,4,7,1,2,1.6047,l,2022-11-06 16:30:00,0,0,1,0,0.3518800000000002,371,24,290,17,15.458333333333334,17.058823529411764
318,82,Tottenham,h,2.58046,1.71731,2.58046,1.71731,7,6,4,3,1.9404,w,2022-11-12 15:00:00,1,0,0,3,0.8631500000000001,184,11,323,15,16.727272727272727,21.533333333333335
319,82,Tottenham,a,0.883787,2.25263,0.883787,2.25263,5,7,2,2,0.39239999999999997,d,2022-12-26 12:30:00,0,1,0,1,-1.368843,141,16,278,24,8.8125,11.583333333333334
320,82,Tottenham,h,0.569383,1.21733,0.569383,1.21733,6,7,0,2,0.7211000000000001,l,2023-01-01 14:00:00,0,0,1,0,-0.647947,226,22,311,18,10.272727272727273,17.27777777777778
321,82,Tottenham,a,1.66514,0.787525,1.66514,0.787525,9,8,4,0,2.1029,w,2023-01-04 20:00:00,1,0,0,3,0.877615,242,17,354,24,14.235294117647058,14.75
322,82,Tottenham,h,1.71032,2.04232,1.71032,2.04232,8,8,0,2,1.1280999999999999,l,2023-01-15 16:30:00,0,0,1,0,-0.3320000000000001,220,13,253,22,16.923076923076923,11.5
323,82,Tottenham,a,1.16499,2.34166,1.16499,2.34166,8,11,2,4,0.5789,l,2023-01-19 19:00:00,0,0,1,0,-1.17667,333,17,265,21,19.58823529411765,12.619047619047619
324,82,Tottenham,a,0.993805,1.09339,0.993805,1.09339,7,7,1,0,1.2361,w,2023-01-23 20:00:00,1,0,0,3,-0.09958500000000003,272,21,269,29,12.952380952380953,9.275862068965518
325,82,Tottenham,h,1.42168,0.773747,1.42168,0.773747,3,5,1,0,1.9440000000000002,w,2023-02-05 16:30:00,1,0,0,3,0.6479330000000001,283,14,174,30,20.214285714285715,5.8
326,82,Tottenham,a,1.11709,1.41208,1.11709,1.41208,4,6,1,4,1.1009000000000002,l,2023-02-11 15:00:00,0,0,1,0,-0.2949900000000001,259,16,290,41,16.1875,7.073170731707317
327,82,Tottenham,h,1.43042,0.365173,1.43042,0.365173,8,3,2,0,2.2909,w,2023-02-19 16:30:00,1,0,0,3,1.065247,178,27,303,28,6.592592592592593,10.821428571428571
328,82,Tottenham,h,0.926313,0.262281,0.926313,0.262281,5,5,2,0,2.1268,w,2023-02-26 13:30:00,1,0,0,3,0.6640320000000001,287,25,241,30,11.48,8.033333333333333
329,82,Tottenham,a,1.25588,0.562477,1.25588,0.562477,7,3,0,1,1.9382000000000001,l,2023-03-04 15:00:00,0,0,1,0,0.6934030000000001,242,23,271,14,10.521739130434783,19.357142857142858
330,82,Tottenham,h,1.73482,1.62805,0.973653,0.866885,10,6,3,1,1.3958,w,2023-03-11 15:00:00,1,0,0,3,0.10676799999999997,210,24,309,19,8.75,16.263157894736842
331,82,Tottenham,a,1.88473,2.52077,1.88473,1.7596,6,12,3,3,0.9445000000000001,d,2023-03-18 15:00:00,0,1,0,1,0.12512999999999996,197,26,282,27,7.576923076923077,10.444444444444445
332,82,Tottenham,a,1.39177,0.823365,0.630599,0.823365,9,7,1,1,1.9082000000000001,d,2023-04-03 19:00:00,0,1,0,1,-0.192766,155,18,367,29,8.61111111111111,12.655172413793103
333,82,Tottenham,h,0.594139,1.47549,0.594139,1.47549,7,10,2,1,0.6321,w,2023-04-08 14:00:00,1,0,0,3,-0.881351,285,21,179,28,13.571428571428571,6.392857142857143
334,82,Tottenham,h,2.30604,1.20598,2.30604,1.20598,8,5,2,3,2.0974,l,2023-04-15 14:00:00,0,0,1,0,1.1000599999999998,196,22,250,19,8.909090909090908,13.157894736842104
335,82,Tottenham,a,0.883001,3.98532,0.883001,3.98532,2,12,1,6,0.1091,l,2023-04-23 13:00:00,0,0,1,0,-3.102319,255,18,241,17,14.166666666666666,14.176470588235293
336,82,Tottenham,h,2.37239,1.96508,2.37239,1.96508,2,12,2,2,1.6641000000000001,d,2023-04-27 19:15:00,0,1,0,1,0.4073100000000003,321,21,212,17,15.285714285714286,12.470588235294118
337,82,Tottenham,a,1.44927,2.42911,1.44927,1.66794,3,7,3,4,0.6961,l,2023-04-30 15:30:00,0,0,1,0,-0.21866999999999992,416,15,210,24,27.733333333333334,8.75
338,82,Tottenham,h,1.15665,0.306669,1.15665,0.306669,1,4,1,0,2.1627,w,2023-05-06 14:00:00,1,0,0,3,0.8499809999999999,211,27,313,29,7.814814814814815,10.793103448275861
339,82,Tottenham,a,1.18505,1.79987,0.423878,1.79987,6,10,1,2,0.8294,l,2023-05-13 14:00:00,0,0,1,0,-1.375992,213,24,271,26,8.875,10.423076923076923
340,82,Tottenham,h,1.61667,1.15344,1.61667,1.15344,3,5,1,3,1.6936,l,2023-05-20 11:30:00,0,0,1,0,0.46323000000000003,199,15,314,16,13.266666666666667,19.625
341,82,Tottenham,a,2.03315,1.19151,2.03315,1.19151,5,6,4,1,2.0183,w,2023-05-28 15:30:00,1,0,0,3,0.8416399999999999,206,15,252,29,13.733333333333333,8.689655172413794
342,83,Arsenal,a,1.43601,1.20637,1.43601,1.20637,13,8,2,0,1.5583999999999998,w,2022-08-05 19:00:00,1,0,0,3,0.22964000000000007,355,28,246,24,12.678571428571429,10.25
343,83,Arsenal,h,3.0107,0.690679,3.0107,0.690679,10,5,4,2,2.7487000000000004,w,2022-08-13 14:00:00,1,0,0,3,2.3200209999999997,279,27,196,14,10.333333333333334,14.0
344,83,Arsenal,a,1.71081,0.211335,1.71081,0.211335,8,1,3,0,2.6008999999999998,w,2022-08-20 16:30:00,1,0,0,3,1.499475,218,25,360,23,8.72,15.652173913043478
345,83,Arsenal,h,2.47427,0.926007,2.47427,0.926007,17,1,2,1,2.4378,w,2022-08-27 16:30:00,1,0,0,3,1.5482630000000002,103,19,327,22,5.421052631578948,14.863636363636363
346,83,Arsenal,h,2.79971,0.297168,2.79971,0.297168,18,3,2,1,2.8527,w,2022-08-31 18:30:00,1,0,0,3,2.502542,168,17,278,19,9.882352941176471,14.631578947368421
347,83,Arsenal,a,1.42238,2.02904,1.42238,2.02904,16,5,1,3,0.9433,l,2022-09-04 15:30:00,0,0,1,0,-0.6066600000000002,152,18,241,15,8.444444444444445,16.066666666666666
348,83,Arsenal,a,1.32021,0.54011,1.32021,0.54011,9,3,3,0,2.0088,w,2022-09-18 11:00:00,1,0,0,3,0.7801000000000001,181,18,277,24,10.055555555555555,11.541666666666666
349,83,Arsenal,h,2.48403,1.5027,2.48403,0.741526,12,2,3,1,2.1046,w,2022-10-01 11:30:00,1,0,0,3,1.7425040000000003,187,18,240,13,10.38888888888889,18.46153846153846
350,83,Arsenal,h,2.81968,0.765151,2.05851,0.765151,14,4,3,2,2.7746,w,2022-10-09 15:30:00,1,0,0,3,1.2933590000000001,285,17,174,16,16.764705882352942,10.875
351,83,Arsenal,a,0.821757,2.02232,0.821757,1.26115,5,8,1,0,0.5174000000000001,w,2022-10-16 13:00:00,1,0,0,3,-0.43939300000000003,199,19,340,28,10.473684210526315,12.142857142857142
352,83,Arsenal,a,1.57897,0.622653,1.57897,0.622653,8,7,1,1,2.1541,d,2022-10-23 13:00:00,0,1,0,1,0.956317,220,23,316,15,9.565217391304348,21.066666666666666
353,83,Arsenal,h,3.00699,0.206127,3.00699,0.206127,21,2,5,0,2.9077,w,2022-10-30 14:00:00,1,0,0,3,2.800863,148,19,315,12,7.7894736842105265,26.25
354,83,Arsenal,a,2.37846,0.278815,2.37846,0.278815,3,5,1,0,2.8162,w,2022-11-06 12:00:00,1,0,0,3,2.099645,185,31,248,29,5.967741935483871,8.551724137931034
355,83,Arsenal,a,2.27996,0.512339,2.27996,0.512339,4,4,2,0,2.6550999999999996,w,2022-11-12 19:45:00,1,0,0,3,1.767621,184,14,308,17,13.142857142857142,18.11764705882353
356,83,Arsenal,h,1.88828,1.02652,1.88828,0.265347,14,1,3,1,2.0354,w,2022-12-26 20:00:00,1,0,0,3,1.622933,197,26,371,19,7.576923076923077,19.526315789473685
357,83,Arsenal,a,3.22106,1.15663,3.22106,1.15663,8,9,4,2,2.6530000000000005,w,2022-12-31 17:30:00,1,0,0,3,2.0644299999999998,372,24,130,16,15.5,8.125
358,83,Arsenal,h,0.970637,0.959523,0.970637,0.959523,9,4,0,0,1.3059,d,2023-01-03 19:45:00,0,1,0,1,0.011113999999999957,112,15,262,22,7.466666666666667,11.909090909090908
359,83,Arsenal,a,2.04232,1.71032,2.04232,1.71032,8,8,2,0,1.6227999999999998,w,2023-01-15 16:30:00,1,0,0,3,0.3320000000000001,253,22,220,13,11.5,16.923076923076923
360,83,Arsenal,h,2.90273,0.272246,2.90273,0.272246,15,1,3,2,2.863,w,2023-01-22 16:30:00,1,0,0,3,2.630484,213,18,248,18,11.833333333333334,13.777777777777779
361,83,Arsenal,a,0.690102,2.09191,0.690102,2.09191,11,4,0,1,0.3624,l,2023-02-04 12:30:00,0,0,1,0,-1.401808,104,18,378,21,5.777777777777778,18.0
362,83,Arsenal,h,1.36738,2.17538,1.36738,2.17538,21,15,1,1,0.7451000000000001,d,2023-02-11 15:00:00,0,1,0,1,-0.808,97,15,192,16,6.466666666666667,12.0
363,83,Arsenal,h,1.70139,2.00841,0.940216,2.00841,9,7,1,3,1.1446999999999998,l,2023-02-15 18:30:00,0,0,1,0,-1.068194,158,18,322,26,8.777777777777779,12.384615384615385
364,83,Arsenal,a,2.85981,0.335752,2.85981,0.335752,14,2,4,2,2.8289,w,2023-02-18 12:30:00,1,0,0,3,2.524058,174,19,279,19,9.157894736842104,14.68421052631579
365,83,Arsenal,a,0.722059,0.0203463,0.722059,0.0203463,10,2,1,0,2.0591,w,2023-02-25 15:00:00,1,0,0,3,0.7017127,151,19,283,18,7.947368421052632,15.722222222222221
366,83,Arsenal,h,3.06919,1.604,3.06919,1.604,13,5,4,0,2.3790999999999998,w,2023-03-01 20:00:00,1,0,0,3,1.4651899999999998,130,17,418,19,7.647058823529412,22.0
367,83,Arsenal,h,2.46279,1.74267,2.46279,1.74267,31,3,3,2,1.8469000000000002,w,2023-03-04 15:00:00,1,0,0,3,0.7201200000000001,80,20,213,15,4.0,14.2
368,83,Arsenal,a,2.64355,0.61832,2.64355,0.61832,20,5,3,0,2.695,w,2023-03-12 14:00:00,1,0,0,3,2.0252299999999996,254,23,341,20,11.043478260869565,17.05
369,83,Arsenal,h,1.53568,1.19194,1.53568,1.19194,13,5,4,1,1.6022,w,2023-03-19 14:00:00,1,0,0,3,0.34373999999999993,203,16,310,18,12.6875,17.22222222222222
370,83,Arsenal,h,3.29548,0.497609,2.53431,0.497609,6,6,4,1,2.8822,w,2023-04-01 14:00:00,1,0,0,3,2.036701,152,18,336,20,8.444444444444445,16.8
371,83,Arsenal,a,1.53631,4.64012,1.53631,3.87895,1,19,2,2,0.10389999999999999,d,2023-04-09 15:30:00,0,1,0,1,-2.3426400000000003,278,21,193,26,13.238095238095237,7.423076923076923
372,83,Arsenal,a,2.71782,1.96095,1.95665,1.19978,10,4,2,2,1.978,d,2023-04-16 13:00:00,0,1,0,1,0.7568699999999999,104,16,316,20,6.5,15.8
373,83,Arsenal,h,2.39609,1.43063,2.39609,1.43063,23,3,3,3,2.0364,d,2023-04-21 19:00:00,0,1,0,1,0.96546,104,25,265,14,4.16,18.928571428571427
374,83,Arsenal,a,0.398372,2.01168,0.398372,2.01168,6,9,1,4,0.2988,l,2023-04-26 19:00:00,0,0,1,0,-1.6133080000000002,320,19,293,28,16.842105263157894,10.464285714285714
375,83,Arsenal,h,2.7832,0.785202,2.7832,0.785202,13,8,3,1,2.6199000000000003,w,2023-05-02 19:00:00,1,0,0,3,1.997998,299,24,309,13,12.458333333333334,23.76923076923077
376,83,Arsenal,a,1.29061,1.37224,1.29061,1.37224,8,11,2,0,1.3011000000000001,w,2023-05-07 15:30:00,1,0,0,3,-0.08162999999999987,207,26,197,24,7.961538461538462,8.208333333333334
377,83,Arsenal,h,0.958651,2.21276,0.958651,2.21276,8,2,0,3,0.5195,l,2023-05-14 15:30:00,0,0,1,0,-1.2541089999999997,346,33,191,20,10.484848484848484,9.55
378,83,Arsenal,a,0.4902,1.1397,0.4902,1.1397,11,5,0,1,0.7008,l,2023-05-20 16:30:00,0,0,1,0,-0.6495,53,19,287,17,2.789473684210526,16.88235294117647
379,83,Arsenal,h,3.02466,0.38772,3.02466,0.38772,12,3,5,0,2.8693999999999997,w,2023-05-28 15:30:00,1,0,0,3,2.63694,303,24,223,14,12.625,15.928571428571429
380,86,Newcastle United,h,1.8591,0.235825,1.8591,0.235825,24,2,2,0,2.5764000000000005,w,2022-08-06 14:00:00,1,0,0,3,1.623275,152,25,200,15,6.08,13.333333333333334
381,86,Newcastle United,a,0.183952,1.60835,0.183952,1.60835,2,15,0,0,0.2676,d,2022-08-13 14:00:00,0,1,0,1,-1.424398,158,17,151,24,9.294117647058824,6.291666666666667
382,86,Newcastle United,h,2.2127,3.67382,2.2127,3.67382,9,9,3,3,0.6023,d,2022-08-21 15:30:00,0,1,0,1,-1.4611200000000002,350,29,122,18,12.068965517241379,6.777777777777778
383,86,Newcastle United,a,1.93362,1.13248,1.93362,1.13248,13,3,1,1,1.9597999999999998,d,2022-08-28 13:00:00,0,1,0,1,0.80114,123,13,246,13,9.461538461538462,18.923076923076923
384,86,Newcastle United,a,0.643546,1.76119,0.643546,1.76119,2,13,1,2,0.5213,l,2022-08-31 19:00:00,0,0,1,0,-1.117644,361,17,119,12,21.235294117647058,9.916666666666666
385,86,Newcastle United,h,2.90672,0.920595,2.90672,0.920595,10,4,0,0,2.5724,d,2022-09-03 14:00:00,0,1,0,1,1.986125,208,33,178,15,6.303030303030303,11.866666666666667
386,86,Newcastle United,h,1.54758,0.976948,0.786407,0.976948,18,5,1,1,1.8407999999999998,d,2022-09-17 14:00:00,0,1,0,1,-0.19054100000000007,123,29,285,14,4.241379310344827,20.357142857142858
387,86,Newcastle United,a,4.67198,0.683701,4.67198,0.683701,17,5,4,1,2.9858,w,2022-10-01 14:00:00,1,0,0,3,3.9882789999999995,147,18,354,11,8.166666666666666,32.18181818181818
388,86,Newcastle United,h,2.44631,1.13466,2.44631,0.373493,9,4,5,1,2.3994,w,2022-10-08 14:00:00,1,0,0,3,2.072817,170,22,183,20,7.7272727272727275,9.15
389,86,Newcastle United,a,0.78815,1.41606,0.78815,1.41606,9,8,0,0,0.7922,d,2022-10-16 13:00:00,0,1,0,1,-0.6279100000000001,239,18,153,17,13.277777777777779,9.0
390,86,Newcastle United,h,1.13393,0.0609567,1.13393,0.0609567,8,5,1,0,2.318,w,2022-10-19 18:30:00,1,0,0,3,1.0729733000000001,249,26,218,20,9.576923076923077,10.9
391,86,Newcastle United,a,1.1294,1.56513,1.1294,1.56513,11,7,2,1,1.0397,w,2022-10-23 15:30:00,1,0,0,3,-0.43572999999999995,271,18,204,24,15.055555555555555,8.5
392,86,Newcastle United,h,4.18808,0.270814,3.42692,0.270814,15,2,4,0,2.9801,w,2022-10-29 14:00:00,1,0,0,3,3.156106,193,18,280,16,10.722222222222221,17.5
393,86,Newcastle United,a,1.42101,1.65228,1.42101,1.65228,4,6,4,1,1.1618,w,2022-11-06 14:00:00,1,0,0,3,-0.23126999999999986,214,15,199,22,14.266666666666667,9.045454545454545
394,86,Newcastle United,h,1.3601,0.359105,1.3601,0.359105,7,2,1,0,2.2991,w,2022-11-12 17:30:00,1,0,0,3,1.000995,297,35,235,22,8.485714285714286,10.681818181818182
395,86,Newcastle United,a,1.76382,0.31099,1.00265,0.31099,5,4,3,0,2.5989000000000004,w,2022-12-26 15:00:00,1,0,0,3,0.69166,348,15,209,30,23.2,6.966666666666667
396,86,Newcastle United,h,2.78846,0.517099,2.78846,0.517099,9,4,0,0,2.7312999999999996,d,2022-12-31 15:00:00,0,1,0,1,2.271361,147,23,209,23,6.391304347826087,9.08695652173913
397,86,Newcastle United,a,0.959523,0.970637,0.959523,0.970637,4,9,0,0,1.356,d,2023-01-03 19:45:00,0,1,0,1,-0.011113999999999957,262,22,112,15,11.909090909090908,7.466666666666667
398,86,Newcastle United,h,1.96256,0.989872,1.96256,0.228703,13,3,1,0,2.1173,w,2023-01-15 14:00:00,1,0,0,3,1.733857,148,24,221,15,6.166666666666667,14.733333333333333
399,86,Newcastle United,a,1.44384,0.333154,1.44384,0.333154,13,3,0,0,2.3175999999999997,d,2023-01-21 17:30:00,0,1,0,1,1.110686,130,19,244,31,6.842105263157895,7.870967741935484
400,86,Newcastle United,h,1.22883,1.27831,1.22883,1.27831,6,4,1,1,1.3,d,2023-02-04 17:30:00,0,1,0,1,-0.04947999999999997,161,20,275,26,8.05,10.576923076923077
401,86,Newcastle United,a,1.54853,1.54458,1.54853,1.54458,6,4,1,1,1.332,d,2023-02-11 17:30:00,0,1,0,1,0.003949999999999898,124,27,310,20,4.592592592592593,15.5
402,86,Newcastle United,h,1.74852,2.16549,1.74852,2.16549,5,7,0,2,1.0993,l,2023-02-18 17:30:00,0,0,1,0,-0.41697000000000006,412,10,184,26,41.2,7.076923076923077
403,86,Newcastle United,a,0.359809,1.34144,0.359809,1.34144,7,12,0,2,0.5315000000000001,l,2023-03-04 12:30:00,0,0,1,0,-0.9816309999999999,320,22,232,22,14.545454545454545,10.545454545454545
404,86,Newcastle United,h,2.45527,0.709895,2.45527,0.709895,12,3,2,1,2.5222,w,2023-03-12 16:30:00,1,0,0,3,1.7453750000000001,245,23,144,11,10.652173913043478,13.090909090909092
405,86,Newcastle United,a,2.50027,0.531985,1.7391,0.531985,15,3,2,1,2.7075,w,2023-03-17 20:00:00,1,0,0,3,1.207115,133,27,238,22,4.925925925925926,10.818181818181818
406,86,Newcastle United,h,3.33162,0.334127,3.33162,0.334127,11,5,2,0,2.9128000000000003,w,2023-04-02 15:30:00,1,0,0,3,2.997493,249,34,162,26,7.323529411764706,6.230769230769231
407,86,Newcastle United,a,2.84091,0.83342,2.84091,0.83342,11,3,5,1,2.6578,w,2023-04-05 19:00:00,1,0,0,3,2.0074899999999998,159,25,278,24,6.36,11.583333333333334
408,86,Newcastle United,a,1.02337,2.06521,1.02337,0.542871,9,5,2,1,0.5442,w,2023-04-08 14:00:00,1,0,0,3,0.4804989999999999,148,27,201,16,5.481481481481482,12.5625
409,86,Newcastle United,a,0.425086,1.91802,0.425086,1.91802,6,12,0,3,0.317,l,2023-04-15 11:30:00,0,0,1,0,-1.492934,219,38,188,27,5.7631578947368425,6.962962962962963
410,86,Newcastle United,h,3.98532,0.883001,3.98532,0.883001,12,2,6,1,2.8387999999999995,w,2023-04-23 13:00:00,1,0,0,3,3.102319,241,17,255,18,14.176470588235293,14.166666666666666
411,86,Newcastle United,a,2.86368,0.777008,2.86368,0.777008,9,6,4,1,2.7298,w,2023-04-27 18:45:00,1,0,0,3,2.086672,126,14,250,22,9.0,11.363636363636363
412,86,Newcastle United,h,3.91457,0.897175,3.91457,0.897175,12,4,3,1,2.9389,w,2023-04-30 13:00:00,1,0,0,3,3.017395,152,25,261,17,6.08,15.352941176470589
413,86,Newcastle United,h,1.37224,1.29061,1.37224,1.29061,11,8,0,2,1.4103,l,2023-05-07 15:30:00,0,0,1,0,0.08162999999999987,197,24,207,26,8.208333333333334,7.961538461538462
414,86,Newcastle United,a,2.35118,2.01567,0.82884,1.2545,9,5,2,2,1.613,d,2023-05-13 11:30:00,0,1,0,1,-0.4256599999999999,105,29,221,28,3.6206896551724137,7.892857142857143
415,86,Newcastle United,h,4.11359,0.593493,4.11359,0.593493,15,2,4,1,2.932,w,2023-05-18 18:30:00,1,0,0,3,3.5200970000000003,343,37,119,17,9.27027027027027,7.0
416,86,Newcastle United,h,2.05089,0.0839072,2.05089,0.0839072,13,0,0,0,2.7851000000000004,d,2023-05-22 19:00:00,0,1,0,1,1.9669827999999998,67,16,316,11,4.1875,28.727272727272727
417,86,Newcastle United,a,1.51899,2.01924,1.51899,2.01924,5,17,1,1,1.0561,d,2023-05-28 15:30:00,0,1,0,1,-0.5002499999999999,294,18,195,29,16.333333333333332,6.724137931034483
418,87,Liverpool,a,2.34111,1.26822,2.34111,0.507047,11,4,2,2,2.2058999999999997,d,2022-08-06 11:30:00,0,1,0,1,1.834063,114,18,351,19,6.333333333333333,18.473684210526315
419,87,Liverpool,h,2.23596,1.64468,2.23596,1.64468,20,2,1,1,1.7697,d,2022-08-15 19:00:00,0,1,0,1,0.59128,140,41,454,11,3.4146341463414633,41.27272727272727
420,87,Liverpool,a,1.52301,2.01764,1.52301,2.01764,16,8,1,2,1.0188000000000001,l,2022-08-22 19:00:00,0,0,1,0,-0.4946300000000001,125,19,354,20,6.578947368421052,17.7
421,87,Liverpool,h,4.86035,0.180991,4.86035,0.180991,18,4,9,0,2.9969,w,2022-08-27 14:00:00,1,0,0,3,4.679359000000001,160,18,355,12,8.88888888888889,29.583333333333332
422,87,Liverpool,h,1.76119,0.643546,1.76119,0.643546,13,2,2,1,2.2571,w,2022-08-31 19:00:00,1,0,0,3,1.117644,119,12,361,17,9.916666666666666,21.235294117647058
423,87,Liverpool,a,1.38617,1.39169,1.38617,1.39169,12,10,0,0,1.3394,d,2022-09-03 11:30:00,0,1,0,1,-0.005520000000000191,146,24,254,11,6.083333333333333,23.09090909090909
424,87,Liverpool,h,2.1515,2.36567,2.1515,2.36567,13,7,3,3,1.2212,d,2022-10-01 14:00:00,0,1,0,1,-0.2141700000000002,259,20,260,15,12.95,17.333333333333332
425,87,Liverpool,a,0.765151,2.81968,0.765151,2.05851,4,14,2,3,0.1379,l,2022-10-09 15:30:00,0,0,1,0,-1.2933590000000001,174,16,285,17,10.875,16.764705882352942
426,87,Liverpool,h,1.9992,0.911493,1.9992,0.911493,6,17,1,0,2.1733000000000002,w,2022-10-16 15:30:00,1,0,0,3,1.087707,456,16,239,19,28.5,12.578947368421053
427,87,Liverpool,h,2.24066,2.48649,2.24066,1.72532,8,4,1,0,1.1908,w,2022-10-19 18:30:00,1,0,0,3,0.5153400000000001,319,25,374,14,12.76,26.714285714285715
428,87,Liverpool,a,2.19752,2.50163,2.19752,2.50163,13,6,0,1,1.1612,l,2022-10-22 11:30:00,0,0,1,0,-0.3041100000000001,109,20,372,15,5.45,24.8
429,87,Liverpool,h,1.90889,1.61271,1.90889,1.61271,14,6,1,2,1.5762,l,2022-10-29 18:45:00,0,0,1,0,0.2961799999999999,131,12,410,14,10.916666666666666,29.285714285714285
430,87,Liverpool,a,1.46548,1.81736,1.46548,1.81736,7,4,2,1,1.1415,w,2022-11-06 16:30:00,1,0,0,3,-0.3518800000000002,290,17,371,24,17.058823529411764,15.458333333333334
431,87,Liverpool,h,2.74418,1.43427,2.74418,1.43427,10,9,3,1,2.2507,w,2022-11-12 15:00:00,1,0,0,3,1.3099100000000001,240,12,436,20,20.0,21.8
432,87,Liverpool,a,3.50694,1.69155,3.50694,1.69155,8,5,3,1,2.4625000000000004,w,2022-12-26 17:30:00,1,0,0,3,1.81539,271,22,330,11,12.318181818181818,30.0
433,87,Liverpool,h,2.02463,0.863312,2.02463,0.863312,6,3,2,1,2.1905,w,2022-12-30 20:00:00,1,0,0,3,1.161318,293,20,353,16,14.65,22.0625
434,87,Liverpool,a,2.10461,2.0991,2.10461,2.0991,19,0,1,3,1.3323999999999998,l,2023-01-02 17:30:00,0,0,1,0,0.005510000000000126,86,18,274,17,4.777777777777778,16.11764705882353
435,87,Liverpool,a,1.28853,2.40062,1.28853,2.40062,5,13,0,3,0.6101000000000001,l,2023-01-14 15:00:00,0,0,1,0,-1.11209,418,27,260,20,15.481481481481481,13.0
436,87,Liverpool,h,1.30125,1.84467,1.30125,1.84467,7,7,0,0,0.9705999999999999,d,2023-01-21 12:30:00,0,1,0,1,-0.54342,338,32,265,27,10.5625,9.814814814814815
437,87,Liverpool,a,1.30193,2.63328,1.30193,2.63328,14,5,0,3,0.5375,l,2023-02-04 15:00:00,0,0,1,0,-1.33135,234,20,306,11,11.7,27.818181818181817
438,87,Liverpool,h,2.23291,0.402331,2.23291,0.402331,7,3,2,0,2.6658999999999997,w,2023-02-13 20:00:00,1,0,0,3,1.830579,262,24,389,27,10.916666666666666,14.407407407407407
439,87,Liverpool,a,2.16549,1.74852,2.16549,1.74852,7,5,2,0,1.6645,w,2023-02-18 17:30:00,1,0,0,3,0.41697000000000006,184,26,412,10,7.076923076923077,41.2
440,87,Liverpool,a,1.35123,0.989086,1.35123,0.989086,5,1,0,0,1.6729,d,2023-02-25 19:45:00,0,1,0,1,0.3621439999999999,158,19,411,22,8.31578947368421,18.681818181818183
441,87,Liverpool,h,2.70191,0.78681,2.70191,0.78681,11,4,2,0,2.6342999999999996,w,2023-03-01 20:00:00,1,0,0,3,1.9150999999999998,267,35,330,39,7.628571428571429,8.461538461538462
442,87,Liverpool,h,3.44269,0.837542,3.44269,0.837542,14,3,7,0,2.776,w,2023-03-05 16:30:00,1,0,0,3,2.605148,137,23,251,19,5.956521739130435,13.210526315789474
443,87,Liverpool,a,2.13465,1.10128,1.37349,1.10128,12,1,0,1,2.1862,l,2023-03-11 12:30:00,0,0,1,0,0.27221000000000006,135,27,358,13,5.0,27.53846153846154
444,87,Liverpool,a,0.318171,3.01243,0.318171,3.01243,3,18,1,4,0.0746,l,2023-04-01 11:30:00,0,0,1,0,-2.694259,458,18,220,20,25.444444444444443,11.0
445,87,Liverpool,a,0.202217,2.18903,0.202217,2.18903,8,12,0,0,0.12179999999999999,d,2023-04-04 19:00:00,0,1,0,1,-1.9868129999999997,323,31,315,20,10.419354838709678,15.75
446,87,Liverpool,h,4.64012,1.53631,3.87895,1.53631,19,1,2,2,2.8477,d,2023-04-09 15:30:00,0,1,0,1,2.3426400000000003,193,26,278,21,7.423076923076923,13.238095238095237
447,87,Liverpool,a,2.65476,1.16748,2.65476,1.16748,13,2,6,1,2.3787000000000003,w,2023-04-17 19:00:00,1,0,0,3,1.48728,137,32,550,17,4.28125,32.35294117647059
448,87,Liverpool,h,3.32745,0.724666,3.32745,0.724666,11,8,3,2,2.8211999999999997,w,2023-04-22 14:00:00,1,0,0,3,2.6027839999999998,43,17,357,11,2.5294117647058822,32.45454545454545
449,87,Liverpool,a,1.7045,0.939348,1.7045,0.939348,12,2,2,1,1.9903,w,2023-04-26 18:45:00,1,0,0,3,0.7651519999999999,153,32,491,19,4.78125,25.842105263157894
450,87,Liverpool,h,2.42911,1.44927,1.66794,1.44927,7,3,4,3,2.0989,w,2023-04-30 15:30:00,1,0,0,3,0.21866999999999992,210,24,416,15,8.75,27.733333333333334
451,87,Liverpool,h,1.67372,0.740125,0.912551,0.740125,10,4,1,0,2.1703,w,2023-05-03 19:00:00,1,0,0,3,0.17242599999999997,279,28,341,12,9.964285714285714,28.416666666666668
452,87,Liverpool,h,1.992,0.183892,1.992,0.183892,13,3,1,0,2.8451999999999997,w,2023-05-06 16:30:00,1,0,0,3,1.808108,177,23,180,20,7.695652173913044,9.0
453,87,Liverpool,a,1.77085,0.527496,1.77085,0.527496,13,3,3,0,2.3369999999999997,w,2023-05-15 19:00:00,1,0,0,3,1.243354,164,30,365,30,5.466666666666667,12.166666666666666
454,87,Liverpool,h,0.918508,1.46948,0.918508,0.708313,10,2,1,1,0.8110999999999999,d,2023-05-20 14:00:00,0,1,0,1,0.21019500000000002,117,38,279,22,3.0789473684210527,12.681818181818182
455,87,Liverpool,a,4.00345,1.33964,4.00345,1.33964,20,4,4,4,2.7285,d,2023-05-28 15:30:00,0,1,0,1,2.66381,150,40,342,11,3.75,31.09090909090909
456,88,Manchester City,a,2.58739,0.246188,1.82623,0.246188,11,2,2,0,2.8649,w,2022-08-07 15:30:00,1,0,0,3,1.580042,153,6,520,20,25.5,26.0
457,88,Manchester City,h,1.69064,0.123946,1.69064,0.123946,11,0,4,0,2.6035999999999997,w,2022-08-13 14:00:00,1,0,0,3,1.566694,231,19,307,6,12.157894736842104,51.166666666666664
458,88,Manchester City,a,3.67382,2.2127,3.67382,2.2127,9,9,3,3,2.2403,d,2022-08-21 15:30:00,0,1,0,1,1.4611200000000002,122,18,350,29,6.777777777777778,12.068965517241379
459,88,Manchester City,h,2.3853,0.091976,2.3853,0.091976,18,1,4,2,2.8698,w,2022-08-27 14:00:00,1,0,0,3,2.293324,145,21,336,6,6.904761904761905,56.0
460,88,Manchester City,h,3.83759,0.729752,3.83759,0.729752,13,1,6,0,2.8749,w,2022-08-31 18:30:00,1,0,0,3,3.107838,147,23,464,10,6.391304347826087,46.4
461,88,Manchester City,a,1.92143,0.279392,1.92143,0.279392,12,2,1,1,2.6436,d,2022-09-03 16:30:00,0,1,0,1,1.6420379999999999,149,11,483,11,13.545454545454545,43.90909090909091
462,88,Manchester City,a,1.4242,0.310995,1.4242,0.310995,8,4,3,0,2.3667,w,2022-09-17 11:30:00,1,0,0,3,1.1132049999999998,301,21,419,23,14.333333333333334,18.217391304347824
463,88,Manchester City,h,3.01103,1.71335,3.01103,0.952176,17,5,6,3,2.2432,w,2022-10-02 13:00:00,1,0,0,3,2.0588539999999997,288,19,372,19,15.157894736842104,19.57894736842105
464,88,Manchester City,h,2.73536,0.101148,2.73536,0.101148,12,0,4,0,2.8790999999999998,w,2022-10-08 14:00:00,1,0,0,3,2.634212,227,15,508,19,15.133333333333333,26.736842105263158
465,88,Manchester City,a,0.911493,1.9992,0.911493,1.9992,17,6,0,1,0.6178,l,2022-10-16 15:30:00,0,0,1,0,-1.087707,239,19,456,16,12.578947368421053,28.5
466,88,Manchester City,h,1.86239,0.52863,1.10122,0.52863,14,5,3,1,2.4588000000000005,w,2022-10-22 14:00:00,1,0,0,3,0.57259,276,23,231,17,12.0,13.588235294117647
467,88,Manchester City,a,0.703827,0.693597,0.703827,0.693597,14,2,1,0,1.3047,w,2022-10-29 11:30:00,1,0,0,3,0.010229999999999961,254,17,255,8,14.941176470588236,31.875
468,88,Manchester City,h,2.39332,0.843884,1.63215,0.0827148,11,1,2,1,2.5408000000000004,w,2022-11-05 15:00:00,1,0,0,3,1.5494352,193,16,461,13,12.0625,35.46153846153846
469,88,Manchester City,h,1.605,3.29012,1.605,3.29012,26,6,1,2,0.4285,l,2022-11-12 12:30:00,0,0,1,0,-1.68512,63,15,214,13,4.2,16.46153846153846
470,88,Manchester City,a,4.16249,0.603751,4.16249,0.603751,13,7,3,1,2.9045,w,2022-12-28 20:00:00,1,0,0,3,3.558739,158,20,459,17,7.9,27.0
471,88,Manchester City,h,2.36333,0.0760019,2.36333,0.0760019,13,2,1,1,2.8606000000000003,d,2022-12-31 15:00:00,0,1,0,1,2.2873281,145,29,339,10,5.0,33.9
472,88,Manchester City,a,1.71972,0.493576,1.71972,0.493576,10,5,1,0,2.42,w,2023-01-05 20:00:00,1,0,0,3,1.226144,332,26,326,24,12.76923076923077,13.583333333333334
473,88,Manchester City,a,0.73695,1.98228,0.73695,1.98228,10,9,1,2,0.3993,l,2023-01-14 12:30:00,0,0,1,0,-1.24533,182,11,461,16,16.545454545454547,28.8125
474,88,Manchester City,h,2.34166,1.16499,2.34166,1.16499,11,8,4,2,2.2180999999999997,w,2023-01-19 19:00:00,1,0,0,3,1.17667,265,21,333,17,12.619047619047619,19.58823529411765
475,88,Manchester City,h,3.32757,0.469277,2.5664,0.469277,9,4,3,0,2.8917,w,2023-01-22 14:00:00,1,0,0,3,2.097123,301,15,323,17,20.066666666666666,19.0
476,88,Manchester City,a,0.773747,1.42168,0.773747,1.42168,5,3,0,1,0.7836,l,2023-02-05 16:30:00,0,0,1,0,-0.6479330000000001,174,30,283,14,5.8,20.214285714285715
477,88,Manchester City,h,3.60987,0.275348,2.8487,0.275348,7,4,3,1,2.9523,w,2023-02-12 16:30:00,1,0,0,3,2.573352,178,22,354,15,8.090909090909092,23.6
478,88,Manchester City,a,2.00841,1.70139,2.00841,0.940216,7,9,3,1,1.5791000000000002,w,2023-02-15 18:30:00,1,0,0,3,1.068194,322,26,158,18,12.384615384615385,8.777777777777779
479,88,Manchester City,a,2.80966,1.12735,2.80966,1.12735,16,1,1,1,2.6523,d,2023-02-18 15:00:00,0,1,0,1,1.68231,127,17,317,8,7.470588235294118,39.625
480,88,Manchester City,a,2.98206,1.08527,2.98206,1.08527,15,4,4,1,2.6005,w,2023-02-25 17:30:00,1,0,0,3,1.8967900000000002,212,28,453,14,7.571428571428571,32.357142857142854
481,88,Manchester City,h,1.34144,0.359809,1.34144,0.359809,12,7,2,0,2.1974,w,2023-03-04 12:30:00,1,0,0,3,0.9816309999999999,232,22,320,22,10.545454545454545,14.545454545454545
482,88,Manchester City,a,2.1884,0.185498,1.42723,0.185498,8,0,1,0,2.8136,w,2023-03-11 17:30:00,1,0,0,3,1.241732,163,30,296,17,5.433333333333334,17.41176470588235
483,88,Manchester City,h,3.01243,0.318171,3.01243,0.318171,18,3,4,1,2.8769,w,2023-04-01 11:30:00,1,0,0,3,2.694259,220,20,458,18,11.0,25.444444444444443
484,88,Manchester City,a,3.05999,0.492801,2.29883,0.492801,11,1,4,1,2.8709999999999996,w,2023-04-08 16:30:00,1,0,0,3,1.806029,160,18,494,9,8.88888888888889,54.888888888888886
485,88,Manchester City,h,1.60702,1.92692,0.845854,1.92692,2,7,3,1,1.0881,w,2023-04-15 16:30:00,1,0,0,3,-1.0810659999999999,192,20,414,19,9.6,21.789473684210527
486,88,Manchester City,h,2.01168,0.398372,2.01168,0.398372,9,6,4,1,2.5443,w,2023-04-26 19:00:00,1,0,0,3,1.6133080000000002,293,28,320,19,10.464285714285714,16.842105263157894
487,88,Manchester City,a,2.32338,0.431813,1.56221,0.431813,11,2,2,1,2.7486,w,2023-04-30 13:00:00,1,0,0,3,1.130397,224,24,398,21,9.333333333333334,18.952380952380953
488,88,Manchester City,h,2.99908,0.492075,2.99908,0.492075,15,2,3,0,2.8071,w,2023-05-03 19:00:00,1,0,0,3,2.5070050000000004,164,24,393,12,6.833333333333333,32.75
489,88,Manchester City,h,2.83472,0.140924,2.07355,0.140924,14,0,2,1,2.9147999999999996,w,2023-05-06 14:00:00,1,0,0,3,1.932626,90,12,434,19,7.5,22.842105263157894
490,88,Manchester City,a,1.04338,1.18597,1.04338,1.18597,9,1,3,0,1.1956,w,2023-05-14 13:00:00,1,0,0,3,-0.14259,223,13,381,15,17.153846153846153,25.4
491,88,Manchester City,h,1.20557,1.15648,1.20557,1.15648,12,7,1,0,1.3873,w,2023-05-21 15:00:00,1,0,0,3,0.04909000000000008,223,23,434,19,9.695652173913043,22.842105263157894
492,88,Manchester City,a,1.92973,2.11486,1.92973,2.11486,9,6,1,1,1.2703,d,2023-05-24 19:00:00,0,1,0,1,-0.18513000000000024,196,15,392,33,13.066666666666666,11.878787878787879
493,88,Manchester City,a,1.18649,1.43893,1.18649,1.43893,11,12,0,1,1.1285999999999998,l,2023-05-28 15:30:00,0,0,1,0,-0.25244,176,12,260,32,14.666666666666666,8.125
494,89,Manchester United,h,1.42103,1.7289,1.42103,1.7289,7,5,1,2,1.112,l,2022-08-07 13:00:00,0,0,1,0,-0.3078700000000001,111,11,259,26,10.090909090909092,9.961538461538462
495,89,Manchester United,a,0.896038,1.38785,0.896038,1.38785,11,3,0,4,0.9319,l,2022-08-13 16:30:00,0,0,1,0,-0.491812,87,13,204,10,6.6923076923076925,20.4
496,89,Manchester United,h,2.01764,1.52301,2.01764,1.52301,8,16,2,1,1.7319,w,2022-08-22 19:00:00,1,0,0,3,0.4946300000000001,354,20,125,19,17.7,6.578947368421052
497,89,Manchester United,a,1.34359,1.35887,1.34359,1.35887,11,11,1,0,1.3577,w,2022-08-27 11:30:00,1,0,0,3,-0.01527999999999996,150,18,201,16,8.333333333333334,12.5625
498,89,Manchester United,a,1.09969,0.615266,1.09969,0.615266,11,2,1,0,1.8186,w,2022-09-01 19:00:00,1,0,0,3,0.4844240000000001,390,17,276,23,22.941176470588236,12.0
499,89,Manchester United,h,2.02904,1.42238,2.02904,1.42238,5,16,3,1,1.8214,w,2022-09-04 15:30:00,1,0,0,3,0.6066600000000002,241,15,152,18,16.066666666666666,8.444444444444445
500,89,Manchester United,a,1.71335,3.01103,0.952176,3.01103,5,17,3,6,0.5653,l,2022-10-02 13:00:00,0,0,1,0,-2.0588539999999997,372,19,288,19,19.57894736842105,15.157894736842104
501,89,Manchester United,a,1.82612,0.365844,1.82612,0.365844,8,7,2,1,2.5229,w,2022-10-09 18:00:00,1,0,0,3,1.460276,202,23,338,17,8.782608695652174,19.88235294117647
502,89,Manchester United,h,1.41606,0.78815,1.41606,0.78815,8,9,0,0,1.9298,d,2022-10-16 13:00:00,0,1,0,1,0.6279100000000001,153,17,239,18,9.0,13.277777777777779
503,89,Manchester United,h,1.70973,0.658526,1.70973,0.658526,10,7,2,0,2.1683999999999997,w,2022-10-19 19:15:00,1,0,0,3,1.051204,313,17,257,14,18.41176470588235,18.357142857142858
504,89,Manchester United,a,0.730935,1.20238,0.730935,0.441206,8,3,1,1,0.8199,d,2022-10-22 15:30:00,0,1,0,1,0.289729,212,13,240,15,16.307692307692307,16.0
505,89,Manchester United,h,1.7514,1.00033,1.7514,1.00033,6,5,1,0,1.9599000000000002,w,2022-10-30 16:15:00,1,0,0,3,0.7510700000000001,243,18,247,15,13.5,16.466666666666665
506,89,Manchester United,a,0.517189,0.578563,0.517189,0.578563,10,5,1,3,1.2238,l,2022-11-06 14:00:00,0,0,1,0,-0.06137400000000004,252,23,270,15,10.956521739130435,18.0
507,89,Manchester United,a,3.37664,1.70218,3.37664,1.70218,6,6,2,1,2.4579999999999997,w,2022-11-13 16:30:00,1,0,0,3,1.67446,245,12,249,21,20.416666666666668,11.857142857142858
508,89,Manchester United,h,2.13668,0.477076,2.13668,0.477076,22,2,3,0,2.5566,w,2022-12-27 20:00:00,1,0,0,3,1.659604,131,23,333,8,5.695652173913044,41.625
509,89,Manchester United,a,2.44728,0.587672,2.44728,0.587672,13,2,1,0,2.602,w,2022-12-31 12:30:00,1,0,0,3,1.8596080000000001,227,26,246,22,8.73076923076923,11.181818181818182
510,89,Manchester United,h,2.97383,0.679022,2.97383,0.679022,13,2,3,0,2.7469,w,2023-01-03 20:00:00,1,0,0,3,2.2948079999999997,226,21,337,14,10.761904761904763,24.071428571428573
511,89,Manchester United,h,1.98228,0.73695,1.98228,0.73695,9,10,2,1,2.3972999999999995,w,2023-01-14 12:30:00,1,0,0,3,1.24533,461,16,182,11,28.8125,16.545454545454547
512,89,Manchester United,a,1.39437,0.413339,1.39437,0.413339,12,3,1,1,2.2132,d,2023-01-18 15:30:00,0,1,0,1,0.9810310000000001,191,24,379,29,7.958333333333333,13.068965517241379
513,89,Manchester United,a,0.272246,2.90273,0.272246,2.90273,1,15,2,3,0.0829,l,2023-01-22 16:30:00,0,0,1,0,-2.630484,248,18,213,18,13.777777777777779,11.833333333333334
514,89,Manchester United,h,2.07035,1.3798,1.30918,1.3798,11,4,2,1,1.9072,w,2023-02-04 15:00:00,1,0,0,3,-0.0706199999999999,235,17,247,15,13.823529411764707,16.466666666666665
515,89,Manchester United,h,2.00007,0.554798,2.00007,0.554798,11,4,2,2,2.4416,d,2023-02-08 19:00:00,0,1,0,1,1.4452720000000001,113,20,330,27,5.65,12.222222222222221
516,89,Manchester United,a,1.30375,1.89163,1.30375,1.89163,5,5,2,0,0.9276,w,2023-02-12 14:00:00,1,0,0,3,-0.58788,115,20,338,30,5.75,11.266666666666667
517,89,Manchester United,h,4.24663,1.39678,4.24663,1.39678,12,7,3,0,2.7448,w,2023-02-19 14:00:00,1,0,0,3,2.84985,232,22,336,29,10.545454545454545,11.586206896551724
518,89,Manchester United,a,0.837542,3.44269,0.837542,3.44269,3,14,0,7,0.15610000000000002,l,2023-03-05 16:30:00,0,0,1,0,-2.605148,251,19,137,23,13.210526315789474,5.956521739130435
519,89,Manchester United,h,0.910911,1.18053,0.910911,1.18053,8,4,0,0,1.1277,d,2023-03-12 14:00:00,0,1,0,1,-0.26961900000000005,238,26,223,25,9.153846153846153,8.92
520,89,Manchester United,a,0.334127,3.33162,0.334127,3.33162,5,11,0,2,0.0499,l,2023-04-02 15:30:00,0,0,1,0,-2.997493,162,26,249,34,6.230769230769231,7.323529411764706
521,89,Manchester United,h,1.1445,0.64499,1.1445,0.64499,12,2,1,0,1.7546,w,2023-04-05 19:00:00,1,0,0,3,0.4995100000000001,180,19,301,17,9.473684210526315,17.705882352941178
522,89,Manchester United,h,4.38578,0.949183,4.38578,0.949183,18,4,2,0,2.8542,w,2023-04-08 11:30:00,1,0,0,3,3.4365969999999995,149,14,342,28,10.642857142857142,12.214285714285714
523,89,Manchester United,a,3.33747,1.05289,3.33747,1.05289,17,5,2,0,2.6994,w,2023-04-16 15:30:00,1,0,0,3,2.28458,124,18,281,17,6.888888888888889,16.529411764705884
524,89,Manchester United,a,1.96508,2.37239,1.96508,2.37239,12,2,2,2,1.1016000000000001,d,2023-04-27 19:15:00,0,1,0,1,-0.4073100000000003,212,17,321,21,12.470588235294118,15.285714285714286
525,89,Manchester United,h,1.3056,0.434738,1.3056,0.434738,12,4,1,0,2.1153,w,2023-04-30 13:00:00,1,0,0,3,0.870862,239,25,331,14,9.56,23.642857142857142
526,89,Manchester United,a,1.32105,2.09953,1.32105,1.33836,9,6,0,1,0.8245,l,2023-05-04 19:00:00,0,0,1,0,-0.017309999999999937,359,21,186,28,17.095238095238095,6.642857142857143
527,89,Manchester United,a,1.1942,1.76618,1.1942,1.76618,15,4,0,1,0.9068,l,2023-05-07 18:00:00,0,0,1,0,-0.5719800000000002,178,23,375,13,7.739130434782608,28.846153846153847
528,89,Manchester United,h,3.10118,0.268789,3.10118,0.268789,13,4,2,0,2.8855999999999997,w,2023-05-13 14:00:00,1,0,0,3,2.832391,266,31,189,14,8.580645161290322,13.5
529,89,Manchester United,a,1.71783,0.815723,1.71783,0.815723,12,8,1,0,2.0648,w,2023-05-20 14:00:00,1,0,0,3,0.902107,291,22,300,15,13.227272727272727,20.0
530,89,Manchester United,h,4.92231,1.68364,4.16115,1.68364,18,11,4,1,2.8789,w,2023-05-25 19:00:00,1,0,0,3,2.47751,378,26,234,20,14.538461538461538,11.7
531,89,Manchester United,h,2.74766,1.88167,2.74766,1.1205,14,8,2,1,1.9385000000000001,w,2023-05-28 15:30:00,1,0,0,3,1.6271600000000002,238,31,270,16,7.67741935483871,16.875
532,220,Brighton,a,1.7289,1.42103,1.7289,1.42103,5,7,2,1,1.6190000000000002,w,2022-08-07 13:00:00,1,0,0,3,0.3078700000000001,259,26,111,11,9.961538461538462,10.090909090909092
533,220,Brighton,h,1.60835,0.183952,1.60835,0.183952,15,2,0,0,2.5527,d,2022-08-13 14:00:00,0,1,0,1,1.424398,151,24,158,17,6.291666666666667,9.294117647058824
534,220,Brighton,a,1.82645,0.768634,1.06528,0.768634,2,6,2,0,2.2613,w,2022-08-21 13:00:00,1,0,0,3,0.29664599999999997,264,14,261,10,18.857142857142858,26.1
535,220,Brighton,h,1.60986,1.14874,1.60986,1.14874,6,5,1,0,1.7092,w,2022-08-27 14:00:00,1,0,0,3,0.46112,247,20,165,30,12.35,5.5
536,220,Brighton,a,1.75359,1.07093,0.992416,1.07093,4,7,1,2,1.9695999999999998,l,2022-08-30 18:30:00,0,0,1,0,-0.07851399999999997,198,30,310,22,6.6,14.090909090909092
537,220,Brighton,h,2.73166,1.06549,1.97049,1.06549,10,4,5,2,2.4690000000000003,w,2022-09-04 13:00:00,1,0,0,3,0.905,296,25,270,6,11.84,45.0
538,220,Brighton,a,2.36567,2.1515,2.36567,2.1515,7,13,3,3,1.5401,d,2022-10-01 14:00:00,0,1,0,1,0.2141700000000002,260,15,259,20,17.333333333333332,12.95
539,220,Brighton,h,0.899735,0.771641,0.899735,0.771641,15,6,0,1,1.4115000000000002,l,2022-10-08 16:30:00,0,0,1,0,0.12809399999999993,301,21,340,24,14.333333333333334,14.166666666666666
540,220,Brighton,a,2.15668,1.90636,2.15668,1.1452,14,8,0,2,1.536,l,2022-10-14 19:00:00,0,0,1,0,1.0114800000000002,99,25,260,20,3.96,13.0
541,220,Brighton,h,2.10188,0.195003,2.10188,0.195003,15,1,0,0,2.7455,d,2022-10-18 18:30:00,0,1,0,1,1.906877,132,17,320,16,7.764705882352941,20.0
542,220,Brighton,a,0.52863,1.86239,0.52863,1.10122,5,14,1,3,0.36119999999999997,l,2022-10-22 14:00:00,0,0,1,0,-0.57259,231,17,276,23,13.588235294117647,12.0
543,220,Brighton,h,2.881,1.07554,2.881,1.07554,5,8,4,1,2.5709,w,2022-10-29 14:00:00,1,0,0,3,1.8054599999999998,295,13,200,16,22.692307692307693,12.5
544,220,Brighton,a,1.87375,1.29252,1.87375,0.53135,18,2,3,2,1.8116999999999999,w,2022-11-05 15:00:00,1,0,0,3,1.3424,125,14,395,18,8.928571428571429,21.944444444444443
545,220,Brighton,h,0.829107,1.15437,0.829107,0.393198,7,6,1,2,0.9650000000000001,l,2022-11-13 14:00:00,0,0,1,0,0.43590900000000005,159,32,295,18,4.96875,16.38888888888889
546,220,Brighton,a,1.00714,1.70709,1.00714,0.857921,10,5,3,1,0.7412000000000001,w,2022-12-26 15:00:00,1,0,0,3,0.14921899999999988,177,16,445,22,11.0625,20.227272727272727
547,220,Brighton,h,1.15663,3.22106,1.15663,3.22106,9,8,2,4,0.2419,l,2022-12-31 17:30:00,0,0,1,0,-2.0644299999999998,130,16,372,24,8.125,15.5
548,220,Brighton,a,2.50731,1.16896,2.50731,0.407788,4,4,4,1,2.3118,w,2023-01-03 19:45:00,1,0,0,3,2.099522,318,15,335,15,21.2,22.333333333333332
549,220,Brighton,h,2.40062,1.28853,2.40062,1.28853,13,5,3,0,2.1797,w,2023-01-14 15:00:00,1,0,0,3,1.11209,260,20,418,27,13.0,15.481481481481481
550,220,Brighton,a,1.94491,1.35941,1.94491,1.35941,12,2,2,2,1.83,d,2023-01-21 15:00:00,0,1,0,1,0.5854999999999999,206,21,361,11,9.80952380952381,32.81818181818182
551,220,Brighton,h,2.55696,0.908298,2.55696,0.908298,15,2,1,0,2.5242999999999998,w,2023-02-04 15:00:00,1,0,0,3,1.648662,132,19,349,15,6.947368421052632,23.266666666666666
552,220,Brighton,a,2.64981,0.928279,2.64981,0.928279,8,2,1,1,2.5086,d,2023-02-11 15:00:00,0,1,0,1,1.7215310000000001,109,30,454,21,3.6333333333333333,21.61904761904762
553,220,Brighton,h,2.71375,0.224214,2.71375,0.224214,10,0,0,1,2.8478000000000003,l,2023-02-18 15:00:00,0,0,1,0,2.489536,186,30,375,17,6.2,22.058823529411764
554,220,Brighton,h,3.49993,0.250045,2.73876,0.250045,9,3,4,0,2.9741,w,2023-03-04 15:00:00,1,0,0,3,2.488715,199,19,426,22,10.473684210526315,19.363636363636363
555,220,Brighton,a,1.51388,0.596738,1.51388,0.596738,10,9,2,2,2.1487000000000003,d,2023-03-11 15:00:00,0,1,0,1,0.9171419999999999,197,25,339,29,7.88,11.689655172413794
556,220,Brighton,h,0.588727,1.21452,0.588727,1.21452,5,7,1,0,0.7793999999999999,w,2023-03-15 19:30:00,1,0,0,3,-0.625793,229,27,336,32,8.481481481481481,10.5
557,220,Brighton,h,3.8195,1.2788,3.05833,1.2788,11,4,3,3,2.7147,d,2023-04-01 14:00:00,0,1,0,1,1.7795300000000003,101,16,275,23,6.3125,11.956521739130435
558,220,Brighton,a,2.63392,1.15322,2.63392,1.15322,13,7,2,0,2.3928,w,2023-04-04 18:45:00,1,0,0,3,1.4807,187,17,391,34,11.0,11.5
559,220,Brighton,a,1.47549,0.594139,1.47549,0.594139,10,7,1,2,2.1066,l,2023-04-08 14:00:00,0,0,1,0,0.881351,179,28,285,21,6.392857142857143,13.571428571428571
560,220,Brighton,a,2.52107,0.46331,2.52107,0.46331,11,6,2,1,2.6734,w,2023-04-15 14:00:00,1,0,0,3,2.05776,249,24,311,20,10.375,15.55
561,220,Brighton,a,2.33064,2.43846,2.33064,0.916127,15,6,1,3,1.2946,l,2023-04-26 18:30:00,0,0,1,0,1.414513,113,25,407,20,4.52,20.35
562,220,Brighton,h,3.60471,0.603985,3.60471,0.603985,12,3,6,0,2.8604000000000003,w,2023-04-29 14:00:00,1,0,0,3,3.000725,214,30,321,21,7.133333333333334,15.285714285714286
563,220,Brighton,h,2.09953,1.32105,1.33836,1.32105,6,9,1,0,1.9441,w,2023-05-04 19:00:00,1,0,0,3,0.017309999999999937,186,28,359,21,6.642857142857143,17.095238095238095
564,220,Brighton,h,3.23717,2.94223,3.23717,2.94223,16,10,1,5,1.5493,l,2023-05-08 16:30:00,0,0,1,0,0.29494,104,34,341,20,3.0588235294117645,17.05
565,220,Brighton,a,2.21276,0.958651,2.21276,0.958651,2,8,3,0,2.2904,w,2023-05-14 15:30:00,1,0,0,3,1.2541089999999997,191,20,346,33,9.55,10.484848484848484
566,220,Brighton,a,0.593493,4.11359,0.593493,4.11359,2,15,1,4,0.0424,l,2023-05-18 18:30:00,0,0,1,0,-3.5200970000000003,119,17,343,37,7.0,9.27027027027027
567,220,Brighton,h,2.41418,0.863659,2.41418,0.863659,22,2,3,1,2.3956999999999997,w,2023-05-21 13:00:00,1,0,0,3,1.550521,228,21,344,18,10.857142857142858,19.11111111111111
568,220,Brighton,h,2.11486,1.92973,2.11486,1.92973,6,9,1,1,1.4881,d,2023-05-24 19:00:00,0,1,0,1,0.18513000000000024,392,33,196,15,11.878787878787879,13.066666666666666
569,220,Brighton,a,1.23117,2.55845,1.23117,2.55845,3,9,1,2,0.4947,l,2023-05-28 15:30:00,0,0,1,0,-1.32728,130,22,258,31,5.909090909090909,8.32258064516129
570,228,Fulham,h,1.26822,2.34111,0.507047,2.34111,4,11,2,2,0.5808,d,2022-08-06 11:30:00,0,1,0,1,-1.834063,351,19,114,18,18.473684210526315,6.333333333333333
571,228,Fulham,a,1.08813,0.975375,0.326966,0.975375,2,1,0,0,1.4798000000000002,d,2022-08-13 14:00:00,0,1,0,1,-0.648409,309,21,176,15,14.714285714285714,11.733333333333333
572,228,Fulham,h,2.89934,1.59352,2.89934,1.59352,7,8,3,2,2.2969,w,2022-08-20 14:00:00,1,0,0,3,1.30582,231,24,145,13,9.625,11.153846153846153
573,228,Fulham,a,0.926007,2.47427,0.926007,2.47427,1,17,1,2,0.3972,l,2022-08-27 16:30:00,0,0,1,0,-1.5482630000000002,327,22,103,19,14.863636363636363,5.421052631578948
574,228,Fulham,h,1.07093,1.75359,1.07093,0.992416,7,4,2,1,0.7675,w,2022-08-30 18:30:00,1,0,0,3,0.07851399999999997,310,22,198,30,14.090909090909092,6.6
575,228,Fulham,a,0.381556,2.67823,0.381556,2.67823,1,16,1,2,0.1251,l,2022-09-03 14:00:00,0,0,1,0,-2.2966740000000003,292,18,229,19,16.22222222222222,12.052631578947368
576,228,Fulham,a,1.3496,1.41541,1.3496,1.41541,2,2,3,2,1.3054000000000001,w,2022-09-16 19:00:00,1,0,0,3,-0.06581000000000015,218,18,306,19,12.11111111111111,16.105263157894736
577,228,Fulham,h,0.683701,4.67198,0.683701,4.67198,5,17,1,4,0.0083,l,2022-10-01 14:00:00,0,0,1,0,-3.9882789999999995,354,11,147,18,32.18181818181818,8.166666666666666
578,228,Fulham,a,0.549848,3.43676,0.549848,2.67559,5,7,1,3,0.0618,l,2022-10-09 13:00:00,0,0,1,0,-2.1257420000000002,269,15,277,9,17.933333333333334,30.77777777777778
579,228,Fulham,h,1.61738,1.62829,0.856206,1.62829,8,4,2,2,1.3505,d,2022-10-15 14:00:00,0,1,0,1,-0.772084,132,16,299,20,8.25,14.95
580,228,Fulham,h,2.892,0.711487,2.13083,0.711487,8,2,3,0,2.7297000000000002,w,2022-10-20 18:30:00,1,0,0,3,1.419343,169,15,279,15,11.266666666666667,18.6
581,228,Fulham,a,2.47512,1.96384,2.47512,1.96384,3,8,3,2,1.7397,w,2022-10-23 13:00:00,1,0,0,3,0.51128,279,19,181,30,14.68421052631579,6.033333333333333
582,228,Fulham,h,1.76438,1.19166,1.76438,1.19166,11,2,0,0,1.7925,d,2022-10-29 16:30:00,0,1,0,1,0.5727200000000001,223,20,249,11,11.15,22.636363636363637
583,228,Fulham,a,0.843884,2.39332,0.0827148,1.63215,1,11,1,2,0.2887,l,2022-11-05 15:00:00,0,0,1,0,-1.5494352,461,13,193,16,35.46153846153846,12.0625
584,228,Fulham,h,1.70218,3.37664,1.70218,3.37664,6,6,1,2,0.4,l,2022-11-13 16:30:00,0,0,1,0,-1.67446,249,21,245,12,11.857142857142858,20.416666666666668
585,228,Fulham,a,2.69927,0.421754,2.69927,0.421754,13,2,3,0,2.7766,w,2022-12-26 15:00:00,1,0,0,3,2.277516,243,28,326,18,8.678571428571429,18.11111111111111
586,228,Fulham,h,1.49305,0.698711,0.731881,0.698711,6,2,2,1,2.1262,w,2022-12-31 15:00:00,1,0,0,3,0.03317000000000003,158,21,299,22,7.523809523809524,13.590909090909092
587,228,Fulham,a,1.33493,1.45221,1.33493,1.45221,4,6,1,0,1.2708,w,2023-01-03 19:45:00,1,0,0,3,-0.11728000000000005,335,22,175,28,15.227272727272727,6.25
588,228,Fulham,h,0.711266,2.39911,0.711266,2.39911,2,7,2,1,0.2999,w,2023-01-12 19:00:00,1,0,0,3,-1.687844,321,22,227,26,14.590909090909092,8.73076923076923
589,228,Fulham,a,0.989872,1.96256,0.228703,1.96256,3,13,0,1,0.6275,l,2023-01-15 14:00:00,0,0,1,0,-1.733857,221,15,148,24,14.733333333333333,6.166666666666667
590,228,Fulham,h,1.09339,0.993805,1.09339,0.993805,7,7,0,1,1.4263,l,2023-01-23 20:00:00,0,0,1,0,0.09958500000000003,269,29,272,21,9.275862068965518,12.952380952380953
591,228,Fulham,a,0.493341,1.41471,0.493341,1.41471,5,5,0,0,0.5918,d,2023-02-03 20:00:00,0,1,0,1,-0.9213689999999999,434,22,141,33,19.727272727272727,4.2727272727272725
592,228,Fulham,h,1.69704,0.686824,1.69704,0.686824,6,6,2,0,2.1977,w,2023-02-11 15:00:00,1,0,0,3,1.0102160000000002,258,23,229,20,11.217391304347826,11.45
593,228,Fulham,a,0.224214,2.71375,0.224214,2.71375,0,10,1,0,0.0896,w,2023-02-18 15:00:00,1,0,0,3,-2.489536,375,17,186,30,22.058823529411764,6.2
594,228,Fulham,h,0.913133,0.997097,0.913133,0.997097,6,6,1,1,1.2562,d,2023-02-24 20:00:00,0,1,0,1,-0.08396400000000004,256,27,251,29,9.481481481481481,8.655172413793103
595,228,Fulham,a,1.67531,2.44358,1.67531,1.68241,3,7,2,3,0.8180000000000001,l,2023-03-06 20:00:00,0,0,1,0,-0.007099999999999884,104,23,236,38,4.521739130434782,6.2105263157894735
596,228,Fulham,h,0.61832,2.64355,0.61832,2.64355,5,20,0,3,0.20170000000000002,l,2023-03-12 14:00:00,0,0,1,0,-2.0252299999999996,341,20,254,23,17.05,11.043478260869565
597,228,Fulham,a,0.601049,3.14054,0.601049,3.14054,6,10,1,2,0.0732,l,2023-04-01 14:00:00,0,0,1,0,-2.539491,183,26,289,24,7.038461538461538,12.041666666666666
598,228,Fulham,h,0.456524,1.23261,0.456524,1.23261,9,4,0,1,0.6348,l,2023-04-08 14:00:00,0,0,1,0,-0.776086,77,18,315,19,4.277777777777778,16.57894736842105
599,228,Fulham,a,1.92209,2.24262,1.92209,2.24262,8,5,3,1,1.141,w,2023-04-15 14:00:00,1,0,0,3,-0.32053,202,15,217,16,13.466666666666667,13.5625
600,228,Fulham,h,1.43763,1.07482,1.43763,1.07482,1,4,2,1,1.6787,w,2023-04-22 11:30:00,1,0,0,3,0.36280999999999985,207,17,202,32,12.176470588235293,6.3125
601,228,Fulham,a,0.079864,0.839159,0.079864,0.839159,1,7,0,1,0.5112,l,2023-04-25 18:45:00,0,0,1,0,-0.7592949999999999,260,32,245,16,8.125,15.3125
602,228,Fulham,h,0.431813,2.32338,0.431813,1.56221,2,11,1,2,0.1533,l,2023-04-30 13:00:00,0,0,1,0,-1.130397,398,21,224,24,18.952380952380953,9.333333333333334
603,228,Fulham,a,0.740125,1.67372,0.740125,0.912551,4,10,0,1,0.5823999999999999,l,2023-05-03 19:00:00,0,0,1,0,-0.17242599999999997,341,12,279,28,28.416666666666668,9.964285714285714
604,228,Fulham,h,1.75276,2.92566,1.75276,1.31616,10,4,5,3,0.616,w,2023-05-08 14:00:00,1,0,0,3,0.4366000000000001,197,27,298,28,7.296296296296297,10.642857142857142
605,228,Fulham,a,1.27085,0.149649,1.27085,0.149649,11,0,2,0,2.4343,w,2023-05-13 14:00:00,1,0,0,3,1.1212010000000001,181,23,345,27,7.869565217391305,12.777777777777779
606,228,Fulham,h,1.95519,1.70785,1.19402,1.70785,12,10,2,2,1.5603,d,2023-05-20 14:00:00,0,1,0,1,-0.51383,201,22,179,15,9.136363636363637,11.933333333333334
607,228,Fulham,a,1.88167,2.74766,1.1205,2.74766,8,14,1,2,0.8456,l,2023-05-28 15:30:00,0,0,1,0,-1.6271600000000002,270,16,238,31,16.875,7.67741935483871
608,229,Wolverhampton Wanderers,a,1.10119,0.88917,1.10119,0.88917,9,5,1,2,1.5274,l,2022-08-06 14:00:00,0,0,1,0,0.21201999999999988,181,17,325,35,10.647058823529411,9.285714285714286
609,229,Wolverhampton Wanderers,h,0.975375,1.08813,0.975375,0.326966,1,2,0,0,1.1558,d,2022-08-13 14:00:00,0,1,0,1,0.648409,176,15,309,21,11.733333333333333,14.714285714285714
610,229,Wolverhampton Wanderers,a,0.686123,1.46608,0.686123,1.46608,6,8,0,1,0.708,l,2022-08-20 11:30:00,0,0,1,0,-0.779957,289,14,232,20,20.642857142857142,11.6
611,229,Wolverhampton Wanderers,h,1.13248,1.93362,1.13248,1.93362,3,13,1,1,0.8057000000000001,d,2022-08-28 13:00:00,0,1,0,1,-0.80114,246,13,123,13,18.923076923076923,9.461538461538462
612,229,Wolverhampton Wanderers,a,1.53246,0.362035,1.53246,0.362035,14,7,0,0,2.3577000000000004,d,2022-08-31 18:30:00,0,1,0,1,1.1704249999999998,164,24,317,18,6.833333333333333,17.61111111111111
613,229,Wolverhampton Wanderers,h,1.10039,1.20838,1.10039,1.20838,8,12,1,0,1.2716,w,2022-09-03 14:00:00,1,0,0,3,-0.10799000000000003,178,19,218,29,9.368421052631579,7.517241379310345
614,229,Wolverhampton Wanderers,h,0.310995,1.4242,0.310995,1.4242,4,8,0,3,0.4089,l,2022-09-17 11:30:00,0,0,1,0,-1.1132049999999998,419,23,301,21,18.217391304347824,14.333333333333334
615,229,Wolverhampton Wanderers,a,0.575988,1.03934,0.575988,1.03934,10,4,0,2,0.9389,l,2022-10-01 16:30:00,0,0,1,0,-0.4633519999999999,202,10,278,13,20.2,21.384615384615383
616,229,Wolverhampton Wanderers,a,0.748449,2.43092,0.748449,2.43092,4,11,0,3,0.36469999999999997,l,2022-10-08 14:00:00,0,0,1,0,-1.682471,313,8,271,24,39.125,11.291666666666666
617,229,Wolverhampton Wanderers,h,1.22368,1.24761,0.462512,0.486443,5,3,1,0,1.2896999999999998,w,2022-10-15 14:00:00,1,0,0,3,-0.023931000000000036,168,16,240,25,10.5,9.6
618,229,Wolverhampton Wanderers,a,0.857837,1.25617,0.857837,1.25617,8,8,1,2,1.0139,l,2022-10-18 19:15:00,0,0,1,0,-0.39833300000000005,251,30,255,33,8.366666666666667,7.7272727272727275
619,229,Wolverhampton Wanderers,h,1.61785,0.989075,1.61785,0.989075,11,5,0,4,1.8126,l,2022-10-23 13:00:00,0,0,1,0,0.628775,173,7,332,17,24.714285714285715,19.529411764705884
620,229,Wolverhampton Wanderers,a,0.557605,1.29257,0.557605,1.29257,2,6,1,1,0.6939,d,2022-10-29 14:00:00,0,1,0,1,-0.734965,229,18,146,25,12.722222222222221,5.84
621,229,Wolverhampton Wanderers,h,1.29252,1.87375,0.53135,1.87375,2,18,2,3,0.9174,l,2022-11-05 15:00:00,0,0,1,0,-1.3424,395,18,125,14,21.944444444444443,8.928571428571429
622,229,Wolverhampton Wanderers,h,0.512339,2.27996,0.512339,2.27996,4,4,0,2,0.2254,l,2022-11-12 19:45:00,0,0,1,0,-1.767621,308,17,184,14,18.11764705882353,13.142857142857142
623,229,Wolverhampton Wanderers,a,1.22076,1.22653,1.22076,1.22653,6,4,2,1,1.3537,w,2022-12-26 15:00:00,1,0,0,3,-0.005769999999999831,329,35,189,22,9.4,8.590909090909092
624,229,Wolverhampton Wanderers,h,0.587672,2.44728,0.587672,2.44728,2,13,0,1,0.2722,l,2022-12-31 12:30:00,0,0,1,0,-1.8596080000000001,246,22,227,26,11.181818181818182,8.73076923076923
625,229,Wolverhampton Wanderers,a,0.832522,1.03226,0.832522,1.03226,2,4,1,1,1.1548999999999998,d,2023-01-04 20:00:00,0,1,0,1,-0.19973799999999997,274,20,243,13,13.7,18.692307692307693
626,229,Wolverhampton Wanderers,h,0.806232,0.735105,0.806232,0.735105,5,7,1,0,1.4042,w,2023-01-14 15:00:00,1,0,0,3,0.07112699999999994,199,13,311,21,15.307692307692308,14.80952380952381
627,229,Wolverhampton Wanderers,a,0.469277,3.32757,0.469277,2.5664,4,9,0,3,0.0675,l,2023-01-22 14:00:00,0,0,1,0,-2.097123,323,17,301,15,19.0,20.066666666666666
628,229,Wolverhampton Wanderers,h,2.63328,1.30193,2.63328,1.30193,5,14,3,0,2.291,w,2023-02-04 15:00:00,1,0,0,3,1.33135,306,11,234,20,27.818181818181817,11.7
629,229,Wolverhampton Wanderers,a,0.615651,1.30203,0.615651,1.30203,2,7,2,1,0.7284,w,2023-02-11 15:00:00,1,0,0,3,-0.6863790000000001,113,19,288,34,5.947368421052632,8.470588235294118
630,229,Wolverhampton Wanderers,h,0.911415,1.15274,0.911415,1.15274,11,4,0,1,0.9955,l,2023-02-18 15:00:00,0,0,1,0,-0.24132500000000012,132,20,361,17,6.6,21.235294117647058
631,229,Wolverhampton Wanderers,a,0.997097,0.913133,0.997097,0.913133,6,6,1,1,1.4116000000000002,d,2023-02-24 20:00:00,0,1,0,1,0.08396400000000004,251,29,256,27,8.655172413793103,9.481481481481481
632,229,Wolverhampton Wanderers,a,0.78681,2.70191,0.78681,2.70191,4,11,0,2,0.24180000000000001,l,2023-03-01 20:00:00,0,0,1,0,-1.9150999999999998,330,39,267,35,8.461538461538462,7.628571428571429
633,229,Wolverhampton Wanderers,h,0.562477,1.25588,0.562477,1.25588,3,7,1,0,0.7682,w,2023-03-04 15:00:00,1,0,0,3,-0.6934030000000001,271,14,242,23,19.357142857142858,10.521739130434783
634,229,Wolverhampton Wanderers,a,0.709895,2.45527,0.709895,2.45527,3,12,1,2,0.3304,l,2023-03-12 16:30:00,0,0,1,0,-1.7453750000000001,144,11,245,23,13.090909090909092,10.652173913043478
635,229,Wolverhampton Wanderers,h,2.76358,1.6549,2.76358,1.6549,11,3,2,4,2.092,l,2023-03-18 15:00:00,0,0,1,0,1.10868,134,30,333,18,4.466666666666667,18.5
636,229,Wolverhampton Wanderers,a,0.383739,1.11441,0.383739,1.11441,5,5,1,1,0.6775,d,2023-04-01 14:00:00,0,1,0,1,-0.7306709999999998,110,20,424,26,5.5,16.307692307692307
637,229,Wolverhampton Wanderers,h,0.601153,0.815308,0.601153,0.815308,3,14,1,0,1.1256,w,2023-04-08 14:00:00,1,0,0,3,-0.21415499999999998,281,28,173,17,10.035714285714286,10.176470588235293
638,229,Wolverhampton Wanderers,h,0.93912,1.5133,0.93912,1.5133,3,4,2,0,0.8375999999999999,w,2023-04-15 14:00:00,1,0,0,3,-0.5741800000000001,266,19,272,21,14.0,12.952380952380953
639,229,Wolverhampton Wanderers,a,0.59626,2.66929,0.59626,1.90812,5,5,1,2,0.1747,l,2023-04-22 14:00:00,0,0,1,0,-1.31186,188,29,269,19,6.482758620689655,14.157894736842104
640,229,Wolverhampton Wanderers,h,1.12829,0.580294,0.367118,0.580294,3,5,2,0,1.9463,w,2023-04-25 18:30:00,1,0,0,3,-0.21317599999999998,228,24,175,20,9.5,8.75
641,229,Wolverhampton Wanderers,a,0.603985,3.60471,0.603985,3.60471,3,12,0,6,0.0935,l,2023-04-29 14:00:00,0,0,1,0,-3.000725,321,21,214,30,15.285714285714286,7.133333333333334
642,229,Wolverhampton Wanderers,h,0.80605,1.50158,0.80605,1.50158,2,7,1,0,0.8073,w,2023-05-06 14:00:00,1,0,0,3,-0.6955299999999999,234,28,150,21,8.357142857142858,7.142857142857143
643,229,Wolverhampton Wanderers,a,0.268789,3.10118,0.268789,3.10118,4,13,0,2,0.0686,l,2023-05-13 14:00:00,0,0,1,0,-2.832391,189,14,266,31,13.5,8.580645161290322
644,229,Wolverhampton Wanderers,h,1.28976,2.46976,1.28976,2.46976,6,9,1,1,0.5913,d,2023-05-20 14:00:00,0,1,0,1,-1.18,172,21,289,32,8.19047619047619,9.03125
645,229,Wolverhampton Wanderers,a,0.38772,3.02466,0.38772,3.02466,3,12,0,5,0.0827,l,2023-05-28 15:30:00,0,0,1,0,-2.63694,223,14,303,24,15.928571428571429,12.625
646,244,Brentford,a,0.931067,0.455695,0.931067,0.455695,3,5,2,2,1.8173,d,2022-08-07 13:00:00,0,1,0,1,0.47537199999999996,311,14,301,17,22.214285714285715,17.705882352941178
647,244,Brentford,h,1.38785,0.896038,1.38785,0.896038,3,11,4,0,1.7733999999999999,w,2022-08-13 16:30:00,1,0,0,3,0.491812,204,10,87,13,20.4,6.6923076923076925
648,244,Brentford,a,1.59352,2.89934,1.59352,2.89934,8,7,2,3,0.5215,l,2022-08-20 14:00:00,0,0,1,0,-1.30582,145,13,231,24,11.153846153846153,9.625
649,244,Brentford,h,2.28391,1.65465,2.28391,1.65465,9,7,1,1,1.8569,d,2022-08-27 14:00:00,0,1,0,1,0.6292600000000002,207,18,261,15,11.5,17.4
650,244,Brentford,a,1.61808,0.777363,1.61808,0.777363,8,1,1,1,2.0356,d,2022-08-30 18:30:00,0,1,0,1,0.8407169999999999,275,19,273,21,14.473684210526315,13.0
651,244,Brentford,h,2.7485,1.796,1.98734,1.796,5,9,5,2,2.0549,w,2022-09-03 14:00:00,1,0,0,3,0.19134000000000007,201,30,104,31,6.7,3.3548387096774195
652,244,Brentford,h,0.54011,1.32021,0.54011,1.32021,3,9,0,3,0.7047,l,2022-09-18 11:00:00,0,0,1,0,-0.7801000000000001,277,24,181,18,11.541666666666666,10.055555555555555
653,244,Brentford,a,1.046,0.758128,1.046,0.758128,9,6,0,0,1.6037,d,2022-10-01 14:00:00,0,1,0,1,0.287872,191,25,305,16,7.64,19.0625
654,244,Brentford,a,1.13466,2.44631,0.373493,2.44631,4,9,1,5,0.4125,l,2022-10-08 14:00:00,0,0,1,0,-2.072817,183,20,170,22,9.15,7.7272727272727275
655,244,Brentford,h,1.90636,2.15668,1.1452,2.15668,8,14,2,0,1.194,w,2022-10-14 19:00:00,1,0,0,3,-1.0114800000000002,260,20,99,25,13.0,3.96
656,244,Brentford,h,1.45228,0.557405,1.45228,0.557405,7,14,0,0,2.201,d,2022-10-19 18:30:00,0,1,0,1,0.894875,284,17,147,14,16.705882352941178,10.5
657,244,Brentford,a,1.00462,3.45617,1.00462,2.695,3,9,0,4,0.1311,l,2022-10-23 13:00:00,0,0,1,0,-1.6903799999999998,162,22,208,29,7.363636363636363,7.172413793103448
658,244,Brentford,h,1.29257,0.557605,1.29257,0.557605,6,2,1,1,2.0292,d,2022-10-29 14:00:00,0,1,0,1,0.734965,146,25,229,18,5.84,12.722222222222221
659,244,Brentford,a,1.2204,1.29696,0.459234,1.29696,6,10,2,2,1.3210000000000002,d,2022-11-05 15:00:00,0,1,0,1,-0.837726,187,14,276,17,13.357142857142858,16.235294117647058
660,244,Brentford,a,3.29012,1.605,3.29012,1.605,6,26,2,1,2.4331,w,2022-11-12 12:30:00,1,0,0,3,1.68512,214,13,63,15,16.46153846153846,4.2
661,244,Brentford,h,2.25263,0.883787,2.25263,0.883787,7,5,2,2,2.4435,d,2022-12-26 12:30:00,0,1,0,1,1.368843,278,24,141,16,11.583333333333334,8.8125
662,244,Brentford,a,1.51436,1.13979,1.51436,1.13979,7,5,2,0,1.723,w,2022-12-30 19:45:00,1,0,0,3,0.37456999999999985,274,9,200,20,30.444444444444443,10.0
663,244,Brentford,h,2.0991,2.10461,2.0991,2.10461,0,19,3,1,1.3942,w,2023-01-02 17:30:00,1,0,0,3,-0.005510000000000126,274,17,86,18,16.11764705882353,4.777777777777778
664,244,Brentford,h,1.29815,0.269283,0.536983,0.269283,3,2,2,0,2.4158999999999997,w,2023-01-14 17:30:00,1,0,0,3,0.2677,221,17,213,21,13.0,10.142857142857142
665,244,Brentford,a,0.17114,0.374736,0.17114,0.374736,5,7,0,0,0.9567,d,2023-01-22 14:00:00,0,1,0,1,-0.20359600000000003,190,27,167,23,7.037037037037037,7.260869565217392
666,244,Brentford,h,2.36747,0.644385,2.36747,0.644385,12,5,3,0,2.5815,w,2023-02-04 15:00:00,1,0,0,3,1.723085,205,17,163,19,12.058823529411764,8.578947368421053
667,244,Brentford,a,2.17538,1.36738,2.17538,1.36738,15,21,1,1,2.0312,d,2023-02-11 15:00:00,0,1,0,1,0.808,192,16,97,15,12.0,6.466666666666667
668,244,Brentford,h,0.610105,1.12202,0.610105,1.12202,12,3,1,1,0.8538999999999999,d,2023-02-18 15:00:00,0,1,0,1,-0.511915,183,25,296,15,7.32,19.733333333333334
669,244,Brentford,h,2.44358,1.67531,1.68241,1.67531,7,3,3,2,1.9436,w,2023-03-06 20:00:00,1,0,0,3,0.007099999999999884,236,38,104,23,6.2105263157894735,4.521739130434782
670,244,Brentford,a,1.95088,1.71599,1.95088,1.71599,7,0,0,1,1.5633,l,2023-03-11 15:00:00,0,0,1,0,0.23489000000000004,109,18,299,26,6.055555555555555,11.5
671,244,Brentford,a,1.66591,0.358977,1.66591,0.358977,4,6,2,0,2.6128,w,2023-03-15 19:30:00,1,0,0,3,1.306933,307,26,135,25,11.807692307692308,5.4
672,244,Brentford,h,0.476467,1.42133,0.476467,1.42133,7,5,1,1,0.5523,d,2023-03-18 15:00:00,0,1,0,1,-0.944863,274,30,247,25,9.133333333333333,9.88
673,244,Brentford,a,1.2788,3.8195,1.2788,3.05833,4,11,3,3,0.19589999999999996,d,2023-04-01 14:00:00,0,1,0,1,-1.7795300000000003,275,23,101,16,11.956521739130435,6.3125
674,244,Brentford,a,0.64499,1.1445,0.64499,1.1445,2,12,0,1,0.9061999999999999,l,2023-04-05 19:00:00,0,0,1,0,-0.4995100000000001,301,17,180,19,17.705882352941178,9.473684210526315
675,244,Brentford,h,2.06521,1.02337,0.542871,1.02337,5,9,1,2,2.2487999999999997,l,2023-04-08 14:00:00,0,0,1,0,-0.4804989999999999,201,16,148,27,12.5625,5.481481481481482
676,244,Brentford,a,1.5133,0.93912,1.5133,0.93912,4,3,0,2,1.8684000000000003,l,2023-04-15 14:00:00,0,0,1,0,0.5741800000000001,272,21,266,19,12.952380952380953,14.0
677,244,Brentford,h,2.03162,1.66602,2.03162,1.66602,7,4,1,1,1.6088,d,2023-04-22 14:00:00,0,1,0,1,0.36560000000000015,240,26,133,16,9.23076923076923,8.3125
678,244,Brentford,a,0.695344,1.21124,0.695344,1.21124,3,10,2,0,0.8825000000000001,w,2023-04-26 18:45:00,1,0,0,3,-0.5158960000000001,288,20,125,15,14.4,8.333333333333334
679,244,Brentford,h,1.32059,0.939693,1.32059,0.939693,5,3,2,1,1.6869,w,2023-04-29 14:00:00,1,0,0,3,0.38089699999999993,139,12,300,16,11.583333333333334,18.75
680,244,Brentford,a,0.183892,1.992,0.183892,1.992,3,13,0,1,0.0888,l,2023-05-06 16:30:00,0,0,1,0,-1.808108,180,20,177,23,9.0,7.695652173913044
681,244,Brentford,h,4.42571,0.203312,4.42571,0.203312,7,2,2,0,2.9901,w,2023-05-14 13:00:00,1,0,0,3,4.222397999999999,246,19,287,15,12.947368421052632,19.133333333333333
682,244,Brentford,a,1.15344,1.61667,1.15344,1.61667,5,3,3,1,1.0321,w,2023-05-20 11:30:00,1,0,0,3,-0.46323000000000003,314,16,199,15,19.625,13.266666666666667
683,244,Brentford,h,1.43893,1.18649,1.43893,1.18649,12,11,1,0,1.5944999999999998,w,2023-05-28 15:30:00,1,0,0,3,0.25244,260,32,176,12,8.125,14.666666666666666
684,245,Leeds,h,0.88917,1.10119,0.88917,1.10119,5,9,2,1,1.156,w,2022-08-06 14:00:00,1,0,0,3,-0.21201999999999988,325,35,181,17,9.285714285714286,10.647058823529411
685,245,Leeds,a,1.99694,1.40906,1.99694,1.40906,9,4,2,2,1.8274000000000001,d,2022-08-13 14:00:00,0,1,0,1,0.58788,165,34,252,19,4.852941176470588,13.263157894736842
686,245,Leeds,h,2.20971,0.692492,2.20971,0.692492,1,7,3,0,2.6486,w,2022-08-21 13:00:00,1,0,0,3,1.5172179999999997,274,32,139,30,8.5625,4.633333333333334
687,245,Leeds,a,1.14874,1.60986,1.14874,1.60986,5,6,0,1,1.0015,l,2022-08-27 14:00:00,0,0,1,0,-0.46112,165,30,247,20,5.5,12.35
688,245,Leeds,h,1.04551,1.17189,1.04551,1.17189,9,3,1,1,1.2206,d,2022-08-30 19:00:00,0,1,0,1,-0.12638000000000016,164,28,341,25,5.857142857142857,13.64
689,245,Leeds,a,1.796,2.7485,1.796,1.98734,9,5,2,5,0.7259,l,2022-09-03 14:00:00,0,0,1,0,-0.19134000000000007,104,31,201,30,3.3548387096774195,6.7
690,245,Leeds,h,0.298626,1.89645,0.298626,1.89645,6,12,0,0,0.2483,d,2022-10-02 15:30:00,0,1,0,1,-1.597824,240,18,230,24,13.333333333333334,9.583333333333334
691,245,Leeds,a,1.06564,1.65194,1.06564,1.65194,10,5,1,2,0.8978999999999999,l,2022-10-09 13:00:00,0,0,1,0,-0.5863,242,38,135,19,6.368421052631579,7.105263157894737
692,245,Leeds,h,2.02232,0.821757,1.26115,0.821757,8,5,0,1,2.2681999999999998,l,2022-10-16 13:00:00,0,0,1,0,0.43939300000000003,340,28,199,19,12.142857142857142,10.473684210526315
693,245,Leeds,a,1.19464,0.655249,1.19464,0.655249,5,4,0,2,1.8351000000000002,l,2022-10-20 19:15:00,0,0,1,0,0.539391,261,30,299,28,8.7,10.678571428571429
694,245,Leeds,h,1.96384,2.47512,1.96384,2.47512,8,3,2,3,1.0389000000000002,l,2022-10-23 13:00:00,0,0,1,0,-0.51128,181,30,279,19,6.033333333333333,14.68421052631579
695,245,Leeds,a,1.61271,1.90889,1.61271,1.90889,6,14,2,1,1.1673,w,2022-10-29 18:45:00,1,0,0,3,-0.2961799999999999,410,14,131,12,29.285714285714285,10.916666666666666
696,245,Leeds,h,2.22532,1.55594,1.46415,1.55594,8,5,4,3,1.8841,w,2022-11-05 15:00:00,1,0,0,3,-0.09179000000000004,157,33,200,13,4.757575757575758,15.384615384615385
697,245,Leeds,a,1.71731,2.58046,1.71731,2.58046,6,7,3,4,0.8555999999999999,l,2022-11-12 15:00:00,0,0,1,0,-0.8631500000000001,323,15,184,11,21.533333333333335,16.727272727272727
698,245,Leeds,h,0.603751,4.16249,0.603751,4.16249,7,13,1,3,0.062,l,2022-12-28 20:00:00,0,0,1,0,-3.558739,459,17,158,20,27.0,7.9
699,245,Leeds,a,0.517099,2.78846,0.517099,2.78846,4,9,0,0,0.1804,d,2022-12-31 15:00:00,0,1,0,1,-2.271361,209,23,147,23,9.08695652173913,6.391304347826087
700,245,Leeds,h,1.2577,1.29245,1.2577,0.531284,7,3,2,2,1.2828,d,2023-01-04 19:45:00,0,1,0,1,0.7264160000000001,98,23,259,27,4.260869565217392,9.592592592592593
701,245,Leeds,a,2.46295,1.64599,2.46295,1.64599,1,5,1,2,1.9723,l,2023-01-13 20:00:00,0,0,1,0,0.8169600000000001,255,41,149,20,6.219512195121951,7.45
702,245,Leeds,h,0.374736,0.17114,0.374736,0.17114,7,5,0,0,1.4442,d,2023-01-22 14:00:00,0,1,0,1,0.20359600000000003,167,23,190,27,7.260869565217392,7.037037037037037
703,245,Leeds,a,1.12331,0.3325,1.12331,0.3325,7,1,0,1,2.1578,l,2023-02-05 14:00:00,0,0,1,0,0.79081,100,30,303,21,3.3333333333333335,14.428571428571429
704,245,Leeds,a,0.554798,2.00007,0.554798,2.00007,4,11,2,2,0.3845,d,2023-02-08 19:00:00,0,1,0,1,-1.4452720000000001,330,27,113,20,12.222222222222221,5.65
705,245,Leeds,h,1.89163,1.30375,1.89163,1.30375,5,5,0,2,1.8255,l,2023-02-12 14:00:00,0,0,1,0,0.58788,338,30,115,20,11.266666666666667,5.75
706,245,Leeds,a,0.597403,1.53811,0.597403,1.53811,6,7,0,1,0.5959,l,2023-02-18 15:00:00,0,0,1,0,-0.9407070000000001,206,17,193,19,12.117647058823529,10.157894736842104
707,245,Leeds,h,0.720048,0.391128,0.720048,0.391128,10,2,1,0,1.6297,w,2023-02-25 15:00:00,1,0,0,3,0.32892000000000005,196,36,285,26,5.444444444444445,10.961538461538462
708,245,Leeds,a,0.633995,1.8678,0.633995,1.8678,4,8,0,1,0.48140000000000005,l,2023-03-04 15:00:00,0,0,1,0,-1.2338049999999998,340,19,211,25,17.894736842105264,8.44
709,245,Leeds,h,0.596738,1.51388,0.596738,1.51388,9,10,2,2,0.619,d,2023-03-11 15:00:00,0,1,0,1,-0.9171419999999999,339,29,197,25,11.689655172413794,7.88
710,245,Leeds,a,1.6549,2.76358,1.6549,2.76358,3,11,4,2,0.7138,w,2023-03-18 15:00:00,1,0,0,3,-1.10868,333,18,134,30,18.5,4.466666666666667
711,245,Leeds,a,0.497609,3.29548,0.497609,2.53431,6,6,1,4,0.07239999999999999,l,2023-04-01 14:00:00,0,0,1,0,-2.036701,336,20,152,18,16.8,8.444444444444445
712,245,Leeds,h,2.43248,0.613917,2.43248,0.613917,12,4,2,1,2.5911,w,2023-04-04 18:45:00,1,0,0,3,1.818563,151,28,240,23,5.392857142857143,10.434782608695652
713,245,Leeds,h,1.02075,3.22687,1.02075,3.22687,7,6,1,5,0.20879999999999999,l,2023-04-09 13:00:00,0,0,1,0,-2.20612,223,43,220,20,5.186046511627907,11.0
714,245,Leeds,h,1.16748,2.65476,1.16748,2.65476,2,13,1,6,0.45539999999999997,l,2023-04-17 19:00:00,0,0,1,0,-1.48728,550,17,137,32,32.35294117647059,4.28125
715,245,Leeds,a,1.07482,1.43763,1.07482,1.43763,4,1,1,2,0.9746,l,2023-04-22 11:30:00,0,0,1,0,-0.36280999999999985,202,32,207,17,6.3125,12.176470588235293
716,245,Leeds,h,2.09645,2.08594,2.09645,2.08594,2,7,1,1,1.39,d,2023-04-25 19:00:00,0,1,0,1,0.01051000000000002,211,29,128,25,7.275862068965517,5.12
717,245,Leeds,a,1.33691,2.51723,1.33691,2.51723,9,8,1,4,0.5937,l,2023-04-30 13:00:00,0,0,1,0,-1.18032,213,31,251,20,6.870967741935484,12.55
718,245,Leeds,a,0.140924,2.83472,0.140924,2.07355,0,14,1,2,0.0489,l,2023-05-06 14:00:00,0,0,1,0,-1.932626,434,19,90,12,22.842105263157894,7.5
719,245,Leeds,h,2.01567,2.35118,1.2545,0.82884,5,9,2,2,1.0808,d,2023-05-13 11:30:00,0,1,0,1,0.4256599999999999,221,28,105,29,7.892857142857143,3.6206896551724137
720,245,Leeds,a,0.645828,2.48001,0.645828,2.48001,8,15,1,3,0.2746,l,2023-05-21 12:30:00,0,0,1,0,-1.8341820000000002,287,29,165,17,9.89655172413793,9.705882352941176
721,245,Leeds,h,1.19151,2.03315,1.19151,2.03315,6,5,1,4,0.7657999999999999,l,2023-05-28 15:30:00,0,0,1,0,-0.8416399999999999,252,29,206,15,8.689655172413794,13.733333333333333
722,249,Nottingham Forest,a,0.235825,1.8591,0.235825,1.8591,2,24,0,2,0.2541,l,2022-08-06 14:00:00,0,0,1,0,-1.623275,200,15,152,25,13.333333333333334,6.08
723,249,Nottingham Forest,h,1.9717,2.08634,1.9717,1.32517,4,7,1,0,1.2978,w,2022-08-14 13:00:00,1,0,0,3,0.64653,173,16,123,15,10.8125,8.2
724,249,Nottingham Forest,a,0.918315,1.43408,0.918315,1.43408,1,8,1,1,0.9539,d,2022-08-20 14:00:00,0,1,0,1,-0.515765,221,14,242,13,15.785714285714286,18.615384615384617
725,249,Nottingham Forest,h,0.801369,2.44473,0.801369,1.68356,11,6,0,2,0.3642,l,2022-08-28 15:30:00,0,0,1,0,-0.882191,282,29,272,18,9.724137931034482,15.11111111111111
726,249,Nottingham Forest,a,0.729752,3.83759,0.729752,3.83759,1,13,0,6,0.0807,l,2022-08-31 18:30:00,0,0,1,0,-3.107838,464,10,147,23,46.4,6.391304347826087
727,249,Nottingham Forest,h,1.32895,0.905041,0.567779,0.905041,6,10,2,3,1.7698,l,2022-09-03 14:00:00,0,0,1,0,-0.33726199999999995,232,17,251,16,13.647058823529411,15.6875
728,249,Nottingham Forest,h,1.41541,1.3496,1.41541,1.3496,2,2,2,3,1.4134000000000002,l,2022-09-16 19:00:00,0,0,1,0,0.06581000000000015,306,19,218,18,16.105263157894736,12.11111111111111
729,249,Nottingham Forest,a,1.22169,1.2497,1.22169,1.2497,4,7,0,4,1.345,l,2022-10-03 19:00:00,0,0,1,0,-0.02801000000000009,280,13,291,29,21.53846153846154,10.03448275862069
730,249,Nottingham Forest,h,0.221346,0.657187,0.221346,0.657187,0,9,1,1,0.7877000000000001,d,2022-10-10 19:00:00,0,1,0,1,-0.435841,278,11,157,22,25.272727272727273,7.136363636363637
731,249,Nottingham Forest,a,1.24761,1.22368,0.486443,0.462512,3,5,0,1,1.3323,l,2022-10-15 14:00:00,0,0,1,0,0.023931000000000036,240,25,168,16,9.6,10.5
732,249,Nottingham Forest,a,0.195003,2.10188,0.195003,2.10188,1,15,0,0,0.1505,d,2022-10-18 18:30:00,0,1,0,1,-1.906877,320,16,132,17,20.0,7.764705882352941
733,249,Nottingham Forest,h,2.50163,2.19752,2.50163,2.19752,6,13,1,0,1.6084999999999998,w,2022-10-22 11:30:00,1,0,0,3,0.3041100000000001,372,15,109,20,24.8,5.45
734,249,Nottingham Forest,a,0.206127,3.00699,0.206127,3.00699,2,21,0,5,0.054400000000000004,l,2022-10-30 14:00:00,0,0,1,0,-2.800863,315,12,148,19,26.25,7.7894736842105265
735,249,Nottingham Forest,h,1.29696,1.2204,1.29696,0.459234,10,6,2,2,1.3615,d,2022-11-05 15:00:00,0,1,0,1,0.837726,276,17,187,14,16.235294117647058,13.357142857142858
736,249,Nottingham Forest,h,1.23752,1.14552,1.23752,0.384356,4,3,1,0,1.4003,w,2022-11-12 15:00:00,1,0,0,3,0.853164,384,15,164,20,25.6,8.2
737,249,Nottingham Forest,a,0.477076,2.13668,0.477076,2.13668,2,22,0,3,0.2949,l,2022-12-27 20:00:00,0,0,1,0,-1.659604,333,8,131,23,41.625,5.695652173913044
738,249,Nottingham Forest,h,0.985219,1.37305,0.985219,1.37305,10,6,1,1,0.9858,d,2023-01-01 16:30:00,0,1,0,1,-0.38783100000000015,463,24,135,22,19.291666666666668,6.136363636363637
739,249,Nottingham Forest,a,1.22324,0.62937,1.22324,0.62937,4,4,1,0,1.9408000000000003,w,2023-01-04 19:30:00,1,0,0,3,0.5938700000000001,237,20,128,23,11.85,5.565217391304348
740,249,Nottingham Forest,h,1.75313,0.803421,1.75313,0.803421,6,3,2,0,2.102,w,2023-01-14 15:00:00,1,0,0,3,0.949709,324,19,186,16,17.05263157894737,11.625
741,249,Nottingham Forest,a,1.57544,1.80549,1.57544,1.80549,5,10,1,1,1.1899,d,2023-01-21 15:00:00,0,1,0,1,-0.2300500000000001,170,17,273,14,10.0,19.5
742,249,Nottingham Forest,h,0.3325,1.12331,0.3325,1.12331,1,7,1,0,0.5509999999999999,w,2023-02-05 14:00:00,1,0,0,3,-0.79081,303,21,100,30,14.428571428571429,3.3333333333333335
743,249,Nottingham Forest,a,0.686824,1.69704,0.686824,1.69704,6,6,0,2,0.5786,l,2023-02-11 15:00:00,0,0,1,0,-1.0102160000000002,229,20,258,23,11.45,11.217391304347826
744,249,Nottingham Forest,h,1.12735,2.80966,1.12735,2.80966,1,16,1,1,0.22080000000000002,d,2023-02-18 15:00:00,0,1,0,1,-1.68231,317,8,127,17,39.625,7.470588235294118
745,249,Nottingham Forest,a,0.350849,3.05032,0.350849,3.05032,3,13,0,4,0.049699999999999994,l,2023-02-25 15:00:00,0,0,1,0,-2.699471,191,13,229,22,14.692307692307692,10.409090909090908
746,249,Nottingham Forest,h,0.799733,1.70877,0.799733,0.947603,5,12,2,2,0.593,d,2023-03-05 14:00:00,0,1,0,1,-0.14786999999999995,145,21,261,33,6.904761904761905,7.909090909090909
747,249,Nottingham Forest,a,1.62805,1.73482,0.866885,0.973653,6,10,1,3,1.2992,l,2023-03-11 15:00:00,0,0,1,0,-0.10676799999999997,309,19,210,24,16.263157894736842,8.75
748,249,Nottingham Forest,h,0.531985,2.50027,0.531985,1.7391,3,15,1,2,0.1872,l,2023-03-17 20:00:00,0,0,1,0,-1.207115,238,22,133,27,10.818181818181818,4.925925925925926
749,249,Nottingham Forest,h,1.11441,0.383739,1.11441,0.383739,5,5,1,1,1.9963,d,2023-04-01 14:00:00,0,1,0,1,0.7306709999999998,424,26,110,20,16.307692307692307,5.5
750,249,Nottingham Forest,a,0.613917,2.43248,0.613917,2.43248,4,12,1,2,0.2799,l,2023-04-04 18:45:00,0,0,1,0,-1.818563,240,23,151,28,10.434782608695652,5.392857142857143
751,249,Nottingham Forest,a,0.232452,1.42718,0.232452,1.42718,1,8,0,2,0.3483,l,2023-04-08 14:00:00,0,0,1,0,-1.194728,285,23,115,19,12.391304347826088,6.052631578947368
752,249,Nottingham Forest,h,1.05289,3.33747,1.05289,3.33747,5,17,0,2,0.2022,l,2023-04-16 15:30:00,0,0,1,0,-2.28458,281,17,124,18,16.529411764705884,6.888888888888889
753,249,Nottingham Forest,a,0.724666,3.32745,0.724666,3.32745,8,11,2,3,0.1197,l,2023-04-22 14:00:00,0,0,1,0,-2.6027839999999998,357,11,43,17,32.45454545454545,2.5294117647058822
754,249,Nottingham Forest,h,2.43846,2.33064,0.916127,2.33064,6,15,3,1,1.4584000000000001,w,2023-04-26 18:30:00,1,0,0,3,-1.414513,407,20,113,25,20.35,4.52
755,249,Nottingham Forest,a,0.939693,1.32059,0.939693,1.32059,3,5,1,2,0.9707999999999999,l,2023-04-29 14:00:00,0,0,1,0,-0.38089699999999993,300,16,139,12,18.75,11.583333333333334
756,249,Nottingham Forest,h,1.91326,3.31096,1.1521,2.54979,8,12,4,3,0.5508,w,2023-05-08 19:00:00,1,0,0,3,-1.3976899999999999,299,23,152,14,13.0,10.857142857142858
757,249,Nottingham Forest,a,1.96797,0.999181,1.96797,0.999181,2,10,2,2,2.1382000000000003,d,2023-05-13 14:00:00,0,1,0,1,0.968789,361,26,103,20,13.884615384615385,5.15
758,249,Nottingham Forest,h,1.1397,0.4902,1.1397,0.4902,5,11,1,0,1.9992,w,2023-05-20 16:30:00,1,0,0,3,0.6495,287,17,53,19,16.88235294117647,2.789473684210526
759,249,Nottingham Forest,a,0.436439,1.00786,0.436439,1.00786,1,11,1,1,0.8152999999999999,d,2023-05-28 15:30:00,0,1,0,1,-0.571421,265,16,155,21,16.5625,7.380952380952381
