,id,title,h_a,xG,xGA,npxG,npxGA,deep,deep_allowed,scored,missed,xpts,result,date,wins,draws,loses,pts,npxGD,ppda_att,ppda_def,ppda_allowed_att,ppda_allowed_def,ppda,ppda_allowed
0,71,Aston Villa,a,1.486,4.32208,1.486,4.32208,6,9,1,5,0.1709,l,2023-08-12 16:30:00,0,0,1,0,-2.83608,324,28,255,17,11.571428571428571,15.0
1,71,Aston Villa,h,3.24336,0.721465,2.48219,0.721465,13,2,4,0,2.8068999999999997,w,2023-08-20 13:00:00,1,0,0,3,1.760725,204,12,385,23,17.0,16.73913043478261
2,71,Aston Villa,a,2.83691,0.630605,2.83691,0.630605,9,8,3,1,2.7695000000000003,w,2023-08-27 13:00:00,1,0,0,3,2.206305,365,15,254,31,24.333333333333332,8.193548387096774
3,71,Aston Villa,a,0.615503,2.73138,0.615503,2.73138,3,11,0,3,0.1952,l,2023-09-03 13:00:00,0,0,1,0,-2.1158770000000002,543,8,248,29,67.875,8.551724137931034
4,71,Aston Villa,h,2.31518,1.11696,1.55401,1.11696,14,7,3,1,2.2635,w,2023-09-16 14:00:00,1,0,0,3,0.43704999999999994,141,31,286,30,4.548387096774194,9.533333333333333
5,71,Aston Villa,a,1.13479,1.19716,1.13479,1.19716,6,8,1,0,1.2832000000000001,w,2023-09-24 13:00:00,1,0,0,3,-0.062370000000000037,283,13,221,25,21.76923076923077,8.84
6,71,Aston Villa,h,1.90746,1.72819,1.90746,1.72819,15,11,6,1,1.4983,w,2023-09-30 11:30:00,1,0,0,3,0.17927000000000004,321,33,146,34,9.727272727272727,4.294117647058823
7,71,Aston Villa,a,1.81618,1.76232,1.81618,1.76232,9,3,1,1,1.3806000000000003,d,2023-10-08 13:00:00,0,1,0,1,0.0538599999999998,223,15,239,21,14.866666666666667,11.380952380952381
8,71,Aston Villa,h,2.34143,0.659622,1.58026,0.659622,9,4,4,1,2.5745999999999998,w,2023-10-22 15:30:00,1,0,0,3,0.920638,201,17,274,19,11.823529411764707,14.421052631578947
9,71,Aston Villa,h,3.07654,0.453117,3.07654,0.453117,15,2,3,1,2.8714,w,2023-10-29 14:00:00,1,0,0,3,2.623423,134,10,419,17,13.4,24.647058823529413
10,71,Aston Villa,a,1.33116,0.592447,1.33116,0.592447,23,3,0,2,1.9666000000000001,l,2023-11-05 14:00:00,0,0,1,0,0.738713,137,19,326,12,7.2105263157894735,27.166666666666668
11,71,Aston Villa,h,2.86039,0.648745,2.86039,0.648745,8,2,3,1,2.8323,w,2023-11-12 14:00:00,1,0,0,3,2.2116450000000003,296,18,331,35,16.444444444444443,9.457142857142857
12,71,Aston Villa,a,2.39755,2.22542,2.39755,2.22542,5,18,2,1,1.5025,w,2023-11-26 14:00:00,1,0,0,3,0.17212999999999967,372,20,225,24,18.6,9.375
13,71,Aston Villa,a,0.89511,2.54937,0.89511,2.54937,3,10,2,2,0.3336,d,2023-12-03 14:00:00,0,1,0,1,-1.6542600000000003,114,24,263,34,4.75,7.735294117647059
14,71,Aston Villa,h,2.1922,1.00198,2.1922,1.00198,9,8,1,0,2.289,w,2023-12-06 20:15:00,1,0,0,3,1.19022,316,23,253,28,13.73913043478261,9.035714285714286
15,71,Aston Villa,h,0.628499,1.71667,0.628499,1.71667,3,10,1,0,0.5097,w,2023-12-09 17:30:00,1,0,0,3,-1.088171,279,29,139,26,9.620689655172415,5.346153846153846
16,71,Aston Villa,a,1.4664,0.796812,1.4664,0.796812,13,4,2,1,1.9046000000000003,w,2023-12-17 14:00:00,1,0,0,3,0.669588,114,18,203,39,6.333333333333333,5.205128205128205
17,71,Aston Villa,h,1.21861,0.646159,1.21861,0.646159,10,2,1,1,1.8315,d,2023-12-22 20:00:00,0,1,0,1,0.5724509999999999,78,18,344,22,4.333333333333333,15.636363636363637
18,71,Aston Villa,a,1.83637,1.20104,1.83637,1.20104,12,4,2,3,1.8899,l,2023-12-26 20:00:00,0,0,1,0,0.63533,213,14,268,36,15.214285714285714,7.444444444444445
19,71,Aston Villa,h,2.92587,1.11923,2.1647,1.11923,16,2,3,2,2.5507999999999997,w,2023-12-30 15:00:00,1,0,0,3,1.04547,125,15,267,14,8.333333333333334,19.071428571428573
20,71,Aston Villa,a,1.3435,1.03664,1.3435,1.03664,12,3,0,0,1.5753,d,2024-01-14 14:00:00,0,1,0,1,0.3068599999999999,103,13,322,36,7.923076923076923,8.944444444444445
21,71,Aston Villa,h,1.44485,3.3224,1.44485,3.3224,12,10,1,3,0.34690000000000004,l,2024-01-30 20:15:00,0,0,1,0,-1.87755,215,23,297,27,9.347826086956522,11.0
22,71,Aston Villa,a,2.99015,1.52784,2.99015,1.52784,5,7,5,0,2.3755,w,2024-02-03 17:30:00,1,0,0,3,1.4623099999999998,192,14,464,19,13.714285714285714,24.42105263157895
23,71,Aston Villa,h,2.64675,2.44591,2.64675,2.44591,10,4,1,2,1.5356999999999998,l,2024-02-11 16:30:00,0,0,1,0,0.2008399999999999,237,20,235,20,11.85,11.75
24,71,Aston Villa,a,1.57297,1.41796,1.57297,1.41796,2,9,2,1,1.4988000000000001,w,2024-02-17 15:00:00,1,0,0,3,0.15500999999999987,276,11,277,22,25.09090909090909,12.590909090909092
25,71,Aston Villa,h,3.48861,2.25569,3.48861,2.25569,16,7,4,2,2.1908,w,2024-02-24 15:00:00,1,0,0,3,1.23292,229,15,328,25,15.266666666666667,13.12
26,71,Aston Villa,a,2.08586,2.43312,2.08586,2.43312,6,3,3,2,1.1108,w,2024-03-02 17:30:00,1,0,0,3,-0.34726000000000035,224,20,287,21,11.2,13.666666666666666
27,71,Aston Villa,h,1.23267,2.25381,1.23267,2.25381,3,9,0,4,0.6402,l,2024-03-10 13:00:00,0,0,1,0,-1.0211400000000002,457,22,183,43,20.772727272727273,4.255813953488372
28,71,Aston Villa,a,0.911274,1.32829,0.911274,1.32829,17,7,1,1,1.0156,d,2024-03-17 14:00:00,0,1,0,1,-0.41701599999999994,129,19,320,27,6.7894736842105265,11.851851851851851
29,71,Aston Villa,h,1.28271,1.66232,1.28271,1.66232,5,5,2,0,1.0626,w,2024-03-30 17:30:00,1,0,0,3,-0.37961,283,20,276,36,14.15,7.666666666666667
30,71,Aston Villa,a,1.18643,3.87704,1.18643,3.87704,4,26,1,4,0.18660000000000002,l,2024-04-03 19:15:00,0,0,1,0,-2.69061,305,14,215,30,21.785714285714285,7.166666666666667
31,71,Aston Villa,h,1.16333,1.42064,1.16333,1.42064,6,3,3,3,1.0891,d,2024-04-06 14:00:00,0,1,0,1,-0.2573099999999999,128,19,231,14,6.7368421052631575,16.5
32,71,Aston Villa,a,0.929049,1.89003,0.929049,1.89003,2,17,2,0,0.6572,w,2024-04-14 15:30:00,1,0,0,3,-0.9609810000000001,214,14,249,28,15.285714285714286,8.892857142857142
33,71,Aston Villa,h,2.62687,2.05211,2.62687,1.29094,19,2,3,1,1.8087,w,2024-04-21 14:00:00,1,0,0,3,1.3359299999999998,196,16,243,20,12.25,12.15
34,71,Aston Villa,h,0.612257,1.56401,0.612257,1.56401,7,6,2,2,0.6084,d,2024-04-27 19:00:00,0,1,0,1,-0.9517529999999998,367,9,149,31,40.77777777777778,4.806451612903226
35,71,Aston Villa,a,0.0644055,2.63566,0.0644055,1.75337,3,4,0,1,0.0263,l,2024-05-05 13:00:00,0,0,1,0,-1.6889645,334,19,306,29,17.57894736842105,10.551724137931034
36,71,Aston Villa,h,2.71655,1.89968,2.71655,1.89968,14,7,3,3,1.951,d,2024-05-13 19:00:00,0,1,0,1,0.8168699999999998,357,24,236,32,14.875,7.375
37,71,Aston Villa,a,0.598846,2.23189,0.598846,2.23189,0,11,0,5,0.3245,l,2024-05-19 15:00:00,0,0,1,0,-1.633044,303,10,333,23,30.3,14.478260869565217
38,72,Everton,h,2.59001,1.58144,2.59001,1.58144,7,6,0,1,2.1102,l,2023-08-12 14:00:00,0,0,1,0,1.00857,341,23,174,10,14.826086956521738,17.4
39,72,Everton,a,0.721465,3.24336,0.721465,2.48219,2,13,0,4,0.1276,l,2023-08-20 13:00:00,0,0,1,0,-1.760725,385,23,204,12,16.73913043478261,17.0
40,72,Everton,h,1.89792,1.40228,1.89792,1.40228,7,4,0,1,1.7305000000000001,l,2023-08-26 14:00:00,0,0,1,0,0.4956400000000001,313,24,194,19,13.041666666666666,10.210526315789474
41,72,Everton,a,2.73871,1.575,2.73871,1.575,3,5,2,2,2.2155,d,2023-09-02 11:30:00,0,1,0,1,1.1637100000000002,225,26,256,20,8.653846153846153,12.8
42,72,Everton,h,0.28317,0.802605,0.28317,0.802605,3,10,0,1,0.75,l,2023-09-17 15:30:00,0,0,1,0,-0.5194350000000001,404,17,126,18,23.764705882352942,7.0
43,72,Everton,a,2.51497,1.57402,2.51497,1.57402,10,6,3,1,2.0396,w,2023-09-23 16:30:00,1,0,0,3,0.94095,359,25,210,15,14.36,14.0
44,72,Everton,h,3.65377,1.5102,3.65377,1.5102,11,1,1,2,2.6572,l,2023-09-30 14:00:00,0,0,1,0,2.1435700000000004,84,15,275,22,5.6,12.5
45,72,Everton,h,3.16482,0.981732,3.16482,0.981732,8,13,3,0,2.7104,w,2023-10-07 14:00:00,1,0,0,3,2.183088,243,34,191,22,7.147058823529412,8.681818181818182
46,72,Everton,a,0.0937725,2.28568,0.0937725,1.52459,5,13,0,2,0.0748,l,2023-10-21 11:30:00,0,0,1,0,-1.4308174999999999,379,13,87,26,29.153846153846153,3.3461538461538463
47,72,Everton,a,0.733813,0.618578,0.733813,0.618578,3,5,1,0,1.4357,w,2023-10-29 13:00:00,1,0,0,3,0.11523500000000009,392,26,207,16,15.076923076923077,12.9375
48,72,Everton,h,0.617607,0.442489,0.617607,0.442489,0,11,1,1,1.4921,d,2023-11-04 15:00:00,0,1,0,1,0.175118,534,13,84,9,41.07692307692308,9.333333333333334
49,72,Everton,a,1.7904,1.89194,1.7904,1.13077,8,10,3,2,1.2817,w,2023-11-11 15:00:00,1,0,0,3,0.6596299999999999,362,25,124,20,14.48,6.2
50,72,Everton,h,2.49764,2.07334,2.49764,1.31218,10,6,0,3,1.6502,l,2023-11-26 16:30:00,0,0,1,0,1.1854600000000002,251,24,220,16,10.458333333333334,13.75
51,72,Everton,a,0.623789,0.673085,0.623789,0.673085,7,6,1,0,1.2589,w,2023-12-02 17:30:00,1,0,0,3,-0.049296000000000006,351,27,145,16,13.0,9.0625
52,72,Everton,h,2.95393,1.29564,2.95393,1.29564,13,4,3,0,2.4166,w,2023-12-07 19:30:00,1,0,0,3,1.6582900000000003,333,37,145,12,9.0,12.083333333333334
53,72,Everton,h,1.11437,0.885512,1.11437,0.885512,3,9,2,0,1.6020999999999999,w,2023-12-10 14:00:00,1,0,0,3,0.22885800000000012,407,28,112,25,14.535714285714286,4.48
54,72,Everton,a,2.22305,0.811435,2.22305,0.811435,7,10,2,0,2.4318,w,2023-12-16 17:30:00,1,0,0,3,1.4116150000000003,321,14,172,14,22.928571428571427,12.285714285714286
55,72,Everton,a,1.98385,1.57527,1.98385,1.57527,11,10,1,2,1.6655,l,2023-12-23 15:00:00,0,0,1,0,0.40857999999999994,380,44,169,22,8.636363636363637,7.681818181818182
56,72,Everton,h,1.23529,2.28321,1.23529,1.52204,3,9,1,3,0.6325000000000001,l,2023-12-27 20:15:00,0,0,1,0,-0.28675000000000006,509,23,153,13,22.130434782608695,11.76923076923077
57,72,Everton,a,0.519641,2.64477,0.519641,2.64477,3,10,0,3,0.1132,l,2023-12-30 15:00:00,0,0,1,0,-2.125129,297,36,238,22,8.25,10.818181818181818
58,72,Everton,h,1.03664,1.3435,1.03664,1.3435,3,12,0,0,1.1201999999999999,d,2024-01-14 14:00:00,0,1,0,1,-0.3068599999999999,322,36,103,13,8.944444444444445,7.923076923076923
59,72,Everton,a,2.83317,2.37499,2.83317,2.37499,6,6,0,0,1.6492,d,2024-01-30 19:45:00,0,1,0,1,0.45818000000000003,349,30,119,10,11.633333333333333,11.9
60,72,Everton,h,3.25881,0.922371,3.25881,0.922371,6,7,2,2,2.8588,d,2024-02-03 12:30:00,0,1,0,1,2.336439,272,33,132,23,8.242424242424242,5.739130434782608
61,72,Everton,a,0.192072,1.58971,0.192072,1.58971,1,10,0,2,0.2969,l,2024-02-10 12:30:00,0,0,1,0,-1.397638,439,17,176,21,25.823529411764707,8.380952380952381
62,72,Everton,h,2.44588,0.734685,2.44588,0.734685,7,5,1,1,2.5576000000000003,d,2024-02-19 20:00:00,0,1,0,1,1.7111949999999998,136,24,273,13,5.666666666666667,21.0
63,72,Everton,a,0.286655,1.6538,0.286655,1.6538,4,9,1,1,0.357,d,2024-02-24 15:00:00,0,1,0,1,-1.3671449999999998,391,23,222,27,17.0,8.222222222222221
64,72,Everton,h,3.12075,2.17948,2.35958,2.17948,9,4,1,3,2.0165,l,2024-03-02 15:00:00,0,0,1,0,0.18009999999999993,203,19,299,14,10.68421052631579,21.357142857142858
65,72,Everton,a,1.8214,2.9016,1.8214,1.37927,13,7,0,2,0.6622999999999999,l,2024-03-09 12:30:00,0,0,1,0,0.4421299999999999,308,20,216,14,15.4,15.428571428571429
66,72,Everton,a,0.93378,1.39268,0.93378,1.39268,11,6,1,2,0.9117999999999999,l,2024-03-30 15:00:00,0,0,1,0,-0.45889999999999986,163,19,145,22,8.578947368421053,6.590909090909091
67,72,Everton,a,1.69834,2.65009,0.937167,2.65009,6,11,1,1,0.736,d,2024-04-02 18:30:00,0,1,0,1,-1.712923,285,20,183,17,14.25,10.764705882352942
68,72,Everton,h,0.659844,0.34699,0.659844,0.34699,9,6,1,0,1.5979999999999999,w,2024-04-06 14:00:00,1,0,0,3,0.31285399999999997,314,35,136,19,8.971428571428572,7.157894736842105
69,72,Everton,a,1.21791,3.37093,1.21791,2.60976,5,8,0,6,0.1517,l,2024-04-15 19:00:00,0,0,1,0,-1.39185,394,38,193,14,10.368421052631579,13.785714285714286
70,72,Everton,h,0.473233,1.18916,0.473233,1.18916,0,7,2,0,0.6283000000000001,w,2024-04-21 12:30:00,1,0,0,3,-0.715927,344,22,216,14,15.636363636363637,15.428571428571429
71,72,Everton,h,1.89111,1.87155,1.89111,1.87155,6,24,2,0,1.4035,w,2024-04-24 19:00:00,1,0,0,3,0.019560000000000022,379,18,95,21,21.055555555555557,4.523809523809524
72,72,Everton,h,1.21399,0.956356,1.21399,0.956356,10,8,1,0,1.5496999999999999,w,2024-04-27 16:30:00,1,0,0,3,0.2576339999999999,249,15,189,23,16.6,8.217391304347826
73,72,Everton,a,1.22959,0.950391,0.468416,0.950391,5,3,1,1,1.6331,d,2024-05-03 19:00:00,0,1,0,1,-0.481975,244,32,237,22,7.625,10.772727272727273
74,72,Everton,h,1.82411,0.465523,1.82411,0.465523,9,4,1,0,2.4696,w,2024-05-11 14:00:00,1,0,0,3,1.358587,216,21,242,17,10.285714285714286,14.235294117647058
75,72,Everton,a,0.664904,3.2117,0.664904,3.2117,3,16,1,2,0.1057,l,2024-05-19 15:00:00,0,0,1,0,-2.546796,254,6,147,18,42.333333333333336,8.166666666666666
76,73,Bournemouth,h,1.51025,1.4834,1.51025,1.4834,9,8,1,1,1.3845999999999998,d,2023-08-12 14:00:00,0,1,0,1,0.02685000000000004,138,27,292,30,5.111111111111111,9.733333333333333
77,73,Bournemouth,a,1.3867,3.25448,1.3867,2.33406,8,11,1,3,0.3288,l,2023-08-19 14:00:00,0,0,1,0,-0.94736,356,32,167,23,11.125,7.260869565217392
78,73,Bournemouth,h,0.483582,2.26115,0.483582,2.26115,6,20,0,2,0.26039999999999996,l,2023-08-26 11:30:00,0,0,1,0,-1.7775680000000003,316,31,200,26,10.193548387096774,7.6923076923076925
79,73,Bournemouth,a,2.11013,3.07185,2.11013,3.07185,5,15,2,2,0.7923,d,2023-09-02 14:00:00,0,1,0,1,-0.9617200000000001,294,21,137,24,14.0,5.708333333333333
80,73,Bournemouth,h,1.32515,1.39677,1.32515,1.39677,9,17,0,0,1.3224,d,2023-09-17 13:00:00,0,1,0,1,-0.07162000000000002,343,21,160,28,16.333333333333332,5.714285714285714
81,73,Bournemouth,a,1.58984,2.14533,1.58984,2.14533,4,8,1,3,0.9499,l,2023-09-24 13:00:00,0,0,1,0,-0.55549,352,35,156,28,10.057142857142857,5.571428571428571
82,73,Bournemouth,h,0.644443,4.0742,0.644443,2.55187,13,15,0,4,0.0368,l,2023-09-30 14:00:00,0,0,1,0,-1.9074270000000002,330,22,167,28,15.0,5.964285714285714
83,73,Bournemouth,a,0.981732,3.16482,0.981732,3.16482,13,8,0,3,0.1958,l,2023-10-07 14:00:00,0,0,1,0,-2.183088,191,22,243,34,8.681818181818182,7.147058823529412
84,73,Bournemouth,h,1.01839,2.30454,1.01839,2.30454,5,15,1,2,0.506,l,2023-10-21 14:00:00,0,0,1,0,-1.28615,298,21,136,21,14.19047619047619,6.476190476190476
85,73,Bournemouth,h,1.10052,0.90255,1.10052,0.90255,8,4,2,1,1.4745,w,2023-10-28 14:00:00,1,0,0,3,0.19796999999999998,279,30,204,18,9.3,11.333333333333334
86,73,Bournemouth,a,0.643127,2.39949,0.643127,2.39949,6,18,1,6,0.3185,l,2023-11-04 15:00:00,0,0,1,0,-1.7563630000000001,378,13,258,12,29.076923076923077,21.5
87,73,Bournemouth,h,2.78424,0.306141,2.78424,0.306141,7,3,2,0,2.8638999999999997,w,2023-11-11 17:30:00,1,0,0,3,2.4780990000000003,258,27,231,10,9.555555555555555,23.1
88,73,Bournemouth,a,3.13975,0.816227,3.13975,0.816227,7,7,3,1,2.6885000000000003,w,2023-11-25 15:00:00,1,0,0,3,2.323523,193,11,275,26,17.545454545454547,10.576923076923077
89,73,Bournemouth,h,2.54937,0.89511,2.54937,0.89511,10,3,2,2,2.5224,d,2023-12-03 14:00:00,0,1,0,1,1.6542600000000003,263,34,114,24,7.735294117647059,4.75
90,73,Bournemouth,a,1.79997,1.26441,1.79997,1.26441,7,9,2,0,1.8231,w,2023-12-06 19:30:00,1,0,0,3,0.53556,292,31,174,23,9.419354838709678,7.565217391304348
91,73,Bournemouth,a,1.9742,1.11296,1.9742,1.11296,6,15,3,0,2.0899,w,2023-12-09 15:00:00,1,0,0,3,0.86124,334,24,141,22,13.916666666666666,6.409090909090909
92,73,Bournemouth,a,1.89067,0.791806,1.89067,0.791806,7,4,3,2,2.1945,w,2023-12-23 15:00:00,1,0,0,3,1.098864,102,26,244,19,3.923076923076923,12.842105263157896
93,73,Bournemouth,h,2.07911,0.324365,1.31795,0.324365,9,9,3,0,2.6859,w,2023-12-26 15:00:00,1,0,0,3,0.9935849999999999,307,28,238,29,10.964285714285714,8.206896551724139
94,73,Bournemouth,a,1.58229,2.15027,1.58229,2.15027,15,13,1,3,0.9894999999999999,l,2023-12-31 14:00:00,0,0,1,0,-0.5679799999999999,238,40,213,20,5.95,10.65
95,73,Bournemouth,h,0.834585,1.53344,0.834585,1.53344,10,15,0,4,0.7769999999999999,l,2024-01-21 16:30:00,0,0,1,0,-0.6988549999999999,281,28,149,31,10.035714285714286,4.806451612903226
96,73,Bournemouth,a,1.13487,1.3128,1.13487,0.551632,5,2,1,1,1.1286,d,2024-02-01 19:30:00,0,1,0,1,0.583238,251,31,216,23,8.096774193548388,9.391304347826088
97,73,Bournemouth,h,1.1895,0.456548,1.1895,0.456548,4,6,1,1,2.182,d,2024-02-04 14:00:00,0,1,0,1,0.732952,204,33,141,20,6.181818181818182,7.05
98,73,Bournemouth,a,2.60612,1.7456,2.60612,1.7456,21,8,1,3,1.9494,l,2024-02-10 15:00:00,0,0,1,0,0.8605200000000002,225,32,227,18,7.03125,12.61111111111111
99,73,Bournemouth,a,2.08098,2.38425,2.08098,1.62308,3,9,2,2,1.1198000000000001,d,2024-02-17 15:00:00,0,1,0,1,0.45789999999999975,245,35,111,17,7.0,6.529411764705882
100,73,Bournemouth,h,0.925889,1.79636,0.925889,1.79636,8,13,0,1,0.6524,l,2024-02-24 17:30:00,0,0,1,0,-0.870471,302,28,189,14,10.785714285714286,13.5
101,73,Bournemouth,a,1.43616,1.60461,1.43616,1.60461,6,9,2,0,1.2124000000000001,w,2024-03-03 13:00:00,1,0,0,3,-0.16845,325,24,74,17,13.541666666666666,4.352941176470588
102,73,Bournemouth,h,3.92657,1.91752,3.1654,1.91752,15,2,2,2,2.4797999999999996,d,2024-03-09 15:00:00,0,1,0,1,1.24788,103,21,208,11,4.904761904761905,18.90909090909091
103,73,Bournemouth,h,2.84403,2.79419,2.84403,2.79419,7,1,4,3,1.3922,w,2024-03-13 19:30:00,1,0,0,3,0.049840000000000106,159,20,219,24,7.95,9.125
104,73,Bournemouth,h,1.39268,0.93378,1.39268,0.93378,6,11,2,1,1.7694999999999999,w,2024-03-30 15:00:00,1,0,0,3,0.45889999999999986,145,22,163,19,6.590909090909091,8.578947368421053
105,73,Bournemouth,h,1.30969,0.174389,1.30969,0.174389,4,6,1,0,2.3952,w,2024-04-02 18:45:00,1,0,0,3,1.1353010000000001,222,26,232,28,8.538461538461538,8.285714285714286
106,73,Bournemouth,a,0.616108,1.30478,0.616108,1.30478,5,7,1,2,0.7569000000000001,l,2024-04-06 14:00:00,0,0,1,0,-0.6886720000000001,160,33,152,27,4.848484848484849,5.62962962962963
107,73,Bournemouth,h,2.38519,1.52274,2.38519,0.761571,12,8,2,2,1.9962,d,2024-04-13 16:30:00,0,1,0,1,1.6236190000000001,281,21,173,16,13.380952380952381,10.8125
108,73,Bournemouth,a,2.05211,2.62687,1.29094,2.62687,2,19,1,3,0.9381,l,2024-04-21 14:00:00,0,0,1,0,-1.3359299999999998,243,20,196,16,12.15,12.25
109,73,Bournemouth,a,2.40311,0.484454,2.40311,0.484454,12,7,1,0,2.6209,w,2024-04-24 18:45:00,1,0,0,3,1.918656,286,34,131,16,8.411764705882353,8.1875
110,73,Bournemouth,h,2.48132,1.35682,2.48132,1.35682,5,7,3,0,2.1901,w,2024-04-28 13:00:00,1,0,0,3,1.1245000000000003,381,27,127,23,14.11111111111111,5.521739130434782
111,73,Bournemouth,a,0.4687,3.91372,0.4687,3.15255,3,28,0,3,0.0456,l,2024-05-04 11:30:00,0,0,1,0,-2.68385,188,17,211,26,11.058823529411764,8.115384615384615
112,73,Bournemouth,h,1.07237,1.92722,1.07237,1.92722,11,11,1,2,0.7365999999999999,l,2024-05-11 14:00:00,0,0,1,0,-0.8548499999999999,184,23,122,23,8.0,5.304347826086956
113,73,Bournemouth,a,2.002,1.59771,2.002,1.59771,10,8,1,2,1.6996999999999998,l,2024-05-19 15:00:00,0,0,1,0,0.4042899999999998,340,37,159,16,9.18918918918919,9.9375
114,78,Crystal Palace,a,2.27616,0.422704,2.27616,0.422704,9,2,1,0,2.6568,w,2023-08-12 14:00:00,1,0,0,3,1.853456,101,23,312,22,4.391304347826087,14.181818181818182
115,78,Crystal Palace,h,1.06916,2.20593,1.06916,1.4448,10,7,0,1,0.5810000000000001,l,2023-08-21 19:00:00,0,0,1,0,-0.37564,230,16,192,20,14.375,9.6
116,78,Crystal Palace,a,1.06061,0.948011,1.06061,0.948011,5,5,1,1,1.4223000000000001,d,2023-08-26 14:00:00,0,1,0,1,0.112599,318,25,160,25,12.72,6.4
117,78,Crystal Palace,h,2.32935,1.13911,2.32935,1.13911,11,8,3,2,2.2419000000000002,w,2023-09-03 13:00:00,1,0,0,3,1.1902399999999997,296,25,191,29,11.84,6.586206896551724
118,78,Crystal Palace,a,1.11696,2.31518,1.11696,1.55401,7,14,1,3,0.5355000000000001,l,2023-09-16 14:00:00,0,0,1,0,-0.43704999999999994,286,30,141,31,9.533333333333333,4.548387096774194
119,78,Crystal Palace,h,0.37236,0.542678,0.37236,0.542678,3,9,0,0,1.0838,d,2023-09-23 14:00:00,0,1,0,1,-0.17031799999999997,253,18,275,30,14.055555555555555,9.166666666666666
120,78,Crystal Palace,a,1.19015,1.55408,1.19015,1.55408,1,16,1,0,1.0893000000000002,w,2023-09-30 14:00:00,1,0,0,3,-0.36392999999999986,398,19,106,29,20.94736842105263,3.6551724137931036
121,78,Crystal Palace,h,0.982452,1.22105,0.982452,1.22105,5,12,0,0,1.1563999999999999,d,2023-10-07 16:30:00,0,1,0,1,-0.23859799999999998,282,17,310,22,16.58823529411765,14.090909090909092
122,78,Crystal Palace,a,1.08795,3.73336,1.08795,3.73336,3,9,0,4,0.1545,l,2023-10-21 14:00:00,0,0,1,0,-2.64541,353,28,216,18,12.607142857142858,12.0
123,78,Crystal Palace,h,0.561834,0.989103,0.561834,0.989103,3,12,1,2,0.8742000000000001,l,2023-10-27 19:00:00,0,0,1,0,-0.427269,473,34,95,23,13.911764705882353,4.130434782608695
124,78,Crystal Palace,a,1.43653,1.4998,1.43653,1.4998,2,9,2,0,1.3142999999999998,w,2023-11-04 15:00:00,1,0,0,3,-0.06326999999999994,355,14,160,20,25.357142857142858,8.0
125,78,Crystal Palace,h,1.89194,1.7904,1.13077,1.7904,10,8,2,3,1.4296,l,2023-11-11 15:00:00,0,0,1,0,-0.6596299999999999,124,20,362,25,6.2,14.48
126,78,Crystal Palace,a,1.83546,0.996153,1.83546,0.996153,10,4,1,2,2.0235,l,2023-11-25 15:00:00,0,0,1,0,0.8393070000000001,168,26,302,23,6.461538461538462,13.130434782608695
127,78,Crystal Palace,a,0.987682,1.1466,0.987682,1.1466,7,5,1,1,1.2161,d,2023-12-03 14:00:00,0,1,0,1,-0.15891800000000011,327,22,238,24,14.863636363636363,9.916666666666666
128,78,Crystal Palace,h,1.26441,1.79997,1.26441,1.79997,9,7,0,2,0.9216,l,2023-12-06 19:30:00,0,0,1,0,-0.53556,174,23,292,31,7.565217391304348,9.419354838709678
129,78,Crystal Palace,h,1.79152,1.3708,1.03036,1.3708,4,15,1,2,1.7298,l,2023-12-09 12:30:00,0,0,1,0,-0.3404400000000001,384,24,67,21,16.0,3.1904761904761907
130,78,Crystal Palace,a,1.64977,2.41646,0.888604,2.41646,4,5,2,2,0.8381,d,2023-12-16 15:00:00,0,1,0,1,-1.5278559999999999,319,10,190,25,31.9,7.6
131,78,Crystal Palace,h,1.65409,1.33653,1.65409,1.33653,9,14,1,1,1.6280999999999999,d,2023-12-21 20:00:00,0,1,0,1,0.31756000000000006,456,13,228,30,35.07692307692308,7.6
132,78,Crystal Palace,a,0.958077,2.73005,0.958077,1.96888,6,8,1,2,0.3066,l,2023-12-27 19:30:00,0,0,1,0,-1.0108030000000001,399,31,175,24,12.870967741935484,7.291666666666667
133,78,Crystal Palace,h,1.61057,1.28731,1.61057,1.28731,13,6,3,1,1.5959999999999999,w,2023-12-30 15:00:00,1,0,0,3,0.3232600000000001,256,28,186,20,9.142857142857142,9.3
134,78,Crystal Palace,a,0.288083,3.52167,0.288083,3.52167,0,18,0,5,0.041,l,2024-01-20 12:30:00,0,0,1,0,-3.233587,324,16,215,22,20.25,9.772727272727273
135,78,Crystal Palace,h,1.1601,0.768467,1.1601,0.768467,8,7,3,2,1.7256,w,2024-01-30 20:00:00,1,0,0,3,0.3916329999999999,224,25,243,31,8.96,7.838709677419355
136,78,Crystal Palace,a,0.241137,1.92591,0.241137,1.92591,3,3,1,4,0.2031,l,2024-02-03 15:00:00,0,0,1,0,-1.684773,631,31,261,27,20.35483870967742,9.666666666666666
137,78,Crystal Palace,h,0.719516,1.26948,0.719516,1.26948,4,7,1,3,0.8548,l,2024-02-12 20:00:00,0,0,1,0,-0.5499639999999999,493,23,113,19,21.434782608695652,5.947368421052632
138,78,Crystal Palace,a,0.734685,2.44588,0.734685,2.44588,5,7,1,1,0.3043,d,2024-02-19 20:00:00,0,1,0,1,-1.7111949999999998,273,13,136,24,21.0,5.666666666666667
139,78,Crystal Palace,h,2.41612,0.0760216,1.65495,0.0760216,8,0,3,0,2.9090999999999996,w,2024-02-24 15:00:00,1,0,0,3,1.5789284,193,23,227,14,8.391304347826088,16.214285714285715
140,78,Crystal Palace,a,0.277887,2.6625,0.277887,2.6625,2,16,1,3,0.0901,l,2024-03-02 15:00:00,0,0,1,0,-2.384613,447,16,98,20,27.9375,4.9
141,78,Crystal Palace,h,3.25103,1.08531,3.25103,1.08531,9,3,1,1,2.6542,d,2024-03-09 15:00:00,0,1,0,1,2.1657200000000003,229,31,227,15,7.387096774193548,15.133333333333333
142,78,Crystal Palace,a,0.900972,0.784652,0.900972,0.784652,3,3,1,1,1.4287,d,2024-03-30 15:00:00,0,1,0,1,0.11631999999999998,282,22,191,20,12.818181818181818,9.55
143,78,Crystal Palace,a,0.174389,1.30969,0.174389,1.30969,6,4,0,1,0.36450000000000005,l,2024-04-02 18:45:00,0,0,1,0,-1.1353010000000001,232,28,222,26,8.285714285714286,8.538461538461538
144,78,Crystal Palace,h,1.49472,2.26381,1.49472,2.26381,2,20,2,4,0.8637,l,2024-04-06 11:30:00,0,0,1,0,-0.7690899999999998,387,19,158,12,20.36842105263158,13.166666666666666
145,78,Crystal Palace,a,2.12879,3.04497,2.12879,3.04497,6,11,1,0,0.832,w,2024-04-14 13:00:00,1,0,0,3,-0.9161800000000002,391,15,161,28,26.066666666666666,5.75
146,78,Crystal Palace,h,3.7185,1.34536,3.7185,1.34536,12,2,5,2,2.7224999999999997,w,2024-04-21 14:00:00,1,0,0,3,2.3731400000000002,245,27,398,27,9.074074074074074,14.74074074074074
147,78,Crystal Palace,h,1.43661,0.55129,1.43661,0.55129,6,4,2,0,2.1099,w,2024-04-24 19:00:00,1,0,0,3,0.88532,281,34,193,28,8.264705882352942,6.892857142857143
148,78,Crystal Palace,a,1.05387,1.39418,1.05387,1.39418,7,7,1,1,1.0477,d,2024-04-27 14:00:00,0,1,0,1,-0.3403099999999999,324,28,246,24,11.571428571428571,10.25
149,78,Crystal Palace,h,2.0656,0.341417,2.0656,0.341417,12,4,4,0,2.6261,w,2024-05-06 19:00:00,1,0,0,3,1.7241829999999998,402,24,233,20,16.75,11.65
150,78,Crystal Palace,a,2.51452,1.1561,2.51452,1.1561,9,5,3,1,2.3549,w,2024-05-11 14:00:00,1,0,0,3,1.3584200000000002,330,27,172,30,12.222222222222221,5.733333333333333
151,78,Crystal Palace,h,2.23189,0.598846,2.23189,0.598846,11,0,5,0,2.5246999999999997,w,2024-05-19 15:00:00,1,0,0,3,1.633044,333,23,303,10,14.478260869565217,30.3
152,80,Chelsea,h,1.93258,1.29994,1.93258,1.29994,11,9,1,1,1.8441,d,2023-08-13 15:30:00,0,1,0,1,0.6326399999999999,170,19,421,21,8.947368421052632,20.047619047619047
153,80,Chelsea,a,1.60916,1.71234,0.847993,0.951168,9,3,1,3,1.2349,l,2023-08-20 15:30:00,0,0,1,0,-0.10317500000000002,116,22,351,13,5.2727272727272725,27.0
154,80,Chelsea,h,3.41419,0.465741,3.41419,0.465741,17,4,3,0,2.8739,w,2023-08-25 19:00:00,1,0,0,3,2.948449,142,20,440,23,7.1,19.130434782608695
155,80,Chelsea,h,2.28442,1.1505,2.28442,1.1505,18,2,0,1,2.1948,l,2023-09-02 14:00:00,0,0,1,0,1.1339199999999998,118,19,347,18,6.2105263157894735,19.27777777777778
156,80,Chelsea,a,1.39677,1.32515,1.39677,1.32515,17,9,0,0,1.3992,d,2023-09-17 13:00:00,0,1,0,1,0.07162000000000002,160,28,343,21,5.714285714285714,16.333333333333332
157,80,Chelsea,h,1.19716,1.13479,1.19716,1.13479,8,6,0,1,1.4203,l,2023-09-24 13:00:00,0,0,1,0,0.062370000000000037,221,25,283,13,8.84,21.76923076923077
158,80,Chelsea,a,1.98461,0.889383,1.98461,0.889383,8,7,2,0,2.2208,w,2023-10-02 19:00:00,1,0,0,3,1.095227,361,25,306,29,14.44,10.551724137931034
159,80,Chelsea,a,1.97566,0.956642,1.2145,0.956642,10,3,4,1,2.2096,w,2023-10-07 14:00:00,1,0,0,3,0.2578579999999999,274,35,459,20,7.828571428571428,22.95
160,80,Chelsea,h,1.71838,1.05791,0.957211,1.05791,8,5,2,2,1.94,d,2023-10-21 16:30:00,0,1,0,1,-0.10069899999999987,345,11,279,30,31.363636363636363,9.3
161,80,Chelsea,h,1.71801,2.48137,1.71801,2.48137,16,6,0,2,0.8547,l,2023-10-28 11:30:00,0,0,1,0,-0.76336,175,29,270,13,6.0344827586206895,20.76923076923077
162,80,Chelsea,a,4.05865,0.959108,3.29749,0.959108,8,4,4,1,2.906,w,2023-11-06 20:00:00,1,0,0,3,2.3383819999999997,165,30,310,31,5.5,10.0
163,80,Chelsea,h,3.47238,3.19324,2.71121,2.43208,4,17,4,4,1.5861,d,2023-11-12 16:30:00,0,1,0,1,0.2791299999999999,286,16,293,24,17.875,12.208333333333334
164,80,Chelsea,a,0.968061,2.15227,0.968061,2.15227,6,7,1,4,0.5604,l,2023-11-25 15:00:00,0,0,1,0,-1.184209,263,27,255,27,9.74074074074074,9.444444444444445
165,80,Chelsea,h,1.66304,0.855058,0.901874,0.855058,8,13,3,2,2.0982,w,2023-12-03 14:00:00,1,0,0,3,0.04681599999999997,359,16,170,24,22.4375,7.083333333333333
166,80,Chelsea,a,2.3512,4.03949,2.3512,3.26308,6,8,1,2,0.5054000000000001,l,2023-12-06 20:15:00,0,0,1,0,-0.91188,202,18,339,23,11.222222222222221,14.73913043478261
167,80,Chelsea,a,0.885512,1.11437,0.885512,1.11437,9,3,0,2,1.0693000000000001,l,2023-12-10 14:00:00,0,0,1,0,-0.22885800000000012,112,25,407,28,4.48,14.535714285714286
168,80,Chelsea,h,3.27322,0.44014,3.27322,0.44014,13,3,2,0,2.913,w,2023-12-16 15:00:00,1,0,0,3,2.83308,101,27,471,22,3.740740740740741,21.40909090909091
169,80,Chelsea,a,1.75447,1.74626,1.75447,1.74626,19,6,1,2,1.3939,l,2023-12-24 13:00:00,0,0,1,0,0.00821000000000005,114,17,334,29,6.705882352941177,11.517241379310345
170,80,Chelsea,h,2.73005,0.958077,1.96888,0.958077,8,6,2,1,2.5584,w,2023-12-27 19:30:00,1,0,0,3,1.0108030000000001,175,24,399,31,7.291666666666667,12.870967741935484
171,80,Chelsea,a,1.57463,2.64093,1.57463,2.64093,4,5,3,2,0.6053,w,2023-12-30 12:30:00,1,0,0,3,-1.0663,222,25,247,32,8.88,7.71875
172,80,Chelsea,h,2.0456,0.697847,1.28443,0.697847,15,10,1,0,2.4154000000000004,w,2024-01-13 12:30:00,1,0,0,3,0.586583,226,27,268,25,8.37037037037037,10.72
173,80,Chelsea,a,0.477972,3.6627,0.477972,2.90153,6,10,1,4,0.0496,l,2024-01-31 20:15:00,0,0,1,0,-2.4235580000000003,294,15,372,37,19.6,10.054054054054054
174,80,Chelsea,h,2.35967,2.48996,2.35967,1.72879,13,6,2,4,1.2979,l,2024-02-04 14:00:00,0,0,1,0,0.6308799999999999,219,25,337,19,8.76,17.736842105263158
175,80,Chelsea,a,1.26948,0.719516,1.26948,0.719516,7,4,3,1,1.8511,w,2024-02-12 20:00:00,1,0,0,3,0.5499639999999999,113,19,493,23,5.947368421052632,21.434782608695652
176,80,Chelsea,a,1.82903,2.77713,1.82903,2.77713,9,29,1,1,0.8375,d,2024-02-17 17:30:00,0,1,0,1,-0.9481000000000002,298,17,177,24,17.529411764705884,7.375
177,80,Chelsea,a,2.1523,2.4732,2.1523,2.4732,9,3,2,2,1.1924000000000001,d,2024-03-02 15:00:00,0,1,0,1,-0.32089999999999996,122,21,364,27,5.809523809523809,13.481481481481481
178,80,Chelsea,h,1.78315,0.568435,1.78315,0.568435,4,8,3,2,2.4486,w,2024-03-11 20:00:00,1,0,0,3,1.214715,295,23,258,19,12.826086956521738,13.578947368421053
179,80,Chelsea,h,4.46643,2.10422,3.70526,2.10422,24,9,2,2,2.5973,d,2024-03-30 15:00:00,0,1,0,1,1.6010399999999998,124,13,323,13,9.538461538461538,24.846153846153847
180,80,Chelsea,h,3.48048,1.56686,1.95814,1.56686,15,7,4,3,2.4882,w,2024-04-04 19:15:00,1,0,0,3,0.39128000000000007,209,17,318,25,12.294117647058824,12.72
181,80,Chelsea,a,0.521789,1.74265,0.521789,1.74265,6,6,2,2,0.4323,d,2024-04-07 16:30:00,0,1,0,1,-1.2208610000000002,159,21,474,23,7.571428571428571,20.608695652173914
182,80,Chelsea,h,3.37093,1.21791,2.60976,1.21791,8,5,6,0,2.7677,w,2024-04-15 19:00:00,1,0,0,3,1.39185,193,14,394,38,13.785714285714286,10.368421052631579
183,80,Chelsea,a,1.60343,3.45858,1.60343,3.45858,6,18,0,5,0.41059999999999997,l,2024-04-23 19:00:00,0,0,1,0,-1.85515,257,13,388,28,19.76923076923077,13.857142857142858
184,80,Chelsea,a,1.56401,0.612257,1.56401,0.612257,6,7,2,2,2.1498,d,2024-04-27 19:00:00,0,1,0,1,0.9517529999999998,149,31,367,9,4.806451612903226,40.77777777777778
185,80,Chelsea,h,2.22432,1.27064,2.22432,1.27064,5,11,2,0,2.0547999999999997,w,2024-05-02 18:30:00,1,0,0,3,0.9536800000000001,268,20,177,28,13.4,6.321428571428571
186,80,Chelsea,h,4.21838,0.893899,4.21838,0.893899,10,4,5,0,2.869,w,2024-05-05 13:00:00,1,0,0,3,3.3244809999999996,168,25,472,23,6.72,20.52173913043478
187,80,Chelsea,a,2.41068,2.44569,2.41068,2.44569,14,8,3,2,1.3501,w,2024-05-11 16:30:00,1,0,0,3,-0.035009999999999764,133,20,392,23,6.65,17.043478260869566
188,80,Chelsea,a,1.544,1.32423,1.544,1.32423,10,11,2,1,1.5354,w,2024-05-15 18:45:00,1,0,0,3,0.21977000000000002,316,18,323,21,17.555555555555557,15.380952380952381
189,80,Chelsea,h,1.59771,2.002,1.59771,2.002,8,10,2,1,1.0615999999999999,w,2024-05-19 15:00:00,1,0,0,3,-0.4042899999999998,159,16,340,37,9.9375,9.18918918918919
190,81,West Ham,a,1.4834,1.51025,1.4834,1.51025,8,9,1,1,1.2985,d,2023-08-12 14:00:00,0,1,0,1,-0.02685000000000004,292,30,138,27,9.733333333333333,5.111111111111111
191,81,West Ham,h,1.71234,1.60916,0.951168,0.847993,3,9,3,1,1.4746,w,2023-08-20 15:30:00,1,0,0,3,0.10317500000000002,351,13,116,22,27.0,5.2727272727272725
192,81,West Ham,a,2.9527,1.3743,2.9527,1.3743,7,23,3,1,2.4210000000000003,w,2023-08-26 16:30:00,1,0,0,3,1.5784,283,10,80,21,28.3,3.8095238095238093
193,81,West Ham,a,1.22528,2.02244,1.22528,2.02244,6,8,2,1,0.7612,w,2023-09-01 19:00:00,1,0,0,3,-0.7971600000000001,158,23,341,16,6.869565217391305,21.3125
194,81,West Ham,h,0.895632,4.15046,0.895632,4.15046,1,16,1,3,0.0721,l,2023-09-16 14:00:00,0,0,1,0,-3.254828,338,8,228,20,42.25,11.4
195,81,West Ham,a,1.53878,4.14262,1.53878,3.38145,1,14,1,3,0.1954,l,2023-09-24 13:00:00,0,0,1,0,-1.84267,368,20,212,35,18.4,6.057142857142857
196,81,West Ham,h,3.19753,0.911997,3.19753,0.911997,16,5,2,0,2.6957,w,2023-09-30 14:00:00,1,0,0,3,2.285533,226,16,319,15,14.125,21.266666666666666
197,81,West Ham,h,0.931345,1.97865,0.931345,1.97865,2,6,2,2,0.5097,d,2023-10-08 13:00:00,0,1,0,1,-1.0473050000000002,359,14,145,23,25.642857142857142,6.304347826086956
198,81,West Ham,a,0.659622,2.34143,0.659622,1.58026,4,9,1,4,0.2928,l,2023-10-22 15:30:00,0,0,1,0,-0.920638,274,19,201,17,14.421052631578947,11.823529411764707
199,81,West Ham,h,0.618578,0.733813,0.618578,0.733813,5,3,0,1,1.1855,l,2023-10-29 13:00:00,0,0,1,0,-0.11523500000000009,207,16,392,26,12.9375,15.076923076923077
200,81,West Ham,a,1.75505,1.82944,1.75505,1.82944,6,9,2,3,1.3148,l,2023-11-04 15:00:00,0,0,1,0,-0.07438999999999996,306,23,168,14,13.304347826086957,12.0
201,81,West Ham,h,2.06402,1.42128,2.06402,1.42128,5,4,3,2,1.8349000000000002,w,2023-11-12 14:00:00,1,0,0,3,0.6427400000000001,253,16,321,17,15.8125,18.88235294117647
202,81,West Ham,a,1.36963,1.44228,1.36963,0.681108,2,2,2,1,1.2716,w,2023-11-25 15:00:00,1,0,0,3,0.6885219999999999,320,14,268,25,22.857142857142858,10.72
203,81,West Ham,h,1.1466,0.987682,1.1466,0.987682,5,7,1,1,1.4552,d,2023-12-03 14:00:00,0,1,0,1,0.15891800000000011,238,24,327,22,9.916666666666666,14.863636363636363
204,81,West Ham,a,1.7409,1.61268,1.7409,1.61268,1,24,2,1,1.4973,w,2023-12-07 20:15:00,1,0,0,3,0.12822,314,17,122,29,18.470588235294116,4.206896551724138
205,81,West Ham,a,0.983,2.1884,0.983,2.1884,5,10,0,5,0.5613,l,2023-12-10 14:00:00,0,0,1,0,-1.2054,485,24,279,15,20.208333333333332,18.6
206,81,West Ham,h,1.03828,0.556206,1.03828,0.556206,4,9,3,0,1.7898,w,2023-12-17 14:00:00,1,0,0,3,0.4820740000000001,289,25,217,27,11.56,8.037037037037036
207,81,West Ham,h,1.51468,0.730496,1.51468,0.730496,4,7,2,0,2.0373,w,2023-12-23 12:30:00,1,0,0,3,0.784184,349,21,153,25,16.61904761904762,6.12
208,81,West Ham,a,1.59711,2.7884,0.835941,2.7884,1,27,2,0,0.6319,w,2023-12-28 20:15:00,1,0,0,3,-1.9524590000000002,302,9,136,26,33.55555555555556,5.230769230769231
209,81,West Ham,h,0.9831,2.1552,0.9831,2.1552,4,17,0,0,0.5831999999999999,d,2024-01-02 18:30:00,0,1,0,1,-1.1721,490,13,214,21,37.69230769230769,10.19047619047619
210,81,West Ham,a,2.4241,2.61362,1.66293,1.85245,5,9,2,2,1.2503,d,2024-01-21 14:00:00,0,1,0,1,-0.1895199999999999,271,24,196,23,11.291666666666666,8.521739130434783
211,81,West Ham,h,1.3128,1.13487,0.551632,1.13487,2,5,1,1,1.5501,d,2024-02-01 19:30:00,0,1,0,1,-0.583238,216,23,251,31,9.391304347826088,8.096774193548388
212,81,West Ham,a,1.1807,0.96721,1.1807,0.96721,3,9,0,3,1.5096,l,2024-02-04 14:00:00,0,0,1,0,0.21349000000000007,304,14,221,25,21.714285714285715,8.84
213,81,West Ham,h,0.191065,3.99893,0.191065,3.23776,1,24,0,6,0.0163,l,2024-02-11 14:00:00,0,0,1,0,-3.046695,436,20,143,21,21.8,6.809523809523809
214,81,West Ham,a,0.520016,2.66942,0.520016,2.66942,3,9,0,2,0.1861,l,2024-02-17 15:00:00,0,0,1,0,-2.149404,221,27,221,16,8.185185185185185,13.8125
215,81,West Ham,h,2.06873,1.33683,2.06873,1.33683,5,11,4,2,1.9592,w,2024-02-26 20:00:00,1,0,0,3,0.7319,286,20,168,26,14.3,6.461538461538462
216,81,West Ham,a,2.17948,3.12075,2.17948,2.35958,4,9,3,1,0.7793000000000001,w,2024-03-02 15:00:00,1,0,0,3,-0.18009999999999993,299,14,203,19,21.357142857142858,10.68421052631579
217,81,West Ham,h,1.87414,0.88131,1.87414,0.88131,7,10,2,2,2.0846999999999998,d,2024-03-10 14:00:00,0,1,0,1,0.9928299999999999,206,24,230,31,8.583333333333334,7.419354838709677
218,81,West Ham,h,1.32829,0.911274,1.32829,0.911274,7,17,1,1,1.684,d,2024-03-17 14:00:00,0,1,0,1,0.41701599999999994,320,27,129,19,11.851851851851851,6.7894736842105265
219,81,West Ham,a,0.994584,3.80922,0.994584,2.28688,3,16,3,4,0.1363,l,2024-03-30 12:30:00,0,0,1,0,-1.292296,248,19,163,24,13.052631578947368,6.791666666666667
220,81,West Ham,h,1.47017,1.39423,1.47017,1.39423,4,22,1,1,1.411,d,2024-04-02 19:15:00,0,1,0,1,0.0759399999999999,342,24,158,28,14.25,5.642857142857143
221,81,West Ham,a,1.14133,1.78341,0.380163,1.02224,3,12,2,1,0.7492000000000001,w,2024-04-06 14:00:00,1,0,0,3,-0.642077,378,33,219,25,11.454545454545455,8.76
222,81,West Ham,h,1.45307,3.61413,1.45307,3.61413,3,10,0,2,0.27,l,2024-04-14 13:00:00,0,0,1,0,-2.16106,237,17,293,22,13.941176470588236,13.318181818181818
223,81,West Ham,a,1.34536,3.7185,1.34536,3.7185,2,12,2,5,0.1866,l,2024-04-21 14:00:00,0,0,1,0,-2.3731400000000002,398,27,245,27,14.74074074074074,9.074074074074074
224,81,West Ham,h,0.794025,2.29298,0.794025,2.29298,5,20,2,2,0.4667,d,2024-04-27 11:30:00,0,1,0,1,-1.498955,377,19,130,25,19.842105263157894,5.2
225,81,West Ham,a,0.893899,4.21838,0.893899,4.21838,4,10,0,5,0.09159999999999999,l,2024-05-05 13:00:00,0,0,1,0,-3.3244809999999996,472,23,168,25,20.52173913043478,6.72
226,81,West Ham,h,3.71009,0.640456,3.71009,0.640456,8,5,3,1,2.9061999999999997,w,2024-05-11 14:00:00,1,0,0,3,3.069634,182,19,263,27,9.578947368421053,9.74074074074074
227,81,West Ham,a,0.240159,2.31504,0.240159,2.31504,0,16,1,3,0.1573,l,2024-05-19 15:00:00,0,0,1,0,-2.0748810000000004,315,5,192,24,63.0,8.0
228,82,Tottenham,a,1.45316,1.90756,1.45316,1.1464,7,11,2,2,0.9828999999999999,d,2023-08-13 13:00:00,0,1,0,1,0.3067599999999999,182,31,282,20,5.870967741935484,14.1
229,82,Tottenham,h,2.53904,2.44604,2.53904,2.44604,12,12,2,0,1.4734999999999998,w,2023-08-19 16:30:00,1,0,0,3,0.09299999999999997,197,20,313,25,9.85,12.52
230,82,Tottenham,a,2.26115,0.483582,2.26115,0.483582,20,6,2,0,2.6106000000000003,w,2023-08-26 11:30:00,1,0,0,3,1.7775680000000003,200,26,316,31,7.6923076923076925,10.193548387096774
231,82,Tottenham,a,2.39785,1.66604,2.39785,1.66604,16,7,5,2,1.8978,w,2023-09-02 14:00:00,1,0,0,3,0.7318100000000001,271,22,318,38,12.318181818181818,8.368421052631579
232,82,Tottenham,h,2.15909,0.790655,2.15909,0.790655,21,4,2,1,2.3211999999999997,w,2023-09-16 14:00:00,1,0,0,3,1.3684349999999998,133,28,306,21,4.75,14.571428571428571
233,82,Tottenham,a,2.21166,2.3429,2.21166,1.58173,9,4,2,2,1.2706000000000002,d,2023-09-24 13:00:00,0,1,0,1,0.6299300000000001,187,28,282,31,6.678571428571429,9.096774193548388
234,82,Tottenham,h,2.18823,1.12299,2.18823,1.12299,18,7,2,1,2.1630000000000003,w,2023-09-30 16:30:00,1,0,0,3,1.06524,218,29,320,20,7.517241379310345,16.0
235,82,Tottenham,a,2.37947,0.848118,2.37947,0.848118,15,6,1,0,2.4356,w,2023-10-07 11:30:00,1,0,0,3,1.531352,99,21,300,25,4.714285714285714,12.0
236,82,Tottenham,h,1.63523,0.745838,1.63523,0.745838,13,5,2,0,2.0803,w,2023-10-23 19:00:00,1,0,0,3,0.889392,284,23,383,28,12.347826086956522,13.678571428571429
237,82,Tottenham,a,0.989103,0.561834,0.989103,0.561834,12,3,2,1,1.7838000000000003,w,2023-10-27 19:00:00,1,0,0,3,0.427269,95,23,473,34,4.130434782608695,13.911764705882353
238,82,Tottenham,h,0.959108,4.05865,0.959108,3.29749,4,8,1,4,0.0611,l,2023-11-06 20:00:00,0,0,1,0,-2.3383819999999997,310,31,165,30,10.0,5.5
239,82,Tottenham,a,0.432315,1.90884,0.432315,1.90884,5,6,1,2,0.3342,l,2023-11-11 12:30:00,0,0,1,0,-1.476525,256,29,381,37,8.827586206896552,10.297297297297296
240,82,Tottenham,h,2.22542,2.39755,2.22542,2.39755,18,5,1,2,1.2487,l,2023-11-26 14:00:00,0,0,1,0,-0.17212999999999967,225,24,372,20,9.375,18.6
241,82,Tottenham,a,0.433077,2.90729,0.433077,2.90729,3,12,3,3,0.12890000000000001,d,2023-12-03 16:30:00,0,1,0,1,-2.474213,282,13,325,23,21.692307692307693,14.130434782608695
242,82,Tottenham,h,1.61268,1.7409,1.61268,1.7409,24,1,1,2,1.2491999999999999,l,2023-12-07 20:15:00,0,0,1,0,-0.12822,122,29,314,17,4.206896551724138,18.470588235294116
243,82,Tottenham,h,4.40118,1.61368,3.64001,1.61368,12,9,4,1,2.7586,w,2023-12-10 16:30:00,1,0,0,3,2.02633,219,30,272,32,7.3,8.5
244,82,Tottenham,a,1.60738,1.70569,1.60738,1.70569,10,8,2,0,1.3101,w,2023-12-15 20:00:00,1,0,0,3,-0.0983099999999999,126,18,304,28,7.0,10.857142857142858
245,82,Tottenham,h,1.57527,1.98385,1.57527,1.98385,10,11,2,1,1.0991,w,2023-12-23 15:00:00,1,0,0,3,-0.40857999999999994,169,22,380,44,7.681818181818182,8.636363636363637
246,82,Tottenham,a,2.06955,3.84702,2.06955,2.32468,28,5,2,4,0.43920000000000003,l,2023-12-28 19:30:00,0,0,1,0,-0.25512999999999986,273,22,265,33,12.409090909090908,8.030303030303031
247,82,Tottenham,h,2.15027,1.58229,2.15027,1.58229,13,15,3,1,1.7818,w,2023-12-31 14:00:00,1,0,0,3,0.5679799999999999,213,20,238,40,10.65,5.95
248,82,Tottenham,a,1.31224,0.923233,1.31224,0.923233,3,6,2,2,1.6833,d,2024-01-14 16:30:00,0,1,0,1,0.3890070000000001,169,26,368,19,6.5,19.36842105263158
249,82,Tottenham,h,3.36194,1.59637,3.36194,1.59637,15,13,3,2,2.4727,w,2024-01-31 19:30:00,1,0,0,3,1.76557,114,21,208,22,5.428571428571429,9.454545454545455
250,82,Tottenham,a,0.922371,3.25881,0.922371,3.25881,7,6,2,2,0.08860000000000001,d,2024-02-03 12:30:00,0,1,0,1,-2.336439,132,23,272,33,5.739130434782608,8.242424242424242
251,82,Tottenham,h,2.10928,1.49285,2.10928,0.73168,13,10,2,1,1.8099,w,2024-02-10 15:00:00,1,0,0,3,1.3776000000000002,300,22,280,22,13.636363636363637,12.727272727272727
252,82,Tottenham,h,1.59768,1.77591,1.59768,1.77591,19,5,1,2,1.2142,l,2024-02-17 15:00:00,0,0,1,0,-0.1782300000000001,139,28,292,19,4.964285714285714,15.368421052631579
253,82,Tottenham,h,2.6625,0.277887,2.6625,0.277887,16,2,3,1,2.8476999999999997,w,2024-03-02 15:00:00,1,0,0,3,2.384613,98,20,447,16,4.9,27.9375
254,82,Tottenham,a,2.25381,1.23267,2.25381,1.23267,9,3,4,0,2.1519,w,2024-03-10 13:00:00,1,0,0,3,1.0211400000000002,183,43,457,22,4.255813953488372,20.772727272727273
255,82,Tottenham,a,2.14564,2.47234,2.14564,2.47234,14,12,0,3,1.1487,l,2024-03-16 17:30:00,0,0,1,0,-0.32669999999999977,203,20,313,29,10.15,10.793103448275861
256,82,Tottenham,h,2.46523,0.402402,2.46523,0.402402,22,3,2,1,2.7489,w,2024-03-30 15:00:00,1,0,0,3,2.062828,130,31,332,23,4.193548387096774,14.434782608695652
257,82,Tottenham,a,1.39423,1.47017,1.39423,1.47017,22,4,1,1,1.2853,d,2024-04-02 19:15:00,0,1,0,1,-0.0759399999999999,158,28,342,24,5.642857142857143,14.25
258,82,Tottenham,h,1.61978,2.00122,1.61978,2.00122,17,3,3,1,1.0005000000000002,w,2024-04-07 19:00:00,1,0,0,3,-0.38144,211,25,307,17,8.44,18.058823529411764
259,82,Tottenham,a,0.737596,3.1483,0.737596,3.1483,6,8,0,4,0.1791,l,2024-04-13 11:30:00,0,0,1,0,-2.410704,74,23,239,26,3.217391304347826,9.192307692307692
260,82,Tottenham,h,2.60458,1.51469,1.84341,1.51469,9,7,2,3,2.1699,l,2024-04-28 13:00:00,0,0,1,0,0.3287199999999999,189,30,279,29,6.3,9.620689655172415
261,82,Tottenham,a,1.27064,2.22432,1.27064,2.22432,11,5,0,2,0.7327,l,2024-05-02 18:30:00,0,0,1,0,-0.9536800000000001,177,28,268,20,6.321428571428571,13.4
262,82,Tottenham,a,1.17205,3.26222,1.17205,3.26222,9,22,2,4,0.2685,l,2024-05-05 15:30:00,0,0,1,0,-2.09017,226,27,303,23,8.37037037037037,13.173913043478262
263,82,Tottenham,h,3.00238,0.950331,3.00238,0.950331,12,2,2,1,2.6251999999999995,w,2024-05-11 14:00:00,1,0,0,3,2.0520490000000002,197,24,274,19,8.208333333333334,14.421052631578947
264,82,Tottenham,h,1.84285,2.70331,1.84285,1.94214,5,6,0,2,0.7314,l,2024-05-14 19:00:00,0,0,1,0,-0.09928999999999988,318,28,377,28,11.357142857142858,13.464285714285714
265,82,Tottenham,a,3.19675,0.697312,3.19675,0.697312,14,2,3,0,2.8313,w,2024-05-19 15:00:00,1,0,0,3,2.499438,114,23,441,13,4.956521739130435,33.92307692307692
266,83,Arsenal,h,0.84262,0.966305,0.84262,0.966305,9,4,2,1,1.1754,w,2023-08-12 11:30:00,1,0,0,3,-0.12368499999999993,108,27,441,10,4.0,44.1
267,83,Arsenal,a,2.20593,1.06916,1.4448,1.06916,7,10,1,0,2.2217,w,2023-08-21 19:00:00,1,0,0,3,0.37564,192,20,230,16,9.6,14.375
268,83,Arsenal,h,3.23088,0.849817,2.46971,0.849817,22,2,2,2,2.7578,d,2023-08-26 14:00:00,0,1,0,1,1.619893,144,18,320,9,8.0,35.55555555555556
269,83,Arsenal,h,1.90973,0.966109,1.90973,0.966109,11,4,3,1,2.1143,w,2023-09-03 15:30:00,1,0,0,3,0.9436209999999999,311,16,261,10,19.4375,26.1
270,83,Arsenal,a,0.802605,0.28317,0.802605,0.28317,10,3,1,0,1.8359999999999999,w,2023-09-17 15:30:00,1,0,0,3,0.5194350000000001,126,18,404,17,7.0,23.764705882352942
271,83,Arsenal,h,2.3429,2.21166,1.58173,2.21166,4,9,2,2,1.4902,d,2023-09-24 13:00:00,0,1,0,1,-0.6299300000000001,282,31,187,28,9.096774193548388,6.678571428571429
272,83,Arsenal,a,4.0742,0.644443,2.55187,0.644443,15,13,4,0,2.9419999999999997,w,2023-09-30 14:00:00,1,0,0,3,1.9074270000000002,167,28,330,22,5.964285714285714,15.0
273,83,Arsenal,h,0.386558,0.858071,0.386558,0.858071,9,7,1,0,0.7785,w,2023-10-08 15:30:00,1,0,0,3,-0.471513,352,28,292,19,12.571428571428571,15.368421052631579
274,83,Arsenal,a,1.05791,1.71838,1.05791,0.957211,5,8,2,2,0.7988,d,2023-10-21 16:30:00,0,1,0,1,0.10069899999999987,279,30,345,11,9.3,31.363636363636363
275,83,Arsenal,h,3.03496,0.0281554,2.27379,0.0281554,9,1,5,0,2.9682,w,2023-10-28 14:00:00,1,0,0,3,2.2456346,191,16,402,13,11.9375,30.923076923076923
276,83,Arsenal,a,0.535473,1.12355,0.535473,1.12355,7,4,0,1,0.6604,l,2023-11-04 17:30:00,0,0,1,0,-0.5880770000000001,179,20,195,24,8.95,8.125
277,83,Arsenal,h,2.63194,0.327706,2.63194,0.327706,14,2,3,1,2.9047,w,2023-11-11 15:00:00,1,0,0,3,2.304234,187,19,256,13,9.842105263157896,19.692307692307693
278,83,Arsenal,a,1.82699,1.66315,1.82699,1.66315,4,4,1,0,1.4506000000000001,w,2023-11-25 17:30:00,1,0,0,3,0.16383999999999999,115,15,179,21,7.666666666666667,8.523809523809524
279,83,Arsenal,h,3.30368,1.07886,3.30368,1.07886,16,1,2,1,2.6851999999999996,w,2023-12-02 15:00:00,1,0,0,3,2.2248200000000002,276,32,290,17,8.625,17.058823529411764
280,83,Arsenal,a,2.58815,0.526254,2.58815,0.526254,19,0,4,3,2.7039,w,2023-12-05 20:15:00,1,0,0,3,2.061896,152,25,357,23,6.08,15.521739130434783
281,83,Arsenal,a,1.71667,0.628499,1.71667,0.628499,10,3,0,1,2.2739999999999996,l,2023-12-09 17:30:00,0,0,1,0,1.088171,139,26,279,29,5.346153846153846,9.620689655172415
282,83,Arsenal,h,2.76976,0.663054,2.76976,0.663054,19,3,2,0,2.6481999999999997,w,2023-12-17 14:00:00,1,0,0,3,2.106706,344,25,233,12,13.76,19.416666666666668
283,83,Arsenal,a,0.851681,0.982901,0.851681,0.982901,5,7,1,1,1.2014,d,2023-12-23 17:30:00,0,1,0,1,-0.13122,270,21,241,33,12.857142857142858,7.303030303030303
284,83,Arsenal,h,2.7884,1.59711,2.7884,0.835941,27,1,0,2,2.1643,l,2023-12-28 20:15:00,0,0,1,0,1.9524590000000002,136,26,302,9,5.230769230769231,33.55555555555556
285,83,Arsenal,a,1.6591,1.52829,1.6591,1.52829,5,5,1,2,1.4644,l,2023-12-31 14:00:00,0,0,1,0,0.1308100000000001,243,20,372,17,12.15,21.88235294117647
286,83,Arsenal,h,3.52167,0.288083,3.52167,0.288083,18,0,5,0,2.9299999999999997,w,2024-01-20 12:30:00,1,0,0,3,3.233587,215,22,324,16,9.772727272727273,20.25
287,83,Arsenal,a,1.39143,0.631618,1.39143,0.631618,25,2,2,1,1.9622000000000002,w,2024-01-30 19:30:00,1,0,0,3,0.7598119999999999,154,18,278,7,8.555555555555555,39.714285714285715
288,83,Arsenal,h,2.8526,0.542052,2.8526,0.542052,5,2,3,1,2.7522999999999995,w,2024-02-04 16:30:00,1,0,0,3,2.310548,291,30,202,21,9.7,9.619047619047619
289,83,Arsenal,a,3.99893,0.191065,3.23776,0.191065,24,1,6,0,2.9716000000000005,w,2024-02-11 14:00:00,1,0,0,3,3.046695,143,21,436,20,6.809523809523809,21.8
290,83,Arsenal,a,2.20575,0.335143,1.44458,0.335143,15,2,5,0,2.7253,w,2024-02-17 15:00:00,1,0,0,3,1.109437,175,19,378,17,9.210526315789474,22.235294117647058
291,83,Arsenal,h,2.59336,0.217373,2.59336,0.217373,17,4,4,1,2.8573000000000004,w,2024-02-24 20:00:00,1,0,0,3,2.3759870000000003,282,31,267,10,9.096774193548388,26.7
292,83,Arsenal,a,2.47294,0.201374,2.47294,0.201374,22,2,6,0,2.7824,w,2024-03-04 20:00:00,1,0,0,3,2.271566,110,9,449,12,12.222222222222221,37.416666666666664
293,83,Arsenal,h,1.59369,0.733239,1.59369,0.733239,20,3,2,1,2.0368,w,2024-03-09 17:30:00,1,0,0,3,0.8604510000000001,83,10,219,15,8.3,14.6
294,83,Arsenal,a,0.511402,1.22009,0.511402,1.22009,7,6,0,0,0.6518999999999999,d,2024-03-31 16:30:00,0,1,0,1,-0.7086879999999999,341,29,140,23,11.758620689655173,6.086956521739131
295,83,Arsenal,h,1.14384,0.292082,1.14384,0.292082,14,3,2,0,2.1457,w,2024-04-03 18:30:00,1,0,0,3,0.851758,257,24,400,17,10.708333333333334,23.529411764705884
296,83,Arsenal,a,4.16518,0.428514,3.40401,0.428514,18,6,3,0,2.951,w,2024-04-06 16:30:00,1,0,0,3,2.975496,282,18,209,23,15.666666666666666,9.08695652173913
297,83,Arsenal,h,1.89003,0.929049,1.89003,0.929049,17,2,0,2,2.1182,l,2024-04-14 15:30:00,0,0,1,0,0.9609810000000001,249,28,214,14,8.892857142857142,15.285714285714286
298,83,Arsenal,a,1.66179,0.164516,1.66179,0.164516,20,2,2,0,2.5563,w,2024-04-20 18:30:00,1,0,0,3,1.497274,314,23,281,18,13.652173913043478,15.61111111111111
299,83,Arsenal,h,3.45858,1.60343,3.45858,1.60343,18,6,5,0,2.45,w,2024-04-23 19:00:00,1,0,0,3,1.85515,388,28,257,13,13.857142857142858,19.76923076923077
300,83,Arsenal,a,1.51469,2.60458,1.51469,1.84341,7,9,3,2,0.6275999999999999,w,2024-04-28 13:00:00,1,0,0,3,-0.3287199999999999,279,29,189,30,9.620689655172415,6.3
301,83,Arsenal,h,3.91372,0.4687,3.15255,0.4687,28,3,3,0,2.9253000000000005,w,2024-05-04 11:30:00,1,0,0,3,2.68385,211,26,188,17,8.115384615384615,11.058823529411764
302,83,Arsenal,a,1.73104,0.551669,1.73104,0.551669,13,4,1,0,2.427,w,2024-05-12 15:30:00,1,0,0,3,1.179371,259,28,285,15,9.25,19.0
303,83,Arsenal,h,3.2117,0.664904,3.2117,0.664904,16,3,2,1,2.827,w,2024-05-19 15:00:00,1,0,0,3,2.546796,147,18,254,6,8.166666666666666,42.333333333333336
304,86,Newcastle United,h,4.32208,1.486,4.32208,1.486,9,6,5,1,2.7626000000000004,w,2023-08-12 16:30:00,1,0,0,3,2.83608,255,17,324,28,15.0,11.571428571428571
305,86,Newcastle United,a,0.257154,1.22528,0.257154,1.22528,5,9,0,1,0.4939,l,2023-08-19 19:00:00,0,0,1,0,-0.9681259999999999,419,27,286,21,15.518518518518519,13.619047619047619
306,86,Newcastle United,h,1.62037,0.856121,1.62037,0.856121,5,5,1,2,1.9344999999999999,l,2023-08-27 15:30:00,0,0,1,0,0.7642490000000001,227,21,370,23,10.80952380952381,16.08695652173913
307,86,Newcastle United,a,0.90476,1.32258,0.90476,1.32258,7,9,1,3,0.9703999999999999,l,2023-09-02 16:30:00,0,0,1,0,-0.4178200000000001,360,30,273,27,12.0,10.11111111111111
308,86,Newcastle United,h,1.50126,0.633678,0.740091,0.633678,8,4,1,0,2.1862,w,2023-09-16 16:30:00,1,0,0,3,0.10641300000000009,176,23,215,27,7.6521739130434785,7.962962962962963
309,86,Newcastle United,a,5.1082,0.579392,5.1082,0.579392,11,5,8,0,2.9736,w,2023-09-24 15:30:00,1,0,0,3,4.528808,262,30,373,25,8.733333333333333,14.92
310,86,Newcastle United,h,3.08516,0.801849,2.32399,0.801849,7,5,2,0,2.7621,w,2023-09-30 14:00:00,1,0,0,3,1.5221409999999997,288,27,328,18,10.666666666666666,18.22222222222222
311,86,Newcastle United,a,1.97865,0.931345,1.97865,0.931345,6,2,2,2,2.2586999999999997,d,2023-10-08 13:00:00,0,1,0,1,1.0473050000000002,145,23,359,14,6.304347826086956,25.642857142857142
312,86,Newcastle United,h,3.73336,1.08795,3.73336,1.08795,9,3,4,0,2.7762000000000002,w,2023-10-21 14:00:00,1,0,0,3,2.64541,216,18,353,28,12.0,12.607142857142858
313,86,Newcastle United,a,2.31987,0.863393,1.5587,0.863393,3,8,2,2,2.4965,d,2023-10-28 16:30:00,0,1,0,1,0.695307,217,30,331,28,7.233333333333333,11.821428571428571
314,86,Newcastle United,h,1.12355,0.535473,1.12355,0.535473,4,7,1,0,2.0353,w,2023-11-04 17:30:00,1,0,0,3,0.5880770000000001,195,24,179,20,8.125,8.95
315,86,Newcastle United,a,0.306141,2.78424,0.306141,2.78424,3,7,0,2,0.0844,l,2023-11-11 17:30:00,0,0,1,0,-2.4780990000000003,231,10,258,27,23.1,9.555555555555555
316,86,Newcastle United,h,2.15227,0.968061,2.15227,0.968061,7,6,4,1,2.247,w,2023-11-25 15:00:00,1,0,0,3,1.184209,255,27,263,27,9.444444444444445,9.74074074074074
317,86,Newcastle United,h,2.90191,0.422674,2.90191,0.422674,17,2,1,0,2.8305,w,2023-12-02 20:00:00,1,0,0,3,2.479236,187,22,235,15,8.5,15.666666666666666
318,86,Newcastle United,a,1.29564,2.95393,1.29564,2.95393,4,13,0,3,0.43000000000000005,l,2023-12-07 19:30:00,0,0,1,0,-1.6582900000000003,145,12,333,37,12.083333333333334,9.0
319,86,Newcastle United,a,1.61368,4.40118,1.61368,3.64001,9,12,1,4,0.1711,l,2023-12-10 16:30:00,0,0,1,0,-2.02633,272,32,219,30,8.5,7.3
320,86,Newcastle United,h,4.27933,0.471042,4.27933,0.471042,23,4,3,0,2.9789,w,2023-12-16 15:00:00,1,0,0,3,3.8082879999999997,146,18,331,11,8.11111111111111,30.09090909090909
321,86,Newcastle United,a,1.41488,1.81844,1.41488,1.81844,16,2,0,1,1.0398,l,2023-12-23 15:00:00,0,0,1,0,-0.40356000000000014,117,22,311,28,5.318181818181818,11.107142857142858
322,86,Newcastle United,h,2.79106,3.1074,2.02989,3.1074,18,4,1,3,1.1520000000000001,l,2023-12-26 12:30:00,0,0,1,0,-1.0775100000000002,208,30,255,20,6.933333333333334,12.75
323,86,Newcastle United,a,0.910974,6.67151,0.910974,5.02355,4,16,2,4,0.0027,l,2024-01-01 19:00:00,0,0,1,0,-4.112576000000001,284,19,193,40,14.947368421052632,4.825
324,86,Newcastle United,h,1.23638,2.55452,1.23638,2.55452,6,25,2,3,0.5402,l,2024-01-13 17:30:00,0,0,1,0,-1.31814,275,16,157,17,17.1875,9.235294117647058
325,86,Newcastle United,a,3.3224,1.44485,3.3224,1.44485,10,12,3,1,2.5302999999999995,w,2024-01-30 20:15:00,1,0,0,3,1.87755,297,27,215,23,11.0,9.347826086956522
326,86,Newcastle United,h,2.37353,2.67463,2.37353,1.91346,9,8,4,4,1.169,d,2024-02-03 15:00:00,0,1,0,1,0.4600700000000002,192,28,198,28,6.857142857142857,7.071428571428571
327,86,Newcastle United,a,0.511375,0.968075,0.511375,0.968075,7,7,3,2,0.8567,w,2024-02-10 17:30:00,1,0,0,3,-0.4567,162,17,423,16,9.529411764705882,26.4375
328,86,Newcastle United,h,2.38425,2.08098,1.62308,2.08098,9,3,2,2,1.5887000000000002,d,2024-02-17 15:00:00,0,1,0,1,-0.45789999999999975,111,17,245,35,6.529411764705882,7.0
329,86,Newcastle United,a,0.217373,2.59336,0.217373,2.59336,4,17,1,4,0.0844,l,2024-02-24 20:00:00,0,0,1,0,-2.3759870000000003,267,10,282,31,26.7,9.096774193548388
330,86,Newcastle United,h,3.33495,0.507769,3.33495,0.507769,8,5,3,0,2.8959,w,2024-03-02 15:00:00,1,0,0,3,2.827181,331,31,265,18,10.67741935483871,14.722222222222221
331,86,Newcastle United,a,0.568435,1.78315,0.568435,1.78315,8,4,2,3,0.3675,l,2024-03-11 20:00:00,0,0,1,0,-1.214715,258,19,295,23,13.578947368421053,12.826086956521738
332,86,Newcastle United,h,3.80922,0.994584,2.28688,0.994584,16,3,4,3,2.8030000000000004,w,2024-03-30 12:30:00,1,0,0,3,1.292296,163,24,248,19,6.791666666666667,13.052631578947368
333,86,Newcastle United,h,2.65009,1.69834,2.65009,0.937167,11,6,1,1,2.0467,d,2024-04-02 18:30:00,0,1,0,1,1.712923,183,17,285,20,10.764705882352942,14.25
334,86,Newcastle United,a,1.18012,0.834564,1.18012,0.834564,7,11,1,0,1.6664999999999999,w,2024-04-06 14:00:00,1,0,0,3,0.3455560000000001,307,23,144,25,13.347826086956522,5.76
335,86,Newcastle United,h,3.1483,0.737596,3.1483,0.737596,8,6,4,0,2.7365999999999997,w,2024-04-13 11:30:00,1,0,0,3,2.410704,239,26,74,23,9.192307692307692,3.217391304347826
336,86,Newcastle United,a,0.55129,1.43661,0.55129,1.43661,4,6,0,2,0.6273,l,2024-04-24 19:00:00,0,0,1,0,-0.88532,193,28,281,34,6.892857142857143,8.264705882352942
337,86,Newcastle United,h,2.93477,1.82408,2.17361,1.82408,18,4,5,1,2.0884,w,2024-04-27 14:00:00,1,0,0,3,0.3495300000000001,214,26,294,20,8.23076923076923,14.7
338,86,Newcastle United,a,4.25643,1.28632,3.49526,1.28632,18,5,4,1,2.845,w,2024-05-04 14:00:00,1,0,0,3,2.20894,201,22,248,21,9.136363636363637,11.80952380952381
339,86,Newcastle United,h,2.45163,1.91556,2.45163,1.91556,12,7,1,1,1.7292,d,2024-05-11 14:00:00,0,1,0,1,0.5360700000000003,241,18,311,24,13.38888888888889,12.958333333333334
340,86,Newcastle United,a,2.27657,1.49706,2.27657,1.49706,6,11,2,3,1.9047999999999998,l,2024-05-15 19:00:00,0,0,1,0,0.7795099999999999,173,11,224,24,15.727272727272727,9.333333333333334
341,86,Newcastle United,a,3.65044,1.70157,3.65044,1.70157,12,5,4,2,2.5234000000000005,w,2024-05-19 15:00:00,1,0,0,3,1.94887,257,23,167,22,11.173913043478262,7.590909090909091
342,87,Liverpool,a,1.29994,1.93258,1.29994,1.93258,9,11,1,1,0.9087,d,2023-08-13 15:30:00,0,1,0,1,-0.6326399999999999,421,21,170,19,20.047619047619047,8.947368421052632
343,87,Liverpool,h,3.25448,1.3867,2.33406,1.3867,11,8,3,1,2.5404,w,2023-08-19 14:00:00,1,0,0,3,0.94736,167,23,356,32,7.260869565217392,11.125
344,87,Liverpool,a,0.856121,1.62037,0.856121,1.62037,5,5,2,1,0.8074,w,2023-08-27 15:30:00,1,0,0,3,-0.7642490000000001,370,23,227,21,16.08695652173913,10.80952380952381
345,87,Liverpool,h,2.73138,0.615503,2.73138,0.615503,11,3,3,0,2.705,w,2023-09-03 13:00:00,1,0,0,3,2.1158770000000002,248,29,543,8,8.551724137931034,67.875
346,87,Liverpool,a,2.82701,0.538833,2.82701,0.538833,16,9,3,1,2.8023,w,2023-09-16 11:30:00,1,0,0,3,2.288177,210,21,404,22,10.0,18.363636363636363
347,87,Liverpool,h,4.14262,1.53878,3.38145,1.53878,14,1,3,1,2.7253,w,2023-09-24 13:00:00,1,0,0,3,1.84267,212,35,368,20,6.057142857142857,18.4
348,87,Liverpool,a,1.12299,2.18823,1.12299,2.18823,7,18,1,2,0.6294,l,2023-09-30 16:30:00,0,0,1,0,-1.06524,320,20,218,29,16.0,7.517241379310345
349,87,Liverpool,a,2.51029,2.23187,1.74913,2.23187,15,4,2,2,1.58,d,2023-10-08 13:00:00,0,1,0,1,-0.4827399999999997,277,36,324,21,7.694444444444445,15.428571428571429
350,87,Liverpool,h,2.28568,0.0937725,1.52459,0.0937725,13,5,2,0,2.8639,w,2023-10-21 11:30:00,1,0,0,3,1.4308174999999999,87,26,379,13,3.3461538461538463,29.153846153846153
351,87,Liverpool,h,2.70428,0.642014,2.70428,0.642014,11,3,3,0,2.7153,w,2023-10-29 14:00:00,1,0,0,3,2.0622659999999997,151,19,438,14,7.947368421052632,31.285714285714285
352,87,Liverpool,a,3.03925,1.3411,3.03925,1.3411,14,1,1,1,2.4793,d,2023-11-05 16:30:00,0,1,0,1,1.69815,98,26,369,17,3.769230769230769,21.705882352941178
353,87,Liverpool,h,1.56004,1.44954,1.56004,1.44954,11,8,3,0,1.4565000000000001,w,2023-11-12 14:00:00,1,0,0,3,0.11050000000000004,178,27,233,22,6.592592592592593,10.590909090909092
354,87,Liverpool,a,0.766278,1.79622,0.766278,1.79622,6,11,1,1,0.6095999999999999,d,2023-11-25 12:30:00,0,1,0,1,-1.029942,345,15,246,21,23.0,11.714285714285714
355,87,Liverpool,h,2.72831,1.51005,2.72831,1.51005,17,5,4,3,2.1870999999999996,w,2023-12-03 14:00:00,1,0,0,3,1.2182600000000001,192,23,343,24,8.347826086956522,14.291666666666666
356,87,Liverpool,a,1.80116,0.834172,1.80116,0.834172,14,2,2,0,2.1129,w,2023-12-06 19:30:00,1,0,0,3,0.9669880000000001,57,18,363,14,3.1666666666666665,25.928571428571427
357,87,Liverpool,a,1.3708,1.79152,1.3708,1.03036,15,4,2,1,0.9942,w,2023-12-09 12:30:00,1,0,0,3,0.3404400000000001,67,21,384,24,3.1904761904761907,16.0
358,87,Liverpool,h,1.97111,0.632715,1.97111,0.632715,12,7,0,0,2.3368,d,2023-12-17 16:30:00,0,1,0,1,1.3383949999999998,145,28,304,13,5.178571428571429,23.384615384615383
359,87,Liverpool,h,0.982901,0.851681,0.982901,0.851681,7,5,1,1,1.4647999999999999,d,2023-12-23 17:30:00,0,1,0,1,0.13122,241,33,270,21,7.303030303030303,12.857142857142858
360,87,Liverpool,a,1.68451,0.972389,1.68451,0.972389,18,3,2,0,1.8768,w,2023-12-26 17:30:00,1,0,0,3,0.712121,138,15,390,25,9.2,15.6
361,87,Liverpool,h,6.67151,0.910974,5.02355,0.910974,16,4,4,2,2.9958,w,2024-01-01 19:00:00,1,0,0,3,4.112576000000001,193,40,284,19,4.825,14.947368421052632
362,87,Liverpool,a,1.53344,0.834585,1.53344,0.834585,15,10,4,0,1.9563,w,2024-01-21 16:30:00,1,0,0,3,0.6988549999999999,149,31,281,28,4.806451612903226,10.035714285714286
363,87,Liverpool,h,3.6627,0.477972,2.90153,0.477972,10,6,4,1,2.9203,w,2024-01-31 20:15:00,1,0,0,3,2.4235580000000003,372,37,294,15,10.054054054054054,19.6
364,87,Liverpool,a,0.542052,2.8526,0.542052,2.8526,2,5,1,3,0.1636,l,2024-02-04 16:30:00,0,0,1,0,-2.310548,202,21,291,30,9.619047619047619,9.7
365,87,Liverpool,h,3.14734,1.11123,3.14734,1.11123,15,6,3,1,2.5408,w,2024-02-10 15:00:00,1,0,0,3,2.03611,125,27,412,24,4.62962962962963,17.166666666666668
366,87,Liverpool,a,3.08952,1.69518,3.08952,1.69518,11,10,4,1,2.2674,w,2024-02-17 12:30:00,1,0,0,3,1.39434,162,22,272,20,7.363636363636363,13.6
367,87,Liverpool,h,3.70302,0.956512,3.70302,0.956512,16,4,4,1,2.7612,w,2024-02-21 15:00:00,1,0,0,3,2.746508,168,35,246,20,4.8,12.3
368,87,Liverpool,a,1.32259,0.971466,1.32259,0.971466,12,7,1,0,1.6254,w,2024-03-02 15:00:00,1,0,0,3,0.3511239999999999,119,25,353,16,4.76,22.0625
369,87,Liverpool,h,2.25492,1.37289,1.49375,1.37289,9,5,1,1,2.0021,d,2024-03-10 15:45:00,0,1,0,1,0.12085999999999997,285,32,341,23,8.90625,14.826086956521738
370,87,Liverpool,h,3.21149,0.43922,3.21149,0.43922,24,6,2,1,2.8344,w,2024-03-31 14:00:00,1,0,0,3,2.77227,304,34,298,16,8.941176470588236,18.625
371,87,Liverpool,h,2.51772,0.720948,2.51772,0.720948,18,2,3,1,2.5417,w,2024-04-04 18:30:00,1,0,0,3,1.7967720000000003,59,23,396,15,2.5652173913043477,26.4
372,87,Liverpool,a,4.43457,0.814509,3.6734,0.814509,21,6,2,2,2.9172,d,2024-04-07 14:30:00,0,1,0,1,2.858891,196,25,284,20,7.84,14.2
373,87,Liverpool,h,3.04497,2.12879,3.04497,2.12879,11,6,0,1,1.963,l,2024-04-14 13:00:00,0,0,1,0,0.9161800000000002,161,28,391,15,5.75,26.066666666666666
374,87,Liverpool,a,1.02445,0.83885,1.02445,0.83885,9,8,3,1,1.4674,w,2024-04-21 15:30:00,1,0,0,3,0.1856000000000001,257,21,468,9,12.238095238095237,52.0
375,87,Liverpool,a,1.87155,1.89111,1.87155,1.89111,24,6,0,2,1.3542999999999998,l,2024-04-24 19:00:00,0,0,1,0,-0.019560000000000022,95,21,379,18,4.523809523809524,21.055555555555557
376,87,Liverpool,a,2.29298,0.794025,2.29298,0.794025,20,5,2,2,2.3548999999999998,d,2024-04-27 11:30:00,0,1,0,1,1.498955,130,25,377,19,5.2,19.842105263157894
377,87,Liverpool,h,3.26222,1.17205,3.26222,1.17205,22,9,4,2,2.613,w,2024-05-05 15:30:00,1,0,0,3,2.09017,303,23,226,27,13.173913043478262,8.37037037037037
378,87,Liverpool,a,1.89968,2.71655,1.89968,2.71655,7,14,3,3,0.8218000000000001,d,2024-05-13 19:00:00,0,1,0,1,-0.8168699999999998,236,32,357,24,7.375,14.875
379,87,Liverpool,h,5.65937,0.731254,5.65937,0.731254,22,1,2,0,2.9874,w,2024-05-19 15:00:00,1,0,0,3,4.928116,158,31,249,15,5.096774193548387,16.6
380,88,Manchester City,a,2.40074,0.311032,2.40074,0.311032,9,4,3,0,2.7761,w,2023-08-11 19:00:00,1,0,0,3,2.089708,237,15,463,14,15.8,33.07142857142857
381,88,Manchester City,h,1.22528,0.257154,1.22528,0.257154,9,5,1,0,2.2204,w,2023-08-19 19:00:00,1,0,0,3,0.9681259999999999,286,21,419,27,13.619047619047619,15.518518518518519
382,88,Manchester City,a,3.84804,0.762232,3.08687,0.762232,22,3,2,1,2.8816999999999995,w,2023-08-27 13:00:00,1,0,0,3,2.3246379999999998,92,14,406,11,6.571428571428571,36.90909090909091
383,88,Manchester City,h,2.00152,1.46427,1.24035,1.46427,8,4,5,1,1.8772,w,2023-09-02 14:00:00,1,0,0,3,-0.2239199999999999,223,28,490,20,7.964285714285714,24.5
384,88,Manchester City,a,4.15046,0.895632,4.15046,0.895632,16,1,3,1,2.8927,w,2023-09-16 14:00:00,1,0,0,3,3.254828,228,20,338,8,11.4,42.25
385,88,Manchester City,h,1.33984,0.729109,1.33984,0.729109,7,7,2,0,1.9150999999999998,w,2023-09-23 14:00:00,1,0,0,3,0.6107309999999999,189,9,269,19,21.0,14.157894736842104
386,88,Manchester City,a,0.98075,0.673985,0.98075,0.673985,13,1,1,2,1.5513000000000001,l,2023-09-30 14:00:00,0,0,1,0,0.30676500000000007,149,28,209,13,5.321428571428571,16.076923076923077
387,88,Manchester City,a,0.858071,0.386558,0.858071,0.386558,7,9,0,1,1.8546,l,2023-10-08 15:30:00,0,0,1,0,0.471513,292,19,352,28,15.368421052631579,12.571428571428571
388,88,Manchester City,h,0.962509,0.963733,0.962509,0.963733,7,4,2,1,1.3387,w,2023-10-21 14:00:00,1,0,0,3,-0.0012240000000000029,350,24,337,23,14.583333333333334,14.652173913043478
389,88,Manchester City,a,4.54595,0.714628,3.78478,0.714628,21,4,3,0,2.9637,w,2023-10-29 15:30:00,1,0,0,3,3.070152,229,12,297,14,19.083333333333332,21.214285714285715
390,88,Manchester City,h,2.39949,0.643127,2.39949,0.643127,18,6,6,1,2.5352,w,2023-11-04 15:00:00,1,0,0,3,1.7563630000000001,258,12,378,13,21.5,29.076923076923077
391,88,Manchester City,a,3.19324,3.47238,2.43208,2.71121,17,4,4,4,1.1928,d,2023-11-12 16:30:00,0,1,0,1,-0.2791299999999999,293,24,286,16,12.208333333333334,17.875
392,88,Manchester City,h,1.79622,0.766278,1.79622,0.766278,11,6,1,1,2.166,d,2023-11-25 12:30:00,0,1,0,1,1.029942,246,21,345,15,11.714285714285714,23.0
393,88,Manchester City,h,2.90729,0.433077,2.90729,0.433077,12,3,3,3,2.7992,d,2023-12-03 16:30:00,0,1,0,1,2.474213,325,23,282,13,14.130434782608695,21.692307692307693
394,88,Manchester City,a,1.00198,2.1922,1.00198,2.1922,8,9,0,1,0.4863,l,2023-12-06 20:15:00,0,0,1,0,-1.19022,253,28,316,23,9.035714285714286,13.73913043478261
395,88,Manchester City,a,2.23353,0.689037,2.23353,0.689037,9,4,2,1,2.482,w,2023-12-10 14:00:00,1,0,0,3,1.5444930000000001,153,16,297,28,9.5625,10.607142857142858
396,88,Manchester City,h,2.41646,1.64977,2.41646,0.888604,5,4,2,2,1.9129999999999998,d,2023-12-16 15:00:00,0,1,0,1,1.5278559999999999,190,25,319,10,7.6,31.9
397,88,Manchester City,a,2.28321,1.23529,1.52204,1.23529,9,3,3,1,2.1493,w,2023-12-27 20:15:00,1,0,0,3,0.28675000000000006,153,13,509,23,11.76923076923077,22.130434782608695
398,88,Manchester City,h,2.24229,0.263211,2.24229,0.263211,12,1,2,0,2.8184,w,2023-12-30 15:00:00,1,0,0,3,1.979079,134,14,467,4,9.571428571428571,116.75
399,88,Manchester City,a,2.55452,1.23638,2.55452,1.23638,25,6,3,2,2.2802000000000002,w,2024-01-13 17:30:00,1,0,0,3,1.31814,157,17,275,16,9.235294117647058,17.1875
400,88,Manchester City,h,1.84756,1.49114,1.84756,1.49114,6,4,3,1,1.6338000000000001,w,2024-01-31 19:30:00,1,0,0,3,0.3564200000000002,161,12,497,22,13.416666666666666,22.59090909090909
401,88,Manchester City,a,2.10785,0.865741,2.10785,0.865741,12,3,3,1,2.2386,w,2024-02-05 20:00:00,1,0,0,3,1.2421090000000001,161,16,286,11,10.0625,26.0
402,88,Manchester City,h,1.58971,0.192072,1.58971,0.192072,10,1,2,0,2.507,w,2024-02-10 12:30:00,1,0,0,3,1.397638,176,21,439,17,8.380952380952381,25.823529411764707
403,88,Manchester City,h,2.77713,1.82903,2.77713,1.82903,29,9,1,1,1.9676,d,2024-02-17 17:30:00,0,1,0,1,0.9481000000000002,177,24,298,17,7.375,17.529411764705884
404,88,Manchester City,h,2.53766,0.503799,2.53766,0.503799,19,1,1,0,2.6504000000000003,w,2024-02-20 18:30:00,1,0,0,3,2.033861,173,14,193,11,12.357142857142858,17.545454545454547
405,88,Manchester City,a,1.79636,0.925889,1.79636,0.925889,13,8,1,0,2.1083,w,2024-02-24 17:30:00,1,0,0,3,0.870471,189,14,302,28,13.5,10.785714285714286
406,88,Manchester City,h,2.64173,0.153764,2.64173,0.153764,26,1,3,1,2.8694,w,2024-03-03 15:30:00,1,0,0,3,2.487966,171,17,309,17,10.058823529411764,18.176470588235293
407,88,Manchester City,a,1.37289,2.25492,1.37289,1.49375,5,9,1,1,0.7544,d,2024-03-10 15:45:00,0,1,0,1,-0.12085999999999997,341,23,285,32,14.826086956521738,8.90625
408,88,Manchester City,h,1.22009,0.511402,1.22009,0.511402,6,7,0,0,2.0676,d,2024-03-31 16:30:00,0,1,0,1,0.7086879999999999,140,23,341,29,6.086956521739131,11.758620689655173
409,88,Manchester City,h,3.87704,1.18643,3.87704,1.18643,26,4,4,1,2.7411,w,2024-04-03 19:15:00,1,0,0,3,2.69061,215,30,305,14,7.166666666666667,21.785714285714285
410,88,Manchester City,a,2.26381,1.49472,2.26381,1.49472,20,2,4,2,1.9056,w,2024-04-06 11:30:00,1,0,0,3,0.7690899999999998,158,12,387,19,13.166666666666666,20.36842105263158
411,88,Manchester City,h,4.64245,0.809775,3.88128,0.809775,37,2,5,1,2.9314,w,2024-04-13 14:00:00,1,0,0,3,3.0715049999999997,179,27,276,8,6.62962962962963,34.5
412,88,Manchester City,a,1.90507,0.572021,1.90507,0.572021,3,3,4,0,2.3991000000000002,w,2024-04-25 19:00:00,1,0,0,3,1.333049,314,16,524,18,19.625,29.11111111111111
413,88,Manchester City,a,0.932063,2.17312,0.932063,2.17312,5,6,2,0,0.4806,w,2024-04-28 15:30:00,1,0,0,3,-1.241057,168,18,411,14,9.333333333333334,29.357142857142858
414,88,Manchester City,h,4.52542,0.396887,3.00308,0.396887,19,1,5,1,2.9808999999999997,w,2024-05-04 16:30:00,1,0,0,3,2.606193,307,22,329,25,13.954545454545455,13.16
415,88,Manchester City,a,3.15218,0.0886245,2.39101,0.0886245,13,1,4,0,2.9526000000000003,w,2024-05-11 11:30:00,1,0,0,3,2.3023855,303,17,470,11,17.823529411764707,42.72727272727273
416,88,Manchester City,a,2.70331,1.84285,1.94214,1.84285,6,5,2,0,2.0442,w,2024-05-14 19:00:00,1,0,0,3,0.09928999999999988,377,28,318,28,13.464285714285714,11.357142857142858
417,88,Manchester City,h,2.31504,0.240159,2.31504,0.240159,16,0,3,1,2.7409,w,2024-05-19 15:00:00,1,0,0,3,2.0748810000000004,192,24,315,5,8.0,63.0
418,89,Manchester United,h,1.97087,1.72228,1.97087,1.72228,16,12,1,0,1.5762,w,2023-08-14 19:00:00,1,0,0,3,0.24858999999999987,233,32,243,18,7.28125,13.5
419,89,Manchester United,a,2.44604,2.53904,2.44604,2.53904,12,12,0,2,1.3163,l,2023-08-19 16:30:00,0,0,1,0,-0.09299999999999997,313,25,197,20,12.52,9.85
420,89,Manchester United,h,3.02803,0.960354,2.26686,0.960354,13,5,3,2,2.6857,w,2023-08-26 14:00:00,1,0,0,3,1.3065059999999997,160,19,258,13,8.421052631578947,19.846153846153847
421,89,Manchester United,a,0.966109,1.90973,0.966109,1.90973,4,11,1,3,0.6584,l,2023-09-03 15:30:00,0,0,1,0,-0.9436209999999999,261,10,311,16,26.1,19.4375
422,89,Manchester United,h,0.719951,1.93908,0.719951,1.93908,5,4,1,3,0.5,l,2023-09-16 14:00:00,0,0,1,0,-1.219129,517,23,289,22,22.47826086956522,13.136363636363637
423,89,Manchester United,a,0.840273,0.935444,0.840273,0.935444,9,8,1,0,1.2390999999999999,w,2023-09-23 19:00:00,1,0,0,3,-0.095171,396,19,233,13,20.842105263157894,17.923076923076923
424,89,Manchester United,h,1.55408,1.19015,1.55408,1.19015,16,1,0,1,1.6395,l,2023-09-30 14:00:00,0,0,1,0,0.36392999999999986,106,29,398,19,3.6551724137931036,20.94736842105263
425,89,Manchester United,h,1.29356,1.02509,1.29356,1.02509,17,2,2,1,1.5749,w,2023-10-07 14:00:00,1,0,0,3,0.26847,171,20,194,23,8.55,8.434782608695652
426,89,Manchester United,a,1.46187,1.41074,1.46187,0.649567,7,7,2,1,1.3651999999999997,w,2023-10-21 19:00:00,1,0,0,3,0.812303,135,11,296,21,12.272727272727273,14.095238095238095
427,89,Manchester United,h,0.714628,4.54595,0.714628,3.78478,4,21,0,3,0.0225,l,2023-10-29 15:30:00,0,0,1,0,-3.070152,297,14,229,12,21.214285714285715,19.083333333333332
428,89,Manchester United,a,0.697095,1.18241,0.697095,1.18241,7,3,1,0,0.9259,w,2023-11-04 12:30:00,1,0,0,3,-0.48531499999999994,184,22,254,15,8.363636363636363,16.933333333333334
429,89,Manchester United,h,2.74105,0.408265,2.74105,0.408265,10,4,1,0,2.8168,w,2023-11-11 15:00:00,1,0,0,3,2.332785,172,21,264,13,8.19047619047619,20.307692307692307
430,89,Manchester United,a,2.07334,2.49764,1.31218,2.49764,6,10,3,0,1.0874000000000001,w,2023-11-26 16:30:00,1,0,0,3,-1.1854600000000002,220,16,251,24,13.75,10.458333333333334
431,89,Manchester United,a,0.422674,2.90191,0.422674,2.90191,2,17,0,1,0.10619999999999999,l,2023-12-02 20:00:00,0,0,1,0,-2.479236,235,15,187,22,15.666666666666666,8.5
432,89,Manchester United,h,4.03949,2.3512,3.26308,2.3512,8,6,2,1,2.348,w,2023-12-06 20:15:00,1,0,0,3,0.91188,339,23,202,18,14.73913043478261,11.222222222222221
433,89,Manchester United,h,1.11296,1.9742,1.11296,1.9742,15,6,0,3,0.6859,l,2023-12-09 15:00:00,0,0,1,0,-0.86124,141,22,334,24,6.409090909090909,13.916666666666666
434,89,Manchester United,a,0.632715,1.97111,0.632715,1.97111,7,12,0,0,0.4708,d,2023-12-17 16:30:00,0,1,0,1,-1.3383949999999998,304,13,145,28,23.384615384615383,5.178571428571429
435,89,Manchester United,a,0.730496,1.51468,0.730496,1.51468,7,4,0,2,0.7029,l,2023-12-23 12:30:00,0,0,1,0,-0.784184,153,25,349,21,6.12,16.61904761904762
436,89,Manchester United,h,1.20104,1.83637,1.20104,1.83637,4,12,3,2,0.8528,w,2023-12-26 20:00:00,1,0,0,3,-0.63533,268,36,213,14,7.444444444444445,15.214285714285714
437,89,Manchester United,a,0.651905,0.744348,0.651905,0.744348,9,7,1,2,1.207,l,2023-12-30 17:30:00,0,0,1,0,-0.09244300000000005,210,16,230,15,13.125,15.333333333333334
438,89,Manchester United,h,0.923233,1.31224,0.923233,1.31224,6,3,2,2,1.0110000000000001,d,2024-01-14 16:30:00,0,1,0,1,-0.3890070000000001,368,19,169,26,19.36842105263158,6.5
439,89,Manchester United,a,3.22698,2.27609,3.22698,1.51492,9,9,4,3,2.018,w,2024-02-01 20:15:00,1,0,0,3,1.7120600000000001,264,21,276,18,12.571428571428571,15.333333333333334
440,89,Manchester United,h,0.96721,1.1807,0.96721,1.1807,9,3,3,0,1.1898,w,2024-02-04 14:00:00,1,0,0,3,-0.21349000000000007,221,25,304,14,8.84,21.714285714285715
441,89,Manchester United,a,2.44591,2.64675,2.44591,2.64675,4,10,2,1,1.2387000000000001,w,2024-02-11 16:30:00,1,0,0,3,-0.2008399999999999,235,20,237,20,11.75,11.85
442,89,Manchester United,a,3.58973,1.57234,3.58973,1.57234,9,11,2,1,2.5207,w,2024-02-18 16:30:00,1,0,0,3,2.01739,247,29,210,19,8.517241379310345,11.052631578947368
443,89,Manchester United,h,1.96036,1.1385,1.96036,1.1385,11,11,1,2,2.0153,l,2024-02-24 15:00:00,0,0,1,0,0.82186,236,22,265,16,10.727272727272727,16.5625
444,89,Manchester United,a,0.153764,2.64173,0.153764,2.64173,1,26,1,3,0.0737,l,2024-03-03 15:30:00,0,0,1,0,-2.487966,309,17,171,17,18.176470588235293,10.058823529411764
445,89,Manchester United,h,2.9016,1.8214,1.37927,1.8214,7,13,2,0,2.1497,w,2024-03-09 12:30:00,1,0,0,3,-0.4421299999999999,216,14,308,20,15.428571428571429,15.4
446,89,Manchester United,a,0.989565,3.16487,0.989565,3.16487,7,21,1,1,0.2803,d,2024-03-30 20:00:00,0,1,0,1,-2.175305,144,20,211,16,7.2,13.1875
447,89,Manchester United,a,1.56686,3.48048,1.56686,1.95814,7,15,3,4,0.3867,l,2024-04-04 19:15:00,0,0,1,0,-0.39128000000000007,318,25,209,17,12.72,12.294117647058824
448,89,Manchester United,h,0.814509,4.43457,0.814509,3.6734,6,21,2,2,0.0519,d,2024-04-07 14:30:00,0,1,0,1,-2.858891,284,20,196,25,14.2,7.84
449,89,Manchester United,a,1.52274,2.38519,0.761571,2.38519,8,12,2,2,0.7629,d,2024-04-13 16:30:00,0,1,0,1,-1.6236190000000001,173,16,281,21,10.8125,13.380952380952381
450,89,Manchester United,h,3.51311,1.20517,2.75194,1.20517,14,2,4,2,2.6805999999999996,w,2024-04-24 19:00:00,1,0,0,3,1.5467699999999998,158,25,393,18,6.32,21.833333333333332
451,89,Manchester United,h,3.06197,1.89591,3.06197,1.13475,18,9,1,1,2.0884,d,2024-04-27 14:00:00,0,1,0,1,1.9272200000000002,241,17,176,21,14.176470588235293,8.380952380952381
452,89,Manchester United,a,0.341417,2.0656,0.341417,2.0656,4,12,0,4,0.23690000000000003,l,2024-05-06 19:00:00,0,0,1,0,-1.7241829999999998,233,20,402,24,11.65,16.75
453,89,Manchester United,h,0.551669,1.73104,0.551669,1.73104,4,13,0,1,0.3789,l,2024-05-12 15:30:00,0,0,1,0,-1.179371,285,15,259,28,19.0,9.25
454,89,Manchester United,h,1.49706,2.27657,1.49706,2.27657,11,6,3,2,0.8749,w,2024-05-15 19:00:00,1,0,0,3,-0.7795099999999999,224,24,173,11,9.333333333333334,15.727272727272727
455,89,Manchester United,a,1.00404,1.9717,1.00404,1.9717,6,10,2,0,0.6787,w,2024-05-19 15:00:00,1,0,0,3,-0.96766,334,18,277,30,18.555555555555557,9.233333333333333
456,92,Burnley,h,0.311032,2.40074,0.311032,2.40074,4,9,0,3,0.1385,l,2023-08-11 19:00:00,0,0,1,0,-2.089708,463,14,237,15,33.07142857142857,15.8
457,92,Burnley,h,0.630605,2.83691,0.630605,2.83691,8,9,1,3,0.1484,l,2023-08-27 13:00:00,0,0,1,0,-2.206305,254,31,365,15,8.193548387096774,24.333333333333332
458,92,Burnley,h,1.66604,2.39785,1.66604,2.39785,7,16,2,5,0.8858999999999999,l,2023-09-02 14:00:00,0,0,1,0,-0.7318100000000001,318,38,271,22,8.368421052631579,12.318181818181818
459,92,Burnley,a,0.807651,0.705795,0.807651,0.705795,1,9,1,1,1.449,d,2023-09-18 18:45:00,0,1,0,1,0.10185600000000006,216,24,305,20,9.0,15.25
460,92,Burnley,h,0.935444,0.840273,0.935444,0.840273,8,9,0,1,1.4161,l,2023-09-23 19:00:00,0,0,1,0,0.095171,233,13,396,19,17.923076923076923,20.842105263157894
461,92,Burnley,a,0.801849,3.08516,0.801849,2.32399,5,7,0,2,0.156,l,2023-09-30 14:00:00,0,0,1,0,-1.5221409999999997,328,18,288,27,18.22222222222222,10.666666666666666
462,92,Burnley,a,0.920206,1.53058,0.920206,1.53058,5,4,2,1,0.8708,w,2023-10-03 18:30:00,1,0,0,3,-0.6103740000000001,152,19,167,13,8.0,12.846153846153847
463,92,Burnley,h,0.956642,1.97566,0.956642,1.2145,3,10,1,4,0.5623,l,2023-10-07 14:00:00,0,0,1,0,-0.2578579999999999,459,20,274,35,22.95,7.828571428571428
464,92,Burnley,a,0.693129,3.15685,0.693129,3.15685,3,15,0,3,0.13090000000000002,l,2023-10-21 14:00:00,0,0,1,0,-2.463721,220,15,271,28,14.666666666666666,9.678571428571429
465,92,Burnley,a,0.90255,1.10052,0.90255,1.10052,4,8,1,2,1.1673,l,2023-10-28 14:00:00,0,0,1,0,-0.19796999999999998,204,18,279,30,11.333333333333334,9.3
466,92,Burnley,h,1.4998,1.43653,1.4998,1.43653,9,2,0,2,1.3784999999999998,l,2023-11-04 15:00:00,0,0,1,0,0.06326999999999994,160,20,355,14,8.0,25.357142857142858
467,92,Burnley,a,0.327706,2.63194,0.327706,2.63194,2,14,1,3,0.0538,l,2023-11-11 15:00:00,0,0,1,0,-2.304234,256,13,187,19,19.692307692307693,9.842105263157896
468,92,Burnley,h,1.44228,1.36963,0.681108,1.36963,2,2,1,2,1.4204,l,2023-11-25 15:00:00,0,0,1,0,-0.6885219999999999,268,25,320,14,10.72,22.857142857142858
469,92,Burnley,h,2.60469,0.618131,2.60469,0.618131,13,3,5,0,2.6651000000000002,w,2023-12-02 15:00:00,1,0,0,3,1.9865590000000002,194,17,275,18,11.411764705882353,15.277777777777779
470,92,Burnley,a,0.781542,1.11886,0.781542,1.11886,2,4,0,1,1.0087,l,2023-12-05 19:30:00,0,0,1,0,-0.337318,289,25,216,19,11.56,11.368421052631579
471,92,Burnley,a,1.05162,2.96247,1.05162,2.96247,4,22,1,1,0.2899,d,2023-12-09 15:00:00,0,1,0,1,-1.9108500000000002,409,14,160,21,29.214285714285715,7.619047619047619
472,92,Burnley,h,0.811435,2.22305,0.811435,2.22305,10,7,0,2,0.4071,l,2023-12-16 17:30:00,0,0,1,0,-1.4116150000000003,172,14,321,14,12.285714285714286,22.928571428571427
473,92,Burnley,a,0.41714,1.38096,0.41714,1.38096,2,12,2,0,0.5669,w,2023-12-23 15:00:00,1,0,0,3,-0.9638199999999999,391,33,191,16,11.848484848484848,11.9375
474,92,Burnley,h,0.972389,1.68451,0.972389,1.68451,3,18,0,2,0.8607,l,2023-12-26 17:30:00,0,0,1,0,-0.712121,390,25,138,15,15.6,9.2
475,92,Burnley,a,1.11923,2.92587,1.11923,2.1647,2,16,2,3,0.3182,l,2023-12-30 15:00:00,0,0,1,0,-1.04547,267,14,125,15,19.071428571428573,8.333333333333334
476,92,Burnley,h,1.52023,0.965167,1.52023,0.965167,5,7,1,1,1.8155000000000001,d,2024-01-12 19:45:00,0,1,0,1,0.555063,305,16,140,21,19.0625,6.666666666666667
477,92,Burnley,a,1.49114,1.84756,1.49114,1.84756,4,6,1,3,1.0824,l,2024-01-31 19:30:00,0,0,1,0,-0.3564200000000002,497,22,161,12,22.59090909090909,13.416666666666666
478,92,Burnley,h,1.00428,1.28806,1.00428,1.28806,3,7,2,2,1.1366,d,2024-02-03 15:00:00,0,1,0,1,-0.2837799999999999,285,19,222,20,15.0,11.1
479,92,Burnley,a,1.11123,3.14734,1.11123,3.14734,6,15,1,3,0.3349,l,2024-02-10 15:00:00,0,0,1,0,-2.03611,412,24,125,27,17.166666666666668,4.62962962962963
480,92,Burnley,h,0.335143,2.20575,0.335143,1.44458,2,15,0,5,0.1696,l,2024-02-17 15:00:00,0,0,1,0,-1.109437,378,17,175,19,22.235294117647058,9.210526315789474
481,92,Burnley,a,0.0760216,2.41612,0.0760216,1.65495,0,8,0,3,0.0489,l,2024-02-24 15:00:00,0,0,1,0,-1.5789284,227,14,193,23,16.214285714285715,8.391304347826088
482,92,Burnley,h,1.60461,1.43616,1.60461,1.43616,9,6,0,2,1.5241000000000002,l,2024-03-03 13:00:00,0,0,1,0,0.16845,74,17,325,24,4.352941176470588,13.541666666666666
483,92,Burnley,a,0.88131,1.87414,0.88131,1.87414,10,7,2,2,0.6816,d,2024-03-10 14:00:00,0,1,0,1,-0.9928299999999999,230,31,206,24,7.419354838709677,8.583333333333334
484,92,Burnley,h,2.69776,1.25123,1.93659,1.25123,12,8,2,1,2.3707999999999996,w,2024-03-16 15:00:00,1,0,0,3,0.68536,138,21,153,26,6.571428571428571,5.884615384615385
485,92,Burnley,a,2.10422,4.46643,2.10422,3.70526,9,24,2,2,0.30560000000000004,d,2024-03-30 15:00:00,0,1,0,1,-1.6010399999999998,323,13,124,13,24.846153846153847,9.538461538461538
486,92,Burnley,h,1.12581,1.01021,1.12581,1.01021,11,4,1,1,1.4489,d,2024-04-02 18:45:00,0,1,0,1,0.11559999999999993,308,35,216,15,8.8,14.4
487,92,Burnley,a,0.34699,0.659844,0.34699,0.659844,6,9,0,1,0.9521,l,2024-04-06 14:00:00,0,0,1,0,-0.31285399999999997,136,19,314,35,7.157894736842105,8.971428571428572
488,92,Burnley,h,1.8522,0.889445,1.8522,0.889445,8,9,1,1,2.1573,d,2024-04-13 14:00:00,0,1,0,1,0.962755,362,30,263,17,12.066666666666666,15.470588235294118
489,92,Burnley,a,2.42338,1.97816,2.42338,1.97816,6,9,4,1,1.7104,w,2024-04-20 14:00:00,1,0,0,3,0.44521999999999995,246,19,278,22,12.947368421052632,12.636363636363637
490,92,Burnley,a,1.89591,3.06197,1.13475,3.06197,9,18,1,1,0.7222000000000001,d,2024-04-27 14:00:00,0,1,0,1,-1.9272200000000002,176,21,241,17,8.380952380952381,14.176470588235293
491,92,Burnley,h,1.28632,4.25643,1.28632,3.49526,5,18,1,4,0.1042,l,2024-05-04 14:00:00,0,0,1,0,-2.20894,248,21,201,22,11.80952380952381,9.136363636363637
492,92,Burnley,a,0.950331,3.00238,0.950331,3.00238,2,12,1,2,0.2579,l,2024-05-11 14:00:00,0,0,1,0,-2.0520490000000002,274,19,197,24,14.421052631578947,8.208333333333334
493,92,Burnley,h,1.08222,1.57962,1.08222,1.57962,7,5,1,2,0.9702999999999999,l,2024-05-19 15:00:00,0,0,1,0,-0.49740000000000006,117,11,272,3,10.636363636363637,90.66666666666667
494,220,Brighton,h,4.36748,1.88594,3.60631,1.12477,17,5,4,1,2.7246,w,2023-08-12 14:00:00,1,0,0,3,2.48154,110,16,369,16,6.875,23.0625
495,220,Brighton,a,3.15562,2.68821,3.15562,2.68821,14,6,4,1,1.6748,w,2023-08-19 14:00:00,1,0,0,3,0.46740999999999966,263,35,327,24,7.514285714285714,13.625
496,220,Brighton,h,1.3743,2.9527,1.3743,2.9527,23,7,1,3,0.4377,l,2023-08-26 16:30:00,0,0,1,0,-1.5784,80,21,283,10,3.8095238095238093,28.3
497,220,Brighton,h,1.32258,0.90476,1.32258,0.90476,9,7,3,1,1.7291,w,2023-09-02 16:30:00,1,0,0,3,0.4178200000000001,273,27,360,30,10.11111111111111,12.0
498,220,Brighton,a,1.93908,0.719951,1.93908,0.719951,4,5,3,1,2.3165,w,2023-09-16 14:00:00,1,0,0,3,1.219129,289,22,517,23,13.136363636363637,22.47826086956522
499,220,Brighton,h,2.14533,1.58984,2.14533,1.58984,8,4,3,1,1.81,w,2023-09-24 13:00:00,1,0,0,3,0.55549,156,28,352,35,5.571428571428571,10.057142857142857
500,220,Brighton,a,1.72819,1.90746,1.72819,1.90746,11,15,1,6,1.2432999999999998,l,2023-09-30 11:30:00,0,0,1,0,-0.17927000000000004,146,34,321,33,4.294117647058823,9.727272727272727
501,220,Brighton,h,2.23187,2.51029,2.23187,1.74913,4,15,2,2,1.184,d,2023-10-08 13:00:00,0,1,0,1,0.4827399999999997,324,21,277,36,15.428571428571429,7.694444444444445
502,220,Brighton,a,0.963733,0.962509,0.963733,0.962509,4,7,1,2,1.3327,l,2023-10-21 14:00:00,0,0,1,0,0.0012240000000000029,337,23,350,24,14.652173913043478,14.583333333333334
503,220,Brighton,h,1.31996,0.552523,1.31996,0.552523,8,9,1,1,1.9908000000000001,d,2023-10-29 14:00:00,0,1,0,1,0.767437,183,24,570,29,7.625,19.655172413793103
504,220,Brighton,a,0.442489,0.617607,0.442489,0.617607,11,0,1,1,1.064,d,2023-11-04 15:00:00,0,1,0,1,-0.175118,84,9,534,13,9.333333333333334,41.07692307692308
505,220,Brighton,h,1.08601,0.84434,1.08601,0.84434,4,13,1,1,1.5529,d,2023-11-12 14:00:00,0,1,0,1,0.24166999999999994,201,16,413,33,12.5625,12.515151515151516
506,220,Brighton,a,1.21792,2.22655,0.456822,1.46538,9,12,3,2,0.6338,w,2023-11-25 15:00:00,1,0,0,3,-1.0085579999999998,246,14,364,14,17.571428571428573,26.0
507,220,Brighton,a,0.855058,1.66304,0.855058,0.901874,13,8,2,3,0.6573,l,2023-12-03 14:00:00,0,0,1,0,-0.04681599999999997,170,24,359,16,7.083333333333333,22.4375
508,220,Brighton,h,1.54099,1.22007,1.54099,0.458899,19,2,2,1,1.5910000000000002,w,2023-12-06 19:30:00,1,0,0,3,1.0820910000000001,215,24,298,26,8.958333333333334,11.461538461538462
509,220,Brighton,h,2.96247,1.05162,2.96247,1.05162,22,4,1,1,2.5833999999999997,d,2023-12-09 15:00:00,0,1,0,1,1.9108500000000002,160,21,409,14,7.619047619047619,29.214285714285715
510,220,Brighton,a,0.663054,2.76976,0.663054,2.76976,3,19,0,2,0.2353,l,2023-12-17 14:00:00,0,0,1,0,-2.106706,233,12,344,25,19.416666666666668,13.76
511,220,Brighton,a,1.33653,1.65409,1.33653,1.65409,14,9,1,1,1.1088,d,2023-12-21 20:00:00,0,1,0,1,-0.31756000000000006,228,30,456,13,7.6,35.07692307692308
512,220,Brighton,h,3.84702,2.06955,2.32468,2.06955,5,28,4,2,2.4309000000000003,w,2023-12-28 19:30:00,1,0,0,3,0.25512999999999986,265,33,273,22,8.030303030303031,12.409090909090908
513,220,Brighton,a,2.1552,0.9831,2.1552,0.9831,17,4,0,0,2.1981,d,2024-01-02 18:30:00,0,1,0,1,1.1721,214,21,490,13,10.19047619047619,37.69230769230769
514,220,Brighton,h,1.3701,1.14116,1.3701,1.14116,16,4,0,0,1.5261,d,2024-01-22 19:45:00,0,1,0,1,0.22894000000000014,195,22,406,16,8.863636363636363,25.375
515,220,Brighton,a,1.01366,3.63312,1.01366,3.63312,2,5,0,4,0.1054,l,2024-01-30 19:45:00,0,0,1,0,-2.61946,170,24,324,25,7.083333333333333,12.96
516,220,Brighton,h,1.92591,0.241137,1.92591,0.241137,3,3,4,1,2.6679,w,2024-02-03 15:00:00,1,0,0,3,1.684773,261,27,631,31,9.666666666666666,20.35483870967742
517,220,Brighton,a,1.49285,2.10928,0.73168,2.10928,10,13,1,2,0.9348000000000001,l,2024-02-10 15:00:00,0,0,1,0,-1.3776000000000002,280,22,300,22,12.727272727272727,13.636363636363637
518,220,Brighton,a,3.35549,0.586214,3.35549,0.586214,15,3,5,0,2.8676,w,2024-02-18 14:00:00,1,0,0,3,2.769276,101,17,386,2,5.9411764705882355,193.0
519,220,Brighton,h,1.6538,0.286655,1.6538,0.286655,9,4,1,1,2.4414000000000002,d,2024-02-24 15:00:00,0,1,0,1,1.3671449999999998,222,27,391,23,8.222222222222221,17.0
520,220,Brighton,a,1.15198,1.37604,1.15198,1.37604,15,3,0,3,1.1747999999999998,l,2024-03-02 15:00:00,0,0,1,0,-0.22405999999999993,160,26,438,22,6.153846153846154,19.90909090909091
521,220,Brighton,h,0.534518,0.687034,0.534518,0.687034,1,3,1,0,1.1105,w,2024-03-10 14:00:00,1,0,0,3,-0.15251599999999998,227,14,470,17,16.214285714285715,27.647058823529413
522,220,Brighton,a,0.43922,3.21149,0.43922,3.21149,6,24,1,2,0.1056,l,2024-03-31 14:00:00,0,0,1,0,-2.77227,298,16,304,34,18.625,8.941176470588236
523,220,Brighton,a,1.22404,0.423299,1.22404,0.423299,8,8,0,0,2.0572,d,2024-04-03 18:30:00,0,1,0,1,0.800741,175,26,291,18,6.730769230769231,16.166666666666668
524,220,Brighton,h,0.428514,4.16518,0.428514,3.40401,6,18,0,3,0.0305,l,2024-04-06 16:30:00,0,0,1,0,-2.975496,209,23,282,18,9.08695652173913,15.666666666666666
525,220,Brighton,a,0.889445,1.8522,0.889445,1.8522,9,8,1,1,0.6303000000000001,d,2024-04-13 14:00:00,0,1,0,1,-0.962755,263,17,362,30,15.470588235294118,12.066666666666666
526,220,Brighton,h,0.572021,1.90507,0.572021,1.90507,3,3,0,4,0.40890000000000004,l,2024-04-25 19:00:00,0,0,1,0,-1.333049,524,18,314,16,29.11111111111111,19.625
527,220,Brighton,a,1.35682,2.48132,1.35682,2.48132,7,5,0,3,0.6061,l,2024-04-28 13:00:00,0,0,1,0,-1.1245000000000003,127,23,381,27,5.521739130434782,14.11111111111111
528,220,Brighton,h,2.63566,0.0644055,1.75337,0.0644055,4,3,1,0,2.9497999999999998,w,2024-05-05 13:00:00,1,0,0,3,1.6889645,306,29,334,19,10.551724137931034,17.57894736842105
529,220,Brighton,a,1.91556,2.45163,1.91556,2.45163,7,12,1,1,1.041,d,2024-05-11 14:00:00,0,1,0,1,-0.5360700000000003,311,24,241,18,12.958333333333334,13.38888888888889
530,220,Brighton,h,1.32423,1.544,1.32423,1.544,11,10,1,2,1.179,l,2024-05-15 18:45:00,0,0,1,0,-0.21977000000000002,323,21,316,18,15.380952380952381,17.555555555555557
531,220,Brighton,h,1.9717,1.00404,1.9717,1.00404,10,6,0,2,2.0965000000000003,l,2024-05-19 15:00:00,0,0,1,0,0.96766,277,30,334,18,9.233333333333333,18.555555555555557
532,228,Fulham,a,1.58144,2.59001,1.58144,2.59001,6,7,1,0,0.6909,w,2023-08-12 14:00:00,1,0,0,3,-1.00857,174,10,341,23,17.4,14.826086956521738
533,228,Fulham,h,0.399899,3.46888,0.399899,2.70772,8,13,0,3,0.0434,l,2023-08-19 14:00:00,0,0,1,0,-2.307821,241,23,243,19,10.478260869565217,12.789473684210526
534,228,Fulham,a,0.849817,3.23088,0.849817,2.46971,2,22,2,2,0.1577,d,2023-08-26 14:00:00,0,1,0,1,-1.619893,320,9,144,18,35.55555555555556,8.0
535,228,Fulham,a,1.46427,2.00152,1.46427,1.24035,4,8,1,5,0.8146,l,2023-09-02 14:00:00,0,0,1,0,0.2239199999999999,490,20,223,28,24.5,7.964285714285714
536,228,Fulham,h,1.75704,1.45705,1.75704,1.45705,9,3,1,0,1.5917999999999999,w,2023-09-16 14:00:00,1,0,0,3,0.29999,119,18,467,12,6.611111111111111,38.916666666666664
537,228,Fulham,a,0.542678,0.37236,0.542678,0.37236,9,3,0,0,1.4282,d,2023-09-23 14:00:00,0,1,0,1,0.17031799999999997,275,30,253,18,9.166666666666666,14.055555555555555
538,228,Fulham,h,0.889383,1.98461,0.889383,1.98461,7,8,0,2,0.554,l,2023-10-02 19:00:00,0,0,1,0,-1.095227,306,29,361,25,10.551724137931034,14.44
539,228,Fulham,h,2.26612,0.251809,2.26612,0.251809,9,0,3,1,2.7355,w,2023-10-07 14:00:00,1,0,0,3,2.0143109999999997,168,27,242,23,6.222222222222222,10.521739130434783
540,228,Fulham,a,0.745838,1.63523,0.745838,1.63523,5,13,0,2,0.6673,l,2023-10-23 19:00:00,0,0,1,0,-0.889392,383,28,284,23,13.678571428571429,12.347826086956522
541,228,Fulham,a,0.552523,1.31996,0.552523,1.31996,9,8,1,1,0.7293,d,2023-10-29 14:00:00,0,1,0,1,-0.767437,570,29,183,24,19.655172413793103,7.625
542,228,Fulham,h,1.18241,0.697095,1.18241,0.697095,3,7,0,1,1.7575,l,2023-11-04 12:30:00,0,0,1,0,0.48531499999999994,254,15,184,22,16.933333333333334,8.363636363636363
543,228,Fulham,a,0.648745,2.86039,0.648745,2.86039,2,8,1,3,0.1035,l,2023-11-12 14:00:00,0,0,1,0,-2.2116450000000003,331,35,296,18,9.457142857142857,16.444444444444443
544,228,Fulham,h,2.49057,1.57875,0.968233,0.817578,12,4,3,2,2.1248,w,2023-11-27 20:00:00,1,0,0,3,0.15065499999999998,265,31,381,11,8.548387096774194,34.63636363636363
545,228,Fulham,a,1.51005,2.72831,1.51005,2.72831,5,17,3,4,0.6202,l,2023-12-03 14:00:00,0,0,1,0,-1.2182600000000001,343,24,192,23,14.291666666666666,8.347826086956522
546,228,Fulham,h,3.09427,0.218659,3.09427,0.218659,14,0,5,0,2.9511,w,2023-12-06 19:30:00,1,0,0,3,2.8756109999999997,251,23,396,19,10.91304347826087,20.842105263157894
547,228,Fulham,h,2.1884,0.983,2.1884,0.983,10,5,5,0,2.2481999999999998,w,2023-12-10 14:00:00,1,0,0,3,1.2054,279,15,485,24,18.6,20.208333333333332
548,228,Fulham,a,0.471042,4.27933,0.471042,4.27933,4,23,0,3,0.012199999999999999,l,2023-12-16 15:00:00,0,0,1,0,-3.8082879999999997,331,11,146,18,30.09090909090909,8.11111111111111
549,228,Fulham,h,1.38096,0.41714,1.38096,0.41714,12,2,0,2,2.1710000000000003,l,2023-12-23 15:00:00,0,0,1,0,0.9638199999999999,191,16,391,33,11.9375,11.848484848484848
550,228,Fulham,a,0.324365,2.07911,0.324365,1.31795,9,9,0,3,0.1947,l,2023-12-26 15:00:00,0,0,1,0,-0.9935849999999999,238,29,307,28,8.206896551724139,10.964285714285714
551,228,Fulham,h,1.52829,1.6591,1.52829,1.6591,5,5,2,1,1.2496,w,2023-12-31 14:00:00,1,0,0,3,-0.1308100000000001,372,17,243,20,21.88235294117647,12.15
552,228,Fulham,a,0.697847,2.0456,0.697847,1.28443,10,15,0,1,0.40900000000000003,l,2024-01-13 12:30:00,0,0,1,0,-0.586583,268,25,226,27,10.72,8.37037037037037
553,228,Fulham,h,2.37499,2.83317,2.37499,2.83317,6,6,0,0,1.1374,d,2024-01-30 19:45:00,0,1,0,1,-0.45818000000000003,119,10,349,30,11.9,11.633333333333333
554,228,Fulham,a,1.28806,1.00428,1.28806,1.00428,7,3,2,2,1.5704,d,2024-02-03 15:00:00,0,1,0,1,0.2837799999999999,222,20,285,19,11.1,15.0
555,228,Fulham,h,1.7456,2.60612,1.7456,2.60612,8,21,3,1,0.8289,w,2024-02-10 15:00:00,1,0,0,3,-0.8605200000000002,227,18,225,32,12.61111111111111,7.03125
556,228,Fulham,h,1.41796,1.57297,1.41796,1.57297,9,2,1,2,1.2357,l,2024-02-17 15:00:00,0,0,1,0,-0.15500999999999987,277,22,276,11,12.590909090909092,25.09090909090909
557,228,Fulham,a,1.1385,1.96036,1.1385,1.96036,11,11,2,1,0.7538,w,2024-02-24 15:00:00,1,0,0,3,-0.82186,265,16,236,22,16.5625,10.727272727272727
558,228,Fulham,h,1.37604,1.15198,1.37604,1.15198,3,15,3,0,1.5447,w,2024-03-02 15:00:00,1,0,0,3,0.22405999999999993,438,22,160,26,19.90909090909091,6.153846153846154
559,228,Fulham,a,2.94155,1.29589,2.94155,1.29589,15,9,1,2,2.4022,l,2024-03-09 15:00:00,0,0,1,0,1.64566,261,18,319,17,14.5,18.764705882352942
560,228,Fulham,h,2.47234,2.14564,2.47234,2.14564,12,14,3,0,1.6002,w,2024-03-16 17:30:00,1,0,0,3,0.32669999999999977,313,29,203,20,10.793103448275861,10.15
561,228,Fulham,a,1.10254,1.78824,1.10254,1.78824,10,4,3,3,0.8092999999999999,d,2024-03-30 15:00:00,0,1,0,1,-0.6857,91,13,320,17,7.0,18.823529411764707
562,228,Fulham,a,1.04304,1.94619,1.04304,1.94619,8,6,1,3,0.7301,l,2024-04-02 18:30:00,0,0,1,0,-0.9031500000000001,176,20,316,10,8.8,31.6
563,228,Fulham,h,0.834564,1.18012,0.834564,1.18012,11,7,0,1,1.0251000000000001,l,2024-04-06 14:00:00,0,0,1,0,-0.3455560000000001,144,25,307,23,5.76,13.347826086956522
564,228,Fulham,a,3.61413,1.45307,3.61413,1.45307,10,3,2,0,2.6252999999999997,w,2024-04-14 13:00:00,1,0,0,3,2.16106,293,22,237,17,13.318181818181818,13.941176470588236
565,228,Fulham,h,0.83885,1.02445,0.83885,1.02445,8,9,1,3,1.2061000000000002,l,2024-04-21 15:30:00,0,0,1,0,-0.1856000000000001,468,9,257,21,52.0,12.238095238095237
566,228,Fulham,h,1.39418,1.05387,1.39418,1.05387,7,7,1,1,1.6663000000000001,d,2024-04-27 14:00:00,0,1,0,1,0.3403099999999999,246,24,324,28,10.25,11.571428571428571
567,228,Fulham,a,1.45579,0.809379,1.45579,0.809379,3,6,0,0,1.8929,d,2024-05-04 14:00:00,0,1,0,1,0.646411,280,15,194,21,18.666666666666668,9.238095238095237
568,228,Fulham,h,0.0886245,3.15218,0.0886245,2.39101,1,13,0,4,0.0252,l,2024-05-11 11:30:00,0,0,1,0,-2.3023855,470,11,303,17,42.72727272727273,17.823529411764707
569,228,Fulham,a,1.11598,2.06743,1.11598,1.30626,5,4,4,2,0.6769000000000001,w,2024-05-19 15:00:00,1,0,0,3,-0.19028,168,16,264,19,10.5,13.894736842105264
570,229,Wolverhampton Wanderers,a,1.72228,1.97087,1.72228,1.97087,12,16,0,1,1.1733,l,2023-08-14 19:00:00,0,0,1,0,-0.24858999999999987,243,18,233,32,13.5,7.28125
571,229,Wolverhampton Wanderers,h,2.68821,3.15562,2.68821,3.15562,6,14,1,4,1.1195,l,2023-08-19 14:00:00,0,0,1,0,-0.46740999999999966,327,24,263,35,13.625,7.514285714285714
572,229,Wolverhampton Wanderers,a,1.40228,1.89792,1.40228,1.89792,4,7,1,0,1.0219,w,2023-08-26 14:00:00,1,0,0,3,-0.4956400000000001,194,19,313,24,10.210526315789474,13.041666666666666
573,229,Wolverhampton Wanderers,a,1.13911,2.32935,1.13911,2.32935,8,11,2,3,0.5703,l,2023-09-03 13:00:00,0,0,1,0,-1.1902399999999997,191,29,296,25,6.586206896551724,11.84
574,229,Wolverhampton Wanderers,h,0.538833,2.82701,0.538833,2.82701,9,16,1,3,0.12719999999999998,l,2023-09-16 11:30:00,0,0,1,0,-2.288177,404,22,210,21,18.363636363636363,10.0
575,229,Wolverhampton Wanderers,a,0.762984,2.24101,0.762984,1.47984,1,17,1,1,0.30569999999999997,d,2023-09-23 14:00:00,0,1,0,1,-0.716856,186,15,191,28,12.4,6.821428571428571
576,229,Wolverhampton Wanderers,h,0.673985,0.98075,0.673985,0.98075,1,13,2,1,1.0944,w,2023-09-30 14:00:00,1,0,0,3,-0.30676500000000007,209,13,149,28,16.076923076923077,5.321428571428571
577,229,Wolverhampton Wanderers,h,1.76232,1.81618,1.76232,1.81618,3,9,1,1,1.3605,d,2023-10-08 13:00:00,0,1,0,1,-0.0538599999999998,239,21,223,15,11.380952380952381,14.866666666666667
578,229,Wolverhampton Wanderers,a,2.30454,1.01839,2.30454,1.01839,15,5,2,1,2.294,w,2023-10-21 14:00:00,1,0,0,3,1.28615,136,21,298,21,6.476190476190476,14.19047619047619
579,229,Wolverhampton Wanderers,h,0.863393,2.31987,0.863393,1.5587,8,3,2,2,0.3476,d,2023-10-28 16:30:00,0,1,0,1,-0.695307,331,28,217,30,11.821428571428571,7.233333333333333
580,229,Wolverhampton Wanderers,a,1.14803,1.10165,1.14803,0.340518,4,3,1,2,1.3507,l,2023-11-04 15:00:00,0,0,1,0,0.8075120000000001,120,5,310,32,24.0,9.6875
581,229,Wolverhampton Wanderers,h,1.90884,0.432315,1.90884,0.432315,6,5,2,1,2.4936000000000003,w,2023-11-11 12:30:00,1,0,0,3,1.476525,381,37,256,29,10.297297297297296,8.827586206896552
582,229,Wolverhampton Wanderers,a,1.57875,2.49057,0.817578,0.968233,4,12,2,3,0.6443,l,2023-11-27 20:00:00,0,0,1,0,-0.15065499999999998,381,11,265,31,34.63636363636363,8.548387096774194
583,229,Wolverhampton Wanderers,a,1.07886,3.30368,1.07886,3.30368,1,16,1,2,0.2162,l,2023-12-02 15:00:00,0,0,1,0,-2.2248200000000002,290,17,276,32,17.058823529411764,8.625
584,229,Wolverhampton Wanderers,h,1.11886,0.781542,1.11886,0.781542,4,2,1,0,1.6513,w,2023-12-05 19:30:00,1,0,0,3,0.337318,216,19,289,25,11.368421052631579,11.56
585,229,Wolverhampton Wanderers,h,1.02199,1.21801,1.02199,1.21801,4,5,1,1,1.1472000000000002,d,2023-12-09 15:00:00,0,1,0,1,-0.19602000000000008,158,18,396,21,8.777777777777779,18.857142857142858
586,229,Wolverhampton Wanderers,a,0.556206,1.03828,0.556206,1.03828,9,4,0,3,0.8795999999999999,l,2023-12-17 14:00:00,0,0,1,0,-0.4820740000000001,217,27,289,25,8.037037037037036,11.56
587,229,Wolverhampton Wanderers,h,1.74626,1.75447,1.74626,1.75447,6,19,2,1,1.3435,w,2023-12-24 13:00:00,1,0,0,3,-0.00821000000000005,334,29,114,17,11.517241379310345,6.705882352941177
588,229,Wolverhampton Wanderers,a,1.89483,2.59347,1.89483,2.59347,7,15,4,1,0.9208000000000001,w,2023-12-27 19:30:00,1,0,0,3,-0.6986399999999999,298,22,220,21,13.545454545454545,10.476190476190476
589,229,Wolverhampton Wanderers,h,2.64477,0.519641,2.64477,0.519641,10,3,3,0,2.8174,w,2023-12-30 15:00:00,1,0,0,3,2.125129,238,22,297,36,10.818181818181818,8.25
590,229,Wolverhampton Wanderers,a,1.14116,1.3701,1.14116,1.3701,4,16,0,0,1.1415,d,2024-01-22 19:45:00,0,1,0,1,-0.22894000000000014,406,16,195,22,25.375,8.863636363636363
591,229,Wolverhampton Wanderers,h,2.27609,3.22698,1.51492,3.22698,9,9,3,4,0.773,l,2024-02-01 20:15:00,0,0,1,0,-1.7120600000000001,276,18,264,21,15.333333333333334,12.571428571428571
592,229,Wolverhampton Wanderers,a,2.48996,2.35967,1.72879,2.35967,6,13,4,2,1.4731,w,2024-02-04 14:00:00,1,0,0,3,-0.6308799999999999,337,19,219,25,17.736842105263158,8.76
593,229,Wolverhampton Wanderers,h,1.05781,1.84908,1.05781,1.84908,7,3,0,2,0.7488,l,2024-02-10 15:00:00,0,0,1,0,-0.7912700000000001,110,19,317,20,5.7894736842105265,15.85
594,229,Wolverhampton Wanderers,a,1.77591,1.59768,1.77591,1.59768,5,19,2,1,1.5262,w,2024-02-17 15:00:00,1,0,0,3,0.1782300000000001,292,19,139,28,15.368421052631579,4.964285714285714
595,229,Wolverhampton Wanderers,h,1.21618,0.654342,1.21618,0.654342,7,5,1,0,1.8486999999999998,w,2024-02-25 13:30:00,1,0,0,3,0.5618380000000001,177,11,394,15,16.09090909090909,26.266666666666666
596,229,Wolverhampton Wanderers,a,0.507769,3.33495,0.507769,3.33495,5,8,0,3,0.06659999999999999,l,2024-03-02 15:00:00,0,0,1,0,-2.827181,265,18,331,31,14.722222222222221,10.67741935483871
597,229,Wolverhampton Wanderers,h,1.29589,2.94155,1.29589,2.94155,9,15,2,1,0.4423,w,2024-03-09 15:00:00,1,0,0,3,-1.64566,319,17,261,18,18.764705882352942,14.5
598,229,Wolverhampton Wanderers,a,1.66232,1.28271,1.66232,1.28271,5,5,0,2,1.6791,l,2024-03-30 17:30:00,0,0,1,0,0.37961,276,36,283,20,7.666666666666667,14.15
599,229,Wolverhampton Wanderers,a,1.01021,1.12581,1.01021,1.12581,4,11,1,1,1.2395,d,2024-04-02 18:45:00,0,1,0,1,-0.11559999999999993,216,15,308,35,14.4,8.8
600,229,Wolverhampton Wanderers,h,1.78341,1.14133,1.02224,0.380163,12,3,1,2,1.9590999999999998,l,2024-04-06 14:00:00,0,0,1,0,0.642077,219,25,378,33,8.76,11.454545454545455
601,229,Wolverhampton Wanderers,a,1.45688,1.76244,1.45688,1.76244,3,6,2,2,1.1421,d,2024-04-13 14:00:00,0,1,0,1,-0.30556000000000005,208,16,357,30,13.0,11.9
602,229,Wolverhampton Wanderers,h,0.164516,1.66179,0.164516,1.66179,2,20,0,2,0.2613,l,2024-04-20 18:30:00,0,0,1,0,-1.497274,281,18,314,23,15.61111111111111,13.652173913043478
603,229,Wolverhampton Wanderers,h,0.484454,2.40311,0.484454,2.40311,7,12,0,1,0.25270000000000004,l,2024-04-24 18:45:00,0,0,1,0,-1.918656,131,16,286,34,8.1875,8.411764705882353
604,229,Wolverhampton Wanderers,h,1.49011,0.90435,1.49011,0.90435,2,6,2,1,1.8716,w,2024-04-27 14:00:00,1,0,0,3,0.5857600000000001,241,20,429,45,12.05,9.533333333333333
605,229,Wolverhampton Wanderers,a,0.396887,4.52542,0.396887,3.00308,1,19,1,5,0.011200000000000002,l,2024-05-04 16:30:00,0,0,1,0,-2.606193,329,25,307,22,13.16,13.954545454545455
606,229,Wolverhampton Wanderers,h,1.1561,2.51452,1.1561,2.51452,5,9,1,3,0.4649,l,2024-05-11 14:00:00,0,0,1,0,-1.3584200000000002,172,30,330,27,5.733333333333333,12.222222222222221
607,229,Wolverhampton Wanderers,a,0.731254,5.65937,0.731254,5.65937,1,22,0,2,0.0069,l,2024-05-19 15:00:00,0,0,1,0,-4.928116,249,15,158,31,16.6,5.096774193548387
608,238,Sheffield United,h,0.422704,2.27616,0.422704,2.27616,2,9,0,1,0.2253,l,2023-08-12 14:00:00,0,0,1,0,-1.853456,312,22,101,23,14.181818181818182,4.391304347826087
609,238,Sheffield United,a,0.551038,1.37181,0.551038,1.37181,4,6,1,2,0.6533,l,2023-08-18 18:45:00,0,0,1,0,-0.820772,238,19,238,15,12.526315789473685,15.866666666666667
610,238,Sheffield United,h,0.762232,3.84804,0.762232,3.08687,3,22,1,2,0.07400000000000001,l,2023-08-27 13:00:00,0,0,1,0,-2.3246379999999998,406,11,92,14,36.90909090909091,6.571428571428571
611,238,Sheffield United,h,1.575,2.73871,1.575,2.73871,5,3,2,2,0.5813999999999999,d,2023-09-02 11:30:00,0,1,0,1,-1.1637100000000002,256,20,225,26,12.8,8.653846153846153
612,238,Sheffield United,a,0.790655,2.15909,0.790655,2.15909,4,21,1,2,0.49179999999999996,l,2023-09-16 14:00:00,0,0,1,0,-1.3684349999999998,306,21,133,28,14.571428571428571,4.75
613,238,Sheffield United,h,0.579392,5.1082,0.579392,5.1082,5,11,0,8,0.018000000000000002,l,2023-09-24 15:30:00,0,0,1,0,-4.528808,373,25,262,30,14.92,8.733333333333333
614,238,Sheffield United,a,0.911997,3.19753,0.911997,3.19753,5,16,0,2,0.21350000000000002,l,2023-09-30 14:00:00,0,0,1,0,-2.285533,319,15,226,16,21.266666666666666,14.125
615,238,Sheffield United,a,0.251809,2.26612,0.251809,2.26612,0,9,1,3,0.1633,l,2023-10-07 14:00:00,0,0,1,0,-2.0143109999999997,242,23,168,27,10.521739130434783,6.222222222222222
616,238,Sheffield United,h,1.41074,1.46187,0.649567,1.46187,7,7,1,2,1.3211,l,2023-10-21 19:00:00,0,0,1,0,-0.812303,296,21,135,11,14.095238095238095,12.272727272727273
617,238,Sheffield United,a,0.0281554,3.03496,0.0281554,2.27379,1,9,0,5,0.0162,l,2023-10-28 14:00:00,0,0,1,0,-2.2456346,402,13,191,16,30.923076923076923,11.9375
618,238,Sheffield United,h,1.10165,1.14803,0.340518,1.14803,3,4,2,1,1.276,w,2023-11-04 15:00:00,1,0,0,3,-0.8075120000000001,310,32,120,5,9.6875,24.0
619,238,Sheffield United,a,0.84434,1.08601,0.84434,1.08601,13,4,1,1,1.1143,d,2023-11-12 14:00:00,0,1,0,1,-0.24166999999999994,413,33,201,16,12.515151515151516,12.5625
620,238,Sheffield United,h,0.816227,3.13975,0.816227,3.13975,7,7,1,3,0.2165,l,2023-11-25 15:00:00,0,0,1,0,-2.323523,275,26,193,11,10.576923076923077,17.545454545454547
621,238,Sheffield United,a,0.618131,2.60469,0.618131,2.60469,3,13,0,5,0.2195,l,2023-12-02 15:00:00,0,0,1,0,-1.9865590000000002,275,18,194,17,15.277777777777779,11.411764705882353
622,238,Sheffield United,h,0.834172,1.80116,0.834172,1.80116,2,14,0,2,0.6531,l,2023-12-06 19:30:00,0,0,1,0,-0.9669880000000001,363,14,57,18,25.928571428571427,3.1666666666666665
623,238,Sheffield United,h,0.841976,0.644638,0.841976,0.644638,6,7,1,0,1.5383,w,2023-12-09 15:00:00,1,0,0,3,0.1973379999999999,268,22,147,20,12.181818181818182,7.35
624,238,Sheffield United,a,0.44014,3.27322,0.44014,3.27322,3,13,0,2,0.0555,l,2023-12-16 15:00:00,0,0,1,0,-2.83308,471,22,101,27,21.40909090909091,3.740740740740741
625,238,Sheffield United,a,0.646159,1.21861,0.646159,1.21861,2,10,1,1,0.8372999999999999,d,2023-12-22 20:00:00,0,1,0,1,-0.5724509999999999,344,22,78,18,15.636363636363637,4.333333333333333
626,238,Sheffield United,h,3.61788,0.715575,3.61788,0.715575,7,3,2,3,2.8706,l,2023-12-26 15:00:00,0,0,1,0,2.902305,187,25,156,21,7.48,7.428571428571429
627,238,Sheffield United,a,0.263211,2.24229,0.263211,2.24229,1,12,0,2,0.1055,l,2023-12-30 15:00:00,0,0,1,0,-1.979079,467,4,134,14,116.75,9.571428571428571
628,238,Sheffield United,h,2.61362,2.4241,1.85245,1.66293,9,5,2,2,1.5154999999999998,d,2024-01-21 14:00:00,0,1,0,1,0.1895199999999999,196,23,271,24,8.521739130434783,11.291666666666666
629,238,Sheffield United,a,0.768467,1.1601,0.768467,1.1601,7,8,2,3,0.954,l,2024-01-30 20:00:00,0,0,1,0,-0.3916329999999999,243,31,224,25,7.838709677419355,8.96
630,238,Sheffield United,h,1.52784,2.99015,1.52784,2.99015,7,5,0,5,0.4546,l,2024-02-03 17:30:00,0,0,1,0,-1.4623099999999998,464,19,192,14,24.42105263157895,13.714285714285714
631,238,Sheffield United,a,1.98283,1.76215,1.22166,1.00099,4,9,3,1,1.5505,w,2024-02-10 15:00:00,1,0,0,3,0.22066999999999992,269,18,64,16,14.944444444444445,4.0
632,238,Sheffield United,h,0.586214,3.35549,0.586214,3.35549,3,15,0,5,0.0842,l,2024-02-18 14:00:00,0,0,1,0,-2.769276,386,2,101,17,193.0,5.9411764705882355
633,238,Sheffield United,a,0.654342,1.21618,0.654342,1.21618,5,7,0,1,0.8488,l,2024-02-25 13:30:00,0,0,1,0,-0.5618380000000001,394,15,177,11,26.266666666666666,16.09090909090909
634,238,Sheffield United,h,0.201374,2.47294,0.201374,2.47294,2,22,0,6,0.1286,l,2024-03-04 20:00:00,0,0,1,0,-2.271566,449,12,110,9,37.416666666666664,12.222222222222221
635,238,Sheffield United,a,1.91752,3.92657,1.91752,3.1654,2,15,2,2,0.38849999999999996,d,2024-03-09 15:00:00,0,1,0,1,-1.24788,208,11,103,21,18.90909090909091,4.904761904761905
636,238,Sheffield United,h,1.78824,1.10254,1.78824,1.10254,4,10,3,3,1.9441999999999997,d,2024-03-30 15:00:00,0,1,0,1,0.6857,320,17,91,13,18.823529411764707,7.0
637,238,Sheffield United,a,0.720948,2.51772,0.720948,2.51772,2,18,1,3,0.3073,l,2024-04-04 18:30:00,0,0,1,0,-1.7967720000000003,396,15,59,23,26.4,2.5652173913043477
638,238,Sheffield United,h,1.74265,0.521789,1.74265,0.521789,6,6,2,2,2.3649,d,2024-04-07 16:30:00,0,1,0,1,1.2208610000000002,474,23,159,21,20.608695652173914,7.571428571428571
639,238,Sheffield United,a,0.834498,1.09071,0.834498,1.09071,6,5,0,2,1.1159,l,2024-04-13 14:00:00,0,0,1,0,-0.2562120000000001,204,16,159,20,12.75,7.95
640,238,Sheffield United,h,1.97816,2.42338,1.97816,2.42338,9,6,1,4,1.072,l,2024-04-20 14:00:00,0,0,1,0,-0.44521999999999995,278,22,246,19,12.636363636363637,12.947368421052632
641,238,Sheffield United,a,1.20517,3.51311,1.20517,2.75194,2,14,2,4,0.2248,l,2024-04-24 19:00:00,0,0,1,0,-1.5467699999999998,393,18,158,25,21.833333333333332,6.32
642,238,Sheffield United,a,1.82408,2.93477,1.82408,2.17361,4,18,1,5,0.7273,l,2024-04-27 14:00:00,0,0,1,0,-0.3495300000000001,294,20,214,26,14.7,8.23076923076923
643,238,Sheffield United,h,2.48986,1.93818,1.72869,1.93818,8,6,1,3,1.743,l,2024-05-04 14:00:00,0,0,1,0,-0.20948999999999995,224,21,274,17,10.666666666666666,16.11764705882353
644,238,Sheffield United,a,0.465523,1.82411,0.465523,1.82411,4,9,0,1,0.3558,l,2024-05-11 14:00:00,0,0,1,0,-1.358587,242,17,216,21,14.235294117647058,10.285714285714286
645,238,Sheffield United,h,0.697312,3.19675,0.697312,3.19675,2,14,0,3,0.107,l,2024-05-19 15:00:00,0,0,1,0,-2.499438,441,13,114,23,33.92307692307692,4.956521739130435
646,244,Brentford,h,1.90756,1.45316,1.1464,1.45316,11,7,2,2,1.7563,d,2023-08-13 13:00:00,0,1,0,1,-0.3067599999999999,282,20,182,31,14.1,5.870967741935484
647,244,Brentford,a,3.46888,0.399899,2.70772,0.399899,13,8,3,0,2.9282,w,2023-08-19 14:00:00,1,0,0,3,2.307821,243,19,241,23,12.789473684210526,10.478260869565217
648,244,Brentford,h,0.948011,1.06061,0.948011,1.06061,5,5,1,1,1.2513,d,2023-08-26 14:00:00,0,1,0,1,-0.112599,160,25,318,25,6.4,12.72
649,244,Brentford,h,3.07185,2.11013,3.07185,2.11013,15,5,2,2,2.0028,d,2023-09-02 14:00:00,0,1,0,1,0.9617200000000001,137,24,294,21,5.708333333333333,14.0
650,244,Brentford,a,0.633678,1.50126,0.633678,0.740091,4,8,0,1,0.5686,l,2023-09-16 16:30:00,0,0,1,0,-0.10641300000000009,215,27,176,23,7.962962962962963,7.6521739130434785
651,244,Brentford,h,1.57402,2.51497,1.57402,2.51497,6,10,1,3,0.7358,l,2023-09-23 16:30:00,0,0,1,0,-0.94095,210,15,359,25,14.0,14.36
652,244,Brentford,a,1.75862,0.800317,1.75862,0.800317,11,2,1,1,2.0866,d,2023-10-01 13:00:00,0,1,0,1,0.9583030000000001,219,14,327,8,15.642857142857142,40.875
653,244,Brentford,a,1.02509,1.29356,1.02509,1.29356,2,17,1,2,1.1315,l,2023-10-07 14:00:00,0,0,1,0,-0.26847,194,23,171,20,8.434782608695652,8.55
654,244,Brentford,h,3.15685,0.693129,3.15685,0.693129,15,3,3,0,2.7946,w,2023-10-21 14:00:00,1,0,0,3,2.463721,271,28,220,15,9.678571428571429,14.666666666666666
655,244,Brentford,a,2.48137,1.71801,2.48137,1.71801,6,16,2,0,1.9344000000000001,w,2023-10-28 11:30:00,1,0,0,3,0.76336,270,13,175,29,20.76923076923077,6.0344827586206895
656,244,Brentford,h,1.82944,1.75505,1.82944,1.75505,9,6,3,2,1.3871,w,2023-11-04 15:00:00,1,0,0,3,0.07438999999999996,168,14,306,23,12.0,13.304347826086957
657,244,Brentford,a,1.44954,1.56004,1.44954,1.56004,8,11,0,3,1.2795,l,2023-11-12 14:00:00,0,0,1,0,-0.11050000000000004,233,22,178,27,10.590909090909092,6.592592592592593
658,244,Brentford,h,1.66315,1.82699,1.66315,1.82699,4,4,0,1,1.2753999999999999,l,2023-11-25 17:30:00,0,0,1,0,-0.16383999999999999,179,21,115,15,8.523809523809524,7.666666666666667
659,244,Brentford,h,3.25952,0.227176,3.25952,0.227176,4,3,3,1,2.9280999999999997,w,2023-12-02 15:00:00,1,0,0,3,3.032344,141,29,300,10,4.862068965517241,30.0
660,244,Brentford,a,1.22007,1.54099,0.458899,1.54099,2,19,1,2,1.0969,l,2023-12-06 19:30:00,0,0,1,0,-1.0820910000000001,298,26,215,24,11.461538461538462,8.958333333333334
661,244,Brentford,a,0.644638,0.841976,0.644638,0.841976,7,6,0,1,1.0960999999999999,l,2023-12-09 15:00:00,0,0,1,0,-0.1973379999999999,147,20,268,22,7.35,12.181818181818182
662,244,Brentford,h,0.796812,1.4664,0.796812,1.4664,4,13,1,2,0.8138000000000001,l,2023-12-17 14:00:00,0,0,1,0,-0.669588,203,39,114,18,5.205128205128205,6.333333333333333
663,244,Brentford,h,2.59347,1.89483,2.59347,1.89483,15,7,1,4,1.8538,l,2023-12-27 19:30:00,0,0,1,0,0.6986399999999999,220,21,298,22,10.476190476190476,13.545454545454545
664,244,Brentford,a,1.28731,1.61057,1.28731,1.61057,6,13,1,3,1.1175000000000002,l,2023-12-30 15:00:00,0,0,1,0,-0.3232600000000001,186,20,256,28,9.3,9.142857142857142
665,244,Brentford,h,1.94219,1.22251,1.94219,1.22251,4,9,3,2,1.9264000000000001,w,2024-01-20 17:30:00,1,0,0,3,0.7196800000000001,184,23,247,19,8.0,13.0
666,244,Brentford,a,1.59637,3.36194,1.59637,3.36194,13,15,2,3,0.388,l,2024-01-31 19:30:00,0,0,1,0,-1.76557,208,22,114,21,9.454545454545455,5.428571428571429
667,244,Brentford,h,0.865741,2.10785,0.865741,2.10785,3,12,1,3,0.5676,l,2024-02-05 20:00:00,0,0,1,0,-1.2421090000000001,286,11,161,16,26.0,10.0625
668,244,Brentford,a,1.84908,1.05781,1.84908,1.05781,3,7,2,0,2.0106,w,2024-02-10 15:00:00,1,0,0,3,0.7912700000000001,317,20,110,19,15.85,5.7894736842105265
669,244,Brentford,h,1.69518,3.08952,1.69518,3.08952,10,11,1,4,0.5613,l,2024-02-17 12:30:00,0,0,1,0,-1.39434,272,20,162,22,13.6,7.363636363636363
670,244,Brentford,a,0.503799,2.53766,0.503799,2.53766,1,19,0,1,0.23420000000000002,l,2024-02-20 18:30:00,0,0,1,0,-2.033861,193,11,173,14,17.545454545454547,12.357142857142858
671,244,Brentford,a,1.33683,2.06873,1.33683,2.06873,11,5,2,4,0.8093,l,2024-02-26 20:00:00,0,0,1,0,-0.7319,168,26,286,20,6.461538461538462,14.3
672,244,Brentford,h,2.4732,2.1523,2.4732,2.1523,3,9,2,2,1.5665000000000002,d,2024-03-02 15:00:00,0,1,0,1,0.32089999999999996,364,27,122,21,13.481481481481481,5.809523809523809
673,244,Brentford,a,0.733239,1.59369,0.733239,1.59369,3,20,1,2,0.7012,l,2024-03-09 17:30:00,0,0,1,0,-0.8604510000000001,219,15,83,10,14.6,8.3
674,244,Brentford,a,1.25123,2.69776,1.25123,1.93659,8,12,1,2,0.45799999999999996,l,2024-03-16 15:00:00,0,0,1,0,-0.68536,153,26,138,21,5.884615384615385,6.571428571428571
675,244,Brentford,h,3.16487,0.989565,3.16487,0.989565,21,7,1,1,2.6005000000000003,d,2024-03-30 20:00:00,0,1,0,1,2.175305,211,16,144,20,13.1875,7.2
676,244,Brentford,h,0.423299,1.22404,0.423299,1.22404,8,8,0,0,0.649,d,2024-04-03 18:30:00,0,1,0,1,-0.800741,291,18,175,26,16.166666666666668,6.730769230769231
677,244,Brentford,a,1.42064,1.16333,1.42064,1.16333,3,6,3,3,1.6237,d,2024-04-06 14:00:00,0,1,0,1,0.2573099999999999,231,14,128,19,16.5,6.7368421052631575
678,244,Brentford,h,1.09071,0.834498,1.09071,0.834498,5,6,2,0,1.5566,w,2024-04-13 14:00:00,1,0,0,3,0.2562120000000001,159,20,204,16,7.95,12.75
679,244,Brentford,a,3.7809,0.497799,3.7809,0.497799,13,6,5,1,2.9222,w,2024-04-20 14:00:00,1,0,0,3,3.283101,194,26,178,16,7.461538461538462,11.125
680,244,Brentford,a,0.956356,1.21399,0.956356,1.21399,8,10,0,1,1.1396,l,2024-04-27 16:30:00,0,0,1,0,-0.2576339999999999,189,23,249,15,8.217391304347826,16.6
681,244,Brentford,h,0.809379,1.45579,0.809379,1.45579,6,3,0,0,0.8108000000000001,d,2024-05-04 14:00:00,0,1,0,1,-0.646411,194,21,280,15,9.238095238095237,18.666666666666668
682,244,Brentford,a,1.92722,1.07237,1.92722,1.07237,11,11,2,1,2.0244999999999997,w,2024-05-11 14:00:00,1,0,0,3,0.8548499999999999,122,23,184,23,5.304347826086956,8.0
683,244,Brentford,h,1.70157,3.65044,1.70157,3.65044,5,12,2,4,0.3532,l,2024-05-19 15:00:00,0,0,1,0,-1.94887,167,22,257,23,7.590909090909091,11.173913043478262
684,249,Nottingham Forest,a,0.966305,0.84262,0.966305,0.84262,4,9,1,2,1.4883000000000002,l,2023-08-12 11:30:00,0,0,1,0,0.12368499999999993,441,10,108,27,44.1,4.0
685,249,Nottingham Forest,h,1.37181,0.551038,1.37181,0.551038,6,4,2,1,2.0681000000000003,w,2023-08-18 18:45:00,1,0,0,3,0.820772,238,15,238,19,15.866666666666667,12.526315789473685
686,249,Nottingham Forest,a,0.960354,3.02803,0.960354,2.26686,5,13,2,3,0.2116,l,2023-08-26 14:00:00,0,0,1,0,-1.3065059999999997,258,13,160,19,19.846153846153847,8.421052631578947
687,249,Nottingham Forest,a,1.1505,2.28442,1.1505,2.28442,2,18,1,0,0.5925,w,2023-09-02 14:00:00,1,0,0,3,-1.1339199999999998,347,18,118,19,19.27777777777778,6.2105263157894735
688,249,Nottingham Forest,h,0.705795,0.807651,0.705795,0.807651,9,1,1,1,1.1841,d,2023-09-18 18:45:00,0,1,0,1,-0.10185600000000006,305,20,216,24,15.25,9.0
689,249,Nottingham Forest,a,0.729109,1.33984,0.729109,1.33984,7,7,0,2,0.8057,l,2023-09-23 14:00:00,0,0,1,0,-0.6107309999999999,269,19,189,9,14.157894736842104,21.0
690,249,Nottingham Forest,h,0.800317,1.75862,0.800317,1.75862,2,11,1,1,0.6775,d,2023-10-01 13:00:00,0,1,0,1,-0.9583030000000001,327,8,219,14,40.875,15.642857142857142
691,249,Nottingham Forest,a,1.22105,0.982452,1.22105,0.982452,12,5,0,0,1.5332000000000001,d,2023-10-07 16:30:00,0,1,0,1,0.23859799999999998,310,22,282,17,14.090909090909092,16.58823529411765
692,249,Nottingham Forest,h,3.27549,1.49555,3.27549,1.49555,4,6,2,2,2.4776,d,2023-10-21 14:00:00,0,1,0,1,1.77994,160,18,292,18,8.88888888888889,16.22222222222222
693,249,Nottingham Forest,a,0.642014,2.70428,0.642014,2.70428,3,11,0,3,0.18930000000000002,l,2023-10-29 14:00:00,0,0,1,0,-2.0622659999999997,438,14,151,19,31.285714285714285,7.947368421052632
694,249,Nottingham Forest,h,0.592447,1.33116,0.592447,1.33116,3,23,2,0,0.7351000000000001,w,2023-11-05 14:00:00,1,0,0,3,-0.738713,326,12,137,19,27.166666666666668,7.2105263157894735
695,249,Nottingham Forest,a,1.42128,2.06402,1.42128,2.06402,4,5,2,3,0.9196,l,2023-11-12 14:00:00,0,0,1,0,-0.6427400000000001,321,17,253,16,18.88235294117647,15.8125
696,249,Nottingham Forest,h,2.22655,1.21792,1.46538,0.456822,12,9,2,3,2.1404,l,2023-11-25 15:00:00,0,0,1,0,1.0085579999999998,364,14,246,14,26.0,17.571428571428573
697,249,Nottingham Forest,h,0.673085,0.623789,0.673085,0.623789,6,7,0,1,1.3384,l,2023-12-02 17:30:00,0,0,1,0,0.049296000000000006,145,16,351,27,9.0625,13.0
698,249,Nottingham Forest,a,0.218659,3.09427,0.218659,3.09427,0,14,0,5,0.0285,l,2023-12-06 19:30:00,0,0,1,0,-2.8756109999999997,396,19,251,23,20.842105263157894,10.91304347826087
699,249,Nottingham Forest,a,1.21801,1.02199,1.21801,1.02199,5,4,1,1,1.5291000000000001,d,2023-12-09 15:00:00,0,1,0,1,0.19602000000000008,396,21,158,18,18.857142857142858,8.777777777777779
700,249,Nottingham Forest,h,1.70569,1.60738,1.70569,1.60738,8,10,0,2,1.4316,l,2023-12-15 20:00:00,0,0,1,0,0.0983099999999999,304,28,126,18,10.857142857142858,7.0
701,249,Nottingham Forest,h,0.791806,1.89067,0.791806,1.89067,4,7,2,3,0.5982000000000001,l,2023-12-23 15:00:00,0,0,1,0,-1.098864,244,19,102,26,12.842105263157896,3.923076923076923
702,249,Nottingham Forest,a,3.1074,2.79106,3.1074,2.02989,4,18,3,1,1.6152000000000002,w,2023-12-26 12:30:00,1,0,0,3,1.0775100000000002,255,20,208,30,12.75,6.933333333333334
703,249,Nottingham Forest,h,0.744348,0.651905,0.744348,0.651905,7,9,2,1,1.4113,w,2023-12-30 17:30:00,1,0,0,3,0.09244300000000005,230,15,210,16,15.333333333333334,13.125
704,249,Nottingham Forest,a,1.22251,1.94219,1.22251,1.94219,9,4,2,3,0.8308000000000001,l,2024-01-20 17:30:00,0,0,1,0,-0.7196800000000001,247,19,184,23,13.0,8.0
705,249,Nottingham Forest,h,0.631618,1.39143,0.631618,1.39143,2,25,1,2,0.7547,l,2024-01-30 19:30:00,0,0,1,0,-0.7598119999999999,278,7,154,18,39.714285714285715,8.555555555555555
706,249,Nottingham Forest,a,0.456548,1.1895,0.456548,1.1895,6,4,1,1,0.5377000000000001,d,2024-02-04 14:00:00,0,1,0,1,-0.732952,141,20,204,33,7.05,6.181818181818182
707,249,Nottingham Forest,h,0.968075,0.511375,0.968075,0.511375,7,7,2,3,1.7924,l,2024-02-10 17:30:00,0,0,1,0,0.4567,423,16,162,17,26.4375,9.529411764705882
708,249,Nottingham Forest,h,2.66942,0.520016,2.66942,0.520016,9,3,2,0,2.7223,w,2024-02-17 15:00:00,1,0,0,3,2.149404,221,16,221,27,13.8125,8.185185185185185
709,249,Nottingham Forest,a,2.25569,3.48861,2.25569,3.48861,7,16,2,4,0.6212,l,2024-02-24 15:00:00,0,0,1,0,-1.23292,328,25,229,15,13.12,15.266666666666667
710,249,Nottingham Forest,h,0.971466,1.32259,0.971466,1.32259,7,12,0,1,1.0878,l,2024-03-02 15:00:00,0,0,1,0,-0.3511239999999999,353,16,119,25,22.0625,4.76
711,249,Nottingham Forest,a,0.687034,0.534518,0.687034,0.534518,3,1,0,1,1.4768000000000001,l,2024-03-10 14:00:00,0,0,1,0,0.15251599999999998,470,17,227,14,27.647058823529413,16.214285714285715
712,249,Nottingham Forest,a,1.95268,0.853782,1.95268,0.853782,6,6,1,1,2.1888,d,2024-03-16 15:00:00,0,1,0,1,1.098898,240,27,110,14,8.88888888888889,7.857142857142857
713,249,Nottingham Forest,h,0.784652,0.900972,0.784652,0.900972,3,3,1,1,1.213,d,2024-03-30 15:00:00,0,1,0,1,-0.11631999999999998,191,20,282,22,9.55,12.818181818181818
714,249,Nottingham Forest,h,1.94619,1.04304,1.94619,1.04304,6,8,3,1,2.0549,w,2024-04-02 18:30:00,1,0,0,3,0.9031500000000001,316,10,176,20,31.6,8.8
715,249,Nottingham Forest,a,2.00122,1.61978,2.00122,1.61978,3,17,1,3,1.7202000000000002,l,2024-04-07 19:00:00,0,0,1,0,0.38144,307,17,211,25,18.058823529411764,8.44
716,249,Nottingham Forest,h,1.76244,1.45688,1.76244,1.45688,6,3,2,2,1.5738,d,2024-04-13 14:00:00,0,1,0,1,0.30556000000000005,357,30,208,16,11.9,13.0
717,249,Nottingham Forest,a,1.18916,0.473233,1.18916,0.473233,7,0,0,2,2.0827,l,2024-04-21 12:30:00,0,0,1,0,0.715927,216,14,344,22,15.428571428571429,15.636363636363637
718,249,Nottingham Forest,h,2.17312,0.932063,2.17312,0.932063,6,5,0,2,2.334,l,2024-04-28 15:30:00,0,0,1,0,1.241057,411,14,168,18,29.357142857142858,9.333333333333334
719,249,Nottingham Forest,a,1.93818,2.48986,1.93818,1.72869,6,8,3,1,1.0317,w,2024-05-04 14:00:00,1,0,0,3,0.20948999999999995,274,17,224,21,16.11764705882353,10.666666666666666
720,249,Nottingham Forest,h,2.44569,2.41068,2.44569,2.41068,8,14,2,3,1.4125,l,2024-05-11 16:30:00,0,0,1,0,0.035009999999999764,392,23,133,20,17.043478260869566,6.65
721,249,Nottingham Forest,a,1.57962,1.08222,1.57962,1.08222,5,7,2,1,1.7635,w,2024-05-19 15:00:00,1,0,0,3,0.49740000000000006,272,3,117,11,90.66666666666667,10.636363636363637
722,256,Luton,a,1.88594,4.36748,1.12477,3.60631,5,17,1,4,0.1878,l,2023-08-12 14:00:00,0,0,1,0,-2.48154,369,16,110,16,23.0625,6.875
723,256,Luton,a,0.465741,3.41419,0.465741,3.41419,4,17,0,3,0.07880000000000001,l,2023-08-25 19:00:00,0,0,1,0,-2.948449,440,23,142,20,19.130434782608695,7.1
724,256,Luton,h,2.02244,1.22528,2.02244,1.22528,8,6,1,2,1.9915000000000003,l,2023-09-01 19:00:00,0,0,1,0,0.7971600000000001,341,16,158,23,21.3125,6.869565217391305
725,256,Luton,a,1.45705,1.75704,1.45705,1.75704,3,9,0,1,1.1217,l,2023-09-16 14:00:00,0,0,1,0,-0.29999,467,12,119,18,38.916666666666664,6.611111111111111
726,256,Luton,h,2.24101,0.762984,1.47984,0.762984,17,1,1,1,2.5128000000000004,d,2023-09-23 14:00:00,0,1,0,1,0.716856,191,28,186,15,6.821428571428571,12.4
727,256,Luton,a,1.5102,3.65377,1.5102,3.65377,1,11,2,1,0.23559999999999998,w,2023-09-30 14:00:00,1,0,0,3,-2.1435700000000004,275,22,84,15,12.5,5.6
728,256,Luton,h,1.53058,0.920206,1.53058,0.920206,4,5,1,2,1.853,l,2023-10-03 18:30:00,0,0,1,0,0.6103740000000001,167,13,152,19,12.846153846153847,8.0
729,256,Luton,h,0.848118,2.37947,0.848118,2.37947,6,15,0,1,0.40790000000000004,l,2023-10-07 11:30:00,0,0,1,0,-1.531352,300,25,99,21,12.0,4.714285714285714
730,256,Luton,a,1.49555,3.27549,1.49555,3.27549,6,4,2,2,0.3899,d,2023-10-21 14:00:00,0,1,0,1,-1.77994,292,18,160,18,16.22222222222222,8.88888888888889
731,256,Luton,a,0.453117,3.07654,0.453117,3.07654,2,15,1,3,0.0793,l,2023-10-29 14:00:00,0,0,1,0,-2.623423,419,17,134,10,24.647058823529413,13.4
732,256,Luton,h,1.3411,3.03925,1.3411,3.03925,1,14,1,1,0.3685,d,2023-11-05 16:30:00,0,1,0,1,-1.69815,369,17,98,26,21.705882352941178,3.769230769230769
733,256,Luton,a,0.408265,2.74105,0.408265,2.74105,4,10,0,1,0.11710000000000001,l,2023-11-11 15:00:00,0,0,1,0,-2.332785,264,13,172,21,20.307692307692307,8.19047619047619
734,256,Luton,h,0.996153,1.83546,0.996153,1.83546,4,10,2,1,0.7188,w,2023-11-25 15:00:00,1,0,0,3,-0.8393070000000001,302,23,168,26,13.130434782608695,6.461538461538462
735,256,Luton,a,0.227176,3.25952,0.227176,3.25952,3,4,1,3,0.0421,l,2023-12-02 15:00:00,0,0,1,0,-3.032344,300,10,141,29,30.0,4.862068965517241
736,256,Luton,h,0.526254,2.58815,0.526254,2.58815,0,19,3,4,0.19290000000000002,l,2023-12-05 20:15:00,0,0,1,0,-2.061896,357,23,152,25,15.521739130434783,6.08
737,256,Luton,h,0.689037,2.23353,0.689037,2.23353,4,9,1,2,0.33999999999999997,l,2023-12-10 14:00:00,0,0,1,0,-1.5444930000000001,297,28,153,16,10.607142857142858,9.5625
738,256,Luton,h,1.81844,1.41488,1.81844,1.41488,2,16,1,0,1.7094,w,2023-12-23 15:00:00,1,0,0,3,0.40356000000000014,311,28,117,22,11.107142857142858,5.318181818181818
739,256,Luton,a,0.715575,3.61788,0.715575,3.61788,3,7,3,2,0.0854,w,2023-12-26 15:00:00,1,0,0,3,-2.902305,156,21,187,25,7.428571428571429,7.48
740,256,Luton,h,2.64093,1.57463,2.64093,1.57463,5,4,2,3,2.1866,l,2023-12-30 12:30:00,0,0,1,0,1.0663,247,32,222,25,7.71875,8.88
741,256,Luton,a,0.965167,1.52023,0.965167,1.52023,7,5,1,1,0.911,d,2024-01-12 19:45:00,0,1,0,1,-0.555063,140,21,305,16,6.666666666666667,19.0625
742,256,Luton,h,3.63312,1.01366,3.63312,1.01366,5,2,4,0,2.8399,w,2024-01-30 19:45:00,1,0,0,3,2.61946,324,25,170,24,12.96,7.083333333333333
743,256,Luton,a,2.67463,2.37353,1.91346,2.37353,8,9,4,4,1.6034,d,2024-02-03 15:00:00,0,1,0,1,-0.4600700000000002,198,28,192,28,7.071428571428571,6.857142857142857
744,256,Luton,h,1.76215,1.98283,1.00099,1.22166,9,4,1,3,1.1653,l,2024-02-10 15:00:00,0,0,1,0,-0.22066999999999992,64,16,269,18,4.0,14.944444444444445
745,256,Luton,h,1.57234,3.58973,1.57234,3.58973,11,9,1,2,0.3598,l,2024-02-18 16:30:00,0,0,1,0,-2.01739,210,19,247,29,11.052631578947368,8.517241379310345
746,256,Luton,a,0.956512,3.70302,0.956512,3.70302,4,16,1,4,0.1659,l,2024-02-21 15:00:00,0,0,1,0,-2.746508,246,20,168,35,12.3,4.8
747,256,Luton,h,2.43312,2.08586,2.43312,2.08586,3,6,2,3,1.6418000000000001,l,2024-03-02 17:30:00,0,0,1,0,0.34726000000000035,287,21,224,20,13.666666666666666,11.2
748,256,Luton,a,1.08531,3.25103,1.08531,3.25103,3,9,1,1,0.23709999999999998,d,2024-03-09 15:00:00,0,1,0,1,-2.1657200000000003,227,15,229,31,15.133333333333333,7.387096774193548
749,256,Luton,a,2.79419,2.84403,2.79419,2.84403,1,7,3,4,1.3778,l,2024-03-13 19:30:00,0,0,1,0,-0.049840000000000106,219,24,159,20,9.125,7.95
750,256,Luton,h,0.853782,1.95268,0.853782,1.95268,6,6,1,1,0.591,d,2024-03-16 15:00:00,0,1,0,1,-1.098898,110,14,240,27,7.857142857142857,8.88888888888889
751,256,Luton,a,0.402402,2.46523,0.402402,2.46523,3,22,1,2,0.15810000000000002,l,2024-03-30 15:00:00,0,0,1,0,-2.062828,332,23,130,31,14.434782608695652,4.193548387096774
752,256,Luton,a,0.292082,1.14384,0.292082,1.14384,3,14,0,2,0.5532999999999999,l,2024-04-03 18:30:00,0,0,1,0,-0.851758,400,17,257,24,23.529411764705884,10.708333333333334
753,256,Luton,h,1.30478,0.616108,1.30478,0.616108,7,5,2,1,1.9554,w,2024-04-06 14:00:00,1,0,0,3,0.6886720000000001,152,27,160,33,5.62962962962963,4.848484848484849
754,256,Luton,a,0.809775,4.64245,0.809775,3.88128,2,37,1,5,0.043300000000000005,l,2024-04-13 14:00:00,0,0,1,0,-3.0715049999999997,276,8,179,27,34.5,6.62962962962963
755,256,Luton,h,0.497799,3.7809,0.497799,3.7809,6,13,1,5,0.047299999999999995,l,2024-04-20 14:00:00,0,0,1,0,-3.283101,178,16,194,26,11.125,7.461538461538462
756,256,Luton,a,0.90435,1.49011,0.90435,1.49011,6,2,1,2,0.8513,l,2024-04-27 14:00:00,0,0,1,0,-0.5857600000000001,429,45,241,20,9.533333333333333,12.05
757,256,Luton,h,0.950391,1.22959,0.950391,0.468416,3,5,1,1,1.046,d,2024-05-03 19:00:00,0,1,0,1,0.481975,237,22,244,32,10.772727272727273,7.625
758,256,Luton,a,0.640456,3.71009,0.640456,3.71009,5,8,1,3,0.0577,l,2024-05-11 14:00:00,0,0,1,0,-3.069634,263,27,182,19,9.74074074074074,9.578947368421053
759,256,Luton,h,2.06743,1.11598,1.30626,1.11598,4,5,2,4,2.1025,l,2024-05-19 15:00:00,0,0,1,0,0.19028,264,19,168,16,13.894736842105264,10.5
