,element,fixture,opponent_team,total_points,was_home,kickoff_time,team_h_score,team_a_score,round,modified,minutes,goals_scored,assists,clean_sheets,goals_conceded,own_goals,penalties_saved,penalties_missed,yellow_cards,red_cards,saves,bonus,bps,influence,creativity,threat,ict_index,clearances_blocks_interceptions,recoveries,tackles,defensive_contribution,starts,expected_goals,expected_assists,expected_goal_involvements,expected_goals_conceded,value,transfers_balance,selected,transfers_in,transfers_out,id_x,second_name,team,first_name,code_x,news,element_type,team_code,Full_Name,opponent_code,opponent_name,team_code2,team_name,position,team_id
0,1.0,9.0,14.0,10.0,False,2025-08-17T15:30:00Z,0.0,1.0,1.0,False,90.0,0.0,0.0,1.0,0.0,0.0,0.0,0.0,1.0,0.0,7.0,3.0,38.0,49.2,0.0,0.0,4.9,1.0,13.0,0.0,0.0,1.0,0.0,0.0,0.0,1.52,55.0,0.0,1531911.0,0.0,0.0,1,Raya Martín,Arsenal,David,154561,,1,3,David_Raya Martín,1,Man Utd,3,Arsenal,GKP,1
1,2.0,9.0,14.0,0.0,False,2025-08-17T15:30:00Z,0.0,1.0,1.0,False,0.0,0.0,0.0,0.0,0.0,0.0,0.0,0.0,0.0,0.0,0.0,0.0,0.0,0.0,0.0,0.0,0.0,0.0,0.0,0.0,0.0,0.0,0.0,0.0,0.0,0.0,45.0,0.0,90618.0,0.0,0.0,2,Arrizabalaga Revuelta,Arsenal,Kepa,109745,,1,3,Kepa_Arrizabalaga Revuelta,1,Man Utd,3,Arsenal,GKP,1
2,3.0,9.0,14.0,0.0,False,2025-08-17T15:30:00Z,0.0,1.0,1.0,False,0.0,0.0,0.0,0.0,0.0,0.0,0.0,0.0,0.0,0.0,0.0,0.0,0.0,0.0,0.0,0.0,0.0,0.0,0.0,0.0,0.0,0.0,0.0,0.0,0.0,0.0,40.0,0.0,55400.0,0.0,0.0,3,Hein,Arsenal,Karl,463748,,1,3,Karl_Hein,1,Man Utd,3,Arsenal,GKP,1
3,4.0,9.0,14.0,0.0,False,2025-08-17T15:30:00Z,0.0,1.0,1.0,False,0.0,0.0,0.0,0.0,0.0,0.0,0.0,0.0,0.0,0.0,0.0,0.0,0.0,0.0,0.0,0.0,0.0,0.0,0.0,0.0,0.0,0.0,0.0,0.0,0.0,0.0,40.0,0.0,13373.0,0.0,0.0,4,Setford,Arsenal,Tommy,551221,,1,3,Tommy_Setford,1,Man Utd,3,Arsenal,GKP,1
4,5.0,9.0,14.0,6.0,False,2025-08-17T15:30:00Z,0.0,1.0,1.0,False,90.0,0.0,0.0,1.0,0.0,0.0,0.0,0.0,0.0,0.0,0.0,0.0,23.0,22.8,0.3,4.0,2.7,6.0,1.0,1.0,7.0,1.0,0.0,0.0,0.0,1.52,60.0,0.0,1696374.0,0.0,0.0,5,dos Santos Magalhães,Arsenal,Gabriel,226597,,2,3,Gabriel_dos Santos Magalhães,1,Man Utd,3,Arsenal,DEF,1
5,6.0,9.0,14.0,9.0,False,2025-08-17T15:30:00Z,0.0,1.0,1.0,False,90.0,0.0,0.0,1.0,0.0,0.0,0.0,0.0,0.0,0.0,0.0,1.0,25.0,31.4,0.1,0.0,3.2,10.0,3.0,4.0,14.0,1.0,0.0,0.0,0.0,1.52,60.0,0.0,1257079.0,0.0,0.0,6,Saliba,Arsenal,William,462424,,2,3,William_Saliba,1,Man Utd,3,Arsenal,DEF,1
6,7.0,9.0,14.0,13.0,False,2025-08-17T15:30:00Z,0.0,1.0,1.0,False,71.0,1.0,0.0,1.0,0.0,0.0,0.0,0.0,1.0,0.0,0.0,2.0,33.0,36.2,2.1,35.0,7.3,3.0,5.0,1.0,4.0,1.0,0.91,0.01,0.92,0.87,55.0,0.0,63049.0,0.0,0.0,7,Calafiori,Arsenal,Riccardo,466075,,2,3,Riccardo_Calafiori,1,Man Utd,3,Arsenal,DEF,1
7,8.0,9.0,14.0,0.0,False,2025-08-17T15:30:00Z,0.0,1.0,1.0,False,19.0,0.0,0.0,0.0,0.0,0.0,0.0,0.0,1.0,0.0,0.0,0.0,-3.0,3.0,0.3,0.0,0.3,1.0,1.0,2.0,3.0,0.0,0.0,0.0,0.0,0.66,55.0,0.0,210465.0,0.0,0.0,8,Timber,Arsenal,Jurriën,445122,,2,3,Jurriën_Timber,1,Man Utd,3,Arsenal,DEF,1
8,9.0,9.0,14.0,0.0,False,2025-08-17T15:30:00Z,0.0,1.0,1.0,False,0.0,0.0,0.0,0.0,0.0,0.0,0.0,0.0,0.0,0.0,0.0,0.0,0.0,0.0,0.0,0.0,0.0,0.0,0.0,0.0,0.0,0.0,0.0,0.0,0.0,0.0,55.0,0.0,12048.0,0.0,0.0,9,Kiwior,Arsenal,Jakub,440854,,2,3,Jakub_Kiwior,1,Man Utd,3,Arsenal,DEF,1
9,10.0,9.0,14.0,0.0,False,2025-08-17T15:30:00Z,0.0,1.0,1.0,False,18.0,0.0,0.0,0.0,0.0,0.0,0.0,0.0,1.0,0.0,0.0,0.0,-1.0,0.2,0.0,0.0,0.0,1.0,0.0,0.0,1.0,0.0,0.0,0.0,0.0,0.66,55.0,0.0,399029.0,0.0,0.0,10,Lewis-Skelly,Arsenal,Myles,499169,,2,3,Myles_Lewis-Skelly,1,Man Utd,3,Arsenal,DEF,1
10,11.0,9.0,14.0,6.0,False,2025-08-17T15:30:00Z,0.0,1.0,1.0,False,70.0,0.0,0.0,1.0,0.0,0.0,0.0,0.0,0.0,0.0,0.0,0.0,23.0,15.4,11.3,1.0,2.8,6.0,4.0,2.0,8.0,1.0,0.01,0.01,0.02,0.87,55.0,0.0,73566.0,0.0,0.0,11,White,Arsenal,Benjamin,198869,,2,3,Benjamin_White,1,Man Utd,3,Arsenal,DEF,1
11,12.0,9.0,14.0,0.0,False,2025-08-17T15:30:00Z,0.0,1.0,1.0,False,0.0,0.0,0.0,0.0,0.0,0.0,0.0,0.0,0.0,0.0,0.0,0.0,0.0,0.0,0.0,0.0,0.0,0.0,0.0,0.0,0.0,0.0,0.0,0.0,0.0,0.0,50.0,0.0,32155.0,0.0,0.0,12,Zinchenko,Arsenal,Oleksandr,206325,,2,3,Oleksandr_Zinchenko,1,Man Utd,3,Arsenal,DEF,1
12,13.0,9.0,14.0,0.0,False,2025-08-17T15:30:00Z,0.0,1.0,1.0,False,0.0,0.0,0.0,0.0,0.0,0.0,0.0,0.0,0.0,0.0,0.0,0.0,0.0,0.0,0.0,0.0,0.0,0.0,0.0,0.0,0.0,0.0,0.0,0.0,0.0,0.0,40.0,0.0,51990.0,0.0,0.0,13,Clarke,Arsenal,Brayden,563324,,2,3,Brayden_Clarke,1,Man Utd,3,Arsenal,DEF,1
13,14.0,9.0,14.0,0.0,False,2025-08-17T15:30:00Z,0.0,1.0,1.0,False,0.0,0.0,0.0,0.0,0.0,0.0,0.0,0.0,0.0,0.0,0.0,0.0,0.0,0.0,0.0,0.0,0.0,0.0,0.0,0.0,0.0,0.0,0.0,0.0,0.0,0.0,40.0,0.0,15532.0,0.0,0.0,14,Kacurri,Arsenal,Maldini,588793,,2,3,Maldini_Kacurri,1,Man Utd,3,Arsenal,DEF,1
14,15.0,9.0,14.0,0.0,False,2025-08-17T15:30:00Z,0.0,1.0,1.0,False,0.0,0.0,0.0,0.0,0.0,0.0,0.0,0.0,0.0,0.0,0.0,0.0,0.0,0.0,0.0,0.0,0.0,0.0,0.0,0.0,0.0,0.0,0.0,0.0,0.0,0.0,40.0,0.0,15940.0,0.0,0.0,15,Nichols,Arsenal,Josh,499167,,2,3,Josh_Nichols,1,Man Utd,3,Arsenal,DEF,1
15,16.0,9.0,14.0,3.0,False,2025-08-17T15:30:00Z,0.0,1.0,1.0,False,90.0,0.0,0.0,1.0,0.0,0.0,0.0,0.0,0.0,0.0,0.0,0.0,7.0,12.0,16.4,7.0,3.5,0.0,2.0,3.0,5.0,1.0,0.15,0.09,0.24,1.52,100.0,0.0,1602493.0,0.0,0.0,16,Saka,Arsenal,Bukayo,223340,,3,3,Bukayo_Saka,1,Man Utd,3,Arsenal,MID,1
16,17.0,9.0,14.0,5.0,False,2025-08-17T15:30:00Z,0.0,1.0,1.0,False,90.0,0.0,0.0,1.0,0.0,0.0,0.0,0.0,0.0,0.0,0.0,0.0,16.0,17.8,20.3,17.0,5.5,6.0,7.0,1.0,14.0,1.0,0.09,0.29,0.38,1.52,80.0,0.0,305385.0,0.0,0.0,17,Ødegaard,Arsenal,Martin,184029,,3,3,Martin_Ødegaard,1,Man Utd,3,Arsenal,MID,1
17,18.0,9.0,14.0,1.0,False,2025-08-17T15:30:00Z,0.0,1.0,1.0,False,30.0,0.0,0.0,0.0,0.0,0.0,0.0,0.0,0.0,0.0,0.0,0.0,2.0,1.6,10.7,2.0,1.4,0.0,0.0,0.0,0.0,0.0,0.0,0.02,0.02,0.82,70.0,0.0,109369.0,0.0,0.0,18,Madueke,Arsenal,Noni,248857,,3,3,Noni_Madueke,1,Man Utd,3,Arsenal,MID,1
18,19.0,9.0,14.0,1.0,False,2025-08-17T15:30:00Z,0.0,1.0,1.0,False,59.0,0.0,0.0,0.0,0.0,0.0,0.0,0.0,0.0,0.0,0.0,0.0,8.0,6.2,10.3,21.0,3.8,0.0,3.0,1.0,4.0,1.0,0.02,0.01,0.03,0.7,70.0,0.0,139808.0,0.0,0.0,19,Martinelli Silva,Arsenal,Gabriel,444145,,3,3,Gabriel_Martinelli Silva,1,Man Utd,3,Arsenal,MID,1
19,20.0,9.0,14.0,0.0,False,2025-08-17T15:30:00Z,0.0,1.0,1.0,False,0.0,0.0,0.0,0.0,0.0,0.0,0.0,0.0,0.0,0.0,0.0,0.0,0.0,0.0,0.0,0.0,0.0,0.0,0.0,0.0,0.0,0.0,0.0,0.0,0.0,0.0,70.0,0.0,38245.0,0.0,0.0,20,Trossard,Arsenal,Leandro,116216,,3,3,Leandro_Trossard,1,Man Utd,3,Arsenal,MID,1
20,21.0,9.0,14.0,6.0,False,2025-08-17T15:30:00Z,0.0,1.0,1.0,False,82.0,0.0,1.0,1.0,0.0,0.0,0.0,0.0,0.0,0.0,0.0,0.0,14.0,2.6,1.3,8.0,1.2,1.0,3.0,0.0,4.0,1.0,0.13,0.01,0.14,1.04,65.0,0.0,728172.0,0.0,0.0,21,Rice,Arsenal,Declan,204480,,3,3,Declan_Rice,1,Man Utd,3,Arsenal,MID,1
21,22.0,9.0,14.0,1.0,False,2025-08-17T15:30:00Z,0.0,1.0,1.0,False,7.0,0.0,0.0,0.0,0.0,0.0,0.0,0.0,0.0,0.0,0.0,0.0,2.0,1.2,0.0,0.0,0.1,1.0,0.0,0.0,1.0,0.0,0.0,0.0,0.0,0.49,60.0,0.0,61676.0,0.0,0.0,22,Merino Zazón,Arsenal,Mikel,195384,,3,3,Mikel_Merino Zazón,1,Man Utd,3,Arsenal,MID,1
22,23.0,9.0,14.0,0.0,False,2025-08-17T15:30:00Z,0.0,1.0,1.0,False,0.0,0.0,0.0,0.0,0.0,0.0,0.0,0.0,0.0,0.0,0.0,0.0,0.0,0.0,0.0,0.0,0.0,0.0,0.0,0.0,0.0,0.0,0.0,0.0,0.0,0.0,55.0,0.0,3974.0,0.0,0.0,23,Ferreira Vieira,Arsenal,Fábio,438098,,3,3,Fábio_Ferreira Vieira,1,Man Utd,3,Arsenal,MID,1
23,24.0,9.0,14.0,0.0,False,2025-08-17T15:30:00Z,0.0,1.0,1.0,False,0.0,0.0,0.0,0.0,0.0,0.0,0.0,0.0,0.0,0.0,0.0,0.0,0.0,0.0,0.0,0.0,0.0,0.0,0.0,0.0,0.0,0.0,0.0,0.0,0.0,0.0,55.0,0.0,63529.0,0.0,0.0,24,Nørgaard,Arsenal,Christian,128295,Knock - 75% chance of playing,3,3,Christian_Nørgaard,1,Man Utd,3,Arsenal,MID,1
24,25.0,9.0,14.0,0.0,False,2025-08-17T15:30:00Z,0.0,1.0,1.0,False,0.0,0.0,0.0,0.0,0.0,0.0,0.0,0.0,0.0,0.0,0.0,0.0,0.0,0.0,0.0,0.0,0.0,0.0,0.0,0.0,0.0,0.0,0.0,0.0,0.0,0.0,55.0,0.0,28200.0,0.0,0.0,25,Nwaneri,Arsenal,Ethan,499175,,3,3,Ethan_Nwaneri,1,Man Utd,3,Arsenal,MID,1
25,26.0,9.0,14.0,5.0,False,2025-08-17T15:30:00Z,0.0,1.0,1.0,False,90.0,0.0,0.0,1.0,0.0,0.0,0.0,0.0,0.0,0.0,0.0,0.0,15.0,16.0,1.9,2.0,2.0,4.0,5.0,3.0,12.0,1.0,0.0,0.01,0.01,1.52,55.0,0.0,201395.0,0.0,0.0,26,Zubimendi Ibáñez,Arsenal,Martín,481655,,3,3,Martín_Zubimendi Ibáñez,1,Man Utd,3,Arsenal,MID,1
26,27.0,9.0,14.0,0.0,False,2025-08-17T15:30:00Z,0.0,1.0,1.0,False,0.0,0.0,0.0,0.0,0.0,0.0,0.0,0.0,0.0,0.0,0.0,0.0,0.0,0.0,0.0,0.0,0.0,0.0,0.0,0.0,0.0,0.0,0.0,0.0,0.0,0.0,50.0,0.0,12084.0,0.0,0.0,27,Nelson,Arsenal,Reiss,200641,,3,3,Reiss_Nelson,1,Man Utd,3,Arsenal,MID,1
27,28.0,9.0,14.0,0.0,False,2025-08-17T15:30:00Z,0.0,1.0,1.0,False,0.0,0.0,0.0,0.0,0.0,0.0,0.0,0.0,0.0,0.0,0.0,0.0,0.0,0.0,0.0,0.0,0.0,0.0,0.0,0.0,0.0,0.0,0.0,0.0,0.0,0.0,45.0,0.0,26438.0,0.0,0.0,28,Kabia,Arsenal,Ismeal,588796,,3,3,Ismeal_Kabia,1,Man Utd,3,Arsenal,MID,1
28,29.0,9.0,14.0,0.0,False,2025-08-17T15:30:00Z,0.0,1.0,1.0,False,0.0,0.0,0.0,0.0,0.0,0.0,0.0,0.0,0.0,0.0,0.0,0.0,0.0,0.0,0.0,0.0,0.0,0.0,0.0,0.0,0.0,0.0,0.0,0.0,0.0,0.0,45.0,0.0,12350.0,0.0,0.0,29,Sambi Lokonga,Arsenal,Albert,437742,,3,3,Albert_Sambi Lokonga,1,Man Utd,3,Arsenal,MID,1
29,30.0,9.0,14.0,1.0,False,2025-08-17T15:30:00Z,0.0,1.0,1.0,False,30.0,0.0,0.0,0.0,0.0,0.0,0.0,0.0,0.0,0.0,0.0,0.0,4.0,2.8,0.8,2.0,0.6,1.0,2.0,0.0,3.0,0.0,0.0,0.01,0.01,0.82,75.0,0.0,117967.0,0.0,0.0,30,Havertz,Arsenal,Kai,219847,,4,3,Kai_Havertz,1,Man Utd,3,Arsenal,FWD,1
30,31.0,9.0,14.0,0.0,False,2025-08-17T15:30:00Z,0.0,1.0,1.0,False,0.0,0.0,0.0,0.0,0.0,0.0,0.0,0.0,0.0,0.0,0.0,0.0,0.0,0.0,0.0,0.0,0.0,0.0,0.0,0.0,0.0,0.0,0.0,0.0,0.0,0.0,65.0,0.0,4244.0,0.0,0.0,31,Fernando de Jesus,Arsenal,Gabriel,205651,Knee injury - Unknown return date,4,3,Gabriel_Fernando de Jesus,1,Man Utd,3,Arsenal,FWD,1
31,662.0,9.0,14.0,0.0,False,2025-08-17T15:30:00Z,0.0,1.0,1.0,False,0.0,0.0,0.0,0.0,0.0,0.0,0.0,0.0,0.0,0.0,0.0,0.0,0.0,0.0,0.0,0.0,0.0,0.0,0.0,0.0,0.0,0.0,0.0,0.0,0.0,0.0,55.0,0.0,12283.0,0.0,0.0,662,Mosquera,Arsenal,Cristhian,500040,,2,3,Cristhian_Mosquera,1,Man Utd,3,Arsenal,DEF,1
32,666.0,9.0,14.0,1.0,False,2025-08-17T15:30:00Z,0.0,1.0,1.0,False,59.0,0.0,0.0,0.0,0.0,0.0,0.0,0.0,0.0,0.0,0.0,0.0,0.0,0.4,5.5,6.0,1.2,1.0,1.0,0.0,2.0,1.0,0.0,0.06,0.06,0.7,90.0,0.0,2446382.0,0.0,0.0,666,Gyökeres,Arsenal,Viktor,224117,,4,3,Viktor_Gyökeres,1,Man Utd,3,Arsenal,FWD,1
33,32.0,2.0,15.0,0.0,True,2025-08-16T11:30:00Z,0.0,0.0,1.0,False,0.0,0.0,0.0,0.0,0.0,0.0,0.0,0.0,0.0,0.0,0.0,0.0,0.0,0.0,0.0,0.0,0.0,0.0,0.0,0.0,0.0,0.0,0.0,0.0,0.0,0.0,50.0,0.0,45391.0,0.0,0.0,32,Martínez Romero,Aston Villa,Emiliano,98980,,1,7,Emiliano_Martínez Romero,4,Newcastle,7,Aston Villa,GKP,2
34,33.0,2.0,15.0,7.0,True,2025-08-16T11:30:00Z,0.0,0.0,1.0,False,90.0,0.0,0.0,1.0,0.0,0.0,0.0,0.0,0.0,0.0,3.0,0.0,29.0,19.6,0.0,0.0,2.0,1.0,12.0,0.0,0.0,1.0,0.0,0.0,0.0,1.43,45.0,0.0,33426.0,0.0,0.0,33,Bizot,Aston Villa,Marco,72147,,1,7,Marco_Bizot,4,Newcastle,7,Aston Villa,GKP,2
35,34.0,2.0,15.0,0.0,True,2025-08-16T11:30:00Z,0.0,0.0,1.0,False,0.0,0.0,0.0,0.0,0.0,0.0,0.0,0.0,0.0,0.0,0.0,0.0,0.0,0.0,0.0,0.0,0.0,0.0,0.0,0.0,0.0,0.0,0.0,0.0,0.0,0.0,40.0,0.0,28905.0,0.0,0.0,34,Gauci,Aston Villa,Joe,462492,Has joined Port Vale on loan for the rest of the season.,1,7,Joe_Gauci,4,Newcastle,7,Aston Villa,GKP,2
36,35.0,2.0,15.0,0.0,True,2025-08-16T11:30:00Z,0.0,0.0,1.0,False,0.0,0.0,0.0,0.0,0.0,0.0,0.0,0.0,0.0,0.0,0.0,0.0,0.0,0.0,0.0,0.0,0.0,0.0,0.0,0.0,0.0,0.0,0.0,0.0,0.0,0.0,40.0,0.0,2325.0,0.0,0.0,35,Marschall,Aston Villa,Filip,462381,Has joined Stevenage permanently.,1,7,Filip_Marschall,4,Newcastle,7,Aston Villa,GKP,2
37,36.0,2.0,15.0,8.0,True,2025-08-16T11:30:00Z,0.0,0.0,1.0,False,90.0,0.0,0.0,1.0,0.0,0.0,0.0,0.0,0.0,0.0,0.0,0.0,25.0,37.6,1.1,2.0,4.1,9.0,2.0,2.0,11.0,1.0,0.0,0.0,0.0,1.43,45.0,0.0,176115.0,0.0,0.0,36,Cash,Aston Villa,Matty,199796,,2,7,Matty_Cash,4,Newcastle,7,Aston Villa,DEF,2
38,37.0,2.0,15.0,6.0,True,2025-08-16T11:30:00Z,0.0,0.0,1.0,False,90.0,0.0,0.0,1.0,0.0,0.0,0.0,0.0,0.0,0.0,0.0,0.0,22.0,11.6,5.8,0.0,1.7,5.0,3.0,2.0,7.0,1.0,0.0,0.01,0.01,1.43,45.0,0.0,173557.0,0.0,0.0,37,Digne,Aston Villa,Lucas,101188,,2,7,Lucas_Digne,4,Newcastle,7,Aston Villa,DEF,2
39,38.0,2.0,15.0,3.0,True,2025-08-16T11:30:00Z,0.0,0.0,1.0,False,65.0,0.0,0.0,1.0,0.0,0.0,0.0,0.0,0.0,1.0,0.0,0.0,15.0,1.8,1.1,0.0,0.3,3.0,1.0,0.0,3.0,1.0,0.0,0.01,0.01,1.11,45.0,0.0,2210503.0,0.0,0.0,38,Konsa Ngoyo,Aston Villa,Ezri,199798,Suspended until 31 Aug,2,7,Ezri_Konsa Ngoyo,4,Newcastle,7,Aston Villa,DEF,2
40,39.0,2.0,15.0,0.0,True,2025-08-16T11:30:00Z,0.0,0.0,1.0,False,0.0,0.0,0.0,0.0,0.0,0.0,0.0,0.0,0.0,0.0,0.0,0.0,0.0,0.0,0.0,0.0,0.0,0.0,0.0,0.0,0.0,0.0,0.0,0.0,0.0,0.0,45.0,0.0,86154.0,0.0,0.0,39,Maatsen,Aston Villa,Ian,441302,,2,7,Ian_Maatsen,4,Newcastle,7,Aston Villa,DEF,2
41,40.0,2.0,15.0,6.0,True,2025-08-16T11:30:00Z,0.0,0.0,1.0,False,90.0,0.0,0.0,1.0,0.0,0.0,0.0,0.0,0.0,0.0,0.0,0.0,25.0,13.0,3.7,0.0,1.7,5.0,2.0,0.0,5.0,1.0,0.0,0.0,0.0,1.43,45.0,0.0,70548.0,0.0,0.0,40,Mings,Aston Villa,Tyrone,149484,,2,7,Tyrone_Mings,4,Newcastle,7,Aston Villa,DEF,2
42,41.0,2.0,15.0,0.0,True,2025-08-16T11:30:00Z,0.0,0.0,1.0,False,0.0,0.0,0.0,0.0,0.0,0.0,0.0,0.0,0.0,0.0,0.0,0.0,0.0,0.0,0.0,0.0,0.0,0.0,0.0,0.0,0.0,0.0,0.0,0.0,0.0,0.0,45.0,0.0,46913.0,0.0,0.0,41,Torres,Aston Villa,Pau,244954,,2,7,Pau_Torres,4,Newcastle,7,Aston Villa,DEF,2
43,42.0,2.0,15.0,0.0,True,2025-08-16T11:30:00Z,0.0,0.0,1.0,False,0.0,0.0,0.0,0.0,0.0,0.0,0.0,0.0,0.0,0.0,0.0,0.0,0.0,0.0,0.0,0.0,0.0,0.0,0.0,0.0,0.0,0.0,0.0,0.0,0.0,0.0,40.0,0.0,31266.0,0.0,0.0,42,García,Aston Villa,Andrés,606798,Knock - 25% chance of playing,2,7,Andrés_García,4,Newcastle,7,Aston Villa,DEF,2
44,43.0,2.0,15.0,0.0,True,2025-08-16T11:30:00Z,0.0,0.0,1.0,False,0.0,0.0,0.0,0.0,0.0,0.0,0.0,0.0,0.0,0.0,0.0,0.0,0.0,0.0,0.0,0.0,0.0,0.0,0.0,0.0,0.0,0.0,0.0,0.0,0.0,0.0,40.0,0.0,974310.0,0.0,0.0,43,Moreno Lopera,Aston Villa,Álex,106468,,2,7,Álex_Moreno Lopera,4,Newcastle,7,Aston Villa,DEF,2
45,44.0,2.0,15.0,0.0,True,2025-08-16T11:30:00Z,0.0,0.0,1.0,False,0.0,0.0,0.0,0.0,0.0,0.0,0.0,0.0,0.0,0.0,0.0,0.0,0.0,0.0,0.0,0.0,0.0,0.0,0.0,0.0,0.0,0.0,0.0,0.0,0.0,0.0,40.0,0.0,29819.0,0.0,0.0,44,Bogarde,Aston Villa,Lamare,515597,,2,7,Lamare_Bogarde,4,Newcastle,7,Aston Villa,DEF,2
46,45.0,2.0,15.0,0.0,True,2025-08-16T11:30:00Z,0.0,0.0,1.0,False,0.0,0.0,0.0,0.0,0.0,0.0,0.0,0.0,0.0,0.0,0.0,0.0,0.0,0.0,0.0,0.0,0.0,0.0,0.0,0.0,0.0,0.0,0.0,0.0,0.0,0.0,40.0,0.0,31163.0,0.0,0.0,45,da Cruz Sousa,Aston Villa,Lino,514315,,2,7,Lino_da Cruz Sousa,4,Newcastle,7,Aston Villa,DEF,2
47,46.0,2.0,15.0,0.0,True,2025-08-16T11:30:00Z,0.0,0.0,1.0,False,0.0,0.0,0.0,0.0,0.0,0.0,0.0,0.0,0.0,0.0,0.0,0.0,0.0,0.0,0.0,0.0,0.0,0.0,0.0,0.0,0.0,0.0,0.0,0.0,0.0,0.0,40.0,0.0,20091.0,0.0,0.0,46,Özcan,Aston Villa,Yasin,587178,,2,7,Yasin_Özcan,4,Newcastle,7,Aston Villa,DEF,2
48,47.0,2.0,15.0,3.0,True,2025-08-16T11:30:00Z,0.0,0.0,1.0,False,90.0,0.0,0.0,1.0,0.0,0.0,0.0,0.0,0.0,0.0,0.0,0.0,7.0,7.2,20.1,4.0,3.1,1.0,5.0,1.0,7.0,1.0,0.0,0.05,0.05,1.43,70.0,0.0,967291.0,0.0,0.0,47,Rogers,Aston Villa,Morgan,244850,,3,7,Morgan_Rogers,4,Newcastle,7,Aston Villa,MID,2
49,48.0,2.0,15.0,3.0,True,2025-08-16T11:30:00Z,0.0,0.0,1.0,False,90.0,0.0,0.0,1.0,0.0,0.0,0.0,0.0,0.0,0.0,0.0,0.0,5.0,4.0,1.1,0.0,0.5,3.0,2.0,2.0,7.0,1.0,0.0,0.01,0.01,1.43,60.0,0.0,220171.0,0.0,0.0,48,Tielemans,Aston Villa,Youri,166989,,3,7,Youri_Tielemans,4,Newcastle,7,Aston Villa,MID,2
50,49.0,2.0,15.0,0.0,True,2025-08-16T11:30:00Z,0.0,0.0,1.0,False,0.0,0.0,0.0,0.0,0.0,0.0,0.0,0.0,0.0,0.0,0.0,0.0,0.0,0.0,0.0,0.0,0.0,0.0,0.0,0.0,0.0,0.0,0.0,0.0,0.0,0.0,55.0,0.0,48742.0,0.0,0.0,49,Bailey,Aston Villa,Leon,215711,,3,7,Leon_Bailey,4,Newcastle,7,Aston Villa,MID,2
51,50.0,2.0,15.0,0.0,True,2025-08-16T11:30:00Z,0.0,0.0,1.0,False,0.0,0.0,0.0,0.0,0.0,0.0,0.0,0.0,0.0,0.0,0.0,0.0,0.0,0.0,0.0,0.0,0.0,0.0,0.0,0.0,0.0,0.0,0.0,0.0,0.0,0.0,55.0,0.0,17294.0,0.0,0.0,50,Buendía Stati,Aston Villa,Emiliano,195546,,3,7,Emiliano_Buendía Stati,4,Newcastle,7,Aston Villa,MID,2
52,51.0,2.0,15.0,0.0,True,2025-08-16T11:30:00Z,0.0,0.0,1.0,False,0.0,0.0,0.0,0.0,0.0,0.0,0.0,0.0,0.0,0.0,0.0,0.0,0.0,0.0,0.0,0.0,0.0,0.0,0.0,0.0,0.0,0.0,0.0,0.0,0.0,0.0,55.0,0.0,2605.0,0.0,0.0,51,Iling-Junior,Aston Villa,Samuel,469247,,3,7,Samuel_Iling-Junior,4,Newcastle,7,Aston Villa,MID,2
53,52.0,2.0,15.0,0.0,True,2025-08-16T11:30:00Z,0.0,0.0,1.0,False,0.0,0.0,0.0,0.0,0.0,0.0,0.0,0.0,0.0,0.0,0.0,0.0,0.0,0.0,0.0,0.0,0.0,0.0,0.0,0.0,0.0,0.0,0.0,0.0,0.0,0.0,55.0,0.0,60119.0,0.0,0.0,52,Ramsey,Aston Villa,Jacob,232653,,3,7,Jacob_Ramsey,4,Newcastle,7,Aston Villa,MID,2
54,53.0,2.0,15.0,1.0,True,2025-08-16T11:30:00Z,0.0,0.0,1.0,False,6.0,0.0,0.0,0.0,0.0,0.0,0.0,0.0,0.0,0.0,0.0,0.0,4.0,3.0,0.0,17.0,2.0,0.0,0.0,0.0,0.0,0.0,0.03,0.0,0.03,0.1,55.0,0.0,194436.0,0.0,0.0,53,Malen,Aston Villa,Donyell,204646,,3,7,Donyell_Malen,4,Newcastle,7,Aston Villa,MID,2
55,54.0,2.0,15.0,3.0,True,2025-08-16T11:30:00Z,0.0,0.0,1.0,False,83.0,0.0,0.0,1.0,0.0,0.0,0.0,0.0,0.0,0.0,0.0,0.0,10.0,5.0,19.3,6.0,3.0,0.0,7.0,0.0,7.0,1.0,0.0,0.09,0.09,1.33,55.0,0.0,63899.0,0.0,0.0,54,McGinn,Aston Villa,John,122806,,3,7,John_McGinn,4,Newcastle,7,Aston Villa,MID,2
56,55.0,2.0,15.0,0.0,True,2025-08-16T11:30:00Z,0.0,0.0,1.0,False,0.0,0.0,0.0,0.0,0.0,0.0,0.0,0.0,0.0,0.0,0.0,0.0,0.0,0.0,0.0,0.0,0.0,0.0,0.0,0.0,0.0,0.0,0.0,0.0,0.0,0.0,50.0,0.0,10334.0,0.0,0.0,55,Barkley,Aston Villa,Ross,88894,Knock - 25% chance of playing,3,7,Ross_Barkley,4,Newcastle,7,Aston Villa,MID,2
57,56.0,2.0,15.0,0.0,True,2025-08-16T11:30:00Z,0.0,0.0,1.0,False,0.0,0.0,0.0,0.0,0.0,0.0,0.0,0.0,0.0,0.0,0.0,0.0,0.0,0.0,0.0,0.0,0.0,0.0,0.0,0.0,0.0,0.0,0.0,0.0,0.0,0.0,50.0,0.0,80.0,0.0,0.0,56,Barrenechea,Aston Villa,Enzo,491287,Season-long loan to Benfica,3,7,Enzo_Barrenechea,4,Newcastle,7,Aston Villa,MID,2
58,57.0,2.0,15.0,0.0,True,2025-08-16T11:30:00Z,0.0,0.0,1.0,False,0.0,0.0,0.0,0.0,0.0,0.0,0.0,0.0,0.0,0.0,0.0,0.0,0.0,0.0,0.0,0.0,0.0,0.0,0.0,0.0,0.0,0.0,0.0,0.0,0.0,0.0,50.0,0.0,4994.0,0.0,0.0,57,Dobbin,Aston Villa,Lewis,461421,,3,7,Lewis_Dobbin,4,Newcastle,7,Aston Villa,MID,2
59,58.0,2.0,15.0,2.0,True,2025-08-16T11:30:00Z,0.0,0.0,1.0,False,90.0,0.0,0.0,1.0,0.0,0.0,0.0,0.0,1.0,0.0,0.0,0.0,13.0,13.8,2.2,17.0,3.3,3.0,6.0,2.0,11.0,1.0,0.05,0.03,0.08,1.43,50.0,0.0,19130.0,0.0,0.0,58,Kamara,Aston Villa,Boubacar,226944,,3,7,Boubacar_Kamara,4,Newcastle,7,Aston Villa,MID,2
60,59.0,2.0,15.0,5.0,True,2025-08-16T11:30:00Z,0.0,0.0,1.0,False,90.0,0.0,0.0,1.0,0.0,0.0,0.0,0.0,0.0,0.0,0.0,0.0,19.0,19.4,3.0,0.0,2.2,5.0,7.0,2.0,14.0,1.0,0.0,0.01,0.01,1.43,50.0,0.0,148612.0,0.0,0.0,59,Onana,Aston Villa,Amadou,449871,,3,7,Amadou_Onana,4,Newcastle,7,Aston Villa,MID,2
61,60.0,2.0,15.0,0.0,True,2025-08-16T11:30:00Z,0.0,0.0,1.0,False,0.0,0.0,0.0,0.0,0.0,0.0,0.0,0.0,0.0,0.0,0.0,0.0,0.0,0.0,0.0,0.0,0.0,0.0,0.0,0.0,0.0,0.0,0.0,0.0,0.0,0.0,45.0,0.0,27312.0,0.0,0.0,60,Broggio,Aston Villa,Ben,577731,,3,7,Ben_Broggio,4,Newcastle,7,Aston Villa,MID,2
62,61.0,2.0,15.0,0.0,True,2025-08-16T11:30:00Z,0.0,0.0,1.0,False,0.0,0.0,0.0,0.0,0.0,0.0,0.0,0.0,0.0,0.0,0.0,0.0,0.0,0.0,0.0,0.0,0.0,0.0,0.0,0.0,0.0,0.0,0.0,0.0,0.0,0.0,45.0,0.0,35798.0,0.0,0.0,61,Dendoncker,Aston Villa,Leander,151589,,3,7,Leander_Dendoncker,4,Newcastle,7,Aston Villa,MID,2
63,62.0,2.0,15.0,0.0,True,2025-08-16T11:30:00Z,0.0,0.0,1.0,False,0.0,0.0,0.0,0.0,0.0,0.0,0.0,0.0,0.0,0.0,0.0,0.0,0.0,0.0,0.0,0.0,0.0,0.0,0.0,0.0,0.0,0.0,0.0,0.0,0.0,0.0,45.0,0.0,4601.0,0.0,0.0,62,Jimoh-Aloba,Aston Villa,Jamaldeen,559962,,3,7,Jamaldeen_Jimoh-Aloba,4,Newcastle,7,Aston Villa,MID,2
64,63.0,2.0,15.0,0.0,True,2025-08-16T11:30:00Z,0.0,0.0,1.0,False,0.0,0.0,0.0,0.0,0.0,0.0,0.0,0.0,0.0,0.0,0.0,0.0,0.0,0.0,0.0,0.0,0.0,0.0,0.0,0.0,0.0,0.0,0.0,0.0,0.0,0.0,45.0,0.0,66802.0,0.0,0.0,63,Young,Aston Villa,Kadan,537403,,3,7,Kadan_Young,4,Newcastle,7,Aston Villa,MID,2
65,64.0,2.0,15.0,2.0,True,2025-08-16T11:30:00Z,0.0,0.0,1.0,False,90.0,0.0,0.0,1.0,0.0,0.0,0.0,0.0,0.0,0.0,0.0,0.0,12.0,10.6,12.2,27.0,5.0,2.0,3.0,0.0,5.0,1.0,0.12,0.01,0.13,1.43,90.0,0.0,2661379.0,0.0,0.0,64,Watkins,Aston Villa,Ollie,178301,,4,7,Ollie_Watkins,4,Newcastle,7,Aston Villa,FWD,2
66,65.0,2.0,15.0,0.0,True,2025-08-16T11:30:00Z,0.0,0.0,1.0,False,0.0,0.0,0.0,0.0,0.0,0.0,0.0,0.0,0.0,0.0,0.0,0.0,0.0,0.0,0.0,0.0,0.0,0.0,0.0,0.0,0.0,0.0,0.0,0.0,0.0,0.0,45.0,0.0,75390.0,0.0,0.0,65,Redmond,Aston Villa,Zépiqueno,576756,,4,7,Zépiqueno_Redmond,4,Newcastle,7,Aston Villa,FWD,2
67,677.0,2.0,15.0,0.0,True,2025-08-16T11:30:00Z,0.0,0.0,1.0,False,0.0,0.0,0.0,0.0,0.0,0.0,0.0,0.0,0.0,0.0,0.0,0.0,0.0,0.0,0.0,0.0,0.0,0.0,0.0,0.0,0.0,0.0,0.0,0.0,0.0,0.0,65.0,0.0,7079.0,0.0,0.0,677,Guessand,Aston Villa,Evann,485337,,3,7,Evann_Guessand,4,Newcastle,7,Aston Villa,MID,2
68,688.0,2.0,15.0,0.0,True,2025-08-16T11:30:00Z,0.0,0.0,1.0,False,0.0,0.0,0.0,0.0,0.0,0.0,0.0,0.0,0.0,0.0,0.0,0.0,0.0,0.0,0.0,0.0,0.0,0.0,0.0,0.0,0.0,0.0,0.0,0.0,0.0,0.0,40.0,0.0,0.0,0.0,0.0,688,Wright,Aston Villa,James,481283,,1,7,James_Wright,4,Newcastle,7,Aston Villa,GKP,2
69,183.0,6.0,18.0,0.0,False,2025-08-16T14:00:00Z,3.0,0.0,1.0,False,0.0,0.0,0.0,0.0,0.0,0.0,0.0,0.0,0.0,0.0,0.0,0.0,0.0,0.0,0.0,0.0,0.0,0.0,0.0,0.0,0.0,0.0,0.0,0.0,0.0,0.0,45.0,0.0,16387.0,0.0,0.0,183,Weiß,Burnley,Max,518030,,1,90,Max_Weiß,6,Spurs,90,Burnley,GKP,3
70,184.0,6.0,18.0,0.0,False,2025-08-16T14:00:00Z,3.0,0.0,1.0,False,0.0,0.0,0.0,0.0,0.0,0.0,0.0,0.0,0.0,0.0,0.0,0.0,0.0,0.0,0.0,0.0,0.0,0.0,0.0,0.0,0.0,0.0,0.0,0.0,0.0,0.0,40.0,0.0,40049.0,0.0,0.0,184,Green,Burnley,Etienne,489571,,1,90,Etienne_Green,6,Spurs,90,Burnley,GKP,3
71,185.0,6.0,18.0,0.0,False,2025-08-16T14:00:00Z,3.0,0.0,1.0,False,0.0,0.0,0.0,0.0,0.0,0.0,0.0,0.0,0.0,0.0,0.0,0.0,0.0,0.0,0.0,0.0,0.0,0.0,0.0,0.0,0.0,0.0,0.0,0.0,0.0,0.0,40.0,0.0,19982.0,0.0,0.0,185,Hladký,Burnley,Václav,51943,,1,90,Václav_Hladký,6,Spurs,90,Burnley,GKP,3
72,186.0,6.0,18.0,0.0,False,2025-08-16T14:00:00Z,3.0,0.0,1.0,False,0.0,0.0,0.0,0.0,0.0,0.0,0.0,0.0,0.0,0.0,0.0,0.0,0.0,0.0,0.0,0.0,0.0,0.0,0.0,0.0,0.0,0.0,0.0,0.0,0.0,0.0,45.0,0.0,8899.0,0.0,0.0,186,Roberts,Burnley,Connor,192290,,2,90,Connor_Roberts,6,Spurs,90,Burnley,DEF,3
73,187.0,6.0,18.0,1.0,False,2025-08-16T14:00:00Z,3.0,0.0,1.0,False,90.0,0.0,0.0,0.0,3.0,0.0,0.0,0.0,0.0,0.0,0.0,0.0,-3.0,8.2,0.9,1.0,1.0,5.0,4.0,0.0,5.0,1.0,0.01,0.02,0.03,2.32,45.0,0.0,175397.0,0.0,0.0,187,Walker,Burnley,Kyle,58621,,2,90,Kyle_Walker,6,Spurs,90,Burnley,DEF,3
74,188.0,6.0,18.0,0.0,False,2025-08-16T14:00:00Z,3.0,0.0,1.0,False,0.0,0.0,0.0,0.0,0.0,0.0,0.0,0.0,0.0,0.0,0.0,0.0,0.0,0.0,0.0,0.0,0.0,0.0,0.0,0.0,0.0,0.0,0.0,0.0,0.0,0.0,40.0,0.0,30051.0,0.0,0.0,188,Delcroix,Burnley,Hannes,247245,,2,90,Hannes_Delcroix,6,Spurs,90,Burnley,DEF,3
75,189.0,6.0,18.0,0.0,False,2025-08-16T14:00:00Z,3.0,0.0,1.0,False,0.0,0.0,0.0,0.0,0.0,0.0,0.0,0.0,0.0,0.0,0.0,0.0,0.0,0.0,0.0,0.0,0.0,0.0,0.0,0.0,0.0,0.0,0.0,0.0,0.0,0.0,40.0,0.0,3940.0,0.0,0.0,189,Dodgson,Burnley,Owen,461567,Has joined Stockport County on loan for the rest of the season.,2,90,Owen_Dodgson,6,Spurs,90,Burnley,DEF,3
76,190.0,6.0,18.0,1.0,False,2025-08-16T14:00:00Z,3.0,0.0,1.0,False,90.0,0.0,0.0,0.0,3.0,0.0,0.0,0.0,0.0,0.0,0.0,0.0,-5.0,9.8,0.5,8.0,1.8,5.0,1.0,0.0,5.0,1.0,0.0,0.0,0.0,2.32,40.0,0.0,18679.0,0.0,0.0,190,Ekdal,Burnley,Hjalmar,478969,,2,90,Hjalmar_Ekdal,6,Spurs,90,Burnley,DEF,3
77,191.0,6.0,18.0,1.0,False,2025-08-16T14:00:00Z,3.0,0.0,1.0,False,90.0,0.0,0.0,0.0,3.0,0.0,0.0,0.0,0.0,0.0,0.0,0.0,0.0,19.4,0.5,17.0,3.7,8.0,2.0,0.0,8.0,1.0,0.05,0.0,0.05,2.32,40.0,0.0,1993509.0,0.0,0.0,191,Estève,Burnley,Maxime,477717,,2,90,Maxime_Estève,6,Spurs,90,Burnley,DEF,3
78,192.0,6.0,18.0,1.0,False,2025-08-16T14:00:00Z,3.0,0.0,1.0,False,90.0,0.0,0.0,0.0,3.0,0.0,0.0,0.0,0.0,0.0,0.0,0.0,-2.0,13.4,11.7,2.0,2.7,5.0,2.0,1.0,6.0,1.0,0.0,0.04,0.04,2.32,40.0,0.0,49228.0,0.0,0.0,192,Hartman,Burnley,Quilindschy,494960,,2,90,Quilindschy_Hartman,6,Spurs,90,Burnley,DEF,3
79,193.0,6.0,18.0,0.0,False,2025-08-16T14:00:00Z,3.0,0.0,1.0,False,0.0,0.0,0.0,0.0,0.0,0.0,0.0,0.0,0.0,0.0,0.0,0.0,0.0,0.0,0.0,0.0,0.0,0.0,0.0,0.0,0.0,0.0,0.0,0.0,0.0,0.0,40.0,0.0,6171.0,0.0,0.0,193,Humphreys,Burnley,Bashir,461188,Thigh injury - 25% chance of playing,2,90,Bashir_Humphreys,6,Spurs,90,Burnley,DEF,3
80,194.0,6.0,18.0,0.0,False,2025-08-16T14:00:00Z,3.0,0.0,1.0,False,0.0,0.0,0.0,0.0,0.0,0.0,0.0,0.0,0.0,0.0,0.0,0.0,0.0,0.0,0.0,0.0,0.0,0.0,0.0,0.0,0.0,0.0,0.0,0.0,0.0,0.0,40.0,0.0,17054.0,0.0,0.0,194,Beyer,Burnley,Jordan,241231,,2,90,Jordan_Beyer,6,Spurs,90,Burnley,DEF,3
81,195.0,6.0,18.0,0.0,False,2025-08-16T14:00:00Z,3.0,0.0,1.0,False,0.0,0.0,0.0,0.0,0.0,0.0,0.0,0.0,0.0,0.0,0.0,0.0,0.0,0.0,0.0,0.0,0.0,0.0,0.0,0.0,0.0,0.0,0.0,0.0,0.0,0.0,40.0,0.0,14801.0,0.0,0.0,195,Pires Silva,Burnley,Lucas,549329,,2,90,Lucas_Pires Silva,6,Spurs,90,Burnley,DEF,3
82,196.0,6.0,18.0,0.0,False,2025-08-16T14:00:00Z,3.0,0.0,1.0,False,0.0,0.0,0.0,0.0,0.0,0.0,0.0,0.0,0.0,0.0,0.0,0.0,0.0,0.0,0.0,0.0,0.0,0.0,0.0,0.0,0.0,0.0,0.0,0.0,0.0,0.0,40.0,0.0,12114.0,0.0,0.0,196,Sambo,Burnley,Shurandy,450072,,2,90,Shurandy_Sambo,6,Spurs,90,Burnley,DEF,3
83,197.0,6.0,18.0,1.0,False,2025-08-16T14:00:00Z,3.0,0.0,1.0,False,73.0,0.0,0.0,0.0,3.0,0.0,0.0,0.0,0.0,0.0,0.0,0.0,-4.0,4.6,15.9,6.0,2.7,0.0,1.0,0.0,0.0,1.0,0.03,0.08,0.11,2.09,40.0,0.0,11752.0,0.0,0.0,197,Sonne,Burnley,Oliver,519895,,2,90,Oliver_Sonne,6,Spurs,90,Burnley,DEF,3
84,198.0,6.0,18.0,0.0,False,2025-08-16T14:00:00Z,3.0,0.0,1.0,False,0.0,0.0,0.0,0.0,0.0,0.0,0.0,0.0,0.0,0.0,0.0,0.0,0.0,0.0,0.0,0.0,0.0,0.0,0.0,0.0,0.0,0.0,0.0,0.0,0.0,0.0,40.0,0.0,251170.0,0.0,0.0,198,Tuanzebe,Burnley,Axel,180804,,2,90,Axel_Tuanzebe,6,Spurs,90,Burnley,DEF,3
85,199.0,6.0,18.0,0.0,False,2025-08-16T14:00:00Z,3.0,0.0,1.0,False,0.0,0.0,0.0,0.0,0.0,0.0,0.0,0.0,0.0,0.0,0.0,0.0,0.0,0.0,0.0,0.0,0.0,0.0,0.0,0.0,0.0,0.0,0.0,0.0,0.0,0.0,40.0,0.0,12556.0,0.0,0.0,199,Worrall,Burnley,Joe,208912,,2,90,Joe_Worrall,6,Spurs,90,Burnley,DEF,3
86,200.0,6.0,18.0,2.0,False,2025-08-16T14:00:00Z,3.0,0.0,1.0,False,84.0,0.0,0.0,0.0,3.0,0.0,0.0,0.0,0.0,0.0,0.0,0.0,9.0,7.0,26.2,32.0,6.5,0.0,4.0,0.0,4.0,1.0,0.44,0.36,0.8,2.32,55.0,0.0,10479.0,0.0,0.0,200,Anthony,Burnley,Jaidon,444180,,3,90,Jaidon_Anthony,6,Spurs,90,Burnley,MID,3
87,201.0,6.0,18.0,0.0,False,2025-08-16T14:00:00Z,3.0,0.0,1.0,False,0.0,0.0,0.0,0.0,0.0,0.0,0.0,0.0,0.0,0.0,0.0,0.0,0.0,0.0,0.0,0.0,0.0,0.0,0.0,0.0,0.0,0.0,0.0,0.0,0.0,0.0,55.0,0.0,2306.0,0.0,0.0,201,Benson Hedilazio,Burnley,Manuel,183751,,3,90,Manuel_Benson Hedilazio,6,Spurs,90,Burnley,MID,3
88,202.0,6.0,18.0,1.0,False,2025-08-16T14:00:00Z,3.0,0.0,1.0,False,27.0,0.0,0.0,0.0,1.0,0.0,0.0,0.0,0.0,0.0,0.0,0.0,2.0,3.6,0.7,8.0,1.2,1.0,1.0,0.0,2.0,0.0,0.0,0.01,0.01,0.91,55.0,0.0,3981.0,0.0,0.0,202,Bruun Larsen,Burnley,Jacob,179458,,3,90,Jacob_Bruun Larsen,6,Spurs,90,Burnley,MID,3
89,203.0,6.0,18.0,0.0,False,2025-08-16T14:00:00Z,3.0,0.0,1.0,False,0.0,0.0,0.0,0.0,0.0,0.0,0.0,0.0,0.0,0.0,0.0,0.0,0.0,0.0,0.0,0.0,0.0,0.0,0.0,0.0,0.0,0.0,0.0,0.0,0.0,0.0,50.0,0.0,5235.0,0.0,0.0,203,Agyei,Burnley,Enock,578614,,3,90,Enock_Agyei,6,Spurs,90,Burnley,MID,3
90,204.0,6.0,18.0,0.0,False,2025-08-16T14:00:00Z,3.0,0.0,1.0,False,0.0,0.0,0.0,0.0,0.0,0.0,0.0,0.0,0.0,0.0,0.0,0.0,0.0,0.0,0.0,0.0,0.0,0.0,0.0,0.0,0.0,0.0,0.0,0.0,0.0,0.0,50.0,0.0,2352.0,0.0,0.0,204,Churlinov,Burnley,Darko,250735,,3,90,Darko_Churlinov,6,Spurs,90,Burnley,MID,3
91,205.0,6.0,18.0,4.0,False,2025-08-16T14:00:00Z,3.0,0.0,1.0,False,90.0,0.0,0.0,0.0,3.0,0.0,0.0,0.0,0.0,0.0,0.0,0.0,21.0,23.8,59.4,0.0,8.3,5.0,4.0,3.0,12.0,1.0,0.0,0.28,0.28,2.32,50.0,0.0,4247.0,0.0,0.0,205,Cullen,Burnley,Josh,172567,,3,90,Josh_Cullen,6,Spurs,90,Burnley,MID,3
92,206.0,6.0,18.0,1.0,False,2025-08-16T14:00:00Z,3.0,0.0,1.0,False,5.0,0.0,0.0,0.0,0.0,0.0,0.0,0.0,0.0,0.0,0.0,0.0,3.0,0.0,0.0,0.0,0.0,0.0,0.0,0.0,0.0,0.0,0.0,0.0,0.0,0.0,50.0,0.0,9776.0,0.0,0.0,206,Edwards,Burnley,Marcus,174592,,3,90,Marcus_Edwards,6,Spurs,90,Burnley,MID,3
93,207.0,6.0,18.0,2.0,False,2025-08-16T14:00:00Z,3.0,0.0,1.0,False,62.0,0.0,0.0,0.0,2.0,0.0,0.0,0.0,0.0,0.0,0.0,0.0,8.0,0.0,1.7,5.0,0.6,0.0,1.0,0.0,1.0,1.0,0.03,0.01,0.04,1.41,50.0,0.0,13476.0,0.0,0.0,207,Mejbri,Burnley,Hannibal,465527,,3,90,Hannibal_Mejbri,6,Spurs,90,Burnley,MID,3
94,208.0,6.0,18.0,0.0,False,2025-08-16T14:00:00Z,3.0,0.0,1.0,False,0.0,0.0,0.0,0.0,0.0,0.0,0.0,0.0,0.0,0.0,0.0,0.0,0.0,0.0,0.0,0.0,0.0,0.0,0.0,0.0,0.0,0.0,0.0,0.0,0.0,0.0,50.0,0.0,3453.0,0.0,0.0,208,Koleosho,Burnley,Luca,487702,,3,90,Luca_Koleosho,6,Spurs,90,Burnley,MID,3
95,209.0,6.0,18.0,2.0,False,2025-08-16T14:00:00Z,3.0,0.0,1.0,False,62.0,0.0,0.0,0.0,2.0,0.0,0.0,0.0,0.0,0.0,0.0,0.0,11.0,10.6,11.2,20.0,4.2,2.0,3.0,1.0,6.0,1.0,0.11,0.13,0.24,1.41,50.0,0.0,2535.0,0.0,0.0,209,Laurent,Burnley,Josh,167887,,3,90,Josh_Laurent,6,Spurs,90,Burnley,MID,3
96,210.0,6.0,18.0,1.0,False,2025-08-16T14:00:00Z,3.0,0.0,1.0,False,16.0,0.0,0.0,0.0,0.0,0.0,0.0,0.0,0.0,0.0,0.0,0.0,4.0,3.2,0.8,0.0,0.4,0.0,1.0,1.0,2.0,0.0,0.0,0.01,0.01,0.23,50.0,0.0,2436.0,0.0,0.0,210,Tchaouna,Burnley,Loum,469272,,3,90,Loum_Tchaouna,6,Spurs,90,Burnley,MID,3
97,211.0,6.0,18.0,0.0,False,2025-08-16T14:00:00Z,3.0,0.0,1.0,False,0.0,0.0,0.0,0.0,0.0,0.0,0.0,0.0,0.0,0.0,0.0,0.0,0.0,0.0,0.0,0.0,0.0,0.0,0.0,0.0,0.0,0.0,0.0,0.0,0.0,0.0,45.0,0.0,977143.0,0.0,0.0,211,Ramsey,Burnley,Aaron,447715,,3,90,Aaron_Ramsey,6,Spurs,90,Burnley,MID,3
98,212.0,6.0,18.0,0.0,False,2025-08-16T14:00:00Z,3.0,0.0,1.0,False,0.0,0.0,0.0,0.0,0.0,0.0,0.0,0.0,0.0,0.0,0.0,0.0,0.0,0.0,0.0,0.0,0.0,0.0,0.0,0.0,0.0,0.0,0.0,0.0,0.0,0.0,45.0,0.0,3513.0,0.0,0.0,212,Adewumi,Burnley,Oluwaseun,576323,Has joined Cercle Brugge on loan for the rest of the season.,3,90,Oluwaseun_Adewumi,6,Spurs,90,Burnley,MID,3
99,213.0,6.0,18.0,0.0,False,2025-08-16T14:00:00Z,3.0,0.0,1.0,False,0.0,0.0,0.0,0.0,0.0,0.0,0.0,0.0,0.0,0.0,0.0,0.0,0.0,0.0,0.0,0.0,0.0,0.0,0.0,0.0,0.0,0.0,0.0,0.0,0.0,0.0,45.0,0.0,3392.0,0.0,0.0,213,Banel,Burnley,Jaydon,551206,,3,90,Jaydon_Banel,6,Spurs,90,Burnley,MID,3
100,214.0,6.0,18.0,0.0,False,2025-08-16T14:00:00Z,3.0,0.0,1.0,False,0.0,0.0,0.0,0.0,0.0,0.0,0.0,0.0,0.0,0.0,0.0,0.0,0.0,0.0,0.0,0.0,0.0,0.0,0.0,0.0,0.0,0.0,0.0,0.0,0.0,0.0,45.0,0.0,7318.0,0.0,0.0,214,Trésor Ndayishimiye,Burnley,Mike,437748,,3,90,Mike_Trésor Ndayishimiye,6,Spurs,90,Burnley,MID,3
101,215.0,6.0,18.0,1.0,False,2025-08-16T14:00:00Z,3.0,0.0,1.0,False,16.0,0.0,0.0,0.0,0.0,0.0,0.0,0.0,0.0,0.0,0.0,0.0,3.0,0.0,0.0,0.0,0.0,0.0,0.0,0.0,0.0,0.0,0.0,0.0,0.0,0.23,55.0,0.0,15274.0,0.0,0.0,215,Flemming,Burnley,Zian,431639,,4,90,Zian_Flemming,6,Spurs,90,Burnley,FWD,3
102,216.0,6.0,18.0,0.0,False,2025-08-16T14:00:00Z,3.0,0.0,1.0,False,0.0,0.0,0.0,0.0,0.0,0.0,0.0,0.0,0.0,0.0,0.0,0.0,0.0,0.0,0.0,0.0,0.0,0.0,0.0,0.0,0.0,0.0,0.0,0.0,0.0,0.0,50.0,0.0,6453.0,0.0,0.0,216,Amdouni,Burnley,Zeki,492831,Knee injury - Unknown return date,4,90,Zeki_Amdouni,6,Spurs,90,Burnley,FWD,3
103,217.0,6.0,18.0,2.0,False,2025-08-16T14:00:00Z,3.0,0.0,1.0,False,73.0,0.0,0.0,0.0,3.0,0.0,0.0,0.0,0.0,0.0,0.0,0.0,6.0,4.8,22.7,10.0,3.8,2.0,1.0,0.0,3.0,1.0,0.22,0.04,0.26,2.09,50.0,0.0,31392.0,0.0,0.0,217,Foster,Burnley,Lyle,435973,,4,90,Lyle_Foster,6,Spurs,90,Burnley,FWD,3
104,218.0,6.0,18.0,0.0,False,2025-08-16T14:00:00Z,3.0,0.0,1.0,False,0.0,0.0,0.0,0.0,0.0,0.0,0.0,0.0,0.0,0.0,0.0,0.0,0.0,0.0,0.0,0.0,0.0,0.0,0.0,0.0,0.0,0.0,0.0,0.0,0.0,0.0,45.0,0.0,242675.0,0.0,0.0,218,Barnes,Burnley,Ashley,44699,,4,90,Ashley_Barnes,6,Spurs,90,Burnley,FWD,3
105,219.0,6.0,18.0,0.0,False,2025-08-16T14:00:00Z,3.0,0.0,1.0,False,0.0,0.0,0.0,0.0,0.0,0.0,0.0,0.0,0.0,0.0,0.0,0.0,0.0,0.0,0.0,0.0,0.0,0.0,0.0,0.0,0.0,0.0,0.0,0.0,0.0,0.0,45.0,0.0,42665.0,0.0,0.0,219,Obafemi,Burnley,Michael,220598,,4,90,Michael_Obafemi,6,Spurs,90,Burnley,FWD,3
106,470.0,6.0,18.0,2.0,False,2025-08-16T14:00:00Z,3.0,0.0,1.0,False,90.0,0.0,0.0,0.0,3.0,0.0,0.0,0.0,0.0,0.0,3.0,0.0,5.0,25.6,0.0,0.0,2.6,0.0,6.0,0.0,0.0,1.0,0.0,0.0,0.0,2.32,40.0,0.0,3377673.0,0.0,0.0,470,Dúbravka,Burnley,Martin,67089,,1,90,Martin_Dúbravka,6,Spurs,90,Burnley,GKP,3
107,676.0,6.0,18.0,1.0,False,2025-08-16T14:00:00Z,3.0,0.0,1.0,False,27.0,0.0,0.0,0.0,1.0,0.0,0.0,0.0,0.0,0.0,0.0,0.0,1.0,0.0,0.3,3.0,0.1,0.0,1.0,0.0,1.0,0.0,0.05,0.0,0.05,0.91,50.0,0.0,3821.0,0.0,0.0,676,Ugochukwu,Burnley,Lesley,503714,,3,90,Lesley_Ugochukwu,6,Spurs,90,Burnley,MID,3
108,680.0,6.0,18.0,0.0,False,2025-08-16T14:00:00Z,3.0,0.0,1.0,False,0.0,0.0,0.0,0.0,0.0,0.0,0.0,0.0,0.0,0.0,0.0,0.0,0.0,0.0,0.0,0.0,0.0,0.0,0.0,0.0,0.0,0.0,0.0,0.0,0.0,0.0,55.0,0.0,21496.0,0.0,0.0,680,Broja,Burnley,Armando,440323,,4,90,Armando_Broja,6,Spurs,90,Burnley,FWD,3
109,66.0,1.0,12.0,0.0,False,2025-08-15T19:00:00Z,4.0,2.0,1.0,False,0.0,0.0,0.0,0.0,0.0,0.0,0.0,0.0,0.0,0.0,0.0,0.0,0.0,0.0,0.0,0.0,0.0,0.0,0.0,0.0,0.0,0.0,0.0,0.0,0.0,0.0,45.0,0.0,23568.0,0.0,0.0,66,Murara Neto,Bournemouth,Norberto,69752,Has joined Botafogo permanently.,1,91,Norberto_Murara Neto,14,Liverpool,91,Bournemouth,GKP,4
110,67.0,1.0,12.0,2.0,False,2025-08-15T19:00:00Z,4.0,2.0,1.0,False,90.0,0.0,0.0,0.0,4.0,0.0,0.0,0.0,0.0,0.0,6.0,0.0,10.0,47.8,0.0,0.0,4.8,4.0,8.0,0.0,0.0,1.0,0.0,0.0,0.0,2.21,45.0,0.0,288826.0,0.0,0.0,67,Petrović,Bournemouth,Đorđe,457569,,1,91,Đorđe_Petrović,14,Liverpool,91,Bournemouth,GKP,4
111,68.0,1.0,12.0,0.0,False,2025-08-15T19:00:00Z,4.0,2.0,1.0,False,0.0,0.0,0.0,0.0,0.0,0.0,0.0,0.0,0.0,0.0,0.0,0.0,0.0,0.0,0.0,0.0,0.0,0.0,0.0,0.0,0.0,0.0,0.0,0.0,0.0,0.0,40.0,0.0,91035.0,0.0,0.0,68,Dennis,Bournemouth,Will,444172,,1,91,Will_Dennis,14,Liverpool,91,Bournemouth,GKP,4
112,69.0,1.0,12.0,0.0,False,2025-08-15T19:00:00Z,4.0,2.0,1.0,False,0.0,0.0,0.0,0.0,0.0,0.0,0.0,0.0,0.0,0.0,0.0,0.0,0.0,0.0,0.0,0.0,0.0,0.0,0.0,0.0,0.0,0.0,0.0,0.0,0.0,0.0,40.0,0.0,19490.0,0.0,0.0,69,McKenna,Bournemouth,Callan,568791,,1,91,Callan_McKenna,14,Liverpool,91,Bournemouth,GKP,4
113,70.0,1.0,12.0,0.0,False,2025-08-15T19:00:00Z,4.0,2.0,1.0,False,0.0,0.0,0.0,0.0,0.0,0.0,0.0,0.0,0.0,0.0,0.0,0.0,0.0,0.0,0.0,0.0,0.0,0.0,0.0,0.0,0.0,0.0,0.0,0.0,0.0,0.0,40.0,0.0,12585.0,0.0,0.0,70,Paulsen,Bournemouth,Alex,495145,,1,91,Alex_Paulsen,14,Liverpool,91,Bournemouth,GKP,4
114,71.0,1.0,12.0,0.0,False,2025-08-15T19:00:00Z,4.0,2.0,1.0,False,0.0,0.0,0.0,0.0,0.0,0.0,0.0,0.0,0.0,0.0,0.0,0.0,0.0,0.0,0.0,0.0,0.0,0.0,0.0,0.0,0.0,0.0,0.0,0.0,0.0,0.0,50.0,0.0,11034.0,0.0,0.0,71,Zabarnyi,Bournemouth,Illia,477580,Has joined Paris Saint-Germain permanently.,2,91,Illia_Zabarnyi,14,Liverpool,91,Bournemouth,DEF,4
115,72.0,1.0,12.0,2.0,False,2025-08-15T19:00:00Z,4.0,2.0,1.0,False,90.0,0.0,0.0,0.0,4.0,0.0,0.0,0.0,0.0,0.0,0.0,0.0,1.0,26.6,14.6,2.0,4.3,12.0,2.0,3.0,15.0,1.0,0.0,0.05,0.05,2.21,45.0,0.0,66685.0,0.0,0.0,72,Senesi Barón,Bournemouth,Marcos,221466,,2,91,Marcos_Senesi Barón,14,Liverpool,91,Bournemouth,DEF,4
116,73.0,1.0,12.0,1.0,False,2025-08-15T19:00:00Z,4.0,2.0,1.0,False,89.0,0.0,0.0,0.0,3.0,0.0,0.0,0.0,0.0,0.0,0.0,0.0,2.0,12.2,10.5,4.0,2.7,8.0,2.0,1.0,9.0,1.0,0.0,0.08,0.08,2.1,45.0,0.0,16405.0,0.0,0.0,73,Smith,Bournemouth,Adam,54469,,2,91,Adam_Smith,14,Liverpool,91,Bournemouth,DEF,4
117,74.0,1.0,12.0,0.0,False,2025-08-15T19:00:00Z,4.0,2.0,1.0,False,90.0,0.0,0.0,0.0,4.0,0.0,0.0,0.0,0.0,0.0,0.0,0.0,-1.0,18.2,19.1,0.0,3.7,4.0,4.0,2.0,6.0,1.0,0.0,0.13,0.13,2.21,45.0,0.0,65217.0,0.0,0.0,74,Truffert,Bournemouth,Adrien,494521,,2,91,Adrien_Truffert,14,Liverpool,91,Bournemouth,DEF,4
118,75.0,1.0,12.0,0.0,False,2025-08-15T19:00:00Z,4.0,2.0,1.0,False,0.0,0.0,0.0,0.0,0.0,0.0,0.0,0.0,0.0,0.0,0.0,0.0,0.0,0.0,0.0,0.0,0.0,0.0,0.0,0.0,0.0,0.0,0.0,0.0,0.0,0.0,40.0,0.0,28980.0,0.0,0.0,75,Akinmboni,Bournemouth,Matai,541462,,2,91,Matai_Akinmboni,14,Liverpool,91,Bournemouth,DEF,4
119,76.0,1.0,12.0,0.0,False,2025-08-15T19:00:00Z,4.0,2.0,1.0,False,0.0,0.0,0.0,0.0,0.0,0.0,0.0,0.0,0.0,0.0,0.0,0.0,0.0,0.0,0.0,0.0,0.0,0.0,0.0,0.0,0.0,0.0,0.0,0.0,0.0,0.0,40.0,0.0,15673.0,0.0,0.0,76,Bevan,Bournemouth,Owen,518906,,2,91,Owen_Bevan,14,Liverpool,91,Bournemouth,DEF,4
120,77.0,1.0,12.0,1.0,False,2025-08-15T19:00:00Z,4.0,2.0,1.0,False,1.0,0.0,0.0,0.0,1.0,0.0,0.0,0.0,0.0,0.0,0.0,0.0,0.0,3.0,0.1,0.0,0.3,2.0,0.0,0.0,2.0,0.0,0.0,0.0,0.0,0.11,40.0,0.0,65738.0,0.0,0.0,77,Hill,Bournemouth,James,463981,,2,91,James_Hill,14,Liverpool,91,Bournemouth,DEF,4
121,78.0,1.0,12.0,0.0,False,2025-08-15T19:00:00Z,4.0,2.0,1.0,False,0.0,0.0,0.0,0.0,0.0,0.0,0.0,0.0,0.0,0.0,0.0,0.0,0.0,0.0,0.0,0.0,0.0,0.0,0.0,0.0,0.0,0.0,0.0,0.0,0.0,0.0,40.0,0.0,126674.0,0.0,0.0,78,Araujo Zúñiga,Bournemouth,Julián,436893,,2,91,Julián_Araujo Zúñiga,14,Liverpool,91,Bournemouth,DEF,4
122,79.0,1.0,12.0,0.0,False,2025-08-15T19:00:00Z,4.0,2.0,1.0,False,0.0,0.0,0.0,0.0,0.0,0.0,0.0,0.0,0.0,0.0,0.0,0.0,0.0,0.0,0.0,0.0,0.0,0.0,0.0,0.0,0.0,0.0,0.0,0.0,0.0,0.0,40.0,0.0,18559.0,0.0,0.0,79,Mepham,Bournemouth,Chris,223911,,2,91,Chris_Mepham,14,Liverpool,91,Bournemouth,DEF,4
123,80.0,1.0,12.0,0.0,False,2025-08-15T19:00:00Z,4.0,2.0,1.0,False,0.0,0.0,0.0,0.0,0.0,0.0,0.0,0.0,0.0,0.0,0.0,0.0,0.0,0.0,0.0,0.0,0.0,0.0,0.0,0.0,0.0,0.0,0.0,0.0,0.0,0.0,40.0,0.0,25868.0,0.0,0.0,80,Soler Barreto,Bournemouth,Julio,575901,,2,91,Julio_Soler Barreto,14,Liverpool,91,Bournemouth,DEF,4
124,81.0,1.0,12.0,0.0,False,2025-08-15T19:00:00Z,4.0,2.0,1.0,False,0.0,0.0,0.0,0.0,0.0,0.0,0.0,0.0,0.0,0.0,0.0,0.0,0.0,0.0,0.0,0.0,0.0,0.0,0.0,0.0,0.0,0.0,0.0,0.0,0.0,0.0,70.0,0.0,97484.0,0.0,0.0,81,Kluivert,Bournemouth,Justin,222683,Calf injury - Unknown return date,3,91,Justin_Kluivert,14,Liverpool,91,Bournemouth,MID,4
125,82.0,1.0,12.0,15.0,False,2025-08-15T19:00:00Z,4.0,2.0,1.0,False,90.0,2.0,0.0,0.0,4.0,0.0,0.0,0.0,0.0,0.0,0.0,3.0,42.0,66.4,1.3,32.0,10.0,1.0,3.0,1.0,5.0,1.0,0.91,0.02,0.93,2.21,70.0,0.0,462445.0,0.0,0.0,82,Semenyo,Bournemouth,Antoine,437730,,3,91,Antoine_Semenyo,14,Liverpool,91,Bournemouth,MID,4
126,84.0,1.0,12.0,4.0,False,2025-08-15T19:00:00Z,4.0,2.0,1.0,False,90.0,0.0,0.0,0.0,4.0,0.0,0.0,0.0,0.0,0.0,0.0,0.0,20.0,24.6,14.1,33.0,7.2,7.0,10.0,3.0,20.0,1.0,0.32,0.06,0.38,2.21,55.0,0.0,32237.0,0.0,0.0,84,Tavernier,Bournemouth,Marcus,201658,,3,91,Marcus_Tavernier,14,Liverpool,91,Bournemouth,MID,4
127,85.0,1.0,12.0,4.0,False,2025-08-15T19:00:00Z,4.0,2.0,1.0,False,90.0,0.0,0.0,0.0,3.0,0.0,0.0,0.0,0.0,0.0,0.0,0.0,11.0,21.6,1.7,4.0,2.7,8.0,6.0,5.0,19.0,1.0,0.0,0.1,0.1,2.1,50.0,0.0,24156.0,0.0,0.0,85,Adams,Bournemouth,Tyler,200785,,3,91,Tyler_Adams,14,Liverpool,91,Bournemouth,MID,4
128,86.0,1.0,12.0,4.0,False,2025-08-15T19:00:00Z,4.0,2.0,1.0,False,83.0,0.0,1.0,0.0,2.0,0.0,0.0,0.0,1.0,0.0,0.0,0.0,23.0,27.2,40.3,18.0,8.6,0.0,5.0,2.0,7.0,1.0,0.19,0.19,0.38,1.9,50.0,0.0,11665.0,0.0,0.0,86,Brooks,Bournemouth,David,111317,,3,91,David_Brooks,14,Liverpool,91,Bournemouth,MID,4
129,87.0,1.0,12.0,0.0,False,2025-08-15T19:00:00Z,4.0,2.0,1.0,False,0.0,0.0,0.0,0.0,0.0,0.0,0.0,0.0,0.0,0.0,0.0,0.0,0.0,0.0,0.0,0.0,0.0,0.0,0.0,0.0,0.0,0.0,0.0,0.0,0.0,0.0,50.0,0.0,10562.0,0.0,0.0,87,Christie,Bournemouth,Ryan,158499,Lack of match fitness - Expected back 23 Aug,3,91,Ryan_Christie,14,Liverpool,91,Bournemouth,MID,4
130,88.0,1.0,12.0,0.0,False,2025-08-15T19:00:00Z,4.0,2.0,1.0,False,0.0,0.0,0.0,0.0,0.0,0.0,0.0,0.0,0.0,0.0,0.0,0.0,0.0,0.0,0.0,0.0,0.0,0.0,0.0,0.0,0.0,0.0,0.0,0.0,0.0,0.0,50.0,0.0,1488.0,0.0,0.0,88,Cook,Bournemouth,Lewis,155408,Suspended until 30 Aug,3,91,Lewis_Cook,14,Liverpool,91,Bournemouth,MID,4
131,89.0,1.0,12.0,0.0,False,2025-08-15T19:00:00Z,4.0,2.0,1.0,False,0.0,0.0,0.0,0.0,0.0,0.0,0.0,0.0,0.0,0.0,0.0,0.0,0.0,0.0,0.0,0.0,0.0,0.0,0.0,0.0,0.0,0.0,0.0,0.0,0.0,0.0,50.0,0.0,6642.0,0.0,0.0,89,Billing,Bournemouth,Philip,168991,,3,91,Philip_Billing,14,Liverpool,91,Bournemouth,MID,4
132,90.0,1.0,12.0,2.0,False,2025-08-15T19:00:00Z,4.0,2.0,1.0,False,73.0,0.0,0.0,0.0,2.0,0.0,0.0,0.0,0.0,0.0,0.0,0.0,7.0,2.0,2.1,2.0,0.6,1.0,2.0,0.0,3.0,1.0,0.0,0.0,0.0,1.81,50.0,0.0,7941.0,0.0,0.0,90,Scott,Bournemouth,Alex,503139,,3,91,Alex_Scott,14,Liverpool,91,Bournemouth,MID,4
133,91.0,1.0,12.0,0.0,False,2025-08-15T19:00:00Z,4.0,2.0,1.0,False,0.0,0.0,0.0,0.0,0.0,0.0,0.0,0.0,0.0,0.0,0.0,0.0,0.0,0.0,0.0,0.0,0.0,0.0,0.0,0.0,0.0,0.0,0.0,0.0,0.0,0.0,50.0,0.0,4168.0,0.0,0.0,91,Sinisterra Lucumí,Bournemouth,Luis,224995,Lack of match fitness - 25% chance of playing,3,91,Luis_Sinisterra Lucumí,14,Liverpool,91,Bournemouth,MID,4
134,92.0,1.0,12.0,0.0,False,2025-08-15T19:00:00Z,4.0,2.0,1.0,False,0.0,0.0,0.0,0.0,0.0,0.0,0.0,0.0,0.0,0.0,0.0,0.0,0.0,0.0,0.0,0.0,0.0,0.0,0.0,0.0,0.0,0.0,0.0,0.0,0.0,0.0,45.0,0.0,18512.0,0.0,0.0,92,Faivre,Bournemouth,Romain,441240,,3,91,Romain_Faivre,14,Liverpool,91,Bournemouth,MID,4
135,93.0,1.0,12.0,4.0,False,2025-08-15T19:00:00Z,4.0,2.0,1.0,False,16.0,0.0,1.0,0.0,2.0,0.0,0.0,0.0,0.0,0.0,0.0,0.0,12.0,21.2,10.0,0.0,3.1,1.0,2.0,1.0,4.0,0.0,0.0,0.0,0.0,0.4,45.0,0.0,31095.0,0.0,0.0,93,Traorè,Bournemouth,Hamed,424044,,3,91,Hamed_Traorè,14,Liverpool,91,Bournemouth,MID,4
136,94.0,1.0,12.0,0.0,False,2025-08-15T19:00:00Z,4.0,2.0,1.0,False,0.0,0.0,0.0,0.0,0.0,0.0,0.0,0.0,0.0,0.0,0.0,0.0,0.0,0.0,0.0,0.0,0.0,0.0,0.0,0.0,0.0,0.0,0.0,0.0,0.0,0.0,45.0,0.0,5473.0,0.0,0.0,94,Sadi,Bournemouth,Dominic,550596,,3,91,Dominic_Sadi,14,Liverpool,91,Bournemouth,MID,4
137,95.0,1.0,12.0,0.0,False,2025-08-15T19:00:00Z,4.0,2.0,1.0,False,0.0,0.0,0.0,0.0,0.0,0.0,0.0,0.0,0.0,0.0,0.0,0.0,0.0,0.0,0.0,0.0,0.0,0.0,0.0,0.0,0.0,0.0,0.0,0.0,0.0,0.0,45.0,0.0,9256.0,0.0,0.0,95,Silcott-Duberry,Bournemouth,Zain,530121,,3,91,Zain_Silcott-Duberry,14,Liverpool,91,Bournemouth,MID,4
138,96.0,1.0,12.0,1.0,False,2025-08-15T19:00:00Z,4.0,2.0,1.0,False,6.0,0.0,0.0,0.0,2.0,0.0,0.0,0.0,0.0,0.0,0.0,0.0,3.0,0.0,0.0,0.0,0.0,0.0,0.0,0.0,0.0,0.0,0.0,0.0,0.0,0.31,45.0,0.0,7035.0,0.0,0.0,96,Winterburn,Bournemouth,Ben,606775,,3,91,Ben_Winterburn,14,Liverpool,91,Bournemouth,MID,4
139,97.0,1.0,12.0,1.0,False,2025-08-15T19:00:00Z,4.0,2.0,1.0,False,90.0,0.0,0.0,0.0,4.0,0.0,0.0,0.0,1.0,0.0,0.0,0.0,-1.0,0.0,0.6,17.0,1.6,3.0,2.0,0.0,5.0,1.0,0.29,0.0,0.29,2.21,70.0,0.0,183306.0,0.0,0.0,97,de Lima Barbosa,Bournemouth,Francisco Evanilson,444102,,4,91,Francisco Evanilson_de Lima Barbosa,14,Liverpool,91,Bournemouth,FWD,4
140,98.0,1.0,12.0,0.0,False,2025-08-15T19:00:00Z,4.0,2.0,1.0,False,0.0,0.0,0.0,0.0,0.0,0.0,0.0,0.0,0.0,0.0,0.0,0.0,0.0,0.0,0.0,0.0,0.0,0.0,0.0,0.0,0.0,0.0,0.0,0.0,0.0,0.0,55.0,0.0,1219.0,0.0,0.0,98,Ünal,Bournemouth,Enes,168636,Knee injury - Unknown return date,4,91,Enes_Ünal,14,Liverpool,91,Bournemouth,FWD,4
141,99.0,1.0,12.0,0.0,False,2025-08-15T19:00:00Z,4.0,2.0,1.0,False,0.0,0.0,0.0,0.0,0.0,0.0,0.0,0.0,0.0,0.0,0.0,0.0,0.0,0.0,0.0,0.0,0.0,0.0,0.0,0.0,0.0,0.0,0.0,0.0,0.0,0.0,45.0,0.0,27741.0,0.0,0.0,99,Adu-Adjei,Bournemouth,Daniel,590760,,4,91,Daniel_Adu-Adjei,14,Liverpool,91,Bournemouth,FWD,4
142,100.0,1.0,12.0,1.0,False,2025-08-15T19:00:00Z,4.0,2.0,1.0,False,1.0,0.0,0.0,0.0,1.0,0.0,0.0,0.0,0.0,0.0,0.0,0.0,2.0,0.0,0.0,0.0,0.0,0.0,0.0,0.0,0.0,0.0,0.0,0.0,0.0,0.11,45.0,0.0,85883.0,0.0,0.0,100,Kroupi,Bournemouth,Eli Junior,560262,,4,91,Eli Junior_Kroupi,14,Liverpool,91,Bournemouth,FWD,4
143,685.0,1.0,12.0,0.0,False,2025-08-15T19:00:00Z,4.0,2.0,1.0,False,90.0,0.0,0.0,0.0,4.0,0.0,0.0,0.0,0.0,0.0,0.0,0.0,2.0,14.8,0.2,0.0,1.5,7.0,8.0,2.0,9.0,1.0,0.0,0.0,0.0,2.21,45.0,0.0,10051.0,0.0,0.0,685,Diakité,Bournemouth,Bafodé,242882,,2,91,Bafodé_Diakité,14,Liverpool,91,Bournemouth,DEF,4
144,687.0,1.0,12.0,0.0,False,2025-08-15T19:00:00Z,4.0,2.0,1.0,False,0.0,0.0,0.0,0.0,0.0,0.0,0.0,0.0,0.0,0.0,0.0,0.0,0.0,0.0,0.0,0.0,0.0,0.0,0.0,0.0,0.0,0.0,0.0,0.0,0.0,0.0,45.0,0.0,0.0,0.0,0.0,687,Rees-Dottin,Bournemouth,Remy,606774,,3,91,Remy_Rees-Dottin,14,Liverpool,91,Bournemouth,MID,4
145,83.0,1.0,12.0,0.0,False,2025-08-15T19:00:00Z,4.0,2.0,1.0,False,0.0,0.0,0.0,0.0,0.0,0.0,0.0,0.0,0.0,0.0,0.0,0.0,0.0,0.0,0.0,0.0,0.0,0.0,0.0,0.0,0.0,0.0,0.0,0.0,0.0,0.0,60.0,0.0,8768.0,0.0,0.0,83,Ouattara,Brentford,Dango,533463,Lack of match fitness - 50% chance of playing,3,94,Dango_Ouattara,14,Liverpool,94,Brentford,MID,5
146,101.0,4.0,16.0,1.0,False,2025-08-17T13:00:00Z,3.0,1.0,1.0,False,90.0,0.0,0.0,0.0,3.0,0.0,0.0,0.0,0.0,0.0,2.0,0.0,4.0,11.8,0.0,0.0,1.2,4.0,14.0,0.0,0.0,1.0,0.0,0.0,0.0,1.86,45.0,0.0,1113397.0,0.0,0.0,101,Kelleher,Brentford,Caoimhín,200720,,1,94,Caoimhín_Kelleher,17,Nott'm Forest,94,Brentford,GKP,5
147,102.0,4.0,16.0,0.0,False,2025-08-17T13:00:00Z,3.0,1.0,1.0,False,0.0,0.0,0.0,0.0,0.0,0.0,0.0,0.0,0.0,0.0,0.0,0.0,0.0,0.0,0.0,0.0,0.0,0.0,0.0,0.0,0.0,0.0,0.0,0.0,0.0,0.0,40.0,0.0,28995.0,0.0,0.0,102,Balcombe,Brentford,Ellery,235448,,1,94,Ellery_Balcombe,17,Nott'm Forest,94,Brentford,GKP,5
148,103.0,4.0,16.0,0.0,False,2025-08-17T13:00:00Z,3.0,1.0,1.0,False,0.0,0.0,0.0,0.0,0.0,0.0,0.0,0.0,0.0,0.0,0.0,0.0,0.0,0.0,0.0,0.0,0.0,0.0,0.0,0.0,0.0,0.0,0.0,0.0,0.0,0.0,40.0,0.0,13507.0,0.0,0.0,103,Cox,Brentford,Matthew,503300,,1,94,Matthew_Cox,17,Nott'm Forest,94,Brentford,GKP,5
149,104.0,4.0,16.0,0.0,False,2025-08-17T13:00:00Z,3.0,1.0,1.0,False,0.0,0.0,0.0,0.0,0.0,0.0,0.0,0.0,0.0,0.0,0.0,0.0,0.0,0.0,0.0,0.0,0.0,0.0,0.0,0.0,0.0,0.0,0.0,0.0,0.0,0.0,40.0,0.0,7121.0,0.0,0.0,104,Eyestone,Brentford,Julian,535017,,1,94,Julian_Eyestone,17,Nott'm Forest,94,Brentford,GKP,5
150,105.0,4.0,16.0,0.0,False,2025-08-17T13:00:00Z,3.0,1.0,1.0,False,0.0,0.0,0.0,0.0,0.0,0.0,0.0,0.0,0.0,0.0,0.0,0.0,0.0,0.0,0.0,0.0,0.0,0.0,0.0,0.0,0.0,0.0,0.0,0.0,0.0,0.0,40.0,0.0,101164.0,0.0,0.0,105,Valdimarsson,Brentford,Hákon Rafn,507433,,1,94,Hákon Rafn_Valdimarsson,17,Nott'm Forest,94,Brentford,GKP,5
151,106.0,4.0,16.0,0.0,False,2025-08-17T13:00:00Z,3.0,1.0,1.0,False,90.0,0.0,0.0,0.0,3.0,0.0,0.0,0.0,1.0,0.0,0.0,0.0,0.0,9.8,0.2,5.0,1.5,5.0,5.0,0.0,5.0,1.0,0.02,0.0,0.02,1.86,50.0,0.0,173943.0,0.0,0.0,106,Collins,Brentford,Nathan,432830,,2,94,Nathan_Collins,17,Nott'm Forest,94,Brentford,DEF,5
152,107.0,4.0,16.0,1.0,False,2025-08-17T13:00:00Z,3.0,1.0,1.0,False,68.0,0.0,0.0,0.0,3.0,0.0,0.0,0.0,0.0,0.0,0.0,0.0,-8.0,5.4,4.5,7.0,1.7,3.0,2.0,2.0,5.0,1.0,0.12,0.0,0.12,1.86,50.0,0.0,40255.0,0.0,0.0,107,Lewis-Potter,Brentford,Keane,249231,,2,94,Keane_Lewis-Potter,17,Nott'm Forest,94,Brentford,DEF,5
153,108.0,4.0,16.0,0.0,False,2025-08-17T13:00:00Z,3.0,1.0,1.0,False,0.0,0.0,0.0,0.0,0.0,0.0,0.0,0.0,0.0,0.0,0.0,0.0,0.0,0.0,0.0,0.0,0.0,0.0,0.0,0.0,0.0,0.0,0.0,0.0,0.0,0.0,45.0,0.0,17903.0,0.0,0.0,108,Ajer,Brentford,Kristoffer,191866,,2,94,Kristoffer_Ajer,17,Nott'm Forest,94,Brentford,DEF,5
154,109.0,4.0,16.0,1.0,False,2025-08-17T13:00:00Z,3.0,1.0,1.0,False,87.0,0.0,0.0,0.0,3.0,0.0,0.0,0.0,0.0,0.0,0.0,0.0,1.0,8.6,11.5,6.0,2.6,2.0,2.0,1.0,3.0,1.0,0.0,0.04,0.04,1.86,45.0,0.0,14663.0,0.0,0.0,109,Henry,Brentford,Rico,194010,,2,94,Rico_Henry,17,Nott'm Forest,94,Brentford,DEF,5
155,110.0,4.0,16.0,1.0,False,2025-08-17T13:00:00Z,3.0,1.0,1.0,False,90.0,0.0,0.0,0.0,3.0,0.0,0.0,0.0,0.0,0.0,0.0,0.0,3.0,17.8,20.5,0.0,3.8,4.0,2.0,2.0,6.0,1.0,0.0,0.08,0.08,1.86,45.0,0.0,17414.0,0.0,0.0,110,Kayode,Brentford,Michael,607464,,2,94,Michael_Kayode,17,Nott'm Forest,94,Brentford,DEF,5
156,111.0,4.0,16.0,0.0,False,2025-08-17T13:00:00Z,3.0,1.0,1.0,False,0.0,0.0,0.0,0.0,0.0,0.0,0.0,0.0,0.0,0.0,0.0,0.0,0.0,0.0,0.0,0.0,0.0,0.0,0.0,0.0,0.0,0.0,0.0,0.0,0.0,0.0,45.0,0.0,22834.0,0.0,0.0,111,Pinnock,Brentford,Ethan,231065,Knock - 75% chance of playing,2,94,Ethan_Pinnock,17,Nott'm Forest,94,Brentford,DEF,5
157,112.0,4.0,16.0,0.0,False,2025-08-17T13:00:00Z,3.0,1.0,1.0,False,0.0,0.0,0.0,0.0,0.0,0.0,0.0,0.0,0.0,0.0,0.0,0.0,0.0,0.0,0.0,0.0,0.0,0.0,0.0,0.0,0.0,0.0,0.0,0.0,0.0,0.0,45.0,0.0,4481.0,0.0,0.0,112,Roerslev Rasmussen,Brentford,Mads,226956,,2,94,Mads_Roerslev Rasmussen,17,Nott'm Forest,94,Brentford,DEF,5
158,113.0,4.0,16.0,3.0,False,2025-08-17T13:00:00Z,3.0,1.0,1.0,False,90.0,0.0,0.0,0.0,3.0,0.0,0.0,0.0,0.0,0.0,0.0,0.0,6.0,34.4,0.6,24.0,5.9,12.0,4.0,2.0,14.0,1.0,0.21,0.0,0.21,1.86,45.0,0.0,37559.0,0.0,0.0,113,van den Berg,Brentford,Sepp,444765,,2,94,Sepp_van den Berg,17,Nott'm Forest,94,Brentford,DEF,5
159,114.0,4.0,16.0,0.0,False,2025-08-17T13:00:00Z,3.0,1.0,1.0,False,0.0,0.0,0.0,0.0,0.0,0.0,0.0,0.0,0.0,0.0,0.0,0.0,0.0,0.0,0.0,0.0,0.0,0.0,0.0,0.0,0.0,0.0,0.0,0.0,0.0,0.0,40.0,0.0,28228.0,0.0,0.0,114,Arthur,Brentford,Benjamin,622536,,2,94,Benjamin_Arthur,17,Nott'm Forest,94,Brentford,DEF,5
160,115.0,4.0,16.0,0.0,False,2025-08-17T13:00:00Z,3.0,1.0,1.0,False,0.0,0.0,0.0,0.0,0.0,0.0,0.0,0.0,0.0,0.0,0.0,0.0,0.0,0.0,0.0,0.0,0.0,0.0,0.0,0.0,0.0,0.0,0.0,0.0,0.0,0.0,40.0,0.0,15179.0,0.0,0.0,115,Fredrick,Brentford,Benjamin,612534,,2,94,Benjamin_Fredrick,17,Nott'm Forest,94,Brentford,DEF,5
161,116.0,4.0,16.0,0.0,False,2025-08-17T13:00:00Z,3.0,1.0,1.0,False,2.0,0.0,0.0,0.0,0.0,0.0,0.0,0.0,1.0,0.0,0.0,0.0,1.0,2.0,0.0,0.0,0.2,1.0,0.0,1.0,2.0,0.0,0.0,0.0,0.0,0.0,40.0,0.0,45444.0,0.0,0.0,116,Hickey,Brentford,Aaron,472713,,2,94,Aaron_Hickey,17,Nott'm Forest,94,Brentford,DEF,5
162,117.0,4.0,16.0,0.0,False,2025-08-17T13:00:00Z,3.0,1.0,1.0,False,0.0,0.0,0.0,0.0,0.0,0.0,0.0,0.0,0.0,0.0,0.0,0.0,0.0,0.0,0.0,0.0,0.0,0.0,0.0,0.0,0.0,0.0,0.0,0.0,0.0,0.0,40.0,0.0,15310.0,0.0,0.0,117,Ji-soo,Brentford,Kim,570241,,2,94,Kim_Ji-soo,17,Nott'm Forest,94,Brentford,DEF,5
163,118.0,4.0,16.0,0.0,False,2025-08-17T13:00:00Z,3.0,1.0,1.0,False,0.0,0.0,0.0,0.0,0.0,0.0,0.0,0.0,0.0,0.0,0.0,0.0,0.0,0.0,0.0,0.0,0.0,0.0,0.0,0.0,0.0,0.0,0.0,0.0,0.0,0.0,40.0,0.0,13634.0,0.0,0.0,118,Meghoma,Brentford,Jayden,499717,,2,94,Jayden_Meghoma,17,Nott'm Forest,94,Brentford,DEF,5
164,120.0,4.0,16.0,1.0,False,2025-08-17T13:00:00Z,3.0,1.0,1.0,False,45.0,0.0,0.0,0.0,0.0,0.0,0.0,0.0,0.0,0.0,0.0,0.0,1.0,4.6,0.9,6.0,1.2,2.0,3.0,2.0,7.0,0.0,0.0,0.04,0.04,0.37,70.0,0.0,31063.0,0.0,0.0,120,Schade,Brentford,Kevin,513418,,3,94,Kevin_Schade,17,Nott'm Forest,94,Brentford,MID,5
165,121.0,4.0,16.0,0.0,False,2025-08-17T13:00:00Z,3.0,1.0,1.0,False,0.0,0.0,0.0,0.0,0.0,0.0,0.0,0.0,0.0,0.0,0.0,0.0,0.0,0.0,0.0,0.0,0.0,0.0,0.0,0.0,0.0,0.0,0.0,0.0,0.0,0.0,60.0,0.0,109890.0,0.0,0.0,121,Damsgaard,Brentford,Mikkel,440089,,3,94,Mikkel_Damsgaard,17,Nott'm Forest,94,Brentford,MID,5
166,122.0,4.0,16.0,1.0,False,2025-08-17T13:00:00Z,3.0,1.0,1.0,False,45.0,0.0,0.0,0.0,3.0,0.0,0.0,0.0,0.0,0.0,0.0,0.0,5.0,4.0,1.8,0.0,0.6,0.0,2.0,2.0,4.0,1.0,0.0,0.01,0.01,1.49,55.0,0.0,5740.0,0.0,0.0,122,Milambo,Brentford,Antoni,543295,,3,94,Antoni_Milambo,17,Nott'm Forest,94,Brentford,MID,5
167,123.0,4.0,16.0,2.0,False,2025-08-17T13:00:00Z,3.0,1.0,1.0,False,90.0,0.0,0.0,0.0,3.0,0.0,0.0,0.0,0.0,0.0,0.0,0.0,7.0,5.4,5.0,3.0,1.3,0.0,4.0,3.0,7.0,1.0,0.03,0.03,0.06,1.86,50.0,0.0,29503.0,0.0,0.0,123,Freitas Gouveia Carvalho,Brentford,Fábio,244858,,3,94,Fábio_Freitas Gouveia Carvalho,17,Nott'm Forest,94,Brentford,MID,5
168,124.0,4.0,16.0,1.0,False,2025-08-17T13:00:00Z,3.0,1.0,1.0,False,21.0,0.0,0.0,0.0,0.0,0.0,0.0,0.0,0.0,0.0,0.0,0.0,2.0,0.0,1.1,0.0,0.1,0.0,3.0,0.0,3.0,0.0,0.0,0.0,0.0,0.0,50.0,0.0,28255.0,0.0,0.0,124,Henderson,Brentford,Jordan,56979,,3,94,Jordan_Henderson,17,Nott'm Forest,94,Brentford,MID,5
169,125.0,4.0,16.0,0.0,False,2025-08-17T13:00:00Z,3.0,1.0,1.0,False,0.0,0.0,0.0,0.0,0.0,0.0,0.0,0.0,0.0,0.0,0.0,0.0,0.0,0.0,0.0,0.0,0.0,0.0,0.0,0.0,0.0,0.0,0.0,0.0,0.0,0.0,50.0,0.0,2018.0,0.0,0.0,125,Janelt,Brentford,Vitaly,204580,Heel Injury - Unknown return date,3,94,Vitaly_Janelt,17,Nott'm Forest,94,Brentford,MID,5
170,126.0,4.0,16.0,2.0,False,2025-08-17T13:00:00Z,3.0,1.0,1.0,False,68.0,0.0,0.0,0.0,3.0,0.0,0.0,0.0,0.0,0.0,0.0,0.0,10.0,9.0,25.4,8.0,4.2,2.0,1.0,2.0,5.0,1.0,0.13,0.03,0.16,1.86,50.0,0.0,8568.0,0.0,0.0,126,Jensen,Brentford,Mathias,207283,,3,94,Mathias_Jensen,17,Nott'm Forest,94,Brentford,MID,5
171,127.0,4.0,16.0,0.0,False,2025-08-17T13:00:00Z,3.0,1.0,1.0,False,0.0,0.0,0.0,0.0,0.0,0.0,0.0,0.0,0.0,0.0,0.0,0.0,0.0,0.0,0.0,0.0,0.0,0.0,0.0,0.0,0.0,0.0,0.0,0.0,0.0,0.0,50.0,0.0,1258.0,0.0,0.0,127,Nunes Fernandes Gomes,Brentford,Gustavo,626464,Hamstring injury - Unknown return date,3,94,Gustavo_Nunes Fernandes Gomes,17,Nott'm Forest,94,Brentford,MID,5
172,128.0,4.0,16.0,4.0,False,2025-08-17T13:00:00Z,3.0,1.0,1.0,False,21.0,0.0,1.0,0.0,0.0,0.0,0.0,0.0,0.0,0.0,0.0,0.0,9.0,0.0,0.1,2.0,0.1,0.0,1.0,0.0,1.0,0.0,0.0,0.0,0.0,0.0,50.0,0.0,3753.0,0.0,0.0,128,Onyeka,Brentford,Frank,428580,,3,94,Frank_Onyeka,17,Nott'm Forest,94,Brentford,MID,5
173,129.0,4.0,16.0,2.0,False,2025-08-17T13:00:00Z,3.0,1.0,1.0,False,90.0,0.0,0.0,0.0,3.0,0.0,0.0,0.0,0.0,0.0,0.0,0.0,10.0,3.6,10.8,7.0,2.1,0.0,9.0,0.0,9.0,1.0,0.08,0.01,0.09,1.86,50.0,0.0,4241.0,0.0,0.0,129,Yarmoliuk,Brentford,Yehor,508395,,3,94,Yehor_Yarmoliuk,17,Nott'm Forest,94,Brentford,MID,5
174,130.0,4.0,16.0,0.0,False,2025-08-17T13:00:00Z,3.0,1.0,1.0,False,0.0,0.0,0.0,0.0,0.0,0.0,0.0,0.0,0.0,0.0,0.0,0.0,0.0,0.0,0.0,0.0,0.0,0.0,0.0,0.0,0.0,0.0,0.0,0.0,0.0,0.0,45.0,0.0,10765.0,0.0,0.0,130,Donovan,Brentford,Romelle,606689,,3,94,Romelle_Donovan,17,Nott'm Forest,94,Brentford,MID,5
175,131.0,4.0,16.0,0.0,False,2025-08-17T13:00:00Z,3.0,1.0,1.0,False,0.0,0.0,0.0,0.0,0.0,0.0,0.0,0.0,0.0,0.0,0.0,0.0,0.0,0.0,0.0,0.0,0.0,0.0,0.0,0.0,0.0,0.0,0.0,0.0,0.0,0.0,45.0,0.0,18856.0,0.0,0.0,131,Konak,Brentford,Yunus Emre,628204,,3,94,Yunus Emre_Konak,17,Nott'm Forest,94,Brentford,MID,5
176,132.0,4.0,16.0,0.0,False,2025-08-17T13:00:00Z,3.0,1.0,1.0,False,0.0,0.0,0.0,0.0,0.0,0.0,0.0,0.0,0.0,0.0,0.0,0.0,0.0,0.0,0.0,0.0,0.0,0.0,0.0,0.0,0.0,0.0,0.0,0.0,0.0,0.0,45.0,0.0,3159.0,0.0,0.0,132,Maghoma,Brentford,Paris,220695,Unknown - Unknown return date,3,94,Paris_Maghoma,17,Nott'm Forest,94,Brentford,MID,5
177,133.0,4.0,16.0,0.0,False,2025-08-17T13:00:00Z,3.0,1.0,1.0,False,0.0,0.0,0.0,0.0,0.0,0.0,0.0,0.0,0.0,0.0,0.0,0.0,0.0,0.0,0.0,0.0,0.0,0.0,0.0,0.0,0.0,0.0,0.0,0.0,0.0,0.0,45.0,0.0,3919.0,0.0,0.0,133,Peart-Harris,Brentford,Myles,450539,,3,94,Myles_Peart-Harris,17,Nott'm Forest,94,Brentford,MID,5
178,134.0,4.0,16.0,0.0,False,2025-08-17T13:00:00Z,3.0,1.0,1.0,False,0.0,0.0,0.0,0.0,0.0,0.0,0.0,0.0,0.0,0.0,0.0,0.0,0.0,0.0,0.0,0.0,0.0,0.0,0.0,0.0,0.0,0.0,0.0,0.0,0.0,0.0,45.0,0.0,1421.0,0.0,0.0,134,Trevitt,Brentford,Ryan,591357,Has joined Wigan on loan for the rest of the season,3,94,Ryan_Trevitt,17,Nott'm Forest,94,Brentford,MID,5
179,135.0,4.0,16.0,0.0,False,2025-08-17T13:00:00Z,3.0,1.0,1.0,False,0.0,0.0,0.0,0.0,0.0,0.0,0.0,0.0,0.0,0.0,0.0,0.0,0.0,0.0,0.0,0.0,0.0,0.0,0.0,0.0,0.0,0.0,0.0,0.0,0.0,0.0,75.0,0.0,264591.0,0.0,0.0,135,Wissa,Brentford,Yoane,216646,Won’t be considered for selection against Nottingham Forest on 17/8. - Unknown return date,4,94,Yoane_Wissa,17,Nott'm Forest,94,Brentford,FWD,5
180,136.0,4.0,16.0,6.0,False,2025-08-17T13:00:00Z,3.0,1.0,1.0,False,90.0,1.0,0.0,0.0,3.0,0.0,0.0,0.0,0.0,0.0,0.0,0.0,17.0,36.4,10.7,22.0,6.9,1.0,0.0,1.0,2.0,1.0,0.91,0.01,0.92,1.86,60.0,0.0,80239.0,0.0,0.0,136,Nascimento Rodrigues,Brentford,Igor Thiago,502500,,4,94,Igor Thiago_Nascimento Rodrigues,17,Nott'm Forest,94,Brentford,FWD,5
181,137.0,4.0,16.0,0.0,False,2025-08-17T13:00:00Z,3.0,1.0,1.0,False,0.0,0.0,0.0,0.0,0.0,0.0,0.0,0.0,0.0,0.0,0.0,0.0,0.0,0.0,0.0,0.0,0.0,0.0,0.0,0.0,0.0,0.0,0.0,0.0,0.0,0.0,45.0,0.0,42804.0,0.0,0.0,137,Morgan,Brentford,Iwan,533710,,4,94,Iwan_Morgan,17,Nott'm Forest,94,Brentford,FWD,5
182,138.0,3.0,10.0,0.0,True,2025-08-16T14:00:00Z,1.0,1.0,1.0,False,0.0,0.0,0.0,0.0,0.0,0.0,0.0,0.0,0.0,0.0,0.0,0.0,0.0,0.0,0.0,0.0,0.0,0.0,0.0,0.0,0.0,0.0,0.0,0.0,0.0,0.0,45.0,0.0,48358.0,0.0,0.0,138,Steele,Brighton,Jason,49262,,1,36,Jason_Steele,54,Fulham,36,Brighton,GKP,6
183,139.0,3.0,10.0,2.0,True,2025-08-16T14:00:00Z,1.0,1.0,1.0,False,90.0,0.0,0.0,0.0,1.0,0.0,0.0,0.0,0.0,0.0,1.0,0.0,9.0,14.4,0.0,0.0,1.4,1.0,6.0,0.0,0.0,1.0,0.0,0.0,0.0,0.76,45.0,0.0,773743.0,0.0,0.0,139,Verbruggen,Brighton,Bart,489639,,1,36,Bart_Verbruggen,54,Fulham,36,Brighton,GKP,6
184,140.0,3.0,10.0,0.0,True,2025-08-16T14:00:00Z,1.0,1.0,1.0,False,0.0,0.0,0.0,0.0,0.0,0.0,0.0,0.0,0.0,0.0,0.0,0.0,0.0,0.0,0.0,0.0,0.0,0.0,0.0,0.0,0.0,0.0,0.0,0.0,0.0,0.0,40.0,0.0,35266.0,0.0,0.0,140,McGill,Brighton,Tom,209288,,1,36,Tom_McGill,54,Fulham,36,Brighton,GKP,6
185,141.0,3.0,10.0,0.0,True,2025-08-16T14:00:00Z,1.0,1.0,1.0,False,0.0,0.0,0.0,0.0,0.0,0.0,0.0,0.0,0.0,0.0,0.0,0.0,0.0,0.0,0.0,0.0,0.0,0.0,0.0,0.0,0.0,0.0,0.0,0.0,0.0,0.0,40.0,0.0,487.0,0.0,0.0,141,Rushworth,Brighton,Carl,472739,Has joined Coventry City on loan for the rest of the season.,1,36,Carl_Rushworth,54,Fulham,36,Brighton,GKP,6
186,142.0,3.0,10.0,0.0,True,2025-08-16T14:00:00Z,1.0,1.0,1.0,False,0.0,0.0,0.0,0.0,0.0,0.0,0.0,0.0,0.0,0.0,0.0,0.0,0.0,0.0,0.0,0.0,0.0,0.0,0.0,0.0,0.0,0.0,0.0,0.0,0.0,0.0,40.0,0.0,434.0,0.0,0.0,142,Scherpen,Brighton,Kjell,240514,Has joined Union SG permanently,1,36,Kjell_Scherpen,54,Fulham,36,Brighton,GKP,6
187,143.0,3.0,10.0,0.0,True,2025-08-16T14:00:00Z,1.0,1.0,1.0,False,0.0,0.0,0.0,0.0,0.0,0.0,0.0,0.0,0.0,0.0,0.0,0.0,0.0,0.0,0.0,0.0,0.0,0.0,0.0,0.0,0.0,0.0,0.0,0.0,0.0,0.0,45.0,0.0,11195.0,0.0,0.0,143,Boscagli,Brighton,Olivier,204120,,2,36,Olivier_Boscagli,54,Fulham,36,Brighton,DEF,6
188,144.0,3.0,10.0,0.0,True,2025-08-16T14:00:00Z,1.0,1.0,1.0,False,0.0,0.0,0.0,0.0,0.0,0.0,0.0,0.0,0.0,0.0,0.0,0.0,0.0,0.0,0.0,0.0,0.0,0.0,0.0,0.0,0.0,0.0,0.0,0.0,0.0,0.0,45.0,0.0,7225.0,0.0,0.0,144,Coppola,Brighton,Diego,550090,,2,36,Diego_Coppola,54,Fulham,36,Brighton,DEF,6
189,145.0,3.0,10.0,2.0,True,2025-08-16T14:00:00Z,1.0,1.0,1.0,False,90.0,0.0,0.0,0.0,1.0,0.0,0.0,0.0,0.0,0.0,0.0,0.0,8.0,15.0,26.7,4.0,4.6,4.0,3.0,2.0,6.0,1.0,0.0,0.09,0.09,0.76,45.0,0.0,634857.0,0.0,0.0,145,De Cuyper,Brighton,Maxim,465730,,2,36,Maxim_De Cuyper,54,Fulham,36,Brighton,DEF,6
190,146.0,3.0,10.0,2.0,True,2025-08-16T14:00:00Z,1.0,1.0,1.0,False,90.0,0.0,0.0,0.0,1.0,0.0,0.0,0.0,0.0,0.0,0.0,0.0,16.0,16.6,1.8,7.0,2.5,7.0,5.0,1.0,8.0,1.0,0.09,0.0,0.09,0.76,45.0,0.0,116430.0,0.0,0.0,146,Dunk,Brighton,Lewis,83299,,2,36,Lewis_Dunk,54,Fulham,36,Brighton,DEF,6
191,147.0,3.0,10.0,0.0,True,2025-08-16T14:00:00Z,1.0,1.0,1.0,False,0.0,0.0,0.0,0.0,0.0,0.0,0.0,0.0,0.0,0.0,0.0,0.0,0.0,0.0,0.0,0.0,0.0,0.0,0.0,0.0,0.0,0.0,0.0,0.0,0.0,0.0,45.0,0.0,3126.0,0.0,0.0,147,Estupiñán Tenorio,Brighton,Pervis,204214,Has joined AC Milan permanently,2,36,Pervis_Estupiñán Tenorio,54,Fulham,36,Brighton,DEF,6
192,148.0,3.0,10.0,0.0,True,2025-08-16T14:00:00Z,1.0,1.0,1.0,False,21.0,0.0,0.0,0.0,1.0,0.0,0.0,0.0,1.0,0.0,0.0,0.0,-5.0,0.0,1.3,0.0,0.1,1.0,0.0,0.0,1.0,0.0,0.0,0.0,0.0,0.24,45.0,0.0,19047.0,0.0,0.0,148,Kadıoğlu,Brighton,Ferdi,231416,,2,36,Ferdi_Kadıoğlu,54,Fulham,36,Brighton,DEF,6
193,149.0,3.0,10.0,0.0,True,2025-08-16T14:00:00Z,1.0,1.0,1.0,False,0.0,0.0,0.0,0.0,0.0,0.0,0.0,0.0,0.0,0.0,0.0,0.0,0.0,0.0,0.0,0.0,0.0,0.0,0.0,0.0,0.0,0.0,0.0,0.0,0.0,0.0,45.0,0.0,3843.0,0.0,0.0,149,dos Santos de Paulo,Brighton,Igor Julio,223434,,2,36,Igor Julio_dos Santos de Paulo,54,Fulham,36,Brighton,DEF,6
194,150.0,3.0,10.0,0.0,True,2025-08-16T14:00:00Z,1.0,1.0,1.0,False,0.0,0.0,0.0,0.0,0.0,0.0,0.0,0.0,0.0,0.0,0.0,0.0,0.0,0.0,0.0,0.0,0.0,0.0,0.0,0.0,0.0,0.0,0.0,0.0,0.0,0.0,45.0,0.0,39147.0,0.0,0.0,150,Lamptey,Brighton,Tariq,232792,,2,36,Tariq_Lamptey,54,Fulham,36,Brighton,DEF,6
195,151.0,3.0,10.0,2.0,True,2025-08-16T14:00:00Z,1.0,1.0,1.0,False,90.0,0.0,0.0,0.0,1.0,0.0,0.0,0.0,0.0,0.0,0.0,0.0,15.0,28.0,1.3,0.0,2.9,7.0,4.0,1.0,8.0,1.0,0.0,0.13,0.13,0.76,45.0,0.0,117209.0,0.0,0.0,151,van Hecke,Brighton,Jan Paul,469142,,2,36,Jan Paul_van Hecke,54,Fulham,36,Brighton,DEF,6
196,152.0,3.0,10.0,0.0,True,2025-08-16T14:00:00Z,1.0,1.0,1.0,False,0.0,0.0,0.0,0.0,0.0,0.0,0.0,0.0,0.0,0.0,0.0,0.0,0.0,0.0,0.0,0.0,0.0,0.0,0.0,0.0,0.0,0.0,0.0,0.0,0.0,0.0,45.0,0.0,25315.0,0.0,0.0,152,Veltman,Brighton,Joël,111478,,2,36,Joël_Veltman,54,Fulham,36,Brighton,DEF,6
197,153.0,3.0,10.0,0.0,True,2025-08-16T14:00:00Z,1.0,1.0,1.0,False,0.0,0.0,0.0,0.0,0.0,0.0,0.0,0.0,0.0,0.0,0.0,0.0,0.0,0.0,0.0,0.0,0.0,0.0,0.0,0.0,0.0,0.0,0.0,0.0,0.0,0.0,45.0,0.0,1517.0,0.0,0.0,153,Webster,Brighton,Adam,110735,Knee injury - Unknown return date,2,36,Adam_Webster,54,Fulham,36,Brighton,DEF,6
198,154.0,3.0,10.0,0.0,True,2025-08-16T14:00:00Z,1.0,1.0,1.0,False,0.0,0.0,0.0,0.0,0.0,0.0,0.0,0.0,0.0,0.0,0.0,0.0,0.0,0.0,0.0,0.0,0.0,0.0,0.0,0.0,0.0,0.0,0.0,0.0,0.0,0.0,40.0,0.0,1366.0,0.0,0.0,154,Cashin,Brighton,Eiran,439135,Has joined Birmingham on loan for the rest of the season.,2,36,Eiran_Cashin,54,Fulham,36,Brighton,DEF,6
199,155.0,3.0,10.0,0.0,True,2025-08-16T14:00:00Z,1.0,1.0,1.0,False,0.0,0.0,0.0,0.0,0.0,0.0,0.0,0.0,0.0,0.0,0.0,0.0,0.0,0.0,0.0,0.0,0.0,0.0,0.0,0.0,0.0,0.0,0.0,0.0,0.0,0.0,40.0,0.0,17058.0,0.0,0.0,155,Slater,Brighton,Jacob,589100,,2,36,Jacob_Slater,54,Fulham,36,Brighton,DEF,6
200,156.0,3.0,10.0,0.0,True,2025-08-16T14:00:00Z,1.0,1.0,1.0,False,0.0,0.0,0.0,0.0,0.0,0.0,0.0,0.0,0.0,0.0,0.0,0.0,0.0,0.0,0.0,0.0,0.0,0.0,0.0,0.0,0.0,0.0,0.0,0.0,0.0,0.0,40.0,0.0,14149.0,0.0,0.0,156,Tasker,Brighton,Charlie,547720,,2,36,Charlie_Tasker,54,Fulham,36,Brighton,DEF,6
201,157.0,3.0,10.0,2.0,True,2025-08-16T14:00:00Z,1.0,1.0,1.0,False,82.0,0.0,0.0,1.0,0.0,0.0,0.0,0.0,1.0,0.0,0.0,0.0,-2.0,0.0,2.4,8.0,0.6,0.0,0.0,0.0,0.0,1.0,0.07,0.04,0.11,0.52,65.0,0.0,697623.0,0.0,0.0,157,Kaoru,Brighton,Mitoma,451340,,3,36,Mitoma_Kaoru,54,Fulham,36,Brighton,MID,6
202,158.0,3.0,10.0,6.0,True,2025-08-16T14:00:00Z,1.0,1.0,1.0,False,68.0,0.0,1.0,1.0,0.0,0.0,0.0,0.0,0.0,0.0,0.0,0.0,15.0,2.2,1.2,15.0,1.8,0.0,1.0,1.0,2.0,1.0,0.07,0.0,0.07,0.52,60.0,0.0,141983.0,0.0,0.0,158,Rutter,Brighton,Georginio,463067,,3,36,Georginio_Rutter,54,Fulham,36,Brighton,MID,6
203,159.0,3.0,10.0,0.0,True,2025-08-16T14:00:00Z,1.0,1.0,1.0,False,0.0,0.0,0.0,0.0,0.0,0.0,0.0,0.0,0.0,0.0,0.0,0.0,0.0,0.0,0.0,0.0,0.0,0.0,0.0,0.0,0.0,0.0,0.0,0.0,0.0,0.0,60.0,0.0,2493.0,0.0,0.0,159,March,Brighton,Solly,109345,Knee injury - Unknown return date,3,36,Solly_March,54,Fulham,36,Brighton,MID,6
204,160.0,3.0,10.0,3.0,True,2025-08-16T14:00:00Z,1.0,1.0,1.0,False,68.0,0.0,0.0,1.0,0.0,0.0,0.0,0.0,0.0,0.0,0.0,0.0,7.0,0.4,2.9,12.0,1.5,1.0,3.0,0.0,4.0,1.0,0.09,0.02,0.11,0.52,60.0,0.0,122796.0,0.0,0.0,160,Minteh,Brighton,Yankuba,592031,,3,36,Yankuba_Minteh,54,Fulham,36,Brighton,MID,6
205,161.0,3.0,10.0,0.0,True,2025-08-16T14:00:00Z,1.0,1.0,1.0,False,0.0,0.0,0.0,0.0,0.0,0.0,0.0,0.0,0.0,0.0,0.0,0.0,0.0,0.0,0.0,0.0,0.0,0.0,0.0,0.0,0.0,0.0,0.0,0.0,0.0,0.0,55.0,0.0,3831.0,0.0,0.0,161,Enciso Espínola,Brighton,Julio,474120,Knee injury - Expected back 18 Oct,3,36,Julio_Enciso Espínola,54,Fulham,36,Brighton,MID,6
206,162.0,3.0,10.0,1.0,True,2025-08-16T14:00:00Z,1.0,1.0,1.0,False,7.0,0.0,0.0,0.0,1.0,0.0,0.0,0.0,0.0,0.0,0.0,0.0,-2.0,0.2,0.3,4.0,0.5,0.0,1.0,1.0,2.0,0.0,0.31,0.0,0.31,0.24,55.0,0.0,4408.0,0.0,0.0,162,Gruda,Brighton,Brajan,513433,,3,36,Brajan_Gruda,54,Fulham,36,Brighton,MID,6
207,163.0,3.0,10.0,0.0,True,2025-08-16T14:00:00Z,1.0,1.0,1.0,False,0.0,0.0,0.0,0.0,0.0,0.0,0.0,0.0,0.0,0.0,0.0,0.0,0.0,0.0,0.0,0.0,0.0,0.0,0.0,0.0,0.0,0.0,0.0,0.0,0.0,0.0,55.0,0.0,11289.0,0.0,0.0,163,Hinshelwood,Brighton,Jack,532529,,3,36,Jack_Hinshelwood,54,Fulham,36,Brighton,MID,6
208,164.0,3.0,10.0,10.0,True,2025-08-16T14:00:00Z,1.0,1.0,1.0,False,87.0,1.0,0.0,1.0,0.0,0.0,0.0,0.0,0.0,0.0,0.0,2.0,24.0,45.8,44.3,25.0,11.5,0.0,0.0,3.0,3.0,1.0,0.79,0.14,0.93,0.52,55.0,0.0,11290.0,0.0,0.0,164,O'Riley,Brighton,Matt,219249,,3,36,Matt_O'Riley,54,Fulham,36,Brighton,MID,6
209,165.0,3.0,10.0,0.0,True,2025-08-16T14:00:00Z,1.0,1.0,1.0,False,0.0,0.0,0.0,0.0,0.0,0.0,0.0,0.0,0.0,0.0,0.0,0.0,0.0,0.0,0.0,0.0,0.0,0.0,0.0,0.0,0.0,0.0,0.0,0.0,0.0,0.0,55.0,0.0,2286.0,0.0,0.0,165,Sima,Brighton,Abdallah,516211,,3,36,Abdallah_Sima,54,Fulham,36,Brighton,MID,6
210,166.0,3.0,10.0,3.0,True,2025-08-16T14:00:00Z,1.0,1.0,1.0,False,90.0,0.0,0.0,0.0,1.0,0.0,0.0,0.0,0.0,0.0,0.0,1.0,20.0,7.2,3.2,2.0,1.2,3.0,6.0,1.0,10.0,1.0,0.0,0.12,0.12,0.76,50.0,0.0,20119.0,0.0,0.0,166,Ayari,Brighton,Yasin,509416,,3,36,Yasin_Ayari,54,Fulham,36,Brighton,MID,6
211,167.0,3.0,10.0,3.0,True,2025-08-16T14:00:00Z,1.0,1.0,1.0,False,68.0,0.0,0.0,1.0,0.0,0.0,0.0,0.0,0.0,0.0,0.0,0.0,10.0,4.0,11.9,1.0,1.7,4.0,6.0,1.0,11.0,1.0,0.02,0.01,0.03,0.52,50.0,0.0,468058.0,0.0,0.0,167,Baleba,Brighton,Carlos,535301,,3,36,Carlos_Baleba,54,Fulham,36,Brighton,MID,6
212,168.0,3.0,10.0,0.0,True,2025-08-16T14:00:00Z,1.0,1.0,1.0,False,0.0,0.0,0.0,0.0,0.0,0.0,0.0,0.0,0.0,0.0,0.0,0.0,0.0,0.0,0.0,0.0,0.0,0.0,0.0,0.0,0.0,0.0,0.0,0.0,0.0,0.0,50.0,0.0,20776.0,0.0,0.0,168,Buonanotte,Brighton,Facundo,536916,,3,36,Facundo_Buonanotte,54,Fulham,36,Brighton,MID,6
213,169.0,3.0,10.0,0.0,True,2025-08-16T14:00:00Z,1.0,1.0,1.0,False,21.0,0.0,0.0,0.0,1.0,0.0,0.0,0.0,1.0,0.0,0.0,0.0,7.0,7.6,11.3,7.0,2.6,1.0,2.0,2.0,5.0,0.0,0.03,0.03,0.06,0.24,50.0,0.0,5898.0,0.0,0.0,169,Gómez Amarilla,Brighton,Diego,514254,,3,36,Diego_Gómez Amarilla,54,Fulham,36,Brighton,MID,6
214,170.0,3.0,10.0,1.0,True,2025-08-16T14:00:00Z,1.0,1.0,1.0,False,2.0,0.0,0.0,0.0,1.0,0.0,0.0,0.0,0.0,0.0,0.0,0.0,3.0,0.0,0.1,0.0,0.0,0.0,0.0,0.0,0.0,0.0,0.0,0.0,0.0,0.24,50.0,0.0,10069.0,0.0,0.0,170,Milner,Brighton,James,15157,,3,36,James_Milner,54,Fulham,36,Brighton,MID,6
215,171.0,3.0,10.0,0.0,True,2025-08-16T14:00:00Z,1.0,1.0,1.0,False,0.0,0.0,0.0,0.0,0.0,0.0,0.0,0.0,0.0,0.0,0.0,0.0,0.0,0.0,0.0,0.0,0.0,0.0,0.0,0.0,0.0,0.0,0.0,0.0,0.0,0.0,50.0,0.0,3342.0,0.0,0.0,171,Sarmiento Morante,Brighton,Jeremy,441192,,3,36,Jeremy_Sarmiento Morante,54,Fulham,36,Brighton,MID,6
216,172.0,3.0,10.0,0.0,True,2025-08-16T14:00:00Z,1.0,1.0,1.0,False,0.0,0.0,0.0,0.0,0.0,0.0,0.0,0.0,0.0,0.0,0.0,0.0,0.0,0.0,0.0,0.0,0.0,0.0,0.0,0.0,0.0,0.0,0.0,0.0,0.0,0.0,50.0,0.0,2213.0,0.0,0.0,172,Watson,Brighton,Tom,549074,,3,36,Tom_Watson,54,Fulham,36,Brighton,MID,6
217,173.0,3.0,10.0,4.0,True,2025-08-16T14:00:00Z,1.0,1.0,1.0,False,90.0,0.0,0.0,0.0,1.0,0.0,0.0,0.0,0.0,0.0,0.0,0.0,17.0,24.8,2.8,21.0,4.9,8.0,5.0,5.0,18.0,1.0,0.02,0.02,0.04,0.76,50.0,0.0,4812.0,0.0,0.0,173,Wieffer,Brighton,Mats,467779,,3,36,Mats_Wieffer,54,Fulham,36,Brighton,MID,6
218,174.0,3.0,10.0,0.0,True,2025-08-16T14:00:00Z,1.0,1.0,1.0,False,0.0,0.0,0.0,0.0,0.0,0.0,0.0,0.0,0.0,0.0,0.0,0.0,0.0,0.0,0.0,0.0,0.0,0.0,0.0,0.0,0.0,0.0,0.0,0.0,0.0,0.0,50.0,0.0,1890.0,0.0,0.0,174,Yalcouyé,Brighton,Malick,611695,Has joined Swansea City on loan for the rest of the season.,3,36,Malick_Yalcouyé,54,Fulham,36,Brighton,MID,6
219,175.0,3.0,10.0,0.0,True,2025-08-16T14:00:00Z,1.0,1.0,1.0,False,0.0,0.0,0.0,0.0,0.0,0.0,0.0,0.0,0.0,0.0,0.0,0.0,0.0,0.0,0.0,0.0,0.0,0.0,0.0,0.0,0.0,0.0,0.0,0.0,0.0,0.0,45.0,0.0,8021.0,0.0,0.0,175,Knight,Brighton,Joe,567121,,3,36,Joe_Knight,54,Fulham,36,Brighton,MID,6
220,176.0,3.0,10.0,0.0,True,2025-08-16T14:00:00Z,1.0,1.0,1.0,False,0.0,0.0,0.0,0.0,0.0,0.0,0.0,0.0,0.0,0.0,0.0,0.0,0.0,0.0,0.0,0.0,0.0,0.0,0.0,0.0,0.0,0.0,0.0,0.0,0.0,0.0,45.0,0.0,3738.0,0.0,0.0,176,Mazilu,Brighton,Adrian,550141,,3,36,Adrian_Mazilu,54,Fulham,36,Brighton,MID,6
221,177.0,3.0,10.0,0.0,True,2025-08-16T14:00:00Z,1.0,1.0,1.0,False,0.0,0.0,0.0,0.0,0.0,0.0,0.0,0.0,0.0,0.0,0.0,0.0,0.0,0.0,0.0,0.0,0.0,0.0,0.0,0.0,0.0,0.0,0.0,0.0,0.0,0.0,45.0,0.0,5349.0,0.0,0.0,177,Moran,Brighton,Andrew,513834,,3,36,Andrew_Moran,54,Fulham,36,Brighton,MID,6
222,178.0,3.0,10.0,1.0,True,2025-08-16T14:00:00Z,1.0,1.0,1.0,False,21.0,0.0,0.0,0.0,1.0,0.0,0.0,0.0,0.0,0.0,0.0,0.0,3.0,2.2,0.6,2.0,0.5,0.0,0.0,1.0,1.0,0.0,0.0,0.0,0.0,0.24,65.0,0.0,448372.0,0.0,0.0,178,Welbeck,Brighton,Danny,50175,,4,36,Danny_Welbeck,54,Fulham,36,Brighton,FWD,6
223,179.0,3.0,10.0,0.0,True,2025-08-16T14:00:00Z,1.0,1.0,1.0,False,0.0,0.0,0.0,0.0,0.0,0.0,0.0,0.0,0.0,0.0,0.0,0.0,0.0,0.0,0.0,0.0,0.0,0.0,0.0,0.0,0.0,0.0,0.0,0.0,0.0,0.0,55.0,0.0,2506.0,0.0,0.0,179,Ferguson,Brighton,Evan,487117,Has joined AS Roma on loan for the rest of the season,4,36,Evan_Ferguson,54,Fulham,36,Brighton,FWD,6
224,180.0,3.0,10.0,0.0,True,2025-08-16T14:00:00Z,1.0,1.0,1.0,False,0.0,0.0,0.0,0.0,0.0,0.0,0.0,0.0,0.0,0.0,0.0,0.0,0.0,0.0,0.0,0.0,0.0,0.0,0.0,0.0,0.0,0.0,0.0,0.0,0.0,0.0,55.0,0.0,13252.0,0.0,0.0,180,Tzimas,Brighton,Stefanos,608181,,4,36,Stefanos_Tzimas,54,Fulham,36,Brighton,FWD,6
225,181.0,3.0,10.0,0.0,True,2025-08-16T14:00:00Z,1.0,1.0,1.0,False,0.0,0.0,0.0,0.0,0.0,0.0,0.0,0.0,0.0,0.0,0.0,0.0,0.0,0.0,0.0,0.0,0.0,0.0,0.0,0.0,0.0,0.0,0.0,0.0,0.0,0.0,50.0,0.0,41999.0,0.0,0.0,181,Kostoulas,Brighton,Charalampos,647850,,4,36,Charalampos_Kostoulas,54,Fulham,36,Brighton,FWD,6
226,220.0,8.0,8.0,8.0,True,2025-08-17T13:00:00Z,0.0,0.0,1.0,False,90.0,0.0,0.0,1.0,0.0,0.0,0.0,0.0,0.0,0.0,4.0,1.0,31.0,24.4,0.0,0.0,2.4,1.0,8.0,0.0,0.0,1.0,0.0,0.0,0.0,0.66,50.0,0.0,2427422.0,0.0,0.0,220,Lynch Sánchez,Chelsea,Robert,215059,,1,8,Robert_Lynch Sánchez,31,Crystal Palace,8,Chelsea,GKP,7
227,221.0,8.0,8.0,0.0,True,2025-08-17T13:00:00Z,0.0,0.0,1.0,False,0.0,0.0,0.0,0.0,0.0,0.0,0.0,0.0,0.0,0.0,0.0,0.0,0.0,0.0,0.0,0.0,0.0,0.0,0.0,0.0,0.0,0.0,0.0,0.0,0.0,0.0,45.0,0.0,19526.0,0.0,0.0,221,Jörgensen,Chelsea,Filip,508479,,1,8,Filip_Jörgensen,31,Crystal Palace,8,Chelsea,GKP,7
228,222.0,8.0,8.0,0.0,True,2025-08-17T13:00:00Z,0.0,0.0,1.0,False,0.0,0.0,0.0,0.0,0.0,0.0,0.0,0.0,0.0,0.0,0.0,0.0,0.0,0.0,0.0,0.0,0.0,0.0,0.0,0.0,0.0,0.0,0.0,0.0,0.0,0.0,40.0,0.0,694.0,0.0,0.0,222,Penders,Chelsea,Mike,549939,Has joined RC Strasbourg on loan for the rest of the season.,1,8,Mike_Penders,31,Crystal Palace,8,Chelsea,GKP,7
229,223.0,8.0,8.0,0.0,True,2025-08-17T13:00:00Z,0.0,0.0,1.0,False,0.0,0.0,0.0,0.0,0.0,0.0,0.0,0.0,0.0,0.0,0.0,0.0,0.0,0.0,0.0,0.0,0.0,0.0,0.0,0.0,0.0,0.0,0.0,0.0,0.0,0.0,40.0,0.0,9288.0,0.0,0.0,223,Słonina,Chelsea,Gabriel,471798,,1,8,Gabriel_Słonina,31,Crystal Palace,8,Chelsea,GKP,7
230,224.0,8.0,8.0,8.0,True,2025-08-17T13:00:00Z,0.0,0.0,1.0,False,90.0,0.0,0.0,1.0,0.0,0.0,0.0,0.0,0.0,0.0,0.0,2.0,34.0,11.6,15.8,13.0,4.0,2.0,4.0,2.0,4.0,1.0,0.11,0.1,0.21,0.66,60.0,0.0,1776709.0,0.0,0.0,224,Cucurella Saseta,Chelsea,Marc,179268,,2,8,Marc_Cucurella Saseta,31,Crystal Palace,8,Chelsea,DEF,7
231,225.0,8.0,8.0,5.0,True,2025-08-17T13:00:00Z,0.0,0.0,1.0,False,78.0,0.0,0.0,1.0,0.0,0.0,0.0,0.0,1.0,0.0,0.0,0.0,29.0,17.0,46.6,0.0,6.4,6.0,6.0,1.0,7.0,1.0,0.0,0.19,0.19,0.61,55.0,0.0,485657.0,0.0,0.0,225,James,Chelsea,Reece,225796,,2,8,Reece_James,31,Crystal Palace,8,Chelsea,DEF,7
232,226.0,8.0,8.0,6.0,True,2025-08-17T13:00:00Z,0.0,0.0,1.0,False,90.0,0.0,0.0,1.0,0.0,0.0,0.0,0.0,0.0,0.0,0.0,0.0,25.0,21.4,4.9,4.0,3.0,9.0,3.0,0.0,9.0,1.0,0.09,0.03,0.12,0.66,50.0,0.0,94789.0,0.0,0.0,226,Chalobah,Chelsea,Trevoh,180736,,2,8,Trevoh_Chalobah,31,Crystal Palace,8,Chelsea,DEF,7
233,227.0,8.0,8.0,0.0,True,2025-08-17T13:00:00Z,0.0,0.0,1.0,False,0.0,0.0,0.0,0.0,0.0,0.0,0.0,0.0,0.0,0.0,0.0,0.0,0.0,0.0,0.0,0.0,0.0,0.0,0.0,0.0,0.0,0.0,0.0,0.0,0.0,0.0,50.0,0.0,41189.0,0.0,0.0,227,Samuels Colwill,Chelsea,Levi,460028,Anterior cruciate ligament - Unknown return date,2,8,Levi_Samuels Colwill,31,Crystal Palace,8,Chelsea,DEF,7
234,228.0,8.0,8.0,1.0,True,2025-08-17T13:00:00Z,0.0,0.0,1.0,False,11.0,0.0,0.0,0.0,0.0,0.0,0.0,0.0,0.0,0.0,0.0,0.0,2.0,0.0,1.3,1.0,0.2,0.0,0.0,0.0,0.0,0.0,0.02,0.0,0.02,0.05,50.0,0.0,160818.0,0.0,0.0,228,Gusto,Chelsea,Malo,482609,,2,8,Malo_Gusto,31,Crystal Palace,8,Chelsea,DEF,7
235,229.0,8.0,8.0,0.0,True,2025-08-17T13:00:00Z,0.0,0.0,1.0,False,0.0,0.0,0.0,0.0,0.0,0.0,0.0,0.0,0.0,0.0,0.0,0.0,0.0,0.0,0.0,0.0,0.0,0.0,0.0,0.0,0.0,0.0,0.0,0.0,0.0,0.0,45.0,0.0,2103.0,0.0,0.0,229,Badiashile Mukinayi,Chelsea,Benoît,242880,Knock - Unknown return date,2,8,Benoît_Badiashile Mukinayi,31,Crystal Palace,8,Chelsea,DEF,7
236,230.0,8.0,8.0,0.0,True,2025-08-17T13:00:00Z,0.0,0.0,1.0,False,0.0,0.0,0.0,0.0,0.0,0.0,0.0,0.0,0.0,0.0,0.0,0.0,0.0,0.0,0.0,0.0,0.0,0.0,0.0,0.0,0.0,0.0,0.0,0.0,0.0,0.0,45.0,0.0,20068.0,0.0,0.0,230,Fofana,Chelsea,Wesley,444463,,2,8,Wesley_Fofana,31,Crystal Palace,8,Chelsea,DEF,7
237,231.0,8.0,8.0,0.0,True,2025-08-17T13:00:00Z,0.0,0.0,1.0,False,0.0,0.0,0.0,0.0,0.0,0.0,0.0,0.0,0.0,0.0,0.0,0.0,0.0,0.0,0.0,0.0,0.0,0.0,0.0,0.0,0.0,0.0,0.0,0.0,0.0,0.0,45.0,0.0,2776.0,0.0,0.0,231,Sarr,Chelsea,Mamadou,574458,Has joined RC Strasbourg on loan for the rest of the season.,2,8,Mamadou_Sarr,31,Crystal Palace,8,Chelsea,DEF,7
238,232.0,8.0,8.0,0.0,True,2025-08-17T13:00:00Z,0.0,0.0,1.0,False,0.0,0.0,0.0,0.0,0.0,0.0,0.0,0.0,0.0,0.0,0.0,0.0,0.0,0.0,0.0,0.0,0.0,0.0,0.0,0.0,0.0,0.0,0.0,0.0,0.0,0.0,45.0,0.0,128981.0,0.0,0.0,232,Adarabioyo,Chelsea,Tosin,109646,Knock - 75% chance of playing,2,8,Tosin_Adarabioyo,31,Crystal Palace,8,Chelsea,DEF,7
239,233.0,8.0,8.0,9.0,True,2025-08-17T13:00:00Z,0.0,0.0,1.0,False,90.0,0.0,0.0,1.0,0.0,0.0,0.0,0.0,0.0,0.0,0.0,3.0,35.0,16.2,2.3,10.0,2.9,6.0,4.0,2.0,8.0,1.0,0.09,0.01,0.1,0.66,40.0,0.0,22750.0,0.0,0.0,233,Acheampong,Chelsea,Josh,577016,,2,8,Josh_Acheampong,31,Crystal Palace,8,Chelsea,DEF,7
240,234.0,8.0,8.0,0.0,True,2025-08-17T13:00:00Z,0.0,0.0,1.0,False,0.0,0.0,0.0,0.0,0.0,0.0,0.0,0.0,0.0,0.0,0.0,0.0,0.0,0.0,0.0,0.0,0.0,0.0,0.0,0.0,0.0,0.0,0.0,0.0,0.0,0.0,40.0,0.0,10457.0,0.0,0.0,234,Anselmino,Chelsea,Aarón,622758,,2,8,Aarón_Anselmino,31,Crystal Palace,8,Chelsea,DEF,7
241,235.0,8.0,8.0,3.0,True,2025-08-17T13:00:00Z,0.0,0.0,1.0,False,90.0,0.0,0.0,1.0,0.0,0.0,0.0,0.0,0.0,0.0,0.0,0.0,10.0,4.8,16.9,23.0,4.5,0.0,4.0,1.0,5.0,1.0,0.17,0.03,0.2,0.66,105.0,0.0,6063687.0,0.0,0.0,235,Palmer,Chelsea,Cole,244851,,3,8,Cole_Palmer,31,Crystal Palace,8,Chelsea,MID,7
242,236.0,8.0,8.0,3.0,True,2025-08-17T13:00:00Z,0.0,0.0,1.0,False,90.0,0.0,0.0,1.0,0.0,0.0,0.0,0.0,0.0,0.0,0.0,0.0,18.0,13.8,37.7,10.0,6.2,1.0,4.0,1.0,6.0,1.0,0.03,0.36,0.39,0.66,70.0,0.0,361022.0,0.0,0.0,236,Lomba Neto,Chelsea,Pedro,247632,,3,8,Pedro_Lomba Neto,31,Crystal Palace,8,Chelsea,MID,7
243,237.0,8.0,8.0,3.0,True,2025-08-17T13:00:00Z,0.0,0.0,1.0,False,78.0,0.0,0.0,1.0,0.0,0.0,0.0,0.0,0.0,0.0,0.0,0.0,11.0,3.6,16.5,2.0,2.2,0.0,0.0,0.0,0.0,1.0,0.0,0.1,0.1,0.61,65.0,0.0,338998.0,0.0,0.0,237,Fernández,Chelsea,Enzo,448047,,3,8,Enzo_Fernández,31,Crystal Palace,8,Chelsea,MID,7
244,238.0,8.0,8.0,0.0,True,2025-08-17T13:00:00Z,0.0,0.0,1.0,False,36.0,0.0,0.0,0.0,0.0,0.0,0.0,0.0,1.0,0.0,0.0,0.0,-3.0,1.2,4.9,8.0,1.4,1.0,2.0,0.0,3.0,0.0,0.34,0.37,0.71,0.07,65.0,0.0,159108.0,0.0,0.0,238,Almeida de Oliveira Gonçalves,Chelsea,Estêvão,624773,,3,8,Estêvão_Almeida de Oliveira Gonçalves,31,Crystal Palace,8,Chelsea,MID,7
245,239.0,8.0,8.0,1.0,True,2025-08-17T13:00:00Z,0.0,0.0,1.0,False,53.0,0.0,0.0,0.0,0.0,0.0,0.0,0.0,0.0,0.0,0.0,0.0,2.0,7.2,22.8,8.0,3.8,1.0,1.0,1.0,3.0,1.0,0.07,0.07,0.14,0.59,65.0,0.0,28302.0,0.0,0.0,239,Bynoe-Gittens,Chelsea,Jamie,463936,,3,8,Jamie_Bynoe-Gittens,31,Crystal Palace,8,Chelsea,MID,7
246,240.0,8.0,8.0,0.0,True,2025-08-17T13:00:00Z,0.0,0.0,1.0,False,0.0,0.0,0.0,0.0,0.0,0.0,0.0,0.0,0.0,0.0,0.0,0.0,0.0,0.0,0.0,0.0,0.0,0.0,0.0,0.0,0.0,0.0,0.0,0.0,0.0,0.0,60.0,0.0,22100.0,0.0,0.0,240,Nkunku,Chelsea,Christopher,213198,,3,8,Christopher_Nkunku,31,Crystal Palace,8,Chelsea,MID,7
247,241.0,8.0,8.0,5.0,True,2025-08-17T13:00:00Z,0.0,0.0,1.0,False,90.0,0.0,0.0,1.0,0.0,0.0,0.0,0.0,0.0,0.0,0.0,0.0,18.0,31.2,3.9,2.0,3.7,6.0,1.0,5.0,12.0,1.0,0.04,0.04,0.08,0.66,55.0,0.0,507894.0,0.0,0.0,241,Caicedo Corozo,Chelsea,Moisés,486672,,3,8,Moisés_Caicedo Corozo,31,Crystal Palace,8,Chelsea,MID,7
248,243.0,8.0,8.0,0.0,True,2025-08-17T13:00:00Z,0.0,0.0,1.0,False,0.0,0.0,0.0,0.0,0.0,0.0,0.0,0.0,0.0,0.0,0.0,0.0,0.0,0.0,0.0,0.0,0.0,0.0,0.0,0.0,0.0,0.0,0.0,0.0,0.0,0.0,50.0,0.0,4627.0,0.0,0.0,243,George,Chelsea,Tyrique,550615,,3,8,Tyrique_George,31,Crystal Palace,8,Chelsea,MID,7
249,244.0,8.0,8.0,0.0,True,2025-08-17T13:00:00Z,0.0,0.0,1.0,False,0.0,0.0,0.0,0.0,0.0,0.0,0.0,0.0,0.0,0.0,0.0,0.0,0.0,0.0,0.0,0.0,0.0,0.0,0.0,0.0,0.0,0.0,0.0,0.0,0.0,0.0,50.0,0.0,2949.0,0.0,0.0,244,Lavia,Chelsea,Roméo,514356,Muscle injury - Unknown return date,3,8,Roméo_Lavia,31,Crystal Palace,8,Chelsea,MID,7
250,245.0,8.0,8.0,0.0,True,2025-08-17T13:00:00Z,0.0,0.0,1.0,False,0.0,0.0,0.0,0.0,0.0,0.0,0.0,0.0,0.0,0.0,0.0,0.0,0.0,0.0,0.0,0.0,0.0,0.0,0.0,0.0,0.0,0.0,0.0,0.0,0.0,0.0,50.0,0.0,643.0,0.0,0.0,245,Mudryk,Chelsea,Mykhailo,465920,Suspended - unknown return date,3,8,Mykhailo_Mudryk,31,Crystal Palace,8,Chelsea,MID,7
251,246.0,8.0,8.0,1.0,True,2025-08-17T13:00:00Z,0.0,0.0,1.0,False,11.0,0.0,0.0,0.0,0.0,0.0,0.0,0.0,0.0,0.0,0.0,0.0,1.0,0.4,0.3,21.0,2.2,0.0,0.0,0.0,0.0,0.0,0.31,0.0,0.31,0.05,45.0,0.0,28493.0,0.0,0.0,246,Nascimento dos Santos,Chelsea,Andrey,532605,,3,8,Andrey_Nascimento dos Santos,31,Crystal Palace,8,Chelsea,MID,7
252,247.0,8.0,8.0,0.0,True,2025-08-17T13:00:00Z,0.0,0.0,1.0,False,0.0,0.0,0.0,0.0,0.0,0.0,0.0,0.0,0.0,0.0,0.0,0.0,0.0,0.0,0.0,0.0,0.0,0.0,0.0,0.0,0.0,0.0,0.0,0.0,0.0,0.0,45.0,0.0,4534.0,0.0,0.0,247,Luís Essugo,Chelsea,Dário,491007,,3,8,Dário_Luís Essugo,31,Crystal Palace,8,Chelsea,MID,7
253,248.0,8.0,8.0,0.0,True,2025-08-17T13:00:00Z,0.0,0.0,1.0,False,0.0,0.0,0.0,0.0,0.0,0.0,0.0,0.0,0.0,0.0,0.0,0.0,0.0,0.0,0.0,0.0,0.0,0.0,0.0,0.0,0.0,0.0,0.0,0.0,0.0,0.0,45.0,0.0,1494.0,0.0,0.0,248,Páez Andrade,Chelsea,Kendry,611134,Has joined RC Strasbourg on loan for the rest of the season.,3,8,Kendry_Páez Andrade,31,Crystal Palace,8,Chelsea,MID,7
254,249.0,8.0,8.0,2.0,True,2025-08-17T13:00:00Z,0.0,0.0,1.0,False,72.0,0.0,0.0,1.0,0.0,0.0,0.0,0.0,0.0,0.0,0.0,0.0,3.0,0.0,5.1,16.0,1.9,0.0,1.0,0.0,1.0,1.0,0.28,0.02,0.3,0.6,75.0,0.0,5411891.0,0.0,0.0,249,Junqueira de Jesus,Chelsea,João Pedro,475168,,4,8,João Pedro_Junqueira de Jesus,31,Crystal Palace,8,Chelsea,FWD,7
255,250.0,8.0,8.0,1.0,True,2025-08-17T13:00:00Z,0.0,0.0,1.0,False,17.0,0.0,0.0,0.0,0.0,0.0,0.0,0.0,0.0,0.0,0.0,0.0,4.0,5.4,1.3,19.0,2.6,1.0,1.0,0.0,2.0,0.0,0.05,0.01,0.06,0.05,65.0,0.0,394977.0,0.0,0.0,250,Delap,Chelsea,Liam,463034,,4,8,Liam_Delap,31,Crystal Palace,8,Chelsea,FWD,7
256,251.0,8.0,8.0,0.0,True,2025-08-17T13:00:00Z,0.0,0.0,1.0,False,0.0,0.0,0.0,0.0,0.0,0.0,0.0,0.0,0.0,0.0,0.0,0.0,0.0,0.0,0.0,0.0,0.0,0.0,0.0,0.0,0.0,0.0,0.0,0.0,0.0,0.0,65.0,0.0,5818.0,0.0,0.0,251,Jackson,Chelsea,Nicolas,517052,,4,8,Nicolas_Jackson,31,Crystal Palace,8,Chelsea,FWD,7
257,672.0,8.0,8.0,0.0,True,2025-08-17T13:00:00Z,0.0,0.0,1.0,False,0.0,0.0,0.0,0.0,0.0,0.0,0.0,0.0,0.0,0.0,0.0,0.0,0.0,0.0,0.0,0.0,0.0,0.0,0.0,0.0,0.0,0.0,0.0,0.0,0.0,0.0,50.0,0.0,29623.0,0.0,0.0,672,Hato,Chelsea,Jorrel,551210,,2,8,Jorrel_Hato,31,Crystal Palace,8,Chelsea,DEF,7
258,253.0,8.0,7.0,6.0,False,2025-08-17T13:00:00Z,0.0,0.0,1.0,False,90.0,0.0,0.0,1.0,0.0,0.0,0.0,0.0,0.0,0.0,2.0,0.0,27.0,22.4,10.0,0.0,3.2,2.0,5.0,0.0,0.0,1.0,0.0,0.0,0.0,1.6,50.0,0.0,649134.0,0.0,0.0,253,Henderson,Crystal Palace,Dean,172649,,1,31,Dean_Henderson,8,Chelsea,31,Crystal Palace,GKP,8
259,254.0,8.0,7.0,0.0,False,2025-08-17T13:00:00Z,0.0,0.0,1.0,False,0.0,0.0,0.0,0.0,0.0,0.0,0.0,0.0,0.0,0.0,0.0,0.0,0.0,0.0,0.0,0.0,0.0,0.0,0.0,0.0,0.0,0.0,0.0,0.0,0.0,0.0,40.0,0.0,38826.0,0.0,0.0,254,Benítez,Crystal Palace,Walter,121709,,1,31,Walter_Benítez,8,Chelsea,31,Crystal Palace,GKP,8
260,255.0,8.0,7.0,0.0,False,2025-08-17T13:00:00Z,0.0,0.0,1.0,False,0.0,0.0,0.0,0.0,0.0,0.0,0.0,0.0,0.0,0.0,0.0,0.0,0.0,0.0,0.0,0.0,0.0,0.0,0.0,0.0,0.0,0.0,0.0,0.0,0.0,0.0,40.0,0.0,9454.0,0.0,0.0,255,Matthews,Crystal Palace,Remi,169593,,1,31,Remi_Matthews,8,Chelsea,31,Crystal Palace,GKP,8
261,256.0,8.0,7.0,5.0,False,2025-08-17T13:00:00Z,0.0,0.0,1.0,False,90.0,0.0,0.0,1.0,0.0,0.0,0.0,0.0,1.0,0.0,0.0,0.0,17.0,10.0,0.4,6.0,1.6,6.0,2.0,2.0,8.0,1.0,0.05,0.0,0.05,1.6,55.0,0.0,813663.0,0.0,0.0,256,Muñoz Mejía,Crystal Palace,Daniel,247348,,2,31,Daniel_Muñoz Mejía,8,Chelsea,31,Crystal Palace,DEF,8
262,257.0,8.0,7.0,8.0,False,2025-08-17T13:00:00Z,0.0,0.0,1.0,False,90.0,0.0,0.0,1.0,0.0,0.0,0.0,0.0,0.0,0.0,0.0,0.0,25.0,30.8,0.1,0.0,3.1,13.0,2.0,3.0,16.0,1.0,0.0,0.0,0.0,1.6,50.0,0.0,96266.0,0.0,0.0,257,Lacroix,Crystal Palace,Maxence,437499,,2,31,Maxence_Lacroix,8,Chelsea,31,Crystal Palace,DEF,8
263,258.0,8.0,7.0,9.0,False,2025-08-17T13:00:00Z,0.0,0.0,1.0,False,90.0,0.0,0.0,1.0,0.0,0.0,0.0,0.0,0.0,0.0,0.0,1.0,31.0,26.0,0.3,0.0,2.6,6.0,5.0,5.0,11.0,1.0,0.0,0.0,0.0,1.6,50.0,0.0,116282.0,0.0,0.0,258,Mitchell,Crystal Palace,Tyrick,244723,,2,31,Tyrick_Mitchell,8,Chelsea,31,Crystal Palace,DEF,8
264,259.0,8.0,7.0,0.0,False,2025-08-17T13:00:00Z,0.0,0.0,1.0,False,0.0,0.0,0.0,0.0,0.0,0.0,0.0,0.0,0.0,0.0,0.0,0.0,0.0,0.0,0.0,0.0,0.0,0.0,0.0,0.0,0.0,0.0,0.0,0.0,0.0,0.0,50.0,0.0,12789.0,0.0,0.0,259,Sosa,Crystal Palace,Borna,218364,,2,31,Borna_Sosa,8,Chelsea,31,Crystal Palace,DEF,8
265,260.0,8.0,7.0,6.0,False,2025-08-17T13:00:00Z,0.0,0.0,1.0,False,90.0,0.0,0.0,1.0,0.0,0.0,0.0,0.0,0.0,0.0,0.0,0.0,22.0,13.8,10.0,2.0,2.6,5.0,1.0,1.0,6.0,1.0,0.0,0.0,0.0,1.6,45.0,0.0,1199617.0,0.0,0.0,260,Guéhi,Crystal Palace,Marc,209036,,2,31,Marc_Guéhi,8,Chelsea,31,Crystal Palace,DEF,8
266,261.0,8.0,7.0,6.0,False,2025-08-17T13:00:00Z,0.0,0.0,1.0,False,90.0,0.0,0.0,1.0,0.0,0.0,0.0,0.0,0.0,0.0,0.0,0.0,24.0,21.8,0.0,4.0,2.6,6.0,0.0,2.0,8.0,1.0,0.08,0.01,0.09,1.6,45.0,0.0,141293.0,0.0,0.0,261,Richards,Crystal Palace,Chris,427623,,2,31,Chris_Richards,8,Chelsea,31,Crystal Palace,DEF,8
267,262.0,8.0,7.0,0.0,False,2025-08-17T13:00:00Z,0.0,0.0,1.0,False,0.0,0.0,0.0,0.0,0.0,0.0,0.0,0.0,0.0,0.0,0.0,0.0,0.0,0.0,0.0,0.0,0.0,0.0,0.0,0.0,0.0,0.0,0.0,0.0,0.0,0.0,40.0,0.0,848.0,0.0,0.0,262,Riad Dnanou,Crystal Palace,Chadi,515621,Knee injury - Unknown return date,2,31,Chadi_Riad Dnanou,8,Chelsea,31,Crystal Palace,DEF,8
268,263.0,8.0,7.0,0.0,False,2025-08-17T13:00:00Z,0.0,0.0,1.0,False,0.0,0.0,0.0,0.0,0.0,0.0,0.0,0.0,0.0,0.0,0.0,0.0,0.0,0.0,0.0,0.0,0.0,0.0,0.0,0.0,0.0,0.0,0.0,0.0,0.0,0.0,40.0,0.0,66062.0,0.0,0.0,263,Clyne,Crystal Palace,Nathaniel,57328,,2,31,Nathaniel_Clyne,8,Chelsea,31,Crystal Palace,DEF,8
269,264.0,8.0,7.0,0.0,False,2025-08-17T13:00:00Z,0.0,0.0,1.0,False,0.0,0.0,0.0,0.0,0.0,0.0,0.0,0.0,0.0,0.0,0.0,0.0,0.0,0.0,0.0,0.0,0.0,0.0,0.0,0.0,0.0,0.0,0.0,0.0,0.0,0.0,40.0,0.0,5924.0,0.0,0.0,264,Holding,Crystal Palace,Rob,156074,Has joined Colorado Rapids permanently.,2,31,Rob_Holding,8,Chelsea,31,Crystal Palace,DEF,8
270,265.0,8.0,7.0,0.0,False,2025-08-17T13:00:00Z,0.0,0.0,1.0,False,0.0,0.0,0.0,0.0,0.0,0.0,0.0,0.0,0.0,0.0,0.0,0.0,0.0,0.0,0.0,0.0,0.0,0.0,0.0,0.0,0.0,0.0,0.0,0.0,0.0,0.0,40.0,0.0,2907.0,0.0,0.0,265,Kporha,Crystal Palace,Caleb,590012,Back injury - Unknown return date,2,31,Caleb_Kporha,8,Chelsea,31,Crystal Palace,DEF,8
271,266.0,8.0,7.0,3.0,False,2025-08-17T13:00:00Z,0.0,0.0,1.0,False,83.0,0.0,0.0,1.0,0.0,0.0,0.0,0.0,0.0,0.0,0.0,0.0,10.0,7.2,2.6,26.0,3.6,1.0,5.0,1.0,7.0,1.0,0.24,0.0,0.24,1.22,75.0,0.0,992634.0,0.0,0.0,266,Eze,Crystal Palace,Eberechi,232413,,3,31,Eberechi_Eze,8,Chelsea,31,Crystal Palace,MID,8
272,267.0,8.0,7.0,3.0,False,2025-08-17T13:00:00Z,0.0,0.0,1.0,False,90.0,0.0,0.0,1.0,0.0,0.0,0.0,0.0,0.0,0.0,0.0,0.0,16.0,10.0,15.5,0.0,2.6,4.0,3.0,0.0,7.0,1.0,0.0,0.01,0.01,1.6,65.0,0.0,502135.0,0.0,0.0,267,Sarr,Crystal Palace,Ismaïla,232185,,3,31,Ismaïla_Sarr,8,Chelsea,31,Crystal Palace,MID,8
273,268.0,8.0,7.0,0.0,False,2025-08-17T13:00:00Z,0.0,0.0,1.0,False,0.0,0.0,0.0,0.0,0.0,0.0,0.0,0.0,0.0,0.0,0.0,0.0,0.0,0.0,0.0,0.0,0.0,0.0,0.0,0.0,0.0,0.0,0.0,0.0,0.0,0.0,50.0,0.0,412.0,0.0,0.0,268,Doucouré,Crystal Palace,Cheick,438464,Knee injury - Unknown return date,3,31,Cheick_Doucouré,8,Chelsea,31,Crystal Palace,MID,8
274,269.0,8.0,7.0,0.0,False,2025-08-17T13:00:00Z,0.0,0.0,1.0,False,0.0,0.0,0.0,0.0,0.0,0.0,0.0,0.0,0.0,0.0,0.0,0.0,0.0,0.0,0.0,0.0,0.0,0.0,0.0,0.0,0.0,0.0,0.0,0.0,0.0,0.0,50.0,0.0,21037.0,0.0,0.0,269,Esse,Crystal Palace,Romain,606921,,3,31,Romain_Esse,8,Chelsea,31,Crystal Palace,MID,8
275,270.0,8.0,7.0,2.0,False,2025-08-17T13:00:00Z,0.0,0.0,1.0,False,69.0,0.0,0.0,1.0,0.0,0.0,0.0,0.0,1.0,0.0,0.0,0.0,7.0,14.4,0.1,0.0,1.5,6.0,3.0,0.0,9.0,1.0,0.0,0.0,0.0,1.22,50.0,0.0,11049.0,0.0,0.0,270,Hughes,Crystal Palace,Will,108413,,3,31,Will_Hughes,8,Chelsea,31,Crystal Palace,MID,8
276,271.0,8.0,7.0,0.0,False,2025-08-17T13:00:00Z,0.0,0.0,1.0,False,0.0,0.0,0.0,0.0,0.0,0.0,0.0,0.0,0.0,0.0,0.0,0.0,0.0,0.0,0.0,0.0,0.0,0.0,0.0,0.0,0.0,0.0,0.0,0.0,0.0,0.0,50.0,0.0,2116.0,0.0,0.0,271,Kamada,Crystal Palace,Daichi,209400,Knee injury - Expected back 24 Aug,3,31,Daichi_Kamada,8,Chelsea,31,Crystal Palace,MID,8
277,272.0,8.0,7.0,1.0,False,2025-08-17T13:00:00Z,0.0,0.0,1.0,False,20.0,0.0,0.0,0.0,0.0,0.0,0.0,0.0,0.0,0.0,0.0,0.0,3.0,1.0,1.0,2.0,0.4,1.0,2.0,0.0,3.0,0.0,0.0,0.0,0.0,0.38,50.0,0.0,6436.0,0.0,0.0,272,Lerma Solís,Crystal Palace,Jefferson,152551,,3,31,Jefferson_Lerma Solís,8,Chelsea,31,Crystal Palace,MID,8
278,273.0,8.0,7.0,3.0,False,2025-08-17T13:00:00Z,0.0,0.0,1.0,False,90.0,0.0,0.0,1.0,0.0,0.0,0.0,0.0,0.0,0.0,0.0,0.0,14.0,14.6,22.3,0.0,3.7,2.0,4.0,0.0,6.0,1.0,0.0,0.05,0.05,1.6,50.0,0.0,56704.0,0.0,0.0,273,Wharton,Crystal Palace,Adam,496221,,3,31,Adam_Wharton,8,Chelsea,31,Crystal Palace,MID,8
279,274.0,8.0,7.0,0.0,False,2025-08-17T13:00:00Z,0.0,0.0,1.0,False,0.0,0.0,0.0,0.0,0.0,0.0,0.0,0.0,0.0,0.0,0.0,0.0,0.0,0.0,0.0,0.0,0.0,0.0,0.0,0.0,0.0,0.0,0.0,0.0,0.0,0.0,45.0,0.0,5499.0,0.0,0.0,274,Agbinone,Crystal Palace,Asher,579075,,3,31,Asher_Agbinone,8,Chelsea,31,Crystal Palace,MID,8
280,275.0,8.0,7.0,0.0,False,2025-08-17T13:00:00Z,0.0,0.0,1.0,False,0.0,0.0,0.0,0.0,0.0,0.0,0.0,0.0,0.0,0.0,0.0,0.0,0.0,0.0,0.0,0.0,0.0,0.0,0.0,0.0,0.0,0.0,0.0,0.0,0.0,0.0,45.0,0.0,3889.0,0.0,0.0,275,Ahamada,Crystal Palace,Naouirou,466117,,3,31,Naouirou_Ahamada,8,Chelsea,31,Crystal Palace,MID,8
281,276.0,8.0,7.0,1.0,False,2025-08-17T13:00:00Z,0.0,0.0,1.0,False,6.0,0.0,0.0,0.0,0.0,0.0,0.0,0.0,0.0,0.0,0.0,0.0,5.0,3.0,0.0,2.0,0.5,1.0,0.0,1.0,2.0,0.0,0.0,0.0,0.0,0.38,45.0,0.0,190346.0,0.0,0.0,276,Devenny,Crystal Palace,Justin,489706,,3,31,Justin_Devenny,8,Chelsea,31,Crystal Palace,MID,8
282,277.0,8.0,7.0,0.0,False,2025-08-17T13:00:00Z,0.0,0.0,1.0,False,0.0,0.0,0.0,0.0,0.0,0.0,0.0,0.0,0.0,0.0,0.0,0.0,0.0,0.0,0.0,0.0,0.0,0.0,0.0,0.0,0.0,0.0,0.0,0.0,0.0,0.0,45.0,0.0,1092.0,0.0,0.0,277,Ebiowei,Crystal Palace,Malcolm,450535,Has joined Blackpool permanently.,3,31,Malcolm_Ebiowei,8,Chelsea,31,Crystal Palace,MID,8
283,278.0,8.0,7.0,0.0,False,2025-08-17T13:00:00Z,0.0,0.0,1.0,False,0.0,0.0,0.0,0.0,0.0,0.0,0.0,0.0,0.0,0.0,0.0,0.0,0.0,0.0,0.0,0.0,0.0,0.0,0.0,0.0,0.0,0.0,0.0,0.0,0.0,0.0,45.0,0.0,6524.0,0.0,0.0,278,Rak-Sakyi,Crystal Palace,Jesurun,450542,,3,31,Jesurun_Rak-Sakyi,8,Chelsea,31,Crystal Palace,MID,8
284,279.0,8.0,7.0,0.0,False,2025-08-17T13:00:00Z,0.0,0.0,1.0,False,0.0,0.0,0.0,0.0,0.0,0.0,0.0,0.0,0.0,0.0,0.0,0.0,0.0,0.0,0.0,0.0,0.0,0.0,0.0,0.0,0.0,0.0,0.0,0.0,0.0,0.0,45.0,0.0,2243.0,0.0,0.0,279,França de Oliveira,Crystal Palace,Matheus,536694,Muscle injury - Expected back 24 Aug,3,31,Matheus_França de Oliveira,8,Chelsea,31,Crystal Palace,MID,8
285,280.0,8.0,7.0,0.0,False,2025-08-17T13:00:00Z,0.0,0.0,1.0,False,0.0,0.0,0.0,0.0,0.0,0.0,0.0,0.0,0.0,0.0,0.0,0.0,0.0,0.0,0.0,0.0,0.0,0.0,0.0,0.0,0.0,0.0,0.0,0.0,0.0,0.0,45.0,0.0,334.0,0.0,0.0,280,Ozoh,Crystal Palace,David,531989,Has joined Derby County on loan for the rest of the season.,3,31,David_Ozoh,8,Chelsea,31,Crystal Palace,MID,8
286,281.0,8.0,7.0,0.0,False,2025-08-17T13:00:00Z,0.0,0.0,1.0,False,0.0,0.0,0.0,0.0,0.0,0.0,0.0,0.0,0.0,0.0,0.0,0.0,0.0,0.0,0.0,0.0,0.0,0.0,0.0,0.0,0.0,0.0,0.0,0.0,0.0,0.0,45.0,0.0,3947.0,0.0,0.0,281,Rodney,Crystal Palace,Kaden,530318,,3,31,Kaden_Rodney,8,Chelsea,31,Crystal Palace,MID,8
287,282.0,8.0,7.0,0.0,False,2025-08-17T13:00:00Z,0.0,0.0,1.0,False,0.0,0.0,0.0,0.0,0.0,0.0,0.0,0.0,0.0,0.0,0.0,0.0,0.0,0.0,0.0,0.0,0.0,0.0,0.0,0.0,0.0,0.0,0.0,0.0,0.0,0.0,45.0,0.0,2757.0,0.0,0.0,282,Umeh-Chibueze,Crystal Palace,Franco,574398,,3,31,Franco_Umeh-Chibueze,8,Chelsea,31,Crystal Palace,MID,8
288,283.0,8.0,7.0,1.0,False,2025-08-17T13:00:00Z,0.0,0.0,1.0,False,90.0,0.0,0.0,1.0,0.0,0.0,0.0,0.0,1.0,0.0,0.0,0.0,7.0,16.0,0.8,26.0,4.3,5.0,3.0,1.0,9.0,1.0,0.29,0.0,0.29,1.6,75.0,0.0,886293.0,0.0,0.0,283,Mateta,Crystal Palace,Jean-Philippe,231747,,4,31,Jean-Philippe_Mateta,8,Chelsea,31,Crystal Palace,FWD,8
289,284.0,8.0,7.0,0.0,False,2025-08-17T13:00:00Z,0.0,0.0,1.0,False,0.0,0.0,0.0,0.0,0.0,0.0,0.0,0.0,0.0,0.0,0.0,0.0,0.0,0.0,0.0,0.0,0.0,0.0,0.0,0.0,0.0,0.0,0.0,0.0,0.0,0.0,55.0,0.0,39779.0,0.0,0.0,284,Nketiah,Crystal Palace,Eddie,205533,Hamstring injury - Expected back 18 Oct,4,31,Eddie_Nketiah,8,Chelsea,31,Crystal Palace,FWD,8
290,285.0,8.0,7.0,0.0,False,2025-08-17T13:00:00Z,0.0,0.0,1.0,False,0.0,0.0,0.0,0.0,0.0,0.0,0.0,0.0,0.0,0.0,0.0,0.0,0.0,0.0,0.0,0.0,0.0,0.0,0.0,0.0,0.0,0.0,0.0,0.0,0.0,0.0,50.0,0.0,91613.0,0.0,0.0,285,Édouard,Crystal Palace,Odsonne,199670,,4,31,Odsonne_Édouard,8,Chelsea,31,Crystal Palace,FWD,8
291,286.0,8.0,7.0,0.0,False,2025-08-17T13:00:00Z,0.0,0.0,1.0,False,0.0,0.0,0.0,0.0,0.0,0.0,0.0,0.0,0.0,0.0,0.0,0.0,0.0,0.0,0.0,0.0,0.0,0.0,0.0,0.0,0.0,0.0,0.0,0.0,0.0,0.0,45.0,0.0,24573.0,0.0,0.0,286,Marsh,Crystal Palace,Zach,576980,,4,31,Zach_Marsh,8,Chelsea,31,Crystal Palace,FWD,8
292,690.0,8.0,7.0,0.0,False,2025-08-17T13:00:00Z,0.0,0.0,1.0,False,0.0,0.0,0.0,0.0,0.0,0.0,0.0,0.0,0.0,0.0,0.0,0.0,0.0,0.0,0.0,0.0,0.0,0.0,0.0,0.0,0.0,0.0,0.0,0.0,0.0,0.0,45.0,0.0,0.0,0.0,0.0,690,Cardines,Crystal Palace,Rio,590014,,3,31,Rio_Cardines,8,Chelsea,31,Crystal Palace,MID,8
293,242.0,10.0,11.0,2.0,False,2025-08-18T19:00:00Z,1.0,0.0,1.0,False,90.0,0.0,0.0,0.0,1.0,0.0,0.0,0.0,0.0,0.0,0.0,0.0,15.0,12.6,27.4,2.0,4.2,2.0,2.0,2.0,6.0,1.0,0.0,0.24,0.24,2.07,50.0,0.0,476441.0,0.0,0.0,242,Dewsbury-Hall,Everton,Kiernan,215413,,3,11,Kiernan_Dewsbury-Hall,2,Leeds,11,Everton,MID,9
294,287.0,10.0,11.0,2.0,False,2025-08-18T19:00:00Z,1.0,0.0,1.0,False,90.0,0.0,0.0,0.0,1.0,0.0,0.0,0.0,0.0,0.0,2.0,0.0,12.0,21.2,0.0,0.0,2.1,3.0,8.0,0.0,0.0,1.0,0.0,0.0,0.0,2.07,55.0,0.0,1105014.0,0.0,0.0,287,Pickford,Everton,Jordan,111234,,1,11,Jordan_Pickford,2,Leeds,11,Everton,GKP,9
295,288.0,10.0,11.0,0.0,False,2025-08-18T19:00:00Z,1.0,0.0,1.0,False,0.0,0.0,0.0,0.0,0.0,0.0,0.0,0.0,0.0,0.0,0.0,0.0,0.0,0.0,0.0,0.0,0.0,0.0,0.0,0.0,0.0,0.0,0.0,0.0,0.0,0.0,45.0,0.0,14759.0,0.0,0.0,288,Travers,Everton,Mark,229600,,1,11,Mark_Travers,2,Leeds,11,Everton,GKP,9
296,289.0,10.0,11.0,0.0,False,2025-08-18T19:00:00Z,1.0,0.0,1.0,False,0.0,0.0,0.0,0.0,0.0,0.0,0.0,0.0,0.0,0.0,0.0,0.0,0.0,0.0,0.0,0.0,0.0,0.0,0.0,0.0,0.0,0.0,0.0,0.0,0.0,0.0,40.0,0.0,11717.0,0.0,0.0,289,Tyrer,Everton,Harry,447325,,1,11,Harry_Tyrer,2,Leeds,11,Everton,GKP,9
297,290.0,10.0,11.0,0.0,False,2025-08-18T19:00:00Z,1.0,0.0,1.0,False,0.0,0.0,0.0,0.0,0.0,0.0,0.0,0.0,0.0,0.0,0.0,0.0,0.0,0.0,0.0,0.0,0.0,0.0,0.0,0.0,0.0,0.0,0.0,0.0,0.0,0.0,55.0,0.0,81434.0,0.0,0.0,290,Branthwaite,Everton,Jarrad,480455,Hamstring injury - Unknown return date,2,11,Jarrad_Branthwaite,2,Leeds,11,Everton,DEF,9
298,291.0,10.0,11.0,4.0,False,2025-08-18T19:00:00Z,1.0,0.0,1.0,False,90.0,0.0,0.0,0.0,1.0,0.0,0.0,0.0,0.0,0.0,0.0,0.0,7.0,31.0,2.1,7.0,4.0,13.0,3.0,2.0,15.0,1.0,0.2,0.01,0.21,2.07,55.0,0.0,704639.0,0.0,0.0,291,Tarkowski,Everton,James,17761,,2,11,James_Tarkowski,2,Leeds,11,Everton,DEF,9
299,292.0,10.0,11.0,0.0,False,2025-08-18T19:00:00Z,1.0,0.0,1.0,False,0.0,0.0,0.0,0.0,0.0,0.0,0.0,0.0,0.0,0.0,0.0,0.0,0.0,0.0,0.0,0.0,0.0,0.0,0.0,0.0,0.0,0.0,0.0,0.0,0.0,0.0,50.0,0.0,94110.0,0.0,0.0,292,Mykolenko,Everton,Vitalii,224967,Muscle injury - 75% chance of playing,2,11,Vitalii_Mykolenko,2,Leeds,11,Everton,DEF,9
300,293.0,10.0,11.0,2.0,False,2025-08-18T19:00:00Z,1.0,0.0,1.0,False,90.0,0.0,0.0,0.0,1.0,0.0,0.0,0.0,0.0,0.0,0.0,0.0,0.0,4.2,1.0,7.0,1.2,2.0,5.0,2.0,4.0,1.0,0.17,0.01,0.18,2.07,50.0,0.0,56013.0,0.0,0.0,293,O'Brien,Everton,Jake,512462,,2,11,Jake_O'Brien,2,Leeds,11,Everton,DEF,9
301,294.0,10.0,11.0,0.0,False,2025-08-18T19:00:00Z,1.0,0.0,1.0,False,0.0,0.0,0.0,0.0,0.0,0.0,0.0,0.0,0.0,0.0,0.0,0.0,0.0,0.0,0.0,0.0,0.0,0.0,0.0,0.0,0.0,0.0,0.0,0.0,0.0,0.0,45.0,0.0,15163.0,0.0,0.0,294,Coleman,Everton,Séamus,59949,,2,11,Séamus_Coleman,2,Leeds,11,Everton,DEF,9
302,295.0,10.0,11.0,2.0,False,2025-08-18T19:00:00Z,1.0,0.0,1.0,False,90.0,0.0,0.0,0.0,1.0,0.0,0.0,0.0,0.0,0.0,0.0,0.0,10.0,19.8,0.4,4.0,2.4,7.0,4.0,0.0,7.0,1.0,0.0,0.0,0.0,2.07,45.0,0.0,34296.0,0.0,0.0,295,Keane,Everton,Michael,106611,,2,11,Michael_Keane,2,Leeds,11,Everton,DEF,9
303,296.0,10.0,11.0,0.0,False,2025-08-18T19:00:00Z,1.0,0.0,1.0,False,0.0,0.0,0.0,0.0,0.0,0.0,0.0,0.0,0.0,0.0,0.0,0.0,0.0,0.0,0.0,0.0,0.0,0.0,0.0,0.0,0.0,0.0,0.0,0.0,0.0,0.0,45.0,0.0,3246.0,0.0,0.0,296,Patterson,Everton,Nathan,243571,Hernia - 75% chance of playing,2,11,Nathan_Patterson,2,Leeds,11,Everton,DEF,9
304,297.0,10.0,11.0,0.0,False,2025-08-18T19:00:00Z,1.0,0.0,1.0,False,0.0,0.0,0.0,0.0,0.0,0.0,0.0,0.0,0.0,0.0,0.0,0.0,0.0,0.0,0.0,0.0,0.0,0.0,0.0,0.0,0.0,0.0,0.0,0.0,0.0,0.0,40.0,0.0,20055.0,0.0,0.0,297,Dixon,Everton,Roman,496178,,2,11,Roman_Dixon,2,Leeds,11,Everton,DEF,9
305,298.0,10.0,11.0,0.0,False,2025-08-18T19:00:00Z,1.0,0.0,1.0,False,0.0,0.0,0.0,0.0,0.0,0.0,0.0,0.0,0.0,0.0,0.0,0.0,0.0,0.0,0.0,0.0,0.0,0.0,0.0,0.0,0.0,0.0,0.0,0.0,0.0,0.0,40.0,0.0,14233.0,0.0,0.0,298,Welch,Everton,Reece,474907,,2,11,Reece_Welch,2,Leeds,11,Everton,DEF,9
306,299.0,10.0,11.0,2.0,False,2025-08-18T19:00:00Z,1.0,0.0,1.0,False,90.0,0.0,0.0,0.0,1.0,0.0,0.0,0.0,0.0,0.0,0.0,0.0,11.0,12.6,12.1,2.0,2.7,1.0,6.0,2.0,9.0,1.0,0.0,0.02,0.02,2.07,65.0,0.0,1180499.0,0.0,0.0,299,Ndiaye,Everton,Iliman,440993,,3,11,Iliman_Ndiaye,2,Leeds,11,Everton,MID,9
307,300.0,10.0,11.0,0.0,False,2025-08-18T19:00:00Z,1.0,0.0,1.0,False,0.0,0.0,0.0,0.0,0.0,0.0,0.0,0.0,0.0,0.0,0.0,0.0,0.0,0.0,0.0,0.0,0.0,0.0,0.0,0.0,0.0,0.0,0.0,0.0,0.0,0.0,60.0,0.0,42538.0,0.0,0.0,300,McNeil,Everton,Dwight,433154,,3,11,Dwight_McNeil,2,Leeds,11,Everton,MID,9
308,301.0,10.0,11.0,1.0,False,2025-08-18T19:00:00Z,1.0,0.0,1.0,False,85.0,0.0,0.0,0.0,1.0,0.0,0.0,0.0,1.0,0.0,0.0,0.0,8.0,7.6,2.4,21.0,3.1,1.0,4.0,1.0,6.0,1.0,0.03,0.01,0.04,1.87,55.0,0.0,16836.0,0.0,0.0,301,Alcaraz Durán,Everton,Carlos,502697,,3,11,Carlos_Alcaraz Durán,2,Leeds,11,Everton,MID,9
309,302.0,10.0,11.0,2.0,False,2025-08-18T19:00:00Z,1.0,0.0,1.0,False,90.0,0.0,0.0,0.0,1.0,0.0,0.0,0.0,0.0,0.0,0.0,0.0,12.0,7.2,19.6,3.0,3.0,0.0,4.0,1.0,5.0,1.0,0.06,0.12,0.18,2.07,55.0,0.0,10149.0,0.0,0.0,302,Gueye,Everton,Idrissa Gana,80801,,3,11,Idrissa Gana_Gueye,2,Leeds,11,Everton,MID,9
310,303.0,10.0,11.0,2.0,False,2025-08-18T19:00:00Z,1.0,0.0,1.0,False,90.0,0.0,0.0,0.0,1.0,0.0,0.0,0.0,0.0,0.0,0.0,0.0,16.0,16.4,3.2,2.0,2.2,4.0,3.0,2.0,9.0,1.0,0.03,0.01,0.04,2.07,50.0,0.0,9282.0,0.0,0.0,303,Garner,Everton,James,232928,,3,11,James_Garner,2,Leeds,11,Everton,MID,9
311,304.0,10.0,11.0,2.0,False,2025-08-18T19:00:00Z,1.0,0.0,1.0,False,70.0,0.0,0.0,1.0,0.0,0.0,0.0,0.0,1.0,0.0,0.0,0.0,5.0,12.0,1.1,0.0,1.3,3.0,3.0,3.0,9.0,1.0,0.0,0.0,0.0,0.93,50.0,0.0,2690.0,0.0,0.0,304,Iroegbunam,Everton,Tim,490094,,3,11,Tim_Iroegbunam,2,Leeds,11,Everton,MID,9
312,305.0,10.0,11.0,0.0,False,2025-08-18T19:00:00Z,1.0,0.0,1.0,False,0.0,0.0,0.0,0.0,0.0,0.0,0.0,0.0,0.0,0.0,0.0,0.0,0.0,0.0,0.0,0.0,0.0,0.0,0.0,0.0,0.0,0.0,0.0,0.0,0.0,0.0,45.0,0.0,13170.0,0.0,0.0,305,Armstrong,Everton,Harrison,609873,Thigh injury - 75% chance of playing,3,11,Harrison_Armstrong,2,Leeds,11,Everton,MID,9
313,306.0,10.0,11.0,0.0,False,2025-08-18T19:00:00Z,1.0,0.0,1.0,False,0.0,0.0,0.0,0.0,0.0,0.0,0.0,0.0,0.0,0.0,0.0,0.0,0.0,0.0,0.0,0.0,0.0,0.0,0.0,0.0,0.0,0.0,0.0,0.0,0.0,0.0,45.0,0.0,8013.0,0.0,0.0,306,Bates,Everton,Callum,547801,,3,11,Callum_Bates,2,Leeds,11,Everton,MID,9
314,307.0,10.0,11.0,0.0,False,2025-08-18T19:00:00Z,1.0,0.0,1.0,False,0.0,0.0,0.0,0.0,0.0,0.0,0.0,0.0,0.0,0.0,0.0,0.0,0.0,0.0,0.0,0.0,0.0,0.0,0.0,0.0,0.0,0.0,0.0,0.0,0.0,0.0,45.0,0.0,3836.0,0.0,0.0,307,Ebere,Everton,Coby,504296,,3,11,Coby_Ebere,2,Leeds,11,Everton,MID,9
315,308.0,10.0,11.0,0.0,False,2025-08-18T19:00:00Z,1.0,0.0,1.0,False,0.0,0.0,0.0,0.0,0.0,0.0,0.0,0.0,0.0,0.0,0.0,0.0,0.0,0.0,0.0,0.0,0.0,0.0,0.0,0.0,0.0,0.0,0.0,0.0,0.0,0.0,45.0,0.0,3885.0,0.0,0.0,308,Heath,Everton,Isaac,496279,,3,11,Isaac_Heath,2,Leeds,11,Everton,MID,9
316,309.0,10.0,11.0,0.0,False,2025-08-18T19:00:00Z,1.0,0.0,1.0,False,0.0,0.0,0.0,0.0,0.0,0.0,0.0,0.0,0.0,0.0,0.0,0.0,0.0,0.0,0.0,0.0,0.0,0.0,0.0,0.0,0.0,0.0,0.0,0.0,0.0,0.0,45.0,0.0,197.0,0.0,0.0,309,Metcalfe,Everton,Jenson,491557,Has joined Bradford City permanently.,3,11,Jenson_Metcalfe,2,Leeds,11,Everton,MID,9
317,310.0,10.0,11.0,1.0,False,2025-08-18T19:00:00Z,1.0,0.0,1.0,False,4.0,0.0,0.0,0.0,0.0,0.0,0.0,0.0,0.0,0.0,0.0,0.0,3.0,0.0,1.0,2.0,0.3,0.0,0.0,0.0,0.0,0.0,0.0,0.0,0.0,0.2,60.0,0.0,70912.0,0.0,0.0,310,Barry,Everton,Thierno,586309,,4,11,Thierno_Barry,2,Leeds,11,Everton,FWD,9
318,311.0,10.0,11.0,2.0,False,2025-08-18T19:00:00Z,1.0,0.0,1.0,False,90.0,0.0,0.0,0.0,1.0,0.0,0.0,0.0,0.0,0.0,0.0,0.0,7.0,10.2,2.8,7.0,2.0,3.0,1.0,1.0,5.0,1.0,0.06,0.01,0.07,2.07,55.0,0.0,858097.0,0.0,0.0,311,Gomes Betuncal,Everton,Norberto Bercique,486385,,4,11,Norberto Bercique_Gomes Betuncal,2,Leeds,11,Everton,FWD,9
319,312.0,10.0,11.0,0.0,False,2025-08-18T19:00:00Z,1.0,0.0,1.0,False,0.0,0.0,0.0,0.0,0.0,0.0,0.0,0.0,0.0,0.0,0.0,0.0,0.0,0.0,0.0,0.0,0.0,0.0,0.0,0.0,0.0,0.0,0.0,0.0,0.0,0.0,50.0,0.0,14087.0,0.0,0.0,312,Ramalho Chermiti,Everton,Youssef,491012,,4,11,Youssef_Ramalho Chermiti,2,Leeds,11,Everton,FWD,9
320,313.0,10.0,11.0,0.0,False,2025-08-18T19:00:00Z,1.0,0.0,1.0,False,0.0,0.0,0.0,0.0,0.0,0.0,0.0,0.0,0.0,0.0,0.0,0.0,0.0,0.0,0.0,0.0,0.0,0.0,0.0,0.0,0.0,0.0,0.0,0.0,0.0,0.0,45.0,0.0,20821.0,0.0,0.0,313,Sherif,Everton,Martin,536241,,4,11,Martin_Sherif,2,Leeds,11,Everton,FWD,9
321,419.0,10.0,11.0,1.0,False,2025-08-18T19:00:00Z,1.0,0.0,1.0,False,19.0,0.0,0.0,0.0,1.0,0.0,0.0,0.0,0.0,0.0,0.0,0.0,4.0,5.8,0.8,5.0,1.2,1.0,1.0,0.0,2.0,0.0,0.02,0.0,0.02,1.14,65.0,0.0,348900.0,0.0,0.0,419,Grealish,Everton,Jack,114283,,3,11,Jack_Grealish,2,Leeds,11,Everton,MID,9
322,630.0,7.0,13.0,0.0,True,2025-08-16T16:30:00Z,0.0,4.0,1.0,False,0.0,0.0,0.0,0.0,0.0,0.0,0.0,0.0,0.0,0.0,0.0,0.0,0.0,0.0,0.0,0.0,0.0,0.0,0.0,0.0,0.0,0.0,0.0,0.0,0.0,0.0,40.0,0.0,154364.0,0.0,0.0,630,King,Everton,Tom,138001,,1,11,Tom_King,43,Man City,11,Everton,GKP,9
323,667.0,10.0,11.0,0.0,False,2025-08-18T19:00:00Z,1.0,0.0,1.0,False,0.0,0.0,0.0,0.0,0.0,0.0,0.0,0.0,0.0,0.0,0.0,0.0,0.0,0.0,0.0,0.0,0.0,0.0,0.0,0.0,0.0,0.0,0.0,0.0,0.0,0.0,45.0,0.0,11921.0,0.0,0.0,667,Aznou,Everton,Adam,499300,,2,11,Adam_Aznou,2,Leeds,11,Everton,DEF,9
324,314.0,3.0,6.0,3.0,False,2025-08-16T14:00:00Z,1.0,1.0,1.0,False,90.0,0.0,0.0,0.0,1.0,0.0,0.0,0.0,0.0,0.0,3.0,0.0,15.0,23.6,0.0,0.0,2.4,1.0,10.0,0.0,0.0,1.0,0.0,0.0,0.0,1.48,50.0,0.0,155496.0,0.0,0.0,314,Leno,Fulham,Bernd,80201,,1,54,Bernd_Leno,36,Brighton,54,Fulham,GKP,10
325,315.0,3.0,6.0,0.0,False,2025-08-16T14:00:00Z,1.0,1.0,1.0,False,0.0,0.0,0.0,0.0,0.0,0.0,0.0,0.0,0.0,0.0,0.0,0.0,0.0,0.0,0.0,0.0,0.0,0.0,0.0,0.0,0.0,0.0,0.0,0.0,0.0,0.0,40.0,0.0,970.0,0.0,0.0,315,Benda,Fulham,Steven,428971,Has joined Millwall on loan for the rest of the season.,1,54,Steven_Benda,36,Brighton,54,Fulham,GKP,10
326,316.0,3.0,6.0,0.0,False,2025-08-16T14:00:00Z,1.0,1.0,1.0,False,0.0,0.0,0.0,0.0,0.0,0.0,0.0,0.0,0.0,0.0,0.0,0.0,0.0,0.0,0.0,0.0,0.0,0.0,0.0,0.0,0.0,0.0,0.0,0.0,0.0,0.0,50.0,0.0,98549.0,0.0,0.0,316,Robinson,Fulham,Antonee,169528,Knee injury - Unknown return date,2,54,Antonee_Robinson,36,Brighton,54,Fulham,DEF,10
327,317.0,3.0,6.0,2.0,False,2025-08-16T14:00:00Z,1.0,1.0,1.0,False,90.0,0.0,0.0,0.0,1.0,0.0,0.0,0.0,0.0,0.0,0.0,0.0,14.0,16.4,1.0,4.0,2.1,5.0,1.0,3.0,8.0,1.0,0.0,0.01,0.01,1.48,45.0,0.0,299085.0,0.0,0.0,317,Andersen,Fulham,Joachim,174874,,2,54,Joachim_Andersen,36,Brighton,54,Fulham,DEF,10
328,318.0,3.0,6.0,1.0,False,2025-08-16T14:00:00Z,1.0,1.0,1.0,False,90.0,0.0,0.0,0.0,1.0,0.0,0.0,0.0,1.0,0.0,0.0,0.0,3.0,12.4,1.6,0.0,1.4,2.0,4.0,2.0,4.0,1.0,0.0,0.01,0.01,1.48,45.0,0.0,44473.0,0.0,0.0,318,Bassey,Fulham,Calvin,232892,,2,54,Calvin_Bassey,36,Brighton,54,Fulham,DEF,10
329,319.0,3.0,6.0,1.0,False,2025-08-16T14:00:00Z,1.0,1.0,1.0,False,6.0,0.0,0.0,0.0,0.0,0.0,0.0,0.0,0.0,0.0,0.0,0.0,3.0,0.2,0.7,2.0,0.3,0.0,0.0,0.0,0.0,0.0,0.0,0.0,0.0,0.4,45.0,0.0,13860.0,0.0,0.0,319,Castagne,Fulham,Timothy,166477,,2,54,Timothy_Castagne,36,Brighton,54,Fulham,DEF,10
330,320.0,3.0,6.0,0.0,False,2025-08-16T14:00:00Z,1.0,1.0,1.0,False,0.0,0.0,0.0,0.0,0.0,0.0,0.0,0.0,0.0,0.0,0.0,0.0,0.0,0.0,0.0,0.0,0.0,0.0,0.0,0.0,0.0,0.0,0.0,0.0,0.0,0.0,45.0,0.0,7811.0,0.0,0.0,320,Diop,Fulham,Issa,219924,,2,54,Issa_Diop,36,Brighton,54,Fulham,DEF,10
331,321.0,3.0,6.0,2.0,False,2025-08-16T14:00:00Z,1.0,1.0,1.0,False,83.0,0.0,0.0,0.0,1.0,0.0,0.0,0.0,0.0,0.0,0.0,0.0,10.0,9.6,1.2,4.0,1.5,2.0,4.0,1.0,3.0,1.0,0.0,0.01,0.01,1.07,45.0,0.0,3772.0,0.0,0.0,321,Cuenca Barreno,Fulham,Jorge,246301,,2,54,Jorge_Cuenca Barreno,36,Brighton,54,Fulham,DEF,10
332,322.0,3.0,6.0,2.0,False,2025-08-16T14:00:00Z,1.0,1.0,1.0,False,90.0,0.0,0.0,0.0,1.0,0.0,0.0,0.0,0.0,0.0,0.0,0.0,17.0,13.0,1.7,0.0,1.5,4.0,5.0,3.0,7.0,1.0,0.0,0.01,0.01,1.48,45.0,0.0,14602.0,0.0,0.0,322,Tete,Fulham,Kenny,167074,,2,54,Kenny_Tete,36,Brighton,54,Fulham,DEF,10
333,323.0,3.0,6.0,0.0,False,2025-08-16T14:00:00Z,1.0,1.0,1.0,False,0.0,0.0,0.0,0.0,0.0,0.0,0.0,0.0,0.0,0.0,0.0,0.0,0.0,0.0,0.0,0.0,0.0,0.0,0.0,0.0,0.0,0.0,0.0,0.0,0.0,0.0,40.0,0.0,15548.0,0.0,0.0,323,Amissah,Fulham,Samuel,591385,,2,54,Samuel_Amissah,36,Brighton,54,Fulham,DEF,10
334,324.0,3.0,6.0,2.0,False,2025-08-16T14:00:00Z,1.0,1.0,1.0,False,65.0,0.0,0.0,0.0,1.0,0.0,0.0,0.0,0.0,0.0,0.0,0.0,10.0,9.6,40.5,1.0,5.1,0.0,2.0,0.0,2.0,1.0,0.01,0.28,0.29,1.05,65.0,0.0,158580.0,0.0,0.0,324,Iwobi,Fulham,Alex,153133,,3,54,Alex_Iwobi,36,Brighton,54,Fulham,MID,10
335,325.0,3.0,6.0,1.0,False,2025-08-16T14:00:00Z,1.0,1.0,1.0,False,13.0,0.0,0.0,0.0,0.0,0.0,0.0,0.0,0.0,0.0,0.0,0.0,2.0,0.2,2.0,2.0,0.4,0.0,0.0,0.0,0.0,0.0,0.09,0.0,0.09,0.4,60.0,0.0,98177.0,0.0,0.0,325,Smith Rowe,Fulham,Emile,209289,,3,54,Emile_Smith Rowe,36,Brighton,54,Fulham,MID,10
336,326.0,3.0,6.0,1.0,False,2025-08-16T14:00:00Z,1.0,1.0,1.0,False,24.0,0.0,0.0,0.0,0.0,0.0,0.0,0.0,0.0,0.0,0.0,0.0,1.0,0.0,0.8,0.0,0.0,0.0,0.0,0.0,0.0,0.0,0.0,0.0,0.0,0.43,55.0,0.0,31362.0,0.0,0.0,326,Traoré Diarra,Fulham,Adama,159533,,3,54,Adama_Traoré Diarra,36,Brighton,54,Fulham,MID,10
337,327.0,3.0,6.0,0.0,False,2025-08-16T14:00:00Z,1.0,1.0,1.0,False,0.0,0.0,0.0,0.0,0.0,0.0,0.0,0.0,0.0,0.0,0.0,0.0,0.0,0.0,0.0,0.0,0.0,0.0,0.0,0.0,0.0,0.0,0.0,0.0,0.0,0.0,55.0,0.0,35842.0,0.0,0.0,327,Hoelgebaum Pereira,Fulham,Andreas,156689,,3,54,Andreas_Hoelgebaum Pereira,36,Brighton,54,Fulham,MID,10
338,328.0,3.0,6.0,0.0,False,2025-08-16T14:00:00Z,1.0,1.0,1.0,False,0.0,0.0,0.0,0.0,0.0,0.0,0.0,0.0,0.0,0.0,0.0,0.0,0.0,0.0,0.0,0.0,0.0,0.0,0.0,0.0,0.0,0.0,0.0,0.0,0.0,0.0,55.0,0.0,3258.0,0.0,0.0,328,Sessegnon,Fulham,Ryan,184349,Muscle injury - 75% chance of playing,3,54,Ryan_Sessegnon,36,Brighton,54,Fulham,MID,10
339,329.0,3.0,6.0,5.0,False,2025-08-16T14:00:00Z,1.0,1.0,1.0,False,90.0,0.0,1.0,0.0,1.0,0.0,0.0,0.0,0.0,0.0,0.0,0.0,16.0,3.0,5.4,13.0,2.1,1.0,4.0,1.0,6.0,1.0,0.07,0.02,0.09,1.48,55.0,0.0,102174.0,0.0,0.0,329,Wilson,Fulham,Harry,153682,,3,54,Harry_Wilson,36,Brighton,54,Fulham,MID,10
340,330.0,3.0,6.0,2.0,False,2025-08-16T14:00:00Z,1.0,1.0,1.0,False,65.0,0.0,0.0,0.0,1.0,0.0,0.0,0.0,0.0,0.0,0.0,0.0,3.0,1.2,0.7,0.0,0.2,1.0,0.0,1.0,2.0,1.0,0.0,0.01,0.01,1.05,50.0,0.0,6460.0,0.0,0.0,330,Berge,Fulham,Sander,207189,,3,54,Sander_Berge,36,Brighton,54,Fulham,MID,10
341,331.0,3.0,6.0,0.0,False,2025-08-16T14:00:00Z,1.0,1.0,1.0,False,24.0,0.0,0.0,0.0,0.0,0.0,0.0,0.0,1.0,0.0,0.0,0.0,-3.0,0.0,0.4,0.0,0.0,0.0,2.0,0.0,2.0,0.0,0.0,0.0,0.0,0.43,50.0,0.0,3407.0,0.0,0.0,331,Cairney,Fulham,Tom,76357,,3,54,Tom_Cairney,36,Brighton,54,Fulham,MID,10
342,332.0,3.0,6.0,2.0,False,2025-08-16T14:00:00Z,1.0,1.0,1.0,False,90.0,0.0,0.0,0.0,1.0,0.0,0.0,0.0,0.0,0.0,0.0,0.0,9.0,1.8,13.3,2.0,1.7,2.0,0.0,1.0,3.0,1.0,0.0,0.01,0.01,1.48,50.0,0.0,5926.0,0.0,0.0,332,Lukić,Fulham,Saša,212314,,3,54,Saša_Lukić,36,Brighton,54,Fulham,MID,10
343,333.0,3.0,6.0,0.0,False,2025-08-16T14:00:00Z,1.0,1.0,1.0,False,0.0,0.0,0.0,0.0,0.0,0.0,0.0,0.0,0.0,0.0,0.0,0.0,0.0,0.0,0.0,0.0,0.0,0.0,0.0,0.0,0.0,0.0,0.0,0.0,0.0,0.0,45.0,0.0,6788.0,0.0,0.0,333,Godo,Fulham,Martial,573062,,3,54,Martial_Godo,36,Brighton,54,Fulham,MID,10
344,334.0,3.0,6.0,0.0,False,2025-08-16T14:00:00Z,1.0,1.0,1.0,False,0.0,0.0,0.0,0.0,0.0,0.0,0.0,0.0,0.0,0.0,0.0,0.0,0.0,0.0,0.0,0.0,0.0,0.0,0.0,0.0,0.0,0.0,0.0,0.0,0.0,0.0,45.0,0.0,487.0,0.0,0.0,334,Harris,Fulham,Luke,515024,Has joined Oxford United on loan for the rest of the season.,3,54,Luke_Harris,36,Brighton,54,Fulham,MID,10
345,335.0,3.0,6.0,2.0,False,2025-08-16T14:00:00Z,1.0,1.0,1.0,False,76.0,0.0,0.0,0.0,1.0,0.0,0.0,0.0,0.0,0.0,0.0,0.0,11.0,12.4,14.0,27.0,5.3,0.0,6.0,3.0,9.0,1.0,0.18,0.13,0.31,1.07,45.0,0.0,80361.0,0.0,0.0,335,King,Fulham,Josh,577725,,3,54,Josh_King,36,Brighton,54,Fulham,MID,10
346,336.0,3.0,6.0,0.0,False,2025-08-16T14:00:00Z,1.0,1.0,1.0,False,0.0,0.0,0.0,0.0,0.0,0.0,0.0,0.0,0.0,0.0,0.0,0.0,0.0,0.0,0.0,0.0,0.0,0.0,0.0,0.0,0.0,0.0,0.0,0.0,0.0,0.0,45.0,0.0,26860.0,0.0,0.0,336,Reed,Fulham,Harrison,153366,,3,54,Harrison_Reed,36,Brighton,54,Fulham,MID,10
347,337.0,3.0,6.0,2.0,False,2025-08-16T14:00:00Z,1.0,1.0,1.0,False,65.0,0.0,0.0,0.0,1.0,0.0,0.0,0.0,0.0,0.0,0.0,0.0,0.0,0.0,3.3,11.0,0.7,0.0,0.0,0.0,0.0,1.0,0.29,0.0,0.29,1.05,65.0,0.0,219501.0,0.0,0.0,337,Jiménez Rodríguez,Fulham,Raúl,102057,,4,54,Raúl_Jiménez Rodríguez,36,Brighton,54,Fulham,FWD,10
348,338.0,3.0,6.0,7.0,False,2025-08-16T14:00:00Z,1.0,1.0,1.0,False,24.0,1.0,0.0,0.0,0.0,0.0,0.0,0.0,1.0,0.0,0.0,3.0,25.0,31.0,0.0,33.0,6.4,0.0,0.0,0.0,0.0,0.0,0.15,0.0,0.15,0.43,55.0,0.0,184777.0,0.0,0.0,338,Muniz Carvalho,Fulham,Rodrigo,244042,,4,54,Rodrigo_Muniz Carvalho,36,Brighton,54,Fulham,FWD,10
349,664.0,3.0,6.0,0.0,False,2025-08-16T14:00:00Z,1.0,1.0,1.0,False,0.0,0.0,0.0,0.0,0.0,0.0,0.0,0.0,0.0,0.0,0.0,0.0,0.0,0.0,0.0,0.0,0.0,0.0,0.0,0.0,0.0,0.0,0.0,0.0,0.0,0.0,40.0,0.0,82788.0,0.0,0.0,664,Lecomte,Fulham,Benjamin,86873,,1,54,Benjamin_Lecomte,36,Brighton,54,Fulham,GKP,10
350,339.0,10.0,9.0,0.0,True,2025-08-18T19:00:00Z,1.0,0.0,1.0,False,0.0,0.0,0.0,0.0,0.0,0.0,0.0,0.0,0.0,0.0,0.0,0.0,0.0,0.0,0.0,0.0,0.0,0.0,0.0,0.0,0.0,0.0,0.0,0.0,0.0,0.0,45.0,0.0,77765.0,0.0,0.0,339,Meslier,Leeds,Illan,437495,,1,2,Illan_Meslier,11,Everton,2,Leeds,GKP,11
351,340.0,10.0,9.0,0.0,True,2025-08-18T19:00:00Z,1.0,0.0,1.0,False,0.0,0.0,0.0,0.0,0.0,0.0,0.0,0.0,0.0,0.0,0.0,0.0,0.0,0.0,0.0,0.0,0.0,0.0,0.0,0.0,0.0,0.0,0.0,0.0,0.0,0.0,40.0,0.0,19764.0,0.0,0.0,340,Cairns,Leeds,Alex,97846,,1,2,Alex_Cairns,11,Everton,2,Leeds,GKP,11
352,341.0,10.0,9.0,0.0,True,2025-08-18T19:00:00Z,1.0,0.0,1.0,False,0.0,0.0,0.0,0.0,0.0,0.0,0.0,0.0,0.0,0.0,0.0,0.0,0.0,0.0,0.0,0.0,0.0,0.0,0.0,0.0,0.0,0.0,0.0,0.0,0.0,0.0,40.0,0.0,318054.0,0.0,0.0,341,Darlow,Leeds,Karl,59735,,1,2,Karl_Darlow,11,Everton,2,Leeds,GKP,11
353,342.0,10.0,9.0,6.0,True,2025-08-18T19:00:00Z,1.0,0.0,1.0,False,90.0,0.0,0.0,1.0,0.0,0.0,0.0,0.0,0.0,0.0,0.0,0.0,20.0,13.4,1.2,2.0,1.7,3.0,3.0,2.0,5.0,1.0,0.01,0.01,0.02,0.55,45.0,0.0,20368.0,0.0,0.0,342,Bogle,Leeds,Jayden,226182,Hip injury - 75% chance of playing,2,2,Jayden_Bogle,11,Everton,2,Leeds,DEF,11
354,343.0,10.0,9.0,8.0,True,2025-08-18T19:00:00Z,1.0,0.0,1.0,False,90.0,0.0,0.0,1.0,0.0,0.0,0.0,0.0,0.0,0.0,0.0,2.0,29.0,23.2,11.4,9.0,4.4,8.0,5.0,0.0,8.0,1.0,0.13,0.01,0.14,0.55,45.0,0.0,33176.0,0.0,0.0,343,Struijk,Leeds,Pascal,222694,,2,2,Pascal_Struijk,11,Everton,2,Leeds,DEF,11
355,344.0,10.0,9.0,0.0,True,2025-08-18T19:00:00Z,1.0,0.0,1.0,False,0.0,0.0,0.0,0.0,0.0,0.0,0.0,0.0,0.0,0.0,0.0,0.0,0.0,0.0,0.0,0.0,0.0,0.0,0.0,0.0,0.0,0.0,0.0,0.0,0.0,0.0,40.0,0.0,15339.0,0.0,0.0,344,Bijol,Leeds,Jaka,434752,,2,2,Jaka_Bijol,11,Everton,2,Leeds,DEF,11
356,345.0,10.0,9.0,0.0,True,2025-08-18T19:00:00Z,1.0,0.0,1.0,False,0.0,0.0,0.0,0.0,0.0,0.0,0.0,0.0,0.0,0.0,0.0,0.0,0.0,0.0,0.0,0.0,0.0,0.0,0.0,0.0,0.0,0.0,0.0,0.0,0.0,0.0,40.0,0.0,6544.0,0.0,0.0,345,Bornauw,Leeds,Sebastiaan,437738,Calf injury - 75% chance of playing,2,2,Sebastiaan_Bornauw,11,Everton,2,Leeds,DEF,11
357,346.0,10.0,9.0,0.0,True,2025-08-18T19:00:00Z,1.0,0.0,1.0,False,0.0,0.0,0.0,0.0,0.0,0.0,0.0,0.0,0.0,0.0,0.0,0.0,0.0,0.0,0.0,0.0,0.0,0.0,0.0,0.0,0.0,0.0,0.0,0.0,0.0,0.0,40.0,0.0,24105.0,0.0,0.0,346,Byram,Leeds,Sam,113564,,2,2,Sam_Byram,11,Everton,2,Leeds,DEF,11
358,347.0,10.0,9.0,9.0,True,2025-08-18T19:00:00Z,1.0,0.0,1.0,False,90.0,0.0,0.0,1.0,0.0,0.0,0.0,0.0,0.0,0.0,0.0,3.0,35.0,30.4,33.6,17.0,8.1,7.0,6.0,1.0,8.0,1.0,0.17,0.14,0.31,0.55,40.0,0.0,275609.0,0.0,0.0,347,Gudmundsson,Leeds,Gabriel,243526,,2,2,Gabriel_Gudmundsson,11,Everton,2,Leeds,DEF,11
359,348.0,10.0,9.0,7.0,True,2025-08-18T19:00:00Z,1.0,0.0,1.0,False,90.0,0.0,0.0,1.0,0.0,0.0,0.0,0.0,0.0,0.0,0.0,1.0,26.0,14.4,0.6,0.0,1.5,7.0,2.0,0.0,7.0,1.0,0.0,0.0,0.0,0.55,40.0,0.0,220693.0,0.0,0.0,348,Rodon,Leeds,Joe,214225,,2,2,Joe_Rodon,11,Everton,2,Leeds,DEF,11
360,349.0,10.0,9.0,0.0,True,2025-08-18T19:00:00Z,1.0,0.0,1.0,False,0.0,0.0,0.0,0.0,0.0,0.0,0.0,0.0,0.0,0.0,0.0,0.0,0.0,0.0,0.0,0.0,0.0,0.0,0.0,0.0,0.0,0.0,0.0,0.0,0.0,0.0,40.0,0.0,18239.0,0.0,0.0,349,Schmidt,Leeds,Isaac,492368,,2,2,Isaac_Schmidt,11,Everton,2,Leeds,DEF,11
361,350.0,10.0,9.0,1.0,True,2025-08-18T19:00:00Z,1.0,0.0,1.0,False,23.0,0.0,0.0,0.0,0.0,0.0,0.0,0.0,0.0,0.0,0.0,0.0,10.0,9.2,24.9,6.0,4.0,0.0,0.0,2.0,2.0,0.0,0.0,0.21,0.21,0.47,55.0,0.0,6703.0,0.0,0.0,350,Aaronson,Leeds,Brenden,427637,,3,2,Brenden_Aaronson,11,Everton,2,Leeds,MID,11
362,351.0,10.0,9.0,3.0,True,2025-08-18T19:00:00Z,1.0,0.0,1.0,False,66.0,0.0,0.0,1.0,0.0,0.0,0.0,0.0,0.0,0.0,0.0,0.0,12.0,6.6,6.3,11.0,2.4,2.0,1.0,4.0,7.0,1.0,0.14,0.01,0.15,0.08,55.0,0.0,35555.0,0.0,0.0,351,Gnonto,Leeds,Wilfried,492859,,3,2,Wilfried_Gnonto,11,Everton,2,Leeds,MID,11
363,352.0,10.0,9.0,1.0,True,2025-08-18T19:00:00Z,1.0,0.0,1.0,False,12.0,0.0,0.0,0.0,0.0,0.0,0.0,0.0,0.0,0.0,0.0,0.0,3.0,2.2,1.3,2.0,0.6,0.0,0.0,1.0,1.0,0.0,0.0,0.0,0.0,0.28,55.0,0.0,15044.0,0.0,0.0,352,Harrison,Leeds,Jack,221399,,3,2,Jack_Harrison,11,Everton,2,Leeds,MID,11
364,353.0,10.0,9.0,3.0,True,2025-08-18T19:00:00Z,1.0,0.0,1.0,False,77.0,0.0,0.0,1.0,0.0,0.0,0.0,0.0,0.0,0.0,0.0,0.0,6.0,6.2,15.7,11.0,3.3,1.0,1.0,0.0,2.0,1.0,0.14,0.05,0.19,0.28,55.0,0.0,49896.0,0.0,0.0,353,James,Leeds,Daniel,200617,,3,2,Daniel_James,11,Everton,2,Leeds,MID,11
365,354.0,10.0,9.0,3.0,True,2025-08-18T19:00:00Z,1.0,0.0,1.0,False,77.0,0.0,0.0,1.0,0.0,0.0,0.0,0.0,0.0,0.0,0.0,0.0,12.0,10.8,4.9,2.0,1.8,2.0,3.0,3.0,8.0,1.0,0.0,0.02,0.02,0.28,50.0,0.0,8869.0,0.0,0.0,354,Ampadu,Leeds,Ethan,199598,,3,2,Ethan_Ampadu,11,Everton,2,Leeds,MID,11
366,355.0,10.0,9.0,0.0,True,2025-08-18T19:00:00Z,1.0,0.0,1.0,False,0.0,0.0,0.0,0.0,0.0,0.0,0.0,0.0,0.0,0.0,0.0,0.0,0.0,0.0,0.0,0.0,0.0,0.0,0.0,0.0,0.0,0.0,0.0,0.0,0.0,0.0,50.0,0.0,9774.0,0.0,0.0,355,Greenwood,Leeds,Sam,248937,,3,2,Sam_Greenwood,11,Everton,2,Leeds,MID,11
367,356.0,10.0,9.0,1.0,True,2025-08-18T19:00:00Z,1.0,0.0,1.0,False,12.0,0.0,0.0,0.0,0.0,0.0,0.0,0.0,0.0,0.0,0.0,0.0,3.0,1.6,0.3,0.0,0.2,1.0,0.0,0.0,1.0,0.0,0.0,0.0,0.0,0.28,50.0,0.0,4328.0,0.0,0.0,356,Gruev,Leeds,Ilia,486520,,3,2,Ilia_Gruev,11,Everton,2,Leeds,MID,11
368,357.0,10.0,9.0,0.0,True,2025-08-18T19:00:00Z,1.0,0.0,1.0,False,0.0,0.0,0.0,0.0,0.0,0.0,0.0,0.0,0.0,0.0,0.0,0.0,0.0,0.0,0.0,0.0,0.0,0.0,0.0,0.0,0.0,0.0,0.0,0.0,0.0,0.0,50.0,0.0,4726.0,0.0,0.0,357,Ramazani,Leeds,Largie,433952,,3,2,Largie_Ramazani,11,Everton,2,Leeds,MID,11
369,358.0,10.0,9.0,3.0,True,2025-08-18T19:00:00Z,1.0,0.0,1.0,False,90.0,0.0,0.0,1.0,0.0,0.0,0.0,0.0,0.0,0.0,0.0,0.0,13.0,2.2,24.3,9.0,3.6,1.0,6.0,0.0,7.0,1.0,0.09,0.03,0.12,0.55,50.0,0.0,23072.0,0.0,0.0,358,Ao,Leeds,Tanaka,248056,,3,2,Tanaka_Ao,11,Everton,2,Leeds,MID,11
370,359.0,10.0,9.0,0.0,True,2025-08-18T19:00:00Z,1.0,0.0,1.0,False,0.0,0.0,0.0,0.0,0.0,0.0,0.0,0.0,0.0,0.0,0.0,0.0,0.0,0.0,0.0,0.0,0.0,0.0,0.0,0.0,0.0,0.0,0.0,0.0,0.0,0.0,45.0,0.0,1383.0,0.0,0.0,359,Crew,Leeds,Charlie,536119,Has joined Doncaster Rovers on loan for the rest of the season.,3,2,Charlie_Crew,11,Everton,2,Leeds,MID,11
371,360.0,10.0,9.0,0.0,True,2025-08-18T19:00:00Z,1.0,0.0,1.0,False,0.0,0.0,0.0,0.0,0.0,0.0,0.0,0.0,0.0,0.0,0.0,0.0,0.0,0.0,0.0,0.0,0.0,0.0,0.0,0.0,0.0,0.0,0.0,0.0,0.0,0.0,45.0,0.0,3832.0,0.0,0.0,360,Gelhardt,Leeds,Joe,462635,Has joined Hull City on loan for the rest of the season.,3,2,Joe_Gelhardt,11,Everton,2,Leeds,MID,11
372,361.0,10.0,9.0,0.0,True,2025-08-18T19:00:00Z,1.0,0.0,1.0,False,0.0,0.0,0.0,0.0,0.0,0.0,0.0,0.0,0.0,0.0,0.0,0.0,0.0,0.0,0.0,0.0,0.0,0.0,0.0,0.0,0.0,0.0,0.0,0.0,0.0,0.0,45.0,0.0,8337.0,0.0,0.0,361,Gyabi,Leeds,Darko,470294,,3,2,Darko_Gyabi,11,Everton,2,Leeds,MID,11
373,362.0,10.0,9.0,2.0,True,2025-08-18T19:00:00Z,1.0,0.0,1.0,False,77.0,0.0,0.0,1.0,0.0,0.0,0.0,0.0,0.0,0.0,0.0,0.0,4.0,2.0,5.6,44.0,5.2,0.0,4.0,0.0,4.0,1.0,0.28,0.04,0.32,0.28,55.0,0.0,204534.0,0.0,0.0,362,Piroe,Leeds,Joël,235826,,4,2,Joël_Piroe,11,Everton,2,Leeds,FWD,11
374,363.0,10.0,9.0,0.0,True,2025-08-18T19:00:00Z,1.0,0.0,1.0,False,0.0,0.0,0.0,0.0,0.0,0.0,0.0,0.0,0.0,0.0,0.0,0.0,0.0,0.0,0.0,0.0,0.0,0.0,0.0,0.0,0.0,0.0,0.0,0.0,0.0,0.0,50.0,0.0,203728.0,0.0,0.0,363,Bamford,Leeds,Patrick,106617,,4,2,Patrick_Bamford,11,Everton,2,Leeds,FWD,11
375,364.0,10.0,9.0,0.0,True,2025-08-18T19:00:00Z,1.0,0.0,1.0,False,0.0,0.0,0.0,0.0,0.0,0.0,0.0,0.0,0.0,0.0,0.0,0.0,0.0,0.0,0.0,0.0,0.0,0.0,0.0,0.0,0.0,0.0,0.0,0.0,0.0,0.0,50.0,0.0,3630.0,0.0,0.0,364,Joseph Fernández-Regatillo,Leeds,Mateo,565297,Has joined RCD Mallorca on loan for the rest of the season.,4,2,Mateo_Joseph Fernández-Regatillo,11,Everton,2,Leeds,FWD,11
376,365.0,10.0,9.0,5.0,True,2025-08-18T19:00:00Z,1.0,0.0,1.0,False,12.0,1.0,0.0,0.0,0.0,0.0,0.0,0.0,0.0,0.0,0.0,0.0,20.0,34.0,1.6,22.0,5.8,1.0,2.0,0.0,3.0,0.0,0.85,0.01,0.86,0.28,50.0,0.0,37636.0,0.0,0.0,365,Nmecha,Leeds,Lukas,174594,,4,2,Lukas_Nmecha,11,Everton,2,Leeds,FWD,11
377,493.0,10.0,9.0,1.0,True,2025-08-18T19:00:00Z,1.0,0.0,1.0,False,1.0,0.0,0.0,0.0,0.0,0.0,0.0,0.0,0.0,0.0,0.0,0.0,3.0,0.2,0.3,0.0,0.1,0.0,0.0,0.0,0.0,0.0,0.0,0.0,0.0,0.0,50.0,0.0,18431.0,0.0,0.0,493,Longstaff,Leeds,Sean,180135,,3,2,Sean_Longstaff,11,Everton,2,Leeds,MID,11
378,660.0,10.0,9.0,8.0,True,2025-08-18T19:00:00Z,1.0,0.0,1.0,False,90.0,0.0,1.0,1.0,0.0,0.0,0.0,0.0,0.0,0.0,0.0,0.0,24.0,28.2,63.9,22.0,11.4,7.0,4.0,2.0,13.0,1.0,0.27,0.29,0.56,0.55,50.0,0.0,24549.0,0.0,0.0,660,Stach,Leeds,Anton,466525,,3,2,Anton_Stach,11,Everton,2,Leeds,MID,11
379,665.0,10.0,9.0,6.0,True,2025-08-18T19:00:00Z,1.0,0.0,1.0,False,90.0,0.0,0.0,1.0,0.0,0.0,0.0,0.0,0.0,0.0,1.0,0.0,24.0,11.2,0.0,0.0,1.1,2.0,8.0,0.0,0.0,1.0,0.0,0.0,0.0,0.55,45.0,0.0,33149.0,0.0,0.0,665,Perri,Leeds,Lucas Estella,201595,,1,2,Lucas Estella_Perri,11,Everton,2,Leeds,GKP,11
380,366.0,1.0,4.0,1.0,True,2025-08-15T19:00:00Z,4.0,2.0,1.0,False,90.0,0.0,0.0,0.0,2.0,0.0,0.0,0.0,0.0,0.0,1.0,0.0,8.0,13.6,0.0,0.0,1.4,2.0,7.0,0.0,0.0,1.0,0.0,0.01,0.01,1.7,55.0,0.0,1083053.0,0.0,0.0,366,Becker,Liverpool,Alisson,116535,,1,14,Alisson_Becker,91,Bournemouth,14,Liverpool,GKP,12
381,367.0,1.0,4.0,0.0,True,2025-08-15T19:00:00Z,4.0,2.0,1.0,False,0.0,0.0,0.0,0.0,0.0,0.0,0.0,0.0,0.0,0.0,0.0,0.0,0.0,0.0,0.0,0.0,0.0,0.0,0.0,0.0,0.0,0.0,0.0,0.0,0.0,0.0,45.0,0.0,44193.0,0.0,0.0,367,Mamardashvili,Liverpool,Giorgi,449027,,1,14,Giorgi_Mamardashvili,91,Bournemouth,14,Liverpool,GKP,12
382,368.0,1.0,4.0,0.0,True,2025-08-15T19:00:00Z,4.0,2.0,1.0,False,0.0,0.0,0.0,0.0,0.0,0.0,0.0,0.0,0.0,0.0,0.0,0.0,0.0,0.0,0.0,0.0,0.0,0.0,0.0,0.0,0.0,0.0,0.0,0.0,0.0,0.0,40.0,0.0,7352.0,0.0,0.0,368,Pécsi,Liverpool,Ármin,586268,,1,14,Ármin_Pécsi,91,Bournemouth,14,Liverpool,GKP,12
383,369.0,1.0,4.0,0.0,True,2025-08-15T19:00:00Z,4.0,2.0,1.0,False,0.0,0.0,0.0,0.0,0.0,0.0,0.0,0.0,0.0,0.0,0.0,0.0,0.0,0.0,0.0,0.0,0.0,0.0,0.0,0.0,0.0,0.0,0.0,0.0,0.0,0.0,40.0,0.0,8250.0,0.0,0.0,369,Woodman,Liverpool,Freddie,155503,,1,14,Freddie_Woodman,91,Bournemouth,14,Liverpool,GKP,12
384,370.0,1.0,4.0,1.0,True,2025-08-15T19:00:00Z,4.0,2.0,1.0,False,59.0,0.0,0.0,0.0,0.0,0.0,0.0,0.0,0.0,0.0,0.0,0.0,8.0,5.4,1.3,2.0,0.9,3.0,1.0,1.0,4.0,1.0,0.01,0.01,0.02,0.81,60.0,0.0,3010630.0,0.0,0.0,370,Frimpong,Liverpool,Jeremie,216094,,2,14,Jeremie_Frimpong,91,Bournemouth,14,Liverpool,DEF,12
385,371.0,1.0,4.0,0.0,True,2025-08-15T19:00:00Z,4.0,2.0,1.0,False,59.0,0.0,0.0,0.0,0.0,0.0,0.0,0.0,1.0,0.0,0.0,0.0,5.0,8.4,1.3,0.0,1.0,5.0,5.0,1.0,6.0,1.0,0.0,0.01,0.01,0.81,60.0,0.0,669998.0,0.0,0.0,371,Kerkez,Liverpool,Milos,544877,,2,14,Milos_Kerkez,91,Bournemouth,14,Liverpool,DEF,12
386,372.0,1.0,4.0,0.0,True,2025-08-15T19:00:00Z,4.0,2.0,1.0,False,30.0,0.0,0.0,0.0,2.0,0.0,0.0,0.0,0.0,0.0,0.0,0.0,-3.0,5.4,4.1,2.0,1.2,2.0,0.0,0.0,2.0,0.0,0.0,0.04,0.04,0.89,60.0,0.0,129710.0,0.0,0.0,372,Robertson,Liverpool,Andrew,122798,,2,14,Andrew_Robertson,91,Bournemouth,14,Liverpool,DEF,12
387,373.0,1.0,4.0,3.0,True,2025-08-15T19:00:00Z,4.0,2.0,1.0,False,90.0,0.0,0.0,0.0,2.0,0.0,0.0,0.0,0.0,0.0,0.0,0.0,11.0,49.4,0.9,25.0,7.5,20.0,4.0,1.0,21.0,1.0,0.18,0.01,0.19,1.7,60.0,0.0,2230654.0,0.0,0.0,373,van Dijk,Liverpool,Virgil,97032,,2,14,Virgil_van Dijk,91,Bournemouth,14,Liverpool,DEF,12
388,374.0,1.0,4.0,1.0,True,2025-08-15T19:00:00Z,4.0,2.0,1.0,False,90.0,0.0,0.0,0.0,2.0,0.0,0.0,0.0,0.0,0.0,0.0,0.0,6.0,21.4,0.6,0.0,2.2,7.0,5.0,0.0,7.0,1.0,0.0,0.0,0.0,1.7,55.0,0.0,278294.0,0.0,0.0,374,Konaté,Liverpool,Ibrahima,204716,,2,14,Ibrahima_Konaté,91,Bournemouth,14,Liverpool,DEF,12
389,375.0,1.0,4.0,0.0,True,2025-08-15T19:00:00Z,4.0,2.0,1.0,False,0.0,0.0,0.0,0.0,0.0,0.0,0.0,0.0,0.0,0.0,0.0,0.0,0.0,0.0,0.0,0.0,0.0,0.0,0.0,0.0,0.0,0.0,0.0,0.0,0.0,0.0,50.0,0.0,13853.0,0.0,0.0,375,Bradley,Liverpool,Conor,492777,Muscle injury - 50% chance of playing,2,14,Conor_Bradley,91,Bournemouth,14,Liverpool,DEF,12
390,376.0,1.0,4.0,1.0,True,2025-08-15T19:00:00Z,4.0,2.0,1.0,False,18.0,0.0,0.0,0.0,1.0,0.0,0.0,0.0,0.0,0.0,0.0,0.0,-1.0,2.4,0.4,0.0,0.3,1.0,1.0,0.0,1.0,0.0,0.0,0.0,0.0,0.21,50.0,0.0,6742.0,0.0,0.0,376,Gomez,Liverpool,Joe,171287,,2,14,Joe_Gomez,91,Bournemouth,14,Liverpool,DEF,12
391,377.0,1.0,4.0,0.0,True,2025-08-15T19:00:00Z,4.0,2.0,1.0,False,0.0,0.0,0.0,0.0,0.0,0.0,0.0,0.0,0.0,0.0,0.0,0.0,0.0,0.0,0.0,0.0,0.0,0.0,0.0,0.0,0.0,0.0,0.0,0.0,0.0,0.0,50.0,0.0,11722.0,0.0,0.0,377,Tsimikas,Liverpool,Konstantinos,214285,,2,14,Konstantinos_Tsimikas,91,Bournemouth,14,Liverpool,DEF,12
392,378.0,1.0,4.0,0.0,True,2025-08-15T19:00:00Z,4.0,2.0,1.0,False,0.0,0.0,0.0,0.0,0.0,0.0,0.0,0.0,0.0,0.0,0.0,0.0,0.0,0.0,0.0,0.0,0.0,0.0,0.0,0.0,0.0,0.0,0.0,0.0,0.0,0.0,40.0,0.0,9069.0,0.0,0.0,378,Nallo,Liverpool,Amara,611926,,2,14,Amara_Nallo,91,Bournemouth,14,Liverpool,DEF,12
393,379.0,1.0,4.0,0.0,True,2025-08-15T19:00:00Z,4.0,2.0,1.0,False,0.0,0.0,0.0,0.0,0.0,0.0,0.0,0.0,0.0,0.0,0.0,0.0,0.0,0.0,0.0,0.0,0.0,0.0,0.0,0.0,0.0,0.0,0.0,0.0,0.0,0.0,40.0,0.0,14971.0,0.0,0.0,379,Williams,Liverpool,Rhys,219937,,2,14,Rhys_Williams,91,Bournemouth,14,Liverpool,DEF,12
394,380.0,1.0,4.0,0.0,True,2025-08-15T19:00:00Z,4.0,2.0,1.0,False,0.0,0.0,0.0,0.0,0.0,0.0,0.0,0.0,0.0,0.0,0.0,0.0,0.0,0.0,0.0,0.0,0.0,0.0,0.0,0.0,0.0,0.0,0.0,0.0,0.0,0.0,40.0,0.0,15433.0,0.0,0.0,380,Ramsay,Liverpool,Calvin,489580,,2,14,Calvin_Ramsay,91,Bournemouth,14,Liverpool,DEF,12
395,381.0,1.0,4.0,8.0,True,2025-08-15T19:00:00Z,4.0,2.0,1.0,False,90.0,1.0,0.0,0.0,2.0,0.0,0.0,0.0,0.0,0.0,0.0,1.0,36.0,49.0,33.8,51.0,13.4,1.0,9.0,0.0,10.0,1.0,0.26,0.11,0.37,1.7,145.0,0.0,5221323.0,0.0,0.0,381,Salah,Liverpool,Mohamed,118748,,3,14,Mohamed_Salah,91,Bournemouth,14,Liverpool,MID,12
396,382.0,1.0,4.0,2.0,True,2025-08-15T19:00:00Z,4.0,2.0,1.0,False,81.0,0.0,0.0,0.0,2.0,0.0,0.0,0.0,0.0,0.0,0.0,0.0,14.0,12.0,45.0,12.0,6.9,1.0,6.0,2.0,9.0,1.0,0.14,0.28,0.42,1.7,85.0,0.0,3336069.0,0.0,0.0,382,Wirtz,Liverpool,Florian,494595,,3,14,Florian_Wirtz,91,Bournemouth,14,Liverpool,MID,12
397,383.0,1.0,4.0,0.0,True,2025-08-15T19:00:00Z,4.0,2.0,1.0,False,0.0,0.0,0.0,0.0,0.0,0.0,0.0,0.0,0.0,0.0,0.0,0.0,0.0,0.0,0.0,0.0,0.0,0.0,0.0,0.0,0.0,0.0,0.0,0.0,0.0,0.0,80.0,0.0,12733.0,0.0,0.0,383,Díaz Marulanda,Liverpool,Luis,244731,Has joined Bayern Munch permanently.,3,14,Luis_Díaz Marulanda,91,Bournemouth,14,Liverpool,MID,12
398,384.0,1.0,4.0,7.0,True,2025-08-15T19:00:00Z,4.0,2.0,1.0,False,90.0,1.0,0.0,0.0,2.0,0.0,0.0,0.0,0.0,0.0,0.0,0.0,34.0,48.2,39.6,46.0,13.4,1.0,6.0,1.0,8.0,1.0,0.2,0.44,0.64,1.7,75.0,0.0,694300.0,0.0,0.0,384,Gakpo,Liverpool,Cody,243298,,3,14,Cody_Gakpo,91,Bournemouth,14,Liverpool,MID,12
399,385.0,1.0,4.0,6.0,True,2025-08-15T19:00:00Z,4.0,2.0,1.0,False,8.0,1.0,0.0,0.0,0.0,0.0,0.0,0.0,0.0,0.0,0.0,0.0,29.0,35.2,0.3,17.0,5.3,0.0,0.0,1.0,1.0,0.0,0.16,0.0,0.16,0.0,65.0,0.0,7924.0,0.0,0.0,385,Chiesa,Liverpool,Federico,223541,,3,14,Federico_Chiesa,91,Bournemouth,14,Liverpool,MID,12
400,386.0,1.0,4.0,5.0,True,2025-08-15T19:00:00Z,4.0,2.0,1.0,False,71.0,0.0,1.0,0.0,1.0,0.0,0.0,0.0,0.0,0.0,0.0,0.0,27.0,27.4,15.2,11.0,5.4,1.0,2.0,3.0,6.0,1.0,0.03,0.02,0.05,1.49,65.0,0.0,150572.0,0.0,0.0,386,Mac Allister,Liverpool,Alexis,243016,,3,14,Alexis_Mac Allister,91,Bournemouth,14,Liverpool,MID,12
401,387.0,1.0,4.0,2.0,True,2025-08-15T19:00:00Z,4.0,2.0,1.0,False,90.0,0.0,0.0,0.0,2.0,0.0,0.0,0.0,0.0,0.0,0.0,0.0,17.0,14.0,29.8,24.0,6.8,2.0,5.0,4.0,11.0,1.0,0.1,0.09,0.19,1.7,65.0,0.0,203688.0,0.0,0.0,387,Szoboszlai,Liverpool,Dominik,424876,,3,14,Dominik_Szoboszlai,91,Bournemouth,14,Liverpool,MID,12
402,388.0,1.0,4.0,1.0,True,2025-08-15T19:00:00Z,4.0,2.0,1.0,False,18.0,0.0,0.0,0.0,1.0,0.0,0.0,0.0,0.0,0.0,0.0,0.0,4.0,3.2,10.9,0.0,1.4,0.0,1.0,0.0,1.0,0.0,0.0,0.04,0.04,0.21,55.0,0.0,11008.0,0.0,0.0,388,Jones,Liverpool,Curtis,206915,,3,14,Curtis_Jones,91,Bournemouth,14,Liverpool,MID,12
403,389.0,1.0,4.0,0.0,True,2025-08-15T19:00:00Z,4.0,2.0,1.0,False,0.0,0.0,0.0,0.0,0.0,0.0,0.0,0.0,0.0,0.0,0.0,0.0,0.0,0.0,0.0,0.0,0.0,0.0,0.0,0.0,0.0,0.0,0.0,0.0,0.0,0.0,55.0,0.0,15644.0,0.0,0.0,389,Elliott,Liverpool,Harvey,444884,,3,14,Harvey_Elliott,91,Bournemouth,14,Liverpool,MID,12
404,390.0,1.0,4.0,0.0,True,2025-08-15T19:00:00Z,4.0,2.0,1.0,False,0.0,0.0,0.0,0.0,0.0,0.0,0.0,0.0,0.0,0.0,0.0,0.0,0.0,0.0,0.0,0.0,0.0,0.0,0.0,0.0,0.0,0.0,0.0,0.0,0.0,0.0,55.0,0.0,9545.0,0.0,0.0,390,Gravenberch,Liverpool,Ryan,441266,,3,14,Ryan_Gravenberch,91,Bournemouth,14,Liverpool,MID,12
405,391.0,1.0,4.0,0.0,True,2025-08-15T19:00:00Z,4.0,2.0,1.0,False,0.0,0.0,0.0,0.0,0.0,0.0,0.0,0.0,0.0,0.0,0.0,0.0,0.0,0.0,0.0,0.0,0.0,0.0,0.0,0.0,0.0,0.0,0.0,0.0,0.0,0.0,50.0,0.0,4207.0,0.0,0.0,391,Doak,Liverpool,Ben,496208,,3,14,Ben_Doak,91,Bournemouth,14,Liverpool,MID,12
406,392.0,1.0,4.0,4.0,True,2025-08-15T19:00:00Z,4.0,2.0,1.0,False,30.0,0.0,1.0,0.0,2.0,0.0,0.0,0.0,0.0,0.0,0.0,0.0,15.0,24.6,10.7,0.0,3.5,1.0,0.0,2.0,3.0,0.0,0.0,0.0,0.0,0.89,50.0,0.0,7610.0,0.0,0.0,392,Wataru,Liverpool,Endo,158983,,3,14,Endo_Wataru,91,Bournemouth,14,Liverpool,MID,12
407,393.0,1.0,4.0,0.0,True,2025-08-15T19:00:00Z,4.0,2.0,1.0,False,0.0,0.0,0.0,0.0,0.0,0.0,0.0,0.0,0.0,0.0,0.0,0.0,0.0,0.0,0.0,0.0,0.0,0.0,0.0,0.0,0.0,0.0,0.0,0.0,0.0,0.0,45.0,0.0,4817.0,0.0,0.0,393,Bajčetić Maquieira,Liverpool,Stefan,535928,,3,14,Stefan_Bajčetić Maquieira,91,Bournemouth,14,Liverpool,MID,12
408,394.0,1.0,4.0,0.0,True,2025-08-15T19:00:00Z,4.0,2.0,1.0,False,0.0,0.0,0.0,0.0,0.0,0.0,0.0,0.0,0.0,0.0,0.0,0.0,0.0,0.0,0.0,0.0,0.0,0.0,0.0,0.0,0.0,0.0,0.0,0.0,0.0,0.0,45.0,0.0,2780.0,0.0,0.0,394,McConnell,Liverpool,James,491501,,3,14,James_McConnell,91,Bournemouth,14,Liverpool,MID,12
409,395.0,1.0,4.0,0.0,True,2025-08-15T19:00:00Z,4.0,2.0,1.0,False,0.0,0.0,0.0,0.0,0.0,0.0,0.0,0.0,0.0,0.0,0.0,0.0,0.0,0.0,0.0,0.0,0.0,0.0,0.0,0.0,0.0,0.0,0.0,0.0,0.0,0.0,45.0,0.0,624.0,0.0,0.0,395,Morton,Liverpool,Tyler,440148,Has joined Lyon permanently.,3,14,Tyler_Morton,91,Bournemouth,14,Liverpool,MID,12
410,396.0,1.0,4.0,0.0,True,2025-08-15T19:00:00Z,4.0,2.0,1.0,False,0.0,0.0,0.0,0.0,0.0,0.0,0.0,0.0,0.0,0.0,0.0,0.0,0.0,0.0,0.0,0.0,0.0,0.0,0.0,0.0,0.0,0.0,0.0,0.0,0.0,0.0,45.0,0.0,7885.0,0.0,0.0,396,Nyoni,Liverpool,Trey,591386,,3,14,Trey_Nyoni,91,Bournemouth,14,Liverpool,MID,12
411,397.0,1.0,4.0,0.0,True,2025-08-15T19:00:00Z,4.0,2.0,1.0,False,0.0,0.0,0.0,0.0,0.0,0.0,0.0,0.0,0.0,0.0,0.0,0.0,0.0,0.0,0.0,0.0,0.0,0.0,0.0,0.0,0.0,0.0,0.0,0.0,0.0,0.0,65.0,0.0,23712.0,0.0,0.0,397,Núñez Ribeiro,Liverpool,Darwin,447203,Has joined Al-Hilal permanently.,4,14,Darwin_Núñez Ribeiro,91,Bournemouth,14,Liverpool,FWD,12
412,398.0,1.0,4.0,0.0,True,2025-08-15T19:00:00Z,4.0,2.0,1.0,False,0.0,0.0,0.0,0.0,0.0,0.0,0.0,0.0,0.0,0.0,0.0,0.0,0.0,0.0,0.0,0.0,0.0,0.0,0.0,0.0,0.0,0.0,0.0,0.0,0.0,0.0,45.0,0.0,13290.0,0.0,0.0,398,Danns,Liverpool,Jayden,500058,,4,14,Jayden_Danns,91,Bournemouth,14,Liverpool,FWD,12
413,661.0,1.0,4.0,11.0,True,2025-08-15T19:00:00Z,4.0,2.0,1.0,False,71.0,1.0,1.0,0.0,1.0,0.0,0.0,0.0,0.0,0.0,0.0,2.0,37.0,52.8,24.4,37.0,11.4,1.0,0.0,0.0,1.0,1.0,1.14,0.02,1.16,1.49,85.0,0.0,1395287.0,0.0,0.0,661,Ekitiké,Liverpool,Hugo,510663,,4,14,Hugo_Ekitiké,91,Bournemouth,14,Liverpool,FWD,12
414,686.0,1.0,4.0,0.0,True,2025-08-15T19:00:00Z,4.0,2.0,1.0,False,0.0,0.0,0.0,0.0,0.0,0.0,0.0,0.0,0.0,0.0,0.0,0.0,0.0,0.0,0.0,0.0,0.0,0.0,0.0,0.0,0.0,0.0,0.0,0.0,0.0,0.0,45.0,0.0,0.0,0.0,0.0,686,Ngumoha,Liverpool,Rio,611922,,3,14,Rio_Ngumoha,91,Bournemouth,14,Liverpool,MID,12
415,182.0,7.0,20.0,7.0,False,2025-08-16T16:30:00Z,0.0,4.0,1.0,False,90.0,0.0,0.0,1.0,0.0,0.0,0.0,0.0,0.0,0.0,3.0,0.0,31.0,28.8,0.0,0.0,2.9,2.0,10.0,0.0,0.0,1.0,0.0,0.0,0.0,0.56,50.0,0.0,173414.0,0.0,0.0,182,Trafford,Man City,James,432720,,1,43,James_Trafford,39,Wolves,43,Man City,GKP,13
416,399.0,7.0,20.0,0.0,False,2025-08-16T16:30:00Z,0.0,4.0,1.0,False,0.0,0.0,0.0,0.0,0.0,0.0,0.0,0.0,0.0,0.0,0.0,0.0,0.0,0.0,0.0,0.0,0.0,0.0,0.0,0.0,0.0,0.0,0.0,0.0,0.0,0.0,55.0,0.0,300506.0,0.0,0.0,399,Santana de Moraes,Man City,Ederson,121160,,1,43,Ederson_Santana de Moraes,39,Wolves,43,Man City,GKP,13
417,400.0,7.0,20.0,0.0,False,2025-08-16T16:30:00Z,0.0,4.0,1.0,False,0.0,0.0,0.0,0.0,0.0,0.0,0.0,0.0,0.0,0.0,0.0,0.0,0.0,0.0,0.0,0.0,0.0,0.0,0.0,0.0,0.0,0.0,0.0,0.0,0.0,0.0,50.0,0.0,24396.0,0.0,0.0,400,Ortega Moreno,Man City,Stefan,88248,,1,43,Stefan_Ortega Moreno,39,Wolves,43,Man City,GKP,13
418,401.0,7.0,20.0,0.0,False,2025-08-16T16:30:00Z,0.0,4.0,1.0,False,0.0,0.0,0.0,0.0,0.0,0.0,0.0,0.0,0.0,0.0,0.0,0.0,0.0,0.0,0.0,0.0,0.0,0.0,0.0,0.0,0.0,0.0,0.0,0.0,0.0,0.0,40.0,0.0,16987.0,0.0,0.0,401,Bettinelli,Man City,Marcus,122074,,1,43,Marcus_Bettinelli,39,Wolves,43,Man City,GKP,13
419,402.0,7.0,20.0,9.0,False,2025-08-16T16:30:00Z,0.0,4.0,1.0,False,90.0,0.0,0.0,1.0,0.0,0.0,0.0,0.0,0.0,0.0,0.0,1.0,33.0,30.4,13.5,3.0,4.7,9.0,3.0,6.0,15.0,1.0,0.04,0.02,0.06,0.56,60.0,0.0,1969933.0,0.0,0.0,402,Aït-Nouri,Man City,Rayan,448514,,2,43,Rayan_Aït-Nouri,39,Wolves,43,Man City,DEF,13
420,403.0,7.0,20.0,0.0,False,2025-08-16T16:30:00Z,0.0,4.0,1.0,False,0.0,0.0,0.0,0.0,0.0,0.0,0.0,0.0,0.0,0.0,0.0,0.0,0.0,0.0,0.0,0.0,0.0,0.0,0.0,0.0,0.0,0.0,0.0,0.0,0.0,0.0,60.0,0.0,1096282.0,0.0,0.0,403,Gvardiol,Man City,Joško,477424,Knock - Unknown return date,2,43,Joško_Gvardiol,39,Wolves,43,Man City,DEF,13
421,404.0,7.0,20.0,0.0,False,2025-08-16T16:30:00Z,0.0,4.0,1.0,False,0.0,0.0,0.0,0.0,0.0,0.0,0.0,0.0,0.0,0.0,0.0,0.0,0.0,0.0,0.0,0.0,0.0,0.0,0.0,0.0,0.0,0.0,0.0,0.0,0.0,0.0,55.0,0.0,79945.0,0.0,0.0,404,Akanji,Man City,Manuel,211975,,2,43,Manuel_Akanji,39,Wolves,43,Man City,DEF,13
422,405.0,7.0,20.0,0.0,False,2025-08-16T16:30:00Z,0.0,4.0,1.0,False,0.0,0.0,0.0,0.0,0.0,0.0,0.0,0.0,0.0,0.0,0.0,0.0,0.0,0.0,0.0,0.0,0.0,0.0,0.0,0.0,0.0,0.0,0.0,0.0,0.0,0.0,55.0,0.0,61989.0,0.0,0.0,405,Aké,Man City,Nathan,126184,,2,43,Nathan_Aké,39,Wolves,43,Man City,DEF,13
423,406.0,7.0,20.0,1.0,False,2025-08-16T16:30:00Z,0.0,4.0,1.0,False,8.0,0.0,0.0,0.0,0.0,0.0,0.0,0.0,0.0,0.0,0.0,0.0,7.0,3.6,0.0,0.0,0.4,0.0,0.0,1.0,1.0,0.0,0.0,0.0,0.0,0.08,55.0,0.0,33910.0,0.0,0.0,406,Khusanov,Man City,Abdukodir,578153,,2,43,Abdukodir_Khusanov,39,Wolves,43,Man City,DEF,13
424,407.0,7.0,20.0,1.0,False,2025-08-16T16:30:00Z,0.0,4.0,1.0,False,24.0,0.0,0.0,0.0,0.0,0.0,0.0,0.0,0.0,0.0,0.0,0.0,5.0,3.8,1.2,0.0,0.5,3.0,2.0,1.0,4.0,0.0,0.0,0.0,0.0,0.21,55.0,0.0,48799.0,0.0,0.0,407,Nunes,Man City,Matheus,465351,,2,43,Matheus_Nunes,39,Wolves,43,Man City,DEF,13
425,408.0,7.0,20.0,6.0,False,2025-08-16T16:30:00Z,0.0,4.0,1.0,False,90.0,0.0,0.0,1.0,0.0,0.0,0.0,0.0,0.0,0.0,0.0,0.0,26.0,21.6,1.7,2.0,2.5,4.0,4.0,0.0,4.0,1.0,0.0,0.08,0.08,0.56,55.0,0.0,281477.0,0.0,0.0,408,dos Santos Gato Alves Dias,Man City,Rúben,171314,,2,43,Rúben_dos Santos Gato Alves Dias,39,Wolves,43,Man City,DEF,13
426,409.0,7.0,20.0,6.0,False,2025-08-16T16:30:00Z,0.0,4.0,1.0,False,81.0,0.0,0.0,1.0,0.0,0.0,0.0,0.0,0.0,0.0,0.0,0.0,28.0,14.4,2.2,0.0,1.7,2.0,4.0,0.0,2.0,1.0,0.0,0.01,0.01,0.47,55.0,0.0,58549.0,0.0,0.0,409,Stones,Man City,John,97299,,2,43,John_Stones,39,Wolves,43,Man City,DEF,13
427,410.0,7.0,20.0,11.0,False,2025-08-16T16:30:00Z,0.0,4.0,1.0,False,65.0,0.0,1.0,1.0,0.0,0.0,0.0,0.0,0.0,0.0,0.0,2.0,41.0,29.2,13.1,8.0,5.0,5.0,1.0,1.0,6.0,1.0,0.0,0.59,0.59,0.35,50.0,0.0,61558.0,0.0,0.0,410,Lewis,Man City,Rico,477064,,2,43,Rico_Lewis,39,Wolves,43,Man City,DEF,13
428,411.0,7.0,20.0,0.0,False,2025-08-16T16:30:00Z,0.0,4.0,1.0,False,24.0,0.0,0.0,0.0,0.0,0.0,0.0,0.0,1.0,0.0,0.0,0.0,-2.0,0.0,5.0,0.0,0.5,0.0,0.0,0.0,0.0,0.0,0.0,0.01,0.01,0.21,50.0,0.0,15747.0,0.0,0.0,411,O'Reilly,Man City,Nico,472769,,2,43,Nico_O'Reilly,39,Wolves,43,Man City,DEF,13
429,412.0,7.0,20.0,0.0,False,2025-08-16T16:30:00Z,0.0,4.0,1.0,False,0.0,0.0,0.0,0.0,0.0,0.0,0.0,0.0,0.0,0.0,0.0,0.0,0.0,0.0,0.0,0.0,0.0,0.0,0.0,0.0,0.0,0.0,0.0,0.0,0.0,0.0,50.0,0.0,1413.0,0.0,0.0,412,de Oliveira Nunes dos Reis,Man City,Vitor,616222,Has joined Girona on loan for the rest of the season.,2,43,Vitor_de Oliveira Nunes dos Reis,39,Wolves,43,Man City,DEF,13
430,413.0,7.0,20.0,1.0,False,2025-08-16T16:30:00Z,0.0,4.0,1.0,False,24.0,0.0,0.0,0.0,0.0,0.0,0.0,0.0,0.0,0.0,0.0,0.0,3.0,0.0,0.8,6.0,0.7,0.0,1.0,0.0,1.0,0.0,0.12,0.0,0.12,0.21,85.0,0.0,1094328.0,0.0,0.0,413,Marmoush,Man City,Omar,438234,,3,43,Omar_Marmoush,39,Wolves,43,Man City,MID,13
431,414.0,7.0,20.0,0.0,False,2025-08-16T16:30:00Z,0.0,4.0,1.0,False,0.0,0.0,0.0,0.0,0.0,0.0,0.0,0.0,0.0,0.0,0.0,0.0,0.0,0.0,0.0,0.0,0.0,0.0,0.0,0.0,0.0,0.0,0.0,0.0,0.0,0.0,80.0,0.0,112706.0,0.0,0.0,414,Foden,Man City,Phil,209244,,3,43,Phil_Foden,39,Wolves,43,Man City,MID,13
432,415.0,7.0,20.0,0.0,False,2025-08-16T16:30:00Z,0.0,4.0,1.0,False,0.0,0.0,0.0,0.0,0.0,0.0,0.0,0.0,0.0,0.0,0.0,0.0,0.0,0.0,0.0,0.0,0.0,0.0,0.0,0.0,0.0,0.0,0.0,0.0,0.0,0.0,70.0,0.0,115640.0,0.0,0.0,415,Moreira de Oliveira,Man City,Sávio,510281,Knock - Expected back 14 Sep,3,43,Sávio_Moreira de Oliveira,39,Wolves,43,Man City,MID,13
433,416.0,7.0,20.0,3.0,False,2025-08-16T16:30:00Z,0.0,4.0,1.0,False,65.0,0.0,0.0,1.0,0.0,0.0,0.0,0.0,0.0,0.0,0.0,0.0,25.0,22.0,62.0,4.0,8.8,1.0,4.0,4.0,9.0,1.0,0.0,0.44,0.44,0.35,65.0,0.0,76463.0,0.0,0.0,416,Mota Veiga de Carvalho e Silva,Man City,Bernardo,165809,,3,43,Bernardo_Mota Veiga de Carvalho e Silva,39,Wolves,43,Man City,MID,13
434,417.0,7.0,20.0,6.0,False,2025-08-16T16:30:00Z,0.0,4.0,1.0,False,17.0,1.0,0.0,0.0,0.0,0.0,0.0,0.0,0.0,0.0,0.0,0.0,22.0,35.8,2.8,7.0,4.6,1.0,0.0,0.0,1.0,0.0,0.06,0.03,0.09,0.21,65.0,0.0,748450.0,0.0,0.0,417,Cherki,Man City,Rayan,466052,,3,43,Rayan_Cherki,39,Wolves,43,Man City,MID,13
435,418.0,7.0,20.0,3.0,False,2025-08-16T16:30:00Z,0.0,4.0,1.0,False,65.0,0.0,0.0,1.0,0.0,0.0,0.0,0.0,0.0,0.0,0.0,0.0,4.0,0.0,3.2,4.0,0.6,0.0,1.0,0.0,1.0,1.0,0.0,0.02,0.02,0.35,65.0,0.0,109378.0,0.0,0.0,418,Doku,Man City,Jérémy,248875,,3,43,Jérémy_Doku,39,Wolves,43,Man City,MID,13
436,420.0,7.0,20.0,0.0,False,2025-08-16T16:30:00Z,0.0,4.0,1.0,False,0.0,0.0,0.0,0.0,0.0,0.0,0.0,0.0,0.0,0.0,0.0,0.0,0.0,0.0,0.0,0.0,0.0,0.0,0.0,0.0,0.0,0.0,0.0,0.0,0.0,0.0,65.0,0.0,20021.0,0.0,0.0,420,Gündoğan,Man City,İlkay,59859,,3,43,İlkay_Gündoğan,39,Wolves,43,Man City,MID,13
437,421.0,7.0,20.0,0.0,False,2025-08-16T16:30:00Z,0.0,4.0,1.0,False,0.0,0.0,0.0,0.0,0.0,0.0,0.0,0.0,0.0,0.0,0.0,0.0,0.0,0.0,0.0,0.0,0.0,0.0,0.0,0.0,0.0,0.0,0.0,0.0,0.0,0.0,65.0,0.0,52781.0,0.0,0.0,421,Hernandez Cascante,Man City,Rodrigo 'Rodri',220566,,3,43,Rodrigo 'Rodri'_Hernandez Cascante,39,Wolves,43,Man City,MID,13
438,422.0,7.0,20.0,0.0,False,2025-08-16T16:30:00Z,0.0,4.0,1.0,False,0.0,0.0,0.0,0.0,0.0,0.0,0.0,0.0,0.0,0.0,0.0,0.0,0.0,0.0,0.0,0.0,0.0,0.0,0.0,0.0,0.0,0.0,0.0,0.0,0.0,0.0,60.0,0.0,1064.0,0.0,0.0,422,Kovačić,Man City,Mateo,91651,Achilles injury - Expected back 13 Sep,3,43,Mateo_Kovačić,39,Wolves,43,Man City,MID,13
439,423.0,7.0,20.0,3.0,False,2025-08-16T16:30:00Z,0.0,4.0,1.0,False,90.0,0.0,0.0,1.0,0.0,0.0,0.0,0.0,0.0,0.0,0.0,0.0,27.0,24.8,5.6,6.0,3.6,4.0,4.0,3.0,11.0,1.0,0.05,0.05,0.1,0.56,60.0,0.0,6190.0,0.0,0.0,423,González Iglesias,Man City,Nico,465694,,3,43,Nico_González Iglesias,39,Wolves,43,Man City,MID,13
440,424.0,7.0,20.0,6.0,False,2025-08-16T16:30:00Z,0.0,4.0,1.0,False,90.0,0.0,1.0,1.0,0.0,0.0,0.0,0.0,0.0,0.0,0.0,0.0,25.0,24.6,25.4,8.0,5.8,0.0,4.0,0.0,4.0,1.0,0.0,0.07,0.07,0.56,55.0,0.0,9671.0,0.0,0.0,424,Bobb,Man City,Oscar,477555,,3,43,Oscar_Bobb,39,Wolves,43,Man City,MID,13
441,425.0,7.0,20.0,0.0,False,2025-08-16T16:30:00Z,0.0,4.0,1.0,False,0.0,0.0,0.0,0.0,0.0,0.0,0.0,0.0,0.0,0.0,0.0,0.0,0.0,0.0,0.0,0.0,0.0,0.0,0.0,0.0,0.0,0.0,0.0,0.0,0.0,0.0,55.0,0.0,3471.0,0.0,0.0,425,Echeverri,Man City,Claudio,575204,,3,43,Claudio_Echeverri,39,Wolves,43,Man City,MID,13
442,427.0,7.0,20.0,10.0,False,2025-08-16T16:30:00Z,0.0,4.0,1.0,False,90.0,1.0,1.0,1.0,0.0,0.0,0.0,0.0,1.0,0.0,0.0,0.0,31.0,49.8,23.7,28.0,10.2,1.0,1.0,1.0,3.0,1.0,0.2,0.14,0.34,0.56,55.0,0.0,1819194.0,0.0,0.0,427,Reijnders,Man City,Tijjani,433036,,3,43,Tijjani_Reijnders,39,Wolves,43,Man City,MID,13
443,428.0,7.0,20.0,0.0,False,2025-08-16T16:30:00Z,0.0,4.0,1.0,False,0.0,0.0,0.0,0.0,0.0,0.0,0.0,0.0,0.0,0.0,0.0,0.0,0.0,0.0,0.0,0.0,0.0,0.0,0.0,0.0,0.0,0.0,0.0,0.0,0.0,0.0,50.0,0.0,3189.0,0.0,0.0,428,Nypan,Man City,Sverre,566164,,3,43,Sverre_Nypan,39,Wolves,43,Man City,MID,13
444,429.0,7.0,20.0,0.0,False,2025-08-16T16:30:00Z,0.0,4.0,1.0,False,0.0,0.0,0.0,0.0,0.0,0.0,0.0,0.0,0.0,0.0,0.0,0.0,0.0,0.0,0.0,0.0,0.0,0.0,0.0,0.0,0.0,0.0,0.0,0.0,0.0,0.0,50.0,0.0,5452.0,0.0,0.0,429,Phillips,Man City,Kalvin,155405,,3,43,Kalvin_Phillips,39,Wolves,43,Man City,MID,13
445,430.0,7.0,20.0,13.0,False,2025-08-16T16:30:00Z,0.0,4.0,1.0,False,72.0,2.0,0.0,1.0,0.0,0.0,0.0,0.0,0.0,0.0,0.0,3.0,49.0,58.0,0.3,71.0,12.9,0.0,1.0,1.0,2.0,1.0,1.99,0.0,1.99,0.35,140.0,0.0,2283987.0,0.0,0.0,430,Haaland,Man City,Erling,223094,,4,43,Erling_Haaland,39,Wolves,43,Man City,FWD,13
446,119.0,9.0,1.0,2.0,True,2025-08-17T15:30:00Z,0.0,1.0,1.0,False,90.0,0.0,0.0,0.0,1.0,0.0,0.0,0.0,0.0,0.0,0.0,0.0,17.0,10.6,21.4,49.0,8.1,1.0,5.0,0.0,6.0,1.0,0.42,0.05,0.47,1.31,80.0,0.0,1322663.0,0.0,0.0,119,Mbeumo,Man Utd,Bryan,446008,,3,1,Bryan_Mbeumo,3,Arsenal,1,Man Utd,MID,14
447,431.0,9.0,1.0,2.0,True,2025-08-17T15:30:00Z,0.0,1.0,1.0,False,90.0,0.0,0.0,0.0,1.0,0.0,0.0,0.0,0.0,0.0,2.0,0.0,11.0,13.4,0.0,0.0,1.3,1.0,10.0,0.0,0.0,1.0,0.0,0.0,0.0,1.31,50.0,0.0,31564.0,0.0,0.0,431,Bayındır,Man Utd,Altay,451302,,1,1,Altay_Bayındır,3,Arsenal,1,Man Utd,GKP,14
448,432.0,9.0,1.0,0.0,True,2025-08-17T15:30:00Z,0.0,1.0,1.0,False,0.0,0.0,0.0,0.0,0.0,0.0,0.0,0.0,0.0,0.0,0.0,0.0,0.0,0.0,0.0,0.0,0.0,0.0,0.0,0.0,0.0,0.0,0.0,0.0,0.0,0.0,50.0,0.0,17015.0,0.0,0.0,432,Onana,Man Utd,André,202641,,1,1,André_Onana,3,Arsenal,1,Man Utd,GKP,14
449,433.0,9.0,1.0,0.0,True,2025-08-17T15:30:00Z,0.0,1.0,1.0,False,0.0,0.0,0.0,0.0,0.0,0.0,0.0,0.0,0.0,0.0,0.0,0.0,0.0,0.0,0.0,0.0,0.0,0.0,0.0,0.0,0.0,0.0,0.0,0.0,0.0,0.0,40.0,0.0,445.0,0.0,0.0,433,Harrison,Man Utd,Elyh,588555,On loan to Shrewsbury Town,1,1,Elyh_Harrison,3,Arsenal,1,Man Utd,GKP,14
450,434.0,9.0,1.0,0.0,True,2025-08-17T15:30:00Z,0.0,1.0,1.0,False,0.0,0.0,0.0,0.0,0.0,0.0,0.0,0.0,0.0,0.0,0.0,0.0,0.0,0.0,0.0,0.0,0.0,0.0,0.0,0.0,0.0,0.0,0.0,0.0,0.0,0.0,40.0,0.0,30304.0,0.0,0.0,434,Heaton,Man Utd,Tom,21205,,1,1,Tom_Heaton,3,Arsenal,1,Man Utd,GKP,14
451,435.0,9.0,1.0,0.0,True,2025-08-17T15:30:00Z,0.0,1.0,1.0,False,0.0,0.0,0.0,0.0,0.0,0.0,0.0,0.0,0.0,0.0,0.0,0.0,0.0,0.0,0.0,0.0,0.0,0.0,0.0,0.0,0.0,0.0,0.0,0.0,0.0,0.0,40.0,0.0,10308.0,0.0,0.0,435,Mee,Man Utd,Dermot,461537,,1,1,Dermot_Mee,3,Arsenal,1,Man Utd,GKP,14
452,436.0,9.0,1.0,4.0,True,2025-08-17T15:30:00Z,0.0,1.0,1.0,False,90.0,0.0,0.0,0.0,1.0,0.0,0.0,0.0,0.0,0.0,0.0,0.0,16.0,33.4,16.0,26.0,7.5,8.0,4.0,2.0,10.0,1.0,0.21,0.06,0.27,1.31,50.0,0.0,134688.0,0.0,0.0,436,de Ligt,Man Utd,Matthijs,209365,,2,1,Matthijs_de Ligt,3,Arsenal,1,Man Utd,DEF,14
453,437.0,9.0,1.0,0.0,True,2025-08-17T15:30:00Z,0.0,1.0,1.0,False,0.0,0.0,0.0,0.0,0.0,0.0,0.0,0.0,0.0,0.0,0.0,0.0,0.0,0.0,0.0,0.0,0.0,0.0,0.0,0.0,0.0,0.0,0.0,0.0,0.0,0.0,50.0,0.0,19351.0,0.0,0.0,437,Martínez,Man Utd,Lisandro,221820,Knee injury - Unknown return date,2,1,Lisandro_Martínez,3,Arsenal,1,Man Utd,DEF,14
454,438.0,9.0,1.0,0.0,True,2025-08-17T15:30:00Z,0.0,1.0,1.0,False,0.0,0.0,0.0,0.0,0.0,0.0,0.0,0.0,0.0,0.0,0.0,0.0,0.0,0.0,0.0,0.0,0.0,0.0,0.0,0.0,0.0,0.0,0.0,0.0,0.0,0.0,50.0,0.0,32058.0,0.0,0.0,438,Mazraoui,Man Utd,Noussair,230001,Knock - Unknown return date,2,1,Noussair_Mazraoui,3,Arsenal,1,Man Utd,DEF,14
455,439.0,9.0,1.0,0.0,True,2025-08-17T15:30:00Z,0.0,1.0,1.0,False,0.0,0.0,0.0,0.0,0.0,0.0,0.0,0.0,0.0,0.0,0.0,0.0,0.0,0.0,0.0,0.0,0.0,0.0,0.0,0.0,0.0,0.0,0.0,0.0,0.0,0.0,45.0,0.0,6995.0,0.0,0.0,439,León Blanco,Man Utd,Diego,661712,,2,1,Diego_León Blanco,3,Arsenal,1,Man Utd,DEF,14
456,440.0,9.0,1.0,1.0,True,2025-08-17T15:30:00Z,0.0,1.0,1.0,False,54.0,0.0,0.0,0.0,1.0,0.0,0.0,0.0,0.0,0.0,0.0,0.0,2.0,6.8,14.1,2.0,2.3,3.0,2.0,1.0,4.0,1.0,0.0,0.15,0.15,1.03,45.0,0.0,221219.0,0.0,0.0,440,Dalot Teixeira,Man Utd,Diogo,216051,,2,1,Diogo_Dalot Teixeira,3,Arsenal,1,Man Utd,DEF,14
457,441.0,9.0,1.0,1.0,True,2025-08-17T15:30:00Z,0.0,1.0,1.0,False,90.0,0.0,0.0,0.0,1.0,0.0,0.0,0.0,1.0,0.0,0.0,0.0,4.0,9.0,2.8,8.0,2.0,1.0,2.0,4.0,5.0,1.0,0.04,0.02,0.06,1.31,45.0,0.0,632629.0,0.0,0.0,441,Dorgu,Man Utd,Patrick,596777,,2,1,Patrick_Dorgu,3,Arsenal,1,Man Utd,DEF,14
458,442.0,9.0,1.0,1.0,True,2025-08-17T15:30:00Z,0.0,1.0,1.0,False,10.0,0.0,0.0,0.0,0.0,0.0,0.0,0.0,0.0,0.0,0.0,0.0,2.0,5.2,0.5,0.0,0.6,3.0,0.0,0.0,3.0,0.0,0.0,0.0,0.0,0.21,45.0,0.0,64486.0,0.0,0.0,442,Maguire,Man Utd,Harry,95658,,2,1,Harry_Maguire,3,Arsenal,1,Man Utd,DEF,14
459,443.0,9.0,1.0,2.0,True,2025-08-17T15:30:00Z,0.0,1.0,1.0,False,79.0,0.0,0.0,0.0,1.0,0.0,0.0,0.0,0.0,0.0,0.0,0.0,7.0,11.2,12.5,0.0,2.4,1.0,5.0,3.0,4.0,1.0,0.0,0.02,0.02,1.1,45.0,0.0,18807.0,0.0,0.0,443,Shaw,Man Utd,Luke,106760,,2,1,Luke_Shaw,3,Arsenal,1,Man Utd,DEF,14
460,444.0,9.0,1.0,4.0,True,2025-08-17T15:30:00Z,0.0,1.0,1.0,False,90.0,0.0,0.0,0.0,1.0,0.0,0.0,0.0,0.0,0.0,0.0,0.0,11.0,18.2,2.6,0.0,2.1,10.0,4.0,1.0,11.0,1.0,0.0,0.01,0.01,1.31,45.0,0.0,133992.0,0.0,0.0,444,Yoro,Man Utd,Leny,550864,,2,1,Leny_Yoro,3,Arsenal,1,Man Utd,DEF,14
461,445.0,9.0,1.0,0.0,True,2025-08-17T15:30:00Z,0.0,1.0,1.0,False,0.0,0.0,0.0,0.0,0.0,0.0,0.0,0.0,0.0,0.0,0.0,0.0,0.0,0.0,0.0,0.0,0.0,0.0,0.0,0.0,0.0,0.0,0.0,0.0,0.0,0.0,40.0,0.0,16284.0,0.0,0.0,445,Amass,Man Utd,Harry,577974,,2,1,Harry_Amass,3,Arsenal,1,Man Utd,DEF,14
462,446.0,9.0,1.0,0.0,True,2025-08-17T15:30:00Z,0.0,1.0,1.0,False,0.0,0.0,0.0,0.0,0.0,0.0,0.0,0.0,0.0,0.0,0.0,0.0,0.0,0.0,0.0,0.0,0.0,0.0,0.0,0.0,0.0,0.0,0.0,0.0,0.0,0.0,40.0,0.0,9718.0,0.0,0.0,446,Fredricson,Man Utd,Tyler,547676,,2,1,Tyler_Fredricson,3,Arsenal,1,Man Utd,DEF,14
463,447.0,9.0,1.0,0.0,True,2025-08-17T15:30:00Z,0.0,1.0,1.0,False,0.0,0.0,0.0,0.0,0.0,0.0,0.0,0.0,0.0,0.0,0.0,0.0,0.0,0.0,0.0,0.0,0.0,0.0,0.0,0.0,0.0,0.0,0.0,0.0,0.0,0.0,40.0,0.0,156737.0,0.0,0.0,447,Heaven,Man Utd,Ayden,606745,,2,1,Ayden_Heaven,3,Arsenal,1,Man Utd,DEF,14
464,448.0,9.0,1.0,0.0,True,2025-08-17T15:30:00Z,0.0,1.0,1.0,False,0.0,0.0,0.0,0.0,0.0,0.0,0.0,0.0,0.0,0.0,0.0,0.0,0.0,0.0,0.0,0.0,0.0,0.0,0.0,0.0,0.0,0.0,0.0,0.0,0.0,0.0,40.0,0.0,29102.0,0.0,0.0,448,Malacia,Man Utd,Tyrell,222690,,2,1,Tyrell_Malacia,3,Arsenal,1,Man Utd,DEF,14
465,449.0,9.0,1.0,2.0,True,2025-08-17T15:30:00Z,0.0,1.0,1.0,False,90.0,0.0,0.0,0.0,1.0,0.0,0.0,0.0,0.0,0.0,0.0,0.0,19.0,25.2,65.3,9.0,10.0,2.0,6.0,3.0,11.0,1.0,0.15,0.3,0.45,1.31,90.0,0.0,2117501.0,0.0,0.0,449,Borges Fernandes,Man Utd,Bruno,141746,,3,1,Bruno_Borges Fernandes,3,Arsenal,1,Man Utd,MID,14
466,450.0,9.0,1.0,2.0,True,2025-08-17T15:30:00Z,0.0,1.0,1.0,False,90.0,0.0,0.0,0.0,1.0,0.0,0.0,0.0,0.0,0.0,0.0,0.0,16.0,17.8,13.3,50.0,8.1,0.0,2.0,1.0,3.0,1.0,0.4,0.05,0.45,1.31,80.0,0.0,740619.0,0.0,0.0,450,Santos Carneiro da Cunha,Man Utd,Matheus,430871,,3,1,Matheus_Santos Carneiro da Cunha,3,Arsenal,1,Man Utd,MID,14
467,451.0,9.0,1.0,0.0,True,2025-08-17T15:30:00Z,0.0,1.0,1.0,False,0.0,0.0,0.0,0.0,0.0,0.0,0.0,0.0,0.0,0.0,0.0,0.0,0.0,0.0,0.0,0.0,0.0,0.0,0.0,0.0,0.0,0.0,0.0,0.0,0.0,0.0,70.0,0.0,4039.0,0.0,0.0,451,Rashford,Man Utd,Marcus,176297,Has joined Barcelona on loan for the rest of the season,3,1,Marcus_Rashford,3,Arsenal,1,Man Utd,MID,14
468,452.0,9.0,1.0,1.0,True,2025-08-17T15:30:00Z,0.0,1.0,1.0,False,35.0,0.0,0.0,0.0,0.0,0.0,0.0,0.0,0.0,0.0,0.0,0.0,12.0,13.4,12.3,19.0,4.5,0.0,1.0,3.0,4.0,0.0,0.03,0.04,0.07,0.27,65.0,0.0,290466.0,0.0,0.0,452,Diallo,Man Utd,Amad,493250,,3,1,Amad_Diallo,3,Arsenal,1,Man Utd,MID,14
469,453.0,9.0,1.0,0.0,True,2025-08-17T15:30:00Z,0.0,1.0,1.0,False,0.0,0.0,0.0,0.0,0.0,0.0,0.0,0.0,0.0,0.0,0.0,0.0,0.0,0.0,0.0,0.0,0.0,0.0,0.0,0.0,0.0,0.0,0.0,0.0,0.0,0.0,65.0,0.0,18209.0,0.0,0.0,453,Garnacho Ferreyra,Man Utd,Alejandro,493105,,3,1,Alejandro_Garnacho Ferreyra,3,Arsenal,1,Man Utd,MID,14
470,454.0,9.0,1.0,0.0,True,2025-08-17T15:30:00Z,0.0,1.0,1.0,False,0.0,0.0,0.0,0.0,0.0,0.0,0.0,0.0,0.0,0.0,0.0,0.0,0.0,0.0,0.0,0.0,0.0,0.0,0.0,0.0,0.0,0.0,0.0,0.0,0.0,0.0,60.0,0.0,10103.0,0.0,0.0,454,dos Santos,Man Utd,Antony,467169,,3,1,Antony_dos Santos,3,Arsenal,1,Man Utd,MID,14
471,455.0,9.0,1.0,2.0,True,2025-08-17T15:30:00Z,0.0,1.0,1.0,False,64.0,0.0,0.0,0.0,1.0,0.0,0.0,0.0,0.0,0.0,0.0,0.0,9.0,7.0,25.1,18.0,5.0,0.0,2.0,1.0,3.0,1.0,0.12,0.15,0.27,1.1,60.0,0.0,23000.0,0.0,0.0,455,Mount,Man Utd,Mason,184341,,3,1,Mason_Mount,3,Arsenal,1,Man Utd,MID,14
472,456.0,9.0,1.0,0.0,True,2025-08-17T15:30:00Z,0.0,1.0,1.0,False,0.0,0.0,0.0,0.0,0.0,0.0,0.0,0.0,0.0,0.0,0.0,0.0,0.0,0.0,0.0,0.0,0.0,0.0,0.0,0.0,0.0,0.0,0.0,0.0,0.0,0.0,60.0,0.0,10745.0,0.0,0.0,456,Sancho,Man Utd,Jadon,209243,,3,1,Jadon_Sancho,3,Arsenal,1,Man Utd,MID,14
473,457.0,9.0,1.0,2.0,True,2025-08-17T15:30:00Z,0.0,1.0,1.0,False,64.0,0.0,0.0,0.0,1.0,0.0,0.0,0.0,0.0,0.0,0.0,0.0,15.0,9.2,11.6,0.0,2.1,0.0,2.0,3.0,5.0,1.0,0.0,0.02,0.02,1.1,55.0,0.0,16521.0,0.0,0.0,457,Casimiro,Man Utd,Carlos Henrique,61256,,3,1,Carlos Henrique_Casimiro,3,Arsenal,1,Man Utd,MID,14
474,458.0,9.0,1.0,0.0,True,2025-08-17T15:30:00Z,0.0,1.0,1.0,False,0.0,0.0,0.0,0.0,0.0,0.0,0.0,0.0,0.0,0.0,0.0,0.0,0.0,0.0,0.0,0.0,0.0,0.0,0.0,0.0,0.0,0.0,0.0,0.0,0.0,0.0,50.0,0.0,69362.0,0.0,0.0,458,Mainoo,Man Utd,Kobbie,516895,,3,1,Kobbie_Mainoo,3,Arsenal,1,Man Utd,MID,14
475,459.0,9.0,1.0,1.0,True,2025-08-17T15:30:00Z,0.0,1.0,1.0,False,25.0,0.0,0.0,0.0,0.0,0.0,0.0,0.0,0.0,0.0,0.0,0.0,0.0,0.0,11.4,1.0,1.2,0.0,1.0,0.0,1.0,0.0,0.03,0.01,0.04,0.21,50.0,0.0,16335.0,0.0,0.0,459,Ugarte Ribeiro,Man Utd,Manuel,232112,,3,1,Manuel_Ugarte Ribeiro,3,Arsenal,1,Man Utd,MID,14
476,460.0,9.0,1.0,0.0,True,2025-08-17T15:30:00Z,0.0,1.0,1.0,False,0.0,0.0,0.0,0.0,0.0,0.0,0.0,0.0,0.0,0.0,0.0,0.0,0.0,0.0,0.0,0.0,0.0,0.0,0.0,0.0,0.0,0.0,0.0,0.0,0.0,0.0,45.0,0.0,11142.0,0.0,0.0,460,Collyer,Man Utd,Toby,490881,,3,1,Toby_Collyer,3,Arsenal,1,Man Utd,MID,14
477,461.0,9.0,1.0,0.0,True,2025-08-17T15:30:00Z,0.0,1.0,1.0,False,0.0,0.0,0.0,0.0,0.0,0.0,0.0,0.0,0.0,0.0,0.0,0.0,0.0,0.0,0.0,0.0,0.0,0.0,0.0,0.0,0.0,0.0,0.0,0.0,0.0,0.0,45.0,0.0,3389.0,0.0,0.0,461,Fitzgerald,Man Utd,Jayce,556639,,3,1,Jayce_Fitzgerald,3,Arsenal,1,Man Utd,MID,14
478,462.0,9.0,1.0,0.0,True,2025-08-17T15:30:00Z,0.0,1.0,1.0,False,0.0,0.0,0.0,0.0,0.0,0.0,0.0,0.0,0.0,0.0,0.0,0.0,0.0,0.0,0.0,0.0,0.0,0.0,0.0,0.0,0.0,0.0,0.0,0.0,0.0,0.0,45.0,0.0,3449.0,0.0,0.0,462,Fletcher,Man Utd,Jack,547037,,3,1,Jack_Fletcher,3,Arsenal,1,Man Utd,MID,14
479,463.0,9.0,1.0,0.0,True,2025-08-17T15:30:00Z,0.0,1.0,1.0,False,0.0,0.0,0.0,0.0,0.0,0.0,0.0,0.0,0.0,0.0,0.0,0.0,0.0,0.0,0.0,0.0,0.0,0.0,0.0,0.0,0.0,0.0,0.0,0.0,0.0,0.0,45.0,0.0,6854.0,0.0,0.0,463,Koné,Man Utd,Sékou,618873,,3,1,Sékou_Koné,3,Arsenal,1,Man Utd,MID,14
480,464.0,9.0,1.0,0.0,True,2025-08-17T15:30:00Z,0.0,1.0,1.0,False,0.0,0.0,0.0,0.0,0.0,0.0,0.0,0.0,0.0,0.0,0.0,0.0,0.0,0.0,0.0,0.0,0.0,0.0,0.0,0.0,0.0,0.0,0.0,0.0,0.0,0.0,45.0,0.0,2629.0,0.0,0.0,464,Moorhouse,Man Utd,Jack,559684,,3,1,Jack_Moorhouse,3,Arsenal,1,Man Utd,MID,14
481,465.0,9.0,1.0,0.0,True,2025-08-17T15:30:00Z,0.0,1.0,1.0,False,0.0,0.0,0.0,0.0,0.0,0.0,0.0,0.0,0.0,0.0,0.0,0.0,0.0,0.0,0.0,0.0,0.0,0.0,0.0,0.0,0.0,0.0,0.0,0.0,0.0,0.0,65.0,0.0,59759.0,0.0,0.0,465,Højlund,Man Utd,Rasmus,497894,,4,1,Rasmus_Højlund,3,Arsenal,1,Man Utd,FWD,14
482,466.0,9.0,1.0,0.0,True,2025-08-17T15:30:00Z,0.0,1.0,1.0,False,0.0,0.0,0.0,0.0,0.0,0.0,0.0,0.0,0.0,0.0,0.0,0.0,0.0,0.0,0.0,0.0,0.0,0.0,0.0,0.0,0.0,0.0,0.0,0.0,0.0,0.0,60.0,0.0,35612.0,0.0,0.0,466,Zirkzee,Man Utd,Joshua,458249,,4,1,Joshua_Zirkzee,3,Arsenal,1,Man Utd,FWD,14
483,467.0,9.0,1.0,0.0,True,2025-08-17T15:30:00Z,0.0,1.0,1.0,False,0.0,0.0,0.0,0.0,0.0,0.0,0.0,0.0,0.0,0.0,0.0,0.0,0.0,0.0,0.0,0.0,0.0,0.0,0.0,0.0,0.0,0.0,0.0,0.0,0.0,0.0,45.0,0.0,227817.0,0.0,0.0,467,Obi,Man Utd,Chido,596047,,4,1,Chido_Obi,3,Arsenal,1,Man Utd,FWD,14
484,468.0,9.0,1.0,0.0,True,2025-08-17T15:30:00Z,0.0,1.0,1.0,False,0.0,0.0,0.0,0.0,0.0,0.0,0.0,0.0,0.0,0.0,0.0,0.0,0.0,0.0,0.0,0.0,0.0,0.0,0.0,0.0,0.0,0.0,0.0,0.0,0.0,0.0,45.0,0.0,12678.0,0.0,0.0,468,Wheatley,Man Utd,Ethan,575034,,4,1,Ethan_Wheatley,3,Arsenal,1,Man Utd,FWD,14
485,681.0,9.0,1.0,1.0,True,2025-08-17T15:30:00Z,0.0,1.0,1.0,False,25.0,0.0,0.0,0.0,0.0,0.0,0.0,0.0,0.0,0.0,0.0,0.0,2.0,0.0,20.5,12.0,3.2,0.0,1.0,0.0,1.0,0.0,0.11,0.06,0.17,0.21,75.0,0.0,780071.0,0.0,0.0,681,Sesko,Man Utd,Benjamin,485711,,4,1,Benjamin_Sesko,3,Arsenal,1,Man Utd,FWD,14
486,469.0,2.0,2.0,9.0,False,2025-08-16T11:30:00Z,0.0,0.0,1.0,False,90.0,0.0,0.0,1.0,0.0,0.0,0.0,0.0,0.0,0.0,3.0,2.0,32.0,27.0,0.0,0.0,2.7,1.0,16.0,0.0,0.0,1.0,0.0,0.0,0.0,0.2,50.0,0.0,320357.0,0.0,0.0,469,Pope,Newcastle,Nick,98747,,1,4,Nick_Pope,7,Aston Villa,4,Newcastle,GKP,15
487,471.0,2.0,2.0,0.0,False,2025-08-16T11:30:00Z,0.0,0.0,1.0,False,0.0,0.0,0.0,0.0,0.0,0.0,0.0,0.0,0.0,0.0,0.0,0.0,0.0,0.0,0.0,0.0,0.0,0.0,0.0,0.0,0.0,0.0,0.0,0.0,0.0,0.0,40.0,0.0,13228.0,0.0,0.0,471,Gillespie,Newcastle,Mark,81441,,1,4,Mark_Gillespie,7,Aston Villa,4,Newcastle,GKP,15
488,472.0,2.0,2.0,0.0,False,2025-08-16T11:30:00Z,0.0,0.0,1.0,False,0.0,0.0,0.0,0.0,0.0,0.0,0.0,0.0,0.0,0.0,0.0,0.0,0.0,0.0,0.0,0.0,0.0,0.0,0.0,0.0,0.0,0.0,0.0,0.0,0.0,0.0,40.0,0.0,4189.0,0.0,0.0,472,Vlachodimos,Newcastle,Odysseas,111452,Has joined Sevilla on loan for the rest of the season.,1,4,Odysseas_Vlachodimos,7,Aston Villa,4,Newcastle,GKP,15
489,473.0,2.0,2.0,0.0,False,2025-08-16T11:30:00Z,0.0,0.0,1.0,False,0.0,0.0,0.0,0.0,0.0,0.0,0.0,0.0,0.0,0.0,0.0,0.0,0.0,0.0,0.0,0.0,0.0,0.0,0.0,0.0,0.0,0.0,0.0,0.0,0.0,0.0,55.0,0.0,198399.0,0.0,0.0,473,Hall,Newcastle,Lewis,487838,,2,4,Lewis_Hall,7,Aston Villa,4,Newcastle,DEF,15
490,474.0,2.0,2.0,8.0,False,2025-08-16T11:30:00Z,0.0,0.0,1.0,False,90.0,0.0,0.0,1.0,0.0,0.0,0.0,0.0,0.0,0.0,0.0,0.0,26.0,13.8,1.9,4.0,2.0,10.0,5.0,1.0,11.0,1.0,0.04,0.03,0.07,0.2,55.0,0.0,238259.0,0.0,0.0,474,Schär,Newcastle,Fabian,119471,,2,4,Fabian_Schär,7,Aston Villa,4,Newcastle,DEF,15
491,475.0,2.0,2.0,0.0,False,2025-08-16T11:30:00Z,0.0,0.0,1.0,False,0.0,0.0,0.0,0.0,0.0,0.0,0.0,0.0,0.0,0.0,0.0,0.0,0.0,0.0,0.0,0.0,0.0,0.0,0.0,0.0,0.0,0.0,0.0,0.0,0.0,0.0,50.0,0.0,46324.0,0.0,0.0,475,Botman,Newcastle,Sven,220237,,2,4,Sven_Botman,7,Aston Villa,4,Newcastle,DEF,15
492,476.0,2.0,2.0,9.0,False,2025-08-16T11:30:00Z,0.0,0.0,1.0,False,90.0,0.0,0.0,1.0,0.0,0.0,0.0,0.0,0.0,0.0,0.0,1.0,30.0,18.6,1.2,2.0,2.2,10.0,5.0,1.0,11.0,1.0,0.0,0.01,0.01,0.2,50.0,0.0,329806.0,0.0,0.0,476,Burn,Newcastle,Dan,78916,,2,4,Dan_Burn,7,Aston Villa,4,Newcastle,DEF,15
493,477.0,2.0,2.0,9.0,False,2025-08-16T11:30:00Z,0.0,0.0,1.0,False,90.0,0.0,0.0,1.0,0.0,0.0,0.0,0.0,0.0,0.0,0.0,3.0,33.0,18.0,25.4,4.0,4.7,3.0,5.0,2.0,5.0,1.0,0.0,0.03,0.03,0.2,50.0,0.0,340715.0,0.0,0.0,477,Livramento,Newcastle,Tino,441191,,2,4,Tino_Livramento,7,Aston Villa,4,Newcastle,DEF,15
494,478.0,2.0,2.0,6.0,False,2025-08-16T11:30:00Z,0.0,0.0,1.0,False,90.0,0.0,0.0,1.0,0.0,0.0,0.0,0.0,0.0,0.0,0.0,0.0,26.0,9.8,22.5,0.0,3.2,4.0,4.0,0.0,4.0,1.0,0.0,0.06,0.06,0.2,50.0,0.0,179895.0,0.0,0.0,478,Trippier,Newcastle,Kieran,77794,,2,4,Kieran_Trippier,7,Aston Villa,4,Newcastle,DEF,15
495,479.0,2.0,2.0,0.0,False,2025-08-16T11:30:00Z,0.0,0.0,1.0,False,0.0,0.0,0.0,0.0,0.0,0.0,0.0,0.0,0.0,0.0,0.0,0.0,0.0,0.0,0.0,0.0,0.0,0.0,0.0,0.0,0.0,0.0,0.0,0.0,0.0,0.0,45.0,0.0,4646.0,0.0,0.0,479,Krafth,Newcastle,Emil,111773,,2,4,Emil_Krafth,7,Aston Villa,4,Newcastle,DEF,15
496,480.0,2.0,2.0,0.0,False,2025-08-16T11:30:00Z,0.0,0.0,1.0,False,0.0,0.0,0.0,0.0,0.0,0.0,0.0,0.0,0.0,0.0,0.0,0.0,0.0,0.0,0.0,0.0,0.0,0.0,0.0,0.0,0.0,0.0,0.0,0.0,0.0,0.0,45.0,0.0,8009.0,0.0,0.0,480,Lascelles,Newcastle,Jamaal,101148,,2,4,Jamaal_Lascelles,7,Aston Villa,4,Newcastle,DEF,15
497,481.0,2.0,2.0,0.0,False,2025-08-16T11:30:00Z,0.0,0.0,1.0,False,0.0,0.0,0.0,0.0,0.0,0.0,0.0,0.0,0.0,0.0,0.0,0.0,0.0,0.0,0.0,0.0,0.0,0.0,0.0,0.0,0.0,0.0,0.0,0.0,0.0,0.0,40.0,0.0,77262.0,0.0,0.0,481,Murphy,Newcastle,Alex,545477,,2,4,Alex_Murphy,7,Aston Villa,4,Newcastle,DEF,15
498,482.0,2.0,2.0,0.0,False,2025-08-16T11:30:00Z,0.0,0.0,1.0,False,0.0,0.0,0.0,0.0,0.0,0.0,0.0,0.0,0.0,0.0,0.0,0.0,0.0,0.0,0.0,0.0,0.0,0.0,0.0,0.0,0.0,0.0,0.0,0.0,0.0,0.0,40.0,0.0,12407.0,0.0,0.0,482,Ashby,Newcastle,Harrison,441024,,2,4,Harrison_Ashby,7,Aston Villa,4,Newcastle,DEF,15
499,483.0,2.0,2.0,0.0,False,2025-08-16T11:30:00Z,0.0,0.0,1.0,False,0.0,0.0,0.0,0.0,0.0,0.0,0.0,0.0,0.0,0.0,0.0,0.0,0.0,0.0,0.0,0.0,0.0,0.0,0.0,0.0,0.0,0.0,0.0,0.0,0.0,0.0,40.0,0.0,11196.0,0.0,0.0,483,Pivaš,Newcastle,Miodrag,578512,,2,4,Miodrag_Pivaš,7,Aston Villa,4,Newcastle,DEF,15
500,484.0,2.0,2.0,0.0,False,2025-08-16T11:30:00Z,0.0,0.0,1.0,False,0.0,0.0,0.0,0.0,0.0,0.0,0.0,0.0,0.0,0.0,0.0,0.0,0.0,0.0,0.0,0.0,0.0,0.0,0.0,0.0,0.0,0.0,0.0,0.0,0.0,0.0,40.0,0.0,49800.0,0.0,0.0,484,Targett,Newcastle,Matt,169359,,2,4,Matt_Targett,7,Aston Villa,4,Newcastle,DEF,15
501,485.0,2.0,2.0,3.0,False,2025-08-16T11:30:00Z,0.0,0.0,1.0,False,90.0,0.0,0.0,1.0,0.0,0.0,0.0,0.0,0.0,0.0,0.0,0.0,4.0,5.4,13.0,41.0,5.9,0.0,4.0,0.0,4.0,1.0,0.55,0.03,0.58,0.2,75.0,0.0,151396.0,0.0,0.0,485,Gordon,Newcastle,Anthony,232826,,3,4,Anthony_Gordon,7,Aston Villa,4,Newcastle,MID,15
502,486.0,2.0,2.0,3.0,False,2025-08-16T11:30:00Z,0.0,0.0,1.0,False,77.0,0.0,0.0,1.0,0.0,0.0,0.0,0.0,0.0,0.0,0.0,0.0,10.0,8.6,29.8,27.0,6.5,0.0,3.0,0.0,3.0,1.0,0.57,0.06,0.63,0.17,70.0,0.0,813368.0,0.0,0.0,486,Elanga,Newcastle,Anthony,449434,,3,4,Anthony_Elanga,7,Aston Villa,4,Newcastle,MID,15
503,487.0,2.0,2.0,3.0,False,2025-08-16T11:30:00Z,0.0,0.0,1.0,False,89.0,0.0,0.0,1.0,0.0,0.0,0.0,0.0,0.0,0.0,0.0,0.0,15.0,12.8,56.8,25.0,9.5,1.0,3.0,0.0,4.0,1.0,0.23,0.33,0.56,0.2,65.0,0.0,56401.0,0.0,0.0,487,Barnes,Newcastle,Harvey,201666,,3,4,Harvey_Barnes,7,Aston Villa,4,Newcastle,MID,15
504,488.0,2.0,2.0,3.0,False,2025-08-16T11:30:00Z,0.0,0.0,1.0,False,90.0,0.0,0.0,1.0,0.0,0.0,0.0,0.0,0.0,0.0,0.0,0.0,11.0,7.6,22.6,2.0,3.2,1.0,5.0,2.0,8.0,1.0,0.0,0.1,0.1,0.2,65.0,0.0,163281.0,0.0,0.0,488,Guimarães Rodriguez Moura,Newcastle,Bruno,208706,,3,4,Bruno_Guimarães Rodriguez Moura,7,Aston Villa,4,Newcastle,MID,15
505,489.0,2.0,2.0,1.0,False,2025-08-16T11:30:00Z,0.0,0.0,1.0,False,12.0,0.0,0.0,0.0,0.0,0.0,0.0,0.0,0.0,0.0,0.0,0.0,3.0,0.6,1.3,4.0,0.6,0.0,2.0,0.0,2.0,0.0,0.0,0.01,0.01,0.03,65.0,0.0,245271.0,0.0,0.0,489,Murphy,Newcastle,Jacob,114243,,3,4,Jacob_Murphy,7,Aston Villa,4,Newcastle,MID,15
506,490.0,2.0,2.0,2.0,False,2025-08-16T11:30:00Z,0.0,0.0,1.0,False,82.0,0.0,0.0,1.0,0.0,0.0,0.0,0.0,1.0,0.0,0.0,0.0,7.0,4.4,4.2,6.0,1.5,2.0,5.0,2.0,9.0,1.0,0.0,0.02,0.02,0.17,60.0,0.0,45377.0,0.0,0.0,490,Apolinário de Lira,Newcastle,Joelinton Cássio,180974,,3,4,Joelinton Cássio_Apolinário de Lira,7,Aston Villa,4,Newcastle,MID,15
507,491.0,2.0,2.0,3.0,False,2025-08-16T11:30:00Z,0.0,0.0,1.0,False,90.0,0.0,0.0,1.0,0.0,0.0,0.0,0.0,0.0,0.0,0.0,0.0,20.0,13.8,29.2,0.0,4.3,2.0,5.0,2.0,9.0,1.0,0.0,0.18,0.18,0.2,55.0,0.0,186533.0,0.0,0.0,491,Tonali,Newcastle,Sandro,432422,,3,4,Sandro_Tonali,7,Aston Villa,4,Newcastle,MID,15
508,492.0,2.0,2.0,0.0,False,2025-08-16T11:30:00Z,0.0,0.0,1.0,False,0.0,0.0,0.0,0.0,0.0,0.0,0.0,0.0,0.0,0.0,0.0,0.0,0.0,0.0,0.0,0.0,0.0,0.0,0.0,0.0,0.0,0.0,0.0,0.0,0.0,0.0,50.0,0.0,3383.0,0.0,0.0,492,Cordero Campillo,Newcastle,Antoñito,640108,,3,4,Antoñito_Cordero Campillo,7,Aston Villa,4,Newcastle,MID,15
509,494.0,2.0,2.0,0.0,False,2025-08-16T11:30:00Z,0.0,0.0,1.0,False,0.0,0.0,0.0,0.0,0.0,0.0,0.0,0.0,0.0,0.0,0.0,0.0,0.0,0.0,0.0,0.0,0.0,0.0,0.0,0.0,0.0,0.0,0.0,0.0,0.0,0.0,50.0,0.0,4036.0,0.0,0.0,494,Willock,Newcastle,Joe,200089,Calf injury - Expected back 13 Sep,3,4,Joe_Willock,7,Aston Villa,4,Newcastle,MID,15
510,495.0,2.0,2.0,0.0,False,2025-08-16T11:30:00Z,0.0,0.0,1.0,False,0.0,0.0,0.0,0.0,0.0,0.0,0.0,0.0,0.0,0.0,0.0,0.0,0.0,0.0,0.0,0.0,0.0,0.0,0.0,0.0,0.0,0.0,0.0,0.0,0.0,0.0,45.0,0.0,2361.0,0.0,0.0,495,Hayden,Newcastle,Isaac,153127,Has departed the club as a free agent.,3,4,Isaac_Hayden,7,Aston Villa,4,Newcastle,MID,15
511,496.0,2.0,2.0,0.0,False,2025-08-16T11:30:00Z,0.0,0.0,1.0,False,0.0,0.0,0.0,0.0,0.0,0.0,0.0,0.0,0.0,0.0,0.0,0.0,0.0,0.0,0.0,0.0,0.0,0.0,0.0,0.0,0.0,0.0,0.0,0.0,0.0,0.0,45.0,0.0,6578.0,0.0,0.0,496,Kuol,Newcastle,Garang,564510,,3,4,Garang_Kuol,7,Aston Villa,4,Newcastle,MID,15
512,497.0,2.0,2.0,1.0,False,2025-08-16T11:30:00Z,0.0,0.0,1.0,False,7.0,0.0,0.0,0.0,0.0,0.0,0.0,0.0,0.0,0.0,0.0,0.0,4.0,2.6,11.0,2.0,1.6,0.0,1.0,0.0,1.0,0.0,0.0,0.01,0.01,0.03,45.0,0.0,260133.0,0.0,0.0,497,Miley,Newcastle,Lewis,547719,,3,4,Lewis_Miley,7,Aston Villa,4,Newcastle,MID,15
513,498.0,2.0,2.0,0.0,False,2025-08-16T11:30:00Z,0.0,0.0,1.0,False,0.0,0.0,0.0,0.0,0.0,0.0,0.0,0.0,0.0,0.0,0.0,0.0,0.0,0.0,0.0,0.0,0.0,0.0,0.0,0.0,0.0,0.0,0.0,0.0,0.0,0.0,45.0,0.0,1755.0,0.0,0.0,498,White,Newcastle,Joe,461484,Has joined Leyton Orient on loan for the rest of the season.,3,4,Joe_White,7,Aston Villa,4,Newcastle,MID,15
514,499.0,2.0,2.0,0.0,False,2025-08-16T11:30:00Z,0.0,0.0,1.0,False,0.0,0.0,0.0,0.0,0.0,0.0,0.0,0.0,0.0,0.0,0.0,0.0,0.0,0.0,0.0,0.0,0.0,0.0,0.0,0.0,0.0,0.0,0.0,0.0,0.0,0.0,105.0,0.0,844225.0,0.0,0.0,499,Isak,Newcastle,Alexander,219168,Won’t be considered for selection on 16/8. - Unknown return date,4,4,Alexander_Isak,7,Aston Villa,4,Newcastle,FWD,15
515,500.0,2.0,2.0,1.0,False,2025-08-16T11:30:00Z,0.0,0.0,1.0,False,1.0,0.0,0.0,0.0,0.0,0.0,0.0,0.0,0.0,0.0,0.0,0.0,3.0,0.0,0.3,7.0,0.7,0.0,0.0,0.0,0.0,0.0,0.03,0.02,0.05,0.0,55.0,0.0,21467.0,0.0,0.0,500,Osula,Newcastle,William,538207,,4,4,William_Osula,7,Aston Villa,4,Newcastle,FWD,15
516,501.0,2.0,2.0,0.0,False,2025-08-16T11:30:00Z,0.0,0.0,1.0,False,0.0,0.0,0.0,0.0,0.0,0.0,0.0,0.0,0.0,0.0,0.0,0.0,0.0,0.0,0.0,0.0,0.0,0.0,0.0,0.0,0.0,0.0,0.0,0.0,0.0,0.0,45.0,0.0,21580.0,0.0,0.0,501,Neave,Newcastle,Sean,599303,,4,4,Sean_Neave,7,Aston Villa,4,Newcastle,FWD,15
517,674.0,2.0,2.0,0.0,False,2025-08-16T11:30:00Z,0.0,0.0,1.0,False,0.0,0.0,0.0,0.0,0.0,0.0,0.0,0.0,0.0,0.0,0.0,0.0,0.0,0.0,0.0,0.0,0.0,0.0,0.0,0.0,0.0,0.0,0.0,0.0,0.0,0.0,50.0,0.0,84769.0,0.0,0.0,674,Ramsdale,Newcastle,Aaron,225321,,1,4,Aaron_Ramsdale,7,Aston Villa,4,Newcastle,GKP,15
518,684.0,2.0,2.0,0.0,False,2025-08-16T11:30:00Z,0.0,0.0,1.0,False,0.0,0.0,0.0,0.0,0.0,0.0,0.0,0.0,0.0,0.0,0.0,0.0,0.0,0.0,0.0,0.0,0.0,0.0,0.0,0.0,0.0,0.0,0.0,0.0,0.0,0.0,50.0,0.0,15050.0,0.0,0.0,684,Thiaw,Newcastle,Malick,465642,,2,4,Malick_Thiaw,7,Aston Villa,4,Newcastle,DEF,15
519,689.0,2.0,2.0,0.0,False,2025-08-16T11:30:00Z,0.0,0.0,1.0,False,0.0,0.0,0.0,0.0,0.0,0.0,0.0,0.0,0.0,0.0,0.0,0.0,0.0,0.0,0.0,0.0,0.0,0.0,0.0,0.0,0.0,0.0,0.0,0.0,0.0,0.0,45.0,0.0,0.0,0.0,0.0,689,Park,Newcastle,Seung-Soo,623110,,3,4,Seung-Soo_Park,7,Aston Villa,4,Newcastle,MID,15
520,426.0,7.0,20.0,0.0,False,2025-08-16T16:30:00Z,0.0,4.0,1.0,False,0.0,0.0,0.0,0.0,0.0,0.0,0.0,0.0,0.0,0.0,0.0,0.0,0.0,0.0,0.0,0.0,0.0,0.0,0.0,0.0,0.0,0.0,0.0,0.0,0.0,0.0,55.0,0.0,15888.0,0.0,0.0,426,McAtee,Nott'm Forest,James,432714,,3,17,James_McAtee,39,Wolves,17,Nott'm Forest,MID,16
521,502.0,4.0,5.0,2.0,True,2025-08-17T13:00:00Z,3.0,1.0,1.0,False,90.0,0.0,0.0,0.0,1.0,0.0,0.0,0.0,0.0,0.0,2.0,0.0,9.0,14.6,0.0,0.0,1.5,0.0,7.0,0.0,0.0,1.0,0.0,0.0,0.0,1.5,50.0,0.0,2023172.0,0.0,0.0,502,Sels,Nott'm Forest,Matz,85633,,1,17,Matz_Sels,94,Brentford,17,Nott'm Forest,GKP,16
522,503.0,4.0,5.0,0.0,True,2025-08-17T13:00:00Z,3.0,1.0,1.0,False,0.0,0.0,0.0,0.0,0.0,0.0,0.0,0.0,0.0,0.0,0.0,0.0,0.0,0.0,0.0,0.0,0.0,0.0,0.0,0.0,0.0,0.0,0.0,0.0,0.0,0.0,40.0,0.0,20956.0,0.0,0.0,503,dos Santos Pereira,Nott'm Forest,Carlos Miguel,475123,,1,17,Carlos Miguel_dos Santos Pereira,94,Brentford,17,Nott'm Forest,GKP,16
523,504.0,4.0,5.0,0.0,True,2025-08-17T13:00:00Z,3.0,1.0,1.0,False,0.0,0.0,0.0,0.0,0.0,0.0,0.0,0.0,0.0,0.0,0.0,0.0,0.0,0.0,0.0,0.0,0.0,0.0,0.0,0.0,0.0,0.0,0.0,0.0,0.0,0.0,40.0,0.0,25695.0,0.0,0.0,504,Turner,Nott'm Forest,Matt,224068,Has joined Lyon permanently.,1,17,Matt_Turner,94,Brentford,17,Nott'm Forest,GKP,16
524,505.0,4.0,5.0,2.0,True,2025-08-17T13:00:00Z,3.0,1.0,1.0,False,90.0,0.0,0.0,0.0,1.0,0.0,0.0,0.0,0.0,0.0,0.0,0.0,5.0,17.2,0.5,0.0,1.8,7.0,2.0,1.0,8.0,1.0,0.0,0.0,0.0,1.5,55.0,0.0,1001005.0,0.0,0.0,505,Milenković,Nott'm Forest,Nikola,227444,,2,17,Nikola_Milenković,94,Brentford,17,Nott'm Forest,DEF,16
525,506.0,4.0,5.0,2.0,True,2025-08-17T13:00:00Z,3.0,1.0,1.0,False,90.0,0.0,0.0,0.0,1.0,0.0,0.0,0.0,0.0,0.0,0.0,0.0,12.0,11.8,1.6,0.0,1.3,5.0,6.0,0.0,5.0,1.0,0.0,0.02,0.02,1.5,55.0,0.0,686137.0,0.0,0.0,506,Costa dos Santos,Nott'm Forest,Murillo,575476,,2,17,Murillo_Costa dos Santos,94,Brentford,17,Nott'm Forest,DEF,16
526,507.0,4.0,5.0,4.0,True,2025-08-17T13:00:00Z,3.0,1.0,1.0,False,90.0,0.0,0.0,0.0,1.0,0.0,0.0,0.0,0.0,0.0,0.0,0.0,15.0,27.2,16.1,2.0,4.5,9.0,8.0,3.0,12.0,1.0,0.0,0.04,0.04,1.5,50.0,0.0,1453394.0,0.0,0.0,507,Aina,Nott'm Forest,Ola,159506,,2,17,Ola_Aina,94,Brentford,17,Nott'm Forest,DEF,16
527,508.0,4.0,5.0,1.0,True,2025-08-17T13:00:00Z,3.0,1.0,1.0,False,90.0,0.0,0.0,0.0,1.0,0.0,0.0,0.0,1.0,0.0,0.0,0.0,10.0,19.0,28.8,2.0,5.0,4.0,2.0,2.0,6.0,1.0,0.0,0.09,0.09,1.5,50.0,0.0,1038264.0,0.0,0.0,508,Williams,Nott'm Forest,Neco,215136,,2,17,Neco_Williams,94,Brentford,17,Nott'm Forest,DEF,16
528,509.0,4.0,5.0,0.0,True,2025-08-17T13:00:00Z,3.0,1.0,1.0,False,0.0,0.0,0.0,0.0,0.0,0.0,0.0,0.0,0.0,0.0,0.0,0.0,0.0,0.0,0.0,0.0,0.0,0.0,0.0,0.0,0.0,0.0,0.0,0.0,0.0,0.0,45.0,0.0,4405.0,0.0,0.0,509,Mota Veiga Teixeira do Carmo,Nott'm Forest,David,451432,,2,17,David_Mota Veiga Teixeira do Carmo,94,Brentford,17,Nott'm Forest,DEF,16
529,510.0,4.0,5.0,0.0,True,2025-08-17T13:00:00Z,3.0,1.0,1.0,False,0.0,0.0,0.0,0.0,0.0,0.0,0.0,0.0,0.0,0.0,0.0,0.0,0.0,0.0,0.0,0.0,0.0,0.0,0.0,0.0,0.0,0.0,0.0,0.0,0.0,0.0,45.0,0.0,7673.0,0.0,0.0,510,Paula da Cunha Filho,Nott'm Forest,Jair,575458,,2,17,Jair_Paula da Cunha Filho,94,Brentford,17,Nott'm Forest,DEF,16
530,511.0,4.0,5.0,0.0,True,2025-08-17T13:00:00Z,3.0,1.0,1.0,False,0.0,0.0,0.0,0.0,0.0,0.0,0.0,0.0,0.0,0.0,0.0,0.0,0.0,0.0,0.0,0.0,0.0,0.0,0.0,0.0,0.0,0.0,0.0,0.0,0.0,0.0,45.0,0.0,9134.0,0.0,0.0,511,Rodrigues da Silva,Nott'm Forest,Felipe,485047,,2,17,Felipe_Rodrigues da Silva,94,Brentford,17,Nott'm Forest,DEF,16
531,512.0,4.0,5.0,0.0,True,2025-08-17T13:00:00Z,3.0,1.0,1.0,False,0.0,0.0,0.0,0.0,0.0,0.0,0.0,0.0,0.0,0.0,0.0,0.0,0.0,0.0,0.0,0.0,0.0,0.0,0.0,0.0,0.0,0.0,0.0,0.0,0.0,0.0,45.0,0.0,4215.0,0.0,0.0,512,Richards,Nott'm Forest,Omar,204822,,2,17,Omar_Richards,94,Brentford,17,Nott'm Forest,DEF,16
532,513.0,4.0,5.0,0.0,True,2025-08-17T13:00:00Z,3.0,1.0,1.0,False,0.0,0.0,0.0,0.0,0.0,0.0,0.0,0.0,0.0,0.0,0.0,0.0,0.0,0.0,0.0,0.0,0.0,0.0,0.0,0.0,0.0,0.0,0.0,0.0,0.0,0.0,40.0,0.0,18923.0,0.0,0.0,513,Abbott,Nott'm Forest,Zach,549067,,2,17,Zach_Abbott,94,Brentford,17,Nott'm Forest,DEF,16
533,514.0,4.0,5.0,0.0,True,2025-08-17T13:00:00Z,3.0,1.0,1.0,False,0.0,0.0,0.0,0.0,0.0,0.0,0.0,0.0,0.0,0.0,0.0,0.0,0.0,0.0,0.0,0.0,0.0,0.0,0.0,0.0,0.0,0.0,0.0,0.0,0.0,0.0,40.0,0.0,49986.0,0.0,0.0,514,Boly,Nott'm Forest,Willy,90585,,2,17,Willy_Boly,94,Brentford,17,Nott'm Forest,DEF,16
534,515.0,4.0,5.0,5.0,True,2025-08-17T13:00:00Z,3.0,1.0,1.0,False,83.0,0.0,1.0,0.0,1.0,0.0,0.0,0.0,0.0,0.0,0.0,0.0,23.0,28.8,51.8,15.0,9.6,1.0,2.0,1.0,4.0,1.0,0.38,0.28,0.66,1.5,75.0,0.0,500210.0,0.0,0.0,515,Gibbs-White,Nott'm Forest,Morgan,222531,,3,17,Morgan_Gibbs-White,94,Brentford,17,Nott'm Forest,MID,16
535,516.0,4.0,5.0,2.0,True,2025-08-17T13:00:00Z,3.0,1.0,1.0,False,90.0,0.0,0.0,0.0,1.0,0.0,0.0,0.0,0.0,0.0,0.0,0.0,20.0,11.8,32.3,9.0,5.3,0.0,0.0,0.0,0.0,1.0,0.02,0.24,0.26,1.5,60.0,0.0,118869.0,0.0,0.0,516,Hudson-Odoi,Nott'm Forest,Callum,209046,,3,17,Callum_Hudson-Odoi,94,Brentford,17,Nott'm Forest,MID,16
536,517.0,4.0,5.0,6.0,True,2025-08-17T13:00:00Z,3.0,1.0,1.0,False,90.0,0.0,1.0,0.0,1.0,0.0,0.0,0.0,0.0,0.0,0.0,1.0,24.0,28.6,21.3,20.0,7.0,1.0,8.0,2.0,11.0,1.0,0.39,0.28,0.67,1.5,55.0,0.0,664673.0,0.0,0.0,517,Anderson,Nott'm Forest,Elliot,215379,,3,17,Elliot_Anderson,94,Brentford,17,Nott'm Forest,MID,16
537,518.0,4.0,5.0,1.0,True,2025-08-17T13:00:00Z,3.0,1.0,1.0,False,11.0,0.0,0.0,0.0,0.0,0.0,0.0,0.0,0.0,0.0,0.0,0.0,6.0,5.0,0.5,4.0,1.0,1.0,0.0,2.0,3.0,0.0,0.0,0.0,0.0,0.0,55.0,0.0,8787.0,0.0,0.0,518,Ferreira da Silva,Nott'm Forest,João Pedro,510500,,3,17,João Pedro_Ferreira da Silva,94,Brentford,17,Nott'm Forest,MID,16
538,519.0,4.0,5.0,0.0,True,2025-08-17T13:00:00Z,3.0,1.0,1.0,False,0.0,0.0,0.0,0.0,0.0,0.0,0.0,0.0,0.0,0.0,0.0,0.0,0.0,0.0,0.0,0.0,0.0,0.0,0.0,0.0,0.0,0.0,0.0,0.0,0.0,0.0,50.0,0.0,175.0,0.0,0.0,519,Domínguez,Nott'm Forest,Nicolás,250199,Knee injury - Expected back 04 Oct,3,17,Nicolás_Domínguez,94,Brentford,17,Nott'm Forest,MID,16
539,520.0,4.0,5.0,0.0,True,2025-08-17T13:00:00Z,3.0,1.0,1.0,False,0.0,0.0,0.0,0.0,0.0,0.0,0.0,0.0,0.0,0.0,0.0,0.0,0.0,0.0,0.0,0.0,0.0,0.0,0.0,0.0,0.0,0.0,0.0,0.0,0.0,0.0,50.0,0.0,219.0,0.0,0.0,520,O'Brien,Nott'm Forest,Lewis,243345,Has joined Wrexham permanently.,3,17,Lewis_O'Brien,94,Brentford,17,Nott'm Forest,MID,16
540,521.0,4.0,5.0,2.0,True,2025-08-17T13:00:00Z,3.0,1.0,1.0,False,90.0,0.0,0.0,0.0,1.0,0.0,0.0,0.0,0.0,0.0,0.0,0.0,11.0,1.4,4.2,1.0,0.7,5.0,4.0,1.0,10.0,1.0,0.02,0.01,0.03,1.5,50.0,0.0,4944.0,0.0,0.0,521,Sangaré,Nott'm Forest,Ibrahim,210462,,3,17,Ibrahim_Sangaré,94,Brentford,17,Nott'm Forest,MID,16
541,522.0,4.0,5.0,1.0,True,2025-08-17T13:00:00Z,3.0,1.0,1.0,False,6.0,0.0,0.0,0.0,0.0,0.0,0.0,0.0,0.0,0.0,0.0,0.0,7.0,4.6,1.6,2.0,0.8,2.0,3.0,0.0,5.0,0.0,0.0,0.01,0.01,0.0,50.0,0.0,13051.0,0.0,0.0,522,Yates,Nott'm Forest,Ryan,204968,,3,17,Ryan_Yates,94,Brentford,17,Nott'm Forest,MID,16
542,523.0,4.0,5.0,0.0,True,2025-08-17T13:00:00Z,3.0,1.0,1.0,False,0.0,0.0,0.0,0.0,0.0,0.0,0.0,0.0,0.0,0.0,0.0,0.0,0.0,0.0,0.0,0.0,0.0,0.0,0.0,0.0,0.0,0.0,0.0,0.0,0.0,0.0,45.0,0.0,16761.0,0.0,0.0,523,da Silva Moreira,Nott'm Forest,Eric,569014,,3,17,Eric_da Silva Moreira,94,Brentford,17,Nott'm Forest,MID,16
543,524.0,4.0,5.0,0.0,True,2025-08-17T13:00:00Z,3.0,1.0,1.0,False,0.0,0.0,0.0,0.0,0.0,0.0,0.0,0.0,0.0,0.0,0.0,0.0,0.0,0.0,0.0,0.0,0.0,0.0,0.0,0.0,0.0,0.0,0.0,0.0,0.0,0.0,45.0,0.0,6596.0,0.0,0.0,524,Stamenić,Nott'm Forest,Marko,495161,,3,17,Marko_Stamenić,94,Brentford,17,Nott'm Forest,MID,16
544,525.0,4.0,5.0,13.0,True,2025-08-17T13:00:00Z,3.0,1.0,1.0,False,78.0,2.0,0.0,0.0,1.0,0.0,0.0,0.0,0.0,0.0,0.0,3.0,58.0,66.2,4.3,54.0,12.5,0.0,2.0,0.0,2.0,1.0,0.95,0.01,0.96,1.5,75.0,0.0,1261678.0,0.0,0.0,525,Wood,Nott'm Forest,Chris,60689,,4,17,Chris_Wood,94,Brentford,17,Nott'm Forest,FWD,16
545,526.0,4.0,5.0,1.0,True,2025-08-17T13:00:00Z,3.0,1.0,1.0,False,11.0,0.0,0.0,0.0,0.0,0.0,0.0,0.0,0.0,0.0,0.0,0.0,2.0,1.0,1.5,2.0,0.5,1.0,0.0,0.0,1.0,0.0,0.0,0.0,0.0,0.0,60.0,0.0,76886.0,0.0,0.0,526,Maciel da Cruz,Nott'm Forest,Igor Jesus,482973,,4,17,Igor Jesus_Maciel da Cruz,94,Brentford,17,Nott'm Forest,FWD,16
546,527.0,4.0,5.0,0.0,True,2025-08-17T13:00:00Z,3.0,1.0,1.0,False,0.0,0.0,0.0,0.0,0.0,0.0,0.0,0.0,0.0,0.0,0.0,0.0,0.0,0.0,0.0,0.0,0.0,0.0,0.0,0.0,0.0,0.0,0.0,0.0,0.0,0.0,55.0,0.0,74110.0,0.0,0.0,527,Awoniyi,Nott'm Forest,Taiwo,210156,,4,17,Taiwo_Awoniyi,94,Brentford,17,Nott'm Forest,FWD,16
547,669.0,4.0,5.0,9.0,True,2025-08-17T13:00:00Z,3.0,1.0,1.0,False,78.0,1.0,0.0,0.0,1.0,0.0,0.0,0.0,0.0,0.0,0.0,2.0,29.0,32.2,0.8,27.0,6.0,0.0,3.0,0.0,3.0,1.0,0.1,0.01,0.11,1.5,60.0,0.0,27774.0,0.0,0.0,669,Ndoye,Nott'm Forest,Dan,456512,,3,17,Dan_Ndoye,94,Brentford,17,Nott'm Forest,MID,16
548,675.0,4.0,5.0,0.0,True,2025-08-17T13:00:00Z,3.0,1.0,1.0,False,0.0,0.0,0.0,0.0,0.0,0.0,0.0,0.0,0.0,0.0,0.0,0.0,0.0,0.0,0.0,0.0,0.0,0.0,0.0,0.0,0.0,0.0,0.0,0.0,0.0,0.0,40.0,0.0,167619.0,0.0,0.0,675,Gunn,Nott'm Forest,Angus,107265,,1,17,Angus_Gunn,94,Brentford,17,Nott'm Forest,GKP,16
549,252.0,5.0,19.0,0.0,True,2025-08-16T14:00:00Z,3.0,0.0,1.0,False,0.0,0.0,0.0,0.0,0.0,0.0,0.0,0.0,0.0,0.0,0.0,0.0,0.0,0.0,0.0,0.0,0.0,0.0,0.0,0.0,0.0,0.0,0.0,0.0,0.0,0.0,45.0,0.0,1988465.0,0.0,0.0,252,Guiu Paz,Sunderland,Marc,499309,,4,56,Marc_Guiu Paz,21,West Ham,56,Sunderland,FWD,17
550,528.0,5.0,19.0,0.0,True,2025-08-16T14:00:00Z,3.0,0.0,1.0,False,0.0,0.0,0.0,0.0,0.0,0.0,0.0,0.0,0.0,0.0,0.0,0.0,0.0,0.0,0.0,0.0,0.0,0.0,0.0,0.0,0.0,0.0,0.0,0.0,0.0,0.0,45.0,0.0,32612.0,0.0,0.0,528,Patterson,Sunderland,Anthony,232571,,1,56,Anthony_Patterson,21,West Ham,56,Sunderland,GKP,17
551,529.0,5.0,19.0,0.0,True,2025-08-16T14:00:00Z,3.0,0.0,1.0,False,0.0,0.0,0.0,0.0,0.0,0.0,0.0,0.0,0.0,0.0,0.0,0.0,0.0,0.0,0.0,0.0,0.0,0.0,0.0,0.0,0.0,0.0,0.0,0.0,0.0,0.0,40.0,0.0,47851.0,0.0,0.0,529,Moore,Sunderland,Simon,74854,,1,56,Simon_Moore,21,West Ham,56,Sunderland,GKP,17
552,530.0,5.0,19.0,0.0,True,2025-08-16T14:00:00Z,3.0,0.0,1.0,False,0.0,0.0,0.0,0.0,0.0,0.0,0.0,0.0,0.0,0.0,0.0,0.0,0.0,0.0,0.0,0.0,0.0,0.0,0.0,0.0,0.0,0.0,0.0,0.0,0.0,0.0,40.0,0.0,14855.0,0.0,0.0,530,Nna Noukeu,Sunderland,Blondy,490000,,1,56,Blondy_Nna Noukeu,21,West Ham,56,Sunderland,GKP,17
553,531.0,5.0,19.0,17.0,True,2025-08-16T14:00:00Z,3.0,0.0,1.0,False,90.0,1.0,0.0,1.0,0.0,0.0,0.0,0.0,0.0,0.0,0.0,3.0,53.0,69.6,0.5,64.0,13.4,13.0,4.0,1.0,14.0,1.0,0.18,0.01,0.19,0.56,45.0,0.0,20153.0,0.0,0.0,531,Ballard,Sunderland,Daniel,223827,,2,56,Daniel_Ballard,21,West Ham,56,Sunderland,DEF,17
554,532.0,5.0,19.0,6.0,True,2025-08-16T14:00:00Z,3.0,0.0,1.0,False,90.0,0.0,0.0,1.0,0.0,0.0,0.0,0.0,0.0,0.0,0.0,0.0,27.0,15.2,15.8,2.0,3.3,4.0,3.0,2.0,6.0,1.0,0.0,0.09,0.09,0.56,45.0,0.0,18175.0,0.0,0.0,532,Hume,Sunderland,Trai,487676,,2,56,Trai_Hume,21,West Ham,56,Sunderland,DEF,17
555,533.0,5.0,19.0,0.0,True,2025-08-16T14:00:00Z,3.0,0.0,1.0,False,0.0,0.0,0.0,0.0,0.0,0.0,0.0,0.0,0.0,0.0,0.0,0.0,0.0,0.0,0.0,0.0,0.0,0.0,0.0,0.0,0.0,0.0,0.0,0.0,0.0,0.0,40.0,0.0,494.0,0.0,0.0,533,Alese,Sunderland,Aji,220684,Shoulder injury - Expected back 13 Sep,2,56,Aji_Alese,21,West Ham,56,Sunderland,DEF,17
556,534.0,5.0,19.0,0.0,True,2025-08-16T14:00:00Z,3.0,0.0,1.0,False,0.0,0.0,0.0,0.0,0.0,0.0,0.0,0.0,0.0,0.0,0.0,0.0,0.0,0.0,0.0,0.0,0.0,0.0,0.0,0.0,0.0,0.0,0.0,0.0,0.0,0.0,40.0,0.0,46797.0,0.0,0.0,534,Anderson,Sunderland,Joe,232820,,2,56,Joe_Anderson,21,West Ham,56,Sunderland,DEF,17
557,535.0,5.0,19.0,0.0,True,2025-08-16T14:00:00Z,3.0,0.0,1.0,False,0.0,0.0,0.0,0.0,0.0,0.0,0.0,0.0,0.0,0.0,0.0,0.0,0.0,0.0,0.0,0.0,0.0,0.0,0.0,0.0,0.0,0.0,0.0,0.0,0.0,0.0,40.0,0.0,3057.0,0.0,0.0,535,Cirkin,Sunderland,Dennis,461195,Wrist Injury - Expected back 13 Sep,2,56,Dennis_Cirkin,21,West Ham,56,Sunderland,DEF,17
558,536.0,5.0,19.0,0.0,True,2025-08-16T14:00:00Z,3.0,0.0,1.0,False,0.0,0.0,0.0,0.0,0.0,0.0,0.0,0.0,0.0,0.0,0.0,0.0,0.0,0.0,0.0,0.0,0.0,0.0,0.0,0.0,0.0,0.0,0.0,0.0,0.0,0.0,40.0,0.0,545.0,0.0,0.0,536,Hjelde,Sunderland,Leo Fuhr,477547,Achilles injury - Expected back 13 Sep,2,56,Leo Fuhr_Hjelde,21,West Ham,56,Sunderland,DEF,17
559,537.0,5.0,19.0,0.0,True,2025-08-16T14:00:00Z,3.0,0.0,1.0,False,0.0,0.0,0.0,0.0,0.0,0.0,0.0,0.0,0.0,0.0,0.0,0.0,0.0,0.0,0.0,0.0,0.0,0.0,0.0,0.0,0.0,0.0,0.0,0.0,0.0,0.0,40.0,0.0,18481.0,0.0,0.0,537,Huggins,Sunderland,Niall,492066,,2,56,Niall_Huggins,21,West Ham,56,Sunderland,DEF,17
560,538.0,5.0,19.0,0.0,True,2025-08-16T14:00:00Z,3.0,0.0,1.0,False,0.0,0.0,0.0,0.0,0.0,0.0,0.0,0.0,0.0,0.0,0.0,0.0,0.0,0.0,0.0,0.0,0.0,0.0,0.0,0.0,0.0,0.0,0.0,0.0,0.0,0.0,40.0,0.0,21619.0,0.0,0.0,538,Johnson,Sunderland,Zak,514613,,2,56,Zak_Johnson,21,West Ham,56,Sunderland,DEF,17
561,539.0,5.0,19.0,0.0,True,2025-08-16T14:00:00Z,3.0,0.0,1.0,False,0.0,0.0,0.0,0.0,0.0,0.0,0.0,0.0,0.0,0.0,0.0,0.0,0.0,0.0,0.0,0.0,0.0,0.0,0.0,0.0,0.0,0.0,0.0,0.0,0.0,0.0,40.0,0.0,2672.0,0.0,0.0,539,O'Nien,Sunderland,Luke,167512,Shoulder injury - Expected back 13 Sep,2,56,Luke_O'Nien,21,West Ham,56,Sunderland,DEF,17
562,540.0,5.0,19.0,0.0,True,2025-08-16T14:00:00Z,3.0,0.0,1.0,False,0.0,0.0,0.0,0.0,0.0,0.0,0.0,0.0,0.0,0.0,0.0,0.0,0.0,0.0,0.0,0.0,0.0,0.0,0.0,0.0,0.0,0.0,0.0,0.0,0.0,0.0,40.0,0.0,18421.0,0.0,0.0,540,Pembélé,Sunderland,Timothée,465702,,2,56,Timothée_Pembélé,21,West Ham,56,Sunderland,DEF,17
563,541.0,5.0,19.0,6.0,True,2025-08-16T14:00:00Z,3.0,0.0,1.0,False,90.0,0.0,0.0,1.0,0.0,0.0,0.0,0.0,0.0,0.0,0.0,0.0,27.0,13.6,2.5,0.0,1.6,6.0,3.0,2.0,8.0,1.0,0.0,0.0,0.0,0.56,40.0,0.0,677026.0,0.0,0.0,541,Mandava,Sunderland,Reinildo,434399,,2,56,Reinildo_Mandava,21,West Ham,56,Sunderland,DEF,17
564,542.0,5.0,19.0,1.0,True,2025-08-16T14:00:00Z,3.0,0.0,1.0,False,52.0,0.0,0.0,0.0,0.0,0.0,0.0,0.0,0.0,0.0,0.0,0.0,6.0,15.2,0.6,0.0,1.6,4.0,4.0,2.0,6.0,1.0,0.0,0.0,0.0,0.33,40.0,0.0,27741.0,0.0,0.0,542,Seelt,Sunderland,Jenson,519634,Knock - 75% chance of playing,2,56,Jenson_Seelt,21,West Ham,56,Sunderland,DEF,17
565,543.0,5.0,19.0,6.0,True,2025-08-16T14:00:00Z,3.0,0.0,1.0,False,75.0,0.0,1.0,1.0,0.0,0.0,0.0,0.0,0.0,0.0,0.0,0.0,8.0,0.0,14.5,6.0,2.0,0.0,2.0,1.0,3.0,1.0,0.14,0.02,0.16,0.33,55.0,0.0,153075.0,0.0,0.0,543,Adingra,Sunderland,Simon,535818,,3,56,Simon_Adingra,21,West Ham,56,Sunderland,MID,17
566,544.0,5.0,19.0,3.0,True,2025-08-16T14:00:00Z,3.0,0.0,1.0,False,90.0,0.0,0.0,1.0,0.0,0.0,0.0,0.0,0.0,0.0,0.0,0.0,4.0,7.0,2.8,20.0,3.0,2.0,3.0,1.0,6.0,1.0,0.23,0.01,0.24,0.56,55.0,0.0,10094.0,0.0,0.0,544,Diarra,Sunderland,Habib,547027,,3,56,Habib_Diarra,21,West Ham,56,Sunderland,MID,17
567,545.0,5.0,19.0,0.0,True,2025-08-16T14:00:00Z,3.0,0.0,1.0,False,0.0,0.0,0.0,0.0,0.0,0.0,0.0,0.0,0.0,0.0,0.0,0.0,0.0,0.0,0.0,0.0,0.0,0.0,0.0,0.0,0.0,0.0,0.0,0.0,0.0,0.0,55.0,0.0,3966.0,0.0,0.0,545,Roberts,Sunderland,Patrick,124165,,3,56,Patrick_Roberts,21,West Ham,56,Sunderland,MID,17
568,546.0,5.0,19.0,0.0,True,2025-08-16T14:00:00Z,3.0,0.0,1.0,False,0.0,0.0,0.0,0.0,0.0,0.0,0.0,0.0,0.0,0.0,0.0,0.0,0.0,0.0,0.0,0.0,0.0,0.0,0.0,0.0,0.0,0.0,0.0,0.0,0.0,0.0,50.0,0.0,3560.0,0.0,0.0,546,Aleksić,Sunderland,Milan,626844,,3,56,Milan_Aleksić,21,West Ham,56,Sunderland,MID,17
569,547.0,5.0,19.0,1.0,True,2025-08-16T14:00:00Z,3.0,0.0,1.0,False,14.0,0.0,0.0,0.0,0.0,0.0,0.0,0.0,0.0,0.0,0.0,0.0,4.0,3.2,0.3,0.0,0.4,2.0,2.0,0.0,4.0,0.0,0.0,0.0,0.0,0.23,50.0,0.0,38041.0,0.0,0.0,547,Le Fée,Sunderland,Enzo,484420,,3,56,Enzo_Le Fée,21,West Ham,56,Sunderland,MID,17
570,548.0,5.0,19.0,0.0,True,2025-08-16T14:00:00Z,3.0,0.0,1.0,False,0.0,0.0,0.0,0.0,0.0,0.0,0.0,0.0,0.0,0.0,0.0,0.0,0.0,0.0,0.0,0.0,0.0,0.0,0.0,0.0,0.0,0.0,0.0,0.0,0.0,0.0,50.0,0.0,1023.0,0.0,0.0,548,Mundle,Sunderland,Romaine,461199,Hamstring injury - Expected back 18 Oct,3,56,Romaine_Mundle,21,West Ham,56,Sunderland,MID,17
571,549.0,5.0,19.0,0.0,True,2025-08-16T14:00:00Z,3.0,0.0,1.0,False,0.0,0.0,0.0,0.0,0.0,0.0,0.0,0.0,0.0,0.0,0.0,0.0,0.0,0.0,0.0,0.0,0.0,0.0,0.0,0.0,0.0,0.0,0.0,0.0,0.0,0.0,50.0,0.0,3600.0,0.0,0.0,549,Neil,Sunderland,Dan,223336,,3,56,Dan_Neil,21,West Ham,56,Sunderland,MID,17
572,550.0,5.0,19.0,0.0,True,2025-08-16T14:00:00Z,3.0,0.0,1.0,False,0.0,0.0,0.0,0.0,0.0,0.0,0.0,0.0,0.0,0.0,0.0,0.0,0.0,0.0,0.0,0.0,0.0,0.0,0.0,0.0,0.0,0.0,0.0,0.0,0.0,0.0,50.0,0.0,2515.0,0.0,0.0,550,Poveda-Ocampo,Sunderland,Ian,215460,,3,56,Ian_Poveda-Ocampo,21,West Ham,56,Sunderland,MID,17
573,551.0,5.0,19.0,1.0,True,2025-08-16T14:00:00Z,3.0,0.0,1.0,False,1.0,0.0,0.0,0.0,0.0,0.0,0.0,0.0,0.0,0.0,0.0,0.0,3.0,0.0,0.0,0.0,0.0,0.0,0.0,0.0,0.0,0.0,0.0,0.0,0.0,0.03,50.0,0.0,6137.0,0.0,0.0,551,Rigg,Sunderland,Chris,554197,,3,56,Chris_Rigg,21,West Ham,56,Sunderland,MID,17
574,552.0,5.0,19.0,3.0,True,2025-08-16T14:00:00Z,3.0,0.0,1.0,False,90.0,0.0,0.0,1.0,0.0,0.0,0.0,0.0,0.0,0.0,0.0,0.0,6.0,11.0,3.8,0.0,1.5,5.0,2.0,2.0,9.0,1.0,0.0,0.01,0.01,0.56,50.0,0.0,3593.0,0.0,0.0,552,Sadiki,Sunderland,Noah,577669,,3,56,Noah_Sadiki,21,West Ham,56,Sunderland,MID,17
575,553.0,5.0,19.0,6.0,True,2025-08-16T14:00:00Z,3.0,0.0,1.0,False,90.0,0.0,1.0,1.0,0.0,0.0,0.0,0.0,0.0,0.0,0.0,0.0,17.0,20.8,18.4,2.0,4.1,0.0,1.0,1.0,2.0,1.0,0.0,0.01,0.01,0.53,50.0,0.0,12617.0,0.0,0.0,553,Talbi,Sunderland,Chemsdine,549912,,3,56,Chemsdine_Talbi,21,West Ham,56,Sunderland,MID,17
576,554.0,5.0,19.0,0.0,True,2025-08-16T14:00:00Z,3.0,0.0,1.0,False,0.0,0.0,0.0,0.0,0.0,0.0,0.0,0.0,0.0,0.0,0.0,0.0,0.0,0.0,0.0,0.0,0.0,0.0,0.0,0.0,0.0,0.0,0.0,0.0,0.0,0.0,45.0,0.0,26616.0,0.0,0.0,554,Ba,Sunderland,Abdoullah,477851,,3,56,Abdoullah_Ba,21,West Ham,56,Sunderland,MID,17
577,555.0,5.0,19.0,0.0,True,2025-08-16T14:00:00Z,3.0,0.0,1.0,False,0.0,0.0,0.0,0.0,0.0,0.0,0.0,0.0,0.0,0.0,0.0,0.0,0.0,0.0,0.0,0.0,0.0,0.0,0.0,0.0,0.0,0.0,0.0,0.0,0.0,0.0,45.0,0.0,9691.0,0.0,0.0,555,Browne,Sunderland,Alan,171422,,3,56,Alan_Browne,21,West Ham,56,Sunderland,MID,17
578,556.0,5.0,19.0,0.0,True,2025-08-16T14:00:00Z,3.0,0.0,1.0,False,0.0,0.0,0.0,0.0,0.0,0.0,0.0,0.0,0.0,0.0,0.0,0.0,0.0,0.0,0.0,0.0,0.0,0.0,0.0,0.0,0.0,0.0,0.0,0.0,0.0,0.0,45.0,0.0,2435.0,0.0,0.0,556,Ekwah Elimby,Sunderland,Pierre,458297,Has joined AS Saint-Etienne permanently.,3,56,Pierre_Ekwah Elimby,21,West Ham,56,Sunderland,MID,17
579,557.0,5.0,19.0,0.0,True,2025-08-16T14:00:00Z,3.0,0.0,1.0,False,0.0,0.0,0.0,0.0,0.0,0.0,0.0,0.0,0.0,0.0,0.0,0.0,0.0,0.0,0.0,0.0,0.0,0.0,0.0,0.0,0.0,0.0,0.0,0.0,0.0,0.0,45.0,0.0,6320.0,0.0,0.0,557,Jones,Sunderland,Harrison,547410,,3,56,Harrison_Jones,21,West Ham,56,Sunderland,MID,17
580,558.0,5.0,19.0,0.0,True,2025-08-16T14:00:00Z,3.0,0.0,1.0,False,0.0,0.0,0.0,0.0,0.0,0.0,0.0,0.0,0.0,0.0,0.0,0.0,0.0,0.0,0.0,0.0,0.0,0.0,0.0,0.0,0.0,0.0,0.0,0.0,0.0,0.0,45.0,0.0,25749.0,0.0,0.0,558,Matete,Sunderland,Jay,493837,,3,56,Jay_Matete,21,West Ham,56,Sunderland,MID,17
581,559.0,5.0,19.0,0.0,True,2025-08-16T14:00:00Z,3.0,0.0,1.0,False,0.0,0.0,0.0,0.0,0.0,0.0,0.0,0.0,0.0,0.0,0.0,0.0,0.0,0.0,0.0,0.0,0.0,0.0,0.0,0.0,0.0,0.0,0.0,0.0,0.0,0.0,45.0,0.0,7443.0,0.0,0.0,559,Triantis,Sunderland,Nectarios,500696,,3,56,Nectarios_Triantis,21,West Ham,56,Sunderland,MID,17
582,560.0,5.0,19.0,5.0,True,2025-08-16T14:00:00Z,3.0,0.0,1.0,False,14.0,1.0,0.0,0.0,0.0,0.0,0.0,0.0,0.0,0.0,0.0,0.0,29.0,34.2,0.1,17.0,5.1,1.0,1.0,0.0,2.0,0.0,0.04,0.0,0.04,0.23,55.0,0.0,21380.0,0.0,0.0,560,Isidor,Sunderland,Wilson,437505,,4,56,Wilson_Isidor,21,West Ham,56,Sunderland,FWD,17
583,561.0,5.0,19.0,8.0,True,2025-08-16T14:00:00Z,3.0,0.0,1.0,False,75.0,1.0,0.0,1.0,0.0,0.0,0.0,0.0,0.0,0.0,0.0,2.0,37.0,34.0,11.3,26.0,7.1,0.0,0.0,0.0,0.0,1.0,0.09,0.0,0.09,0.33,55.0,0.0,27150.0,0.0,0.0,561,Mayenda Dossou,Sunderland,Eliezer,564406,,4,56,Eliezer_Mayenda Dossou,21,West Ham,56,Sunderland,FWD,17
584,562.0,5.0,19.0,0.0,True,2025-08-16T14:00:00Z,3.0,0.0,1.0,False,0.0,0.0,0.0,0.0,0.0,0.0,0.0,0.0,0.0,0.0,0.0,0.0,0.0,0.0,0.0,0.0,0.0,0.0,0.0,0.0,0.0,0.0,0.0,0.0,0.0,0.0,45.0,0.0,56286.0,0.0,0.0,562,Abdullahi,Sunderland,Ahmed,611975,,4,56,Ahmed_Abdullahi,21,West Ham,56,Sunderland,FWD,17
585,563.0,5.0,19.0,0.0,True,2025-08-16T14:00:00Z,3.0,0.0,1.0,False,0.0,0.0,0.0,0.0,0.0,0.0,0.0,0.0,0.0,0.0,0.0,0.0,0.0,0.0,0.0,0.0,0.0,0.0,0.0,0.0,0.0,0.0,0.0,0.0,0.0,0.0,45.0,0.0,17649.0,0.0,0.0,563,Silva Semedo,Sunderland,Luís Hemir,551153,,4,56,Luís Hemir_Silva Semedo,21,West Ham,56,Sunderland,FWD,17
586,564.0,5.0,19.0,0.0,True,2025-08-16T14:00:00Z,3.0,0.0,1.0,False,0.0,0.0,0.0,0.0,0.0,0.0,0.0,0.0,0.0,0.0,0.0,0.0,0.0,0.0,0.0,0.0,0.0,0.0,0.0,0.0,0.0,0.0,0.0,0.0,0.0,0.0,45.0,0.0,20278.0,0.0,0.0,564,Rusyn,Sunderland,Nazarii,440955,,4,56,Nazarii_Rusyn,21,West Ham,56,Sunderland,FWD,17
587,668.0,5.0,19.0,3.0,True,2025-08-16T14:00:00Z,3.0,0.0,1.0,False,90.0,0.0,0.0,1.0,0.0,0.0,0.0,0.0,0.0,0.0,0.0,0.0,10.0,15.4,31.8,0.0,4.7,3.0,2.0,1.0,6.0,1.0,0.0,0.04,0.04,0.56,50.0,0.0,266288.0,0.0,0.0,668,Xhaka,Sunderland,Granit,84450,,3,56,Granit_Xhaka,21,West Ham,56,Sunderland,MID,17
588,670.0,5.0,19.0,8.0,True,2025-08-16T14:00:00Z,3.0,0.0,1.0,False,90.0,0.0,0.0,1.0,0.0,0.0,0.0,0.0,0.0,0.0,4.0,1.0,31.0,30.0,0.0,0.0,3.0,3.0,10.0,0.0,0.0,1.0,0.0,0.0,0.0,0.56,45.0,0.0,18876.0,0.0,0.0,670,Roefs,Sunderland,Robin,498016,,1,56,Robin_Roefs,21,West Ham,56,Sunderland,GKP,17
589,678.0,5.0,19.0,0.0,True,2025-08-16T14:00:00Z,3.0,0.0,1.0,False,0.0,0.0,0.0,0.0,0.0,0.0,0.0,0.0,0.0,0.0,0.0,0.0,0.0,0.0,0.0,0.0,0.0,0.0,0.0,0.0,0.0,0.0,0.0,0.0,0.0,0.0,40.0,0.0,57197.0,0.0,0.0,678,Masuaku,Sunderland,Arthur,105717,,2,56,Arthur_Masuaku,21,West Ham,56,Sunderland,DEF,17
590,683.0,5.0,19.0,4.0,True,2025-08-16T14:00:00Z,3.0,0.0,1.0,False,37.0,0.0,1.0,0.0,0.0,0.0,0.0,0.0,0.0,0.0,0.0,0.0,16.0,30.0,14.4,0.0,4.4,4.0,1.0,1.0,5.0,0.0,0.0,0.12,0.12,0.23,40.0,0.0,69254.0,0.0,0.0,683,Alderete,Sunderland,Omar,201895,,2,56,Omar_Alderete,21,West Ham,56,Sunderland,DEF,17
591,565.0,6.0,3.0,9.0,True,2025-08-16T14:00:00Z,3.0,0.0,1.0,False,90.0,0.0,0.0,1.0,0.0,0.0,0.0,0.0,0.0,0.0,4.0,2.0,36.0,30.0,0.0,0.0,3.0,1.0,7.0,0.0,0.0,1.0,0.0,0.0,0.0,0.94,50.0,0.0,394152.0,0.0,0.0,565,Vicario,Spurs,Guglielmo,184254,,1,6,Guglielmo_Vicario,90,Burnley,6,Spurs,GKP,18
592,566.0,6.0,3.0,0.0,True,2025-08-16T14:00:00Z,3.0,0.0,1.0,False,0.0,0.0,0.0,0.0,0.0,0.0,0.0,0.0,0.0,0.0,0.0,0.0,0.0,0.0,0.0,0.0,0.0,0.0,0.0,0.0,0.0,0.0,0.0,0.0,0.0,0.0,40.0,0.0,28215.0,0.0,0.0,566,Austin,Spurs,Brandon,214572,,1,6,Brandon_Austin,90,Burnley,6,Spurs,GKP,18
593,567.0,6.0,3.0,0.0,True,2025-08-16T14:00:00Z,3.0,0.0,1.0,False,0.0,0.0,0.0,0.0,0.0,0.0,0.0,0.0,0.0,0.0,0.0,0.0,0.0,0.0,0.0,0.0,0.0,0.0,0.0,0.0,0.0,0.0,0.0,0.0,0.0,0.0,40.0,0.0,214302.0,0.0,0.0,567,Kinský,Spurs,Antonín,485055,,1,6,Antonín_Kinský,90,Burnley,6,Spurs,GKP,18
594,568.0,6.0,3.0,6.0,True,2025-08-16T14:00:00Z,3.0,0.0,1.0,False,90.0,0.0,0.0,1.0,0.0,0.0,0.0,0.0,0.0,0.0,0.0,0.0,26.0,21.2,42.8,1.0,6.5,2.0,4.0,2.0,4.0,1.0,0.02,0.26,0.28,0.94,55.0,0.0,2170796.0,0.0,0.0,568,Porro Sauceda,Spurs,Pedro,441164,,2,6,Pedro_Porro Sauceda,90,Burnley,6,Spurs,DEF,18
595,569.0,6.0,3.0,6.0,True,2025-08-16T14:00:00Z,3.0,0.0,1.0,False,90.0,0.0,0.0,1.0,0.0,0.0,0.0,0.0,0.0,0.0,0.0,0.0,22.0,18.0,1.4,6.0,2.5,5.0,3.0,0.0,5.0,1.0,0.0,0.02,0.02,0.94,50.0,0.0,326209.0,0.0,0.0,569,Romero,Spurs,Cristian,221632,,2,6,Cristian_Romero,90,Burnley,6,Spurs,DEF,18
596,570.0,6.0,3.0,0.0,True,2025-08-16T14:00:00Z,3.0,0.0,1.0,False,0.0,0.0,0.0,0.0,0.0,0.0,0.0,0.0,0.0,0.0,0.0,0.0,0.0,0.0,0.0,0.0,0.0,0.0,0.0,0.0,0.0,0.0,0.0,0.0,0.0,0.0,45.0,0.0,19361.0,0.0,0.0,570,Danso,Spurs,Kevin,135720,,2,6,Kevin_Danso,90,Burnley,6,Spurs,DEF,18
597,571.0,6.0,3.0,0.0,True,2025-08-16T14:00:00Z,3.0,0.0,1.0,False,0.0,0.0,0.0,0.0,0.0,0.0,0.0,0.0,0.0,0.0,0.0,0.0,0.0,0.0,0.0,0.0,0.0,0.0,0.0,0.0,0.0,0.0,0.0,0.0,0.0,0.0,45.0,0.0,8957.0,0.0,0.0,571,Davies,Spurs,Ben,115556,,2,6,Ben_Davies,90,Burnley,6,Spurs,DEF,18
598,572.0,6.0,3.0,0.0,True,2025-08-16T14:00:00Z,3.0,0.0,1.0,False,0.0,0.0,0.0,0.0,0.0,0.0,0.0,0.0,0.0,0.0,0.0,0.0,0.0,0.0,0.0,0.0,0.0,0.0,0.0,0.0,0.0,0.0,0.0,0.0,0.0,0.0,45.0,0.0,486.0,0.0,0.0,572,Drăgușin,Spurs,Radu,493125,Knee injury - Unknown return date,2,6,Radu_Drăgușin,90,Burnley,6,Spurs,DEF,18
599,573.0,6.0,3.0,6.0,True,2025-08-16T14:00:00Z,3.0,0.0,1.0,False,90.0,0.0,0.0,1.0,0.0,0.0,0.0,0.0,0.0,0.0,0.0,0.0,26.0,10.0,5.8,22.0,3.8,3.0,2.0,0.0,3.0,1.0,0.18,0.07,0.25,0.94,45.0,0.0,118905.0,0.0,0.0,573,Spence,Spurs,Djed,232859,,2,6,Djed_Spence,90,Burnley,6,Spurs,DEF,18
600,574.0,6.0,3.0,0.0,True,2025-08-16T14:00:00Z,3.0,0.0,1.0,False,0.0,0.0,0.0,0.0,0.0,0.0,0.0,0.0,0.0,0.0,0.0,0.0,0.0,0.0,0.0,0.0,0.0,0.0,0.0,0.0,0.0,0.0,0.0,0.0,0.0,0.0,45.0,0.0,87334.0,0.0,0.0,574,Udogie,Spurs,Destiny,487053,Knee injury - Unknown return date,2,6,Destiny_Udogie,90,Burnley,6,Spurs,DEF,18
601,575.0,6.0,3.0,6.0,True,2025-08-16T14:00:00Z,3.0,0.0,1.0,False,90.0,0.0,0.0,1.0,0.0,0.0,0.0,0.0,0.0,0.0,0.0,0.0,27.0,11.6,1.0,14.0,2.7,5.0,4.0,1.0,6.0,1.0,0.59,0.01,0.6,0.94,45.0,0.0,2650169.0,0.0,0.0,575,van de Ven,Spurs,Micky,491279,,2,6,Micky_van de Ven,90,Burnley,6,Spurs,DEF,18
602,576.0,6.0,3.0,0.0,True,2025-08-16T14:00:00Z,3.0,0.0,1.0,False,0.0,0.0,0.0,0.0,0.0,0.0,0.0,0.0,0.0,0.0,0.0,0.0,0.0,0.0,0.0,0.0,0.0,0.0,0.0,0.0,0.0,0.0,0.0,0.0,0.0,0.0,40.0,0.0,3401.0,0.0,0.0,576,Phillips,Spurs,Ashley,548308,Has joined Stoke City on loan for the rest of the season.,2,6,Ashley_Phillips,90,Burnley,6,Spurs,DEF,18
603,577.0,6.0,3.0,0.0,True,2025-08-16T14:00:00Z,3.0,0.0,1.0,False,0.0,0.0,0.0,0.0,0.0,0.0,0.0,0.0,0.0,0.0,0.0,0.0,0.0,0.0,0.0,0.0,0.0,0.0,0.0,0.0,0.0,0.0,0.0,0.0,0.0,0.0,40.0,0.0,12757.0,0.0,0.0,577,Kōta,Spurs,Takai,553299,Foot injury - 25% chance of playing,2,6,Takai_Kōta,90,Burnley,6,Spurs,DEF,18
604,578.0,6.0,3.0,0.0,True,2025-08-16T14:00:00Z,3.0,0.0,1.0,False,0.0,0.0,0.0,0.0,0.0,0.0,0.0,0.0,0.0,0.0,0.0,0.0,0.0,0.0,0.0,0.0,0.0,0.0,0.0,0.0,0.0,0.0,0.0,0.0,0.0,0.0,40.0,0.0,107600.0,0.0,0.0,578,Vušković,Spurs,Luka,610799,,2,6,Luka_Vušković,90,Burnley,6,Spurs,DEF,18
605,579.0,6.0,3.0,0.0,True,2025-08-16T14:00:00Z,3.0,0.0,1.0,False,0.0,0.0,0.0,0.0,0.0,0.0,0.0,0.0,0.0,0.0,0.0,0.0,0.0,0.0,0.0,0.0,0.0,0.0,0.0,0.0,0.0,0.0,0.0,0.0,0.0,0.0,85.0,0.0,40330.0,0.0,0.0,579,Heung-min,Spurs,Son,85971,Has joined Los Angeles FC permanently.,3,6,Son_Heung-min,90,Burnley,6,Spurs,MID,18
606,580.0,6.0,3.0,8.0,True,2025-08-16T14:00:00Z,3.0,0.0,1.0,False,79.0,1.0,0.0,1.0,0.0,0.0,0.0,0.0,0.0,0.0,0.0,0.0,30.0,40.4,27.1,20.0,8.8,1.0,1.0,1.0,3.0,1.0,0.5,0.06,0.56,0.94,70.0,0.0,290641.0,0.0,0.0,580,Johnson,Spurs,Brennan,242898,,3,6,Brennan_Johnson,90,Burnley,6,Spurs,MID,18
607,581.0,6.0,3.0,0.0,True,2025-08-16T14:00:00Z,3.0,0.0,1.0,False,0.0,0.0,0.0,0.0,0.0,0.0,0.0,0.0,0.0,0.0,0.0,0.0,0.0,0.0,0.0,0.0,0.0,0.0,0.0,0.0,0.0,0.0,0.0,0.0,0.0,0.0,70.0,0.0,35018.0,0.0,0.0,581,Maddison,Spurs,James,172780,Anterior cruciate ligament - Unknown return date,3,6,James_Maddison,90,Burnley,6,Spurs,MID,18
608,582.0,6.0,3.0,10.0,True,2025-08-16T14:00:00Z,3.0,0.0,1.0,False,84.0,0.0,2.0,1.0,0.0,0.0,0.0,0.0,0.0,0.0,0.0,1.0,35.0,45.4,74.0,11.0,13.0,0.0,3.0,1.0,4.0,1.0,0.06,0.58,0.64,0.94,65.0,0.0,2398659.0,0.0,0.0,582,Kudus,Spurs,Mohammed,460842,,3,6,Mohammed_Kudus,90,Burnley,6,Spurs,MID,18
609,583.0,6.0,3.0,0.0,True,2025-08-16T14:00:00Z,3.0,0.0,1.0,False,0.0,0.0,0.0,0.0,0.0,0.0,0.0,0.0,0.0,0.0,0.0,0.0,0.0,0.0,0.0,0.0,0.0,0.0,0.0,0.0,0.0,0.0,0.0,0.0,0.0,0.0,65.0,0.0,1733.0,0.0,0.0,583,Kulusevski,Spurs,Dejan,445044,Knee injury - Unknown return date,3,6,Dejan_Kulusevski,90,Burnley,6,Spurs,MID,18
610,584.0,6.0,3.0,1.0,True,2025-08-16T14:00:00Z,3.0,0.0,1.0,False,5.0,0.0,0.0,0.0,0.0,0.0,0.0,0.0,0.0,0.0,0.0,0.0,1.0,0.0,0.1,0.0,0.0,0.0,0.0,0.0,0.0,0.0,0.0,0.0,0.0,0.0,65.0,0.0,13227.0,0.0,0.0,584,Tel,Spurs,Mathys,511499,,3,6,Mathys_Tel,90,Burnley,6,Spurs,MID,18
611,585.0,6.0,3.0,1.0,True,2025-08-16T14:00:00Z,3.0,0.0,1.0,False,19.0,0.0,0.0,0.0,0.0,0.0,0.0,0.0,0.0,0.0,0.0,0.0,5.0,4.8,0.8,0.0,0.6,1.0,1.0,1.0,3.0,0.0,0.0,0.0,0.0,0.04,55.0,0.0,15285.0,0.0,0.0,585,Bentancur,Spurs,Rodrigo,202993,,3,6,Rodrigo_Bentancur,90,Burnley,6,Spurs,MID,18
612,586.0,6.0,3.0,3.0,True,2025-08-16T14:00:00Z,3.0,0.0,1.0,False,79.0,0.0,0.0,1.0,0.0,0.0,0.0,0.0,0.0,0.0,0.0,0.0,13.0,10.4,3.3,33.0,4.7,1.0,1.0,2.0,4.0,1.0,0.12,0.01,0.13,0.94,55.0,0.0,14418.0,0.0,0.0,586,Bergvall,Spurs,Lucas,570526,,3,6,Lucas_Bergvall,90,Burnley,6,Spurs,MID,18
613,587.0,6.0,3.0,0.0,True,2025-08-16T14:00:00Z,3.0,0.0,1.0,False,0.0,0.0,0.0,0.0,0.0,0.0,0.0,0.0,0.0,0.0,0.0,0.0,0.0,0.0,0.0,0.0,0.0,0.0,0.0,0.0,0.0,0.0,0.0,0.0,0.0,0.0,55.0,0.0,13158.0,0.0,0.0,587,Bissouma,Spurs,Yves,227127,,3,6,Yves_Bissouma,90,Burnley,6,Spurs,MID,18
614,588.0,6.0,3.0,1.0,True,2025-08-16T14:00:00Z,3.0,0.0,1.0,False,10.0,0.0,0.0,0.0,0.0,0.0,0.0,0.0,0.0,0.0,0.0,0.0,4.0,2.2,10.5,0.0,1.3,0.0,1.0,0.0,1.0,0.0,0.0,0.01,0.01,0.0,55.0,0.0,3524.0,0.0,0.0,588,Odobert,Spurs,Wilson,550839,,3,6,Wilson_Odobert,90,Burnley,6,Spurs,MID,18
615,589.0,6.0,3.0,0.0,True,2025-08-16T14:00:00Z,3.0,0.0,1.0,False,0.0,0.0,0.0,0.0,0.0,0.0,0.0,0.0,0.0,0.0,0.0,0.0,0.0,0.0,0.0,0.0,0.0,0.0,0.0,0.0,0.0,0.0,0.0,0.0,0.0,0.0,55.0,0.0,1915.0,0.0,0.0,589,Solomon,Spurs,Manor,235674,Calf injury - 25% chance of playing,3,6,Manor_Solomon,90,Burnley,6,Spurs,MID,18
616,590.0,6.0,3.0,0.0,True,2025-08-16T14:00:00Z,3.0,0.0,1.0,False,0.0,0.0,0.0,0.0,0.0,0.0,0.0,0.0,0.0,0.0,0.0,0.0,0.0,0.0,0.0,0.0,0.0,0.0,0.0,0.0,0.0,0.0,0.0,0.0,0.0,0.0,50.0,0.0,4754.0,0.0,0.0,590,Gil Salvatierra,Spurs,Bryan,436234,,3,6,Bryan_Gil Salvatierra,90,Burnley,6,Spurs,MID,18
617,591.0,6.0,3.0,3.0,True,2025-08-16T14:00:00Z,3.0,0.0,1.0,False,70.0,0.0,0.0,1.0,0.0,0.0,0.0,0.0,0.0,0.0,0.0,0.0,13.0,3.6,3.0,2.0,0.9,2.0,5.0,1.0,8.0,1.0,0.0,0.05,0.05,0.89,50.0,0.0,13480.0,0.0,0.0,591,Gray,Spurs,Archie,547701,,3,6,Archie_Gray,90,Burnley,6,Spurs,MID,18
618,592.0,6.0,3.0,0.0,True,2025-08-16T14:00:00Z,3.0,0.0,1.0,False,0.0,0.0,0.0,0.0,0.0,0.0,0.0,0.0,0.0,0.0,0.0,0.0,0.0,0.0,0.0,0.0,0.0,0.0,0.0,0.0,0.0,0.0,0.0,0.0,0.0,0.0,50.0,0.0,1092.0,0.0,0.0,592,Moore,Spurs,Mikey,499721,Has joined Rangers on loan for the rest of the season.,3,6,Mikey_Moore,90,Burnley,6,Spurs,MID,18
619,593.0,6.0,3.0,6.0,True,2025-08-16T14:00:00Z,3.0,0.0,1.0,False,90.0,0.0,1.0,1.0,0.0,0.0,0.0,0.0,0.0,0.0,0.0,0.0,29.0,33.2,18.7,2.0,5.4,4.0,4.0,2.0,10.0,1.0,0.0,0.22,0.22,0.94,50.0,0.0,267148.0,0.0,0.0,593,Sarr,Spurs,Pape Matar,482442,,3,6,Pape Matar_Sarr,90,Burnley,6,Spurs,MID,18
620,594.0,6.0,3.0,0.0,True,2025-08-16T14:00:00Z,3.0,0.0,1.0,False,0.0,0.0,0.0,0.0,0.0,0.0,0.0,0.0,0.0,0.0,0.0,0.0,0.0,0.0,0.0,0.0,0.0,0.0,0.0,0.0,0.0,0.0,0.0,0.0,0.0,0.0,45.0,0.0,4196.0,0.0,0.0,594,Min-hyeok,Spurs,Yang,623095,Has joined Portsmouth on loan for the rest of the season.,3,6,Yang_Min-hyeok,90,Burnley,6,Spurs,MID,18
621,595.0,6.0,3.0,0.0,True,2025-08-16T14:00:00Z,3.0,0.0,1.0,False,0.0,0.0,0.0,0.0,0.0,0.0,0.0,0.0,0.0,0.0,0.0,0.0,0.0,0.0,0.0,0.0,0.0,0.0,0.0,0.0,0.0,0.0,0.0,0.0,0.0,0.0,45.0,0.0,18414.0,0.0,0.0,595,Olusesi,Spurs,Callum,499726,,3,6,Callum_Olusesi,90,Burnley,6,Spurs,MID,18
622,596.0,6.0,3.0,1.0,True,2025-08-16T14:00:00Z,3.0,0.0,1.0,False,19.0,0.0,0.0,0.0,0.0,0.0,0.0,0.0,0.0,0.0,0.0,0.0,5.0,2.0,0.3,6.0,0.8,1.0,0.0,1.0,2.0,0.0,0.08,0.0,0.08,0.04,75.0,0.0,471372.0,0.0,0.0,596,Solanke-Mitchell,Spurs,Dominic,154566,,4,6,Dominic_Solanke-Mitchell,90,Burnley,6,Spurs,FWD,18
623,597.0,6.0,3.0,13.0,True,2025-08-16T14:00:00Z,3.0,0.0,1.0,False,71.0,2.0,0.0,1.0,0.0,0.0,0.0,0.0,0.0,0.0,0.0,3.0,61.0,73.6,0.5,80.0,15.4,3.0,2.0,0.0,5.0,1.0,0.78,0.01,0.79,0.89,65.0,0.0,168159.0,0.0,0.0,597,de Andrade,Spurs,Richarlison,212319,,4,6,Richarlison_de Andrade,90,Burnley,6,Spurs,FWD,18
624,598.0,6.0,3.0,0.0,True,2025-08-16T14:00:00Z,3.0,0.0,1.0,False,0.0,0.0,0.0,0.0,0.0,0.0,0.0,0.0,0.0,0.0,0.0,0.0,0.0,0.0,0.0,0.0,0.0,0.0,0.0,0.0,0.0,0.0,0.0,0.0,0.0,0.0,45.0,0.0,7803.0,0.0,0.0,598,Lankshear,Spurs,Will,552427,Has joined Oxford United on loan for the rest of the season.,4,6,Will_Lankshear,90,Burnley,6,Spurs,FWD,18
625,599.0,6.0,3.0,0.0,True,2025-08-16T14:00:00Z,3.0,0.0,1.0,False,0.0,0.0,0.0,0.0,0.0,0.0,0.0,0.0,0.0,0.0,0.0,0.0,0.0,0.0,0.0,0.0,0.0,0.0,0.0,0.0,0.0,0.0,0.0,0.0,0.0,0.0,45.0,0.0,76280.0,0.0,0.0,599,Scarlett,Spurs,Dane,490145,,4,6,Dane_Scarlett,90,Burnley,6,Spurs,FWD,18
626,673.0,6.0,3.0,1.0,True,2025-08-16T14:00:00Z,3.0,0.0,1.0,False,10.0,0.0,0.0,0.0,0.0,0.0,0.0,0.0,0.0,0.0,0.0,0.0,2.0,0.2,0.6,0.0,0.1,0.0,0.0,0.0,0.0,0.0,0.0,0.0,0.0,0.0,55.0,0.0,38151.0,0.0,0.0,673,Lobo Alves Palhares Costa Palhinha Gonçalves,Spurs,João Maria,154296,,3,6,João Maria_Lobo Alves Palhares Costa Palhinha Gonçalves,90,Burnley,6,Spurs,MID,18
627,600.0,5.0,17.0,0.0,False,2025-08-16T14:00:00Z,3.0,0.0,1.0,False,0.0,0.0,0.0,0.0,0.0,0.0,0.0,0.0,0.0,0.0,0.0,0.0,0.0,0.0,0.0,0.0,0.0,0.0,0.0,0.0,0.0,0.0,0.0,0.0,0.0,0.0,45.0,0.0,467077.0,0.0,0.0,600,Areola,West Ham,Alphonse,84182,,1,21,Alphonse_Areola,56,Sunderland,21,West Ham,GKP,19
628,601.0,5.0,17.0,0.0,False,2025-08-16T14:00:00Z,3.0,0.0,1.0,False,0.0,0.0,0.0,0.0,0.0,0.0,0.0,0.0,0.0,0.0,0.0,0.0,0.0,0.0,0.0,0.0,0.0,0.0,0.0,0.0,0.0,0.0,0.0,0.0,0.0,0.0,40.0,0.0,57997.0,0.0,0.0,601,Foderingham,West Ham,Wes,82143,,1,21,Wes_Foderingham,56,Sunderland,21,West Ham,GKP,19
629,602.0,5.0,17.0,0.0,False,2025-08-16T14:00:00Z,3.0,0.0,1.0,False,0.0,0.0,0.0,0.0,0.0,0.0,0.0,0.0,0.0,0.0,0.0,0.0,0.0,0.0,0.0,0.0,0.0,0.0,0.0,0.0,0.0,0.0,0.0,0.0,0.0,0.0,40.0,0.0,28199.0,0.0,0.0,602,Hegyi,West Ham,Krisztián,483364,,1,21,Krisztián_Hegyi,56,Sunderland,21,West Ham,GKP,19
630,603.0,5.0,17.0,1.0,False,2025-08-16T14:00:00Z,3.0,0.0,1.0,False,90.0,0.0,0.0,0.0,3.0,0.0,0.0,0.0,0.0,0.0,0.0,0.0,4.0,10.8,30.7,10.0,5.2,3.0,3.0,0.0,3.0,1.0,0.16,0.07,0.23,0.68,45.0,0.0,766379.0,0.0,0.0,603,Diouf,West Ham,El Hadji Malick,613804,,2,21,El Hadji Malick_Diouf,56,Sunderland,21,West Ham,DEF,19
631,604.0,5.0,17.0,0.0,False,2025-08-16T14:00:00Z,3.0,0.0,1.0,False,0.0,0.0,0.0,0.0,0.0,0.0,0.0,0.0,0.0,0.0,0.0,0.0,0.0,0.0,0.0,0.0,0.0,0.0,0.0,0.0,0.0,0.0,0.0,0.0,0.0,0.0,45.0,0.0,21358.0,0.0,0.0,604,Palmieri dos Santos,West Ham,Emerson,109533,,2,21,Emerson_Palmieri dos Santos,56,Sunderland,21,West Ham,DEF,19
632,605.0,5.0,17.0,0.0,False,2025-08-16T14:00:00Z,3.0,0.0,1.0,False,90.0,0.0,0.0,0.0,3.0,0.0,0.0,0.0,1.0,0.0,0.0,0.0,4.0,27.2,16.2,0.0,4.3,6.0,2.0,3.0,9.0,1.0,0.0,0.03,0.03,0.68,45.0,0.0,31552.0,0.0,0.0,605,Kilman,West Ham,Maximilian,214048,,2,21,Maximilian_Kilman,56,Sunderland,21,West Ham,DEF,19
633,606.0,5.0,17.0,0.0,False,2025-08-16T14:00:00Z,3.0,0.0,1.0,False,0.0,0.0,0.0,0.0,0.0,0.0,0.0,0.0,0.0,0.0,0.0,0.0,0.0,0.0,0.0,0.0,0.0,0.0,0.0,0.0,0.0,0.0,0.0,0.0,0.0,0.0,45.0,0.0,5344.0,0.0,0.0,606,Mavropanos,West Ham,Konstantinos,233963,,2,21,Konstantinos_Mavropanos,56,Sunderland,21,West Ham,DEF,19
634,607.0,5.0,17.0,1.0,False,2025-08-16T14:00:00Z,3.0,0.0,1.0,False,90.0,0.0,0.0,0.0,3.0,0.0,0.0,0.0,0.0,0.0,0.0,0.0,1.0,14.6,3.0,0.0,1.8,2.0,4.0,0.0,2.0,1.0,0.0,0.02,0.02,0.68,45.0,0.0,11692.0,0.0,0.0,607,Aguerd,West Ham,Nayef,210494,,2,21,Nayef_Aguerd,56,Sunderland,21,West Ham,DEF,19
635,608.0,5.0,17.0,0.0,False,2025-08-16T14:00:00Z,3.0,0.0,1.0,False,0.0,0.0,0.0,0.0,0.0,0.0,0.0,0.0,0.0,0.0,0.0,0.0,0.0,0.0,0.0,0.0,0.0,0.0,0.0,0.0,0.0,0.0,0.0,0.0,0.0,0.0,45.0,0.0,3366.0,0.0,0.0,608,Scarles,West Ham,Ollie,536109,,2,21,Ollie_Scarles,56,Sunderland,21,West Ham,DEF,19
636,609.0,5.0,17.0,1.0,False,2025-08-16T14:00:00Z,3.0,0.0,1.0,False,81.0,0.0,0.0,0.0,2.0,0.0,0.0,0.0,0.0,0.0,0.0,0.0,9.0,19.8,3.1,0.0,2.3,5.0,2.0,3.0,8.0,1.0,0.0,0.01,0.01,0.64,45.0,0.0,12815.0,0.0,0.0,609,Todibo,West Ham,Jean-Clair,462116,,2,21,Jean-Clair_Todibo,56,Sunderland,21,West Ham,DEF,19
637,610.0,5.0,17.0,1.0,False,2025-08-16T14:00:00Z,3.0,0.0,1.0,False,90.0,0.0,0.0,0.0,3.0,0.0,0.0,0.0,0.0,0.0,0.0,0.0,9.0,17.8,24.7,8.0,5.1,2.0,6.0,1.0,3.0,1.0,0.0,0.07,0.07,0.68,45.0,0.0,2496105.0,0.0,0.0,610,Wan-Bissaka,West Ham,Aaron,214590,,2,21,Aaron_Wan-Bissaka,56,Sunderland,21,West Ham,DEF,19
638,611.0,5.0,17.0,0.0,False,2025-08-16T14:00:00Z,3.0,0.0,1.0,False,0.0,0.0,0.0,0.0,0.0,0.0,0.0,0.0,0.0,0.0,0.0,0.0,0.0,0.0,0.0,0.0,0.0,0.0,0.0,0.0,0.0,0.0,0.0,0.0,0.0,0.0,40.0,0.0,21222.0,0.0,0.0,611,Casey,West Ham,Kaelan,518438,Has joined Swansea City on loan for the rest of the season.,2,21,Kaelan_Casey,56,Sunderland,21,West Ham,DEF,19
639,612.0,5.0,17.0,2.0,False,2025-08-16T14:00:00Z,3.0,0.0,1.0,False,90.0,0.0,0.0,0.0,3.0,0.0,0.0,0.0,0.0,0.0,0.0,0.0,11.0,5.8,14.2,4.0,2.4,0.0,5.0,1.0,6.0,1.0,0.0,0.08,0.08,0.68,60.0,0.0,110926.0,0.0,0.0,612,Tolentino Coelho de Lima,West Ham,Lucas,224024,,3,21,Lucas_Tolentino Coelho de Lima,56,Sunderland,21,West Ham,MID,19
640,613.0,5.0,17.0,1.0,False,2025-08-16T14:00:00Z,3.0,0.0,1.0,False,19.0,0.0,0.0,0.0,2.0,0.0,0.0,0.0,0.0,0.0,0.0,0.0,4.0,4.2,1.3,19.0,2.5,1.0,0.0,0.0,1.0,0.0,0.07,0.0,0.07,0.08,60.0,0.0,96476.0,0.0,0.0,613,Souček,West Ham,Tomáš,215439,,3,21,Tomáš_Souček,56,Sunderland,21,West Ham,MID,19
641,614.0,5.0,17.0,2.0,False,2025-08-16T14:00:00Z,3.0,0.0,1.0,False,70.0,0.0,0.0,0.0,1.0,0.0,0.0,0.0,0.0,0.0,0.0,0.0,13.0,5.8,15.2,2.0,2.3,0.0,2.0,1.0,3.0,1.0,0.0,0.02,0.02,0.6,60.0,0.0,38763.0,0.0,0.0,614,Ward-Prowse,West Ham,James,101178,,3,21,James_Ward-Prowse,56,Sunderland,21,West Ham,MID,19
642,615.0,5.0,17.0,0.0,False,2025-08-16T14:00:00Z,3.0,0.0,1.0,False,0.0,0.0,0.0,0.0,0.0,0.0,0.0,0.0,0.0,0.0,0.0,0.0,0.0,0.0,0.0,0.0,0.0,0.0,0.0,0.0,0.0,0.0,0.0,0.0,0.0,0.0,55.0,0.0,827.0,0.0,0.0,615,Summerville,West Ham,Crysencio,450070,Hamstring injury - Unknown return date,3,21,Crysencio_Summerville,56,Sunderland,21,West Ham,MID,19
643,616.0,5.0,17.0,0.0,False,2025-08-16T14:00:00Z,3.0,0.0,1.0,False,0.0,0.0,0.0,0.0,0.0,0.0,0.0,0.0,0.0,0.0,0.0,0.0,0.0,0.0,0.0,0.0,0.0,0.0,0.0,0.0,0.0,0.0,0.0,0.0,0.0,0.0,50.0,0.0,16761.0,0.0,0.0,616,Álvarez Velázquez,West Ham,Edson,213999,,3,21,Edson_Álvarez Velázquez,56,Sunderland,21,West Ham,MID,19
644,617.0,5.0,17.0,0.0,False,2025-08-16T14:00:00Z,3.0,0.0,1.0,False,0.0,0.0,0.0,0.0,0.0,0.0,0.0,0.0,0.0,0.0,0.0,0.0,0.0,0.0,0.0,0.0,0.0,0.0,0.0,0.0,0.0,0.0,0.0,0.0,0.0,0.0,50.0,0.0,3419.0,0.0,0.0,617,Cornet,West Ham,Maxwel,149519,,3,21,Maxwel_Cornet,56,Sunderland,21,West Ham,MID,19
645,618.0,5.0,17.0,2.0,False,2025-08-16T14:00:00Z,3.0,0.0,1.0,False,70.0,0.0,0.0,0.0,1.0,0.0,0.0,0.0,0.0,0.0,0.0,0.0,11.0,2.2,2.3,2.0,0.7,0.0,4.0,0.0,4.0,1.0,0.03,0.03,0.06,0.6,50.0,0.0,4832.0,0.0,0.0,618,Rodríguez,West Ham,Guido,197024,,3,21,Guido_Rodríguez,56,Sunderland,21,West Ham,MID,19
646,619.0,5.0,17.0,0.0,False,2025-08-16T14:00:00Z,3.0,0.0,1.0,False,0.0,0.0,0.0,0.0,0.0,0.0,0.0,0.0,0.0,0.0,0.0,0.0,0.0,0.0,0.0,0.0,0.0,0.0,0.0,0.0,0.0,0.0,0.0,0.0,0.0,0.0,50.0,0.0,3179.0,0.0,0.0,619,Lira dos Santos,West Ham,Luis Guilherme,577114,,3,21,Luis Guilherme_Lira dos Santos,56,Sunderland,21,West Ham,MID,19
647,620.0,5.0,17.0,0.0,False,2025-08-16T14:00:00Z,3.0,0.0,1.0,False,0.0,0.0,0.0,0.0,0.0,0.0,0.0,0.0,0.0,0.0,0.0,0.0,0.0,0.0,0.0,0.0,0.0,0.0,0.0,0.0,0.0,0.0,0.0,0.0,0.0,0.0,45.0,0.0,8852.0,0.0,0.0,620,Earthy,West Ham,George,490885,Ankle injury - Unknown return date,3,21,George_Earthy,56,Sunderland,21,West Ham,MID,19
648,621.0,5.0,17.0,1.0,False,2025-08-16T14:00:00Z,3.0,0.0,1.0,False,8.0,0.0,0.0,0.0,1.0,0.0,0.0,0.0,0.0,0.0,0.0,0.0,6.0,4.4,14.8,0.0,1.9,0.0,1.0,1.0,2.0,0.0,0.0,0.06,0.06,0.04,45.0,0.0,26335.0,0.0,0.0,621,Irving,West Ham,Andy,229384,,3,21,Andy_Irving,56,Sunderland,21,West Ham,MID,19
649,622.0,5.0,17.0,0.0,False,2025-08-16T14:00:00Z,3.0,0.0,1.0,False,0.0,0.0,0.0,0.0,0.0,0.0,0.0,0.0,0.0,0.0,0.0,0.0,0.0,0.0,0.0,0.0,0.0,0.0,0.0,0.0,0.0,0.0,0.0,0.0,0.0,0.0,45.0,0.0,14232.0,0.0,0.0,622,Orford,West Ham,Lewis,518442,,3,21,Lewis_Orford,56,Sunderland,21,West Ham,MID,19
650,623.0,5.0,17.0,0.0,False,2025-08-16T14:00:00Z,3.0,0.0,1.0,False,0.0,0.0,0.0,0.0,0.0,0.0,0.0,0.0,0.0,0.0,0.0,0.0,0.0,0.0,0.0,0.0,0.0,0.0,0.0,0.0,0.0,0.0,0.0,0.0,0.0,0.0,45.0,0.0,75078.0,0.0,0.0,623,Potts,West Ham,Freddie,490142,,3,21,Freddie_Potts,56,Sunderland,21,West Ham,MID,19
651,624.0,5.0,17.0,2.0,False,2025-08-16T14:00:00Z,3.0,0.0,1.0,False,90.0,0.0,0.0,0.0,3.0,0.0,0.0,0.0,0.0,0.0,0.0,0.0,13.0,10.6,4.3,34.0,4.9,0.0,6.0,2.0,8.0,1.0,0.15,0.05,0.2,0.68,80.0,0.0,1697709.0,0.0,0.0,624,Bowen,West Ham,Jarrod,178186,,4,21,Jarrod_Bowen,56,Sunderland,21,West Ham,FWD,19
652,625.0,5.0,17.0,2.0,False,2025-08-16T14:00:00Z,3.0,0.0,1.0,False,90.0,0.0,0.0,0.0,3.0,0.0,0.0,0.0,0.0,0.0,0.0,0.0,-1.0,0.8,14.5,34.0,4.9,0.0,0.0,0.0,0.0,1.0,0.14,0.08,0.22,0.68,60.0,0.0,370060.0,0.0,0.0,625,Füllkrug,West Ham,Niclas,91889,,4,21,Niclas_Füllkrug,56,Sunderland,21,West Ham,FWD,19
653,626.0,5.0,17.0,0.0,False,2025-08-16T14:00:00Z,3.0,0.0,1.0,False,0.0,0.0,0.0,0.0,0.0,0.0,0.0,0.0,0.0,0.0,0.0,0.0,0.0,0.0,0.0,0.0,0.0,0.0,0.0,0.0,0.0,0.0,0.0,0.0,0.0,0.0,45.0,0.0,66201.0,0.0,0.0,626,Marshall,West Ham,Callum,565431,,4,21,Callum_Marshall,56,Sunderland,21,West Ham,FWD,19
654,659.0,5.0,17.0,0.0,False,2025-08-16T14:00:00Z,3.0,0.0,1.0,False,0.0,0.0,0.0,0.0,0.0,0.0,0.0,0.0,0.0,0.0,0.0,0.0,0.0,0.0,0.0,0.0,0.0,0.0,0.0,0.0,0.0,0.0,0.0,0.0,0.0,0.0,45.0,0.0,42309.0,0.0,0.0,659,Walker-Peters,West Ham,Kyle,158534,,2,21,Kyle_Walker-Peters,56,Sunderland,21,West Ham,DEF,19
655,671.0,5.0,17.0,1.0,False,2025-08-16T14:00:00Z,3.0,0.0,1.0,False,19.0,0.0,0.0,0.0,2.0,0.0,0.0,0.0,0.0,0.0,0.0,0.0,2.0,0.0,0.0,8.0,0.5,0.0,1.0,0.0,1.0,0.0,0.02,0.0,0.02,0.08,60.0,0.0,45673.0,0.0,0.0,671,Wilson,West Ham,Callum,75115,,4,21,Callum_Wilson,56,Sunderland,21,West Ham,FWD,19
656,679.0,5.0,17.0,1.0,False,2025-08-16T14:00:00Z,3.0,0.0,1.0,False,90.0,0.0,0.0,0.0,3.0,0.0,0.0,0.0,0.0,0.0,2.0,0.0,3.0,21.0,0.0,0.0,2.1,2.0,6.0,0.0,0.0,1.0,0.0,0.01,0.01,0.68,45.0,0.0,31787.0,0.0,0.0,679,Hermansen,West Ham,Mads,467189,,1,21,Mads_Hermansen,56,Sunderland,21,West Ham,GKP,19
657,627.0,7.0,13.0,0.0,True,2025-08-16T16:30:00Z,0.0,4.0,1.0,False,0.0,0.0,0.0,0.0,0.0,0.0,0.0,0.0,0.0,0.0,0.0,0.0,0.0,0.0,0.0,0.0,0.0,0.0,0.0,0.0,0.0,0.0,0.0,0.0,0.0,0.0,45.0,0.0,13614.0,0.0,0.0,627,Johnstone,Wolves,Sam,101982,,1,39,Sam_Johnstone,43,Man City,39,Wolves,GKP,20
658,628.0,7.0,13.0,0.0,True,2025-08-16T16:30:00Z,0.0,4.0,1.0,False,90.0,0.0,0.0,0.0,4.0,0.0,0.0,0.0,0.0,0.0,0.0,0.0,-8.0,3.6,0.0,0.0,0.4,1.0,6.0,0.0,0.0,1.0,0.0,0.0,0.0,2.47,45.0,0.0,198832.0,0.0,0.0,628,Malheiro de Sá,Wolves,José,149065,,1,39,José_Malheiro de Sá,43,Man City,39,Wolves,GKP,20
659,629.0,7.0,13.0,0.0,True,2025-08-16T16:30:00Z,0.0,4.0,1.0,False,0.0,0.0,0.0,0.0,0.0,0.0,0.0,0.0,0.0,0.0,0.0,0.0,0.0,0.0,0.0,0.0,0.0,0.0,0.0,0.0,0.0,0.0,0.0,0.0,0.0,0.0,40.0,0.0,76163.0,0.0,0.0,629,Bentley,Wolves,Daniel,79602,,1,39,Daniel_Bentley,43,Man City,39,Wolves,GKP,20
660,631.0,7.0,13.0,0.0,True,2025-08-16T16:30:00Z,0.0,4.0,1.0,False,90.0,0.0,0.0,0.0,4.0,0.0,0.0,0.0,0.0,0.0,0.0,0.0,-7.0,11.8,0.3,1.0,1.3,5.0,2.0,2.0,7.0,1.0,0.02,0.01,0.03,2.47,45.0,0.0,43103.0,0.0,0.0,631,Agbadou,Wolves,Emmanuel,516939,,2,39,Emmanuel_Agbadou,43,Man City,39,Wolves,DEF,20
661,632.0,7.0,13.0,-1.0,True,2025-08-16T16:30:00Z,0.0,4.0,1.0,False,90.0,0.0,0.0,0.0,4.0,0.0,0.0,0.0,1.0,0.0,0.0,0.0,-1.0,9.8,5.9,0.0,1.6,2.0,6.0,3.0,5.0,1.0,0.0,0.01,0.01,2.47,45.0,0.0,18592.0,0.0,0.0,632,Doherty,Wolves,Matt,87835,,2,39,Matt_Doherty,43,Man City,39,Wolves,DEF,20
662,633.0,7.0,13.0,1.0,True,2025-08-16T16:30:00Z,0.0,4.0,1.0,False,18.0,0.0,0.0,0.0,1.0,0.0,0.0,0.0,0.0,0.0,0.0,0.0,0.0,4.4,11.1,6.0,2.2,1.0,2.0,0.0,1.0,0.0,0.0,0.01,0.01,0.24,45.0,0.0,7781.0,0.0,0.0,633,Bueno López,Wolves,Hugo,490721,,2,39,Hugo_Bueno López,43,Man City,39,Wolves,DEF,20
663,634.0,7.0,13.0,0.0,True,2025-08-16T16:30:00Z,0.0,4.0,1.0,False,0.0,0.0,0.0,0.0,0.0,0.0,0.0,0.0,0.0,0.0,0.0,0.0,0.0,0.0,0.0,0.0,0.0,0.0,0.0,0.0,0.0,0.0,0.0,0.0,0.0,0.0,45.0,0.0,5032.0,0.0,0.0,634,Mosquera Valdelamar,Wolves,Yerson,501837,,2,39,Yerson_Mosquera Valdelamar,43,Man City,39,Wolves,DEF,20
664,635.0,7.0,13.0,1.0,True,2025-08-16T16:30:00Z,0.0,4.0,1.0,False,17.0,0.0,0.0,0.0,1.0,0.0,0.0,0.0,0.0,0.0,0.0,0.0,-1.0,2.2,1.0,4.0,0.7,0.0,0.0,1.0,1.0,0.0,0.0,0.0,0.0,0.24,45.0,0.0,7112.0,0.0,0.0,635,Martins Gomes,Wolves,Rodrigo,483081,,2,39,Rodrigo_Martins Gomes,43,Man City,39,Wolves,DEF,20
665,636.0,7.0,13.0,0.0,True,2025-08-16T16:30:00Z,0.0,4.0,1.0,False,0.0,0.0,0.0,0.0,0.0,0.0,0.0,0.0,0.0,0.0,0.0,0.0,0.0,0.0,0.0,0.0,0.0,0.0,0.0,0.0,0.0,0.0,0.0,0.0,0.0,0.0,45.0,0.0,4913.0,0.0,0.0,636,Ignacio Bueno,Wolves,Santiago,231480,,2,39,Santiago_Ignacio Bueno,43,Man City,39,Wolves,DEF,20
666,637.0,7.0,13.0,0.0,True,2025-08-16T16:30:00Z,0.0,4.0,1.0,False,90.0,0.0,0.0,0.0,4.0,0.0,0.0,0.0,0.0,0.0,0.0,0.0,0.0,14.6,10.8,0.0,2.5,2.0,4.0,2.0,4.0,1.0,0.0,0.0,0.0,2.47,45.0,0.0,16594.0,0.0,0.0,637,Gomes,Wolves,Toti,510362,,2,39,Toti_Gomes,43,Man City,39,Wolves,DEF,20
667,638.0,7.0,13.0,1.0,True,2025-08-16T16:30:00Z,0.0,4.0,1.0,False,72.0,0.0,0.0,0.0,3.0,0.0,0.0,0.0,0.0,0.0,0.0,0.0,0.0,17.6,19.8,0.0,3.7,5.0,2.0,2.0,7.0,1.0,0.0,0.14,0.14,2.22,40.0,0.0,225356.0,0.0,0.0,638,Hoever,Wolves,Ki-Jana,441271,,2,39,Ki-Jana_Hoever,43,Man City,39,Wolves,DEF,20
668,639.0,7.0,13.0,0.0,True,2025-08-16T16:30:00Z,0.0,4.0,1.0,False,0.0,0.0,0.0,0.0,0.0,0.0,0.0,0.0,0.0,0.0,0.0,0.0,0.0,0.0,0.0,0.0,0.0,0.0,0.0,0.0,0.0,0.0,0.0,0.0,0.0,0.0,40.0,0.0,1665.0,0.0,0.0,639,Meupiyou Menadjou,Wolves,Bastien,560248,On loan to FC Alverca,2,39,Bastien_Meupiyou Menadjou,43,Man City,39,Wolves,DEF,20
669,640.0,7.0,13.0,0.0,True,2025-08-16T16:30:00Z,0.0,4.0,1.0,False,0.0,0.0,0.0,0.0,0.0,0.0,0.0,0.0,0.0,0.0,0.0,0.0,0.0,0.0,0.0,0.0,0.0,0.0,0.0,0.0,0.0,0.0,0.0,0.0,0.0,0.0,40.0,0.0,107124.0,0.0,0.0,640,Cardoso de Lima,Wolves,Pedro,641221,,2,39,Pedro_Cardoso de Lima,43,Man City,39,Wolves,DEF,20
670,641.0,7.0,13.0,0.0,True,2025-08-16T16:30:00Z,0.0,4.0,1.0,False,0.0,0.0,0.0,0.0,0.0,0.0,0.0,0.0,0.0,0.0,0.0,0.0,0.0,0.0,0.0,0.0,0.0,0.0,0.0,0.0,0.0,0.0,0.0,0.0,0.0,0.0,40.0,0.0,145880.0,0.0,0.0,641,Pond,Wolves,Alfie,517179,,2,39,Alfie_Pond,43,Man City,39,Wolves,DEF,20
671,642.0,7.0,13.0,1.0,True,2025-08-16T16:30:00Z,0.0,4.0,1.0,False,8.0,0.0,0.0,0.0,0.0,0.0,0.0,0.0,0.0,0.0,0.0,0.0,3.0,3.0,10.3,0.0,1.3,0.0,0.0,1.0,1.0,0.0,0.0,0.02,0.02,0.19,60.0,0.0,15472.0,0.0,0.0,642,Hee-chan,Wolves,Hwang,184754,,3,39,Hwang_Hee-chan,43,Man City,39,Wolves,MID,20
672,643.0,7.0,13.0,4.0,True,2025-08-16T16:30:00Z,0.0,4.0,1.0,False,71.0,0.0,0.0,0.0,3.0,0.0,0.0,0.0,0.0,0.0,0.0,0.0,16.0,15.6,1.7,0.0,1.7,3.0,8.0,4.0,15.0,1.0,0.0,0.01,0.01,2.22,55.0,0.0,6500.0,0.0,0.0,643,Trindade da Costa Neto,Wolves,André,509291,,3,39,André_Trindade da Costa Neto,43,Man City,39,Wolves,MID,20
673,644.0,7.0,13.0,2.0,True,2025-08-16T16:30:00Z,0.0,4.0,1.0,False,72.0,0.0,0.0,0.0,3.0,0.0,0.0,0.0,0.0,0.0,0.0,0.0,5.0,4.6,17.7,5.0,2.7,1.0,0.0,2.0,3.0,1.0,0.02,0.03,0.05,2.22,55.0,0.0,8829.0,0.0,0.0,644,Bellegarde,Wolves,Jean-Ricner,231057,,3,39,Jean-Ricner_Bellegarde,43,Man City,39,Wolves,MID,20
674,645.0,7.0,13.0,1.0,True,2025-08-16T16:30:00Z,0.0,4.0,1.0,False,18.0,0.0,0.0,0.0,1.0,0.0,0.0,0.0,0.0,0.0,0.0,0.0,5.0,3.4,0.6,19.0,2.3,0.0,0.0,0.0,0.0,0.0,0.08,0.02,0.1,0.24,55.0,0.0,4451.0,0.0,0.0,645,López González,Wolves,Fer,643135,,3,39,Fer_López González,43,Man City,39,Wolves,MID,20
675,646.0,7.0,13.0,2.0,True,2025-08-16T16:30:00Z,0.0,4.0,1.0,False,90.0,0.0,0.0,0.0,4.0,0.0,0.0,0.0,0.0,0.0,0.0,0.0,20.0,19.4,14.8,4.0,3.8,3.0,2.0,4.0,9.0,1.0,0.0,0.04,0.04,2.47,55.0,0.0,11020.0,0.0,0.0,646,Gomes da Silva,Wolves,João Victor,448089,,3,39,João Victor_Gomes da Silva,43,Man City,39,Wolves,MID,20
676,647.0,7.0,13.0,0.0,True,2025-08-16T16:30:00Z,0.0,4.0,1.0,False,0.0,0.0,0.0,0.0,0.0,0.0,0.0,0.0,0.0,0.0,0.0,0.0,0.0,0.0,0.0,0.0,0.0,0.0,0.0,0.0,0.0,0.0,0.0,0.0,0.0,0.0,55.0,0.0,1178.0,0.0,0.0,647,Ganchinho Guedes,Wolves,Gonçalo Manuel,181284,Has joined Real Sociedad permanently.,3,39,Gonçalo Manuel_Ganchinho Guedes,43,Man City,39,Wolves,MID,20
677,648.0,7.0,13.0,2.0,True,2025-08-16T16:30:00Z,0.0,4.0,1.0,False,90.0,0.0,0.0,0.0,4.0,0.0,0.0,0.0,0.0,0.0,0.0,0.0,10.0,8.4,6.5,7.0,2.2,0.0,4.0,2.0,6.0,1.0,0.05,0.02,0.07,2.47,55.0,0.0,3983.0,0.0,0.0,648,Munetsi,Wolves,Marshall,433312,,3,39,Marshall_Munetsi,43,Man City,39,Wolves,MID,20
678,649.0,7.0,13.0,0.0,True,2025-08-16T16:30:00Z,0.0,4.0,1.0,False,0.0,0.0,0.0,0.0,0.0,0.0,0.0,0.0,0.0,0.0,0.0,0.0,0.0,0.0,0.0,0.0,0.0,0.0,0.0,0.0,0.0,0.0,0.0,0.0,0.0,0.0,50.0,0.0,280.0,0.0,0.0,649,Traoré,Wolves,Boubacar,476502,Has joined FC Metz on loan for the rest of the season.,3,39,Boubacar_Traoré,43,Man City,39,Wolves,MID,20
679,650.0,7.0,13.0,0.0,True,2025-08-16T16:30:00Z,0.0,4.0,1.0,False,0.0,0.0,0.0,0.0,0.0,0.0,0.0,0.0,0.0,0.0,0.0,0.0,0.0,0.0,0.0,0.0,0.0,0.0,0.0,0.0,0.0,0.0,0.0,0.0,0.0,0.0,45.0,0.0,32221.0,0.0,0.0,650,Chirewa,Wolves,Tawanda,497606,,3,39,Tawanda_Chirewa,43,Man City,39,Wolves,MID,20
680,651.0,7.0,13.0,0.0,True,2025-08-16T16:30:00Z,0.0,4.0,1.0,False,0.0,0.0,0.0,0.0,0.0,0.0,0.0,0.0,0.0,0.0,0.0,0.0,0.0,0.0,0.0,0.0,0.0,0.0,0.0,0.0,0.0,0.0,0.0,0.0,0.0,0.0,45.0,0.0,38576.0,0.0,0.0,651,Edozie,Wolves,Tom,596054,,3,39,Tom_Edozie,43,Man City,39,Wolves,MID,20
681,652.0,7.0,13.0,0.0,True,2025-08-16T16:30:00Z,0.0,4.0,1.0,False,0.0,0.0,0.0,0.0,0.0,0.0,0.0,0.0,0.0,0.0,0.0,0.0,0.0,0.0,0.0,0.0,0.0,0.0,0.0,0.0,0.0,0.0,0.0,0.0,0.0,0.0,45.0,0.0,155378.0,0.0,0.0,652,González Medina,Wolves,Enso,593001,,3,39,Enso_González Medina,43,Man City,39,Wolves,MID,20
682,653.0,7.0,13.0,0.0,True,2025-08-16T16:30:00Z,0.0,4.0,1.0,False,0.0,0.0,0.0,0.0,0.0,0.0,0.0,0.0,0.0,0.0,0.0,0.0,0.0,0.0,0.0,0.0,0.0,0.0,0.0,0.0,0.0,0.0,0.0,0.0,0.0,0.0,45.0,0.0,8971.0,0.0,0.0,653,Hodge,Wolves,Joe,240299,Signed by CD Tondela,3,39,Joe_Hodge,43,Man City,39,Wolves,MID,20
683,654.0,7.0,13.0,2.0,True,2025-08-16T16:30:00Z,0.0,4.0,1.0,False,81.0,0.0,0.0,0.0,4.0,0.0,0.0,0.0,0.0,0.0,0.0,0.0,8.0,11.0,2.3,45.0,5.8,3.0,1.0,1.0,5.0,1.0,0.38,0.01,0.39,2.28,65.0,0.0,474697.0,0.0,0.0,654,Strand Larsen,Wolves,Jørgen,247412,,4,39,Jørgen_Strand Larsen,43,Man City,39,Wolves,FWD,20
684,655.0,7.0,13.0,0.0,True,2025-08-16T16:30:00Z,0.0,4.0,1.0,False,0.0,0.0,0.0,0.0,0.0,0.0,0.0,0.0,0.0,0.0,0.0,0.0,0.0,0.0,0.0,0.0,0.0,0.0,0.0,0.0,0.0,0.0,0.0,0.0,0.0,0.0,50.0,0.0,54084.0,0.0,0.0,655,Soares Silva,Wolves,Fábio,449988,,4,39,Fábio_Soares Silva,43,Man City,39,Wolves,FWD,20
685,656.0,7.0,13.0,0.0,True,2025-08-16T16:30:00Z,0.0,4.0,1.0,False,0.0,0.0,0.0,0.0,0.0,0.0,0.0,0.0,0.0,0.0,0.0,0.0,0.0,0.0,0.0,0.0,0.0,0.0,0.0,0.0,0.0,0.0,0.0,0.0,0.0,0.0,50.0,0.0,10147.0,0.0,0.0,656,Kalajdžić,Wolves,Saša,429414,,4,39,Saša_Kalajdžić,43,Man City,39,Wolves,FWD,20
686,657.0,7.0,13.0,0.0,True,2025-08-16T16:30:00Z,0.0,4.0,1.0,False,0.0,0.0,0.0,0.0,0.0,0.0,0.0,0.0,0.0,0.0,0.0,0.0,0.0,0.0,0.0,0.0,0.0,0.0,0.0,0.0,0.0,0.0,0.0,0.0,0.0,0.0,45.0,0.0,4090.0,0.0,0.0,657,Chiwome,Wolves,Leon,589507,Knee injury - Unknown return date,4,39,Leon_Chiwome,43,Man City,39,Wolves,FWD,20
687,658.0,7.0,13.0,0.0,True,2025-08-16T16:30:00Z,0.0,4.0,1.0,False,0.0,0.0,0.0,0.0,0.0,0.0,0.0,0.0,0.0,0.0,0.0,0.0,0.0,0.0,0.0,0.0,0.0,0.0,0.0,0.0,0.0,0.0,0.0,0.0,0.0,0.0,45.0,0.0,221318.0,0.0,0.0,658,Fraser,Wolves,Nathan,531363,,4,39,Nathan_Fraser,43,Man City,39,Wolves,FWD,20
688,663.0,7.0,13.0,1.0,True,2025-08-16T16:30:00Z,0.0,4.0,1.0,False,17.0,0.0,0.0,0.0,1.0,0.0,0.0,0.0,0.0,0.0,0.0,0.0,2.0,2.2,12.0,2.0,1.6,1.0,2.0,0.0,3.0,0.0,0.0,0.02,0.02,0.24,55.0,0.0,71620.0,0.0,0.0,663,Arias,Wolves,Jhon,230376,,3,39,Jhon_Arias,43,Man City,39,Wolves,MID,20
689,682.0,7.0,13.0,1.0,True,2025-08-16T16:30:00Z,0.0,4.0,1.0,False,71.0,0.0,0.0,0.0,3.0,0.0,0.0,0.0,0.0,0.0,0.0,0.0,-4.0,7.2,0.8,2.0,1.0,3.0,2.0,1.0,4.0,1.0,0.0,0.0,0.0,2.22,45.0,0.0,7272.0,0.0,0.0,682,Møller Wolfe,Wolves,David,497949,,2,39,David_Møller Wolfe,43,Man City,39,Wolves,DEF,20
690,1.0,11.0,11.0,6.0,True,2025-08-23T16:30:00Z,5.0,0.0,2.0,False,90.0,0.0,0.0,1.0,0.0,0.0,0.0,0.0,0.0,0.0,1.0,0.0,28.0,13.4,0.0,0.0,1.3,0.0,3.0,0.0,0.0,1.0,0.0,0.0,0.0,0.17,55.0,218659.0,2284634.0,277339.0,58680.0,1,Raya Martín,Arsenal,David,154561,,1,3,David_Raya Martín,2,Leeds,3,Arsenal,GKP,1
691,2.0,11.0,11.0,0.0,True,2025-08-23T16:30:00Z,5.0,0.0,2.0,False,0.0,0.0,0.0,0.0,0.0,0.0,0.0,0.0,0.0,0.0,0.0,0.0,0.0,0.0,0.0,0.0,0.0,0.0,0.0,0.0,0.0,0.0,0.0,0.0,0.0,0.0,45.0,-9834.0,89793.0,2130.0,11964.0,2,Arrizabalaga Revuelta,Arsenal,Kepa,109745,,1,3,Kepa_Arrizabalaga Revuelta,2,Leeds,3,Arsenal,GKP,1
692,3.0,11.0,11.0,0.0,True,2025-08-23T16:30:00Z,5.0,0.0,2.0,False,0.0,0.0,0.0,0.0,0.0,0.0,0.0,0.0,0.0,0.0,0.0,0.0,0.0,0.0,0.0,0.0,0.0,0.0,0.0,0.0,0.0,0.0,0.0,0.0,0.0,0.0,40.0,-1321.0,64836.0,3835.0,5156.0,3,Hein,Arsenal,Karl,463748,,1,3,Karl_Hein,2,Leeds,3,Arsenal,GKP,1
693,4.0,11.0,11.0,0.0,True,2025-08-23T16:30:00Z,5.0,0.0,2.0,False,0.0,0.0,0.0,0.0,0.0,0.0,0.0,0.0,0.0,0.0,0.0,0.0,0.0,0.0,0.0,0.0,0.0,0.0,0.0,0.0,0.0,0.0,0.0,0.0,0.0,0.0,40.0,-533.0,16324.0,982.0,1515.0,4,Setford,Arsenal,Tommy,551221,,1,3,Tommy_Setford,2,Leeds,3,Arsenal,GKP,1
694,5.0,11.0,11.0,6.0,True,2025-08-23T16:30:00Z,5.0,0.0,2.0,False,90.0,0.0,0.0,1.0,0.0,0.0,0.0,0.0,0.0,0.0,0.0,0.0,26.0,13.4,3.3,6.0,2.3,3.0,4.0,0.0,3.0,1.0,0.04,0.01,0.05,0.17,60.0,254939.0,2292996.0,335537.0,80598.0,5,dos Santos Magalhães,Arsenal,Gabriel,226597,,2,3,Gabriel_dos Santos Magalhães,2,Leeds,3,Arsenal,DEF,1
695,6.0,11.0,11.0,6.0,True,2025-08-23T16:30:00Z,5.0,0.0,2.0,False,90.0,0.0,0.0,1.0,0.0,0.0,0.0,0.0,0.0,0.0,0.0,0.0,27.0,18.4,2.1,2.0,2.3,5.0,4.0,0.0,5.0,1.0,0.0,0.01,0.01,0.17,60.0,247702.0,1933946.0,311233.0,63531.0,6,Saliba,Arsenal,William,462424,,2,3,William_Saliba,2,Leeds,3,Arsenal,DEF,1
696,7.0,11.0,11.0,13.0,True,2025-08-23T16:30:00Z,5.0,0.0,2.0,False,63.0,0.0,2.0,1.0,0.0,0.0,0.0,0.0,0.0,0.0,0.0,1.0,38.0,38.0,21.4,22.0,8.1,1.0,1.0,0.0,1.0,1.0,0.39,0.01,0.4,0.17,55.0,249257.0,500185.0,275549.0,26292.0,7,Calafiori,Arsenal,Riccardo,466075,,2,3,Riccardo_Calafiori,2,Leeds,3,Arsenal,DEF,1
697,8.0,11.0,11.0,24.0,True,2025-08-23T16:30:00Z,5.0,0.0,2.0,False,63.0,2.0,1.0,1.0,0.0,0.0,0.0,0.0,0.0,0.0,0.0,3.0,68.0,95.0,28.5,75.0,19.9,2.0,1.0,4.0,6.0,1.0,0.81,0.05,0.86,0.17,55.0,-23011.0,219095.0,14581.0,37592.0,8,Timber,Arsenal,Jurriën,445122,,2,3,Jurriën_Timber,2,Leeds,3,Arsenal,DEF,1
698,9.0,11.0,11.0,0.0,True,2025-08-23T16:30:00Z,5.0,0.0,2.0,False,0.0,0.0,0.0,0.0,0.0,0.0,0.0,0.0,0.0,0.0,0.0,0.0,0.0,0.0,0.0,0.0,0.0,0.0,0.0,0.0,0.0,0.0,0.0,0.0,0.0,0.0,55.0,-1754.0,12677.0,397.0,2151.0,9,Kiwior,Arsenal,Jakub,440854,,2,3,Jakub_Kiwior,2,Leeds,3,Arsenal,DEF,1
699,10.0,11.0,11.0,1.0,True,2025-08-23T16:30:00Z,5.0,0.0,2.0,False,26.0,0.0,0.0,0.0,0.0,0.0,0.0,0.0,0.0,0.0,0.0,0.0,7.0,4.2,3.7,0.0,0.8,0.0,2.0,1.0,1.0,0.0,0.0,0.0,0.0,0.0,55.0,-53448.0,406745.0,19189.0,72637.0,10,Lewis-Skelly,Arsenal,Myles,499169,,2,3,Myles_Lewis-Skelly,2,Leeds,3,Arsenal,DEF,1
700,11.0,11.0,11.0,0.0,True,2025-08-23T16:30:00Z,5.0,0.0,2.0,False,0.0,0.0,0.0,0.0,0.0,0.0,0.0,0.0,0.0,0.0,0.0,0.0,0.0,0.0,0.0,0.0,0.0,0.0,0.0,0.0,0.0,0.0,0.0,0.0,0.0,0.0,55.0,10746.0,111857.0,21413.0,10667.0,11,White,Arsenal,Benjamin,198869,Knock - 75% chance of playing,2,3,Benjamin_White,2,Leeds,3,Arsenal,DEF,1
701,12.0,11.0,11.0,0.0,True,2025-08-23T16:30:00Z,5.0,0.0,2.0,False,0.0,0.0,0.0,0.0,0.0,0.0,0.0,0.0,0.0,0.0,0.0,0.0,0.0,0.0,0.0,0.0,0.0,0.0,0.0,0.0,0.0,0.0,0.0,0.0,0.0,0.0,50.0,-3567.0,38783.0,3119.0,6686.0,12,Zinchenko,Arsenal,Oleksandr,206325,,2,3,Oleksandr_Zinchenko,2,Leeds,3,Arsenal,DEF,1
702,13.0,11.0,11.0,0.0,True,2025-08-23T16:30:00Z,5.0,0.0,2.0,False,0.0,0.0,0.0,0.0,0.0,0.0,0.0,0.0,0.0,0.0,0.0,0.0,0.0,0.0,0.0,0.0,0.0,0.0,0.0,0.0,0.0,0.0,0.0,0.0,0.0,0.0,40.0,-1976.0,63039.0,6242.0,8218.0,13,Clarke,Arsenal,Brayden,563324,,2,3,Brayden_Clarke,2,Leeds,3,Arsenal,DEF,1
703,14.0,11.0,11.0,0.0,True,2025-08-23T16:30:00Z,5.0,0.0,2.0,False,0.0,0.0,0.0,0.0,0.0,0.0,0.0,0.0,0.0,0.0,0.0,0.0,0.0,0.0,0.0,0.0,0.0,0.0,0.0,0.0,0.0,0.0,0.0,0.0,0.0,0.0,40.0,-1317.0,18861.0,1462.0,2779.0,14,Kacurri,Arsenal,Maldini,588793,,2,3,Maldini_Kacurri,2,Leeds,3,Arsenal,DEF,1
704,15.0,11.0,11.0,0.0,True,2025-08-23T16:30:00Z,5.0,0.0,2.0,False,0.0,0.0,0.0,0.0,0.0,0.0,0.0,0.0,0.0,0.0,0.0,0.0,0.0,0.0,0.0,0.0,0.0,0.0,0.0,0.0,0.0,0.0,0.0,0.0,0.0,0.0,40.0,-1258.0,19597.0,1107.0,2365.0,15,Nichols,Arsenal,Josh,499167,,2,3,Josh_Nichols,2,Leeds,3,Arsenal,DEF,1
705,16.0,11.0,11.0,6.0,True,2025-08-23T16:30:00Z,5.0,0.0,2.0,False,52.0,1.0,0.0,0.0,0.0,0.0,0.0,0.0,0.0,0.0,0.0,0.0,27.0,40.4,30.4,21.0,9.2,0.0,4.0,0.0,4.0,1.0,0.11,0.03,0.14,0.17,100.0,43708.0,1870918.0,152171.0,108463.0,16,Saka,Arsenal,Bukayo,223340,Hamstring injury - 50% chance of playing,3,3,Bukayo_Saka,2,Leeds,3,Arsenal,MID,1
706,17.0,11.0,11.0,1.0,True,2025-08-23T16:30:00Z,5.0,0.0,2.0,False,37.0,0.0,0.0,0.0,0.0,0.0,0.0,0.0,0.0,0.0,0.0,0.0,5.0,1.6,4.4,3.0,0.9,0.0,1.0,1.0,2.0,1.0,0.05,0.05,0.1,0.17,80.0,14058.0,421888.0,48916.0,34858.0,17,Ødegaard,Arsenal,Martin,184029,Shoulder injury - 75% chance of playing,3,3,Martin_Ødegaard,2,Leeds,3,Arsenal,MID,1
707,18.0,11.0,11.0,3.0,True,2025-08-23T16:30:00Z,5.0,0.0,2.0,False,63.0,0.0,0.0,1.0,0.0,0.0,0.0,0.0,0.0,0.0,0.0,0.0,10.0,5.6,26.9,10.0,4.3,0.0,3.0,0.0,3.0,1.0,0.0,0.09,0.09,0.17,70.0,-16415.0,106477.0,3424.0,19839.0,18,Madueke,Arsenal,Noni,248857,,3,3,Noni_Madueke,2,Leeds,3,Arsenal,MID,1
708,19.0,11.0,11.0,0.0,True,2025-08-23T16:30:00Z,5.0,0.0,2.0,False,0.0,0.0,0.0,0.0,0.0,0.0,0.0,0.0,0.0,0.0,0.0,0.0,0.0,0.0,0.0,0.0,0.0,0.0,0.0,0.0,0.0,0.0,0.0,0.0,0.0,0.0,70.0,-9841.0,150752.0,9660.0,19501.0,19,Martinelli Silva,Arsenal,Gabriel,444145,,3,3,Gabriel_Martinelli Silva,2,Leeds,3,Arsenal,MID,1
709,20.0,11.0,11.0,1.0,True,2025-08-23T16:30:00Z,5.0,0.0,2.0,False,37.0,0.0,0.0,0.0,0.0,0.0,0.0,0.0,0.0,0.0,0.0,0.0,4.0,5.4,21.5,4.0,3.1,0.0,0.0,0.0,0.0,0.0,0.07,0.03,0.1,0.0,70.0,-6276.0,35043.0,868.0,7144.0,20,Trossard,Arsenal,Leandro,116216,,3,3,Leandro_Trossard,2,Leeds,3,Arsenal,MID,1
710,21.0,11.0,11.0,6.0,True,2025-08-23T16:30:00Z,5.0,0.0,2.0,False,90.0,0.0,1.0,1.0,0.0,0.0,0.0,0.0,0.0,0.0,0.0,0.0,26.0,25.2,50.0,2.0,7.7,0.0,3.0,0.0,3.0,1.0,0.0,0.54,0.54,0.17,65.0,22586.0,902701.0,90194.0,67608.0,21,Rice,Arsenal,Declan,204480,,3,3,Declan_Rice,2,Leeds,3,Arsenal,MID,1
711,22.0,11.0,11.0,0.0,True,2025-08-23T16:30:00Z,5.0,0.0,2.0,False,0.0,0.0,0.0,0.0,0.0,0.0,0.0,0.0,0.0,0.0,0.0,0.0,0.0,0.0,0.0,0.0,0.0,0.0,0.0,0.0,0.0,0.0,0.0,0.0,0.0,0.0,60.0,-12605.0,58027.0,4431.0,17036.0,22,Merino Zazón,Arsenal,Mikel,195384,,3,3,Mikel_Merino Zazón,2,Leeds,3,Arsenal,MID,1
712,23.0,11.0,11.0,0.0,True,2025-08-23T16:30:00Z,5.0,0.0,2.0,False,0.0,0.0,0.0,0.0,0.0,0.0,0.0,0.0,0.0,0.0,0.0,0.0,0.0,0.0,0.0,0.0,0.0,0.0,0.0,0.0,0.0,0.0,0.0,0.0,0.0,0.0,55.0,-514.0,4733.0,494.0,1008.0,23,Ferreira Vieira,Arsenal,Fábio,438098,,3,3,Fábio_Ferreira Vieira,2,Leeds,3,Arsenal,MID,1
713,24.0,11.0,11.0,0.0,True,2025-08-23T16:30:00Z,5.0,0.0,2.0,False,0.0,0.0,0.0,0.0,0.0,0.0,0.0,0.0,0.0,0.0,0.0,0.0,0.0,0.0,0.0,0.0,0.0,0.0,0.0,0.0,0.0,0.0,0.0,0.0,0.0,0.0,55.0,-19307.0,46343.0,1125.0,20432.0,24,Nørgaard,Arsenal,Christian,128295,Knock - Expected back 13 Sep,3,3,Christian_Nørgaard,2,Leeds,3,Arsenal,MID,1
714,25.0,11.0,11.0,1.0,True,2025-08-23T16:30:00Z,5.0,0.0,2.0,False,52.0,0.0,0.0,0.0,0.0,0.0,0.0,0.0,0.0,0.0,0.0,0.0,3.0,5.6,1.8,5.0,1.2,0.0,3.0,1.0,4.0,0.0,0.02,0.01,0.03,0.0,55.0,-5342.0,26978.0,1650.0,6992.0,25,Nwaneri,Arsenal,Ethan,499175,,3,3,Ethan_Nwaneri,2,Leeds,3,Arsenal,MID,1
715,26.0,11.0,11.0,3.0,True,2025-08-23T16:30:00Z,5.0,0.0,2.0,False,90.0,0.0,0.0,1.0,0.0,0.0,0.0,0.0,0.0,0.0,0.0,0.0,12.0,6.4,6.9,1.0,1.4,1.0,5.0,2.0,8.0,1.0,0.02,0.02,0.04,0.17,55.0,3431.0,247409.0,36357.0,32926.0,26,Zubimendi Ibáñez,Arsenal,Martín,481655,,3,3,Martín_Zubimendi Ibáñez,2,Leeds,3,Arsenal,MID,1
716,27.0,11.0,11.0,0.0,True,2025-08-23T16:30:00Z,5.0,0.0,2.0,False,0.0,0.0,0.0,0.0,0.0,0.0,0.0,0.0,0.0,0.0,0.0,0.0,0.0,0.0,0.0,0.0,0.0,0.0,0.0,0.0,0.0,0.0,0.0,0.0,0.0,0.0,50.0,-1447.0,14436.0,1473.0,2920.0,27,Nelson,Arsenal,Reiss,200641,,3,3,Reiss_Nelson,2,Leeds,3,Arsenal,MID,1
717,28.0,11.0,11.0,0.0,True,2025-08-23T16:30:00Z,5.0,0.0,2.0,False,0.0,0.0,0.0,0.0,0.0,0.0,0.0,0.0,0.0,0.0,0.0,0.0,0.0,0.0,0.0,0.0,0.0,0.0,0.0,0.0,0.0,0.0,0.0,0.0,0.0,0.0,45.0,-1635.0,31592.0,3710.0,5345.0,28,Kabia,Arsenal,Ismeal,588796,,3,3,Ismeal_Kabia,2,Leeds,3,Arsenal,MID,1
718,29.0,11.0,11.0,0.0,True,2025-08-23T16:30:00Z,5.0,0.0,2.0,False,0.0,0.0,0.0,0.0,0.0,0.0,0.0,0.0,0.0,0.0,0.0,0.0,0.0,0.0,0.0,0.0,0.0,0.0,0.0,0.0,0.0,0.0,0.0,0.0,0.0,0.0,45.0,-836.0,15114.0,1611.0,2447.0,29,Sambi Lokonga,Arsenal,Albert,437742,,3,3,Albert_Sambi Lokonga,2,Leeds,3,Arsenal,MID,1
719,30.0,11.0,11.0,0.0,True,2025-08-23T16:30:00Z,5.0,0.0,2.0,False,0.0,0.0,0.0,0.0,0.0,0.0,0.0,0.0,0.0,0.0,0.0,0.0,0.0,0.0,0.0,0.0,0.0,0.0,0.0,0.0,0.0,0.0,0.0,0.0,0.0,0.0,75.0,-34363.0,102996.0,7926.0,42289.0,30,Havertz,Arsenal,Kai,219847,Knee injury - Unknown return date,4,3,Kai_Havertz,2,Leeds,3,Arsenal,FWD,1
720,31.0,11.0,11.0,0.0,True,2025-08-23T16:30:00Z,5.0,0.0,2.0,False,0.0,0.0,0.0,0.0,0.0,0.0,0.0,0.0,0.0,0.0,0.0,0.0,0.0,0.0,0.0,0.0,0.0,0.0,0.0,0.0,0.0,0.0,0.0,0.0,0.0,0.0,65.0,-792.0,4756.0,243.0,1035.0,31,Fernando de Jesus,Arsenal,Gabriel,205651,Knee injury - Unknown return date,4,3,Gabriel_Fernando de Jesus,2,Leeds,3,Arsenal,FWD,1
721,266.0,15.0,16.0,0.0,True,2025-08-24T13:00:00Z,1.0,1.0,2.0,False,0.0,0.0,0.0,0.0,0.0,0.0,0.0,0.0,0.0,0.0,0.0,0.0,0.0,0.0,0.0,0.0,0.0,0.0,0.0,0.0,0.0,0.0,0.0,0.0,0.0,0.0,75.0,-72383.0,1098794.0,96988.0,169371.0,266,Eze,Arsenal,Eberechi,232413,,3,3,Eberechi_Eze,17,Nott'm Forest,3,Arsenal,MID,1
722,662.0,11.0,11.0,1.0,True,2025-08-23T16:30:00Z,5.0,0.0,2.0,False,26.0,0.0,0.0,0.0,0.0,0.0,0.0,0.0,0.0,0.0,0.0,0.0,7.0,4.8,0.0,0.0,0.5,0.0,0.0,2.0,2.0,0.0,0.0,0.0,0.0,0.0,55.0,-1858.0,12598.0,415.0,2273.0,662,Mosquera,Arsenal,Cristhian,500040,,2,3,Cristhian_Mosquera,2,Leeds,3,Arsenal,DEF,1
723,666.0,11.0,11.0,12.0,True,2025-08-23T16:30:00Z,5.0,0.0,2.0,False,90.0,2.0,0.0,1.0,0.0,0.0,0.0,0.0,0.0,0.0,0.0,2.0,44.0,67.0,1.6,44.0,11.3,2.0,3.0,0.0,5.0,1.0,1.28,0.03,1.31,0.17,90.0,-60979.0,2685766.0,203416.0,264395.0,666,Gyökeres,Arsenal,Viktor,224117,,4,3,Viktor_Gyökeres,2,Leeds,3,Arsenal,FWD,1
724,700.0,11.0,11.0,4.0,True,2025-08-23T16:30:00Z,5.0,0.0,2.0,False,26.0,0.0,1.0,0.0,0.0,0.0,0.0,0.0,0.0,0.0,0.0,0.0,13.0,1.0,0.5,15.0,1.7,0.0,1.0,2.0,3.0,0.0,0.08,0.02,0.1,0.0,45.0,0.0,0.0,0.0,0.0,700,Dowman,Arsenal,Max,616077,,3,3,Max_Dowman,2,Leeds,3,Arsenal,MID,1
725,32.0,13.0,5.0,2.0,False,2025-08-23T14:00:00Z,1.0,0.0,2.0,False,90.0,0.0,0.0,0.0,1.0,0.0,0.0,0.0,0.0,0.0,1.0,0.0,15.0,12.8,0.0,0.0,1.3,0.0,10.0,0.0,0.0,1.0,0.0,0.01,0.01,1.21,50.0,15139.0,128543.0,22508.0,7369.0,32,Martínez Romero,Aston Villa,Emiliano,98980,,1,7,Emiliano_Martínez Romero,94,Brentford,7,Aston Villa,GKP,2
726,33.0,13.0,5.0,0.0,False,2025-08-23T14:00:00Z,1.0,0.0,2.0,False,0.0,0.0,0.0,0.0,0.0,0.0,0.0,0.0,0.0,0.0,0.0,0.0,0.0,0.0,0.0,0.0,0.0,0.0,0.0,0.0,0.0,0.0,0.0,0.0,0.0,0.0,45.0,35734.0,105709.0,51388.0,15654.0,33,Bizot,Aston Villa,Marco,72147,,1,7,Marco_Bizot,94,Brentford,7,Aston Villa,GKP,2
727,34.0,13.0,5.0,0.0,False,2025-08-23T14:00:00Z,1.0,0.0,2.0,False,0.0,0.0,0.0,0.0,0.0,0.0,0.0,0.0,0.0,0.0,0.0,0.0,0.0,0.0,0.0,0.0,0.0,0.0,0.0,0.0,0.0,0.0,0.0,0.0,0.0,0.0,40.0,-3961.0,24736.0,0.0,3961.0,34,Gauci,Aston Villa,Joe,462492,Has joined Port Vale on loan for the rest of the season.,1,7,Joe_Gauci,94,Brentford,7,Aston Villa,GKP,2
728,35.0,13.0,5.0,0.0,False,2025-08-23T14:00:00Z,1.0,0.0,2.0,False,0.0,0.0,0.0,0.0,0.0,0.0,0.0,0.0,0.0,0.0,0.0,0.0,0.0,0.0,0.0,0.0,0.0,0.0,0.0,0.0,0.0,0.0,0.0,0.0,0.0,0.0,40.0,-330.0,1979.0,0.0,330.0,35,Marschall,Aston Villa,Filip,462381,Has joined Stevenage permanently.,1,7,Filip_Marschall,94,Brentford,7,Aston Villa,GKP,2
729,36.0,13.0,5.0,2.0,False,2025-08-23T14:00:00Z,1.0,0.0,2.0,False,90.0,0.0,0.0,0.0,1.0,0.0,0.0,0.0,0.0,0.0,0.0,0.0,18.0,20.4,25.4,4.0,5.0,3.0,5.0,3.0,6.0,1.0,0.0,0.23,0.23,1.21,45.0,234037.0,545718.0,275430.0,41393.0,36,Cash,Aston Villa,Matty,199796,,2,7,Matty_Cash,94,Brentford,7,Aston Villa,DEF,2
730,37.0,13.0,5.0,2.0,False,2025-08-23T14:00:00Z,1.0,0.0,2.0,False,63.0,0.0,0.0,0.0,1.0,0.0,0.0,0.0,0.0,0.0,0.0,0.0,8.0,6.8,8.4,6.0,2.1,1.0,2.0,1.0,2.0,1.0,0.0,0.16,0.16,1.11,45.0,40875.0,256592.0,55427.0,14552.0,37,Digne,Aston Villa,Lucas,101188,,2,7,Lucas_Digne,94,Brentford,7,Aston Villa,DEF,2
731,38.0,13.0,5.0,0.0,False,2025-08-23T14:00:00Z,1.0,0.0,2.0,False,0.0,0.0,0.0,0.0,0.0,0.0,0.0,0.0,0.0,0.0,0.0,0.0,0.0,0.0,0.0,0.0,0.0,0.0,0.0,0.0,0.0,0.0,0.0,0.0,0.0,0.0,45.0,-517663.0,1707950.0,19195.0,536858.0,38,Konsa Ngoyo,Aston Villa,Ezri,199798,,2,7,Ezri_Konsa Ngoyo,94,Brentford,7,Aston Villa,DEF,2
732,39.0,13.0,5.0,1.0,False,2025-08-23T14:00:00Z,1.0,0.0,2.0,False,26.0,0.0,0.0,0.0,0.0,0.0,0.0,0.0,0.0,0.0,0.0,0.0,10.0,10.6,15.4,2.0,2.8,3.0,2.0,1.0,4.0,0.0,0.02,0.06,0.08,0.11,45.0,-11755.0,83168.0,3614.0,15369.0,39,Maatsen,Aston Villa,Ian,441302,,2,7,Ian_Maatsen,94,Brentford,7,Aston Villa,DEF,2
733,40.0,13.0,5.0,2.0,False,2025-08-23T14:00:00Z,1.0,0.0,2.0,False,90.0,0.0,0.0,0.0,1.0,0.0,0.0,0.0,0.0,0.0,0.0,0.0,12.0,17.6,12.3,15.0,4.5,5.0,6.0,0.0,5.0,1.0,0.11,0.03,0.14,1.21,45.0,34577.0,149359.0,43991.0,9414.0,40,Mings,Aston Villa,Tyrone,149484,,2,7,Tyrone_Mings,94,Brentford,7,Aston Villa,DEF,2
734,41.0,13.0,5.0,2.0,False,2025-08-23T14:00:00Z,1.0,0.0,2.0,False,90.0,0.0,0.0,0.0,1.0,0.0,0.0,0.0,0.0,0.0,0.0,0.0,8.0,17.0,5.8,9.0,3.2,1.0,8.0,2.0,3.0,1.0,0.07,0.13,0.2,1.21,45.0,-4013.0,51168.0,3676.0,7689.0,41,Torres,Aston Villa,Pau,244954,,2,7,Pau_Torres,94,Brentford,7,Aston Villa,DEF,2
735,42.0,13.0,5.0,0.0,False,2025-08-23T14:00:00Z,1.0,0.0,2.0,False,0.0,0.0,0.0,0.0,0.0,0.0,0.0,0.0,0.0,0.0,0.0,0.0,0.0,0.0,0.0,0.0,0.0,0.0,0.0,0.0,0.0,0.0,0.0,0.0,0.0,0.0,40.0,-4782.0,27305.0,472.0,5254.0,42,García,Aston Villa,Andrés,606798,Knock - 25% chance of playing,2,7,Andrés_García,94,Brentford,7,Aston Villa,DEF,2
736,43.0,13.0,5.0,0.0,False,2025-08-23T14:00:00Z,1.0,0.0,2.0,False,0.0,0.0,0.0,0.0,0.0,0.0,0.0,0.0,0.0,0.0,0.0,0.0,0.0,0.0,0.0,0.0,0.0,0.0,0.0,0.0,0.0,0.0,0.0,0.0,0.0,0.0,40.0,-57313.0,978343.0,32831.0,90144.0,43,Moreno Lopera,Aston Villa,Álex,106468,,2,7,Álex_Moreno Lopera,94,Brentford,7,Aston Villa,DEF,2
737,44.0,13.0,5.0,0.0,False,2025-08-23T14:00:00Z,1.0,0.0,2.0,False,16.0,0.0,0.0,0.0,0.0,0.0,0.0,0.0,1.0,0.0,0.0,0.0,-3.0,0.0,2.3,2.0,0.3,0.0,0.0,0.0,0.0,0.0,0.0,0.03,0.03,0.11,40.0,-1572.0,34439.0,1842.0,3414.0,44,Bogarde,Aston Villa,Lamare,515597,,2,7,Lamare_Bogarde,94,Brentford,7,Aston Villa,DEF,2
738,45.0,13.0,5.0,0.0,False,2025-08-23T14:00:00Z,1.0,0.0,2.0,False,0.0,0.0,0.0,0.0,0.0,0.0,0.0,0.0,0.0,0.0,0.0,0.0,0.0,0.0,0.0,0.0,0.0,0.0,0.0,0.0,0.0,0.0,0.0,0.0,0.0,0.0,40.0,-1331.0,37773.0,2143.0,3474.0,45,da Cruz Sousa,Aston Villa,Lino,514315,,2,7,Lino_da Cruz Sousa,94,Brentford,7,Aston Villa,DEF,2
739,46.0,13.0,5.0,0.0,False,2025-08-23T14:00:00Z,1.0,0.0,2.0,False,0.0,0.0,0.0,0.0,0.0,0.0,0.0,0.0,0.0,0.0,0.0,0.0,0.0,0.0,0.0,0.0,0.0,0.0,0.0,0.0,0.0,0.0,0.0,0.0,0.0,0.0,40.0,-1315.0,24711.0,1198.0,2513.0,46,Özcan,Aston Villa,Yasin,587178,,2,7,Yasin_Özcan,94,Brentford,7,Aston Villa,DEF,2
740,47.0,13.0,5.0,2.0,False,2025-08-23T14:00:00Z,1.0,0.0,2.0,False,90.0,0.0,0.0,0.0,1.0,0.0,0.0,0.0,0.0,0.0,0.0,0.0,3.0,4.4,21.3,17.0,4.3,0.0,1.0,0.0,1.0,1.0,0.1,0.12,0.22,1.21,70.0,-16022.0,1054954.0,106067.0,122089.0,47,Rogers,Aston Villa,Morgan,244850,,3,7,Morgan_Rogers,94,Brentford,7,Aston Villa,MID,2
741,48.0,13.0,5.0,2.0,False,2025-08-23T14:00:00Z,1.0,0.0,2.0,False,90.0,0.0,0.0,0.0,1.0,0.0,0.0,0.0,0.0,0.0,0.0,0.0,13.0,11.2,50.8,12.0,7.4,0.0,2.0,1.0,3.0,1.0,0.04,0.29,0.33,1.21,60.0,-17525.0,229597.0,18500.0,36025.0,48,Tielemans,Aston Villa,Youri,166989,,3,7,Youri_Tielemans,94,Brentford,7,Aston Villa,MID,2
742,49.0,13.0,5.0,0.0,False,2025-08-23T14:00:00Z,1.0,0.0,2.0,False,0.0,0.0,0.0,0.0,0.0,0.0,0.0,0.0,0.0,0.0,0.0,0.0,0.0,0.0,0.0,0.0,0.0,0.0,0.0,0.0,0.0,0.0,0.0,0.0,0.0,0.0,55.0,-18882.0,35805.0,2168.0,21050.0,49,Bailey,Aston Villa,Leon,215711,Has joined AS Roma on loan for the rest of the season.,3,7,Leon_Bailey,94,Brentford,7,Aston Villa,MID,2
743,50.0,13.0,5.0,1.0,False,2025-08-23T14:00:00Z,1.0,0.0,2.0,False,58.0,0.0,0.0,0.0,0.0,0.0,0.0,0.0,0.0,0.0,0.0,0.0,1.0,0.8,12.2,9.0,2.2,2.0,0.0,1.0,3.0,0.0,0.2,0.2,0.4,0.28,54.0,-4998.0,13638.0,494.0,5492.0,50,Buendía Stati,Aston Villa,Emiliano,195546,,3,7,Emiliano_Buendía Stati,94,Brentford,7,Aston Villa,MID,2
744,51.0,13.0,5.0,0.0,False,2025-08-23T14:00:00Z,1.0,0.0,2.0,False,0.0,0.0,0.0,0.0,0.0,0.0,0.0,0.0,0.0,0.0,0.0,0.0,0.0,0.0,0.0,0.0,0.0,0.0,0.0,0.0,0.0,0.0,0.0,0.0,0.0,0.0,55.0,-407.0,3079.0,179.0,586.0,51,Iling-Junior,Aston Villa,Samuel,469247,,3,7,Samuel_Iling-Junior,94,Brentford,7,Aston Villa,MID,2
745,53.0,13.0,5.0,1.0,False,2025-08-23T14:00:00Z,1.0,0.0,2.0,False,26.0,0.0,0.0,0.0,0.0,0.0,0.0,0.0,0.0,0.0,0.0,0.0,3.0,0.4,2.8,2.0,0.5,0.0,1.0,0.0,1.0,0.0,0.0,0.02,0.02,0.11,54.0,-42736.0,158584.0,5618.0,48354.0,53,Malen,Aston Villa,Donyell,204646,,3,7,Donyell_Malen,94,Brentford,7,Aston Villa,MID,2
746,54.0,13.0,5.0,2.0,False,2025-08-23T14:00:00Z,1.0,0.0,2.0,False,73.0,0.0,0.0,0.0,1.0,0.0,0.0,0.0,0.0,0.0,0.0,0.0,14.0,17.6,31.1,15.0,6.4,2.0,2.0,0.0,4.0,1.0,0.05,0.12,0.17,1.11,55.0,-1739.0,76409.0,8904.0,10643.0,54,McGinn,Aston Villa,John,122806,,3,7,John_McGinn,94,Brentford,7,Aston Villa,MID,2
747,55.0,13.0,5.0,0.0,False,2025-08-23T14:00:00Z,1.0,0.0,2.0,False,0.0,0.0,0.0,0.0,0.0,0.0,0.0,0.0,0.0,0.0,0.0,0.0,0.0,0.0,0.0,0.0,0.0,0.0,0.0,0.0,0.0,0.0,0.0,0.0,0.0,0.0,50.0,-2818.0,7696.0,94.0,2912.0,55,Barkley,Aston Villa,Ross,88894,Knock - 25% chance of playing,3,7,Ross_Barkley,94,Brentford,7,Aston Villa,MID,2
748,56.0,13.0,5.0,0.0,False,2025-08-23T14:00:00Z,1.0,0.0,2.0,False,0.0,0.0,0.0,0.0,0.0,0.0,0.0,0.0,0.0,0.0,0.0,0.0,0.0,0.0,0.0,0.0,0.0,0.0,0.0,0.0,0.0,0.0,0.0,0.0,0.0,0.0,50.0,-10.0,67.0,0.0,10.0,56,Barrenechea,Aston Villa,Enzo,491287,Season-long loan to Benfica,3,7,Enzo_Barrenechea,94,Brentford,7,Aston Villa,MID,2
749,57.0,13.0,5.0,0.0,False,2025-08-23T14:00:00Z,1.0,0.0,2.0,False,0.0,0.0,0.0,0.0,0.0,0.0,0.0,0.0,0.0,0.0,0.0,0.0,0.0,0.0,0.0,0.0,0.0,0.0,0.0,0.0,0.0,0.0,0.0,0.0,0.0,0.0,50.0,-562.0,6465.0,555.0,1117.0,57,Dobbin,Aston Villa,Lewis,461421,,3,7,Lewis_Dobbin,94,Brentford,7,Aston Villa,MID,2
750,58.0,13.0,5.0,1.0,False,2025-08-23T14:00:00Z,1.0,0.0,2.0,False,15.0,0.0,0.0,0.0,1.0,0.0,0.0,0.0,0.0,0.0,0.0,0.0,5.0,1.6,0.8,2.0,0.4,0.0,0.0,1.0,1.0,1.0,0.0,0.0,0.0,0.83,50.0,-519.0,24128.0,3038.0,3557.0,58,Kamara,Aston Villa,Boubacar,226944,Hamstring injury - 50% chance of playing,3,7,Boubacar_Kamara,94,Brentford,7,Aston Villa,MID,2
751,59.0,13.0,5.0,1.0,False,2025-08-23T14:00:00Z,1.0,0.0,2.0,False,63.0,0.0,0.0,0.0,1.0,0.0,0.0,0.0,1.0,0.0,0.0,0.0,10.0,14.6,3.2,16.0,3.4,4.0,3.0,2.0,9.0,1.0,0.23,0.04,0.27,1.11,50.0,16927.0,206140.0,41577.0,24650.0,59,Onana,Aston Villa,Amadou,449871,,3,7,Amadou_Onana,94,Brentford,7,Aston Villa,MID,2
752,60.0,13.0,5.0,0.0,False,2025-08-23T14:00:00Z,1.0,0.0,2.0,False,0.0,0.0,0.0,0.0,0.0,0.0,0.0,0.0,0.0,0.0,0.0,0.0,0.0,0.0,0.0,0.0,0.0,0.0,0.0,0.0,0.0,0.0,0.0,0.0,0.0,0.0,45.0,-1096.0,34831.0,3323.0,4419.0,60,Broggio,Aston Villa,Ben,577731,,3,7,Ben_Broggio,94,Brentford,7,Aston Villa,MID,2
753,61.0,13.0,5.0,0.0,False,2025-08-23T14:00:00Z,1.0,0.0,2.0,False,0.0,0.0,0.0,0.0,0.0,0.0,0.0,0.0,0.0,0.0,0.0,0.0,0.0,0.0,0.0,0.0,0.0,0.0,0.0,0.0,0.0,0.0,0.0,0.0,0.0,0.0,45.0,-5629.0,34381.0,2169.0,7798.0,61,Dendoncker,Aston Villa,Leander,151589,Has joined Real Oviedo permanently.,3,7,Leander_Dendoncker,94,Brentford,7,Aston Villa,MID,2
754,62.0,13.0,5.0,0.0,False,2025-08-23T14:00:00Z,1.0,0.0,2.0,False,0.0,0.0,0.0,0.0,0.0,0.0,0.0,0.0,0.0,0.0,0.0,0.0,0.0,0.0,0.0,0.0,0.0,0.0,0.0,0.0,0.0,0.0,0.0,0.0,0.0,0.0,45.0,-297.0,5842.0,481.0,778.0,62,Jimoh-Aloba,Aston Villa,Jamaldeen,559962,,3,7,Jamaldeen_Jimoh-Aloba,94,Brentford,7,Aston Villa,MID,2
755,63.0,13.0,5.0,0.0,False,2025-08-23T14:00:00Z,1.0,0.0,2.0,False,0.0,0.0,0.0,0.0,0.0,0.0,0.0,0.0,0.0,0.0,0.0,0.0,0.0,0.0,0.0,0.0,0.0,0.0,0.0,0.0,0.0,0.0,0.0,0.0,0.0,0.0,45.0,-3603.0,75703.0,6636.0,10239.0,63,Young,Aston Villa,Kadan,537403,,3,7,Kadan_Young,94,Brentford,7,Aston Villa,MID,2
756,64.0,13.0,5.0,2.0,False,2025-08-23T14:00:00Z,1.0,0.0,2.0,False,90.0,0.0,0.0,0.0,1.0,0.0,0.0,0.0,0.0,0.0,0.0,0.0,6.0,1.8,14.1,22.0,3.8,0.0,3.0,1.0,4.0,1.0,0.37,0.08,0.45,1.21,90.0,-139599.0,2711782.0,143005.0,282604.0,64,Watkins,Aston Villa,Ollie,178301,,4,7,Ollie_Watkins,94,Brentford,7,Aston Villa,FWD,2
757,65.0,13.0,5.0,0.0,False,2025-08-23T14:00:00Z,1.0,0.0,2.0,False,0.0,0.0,0.0,0.0,0.0,0.0,0.0,0.0,0.0,0.0,0.0,0.0,0.0,0.0,0.0,0.0,0.0,0.0,0.0,0.0,0.0,0.0,0.0,0.0,0.0,0.0,45.0,-1506.0,95515.0,10825.0,12331.0,65,Redmond,Aston Villa,Zépiqueno,576756,,4,7,Zépiqueno_Redmond,94,Brentford,7,Aston Villa,FWD,2
758,677.0,13.0,5.0,1.0,False,2025-08-23T14:00:00Z,1.0,0.0,2.0,False,15.0,0.0,0.0,0.0,0.0,0.0,0.0,0.0,0.0,0.0,0.0,0.0,1.0,2.4,1.0,2.0,0.5,0.0,1.0,1.0,2.0,0.0,0.0,0.01,0.01,0.11,65.0,-1604.0,6332.0,405.0,2009.0,677,Guessand,Aston Villa,Evann,485337,,3,7,Evann_Guessand,94,Brentford,7,Aston Villa,MID,2
759,688.0,13.0,5.0,0.0,False,2025-08-23T14:00:00Z,1.0,0.0,2.0,False,0.0,0.0,0.0,0.0,0.0,0.0,0.0,0.0,0.0,0.0,0.0,0.0,0.0,0.0,0.0,0.0,0.0,0.0,0.0,0.0,0.0,0.0,0.0,0.0,0.0,0.0,40.0,11052.0,53518.0,12617.0,1565.0,688,Wright,Aston Villa,James,481283,,1,7,James_Wright,94,Brentford,7,Aston Villa,GKP,2
760,701.0,13.0,5.0,0.0,False,2025-08-23T14:00:00Z,1.0,0.0,2.0,False,0.0,0.0,0.0,0.0,0.0,0.0,0.0,0.0,0.0,0.0,0.0,0.0,0.0,0.0,0.0,0.0,0.0,0.0,0.0,0.0,0.0,0.0,0.0,0.0,0.0,0.0,40.0,0.0,0.0,0.0,0.0,701,Rowe,Aston Villa,Triston,569577,,2,7,Triston_Rowe,94,Brentford,7,Aston Villa,DEF,2
761,702.0,13.0,5.0,0.0,False,2025-08-23T14:00:00Z,1.0,0.0,2.0,False,0.0,0.0,0.0,0.0,0.0,0.0,0.0,0.0,0.0,0.0,0.0,0.0,0.0,0.0,0.0,0.0,0.0,0.0,0.0,0.0,0.0,0.0,0.0,0.0,0.0,0.0,45.0,0.0,0.0,0.0,0.0,702,Burrowes,Aston Villa,Bradley,645618,,3,7,Bradley_Burrowes,94,Brentford,7,Aston Villa,MID,2
762,703.0,13.0,5.0,0.0,False,2025-08-23T14:00:00Z,1.0,0.0,2.0,False,0.0,0.0,0.0,0.0,0.0,0.0,0.0,0.0,0.0,0.0,0.0,0.0,0.0,0.0,0.0,0.0,0.0,0.0,0.0,0.0,0.0,0.0,0.0,0.0,0.0,0.0,40.0,0.0,0.0,0.0,0.0,703,Proctor,Aston Villa,Sam,564505,,1,7,Sam_Proctor,94,Brentford,7,Aston Villa,GKP,2
763,183.0,14.0,17.0,0.0,True,2025-08-23T14:00:00Z,2.0,0.0,2.0,False,0.0,0.0,0.0,0.0,0.0,0.0,0.0,0.0,0.0,0.0,0.0,0.0,0.0,0.0,0.0,0.0,0.0,0.0,0.0,0.0,0.0,0.0,0.0,0.0,0.0,0.0,45.0,-1472.0,18204.0,679.0,2151.0,183,Weiß,Burnley,Max,518030,,1,90,Max_Weiß,56,Sunderland,90,Burnley,GKP,3
764,184.0,14.0,17.0,0.0,True,2025-08-23T14:00:00Z,2.0,0.0,2.0,False,0.0,0.0,0.0,0.0,0.0,0.0,0.0,0.0,0.0,0.0,0.0,0.0,0.0,0.0,0.0,0.0,0.0,0.0,0.0,0.0,0.0,0.0,0.0,0.0,0.0,0.0,40.0,-70.0,47974.0,2535.0,2605.0,184,Green,Burnley,Etienne,489571,,1,90,Etienne_Green,56,Sunderland,90,Burnley,GKP,3
765,185.0,14.0,17.0,0.0,True,2025-08-23T14:00:00Z,2.0,0.0,2.0,False,0.0,0.0,0.0,0.0,0.0,0.0,0.0,0.0,0.0,0.0,0.0,0.0,0.0,0.0,0.0,0.0,0.0,0.0,0.0,0.0,0.0,0.0,0.0,0.0,0.0,0.0,40.0,-668.0,22185.0,801.0,1469.0,185,Hladký,Burnley,Václav,51943,,1,90,Václav_Hladký,56,Sunderland,90,Burnley,GKP,3
766,186.0,14.0,17.0,0.0,True,2025-08-23T14:00:00Z,2.0,0.0,2.0,False,0.0,0.0,0.0,0.0,0.0,0.0,0.0,0.0,0.0,0.0,0.0,0.0,0.0,0.0,0.0,0.0,0.0,0.0,0.0,0.0,0.0,0.0,0.0,0.0,0.0,0.0,45.0,-1275.0,9654.0,441.0,1716.0,186,Roberts,Burnley,Connor,192290,Knock - Expected back 14 Sep,2,90,Connor_Roberts,56,Sunderland,90,Burnley,DEF,3
767,187.0,14.0,17.0,6.0,True,2025-08-23T14:00:00Z,2.0,0.0,2.0,False,90.0,0.0,0.0,1.0,0.0,0.0,0.0,0.0,0.0,0.0,0.0,0.0,26.0,15.4,2.1,0.0,1.8,6.0,6.0,1.0,7.0,1.0,0.0,0.02,0.02,0.77,45.0,-3263.0,207658.0,16850.0,20113.0,187,Walker,Burnley,Kyle,58621,,2,90,Kyle_Walker,56,Sunderland,90,Burnley,DEF,3
768,188.0,14.0,17.0,0.0,True,2025-08-23T14:00:00Z,2.0,0.0,2.0,False,0.0,0.0,0.0,0.0,0.0,0.0,0.0,0.0,0.0,0.0,0.0,0.0,0.0,0.0,0.0,0.0,0.0,0.0,0.0,0.0,0.0,0.0,0.0,0.0,0.0,0.0,40.0,-2219.0,32788.0,1172.0,3391.0,188,Delcroix,Burnley,Hannes,247245,,2,90,Hannes_Delcroix,56,Sunderland,90,Burnley,DEF,3
769,189.0,14.0,17.0,0.0,True,2025-08-23T14:00:00Z,2.0,0.0,2.0,False,0.0,0.0,0.0,0.0,0.0,0.0,0.0,0.0,0.0,0.0,0.0,0.0,0.0,0.0,0.0,0.0,0.0,0.0,0.0,0.0,0.0,0.0,0.0,0.0,0.0,0.0,40.0,-869.0,3046.0,0.0,869.0,189,Dodgson,Burnley,Owen,461567,Has joined Stockport County on loan for the rest of the season.,2,90,Owen_Dodgson,56,Sunderland,90,Burnley,DEF,3
770,190.0,14.0,17.0,9.0,True,2025-08-23T14:00:00Z,2.0,0.0,2.0,False,90.0,0.0,0.0,1.0,0.0,0.0,0.0,0.0,0.0,0.0,0.0,1.0,34.0,31.8,14.3,4.0,5.0,12.0,3.0,2.0,14.0,1.0,0.0,0.01,0.01,0.77,40.0,2434.0,28743.0,5086.0,2652.0,190,Ekdal,Burnley,Hjalmar,478969,,2,90,Hjalmar_Ekdal,56,Sunderland,90,Burnley,DEF,3
771,191.0,14.0,17.0,6.0,True,2025-08-23T14:00:00Z,2.0,0.0,2.0,False,82.0,0.0,0.0,1.0,0.0,0.0,0.0,0.0,0.0,0.0,0.0,0.0,29.0,21.0,1.1,0.0,2.2,6.0,1.0,1.0,7.0,1.0,0.0,0.01,0.01,0.66,40.0,3481.0,2110007.0,89031.0,85550.0,191,Estève,Burnley,Maxime,477717,,2,90,Maxime_Estève,56,Sunderland,90,Burnley,DEF,3
772,192.0,14.0,17.0,6.0,True,2025-08-23T14:00:00Z,2.0,0.0,2.0,False,90.0,0.0,0.0,1.0,0.0,0.0,0.0,0.0,0.0,0.0,0.0,0.0,26.0,19.8,7.3,2.0,2.9,3.0,3.0,5.0,8.0,1.0,0.0,0.04,0.04,0.77,40.0,2690.0,61406.0,7527.0,4837.0,192,Hartman,Burnley,Quilindschy,494960,,2,90,Quilindschy_Hartman,56,Sunderland,90,Burnley,DEF,3
773,193.0,14.0,17.0,0.0,True,2025-08-23T14:00:00Z,2.0,0.0,2.0,False,0.0,0.0,0.0,0.0,0.0,0.0,0.0,0.0,0.0,0.0,0.0,0.0,0.0,0.0,0.0,0.0,0.0,0.0,0.0,0.0,0.0,0.0,0.0,0.0,0.0,0.0,40.0,-949.0,5317.0,122.0,1071.0,193,Humphreys,Burnley,Bashir,461188,Lack of match fitness - 75% chance of playing,2,90,Bashir_Humphreys,56,Sunderland,90,Burnley,DEF,3
774,194.0,14.0,17.0,0.0,True,2025-08-23T14:00:00Z,2.0,0.0,2.0,False,0.0,0.0,0.0,0.0,0.0,0.0,0.0,0.0,0.0,0.0,0.0,0.0,0.0,0.0,0.0,0.0,0.0,0.0,0.0,0.0,0.0,0.0,0.0,0.0,0.0,0.0,40.0,-1802.0,18958.0,568.0,2370.0,194,Beyer,Burnley,Jordan,241231,Knee injury - Expected back 14 Sep,2,90,Jordan_Beyer,56,Sunderland,90,Burnley,DEF,3
775,195.0,14.0,17.0,0.0,True,2025-08-23T14:00:00Z,2.0,0.0,2.0,False,0.0,0.0,0.0,0.0,0.0,0.0,0.0,0.0,0.0,0.0,0.0,0.0,0.0,0.0,0.0,0.0,0.0,0.0,0.0,0.0,0.0,0.0,0.0,0.0,0.0,0.0,40.0,-1526.0,16463.0,313.0,1839.0,195,Pires Silva,Burnley,Lucas,549329,,2,90,Lucas_Pires Silva,56,Sunderland,90,Burnley,DEF,3
776,196.0,14.0,17.0,0.0,True,2025-08-23T14:00:00Z,2.0,0.0,2.0,False,0.0,0.0,0.0,0.0,0.0,0.0,0.0,0.0,0.0,0.0,0.0,0.0,0.0,0.0,0.0,0.0,0.0,0.0,0.0,0.0,0.0,0.0,0.0,0.0,0.0,0.0,40.0,-2282.0,12006.0,202.0,2484.0,196,Sambo,Burnley,Shurandy,450072,Has joined Sparta Rotterdam on loan for the rest of the season.,2,90,Shurandy_Sambo,56,Sunderland,90,Burnley,DEF,3
777,197.0,14.0,17.0,1.0,True,2025-08-23T14:00:00Z,2.0,0.0,2.0,False,21.0,0.0,0.0,0.0,0.0,0.0,0.0,0.0,0.0,0.0,0.0,0.0,1.0,0.0,0.5,0.0,0.0,0.0,2.0,0.0,0.0,0.0,0.0,0.0,0.0,0.16,40.0,107.0,16483.0,1574.0,1467.0,197,Sonne,Burnley,Oliver,519895,,2,90,Oliver_Sonne,56,Sunderland,90,Burnley,DEF,3
778,198.0,14.0,17.0,0.0,True,2025-08-23T14:00:00Z,2.0,0.0,2.0,False,0.0,0.0,0.0,0.0,0.0,0.0,0.0,0.0,0.0,0.0,0.0,0.0,0.0,0.0,0.0,0.0,0.0,0.0,0.0,0.0,0.0,0.0,0.0,0.0,0.0,0.0,40.0,-21156.0,236961.0,3280.0,24436.0,198,Tuanzebe,Burnley,Axel,180804,Lack of match fitness - 75% chance of playing,2,90,Axel_Tuanzebe,56,Sunderland,90,Burnley,DEF,3
779,199.0,14.0,17.0,1.0,True,2025-08-23T14:00:00Z,2.0,0.0,2.0,False,7.0,0.0,0.0,0.0,0.0,0.0,0.0,0.0,0.0,0.0,0.0,0.0,6.0,6.0,0.0,0.0,0.6,2.0,0.0,1.0,3.0,0.0,0.0,0.0,0.0,0.11,40.0,-1214.0,14603.0,358.0,1572.0,199,Worrall,Burnley,Joe,208912,,2,90,Joe_Worrall,56,Sunderland,90,Burnley,DEF,3
780,200.0,14.0,17.0,13.0,True,2025-08-23T14:00:00Z,2.0,0.0,2.0,False,90.0,1.0,1.0,1.0,0.0,0.0,0.0,0.0,0.0,0.0,0.0,2.0,39.0,58.4,14.6,28.0,10.1,1.0,7.0,3.0,11.0,1.0,0.77,0.02,0.79,0.77,55.0,533.0,14201.0,2572.0,2039.0,200,Anthony,Burnley,Jaidon,444180,,3,90,Jaidon_Anthony,56,Sunderland,90,Burnley,MID,3
781,201.0,14.0,17.0,0.0,True,2025-08-23T14:00:00Z,2.0,0.0,2.0,False,0.0,0.0,0.0,0.0,0.0,0.0,0.0,0.0,0.0,0.0,0.0,0.0,0.0,0.0,0.0,0.0,0.0,0.0,0.0,0.0,0.0,0.0,0.0,0.0,0.0,0.0,55.0,-397.0,2601.0,119.0,516.0,201,Benson Hedilazio,Burnley,Manuel,183751,,3,90,Manuel_Benson Hedilazio,56,Sunderland,90,Burnley,MID,3
782,202.0,14.0,17.0,3.0,True,2025-08-23T14:00:00Z,2.0,0.0,2.0,False,68.0,0.0,0.0,1.0,0.0,0.0,0.0,0.0,0.0,0.0,0.0,0.0,6.0,0.0,1.8,4.0,0.4,1.0,3.0,0.0,4.0,1.0,0.02,0.01,0.03,0.61,55.0,-610.0,4154.0,269.0,879.0,202,Bruun Larsen,Burnley,Jacob,179458,,3,90,Jacob_Bruun Larsen,56,Sunderland,90,Burnley,MID,3
783,203.0,14.0,17.0,0.0,True,2025-08-23T14:00:00Z,2.0,0.0,2.0,False,0.0,0.0,0.0,0.0,0.0,0.0,0.0,0.0,0.0,0.0,0.0,0.0,0.0,0.0,0.0,0.0,0.0,0.0,0.0,0.0,0.0,0.0,0.0,0.0,0.0,0.0,50.0,-744.0,6007.0,245.0,989.0,203,Agyei,Burnley,Enock,578614,,3,90,Enock_Agyei,56,Sunderland,90,Burnley,MID,3
784,204.0,14.0,17.0,0.0,True,2025-08-23T14:00:00Z,2.0,0.0,2.0,False,0.0,0.0,0.0,0.0,0.0,0.0,0.0,0.0,0.0,0.0,0.0,0.0,0.0,0.0,0.0,0.0,0.0,0.0,0.0,0.0,0.0,0.0,0.0,0.0,0.0,0.0,50.0,-376.0,2733.0,50.0,426.0,204,Churlinov,Burnley,Darko,250735,,3,90,Darko_Churlinov,56,Sunderland,90,Burnley,MID,3
785,205.0,14.0,17.0,14.0,True,2025-08-23T14:00:00Z,2.0,0.0,2.0,False,90.0,1.0,1.0,1.0,0.0,0.0,0.0,0.0,0.0,0.0,0.0,3.0,49.0,65.8,17.0,21.0,10.4,2.0,4.0,1.0,7.0,1.0,0.08,0.19,0.27,0.77,50.0,2529.0,10357.0,3654.0,1125.0,205,Cullen,Burnley,Josh,172567,,3,90,Josh_Cullen,56,Sunderland,90,Burnley,MID,3
786,206.0,14.0,17.0,0.0,True,2025-08-23T14:00:00Z,2.0,0.0,2.0,False,0.0,0.0,0.0,0.0,0.0,0.0,0.0,0.0,0.0,0.0,0.0,0.0,0.0,0.0,0.0,0.0,0.0,0.0,0.0,0.0,0.0,0.0,0.0,0.0,0.0,0.0,50.0,-1286.0,9619.0,323.0,1609.0,206,Edwards,Burnley,Marcus,174592,,3,90,Marcus_Edwards,56,Sunderland,90,Burnley,MID,3
787,207.0,14.0,17.0,5.0,True,2025-08-23T14:00:00Z,2.0,0.0,2.0,False,82.0,0.0,0.0,1.0,0.0,0.0,0.0,0.0,0.0,0.0,0.0,0.0,11.0,9.2,18.5,4.0,3.2,2.0,8.0,3.0,13.0,1.0,0.02,0.12,0.14,0.66,50.0,-1025.0,15322.0,960.0,1985.0,207,Mejbri,Burnley,Hannibal,465527,,3,90,Hannibal_Mejbri,56,Sunderland,90,Burnley,MID,3
788,208.0,14.0,17.0,0.0,True,2025-08-23T14:00:00Z,2.0,0.0,2.0,False,0.0,0.0,0.0,0.0,0.0,0.0,0.0,0.0,0.0,0.0,0.0,0.0,0.0,0.0,0.0,0.0,0.0,0.0,0.0,0.0,0.0,0.0,0.0,0.0,0.0,0.0,50.0,-670.0,3607.0,68.0,738.0,208,Koleosho,Burnley,Luca,487702,Has joined Espanyol on loan for the rest of the season.,3,90,Luca_Koleosho,56,Sunderland,90,Burnley,MID,3
789,209.0,14.0,17.0,1.0,True,2025-08-23T14:00:00Z,2.0,0.0,2.0,False,21.0,0.0,0.0,0.0,0.0,0.0,0.0,0.0,0.0,0.0,0.0,0.0,4.0,10.8,0.8,0.0,1.2,3.0,0.0,1.0,4.0,0.0,0.0,0.0,0.0,0.16,50.0,-201.0,3326.0,224.0,425.0,209,Laurent,Burnley,Josh,167887,,3,90,Josh_Laurent,56,Sunderland,90,Burnley,MID,3
790,210.0,14.0,17.0,1.0,True,2025-08-23T14:00:00Z,2.0,0.0,2.0,False,7.0,0.0,0.0,0.0,0.0,0.0,0.0,0.0,0.0,0.0,0.0,0.0,3.0,0.4,4.6,3.0,0.8,0.0,2.0,0.0,2.0,0.0,0.08,0.03,0.11,0.11,50.0,-352.0,2966.0,53.0,405.0,210,Tchaouna,Burnley,Loum,469272,,3,90,Loum_Tchaouna,56,Sunderland,90,Burnley,MID,3
791,211.0,14.0,17.0,0.0,True,2025-08-23T14:00:00Z,2.0,0.0,2.0,False,0.0,0.0,0.0,0.0,0.0,0.0,0.0,0.0,0.0,0.0,0.0,0.0,0.0,0.0,0.0,0.0,0.0,0.0,0.0,0.0,0.0,0.0,0.0,0.0,0.0,0.0,45.0,-70600.0,961170.0,34974.0,105574.0,211,Ramsey,Burnley,Aaron,447715,,3,90,Aaron_Ramsey,56,Sunderland,90,Burnley,MID,3
792,212.0,14.0,17.0,0.0,True,2025-08-23T14:00:00Z,2.0,0.0,2.0,False,0.0,0.0,0.0,0.0,0.0,0.0,0.0,0.0,0.0,0.0,0.0,0.0,0.0,0.0,0.0,0.0,0.0,0.0,0.0,0.0,0.0,0.0,0.0,0.0,0.0,0.0,45.0,-1067.0,2406.0,0.0,1067.0,212,Adewumi,Burnley,Oluwaseun,576323,Has joined Cercle Brugge on loan for the rest of the season.,3,90,Oluwaseun_Adewumi,56,Sunderland,90,Burnley,MID,3
793,213.0,14.0,17.0,0.0,True,2025-08-23T14:00:00Z,2.0,0.0,2.0,False,0.0,0.0,0.0,0.0,0.0,0.0,0.0,0.0,0.0,0.0,0.0,0.0,0.0,0.0,0.0,0.0,0.0,0.0,0.0,0.0,0.0,0.0,0.0,0.0,0.0,0.0,45.0,-330.0,3962.0,261.0,591.0,213,Banel,Burnley,Jaydon,551206,,3,90,Jaydon_Banel,56,Sunderland,90,Burnley,MID,3
794,214.0,14.0,17.0,0.0,True,2025-08-23T14:00:00Z,2.0,0.0,2.0,False,0.0,0.0,0.0,0.0,0.0,0.0,0.0,0.0,0.0,0.0,0.0,0.0,0.0,0.0,0.0,0.0,0.0,0.0,0.0,0.0,0.0,0.0,0.0,0.0,0.0,0.0,45.0,-633.0,7938.0,425.0,1058.0,214,Trésor Ndayishimiye,Burnley,Mike,437748,,3,90,Mike_Trésor Ndayishimiye,56,Sunderland,90,Burnley,MID,3
795,215.0,14.0,17.0,1.0,True,2025-08-23T14:00:00Z,2.0,0.0,2.0,False,4.0,0.0,0.0,0.0,0.0,0.0,0.0,0.0,0.0,0.0,0.0,0.0,3.0,2.2,10.0,2.0,1.4,0.0,0.0,0.0,0.0,0.0,0.0,0.0,0.0,0.11,55.0,-1303.0,17503.0,1879.0,3182.0,215,Flemming,Burnley,Zian,431639,,4,90,Zian_Flemming,56,Sunderland,90,Burnley,FWD,3
796,216.0,14.0,17.0,0.0,True,2025-08-23T14:00:00Z,2.0,0.0,2.0,False,0.0,0.0,0.0,0.0,0.0,0.0,0.0,0.0,0.0,0.0,0.0,0.0,0.0,0.0,0.0,0.0,0.0,0.0,0.0,0.0,0.0,0.0,0.0,0.0,0.0,0.0,50.0,-1822.0,4775.0,140.0,1962.0,216,Amdouni,Burnley,Zeki,492831,Knee injury - Unknown return date,4,90,Zeki_Amdouni,56,Sunderland,90,Burnley,FWD,3
797,217.0,14.0,17.0,2.0,True,2025-08-23T14:00:00Z,2.0,0.0,2.0,False,85.0,0.0,0.0,1.0,0.0,0.0,0.0,0.0,0.0,0.0,0.0,0.0,7.0,1.8,3.6,4.0,0.9,0.0,3.0,2.0,5.0,1.0,0.0,0.01,0.01,0.66,50.0,12467.0,61039.0,22593.0,10126.0,217,Foster,Burnley,Lyle,435973,,4,90,Lyle_Foster,56,Sunderland,90,Burnley,FWD,3
798,218.0,14.0,17.0,0.0,True,2025-08-23T14:00:00Z,2.0,0.0,2.0,False,0.0,0.0,0.0,0.0,0.0,0.0,0.0,0.0,0.0,0.0,0.0,0.0,0.0,0.0,0.0,0.0,0.0,0.0,0.0,0.0,0.0,0.0,0.0,0.0,0.0,0.0,45.0,-14969.0,249580.0,12234.0,27203.0,218,Barnes,Burnley,Ashley,44699,,4,90,Ashley_Barnes,56,Sunderland,90,Burnley,FWD,3
799,219.0,14.0,17.0,0.0,True,2025-08-23T14:00:00Z,2.0,0.0,2.0,False,0.0,0.0,0.0,0.0,0.0,0.0,0.0,0.0,0.0,0.0,0.0,0.0,0.0,0.0,0.0,0.0,0.0,0.0,0.0,0.0,0.0,0.0,0.0,0.0,0.0,0.0,45.0,-2654.0,45430.0,2273.0,4927.0,219,Obafemi,Burnley,Michael,220598,,4,90,Michael_Obafemi,56,Sunderland,90,Burnley,FWD,3
800,470.0,14.0,17.0,6.0,True,2025-08-23T14:00:00Z,2.0,0.0,2.0,False,90.0,0.0,0.0,1.0,0.0,0.0,0.0,0.0,0.0,0.0,1.0,0.0,25.0,10.8,0.0,0.0,1.1,2.0,11.0,0.0,0.0,1.0,0.0,0.0,0.0,0.77,40.0,103907.0,3747160.0,147768.0,43861.0,470,Dúbravka,Burnley,Martin,67089,,1,90,Martin_Dúbravka,56,Sunderland,90,Burnley,GKP,3
801,676.0,14.0,17.0,3.0,True,2025-08-23T14:00:00Z,2.0,0.0,2.0,False,68.0,0.0,0.0,1.0,0.0,0.0,0.0,0.0,0.0,0.0,0.0,0.0,11.0,7.8,16.7,3.0,2.8,1.0,1.0,2.0,4.0,1.0,0.02,0.02,0.04,0.61,50.0,-373.0,4803.0,285.0,658.0,676,Ugochukwu,Burnley,Lesley,503714,,3,90,Lesley_Ugochukwu,56,Sunderland,90,Burnley,MID,3
802,680.0,14.0,17.0,0.0,True,2025-08-23T14:00:00Z,2.0,0.0,2.0,False,0.0,0.0,0.0,0.0,0.0,0.0,0.0,0.0,0.0,0.0,0.0,0.0,0.0,0.0,0.0,0.0,0.0,0.0,0.0,0.0,0.0,0.0,0.0,0.0,0.0,0.0,55.0,-2339.0,24602.0,2333.0,4672.0,680,Broja,Burnley,Armando,440323,Lack of match fitness - 75% chance of playing,4,90,Armando_Broja,56,Sunderland,90,Burnley,FWD,3
803,66.0,12.0,20.0,0.0,True,2025-08-23T14:00:00Z,1.0,0.0,2.0,False,0.0,0.0,0.0,0.0,0.0,0.0,0.0,0.0,0.0,0.0,0.0,0.0,0.0,0.0,0.0,0.0,0.0,0.0,0.0,0.0,0.0,0.0,0.0,0.0,0.0,0.0,45.0,-6092.0,17282.0,0.0,6092.0,66,Murara Neto,Bournemouth,Norberto,69752,Has joined Botafogo permanently.,1,91,Norberto_Murara Neto,39,Wolves,91,Bournemouth,GKP,4
804,67.0,12.0,20.0,6.0,True,2025-08-23T14:00:00Z,1.0,0.0,2.0,False,90.0,0.0,0.0,1.0,0.0,0.0,0.0,0.0,0.0,0.0,1.0,0.0,23.0,11.4,0.0,0.0,1.1,2.0,5.0,0.0,0.0,1.0,0.0,0.0,0.0,0.46,45.0,34290.0,394940.0,59275.0,24985.0,67,Petrović,Bournemouth,Đorđe,457569,,1,91,Đorđe_Petrović,39,Wolves,91,Bournemouth,GKP,4
805,68.0,12.0,20.0,0.0,True,2025-08-23T14:00:00Z,1.0,0.0,2.0,False,0.0,0.0,0.0,0.0,0.0,0.0,0.0,0.0,0.0,0.0,0.0,0.0,0.0,0.0,0.0,0.0,0.0,0.0,0.0,0.0,0.0,0.0,0.0,0.0,0.0,0.0,40.0,2761.0,117391.0,7907.0,5146.0,68,Dennis,Bournemouth,Will,444172,,1,91,Will_Dennis,39,Wolves,91,Bournemouth,GKP,4
806,69.0,12.0,20.0,0.0,True,2025-08-23T14:00:00Z,1.0,0.0,2.0,False,0.0,0.0,0.0,0.0,0.0,0.0,0.0,0.0,0.0,0.0,0.0,0.0,0.0,0.0,0.0,0.0,0.0,0.0,0.0,0.0,0.0,0.0,0.0,0.0,0.0,0.0,40.0,-49.0,23429.0,1077.0,1126.0,69,McKenna,Bournemouth,Callan,568791,,1,91,Callan_McKenna,39,Wolves,91,Bournemouth,GKP,4
807,70.0,12.0,20.0,0.0,True,2025-08-23T14:00:00Z,1.0,0.0,2.0,False,0.0,0.0,0.0,0.0,0.0,0.0,0.0,0.0,0.0,0.0,0.0,0.0,0.0,0.0,0.0,0.0,0.0,0.0,0.0,0.0,0.0,0.0,0.0,0.0,0.0,0.0,40.0,-28.0,15912.0,783.0,811.0,70,Paulsen,Bournemouth,Alex,495145,,1,91,Alex_Paulsen,39,Wolves,91,Bournemouth,GKP,4
808,71.0,12.0,20.0,0.0,True,2025-08-23T14:00:00Z,1.0,0.0,2.0,False,0.0,0.0,0.0,0.0,0.0,0.0,0.0,0.0,0.0,0.0,0.0,0.0,0.0,0.0,0.0,0.0,0.0,0.0,0.0,0.0,0.0,0.0,0.0,0.0,0.0,0.0,50.0,-4889.0,6058.0,0.0,4889.0,71,Zabarnyi,Bournemouth,Illia,477580,Has joined Paris Saint-Germain permanently.,2,91,Illia_Zabarnyi,39,Wolves,91,Bournemouth,DEF,4
809,72.0,12.0,20.0,9.0,True,2025-08-23T14:00:00Z,1.0,0.0,2.0,False,90.0,0.0,0.0,1.0,0.0,0.0,0.0,0.0,0.0,0.0,0.0,1.0,31.0,25.0,0.9,2.0,2.8,13.0,4.0,1.0,14.0,1.0,0.0,0.01,0.01,0.46,45.0,44438.0,150492.0,55666.0,11228.0,72,Senesi Barón,Bournemouth,Marcos,221466,,2,91,Marcos_Senesi Barón,39,Wolves,91,Bournemouth,DEF,4
810,73.0,12.0,20.0,6.0,True,2025-08-23T14:00:00Z,1.0,0.0,2.0,False,90.0,0.0,0.0,1.0,0.0,0.0,0.0,0.0,0.0,0.0,0.0,0.0,24.0,5.6,3.4,0.0,0.9,2.0,1.0,0.0,2.0,1.0,0.0,0.01,0.01,0.46,45.0,7432.0,42497.0,10715.0,3283.0,73,Smith,Bournemouth,Adam,54469,,2,91,Adam_Smith,39,Wolves,91,Bournemouth,DEF,4
811,74.0,12.0,20.0,6.0,True,2025-08-23T14:00:00Z,1.0,0.0,2.0,False,90.0,0.0,0.0,1.0,0.0,0.0,0.0,0.0,0.0,0.0,0.0,0.0,28.0,18.0,18.9,6.0,4.3,4.0,4.0,0.0,4.0,1.0,0.0,0.04,0.04,0.46,45.0,30012.0,117372.0,40436.0,10424.0,74,Truffert,Bournemouth,Adrien,494521,,2,91,Adrien_Truffert,39,Wolves,91,Bournemouth,DEF,4
812,75.0,12.0,20.0,0.0,True,2025-08-23T14:00:00Z,1.0,0.0,2.0,False,0.0,0.0,0.0,0.0,0.0,0.0,0.0,0.0,0.0,0.0,0.0,0.0,0.0,0.0,0.0,0.0,0.0,0.0,0.0,0.0,0.0,0.0,0.0,0.0,0.0,0.0,40.0,-945.0,34614.0,2110.0,3055.0,75,Akinmboni,Bournemouth,Matai,541462,,2,91,Matai_Akinmboni,39,Wolves,91,Bournemouth,DEF,4
813,76.0,12.0,20.0,0.0,True,2025-08-23T14:00:00Z,1.0,0.0,2.0,False,0.0,0.0,0.0,0.0,0.0,0.0,0.0,0.0,0.0,0.0,0.0,0.0,0.0,0.0,0.0,0.0,0.0,0.0,0.0,0.0,0.0,0.0,0.0,0.0,0.0,0.0,40.0,-1141.0,18384.0,707.0,1848.0,76,Bevan,Bournemouth,Owen,518906,,2,91,Owen_Bevan,39,Wolves,91,Bournemouth,DEF,4
814,77.0,12.0,20.0,1.0,True,2025-08-23T14:00:00Z,1.0,0.0,2.0,False,2.0,0.0,0.0,0.0,0.0,0.0,0.0,0.0,0.0,0.0,0.0,0.0,3.0,0.4,0.2,0.0,0.1,0.0,0.0,0.0,0.0,0.0,0.0,0.0,0.0,0.06,40.0,3065.0,84402.0,10915.0,7850.0,77,Hill,Bournemouth,James,463981,,2,91,James_Hill,39,Wolves,91,Bournemouth,DEF,4
815,78.0,12.0,20.0,0.0,True,2025-08-23T14:00:00Z,1.0,0.0,2.0,False,0.0,0.0,0.0,0.0,0.0,0.0,0.0,0.0,0.0,0.0,0.0,0.0,0.0,0.0,0.0,0.0,0.0,0.0,0.0,0.0,0.0,0.0,0.0,0.0,0.0,0.0,40.0,-5380.0,134555.0,7082.0,12462.0,78,Araujo Zúñiga,Bournemouth,Julián,436893,,2,91,Julián_Araujo Zúñiga,39,Wolves,91,Bournemouth,DEF,4
816,79.0,12.0,20.0,0.0,True,2025-08-23T14:00:00Z,1.0,0.0,2.0,False,0.0,0.0,0.0,0.0,0.0,0.0,0.0,0.0,0.0,0.0,0.0,0.0,0.0,0.0,0.0,0.0,0.0,0.0,0.0,0.0,0.0,0.0,0.0,0.0,0.0,0.0,40.0,-1304.0,20968.0,643.0,1947.0,79,Mepham,Bournemouth,Chris,223911,,2,91,Chris_Mepham,39,Wolves,91,Bournemouth,DEF,4
817,80.0,12.0,20.0,0.0,True,2025-08-23T14:00:00Z,1.0,0.0,2.0,False,0.0,0.0,0.0,0.0,0.0,0.0,0.0,0.0,0.0,0.0,0.0,0.0,0.0,0.0,0.0,0.0,0.0,0.0,0.0,0.0,0.0,0.0,0.0,0.0,0.0,0.0,40.0,-1353.0,29868.0,1346.0,2699.0,80,Soler Barreto,Bournemouth,Julio,575901,,2,91,Julio_Soler Barreto,39,Wolves,91,Bournemouth,DEF,4
818,81.0,12.0,20.0,1.0,True,2025-08-23T14:00:00Z,1.0,0.0,2.0,False,12.0,0.0,0.0,0.0,0.0,0.0,0.0,0.0,0.0,0.0,0.0,0.0,1.0,0.0,11.3,7.0,1.8,0.0,0.0,0.0,0.0,0.0,0.11,0.01,0.12,0.06,70.0,-35859.0,62043.0,328.0,36187.0,81,Kluivert,Bournemouth,Justin,222683,,3,91,Justin_Kluivert,39,Wolves,91,Bournemouth,MID,4
819,82.0,12.0,20.0,6.0,True,2025-08-23T14:00:00Z,1.0,0.0,2.0,False,90.0,0.0,1.0,1.0,0.0,0.0,0.0,0.0,0.0,0.0,0.0,0.0,11.0,20.2,36.0,45.0,10.1,0.0,5.0,0.0,5.0,1.0,0.68,0.07,0.75,0.46,71.0,852274.0,1774426.0,901033.0,48759.0,82,Semenyo,Bournemouth,Antoine,437730,,3,91,Antoine_Semenyo,39,Wolves,91,Bournemouth,MID,4
820,84.0,12.0,20.0,11.0,True,2025-08-23T14:00:00Z,1.0,0.0,2.0,False,77.0,1.0,0.0,1.0,0.0,0.0,0.0,0.0,0.0,0.0,0.0,3.0,36.0,42.8,4.5,28.0,7.5,2.0,2.0,0.0,4.0,1.0,0.19,0.21,0.4,0.41,55.0,16235.0,64769.0,24795.0,8560.0,84,Tavernier,Bournemouth,Marcus,201658,,3,91,Marcus_Tavernier,39,Wolves,91,Bournemouth,MID,4
821,85.0,12.0,20.0,2.0,True,2025-08-23T14:00:00Z,1.0,0.0,2.0,False,87.0,0.0,0.0,1.0,0.0,0.0,0.0,0.0,1.0,0.0,0.0,0.0,17.0,20.2,5.3,7.0,3.3,4.0,3.0,2.0,9.0,1.0,0.03,0.01,0.04,0.41,50.0,3104.0,38060.0,7449.0,4345.0,85,Adams,Bournemouth,Tyler,200785,,3,91,Tyler_Adams,39,Wolves,91,Bournemouth,MID,4
822,86.0,12.0,20.0,3.0,True,2025-08-23T14:00:00Z,1.0,0.0,2.0,False,66.0,0.0,0.0,1.0,0.0,0.0,0.0,0.0,0.0,0.0,0.0,0.0,11.0,8.2,24.2,15.0,4.7,2.0,2.0,0.0,4.0,1.0,0.17,0.67,0.84,0.41,50.0,8669.0,28112.0,12384.0,3715.0,86,Brooks,Bournemouth,David,111317,,3,91,David_Brooks,39,Wolves,91,Bournemouth,MID,4
823,87.0,12.0,20.0,1.0,True,2025-08-23T14:00:00Z,1.0,0.0,2.0,False,24.0,0.0,0.0,0.0,0.0,0.0,0.0,0.0,0.0,0.0,0.0,0.0,3.0,4.4,13.1,5.0,2.3,1.0,1.0,0.0,2.0,0.0,0.06,0.02,0.08,0.06,50.0,-2349.0,8285.0,82.0,2431.0,87,Christie,Bournemouth,Ryan,158499,,3,91,Ryan_Christie,39,Wolves,91,Bournemouth,MID,4
824,88.0,12.0,20.0,0.0,True,2025-08-23T14:00:00Z,1.0,0.0,2.0,False,0.0,0.0,0.0,0.0,0.0,0.0,0.0,0.0,0.0,0.0,0.0,0.0,0.0,0.0,0.0,0.0,0.0,0.0,0.0,0.0,0.0,0.0,0.0,0.0,0.0,0.0,50.0,-276.0,1335.0,50.0,326.0,88,Cook,Bournemouth,Lewis,155408,Knee injury - Expected back 13 Sep,3,91,Lewis_Cook,39,Wolves,91,Bournemouth,MID,4
825,89.0,12.0,20.0,0.0,True,2025-08-23T14:00:00Z,1.0,0.0,2.0,False,0.0,0.0,0.0,0.0,0.0,0.0,0.0,0.0,0.0,0.0,0.0,0.0,0.0,0.0,0.0,0.0,0.0,0.0,0.0,0.0,0.0,0.0,0.0,0.0,0.0,0.0,50.0,-1051.0,7179.0,408.0,1459.0,89,Billing,Bournemouth,Philip,168991,,3,91,Philip_Billing,39,Wolves,91,Bournemouth,MID,4
826,90.0,12.0,20.0,2.0,True,2025-08-23T14:00:00Z,1.0,0.0,2.0,False,65.0,0.0,0.0,1.0,0.0,0.0,0.0,0.0,1.0,0.0,0.0,0.0,10.0,7.4,13.9,5.0,2.6,2.0,1.0,3.0,6.0,1.0,0.05,0.03,0.08,0.41,50.0,16.0,10696.0,1291.0,1275.0,90,Scott,Bournemouth,Alex,503139,,3,91,Alex_Scott,39,Wolves,91,Bournemouth,MID,4
827,91.0,12.0,20.0,0.0,True,2025-08-23T14:00:00Z,1.0,0.0,2.0,False,0.0,0.0,0.0,0.0,0.0,0.0,0.0,0.0,0.0,0.0,0.0,0.0,0.0,0.0,0.0,0.0,0.0,0.0,0.0,0.0,0.0,0.0,0.0,0.0,0.0,0.0,50.0,-1074.0,3297.0,150.0,1224.0,91,Sinisterra Lucumí,Bournemouth,Luis,224995,,3,91,Luis_Sinisterra Lucumí,39,Wolves,91,Bournemouth,MID,4
828,92.0,12.0,20.0,0.0,True,2025-08-23T14:00:00Z,1.0,0.0,2.0,False,0.0,0.0,0.0,0.0,0.0,0.0,0.0,0.0,0.0,0.0,0.0,0.0,0.0,0.0,0.0,0.0,0.0,0.0,0.0,0.0,0.0,0.0,0.0,0.0,0.0,0.0,45.0,-1174.0,20436.0,1715.0,2889.0,92,Faivre,Bournemouth,Romain,441240,,3,91,Romain_Faivre,39,Wolves,91,Bournemouth,MID,4
829,93.0,12.0,20.0,0.0,True,2025-08-23T14:00:00Z,1.0,0.0,2.0,False,0.0,0.0,0.0,0.0,0.0,0.0,0.0,0.0,0.0,0.0,0.0,0.0,0.0,0.0,0.0,0.0,0.0,0.0,0.0,0.0,0.0,0.0,0.0,0.0,0.0,0.0,45.0,61029.0,145216.0,80941.0,19912.0,93,Traorè,Bournemouth,Hamed,424044,,3,91,Hamed_Traorè,39,Wolves,91,Bournemouth,MID,4
830,94.0,12.0,20.0,0.0,True,2025-08-23T14:00:00Z,1.0,0.0,2.0,False,0.0,0.0,0.0,0.0,0.0,0.0,0.0,0.0,0.0,0.0,0.0,0.0,0.0,0.0,0.0,0.0,0.0,0.0,0.0,0.0,0.0,0.0,0.0,0.0,0.0,0.0,45.0,-350.0,6507.0,497.0,847.0,94,Sadi,Bournemouth,Dominic,550596,,3,91,Dominic_Sadi,39,Wolves,91,Bournemouth,MID,4
831,95.0,12.0,20.0,0.0,True,2025-08-23T14:00:00Z,1.0,0.0,2.0,False,0.0,0.0,0.0,0.0,0.0,0.0,0.0,0.0,0.0,0.0,0.0,0.0,0.0,0.0,0.0,0.0,0.0,0.0,0.0,0.0,0.0,0.0,0.0,0.0,0.0,0.0,45.0,-828.0,9291.0,355.0,1183.0,95,Silcott-Duberry,Bournemouth,Zain,530121,,3,91,Zain_Silcott-Duberry,39,Wolves,91,Bournemouth,MID,4
832,96.0,12.0,20.0,0.0,True,2025-08-23T14:00:00Z,1.0,0.0,2.0,False,0.0,0.0,0.0,0.0,0.0,0.0,0.0,0.0,0.0,0.0,0.0,0.0,0.0,0.0,0.0,0.0,0.0,0.0,0.0,0.0,0.0,0.0,0.0,0.0,0.0,0.0,45.0,750.0,11048.0,2001.0,1251.0,96,Winterburn,Bournemouth,Ben,606775,,3,91,Ben_Winterburn,39,Wolves,91,Bournemouth,MID,4
833,97.0,12.0,20.0,2.0,True,2025-08-23T14:00:00Z,1.0,0.0,2.0,False,87.0,0.0,0.0,1.0,0.0,0.0,0.0,0.0,0.0,0.0,0.0,0.0,13.0,6.4,45.5,4.0,5.6,0.0,1.0,0.0,1.0,1.0,0.0,0.02,0.02,0.41,70.0,56679.0,292590.0,93409.0,36730.0,97,de Lima Barbosa,Bournemouth,Francisco Evanilson,444102,,4,91,Francisco Evanilson_de Lima Barbosa,39,Wolves,91,Bournemouth,FWD,4
834,98.0,12.0,20.0,0.0,True,2025-08-23T14:00:00Z,1.0,0.0,2.0,False,0.0,0.0,0.0,0.0,0.0,0.0,0.0,0.0,0.0,0.0,0.0,0.0,0.0,0.0,0.0,0.0,0.0,0.0,0.0,0.0,0.0,0.0,0.0,0.0,0.0,0.0,55.0,-182.0,1318.0,136.0,318.0,98,Ünal,Bournemouth,Enes,168636,Knee injury - Unknown return date,4,91,Enes_Ünal,39,Wolves,91,Bournemouth,FWD,4
835,99.0,12.0,20.0,0.0,True,2025-08-23T14:00:00Z,1.0,0.0,2.0,False,0.0,0.0,0.0,0.0,0.0,0.0,0.0,0.0,0.0,0.0,0.0,0.0,0.0,0.0,0.0,0.0,0.0,0.0,0.0,0.0,0.0,0.0,0.0,0.0,0.0,0.0,45.0,-1243.0,33038.0,3315.0,4558.0,99,Adu-Adjei,Bournemouth,Daniel,590760,,4,91,Daniel_Adu-Adjei,39,Wolves,91,Bournemouth,FWD,4
836,100.0,12.0,20.0,1.0,True,2025-08-23T14:00:00Z,1.0,0.0,2.0,False,2.0,0.0,0.0,0.0,0.0,0.0,0.0,0.0,0.0,0.0,0.0,0.0,3.0,0.0,0.0,2.0,0.2,0.0,0.0,0.0,0.0,0.0,0.0,0.0,0.0,0.06,45.0,28243.0,146695.0,48171.0,19928.0,100,Kroupi,Bournemouth,Eli Junior,560262,,4,91,Eli Junior_Kroupi,39,Wolves,91,Bournemouth,FWD,4
837,391.0,12.0,20.0,0.0,True,2025-08-23T14:00:00Z,1.0,0.0,2.0,False,0.0,0.0,0.0,0.0,0.0,0.0,0.0,0.0,0.0,0.0,0.0,0.0,0.0,0.0,0.0,0.0,0.0,0.0,0.0,0.0,0.0,0.0,0.0,0.0,0.0,0.0,50.0,959.0,6612.0,2016.0,1057.0,391,Gannon-Doak,Bournemouth,Ben,496208,,3,91,Ben_Gannon-Doak,39,Wolves,91,Bournemouth,MID,4
838,685.0,12.0,20.0,10.0,True,2025-08-23T14:00:00Z,1.0,0.0,2.0,False,90.0,0.0,0.0,1.0,0.0,0.0,0.0,0.0,0.0,0.0,0.0,2.0,34.0,20.8,0.9,0.0,2.2,7.0,3.0,3.0,10.0,1.0,0.0,0.0,0.0,0.46,45.0,5095.0,22249.0,7140.0,2045.0,685,Diakité,Bournemouth,Bafodé,242882,,2,91,Bafodé_Diakité,39,Wolves,91,Bournemouth,DEF,4
839,687.0,12.0,20.0,0.0,True,2025-08-23T14:00:00Z,1.0,0.0,2.0,False,0.0,0.0,0.0,0.0,0.0,0.0,0.0,0.0,0.0,0.0,0.0,0.0,0.0,0.0,0.0,0.0,0.0,0.0,0.0,0.0,0.0,0.0,0.0,0.0,0.0,0.0,45.0,3027.0,16157.0,4571.0,1544.0,687,Rees-Dottin,Bournemouth,Remy,606774,,3,91,Remy_Rees-Dottin,39,Wolves,91,Bournemouth,MID,4
840,697.0,12.0,20.0,1.0,True,2025-08-23T14:00:00Z,1.0,0.0,2.0,False,24.0,0.0,0.0,0.0,0.0,0.0,0.0,0.0,0.0,0.0,0.0,0.0,9.0,10.4,15.0,2.0,2.7,1.0,2.0,3.0,6.0,0.0,0.0,0.02,0.02,0.06,55.0,418.0,859.0,506.0,88.0,697,Adli,Bournemouth,Amine,489888,,3,91,Amine_Adli,39,Wolves,91,Bournemouth,MID,4
841,83.0,13.0,2.0,13.0,True,2025-08-23T14:00:00Z,1.0,0.0,2.0,False,83.0,1.0,0.0,1.0,0.0,0.0,0.0,0.0,0.0,0.0,0.0,3.0,33.0,50.4,3.7,56.0,11.0,5.0,6.0,4.0,15.0,1.0,0.77,0.02,0.79,1.1,60.0,-1755.0,7498.0,1041.0,2796.0,83,Ouattara,Brentford,Dango,533463,,3,94,Dango_Ouattara,7,Aston Villa,94,Brentford,MID,5
842,101.0,13.0,2.0,5.0,True,2025-08-23T14:00:00Z,1.0,0.0,2.0,False,90.0,0.0,0.0,1.0,0.0,0.0,0.0,0.0,1.0,0.0,2.0,0.0,21.0,10.0,0.0,0.0,1.0,1.0,7.0,0.0,0.0,1.0,0.0,0.01,0.01,1.19,45.0,-50276.0,1106578.0,27417.0,77693.0,101,Kelleher,Brentford,Caoimhín,200720,,1,94,Caoimhín_Kelleher,7,Aston Villa,94,Brentford,GKP,5
843,102.0,13.0,2.0,0.0,True,2025-08-23T14:00:00Z,1.0,0.0,2.0,False,0.0,0.0,0.0,0.0,0.0,0.0,0.0,0.0,0.0,0.0,0.0,0.0,0.0,0.0,0.0,0.0,0.0,0.0,0.0,0.0,0.0,0.0,0.0,0.0,0.0,0.0,40.0,179.0,35534.0,1973.0,1794.0,102,Balcombe,Brentford,Ellery,235448,,1,94,Ellery_Balcombe,7,Aston Villa,94,Brentford,GKP,5
844,103.0,13.0,2.0,0.0,True,2025-08-23T14:00:00Z,1.0,0.0,2.0,False,0.0,0.0,0.0,0.0,0.0,0.0,0.0,0.0,0.0,0.0,0.0,0.0,0.0,0.0,0.0,0.0,0.0,0.0,0.0,0.0,0.0,0.0,0.0,0.0,0.0,0.0,40.0,-222.0,16336.0,685.0,907.0,103,Cox,Brentford,Matthew,503300,,1,94,Matthew_Cox,7,Aston Villa,94,Brentford,GKP,5
845,104.0,13.0,2.0,0.0,True,2025-08-23T14:00:00Z,1.0,0.0,2.0,False,0.0,0.0,0.0,0.0,0.0,0.0,0.0,0.0,0.0,0.0,0.0,0.0,0.0,0.0,0.0,0.0,0.0,0.0,0.0,0.0,0.0,0.0,0.0,0.0,0.0,0.0,40.0,-259.0,8404.0,279.0,538.0,104,Eyestone,Brentford,Julian,535017,,1,94,Julian_Eyestone,7,Aston Villa,94,Brentford,GKP,5
846,105.0,13.0,2.0,0.0,True,2025-08-23T14:00:00Z,1.0,0.0,2.0,False,0.0,0.0,0.0,0.0,0.0,0.0,0.0,0.0,0.0,0.0,0.0,0.0,0.0,0.0,0.0,0.0,0.0,0.0,0.0,0.0,0.0,0.0,0.0,0.0,0.0,0.0,40.0,-3470.0,102366.0,1750.0,5220.0,105,Valdimarsson,Brentford,Hákon Rafn,507433,,1,94,Hákon Rafn_Valdimarsson,7,Aston Villa,94,Brentford,GKP,5
847,106.0,13.0,2.0,9.0,True,2025-08-23T14:00:00Z,1.0,0.0,2.0,False,90.0,0.0,0.0,1.0,0.0,0.0,0.0,0.0,0.0,0.0,0.0,1.0,25.0,20.8,0.3,6.0,2.7,12.0,5.0,1.0,13.0,1.0,0.0,0.01,0.01,1.19,50.0,-15518.0,166424.0,4841.0,20359.0,106,Collins,Brentford,Nathan,432830,,2,94,Nathan_Collins,7,Aston Villa,94,Brentford,DEF,5
848,107.0,13.0,2.0,6.0,True,2025-08-23T14:00:00Z,1.0,0.0,2.0,False,90.0,0.0,0.0,1.0,0.0,0.0,0.0,0.0,0.0,0.0,0.0,0.0,24.0,8.0,0.8,2.0,1.1,3.0,4.0,1.0,4.0,1.0,0.0,0.0,0.0,1.19,50.0,-1440.0,44362.0,2909.0,4349.0,107,Lewis-Potter,Brentford,Keane,249231,,2,94,Keane_Lewis-Potter,7,Aston Villa,94,Brentford,DEF,5
849,108.0,13.0,2.0,1.0,True,2025-08-23T14:00:00Z,1.0,0.0,2.0,False,5.0,0.0,0.0,0.0,0.0,0.0,0.0,0.0,0.0,0.0,0.0,0.0,3.0,1.4,0.1,0.0,0.2,1.0,0.0,0.0,1.0,0.0,0.0,0.0,0.0,0.1,45.0,-1532.0,19562.0,953.0,2485.0,108,Ajer,Brentford,Kristoffer,191866,,2,94,Kristoffer_Ajer,7,Aston Villa,94,Brentford,DEF,5
850,109.0,13.0,2.0,1.0,True,2025-08-23T14:00:00Z,1.0,0.0,2.0,False,6.0,0.0,0.0,0.0,0.0,0.0,0.0,0.0,0.0,0.0,0.0,0.0,3.0,2.0,0.0,0.0,0.2,1.0,0.0,0.0,1.0,0.0,0.0,0.0,0.0,0.1,45.0,-218.0,17502.0,1320.0,1538.0,109,Henry,Brentford,Rico,194010,,2,94,Rico_Henry,7,Aston Villa,94,Brentford,DEF,5
851,110.0,13.0,2.0,10.0,True,2025-08-23T14:00:00Z,1.0,0.0,2.0,False,84.0,0.0,0.0,1.0,0.0,0.0,0.0,0.0,0.0,0.0,0.0,2.0,27.0,32.4,0.5,2.0,3.5,6.0,4.0,5.0,11.0,1.0,0.0,0.01,0.01,1.1,45.0,-577.0,18919.0,1227.0,1804.0,110,Kayode,Brentford,Michael,607464,,2,94,Michael_Kayode,7,Aston Villa,94,Brentford,DEF,5
852,111.0,13.0,2.0,0.0,True,2025-08-23T14:00:00Z,1.0,0.0,2.0,False,0.0,0.0,0.0,0.0,0.0,0.0,0.0,0.0,0.0,0.0,0.0,0.0,0.0,0.0,0.0,0.0,0.0,0.0,0.0,0.0,0.0,0.0,0.0,0.0,0.0,0.0,45.0,-4205.0,20541.0,608.0,4813.0,111,Pinnock,Brentford,Ethan,231065,Muscle injury - 75% chance of playing,2,94,Ethan_Pinnock,7,Aston Villa,94,Brentford,DEF,5
853,112.0,13.0,2.0,0.0,True,2025-08-23T14:00:00Z,1.0,0.0,2.0,False,0.0,0.0,0.0,0.0,0.0,0.0,0.0,0.0,0.0,0.0,0.0,0.0,0.0,0.0,0.0,0.0,0.0,0.0,0.0,0.0,0.0,0.0,0.0,0.0,0.0,0.0,45.0,-610.0,4895.0,211.0,821.0,112,Roerslev Rasmussen,Brentford,Mads,226956,Has joined Southampton permanently.,2,94,Mads_Roerslev Rasmussen,7,Aston Villa,94,Brentford,DEF,5
854,113.0,13.0,2.0,8.0,True,2025-08-23T14:00:00Z,1.0,0.0,2.0,False,90.0,0.0,0.0,1.0,0.0,0.0,0.0,0.0,0.0,0.0,0.0,0.0,23.0,28.0,0.3,0.0,2.8,12.0,2.0,0.0,12.0,1.0,0.0,0.0,0.0,1.19,45.0,1731.0,46908.0,5267.0,3536.0,113,van den Berg,Brentford,Sepp,444765,,2,94,Sepp_van den Berg,7,Aston Villa,94,Brentford,DEF,5
855,114.0,13.0,2.0,0.0,True,2025-08-23T14:00:00Z,1.0,0.0,2.0,False,0.0,0.0,0.0,0.0,0.0,0.0,0.0,0.0,0.0,0.0,0.0,0.0,0.0,0.0,0.0,0.0,0.0,0.0,0.0,0.0,0.0,0.0,0.0,0.0,0.0,0.0,40.0,-1273.0,33119.0,1654.0,2927.0,114,Arthur,Brentford,Benjamin,622536,,2,94,Benjamin_Arthur,7,Aston Villa,94,Brentford,DEF,5
856,115.0,13.0,2.0,0.0,True,2025-08-23T14:00:00Z,1.0,0.0,2.0,False,0.0,0.0,0.0,0.0,0.0,0.0,0.0,0.0,0.0,0.0,0.0,0.0,0.0,0.0,0.0,0.0,0.0,0.0,0.0,0.0,0.0,0.0,0.0,0.0,0.0,0.0,40.0,-1066.0,17924.0,605.0,1671.0,115,Fredrick,Brentford,Benjamin,612534,,2,94,Benjamin_Fredrick,7,Aston Villa,94,Brentford,DEF,5
857,116.0,13.0,2.0,1.0,True,2025-08-23T14:00:00Z,1.0,0.0,2.0,False,11.0,0.0,0.0,0.0,0.0,0.0,0.0,0.0,0.0,0.0,0.0,0.0,5.0,4.0,0.1,0.0,0.4,0.0,0.0,2.0,2.0,0.0,0.0,0.0,0.0,0.24,40.0,-2260.0,48243.0,1689.0,3949.0,116,Hickey,Brentford,Aaron,472713,,2,94,Aaron_Hickey,7,Aston Villa,94,Brentford,DEF,5
858,117.0,13.0,2.0,0.0,True,2025-08-23T14:00:00Z,1.0,0.0,2.0,False,0.0,0.0,0.0,0.0,0.0,0.0,0.0,0.0,0.0,0.0,0.0,0.0,0.0,0.0,0.0,0.0,0.0,0.0,0.0,0.0,0.0,0.0,0.0,0.0,0.0,0.0,40.0,-1235.0,17597.0,428.0,1663.0,117,Ji-soo,Brentford,Kim,570241,,2,94,Kim_Ji-soo,7,Aston Villa,94,Brentford,DEF,5
859,118.0,13.0,2.0,0.0,True,2025-08-23T14:00:00Z,1.0,0.0,2.0,False,0.0,0.0,0.0,0.0,0.0,0.0,0.0,0.0,0.0,0.0,0.0,0.0,0.0,0.0,0.0,0.0,0.0,0.0,0.0,0.0,0.0,0.0,0.0,0.0,0.0,0.0,40.0,-2598.0,13204.0,279.0,2877.0,118,Meghoma,Brentford,Jayden,499717,Has joined Rangers on loan for the rest of the season.,2,94,Jayden_Meghoma,7,Aston Villa,94,Brentford,DEF,5
860,120.0,13.0,2.0,3.0,True,2025-08-23T14:00:00Z,1.0,0.0,2.0,False,78.0,0.0,0.0,1.0,0.0,0.0,0.0,0.0,0.0,0.0,0.0,0.0,13.0,16.4,17.3,9.0,4.3,3.0,5.0,2.0,10.0,1.0,0.1,0.02,0.12,0.95,70.0,-3319.0,30082.0,2048.0,5367.0,120,Schade,Brentford,Kevin,513418,,3,94,Kevin_Schade,7,Aston Villa,94,Brentford,MID,5
861,121.0,13.0,2.0,5.0,True,2025-08-23T14:00:00Z,1.0,0.0,2.0,False,90.0,0.0,0.0,1.0,0.0,0.0,0.0,0.0,0.0,0.0,0.0,0.0,18.0,27.8,43.2,14.0,8.5,5.0,7.0,3.0,15.0,1.0,0.06,0.24,0.3,1.19,59.0,-23155.0,90876.0,2058.0,25213.0,121,Damsgaard,Brentford,Mikkel,440089,,3,94,Mikkel_Damsgaard,7,Aston Villa,94,Brentford,MID,5
862,122.0,13.0,2.0,0.0,True,2025-08-23T14:00:00Z,1.0,0.0,2.0,False,0.0,0.0,0.0,0.0,0.0,0.0,0.0,0.0,0.0,0.0,0.0,0.0,0.0,0.0,0.0,0.0,0.0,0.0,0.0,0.0,0.0,0.0,0.0,0.0,0.0,0.0,55.0,-699.0,6366.0,410.0,1109.0,122,Milambo,Brentford,Antoni,543295,,3,94,Antoni_Milambo,7,Aston Villa,94,Brentford,MID,5
863,123.0,13.0,2.0,0.0,True,2025-08-23T14:00:00Z,1.0,0.0,2.0,False,0.0,0.0,0.0,0.0,0.0,0.0,0.0,0.0,0.0,0.0,0.0,0.0,0.0,0.0,0.0,0.0,0.0,0.0,0.0,0.0,0.0,0.0,0.0,0.0,0.0,0.0,50.0,-1427.0,31763.0,3079.0,4506.0,123,Freitas Gouveia Carvalho,Brentford,Fábio,244858,,3,94,Fábio_Freitas Gouveia Carvalho,7,Aston Villa,94,Brentford,MID,5
864,124.0,13.0,2.0,3.0,True,2025-08-23T14:00:00Z,1.0,0.0,2.0,False,68.0,0.0,0.0,1.0,0.0,0.0,0.0,0.0,0.0,0.0,0.0,0.0,8.0,9.8,2.3,5.0,1.7,3.0,4.0,2.0,9.0,1.0,0.03,0.0,0.03,0.88,50.0,-3018.0,28882.0,1542.0,4560.0,124,Henderson,Brentford,Jordan,56979,,3,94,Jordan_Henderson,7,Aston Villa,94,Brentford,MID,5
865,125.0,13.0,2.0,0.0,True,2025-08-23T14:00:00Z,1.0,0.0,2.0,False,0.0,0.0,0.0,0.0,0.0,0.0,0.0,0.0,0.0,0.0,0.0,0.0,0.0,0.0,0.0,0.0,0.0,0.0,0.0,0.0,0.0,0.0,0.0,0.0,0.0,0.0,50.0,-553.0,1471.0,32.0,585.0,125,Janelt,Brentford,Vitaly,204580,Heel Injury - Expected back 13 Sep,3,94,Vitaly_Janelt,7,Aston Villa,94,Brentford,MID,5
866,126.0,13.0,2.0,1.0,True,2025-08-23T14:00:00Z,1.0,0.0,2.0,False,11.0,0.0,0.0,0.0,0.0,0.0,0.0,0.0,0.0,0.0,0.0,0.0,5.0,3.4,0.3,0.0,0.4,1.0,1.0,1.0,3.0,0.0,0.0,0.01,0.01,0.24,50.0,-580.0,9577.0,612.0,1192.0,126,Jensen,Brentford,Mathias,207283,,3,94,Mathias_Jensen,7,Aston Villa,94,Brentford,MID,5
867,127.0,13.0,2.0,0.0,True,2025-08-23T14:00:00Z,1.0,0.0,2.0,False,0.0,0.0,0.0,0.0,0.0,0.0,0.0,0.0,0.0,0.0,0.0,0.0,0.0,0.0,0.0,0.0,0.0,0.0,0.0,0.0,0.0,0.0,0.0,0.0,0.0,0.0,50.0,-322.0,995.0,33.0,355.0,127,Nunes Fernandes Gomes,Brentford,Gustavo,626464,Hamstring injury - Unknown return date,3,94,Gustavo_Nunes Fernandes Gomes,7,Aston Villa,94,Brentford,MID,5
868,128.0,13.0,2.0,1.0,True,2025-08-23T14:00:00Z,1.0,0.0,2.0,False,21.0,0.0,0.0,0.0,0.0,0.0,0.0,0.0,0.0,0.0,0.0,0.0,6.0,3.4,0.2,0.0,0.4,2.0,2.0,0.0,4.0,0.0,0.0,0.0,0.0,0.31,50.0,915.0,7135.0,1704.0,789.0,128,Onyeka,Brentford,Frank,428580,,3,94,Frank_Onyeka,7,Aston Villa,94,Brentford,MID,5
869,129.0,13.0,2.0,5.0,True,2025-08-23T14:00:00Z,1.0,0.0,2.0,False,78.0,0.0,0.0,1.0,0.0,0.0,0.0,0.0,0.0,0.0,0.0,0.0,15.0,18.4,5.4,1.0,2.5,6.0,4.0,5.0,15.0,1.0,0.03,0.01,0.04,0.95,50.0,-369.0,4858.0,223.0,592.0,129,Yarmoliuk,Brentford,Yehor,508395,,3,94,Yehor_Yarmoliuk,7,Aston Villa,94,Brentford,MID,5
870,130.0,13.0,2.0,0.0,True,2025-08-23T14:00:00Z,1.0,0.0,2.0,False,0.0,0.0,0.0,0.0,0.0,0.0,0.0,0.0,0.0,0.0,0.0,0.0,0.0,0.0,0.0,0.0,0.0,0.0,0.0,0.0,0.0,0.0,0.0,0.0,0.0,0.0,45.0,-514.0,12539.0,1081.0,1595.0,130,Donovan,Brentford,Romelle,606689,,3,94,Romelle_Donovan,7,Aston Villa,94,Brentford,MID,5
871,131.0,13.0,2.0,0.0,True,2025-08-23T14:00:00Z,1.0,0.0,2.0,False,0.0,0.0,0.0,0.0,0.0,0.0,0.0,0.0,0.0,0.0,0.0,0.0,0.0,0.0,0.0,0.0,0.0,0.0,0.0,0.0,0.0,0.0,0.0,0.0,0.0,0.0,45.0,-1687.0,18355.0,514.0,2201.0,131,Konak,Brentford,Yunus Emre,628204,,3,94,Yunus Emre_Konak,7,Aston Villa,94,Brentford,MID,5
872,132.0,13.0,2.0,0.0,True,2025-08-23T14:00:00Z,1.0,0.0,2.0,False,0.0,0.0,0.0,0.0,0.0,0.0,0.0,0.0,0.0,0.0,0.0,0.0,0.0,0.0,0.0,0.0,0.0,0.0,0.0,0.0,0.0,0.0,0.0,0.0,0.0,0.0,45.0,-719.0,2504.0,65.0,784.0,132,Maghoma,Brentford,Paris,220695,Hamstring injury - 75% chance of playing,3,94,Paris_Maghoma,7,Aston Villa,94,Brentford,MID,5
873,133.0,13.0,2.0,0.0,True,2025-08-23T14:00:00Z,1.0,0.0,2.0,False,0.0,0.0,0.0,0.0,0.0,0.0,0.0,0.0,0.0,0.0,0.0,0.0,0.0,0.0,0.0,0.0,0.0,0.0,0.0,0.0,0.0,0.0,0.0,0.0,0.0,0.0,45.0,-236.0,4654.0,349.0,585.0,133,Peart-Harris,Brentford,Myles,450539,,3,94,Myles_Peart-Harris,7,Aston Villa,94,Brentford,MID,5
874,134.0,13.0,2.0,0.0,True,2025-08-23T14:00:00Z,1.0,0.0,2.0,False,0.0,0.0,0.0,0.0,0.0,0.0,0.0,0.0,0.0,0.0,0.0,0.0,0.0,0.0,0.0,0.0,0.0,0.0,0.0,0.0,0.0,0.0,0.0,0.0,0.0,0.0,45.0,-316.0,1084.0,0.0,316.0,134,Trevitt,Brentford,Ryan,591357,Has joined Wigan on loan for the rest of the season,3,94,Ryan_Trevitt,7,Aston Villa,94,Brentford,MID,5
875,135.0,13.0,2.0,0.0,True,2025-08-23T14:00:00Z,1.0,0.0,2.0,False,0.0,0.0,0.0,0.0,0.0,0.0,0.0,0.0,0.0,0.0,0.0,0.0,0.0,0.0,0.0,0.0,0.0,0.0,0.0,0.0,0.0,0.0,0.0,0.0,0.0,0.0,75.0,-97482.0,176219.0,4602.0,102084.0,135,Wissa,Brentford,Yoane,216646,Lack of match fitness - 75% chance of playing,4,94,Yoane_Wissa,7,Aston Villa,94,Brentford,FWD,5
876,136.0,13.0,2.0,2.0,True,2025-08-23T14:00:00Z,1.0,0.0,2.0,False,90.0,0.0,0.0,1.0,0.0,0.0,0.0,0.0,0.0,0.0,0.0,0.0,4.0,4.6,16.3,17.0,3.8,3.0,3.0,2.0,8.0,1.0,0.22,0.01,0.23,1.19,60.0,18268.0,120001.0,31565.0,13297.0,136,Nascimento Rodrigues,Brentford,Igor Thiago,502500,,4,94,Igor Thiago_Nascimento Rodrigues,7,Aston Villa,94,Brentford,FWD,5
877,137.0,13.0,2.0,0.0,True,2025-08-23T14:00:00Z,1.0,0.0,2.0,False,0.0,0.0,0.0,0.0,0.0,0.0,0.0,0.0,0.0,0.0,0.0,0.0,0.0,0.0,0.0,0.0,0.0,0.0,0.0,0.0,0.0,0.0,0.0,0.0,0.0,0.0,45.0,-2116.0,50214.0,4261.0,6377.0,137,Morgan,Brentford,Iwan,533710,,4,94,Iwan_Morgan,7,Aston Villa,94,Brentford,FWD,5
878,138.0,16.0,9.0,0.0,False,2025-08-24T13:00:00Z,2.0,0.0,2.0,False,0.0,0.0,0.0,0.0,0.0,0.0,0.0,0.0,0.0,0.0,0.0,0.0,0.0,0.0,0.0,0.0,0.0,0.0,0.0,0.0,0.0,0.0,0.0,0.0,0.0,0.0,45.0,-4872.0,49153.0,1353.0,6225.0,138,Steele,Brighton,Jason,49262,,1,36,Jason_Steele,11,Everton,36,Brighton,GKP,6
879,139.0,16.0,9.0,1.0,False,2025-08-24T13:00:00Z,2.0,0.0,2.0,False,90.0,0.0,0.0,0.0,2.0,0.0,0.0,0.0,0.0,0.0,1.0,0.0,5.0,10.2,10.0,0.0,2.0,0.0,14.0,0.0,0.0,1.0,0.0,0.0,0.0,1.6,45.0,-19611.0,789996.0,33067.0,52678.0,139,Verbruggen,Brighton,Bart,489639,,1,36,Bart_Verbruggen,11,Everton,36,Brighton,GKP,6
880,140.0,16.0,9.0,0.0,False,2025-08-24T13:00:00Z,2.0,0.0,2.0,False,0.0,0.0,0.0,0.0,0.0,0.0,0.0,0.0,0.0,0.0,0.0,0.0,0.0,0.0,0.0,0.0,0.0,0.0,0.0,0.0,0.0,0.0,0.0,0.0,0.0,0.0,40.0,-218.0,42467.0,2116.0,2334.0,140,McGill,Brighton,Tom,209288,,1,36,Tom_McGill,11,Everton,36,Brighton,GKP,6
881,141.0,16.0,9.0,0.0,False,2025-08-24T13:00:00Z,2.0,0.0,2.0,False,0.0,0.0,0.0,0.0,0.0,0.0,0.0,0.0,0.0,0.0,0.0,0.0,0.0,0.0,0.0,0.0,0.0,0.0,0.0,0.0,0.0,0.0,0.0,0.0,0.0,0.0,40.0,-72.0,409.0,0.0,72.0,141,Rushworth,Brighton,Carl,472739,Has joined Coventry City on loan for the rest of the season.,1,36,Carl_Rushworth,11,Everton,36,Brighton,GKP,6
882,142.0,16.0,9.0,0.0,False,2025-08-24T13:00:00Z,2.0,0.0,2.0,False,0.0,0.0,0.0,0.0,0.0,0.0,0.0,0.0,0.0,0.0,0.0,0.0,0.0,0.0,0.0,0.0,0.0,0.0,0.0,0.0,0.0,0.0,0.0,0.0,0.0,0.0,40.0,-66.0,365.0,0.0,66.0,142,Scherpen,Brighton,Kjell,240514,Has joined Union SG permanently,1,36,Kjell_Scherpen,11,Everton,36,Brighton,GKP,6
883,143.0,16.0,9.0,0.0,False,2025-08-24T13:00:00Z,2.0,0.0,2.0,False,0.0,0.0,0.0,0.0,0.0,0.0,0.0,0.0,0.0,0.0,0.0,0.0,0.0,0.0,0.0,0.0,0.0,0.0,0.0,0.0,0.0,0.0,0.0,0.0,0.0,0.0,45.0,-1455.0,12359.0,704.0,2159.0,143,Boscagli,Brighton,Olivier,204120,,2,36,Olivier_Boscagli,11,Everton,36,Brighton,DEF,6
884,144.0,16.0,9.0,0.0,False,2025-08-24T13:00:00Z,2.0,0.0,2.0,False,0.0,0.0,0.0,0.0,0.0,0.0,0.0,0.0,0.0,0.0,0.0,0.0,0.0,0.0,0.0,0.0,0.0,0.0,0.0,0.0,0.0,0.0,0.0,0.0,0.0,0.0,45.0,-982.0,7601.0,234.0,1216.0,144,Coppola,Brighton,Diego,550090,,2,36,Diego_Coppola,11,Everton,36,Brighton,DEF,6
885,145.0,16.0,9.0,0.0,False,2025-08-24T13:00:00Z,2.0,0.0,2.0,False,66.0,0.0,0.0,0.0,2.0,0.0,0.0,0.0,1.0,0.0,0.0,0.0,2.0,4.8,1.0,4.0,1.0,4.0,2.0,1.0,5.0,1.0,0.0,0.02,0.02,1.2,45.0,-13107.0,644032.0,30745.0,43852.0,145,De Cuyper,Brighton,Maxim,465730,,2,36,Maxim_De Cuyper,11,Everton,36,Brighton,DEF,6
886,146.0,16.0,9.0,1.0,False,2025-08-24T13:00:00Z,2.0,0.0,2.0,False,90.0,0.0,0.0,0.0,2.0,0.0,0.0,0.0,0.0,0.0,0.0,0.0,11.0,16.0,0.6,0.0,1.7,6.0,6.0,2.0,8.0,1.0,0.0,0.0,0.0,1.6,45.0,3459.0,145145.0,13305.0,9846.0,146,Dunk,Brighton,Lewis,83299,,2,36,Lewis_Dunk,11,Everton,36,Brighton,DEF,6
887,147.0,16.0,9.0,0.0,False,2025-08-24T13:00:00Z,2.0,0.0,2.0,False,0.0,0.0,0.0,0.0,0.0,0.0,0.0,0.0,0.0,0.0,0.0,0.0,0.0,0.0,0.0,0.0,0.0,0.0,0.0,0.0,0.0,0.0,0.0,0.0,0.0,0.0,45.0,-1008.0,2097.0,0.0,1008.0,147,Estupiñán Tenorio,Brighton,Pervis,204214,Has joined AC Milan permanently,2,36,Pervis_Estupiñán Tenorio,11,Everton,36,Brighton,DEF,6
888,148.0,16.0,9.0,0.0,False,2025-08-24T13:00:00Z,2.0,0.0,2.0,False,23.0,0.0,0.0,0.0,0.0,0.0,0.0,0.0,1.0,0.0,0.0,0.0,-1.0,0.0,2.2,0.0,0.2,1.0,2.0,0.0,1.0,0.0,0.0,0.0,0.0,0.4,45.0,-2531.0,19401.0,954.0,3485.0,148,Kadıoğlu,Brighton,Ferdi,231416,,2,36,Ferdi_Kadıoğlu,11,Everton,36,Brighton,DEF,6
889,149.0,16.0,9.0,0.0,False,2025-08-24T13:00:00Z,2.0,0.0,2.0,False,0.0,0.0,0.0,0.0,0.0,0.0,0.0,0.0,0.0,0.0,0.0,0.0,0.0,0.0,0.0,0.0,0.0,0.0,0.0,0.0,0.0,0.0,0.0,0.0,0.0,0.0,45.0,-264.0,5430.0,344.0,608.0,149,dos Santos de Paulo,Brighton,Igor Julio,223434,,2,36,Igor Julio_dos Santos de Paulo,11,Everton,36,Brighton,DEF,6
890,150.0,16.0,9.0,0.0,False,2025-08-24T13:00:00Z,2.0,0.0,2.0,False,0.0,0.0,0.0,0.0,0.0,0.0,0.0,0.0,0.0,0.0,0.0,0.0,0.0,0.0,0.0,0.0,0.0,0.0,0.0,0.0,0.0,0.0,0.0,0.0,0.0,0.0,45.0,-4678.0,39679.0,1559.0,6237.0,150,Lamptey,Brighton,Tariq,232792,,2,36,Tariq_Lamptey,11,Everton,36,Brighton,DEF,6
891,151.0,16.0,9.0,1.0,False,2025-08-24T13:00:00Z,2.0,0.0,2.0,False,90.0,0.0,0.0,0.0,2.0,0.0,0.0,0.0,0.0,0.0,0.0,0.0,5.0,18.6,0.9,4.0,2.4,6.0,3.0,0.0,6.0,1.0,0.01,0.01,0.02,1.6,45.0,-3853.0,124264.0,6386.0,10239.0,151,van Hecke,Brighton,Jan Paul,469142,,2,36,Jan Paul_van Hecke,11,Everton,36,Brighton,DEF,6
892,152.0,16.0,9.0,0.0,False,2025-08-24T13:00:00Z,2.0,0.0,2.0,False,0.0,0.0,0.0,0.0,0.0,0.0,0.0,0.0,0.0,0.0,0.0,0.0,0.0,0.0,0.0,0.0,0.0,0.0,0.0,0.0,0.0,0.0,0.0,0.0,0.0,0.0,45.0,-3876.0,23336.0,491.0,4367.0,152,Veltman,Brighton,Joël,111478,,2,36,Joël_Veltman,11,Everton,36,Brighton,DEF,6
893,153.0,16.0,9.0,0.0,False,2025-08-24T13:00:00Z,2.0,0.0,2.0,False,0.0,0.0,0.0,0.0,0.0,0.0,0.0,0.0,0.0,0.0,0.0,0.0,0.0,0.0,0.0,0.0,0.0,0.0,0.0,0.0,0.0,0.0,0.0,0.0,0.0,0.0,45.0,-364.0,1191.0,75.0,439.0,153,Webster,Brighton,Adam,110735,Knee injury - Unknown return date,2,36,Adam_Webster,11,Everton,36,Brighton,DEF,6
894,154.0,16.0,9.0,0.0,False,2025-08-24T13:00:00Z,2.0,0.0,2.0,False,0.0,0.0,0.0,0.0,0.0,0.0,0.0,0.0,0.0,0.0,0.0,0.0,0.0,0.0,0.0,0.0,0.0,0.0,0.0,0.0,0.0,0.0,0.0,0.0,0.0,0.0,40.0,-274.0,1082.0,0.0,274.0,154,Cashin,Brighton,Eiran,439135,Has joined Birmingham on loan for the rest of the season.,2,36,Eiran_Cashin,11,Everton,36,Brighton,DEF,6
895,155.0,16.0,9.0,0.0,False,2025-08-24T13:00:00Z,2.0,0.0,2.0,False,0.0,0.0,0.0,0.0,0.0,0.0,0.0,0.0,0.0,0.0,0.0,0.0,0.0,0.0,0.0,0.0,0.0,0.0,0.0,0.0,0.0,0.0,0.0,0.0,0.0,0.0,40.0,-1153.0,20479.0,917.0,2070.0,155,Slater,Brighton,Jacob,589100,,2,36,Jacob_Slater,11,Everton,36,Brighton,DEF,6
896,156.0,16.0,9.0,0.0,False,2025-08-24T13:00:00Z,2.0,0.0,2.0,False,0.0,0.0,0.0,0.0,0.0,0.0,0.0,0.0,0.0,0.0,0.0,0.0,0.0,0.0,0.0,0.0,0.0,0.0,0.0,0.0,0.0,0.0,0.0,0.0,0.0,0.0,40.0,-1113.0,16757.0,627.0,1740.0,156,Tasker,Brighton,Charlie,547720,,2,36,Charlie_Tasker,11,Everton,36,Brighton,DEF,6
897,157.0,16.0,9.0,2.0,False,2025-08-24T13:00:00Z,2.0,0.0,2.0,False,90.0,0.0,0.0,0.0,2.0,0.0,0.0,0.0,0.0,0.0,0.0,0.0,8.0,12.0,42.8,10.0,6.5,0.0,4.0,1.0,5.0,1.0,0.15,0.09,0.24,1.6,65.0,-92096.0,664282.0,21223.0,113319.0,157,Kaoru,Brighton,Mitoma,451340,,3,36,Mitoma_Kaoru,11,Everton,36,Brighton,MID,6
898,158.0,16.0,9.0,0.0,False,2025-08-24T13:00:00Z,2.0,0.0,2.0,False,0.0,0.0,0.0,0.0,0.0,0.0,0.0,0.0,0.0,0.0,0.0,0.0,0.0,0.0,0.0,0.0,0.0,0.0,0.0,0.0,0.0,0.0,0.0,0.0,0.0,0.0,60.0,-4191.0,149366.0,20132.0,24323.0,158,Rutter,Brighton,Georginio,463067,Knock - 75% chance of playing,3,36,Georginio_Rutter,11,Everton,36,Brighton,MID,6
899,159.0,16.0,9.0,0.0,False,2025-08-24T13:00:00Z,2.0,0.0,2.0,False,0.0,0.0,0.0,0.0,0.0,0.0,0.0,0.0,0.0,0.0,0.0,0.0,0.0,0.0,0.0,0.0,0.0,0.0,0.0,0.0,0.0,0.0,0.0,0.0,0.0,0.0,59.0,-959.0,1601.0,48.0,1007.0,159,March,Brighton,Solly,109345,Knee injury - Unknown return date,3,36,Solly_March,11,Everton,36,Brighton,MID,6
900,160.0,16.0,9.0,2.0,False,2025-08-24T13:00:00Z,2.0,0.0,2.0,False,90.0,0.0,0.0,0.0,2.0,0.0,0.0,0.0,0.0,0.0,0.0,0.0,14.0,16.2,42.4,29.0,8.8,2.0,4.0,1.0,7.0,1.0,0.08,0.55,0.63,1.6,60.0,-19666.0,108916.0,4867.0,24533.0,160,Minteh,Brighton,Yankuba,592031,,3,36,Yankuba_Minteh,11,Everton,36,Brighton,MID,6
901,161.0,16.0,9.0,0.0,False,2025-08-24T13:00:00Z,2.0,0.0,2.0,False,0.0,0.0,0.0,0.0,0.0,0.0,0.0,0.0,0.0,0.0,0.0,0.0,0.0,0.0,0.0,0.0,0.0,0.0,0.0,0.0,0.0,0.0,0.0,0.0,0.0,0.0,55.0,-1389.0,2507.0,48.0,1437.0,161,Enciso Espínola,Brighton,Julio,474120,Knee injury - Expected back 18 Oct,3,36,Julio_Enciso Espínola,11,Everton,36,Brighton,MID,6
902,162.0,16.0,9.0,1.0,False,2025-08-24T13:00:00Z,2.0,0.0,2.0,False,5.0,0.0,0.0,0.0,0.0,0.0,0.0,0.0,0.0,0.0,0.0,0.0,2.0,0.0,0.0,6.0,0.5,0.0,1.0,0.0,1.0,0.0,0.06,0.0,0.06,0.39,55.0,-679.0,4588.0,233.0,912.0,162,Gruda,Brighton,Brajan,513433,,3,36,Brajan_Gruda,11,Everton,36,Brighton,MID,6
903,163.0,16.0,9.0,1.0,False,2025-08-24T13:00:00Z,2.0,0.0,2.0,False,45.0,0.0,0.0,0.0,1.0,0.0,0.0,0.0,0.0,0.0,0.0,0.0,9.0,4.6,1.2,0.0,0.6,0.0,2.0,1.0,3.0,0.0,0.0,0.01,0.01,0.67,54.0,-2552.0,9477.0,190.0,2742.0,163,Hinshelwood,Brighton,Jack,532529,,3,36,Jack_Hinshelwood,11,Everton,36,Brighton,MID,6
904,164.0,16.0,9.0,2.0,False,2025-08-24T13:00:00Z,2.0,0.0,2.0,False,90.0,0.0,0.0,0.0,2.0,0.0,0.0,0.0,0.0,0.0,0.0,0.0,12.0,15.0,22.3,38.0,7.5,3.0,2.0,1.0,6.0,1.0,0.42,0.03,0.45,1.6,55.0,92054.0,201451.0,115247.0,23193.0,164,O'Riley,Brighton,Matt,219249,,3,36,Matt_O'Riley,11,Everton,36,Brighton,MID,6
905,165.0,16.0,9.0,0.0,False,2025-08-24T13:00:00Z,2.0,0.0,2.0,False,0.0,0.0,0.0,0.0,0.0,0.0,0.0,0.0,0.0,0.0,0.0,0.0,0.0,0.0,0.0,0.0,0.0,0.0,0.0,0.0,0.0,0.0,0.0,0.0,0.0,0.0,55.0,-376.0,2632.0,126.0,502.0,165,Sima,Brighton,Abdallah,516211,,3,36,Abdallah_Sima,11,Everton,36,Brighton,MID,6
906,166.0,16.0,9.0,2.0,False,2025-08-24T13:00:00Z,2.0,0.0,2.0,False,66.0,0.0,0.0,0.0,2.0,0.0,0.0,0.0,0.0,0.0,0.0,0.0,10.0,10.6,3.9,18.0,3.3,1.0,2.0,3.0,6.0,1.0,0.15,0.02,0.17,1.2,50.0,-1298.0,21546.0,1481.0,2779.0,166,Ayari,Brighton,Yasin,509416,,3,36,Yasin_Ayari,11,Everton,36,Brighton,MID,6
907,167.0,16.0,9.0,1.0,False,2025-08-24T13:00:00Z,2.0,0.0,2.0,False,45.0,0.0,0.0,0.0,1.0,0.0,0.0,0.0,0.0,0.0,0.0,0.0,3.0,0.4,10.8,0.0,1.1,0.0,2.0,0.0,2.0,1.0,0.0,0.0,0.0,0.92,50.0,-24823.0,486276.0,30220.0,55043.0,167,Baleba,Brighton,Carlos,535301,,3,36,Carlos_Baleba,11,Everton,36,Brighton,MID,6
908,168.0,16.0,9.0,0.0,False,2025-08-24T13:00:00Z,2.0,0.0,2.0,False,0.0,0.0,0.0,0.0,0.0,0.0,0.0,0.0,0.0,0.0,0.0,0.0,0.0,0.0,0.0,0.0,0.0,0.0,0.0,0.0,0.0,0.0,0.0,0.0,0.0,0.0,50.0,-3953.0,17962.0,224.0,4177.0,168,Buonanotte,Brighton,Facundo,536916,,3,36,Facundo_Buonanotte,11,Everton,36,Brighton,MID,6
909,169.0,16.0,9.0,1.0,False,2025-08-24T13:00:00Z,2.0,0.0,2.0,False,23.0,0.0,0.0,0.0,0.0,0.0,0.0,0.0,0.0,0.0,0.0,0.0,3.0,7.0,2.0,0.0,0.9,4.0,1.0,0.0,5.0,0.0,0.0,0.01,0.01,0.4,50.0,-768.0,6733.0,245.0,1013.0,169,Gómez Amarilla,Brighton,Diego,514254,,3,36,Diego_Gómez Amarilla,11,Everton,36,Brighton,MID,6
910,170.0,16.0,9.0,0.0,False,2025-08-24T13:00:00Z,2.0,0.0,2.0,False,0.0,0.0,0.0,0.0,0.0,0.0,0.0,0.0,0.0,0.0,0.0,0.0,0.0,0.0,0.0,0.0,0.0,0.0,0.0,0.0,0.0,0.0,0.0,0.0,0.0,0.0,50.0,-1006.0,11692.0,680.0,1686.0,170,Milner,Brighton,James,15157,,3,36,James_Milner,11,Everton,36,Brighton,MID,6
911,171.0,16.0,9.0,0.0,False,2025-08-24T13:00:00Z,2.0,0.0,2.0,False,0.0,0.0,0.0,0.0,0.0,0.0,0.0,0.0,0.0,0.0,0.0,0.0,0.0,0.0,0.0,0.0,0.0,0.0,0.0,0.0,0.0,0.0,0.0,0.0,0.0,0.0,50.0,-571.0,3717.0,58.0,629.0,171,Sarmiento Morante,Brighton,Jeremy,441192,,3,36,Jeremy_Sarmiento Morante,11,Everton,36,Brighton,MID,6
912,172.0,16.0,9.0,0.0,False,2025-08-24T13:00:00Z,2.0,0.0,2.0,False,0.0,0.0,0.0,0.0,0.0,0.0,0.0,0.0,0.0,0.0,0.0,0.0,0.0,0.0,0.0,0.0,0.0,0.0,0.0,0.0,0.0,0.0,0.0,0.0,0.0,0.0,50.0,-281.0,3068.0,129.0,410.0,172,Watson,Brighton,Tom,549074,,3,36,Tom_Watson,11,Everton,36,Brighton,MID,6
913,173.0,16.0,9.0,3.0,False,2025-08-24T13:00:00Z,2.0,0.0,2.0,False,84.0,0.0,0.0,0.0,2.0,0.0,0.0,0.0,1.0,0.0,0.0,0.0,13.0,20.0,2.4,0.0,2.2,3.0,3.0,7.0,13.0,1.0,0.0,0.02,0.02,1.21,50.0,423.0,7439.0,1481.0,1058.0,173,Wieffer,Brighton,Mats,467779,,3,36,Mats_Wieffer,11,Everton,36,Brighton,MID,6
914,174.0,16.0,9.0,0.0,False,2025-08-24T13:00:00Z,2.0,0.0,2.0,False,0.0,0.0,0.0,0.0,0.0,0.0,0.0,0.0,0.0,0.0,0.0,0.0,0.0,0.0,0.0,0.0,0.0,0.0,0.0,0.0,0.0,0.0,0.0,0.0,0.0,0.0,50.0,-689.0,1187.0,0.0,689.0,174,Yalcouyé,Brighton,Malick,611695,Has joined Swansea City on loan for the rest of the season.,3,36,Malick_Yalcouyé,11,Everton,36,Brighton,MID,6
915,175.0,16.0,9.0,0.0,False,2025-08-24T13:00:00Z,2.0,0.0,2.0,False,0.0,0.0,0.0,0.0,0.0,0.0,0.0,0.0,0.0,0.0,0.0,0.0,0.0,0.0,0.0,0.0,0.0,0.0,0.0,0.0,0.0,0.0,0.0,0.0,0.0,0.0,45.0,-494.0,9413.0,745.0,1239.0,175,Knight,Brighton,Joe,567121,,3,36,Joe_Knight,11,Everton,36,Brighton,MID,6
916,176.0,16.0,9.0,0.0,False,2025-08-24T13:00:00Z,2.0,0.0,2.0,False,0.0,0.0,0.0,0.0,0.0,0.0,0.0,0.0,0.0,0.0,0.0,0.0,0.0,0.0,0.0,0.0,0.0,0.0,0.0,0.0,0.0,0.0,0.0,0.0,0.0,0.0,45.0,-309.0,4365.0,291.0,600.0,176,Mazilu,Brighton,Adrian,550141,,3,36,Adrian_Mazilu,11,Everton,36,Brighton,MID,6
917,177.0,16.0,9.0,0.0,False,2025-08-24T13:00:00Z,2.0,0.0,2.0,False,0.0,0.0,0.0,0.0,0.0,0.0,0.0,0.0,0.0,0.0,0.0,0.0,0.0,0.0,0.0,0.0,0.0,0.0,0.0,0.0,0.0,0.0,0.0,0.0,0.0,0.0,45.0,-464.0,6085.0,490.0,954.0,177,Moran,Brighton,Andrew,513834,Has joined Los Angeles FC on loan for the rest of the season.,3,36,Andrew_Moran,11,Everton,36,Brighton,MID,6
918,178.0,16.0,9.0,0.0,False,2025-08-24T13:00:00Z,2.0,0.0,2.0,False,90.0,0.0,0.0,0.0,2.0,0.0,0.0,1.0,0.0,0.0,0.0,0.0,-9.0,0.0,3.4,27.0,2.8,0.0,1.0,0.0,1.0,1.0,1.56,0.1,1.66,1.6,65.0,-86269.0,389562.0,14979.0,101248.0,178,Welbeck,Brighton,Danny,50175,,4,36,Danny_Welbeck,11,Everton,36,Brighton,FWD,6
919,179.0,16.0,9.0,0.0,False,2025-08-24T13:00:00Z,2.0,0.0,2.0,False,0.0,0.0,0.0,0.0,0.0,0.0,0.0,0.0,0.0,0.0,0.0,0.0,0.0,0.0,0.0,0.0,0.0,0.0,0.0,0.0,0.0,0.0,0.0,0.0,0.0,0.0,55.0,-796.0,1686.0,0.0,796.0,179,Ferguson,Brighton,Evan,487117,Has joined AS Roma on loan for the rest of the season,4,36,Evan_Ferguson,11,Everton,36,Brighton,FWD,6
920,180.0,16.0,9.0,0.0,False,2025-08-24T13:00:00Z,2.0,0.0,2.0,False,0.0,0.0,0.0,0.0,0.0,0.0,0.0,0.0,0.0,0.0,0.0,0.0,0.0,0.0,0.0,0.0,0.0,0.0,0.0,0.0,0.0,0.0,0.0,0.0,0.0,0.0,55.0,-1836.0,14132.0,1331.0,3167.0,180,Tzimas,Brighton,Stefanos,608181,,4,36,Stefanos_Tzimas,11,Everton,36,Brighton,FWD,6
921,181.0,16.0,9.0,0.0,False,2025-08-24T13:00:00Z,2.0,0.0,2.0,False,0.0,0.0,0.0,0.0,0.0,0.0,0.0,0.0,0.0,0.0,0.0,0.0,0.0,0.0,0.0,0.0,0.0,0.0,0.0,0.0,0.0,0.0,0.0,0.0,0.0,0.0,50.0,-4479.0,44803.0,3489.0,7968.0,181,Kostoulas,Brighton,Charalampos,647850,,4,36,Charalampos_Kostoulas,11,Everton,36,Brighton,FWD,6
922,220.0,20.0,19.0,3.0,False,2025-08-22T19:00:00Z,1.0,5.0,2.0,False,90.0,0.0,0.0,0.0,1.0,0.0,0.0,0.0,0.0,0.0,3.0,0.0,11.0,24.2,0.0,0.0,2.4,0.0,5.0,0.0,0.0,1.0,0.0,0.0,0.0,0.73,50.0,66432.0,2750249.0,156341.0,89909.0,220,Lynch Sánchez,Chelsea,Robert,215059,,1,8,Robert_Lynch Sánchez,21,West Ham,8,Chelsea,GKP,7
923,221.0,20.0,19.0,0.0,False,2025-08-22T19:00:00Z,1.0,5.0,2.0,False,0.0,0.0,0.0,0.0,0.0,0.0,0.0,0.0,0.0,0.0,0.0,0.0,0.0,0.0,0.0,0.0,0.0,0.0,0.0,0.0,0.0,0.0,0.0,0.0,0.0,0.0,45.0,-2024.0,21955.0,769.0,2793.0,221,Jörgensen,Chelsea,Filip,508479,,1,8,Filip_Jörgensen,21,West Ham,8,Chelsea,GKP,7
924,222.0,20.0,19.0,0.0,False,2025-08-22T19:00:00Z,1.0,5.0,2.0,False,0.0,0.0,0.0,0.0,0.0,0.0,0.0,0.0,0.0,0.0,0.0,0.0,0.0,0.0,0.0,0.0,0.0,0.0,0.0,0.0,0.0,0.0,0.0,0.0,0.0,0.0,40.0,-117.0,567.0,0.0,117.0,222,Penders,Chelsea,Mike,549939,Has joined RC Strasbourg on loan for the rest of the season.,1,8,Mike_Penders,21,West Ham,8,Chelsea,GKP,7
925,223.0,20.0,19.0,0.0,False,2025-08-22T19:00:00Z,1.0,5.0,2.0,False,0.0,0.0,0.0,0.0,0.0,0.0,0.0,0.0,0.0,0.0,0.0,0.0,0.0,0.0,0.0,0.0,0.0,0.0,0.0,0.0,0.0,0.0,0.0,0.0,0.0,0.0,40.0,-334.0,11848.0,654.0,988.0,223,Słonina,Chelsea,Gabriel,471798,,1,8,Gabriel_Słonina,21,West Ham,8,Chelsea,GKP,7
926,224.0,20.0,19.0,5.0,False,2025-08-22T19:00:00Z,1.0,5.0,2.0,False,68.0,0.0,1.0,0.0,1.0,0.0,0.0,0.0,0.0,0.0,0.0,0.0,25.0,30.4,13.8,4.0,4.8,4.0,7.0,1.0,5.0,1.0,0.0,0.32,0.32,0.29,60.0,253754.0,2405707.0,341556.0,87802.0,224,Cucurella Saseta,Chelsea,Marc,179268,,2,8,Marc_Cucurella Saseta,21,West Ham,8,Chelsea,DEF,7
927,225.0,20.0,19.0,1.0,False,2025-08-22T19:00:00Z,1.0,5.0,2.0,False,21.0,0.0,0.0,0.0,0.0,0.0,0.0,0.0,0.0,0.0,0.0,0.0,7.0,2.6,15.5,0.0,1.8,0.0,2.0,0.0,0.0,0.0,0.0,0.13,0.13,0.44,55.0,38201.0,651078.0,75903.0,37702.0,225,James,Chelsea,Reece,225796,,2,8,Reece_James,21,West Ham,8,Chelsea,DEF,7
928,226.0,20.0,19.0,8.0,False,2025-08-22T19:00:00Z,1.0,5.0,2.0,False,68.0,1.0,0.0,0.0,1.0,0.0,0.0,0.0,0.0,0.0,0.0,0.0,27.0,44.2,1.4,33.0,7.9,3.0,4.0,2.0,5.0,1.0,0.31,0.01,0.32,0.29,50.0,23024.0,152553.0,38375.0,15351.0,226,Chalobah,Chelsea,Trevoh,180736,,2,8,Trevoh_Chalobah,21,West Ham,8,Chelsea,DEF,7
929,227.0,20.0,19.0,0.0,False,2025-08-22T19:00:00Z,1.0,5.0,2.0,False,0.0,0.0,0.0,0.0,0.0,0.0,0.0,0.0,0.0,0.0,0.0,0.0,0.0,0.0,0.0,0.0,0.0,0.0,0.0,0.0,0.0,0.0,0.0,0.0,0.0,0.0,49.0,-15270.0,26164.0,174.0,15444.0,227,Samuels Colwill,Chelsea,Levi,460028,Anterior cruciate ligament - Unknown return date,2,8,Levi_Samuels Colwill,21,West Ham,8,Chelsea,DEF,7
930,228.0,20.0,19.0,2.0,False,2025-08-22T19:00:00Z,1.0,5.0,2.0,False,68.0,0.0,0.0,0.0,1.0,0.0,0.0,0.0,0.0,0.0,0.0,0.0,3.0,9.0,2.7,0.0,1.2,3.0,1.0,2.0,5.0,1.0,0.0,0.01,0.01,0.29,50.0,-20020.0,169896.0,10481.0,30501.0,228,Gusto,Chelsea,Malo,482609,,2,8,Malo_Gusto,21,West Ham,8,Chelsea,DEF,7
931,229.0,20.0,19.0,0.0,False,2025-08-22T19:00:00Z,1.0,5.0,2.0,False,0.0,0.0,0.0,0.0,0.0,0.0,0.0,0.0,0.0,0.0,0.0,0.0,0.0,0.0,0.0,0.0,0.0,0.0,0.0,0.0,0.0,0.0,0.0,0.0,0.0,0.0,45.0,-639.0,1512.0,49.0,688.0,229,Badiashile Mukinayi,Chelsea,Benoît,242880,Knock - Unknown return date,2,8,Benoît_Badiashile Mukinayi,21,West Ham,8,Chelsea,DEF,7
932,230.0,20.0,19.0,1.0,False,2025-08-22T19:00:00Z,1.0,5.0,2.0,False,21.0,0.0,0.0,0.0,0.0,0.0,0.0,0.0,0.0,0.0,0.0,0.0,5.0,3.4,0.4,0.0,0.4,1.0,0.0,1.0,2.0,0.0,0.0,0.0,0.0,0.44,45.0,-3418.0,20354.0,1250.0,4668.0,230,Fofana,Chelsea,Wesley,444463,,2,8,Wesley_Fofana,21,West Ham,8,Chelsea,DEF,7
933,231.0,20.0,19.0,0.0,False,2025-08-22T19:00:00Z,1.0,5.0,2.0,False,0.0,0.0,0.0,0.0,0.0,0.0,0.0,0.0,0.0,0.0,0.0,0.0,0.0,0.0,0.0,0.0,0.0,0.0,0.0,0.0,0.0,0.0,0.0,0.0,0.0,0.0,45.0,-976.0,1779.0,0.0,976.0,231,Sarr,Chelsea,Mamadou,574458,Has joined RC Strasbourg on loan for the rest of the season.,2,8,Mamadou_Sarr,21,West Ham,8,Chelsea,DEF,7
934,232.0,20.0,19.0,2.0,False,2025-08-22T19:00:00Z,1.0,5.0,2.0,False,90.0,0.0,0.0,0.0,1.0,0.0,0.0,0.0,0.0,0.0,0.0,0.0,16.0,26.4,1.9,0.0,2.8,6.0,3.0,3.0,9.0,1.0,0.0,0.03,0.03,0.73,45.0,-15923.0,116812.0,10429.0,26352.0,232,Adarabioyo,Chelsea,Tosin,109646,,2,8,Tosin_Adarabioyo,21,West Ham,8,Chelsea,DEF,7
935,233.0,20.0,19.0,0.0,False,2025-08-22T19:00:00Z,1.0,5.0,2.0,False,0.0,0.0,0.0,0.0,0.0,0.0,0.0,0.0,0.0,0.0,0.0,0.0,0.0,0.0,0.0,0.0,0.0,0.0,0.0,0.0,0.0,0.0,0.0,0.0,0.0,0.0,40.0,184483.0,297211.0,214150.0,29667.0,233,Acheampong,Chelsea,Josh,577016,,2,8,Josh_Acheampong,21,West Ham,8,Chelsea,DEF,7
936,234.0,20.0,19.0,0.0,False,2025-08-22T19:00:00Z,1.0,5.0,2.0,False,0.0,0.0,0.0,0.0,0.0,0.0,0.0,0.0,0.0,0.0,0.0,0.0,0.0,0.0,0.0,0.0,0.0,0.0,0.0,0.0,0.0,0.0,0.0,0.0,0.0,0.0,40.0,-1179.0,12792.0,566.0,1745.0,234,Anselmino,Chelsea,Aarón,622758,,2,8,Aarón_Anselmino,21,West Ham,8,Chelsea,DEF,7
937,235.0,20.0,19.0,0.0,False,2025-08-22T19:00:00Z,1.0,5.0,2.0,False,0.0,0.0,0.0,0.0,0.0,0.0,0.0,0.0,0.0,0.0,0.0,0.0,0.0,0.0,0.0,0.0,0.0,0.0,0.0,0.0,0.0,0.0,0.0,0.0,0.0,0.0,105.0,-246014.0,6326805.0,114237.0,360251.0,235,Palmer,Chelsea,Cole,244851,Groin Injury - 75% chance of playing,3,8,Cole_Palmer,21,West Ham,8,Chelsea,MID,7
938,236.0,20.0,19.0,7.0,False,2025-08-22T19:00:00Z,1.0,5.0,2.0,False,90.0,1.0,0.0,0.0,1.0,0.0,0.0,0.0,0.0,0.0,0.0,0.0,33.0,37.6,18.4,30.0,8.6,0.0,1.0,1.0,2.0,1.0,0.38,0.17,0.55,0.73,70.0,-27837.0,386970.0,25338.0,53175.0,236,Lomba Neto,Chelsea,Pedro,247632,,3,8,Pedro_Lomba Neto,21,West Ham,8,Chelsea,MID,7
939,237.0,20.0,19.0,10.0,False,2025-08-22T19:00:00Z,1.0,5.0,2.0,False,90.0,1.0,1.0,0.0,1.0,0.0,0.0,0.0,0.0,0.0,0.0,0.0,32.0,33.4,8.8,38.0,8.0,0.0,3.0,2.0,5.0,1.0,1.03,0.02,1.05,0.73,65.0,-37668.0,361536.0,17221.0,54889.0,237,Fernández,Chelsea,Enzo,448047,,3,8,Enzo_Fernández,21,West Ham,8,Chelsea,MID,7
940,238.0,20.0,19.0,5.0,False,2025-08-22T19:00:00Z,1.0,5.0,2.0,False,76.0,0.0,1.0,0.0,1.0,0.0,0.0,0.0,0.0,0.0,0.0,0.0,26.0,27.4,16.6,25.0,6.9,0.0,2.0,3.0,5.0,1.0,0.29,0.61,0.9,0.33,65.0,-23740.0,163012.0,17160.0,40900.0,238,Almeida de Oliveira Gonçalves,Chelsea,Estêvão,624773,,3,8,Estêvão_Almeida de Oliveira Gonçalves,21,West Ham,8,Chelsea,MID,7
941,239.0,20.0,19.0,1.0,False,2025-08-22T19:00:00Z,1.0,5.0,2.0,False,13.0,0.0,0.0,0.0,0.0,0.0,0.0,0.0,0.0,0.0,0.0,0.0,4.0,2.0,5.0,4.0,1.1,0.0,0.0,0.0,0.0,0.0,0.0,0.01,0.01,0.4,65.0,-4595.0,28161.0,2622.0,7217.0,239,Bynoe-Gittens,Chelsea,Jamie,463936,,3,8,Jamie_Bynoe-Gittens,21,West Ham,8,Chelsea,MID,7
942,240.0,20.0,19.0,0.0,False,2025-08-22T19:00:00Z,1.0,5.0,2.0,False,0.0,0.0,0.0,0.0,0.0,0.0,0.0,0.0,0.0,0.0,0.0,0.0,0.0,0.0,0.0,0.0,0.0,0.0,0.0,0.0,0.0,0.0,0.0,0.0,0.0,0.0,60.0,-4583.0,24458.0,1659.0,6242.0,240,Nkunku,Chelsea,Christopher,213198,Won’t be considered for selection on 22/8. - Unknown return date,3,8,Christopher_Nkunku,21,West Ham,8,Chelsea,MID,7
943,241.0,20.0,19.0,8.0,False,2025-08-22T19:00:00Z,1.0,5.0,2.0,False,90.0,1.0,0.0,0.0,1.0,0.0,0.0,0.0,0.0,0.0,0.0,1.0,36.0,50.8,5.2,17.0,7.3,2.0,2.0,3.0,7.0,1.0,0.24,0.02,0.26,0.73,55.0,-15768.0,591009.0,47856.0,63624.0,241,Caicedo Corozo,Chelsea,Moisés,486672,,3,8,Moisés_Caicedo Corozo,21,West Ham,8,Chelsea,MID,7
944,243.0,20.0,19.0,0.0,False,2025-08-22T19:00:00Z,1.0,5.0,2.0,False,0.0,0.0,0.0,0.0,0.0,0.0,0.0,0.0,0.0,0.0,0.0,0.0,0.0,0.0,0.0,0.0,0.0,0.0,0.0,0.0,0.0,0.0,0.0,0.0,0.0,0.0,50.0,-614.0,5817.0,404.0,1018.0,243,George,Chelsea,Tyrique,550615,,3,8,Tyrique_George,21,West Ham,8,Chelsea,MID,7
945,244.0,20.0,19.0,0.0,False,2025-08-22T19:00:00Z,1.0,5.0,2.0,False,0.0,0.0,0.0,0.0,0.0,0.0,0.0,0.0,0.0,0.0,0.0,0.0,0.0,0.0,0.0,0.0,0.0,0.0,0.0,0.0,0.0,0.0,0.0,0.0,0.0,0.0,50.0,-917.0,2085.0,34.0,951.0,244,Lavia,Chelsea,Roméo,514356,Muscle injury - Unknown return date,3,8,Roméo_Lavia,21,West Ham,8,Chelsea,MID,7
946,245.0,20.0,19.0,0.0,False,2025-08-22T19:00:00Z,1.0,5.0,2.0,False,0.0,0.0,0.0,0.0,0.0,0.0,0.0,0.0,0.0,0.0,0.0,0.0,0.0,0.0,0.0,0.0,0.0,0.0,0.0,0.0,0.0,0.0,0.0,0.0,0.0,0.0,50.0,-98.0,786.0,105.0,203.0,245,Mudryk,Chelsea,Mykhailo,465920,Suspended - unknown return date,3,8,Mykhailo_Mudryk,21,West Ham,8,Chelsea,MID,7
947,246.0,20.0,19.0,1.0,False,2025-08-22T19:00:00Z,1.0,5.0,2.0,False,28.0,0.0,0.0,0.0,0.0,0.0,0.0,0.0,0.0,0.0,0.0,0.0,4.0,3.8,11.9,2.0,1.8,1.0,2.0,0.0,3.0,0.0,0.0,0.01,0.01,0.55,45.0,1371.0,37961.0,7026.0,5655.0,246,Nascimento dos Santos,Chelsea,Andrey,532605,,3,8,Andrey_Nascimento dos Santos,21,West Ham,8,Chelsea,MID,7
948,247.0,20.0,19.0,0.0,False,2025-08-22T19:00:00Z,1.0,5.0,2.0,False,0.0,0.0,0.0,0.0,0.0,0.0,0.0,0.0,0.0,0.0,0.0,0.0,0.0,0.0,0.0,0.0,0.0,0.0,0.0,0.0,0.0,0.0,0.0,0.0,0.0,0.0,45.0,-359.0,5765.0,520.0,879.0,247,Luís Essugo,Chelsea,Dário,491007,,3,8,Dário_Luís Essugo,21,West Ham,8,Chelsea,MID,7
949,248.0,20.0,19.0,0.0,False,2025-08-22T19:00:00Z,1.0,5.0,2.0,False,0.0,0.0,0.0,0.0,0.0,0.0,0.0,0.0,0.0,0.0,0.0,0.0,0.0,0.0,0.0,0.0,0.0,0.0,0.0,0.0,0.0,0.0,0.0,0.0,0.0,0.0,45.0,-431.0,1050.0,0.0,431.0,248,Páez Andrade,Chelsea,Kendry,611134,Has joined RC Strasbourg on loan for the rest of the season.,3,8,Kendry_Páez Andrade,21,West Ham,8,Chelsea,MID,7
950,249.0,20.0,19.0,15.0,False,2025-08-22T19:00:00Z,1.0,5.0,2.0,False,90.0,1.0,2.0,0.0,1.0,0.0,0.0,0.0,0.0,0.0,0.0,3.0,58.0,75.8,31.3,42.0,14.9,3.0,1.0,1.0,5.0,1.0,0.41,0.11,0.52,0.73,75.0,-260001.0,5551162.0,168844.0,428845.0,249,Junqueira de Jesus,Chelsea,João Pedro,475168,,4,8,João Pedro_Junqueira de Jesus,21,West Ham,8,Chelsea,FWD,7
951,250.0,20.0,19.0,2.0,False,2025-08-22T19:00:00Z,1.0,5.0,2.0,False,61.0,0.0,0.0,0.0,1.0,0.0,0.0,0.0,0.0,0.0,0.0,0.0,7.0,2.6,2.2,19.0,2.4,0.0,2.0,0.0,2.0,1.0,0.09,0.02,0.11,0.18,65.0,-54973.0,385619.0,17876.0,72849.0,250,Delap,Chelsea,Liam,463034,,4,8,Liam_Delap,21,West Ham,8,Chelsea,FWD,7
952,251.0,20.0,19.0,0.0,False,2025-08-22T19:00:00Z,1.0,5.0,2.0,False,0.0,0.0,0.0,0.0,0.0,0.0,0.0,0.0,0.0,0.0,0.0,0.0,0.0,0.0,0.0,0.0,0.0,0.0,0.0,0.0,0.0,0.0,0.0,0.0,0.0,0.0,65.0,1161.0,17381.0,2869.0,1708.0,251,Jackson,Chelsea,Nicolas,517052,Won’t be considered for selection on 22/8. - Unknown return date,4,8,Nicolas_Jackson,21,West Ham,8,Chelsea,FWD,7
953,672.0,20.0,19.0,0.0,False,2025-08-22T19:00:00Z,1.0,5.0,2.0,False,21.0,0.0,0.0,0.0,0.0,0.0,0.0,0.0,1.0,0.0,0.0,0.0,-2.0,1.2,1.0,0.0,0.2,1.0,1.0,0.0,1.0,0.0,0.0,0.0,0.0,0.44,50.0,-4824.0,32123.0,2024.0,6848.0,672,Hato,Chelsea,Jorrel,551210,,2,8,Jorrel_Hato,21,West Ham,8,Chelsea,DEF,7
954,253.0,15.0,16.0,2.0,True,2025-08-24T13:00:00Z,1.0,1.0,2.0,False,90.0,0.0,0.0,0.0,1.0,0.0,0.0,0.0,0.0,0.0,0.0,0.0,3.0,3.4,0.0,0.0,0.3,0.0,4.0,0.0,0.0,1.0,0.0,0.0,0.0,0.93,50.0,7533.0,783308.0,39150.0,31617.0,253,Henderson,Crystal Palace,Dean,172649,,1,31,Dean_Henderson,17,Nott'm Forest,31,Crystal Palace,GKP,8
955,254.0,15.0,16.0,0.0,True,2025-08-24T13:00:00Z,1.0,1.0,2.0,False,0.0,0.0,0.0,0.0,0.0,0.0,0.0,0.0,0.0,0.0,0.0,0.0,0.0,0.0,0.0,0.0,0.0,0.0,0.0,0.0,0.0,0.0,0.0,0.0,0.0,0.0,40.0,-392.0,46305.0,1976.0,2368.0,254,Benítez,Crystal Palace,Walter,121709,,1,31,Walter_Benítez,17,Nott'm Forest,31,Crystal Palace,GKP,8
956,255.0,15.0,16.0,0.0,True,2025-08-24T13:00:00Z,1.0,1.0,2.0,False,0.0,0.0,0.0,0.0,0.0,0.0,0.0,0.0,0.0,0.0,0.0,0.0,0.0,0.0,0.0,0.0,0.0,0.0,0.0,0.0,0.0,0.0,0.0,0.0,0.0,0.0,40.0,-262.0,11751.0,404.0,666.0,255,Matthews,Crystal Palace,Remi,169593,,1,31,Remi_Matthews,17,Nott'm Forest,31,Crystal Palace,GKP,8
957,256.0,15.0,16.0,5.0,True,2025-08-24T13:00:00Z,1.0,1.0,2.0,False,90.0,0.0,1.0,0.0,1.0,0.0,0.0,0.0,0.0,0.0,0.0,0.0,18.0,28.2,24.2,2.0,5.4,1.0,5.0,0.0,1.0,1.0,0.0,0.32,0.32,0.93,55.0,28682.0,940645.0,79742.0,51060.0,256,Muñoz Mejía,Crystal Palace,Daniel,247348,,2,31,Daniel_Muñoz Mejía,17,Nott'm Forest,31,Crystal Palace,DEF,8
958,257.0,15.0,16.0,3.0,True,2025-08-24T13:00:00Z,1.0,1.0,2.0,False,90.0,0.0,0.0,0.0,1.0,0.0,0.0,0.0,1.0,0.0,0.0,0.0,11.0,24.6,0.3,23.0,4.8,9.0,5.0,3.0,12.0,1.0,0.1,0.0,0.1,0.93,50.0,20299.0,151393.0,33055.0,12756.0,257,Lacroix,Crystal Palace,Maxence,437499,,2,31,Maxence_Lacroix,17,Nott'm Forest,31,Crystal Palace,DEF,8
959,258.0,15.0,16.0,1.0,True,2025-08-24T13:00:00Z,1.0,1.0,2.0,False,90.0,0.0,0.0,0.0,1.0,0.0,0.0,0.0,1.0,0.0,0.0,0.0,9.0,14.6,27.4,8.0,5.0,2.0,5.0,3.0,5.0,1.0,0.0,0.09,0.09,0.93,50.0,37161.0,196023.0,50644.0,13483.0,258,Mitchell,Crystal Palace,Tyrick,244723,,2,31,Tyrick_Mitchell,17,Nott'm Forest,31,Crystal Palace,DEF,8
960,259.0,15.0,16.0,0.0,True,2025-08-24T13:00:00Z,1.0,1.0,2.0,False,0.0,0.0,0.0,0.0,0.0,0.0,0.0,0.0,0.0,0.0,0.0,0.0,0.0,0.0,0.0,0.0,0.0,0.0,0.0,0.0,0.0,0.0,0.0,0.0,0.0,0.0,50.0,-1169.0,15301.0,858.0,2027.0,259,Sosa,Crystal Palace,Borna,218364,,2,31,Borna_Sosa,17,Nott'm Forest,31,Crystal Palace,DEF,8
961,260.0,15.0,16.0,2.0,True,2025-08-24T13:00:00Z,1.0,1.0,2.0,False,90.0,0.0,0.0,0.0,1.0,0.0,0.0,0.0,0.0,0.0,0.0,0.0,6.0,11.2,1.5,4.0,1.7,4.0,3.0,1.0,5.0,1.0,0.11,0.01,0.12,0.93,45.0,85279.0,1436549.0,141931.0,56652.0,260,Guéhi,Crystal Palace,Marc,209036,,2,31,Marc_Guéhi,17,Nott'm Forest,31,Crystal Palace,DEF,8
962,261.0,15.0,16.0,2.0,True,2025-08-24T13:00:00Z,1.0,1.0,2.0,False,90.0,0.0,0.0,0.0,1.0,0.0,0.0,0.0,0.0,0.0,0.0,0.0,8.0,19.8,1.3,0.0,2.1,7.0,2.0,1.0,8.0,1.0,0.0,0.04,0.04,0.93,45.0,19845.0,175268.0,32404.0,12559.0,261,Richards,Crystal Palace,Chris,427623,,2,31,Chris_Richards,17,Nott'm Forest,31,Crystal Palace,DEF,8
963,262.0,15.0,16.0,0.0,True,2025-08-24T13:00:00Z,1.0,1.0,2.0,False,0.0,0.0,0.0,0.0,0.0,0.0,0.0,0.0,0.0,0.0,0.0,0.0,0.0,0.0,0.0,0.0,0.0,0.0,0.0,0.0,0.0,0.0,0.0,0.0,0.0,0.0,40.0,-54.0,940.0,80.0,134.0,262,Riad Dnanou,Crystal Palace,Chadi,515621,Knee injury - Unknown return date,2,31,Chadi_Riad Dnanou,17,Nott'm Forest,31,Crystal Palace,DEF,8
964,263.0,15.0,16.0,0.0,True,2025-08-24T13:00:00Z,1.0,1.0,2.0,False,0.0,0.0,0.0,0.0,0.0,0.0,0.0,0.0,0.0,0.0,0.0,0.0,0.0,0.0,0.0,0.0,0.0,0.0,0.0,0.0,0.0,0.0,0.0,0.0,0.0,0.0,40.0,-3842.0,69300.0,2256.0,6098.0,263,Clyne,Crystal Palace,Nathaniel,57328,,2,31,Nathaniel_Clyne,17,Nott'm Forest,31,Crystal Palace,DEF,8
965,264.0,15.0,16.0,0.0,True,2025-08-24T13:00:00Z,1.0,1.0,2.0,False,0.0,0.0,0.0,0.0,0.0,0.0,0.0,0.0,0.0,0.0,0.0,0.0,0.0,0.0,0.0,0.0,0.0,0.0,0.0,0.0,0.0,0.0,0.0,0.0,0.0,0.0,40.0,-1458.0,4417.0,0.0,1458.0,264,Holding,Crystal Palace,Rob,156074,Has joined Colorado Rapids permanently.,2,31,Rob_Holding,17,Nott'm Forest,31,Crystal Palace,DEF,8
966,265.0,15.0,16.0,0.0,True,2025-08-24T13:00:00Z,1.0,1.0,2.0,False,0.0,0.0,0.0,0.0,0.0,0.0,0.0,0.0,0.0,0.0,0.0,0.0,0.0,0.0,0.0,0.0,0.0,0.0,0.0,0.0,0.0,0.0,0.0,0.0,0.0,0.0,40.0,-564.0,2389.0,69.0,633.0,265,Kporha,Crystal Palace,Caleb,590012,Back injury - Unknown return date,2,31,Caleb_Kporha,17,Nott'm Forest,31,Crystal Palace,DEF,8
967,267.0,15.0,16.0,8.0,True,2025-08-24T13:00:00Z,1.0,1.0,2.0,False,90.0,1.0,0.0,0.0,1.0,0.0,0.0,0.0,0.0,0.0,0.0,1.0,20.0,36.0,2.8,17.0,5.6,0.0,2.0,2.0,4.0,1.0,0.55,0.04,0.59,0.93,65.0,-38601.0,493698.0,27142.0,65743.0,267,Sarr,Crystal Palace,Ismaïla,232185,,3,31,Ismaïla_Sarr,17,Nott'm Forest,31,Crystal Palace,MID,8
968,268.0,15.0,16.0,0.0,True,2025-08-24T13:00:00Z,1.0,1.0,2.0,False,0.0,0.0,0.0,0.0,0.0,0.0,0.0,0.0,0.0,0.0,0.0,0.0,0.0,0.0,0.0,0.0,0.0,0.0,0.0,0.0,0.0,0.0,0.0,0.0,0.0,0.0,50.0,-77.0,416.0,29.0,106.0,268,Doucouré,Crystal Palace,Cheick,438464,Knee injury - Unknown return date,3,31,Cheick_Doucouré,17,Nott'm Forest,31,Crystal Palace,MID,8
969,269.0,15.0,16.0,1.0,True,2025-08-24T13:00:00Z,1.0,1.0,2.0,False,24.0,0.0,0.0,0.0,0.0,0.0,0.0,0.0,0.0,0.0,0.0,0.0,6.0,4.6,0.4,2.0,0.7,0.0,0.0,2.0,2.0,0.0,0.0,0.01,0.01,0.27,50.0,-2730.0,23328.0,1788.0,4518.0,269,Esse,Crystal Palace,Romain,606921,,3,31,Romain_Esse,17,Nott'm Forest,31,Crystal Palace,MID,8
970,270.0,15.0,16.0,1.0,True,2025-08-24T13:00:00Z,1.0,1.0,2.0,False,90.0,0.0,0.0,0.0,1.0,0.0,0.0,0.0,1.0,0.0,0.0,0.0,14.0,13.0,41.4,10.0,6.4,1.0,5.0,4.0,10.0,1.0,0.12,0.27,0.39,0.93,50.0,-580.0,12564.0,852.0,1432.0,270,Hughes,Crystal Palace,Will,108413,,3,31,Will_Hughes,17,Nott'm Forest,31,Crystal Palace,MID,8
971,271.0,15.0,16.0,0.0,True,2025-08-24T13:00:00Z,1.0,1.0,2.0,False,0.0,0.0,0.0,0.0,0.0,0.0,0.0,0.0,0.0,0.0,0.0,0.0,0.0,0.0,0.0,0.0,0.0,0.0,0.0,0.0,0.0,0.0,0.0,0.0,0.0,0.0,50.0,-563.0,1681.0,38.0,601.0,271,Kamada,Crystal Palace,Daichi,209400,Knee injury - 25% chance of playing,3,31,Daichi_Kamada,17,Nott'm Forest,31,Crystal Palace,MID,8
972,272.0,15.0,16.0,1.0,True,2025-08-24T13:00:00Z,1.0,1.0,2.0,False,8.0,0.0,0.0,0.0,0.0,0.0,0.0,0.0,0.0,0.0,0.0,0.0,4.0,4.0,1.1,0.0,0.5,2.0,0.0,0.0,2.0,0.0,0.0,0.0,0.0,0.27,50.0,-681.0,7107.0,214.0,895.0,272,Lerma Solís,Crystal Palace,Jefferson,152551,,3,31,Jefferson_Lerma Solís,17,Nott'm Forest,31,Crystal Palace,MID,8
973,273.0,15.0,16.0,2.0,True,2025-08-24T13:00:00Z,1.0,1.0,2.0,False,81.0,0.0,0.0,0.0,1.0,0.0,0.0,0.0,0.0,0.0,0.0,0.0,18.0,8.2,20.2,0.0,2.8,2.0,6.0,1.0,9.0,1.0,0.0,0.09,0.09,0.66,50.0,563.0,67486.0,7424.0,6861.0,273,Wharton,Crystal Palace,Adam,496221,,3,31,Adam_Wharton,17,Nott'm Forest,31,Crystal Palace,MID,8
974,274.0,15.0,16.0,0.0,True,2025-08-24T13:00:00Z,1.0,1.0,2.0,False,0.0,0.0,0.0,0.0,0.0,0.0,0.0,0.0,0.0,0.0,0.0,0.0,0.0,0.0,0.0,0.0,0.0,0.0,0.0,0.0,0.0,0.0,0.0,0.0,0.0,0.0,45.0,-363.0,6352.0,427.0,790.0,274,Agbinone,Crystal Palace,Asher,579075,,3,31,Asher_Agbinone,17,Nott'm Forest,31,Crystal Palace,MID,8
975,275.0,15.0,16.0,0.0,True,2025-08-24T13:00:00Z,1.0,1.0,2.0,False,0.0,0.0,0.0,0.0,0.0,0.0,0.0,0.0,0.0,0.0,0.0,0.0,0.0,0.0,0.0,0.0,0.0,0.0,0.0,0.0,0.0,0.0,0.0,0.0,0.0,0.0,45.0,-276.0,4550.0,342.0,618.0,275,Ahamada,Crystal Palace,Naouirou,466117,,3,31,Naouirou_Ahamada,17,Nott'm Forest,31,Crystal Palace,MID,8
976,276.0,15.0,16.0,2.0,True,2025-08-24T13:00:00Z,1.0,1.0,2.0,False,65.0,0.0,0.0,0.0,1.0,0.0,0.0,0.0,0.0,0.0,0.0,0.0,9.0,5.8,3.3,23.0,3.2,0.0,6.0,2.0,8.0,1.0,0.05,0.02,0.07,0.66,45.0,-11013.0,186088.0,7792.0,18805.0,276,Devenny,Crystal Palace,Justin,489706,,3,31,Justin_Devenny,17,Nott'm Forest,31,Crystal Palace,MID,8
977,277.0,15.0,16.0,0.0,True,2025-08-24T13:00:00Z,1.0,1.0,2.0,False,0.0,0.0,0.0,0.0,0.0,0.0,0.0,0.0,0.0,0.0,0.0,0.0,0.0,0.0,0.0,0.0,0.0,0.0,0.0,0.0,0.0,0.0,0.0,0.0,0.0,0.0,45.0,-303.0,783.0,0.0,303.0,277,Ebiowei,Crystal Palace,Malcolm,450535,Has joined Blackpool permanently.,3,31,Malcolm_Ebiowei,17,Nott'm Forest,31,Crystal Palace,MID,8
978,278.0,15.0,16.0,0.0,True,2025-08-24T13:00:00Z,1.0,1.0,2.0,False,0.0,0.0,0.0,0.0,0.0,0.0,0.0,0.0,0.0,0.0,0.0,0.0,0.0,0.0,0.0,0.0,0.0,0.0,0.0,0.0,0.0,0.0,0.0,0.0,0.0,0.0,45.0,-459.0,7129.0,504.0,963.0,278,Rak-Sakyi,Crystal Palace,Jesurun,450542,,3,31,Jesurun_Rak-Sakyi,17,Nott'm Forest,31,Crystal Palace,MID,8
979,279.0,15.0,16.0,0.0,True,2025-08-24T13:00:00Z,1.0,1.0,2.0,False,0.0,0.0,0.0,0.0,0.0,0.0,0.0,0.0,0.0,0.0,0.0,0.0,0.0,0.0,0.0,0.0,0.0,0.0,0.0,0.0,0.0,0.0,0.0,0.0,0.0,0.0,45.0,-400.0,1889.0,65.0,465.0,279,França de Oliveira,Crystal Palace,Matheus,536694,Muscle injury - Expected back 24 Aug,3,31,Matheus_França de Oliveira,17,Nott'm Forest,31,Crystal Palace,MID,8
980,280.0,15.0,16.0,0.0,True,2025-08-24T13:00:00Z,1.0,1.0,2.0,False,0.0,0.0,0.0,0.0,0.0,0.0,0.0,0.0,0.0,0.0,0.0,0.0,0.0,0.0,0.0,0.0,0.0,0.0,0.0,0.0,0.0,0.0,0.0,0.0,0.0,0.0,45.0,-70.0,264.0,0.0,70.0,280,Ozoh,Crystal Palace,David,531989,Has joined Derby County on loan for the rest of the season.,3,31,David_Ozoh,17,Nott'm Forest,31,Crystal Palace,MID,8
981,281.0,15.0,16.0,0.0,True,2025-08-24T13:00:00Z,1.0,1.0,2.0,False,0.0,0.0,0.0,0.0,0.0,0.0,0.0,0.0,0.0,0.0,0.0,0.0,0.0,0.0,0.0,0.0,0.0,0.0,0.0,0.0,0.0,0.0,0.0,0.0,0.0,0.0,45.0,-257.0,4807.0,349.0,606.0,281,Rodney,Crystal Palace,Kaden,530318,,3,31,Kaden_Rodney,17,Nott'm Forest,31,Crystal Palace,MID,8
982,282.0,15.0,16.0,0.0,True,2025-08-24T13:00:00Z,1.0,1.0,2.0,False,0.0,0.0,0.0,0.0,0.0,0.0,0.0,0.0,0.0,0.0,0.0,0.0,0.0,0.0,0.0,0.0,0.0,0.0,0.0,0.0,0.0,0.0,0.0,0.0,0.0,0.0,45.0,-221.0,3293.0,201.0,422.0,282,Umeh-Chibueze,Crystal Palace,Franco,574398,,3,31,Franco_Umeh-Chibueze,17,Nott'm Forest,31,Crystal Palace,MID,8
983,283.0,15.0,16.0,2.0,True,2025-08-24T13:00:00Z,1.0,1.0,2.0,False,87.0,0.0,0.0,0.0,1.0,0.0,0.0,0.0,0.0,0.0,0.0,0.0,7.0,0.4,0.4,13.0,1.4,1.0,0.0,0.0,1.0,1.0,0.16,0.0,0.16,0.66,75.0,-30379.0,949542.0,77989.0,108368.0,283,Mateta,Crystal Palace,Jean-Philippe,231747,,4,31,Jean-Philippe_Mateta,17,Nott'm Forest,31,Crystal Palace,FWD,8
984,284.0,15.0,16.0,0.0,True,2025-08-24T13:00:00Z,1.0,1.0,2.0,False,0.0,0.0,0.0,0.0,0.0,0.0,0.0,0.0,0.0,0.0,0.0,0.0,0.0,0.0,0.0,0.0,0.0,0.0,0.0,0.0,0.0,0.0,0.0,0.0,0.0,0.0,55.0,-13529.0,27093.0,371.0,13900.0,284,Nketiah,Crystal Palace,Eddie,205533,Hamstring injury - Expected back 18 Oct,4,31,Eddie_Nketiah,17,Nott'm Forest,31,Crystal Palace,FWD,8
985,285.0,15.0,16.0,1.0,True,2025-08-24T13:00:00Z,1.0,1.0,2.0,False,2.0,0.0,0.0,0.0,0.0,0.0,0.0,0.0,0.0,0.0,0.0,0.0,6.0,2.0,0.0,0.0,0.2,0.0,0.0,1.0,1.0,0.0,0.0,0.0,0.0,0.27,50.0,-8272.0,94464.0,5751.0,14023.0,285,Édouard,Crystal Palace,Odsonne,199670,,4,31,Odsonne_Édouard,17,Nott'm Forest,31,Crystal Palace,FWD,8
986,286.0,15.0,16.0,0.0,True,2025-08-24T13:00:00Z,1.0,1.0,2.0,False,0.0,0.0,0.0,0.0,0.0,0.0,0.0,0.0,0.0,0.0,0.0,0.0,0.0,0.0,0.0,0.0,0.0,0.0,0.0,0.0,0.0,0.0,0.0,0.0,0.0,0.0,45.0,-1551.0,29536.0,2181.0,3732.0,286,Marsh,Crystal Palace,Zach,576980,,4,31,Zach_Marsh,17,Nott'm Forest,31,Crystal Palace,FWD,8
987,690.0,15.0,16.0,0.0,True,2025-08-24T13:00:00Z,1.0,1.0,2.0,False,0.0,0.0,0.0,0.0,0.0,0.0,0.0,0.0,0.0,0.0,0.0,0.0,0.0,0.0,0.0,0.0,0.0,0.0,0.0,0.0,0.0,0.0,0.0,0.0,0.0,0.0,45.0,7512.0,25226.0,10229.0,2717.0,690,Cardines,Crystal Palace,Rio,590014,,3,31,Rio_Cardines,17,Nott'm Forest,31,Crystal Palace,MID,8
988,242.0,16.0,6.0,2.0,True,2025-08-24T13:00:00Z,2.0,0.0,2.0,False,90.0,0.0,0.0,1.0,0.0,0.0,0.0,0.0,1.0,0.0,0.0,0.0,14.0,6.8,54.3,0.0,6.1,1.0,2.0,0.0,3.0,1.0,0.0,0.17,0.17,2.43,50.0,-24825.0,469863.0,22379.0,47204.0,242,Dewsbury-Hall,Everton,Kiernan,215413,,3,11,Kiernan_Dewsbury-Hall,36,Brighton,11,Everton,MID,9
989,287.0,16.0,6.0,15.0,True,2025-08-24T13:00:00Z,2.0,0.0,2.0,False,90.0,0.0,0.0,1.0,0.0,0.0,1.0,0.0,0.0,0.0,4.0,3.0,40.0,50.2,0.0,0.0,5.0,2.0,11.0,0.0,0.0,1.0,0.0,0.0,0.0,2.43,55.0,-64855.0,1130150.0,21753.0,86608.0,287,Pickford,Everton,Jordan,111234,,1,11,Jordan_Pickford,36,Brighton,11,Everton,GKP,9
990,288.0,16.0,6.0,0.0,True,2025-08-24T13:00:00Z,2.0,0.0,2.0,False,0.0,0.0,0.0,0.0,0.0,0.0,0.0,0.0,0.0,0.0,0.0,0.0,0.0,0.0,0.0,0.0,0.0,0.0,0.0,0.0,0.0,0.0,0.0,0.0,0.0,0.0,45.0,-1014.0,16071.0,410.0,1424.0,288,Travers,Everton,Mark,229600,,1,11,Mark_Travers,36,Brighton,11,Everton,GKP,9
991,289.0,16.0,6.0,0.0,True,2025-08-24T13:00:00Z,2.0,0.0,2.0,False,0.0,0.0,0.0,0.0,0.0,0.0,0.0,0.0,0.0,0.0,0.0,0.0,0.0,0.0,0.0,0.0,0.0,0.0,0.0,0.0,0.0,0.0,0.0,0.0,0.0,0.0,40.0,-326.0,13983.0,511.0,837.0,289,Tyrer,Everton,Harry,447325,,1,11,Harry_Tyrer,36,Brighton,11,Everton,GKP,9
992,290.0,16.0,6.0,0.0,True,2025-08-24T13:00:00Z,2.0,0.0,2.0,False,0.0,0.0,0.0,0.0,0.0,0.0,0.0,0.0,0.0,0.0,0.0,0.0,0.0,0.0,0.0,0.0,0.0,0.0,0.0,0.0,0.0,0.0,0.0,0.0,0.0,0.0,54.0,-31536.0,50137.0,219.0,31755.0,290,Branthwaite,Everton,Jarrad,480455,Hamstring injury - Unknown return date,2,11,Jarrad_Branthwaite,36,Brighton,11,Everton,DEF,9
993,291.0,16.0,6.0,8.0,True,2025-08-24T13:00:00Z,2.0,0.0,2.0,False,90.0,0.0,0.0,1.0,0.0,0.0,0.0,0.0,0.0,0.0,0.0,0.0,27.0,13.2,0.3,4.0,1.8,10.0,3.0,0.0,10.0,1.0,0.0,0.0,0.0,2.43,55.0,-18442.0,726150.0,31239.0,49681.0,291,Tarkowski,Everton,James,17761,,2,11,James_Tarkowski,36,Brighton,11,Everton,DEF,9
994,292.0,16.0,6.0,0.0,True,2025-08-24T13:00:00Z,2.0,0.0,2.0,False,0.0,0.0,0.0,0.0,0.0,0.0,0.0,0.0,0.0,0.0,0.0,0.0,0.0,0.0,0.0,0.0,0.0,0.0,0.0,0.0,0.0,0.0,0.0,0.0,0.0,0.0,50.0,-17766.0,76431.0,713.0,18479.0,292,Mykolenko,Everton,Vitalii,224967,Muscle injury - Unknown return date,2,11,Vitalii_Mykolenko,36,Brighton,11,Everton,DEF,9
995,293.0,16.0,6.0,6.0,True,2025-08-24T13:00:00Z,2.0,0.0,2.0,False,90.0,0.0,0.0,1.0,0.0,0.0,0.0,0.0,0.0,0.0,0.0,0.0,21.0,10.8,5.1,4.0,2.0,2.0,1.0,2.0,4.0,1.0,0.0,0.01,0.01,2.43,50.0,-2470.0,59659.0,3677.0,6147.0,293,O'Brien,Everton,Jake,512462,,2,11,Jake_O'Brien,36,Brighton,11,Everton,DEF,9
996,294.0,16.0,6.0,0.0,True,2025-08-24T13:00:00Z,2.0,0.0,2.0,False,0.0,0.0,0.0,0.0,0.0,0.0,0.0,0.0,0.0,0.0,0.0,0.0,0.0,0.0,0.0,0.0,0.0,0.0,0.0,0.0,0.0,0.0,0.0,0.0,0.0,0.0,45.0,-1335.0,17552.0,861.0,2196.0,294,Coleman,Everton,Séamus,59949,,2,11,Séamus_Coleman,36,Brighton,11,Everton,DEF,9
997,295.0,16.0,6.0,8.0,True,2025-08-24T13:00:00Z,2.0,0.0,2.0,False,90.0,0.0,0.0,1.0,0.0,0.0,0.0,0.0,0.0,0.0,0.0,0.0,23.0,24.0,0.3,0.0,2.4,11.0,1.0,2.0,13.0,1.0,0.0,0.01,0.01,2.43,45.0,-381.0,38760.0,3460.0,3841.0,295,Keane,Everton,Michael,106611,,2,11,Michael_Keane,36,Brighton,11,Everton,DEF,9
998,296.0,16.0,6.0,0.0,True,2025-08-24T13:00:00Z,2.0,0.0,2.0,False,0.0,0.0,0.0,0.0,0.0,0.0,0.0,0.0,0.0,0.0,0.0,0.0,0.0,0.0,0.0,0.0,0.0,0.0,0.0,0.0,0.0,0.0,0.0,0.0,0.0,0.0,45.0,-605.0,2754.0,61.0,666.0,296,Patterson,Everton,Nathan,243571,Hernia - Unknown return date,2,11,Nathan_Patterson,36,Brighton,11,Everton,DEF,9
999,297.0,16.0,6.0,0.0,True,2025-08-24T13:00:00Z,2.0,0.0,2.0,False,0.0,0.0,0.0,0.0,0.0,0.0,0.0,0.0,0.0,0.0,0.0,0.0,0.0,0.0,0.0,0.0,0.0,0.0,0.0,0.0,0.0,0.0,0.0,0.0,0.0,0.0,40.0,-1305.0,23975.0,1067.0,2372.0,297,Dixon,Everton,Roman,496178,,2,11,Roman_Dixon,36,Brighton,11,Everton,DEF,9
1000,298.0,16.0,6.0,0.0,True,2025-08-24T13:00:00Z,2.0,0.0,2.0,False,0.0,0.0,0.0,0.0,0.0,0.0,0.0,0.0,0.0,0.0,0.0,0.0,0.0,0.0,0.0,0.0,0.0,0.0,0.0,0.0,0.0,0.0,0.0,0.0,0.0,0.0,40.0,-1183.0,16896.0,467.0,1650.0,298,Welch,Everton,Reece,474907,,2,11,Reece_Welch,36,Brighton,11,Everton,DEF,9
1001,299.0,16.0,6.0,8.0,True,2025-08-24T13:00:00Z,2.0,0.0,2.0,False,63.0,1.0,0.0,1.0,0.0,0.0,0.0,0.0,0.0,0.0,0.0,0.0,33.0,43.2,1.1,40.0,8.4,1.0,4.0,3.0,8.0,1.0,0.73,0.0,0.73,1.48,65.0,-171344.0,1032128.0,24685.0,196029.0,299,Ndiaye,Everton,Iliman,440993,,3,11,Iliman_Ndiaye,36,Brighton,11,Everton,MID,9
1002,300.0,16.0,6.0,1.0,True,2025-08-24T13:00:00Z,2.0,0.0,2.0,False,19.0,0.0,0.0,0.0,0.0,0.0,0.0,0.0,0.0,0.0,0.0,0.0,2.0,0.0,11.3,8.0,1.8,0.0,0.0,0.0,0.0,0.0,0.24,0.0,0.24,0.95,59.0,-10241.0,34261.0,1053.0,11294.0,300,McNeil,Everton,Dwight,433154,,3,11,Dwight_McNeil,36,Brighton,11,Everton,MID,9
1003,301.0,16.0,6.0,1.0,True,2025-08-24T13:00:00Z,2.0,0.0,2.0,False,26.0,0.0,0.0,0.0,0.0,0.0,0.0,0.0,0.0,0.0,0.0,0.0,5.0,5.0,2.1,0.0,0.7,0.0,2.0,2.0,4.0,0.0,0.0,0.0,0.0,0.95,55.0,-1953.0,16906.0,820.0,2773.0,301,Alcaraz Durán,Everton,Carlos,502697,,3,11,Carlos_Alcaraz Durán,36,Brighton,11,Everton,MID,9
1004,302.0,16.0,6.0,3.0,True,2025-08-24T13:00:00Z,2.0,0.0,2.0,False,90.0,0.0,0.0,1.0,0.0,0.0,0.0,0.0,0.0,0.0,0.0,0.0,15.0,12.4,5.7,2.0,2.0,3.0,2.0,2.0,7.0,1.0,0.0,0.01,0.01,2.43,55.0,-1370.0,10265.0,445.0,1815.0,302,Gueye,Everton,Idrissa Gana,80801,,3,11,Idrissa Gana_Gueye,36,Brighton,11,Everton,MID,9
1005,303.0,16.0,6.0,10.0,True,2025-08-24T13:00:00Z,2.0,0.0,2.0,False,90.0,1.0,0.0,1.0,0.0,0.0,0.0,0.0,1.0,0.0,0.0,1.0,34.0,54.2,26.6,8.0,8.9,10.0,5.0,1.0,16.0,1.0,0.04,0.07,0.11,2.43,50.0,-963.0,10042.0,458.0,1421.0,303,Garner,Everton,James,232928,,3,11,James_Garner,36,Brighton,11,Everton,MID,9
1006,304.0,16.0,6.0,2.0,True,2025-08-24T13:00:00Z,2.0,0.0,2.0,False,70.0,0.0,0.0,1.0,0.0,0.0,0.0,0.0,1.0,0.0,0.0,0.0,7.0,8.8,2.7,1.0,1.3,5.0,6.0,0.0,11.0,1.0,0.08,0.0,0.08,1.48,50.0,-325.0,3317.0,106.0,431.0,304,Iroegbunam,Everton,Tim,490094,,3,11,Tim_Iroegbunam,36,Brighton,11,Everton,MID,9
1007,305.0,16.0,6.0,1.0,True,2025-08-24T13:00:00Z,2.0,0.0,2.0,False,1.0,0.0,0.0,0.0,0.0,0.0,0.0,0.0,0.0,0.0,0.0,0.0,3.0,0.0,0.0,0.0,0.0,0.0,0.0,0.0,0.0,0.0,0.0,0.0,0.0,0.0,45.0,-1583.0,12834.0,787.0,2370.0,305,Armstrong,Everton,Harrison,609873,,3,11,Harrison_Armstrong,36,Brighton,11,Everton,MID,9
1008,306.0,16.0,6.0,0.0,True,2025-08-24T13:00:00Z,2.0,0.0,2.0,False,0.0,0.0,0.0,0.0,0.0,0.0,0.0,0.0,0.0,0.0,0.0,0.0,0.0,0.0,0.0,0.0,0.0,0.0,0.0,0.0,0.0,0.0,0.0,0.0,0.0,0.0,45.0,-491.0,9346.0,775.0,1266.0,306,Bates,Everton,Callum,547801,,3,11,Callum_Bates,36,Brighton,11,Everton,MID,9
1009,307.0,16.0,6.0,0.0,True,2025-08-24T13:00:00Z,2.0,0.0,2.0,False,0.0,0.0,0.0,0.0,0.0,0.0,0.0,0.0,0.0,0.0,0.0,0.0,0.0,0.0,0.0,0.0,0.0,0.0,0.0,0.0,0.0,0.0,0.0,0.0,0.0,0.0,45.0,-264.0,4640.0,320.0,584.0,307,Ebere,Everton,Coby,504296,,3,11,Coby_Ebere,36,Brighton,11,Everton,MID,9
1010,308.0,16.0,6.0,0.0,True,2025-08-24T13:00:00Z,2.0,0.0,2.0,False,0.0,0.0,0.0,0.0,0.0,0.0,0.0,0.0,0.0,0.0,0.0,0.0,0.0,0.0,0.0,0.0,0.0,0.0,0.0,0.0,0.0,0.0,0.0,0.0,0.0,0.0,45.0,-314.0,4574.0,278.0,592.0,308,Heath,Everton,Isaac,496279,,3,11,Isaac_Heath,36,Brighton,11,Everton,MID,9
1011,309.0,16.0,6.0,0.0,True,2025-08-24T13:00:00Z,2.0,0.0,2.0,False,0.0,0.0,0.0,0.0,0.0,0.0,0.0,0.0,0.0,0.0,0.0,0.0,0.0,0.0,0.0,0.0,0.0,0.0,0.0,0.0,0.0,0.0,0.0,0.0,0.0,0.0,45.0,-48.0,146.0,0.0,48.0,309,Metcalfe,Everton,Jenson,491557,Has joined Bradford City permanently.,3,11,Jenson_Metcalfe,36,Brighton,11,Everton,MID,9
1012,310.0,16.0,6.0,2.0,True,2025-08-24T13:00:00Z,2.0,0.0,2.0,False,63.0,0.0,0.0,1.0,0.0,0.0,0.0,0.0,0.0,0.0,0.0,0.0,1.0,0.0,2.2,14.0,1.2,0.0,0.0,0.0,0.0,1.0,0.35,0.01,0.36,1.48,60.0,-10450.0,69052.0,4318.0,14768.0,310,Barry,Everton,Thierno,586309,,4,11,Thierno_Barry,36,Brighton,11,Everton,FWD,9
1013,311.0,16.0,6.0,0.0,True,2025-08-24T13:00:00Z,2.0,0.0,2.0,False,26.0,0.0,0.0,0.0,0.0,0.0,0.0,0.0,1.0,0.0,0.0,0.0,-2.0,0.0,0.5,8.0,0.5,0.0,0.0,0.0,0.0,0.0,0.14,0.0,0.14,0.95,55.0,-68855.0,829761.0,42243.0,111098.0,311,Gomes Betuncal,Everton,Norberto Bercique,486385,,4,11,Norberto Bercique_Gomes Betuncal,36,Brighton,11,Everton,FWD,9
1014,312.0,16.0,6.0,0.0,True,2025-08-24T13:00:00Z,2.0,0.0,2.0,False,0.0,0.0,0.0,0.0,0.0,0.0,0.0,0.0,0.0,0.0,0.0,0.0,0.0,0.0,0.0,0.0,0.0,0.0,0.0,0.0,0.0,0.0,0.0,0.0,0.0,0.0,50.0,-1652.0,16422.0,1140.0,2792.0,312,Ramalho Chermiti,Everton,Youssef,491012,,4,11,Youssef_Ramalho Chermiti,36,Brighton,11,Everton,FWD,9
1015,313.0,16.0,6.0,0.0,True,2025-08-24T13:00:00Z,2.0,0.0,2.0,False,0.0,0.0,0.0,0.0,0.0,0.0,0.0,0.0,0.0,0.0,0.0,0.0,0.0,0.0,0.0,0.0,0.0,0.0,0.0,0.0,0.0,0.0,0.0,0.0,0.0,0.0,45.0,-1395.0,25298.0,1849.0,3244.0,313,Sherif,Everton,Martin,536241,,4,11,Martin_Sherif,36,Brighton,11,Everton,FWD,9
1016,419.0,16.0,6.0,11.0,True,2025-08-24T13:00:00Z,2.0,0.0,2.0,False,90.0,0.0,2.0,1.0,0.0,0.0,0.0,0.0,0.0,0.0,0.0,2.0,37.0,48.2,35.3,12.0,9.6,1.0,7.0,3.0,11.0,1.0,0.01,0.7,0.71,2.43,65.0,-42564.0,340736.0,15189.0,57753.0,419,Grealish,Everton,Jack,114283,,3,11,Jack_Grealish,36,Brighton,11,Everton,MID,9
1017,630.0,16.0,6.0,0.0,True,2025-08-24T13:00:00Z,2.0,0.0,2.0,False,0.0,0.0,0.0,0.0,0.0,0.0,0.0,0.0,0.0,0.0,0.0,0.0,0.0,0.0,0.0,0.0,0.0,0.0,0.0,0.0,0.0,0.0,0.0,0.0,0.0,0.0,40.0,-4196.0,162948.0,3163.0,7359.0,630,King,Everton,Tom,138001,,1,11,Tom_King,36,Brighton,11,Everton,GKP,9
1018,667.0,16.0,6.0,0.0,True,2025-08-24T13:00:00Z,2.0,0.0,2.0,False,0.0,0.0,0.0,0.0,0.0,0.0,0.0,0.0,0.0,0.0,0.0,0.0,0.0,0.0,0.0,0.0,0.0,0.0,0.0,0.0,0.0,0.0,0.0,0.0,0.0,0.0,45.0,-1660.0,12212.0,453.0,2113.0,667,Aznou,Everton,Adam,499300,,2,11,Adam_Aznou,36,Brighton,11,Everton,DEF,9
1019,704.0,16.0,6.0,0.0,True,2025-08-24T13:00:00Z,2.0,0.0,2.0,False,0.0,0.0,0.0,0.0,0.0,0.0,0.0,0.0,0.0,0.0,0.0,0.0,0.0,0.0,0.0,0.0,0.0,0.0,0.0,0.0,0.0,0.0,0.0,0.0,0.0,0.0,45.0,0.0,0.0,0.0,0.0,704,Onyango,Everton,Tyler,461446,,3,11,Tyler_Onyango,36,Brighton,11,Everton,MID,9
1020,705.0,16.0,6.0,0.0,True,2025-08-24T13:00:00Z,2.0,0.0,2.0,False,0.0,0.0,0.0,0.0,0.0,0.0,0.0,0.0,0.0,0.0,0.0,0.0,0.0,0.0,0.0,0.0,0.0,0.0,0.0,0.0,0.0,0.0,0.0,0.0,0.0,0.0,40.0,0.0,0.0,0.0,0.0,705,Campbell,Everton,Elijah,491745,,2,11,Elijah_Campbell,36,Brighton,11,Everton,DEF,9
1021,314.0,17.0,14.0,3.0,True,2025-08-24T15:30:00Z,1.0,1.0,2.0,False,90.0,0.0,0.0,0.0,1.0,0.0,0.0,0.0,0.0,0.0,3.0,0.0,13.0,23.4,0.0,0.0,2.3,2.0,7.0,0.0,0.0,1.0,0.0,0.0,0.0,1.63,50.0,-11411.0,166214.0,4076.0,15487.0,314,Leno,Fulham,Bernd,80201,,1,54,Bernd_Leno,1,Man Utd,54,Fulham,GKP,10
1022,315.0,17.0,14.0,0.0,True,2025-08-24T15:30:00Z,1.0,1.0,2.0,False,0.0,0.0,0.0,0.0,0.0,0.0,0.0,0.0,0.0,0.0,0.0,0.0,0.0,0.0,0.0,0.0,0.0,0.0,0.0,0.0,0.0,0.0,0.0,0.0,0.0,0.0,40.0,-105.0,859.0,0.0,105.0,315,Benda,Fulham,Steven,428971,Has joined Millwall on loan for the rest of the season.,1,54,Steven_Benda,1,Man Utd,54,Fulham,GKP,10
1023,316.0,17.0,14.0,1.0,True,2025-08-24T15:30:00Z,1.0,1.0,2.0,False,28.0,0.0,0.0,0.0,0.0,0.0,0.0,0.0,0.0,0.0,0.0,0.0,5.0,6.6,16.2,2.0,2.5,1.0,0.0,0.0,1.0,0.0,0.0,0.02,0.02,0.11,50.0,-30566.0,68757.0,527.0,31093.0,316,Robinson,Fulham,Antonee,169528,,2,54,Antonee_Robinson,1,Man Utd,54,Fulham,DEF,10
1024,317.0,17.0,14.0,4.0,True,2025-08-24T15:30:00Z,1.0,1.0,2.0,False,90.0,0.0,0.0,0.0,1.0,0.0,0.0,0.0,0.0,0.0,0.0,0.0,14.0,24.6,11.4,6.0,4.2,10.0,2.0,1.0,11.0,1.0,0.0,0.64,0.64,1.63,45.0,-5225.0,306358.0,10095.0,15320.0,317,Andersen,Fulham,Joachim,174874,,2,54,Joachim_Andersen,1,Man Utd,54,Fulham,DEF,10
1025,318.0,17.0,14.0,2.0,True,2025-08-24T15:30:00Z,1.0,1.0,2.0,False,90.0,0.0,0.0,0.0,1.0,0.0,0.0,0.0,0.0,0.0,0.0,0.0,6.0,1.8,0.8,7.0,1.0,5.0,6.0,0.0,5.0,1.0,0.15,0.0,0.15,1.63,45.0,-2809.0,48039.0,3038.0,5847.0,318,Bassey,Fulham,Calvin,232892,,2,54,Calvin_Bassey,1,Man Utd,54,Fulham,DEF,10
1026,319.0,17.0,14.0,2.0,True,2025-08-24T15:30:00Z,1.0,1.0,2.0,False,61.0,0.0,0.0,0.0,1.0,0.0,0.0,0.0,0.0,0.0,0.0,0.0,5.0,4.6,7.7,19.0,3.1,2.0,1.0,0.0,2.0,1.0,0.3,0.04,0.34,1.52,45.0,-1370.0,14318.0,344.0,1714.0,319,Castagne,Fulham,Timothy,166477,,2,54,Timothy_Castagne,1,Man Utd,54,Fulham,DEF,10
1027,320.0,17.0,14.0,0.0,True,2025-08-24T15:30:00Z,1.0,1.0,2.0,False,0.0,0.0,0.0,0.0,0.0,0.0,0.0,0.0,0.0,0.0,0.0,0.0,0.0,0.0,0.0,0.0,0.0,0.0,0.0,0.0,0.0,0.0,0.0,0.0,0.0,0.0,45.0,-885.0,8838.0,296.0,1181.0,320,Diop,Fulham,Issa,219924,,2,54,Issa_Diop,1,Man Utd,54,Fulham,DEF,10
1028,321.0,17.0,14.0,0.0,True,2025-08-24T15:30:00Z,1.0,1.0,2.0,False,0.0,0.0,0.0,0.0,0.0,0.0,0.0,0.0,0.0,0.0,0.0,0.0,0.0,0.0,0.0,0.0,0.0,0.0,0.0,0.0,0.0,0.0,0.0,0.0,0.0,0.0,45.0,-304.0,4677.0,184.0,488.0,321,Cuenca Barreno,Fulham,Jorge,246301,,2,54,Jorge_Cuenca Barreno,1,Man Utd,54,Fulham,DEF,10
1029,322.0,17.0,14.0,2.0,True,2025-08-24T15:30:00Z,1.0,1.0,2.0,False,90.0,0.0,0.0,0.0,1.0,0.0,0.0,0.0,0.0,0.0,0.0,0.0,15.0,17.6,17.7,10.0,4.5,1.0,3.0,3.0,4.0,1.0,0.0,0.37,0.37,1.63,45.0,-654.0,17246.0,1298.0,1952.0,322,Tete,Fulham,Kenny,167074,,2,54,Kenny_Tete,1,Man Utd,54,Fulham,DEF,10
1030,323.0,17.0,14.0,0.0,True,2025-08-24T15:30:00Z,1.0,1.0,2.0,False,0.0,0.0,0.0,0.0,0.0,0.0,0.0,0.0,0.0,0.0,0.0,0.0,0.0,0.0,0.0,0.0,0.0,0.0,0.0,0.0,0.0,0.0,0.0,0.0,0.0,0.0,40.0,-1425.0,17804.0,556.0,1981.0,323,Amissah,Fulham,Samuel,591385,,2,54,Samuel_Amissah,1,Man Utd,54,Fulham,DEF,10
1031,324.0,17.0,14.0,7.0,True,2025-08-24T15:30:00Z,1.0,1.0,2.0,False,90.0,0.0,1.0,0.0,1.0,0.0,0.0,0.0,0.0,0.0,0.0,2.0,23.0,24.8,21.9,17.0,6.4,2.0,2.0,0.0,4.0,1.0,0.07,0.25,0.32,1.63,65.0,-24950.0,141665.0,3160.0,28110.0,324,Iwobi,Fulham,Alex,153133,,3,54,Alex_Iwobi,1,Man Utd,54,Fulham,MID,10
1032,325.0,17.0,14.0,6.0,True,2025-08-24T15:30:00Z,1.0,1.0,2.0,False,19.0,1.0,0.0,0.0,0.0,0.0,0.0,0.0,0.0,0.0,0.0,0.0,21.0,32.8,3.6,38.0,7.4,0.0,0.0,0.0,0.0,0.0,0.7,0.02,0.72,0.11,59.0,-20929.0,83859.0,2640.0,23569.0,325,Smith Rowe,Fulham,Emile,209289,,3,54,Emile_Smith Rowe,1,Man Utd,54,Fulham,MID,10
1033,326.0,17.0,14.0,0.0,True,2025-08-24T15:30:00Z,1.0,1.0,2.0,False,0.0,0.0,0.0,0.0,0.0,0.0,0.0,0.0,0.0,0.0,0.0,0.0,0.0,0.0,0.0,0.0,0.0,0.0,0.0,0.0,0.0,0.0,0.0,0.0,0.0,0.0,55.0,-5031.0,29589.0,874.0,5905.0,326,Traoré Diarra,Fulham,Adama,159533,,3,54,Adama_Traoré Diarra,1,Man Utd,54,Fulham,MID,10
1034,327.0,17.0,14.0,0.0,True,2025-08-24T15:30:00Z,1.0,1.0,2.0,False,0.0,0.0,0.0,0.0,0.0,0.0,0.0,0.0,0.0,0.0,0.0,0.0,0.0,0.0,0.0,0.0,0.0,0.0,0.0,0.0,0.0,0.0,0.0,0.0,0.0,0.0,54.0,-7732.0,31146.0,1084.0,8816.0,327,Hoelgebaum Pereira,Fulham,Andreas,156689,,3,54,Andreas_Hoelgebaum Pereira,1,Man Utd,54,Fulham,MID,10
1035,328.0,17.0,14.0,2.0,True,2025-08-24T15:30:00Z,1.0,1.0,2.0,False,61.0,0.0,0.0,0.0,1.0,0.0,0.0,0.0,0.0,0.0,0.0,0.0,14.0,11.0,15.4,6.0,3.2,2.0,1.0,2.0,5.0,1.0,0.0,0.16,0.16,1.52,55.0,-828.0,2551.0,47.0,875.0,328,Sessegnon,Fulham,Ryan,184349,,3,54,Ryan_Sessegnon,1,Man Utd,54,Fulham,MID,10
1036,329.0,17.0,14.0,1.0,True,2025-08-24T15:30:00Z,1.0,1.0,2.0,False,28.0,0.0,0.0,0.0,0.0,0.0,0.0,0.0,0.0,0.0,0.0,0.0,5.0,3.2,1.9,6.0,1.1,0.0,0.0,1.0,1.0,0.0,0.0,0.09,0.09,0.11,55.0,-9758.0,98304.0,6489.0,16247.0,329,Wilson,Fulham,Harry,153682,,3,54,Harry_Wilson,1,Man Utd,54,Fulham,MID,10
1037,330.0,17.0,14.0,2.0,True,2025-08-24T15:30:00Z,1.0,1.0,2.0,False,90.0,0.0,0.0,0.0,1.0,0.0,0.0,0.0,0.0,0.0,0.0,0.0,10.0,7.4,4.8,2.0,1.4,2.0,1.0,0.0,3.0,1.0,0.0,0.04,0.04,1.63,50.0,-591.0,7258.0,231.0,822.0,330,Berge,Fulham,Sander,207189,,3,54,Sander_Berge,1,Man Utd,54,Fulham,MID,10
1038,331.0,17.0,14.0,0.0,True,2025-08-24T15:30:00Z,1.0,1.0,2.0,False,0.0,0.0,0.0,0.0,0.0,0.0,0.0,0.0,0.0,0.0,0.0,0.0,0.0,0.0,0.0,0.0,0.0,0.0,0.0,0.0,0.0,0.0,0.0,0.0,0.0,0.0,50.0,-550.0,3720.0,78.0,628.0,331,Cairney,Fulham,Tom,76357,,3,54,Tom_Cairney,1,Man Utd,54,Fulham,MID,10
1039,332.0,17.0,14.0,3.0,True,2025-08-24T15:30:00Z,1.0,1.0,2.0,False,90.0,0.0,0.0,0.0,1.0,0.0,0.0,0.0,1.0,0.0,0.0,0.0,19.0,11.8,65.9,2.0,8.0,3.0,8.0,1.0,12.0,1.0,0.0,0.44,0.44,1.63,50.0,-589.0,6795.0,204.0,793.0,332,Lukić,Fulham,Saša,212314,,3,54,Saša_Lukić,1,Man Utd,54,Fulham,MID,10
1040,333.0,17.0,14.0,0.0,True,2025-08-24T15:30:00Z,1.0,1.0,2.0,False,0.0,0.0,0.0,0.0,0.0,0.0,0.0,0.0,0.0,0.0,0.0,0.0,0.0,0.0,0.0,0.0,0.0,0.0,0.0,0.0,0.0,0.0,0.0,0.0,0.0,0.0,45.0,-573.0,7576.0,479.0,1052.0,333,Godo,Fulham,Martial,573062,,3,54,Martial_Godo,1,Man Utd,54,Fulham,MID,10
1041,334.0,17.0,14.0,0.0,True,2025-08-24T15:30:00Z,1.0,1.0,2.0,False,0.0,0.0,0.0,0.0,0.0,0.0,0.0,0.0,0.0,0.0,0.0,0.0,0.0,0.0,0.0,0.0,0.0,0.0,0.0,0.0,0.0,0.0,0.0,0.0,0.0,0.0,45.0,-119.0,364.0,0.0,119.0,334,Harris,Fulham,Luke,515024,Has joined Oxford United on loan for the rest of the season.,3,54,Luke_Harris,1,Man Utd,54,Fulham,MID,10
1042,335.0,17.0,14.0,2.0,True,2025-08-24T15:30:00Z,1.0,1.0,2.0,False,70.0,0.0,0.0,0.0,1.0,0.0,0.0,0.0,0.0,0.0,0.0,0.0,1.0,5.0,1.3,23.0,2.9,0.0,1.0,1.0,2.0,1.0,0.17,0.01,0.18,1.52,45.0,25003.0,132551.0,45975.0,20972.0,335,King,Fulham,Josh,577725,,3,54,Josh_King,1,Man Utd,54,Fulham,MID,10
1043,336.0,17.0,14.0,0.0,True,2025-08-24T15:30:00Z,1.0,1.0,2.0,False,0.0,0.0,0.0,0.0,0.0,0.0,0.0,0.0,0.0,0.0,0.0,0.0,0.0,0.0,0.0,0.0,0.0,0.0,0.0,0.0,0.0,0.0,0.0,0.0,0.0,0.0,45.0,-2373.0,26815.0,1241.0,3614.0,336,Reed,Fulham,Harrison,153366,,3,54,Harrison_Reed,1,Man Utd,54,Fulham,MID,10
1044,337.0,17.0,14.0,1.0,True,2025-08-24T15:30:00Z,1.0,1.0,2.0,False,19.0,0.0,0.0,0.0,0.0,0.0,0.0,0.0,0.0,0.0,0.0,0.0,0.0,1.0,2.3,2.0,0.5,1.0,1.0,0.0,2.0,0.0,0.0,0.0,0.0,0.11,65.0,-30566.0,204410.0,7226.0,37792.0,337,Jiménez Rodríguez,Fulham,Raúl,102057,,4,54,Raúl_Jiménez Rodríguez,1,Man Utd,54,Fulham,FWD,10
1045,338.0,17.0,14.0,0.0,True,2025-08-24T15:30:00Z,1.0,1.0,2.0,False,70.0,0.0,0.0,0.0,1.0,1.0,0.0,0.0,0.0,0.0,0.0,0.0,-3.0,0.0,10.3,24.0,3.1,2.0,3.0,1.0,6.0,1.0,0.37,0.0,0.37,1.52,55.0,35674.0,270080.0,62606.0,26932.0,338,Muniz Carvalho,Fulham,Rodrigo,244042,,4,54,Rodrigo_Muniz Carvalho,1,Man Utd,54,Fulham,FWD,10
1046,664.0,17.0,14.0,0.0,True,2025-08-24T15:30:00Z,1.0,1.0,2.0,False,0.0,0.0,0.0,0.0,0.0,0.0,0.0,0.0,0.0,0.0,0.0,0.0,0.0,0.0,0.0,0.0,0.0,0.0,0.0,0.0,0.0,0.0,0.0,0.0,0.0,0.0,40.0,-1915.0,89853.0,2153.0,4068.0,664,Lecomte,Fulham,Benjamin,86873,,1,54,Benjamin_Lecomte,1,Man Utd,54,Fulham,GKP,10
1047,339.0,11.0,1.0,0.0,False,2025-08-23T16:30:00Z,5.0,0.0,2.0,False,0.0,0.0,0.0,0.0,0.0,0.0,0.0,0.0,0.0,0.0,0.0,0.0,0.0,0.0,0.0,0.0,0.0,0.0,0.0,0.0,0.0,0.0,0.0,0.0,0.0,0.0,45.0,-8431.0,76441.0,1751.0,10182.0,339,Meslier,Leeds,Illan,437495,,1,2,Illan_Meslier,3,Arsenal,2,Leeds,GKP,11
1048,340.0,11.0,1.0,0.0,False,2025-08-23T16:30:00Z,5.0,0.0,2.0,False,0.0,0.0,0.0,0.0,0.0,0.0,0.0,0.0,0.0,0.0,0.0,0.0,0.0,0.0,0.0,0.0,0.0,0.0,0.0,0.0,0.0,0.0,0.0,0.0,0.0,0.0,40.0,-503.0,22079.0,752.0,1255.0,340,Cairns,Leeds,Alex,97846,,1,2,Alex_Cairns,3,Arsenal,2,Leeds,GKP,11
1049,341.0,11.0,1.0,0.0,False,2025-08-23T16:30:00Z,5.0,0.0,2.0,False,0.0,0.0,0.0,0.0,0.0,0.0,0.0,0.0,0.0,0.0,0.0,0.0,0.0,0.0,0.0,0.0,0.0,0.0,0.0,0.0,0.0,0.0,0.0,0.0,0.0,0.0,40.0,-10405.0,321450.0,7159.0,17564.0,341,Darlow,Leeds,Karl,59735,,1,2,Karl_Darlow,3,Arsenal,2,Leeds,GKP,11
1050,342.0,11.0,1.0,-1.0,False,2025-08-23T16:30:00Z,5.0,0.0,2.0,False,82.0,0.0,0.0,0.0,4.0,0.0,0.0,0.0,1.0,0.0,0.0,0.0,-9.0,3.8,0.2,4.0,0.8,3.0,5.0,1.0,4.0,1.0,0.0,0.0,0.0,2.09,45.0,-744.0,21224.0,1063.0,1807.0,342,Bogle,Leeds,Jayden,226182,,2,2,Jayden_Bogle,3,Arsenal,2,Leeds,DEF,11
1051,343.0,11.0,1.0,0.0,False,2025-08-23T16:30:00Z,5.0,0.0,2.0,False,90.0,0.0,0.0,0.0,5.0,0.0,0.0,0.0,0.0,0.0,0.0,0.0,-1.0,16.6,0.3,17.0,3.4,4.0,3.0,2.0,6.0,1.0,0.1,0.0,0.1,2.88,45.0,1191.0,41643.0,4854.0,3663.0,343,Struijk,Leeds,Pascal,222694,,2,2,Pascal_Struijk,3,Arsenal,2,Leeds,DEF,11
1052,344.0,11.0,1.0,0.0,False,2025-08-23T16:30:00Z,5.0,0.0,2.0,False,0.0,0.0,0.0,0.0,0.0,0.0,0.0,0.0,0.0,0.0,0.0,0.0,0.0,0.0,0.0,0.0,0.0,0.0,0.0,0.0,0.0,0.0,0.0,0.0,0.0,0.0,40.0,660.0,19108.0,1812.0,1152.0,344,Bijol,Leeds,Jaka,434752,,2,2,Jaka_Bijol,3,Arsenal,2,Leeds,DEF,11
1053,345.0,11.0,1.0,0.0,False,2025-08-23T16:30:00Z,5.0,0.0,2.0,False,0.0,0.0,0.0,0.0,0.0,0.0,0.0,0.0,0.0,0.0,0.0,0.0,0.0,0.0,0.0,0.0,0.0,0.0,0.0,0.0,0.0,0.0,0.0,0.0,0.0,0.0,40.0,-845.0,6229.0,100.0,945.0,345,Bornauw,Leeds,Sebastiaan,437738,,2,2,Sebastiaan_Bornauw,3,Arsenal,2,Leeds,DEF,11
1054,346.0,11.0,1.0,1.0,False,2025-08-23T16:30:00Z,5.0,0.0,2.0,False,7.0,0.0,0.0,0.0,1.0,0.0,0.0,0.0,0.0,0.0,0.0,0.0,-2.0,0.0,0.0,0.0,0.0,0.0,0.0,0.0,0.0,0.0,0.0,0.0,0.0,0.79,40.0,-2038.0,25674.0,608.0,2646.0,346,Byram,Leeds,Sam,113564,,2,2,Sam_Byram,3,Arsenal,2,Leeds,DEF,11
1055,347.0,11.0,1.0,-1.0,False,2025-08-23T16:30:00Z,5.0,0.0,2.0,False,90.0,0.0,0.0,0.0,5.0,0.0,0.0,0.0,1.0,0.0,0.0,0.0,-19.0,9.4,0.5,0.0,1.0,5.0,1.0,3.0,8.0,1.0,0.0,0.0,0.0,2.88,40.0,64344.0,391187.0,90599.0,26255.0,347,Gudmundsson,Leeds,Gabriel,243526,,2,2,Gabriel_Gudmundsson,3,Arsenal,2,Leeds,DEF,11
1056,348.0,11.0,1.0,2.0,False,2025-08-23T16:30:00Z,5.0,0.0,2.0,False,90.0,0.0,0.0,0.0,5.0,0.0,0.0,0.0,0.0,0.0,0.0,0.0,-2.0,29.0,0.1,0.0,2.9,13.0,2.0,1.0,14.0,1.0,0.0,0.0,0.0,2.88,40.0,6915.0,248399.0,20822.0,13907.0,348,Rodon,Leeds,Joe,214225,,2,2,Joe_Rodon,3,Arsenal,2,Leeds,DEF,11
1057,349.0,11.0,1.0,0.0,False,2025-08-23T16:30:00Z,5.0,0.0,2.0,False,0.0,0.0,0.0,0.0,0.0,0.0,0.0,0.0,0.0,0.0,0.0,0.0,0.0,0.0,0.0,0.0,0.0,0.0,0.0,0.0,0.0,0.0,0.0,0.0,0.0,0.0,40.0,-1661.0,19863.0,418.0,2079.0,349,Schmidt,Leeds,Isaac,492368,,2,2,Isaac_Schmidt,3,Arsenal,2,Leeds,DEF,11
1058,350.0,11.0,1.0,1.0,False,2025-08-23T16:30:00Z,5.0,0.0,2.0,False,24.0,0.0,0.0,0.0,1.0,0.0,0.0,0.0,0.0,0.0,0.0,0.0,6.0,2.2,0.4,0.0,0.3,0.0,2.0,1.0,3.0,0.0,0.0,0.04,0.04,0.87,55.0,-1042.0,6780.0,364.0,1406.0,350,Aaronson,Leeds,Brenden,427637,,3,2,Brenden_Aaronson,3,Arsenal,2,Leeds,MID,11
1059,351.0,11.0,1.0,2.0,False,2025-08-23T16:30:00Z,5.0,0.0,2.0,False,65.0,0.0,0.0,0.0,4.0,0.0,0.0,0.0,0.0,0.0,0.0,0.0,10.0,7.2,1.5,2.0,1.1,0.0,2.0,4.0,6.0,1.0,0.0,0.0,0.0,2.01,55.0,-4074.0,34356.0,1958.0,6032.0,351,Gnonto,Leeds,Wilfried,492859,,3,2,Wilfried_Gnonto,3,Arsenal,2,Leeds,MID,11
1060,352.0,11.0,1.0,0.0,False,2025-08-23T16:30:00Z,5.0,0.0,2.0,False,0.0,0.0,0.0,0.0,0.0,0.0,0.0,0.0,0.0,0.0,0.0,0.0,0.0,0.0,0.0,0.0,0.0,0.0,0.0,0.0,0.0,0.0,0.0,0.0,0.0,0.0,55.0,-2908.0,13124.0,246.0,3154.0,352,Harrison,Leeds,Jack,221399,,3,2,Jack_Harrison,3,Arsenal,2,Leeds,MID,11
1061,353.0,11.0,1.0,2.0,False,2025-08-23T16:30:00Z,5.0,0.0,2.0,False,65.0,0.0,0.0,0.0,4.0,0.0,0.0,0.0,0.0,0.0,0.0,0.0,9.0,1.6,0.3,9.0,1.1,0.0,4.0,0.0,4.0,1.0,0.07,0.0,0.07,2.01,55.0,-5846.0,47497.0,1569.0,7415.0,353,James,Leeds,Daniel,200617,,3,2,Daniel_James,3,Arsenal,2,Leeds,MID,11
1062,354.0,11.0,1.0,0.0,False,2025-08-23T16:30:00Z,5.0,0.0,2.0,False,0.0,0.0,0.0,0.0,0.0,0.0,0.0,0.0,0.0,0.0,0.0,0.0,0.0,0.0,0.0,0.0,0.0,0.0,0.0,0.0,0.0,0.0,0.0,0.0,0.0,0.0,50.0,-1355.0,8890.0,584.0,1939.0,354,Ampadu,Leeds,Ethan,199598,Knee injury - Expected back 13 Sep,3,2,Ethan_Ampadu,3,Arsenal,2,Leeds,MID,11
1063,355.0,11.0,1.0,0.0,False,2025-08-23T16:30:00Z,5.0,0.0,2.0,False,0.0,0.0,0.0,0.0,0.0,0.0,0.0,0.0,0.0,0.0,0.0,0.0,0.0,0.0,0.0,0.0,0.0,0.0,0.0,0.0,0.0,0.0,0.0,0.0,0.0,0.0,50.0,-1633.0,10276.0,469.0,2102.0,355,Greenwood,Leeds,Sam,248937,,3,2,Sam_Greenwood,3,Arsenal,2,Leeds,MID,11
1064,356.0,11.0,1.0,2.0,False,2025-08-23T16:30:00Z,5.0,0.0,2.0,False,90.0,0.0,0.0,0.0,5.0,0.0,0.0,0.0,0.0,0.0,0.0,0.0,15.0,9.4,0.7,0.0,1.0,2.0,3.0,1.0,6.0,1.0,0.0,0.0,0.0,2.88,50.0,-591.0,4763.0,122.0,713.0,356,Gruev,Leeds,Ilia,486520,,3,2,Ilia_Gruev,3,Arsenal,2,Leeds,MID,11
1065,357.0,11.0,1.0,0.0,False,2025-08-23T16:30:00Z,5.0,0.0,2.0,False,0.0,0.0,0.0,0.0,0.0,0.0,0.0,0.0,0.0,0.0,0.0,0.0,0.0,0.0,0.0,0.0,0.0,0.0,0.0,0.0,0.0,0.0,0.0,0.0,0.0,0.0,50.0,-860.0,4717.0,79.0,939.0,357,Ramazani,Leeds,Largie,433952,,3,2,Largie_Ramazani,3,Arsenal,2,Leeds,MID,11
1066,358.0,11.0,1.0,1.0,False,2025-08-23T16:30:00Z,5.0,0.0,2.0,False,57.0,0.0,0.0,0.0,4.0,0.0,0.0,0.0,0.0,0.0,0.0,0.0,2.0,0.0,3.3,0.0,0.3,0.0,2.0,0.0,2.0,1.0,0.0,0.0,0.0,1.85,50.0,-326.0,28192.0,2867.0,3193.0,358,Ao,Leeds,Tanaka,248056,Knee injury - 75% chance of playing,3,2,Tanaka_Ao,3,Arsenal,2,Leeds,MID,11
1067,359.0,11.0,1.0,0.0,False,2025-08-23T16:30:00Z,5.0,0.0,2.0,False,0.0,0.0,0.0,0.0,0.0,0.0,0.0,0.0,0.0,0.0,0.0,0.0,0.0,0.0,0.0,0.0,0.0,0.0,0.0,0.0,0.0,0.0,0.0,0.0,0.0,0.0,45.0,-363.0,1004.0,0.0,363.0,359,Crew,Leeds,Charlie,536119,Has joined Doncaster Rovers on loan for the rest of the season.,3,2,Charlie_Crew,3,Arsenal,2,Leeds,MID,11
1068,360.0,11.0,1.0,0.0,False,2025-08-23T16:30:00Z,5.0,0.0,2.0,False,0.0,0.0,0.0,0.0,0.0,0.0,0.0,0.0,0.0,0.0,0.0,0.0,0.0,0.0,0.0,0.0,0.0,0.0,0.0,0.0,0.0,0.0,0.0,0.0,0.0,0.0,45.0,-1062.0,2738.0,0.0,1062.0,360,Gelhardt,Leeds,Joe,462635,Has joined Hull City on loan for the rest of the season.,3,2,Joe_Gelhardt,3,Arsenal,2,Leeds,MID,11
1069,361.0,11.0,1.0,0.0,False,2025-08-23T16:30:00Z,5.0,0.0,2.0,False,0.0,0.0,0.0,0.0,0.0,0.0,0.0,0.0,0.0,0.0,0.0,0.0,0.0,0.0,0.0,0.0,0.0,0.0,0.0,0.0,0.0,0.0,0.0,0.0,0.0,0.0,45.0,-631.0,9075.0,716.0,1347.0,361,Gyabi,Leeds,Darko,470294,,3,2,Darko_Gyabi,3,Arsenal,2,Leeds,MID,11
1070,362.0,11.0,1.0,1.0,False,2025-08-23T16:30:00Z,5.0,0.0,2.0,False,57.0,0.0,0.0,0.0,4.0,0.0,0.0,0.0,0.0,0.0,0.0,0.0,3.0,0.0,1.3,0.0,0.1,0.0,1.0,0.0,1.0,1.0,0.0,0.0,0.0,1.85,55.0,-18698.0,193408.0,9281.0,27979.0,362,Piroe,Leeds,Joël,235826,,4,2,Joël_Piroe,3,Arsenal,2,Leeds,FWD,11
1071,363.0,11.0,1.0,0.0,False,2025-08-23T16:30:00Z,5.0,0.0,2.0,False,0.0,0.0,0.0,0.0,0.0,0.0,0.0,0.0,0.0,0.0,0.0,0.0,0.0,0.0,0.0,0.0,0.0,0.0,0.0,0.0,0.0,0.0,0.0,0.0,0.0,0.0,50.0,-29322.0,191911.0,10257.0,39579.0,363,Bamford,Leeds,Patrick,106617,,4,2,Patrick_Bamford,3,Arsenal,2,Leeds,FWD,11
1072,364.0,11.0,1.0,0.0,False,2025-08-23T16:30:00Z,5.0,0.0,2.0,False,0.0,0.0,0.0,0.0,0.0,0.0,0.0,0.0,0.0,0.0,0.0,0.0,0.0,0.0,0.0,0.0,0.0,0.0,0.0,0.0,0.0,0.0,0.0,0.0,0.0,0.0,50.0,-1171.0,2430.0,0.0,1171.0,364,Joseph Fernández-Regatillo,Leeds,Mateo,565297,Has joined RCD Mallorca on loan for the rest of the season.,4,2,Mateo_Joseph Fernández-Regatillo,3,Arsenal,2,Leeds,FWD,11
1073,365.0,11.0,1.0,1.0,False,2025-08-23T16:30:00Z,5.0,0.0,2.0,False,32.0,0.0,0.0,0.0,1.0,0.0,0.0,0.0,0.0,0.0,0.0,0.0,3.0,0.0,0.1,0.0,0.0,0.0,0.0,0.0,0.0,0.0,0.0,0.0,0.0,1.03,50.0,17765.0,74301.0,27831.0,10066.0,365,Nmecha,Leeds,Lukas,174594,,4,2,Lukas_Nmecha,3,Arsenal,2,Leeds,FWD,11
1074,493.0,11.0,1.0,1.0,False,2025-08-23T16:30:00Z,5.0,0.0,2.0,False,32.0,0.0,0.0,0.0,1.0,0.0,0.0,0.0,0.0,0.0,0.0,0.0,2.0,1.4,0.4,0.0,0.2,1.0,1.0,0.0,2.0,0.0,0.0,0.0,0.0,1.03,50.0,-2374.0,17788.0,423.0,2797.0,493,Longstaff,Leeds,Sean,180135,,3,2,Sean_Longstaff,3,Arsenal,2,Leeds,MID,11
1075,660.0,11.0,1.0,2.0,False,2025-08-23T16:30:00Z,5.0,0.0,2.0,False,90.0,0.0,0.0,0.0,5.0,0.0,0.0,0.0,0.0,0.0,0.0,0.0,6.0,2.4,35.7,0.0,3.8,1.0,1.0,2.0,4.0,1.0,0.0,0.07,0.07,2.88,50.0,12019.0,48161.0,17355.0,5336.0,660,Stach,Leeds,Anton,466525,,3,2,Anton_Stach,3,Arsenal,2,Leeds,MID,11
1076,665.0,11.0,1.0,0.0,False,2025-08-23T16:30:00Z,5.0,0.0,2.0,False,90.0,0.0,0.0,0.0,5.0,0.0,0.0,0.0,0.0,0.0,0.0,0.0,-13.0,2.8,0.0,0.0,0.3,0.0,4.0,0.0,0.0,1.0,0.0,0.0,0.0,2.88,45.0,2260.0,43482.0,5302.0,3042.0,665,Perri,Leeds,Lucas Estella,201595,,1,2,Lucas Estella_Perri,3,Arsenal,2,Leeds,GKP,11
1077,691.0,11.0,1.0,0.0,False,2025-08-23T16:30:00Z,5.0,0.0,2.0,False,0.0,0.0,0.0,0.0,0.0,0.0,0.0,0.0,0.0,0.0,0.0,0.0,0.0,0.0,0.0,0.0,0.0,0.0,0.0,0.0,0.0,0.0,0.0,0.0,0.0,0.0,55.0,2554.0,6667.0,3453.0,899.0,691,Calvert-Lewin,Leeds,Dominic,177815,Lack of match fitness - 75% chance of playing,4,2,Dominic_Calvert-Lewin,3,Arsenal,2,Leeds,FWD,11
1078,698.0,11.0,1.0,1.0,False,2025-08-23T16:30:00Z,5.0,0.0,2.0,False,24.0,0.0,0.0,0.0,1.0,0.0,0.0,0.0,0.0,0.0,0.0,0.0,3.0,4.6,0.3,0.0,0.5,0.0,2.0,2.0,4.0,0.0,0.0,0.0,0.0,0.87,55.0,320.0,562.0,416.0,96.0,698,Okafor,Leeds,Noah,435997,,3,2,Noah_Okafor,3,Arsenal,2,Leeds,MID,11
1079,366.0,19.0,15.0,1.0,False,2025-08-25T19:00:00Z,2.0,3.0,2.0,False,90.0,0.0,0.0,0.0,2.0,0.0,0.0,0.0,0.0,0.0,1.0,0.0,7.0,14.4,0.0,0.0,1.4,5.0,10.0,0.0,0.0,1.0,0.0,0.0,0.0,0.93,55.0,-94091.0,1155997.0,19970.0,114061.0,366,Becker,Liverpool,Alisson,116535,,1,14,Alisson_Becker,4,Newcastle,14,Liverpool,GKP,12
1080,367.0,19.0,15.0,0.0,False,2025-08-25T19:00:00Z,2.0,3.0,2.0,False,0.0,0.0,0.0,0.0,0.0,0.0,0.0,0.0,0.0,0.0,0.0,0.0,0.0,0.0,0.0,0.0,0.0,0.0,0.0,0.0,0.0,0.0,0.0,0.0,0.0,0.0,45.0,-7875.0,45880.0,1147.0,9022.0,367,Mamardashvili,Liverpool,Giorgi,449027,,1,14,Giorgi_Mamardashvili,4,Newcastle,14,Liverpool,GKP,12
1081,368.0,19.0,15.0,0.0,False,2025-08-25T19:00:00Z,2.0,3.0,2.0,False,0.0,0.0,0.0,0.0,0.0,0.0,0.0,0.0,0.0,0.0,0.0,0.0,0.0,0.0,0.0,0.0,0.0,0.0,0.0,0.0,0.0,0.0,0.0,0.0,0.0,0.0,40.0,-454.0,8968.0,306.0,760.0,368,Pécsi,Liverpool,Ármin,586268,,1,14,Ármin_Pécsi,4,Newcastle,14,Liverpool,GKP,12
1082,369.0,19.0,15.0,0.0,False,2025-08-25T19:00:00Z,2.0,3.0,2.0,False,0.0,0.0,0.0,0.0,0.0,0.0,0.0,0.0,0.0,0.0,0.0,0.0,0.0,0.0,0.0,0.0,0.0,0.0,0.0,0.0,0.0,0.0,0.0,0.0,0.0,0.0,40.0,-520.0,9977.0,344.0,864.0,369,Woodman,Liverpool,Freddie,155503,,1,14,Freddie_Woodman,4,Newcastle,14,Liverpool,GKP,12
1083,370.0,19.0,15.0,0.0,False,2025-08-25T19:00:00Z,2.0,3.0,2.0,False,0.0,0.0,0.0,0.0,0.0,0.0,0.0,0.0,0.0,0.0,0.0,0.0,0.0,0.0,0.0,0.0,0.0,0.0,0.0,0.0,0.0,0.0,0.0,0.0,0.0,0.0,60.0,-1108572.0,2101199.0,54525.0,1163097.0,370,Frimpong,Liverpool,Jeremie,216094,Hamstring injury - Expected back 14 Sep,2,14,Jeremie_Frimpong,4,Newcastle,14,Liverpool,DEF,12
1084,371.0,19.0,15.0,1.0,False,2025-08-25T19:00:00Z,2.0,3.0,2.0,False,90.0,0.0,0.0,0.0,2.0,0.0,0.0,0.0,0.0,0.0,0.0,0.0,7.0,17.6,1.1,0.0,1.9,7.0,4.0,2.0,9.0,1.0,0.0,0.0,0.0,0.93,60.0,-80235.0,647940.0,29455.0,109690.0,371,Kerkez,Liverpool,Milos,544877,,2,14,Milos_Kerkez,4,Newcastle,14,Liverpool,DEF,12
1085,372.0,19.0,15.0,0.0,False,2025-08-25T19:00:00Z,2.0,3.0,2.0,False,0.0,0.0,0.0,0.0,0.0,0.0,0.0,0.0,0.0,0.0,0.0,0.0,0.0,0.0,0.0,0.0,0.0,0.0,0.0,0.0,0.0,0.0,0.0,0.0,0.0,0.0,60.0,-20533.0,133129.0,2762.0,23295.0,372,Robertson,Liverpool,Andrew,122798,,2,14,Andrew_Robertson,4,Newcastle,14,Liverpool,DEF,12
1086,373.0,19.0,15.0,3.0,False,2025-08-25T19:00:00Z,2.0,3.0,2.0,False,90.0,0.0,0.0,0.0,2.0,0.0,0.0,0.0,0.0,0.0,0.0,0.0,10.0,38.6,0.3,0.0,3.9,15.0,1.0,0.0,15.0,1.0,0.0,0.0,0.0,0.93,60.0,-10208.0,2591224.0,131727.0,141935.0,373,van Dijk,Liverpool,Virgil,97032,,2,14,Virgil_van Dijk,4,Newcastle,14,Liverpool,DEF,12
1087,374.0,19.0,15.0,0.0,False,2025-08-25T19:00:00Z,2.0,3.0,2.0,False,90.0,0.0,0.0,0.0,2.0,0.0,0.0,0.0,1.0,0.0,0.0,0.0,5.0,13.2,1.0,0.0,1.4,5.0,1.0,1.0,6.0,1.0,0.0,0.01,0.01,0.93,55.0,-21595.0,314014.0,18206.0,39801.0,374,Konaté,Liverpool,Ibrahima,204716,,2,14,Ibrahima_Konaté,4,Newcastle,14,Liverpool,DEF,12
1088,375.0,19.0,15.0,0.0,False,2025-08-25T19:00:00Z,2.0,3.0,2.0,False,10.0,0.0,0.0,0.0,1.0,0.0,0.0,0.0,1.0,0.0,0.0,0.0,-7.0,4.0,1.3,2.0,0.7,1.0,0.0,0.0,1.0,0.0,0.0,0.01,0.01,0.16,50.0,-3238.0,11310.0,734.0,3972.0,375,Bradley,Liverpool,Conor,492777,,2,14,Conor_Bradley,4,Newcastle,14,Liverpool,DEF,12
1089,376.0,19.0,15.0,0.0,False,2025-08-25T19:00:00Z,2.0,3.0,2.0,False,0.0,0.0,0.0,0.0,0.0,0.0,0.0,0.0,0.0,0.0,0.0,0.0,0.0,0.0,0.0,0.0,0.0,0.0,0.0,0.0,0.0,0.0,0.0,0.0,0.0,0.0,50.0,274.0,12191.0,1448.0,1174.0,376,Gomez,Liverpool,Joe,171287,,2,14,Joe_Gomez,4,Newcastle,14,Liverpool,DEF,12
1090,377.0,19.0,15.0,0.0,False,2025-08-25T19:00:00Z,2.0,3.0,2.0,False,0.0,0.0,0.0,0.0,0.0,0.0,0.0,0.0,0.0,0.0,0.0,0.0,0.0,0.0,0.0,0.0,0.0,0.0,0.0,0.0,0.0,0.0,0.0,0.0,0.0,0.0,50.0,-2187.0,12228.0,462.0,2649.0,377,Tsimikas,Liverpool,Konstantinos,214285,,2,14,Konstantinos_Tsimikas,4,Newcastle,14,Liverpool,DEF,12
1091,378.0,19.0,15.0,0.0,False,2025-08-25T19:00:00Z,2.0,3.0,2.0,False,0.0,0.0,0.0,0.0,0.0,0.0,0.0,0.0,0.0,0.0,0.0,0.0,0.0,0.0,0.0,0.0,0.0,0.0,0.0,0.0,0.0,0.0,0.0,0.0,0.0,0.0,40.0,-1338.0,10640.0,189.0,1527.0,378,Nallo,Liverpool,Amara,611926,,2,14,Amara_Nallo,4,Newcastle,14,Liverpool,DEF,12
1092,379.0,19.0,15.0,0.0,False,2025-08-25T19:00:00Z,2.0,3.0,2.0,False,0.0,0.0,0.0,0.0,0.0,0.0,0.0,0.0,0.0,0.0,0.0,0.0,0.0,0.0,0.0,0.0,0.0,0.0,0.0,0.0,0.0,0.0,0.0,0.0,0.0,0.0,40.0,-1897.0,17261.0,529.0,2426.0,379,Williams,Liverpool,Rhys,219937,,2,14,Rhys_Williams,4,Newcastle,14,Liverpool,DEF,12
1093,380.0,19.0,15.0,0.0,False,2025-08-25T19:00:00Z,2.0,3.0,2.0,False,0.0,0.0,0.0,0.0,0.0,0.0,0.0,0.0,0.0,0.0,0.0,0.0,0.0,0.0,0.0,0.0,0.0,0.0,0.0,0.0,0.0,0.0,0.0,0.0,0.0,0.0,40.0,-1849.0,18087.0,576.0,2425.0,380,Ramsay,Liverpool,Calvin,489580,,2,14,Calvin_Ramsay,4,Newcastle,14,Liverpool,DEF,12
1094,381.0,19.0,15.0,5.0,False,2025-08-25T19:00:00Z,2.0,3.0,2.0,False,90.0,0.0,1.0,0.0,2.0,0.0,0.0,0.0,0.0,0.0,0.0,0.0,24.0,21.0,28.3,6.0,5.5,1.0,1.0,0.0,2.0,1.0,0.0,0.21,0.21,0.93,145.0,1223.0,5757761.0,150654.0,149431.0,381,Salah,Liverpool,Mohamed,118748,,3,14,Mohamed_Salah,4,Newcastle,14,Liverpool,MID,12
1095,382.0,19.0,15.0,2.0,False,2025-08-25T19:00:00Z,2.0,3.0,2.0,False,79.0,0.0,0.0,0.0,1.0,0.0,0.0,0.0,0.0,0.0,0.0,0.0,9.0,1.8,10.2,19.0,3.1,0.0,2.0,1.0,3.0,1.0,0.05,0.1,0.14,0.78,85.0,-526094.0,2951159.0,46640.0,572734.0,382,Wirtz,Liverpool,Florian,494595,,3,14,Florian_Wirtz,4,Newcastle,14,Liverpool,MID,12
1096,383.0,19.0,15.0,0.0,False,2025-08-25T19:00:00Z,2.0,3.0,2.0,False,0.0,0.0,0.0,0.0,0.0,0.0,0.0,0.0,0.0,0.0,0.0,0.0,0.0,0.0,0.0,0.0,0.0,0.0,0.0,0.0,0.0,0.0,0.0,0.0,0.0,0.0,80.0,-4506.0,8134.0,0.0,4506.0,383,Díaz Marulanda,Liverpool,Luis,244731,Has joined Bayern Munch permanently.,3,14,Luis_Díaz Marulanda,4,Newcastle,14,Liverpool,MID,12
1097,384.0,19.0,15.0,10.0,False,2025-08-25T19:00:00Z,2.0,3.0,2.0,False,90.0,0.0,2.0,0.0,2.0,0.0,0.0,0.0,0.0,0.0,0.0,2.0,29.0,39.4,22.3,8.0,7.0,2.0,4.0,3.0,9.0,1.0,0.06,0.07,0.13,0.93,75.0,79237.0,906927.0,164597.0,85360.0,384,Gakpo,Liverpool,Cody,243298,,3,14,Cody_Gakpo,4,Newcastle,14,Liverpool,MID,12
1098,385.0,19.0,15.0,1.0,False,2025-08-25T19:00:00Z,2.0,3.0,2.0,False,10.0,0.0,0.0,0.0,1.0,0.0,0.0,0.0,0.0,0.0,0.0,0.0,2.0,1.2,0.3,0.0,0.2,1.0,0.0,0.0,1.0,0.0,0.0,0.0,0.0,0.16,65.0,6276.0,37939.0,8842.0,2566.0,385,Chiesa,Liverpool,Federico,223541,,3,14,Federico_Chiesa,4,Newcastle,14,Liverpool,MID,12
1099,386.0,19.0,15.0,0.0,False,2025-08-25T19:00:00Z,2.0,3.0,2.0,False,0.0,0.0,0.0,0.0,0.0,0.0,0.0,0.0,0.0,0.0,0.0,0.0,0.0,0.0,0.0,0.0,0.0,0.0,0.0,0.0,0.0,0.0,0.0,0.0,0.0,0.0,65.0,886.0,212641.0,21770.0,20884.0,386,Mac Allister,Liverpool,Alexis,243016,,3,14,Alexis_Mac Allister,4,Newcastle,14,Liverpool,MID,12
1100,387.0,19.0,15.0,2.0,False,2025-08-25T19:00:00Z,2.0,3.0,2.0,False,90.0,0.0,0.0,0.0,2.0,0.0,0.0,0.0,0.0,0.0,0.0,0.0,13.0,9.6,2.4,2.0,1.4,4.0,4.0,1.0,9.0,1.0,0.0,0.01,0.01,0.93,65.0,-26831.0,200506.0,8164.0,34995.0,387,Szoboszlai,Liverpool,Dominik,424876,,3,14,Dominik_Szoboszlai,4,Newcastle,14,Liverpool,MID,12
1101,388.0,19.0,15.0,2.0,False,2025-08-25T19:00:00Z,2.0,3.0,2.0,False,90.0,0.0,0.0,0.0,2.0,0.0,0.0,0.0,0.0,0.0,0.0,0.0,16.0,12.4,7.8,0.0,2.0,0.0,6.0,4.0,10.0,1.0,0.0,0.02,0.02,0.93,55.0,-2254.0,10914.0,456.0,2710.0,388,Jones,Liverpool,Curtis,206915,,3,14,Curtis_Jones,4,Newcastle,14,Liverpool,MID,12
1102,389.0,19.0,15.0,1.0,False,2025-08-25T19:00:00Z,2.0,3.0,2.0,False,1.0,0.0,0.0,0.0,0.0,0.0,0.0,0.0,0.0,0.0,0.0,0.0,2.0,0.2,0.8,0.0,0.1,0.0,0.0,0.0,0.0,0.0,0.0,0.0,0.0,0.0,54.0,-3307.0,15745.0,641.0,3948.0,389,Elliott,Liverpool,Harvey,444884,,3,14,Harvey_Elliott,4,Newcastle,14,Liverpool,MID,12
1103,390.0,19.0,15.0,7.0,False,2025-08-25T19:00:00Z,2.0,3.0,2.0,False,90.0,1.0,0.0,0.0,2.0,0.0,0.0,0.0,1.0,0.0,0.0,1.0,28.0,40.6,6.3,7.0,5.4,3.0,4.0,1.0,8.0,1.0,0.02,0.01,0.03,0.93,55.0,2016.0,21920.0,4471.0,2455.0,390,Gravenberch,Liverpool,Ryan,441266,,3,14,Ryan_Gravenberch,4,Newcastle,14,Liverpool,MID,12
1104,392.0,19.0,15.0,1.0,False,2025-08-25T19:00:00Z,2.0,3.0,2.0,False,1.0,0.0,0.0,0.0,0.0,0.0,0.0,0.0,0.0,0.0,0.0,0.0,3.0,0.0,0.0,0.0,0.0,0.0,0.0,0.0,0.0,0.0,0.0,0.0,0.0,0.0,50.0,85.0,13328.0,1738.0,1653.0,392,Wataru,Liverpool,Endo,158983,,3,14,Endo_Wataru,4,Newcastle,14,Liverpool,MID,12
1105,393.0,19.0,15.0,0.0,False,2025-08-25T19:00:00Z,2.0,3.0,2.0,False,0.0,0.0,0.0,0.0,0.0,0.0,0.0,0.0,0.0,0.0,0.0,0.0,0.0,0.0,0.0,0.0,0.0,0.0,0.0,0.0,0.0,0.0,0.0,0.0,0.0,0.0,45.0,-546.0,5275.0,338.0,884.0,393,Bajčetić Maquieira,Liverpool,Stefan,535928,,3,14,Stefan_Bajčetić Maquieira,4,Newcastle,14,Liverpool,MID,12
1106,394.0,19.0,15.0,0.0,False,2025-08-25T19:00:00Z,2.0,3.0,2.0,False,0.0,0.0,0.0,0.0,0.0,0.0,0.0,0.0,0.0,0.0,0.0,0.0,0.0,0.0,0.0,0.0,0.0,0.0,0.0,0.0,0.0,0.0,0.0,0.0,0.0,0.0,45.0,-383.0,3213.0,136.0,519.0,394,McConnell,Liverpool,James,491501,,3,14,James_McConnell,4,Newcastle,14,Liverpool,MID,12
1107,395.0,19.0,15.0,0.0,False,2025-08-25T19:00:00Z,2.0,3.0,2.0,False,0.0,0.0,0.0,0.0,0.0,0.0,0.0,0.0,0.0,0.0,0.0,0.0,0.0,0.0,0.0,0.0,0.0,0.0,0.0,0.0,0.0,0.0,0.0,0.0,0.0,0.0,45.0,-158.0,460.0,0.0,158.0,395,Morton,Liverpool,Tyler,440148,Has joined Lyon permanently.,3,14,Tyler_Morton,4,Newcastle,14,Liverpool,MID,12
1108,396.0,19.0,15.0,0.0,False,2025-08-25T19:00:00Z,2.0,3.0,2.0,False,0.0,0.0,0.0,0.0,0.0,0.0,0.0,0.0,0.0,0.0,0.0,0.0,0.0,0.0,0.0,0.0,0.0,0.0,0.0,0.0,0.0,0.0,0.0,0.0,0.0,0.0,45.0,-1176.0,7977.0,517.0,1693.0,396,Nyoni,Liverpool,Trey,591386,,3,14,Trey_Nyoni,4,Newcastle,14,Liverpool,MID,12
1109,397.0,19.0,15.0,0.0,False,2025-08-25T19:00:00Z,2.0,3.0,2.0,False,0.0,0.0,0.0,0.0,0.0,0.0,0.0,0.0,0.0,0.0,0.0,0.0,0.0,0.0,0.0,0.0,0.0,0.0,0.0,0.0,0.0,0.0,0.0,0.0,0.0,0.0,65.0,-10589.0,12927.0,0.0,10589.0,397,Núñez Ribeiro,Liverpool,Darwin,447203,Has joined Al-Hilal permanently.,4,14,Darwin_Núñez Ribeiro,4,Newcastle,14,Liverpool,FWD,12
1110,398.0,19.0,15.0,0.0,False,2025-08-25T19:00:00Z,2.0,3.0,2.0,False,0.0,0.0,0.0,0.0,0.0,0.0,0.0,0.0,0.0,0.0,0.0,0.0,0.0,0.0,0.0,0.0,0.0,0.0,0.0,0.0,0.0,0.0,0.0,0.0,0.0,0.0,45.0,-1689.0,15660.0,946.0,2635.0,398,Danns,Liverpool,Jayden,500058,,4,14,Jayden_Danns,4,Newcastle,14,Liverpool,FWD,12
1111,661.0,19.0,15.0,9.0,False,2025-08-25T19:00:00Z,2.0,3.0,2.0,False,79.0,1.0,0.0,0.0,1.0,0.0,0.0,0.0,0.0,0.0,0.0,3.0,33.0,39.8,22.4,23.0,8.5,3.0,2.0,0.0,5.0,1.0,0.21,0.06,0.27,0.78,86.0,523784.0,2376598.0,618743.0,94959.0,661,Ekitiké,Liverpool,Hugo,510663,,4,14,Hugo_Ekitiké,4,Newcastle,14,Liverpool,FWD,12
1112,686.0,19.0,15.0,6.0,False,2025-08-25T19:00:00Z,2.0,3.0,2.0,False,1.0,1.0,0.0,0.0,0.0,0.0,0.0,0.0,0.0,0.0,0.0,0.0,27.0,34.0,0.1,17.0,5.1,0.0,0.0,0.0,0.0,0.0,0.37,0.0,0.37,0.0,45.0,4566.0,13342.0,6884.0,2318.0,686,Ngumoha,Liverpool,Rio,611922,,3,14,Rio_Ngumoha,4,Newcastle,14,Liverpool,MID,12
1113,692.0,19.0,15.0,0.0,False,2025-08-25T19:00:00Z,2.0,3.0,2.0,False,0.0,0.0,0.0,0.0,0.0,0.0,0.0,0.0,0.0,0.0,0.0,0.0,0.0,0.0,0.0,0.0,0.0,0.0,0.0,0.0,0.0,0.0,0.0,0.0,0.0,0.0,50.0,251.0,974.0,380.0,129.0,692,Leoni,Liverpool,Giovanni,647681,,2,14,Giovanni_Leoni,4,Newcastle,14,Liverpool,DEF,12
1114,182.0,18.0,18.0,2.0,True,2025-08-23T11:30:00Z,0.0,2.0,2.0,False,90.0,0.0,0.0,0.0,2.0,0.0,0.0,0.0,0.0,0.0,3.0,0.0,13.0,30.8,0.0,0.0,3.1,3.0,10.0,2.0,0.0,1.0,0.0,0.0,0.0,1.11,50.0,30041.0,283430.0,56541.0,26500.0,182,Trafford,Man City,James,432720,,1,43,James_Trafford,6,Spurs,43,Man City,GKP,13
1115,399.0,18.0,18.0,0.0,True,2025-08-23T11:30:00Z,0.0,2.0,2.0,False,0.0,0.0,0.0,0.0,0.0,0.0,0.0,0.0,0.0,0.0,0.0,0.0,0.0,0.0,0.0,0.0,0.0,0.0,0.0,0.0,0.0,0.0,0.0,0.0,0.0,0.0,54.0,-70525.0,269570.0,6881.0,77406.0,399,Santana de Moraes,Man City,Ederson,121160,,1,43,Ederson_Santana de Moraes,6,Spurs,43,Man City,GKP,13
1116,400.0,18.0,18.0,0.0,True,2025-08-23T11:30:00Z,0.0,2.0,2.0,False,0.0,0.0,0.0,0.0,0.0,0.0,0.0,0.0,0.0,0.0,0.0,0.0,0.0,0.0,0.0,0.0,0.0,0.0,0.0,0.0,0.0,0.0,0.0,0.0,0.0,0.0,50.0,-4142.0,26147.0,416.0,4558.0,400,Ortega Moreno,Man City,Stefan,88248,,1,43,Stefan_Ortega Moreno,6,Spurs,43,Man City,GKP,13
1117,401.0,18.0,18.0,0.0,True,2025-08-23T11:30:00Z,0.0,2.0,2.0,False,0.0,0.0,0.0,0.0,0.0,0.0,0.0,0.0,0.0,0.0,0.0,0.0,0.0,0.0,0.0,0.0,0.0,0.0,0.0,0.0,0.0,0.0,0.0,0.0,0.0,0.0,40.0,-1182.0,18789.0,718.0,1900.0,401,Bettinelli,Man City,Marcus,122074,Knock - Unknown return date,1,43,Marcus_Bettinelli,6,Spurs,43,Man City,GKP,13
1118,402.0,18.0,18.0,1.0,True,2025-08-23T11:30:00Z,0.0,2.0,2.0,False,22.0,0.0,0.0,0.0,0.0,0.0,0.0,0.0,0.0,0.0,0.0,0.0,2.0,0.0,0.4,0.0,0.0,0.0,2.0,0.0,0.0,1.0,0.0,0.0,0.0,0.08,60.0,262199.0,2527933.0,366735.0,104536.0,402,Aït-Nouri,Man City,Rayan,448514,Ankle injury - 75% chance of playing,2,43,Rayan_Aït-Nouri,6,Spurs,43,Man City,DEF,13
1119,403.0,18.0,18.0,0.0,True,2025-08-23T11:30:00Z,0.0,2.0,2.0,False,0.0,0.0,0.0,0.0,0.0,0.0,0.0,0.0,0.0,0.0,0.0,0.0,0.0,0.0,0.0,0.0,0.0,0.0,0.0,0.0,0.0,0.0,0.0,0.0,0.0,0.0,59.0,-484966.0,607778.0,1346.0,486312.0,403,Gvardiol,Man City,Joško,477424,Knock - Unknown return date,2,43,Joško_Gvardiol,6,Spurs,43,Man City,DEF,13
1120,404.0,18.0,18.0,0.0,True,2025-08-23T11:30:00Z,0.0,2.0,2.0,False,0.0,0.0,0.0,0.0,0.0,0.0,0.0,0.0,0.0,0.0,0.0,0.0,0.0,0.0,0.0,0.0,0.0,0.0,0.0,0.0,0.0,0.0,0.0,0.0,0.0,0.0,55.0,-14714.0,84641.0,4559.0,19273.0,404,Akanji,Man City,Manuel,211975,,2,43,Manuel_Akanji,6,Spurs,43,Man City,DEF,13
1121,405.0,18.0,18.0,1.0,True,2025-08-23T11:30:00Z,0.0,2.0,2.0,False,67.0,0.0,0.0,0.0,2.0,0.0,0.0,0.0,0.0,0.0,0.0,0.0,9.0,15.2,9.8,5.0,3.0,4.0,2.0,1.0,5.0,0.0,0.14,0.12,0.26,1.03,55.0,-9407.0,71560.0,2919.0,12326.0,405,Aké,Man City,Nathan,126184,,2,43,Nathan_Aké,6,Spurs,43,Man City,DEF,13
1122,406.0,18.0,18.0,0.0,True,2025-08-23T11:30:00Z,0.0,2.0,2.0,False,0.0,0.0,0.0,0.0,0.0,0.0,0.0,0.0,0.0,0.0,0.0,0.0,0.0,0.0,0.0,0.0,0.0,0.0,0.0,0.0,0.0,0.0,0.0,0.0,0.0,0.0,55.0,-5550.0,38991.0,1889.0,7439.0,406,Khusanov,Man City,Abdukodir,578153,,2,43,Abdukodir_Khusanov,6,Spurs,43,Man City,DEF,13
1123,407.0,18.0,18.0,0.0,True,2025-08-23T11:30:00Z,0.0,2.0,2.0,False,0.0,0.0,0.0,0.0,0.0,0.0,0.0,0.0,0.0,0.0,0.0,0.0,0.0,0.0,0.0,0.0,0.0,0.0,0.0,0.0,0.0,0.0,0.0,0.0,0.0,0.0,55.0,-8406.0,44947.0,1887.0,10293.0,407,Nunes,Man City,Matheus,465351,,2,43,Matheus_Nunes,6,Spurs,43,Man City,DEF,13
1124,408.0,18.0,18.0,1.0,True,2025-08-23T11:30:00Z,0.0,2.0,2.0,False,90.0,0.0,0.0,0.0,2.0,0.0,0.0,0.0,0.0,0.0,0.0,0.0,5.0,18.2,1.6,0.0,2.0,5.0,2.0,2.0,7.0,1.0,0.0,0.01,0.01,1.11,55.0,22902.0,408246.0,48778.0,25876.0,408,dos Santos Gato Alves Dias,Man City,Rúben,171314,,2,43,Rúben_dos Santos Gato Alves Dias,6,Spurs,43,Man City,DEF,13
1125,409.0,18.0,18.0,1.0,True,2025-08-23T11:30:00Z,0.0,2.0,2.0,False,90.0,0.0,0.0,0.0,2.0,0.0,0.0,0.0,0.0,0.0,0.0,0.0,9.0,23.8,1.8,0.0,2.6,8.0,4.0,0.0,8.0,1.0,0.0,0.02,0.02,1.11,55.0,7883.0,101371.0,13350.0,5467.0,409,Stones,Man City,John,97299,,2,43,John_Stones,6,Spurs,43,Man City,DEF,13
1126,410.0,18.0,18.0,1.0,True,2025-08-23T11:30:00Z,0.0,2.0,2.0,False,90.0,0.0,0.0,0.0,2.0,0.0,0.0,0.0,0.0,0.0,0.0,0.0,3.0,16.4,14.8,5.0,3.6,4.0,3.0,2.0,6.0,1.0,0.02,0.08,0.1,1.11,50.0,192352.0,397782.0,222966.0,30614.0,410,Lewis,Man City,Rico,477064,,2,43,Rico_Lewis,6,Spurs,43,Man City,DEF,13
1127,411.0,18.0,18.0,0.0,True,2025-08-23T11:30:00Z,0.0,2.0,2.0,False,0.0,0.0,0.0,0.0,0.0,0.0,0.0,0.0,0.0,0.0,0.0,0.0,0.0,0.0,0.0,0.0,0.0,0.0,0.0,0.0,0.0,0.0,0.0,0.0,0.0,0.0,50.0,-2393.0,16587.0,1190.0,3583.0,411,O'Reilly,Man City,Nico,472769,,2,43,Nico_O'Reilly,6,Spurs,43,Man City,DEF,13
1128,412.0,18.0,18.0,0.0,True,2025-08-23T11:30:00Z,0.0,2.0,2.0,False,0.0,0.0,0.0,0.0,0.0,0.0,0.0,0.0,0.0,0.0,0.0,0.0,0.0,0.0,0.0,0.0,0.0,0.0,0.0,0.0,0.0,0.0,0.0,0.0,0.0,0.0,50.0,-456.0,945.0,0.0,456.0,412,de Oliveira Nunes dos Reis,Man City,Vitor,616222,Has joined Girona on loan for the rest of the season.,2,43,Vitor_de Oliveira Nunes dos Reis,6,Spurs,43,Man City,DEF,13
1129,413.0,18.0,18.0,1.0,True,2025-08-23T11:30:00Z,0.0,2.0,2.0,False,53.0,0.0,0.0,0.0,2.0,0.0,0.0,0.0,0.0,0.0,0.0,0.0,7.0,13.0,2.8,36.0,5.2,2.0,1.0,1.0,4.0,1.0,0.65,0.01,0.66,0.62,84.0,-289816.0,900413.0,24882.0,314698.0,413,Marmoush,Man City,Omar,438234,,3,43,Omar_Marmoush,6,Spurs,43,Man City,MID,13
1130,414.0,18.0,18.0,1.0,True,2025-08-23T11:30:00Z,0.0,2.0,2.0,False,15.0,0.0,0.0,0.0,0.0,0.0,0.0,0.0,0.0,0.0,0.0,0.0,8.0,5.6,14.3,12.0,3.2,0.0,3.0,0.0,3.0,0.0,0.18,0.02,0.2,0.36,80.0,-23221.0,138246.0,7009.0,30230.0,414,Foden,Man City,Phil,209244,,3,43,Phil_Foden,6,Spurs,43,Man City,MID,13
1131,415.0,18.0,18.0,0.0,True,2025-08-23T11:30:00Z,0.0,2.0,2.0,False,0.0,0.0,0.0,0.0,0.0,0.0,0.0,0.0,0.0,0.0,0.0,0.0,0.0,0.0,0.0,0.0,0.0,0.0,0.0,0.0,0.0,0.0,0.0,0.0,0.0,0.0,69.0,-48273.0,67241.0,262.0,48535.0,415,Moreira de Oliveira,Man City,Sávio,510281,Knock - Expected back 14 Sep,3,43,Sávio_Moreira de Oliveira,6,Spurs,43,Man City,MID,13
1132,416.0,18.0,18.0,1.0,True,2025-08-23T11:30:00Z,0.0,2.0,2.0,False,36.0,0.0,0.0,0.0,0.0,0.0,0.0,0.0,0.0,0.0,0.0,0.0,2.0,3.2,2.9,4.0,1.0,2.0,1.0,0.0,3.0,0.0,0.0,0.02,0.02,0.49,65.0,-8652.0,82773.0,7076.0,15728.0,416,Mota Veiga de Carvalho e Silva,Man City,Bernardo,165809,,3,43,Bernardo_Mota Veiga de Carvalho e Silva,6,Spurs,43,Man City,MID,13
1133,417.0,18.0,18.0,1.0,True,2025-08-23T11:30:00Z,0.0,2.0,2.0,False,53.0,0.0,0.0,0.0,2.0,0.0,0.0,0.0,0.0,0.0,0.0,0.0,10.0,14.4,25.5,8.0,4.8,1.0,3.0,4.0,8.0,1.0,0.0,0.44,0.44,0.62,65.0,9998.0,919389.0,112170.0,102172.0,417,Cherki,Man City,Rayan,466052,,3,43,Rayan_Cherki,6,Spurs,43,Man City,MID,13
1134,418.0,18.0,18.0,1.0,True,2025-08-23T11:30:00Z,0.0,2.0,2.0,False,36.0,0.0,0.0,0.0,0.0,0.0,0.0,0.0,0.0,0.0,0.0,0.0,1.0,2.2,12.0,8.0,2.2,0.0,1.0,0.0,1.0,0.0,0.0,0.25,0.25,0.49,65.0,-16599.0,115432.0,8072.0,24671.0,418,Doku,Man City,Jérémy,248875,,3,43,Jérémy_Doku,6,Spurs,43,Man City,MID,13
1135,420.0,18.0,18.0,0.0,True,2025-08-23T11:30:00Z,0.0,2.0,2.0,False,0.0,0.0,0.0,0.0,0.0,0.0,0.0,0.0,0.0,0.0,0.0,0.0,0.0,0.0,0.0,0.0,0.0,0.0,0.0,0.0,0.0,0.0,0.0,0.0,0.0,0.0,64.0,-4759.0,18444.0,596.0,5355.0,420,Gündoğan,Man City,İlkay,59859,,3,43,İlkay_Gündoğan,6,Spurs,43,Man City,MID,13
1136,421.0,18.0,18.0,1.0,True,2025-08-23T11:30:00Z,0.0,2.0,2.0,False,15.0,0.0,0.0,0.0,0.0,0.0,0.0,0.0,0.0,0.0,0.0,0.0,7.0,5.4,11.4,17.0,3.4,0.0,4.0,1.0,5.0,0.0,0.05,0.02,0.07,0.36,64.0,-11813.0,59009.0,3488.0,15301.0,421,Hernandez Cascante,Man City,Rodrigo 'Rodri',220566,,3,43,Rodrigo 'Rodri'_Hernandez Cascante,6,Spurs,43,Man City,MID,13
1137,422.0,18.0,18.0,0.0,True,2025-08-23T11:30:00Z,0.0,2.0,2.0,False,0.0,0.0,0.0,0.0,0.0,0.0,0.0,0.0,0.0,0.0,0.0,0.0,0.0,0.0,0.0,0.0,0.0,0.0,0.0,0.0,0.0,0.0,0.0,0.0,0.0,0.0,60.0,-225.0,1060.0,77.0,302.0,422,Kovačić,Man City,Mateo,91651,Achilles injury - Expected back 13 Sep,3,43,Mateo_Kovačić,6,Spurs,43,Man City,MID,13
1138,423.0,18.0,18.0,1.0,True,2025-08-23T11:30:00Z,0.0,2.0,2.0,False,74.0,0.0,0.0,0.0,2.0,0.0,0.0,0.0,1.0,0.0,0.0,0.0,15.0,10.4,6.7,0.0,1.7,1.0,2.0,3.0,6.0,1.0,0.0,0.02,0.02,0.75,60.0,23.0,9311.0,1788.0,1765.0,423,González Iglesias,Man City,Nico,465694,,3,43,Nico_González Iglesias,6,Spurs,43,Man City,MID,13
1139,424.0,18.0,18.0,2.0,True,2025-08-23T11:30:00Z,0.0,2.0,2.0,False,74.0,0.0,0.0,0.0,2.0,0.0,0.0,0.0,0.0,0.0,0.0,0.0,12.0,11.8,30.1,14.0,5.6,0.0,2.0,3.0,5.0,1.0,0.0,0.21,0.21,0.75,55.0,20785.0,45039.0,26871.0,6086.0,424,Bobb,Man City,Oscar,477555,,3,43,Oscar_Bobb,6,Spurs,43,Man City,MID,13
1140,425.0,18.0,18.0,0.0,True,2025-08-23T11:30:00Z,0.0,2.0,2.0,False,0.0,0.0,0.0,0.0,0.0,0.0,0.0,0.0,0.0,0.0,0.0,0.0,0.0,0.0,0.0,0.0,0.0,0.0,0.0,0.0,0.0,0.0,0.0,0.0,0.0,0.0,54.0,-1068.0,3136.0,194.0,1262.0,425,Echeverri,Man City,Claudio,575204,Has joined Bayer Leverkusen on loan for the rest of the season.,3,43,Claudio_Echeverri,6,Spurs,43,Man City,MID,13
1141,427.0,18.0,18.0,2.0,True,2025-08-23T11:30:00Z,0.0,2.0,2.0,False,90.0,0.0,0.0,0.0,2.0,0.0,0.0,0.0,0.0,0.0,0.0,0.0,12.0,5.4,5.1,4.0,1.5,0.0,4.0,1.0,5.0,1.0,0.04,0.04,0.08,1.11,56.0,1164729.0,3511890.0,1207349.0,42620.0,427,Reijnders,Man City,Tijjani,433036,,3,43,Tijjani_Reijnders,6,Spurs,43,Man City,MID,13
1142,428.0,18.0,18.0,0.0,True,2025-08-23T11:30:00Z,0.0,2.0,2.0,False,0.0,0.0,0.0,0.0,0.0,0.0,0.0,0.0,0.0,0.0,0.0,0.0,0.0,0.0,0.0,0.0,0.0,0.0,0.0,0.0,0.0,0.0,0.0,0.0,0.0,0.0,50.0,-952.0,2855.0,73.0,1025.0,428,Nypan,Man City,Sverre,566164,Has joined Middlesbrough on loan for the rest of the season.,3,43,Sverre_Nypan,6,Spurs,43,Man City,MID,13
1143,429.0,18.0,18.0,0.0,True,2025-08-23T11:30:00Z,0.0,2.0,2.0,False,0.0,0.0,0.0,0.0,0.0,0.0,0.0,0.0,0.0,0.0,0.0,0.0,0.0,0.0,0.0,0.0,0.0,0.0,0.0,0.0,0.0,0.0,0.0,0.0,0.0,0.0,50.0,-924.0,6695.0,331.0,1255.0,429,Phillips,Man City,Kalvin,155405,,3,43,Kalvin_Phillips,6,Spurs,43,Man City,MID,13
1144,430.0,18.0,18.0,2.0,True,2025-08-23T11:30:00Z,0.0,2.0,2.0,False,90.0,0.0,0.0,0.0,2.0,0.0,0.0,0.0,0.0,0.0,0.0,0.0,6.0,1.4,15.2,15.0,3.2,1.0,3.0,0.0,4.0,1.0,0.47,0.3,0.77,1.11,140.0,396573.0,3276879.0,446334.0,49761.0,430,Haaland,Man City,Erling,223094,,4,43,Erling_Haaland,6,Spurs,43,Man City,FWD,13
1145,119.0,17.0,10.0,2.0,False,2025-08-24T15:30:00Z,1.0,1.0,2.0,False,90.0,0.0,0.0,0.0,1.0,0.0,0.0,0.0,0.0,0.0,0.0,0.0,8.0,6.2,43.7,8.0,5.8,0.0,2.0,0.0,2.0,1.0,0.0,0.31,0.31,1.76,80.0,54652.0,1549781.0,171840.0,117188.0,119,Mbeumo,Man Utd,Bryan,446008,,3,1,Bryan_Mbeumo,54,Fulham,1,Man Utd,MID,14
1146,431.0,17.0,10.0,2.0,False,2025-08-24T15:30:00Z,1.0,1.0,2.0,False,90.0,0.0,0.0,0.0,1.0,0.0,0.0,0.0,0.0,0.0,2.0,0.0,13.0,16.0,10.0,0.0,2.6,0.0,6.0,0.0,0.0,1.0,0.0,0.03,0.03,1.76,50.0,-1061.0,43259.0,3919.0,4980.0,431,Bayındır,Man Utd,Altay,451302,,1,1,Altay_Bayındır,54,Fulham,1,Man Utd,GKP,14
1147,432.0,17.0,10.0,0.0,False,2025-08-24T15:30:00Z,1.0,1.0,2.0,False,0.0,0.0,0.0,0.0,0.0,0.0,0.0,0.0,0.0,0.0,0.0,0.0,0.0,0.0,0.0,0.0,0.0,0.0,0.0,0.0,0.0,0.0,0.0,0.0,0.0,0.0,50.0,-882.0,31425.0,2308.0,3190.0,432,Onana,Man Utd,André,202641,,1,1,André_Onana,54,Fulham,1,Man Utd,GKP,14
1148,433.0,17.0,10.0,0.0,False,2025-08-24T15:30:00Z,1.0,1.0,2.0,False,0.0,0.0,0.0,0.0,0.0,0.0,0.0,0.0,0.0,0.0,0.0,0.0,0.0,0.0,0.0,0.0,0.0,0.0,0.0,0.0,0.0,0.0,0.0,0.0,0.0,0.0,40.0,-82.0,358.0,0.0,82.0,433,Harrison,Man Utd,Elyh,588555,On loan to Shrewsbury Town,1,1,Elyh_Harrison,54,Fulham,1,Man Utd,GKP,14
1149,434.0,17.0,10.0,0.0,False,2025-08-24T15:30:00Z,1.0,1.0,2.0,False,0.0,0.0,0.0,0.0,0.0,0.0,0.0,0.0,0.0,0.0,0.0,0.0,0.0,0.0,0.0,0.0,0.0,0.0,0.0,0.0,0.0,0.0,0.0,0.0,0.0,0.0,40.0,-552.0,34721.0,1452.0,2004.0,434,Heaton,Man Utd,Tom,21205,,1,1,Tom_Heaton,54,Fulham,1,Man Utd,GKP,14
1150,435.0,17.0,10.0,0.0,False,2025-08-24T15:30:00Z,1.0,1.0,2.0,False,0.0,0.0,0.0,0.0,0.0,0.0,0.0,0.0,0.0,0.0,0.0,0.0,0.0,0.0,0.0,0.0,0.0,0.0,0.0,0.0,0.0,0.0,0.0,0.0,0.0,0.0,40.0,-347.0,12219.0,407.0,754.0,435,Mee,Man Utd,Dermot,461537,,1,1,Dermot_Mee,54,Fulham,1,Man Utd,GKP,14
1151,436.0,17.0,10.0,7.0,False,2025-08-24T15:30:00Z,1.0,1.0,2.0,False,90.0,0.0,0.0,0.0,1.0,0.0,0.0,0.0,0.0,0.0,0.0,3.0,24.0,29.0,0.2,0.0,2.9,10.0,2.0,1.0,11.0,1.0,0.0,0.01,0.01,1.76,50.0,32429.0,262568.0,49548.0,17119.0,436,de Ligt,Man Utd,Matthijs,209365,,2,1,Matthijs_de Ligt,54,Fulham,1,Man Utd,DEF,14
1152,437.0,17.0,10.0,0.0,False,2025-08-24T15:30:00Z,1.0,1.0,2.0,False,0.0,0.0,0.0,0.0,0.0,0.0,0.0,0.0,0.0,0.0,0.0,0.0,0.0,0.0,0.0,0.0,0.0,0.0,0.0,0.0,0.0,0.0,0.0,0.0,0.0,0.0,50.0,-6344.0,13997.0,132.0,6476.0,437,Martínez,Man Utd,Lisandro,221820,Knee injury - Unknown return date,2,1,Lisandro_Martínez,54,Fulham,1,Man Utd,DEF,14
1153,438.0,17.0,10.0,0.0,False,2025-08-24T15:30:00Z,1.0,1.0,2.0,False,0.0,0.0,0.0,0.0,0.0,0.0,0.0,0.0,0.0,0.0,0.0,0.0,0.0,0.0,0.0,0.0,0.0,0.0,0.0,0.0,0.0,0.0,0.0,0.0,0.0,0.0,50.0,-10852.0,22069.0,148.0,11000.0,438,Mazraoui,Man Utd,Noussair,230001,Knock - Unknown return date,2,1,Noussair_Mazraoui,54,Fulham,1,Man Utd,DEF,14
1154,439.0,17.0,10.0,0.0,False,2025-08-24T15:30:00Z,1.0,1.0,2.0,False,0.0,0.0,0.0,0.0,0.0,0.0,0.0,0.0,0.0,0.0,0.0,0.0,0.0,0.0,0.0,0.0,0.0,0.0,0.0,0.0,0.0,0.0,0.0,0.0,0.0,0.0,45.0,-987.0,7676.0,319.0,1306.0,439,León Blanco,Man Utd,Diego,661712,,2,1,Diego_León Blanco,54,Fulham,1,Man Utd,DEF,14
1155,440.0,17.0,10.0,1.0,False,2025-08-24T15:30:00Z,1.0,1.0,2.0,False,38.0,0.0,0.0,0.0,1.0,0.0,0.0,0.0,0.0,0.0,0.0,0.0,-4.0,0.0,4.8,10.0,1.4,1.0,1.0,1.0,2.0,0.0,0.01,0.01,0.02,0.86,45.0,-7148.0,231906.0,10843.0,17991.0,440,Dalot Teixeira,Man Utd,Diogo,216051,,2,1,Diogo_Dalot Teixeira,54,Fulham,1,Man Utd,DEF,14
1156,441.0,17.0,10.0,2.0,False,2025-08-24T15:30:00Z,1.0,1.0,2.0,False,90.0,0.0,0.0,0.0,1.0,0.0,0.0,0.0,0.0,0.0,0.0,0.0,4.0,4.8,4.5,6.0,1.5,4.0,1.0,0.0,4.0,1.0,0.0,0.04,0.04,1.76,45.0,164047.0,882233.0,200341.0,36294.0,441,Dorgu,Man Utd,Patrick,596777,,2,1,Patrick_Dorgu,54,Fulham,1,Man Utd,DEF,14
1157,442.0,17.0,10.0,1.0,False,2025-08-24T15:30:00Z,1.0,1.0,2.0,False,3.0,0.0,0.0,0.0,0.0,0.0,0.0,0.0,0.0,0.0,0.0,0.0,2.0,0.2,0.0,4.0,0.4,1.0,0.0,0.0,1.0,0.0,0.1,0.0,0.1,0.03,45.0,-5079.0,76570.0,3860.0,8939.0,442,Maguire,Man Utd,Harry,95658,,2,1,Harry_Maguire,54,Fulham,1,Man Utd,DEF,14
1158,443.0,17.0,10.0,2.0,False,2025-08-24T15:30:00Z,1.0,1.0,2.0,False,86.0,0.0,0.0,0.0,1.0,0.0,0.0,0.0,0.0,0.0,0.0,0.0,5.0,9.6,2.8,0.0,1.2,4.0,1.0,1.0,5.0,1.0,0.0,0.01,0.01,1.73,45.0,3921.0,32586.0,6185.0,2264.0,443,Shaw,Man Utd,Luke,106760,,2,1,Luke_Shaw,54,Fulham,1,Man Utd,DEF,14
1159,444.0,17.0,10.0,6.0,False,2025-08-24T15:30:00Z,1.0,1.0,2.0,False,86.0,0.0,1.0,0.0,1.0,0.0,0.0,0.0,0.0,0.0,0.0,1.0,22.0,15.0,11.3,9.0,3.5,6.0,1.0,2.0,8.0,1.0,0.18,0.01,0.19,1.73,45.0,22208.0,207497.0,38120.0,15912.0,444,Yoro,Man Utd,Leny,550864,,2,1,Leny_Yoro,54,Fulham,1,Man Utd,DEF,14
1160,445.0,17.0,10.0,0.0,False,2025-08-24T15:30:00Z,1.0,1.0,2.0,False,0.0,0.0,0.0,0.0,0.0,0.0,0.0,0.0,0.0,0.0,0.0,0.0,0.0,0.0,0.0,0.0,0.0,0.0,0.0,0.0,0.0,0.0,0.0,0.0,0.0,0.0,40.0,-1482.0,18806.0,645.0,2127.0,445,Amass,Man Utd,Harry,577974,,2,1,Harry_Amass,54,Fulham,1,Man Utd,DEF,14
1161,446.0,17.0,10.0,0.0,False,2025-08-24T15:30:00Z,1.0,1.0,2.0,False,0.0,0.0,0.0,0.0,0.0,0.0,0.0,0.0,0.0,0.0,0.0,0.0,0.0,0.0,0.0,0.0,0.0,0.0,0.0,0.0,0.0,0.0,0.0,0.0,0.0,0.0,40.0,-1107.0,11663.0,218.0,1325.0,446,Fredricson,Man Utd,Tyler,547676,,2,1,Tyler_Fredricson,54,Fulham,1,Man Utd,DEF,14
1162,447.0,17.0,10.0,1.0,False,2025-08-24T15:30:00Z,1.0,1.0,2.0,False,3.0,0.0,0.0,0.0,0.0,0.0,0.0,0.0,0.0,0.0,0.0,0.0,3.0,2.0,0.0,0.0,0.2,1.0,0.0,0.0,1.0,0.0,0.0,0.0,0.0,0.03,40.0,-9604.0,157188.0,5206.0,14810.0,447,Heaven,Man Utd,Ayden,606745,,2,1,Ayden_Heaven,54,Fulham,1,Man Utd,DEF,14
1163,448.0,17.0,10.0,0.0,False,2025-08-24T15:30:00Z,1.0,1.0,2.0,False,0.0,0.0,0.0,0.0,0.0,0.0,0.0,0.0,0.0,0.0,0.0,0.0,0.0,0.0,0.0,0.0,0.0,0.0,0.0,0.0,0.0,0.0,0.0,0.0,0.0,0.0,40.0,-2148.0,33273.0,1391.0,3539.0,448,Malacia,Man Utd,Tyrell,222690,,2,1,Tyrell_Malacia,54,Fulham,1,Man Utd,DEF,14
1164,449.0,17.0,10.0,2.0,False,2025-08-24T15:30:00Z,1.0,1.0,2.0,False,90.0,0.0,0.0,0.0,1.0,0.0,0.0,1.0,0.0,0.0,0.0,0.0,12.0,21.0,17.3,13.0,5.1,3.0,8.0,2.0,13.0,1.0,0.82,0.04,0.86,1.76,90.0,-98362.0,2255273.0,82267.0,180629.0,449,Borges Fernandes,Man Utd,Bruno,141746,,3,1,Bruno_Borges Fernandes,54,Fulham,1,Man Utd,MID,14
1165,450.0,17.0,10.0,2.0,False,2025-08-24T15:30:00Z,1.0,1.0,2.0,False,90.0,0.0,0.0,0.0,1.0,0.0,0.0,0.0,0.0,0.0,0.0,0.0,5.0,8.6,14.9,22.0,4.6,1.0,2.0,1.0,4.0,1.0,0.39,0.02,0.41,1.76,80.0,100816.0,1009096.0,172090.0,71274.0,450,Santos Carneiro da Cunha,Man Utd,Matheus,430871,,3,1,Matheus_Santos Carneiro da Cunha,54,Fulham,1,Man Utd,MID,14
1166,451.0,17.0,10.0,0.0,False,2025-08-24T15:30:00Z,1.0,1.0,2.0,False,0.0,0.0,0.0,0.0,0.0,0.0,0.0,0.0,0.0,0.0,0.0,0.0,0.0,0.0,0.0,0.0,0.0,0.0,0.0,0.0,0.0,0.0,0.0,0.0,0.0,0.0,70.0,-1028.0,2997.0,0.0,1028.0,451,Rashford,Man Utd,Marcus,176297,Has joined Barcelona on loan for the rest of the season,3,1,Marcus_Rashford,54,Fulham,1,Man Utd,MID,14
1167,452.0,17.0,10.0,1.0,False,2025-08-24T15:30:00Z,1.0,1.0,2.0,False,51.0,0.0,0.0,0.0,0.0,0.0,0.0,0.0,0.0,0.0,0.0,0.0,7.0,11.4,3.4,22.0,3.7,2.0,2.0,2.0,6.0,1.0,0.14,0.02,0.16,0.9,65.0,-38660.0,281607.0,12972.0,51632.0,452,Diallo,Man Utd,Amad,493250,,3,1,Amad_Diallo,54,Fulham,1,Man Utd,MID,14
1168,453.0,17.0,10.0,0.0,False,2025-08-24T15:30:00Z,1.0,1.0,2.0,False,0.0,0.0,0.0,0.0,0.0,0.0,0.0,0.0,0.0,0.0,0.0,0.0,0.0,0.0,0.0,0.0,0.0,0.0,0.0,0.0,0.0,0.0,0.0,0.0,0.0,0.0,65.0,-3479.0,20240.0,776.0,4255.0,453,Garnacho Ferreyra,Man Utd,Alejandro,493105,,3,1,Alejandro_Garnacho Ferreyra,54,Fulham,1,Man Utd,MID,14
1169,454.0,17.0,10.0,0.0,False,2025-08-24T15:30:00Z,1.0,1.0,2.0,False,0.0,0.0,0.0,0.0,0.0,0.0,0.0,0.0,0.0,0.0,0.0,0.0,0.0,0.0,0.0,0.0,0.0,0.0,0.0,0.0,0.0,0.0,0.0,0.0,0.0,0.0,60.0,-2062.0,11794.0,603.0,2665.0,454,dos Santos,Man Utd,Antony,467169,,3,1,Antony_dos Santos,54,Fulham,1,Man Utd,MID,14
1170,455.0,17.0,10.0,3.0,False,2025-08-24T15:30:00Z,1.0,1.0,2.0,False,68.0,0.0,0.0,1.0,0.0,0.0,0.0,0.0,0.0,0.0,0.0,0.0,10.0,6.4,28.5,6.0,4.1,0.0,1.0,2.0,3.0,1.0,0.0,0.19,0.19,1.06,60.0,149.0,32207.0,4964.0,4815.0,455,Mount,Man Utd,Mason,184341,,3,1,Mason_Mount,54,Fulham,1,Man Utd,MID,14
1171,456.0,17.0,10.0,0.0,False,2025-08-24T15:30:00Z,1.0,1.0,2.0,False,0.0,0.0,0.0,0.0,0.0,0.0,0.0,0.0,0.0,0.0,0.0,0.0,0.0,0.0,0.0,0.0,0.0,0.0,0.0,0.0,0.0,0.0,0.0,0.0,0.0,0.0,60.0,-2209.0,12050.0,543.0,2752.0,456,Sancho,Man Utd,Jadon,209243,,3,1,Jadon_Sancho,54,Fulham,1,Man Utd,MID,14
1172,457.0,17.0,10.0,0.0,False,2025-08-24T15:30:00Z,1.0,1.0,2.0,False,52.0,0.0,0.0,0.0,0.0,0.0,0.0,0.0,1.0,0.0,0.0,0.0,4.0,7.8,0.5,2.0,1.0,2.0,3.0,2.0,7.0,1.0,0.0,0.0,0.0,0.9,55.0,-1077.0,23667.0,2166.0,3243.0,457,Casimiro,Man Utd,Carlos Henrique,61256,,3,1,Carlos Henrique_Casimiro,54,Fulham,1,Man Utd,MID,14
1173,458.0,17.0,10.0,0.0,False,2025-08-24T15:30:00Z,1.0,1.0,2.0,False,0.0,0.0,0.0,0.0,0.0,0.0,0.0,0.0,0.0,0.0,0.0,0.0,0.0,0.0,0.0,0.0,0.0,0.0,0.0,0.0,0.0,0.0,0.0,0.0,0.0,0.0,50.0,-10562.0,71699.0,3879.0,14441.0,458,Mainoo,Man Utd,Kobbie,516895,,3,1,Kobbie_Mainoo,54,Fulham,1,Man Utd,MID,14
1174,459.0,17.0,10.0,1.0,False,2025-08-24T15:30:00Z,1.0,1.0,2.0,False,21.0,0.0,0.0,0.0,1.0,0.0,0.0,0.0,0.0,0.0,0.0,0.0,7.0,8.6,0.8,0.0,0.9,2.0,0.0,3.0,5.0,0.0,0.0,0.0,0.0,0.7,50.0,-2046.0,18090.0,1454.0,3500.0,459,Ugarte Ribeiro,Man Utd,Manuel,232112,,3,1,Manuel_Ugarte Ribeiro,54,Fulham,1,Man Utd,MID,14
1175,460.0,17.0,10.0,0.0,False,2025-08-24T15:30:00Z,1.0,1.0,2.0,False,0.0,0.0,0.0,0.0,0.0,0.0,0.0,0.0,0.0,0.0,0.0,0.0,0.0,0.0,0.0,0.0,0.0,0.0,0.0,0.0,0.0,0.0,0.0,0.0,0.0,0.0,45.0,-2221.0,9906.0,423.0,2644.0,460,Collyer,Man Utd,Toby,490881,Has joined West Bromwich Albion on loan for the rest of the season.,3,1,Toby_Collyer,54,Fulham,1,Man Utd,MID,14
1176,461.0,17.0,10.0,0.0,False,2025-08-24T15:30:00Z,1.0,1.0,2.0,False,0.0,0.0,0.0,0.0,0.0,0.0,0.0,0.0,0.0,0.0,0.0,0.0,0.0,0.0,0.0,0.0,0.0,0.0,0.0,0.0,0.0,0.0,0.0,0.0,0.0,0.0,45.0,-342.0,4109.0,170.0,512.0,461,Fitzgerald,Man Utd,Jayce,556639,,3,1,Jayce_Fitzgerald,54,Fulham,1,Man Utd,MID,14
1177,462.0,17.0,10.0,0.0,False,2025-08-24T15:30:00Z,1.0,1.0,2.0,False,0.0,0.0,0.0,0.0,0.0,0.0,0.0,0.0,0.0,0.0,0.0,0.0,0.0,0.0,0.0,0.0,0.0,0.0,0.0,0.0,0.0,0.0,0.0,0.0,0.0,0.0,45.0,-334.0,4090.0,187.0,521.0,462,Fletcher,Man Utd,Jack,547037,,3,1,Jack_Fletcher,54,Fulham,1,Man Utd,MID,14
1178,463.0,17.0,10.0,0.0,False,2025-08-24T15:30:00Z,1.0,1.0,2.0,False,0.0,0.0,0.0,0.0,0.0,0.0,0.0,0.0,0.0,0.0,0.0,0.0,0.0,0.0,0.0,0.0,0.0,0.0,0.0,0.0,0.0,0.0,0.0,0.0,0.0,0.0,45.0,-583.0,8610.0,623.0,1206.0,463,Koné,Man Utd,Sékou,618873,,3,1,Sékou_Koné,54,Fulham,1,Man Utd,MID,14
1179,464.0,17.0,10.0,0.0,False,2025-08-24T15:30:00Z,1.0,1.0,2.0,False,0.0,0.0,0.0,0.0,0.0,0.0,0.0,0.0,0.0,0.0,0.0,0.0,0.0,0.0,0.0,0.0,0.0,0.0,0.0,0.0,0.0,0.0,0.0,0.0,0.0,0.0,45.0,-267.0,3230.0,158.0,425.0,464,Moorhouse,Man Utd,Jack,559684,,3,1,Jack_Moorhouse,54,Fulham,1,Man Utd,MID,14
1180,465.0,17.0,10.0,0.0,False,2025-08-24T15:30:00Z,1.0,1.0,2.0,False,0.0,0.0,0.0,0.0,0.0,0.0,0.0,0.0,0.0,0.0,0.0,0.0,0.0,0.0,0.0,0.0,0.0,0.0,0.0,0.0,0.0,0.0,0.0,0.0,0.0,0.0,64.0,-13382.0,60995.0,2432.0,15814.0,465,Højlund,Man Utd,Rasmus,497894,,4,1,Rasmus_Højlund,54,Fulham,1,Man Utd,FWD,14
1181,466.0,17.0,10.0,0.0,False,2025-08-24T15:30:00Z,1.0,1.0,2.0,False,0.0,0.0,0.0,0.0,0.0,0.0,0.0,0.0,0.0,0.0,0.0,0.0,0.0,0.0,0.0,0.0,0.0,0.0,0.0,0.0,0.0,0.0,0.0,0.0,0.0,0.0,60.0,-4239.0,45569.0,4204.0,8443.0,466,Zirkzee,Man Utd,Joshua,458249,,4,1,Joshua_Zirkzee,54,Fulham,1,Man Utd,FWD,14
1182,467.0,17.0,10.0,0.0,False,2025-08-24T15:30:00Z,1.0,1.0,2.0,False,0.0,0.0,0.0,0.0,0.0,0.0,0.0,0.0,0.0,0.0,0.0,0.0,0.0,0.0,0.0,0.0,0.0,0.0,0.0,0.0,0.0,0.0,0.0,0.0,0.0,0.0,45.0,-18554.0,226142.0,8090.0,26644.0,467,Obi,Man Utd,Chido,596047,,4,1,Chido_Obi,54,Fulham,1,Man Utd,FWD,14
1183,468.0,17.0,10.0,0.0,False,2025-08-24T15:30:00Z,1.0,1.0,2.0,False,0.0,0.0,0.0,0.0,0.0,0.0,0.0,0.0,0.0,0.0,0.0,0.0,0.0,0.0,0.0,0.0,0.0,0.0,0.0,0.0,0.0,0.0,0.0,0.0,0.0,0.0,45.0,-1305.0,15176.0,755.0,2060.0,468,Wheatley,Man Utd,Ethan,575034,,4,1,Ethan_Wheatley,54,Fulham,1,Man Utd,FWD,14
1184,681.0,17.0,10.0,1.0,False,2025-08-24T15:30:00Z,1.0,1.0,2.0,False,37.0,0.0,0.0,0.0,1.0,0.0,0.0,0.0,0.0,0.0,0.0,0.0,2.0,0.4,2.3,2.0,0.5,0.0,1.0,0.0,1.0,0.0,0.0,0.04,0.04,0.86,75.0,11164.0,966174.0,114770.0,103606.0,681,Sesko,Man Utd,Benjamin,485711,,4,1,Benjamin_Sesko,54,Fulham,1,Man Utd,FWD,14
1185,52.0,19.0,12.0,1.0,True,2025-08-25T19:00:00Z,2.0,3.0,2.0,False,14.0,0.0,0.0,0.0,1.0,0.0,0.0,0.0,0.0,0.0,0.0,0.0,5.0,4.2,11.0,0.0,1.5,0.0,3.0,1.0,4.0,0.0,0.0,0.02,0.02,0.37,55.0,-10082.0,58206.0,3795.0,13877.0,52,Ramsey,Newcastle,Jacob,232653,,3,4,Jacob_Ramsey,14,Liverpool,4,Newcastle,MID,15
1186,469.0,19.0,12.0,4.0,True,2025-08-25T19:00:00Z,2.0,3.0,2.0,False,90.0,0.0,1.0,0.0,3.0,0.0,0.0,0.0,0.0,0.0,1.0,0.0,7.0,10.0,0.0,0.0,1.0,1.0,4.0,0.0,0.0,1.0,0.0,0.0,0.0,0.7,50.0,16152.0,440142.0,42931.0,26779.0,469,Pope,Newcastle,Nick,98747,,1,4,Nick_Pope,14,Liverpool,4,Newcastle,GKP,15
1187,471.0,19.0,12.0,0.0,True,2025-08-25T19:00:00Z,2.0,3.0,2.0,False,0.0,0.0,0.0,0.0,0.0,0.0,0.0,0.0,0.0,0.0,0.0,0.0,0.0,0.0,0.0,0.0,0.0,0.0,0.0,0.0,0.0,0.0,0.0,0.0,0.0,0.0,40.0,-400.0,16157.0,613.0,1013.0,471,Gillespie,Newcastle,Mark,81441,,1,4,Mark_Gillespie,14,Liverpool,4,Newcastle,GKP,15
1188,472.0,19.0,12.0,0.0,True,2025-08-25T19:00:00Z,2.0,3.0,2.0,False,0.0,0.0,0.0,0.0,0.0,0.0,0.0,0.0,0.0,0.0,0.0,0.0,0.0,0.0,0.0,0.0,0.0,0.0,0.0,0.0,0.0,0.0,0.0,0.0,0.0,0.0,40.0,-763.0,3398.0,0.0,763.0,472,Vlachodimos,Newcastle,Odysseas,111452,Has joined Sevilla on loan for the rest of the season.,1,4,Odysseas_Vlachodimos,14,Liverpool,4,Newcastle,GKP,15
1189,473.0,19.0,12.0,1.0,True,2025-08-25T19:00:00Z,2.0,3.0,2.0,False,14.0,0.0,0.0,0.0,1.0,0.0,0.0,0.0,0.0,0.0,0.0,0.0,1.0,7.4,0.5,0.0,0.8,4.0,1.0,1.0,5.0,0.0,0.0,0.0,0.0,0.37,55.0,-34594.0,181114.0,5518.0,40112.0,473,Hall,Newcastle,Lewis,487838,,2,4,Lewis_Hall,14,Liverpool,4,Newcastle,DEF,15
1190,474.0,19.0,12.0,1.0,True,2025-08-25T19:00:00Z,2.0,3.0,2.0,False,80.0,0.0,0.0,0.0,2.0,0.0,0.0,0.0,0.0,0.0,0.0,0.0,5.0,15.2,0.3,6.0,2.2,5.0,3.0,3.0,8.0,1.0,0.0,0.0,0.0,0.33,55.0,11378.0,309304.0,29123.0,17745.0,474,Schär,Newcastle,Fabian,119471,Head injury - 25% chance of playing,2,4,Fabian_Schär,14,Liverpool,4,Newcastle,DEF,15
1191,475.0,19.0,12.0,0.0,True,2025-08-25T19:00:00Z,2.0,3.0,2.0,False,0.0,0.0,0.0,0.0,0.0,0.0,0.0,0.0,0.0,0.0,0.0,0.0,0.0,0.0,0.0,0.0,0.0,0.0,0.0,0.0,0.0,0.0,0.0,0.0,0.0,0.0,50.0,-7699.0,47452.0,1968.0,9667.0,475,Botman,Newcastle,Sven,220237,,2,4,Sven_Botman,14,Liverpool,4,Newcastle,DEF,15
1192,476.0,19.0,12.0,2.0,True,2025-08-25T19:00:00Z,2.0,3.0,2.0,False,90.0,0.0,0.0,0.0,3.0,0.0,0.0,0.0,1.0,0.0,0.0,0.0,-2.0,20.4,14.3,12.0,4.7,11.0,2.0,1.0,12.0,1.0,0.01,0.07,0.08,0.7,50.0,28184.0,442840.0,54443.0,26259.0,476,Burn,Newcastle,Dan,78916,,2,4,Dan_Burn,14,Liverpool,4,Newcastle,DEF,15
1193,477.0,19.0,12.0,4.0,True,2025-08-25T19:00:00Z,2.0,3.0,2.0,False,90.0,0.0,1.0,0.0,3.0,0.0,0.0,0.0,0.0,0.0,0.0,0.0,12.0,24.8,15.3,4.0,4.4,1.0,3.0,0.0,1.0,1.0,0.0,0.2,0.2,0.7,50.0,37113.0,446578.0,63330.0,26217.0,477,Livramento,Newcastle,Tino,441191,,2,4,Tino_Livramento,14,Liverpool,4,Newcastle,DEF,15
1194,478.0,19.0,12.0,1.0,True,2025-08-25T19:00:00Z,2.0,3.0,2.0,False,75.0,0.0,0.0,0.0,2.0,0.0,0.0,0.0,0.0,0.0,0.0,0.0,-2.0,0.0,11.6,0.0,1.1,0.0,4.0,0.0,0.0,1.0,0.0,0.08,0.08,0.33,50.0,8172.0,242108.0,22341.0,14169.0,478,Trippier,Newcastle,Kieran,77794,,2,4,Kieran_Trippier,14,Liverpool,4,Newcastle,DEF,15
1195,479.0,19.0,12.0,0.0,True,2025-08-25T19:00:00Z,2.0,3.0,2.0,False,0.0,0.0,0.0,0.0,0.0,0.0,0.0,0.0,0.0,0.0,0.0,0.0,0.0,0.0,0.0,0.0,0.0,0.0,0.0,0.0,0.0,0.0,0.0,0.0,0.0,0.0,45.0,-634.0,5258.0,160.0,794.0,479,Krafth,Newcastle,Emil,111773,,2,4,Emil_Krafth,14,Liverpool,4,Newcastle,DEF,15
1196,480.0,19.0,12.0,0.0,True,2025-08-25T19:00:00Z,2.0,3.0,2.0,False,0.0,0.0,0.0,0.0,0.0,0.0,0.0,0.0,0.0,0.0,0.0,0.0,0.0,0.0,0.0,0.0,0.0,0.0,0.0,0.0,0.0,0.0,0.0,0.0,0.0,0.0,45.0,-1058.0,8455.0,228.0,1286.0,480,Lascelles,Newcastle,Jamaal,101148,,2,4,Jamaal_Lascelles,14,Liverpool,4,Newcastle,DEF,15
1197,481.0,19.0,12.0,0.0,True,2025-08-25T19:00:00Z,2.0,3.0,2.0,False,0.0,0.0,0.0,0.0,0.0,0.0,0.0,0.0,0.0,0.0,0.0,0.0,0.0,0.0,0.0,0.0,0.0,0.0,0.0,0.0,0.0,0.0,0.0,0.0,0.0,0.0,40.0,-5096.0,85974.0,4426.0,9522.0,481,Murphy,Newcastle,Alex,545477,,2,4,Alex_Murphy,14,Liverpool,4,Newcastle,DEF,15
1198,482.0,19.0,12.0,0.0,True,2025-08-25T19:00:00Z,2.0,3.0,2.0,False,0.0,0.0,0.0,0.0,0.0,0.0,0.0,0.0,0.0,0.0,0.0,0.0,0.0,0.0,0.0,0.0,0.0,0.0,0.0,0.0,0.0,0.0,0.0,0.0,0.0,0.0,40.0,-1269.0,14541.0,304.0,1573.0,482,Ashby,Newcastle,Harrison,441024,,2,4,Harrison_Ashby,14,Liverpool,4,Newcastle,DEF,15
1199,483.0,19.0,12.0,0.0,True,2025-08-25T19:00:00Z,2.0,3.0,2.0,False,0.0,0.0,0.0,0.0,0.0,0.0,0.0,0.0,0.0,0.0,0.0,0.0,0.0,0.0,0.0,0.0,0.0,0.0,0.0,0.0,0.0,0.0,0.0,0.0,0.0,0.0,40.0,-1246.0,13018.0,237.0,1483.0,483,Pivaš,Newcastle,Miodrag,578512,,2,4,Miodrag_Pivaš,14,Liverpool,4,Newcastle,DEF,15
1200,484.0,19.0,12.0,0.0,True,2025-08-25T19:00:00Z,2.0,3.0,2.0,False,0.0,0.0,0.0,0.0,0.0,0.0,0.0,0.0,0.0,0.0,0.0,0.0,0.0,0.0,0.0,0.0,0.0,0.0,0.0,0.0,0.0,0.0,0.0,0.0,0.0,0.0,40.0,-3532.0,53110.0,1940.0,5472.0,484,Targett,Newcastle,Matt,169359,,2,4,Matt_Targett,14,Liverpool,4,Newcastle,DEF,15
1201,485.0,19.0,12.0,-2.0,True,2025-08-25T19:00:00Z,2.0,3.0,2.0,False,47.0,0.0,0.0,0.0,3.0,0.0,0.0,0.0,0.0,1.0,0.0,0.0,-6.0,0.0,11.2,45.0,5.4,0.0,3.0,0.0,3.0,1.0,0.48,0.02,0.5,0.07,75.0,7191.0,216592.0,37958.0,30767.0,485,Gordon,Newcastle,Anthony,232826,Suspended until 28 Sep,3,4,Anthony_Gordon,14,Liverpool,4,Newcastle,MID,15
1202,486.0,19.0,12.0,2.0,True,2025-08-25T19:00:00Z,2.0,3.0,2.0,False,90.0,0.0,0.0,0.0,3.0,0.0,0.0,0.0,0.0,0.0,0.0,0.0,7.0,6.6,14.8,10.0,3.1,1.0,0.0,0.0,1.0,1.0,0.0,0.06,0.06,0.7,70.0,-108858.0,760089.0,22232.0,131090.0,486,Elanga,Newcastle,Anthony,449434,,3,4,Anthony_Elanga,14,Liverpool,4,Newcastle,MID,15
1203,487.0,19.0,12.0,2.0,True,2025-08-25T19:00:00Z,2.0,3.0,2.0,False,75.0,0.0,0.0,0.0,2.0,0.0,0.0,0.0,0.0,0.0,0.0,0.0,10.0,4.2,15.8,2.0,2.2,0.0,2.0,0.0,2.0,1.0,0.0,0.36,0.36,0.33,65.0,-6421.0,54634.0,4605.0,11026.0,487,Barnes,Newcastle,Harvey,201666,,3,4,Harvey_Barnes,14,Liverpool,4,Newcastle,MID,15
1204,488.0,19.0,12.0,6.0,True,2025-08-25T19:00:00Z,2.0,3.0,2.0,False,90.0,1.0,0.0,0.0,3.0,0.0,0.0,0.0,1.0,0.0,0.0,0.0,22.0,37.0,8.3,17.0,6.2,0.0,8.0,3.0,11.0,1.0,0.17,0.02,0.19,0.7,65.0,-20428.0,165180.0,4445.0,24873.0,488,Guimarães Rodriguez Moura,Newcastle,Bruno,208706,,3,4,Bruno_Guimarães Rodriguez Moura,14,Liverpool,4,Newcastle,MID,15
1205,489.0,19.0,12.0,0.0,True,2025-08-25T19:00:00Z,2.0,3.0,2.0,False,0.0,0.0,0.0,0.0,0.0,0.0,0.0,0.0,0.0,0.0,0.0,0.0,0.0,0.0,0.0,0.0,0.0,0.0,0.0,0.0,0.0,0.0,0.0,0.0,0.0,0.0,64.0,-60701.0,187678.0,1537.0,62238.0,489,Murphy,Newcastle,Jacob,114243,,3,4,Jacob_Murphy,14,Liverpool,4,Newcastle,MID,15
1206,490.0,19.0,12.0,2.0,True,2025-08-25T19:00:00Z,2.0,3.0,2.0,False,75.0,0.0,0.0,0.0,2.0,0.0,0.0,0.0,0.0,0.0,0.0,0.0,7.0,6.6,0.4,7.0,1.4,2.0,3.0,2.0,7.0,1.0,0.03,0.0,0.03,0.33,60.0,-6092.0,46952.0,3038.0,9130.0,490,Apolinário de Lira,Newcastle,Joelinton Cássio,180974,Thigh injury - 50% chance of playing,3,4,Joelinton Cássio_Apolinário de Lira,14,Liverpool,4,Newcastle,MID,15
1207,491.0,19.0,12.0,2.0,True,2025-08-25T19:00:00Z,2.0,3.0,2.0,False,65.0,0.0,0.0,0.0,2.0,0.0,0.0,0.0,0.0,0.0,0.0,0.0,7.0,0.4,1.3,8.0,1.0,2.0,3.0,0.0,5.0,1.0,0.09,0.01,0.1,0.33,55.0,-20730.0,187427.0,7726.0,28456.0,491,Tonali,Newcastle,Sandro,432422,Shoulder injury - 50% chance of playing,3,4,Sandro_Tonali,14,Liverpool,4,Newcastle,MID,15
1208,492.0,19.0,12.0,0.0,True,2025-08-25T19:00:00Z,2.0,3.0,2.0,False,0.0,0.0,0.0,0.0,0.0,0.0,0.0,0.0,0.0,0.0,0.0,0.0,0.0,0.0,0.0,0.0,0.0,0.0,0.0,0.0,0.0,0.0,0.0,0.0,0.0,0.0,50.0,-570.0,3970.0,132.0,702.0,492,Cordero Campillo,Newcastle,Antoñito,640108,,3,4,Antoñito_Cordero Campillo,14,Liverpool,4,Newcastle,MID,15
1209,494.0,19.0,12.0,0.0,True,2025-08-25T19:00:00Z,2.0,3.0,2.0,False,0.0,0.0,0.0,0.0,0.0,0.0,0.0,0.0,0.0,0.0,0.0,0.0,0.0,0.0,0.0,0.0,0.0,0.0,0.0,0.0,0.0,0.0,0.0,0.0,0.0,0.0,50.0,-1147.0,3045.0,55.0,1202.0,494,Willock,Newcastle,Joe,200089,,3,4,Joe_Willock,14,Liverpool,4,Newcastle,MID,15
1210,495.0,19.0,12.0,0.0,True,2025-08-25T19:00:00Z,2.0,3.0,2.0,False,0.0,0.0,0.0,0.0,0.0,0.0,0.0,0.0,0.0,0.0,0.0,0.0,0.0,0.0,0.0,0.0,0.0,0.0,0.0,0.0,0.0,0.0,0.0,0.0,0.0,0.0,45.0,-624.0,1717.0,0.0,624.0,495,Hayden,Newcastle,Isaac,153127,Has departed the club as a free agent.,3,4,Isaac_Hayden,14,Liverpool,4,Newcastle,MID,15
1211,496.0,19.0,12.0,0.0,True,2025-08-25T19:00:00Z,2.0,3.0,2.0,False,0.0,0.0,0.0,0.0,0.0,0.0,0.0,0.0,0.0,0.0,0.0,0.0,0.0,0.0,0.0,0.0,0.0,0.0,0.0,0.0,0.0,0.0,0.0,0.0,0.0,0.0,45.0,-614.0,7417.0,374.0,988.0,496,Kuol,Newcastle,Garang,564510,,3,4,Garang_Kuol,14,Liverpool,4,Newcastle,MID,15
1212,497.0,19.0,12.0,1.0,True,2025-08-25T19:00:00Z,2.0,3.0,2.0,False,24.0,0.0,0.0,0.0,1.0,0.0,0.0,0.0,0.0,0.0,0.0,0.0,3.0,2.2,0.3,2.0,0.5,0.0,1.0,1.0,2.0,0.0,0.03,0.0,0.03,0.37,45.0,-12333.0,267118.0,15743.0,28076.0,497,Miley,Newcastle,Lewis,547719,,3,4,Lewis_Miley,14,Liverpool,4,Newcastle,MID,15
1213,498.0,19.0,12.0,0.0,True,2025-08-25T19:00:00Z,2.0,3.0,2.0,False,0.0,0.0,0.0,0.0,0.0,0.0,0.0,0.0,0.0,0.0,0.0,0.0,0.0,0.0,0.0,0.0,0.0,0.0,0.0,0.0,0.0,0.0,0.0,0.0,0.0,0.0,45.0,-470.0,1269.0,0.0,470.0,498,White,Newcastle,Joe,461484,Has joined Leyton Orient on loan for the rest of the season.,3,4,Joe_White,14,Liverpool,4,Newcastle,MID,15
1214,499.0,19.0,12.0,0.0,True,2025-08-25T19:00:00Z,2.0,3.0,2.0,False,0.0,0.0,0.0,0.0,0.0,0.0,0.0,0.0,0.0,0.0,0.0,0.0,0.0,0.0,0.0,0.0,0.0,0.0,0.0,0.0,0.0,0.0,0.0,0.0,0.0,0.0,104.0,-376049.0,503417.0,5477.0,381526.0,499,Isak,Newcastle,Alexander,219168,Won’t be considered for selection on 25/8. - Unknown return date,4,4,Alexander_Isak,14,Liverpool,4,Newcastle,FWD,15
1215,500.0,19.0,12.0,5.0,True,2025-08-25T19:00:00Z,2.0,3.0,2.0,False,14.0,1.0,0.0,0.0,1.0,0.0,0.0,0.0,0.0,0.0,0.0,0.0,27.0,31.0,0.3,17.0,4.8,0.0,0.0,0.0,0.0,0.0,0.13,0.0,0.13,0.37,55.0,-2556.0,23399.0,2083.0,4639.0,500,Osula,Newcastle,William,538207,,4,4,William_Osula,14,Liverpool,4,Newcastle,FWD,15
1216,501.0,19.0,12.0,0.0,True,2025-08-25T19:00:00Z,2.0,3.0,2.0,False,0.0,0.0,0.0,0.0,0.0,0.0,0.0,0.0,0.0,0.0,0.0,0.0,0.0,0.0,0.0,0.0,0.0,0.0,0.0,0.0,0.0,0.0,0.0,0.0,0.0,0.0,45.0,-1829.0,26341.0,1916.0,3745.0,501,Neave,Newcastle,Sean,599303,,4,4,Sean_Neave,14,Liverpool,4,Newcastle,FWD,15
1217,674.0,19.0,12.0,0.0,True,2025-08-25T19:00:00Z,2.0,3.0,2.0,False,0.0,0.0,0.0,0.0,0.0,0.0,0.0,0.0,0.0,0.0,0.0,0.0,0.0,0.0,0.0,0.0,0.0,0.0,0.0,0.0,0.0,0.0,0.0,0.0,0.0,0.0,50.0,-13378.0,89177.0,1823.0,15201.0,674,Ramsdale,Newcastle,Aaron,225321,,1,4,Aaron_Ramsdale,14,Liverpool,4,Newcastle,GKP,15
1218,684.0,19.0,12.0,1.0,True,2025-08-25T19:00:00Z,2.0,3.0,2.0,False,9.0,0.0,0.0,0.0,1.0,0.0,0.0,0.0,0.0,0.0,0.0,0.0,-1.0,1.8,0.1,0.0,0.2,1.0,0.0,0.0,1.0,0.0,0.0,0.0,0.0,0.37,50.0,-1841.0,17949.0,1301.0,3142.0,684,Thiaw,Newcastle,Malick,465642,,2,4,Malick_Thiaw,14,Liverpool,4,Newcastle,DEF,15
1219,689.0,19.0,12.0,0.0,True,2025-08-25T19:00:00Z,2.0,3.0,2.0,False,0.0,0.0,0.0,0.0,0.0,0.0,0.0,0.0,0.0,0.0,0.0,0.0,0.0,0.0,0.0,0.0,0.0,0.0,0.0,0.0,0.0,0.0,0.0,0.0,0.0,0.0,45.0,5183.0,21078.0,7415.0,2232.0,689,Park,Newcastle,Seung-Soo,623110,,3,4,Seung-Soo_Park,14,Liverpool,4,Newcastle,MID,15
1220,426.0,15.0,8.0,1.0,False,2025-08-24T13:00:00Z,1.0,1.0,2.0,False,18.0,0.0,0.0,0.0,0.0,0.0,0.0,0.0,0.0,0.0,0.0,0.0,4.0,1.4,11.3,2.0,1.5,0.0,0.0,0.0,0.0,0.0,0.0,0.03,0.03,0.0,55.0,-753.0,18337.0,2828.0,3581.0,426,McAtee,Nott'm Forest,James,432714,,3,17,James_McAtee,31,Crystal Palace,17,Nott'm Forest,MID,16
1221,502.0,15.0,8.0,2.0,False,2025-08-24T13:00:00Z,1.0,1.0,2.0,False,90.0,0.0,0.0,0.0,1.0,0.0,0.0,0.0,1.0,0.0,3.0,0.0,11.0,21.6,0.0,0.0,2.2,0.0,13.0,0.0,0.0,1.0,0.0,0.0,0.0,1.1,50.0,-70930.0,2048517.0,52826.0,123756.0,502,Sels,Nott'm Forest,Matz,85633,,1,17,Matz_Sels,31,Crystal Palace,17,Nott'm Forest,GKP,16
1222,503.0,15.0,8.0,0.0,False,2025-08-24T13:00:00Z,1.0,1.0,2.0,False,0.0,0.0,0.0,0.0,0.0,0.0,0.0,0.0,0.0,0.0,0.0,0.0,0.0,0.0,0.0,0.0,0.0,0.0,0.0,0.0,0.0,0.0,0.0,0.0,0.0,0.0,40.0,-2152.0,20899.0,448.0,2600.0,503,dos Santos Pereira,Nott'm Forest,Carlos Miguel,475123,Has joined Palmeiras permanently.,1,17,Carlos Miguel_dos Santos Pereira,31,Crystal Palace,17,Nott'm Forest,GKP,16
1223,504.0,15.0,8.0,0.0,False,2025-08-24T13:00:00Z,1.0,1.0,2.0,False,0.0,0.0,0.0,0.0,0.0,0.0,0.0,0.0,0.0,0.0,0.0,0.0,0.0,0.0,0.0,0.0,0.0,0.0,0.0,0.0,0.0,0.0,0.0,0.0,0.0,0.0,40.0,-4587.0,20927.0,0.0,4587.0,504,Turner,Nott'm Forest,Matt,224068,Has joined Lyon permanently.,1,17,Matt_Turner,31,Crystal Palace,17,Nott'm Forest,GKP,16
1224,505.0,15.0,8.0,2.0,False,2025-08-24T13:00:00Z,1.0,1.0,2.0,False,90.0,0.0,0.0,0.0,1.0,0.0,0.0,0.0,0.0,0.0,0.0,0.0,14.0,15.8,0.8,2.0,1.9,6.0,2.0,1.0,7.0,1.0,0.0,0.02,0.02,1.1,55.0,-33679.0,1019725.0,35352.0,69031.0,505,Milenković,Nott'm Forest,Nikola,227444,,2,17,Nikola_Milenković,31,Crystal Palace,17,Nott'm Forest,DEF,16
1225,506.0,15.0,8.0,1.0,False,2025-08-24T13:00:00Z,1.0,1.0,2.0,False,90.0,0.0,0.0,0.0,1.0,0.0,0.0,0.0,1.0,0.0,0.0,0.0,3.0,14.4,5.3,0.0,2.0,4.0,5.0,2.0,6.0,1.0,0.0,0.16,0.16,1.1,55.0,-21245.0,706645.0,22881.0,44126.0,506,Costa dos Santos,Nott'm Forest,Murillo,575476,,2,17,Murillo_Costa dos Santos,31,Crystal Palace,17,Nott'm Forest,DEF,16
1226,507.0,15.0,8.0,1.0,False,2025-08-24T13:00:00Z,1.0,1.0,2.0,False,90.0,0.0,0.0,0.0,1.0,0.0,0.0,0.0,1.0,0.0,0.0,0.0,5.0,12.4,1.9,0.0,1.4,5.0,10.0,1.0,6.0,1.0,0.0,0.01,0.01,1.1,50.0,17123.0,1558302.0,97132.0,80009.0,507,Aina,Nott'm Forest,Ola,159506,,2,17,Ola_Aina,31,Crystal Palace,17,Nott'm Forest,DEF,16
1227,508.0,15.0,8.0,2.0,False,2025-08-24T13:00:00Z,1.0,1.0,2.0,False,90.0,0.0,0.0,0.0,1.0,0.0,0.0,0.0,0.0,0.0,0.0,0.0,18.0,7.8,3.5,6.0,1.7,0.0,6.0,3.0,3.0,1.0,0.0,0.02,0.02,1.1,50.0,-30992.0,1047009.0,35588.0,66580.0,508,Williams,Nott'm Forest,Neco,215136,,2,17,Neco_Williams,31,Crystal Palace,17,Nott'm Forest,DEF,16
1228,509.0,15.0,8.0,0.0,False,2025-08-24T13:00:00Z,1.0,1.0,2.0,False,0.0,0.0,0.0,0.0,0.0,0.0,0.0,0.0,0.0,0.0,0.0,0.0,0.0,0.0,0.0,0.0,0.0,0.0,0.0,0.0,0.0,0.0,0.0,0.0,0.0,0.0,45.0,-512.0,5271.0,191.0,703.0,509,Mota Veiga Teixeira do Carmo,Nott'm Forest,David,451432,,2,17,David_Mota Veiga Teixeira do Carmo,31,Crystal Palace,17,Nott'm Forest,DEF,16
1229,510.0,15.0,8.0,0.0,False,2025-08-24T13:00:00Z,1.0,1.0,2.0,False,0.0,0.0,0.0,0.0,0.0,0.0,0.0,0.0,0.0,0.0,0.0,0.0,0.0,0.0,0.0,0.0,0.0,0.0,0.0,0.0,0.0,0.0,0.0,0.0,0.0,0.0,45.0,-864.0,8487.0,311.0,1175.0,510,Paula da Cunha Filho,Nott'm Forest,Jair,575458,,2,17,Jair_Paula da Cunha Filho,31,Crystal Palace,17,Nott'm Forest,DEF,16
1230,511.0,15.0,8.0,0.0,False,2025-08-24T13:00:00Z,1.0,1.0,2.0,False,0.0,0.0,0.0,0.0,0.0,0.0,0.0,0.0,0.0,0.0,0.0,0.0,0.0,0.0,0.0,0.0,0.0,0.0,0.0,0.0,0.0,0.0,0.0,0.0,0.0,0.0,45.0,-1057.0,9750.0,271.0,1328.0,511,Rodrigues da Silva,Nott'm Forest,Felipe,485047,,2,17,Felipe_Rodrigues da Silva,31,Crystal Palace,17,Nott'm Forest,DEF,16
1231,512.0,15.0,8.0,0.0,False,2025-08-24T13:00:00Z,1.0,1.0,2.0,False,0.0,0.0,0.0,0.0,0.0,0.0,0.0,0.0,0.0,0.0,0.0,0.0,0.0,0.0,0.0,0.0,0.0,0.0,0.0,0.0,0.0,0.0,0.0,0.0,0.0,0.0,45.0,-494.0,5138.0,189.0,683.0,512,Richards,Nott'm Forest,Omar,204822,,2,17,Omar_Richards,31,Crystal Palace,17,Nott'm Forest,DEF,16
1232,513.0,15.0,8.0,0.0,False,2025-08-24T13:00:00Z,1.0,1.0,2.0,False,0.0,0.0,0.0,0.0,0.0,0.0,0.0,0.0,0.0,0.0,0.0,0.0,0.0,0.0,0.0,0.0,0.0,0.0,0.0,0.0,0.0,0.0,0.0,0.0,0.0,0.0,40.0,-1294.0,22352.0,816.0,2110.0,513,Abbott,Nott'm Forest,Zach,549067,,2,17,Zach_Abbott,31,Crystal Palace,17,Nott'm Forest,DEF,16
1233,514.0,15.0,8.0,0.0,False,2025-08-24T13:00:00Z,1.0,1.0,2.0,False,0.0,0.0,0.0,0.0,0.0,0.0,0.0,0.0,0.0,0.0,0.0,0.0,0.0,0.0,0.0,0.0,0.0,0.0,0.0,0.0,0.0,0.0,0.0,0.0,0.0,0.0,40.0,-2868.0,54244.0,2073.0,4941.0,514,Boly,Nott'm Forest,Willy,90585,,2,17,Willy_Boly,31,Crystal Palace,17,Nott'm Forest,DEF,16
1234,515.0,15.0,8.0,2.0,False,2025-08-24T13:00:00Z,1.0,1.0,2.0,False,81.0,0.0,0.0,0.0,1.0,0.0,0.0,0.0,0.0,0.0,0.0,0.0,7.0,0.0,20.5,4.0,2.2,0.0,1.0,0.0,1.0,1.0,0.11,0.1,0.21,1.1,75.0,-16569.0,550967.0,34109.0,50678.0,515,Gibbs-White,Nott'm Forest,Morgan,222531,,3,17,Morgan_Gibbs-White,31,Crystal Palace,17,Nott'm Forest,MID,16
1235,516.0,15.0,8.0,10.0,False,2025-08-24T13:00:00Z,1.0,1.0,2.0,False,71.0,1.0,0.0,0.0,1.0,0.0,0.0,0.0,0.0,0.0,0.0,3.0,26.0,35.6,3.3,24.0,6.3,1.0,1.0,1.0,3.0,1.0,0.31,0.02,0.33,1.1,60.0,-12044.0,116762.0,7349.0,19393.0,516,Hudson-Odoi,Nott'm Forest,Callum,209046,,3,17,Callum_Hudson-Odoi,31,Crystal Palace,17,Nott'm Forest,MID,16
1236,517.0,15.0,8.0,2.0,False,2025-08-24T13:00:00Z,1.0,1.0,2.0,False,90.0,0.0,0.0,0.0,1.0,0.0,0.0,0.0,0.0,0.0,0.0,0.0,13.0,17.2,21.5,0.0,3.9,1.0,7.0,3.0,11.0,1.0,0.0,0.03,0.03,1.1,55.0,-5770.0,691968.0,61367.0,67137.0,517,Anderson,Nott'm Forest,Elliot,215379,,3,17,Elliot_Anderson,31,Crystal Palace,17,Nott'm Forest,MID,16
1237,518.0,15.0,8.0,0.0,False,2025-08-24T13:00:00Z,1.0,1.0,2.0,False,0.0,0.0,0.0,0.0,0.0,0.0,0.0,0.0,0.0,0.0,0.0,0.0,0.0,0.0,0.0,0.0,0.0,0.0,0.0,0.0,0.0,0.0,0.0,0.0,0.0,0.0,55.0,-1087.0,9953.0,349.0,1436.0,518,Ferreira da Silva,Nott'm Forest,João Pedro,510500,,3,17,João Pedro_Ferreira da Silva,31,Crystal Palace,17,Nott'm Forest,MID,16
1238,519.0,15.0,8.0,0.0,False,2025-08-24T13:00:00Z,1.0,1.0,2.0,False,0.0,0.0,0.0,0.0,0.0,0.0,0.0,0.0,0.0,0.0,0.0,0.0,0.0,0.0,0.0,0.0,0.0,0.0,0.0,0.0,0.0,0.0,0.0,0.0,0.0,0.0,50.0,-14.0,198.0,23.0,37.0,519,Domínguez,Nott'm Forest,Nicolás,250199,Knee injury - Expected back 04 Oct,3,17,Nicolás_Domínguez,31,Crystal Palace,17,Nott'm Forest,MID,16
1239,520.0,15.0,8.0,0.0,False,2025-08-24T13:00:00Z,1.0,1.0,2.0,False,0.0,0.0,0.0,0.0,0.0,0.0,0.0,0.0,0.0,0.0,0.0,0.0,0.0,0.0,0.0,0.0,0.0,0.0,0.0,0.0,0.0,0.0,0.0,0.0,0.0,0.0,50.0,-56.0,163.0,0.0,56.0,520,O'Brien,Nott'm Forest,Lewis,243345,Has joined Wrexham permanently.,3,17,Lewis_O'Brien,31,Crystal Palace,17,Nott'm Forest,MID,16
1240,521.0,15.0,8.0,2.0,False,2025-08-24T13:00:00Z,1.0,1.0,2.0,False,87.0,0.0,0.0,0.0,1.0,0.0,0.0,0.0,0.0,0.0,0.0,0.0,14.0,9.4,3.3,1.0,1.4,4.0,3.0,1.0,8.0,1.0,0.01,0.01,0.02,1.1,50.0,-307.0,6321.0,529.0,836.0,521,Sangaré,Nott'm Forest,Ibrahim,210462,,3,17,Ibrahim_Sangaré,31,Crystal Palace,17,Nott'm Forest,MID,16
1241,522.0,15.0,8.0,1.0,False,2025-08-24T13:00:00Z,1.0,1.0,2.0,False,2.0,0.0,0.0,0.0,0.0,0.0,0.0,0.0,0.0,0.0,0.0,0.0,3.0,2.6,1.8,0.0,0.4,1.0,0.0,0.0,1.0,0.0,0.0,0.0,0.0,0.0,50.0,-1618.0,12944.0,381.0,1999.0,522,Yates,Nott'm Forest,Ryan,204968,,3,17,Ryan_Yates,31,Crystal Palace,17,Nott'm Forest,MID,16
1242,523.0,15.0,8.0,0.0,False,2025-08-24T13:00:00Z,1.0,1.0,2.0,False,0.0,0.0,0.0,0.0,0.0,0.0,0.0,0.0,0.0,0.0,0.0,0.0,0.0,0.0,0.0,0.0,0.0,0.0,0.0,0.0,0.0,0.0,0.0,0.0,0.0,0.0,45.0,-1373.0,18387.0,1064.0,2437.0,523,da Silva Moreira,Nott'm Forest,Eric,569014,,3,17,Eric_da Silva Moreira,31,Crystal Palace,17,Nott'm Forest,MID,16
1243,524.0,15.0,8.0,0.0,False,2025-08-24T13:00:00Z,1.0,1.0,2.0,False,0.0,0.0,0.0,0.0,0.0,0.0,0.0,0.0,0.0,0.0,0.0,0.0,0.0,0.0,0.0,0.0,0.0,0.0,0.0,0.0,0.0,0.0,0.0,0.0,0.0,0.0,45.0,-1206.0,6305.0,245.0,1451.0,524,Stamenić,Nott'm Forest,Marko,495161,Has joined Swansea City permanently.,3,17,Marko_Stamenić,31,Crystal Palace,17,Nott'm Forest,MID,16
1244,525.0,15.0,8.0,2.0,False,2025-08-24T13:00:00Z,1.0,1.0,2.0,False,87.0,0.0,0.0,0.0,1.0,0.0,0.0,0.0,0.0,0.0,0.0,0.0,3.0,0.0,11.0,13.0,2.0,0.0,0.0,0.0,0.0,1.0,0.23,0.06,0.29,1.1,76.0,574932.0,2184516.0,667275.0,92343.0,525,Wood,Nott'm Forest,Chris,60689,,4,17,Chris_Wood,31,Crystal Palace,17,Nott'm Forest,FWD,16
1245,526.0,15.0,8.0,1.0,False,2025-08-24T13:00:00Z,1.0,1.0,2.0,False,2.0,0.0,0.0,0.0,0.0,0.0,0.0,0.0,0.0,0.0,0.0,0.0,1.0,0.0,0.3,6.0,0.4,0.0,0.0,0.0,0.0,0.0,0.07,0.0,0.07,0.0,60.0,-14720.0,74056.0,3612.0,18332.0,526,Maciel da Cruz,Nott'm Forest,Igor Jesus,482973,,4,17,Igor Jesus_Maciel da Cruz,31,Crystal Palace,17,Nott'm Forest,FWD,16
1246,527.0,15.0,8.0,0.0,False,2025-08-24T13:00:00Z,1.0,1.0,2.0,False,0.0,0.0,0.0,0.0,0.0,0.0,0.0,0.0,0.0,0.0,0.0,0.0,0.0,0.0,0.0,0.0,0.0,0.0,0.0,0.0,0.0,0.0,0.0,0.0,0.0,0.0,55.0,-11403.0,72590.0,4455.0,15858.0,527,Awoniyi,Nott'm Forest,Taiwo,210156,,4,17,Taiwo_Awoniyi,31,Crystal Palace,17,Nott'm Forest,FWD,16
1247,669.0,15.0,8.0,7.0,False,2025-08-24T13:00:00Z,1.0,1.0,2.0,False,70.0,0.0,1.0,0.0,1.0,0.0,0.0,0.0,0.0,0.0,0.0,2.0,21.0,23.8,29.2,8.0,6.1,2.0,3.0,0.0,5.0,1.0,0.0,0.35,0.35,1.1,60.0,30978.0,97626.0,44340.0,13362.0,669,Ndoye,Nott'm Forest,Dan,456512,,3,17,Dan_Ndoye,31,Crystal Palace,17,Nott'm Forest,MID,16
1248,675.0,15.0,8.0,0.0,False,2025-08-24T13:00:00Z,1.0,1.0,2.0,False,0.0,0.0,0.0,0.0,0.0,0.0,0.0,0.0,0.0,0.0,0.0,0.0,0.0,0.0,0.0,0.0,0.0,0.0,0.0,0.0,0.0,0.0,0.0,0.0,0.0,0.0,40.0,-243.0,203279.0,8239.0,8482.0,675,Gunn,Nott'm Forest,Angus,107265,,1,17,Angus_Gunn,31,Crystal Palace,17,Nott'm Forest,GKP,16
1249,693.0,15.0,8.0,1.0,False,2025-08-24T13:00:00Z,1.0,1.0,2.0,False,8.0,0.0,0.0,0.0,0.0,0.0,0.0,0.0,0.0,0.0,0.0,0.0,-2.0,0.0,0.6,8.0,0.5,0.0,0.0,0.0,0.0,0.0,0.2,0.0,0.2,0.0,55.0,502.0,1259.0,678.0,176.0,693,Hutchinson,Nott'm Forest,Omari,503301,,3,17,Omari_Hutchinson,31,Crystal Palace,17,Nott'm Forest,MID,16
1250,696.0,15.0,8.0,1.0,False,2025-08-24T13:00:00Z,1.0,1.0,2.0,False,19.0,0.0,0.0,0.0,0.0,0.0,0.0,0.0,0.0,0.0,0.0,0.0,2.0,1.0,1.6,0.0,0.3,1.0,1.0,0.0,2.0,0.0,0.0,0.0,0.0,0.0,60.0,620.0,1948.0,779.0,159.0,696,Kalimuendo,Nott'm Forest,Arnaud,465680,,4,17,Arnaud_Kalimuendo,31,Crystal Palace,17,Nott'm Forest,FWD,16
1251,699.0,15.0,8.0,0.0,False,2025-08-24T13:00:00Z,1.0,1.0,2.0,False,0.0,0.0,0.0,0.0,0.0,0.0,0.0,0.0,0.0,0.0,0.0,0.0,0.0,0.0,0.0,0.0,0.0,0.0,0.0,0.0,0.0,0.0,0.0,0.0,0.0,0.0,50.0,315.0,595.0,362.0,47.0,699,Soares de Paulo,Nott'm Forest,Douglas Luiz,230046,,3,17,Douglas Luiz_Soares de Paulo,31,Crystal Palace,17,Nott'm Forest,MID,16
1252,252.0,14.0,3.0,1.0,False,2025-08-23T14:00:00Z,2.0,0.0,2.0,False,10.0,0.0,0.0,0.0,1.0,0.0,0.0,0.0,0.0,0.0,0.0,0.0,2.0,0.0,1.6,6.0,0.6,0.0,0.0,0.0,0.0,0.0,0.02,0.01,0.03,0.66,45.0,-22978.0,2087215.0,112856.0,135834.0,252,Guiu Paz,Sunderland,Marc,499309,,4,56,Marc_Guiu Paz,90,Burnley,56,Sunderland,FWD,17
1253,528.0,14.0,3.0,0.0,False,2025-08-23T14:00:00Z,2.0,0.0,2.0,False,0.0,0.0,0.0,0.0,0.0,0.0,0.0,0.0,0.0,0.0,0.0,0.0,0.0,0.0,0.0,0.0,0.0,0.0,0.0,0.0,0.0,0.0,0.0,0.0,0.0,0.0,45.0,-3811.0,34146.0,2481.0,6292.0,528,Patterson,Sunderland,Anthony,232571,,1,56,Anthony_Patterson,90,Burnley,56,Sunderland,GKP,17
1254,529.0,14.0,3.0,0.0,False,2025-08-23T14:00:00Z,2.0,0.0,2.0,False,0.0,0.0,0.0,0.0,0.0,0.0,0.0,0.0,0.0,0.0,0.0,0.0,0.0,0.0,0.0,0.0,0.0,0.0,0.0,0.0,0.0,0.0,0.0,0.0,0.0,0.0,40.0,-1015.0,53868.0,2053.0,3068.0,529,Moore,Sunderland,Simon,74854,,1,56,Simon_Moore,90,Burnley,56,Sunderland,GKP,17
1255,530.0,14.0,3.0,0.0,False,2025-08-23T14:00:00Z,2.0,0.0,2.0,False,0.0,0.0,0.0,0.0,0.0,0.0,0.0,0.0,0.0,0.0,0.0,0.0,0.0,0.0,0.0,0.0,0.0,0.0,0.0,0.0,0.0,0.0,0.0,0.0,0.0,0.0,40.0,-598.0,16429.0,364.0,962.0,530,Nna Noukeu,Sunderland,Blondy,490000,,1,56,Blondy_Nna Noukeu,90,Burnley,56,Sunderland,GKP,17
1256,531.0,14.0,3.0,1.0,False,2025-08-23T14:00:00Z,2.0,0.0,2.0,False,8.0,0.0,0.0,0.0,0.0,0.0,0.0,0.0,0.0,0.0,0.0,0.0,8.0,5.2,10.3,2.0,1.8,2.0,0.0,0.0,2.0,1.0,0.0,0.17,0.17,0.0,46.0,470048.0,710777.0,502062.0,32014.0,531,Ballard,Sunderland,Daniel,223827,Groin Injury - 75% chance of playing,2,56,Daniel_Ballard,90,Burnley,56,Sunderland,DEF,17
1257,532.0,14.0,3.0,1.0,False,2025-08-23T14:00:00Z,2.0,0.0,2.0,False,90.0,0.0,0.0,0.0,2.0,0.0,0.0,0.0,0.0,0.0,0.0,0.0,5.0,10.6,14.0,2.0,2.7,1.0,3.0,2.0,3.0,1.0,0.03,0.03,0.06,1.0,45.0,8237.0,33729.0,11055.0,2818.0,532,Hume,Sunderland,Trai,487676,,2,56,Trai_Hume,90,Burnley,56,Sunderland,DEF,17
1258,533.0,14.0,3.0,0.0,False,2025-08-23T14:00:00Z,2.0,0.0,2.0,False,0.0,0.0,0.0,0.0,0.0,0.0,0.0,0.0,0.0,0.0,0.0,0.0,0.0,0.0,0.0,0.0,0.0,0.0,0.0,0.0,0.0,0.0,0.0,0.0,0.0,0.0,40.0,-46.0,535.0,62.0,108.0,533,Alese,Sunderland,Aji,220684,Shoulder injury - Expected back 13 Sep,2,56,Aji_Alese,90,Burnley,56,Sunderland,DEF,17
1259,534.0,14.0,3.0,0.0,False,2025-08-23T14:00:00Z,2.0,0.0,2.0,False,0.0,0.0,0.0,0.0,0.0,0.0,0.0,0.0,0.0,0.0,0.0,0.0,0.0,0.0,0.0,0.0,0.0,0.0,0.0,0.0,0.0,0.0,0.0,0.0,0.0,0.0,40.0,-3282.0,50138.0,2467.0,5749.0,534,Anderson,Sunderland,Joe,232820,,2,56,Joe_Anderson,90,Burnley,56,Sunderland,DEF,17
1260,535.0,14.0,3.0,0.0,False,2025-08-23T14:00:00Z,2.0,0.0,2.0,False,0.0,0.0,0.0,0.0,0.0,0.0,0.0,0.0,0.0,0.0,0.0,0.0,0.0,0.0,0.0,0.0,0.0,0.0,0.0,0.0,0.0,0.0,0.0,0.0,0.0,0.0,40.0,-411.0,2724.0,76.0,487.0,535,Cirkin,Sunderland,Dennis,461195,Wrist Injury - Expected back 13 Sep,2,56,Dennis_Cirkin,90,Burnley,56,Sunderland,DEF,17
1261,536.0,14.0,3.0,0.0,False,2025-08-23T14:00:00Z,2.0,0.0,2.0,False,0.0,0.0,0.0,0.0,0.0,0.0,0.0,0.0,0.0,0.0,0.0,0.0,0.0,0.0,0.0,0.0,0.0,0.0,0.0,0.0,0.0,0.0,0.0,0.0,0.0,0.0,40.0,-40.0,584.0,64.0,104.0,536,Hjelde,Sunderland,Leo Fuhr,477547,Achilles injury - Expected back 13 Sep,2,56,Leo Fuhr_Hjelde,90,Burnley,56,Sunderland,DEF,17
1262,537.0,14.0,3.0,0.0,False,2025-08-23T14:00:00Z,2.0,0.0,2.0,False,0.0,0.0,0.0,0.0,0.0,0.0,0.0,0.0,0.0,0.0,0.0,0.0,0.0,0.0,0.0,0.0,0.0,0.0,0.0,0.0,0.0,0.0,0.0,0.0,0.0,0.0,40.0,-1617.0,20799.0,669.0,2286.0,537,Huggins,Sunderland,Niall,492066,,2,56,Niall_Huggins,90,Burnley,56,Sunderland,DEF,17
1263,538.0,14.0,3.0,0.0,False,2025-08-23T14:00:00Z,2.0,0.0,2.0,False,0.0,0.0,0.0,0.0,0.0,0.0,0.0,0.0,0.0,0.0,0.0,0.0,0.0,0.0,0.0,0.0,0.0,0.0,0.0,0.0,0.0,0.0,0.0,0.0,0.0,0.0,40.0,-1704.0,24372.0,797.0,2501.0,538,Johnson,Sunderland,Zak,514613,,2,56,Zak_Johnson,90,Burnley,56,Sunderland,DEF,17
1264,539.0,14.0,3.0,0.0,False,2025-08-23T14:00:00Z,2.0,0.0,2.0,False,0.0,0.0,0.0,0.0,0.0,0.0,0.0,0.0,0.0,0.0,0.0,0.0,0.0,0.0,0.0,0.0,0.0,0.0,0.0,0.0,0.0,0.0,0.0,0.0,0.0,0.0,40.0,-177.0,2714.0,168.0,345.0,539,O'Nien,Sunderland,Luke,167512,Shoulder injury - Expected back 13 Sep,2,56,Luke_O'Nien,90,Burnley,56,Sunderland,DEF,17
1265,540.0,14.0,3.0,0.0,False,2025-08-23T14:00:00Z,2.0,0.0,2.0,False,0.0,0.0,0.0,0.0,0.0,0.0,0.0,0.0,0.0,0.0,0.0,0.0,0.0,0.0,0.0,0.0,0.0,0.0,0.0,0.0,0.0,0.0,0.0,0.0,0.0,0.0,40.0,-1494.0,20782.0,734.0,2228.0,540,Pembélé,Sunderland,Timothée,465702,,2,56,Timothée_Pembélé,90,Burnley,56,Sunderland,DEF,17
1266,541.0,14.0,3.0,3.0,False,2025-08-23T14:00:00Z,2.0,0.0,2.0,False,90.0,0.0,0.0,0.0,2.0,0.0,0.0,0.0,0.0,0.0,0.0,0.0,14.0,29.4,10.4,0.0,4.0,7.0,3.0,5.0,12.0,1.0,0.0,0.02,0.02,1.0,40.0,134563.0,917180.0,177090.0,42527.0,541,Mandava,Sunderland,Reinildo,434399,,2,56,Reinildo_Mandava,90,Burnley,56,Sunderland,DEF,17
1267,542.0,14.0,3.0,1.0,False,2025-08-23T14:00:00Z,2.0,0.0,2.0,False,81.0,0.0,0.0,0.0,2.0,0.0,0.0,0.0,0.0,0.0,0.0,0.0,5.0,18.4,1.8,0.0,2.0,4.0,2.0,2.0,6.0,0.0,0.0,0.01,0.01,1.0,40.0,-2245.0,28749.0,1663.0,3908.0,542,Seelt,Sunderland,Jenson,519634,,2,56,Jenson_Seelt,90,Burnley,56,Sunderland,DEF,17
1268,543.0,14.0,3.0,1.0,False,2025-08-23T14:00:00Z,2.0,0.0,2.0,False,62.0,0.0,0.0,0.0,1.0,0.0,0.0,0.0,1.0,0.0,0.0,0.0,7.0,8.2,19.5,0.0,2.8,3.0,2.0,0.0,5.0,1.0,0.0,0.09,0.09,0.34,55.0,30647.0,209320.0,51067.0,20420.0,543,Adingra,Sunderland,Simon,535818,,3,56,Simon_Adingra,90,Burnley,56,Sunderland,MID,17
1269,544.0,14.0,3.0,2.0,False,2025-08-23T14:00:00Z,2.0,0.0,2.0,False,79.0,0.0,0.0,0.0,1.0,0.0,0.0,0.0,0.0,0.0,0.0,0.0,7.0,3.6,16.6,4.0,2.4,1.0,2.0,0.0,3.0,1.0,0.0,0.04,0.04,0.34,55.0,934.0,13554.0,2635.0,1701.0,544,Diarra,Sunderland,Habib,547027,,3,56,Habib_Diarra,90,Burnley,56,Sunderland,MID,17
1270,545.0,14.0,3.0,1.0,False,2025-08-23T14:00:00Z,2.0,0.0,2.0,False,27.0,0.0,0.0,0.0,1.0,0.0,0.0,0.0,0.0,0.0,0.0,0.0,4.0,1.8,7.3,5.0,1.4,0.0,1.0,0.0,1.0,0.0,0.03,0.02,0.05,0.66,54.0,-872.0,3770.0,177.0,1049.0,545,Roberts,Sunderland,Patrick,124165,,3,56,Patrick_Roberts,90,Burnley,56,Sunderland,MID,17
1271,546.0,14.0,3.0,0.0,False,2025-08-23T14:00:00Z,2.0,0.0,2.0,False,0.0,0.0,0.0,0.0,0.0,0.0,0.0,0.0,0.0,0.0,0.0,0.0,0.0,0.0,0.0,0.0,0.0,0.0,0.0,0.0,0.0,0.0,0.0,0.0,0.0,0.0,50.0,-587.0,3948.0,149.0,736.0,546,Aleksić,Sunderland,Milan,626844,,3,56,Milan_Aleksić,90,Burnley,56,Sunderland,MID,17
1272,547.0,14.0,3.0,1.0,False,2025-08-23T14:00:00Z,2.0,0.0,2.0,False,27.0,0.0,0.0,0.0,1.0,0.0,0.0,0.0,0.0,0.0,0.0,0.0,15.0,9.0,23.4,4.0,3.6,0.0,6.0,2.0,8.0,0.0,0.04,0.05,0.09,0.66,50.0,-6114.0,33550.0,611.0,6725.0,547,Le Fée,Sunderland,Enzo,484420,,3,56,Enzo_Le Fée,90,Burnley,56,Sunderland,MID,17
1273,548.0,14.0,3.0,0.0,False,2025-08-23T14:00:00Z,2.0,0.0,2.0,False,0.0,0.0,0.0,0.0,0.0,0.0,0.0,0.0,0.0,0.0,0.0,0.0,0.0,0.0,0.0,0.0,0.0,0.0,0.0,0.0,0.0,0.0,0.0,0.0,0.0,0.0,50.0,-298.0,737.0,31.0,329.0,548,Mundle,Sunderland,Romaine,461199,Hamstring injury - Expected back 18 Oct,3,56,Romaine_Mundle,90,Burnley,56,Sunderland,MID,17
1274,549.0,14.0,3.0,0.0,False,2025-08-23T14:00:00Z,2.0,0.0,2.0,False,0.0,0.0,0.0,0.0,0.0,0.0,0.0,0.0,0.0,0.0,0.0,0.0,0.0,0.0,0.0,0.0,0.0,0.0,0.0,0.0,0.0,0.0,0.0,0.0,0.0,0.0,50.0,-578.0,3918.0,83.0,661.0,549,Neil,Sunderland,Dan,223336,,3,56,Dan_Neil,90,Burnley,56,Sunderland,MID,17
1275,550.0,14.0,3.0,0.0,False,2025-08-23T14:00:00Z,2.0,0.0,2.0,False,0.0,0.0,0.0,0.0,0.0,0.0,0.0,0.0,0.0,0.0,0.0,0.0,0.0,0.0,0.0,0.0,0.0,0.0,0.0,0.0,0.0,0.0,0.0,0.0,0.0,0.0,50.0,-455.0,2870.0,37.0,492.0,550,Poveda-Ocampo,Sunderland,Ian,215460,,3,56,Ian_Poveda-Ocampo,90,Burnley,56,Sunderland,MID,17
1276,551.0,14.0,3.0,0.0,False,2025-08-23T14:00:00Z,2.0,0.0,2.0,False,0.0,0.0,0.0,0.0,0.0,0.0,0.0,0.0,0.0,0.0,0.0,0.0,0.0,0.0,0.0,0.0,0.0,0.0,0.0,0.0,0.0,0.0,0.0,0.0,0.0,0.0,50.0,-870.0,6277.0,159.0,1029.0,551,Rigg,Sunderland,Chris,554197,,3,56,Chris_Rigg,90,Burnley,56,Sunderland,MID,17
1277,552.0,14.0,3.0,2.0,False,2025-08-23T14:00:00Z,2.0,0.0,2.0,False,90.0,0.0,0.0,0.0,2.0,0.0,0.0,0.0,0.0,0.0,0.0,0.0,13.0,9.4,9.5,4.0,2.3,2.0,0.0,2.0,4.0,1.0,0.0,0.08,0.08,1.0,50.0,302.0,5435.0,888.0,586.0,552,Sadiki,Sunderland,Noah,577669,,3,56,Noah_Sadiki,90,Burnley,56,Sunderland,MID,17
1278,553.0,14.0,3.0,2.0,False,2025-08-23T14:00:00Z,2.0,0.0,2.0,False,62.0,0.0,0.0,0.0,1.0,0.0,0.0,0.0,0.0,0.0,0.0,0.0,3.0,1.8,16.3,4.0,2.2,0.0,2.0,0.0,2.0,1.0,0.23,0.01,0.24,0.34,50.0,17921.0,42571.0,24244.0,6323.0,553,Talbi,Sunderland,Chemsdine,549912,,3,56,Chemsdine_Talbi,90,Burnley,56,Sunderland,MID,17
1279,554.0,14.0,3.0,0.0,False,2025-08-23T14:00:00Z,2.0,0.0,2.0,False,0.0,0.0,0.0,0.0,0.0,0.0,0.0,0.0,0.0,0.0,0.0,0.0,0.0,0.0,0.0,0.0,0.0,0.0,0.0,0.0,0.0,0.0,0.0,0.0,0.0,0.0,45.0,-2126.0,27253.0,1616.0,3742.0,554,Ba,Sunderland,Abdoullah,477851,,3,56,Abdoullah_Ba,90,Burnley,56,Sunderland,MID,17
1280,555.0,14.0,3.0,0.0,False,2025-08-23T14:00:00Z,2.0,0.0,2.0,False,0.0,0.0,0.0,0.0,0.0,0.0,0.0,0.0,0.0,0.0,0.0,0.0,0.0,0.0,0.0,0.0,0.0,0.0,0.0,0.0,0.0,0.0,0.0,0.0,0.0,0.0,45.0,-681.0,11036.0,806.0,1487.0,555,Browne,Sunderland,Alan,171422,,3,56,Alan_Browne,90,Burnley,56,Sunderland,MID,17
1281,556.0,14.0,3.0,0.0,False,2025-08-23T14:00:00Z,2.0,0.0,2.0,False,0.0,0.0,0.0,0.0,0.0,0.0,0.0,0.0,0.0,0.0,0.0,0.0,0.0,0.0,0.0,0.0,0.0,0.0,0.0,0.0,0.0,0.0,0.0,0.0,0.0,0.0,45.0,-681.0,1721.0,0.0,681.0,556,Ekwah Elimby,Sunderland,Pierre,458297,Has joined AS Saint-Etienne permanently.,3,56,Pierre_Ekwah Elimby,90,Burnley,56,Sunderland,MID,17
1282,557.0,14.0,3.0,0.0,False,2025-08-23T14:00:00Z,2.0,0.0,2.0,False,0.0,0.0,0.0,0.0,0.0,0.0,0.0,0.0,0.0,0.0,0.0,0.0,0.0,0.0,0.0,0.0,0.0,0.0,0.0,0.0,0.0,0.0,0.0,0.0,0.0,0.0,45.0,-495.0,7118.0,484.0,979.0,557,Jones,Sunderland,Harrison,547410,,3,56,Harrison_Jones,90,Burnley,56,Sunderland,MID,17
1283,558.0,14.0,3.0,0.0,False,2025-08-23T14:00:00Z,2.0,0.0,2.0,False,0.0,0.0,0.0,0.0,0.0,0.0,0.0,0.0,0.0,0.0,0.0,0.0,0.0,0.0,0.0,0.0,0.0,0.0,0.0,0.0,0.0,0.0,0.0,0.0,0.0,0.0,45.0,-1824.0,27922.0,2096.0,3920.0,558,Matete,Sunderland,Jay,493837,,3,56,Jay_Matete,90,Burnley,56,Sunderland,MID,17
1284,559.0,14.0,3.0,0.0,False,2025-08-23T14:00:00Z,2.0,0.0,2.0,False,0.0,0.0,0.0,0.0,0.0,0.0,0.0,0.0,0.0,0.0,0.0,0.0,0.0,0.0,0.0,0.0,0.0,0.0,0.0,0.0,0.0,0.0,0.0,0.0,0.0,0.0,45.0,-643.0,7780.0,347.0,990.0,559,Triantis,Sunderland,Nectarios,500696,,3,56,Nectarios_Triantis,90,Burnley,56,Sunderland,MID,17
1285,560.0,14.0,3.0,1.0,False,2025-08-23T14:00:00Z,2.0,0.0,2.0,False,27.0,0.0,0.0,0.0,1.0,0.0,0.0,0.0,0.0,0.0,0.0,0.0,0.0,0.0,0.0,4.0,0.4,0.0,0.0,0.0,0.0,0.0,0.0,0.0,0.0,0.66,55.0,8775.0,39536.0,13363.0,4588.0,560,Isidor,Sunderland,Wilson,437505,,4,56,Wilson_Isidor,90,Burnley,56,Sunderland,FWD,17
1286,561.0,14.0,3.0,2.0,False,2025-08-23T14:00:00Z,2.0,0.0,2.0,False,62.0,0.0,0.0,0.0,1.0,0.0,0.0,0.0,0.0,0.0,0.0,0.0,3.0,11.2,0.3,19.0,3.1,2.0,2.0,1.0,5.0,1.0,0.3,0.0,0.3,0.34,55.0,139236.0,231418.0,166506.0,27270.0,561,Mayenda Dossou,Sunderland,Eliezer,564406,,4,56,Eliezer_Mayenda Dossou,90,Burnley,56,Sunderland,FWD,17
1287,562.0,14.0,3.0,0.0,False,2025-08-23T14:00:00Z,2.0,0.0,2.0,False,0.0,0.0,0.0,0.0,0.0,0.0,0.0,0.0,0.0,0.0,0.0,0.0,0.0,0.0,0.0,0.0,0.0,0.0,0.0,0.0,0.0,0.0,0.0,0.0,0.0,0.0,45.0,-4047.0,59654.0,3399.0,7446.0,562,Abdullahi,Sunderland,Ahmed,611975,,4,56,Ahmed_Abdullahi,90,Burnley,56,Sunderland,FWD,17
1288,563.0,14.0,3.0,0.0,False,2025-08-23T14:00:00Z,2.0,0.0,2.0,False,0.0,0.0,0.0,0.0,0.0,0.0,0.0,0.0,0.0,0.0,0.0,0.0,0.0,0.0,0.0,0.0,0.0,0.0,0.0,0.0,0.0,0.0,0.0,0.0,0.0,0.0,45.0,-1435.0,20018.0,1147.0,2582.0,563,Silva Semedo,Sunderland,Luís Hemir,551153,,4,56,Luís Hemir_Silva Semedo,90,Burnley,56,Sunderland,FWD,17
1289,564.0,14.0,3.0,0.0,False,2025-08-23T14:00:00Z,2.0,0.0,2.0,False,0.0,0.0,0.0,0.0,0.0,0.0,0.0,0.0,0.0,0.0,0.0,0.0,0.0,0.0,0.0,0.0,0.0,0.0,0.0,0.0,0.0,0.0,0.0,0.0,0.0,0.0,45.0,-1551.0,23209.0,1529.0,3080.0,564,Rusyn,Sunderland,Nazarii,440955,,4,56,Nazarii_Rusyn,90,Burnley,56,Sunderland,FWD,17
1290,668.0,14.0,3.0,4.0,False,2025-08-23T14:00:00Z,2.0,0.0,2.0,False,90.0,0.0,0.0,0.0,2.0,0.0,0.0,0.0,0.0,0.0,0.0,0.0,14.0,19.6,22.1,3.0,4.5,5.0,6.0,2.0,13.0,1.0,0.05,0.06,0.11,1.0,50.0,3816.0,314622.0,32512.0,28696.0,668,Xhaka,Sunderland,Granit,84450,,3,56,Granit_Xhaka,90,Burnley,56,Sunderland,MID,17
1291,670.0,14.0,3.0,1.0,False,2025-08-23T14:00:00Z,2.0,0.0,2.0,False,90.0,0.0,0.0,0.0,2.0,0.0,0.0,0.0,0.0,0.0,0.0,0.0,0.0,4.2,0.0,0.0,0.4,1.0,8.0,0.0,0.0,1.0,0.0,0.0,0.0,1.0,45.0,55313.0,123146.0,67732.0,12419.0,670,Roefs,Sunderland,Robin,498016,,1,56,Robin_Roefs,90,Burnley,56,Sunderland,GKP,17
1292,678.0,14.0,3.0,0.0,False,2025-08-23T14:00:00Z,2.0,0.0,2.0,False,0.0,0.0,0.0,0.0,0.0,0.0,0.0,0.0,0.0,0.0,0.0,0.0,0.0,0.0,0.0,0.0,0.0,0.0,0.0,0.0,0.0,0.0,0.0,0.0,0.0,0.0,40.0,2264.0,82028.0,8642.0,6378.0,678,Masuaku,Sunderland,Arthur,105717,,2,56,Arthur_Masuaku,90,Burnley,56,Sunderland,DEF,17
1293,683.0,14.0,3.0,1.0,False,2025-08-23T14:00:00Z,2.0,0.0,2.0,False,90.0,0.0,0.0,0.0,2.0,0.0,0.0,0.0,0.0,0.0,0.0,0.0,9.0,25.0,5.7,10.0,4.1,7.0,6.0,2.0,9.0,1.0,0.06,0.02,0.08,1.0,40.0,22714.0,145305.0,34240.0,11526.0,683,Alderete,Sunderland,Omar,201895,,2,56,Omar_Alderete,90,Burnley,56,Sunderland,DEF,17
1294,694.0,14.0,3.0,0.0,False,2025-08-23T14:00:00Z,2.0,0.0,2.0,False,0.0,0.0,0.0,0.0,0.0,0.0,0.0,0.0,0.0,0.0,0.0,0.0,0.0,0.0,0.0,0.0,0.0,0.0,0.0,0.0,0.0,0.0,0.0,0.0,0.0,0.0,40.0,11355.0,33250.0,13663.0,2308.0,694,Mukiele,Sunderland,Nordi,200834,,2,56,Nordi_Mukiele,90,Burnley,56,Sunderland,DEF,17
1295,565.0,18.0,13.0,9.0,False,2025-08-23T11:30:00Z,0.0,2.0,2.0,False,90.0,0.0,0.0,1.0,0.0,0.0,0.0,0.0,0.0,0.0,4.0,2.0,30.0,28.4,0.0,0.0,2.8,1.0,6.0,0.0,0.0,1.0,0.0,0.01,0.01,1.55,50.0,-17476.0,460990.0,35158.0,52634.0,565,Vicario,Spurs,Guglielmo,184254,,1,6,Guglielmo_Vicario,43,Man City,6,Spurs,GKP,18
1296,566.0,18.0,13.0,0.0,False,2025-08-23T11:30:00Z,0.0,2.0,2.0,False,0.0,0.0,0.0,0.0,0.0,0.0,0.0,0.0,0.0,0.0,0.0,0.0,0.0,0.0,0.0,0.0,0.0,0.0,0.0,0.0,0.0,0.0,0.0,0.0,0.0,0.0,40.0,-1184.0,31627.0,728.0,1912.0,566,Austin,Spurs,Brandon,214572,,1,6,Brandon_Austin,43,Man City,6,Spurs,GKP,18
1297,567.0,18.0,13.0,0.0,False,2025-08-23T11:30:00Z,0.0,2.0,2.0,False,0.0,0.0,0.0,0.0,0.0,0.0,0.0,0.0,0.0,0.0,0.0,0.0,0.0,0.0,0.0,0.0,0.0,0.0,0.0,0.0,0.0,0.0,0.0,0.0,0.0,0.0,40.0,-9170.0,215184.0,3244.0,12414.0,567,Kinský,Spurs,Antonín,485055,,1,6,Antonín_Kinský,43,Man City,6,Spurs,GKP,18
1298,568.0,18.0,13.0,5.0,False,2025-08-23T11:30:00Z,0.0,2.0,2.0,False,90.0,0.0,0.0,1.0,0.0,0.0,0.0,0.0,1.0,0.0,0.0,0.0,20.0,15.2,33.4,8.0,5.7,5.0,4.0,1.0,6.0,1.0,0.08,0.13,0.21,1.55,55.0,-27284.0,2339191.0,123733.0,151017.0,568,Porro Sauceda,Spurs,Pedro,441164,,2,6,Pedro_Porro Sauceda,43,Man City,6,Spurs,DEF,18
1299,569.0,18.0,13.0,7.0,False,2025-08-23T11:30:00Z,0.0,2.0,2.0,False,90.0,0.0,0.0,1.0,0.0,0.0,0.0,0.0,1.0,0.0,0.0,0.0,28.0,20.6,0.3,2.0,2.3,7.0,6.0,3.0,10.0,1.0,0.0,0.0,0.0,1.55,50.0,-9520.0,388294.0,31375.0,40895.0,569,Romero,Spurs,Cristian,221632,,2,6,Cristian_Romero,43,Man City,6,Spurs,DEF,18
1300,570.0,18.0,13.0,1.0,False,2025-08-23T11:30:00Z,0.0,2.0,2.0,False,1.0,0.0,0.0,0.0,0.0,0.0,0.0,0.0,0.0,0.0,0.0,0.0,4.0,4.2,0.0,0.0,0.4,2.0,0.0,0.0,2.0,0.0,0.0,0.0,0.0,0.0,45.0,-4224.0,18440.0,840.0,5064.0,570,Danso,Spurs,Kevin,135720,,2,6,Kevin_Danso,43,Man City,6,Spurs,DEF,18
1301,571.0,18.0,13.0,0.0,False,2025-08-23T11:30:00Z,0.0,2.0,2.0,False,0.0,0.0,0.0,0.0,0.0,0.0,0.0,0.0,0.0,0.0,0.0,0.0,0.0,0.0,0.0,0.0,0.0,0.0,0.0,0.0,0.0,0.0,0.0,0.0,0.0,0.0,45.0,-1275.0,10317.0,353.0,1628.0,571,Davies,Spurs,Ben,115556,,2,6,Ben_Davies,43,Man City,6,Spurs,DEF,18
1302,572.0,18.0,13.0,0.0,False,2025-08-23T11:30:00Z,0.0,2.0,2.0,False,0.0,0.0,0.0,0.0,0.0,0.0,0.0,0.0,0.0,0.0,0.0,0.0,0.0,0.0,0.0,0.0,0.0,0.0,0.0,0.0,0.0,0.0,0.0,0.0,0.0,0.0,45.0,-61.0,555.0,54.0,115.0,572,Drăgușin,Spurs,Radu,493125,Knee injury - Unknown return date,2,6,Radu_Drăgușin,43,Man City,6,Spurs,DEF,18
1303,573.0,18.0,13.0,6.0,False,2025-08-23T11:30:00Z,0.0,2.0,2.0,False,90.0,0.0,0.0,1.0,0.0,0.0,0.0,0.0,0.0,0.0,0.0,0.0,19.0,10.4,2.6,2.0,1.5,4.0,4.0,2.0,6.0,1.0,0.0,0.02,0.02,1.55,45.0,3595.0,139080.0,17636.0,14041.0,573,Spence,Spurs,Djed,232859,,2,6,Djed_Spence,43,Man City,6,Spurs,DEF,18
1304,574.0,18.0,13.0,0.0,False,2025-08-23T11:30:00Z,0.0,2.0,2.0,False,0.0,0.0,0.0,0.0,0.0,0.0,0.0,0.0,0.0,0.0,0.0,0.0,0.0,0.0,0.0,0.0,0.0,0.0,0.0,0.0,0.0,0.0,0.0,0.0,0.0,0.0,45.0,-29999.0,57426.0,352.0,30351.0,574,Udogie,Spurs,Destiny,487053,Knee injury - Expected back 30 Aug,2,6,Destiny_Udogie,43,Man City,6,Spurs,DEF,18
1305,575.0,18.0,13.0,6.0,False,2025-08-23T11:30:00Z,0.0,2.0,2.0,False,90.0,0.0,0.0,1.0,0.0,0.0,0.0,0.0,0.0,0.0,0.0,0.0,26.0,12.6,0.7,0.0,1.3,3.0,3.0,1.0,4.0,1.0,0.0,0.0,0.0,1.55,45.0,32764.0,2898967.0,162434.0,129670.0,575,van de Ven,Spurs,Micky,491279,,2,6,Micky_van de Ven,43,Man City,6,Spurs,DEF,18
1306,576.0,18.0,13.0,0.0,False,2025-08-23T11:30:00Z,0.0,2.0,2.0,False,0.0,0.0,0.0,0.0,0.0,0.0,0.0,0.0,0.0,0.0,0.0,0.0,0.0,0.0,0.0,0.0,0.0,0.0,0.0,0.0,0.0,0.0,0.0,0.0,0.0,0.0,40.0,-710.0,2662.0,0.0,710.0,576,Phillips,Spurs,Ashley,548308,Has joined Stoke City on loan for the rest of the season.,2,6,Ashley_Phillips,43,Man City,6,Spurs,DEF,18
1307,577.0,18.0,13.0,0.0,False,2025-08-23T11:30:00Z,0.0,2.0,2.0,False,0.0,0.0,0.0,0.0,0.0,0.0,0.0,0.0,0.0,0.0,0.0,0.0,0.0,0.0,0.0,0.0,0.0,0.0,0.0,0.0,0.0,0.0,0.0,0.0,0.0,0.0,40.0,-2195.0,10809.0,115.0,2310.0,577,Kōta,Spurs,Takai,553299,Foot injury - Unknown return date,2,6,Takai_Kōta,43,Man City,6,Spurs,DEF,18
1308,578.0,18.0,13.0,0.0,False,2025-08-23T11:30:00Z,0.0,2.0,2.0,False,0.0,0.0,0.0,0.0,0.0,0.0,0.0,0.0,0.0,0.0,0.0,0.0,0.0,0.0,0.0,0.0,0.0,0.0,0.0,0.0,0.0,0.0,0.0,0.0,0.0,0.0,40.0,-8776.0,110839.0,3277.0,12053.0,578,Vušković,Spurs,Luka,610799,,2,6,Luka_Vušković,43,Man City,6,Spurs,DEF,18
1309,579.0,18.0,13.0,0.0,False,2025-08-23T11:30:00Z,0.0,2.0,2.0,False,0.0,0.0,0.0,0.0,0.0,0.0,0.0,0.0,0.0,0.0,0.0,0.0,0.0,0.0,0.0,0.0,0.0,0.0,0.0,0.0,0.0,0.0,0.0,0.0,0.0,0.0,85.0,-16786.0,23212.0,0.0,16786.0,579,Heung-min,Spurs,Son,85971,Has joined Los Angeles FC permanently.,3,6,Son_Heung-min,43,Man City,6,Spurs,MID,18
1310,580.0,18.0,13.0,9.0,False,2025-08-23T11:30:00Z,0.0,2.0,2.0,False,77.0,1.0,0.0,1.0,0.0,0.0,0.0,0.0,1.0,0.0,0.0,2.0,30.0,42.6,15.8,22.0,8.0,0.0,2.0,4.0,6.0,1.0,0.4,0.03,0.43,1.37,70.0,-18762.0,311751.0,21049.0,39811.0,580,Johnson,Spurs,Brennan,242898,,3,6,Brennan_Johnson,43,Man City,6,Spurs,MID,18
1311,581.0,18.0,13.0,0.0,False,2025-08-23T11:30:00Z,0.0,2.0,2.0,False,0.0,0.0,0.0,0.0,0.0,0.0,0.0,0.0,0.0,0.0,0.0,0.0,0.0,0.0,0.0,0.0,0.0,0.0,0.0,0.0,0.0,0.0,0.0,0.0,0.0,0.0,70.0,-12067.0,23231.0,134.0,12201.0,581,Maddison,Spurs,James,172780,Anterior cruciate ligament - Unknown return date,3,6,James_Maddison,43,Man City,6,Spurs,MID,18
1312,582.0,18.0,13.0,3.0,False,2025-08-23T11:30:00Z,0.0,2.0,2.0,False,85.0,0.0,0.0,1.0,0.0,0.0,0.0,0.0,0.0,0.0,0.0,0.0,14.0,11.4,18.9,2.0,3.2,0.0,6.0,3.0,9.0,1.0,0.0,0.09,0.09,1.55,65.0,242065.0,3000361.0,375604.0,133539.0,582,Kudus,Spurs,Mohammed,460842,,3,6,Mohammed_Kudus,43,Man City,6,Spurs,MID,18
1313,583.0,18.0,13.0,0.0,False,2025-08-23T11:30:00Z,0.0,2.0,2.0,False,0.0,0.0,0.0,0.0,0.0,0.0,0.0,0.0,0.0,0.0,0.0,0.0,0.0,0.0,0.0,0.0,0.0,0.0,0.0,0.0,0.0,0.0,0.0,0.0,0.0,0.0,65.0,-387.0,1690.0,103.0,490.0,583,Kulusevski,Spurs,Dejan,445044,Knee injury - Unknown return date,3,6,Dejan_Kulusevski,43,Man City,6,Spurs,MID,18
1314,584.0,18.0,13.0,0.0,False,2025-08-23T11:30:00Z,0.0,2.0,2.0,False,0.0,0.0,0.0,0.0,0.0,0.0,0.0,0.0,0.0,0.0,0.0,0.0,0.0,0.0,0.0,0.0,0.0,0.0,0.0,0.0,0.0,0.0,0.0,0.0,0.0,0.0,64.0,-3110.0,12622.0,605.0,3715.0,584,Tel,Spurs,Mathys,511499,,3,6,Mathys_Tel,43,Man City,6,Spurs,MID,18
1315,585.0,18.0,13.0,3.0,False,2025-08-23T11:30:00Z,0.0,2.0,2.0,False,90.0,0.0,0.0,1.0,0.0,0.0,0.0,0.0,0.0,0.0,0.0,0.0,14.0,11.4,12.2,2.0,2.6,3.0,6.0,2.0,11.0,1.0,0.0,0.0,0.0,1.55,55.0,-3074.0,15783.0,810.0,3884.0,585,Bentancur,Spurs,Rodrigo,202993,,3,6,Rodrigo_Bentancur,43,Man City,6,Spurs,MID,18
1316,586.0,18.0,13.0,1.0,False,2025-08-23T11:30:00Z,0.0,2.0,2.0,False,4.0,0.0,0.0,0.0,0.0,0.0,0.0,0.0,0.0,0.0,0.0,0.0,5.0,8.0,10.5,2.0,2.1,3.0,0.0,0.0,3.0,0.0,0.0,0.05,0.05,0.0,55.0,-1221.0,16821.0,1022.0,2243.0,586,Bergvall,Spurs,Lucas,570526,,3,6,Lucas_Bergvall,43,Man City,6,Spurs,MID,18
1317,587.0,18.0,13.0,0.0,False,2025-08-23T11:30:00Z,0.0,2.0,2.0,False,0.0,0.0,0.0,0.0,0.0,0.0,0.0,0.0,0.0,0.0,0.0,0.0,0.0,0.0,0.0,0.0,0.0,0.0,0.0,0.0,0.0,0.0,0.0,0.0,0.0,0.0,54.0,-3318.0,13259.0,643.0,3961.0,587,Bissouma,Spurs,Yves,227127,Knock - Unknown return date,3,6,Yves_Bissouma,43,Man City,6,Spurs,MID,18
1318,588.0,18.0,13.0,1.0,False,2025-08-23T11:30:00Z,0.0,2.0,2.0,False,12.0,0.0,0.0,0.0,0.0,0.0,0.0,0.0,0.0,0.0,0.0,0.0,1.0,2.4,0.3,21.0,2.4,0.0,2.0,0.0,2.0,0.0,0.25,0.0,0.25,0.18,55.0,-787.0,3526.0,124.0,911.0,588,Odobert,Spurs,Wilson,550839,,3,6,Wilson_Odobert,43,Man City,6,Spurs,MID,18
1319,589.0,18.0,13.0,0.0,False,2025-08-23T11:30:00Z,0.0,2.0,2.0,False,0.0,0.0,0.0,0.0,0.0,0.0,0.0,0.0,0.0,0.0,0.0,0.0,0.0,0.0,0.0,0.0,0.0,0.0,0.0,0.0,0.0,0.0,0.0,0.0,0.0,0.0,55.0,-521.0,1474.0,28.0,549.0,589,Solomon,Spurs,Manor,235674,Calf injury - 50% chance of playing,3,6,Manor_Solomon,43,Man City,6,Spurs,MID,18
1320,590.0,18.0,13.0,0.0,False,2025-08-23T11:30:00Z,0.0,2.0,2.0,False,0.0,0.0,0.0,0.0,0.0,0.0,0.0,0.0,0.0,0.0,0.0,0.0,0.0,0.0,0.0,0.0,0.0,0.0,0.0,0.0,0.0,0.0,0.0,0.0,0.0,0.0,50.0,-802.0,5170.0,130.0,932.0,590,Gil Salvatierra,Spurs,Bryan,436234,,3,6,Bryan_Gil Salvatierra,43,Man City,6,Spurs,MID,18
1321,591.0,18.0,13.0,0.0,False,2025-08-23T11:30:00Z,0.0,2.0,2.0,False,0.0,0.0,0.0,0.0,0.0,0.0,0.0,0.0,0.0,0.0,0.0,0.0,0.0,0.0,0.0,0.0,0.0,0.0,0.0,0.0,0.0,0.0,0.0,0.0,0.0,0.0,50.0,-1100.0,15870.0,999.0,2099.0,591,Gray,Spurs,Archie,547701,,3,6,Archie_Gray,43,Man City,6,Spurs,MID,18
1322,592.0,18.0,13.0,0.0,False,2025-08-23T11:30:00Z,0.0,2.0,2.0,False,0.0,0.0,0.0,0.0,0.0,0.0,0.0,0.0,0.0,0.0,0.0,0.0,0.0,0.0,0.0,0.0,0.0,0.0,0.0,0.0,0.0,0.0,0.0,0.0,0.0,0.0,50.0,-348.0,735.0,0.0,348.0,592,Moore,Spurs,Mikey,499721,Has joined Rangers on loan for the rest of the season.,3,6,Mikey_Moore,43,Man City,6,Spurs,MID,18
1323,593.0,18.0,13.0,3.0,False,2025-08-23T11:30:00Z,0.0,2.0,2.0,False,90.0,0.0,0.0,1.0,0.0,0.0,0.0,0.0,0.0,0.0,0.0,0.0,7.0,6.2,1.5,19.0,2.7,1.0,6.0,2.0,9.0,1.0,0.03,0.01,0.04,1.55,50.0,3187.0,296195.0,42228.0,39041.0,593,Sarr,Spurs,Pape Matar,482442,,3,6,Pape Matar_Sarr,43,Man City,6,Spurs,MID,18
1324,594.0,18.0,13.0,0.0,False,2025-08-23T11:30:00Z,0.0,2.0,2.0,False,0.0,0.0,0.0,0.0,0.0,0.0,0.0,0.0,0.0,0.0,0.0,0.0,0.0,0.0,0.0,0.0,0.0,0.0,0.0,0.0,0.0,0.0,0.0,0.0,0.0,0.0,45.0,-1148.0,3004.0,0.0,1148.0,594,Min-hyeok,Spurs,Yang,623095,Has joined Portsmouth on loan for the rest of the season.,3,6,Yang_Min-hyeok,43,Man City,6,Spurs,MID,18
1325,595.0,18.0,13.0,0.0,False,2025-08-23T11:30:00Z,0.0,2.0,2.0,False,0.0,0.0,0.0,0.0,0.0,0.0,0.0,0.0,0.0,0.0,0.0,0.0,0.0,0.0,0.0,0.0,0.0,0.0,0.0,0.0,0.0,0.0,0.0,0.0,0.0,0.0,45.0,-1919.0,20444.0,1071.0,2990.0,595,Olusesi,Spurs,Callum,499726,,3,6,Callum_Olusesi,43,Man City,6,Spurs,MID,18
1326,596.0,18.0,13.0,1.0,False,2025-08-23T11:30:00Z,0.0,2.0,2.0,False,12.0,0.0,0.0,0.0,0.0,0.0,0.0,0.0,0.0,0.0,0.0,0.0,5.0,4.0,0.0,19.0,2.3,1.0,0.0,0.0,1.0,0.0,0.12,0.0,0.12,0.18,74.0,-125689.0,372452.0,10133.0,135822.0,596,Solanke-Mitchell,Spurs,Dominic,154566,,4,6,Dominic_Solanke-Mitchell,43,Man City,6,Spurs,FWD,18
1327,597.0,18.0,13.0,4.0,False,2025-08-23T11:30:00Z,0.0,2.0,2.0,False,77.0,0.0,1.0,1.0,0.0,0.0,0.0,0.0,1.0,0.0,0.0,0.0,18.0,17.0,10.8,23.0,5.1,2.0,4.0,2.0,8.0,1.0,0.1,0.11,0.21,1.37,66.0,276300.0,701642.0,337368.0,61068.0,597,de Andrade,Spurs,Richarlison,212319,,4,6,Richarlison_de Andrade,43,Man City,6,Spurs,FWD,18
1328,598.0,18.0,13.0,0.0,False,2025-08-23T11:30:00Z,0.0,2.0,2.0,False,0.0,0.0,0.0,0.0,0.0,0.0,0.0,0.0,0.0,0.0,0.0,0.0,0.0,0.0,0.0,0.0,0.0,0.0,0.0,0.0,0.0,0.0,0.0,0.0,0.0,0.0,45.0,-1957.0,5767.0,0.0,1957.0,598,Lankshear,Spurs,Will,552427,Has joined Oxford United on loan for the rest of the season.,4,6,Will_Lankshear,43,Man City,6,Spurs,FWD,18
1329,599.0,18.0,13.0,0.0,False,2025-08-23T11:30:00Z,0.0,2.0,2.0,False,0.0,0.0,0.0,0.0,0.0,0.0,0.0,0.0,0.0,0.0,0.0,0.0,0.0,0.0,0.0,0.0,0.0,0.0,0.0,0.0,0.0,0.0,0.0,0.0,0.0,0.0,45.0,-5832.0,86020.0,6172.0,12004.0,599,Scarlett,Spurs,Dane,490145,,4,6,Dane_Scarlett,43,Man City,6,Spurs,FWD,18
1330,673.0,18.0,13.0,11.0,False,2025-08-23T11:30:00Z,0.0,2.0,2.0,False,90.0,1.0,0.0,1.0,0.0,0.0,0.0,0.0,0.0,0.0,0.0,3.0,31.0,49.8,0.7,19.0,7.0,3.0,2.0,4.0,9.0,1.0,0.14,0.0,0.14,1.55,55.0,-8380.0,34631.0,1239.0,9619.0,673,Lobo Alves Palhares Costa Palhinha Gonçalves,Spurs,João Maria,154296,,3,6,João Maria_Lobo Alves Palhares Costa Palhinha Gonçalves,43,Man City,6,Spurs,MID,18
1331,600.0,20.0,7.0,0.0,True,2025-08-22T19:00:00Z,1.0,5.0,2.0,False,0.0,0.0,0.0,0.0,0.0,0.0,0.0,0.0,0.0,0.0,0.0,0.0,0.0,0.0,0.0,0.0,0.0,0.0,0.0,0.0,0.0,0.0,0.0,0.0,0.0,0.0,45.0,-69316.0,420620.0,5994.0,75310.0,600,Areola,West Ham,Alphonse,84182,,1,21,Alphonse_Areola,8,Chelsea,21,West Ham,GKP,19
1332,601.0,20.0,7.0,0.0,True,2025-08-22T19:00:00Z,1.0,5.0,2.0,False,0.0,0.0,0.0,0.0,0.0,0.0,0.0,0.0,0.0,0.0,0.0,0.0,0.0,0.0,0.0,0.0,0.0,0.0,0.0,0.0,0.0,0.0,0.0,0.0,0.0,0.0,40.0,-1580.0,63056.0,1873.0,3453.0,601,Foderingham,West Ham,Wes,82143,,1,21,Wes_Foderingham,8,Chelsea,21,West Ham,GKP,19
1333,602.0,20.0,7.0,0.0,True,2025-08-22T19:00:00Z,1.0,5.0,2.0,False,0.0,0.0,0.0,0.0,0.0,0.0,0.0,0.0,0.0,0.0,0.0,0.0,0.0,0.0,0.0,0.0,0.0,0.0,0.0,0.0,0.0,0.0,0.0,0.0,0.0,0.0,40.0,-936.0,29885.0,454.0,1390.0,602,Hegyi,West Ham,Krisztián,483364,,1,21,Krisztián_Hegyi,8,Chelsea,21,West Ham,GKP,19
1334,603.0,20.0,7.0,3.0,True,2025-08-22T19:00:00Z,1.0,5.0,2.0,False,90.0,0.0,1.0,0.0,5.0,0.0,0.0,0.0,0.0,0.0,0.0,0.0,-1.0,20.6,12.7,2.0,3.5,3.0,5.0,1.0,4.0,1.0,0.0,0.01,0.01,2.74,45.0,-74812.0,695709.0,10353.0,85165.0,603,Diouf,West Ham,El Hadji Malick,613804,,2,21,El Hadji Malick_Diouf,8,Chelsea,21,West Ham,DEF,19
1335,604.0,20.0,7.0,0.0,True,2025-08-22T19:00:00Z,1.0,5.0,2.0,False,0.0,0.0,0.0,0.0,0.0,0.0,0.0,0.0,0.0,0.0,0.0,0.0,0.0,0.0,0.0,0.0,0.0,0.0,0.0,0.0,0.0,0.0,0.0,0.0,0.0,0.0,45.0,-3870.0,19958.0,388.0,4258.0,604,Palmieri dos Santos,West Ham,Emerson,109533,,2,21,Emerson_Palmieri dos Santos,8,Chelsea,21,West Ham,DEF,19
1336,605.0,20.0,7.0,0.0,True,2025-08-22T19:00:00Z,1.0,5.0,2.0,False,90.0,0.0,0.0,0.0,5.0,0.0,0.0,0.0,0.0,0.0,0.0,0.0,-18.0,4.0,0.3,7.0,1.1,5.0,1.0,0.0,5.0,1.0,0.19,0.0,0.19,2.74,45.0,-6376.0,26589.0,397.0,6773.0,605,Kilman,West Ham,Maximilian,214048,,2,21,Maximilian_Kilman,8,Chelsea,21,West Ham,DEF,19
1337,606.0,20.0,7.0,0.0,True,2025-08-22T19:00:00Z,1.0,5.0,2.0,False,0.0,0.0,0.0,0.0,0.0,0.0,0.0,0.0,0.0,0.0,0.0,0.0,0.0,0.0,0.0,0.0,0.0,0.0,0.0,0.0,0.0,0.0,0.0,0.0,0.0,0.0,45.0,-846.0,5669.0,117.0,963.0,606,Mavropanos,West Ham,Konstantinos,233963,,2,21,Konstantinos_Mavropanos,8,Chelsea,21,West Ham,DEF,19
1338,607.0,20.0,7.0,2.0,True,2025-08-22T19:00:00Z,1.0,5.0,2.0,False,90.0,0.0,0.0,0.0,5.0,0.0,0.0,0.0,0.0,0.0,0.0,0.0,-2.0,24.4,0.9,8.0,3.3,12.0,4.0,1.0,13.0,1.0,0.1,0.01,0.11,2.74,45.0,-1390.0,13110.0,526.0,1916.0,607,Aguerd,West Ham,Nayef,210494,,2,21,Nayef_Aguerd,8,Chelsea,21,West Ham,DEF,19
1339,608.0,20.0,7.0,0.0,True,2025-08-22T19:00:00Z,1.0,5.0,2.0,False,0.0,0.0,0.0,0.0,0.0,0.0,0.0,0.0,0.0,0.0,0.0,0.0,0.0,0.0,0.0,0.0,0.0,0.0,0.0,0.0,0.0,0.0,0.0,0.0,0.0,0.0,45.0,-505.0,3788.0,63.0,568.0,608,Scarles,West Ham,Ollie,536109,,2,21,Ollie_Scarles,8,Chelsea,21,West Ham,DEF,19
1340,609.0,20.0,7.0,0.0,True,2025-08-22T19:00:00Z,1.0,5.0,2.0,False,45.0,0.0,0.0,0.0,3.0,0.0,0.0,0.0,0.0,0.0,0.0,0.0,-9.0,5.4,0.3,0.0,0.6,3.0,0.0,0.0,3.0,1.0,0.0,0.0,0.0,1.62,45.0,-1760.0,13511.0,543.0,2303.0,609,Todibo,West Ham,Jean-Clair,462116,,2,21,Jean-Clair_Todibo,8,Chelsea,21,West Ham,DEF,19
1341,610.0,20.0,7.0,0.0,True,2025-08-22T19:00:00Z,1.0,5.0,2.0,False,90.0,0.0,0.0,0.0,5.0,0.0,0.0,0.0,0.0,0.0,0.0,0.0,-8.0,17.0,19.8,0.0,3.7,5.0,2.0,0.0,5.0,1.0,0.0,0.06,0.06,2.74,45.0,-257314.0,2297122.0,26509.0,283823.0,610,Wan-Bissaka,West Ham,Aaron,214590,,2,21,Aaron_Wan-Bissaka,8,Chelsea,21,West Ham,DEF,19
1342,611.0,20.0,7.0,0.0,True,2025-08-22T19:00:00Z,1.0,5.0,2.0,False,0.0,0.0,0.0,0.0,0.0,0.0,0.0,0.0,0.0,0.0,0.0,0.0,0.0,0.0,0.0,0.0,0.0,0.0,0.0,0.0,0.0,0.0,0.0,0.0,0.0,0.0,40.0,-3731.0,17316.0,0.0,3731.0,611,Casey,West Ham,Kaelan,518438,Has joined Swansea City on loan for the rest of the season.,2,21,Kaelan_Casey,8,Chelsea,21,West Ham,DEF,19
1343,612.0,20.0,7.0,9.0,True,2025-08-22T19:00:00Z,1.0,5.0,2.0,False,90.0,1.0,0.0,0.0,5.0,0.0,0.0,0.0,0.0,0.0,0.0,2.0,39.0,54.4,18.3,14.0,8.7,1.0,5.0,5.0,11.0,1.0,0.07,0.09,0.16,2.74,59.0,-28045.0,91594.0,3894.0,31939.0,612,Tolentino Coelho de Lima,West Ham,Lucas,224024,,3,21,Lucas_Tolentino Coelho de Lima,8,Chelsea,21,West Ham,MID,19
1344,613.0,20.0,7.0,2.0,True,2025-08-22T19:00:00Z,1.0,5.0,2.0,False,69.0,0.0,0.0,0.0,5.0,0.0,0.0,0.0,0.0,0.0,0.0,0.0,8.0,6.0,0.7,22.0,2.9,1.0,4.0,1.0,6.0,1.0,0.09,0.0,0.09,2.43,59.0,-24023.0,74413.0,682.0,24705.0,613,Souček,West Ham,Tomáš,215439,,3,21,Tomáš_Souček,8,Chelsea,21,West Ham,MID,19
1345,614.0,20.0,7.0,2.0,True,2025-08-22T19:00:00Z,1.0,5.0,2.0,False,90.0,0.0,0.0,0.0,5.0,0.0,0.0,0.0,0.0,0.0,0.0,0.0,23.0,17.6,58.6,2.0,7.8,3.0,1.0,2.0,6.0,1.0,0.11,0.31,0.42,2.74,60.0,-7551.0,36510.0,1537.0,9088.0,614,Ward-Prowse,West Ham,James,101178,,3,21,James_Ward-Prowse,8,Chelsea,21,West Ham,MID,19
1346,615.0,20.0,7.0,0.0,True,2025-08-22T19:00:00Z,1.0,5.0,2.0,False,0.0,0.0,0.0,0.0,0.0,0.0,0.0,0.0,0.0,0.0,0.0,0.0,0.0,0.0,0.0,0.0,0.0,0.0,0.0,0.0,0.0,0.0,0.0,0.0,0.0,0.0,55.0,-212.0,799.0,57.0,269.0,615,Summerville,West Ham,Crysencio,450070,Hamstring injury - Unknown return date,3,21,Crysencio_Summerville,8,Chelsea,21,West Ham,MID,19
1347,616.0,20.0,7.0,0.0,True,2025-08-22T19:00:00Z,1.0,5.0,2.0,False,0.0,0.0,0.0,0.0,0.0,0.0,0.0,0.0,0.0,0.0,0.0,0.0,0.0,0.0,0.0,0.0,0.0,0.0,0.0,0.0,0.0,0.0,0.0,0.0,0.0,0.0,50.0,-3080.0,16813.0,537.0,3617.0,616,Álvarez Velázquez,West Ham,Edson,213999,,3,21,Edson_Álvarez Velázquez,8,Chelsea,21,West Ham,MID,19
1348,617.0,20.0,7.0,0.0,True,2025-08-22T19:00:00Z,1.0,5.0,2.0,False,0.0,0.0,0.0,0.0,0.0,0.0,0.0,0.0,0.0,0.0,0.0,0.0,0.0,0.0,0.0,0.0,0.0,0.0,0.0,0.0,0.0,0.0,0.0,0.0,0.0,0.0,50.0,-644.0,3742.0,57.0,701.0,617,Cornet,West Ham,Maxwel,149519,,3,21,Maxwel_Cornet,8,Chelsea,21,West Ham,MID,19
1349,618.0,20.0,7.0,0.0,True,2025-08-22T19:00:00Z,1.0,5.0,2.0,False,0.0,0.0,0.0,0.0,0.0,0.0,0.0,0.0,0.0,0.0,0.0,0.0,0.0,0.0,0.0,0.0,0.0,0.0,0.0,0.0,0.0,0.0,0.0,0.0,0.0,0.0,50.0,-496.0,6011.0,257.0,753.0,618,Rodríguez,West Ham,Guido,197024,,3,21,Guido_Rodríguez,8,Chelsea,21,West Ham,MID,19
1350,619.0,20.0,7.0,0.0,True,2025-08-22T19:00:00Z,1.0,5.0,2.0,False,0.0,0.0,0.0,0.0,0.0,0.0,0.0,0.0,0.0,0.0,0.0,0.0,0.0,0.0,0.0,0.0,0.0,0.0,0.0,0.0,0.0,0.0,0.0,0.0,0.0,0.0,50.0,-685.0,3226.0,38.0,723.0,619,Lira dos Santos,West Ham,Luis Guilherme,577114,Shoulder injury - Unknown return date,3,21,Luis Guilherme_Lira dos Santos,8,Chelsea,21,West Ham,MID,19
1351,620.0,20.0,7.0,0.0,True,2025-08-22T19:00:00Z,1.0,5.0,2.0,False,0.0,0.0,0.0,0.0,0.0,0.0,0.0,0.0,0.0,0.0,0.0,0.0,0.0,0.0,0.0,0.0,0.0,0.0,0.0,0.0,0.0,0.0,0.0,0.0,0.0,0.0,45.0,-1874.0,7131.0,130.0,2004.0,620,Earthy,West Ham,George,490885,,3,21,George_Earthy,8,Chelsea,21,West Ham,MID,19
1352,621.0,20.0,7.0,0.0,True,2025-08-22T19:00:00Z,1.0,5.0,2.0,False,0.0,0.0,0.0,0.0,0.0,0.0,0.0,0.0,0.0,0.0,0.0,0.0,0.0,0.0,0.0,0.0,0.0,0.0,0.0,0.0,0.0,0.0,0.0,0.0,0.0,0.0,45.0,-345.0,33076.0,3264.0,3609.0,621,Irving,West Ham,Andy,229384,,3,21,Andy_Irving,8,Chelsea,21,West Ham,MID,19
1353,622.0,20.0,7.0,0.0,True,2025-08-22T19:00:00Z,1.0,5.0,2.0,False,0.0,0.0,0.0,0.0,0.0,0.0,0.0,0.0,0.0,0.0,0.0,0.0,0.0,0.0,0.0,0.0,0.0,0.0,0.0,0.0,0.0,0.0,0.0,0.0,0.0,0.0,45.0,-1509.0,15271.0,561.0,2070.0,622,Orford,West Ham,Lewis,518442,,3,21,Lewis_Orford,8,Chelsea,21,West Ham,MID,19
1354,623.0,20.0,7.0,1.0,True,2025-08-22T19:00:00Z,1.0,5.0,2.0,False,45.0,0.0,0.0,0.0,2.0,0.0,0.0,0.0,0.0,0.0,0.0,0.0,2.0,6.2,2.2,2.0,1.0,1.0,2.0,1.0,4.0,0.0,0.0,0.0,0.0,1.12,45.0,-6500.0,73871.0,2428.0,8928.0,623,Potts,West Ham,Freddie,490142,,3,21,Freddie_Potts,8,Chelsea,21,West Ham,MID,19
1355,624.0,20.0,7.0,2.0,True,2025-08-22T19:00:00Z,1.0,5.0,2.0,False,90.0,0.0,0.0,0.0,5.0,0.0,0.0,0.0,0.0,0.0,0.0,0.0,10.0,9.8,21.2,30.0,6.1,0.0,1.0,0.0,1.0,1.0,0.09,0.11,0.2,2.74,79.0,-408401.0,1333270.0,19258.0,427659.0,624,Bowen,West Ham,Jarrod,178186,,4,21,Jarrod_Bowen,8,Chelsea,21,West Ham,FWD,19
1356,625.0,20.0,7.0,1.0,True,2025-08-22T19:00:00Z,1.0,5.0,2.0,False,45.0,0.0,0.0,0.0,3.0,0.0,0.0,0.0,0.0,0.0,0.0,0.0,3.0,1.2,10.5,2.0,1.4,0.0,1.0,0.0,1.0,1.0,0.0,0.02,0.02,1.62,60.0,-62462.0,326239.0,11240.0,73702.0,625,Füllkrug,West Ham,Niclas,91889,,4,21,Niclas_Füllkrug,8,Chelsea,21,West Ham,FWD,19
1357,626.0,20.0,7.0,0.0,True,2025-08-22T19:00:00Z,1.0,5.0,2.0,False,0.0,0.0,0.0,0.0,0.0,0.0,0.0,0.0,0.0,0.0,0.0,0.0,0.0,0.0,0.0,0.0,0.0,0.0,0.0,0.0,0.0,0.0,0.0,0.0,0.0,0.0,45.0,-3821.0,80314.0,7245.0,11066.0,626,Marshall,West Ham,Callum,565431,,4,21,Callum_Marshall,8,Chelsea,21,West Ham,FWD,19
1358,659.0,20.0,7.0,1.0,True,2025-08-22T19:00:00Z,1.0,5.0,2.0,False,20.0,0.0,0.0,0.0,0.0,0.0,0.0,0.0,0.0,0.0,0.0,0.0,3.0,0.0,1.6,6.0,0.7,0.0,1.0,0.0,0.0,0.0,0.04,0.0,0.04,0.31,45.0,-5192.0,41219.0,903.0,6095.0,659,Walker-Peters,West Ham,Kyle,158534,,2,21,Kyle_Walker-Peters,8,Chelsea,21,West Ham,DEF,19
1359,671.0,20.0,7.0,1.0,True,2025-08-22T19:00:00Z,1.0,5.0,2.0,False,45.0,0.0,0.0,0.0,2.0,0.0,0.0,0.0,0.0,0.0,0.0,0.0,1.0,2.4,11.8,8.0,2.2,1.0,0.0,0.0,1.0,0.0,0.03,0.04,0.07,1.12,60.0,-7812.0,47744.0,2054.0,9866.0,671,Wilson,West Ham,Callum,75115,,4,21,Callum_Wilson,8,Chelsea,21,West Ham,FWD,19
1360,679.0,20.0,7.0,0.0,True,2025-08-22T19:00:00Z,1.0,5.0,2.0,False,90.0,0.0,0.0,0.0,5.0,0.0,0.0,0.0,0.0,0.0,2.0,0.0,-8.0,16.8,0.0,0.0,1.7,2.0,7.0,0.0,0.0,1.0,0.0,0.0,0.0,2.74,45.0,-1083.0,37054.0,2414.0,3497.0,679,Hermansen,West Ham,Mads,467189,,1,21,Mads_Hermansen,8,Chelsea,21,West Ham,GKP,19
1361,627.0,12.0,4.0,0.0,False,2025-08-23T14:00:00Z,1.0,0.0,2.0,False,0.0,0.0,0.0,0.0,0.0,0.0,0.0,0.0,0.0,0.0,0.0,0.0,0.0,0.0,0.0,0.0,0.0,0.0,0.0,0.0,0.0,0.0,0.0,0.0,0.0,0.0,45.0,-657.0,15509.0,540.0,1197.0,627,Johnstone,Wolves,Sam,101982,,1,39,Sam_Johnstone,91,Bournemouth,39,Wolves,GKP,20
1362,628.0,12.0,4.0,3.0,False,2025-08-23T14:00:00Z,1.0,0.0,2.0,False,90.0,0.0,0.0,0.0,1.0,0.0,0.0,0.0,0.0,0.0,3.0,0.0,14.0,21.0,10.0,0.0,3.1,1.0,12.0,0.0,0.0,1.0,0.0,0.03,0.03,1.29,45.0,-7378.0,207990.0,6649.0,14027.0,628,Malheiro de Sá,Wolves,José,149065,,1,39,José_Malheiro de Sá,91,Bournemouth,39,Wolves,GKP,20
1363,629.0,12.0,4.0,0.0,False,2025-08-23T14:00:00Z,1.0,0.0,2.0,False,0.0,0.0,0.0,0.0,0.0,0.0,0.0,0.0,0.0,0.0,0.0,0.0,0.0,0.0,0.0,0.0,0.0,0.0,0.0,0.0,0.0,0.0,0.0,0.0,0.0,0.0,40.0,-1368.0,83080.0,2124.0,3492.0,629,Bentley,Wolves,Daniel,79602,,1,39,Daniel_Bentley,91,Bournemouth,39,Wolves,GKP,20
1364,631.0,12.0,4.0,4.0,False,2025-08-23T14:00:00Z,1.0,0.0,2.0,False,90.0,0.0,0.0,0.0,1.0,0.0,0.0,0.0,0.0,0.0,0.0,0.0,17.0,36.0,0.7,4.0,4.1,12.0,3.0,2.0,14.0,1.0,0.1,0.03,0.13,1.29,45.0,517.0,47559.0,3083.0,2566.0,631,Agbadou,Wolves,Emmanuel,516939,,2,39,Emmanuel_Agbadou,91,Bournemouth,39,Wolves,DEF,20
1365,632.0,12.0,4.0,1.0,False,2025-08-23T14:00:00Z,1.0,0.0,2.0,False,90.0,0.0,0.0,0.0,1.0,0.0,0.0,0.0,1.0,0.0,0.0,0.0,5.0,19.2,1.8,0.0,2.1,6.0,2.0,3.0,9.0,1.0,0.0,0.02,0.02,1.29,45.0,-952.0,20599.0,1050.0,2002.0,632,Doherty,Wolves,Matt,87835,,2,39,Matt_Doherty,91,Bournemouth,39,Wolves,DEF,20
1366,633.0,12.0,4.0,0.0,False,2025-08-23T14:00:00Z,1.0,0.0,2.0,False,45.0,0.0,0.0,0.0,0.0,0.0,0.0,0.0,1.0,0.0,0.0,0.0,3.0,5.6,18.7,5.0,2.9,2.0,1.0,1.0,3.0,0.0,0.06,0.1,0.16,0.57,45.0,41.0,9303.0,840.0,799.0,633,Bueno López,Wolves,Hugo,490721,,2,39,Hugo_Bueno López,91,Bournemouth,39,Wolves,DEF,20
1367,634.0,12.0,4.0,0.0,False,2025-08-23T14:00:00Z,1.0,0.0,2.0,False,0.0,0.0,0.0,0.0,0.0,0.0,0.0,0.0,0.0,0.0,0.0,0.0,0.0,0.0,0.0,0.0,0.0,0.0,0.0,0.0,0.0,0.0,0.0,0.0,0.0,0.0,45.0,-605.0,5972.0,197.0,802.0,634,Mosquera Valdelamar,Wolves,Yerson,501837,,2,39,Yerson_Mosquera Valdelamar,91,Bournemouth,39,Wolves,DEF,20
1368,635.0,12.0,4.0,0.0,False,2025-08-23T14:00:00Z,1.0,0.0,2.0,False,0.0,0.0,0.0,0.0,0.0,0.0,0.0,0.0,0.0,0.0,0.0,0.0,0.0,0.0,0.0,0.0,0.0,0.0,0.0,0.0,0.0,0.0,0.0,0.0,0.0,0.0,45.0,-117.0,9086.0,664.0,781.0,635,Martins Gomes,Wolves,Rodrigo,483081,,2,39,Rodrigo_Martins Gomes,91,Bournemouth,39,Wolves,DEF,20
1369,636.0,12.0,4.0,1.0,False,2025-08-23T14:00:00Z,1.0,0.0,2.0,False,34.0,0.0,0.0,0.0,0.0,0.0,0.0,0.0,0.0,0.0,0.0,0.0,6.0,12.0,0.2,0.0,1.2,2.0,1.0,2.0,4.0,0.0,0.0,0.0,0.0,0.46,45.0,-570.0,5492.0,108.0,678.0,636,Ignacio Bueno,Wolves,Santiago,231480,,2,39,Santiago_Ignacio Bueno,91,Bournemouth,39,Wolves,DEF,20
1370,637.0,12.0,4.0,-2.0,False,2025-08-23T14:00:00Z,1.0,0.0,2.0,False,48.0,0.0,0.0,0.0,1.0,0.0,0.0,0.0,0.0,1.0,0.0,0.0,-9.0,7.6,0.6,0.0,0.8,6.0,2.0,0.0,6.0,1.0,0.0,0.0,0.0,0.72,45.0,-968.0,17890.0,882.0,1850.0,637,Gomes,Wolves,Toti,510362,,2,39,Toti_Gomes,91,Bournemouth,39,Wolves,DEF,20
1371,638.0,12.0,4.0,1.0,False,2025-08-23T14:00:00Z,1.0,0.0,2.0,False,34.0,0.0,0.0,0.0,1.0,0.0,0.0,0.0,0.0,0.0,0.0,0.0,1.0,5.2,14.4,2.0,2.2,1.0,0.0,0.0,1.0,1.0,0.0,0.1,0.1,0.63,40.0,1048.0,250342.0,17209.0,16161.0,638,Hoever,Wolves,Ki-Jana,441271,Knock - 75% chance of playing,2,39,Ki-Jana_Hoever,91,Bournemouth,39,Wolves,DEF,20
1372,639.0,12.0,4.0,0.0,False,2025-08-23T14:00:00Z,1.0,0.0,2.0,False,0.0,0.0,0.0,0.0,0.0,0.0,0.0,0.0,0.0,0.0,0.0,0.0,0.0,0.0,0.0,0.0,0.0,0.0,0.0,0.0,0.0,0.0,0.0,0.0,0.0,0.0,40.0,-226.0,1420.0,0.0,226.0,639,Meupiyou Menadjou,Wolves,Bastien,560248,On loan to FC Alverca,2,39,Bastien_Meupiyou Menadjou,91,Bournemouth,39,Wolves,DEF,20
1373,640.0,12.0,4.0,0.0,False,2025-08-23T14:00:00Z,1.0,0.0,2.0,False,0.0,0.0,0.0,0.0,0.0,0.0,0.0,0.0,0.0,0.0,0.0,0.0,0.0,0.0,0.0,0.0,0.0,0.0,0.0,0.0,0.0,0.0,0.0,0.0,0.0,0.0,40.0,-4309.0,116753.0,4789.0,9098.0,640,Cardoso de Lima,Wolves,Pedro,641221,,2,39,Pedro_Cardoso de Lima,91,Bournemouth,39,Wolves,DEF,20
1374,641.0,12.0,4.0,0.0,False,2025-08-23T14:00:00Z,1.0,0.0,2.0,False,0.0,0.0,0.0,0.0,0.0,0.0,0.0,0.0,0.0,0.0,0.0,0.0,0.0,0.0,0.0,0.0,0.0,0.0,0.0,0.0,0.0,0.0,0.0,0.0,0.0,0.0,40.0,-5889.0,157576.0,6143.0,12032.0,641,Pond,Wolves,Alfie,517179,,2,39,Alfie_Pond,91,Bournemouth,39,Wolves,DEF,20
1375,642.0,12.0,4.0,1.0,False,2025-08-23T14:00:00Z,1.0,0.0,2.0,False,12.0,0.0,0.0,0.0,0.0,0.0,0.0,0.0,0.0,0.0,0.0,0.0,0.0,0.0,0.0,0.0,0.0,0.0,0.0,0.0,0.0,0.0,0.0,0.0,0.0,0.16,60.0,-2284.0,16116.0,930.0,3214.0,642,Hee-chan,Wolves,Hwang,184754,,3,39,Hwang_Hee-chan,91,Bournemouth,39,Wolves,MID,20
1376,643.0,12.0,4.0,1.0,False,2025-08-23T14:00:00Z,1.0,0.0,2.0,False,45.0,0.0,0.0,0.0,0.0,0.0,0.0,0.0,0.0,0.0,0.0,0.0,8.0,8.0,1.8,0.0,1.0,1.0,2.0,2.0,5.0,0.0,0.0,0.01,0.01,0.57,55.0,800.0,10358.0,1863.0,1063.0,643,Trindade da Costa Neto,Wolves,André,509291,,3,39,André_Trindade da Costa Neto,91,Bournemouth,39,Wolves,MID,20
1377,644.0,12.0,4.0,1.0,False,2025-08-23T14:00:00Z,1.0,0.0,2.0,False,45.0,0.0,0.0,0.0,1.0,0.0,0.0,0.0,0.0,0.0,0.0,0.0,6.0,2.8,5.2,2.0,1.0,1.0,1.0,2.0,4.0,1.0,0.01,0.01,0.02,0.72,55.0,-7.0,9900.0,1251.0,1258.0,644,Bellegarde,Wolves,Jean-Ricner,231057,,3,39,Jean-Ricner_Bellegarde,91,Bournemouth,39,Wolves,MID,20
1378,645.0,12.0,4.0,0.0,False,2025-08-23T14:00:00Z,1.0,0.0,2.0,False,0.0,0.0,0.0,0.0,0.0,0.0,0.0,0.0,0.0,0.0,0.0,0.0,0.0,0.0,0.0,0.0,0.0,0.0,0.0,0.0,0.0,0.0,0.0,0.0,0.0,0.0,55.0,-621.0,4506.0,150.0,771.0,645,López González,Wolves,Fer,643135,,3,39,Fer_López González,91,Bournemouth,39,Wolves,MID,20
1379,646.0,12.0,4.0,1.0,False,2025-08-23T14:00:00Z,1.0,0.0,2.0,False,90.0,0.0,0.0,0.0,1.0,0.0,0.0,0.0,1.0,0.0,0.0,0.0,13.0,8.6,3.0,2.0,1.4,3.0,5.0,3.0,11.0,1.0,0.0,0.02,0.02,1.29,55.0,-693.0,12428.0,765.0,1458.0,646,Gomes da Silva,Wolves,João Victor,448089,,3,39,João Victor_Gomes da Silva,91,Bournemouth,39,Wolves,MID,20
1380,647.0,12.0,4.0,0.0,False,2025-08-23T14:00:00Z,1.0,0.0,2.0,False,0.0,0.0,0.0,0.0,0.0,0.0,0.0,0.0,0.0,0.0,0.0,0.0,0.0,0.0,0.0,0.0,0.0,0.0,0.0,0.0,0.0,0.0,0.0,0.0,0.0,0.0,55.0,-436.0,730.0,0.0,436.0,647,Ganchinho Guedes,Wolves,Gonçalo Manuel,181284,Has joined Real Sociedad permanently.,3,39,Gonçalo Manuel_Ganchinho Guedes,91,Bournemouth,39,Wolves,MID,20
1381,648.0,12.0,4.0,2.0,False,2025-08-23T14:00:00Z,1.0,0.0,2.0,False,90.0,0.0,0.0,0.0,1.0,0.0,0.0,0.0,0.0,0.0,0.0,0.0,7.0,4.2,1.2,4.0,0.9,3.0,2.0,1.0,6.0,1.0,0.06,0.01,0.07,1.29,55.0,1052.0,6522.0,1949.0,897.0,648,Munetsi,Wolves,Marshall,433312,,3,39,Marshall_Munetsi,91,Bournemouth,39,Wolves,MID,20
1382,649.0,12.0,4.0,0.0,False,2025-08-23T14:00:00Z,1.0,0.0,2.0,False,0.0,0.0,0.0,0.0,0.0,0.0,0.0,0.0,0.0,0.0,0.0,0.0,0.0,0.0,0.0,0.0,0.0,0.0,0.0,0.0,0.0,0.0,0.0,0.0,0.0,0.0,50.0,-82.0,194.0,0.0,82.0,649,Traoré,Wolves,Boubacar,476502,Has joined FC Metz on loan for the rest of the season.,3,39,Boubacar_Traoré,91,Bournemouth,39,Wolves,MID,20
1383,650.0,12.0,4.0,0.0,False,2025-08-23T14:00:00Z,1.0,0.0,2.0,False,0.0,0.0,0.0,0.0,0.0,0.0,0.0,0.0,0.0,0.0,0.0,0.0,0.0,0.0,0.0,0.0,0.0,0.0,0.0,0.0,0.0,0.0,0.0,0.0,0.0,0.0,45.0,-2979.0,33357.0,1320.0,4299.0,650,Chirewa,Wolves,Tawanda,497606,,3,39,Tawanda_Chirewa,91,Bournemouth,39,Wolves,MID,20
1384,651.0,12.0,4.0,0.0,False,2025-08-23T14:00:00Z,1.0,0.0,2.0,False,0.0,0.0,0.0,0.0,0.0,0.0,0.0,0.0,0.0,0.0,0.0,0.0,0.0,0.0,0.0,0.0,0.0,0.0,0.0,0.0,0.0,0.0,0.0,0.0,0.0,0.0,45.0,-3412.0,39384.0,1630.0,5042.0,651,Edozie,Wolves,Tom,596054,,3,39,Tom_Edozie,91,Bournemouth,39,Wolves,MID,20
1385,652.0,12.0,4.0,0.0,False,2025-08-23T14:00:00Z,1.0,0.0,2.0,False,0.0,0.0,0.0,0.0,0.0,0.0,0.0,0.0,0.0,0.0,0.0,0.0,0.0,0.0,0.0,0.0,0.0,0.0,0.0,0.0,0.0,0.0,0.0,0.0,0.0,0.0,45.0,-12935.0,160469.0,6704.0,19639.0,652,González Medina,Wolves,Enso,593001,,3,39,Enso_González Medina,91,Bournemouth,39,Wolves,MID,20
1386,653.0,12.0,4.0,0.0,False,2025-08-23T14:00:00Z,1.0,0.0,2.0,False,0.0,0.0,0.0,0.0,0.0,0.0,0.0,0.0,0.0,0.0,0.0,0.0,0.0,0.0,0.0,0.0,0.0,0.0,0.0,0.0,0.0,0.0,0.0,0.0,0.0,0.0,45.0,-1657.0,7206.0,0.0,1657.0,653,Hodge,Wolves,Joe,240299,Signed by CD Tondela,3,39,Joe_Hodge,91,Bournemouth,39,Wolves,MID,20
1387,654.0,12.0,4.0,2.0,False,2025-08-23T14:00:00Z,1.0,0.0,2.0,False,77.0,0.0,0.0,0.0,1.0,0.0,0.0,0.0,0.0,0.0,0.0,0.0,4.0,3.2,3.8,23.0,3.0,1.0,0.0,0.0,1.0,1.0,0.1,0.01,0.11,1.13,65.0,-5645.0,497981.0,46717.0,52362.0,654,Strand Larsen,Wolves,Jørgen,247412,,4,39,Jørgen_Strand Larsen,91,Bournemouth,39,Wolves,FWD,20
1388,655.0,12.0,4.0,0.0,False,2025-08-23T14:00:00Z,1.0,0.0,2.0,False,0.0,0.0,0.0,0.0,0.0,0.0,0.0,0.0,0.0,0.0,0.0,0.0,0.0,0.0,0.0,0.0,0.0,0.0,0.0,0.0,0.0,0.0,0.0,0.0,0.0,0.0,50.0,-5759.0,58916.0,3817.0,9576.0,655,Soares Silva,Wolves,Fábio,449988,,4,39,Fábio_Soares Silva,91,Bournemouth,39,Wolves,FWD,20
1389,656.0,12.0,4.0,0.0,False,2025-08-23T14:00:00Z,1.0,0.0,2.0,False,0.0,0.0,0.0,0.0,0.0,0.0,0.0,0.0,0.0,0.0,0.0,0.0,0.0,0.0,0.0,0.0,0.0,0.0,0.0,0.0,0.0,0.0,0.0,0.0,0.0,0.0,50.0,-1363.0,11423.0,471.0,1834.0,656,Kalajdžić,Wolves,Saša,429414,,4,39,Saša_Kalajdžić,91,Bournemouth,39,Wolves,FWD,20
1390,657.0,12.0,4.0,0.0,False,2025-08-23T14:00:00Z,1.0,0.0,2.0,False,0.0,0.0,0.0,0.0,0.0,0.0,0.0,0.0,0.0,0.0,0.0,0.0,0.0,0.0,0.0,0.0,0.0,0.0,0.0,0.0,0.0,0.0,0.0,0.0,0.0,0.0,45.0,12.0,5248.0,1068.0,1056.0,657,Chiwome,Wolves,Leon,589507,Knee injury - Unknown return date,4,39,Leon_Chiwome,91,Bournemouth,39,Wolves,FWD,20
1391,658.0,12.0,4.0,0.0,False,2025-08-23T14:00:00Z,1.0,0.0,2.0,False,0.0,0.0,0.0,0.0,0.0,0.0,0.0,0.0,0.0,0.0,0.0,0.0,0.0,0.0,0.0,0.0,0.0,0.0,0.0,0.0,0.0,0.0,0.0,0.0,0.0,0.0,45.0,-3597.0,274243.0,27042.0,30639.0,658,Fraser,Wolves,Nathan,531363,,4,39,Nathan_Fraser,91,Bournemouth,39,Wolves,FWD,20
1392,663.0,12.0,4.0,1.0,False,2025-08-23T14:00:00Z,1.0,0.0,2.0,False,55.0,0.0,0.0,0.0,1.0,0.0,0.0,0.0,0.0,0.0,0.0,0.0,4.0,5.6,1.6,4.0,1.1,1.0,2.0,4.0,7.0,1.0,0.13,0.01,0.14,0.83,55.0,-11590.0,62592.0,1776.0,13366.0,663,Arias,Wolves,Jhon,230376,,3,39,Jhon_Arias,91,Bournemouth,39,Wolves,MID,20
1393,682.0,12.0,4.0,1.0,False,2025-08-23T14:00:00Z,1.0,0.0,2.0,False,45.0,0.0,0.0,0.0,1.0,0.0,0.0,0.0,0.0,0.0,0.0,0.0,3.0,2.2,0.3,2.0,0.5,0.0,2.0,1.0,1.0,1.0,0.0,0.0,0.0,0.72,45.0,297.0,9686.0,932.0,635.0,682,Møller Wolfe,Wolves,David,497949,,2,39,David_Møller Wolfe,91,Bournemouth,39,Wolves,DEF,20
1394,695.0,12.0,4.0,1.0,False,2025-08-23T14:00:00Z,1.0,0.0,2.0,False,55.0,0.0,0.0,0.0,0.0,0.0,0.0,0.0,0.0,0.0,0.0,0.0,7.0,8.6,16.8,4.0,2.9,4.0,3.0,0.0,4.0,0.0,0.0,0.02,0.02,0.66,45.0,202.0,570.0,250.0,48.0,695,Tchatchoua,Wolves,Jackson,523705,,2,39,Jackson_Tchatchoua,91,Bournemouth,39,Wolves,DEF,20
1395,1.0,25.0,12.0,0.0,False,2025-08-31T15:30:00Z,,,3.0,False,0.0,0.0,0.0,0.0,0.0,0.0,0.0,0.0,0.0,0.0,0.0,0.0,0.0,0.0,0.0,0.0,0.0,0.0,0.0,0.0,0.0,0.0,0.00,0.00,0.00,0.00,55.0,-12311.0,2406964.0,146739.0,159050.0,1,Raya Martín,Arsenal,David,154561,,1,3,David_Raya Martín,14,Liverpool,3,Arsenal,GKP,1
1396,2.0,25.0,12.0,0.0,False,2025-08-31T15:30:00Z,,,3.0,False,0.0,0.0,0.0,0.0,0.0,0.0,0.0,0.0,0.0,0.0,0.0,0.0,0.0,0.0,0.0,0.0,0.0,0.0,0.0,0.0,0.0,0.0,0.00,0.00,0.00,0.00,44.0,-11575.0,81016.0,1131.0,12706.0,2,Arrizabalaga Revuelta,Arsenal,Kepa,109745,,1,3,Kepa_Arrizabalaga Revuelta,14,Liverpool,3,Arsenal,GKP,1
1397,3.0,25.0,12.0,0.0,False,2025-08-31T15:30:00Z,,,3.0,False,0.0,0.0,0.0,0.0,0.0,0.0,0.0,0.0,0.0,0.0,0.0,0.0,0.0,0.0,0.0,0.0,0.0,0.0,0.0,0.0,0.0,0.0,0.00,0.00,0.00,0.00,40.0,-8078.0,58537.0,1710.0,9788.0,3,Hein,Arsenal,Karl,463748,Has joined Werder Bremen on loan for the rest of the season.,1,3,Karl_Hein,14,Liverpool,3,Arsenal,GKP,1
1398,4.0,25.0,12.0,0.0,False,2025-08-31T15:30:00Z,,,3.0,False,0.0,0.0,0.0,0.0,0.0,0.0,0.0,0.0,0.0,0.0,0.0,0.0,0.0,0.0,0.0,0.0,0.0,0.0,0.0,0.0,0.0,0.0,0.00,0.00,0.00,0.00,40.0,249.0,20855.0,2209.0,1960.0,4,Setford,Arsenal,Tommy,551221,,1,3,Tommy_Setford,14,Liverpool,3,Arsenal,GKP,1
1399,5.0,25.0,12.0,0.0,False,2025-08-31T15:30:00Z,,,3.0,False,0.0,0.0,0.0,0.0,0.0,0.0,0.0,0.0,0.0,0.0,0.0,0.0,0.0,0.0,0.0,0.0,0.0,0.0,0.0,0.0,0.0,0.0,0.00,0.00,0.00,0.00,61.0,-28048.0,2291736.0,137723.0,165771.0,5,dos Santos Magalhães,Arsenal,Gabriel,226597,,2,3,Gabriel_dos Santos Magalhães,14,Liverpool,3,Arsenal,DEF,1
1400,6.0,25.0,12.0,0.0,False,2025-08-31T15:30:00Z,,,3.0,False,0.0,0.0,0.0,0.0,0.0,0.0,0.0,0.0,0.0,0.0,0.0,0.0,0.0,0.0,0.0,0.0,0.0,0.0,0.0,0.0,0.0,0.0,0.00,0.00,0.00,0.00,61.0,-10170.0,2042178.0,133191.0,143361.0,6,Saliba,Arsenal,William,462424,,2,3,William_Saliba,14,Liverpool,3,Arsenal,DEF,1
1401,7.0,25.0,12.0,0.0,False,2025-08-31T15:30:00Z,,,3.0,False,0.0,0.0,0.0,0.0,0.0,0.0,0.0,0.0,0.0,0.0,0.0,0.0,0.0,0.0,0.0,0.0,0.0,0.0,0.0,0.0,0.0,0.0,0.00,0.00,0.00,0.00,56.0,361084.0,982437.0,429321.0,68237.0,7,Calafiori,Arsenal,Riccardo,466075,,2,3,Riccardo_Calafiori,14,Liverpool,3,Arsenal,DEF,1
1402,8.0,25.0,12.0,0.0,False,2025-08-31T15:30:00Z,,,3.0,False,0.0,0.0,0.0,0.0,0.0,0.0,0.0,0.0,0.0,0.0,0.0,0.0,0.0,0.0,0.0,0.0,0.0,0.0,0.0,0.0,0.0,0.0,0.00,0.00,0.00,0.00,56.0,449352.0,828444.0,509691.0,60339.0,8,Timber,Arsenal,Jurriën,445122,,2,3,Jurriën_Timber,14,Liverpool,3,Arsenal,DEF,1
1403,9.0,25.0,12.0,0.0,False,2025-08-31T15:30:00Z,,,3.0,False,0.0,0.0,0.0,0.0,0.0,0.0,0.0,0.0,0.0,0.0,0.0,0.0,0.0,0.0,0.0,0.0,0.0,0.0,0.0,0.0,0.0,0.0,0.00,0.00,0.00,0.00,54.0,-1956.0,11834.0,529.0,2485.0,9,Kiwior,Arsenal,Jakub,440854,,2,3,Jakub_Kiwior,14,Liverpool,3,Arsenal,DEF,1
1404,10.0,25.0,12.0,0.0,False,2025-08-31T15:30:00Z,,,3.0,False,0.0,0.0,0.0,0.0,0.0,0.0,0.0,0.0,0.0,0.0,0.0,0.0,0.0,0.0,0.0,0.0,0.0,0.0,0.0,0.0,0.0,0.0,0.00,0.00,0.00,0.00,54.0,-90018.0,327755.0,6649.0,96667.0,10,Lewis-Skelly,Arsenal,Myles,499169,,2,3,Myles_Lewis-Skelly,14,Liverpool,3,Arsenal,DEF,1
1405,11.0,25.0,12.0,0.0,False,2025-08-31T15:30:00Z,,,3.0,False,0.0,0.0,0.0,0.0,0.0,0.0,0.0,0.0,0.0,0.0,0.0,0.0,0.0,0.0,0.0,0.0,0.0,0.0,0.0,0.0,0.0,0.0,0.00,0.00,0.00,0.00,55.0,-35801.0,74667.0,519.0,36320.0,11,White,Arsenal,Benjamin,198869,Knock - 50% chance of playing,2,3,Benjamin_White,14,Liverpool,3,Arsenal,DEF,1
1406,12.0,25.0,12.0,0.0,False,2025-08-31T15:30:00Z,,,3.0,False,0.0,0.0,0.0,0.0,0.0,0.0,0.0,0.0,0.0,0.0,0.0,0.0,0.0,0.0,0.0,0.0,0.0,0.0,0.0,0.0,0.0,0.0,0.00,0.00,0.00,0.00,49.0,-6195.0,35968.0,1695.0,7890.0,12,Zinchenko,Arsenal,Oleksandr,206325,,2,3,Oleksandr_Zinchenko,14,Liverpool,3,Arsenal,DEF,1
1407,13.0,25.0,12.0,0.0,False,2025-08-31T15:30:00Z,,,3.0,False,0.0,0.0,0.0,0.0,0.0,0.0,0.0,0.0,0.0,0.0,0.0,0.0,0.0,0.0,0.0,0.0,0.0,0.0,0.0,0.0,0.0,0.0,0.00,0.00,0.00,0.00,40.0,-5304.0,66108.0,4594.0,9898.0,13,Clarke,Arsenal,Brayden,563324,,2,3,Brayden_Clarke,14,Liverpool,3,Arsenal,DEF,1
1408,14.0,25.0,12.0,0.0,False,2025-08-31T15:30:00Z,,,3.0,False,0.0,0.0,0.0,0.0,0.0,0.0,0.0,0.0,0.0,0.0,0.0,0.0,0.0,0.0,0.0,0.0,0.0,0.0,0.0,0.0,0.0,0.0,0.00,0.00,0.00,0.00,40.0,-1984.0,19634.0,945.0,2929.0,14,Kacurri,Arsenal,Maldini,588793,,2,3,Maldini_Kacurri,14,Liverpool,3,Arsenal,DEF,1
1409,15.0,25.0,12.0,0.0,False,2025-08-31T15:30:00Z,,,3.0,False,0.0,0.0,0.0,0.0,0.0,0.0,0.0,0.0,0.0,0.0,0.0,0.0,0.0,0.0,0.0,0.0,0.0,0.0,0.0,0.0,0.0,0.0,0.00,0.00,0.00,0.00,40.0,-2120.0,19494.0,804.0,2924.0,15,Nichols,Arsenal,Josh,499167,,2,3,Josh_Nichols,14,Liverpool,3,Arsenal,DEF,1
1410,16.0,25.0,12.0,0.0,False,2025-08-31T15:30:00Z,,,3.0,False,0.0,0.0,0.0,0.0,0.0,0.0,0.0,0.0,0.0,0.0,0.0,0.0,0.0,0.0,0.0,0.0,0.0,0.0,0.0,0.0,0.0,0.0,0.00,0.00,0.00,0.00,99.0,-986673.0,783017.0,55049.0,1041722.0,16,Saka,Arsenal,Bukayo,223340,Hamstring injury - Unknown return date,3,3,Bukayo_Saka,14,Liverpool,3,Arsenal,MID,1
1411,17.0,25.0,12.0,0.0,False,2025-08-31T15:30:00Z,,,3.0,False,0.0,0.0,0.0,0.0,0.0,0.0,0.0,0.0,0.0,0.0,0.0,0.0,0.0,0.0,0.0,0.0,0.0,0.0,0.0,0.0,0.0,0.0,0.00,0.00,0.00,0.00,79.0,-141480.0,281805.0,8169.0,149649.0,17,Ødegaard,Arsenal,Martin,184029,Shoulder injury - 50% chance of playing,3,3,Martin_Ødegaard,14,Liverpool,3,Arsenal,MID,1
1412,18.0,25.0,12.0,0.0,False,2025-08-31T15:30:00Z,,,3.0,False,0.0,0.0,0.0,0.0,0.0,0.0,0.0,0.0,0.0,0.0,0.0,0.0,0.0,0.0,0.0,0.0,0.0,0.0,0.0,0.0,0.0,0.0,0.00,0.00,0.00,0.00,70.0,-6043.0,107118.0,11333.0,17376.0,18,Madueke,Arsenal,Noni,248857,,3,3,Noni_Madueke,14,Liverpool,3,Arsenal,MID,1
1413,19.0,25.0,12.0,0.0,False,2025-08-31T15:30:00Z,,,3.0,False,0.0,0.0,0.0,0.0,0.0,0.0,0.0,0.0,0.0,0.0,0.0,0.0,0.0,0.0,0.0,0.0,0.0,0.0,0.0,0.0,0.0,0.0,0.00,0.00,0.00,0.00,69.0,-29290.0,127440.0,4767.0,34057.0,19,Martinelli Silva,Arsenal,Gabriel,444145,,3,3,Gabriel_Martinelli Silva,14,Liverpool,3,Arsenal,MID,1
1414,20.0,25.0,12.0,0.0,False,2025-08-31T15:30:00Z,,,3.0,False,0.0,0.0,0.0,0.0,0.0,0.0,0.0,0.0,0.0,0.0,0.0,0.0,0.0,0.0,0.0,0.0,0.0,0.0,0.0,0.0,0.0,0.0,0.00,0.00,0.00,0.00,69.0,-4281.0,33601.0,1464.0,5745.0,20,Trossard,Arsenal,Leandro,116216,Knock - 75% chance of playing,3,3,Leandro_Trossard,14,Liverpool,3,Arsenal,MID,1
1415,21.0,25.0,12.0,0.0,False,2025-08-31T15:30:00Z,,,3.0,False,0.0,0.0,0.0,0.0,0.0,0.0,0.0,0.0,0.0,0.0,0.0,0.0,0.0,0.0,0.0,0.0,0.0,0.0,0.0,0.0,0.0,0.0,0.00,0.00,0.00,0.00,65.0,16588.0,978824.0,106036.0,89448.0,21,Rice,Arsenal,Declan,204480,,3,3,Declan_Rice,14,Liverpool,3,Arsenal,MID,1
1416,22.0,25.0,12.0,0.0,False,2025-08-31T15:30:00Z,,,3.0,False,0.0,0.0,0.0,0.0,0.0,0.0,0.0,0.0,0.0,0.0,0.0,0.0,0.0,0.0,0.0,0.0,0.0,0.0,0.0,0.0,0.0,0.0,0.00,0.00,0.00,0.00,59.0,-16276.0,43807.0,1780.0,18056.0,22,Merino Zazón,Arsenal,Mikel,195384,,3,3,Mikel_Merino Zazón,14,Liverpool,3,Arsenal,MID,1
1417,23.0,25.0,12.0,0.0,False,2025-08-31T15:30:00Z,,,3.0,False,0.0,0.0,0.0,0.0,0.0,0.0,0.0,0.0,0.0,0.0,0.0,0.0,0.0,0.0,0.0,0.0,0.0,0.0,0.0,0.0,0.0,0.0,0.00,0.00,0.00,0.00,54.0,-642.0,4600.0,327.0,969.0,23,Ferreira Vieira,Arsenal,Fábio,438098,,3,3,Fábio_Ferreira Vieira,14,Liverpool,3,Arsenal,MID,1
1418,24.0,25.0,12.0,0.0,False,2025-08-31T15:30:00Z,,,3.0,False,0.0,0.0,0.0,0.0,0.0,0.0,0.0,0.0,0.0,0.0,0.0,0.0,0.0,0.0,0.0,0.0,0.0,0.0,0.0,0.0,0.0,0.0,0.00,0.00,0.00,0.00,54.0,-18086.0,28588.0,70.0,18156.0,24,Nørgaard,Arsenal,Christian,128295,Knock - 50% chance of playing,3,3,Christian_Nørgaard,14,Liverpool,3,Arsenal,MID,1
1419,25.0,25.0,12.0,0.0,False,2025-08-31T15:30:00Z,,,3.0,False,0.0,0.0,0.0,0.0,0.0,0.0,0.0,0.0,0.0,0.0,0.0,0.0,0.0,0.0,0.0,0.0,0.0,0.0,0.0,0.0,0.0,0.0,0.00,0.00,0.00,0.00,54.0,-3700.0,24774.0,2244.0,5944.0,25,Nwaneri,Arsenal,Ethan,499175,,3,3,Ethan_Nwaneri,14,Liverpool,3,Arsenal,MID,1
1420,26.0,25.0,12.0,0.0,False,2025-08-31T15:30:00Z,,,3.0,False,0.0,0.0,0.0,0.0,0.0,0.0,0.0,0.0,0.0,0.0,0.0,0.0,0.0,0.0,0.0,0.0,0.0,0.0,0.0,0.0,0.0,0.0,0.00,0.00,0.00,0.00,55.0,-34528.0,219699.0,15367.0,49895.0,26,Zubimendi Ibáñez,Arsenal,Martín,481655,,3,3,Martín_Zubimendi Ibáñez,14,Liverpool,3,Arsenal,MID,1
1421,27.0,25.0,12.0,0.0,False,2025-08-31T15:30:00Z,,,3.0,False,0.0,0.0,0.0,0.0,0.0,0.0,0.0,0.0,0.0,0.0,0.0,0.0,0.0,0.0,0.0,0.0,0.0,0.0,0.0,0.0,0.0,0.0,0.00,0.00,0.00,0.00,50.0,-1896.0,14088.0,1028.0,2924.0,27,Nelson,Arsenal,Reiss,200641,,3,3,Reiss_Nelson,14,Liverpool,3,Arsenal,MID,1
1422,28.0,25.0,12.0,0.0,False,2025-08-31T15:30:00Z,,,3.0,False,0.0,0.0,0.0,0.0,0.0,0.0,0.0,0.0,0.0,0.0,0.0,0.0,0.0,0.0,0.0,0.0,0.0,0.0,0.0,0.0,0.0,0.0,0.00,0.00,0.00,0.00,45.0,-3703.0,30300.0,2247.0,5950.0,28,Kabia,Arsenal,Ismeal,588796,,3,3,Ismeal_Kabia,14,Liverpool,3,Arsenal,MID,1
1423,29.0,25.0,12.0,0.0,False,2025-08-31T15:30:00Z,,,3.0,False,0.0,0.0,0.0,0.0,0.0,0.0,0.0,0.0,0.0,0.0,0.0,0.0,0.0,0.0,0.0,0.0,0.0,0.0,0.0,0.0,0.0,0.0,0.00,0.00,0.00,0.00,45.0,-1810.0,14501.0,964.0,2774.0,29,Sambi Lokonga,Arsenal,Albert,437742,,3,3,Albert_Sambi Lokonga,14,Liverpool,3,Arsenal,MID,1
1424,30.0,25.0,12.0,0.0,False,2025-08-31T15:30:00Z,,,3.0,False,0.0,0.0,0.0,0.0,0.0,0.0,0.0,0.0,0.0,0.0,0.0,0.0,0.0,0.0,0.0,0.0,0.0,0.0,0.0,0.0,0.0,0.0,0.00,0.00,0.00,0.00,74.0,-42500.0,61485.0,185.0,42685.0,30,Havertz,Arsenal,Kai,219847,Knee injury - Unknown return date,4,3,Kai_Havertz,14,Liverpool,3,Arsenal,FWD,1
1425,31.0,25.0,12.0,0.0,False,2025-08-31T15:30:00Z,,,3.0,False,0.0,0.0,0.0,0.0,0.0,0.0,0.0,0.0,0.0,0.0,0.0,0.0,0.0,0.0,0.0,0.0,0.0,0.0,0.0,0.0,0.0,0.0,0.00,0.00,0.00,0.00,65.0,-631.0,4606.0,173.0,804.0,31,Fernando de Jesus,Arsenal,Gabriel,205651,Knee injury - Unknown return date,4,3,Gabriel_Fernando de Jesus,14,Liverpool,3,Arsenal,FWD,1
1426,266.0,25.0,12.0,0.0,False,2025-08-31T15:30:00Z,,,3.0,False,0.0,0.0,0.0,0.0,0.0,0.0,0.0,0.0,0.0,0.0,0.0,0.0,0.0,0.0,0.0,0.0,0.0,0.0,0.0,0.0,0.0,0.0,0.00,0.00,0.00,0.00,75.0,48061.0,1209497.0,261423.0,213362.0,266,Eze,Arsenal,Eberechi,232413,,3,3,Eberechi_Eze,14,Liverpool,3,Arsenal,MID,1
1427,662.0,25.0,12.0,0.0,False,2025-08-31T15:30:00Z,,,3.0,False,0.0,0.0,0.0,0.0,0.0,0.0,0.0,0.0,0.0,0.0,0.0,0.0,0.0,0.0,0.0,0.0,0.0,0.0,0.0,0.0,0.0,0.0,0.00,0.00,0.00,0.00,54.0,-1768.0,11666.0,273.0,2041.0,662,Mosquera,Arsenal,Cristhian,500040,,2,3,Cristhian_Mosquera,14,Liverpool,3,Arsenal,DEF,1
1428,666.0,25.0,12.0,0.0,False,2025-08-31T15:30:00Z,,,3.0,False,0.0,0.0,0.0,0.0,0.0,0.0,0.0,0.0,0.0,0.0,0.0,0.0,0.0,0.0,0.0,0.0,0.0,0.0,0.0,0.0,0.0,0.0,0.00,0.00,0.00,0.00,90.0,65903.0,2805037.0,322756.0,256853.0,666,Gyökeres,Arsenal,Viktor,224117,,4,3,Viktor_Gyökeres,14,Liverpool,3,Arsenal,FWD,1
1429,700.0,25.0,12.0,0.0,False,2025-08-31T15:30:00Z,,,3.0,False,0.0,0.0,0.0,0.0,0.0,0.0,0.0,0.0,0.0,0.0,0.0,0.0,0.0,0.0,0.0,0.0,0.0,0.0,0.0,0.0,0.0,0.0,0.00,0.00,0.00,0.00,45.0,20355.0,31938.0,26751.0,6396.0,700,Dowman,Arsenal,Max,616077,,3,3,Max_Dowman,14,Liverpool,3,Arsenal,MID,1
1430,32.0,21.0,8.0,0.0,True,2025-08-31T18:00:00Z,,,3.0,False,0.0,0.0,0.0,0.0,0.0,0.0,0.0,0.0,0.0,0.0,0.0,0.0,0.0,0.0,0.0,0.0,0.0,0.0,0.0,0.0,0.0,0.0,0.00,0.00,0.00,0.00,50.0,17406.0,190197.0,34311.0,16905.0,32,Martínez Romero,Aston Villa,Emiliano,98980,,1,7,Emiliano_Martínez Romero,31,Crystal Palace,7,Aston Villa,GKP,2
1431,33.0,21.0,8.0,0.0,True,2025-08-31T18:00:00Z,,,3.0,False,0.0,0.0,0.0,0.0,0.0,0.0,0.0,0.0,0.0,0.0,0.0,0.0,0.0,0.0,0.0,0.0,0.0,0.0,0.0,0.0,0.0,0.0,0.00,0.00,0.00,0.00,45.0,-15125.0,90739.0,8686.0,23811.0,33,Bizot,Aston Villa,Marco,72147,,1,7,Marco_Bizot,31,Crystal Palace,7,Aston Villa,GKP,2
1432,34.0,21.0,8.0,0.0,True,2025-08-31T18:00:00Z,,,3.0,False,0.0,0.0,0.0,0.0,0.0,0.0,0.0,0.0,0.0,0.0,0.0,0.0,0.0,0.0,0.0,0.0,0.0,0.0,0.0,0.0,0.0,0.0,0.00,0.00,0.00,0.00,40.0,-2751.0,21879.0,0.0,2751.0,34,Gauci,Aston Villa,Joe,462492,Has joined Port Vale on loan for the rest of the season.,1,7,Joe_Gauci,31,Crystal Palace,7,Aston Villa,GKP,2
1433,35.0,21.0,8.0,0.0,True,2025-08-31T18:00:00Z,,,3.0,False,0.0,0.0,0.0,0.0,0.0,0.0,0.0,0.0,0.0,0.0,0.0,0.0,0.0,0.0,0.0,0.0,0.0,0.0,0.0,0.0,0.0,0.0,0.00,0.00,0.00,0.00,40.0,-217.0,1757.0,0.0,217.0,35,Marschall,Aston Villa,Filip,462381,Has joined Stevenage permanently.,1,7,Filip_Marschall,31,Crystal Palace,7,Aston Villa,GKP,2
1434,36.0,21.0,8.0,0.0,True,2025-08-31T18:00:00Z,,,3.0,False,0.0,0.0,0.0,0.0,0.0,0.0,0.0,0.0,0.0,0.0,0.0,0.0,0.0,0.0,0.0,0.0,0.0,0.0,0.0,0.0,0.0,0.0,0.00,0.00,0.00,0.00,45.0,38806.0,594931.0,110477.0,71671.0,36,Cash,Aston Villa,Matty,199796,,2,7,Matty_Cash,31,Crystal Palace,7,Aston Villa,DEF,2
1435,37.0,21.0,8.0,0.0,True,2025-08-31T18:00:00Z,,,3.0,False,0.0,0.0,0.0,0.0,0.0,0.0,0.0,0.0,0.0,0.0,0.0,0.0,0.0,0.0,0.0,0.0,0.0,0.0,0.0,0.0,0.0,0.0,0.00,0.00,0.00,0.00,45.0,-5475.0,254048.0,18401.0,23876.0,37,Digne,Aston Villa,Lucas,101188,,2,7,Lucas_Digne,31,Crystal Palace,7,Aston Villa,DEF,2
1436,38.0,21.0,8.0,0.0,True,2025-08-31T18:00:00Z,,,3.0,False,0.0,0.0,0.0,0.0,0.0,0.0,0.0,0.0,0.0,0.0,0.0,0.0,0.0,0.0,0.0,0.0,0.0,0.0,0.0,0.0,0.0,0.0,0.00,0.00,0.00,0.00,45.0,-98345.0,1624989.0,46903.0,145248.0,38,Konsa Ngoyo,Aston Villa,Ezri,199798,,2,7,Ezri_Konsa Ngoyo,31,Crystal Palace,7,Aston Villa,DEF,2
1437,39.0,21.0,8.0,0.0,True,2025-08-31T18:00:00Z,,,3.0,False,0.0,0.0,0.0,0.0,0.0,0.0,0.0,0.0,0.0,0.0,0.0,0.0,0.0,0.0,0.0,0.0,0.0,0.0,0.0,0.0,0.0,0.0,0.00,0.00,0.00,0.00,44.0,-9168.0,76151.0,2693.0,11861.0,39,Maatsen,Aston Villa,Ian,441302,,2,7,Ian_Maatsen,31,Crystal Palace,7,Aston Villa,DEF,2
1438,40.0,21.0,8.0,0.0,True,2025-08-31T18:00:00Z,,,3.0,False,0.0,0.0,0.0,0.0,0.0,0.0,0.0,0.0,0.0,0.0,0.0,0.0,0.0,0.0,0.0,0.0,0.0,0.0,0.0,0.0,0.0,0.0,0.00,0.00,0.00,0.00,45.0,-3181.0,152031.0,13403.0,16584.0,40,Mings,Aston Villa,Tyrone,149484,,2,7,Tyrone_Mings,31,Crystal Palace,7,Aston Villa,DEF,2
1439,41.0,21.0,8.0,0.0,True,2025-08-31T18:00:00Z,,,3.0,False,0.0,0.0,0.0,0.0,0.0,0.0,0.0,0.0,0.0,0.0,0.0,0.0,0.0,0.0,0.0,0.0,0.0,0.0,0.0,0.0,0.0,0.0,0.00,0.00,0.00,0.00,45.0,-3523.0,49822.0,2156.0,5679.0,41,Torres,Aston Villa,Pau,244954,,2,7,Pau_Torres,31,Crystal Palace,7,Aston Villa,DEF,2
1440,42.0,21.0,8.0,0.0,True,2025-08-31T18:00:00Z,,,3.0,False,0.0,0.0,0.0,0.0,0.0,0.0,0.0,0.0,0.0,0.0,0.0,0.0,0.0,0.0,0.0,0.0,0.0,0.0,0.0,0.0,0.0,0.0,0.00,0.00,0.00,0.00,40.0,-3716.0,23768.0,327.0,4043.0,42,García,Aston Villa,Andrés,606798,Knock - 25% chance of playing,2,7,Andrés_García,31,Crystal Palace,7,Aston Villa,DEF,2
1441,43.0,21.0,8.0,0.0,True,2025-08-31T18:00:00Z,,,3.0,False,0.0,0.0,0.0,0.0,0.0,0.0,0.0,0.0,0.0,0.0,0.0,0.0,0.0,0.0,0.0,0.0,0.0,0.0,0.0,0.0,0.0,0.0,0.00,0.00,0.00,0.00,40.0,-213221.0,747920.0,11645.0,224866.0,43,Moreno Lopera,Aston Villa,Álex,106468,Has joined Girona permanently.,2,7,Álex_Moreno Lopera,31,Crystal Palace,7,Aston Villa,DEF,2
1442,44.0,21.0,8.0,0.0,True,2025-08-31T18:00:00Z,,,3.0,False,0.0,0.0,0.0,0.0,0.0,0.0,0.0,0.0,0.0,0.0,0.0,0.0,0.0,0.0,0.0,0.0,0.0,0.0,0.0,0.0,0.0,0.0,0.00,0.00,0.00,0.00,40.0,-1093.0,36989.0,2996.0,4089.0,44,Bogarde,Aston Villa,Lamare,515597,,2,7,Lamare_Bogarde,31,Crystal Palace,7,Aston Villa,DEF,2
1443,45.0,21.0,8.0,0.0,True,2025-08-31T18:00:00Z,,,3.0,False,0.0,0.0,0.0,0.0,0.0,0.0,0.0,0.0,0.0,0.0,0.0,0.0,0.0,0.0,0.0,0.0,0.0,0.0,0.0,0.0,0.0,0.0,0.00,0.00,0.00,0.00,40.0,-1865.0,38677.0,2246.0,4111.0,45,da Cruz Sousa,Aston Villa,Lino,514315,,2,7,Lino_da Cruz Sousa,31,Crystal Palace,7,Aston Villa,DEF,2
1444,46.0,21.0,8.0,0.0,True,2025-08-31T18:00:00Z,,,3.0,False,0.0,0.0,0.0,0.0,0.0,0.0,0.0,0.0,0.0,0.0,0.0,0.0,0.0,0.0,0.0,0.0,0.0,0.0,0.0,0.0,0.0,0.0,0.00,0.00,0.00,0.00,40.0,-1556.0,25299.0,1162.0,2718.0,46,Özcan,Aston Villa,Yasin,587178,,2,7,Yasin_Özcan,31,Crystal Palace,7,Aston Villa,DEF,2
1445,47.0,21.0,8.0,0.0,True,2025-08-31T18:00:00Z,,,3.0,False,0.0,0.0,0.0,0.0,0.0,0.0,0.0,0.0,0.0,0.0,0.0,0.0,0.0,0.0,0.0,0.0,0.0,0.0,0.0,0.0,0.0,0.0,0.00,0.00,0.00,0.00,70.0,-56699.0,1003558.0,101550.0,158249.0,47,Rogers,Aston Villa,Morgan,244850,,3,7,Morgan_Rogers,31,Crystal Palace,7,Aston Villa,MID,2
1446,48.0,21.0,8.0,0.0,True,2025-08-31T18:00:00Z,,,3.0,False,0.0,0.0,0.0,0.0,0.0,0.0,0.0,0.0,0.0,0.0,0.0,0.0,0.0,0.0,0.0,0.0,0.0,0.0,0.0,0.0,0.0,0.0,0.00,0.00,0.00,0.00,60.0,-21904.0,214443.0,13737.0,35641.0,48,Tielemans,Aston Villa,Youri,166989,,3,7,Youri_Tielemans,31,Crystal Palace,7,Aston Villa,MID,2
1447,49.0,21.0,8.0,0.0,True,2025-08-31T18:00:00Z,,,3.0,False,0.0,0.0,0.0,0.0,0.0,0.0,0.0,0.0,0.0,0.0,0.0,0.0,0.0,0.0,0.0,0.0,0.0,0.0,0.0,0.0,0.0,0.0,0.00,0.00,0.00,0.00,55.0,-15680.0,20309.0,0.0,15680.0,49,Bailey,Aston Villa,Leon,215711,Has joined AS Roma on loan for the rest of the season.,3,7,Leon_Bailey,31,Crystal Palace,7,Aston Villa,MID,2
1448,50.0,21.0,8.0,0.0,True,2025-08-31T18:00:00Z,,,3.0,False,0.0,0.0,0.0,0.0,0.0,0.0,0.0,0.0,0.0,0.0,0.0,0.0,0.0,0.0,0.0,0.0,0.0,0.0,0.0,0.0,0.0,0.0,0.00,0.00,0.00,0.00,54.0,-2933.0,11246.0,612.0,3545.0,50,Buendía Stati,Aston Villa,Emiliano,195546,,3,7,Emiliano_Buendía Stati,31,Crystal Palace,7,Aston Villa,MID,2
1449,51.0,21.0,8.0,0.0,True,2025-08-31T18:00:00Z,,,3.0,False,0.0,0.0,0.0,0.0,0.0,0.0,0.0,0.0,0.0,0.0,0.0,0.0,0.0,0.0,0.0,0.0,0.0,0.0,0.0,0.0,0.0,0.0,0.00,0.00,0.00,0.00,55.0,-267.0,3385.0,309.0,576.0,51,Iling-Junior,Aston Villa,Samuel,469247,,3,7,Samuel_Iling-Junior,31,Crystal Palace,7,Aston Villa,MID,2
1450,53.0,21.0,8.0,0.0,True,2025-08-31T18:00:00Z,,,3.0,False,0.0,0.0,0.0,0.0,0.0,0.0,0.0,0.0,0.0,0.0,0.0,0.0,0.0,0.0,0.0,0.0,0.0,0.0,0.0,0.0,0.0,0.0,0.00,0.00,0.00,0.00,53.0,-39971.0,118258.0,3890.0,43861.0,53,Malen,Aston Villa,Donyell,204646,,3,7,Donyell_Malen,31,Crystal Palace,7,Aston Villa,MID,2
1451,54.0,21.0,8.0,0.0,True,2025-08-31T18:00:00Z,,,3.0,False,0.0,0.0,0.0,0.0,0.0,0.0,0.0,0.0,0.0,0.0,0.0,0.0,0.0,0.0,0.0,0.0,0.0,0.0,0.0,0.0,0.0,0.0,0.00,0.00,0.00,0.00,55.0,-6286.0,73407.0,5547.0,11833.0,54,McGinn,Aston Villa,John,122806,,3,7,John_McGinn,31,Crystal Palace,7,Aston Villa,MID,2
1452,55.0,21.0,8.0,0.0,True,2025-08-31T18:00:00Z,,,3.0,False,0.0,0.0,0.0,0.0,0.0,0.0,0.0,0.0,0.0,0.0,0.0,0.0,0.0,0.0,0.0,0.0,0.0,0.0,0.0,0.0,0.0,0.0,0.00,0.00,0.00,0.00,49.0,-1655.0,6173.0,108.0,1763.0,55,Barkley,Aston Villa,Ross,88894,Knock - 25% chance of playing,3,7,Ross_Barkley,31,Crystal Palace,7,Aston Villa,MID,2
1453,56.0,21.0,8.0,0.0,True,2025-08-31T18:00:00Z,,,3.0,False,0.0,0.0,0.0,0.0,0.0,0.0,0.0,0.0,0.0,0.0,0.0,0.0,0.0,0.0,0.0,0.0,0.0,0.0,0.0,0.0,0.0,0.0,0.00,0.00,0.00,0.00,50.0,-8.0,60.0,0.0,8.0,56,Barrenechea,Aston Villa,Enzo,491287,Season-long loan to Benfica,3,7,Enzo_Barrenechea,31,Crystal Palace,7,Aston Villa,MID,2
1454,57.0,21.0,8.0,0.0,True,2025-08-31T18:00:00Z,,,3.0,False,0.0,0.0,0.0,0.0,0.0,0.0,0.0,0.0,0.0,0.0,0.0,0.0,0.0,0.0,0.0,0.0,0.0,0.0,0.0,0.0,0.0,0.0,0.00,0.00,0.00,0.00,50.0,-1383.0,5609.0,334.0,1717.0,57,Dobbin,Aston Villa,Lewis,461421,Has joined Preston North End on loan for the rest of the season.,3,7,Lewis_Dobbin,31,Crystal Palace,7,Aston Villa,MID,2
1455,58.0,21.0,8.0,0.0,True,2025-08-31T18:00:00Z,,,3.0,False,0.0,0.0,0.0,0.0,0.0,0.0,0.0,0.0,0.0,0.0,0.0,0.0,0.0,0.0,0.0,0.0,0.0,0.0,0.0,0.0,0.0,0.0,0.00,0.00,0.00,0.00,49.0,-6990.0,17157.0,693.0,7683.0,58,Kamara,Aston Villa,Boubacar,226944,Hamstring injury - 50% chance of playing,3,7,Boubacar_Kamara,31,Crystal Palace,7,Aston Villa,MID,2
1456,59.0,21.0,8.0,0.0,True,2025-08-31T18:00:00Z,,,3.0,False,0.0,0.0,0.0,0.0,0.0,0.0,0.0,0.0,0.0,0.0,0.0,0.0,0.0,0.0,0.0,0.0,0.0,0.0,0.0,0.0,0.0,0.0,0.00,0.00,0.00,0.00,50.0,-26626.0,182975.0,16382.0,43008.0,59,Onana,Aston Villa,Amadou,449871,Hamstring injury - 50% chance of playing,3,7,Amadou_Onana,31,Crystal Palace,7,Aston Villa,MID,2
1457,60.0,21.0,8.0,0.0,True,2025-08-31T18:00:00Z,,,3.0,False,0.0,0.0,0.0,0.0,0.0,0.0,0.0,0.0,0.0,0.0,0.0,0.0,0.0,0.0,0.0,0.0,0.0,0.0,0.0,0.0,0.0,0.0,0.00,0.00,0.00,0.00,45.0,-2477.0,35123.0,3067.0,5544.0,60,Broggio,Aston Villa,Ben,577731,,3,7,Ben_Broggio,31,Crystal Palace,7,Aston Villa,MID,2
1458,61.0,21.0,8.0,0.0,True,2025-08-31T18:00:00Z,,,3.0,False,0.0,0.0,0.0,0.0,0.0,0.0,0.0,0.0,0.0,0.0,0.0,0.0,0.0,0.0,0.0,0.0,0.0,0.0,0.0,0.0,0.0,0.0,0.00,0.00,0.00,0.00,45.0,-10208.0,23711.0,0.0,10208.0,61,Dendoncker,Aston Villa,Leander,151589,Has joined Real Oviedo permanently.,3,7,Leander_Dendoncker,31,Crystal Palace,7,Aston Villa,MID,2
1459,62.0,21.0,8.0,0.0,True,2025-08-31T18:00:00Z,,,3.0,False,0.0,0.0,0.0,0.0,0.0,0.0,0.0,0.0,0.0,0.0,0.0,0.0,0.0,0.0,0.0,0.0,0.0,0.0,0.0,0.0,0.0,0.0,0.00,0.00,0.00,0.00,45.0,-442.0,6023.0,490.0,932.0,62,Jimoh-Aloba,Aston Villa,Jamaldeen,559962,,3,7,Jamaldeen_Jimoh-Aloba,31,Crystal Palace,7,Aston Villa,MID,2
1460,63.0,21.0,8.0,0.0,True,2025-08-31T18:00:00Z,,,3.0,False,0.0,0.0,0.0,0.0,0.0,0.0,0.0,0.0,0.0,0.0,0.0,0.0,0.0,0.0,0.0,0.0,0.0,0.0,0.0,0.0,0.0,0.0,0.00,0.00,0.00,0.00,45.0,-7952.0,70228.0,4263.0,12215.0,63,Young,Aston Villa,Kadan,537403,,3,7,Kadan_Young,31,Crystal Palace,7,Aston Villa,MID,2
1461,64.0,21.0,8.0,0.0,True,2025-08-31T18:00:00Z,,,3.0,False,0.0,0.0,0.0,0.0,0.0,0.0,0.0,0.0,0.0,0.0,0.0,0.0,0.0,0.0,0.0,0.0,0.0,0.0,0.0,0.0,0.0,0.0,0.00,0.00,0.00,0.00,89.0,-483988.0,2212818.0,75370.0,559358.0,64,Watkins,Aston Villa,Ollie,178301,,4,7,Ollie_Watkins,31,Crystal Palace,7,Aston Villa,FWD,2
1462,65.0,21.0,8.0,0.0,True,2025-08-31T18:00:00Z,,,3.0,False,0.0,0.0,0.0,0.0,0.0,0.0,0.0,0.0,0.0,0.0,0.0,0.0,0.0,0.0,0.0,0.0,0.0,0.0,0.0,0.0,0.0,0.0,0.00,0.00,0.00,0.00,45.0,-13366.0,86682.0,5076.0,18442.0,65,Redmond,Aston Villa,Zépiqueno,576756,,4,7,Zépiqueno_Redmond,31,Crystal Palace,7,Aston Villa,FWD,2
1463,677.0,21.0,8.0,0.0,True,2025-08-31T18:00:00Z,,,3.0,False,0.0,0.0,0.0,0.0,0.0,0.0,0.0,0.0,0.0,0.0,0.0,0.0,0.0,0.0,0.0,0.0,0.0,0.0,0.0,0.0,0.0,0.0,0.00,0.00,0.00,0.00,64.0,-1101.0,5579.0,391.0,1492.0,677,Guessand,Aston Villa,Evann,485337,,3,7,Evann_Guessand,31,Crystal Palace,7,Aston Villa,MID,2
1464,688.0,21.0,8.0,0.0,True,2025-08-31T18:00:00Z,,,3.0,False,0.0,0.0,0.0,0.0,0.0,0.0,0.0,0.0,0.0,0.0,0.0,0.0,0.0,0.0,0.0,0.0,0.0,0.0,0.0,0.0,0.0,0.0,0.00,0.00,0.00,0.00,40.0,-88.0,60605.0,4942.0,5030.0,688,Wright,Aston Villa,James,481283,,1,7,James_Wright,31,Crystal Palace,7,Aston Villa,GKP,2
1465,701.0,21.0,8.0,0.0,True,2025-08-31T18:00:00Z,,,3.0,False,0.0,0.0,0.0,0.0,0.0,0.0,0.0,0.0,0.0,0.0,0.0,0.0,0.0,0.0,0.0,0.0,0.0,0.0,0.0,0.0,0.0,0.0,0.00,0.00,0.00,0.00,40.0,5090.0,14964.0,6121.0,1031.0,701,Rowe,Aston Villa,Triston,569577,,2,7,Triston_Rowe,31,Crystal Palace,7,Aston Villa,DEF,2
1466,702.0,21.0,8.0,0.0,True,2025-08-31T18:00:00Z,,,3.0,False,0.0,0.0,0.0,0.0,0.0,0.0,0.0,0.0,0.0,0.0,0.0,0.0,0.0,0.0,0.0,0.0,0.0,0.0,0.0,0.0,0.0,0.0,0.00,0.00,0.00,0.00,45.0,2409.0,7802.0,3287.0,878.0,702,Burrowes,Aston Villa,Bradley,645618,,3,7,Bradley_Burrowes,31,Crystal Palace,7,Aston Villa,MID,2
1467,703.0,21.0,8.0,0.0,True,2025-08-31T18:00:00Z,,,3.0,False,0.0,0.0,0.0,0.0,0.0,0.0,0.0,0.0,0.0,0.0,0.0,0.0,0.0,0.0,0.0,0.0,0.0,0.0,0.0,0.0,0.0,0.0,0.00,0.00,0.00,0.00,40.0,8196.0,27815.0,9230.0,1034.0,703,Proctor,Aston Villa,Sam,564505,,1,7,Sam_Proctor,31,Crystal Palace,7,Aston Villa,GKP,2
1468,183.0,26.0,14.0,0.0,False,2025-08-30T14:00:00Z,3.0,2.0,3.0,False,0.0,0.0,0.0,0.0,0.0,0.0,0.0,0.0,0.0,0.0,0.0,0.0,0.0,0.0,0.0,0.0,0.0,0.0,0.0,0.0,0.0,0.0,0.00,0.00,0.00,0.00,45.0,-1626.0,17397.0,531.0,2157.0,183,Weiß,Burnley,Max,518030,,1,90,Max_Weiß,1,Man Utd,90,Burnley,GKP,3
1469,184.0,26.0,14.0,0.0,False,2025-08-30T14:00:00Z,3.0,2.0,3.0,False,0.0,0.0,0.0,0.0,0.0,0.0,0.0,0.0,0.0,0.0,0.0,0.0,0.0,0.0,0.0,0.0,0.0,0.0,0.0,0.0,0.0,0.0,0.00,0.00,0.00,0.00,40.0,-1617.0,47580.0,1871.0,3488.0,184,Green,Burnley,Etienne,489571,,1,90,Etienne_Green,1,Man Utd,90,Burnley,GKP,3
1470,185.0,26.0,14.0,0.0,False,2025-08-30T14:00:00Z,3.0,2.0,3.0,False,0.0,0.0,0.0,0.0,0.0,0.0,0.0,0.0,0.0,0.0,0.0,0.0,0.0,0.0,0.0,0.0,0.0,0.0,0.0,0.0,0.0,0.0,0.00,0.00,0.00,0.00,40.0,-1182.0,21267.0,538.0,1720.0,185,Hladký,Burnley,Václav,51943,,1,90,Václav_Hladký,1,Man Utd,90,Burnley,GKP,3
1471,186.0,26.0,14.0,0.0,False,2025-08-30T14:00:00Z,3.0,2.0,3.0,False,0.0,0.0,0.0,0.0,0.0,0.0,0.0,0.0,0.0,0.0,0.0,0.0,0.0,0.0,0.0,0.0,0.0,0.0,0.0,0.0,0.0,0.0,0.00,0.00,0.00,0.00,45.0,-2616.0,7001.0,52.0,2668.0,186,Roberts,Burnley,Connor,192290,Knock - Expected back 14 Sep,2,90,Connor_Roberts,1,Man Utd,90,Burnley,DEF,3
1472,187.0,26.0,14.0,0.0,False,2025-08-30T14:00:00Z,3.0,2.0,3.0,False,90.0,0.0,0.0,0.0,3.0,0.0,0.0,0.0,1.0,0.0,0.0,0.0,-1.0,15.4,1.3,0.0,1.7,4.0,3.0,3.0,7.0,1.0,0.00,0.02,0.02,3.54,45.0,-4973.0,214043.0,15143.0,20116.0,187,Walker,Burnley,Kyle,58621,,2,90,Kyle_Walker,1,Man Utd,90,Burnley,DEF,3
1473,188.0,26.0,14.0,0.0,False,2025-08-30T14:00:00Z,3.0,2.0,3.0,False,0.0,0.0,0.0,0.0,0.0,0.0,0.0,0.0,0.0,0.0,0.0,0.0,0.0,0.0,0.0,0.0,0.0,0.0,0.0,0.0,0.0,0.0,0.00,0.00,0.00,0.00,40.0,-3091.0,30981.0,1200.0,4291.0,188,Delcroix,Burnley,Hannes,247245,,2,90,Hannes_Delcroix,1,Man Utd,90,Burnley,DEF,3
1474,189.0,26.0,14.0,0.0,False,2025-08-30T14:00:00Z,3.0,2.0,3.0,False,0.0,0.0,0.0,0.0,0.0,0.0,0.0,0.0,0.0,0.0,0.0,0.0,0.0,0.0,0.0,0.0,0.0,0.0,0.0,0.0,0.0,0.0,0.00,0.00,0.00,0.00,40.0,-499.0,2551.0,0.0,499.0,189,Dodgson,Burnley,Owen,461567,Has joined Stockport County on loan for the rest of the season.,2,90,Owen_Dodgson,1,Man Utd,90,Burnley,DEF,3
1475,190.0,26.0,14.0,3.0,False,2025-08-30T14:00:00Z,3.0,2.0,3.0,False,82.0,0.0,0.0,0.0,2.0,0.0,0.0,0.0,0.0,0.0,0.0,0.0,11.0,24.2,0.3,2.0,2.7,10.0,6.0,2.0,12.0,1.0,0.00,0.00,0.00,2.48,40.0,67921.0,124340.0,82477.0,14556.0,190,Ekdal,Burnley,Hjalmar,478969,,2,90,Hjalmar_Ekdal,1,Man Utd,90,Burnley,DEF,3
1476,191.0,26.0,14.0,1.0,False,2025-08-30T14:00:00Z,3.0,2.0,3.0,False,90.0,0.0,0.0,0.0,3.0,0.0,0.0,0.0,0.0,0.0,0.0,0.0,-2.0,16.4,0.2,2.0,1.9,7.0,1.0,1.0,8.0,1.0,0.00,0.00,0.00,3.54,40.0,-7707.0,2100701.0,105478.0,113185.0,191,Estève,Burnley,Maxime,477717,,2,90,Maxime_Estève,1,Man Utd,90,Burnley,DEF,3
1477,192.0,26.0,14.0,1.0,False,2025-08-30T14:00:00Z,3.0,2.0,3.0,False,90.0,0.0,0.0,0.0,3.0,0.0,0.0,0.0,0.0,0.0,0.0,0.0,2.0,17.6,1.8,7.0,2.6,6.0,3.0,2.0,8.0,1.0,0.09,0.00,0.09,3.54,40.0,1121.0,61954.0,7358.0,6237.0,192,Hartman,Burnley,Quilindschy,494960,,2,90,Quilindschy_Hartman,1,Man Utd,90,Burnley,DEF,3
1478,193.0,26.0,14.0,0.0,False,2025-08-30T14:00:00Z,3.0,2.0,3.0,False,0.0,0.0,0.0,0.0,0.0,0.0,0.0,0.0,0.0,0.0,0.0,0.0,0.0,0.0,0.0,0.0,0.0,0.0,0.0,0.0,0.0,0.0,0.00,0.00,0.00,0.00,40.0,-437.0,5190.0,218.0,655.0,193,Humphreys,Burnley,Bashir,461188,,2,90,Bashir_Humphreys,1,Man Utd,90,Burnley,DEF,3
1479,194.0,26.0,14.0,0.0,False,2025-08-30T14:00:00Z,3.0,2.0,3.0,False,0.0,0.0,0.0,0.0,0.0,0.0,0.0,0.0,0.0,0.0,0.0,0.0,0.0,0.0,0.0,0.0,0.0,0.0,0.0,0.0,0.0,0.0,0.00,0.00,0.00,0.00,40.0,-4343.0,14467.0,72.0,4415.0,194,Beyer,Burnley,Jordan,241231,Knee injury - Expected back 14 Sep,2,90,Jordan_Beyer,1,Man Utd,90,Burnley,DEF,3
1480,195.0,26.0,14.0,0.0,False,2025-08-30T14:00:00Z,3.0,2.0,3.0,False,0.0,0.0,0.0,0.0,0.0,0.0,0.0,0.0,0.0,0.0,0.0,0.0,0.0,0.0,0.0,0.0,0.0,0.0,0.0,0.0,0.0,0.0,0.00,0.00,0.00,0.00,40.0,-1609.0,16096.0,426.0,2035.0,195,Pires Silva,Burnley,Lucas,549329,,2,90,Lucas_Pires Silva,1,Man Utd,90,Burnley,DEF,3
1481,196.0,26.0,14.0,0.0,False,2025-08-30T14:00:00Z,3.0,2.0,3.0,False,0.0,0.0,0.0,0.0,0.0,0.0,0.0,0.0,0.0,0.0,0.0,0.0,0.0,0.0,0.0,0.0,0.0,0.0,0.0,0.0,0.0,0.0,0.00,0.00,0.00,0.00,40.0,-2618.0,9361.0,0.0,2618.0,196,Sambo,Burnley,Shurandy,450072,Has joined Sparta Rotterdam on loan for the rest of the season.,2,90,Shurandy_Sambo,1,Man Utd,90,Burnley,DEF,3
1482,197.0,26.0,14.0,1.0,False,2025-08-30T14:00:00Z,3.0,2.0,3.0,False,8.0,0.0,0.0,0.0,1.0,0.0,0.0,0.0,0.0,0.0,0.0,0.0,1.0,3.0,0.0,0.0,0.3,1.0,0.0,1.0,2.0,0.0,0.00,0.00,0.00,1.06,40.0,-918.0,16874.0,800.0,1718.0,197,Sonne,Burnley,Oliver,519895,,2,90,Oliver_Sonne,1,Man Utd,90,Burnley,DEF,3
1483,198.0,26.0,14.0,0.0,False,2025-08-30T14:00:00Z,3.0,2.0,3.0,False,0.0,0.0,0.0,0.0,0.0,0.0,0.0,0.0,0.0,0.0,0.0,0.0,0.0,0.0,0.0,0.0,0.0,0.0,0.0,0.0,0.0,0.0,0.00,0.00,0.00,0.00,40.0,-35080.0,199567.0,806.0,35886.0,198,Tuanzebe,Burnley,Axel,180804,,2,90,Axel_Tuanzebe,1,Man Utd,90,Burnley,DEF,3
1484,199.0,26.0,14.0,1.0,False,2025-08-30T14:00:00Z,3.0,2.0,3.0,False,7.0,0.0,0.0,0.0,1.0,0.0,0.0,0.0,0.0,0.0,0.0,0.0,1.0,3.0,0.0,0.0,0.3,2.0,1.0,0.0,2.0,0.0,0.00,0.00,0.00,1.06,40.0,-930.0,15013.0,493.0,1423.0,199,Worrall,Burnley,Joe,208912,,2,90,Joe_Worrall,1,Man Utd,90,Burnley,DEF,3
1485,200.0,26.0,14.0,6.0,False,2025-08-30T14:00:00Z,3.0,2.0,3.0,False,90.0,1.0,0.0,0.0,3.0,0.0,0.0,0.0,1.0,0.0,0.0,0.0,21.0,40.8,0.8,35.0,7.7,4.0,2.0,0.0,6.0,1.0,0.38,0.01,0.39,3.54,55.0,20194.0,47871.0,26929.0,6735.0,200,Anthony,Burnley,Jaidon,444180,,3,90,Jaidon_Anthony,1,Man Utd,90,Burnley,MID,3
1486,201.0,26.0,14.0,0.0,False,2025-08-30T14:00:00Z,3.0,2.0,3.0,False,0.0,0.0,0.0,0.0,0.0,0.0,0.0,0.0,0.0,0.0,0.0,0.0,0.0,0.0,0.0,0.0,0.0,0.0,0.0,0.0,0.0,0.0,0.00,0.00,0.00,0.00,55.0,-172.0,2802.0,294.0,466.0,201,Benson Hedilazio,Burnley,Manuel,183751,,3,90,Manuel_Benson Hedilazio,1,Man Utd,90,Burnley,MID,3
1487,202.0,26.0,14.0,5.0,False,2025-08-30T14:00:00Z,3.0,2.0,3.0,False,81.0,0.0,1.0,0.0,2.0,0.0,0.0,0.0,0.0,0.0,0.0,0.0,22.0,29.2,26.6,8.0,6.4,4.0,2.0,1.0,7.0,1.0,0.03,0.32,0.35,2.48,54.0,-373.0,4165.0,335.0,708.0,202,Bruun Larsen,Burnley,Jacob,179458,,3,90,Jacob_Bruun Larsen,1,Man Utd,90,Burnley,MID,3
1488,203.0,26.0,14.0,0.0,False,2025-08-30T14:00:00Z,3.0,2.0,3.0,False,0.0,0.0,0.0,0.0,0.0,0.0,0.0,0.0,0.0,0.0,0.0,0.0,0.0,0.0,0.0,0.0,0.0,0.0,0.0,0.0,0.0,0.0,0.00,0.00,0.00,0.00,49.0,-830.0,5742.0,204.0,1034.0,203,Agyei,Burnley,Enock,578614,,3,90,Enock_Agyei,1,Man Utd,90,Burnley,MID,3
1489,204.0,26.0,14.0,0.0,False,2025-08-30T14:00:00Z,3.0,2.0,3.0,False,0.0,0.0,0.0,0.0,0.0,0.0,0.0,0.0,0.0,0.0,0.0,0.0,0.0,0.0,0.0,0.0,0.0,0.0,0.0,0.0,0.0,0.0,0.00,0.00,0.00,0.00,50.0,-329.0,2723.0,80.0,409.0,204,Churlinov,Burnley,Darko,250735,,3,90,Darko_Churlinov,1,Man Utd,90,Burnley,MID,3
1490,205.0,26.0,14.0,2.0,False,2025-08-30T14:00:00Z,3.0,2.0,3.0,False,90.0,0.0,0.0,0.0,3.0,1.0,0.0,0.0,0.0,0.0,0.0,0.0,7.0,15.4,3.3,0.0,1.9,7.0,5.0,2.0,14.0,1.0,0.00,0.02,0.02,3.54,50.0,149990.0,214993.0,173657.0,23667.0,205,Cullen,Burnley,Josh,172567,,3,90,Josh_Cullen,1,Man Utd,90,Burnley,MID,3
1491,206.0,26.0,14.0,0.0,False,2025-08-30T14:00:00Z,3.0,2.0,3.0,False,0.0,0.0,0.0,0.0,0.0,0.0,0.0,0.0,0.0,0.0,0.0,0.0,0.0,0.0,0.0,0.0,0.0,0.0,0.0,0.0,0.0,0.0,0.00,0.00,0.00,0.00,49.0,-1744.0,8313.0,462.0,2206.0,206,Edwards,Burnley,Marcus,174592,,3,90,Marcus_Edwards,1,Man Utd,90,Burnley,MID,3
1492,207.0,26.0,14.0,2.0,False,2025-08-30T14:00:00Z,3.0,2.0,3.0,False,64.0,0.0,0.0,0.0,2.0,0.0,0.0,0.0,0.0,0.0,0.0,0.0,7.0,2.8,3.1,4.0,1.0,1.0,0.0,2.0,3.0,1.0,0.11,0.00,0.11,2.31,50.0,833.0,18327.0,2805.0,1972.0,207,Mejbri,Burnley,Hannibal,465527,,3,90,Hannibal_Mejbri,1,Man Utd,90,Burnley,MID,3
1493,208.0,26.0,14.0,0.0,False,2025-08-30T14:00:00Z,3.0,2.0,3.0,False,0.0,0.0,0.0,0.0,0.0,0.0,0.0,0.0,0.0,0.0,0.0,0.0,0.0,0.0,0.0,0.0,0.0,0.0,0.0,0.0,0.0,0.0,0.00,0.00,0.00,0.00,50.0,-1216.0,2383.0,0.0,1216.0,208,Koleosho,Burnley,Luca,487702,Has joined Espanyol on loan for the rest of the season.,3,90,Luca_Koleosho,1,Man Utd,90,Burnley,MID,3
1494,209.0,26.0,14.0,0.0,False,2025-08-30T14:00:00Z,3.0,2.0,3.0,False,14.0,0.0,0.0,0.0,1.0,0.0,0.0,0.0,1.0,0.0,0.0,0.0,1.0,2.4,0.1,2.0,0.5,2.0,2.0,0.0,4.0,0.0,0.00,0.00,0.00,1.13,50.0,-423.0,3272.0,67.0,490.0,209,Laurent,Burnley,Josh,167887,,3,90,Josh_Laurent,1,Man Utd,90,Burnley,MID,3
1495,210.0,26.0,14.0,3.0,False,2025-08-30T14:00:00Z,3.0,2.0,3.0,False,25.0,0.0,1.0,0.0,1.0,0.0,0.0,0.0,1.0,0.0,0.0,0.0,12.0,4.2,1.3,17.0,2.3,0.0,0.0,1.0,1.0,0.0,0.13,0.00,0.13,1.23,50.0,-283.0,3025.0,87.0,370.0,210,Tchaouna,Burnley,Loum,469272,,3,90,Loum_Tchaouna,1,Man Utd,90,Burnley,MID,3
1496,211.0,26.0,14.0,0.0,False,2025-08-30T14:00:00Z,3.0,2.0,3.0,False,0.0,0.0,0.0,0.0,0.0,0.0,0.0,0.0,0.0,0.0,0.0,0.0,0.0,0.0,0.0,0.0,0.0,0.0,0.0,0.0,0.0,0.0,0.00,0.00,0.00,0.00,45.0,-132387.0,820442.0,21252.0,153639.0,211,Ramsey,Burnley,Aaron,447715,,3,90,Aaron_Ramsey,1,Man Utd,90,Burnley,MID,3
1497,212.0,26.0,14.0,0.0,False,2025-08-30T14:00:00Z,3.0,2.0,3.0,False,0.0,0.0,0.0,0.0,0.0,0.0,0.0,0.0,0.0,0.0,0.0,0.0,0.0,0.0,0.0,0.0,0.0,0.0,0.0,0.0,0.0,0.0,0.00,0.00,0.00,0.00,45.0,-613.0,1801.0,0.0,613.0,212,Adewumi,Burnley,Oluwaseun,576323,Has joined Cercle Brugge on loan for the rest of the season.,3,90,Oluwaseun_Adewumi,1,Man Utd,90,Burnley,MID,3
1498,213.0,26.0,14.0,0.0,False,2025-08-30T14:00:00Z,3.0,2.0,3.0,False,0.0,0.0,0.0,0.0,0.0,0.0,0.0,0.0,0.0,0.0,0.0,0.0,0.0,0.0,0.0,0.0,0.0,0.0,0.0,0.0,0.0,0.0,0.00,0.00,0.00,0.00,45.0,-301.0,3957.0,335.0,636.0,213,Banel,Burnley,Jaydon,551206,,3,90,Jaydon_Banel,1,Man Utd,90,Burnley,MID,3
1499,214.0,26.0,14.0,0.0,False,2025-08-30T14:00:00Z,3.0,2.0,3.0,False,0.0,0.0,0.0,0.0,0.0,0.0,0.0,0.0,0.0,0.0,0.0,0.0,0.0,0.0,0.0,0.0,0.0,0.0,0.0,0.0,0.0,0.0,0.00,0.00,0.00,0.00,45.0,-845.0,7355.0,378.0,1223.0,214,Trésor Ndayishimiye,Burnley,Mike,437748,,3,90,Mike_Trésor Ndayishimiye,1,Man Utd,90,Burnley,MID,3
1500,215.0,26.0,14.0,0.0,False,2025-08-30T14:00:00Z,3.0,2.0,3.0,False,0.0,0.0,0.0,0.0,0.0,0.0,0.0,0.0,0.0,0.0,0.0,0.0,0.0,0.0,0.0,0.0,0.0,0.0,0.0,0.0,0.0,0.0,0.00,0.00,0.00,0.00,55.0,-2555.0,16012.0,1567.0,4122.0,215,Flemming,Burnley,Zian,431639,,4,90,Zian_Flemming,1,Man Utd,90,Burnley,FWD,3
1501,216.0,26.0,14.0,0.0,False,2025-08-30T14:00:00Z,3.0,2.0,3.0,False,0.0,0.0,0.0,0.0,0.0,0.0,0.0,0.0,0.0,0.0,0.0,0.0,0.0,0.0,0.0,0.0,0.0,0.0,0.0,0.0,0.0,0.0,0.00,0.00,0.00,0.00,49.0,-1005.0,3839.0,69.0,1074.0,216,Amdouni,Burnley,Zeki,492831,Knee injury - Unknown return date,4,90,Zeki_Amdouni,1,Man Utd,90,Burnley,FWD,3
1502,217.0,26.0,14.0,6.0,False,2025-08-30T14:00:00Z,3.0,2.0,3.0,False,90.0,1.0,0.0,0.0,3.0,0.0,0.0,0.0,1.0,0.0,0.0,1.0,27.0,39.2,3.3,25.0,6.8,1.0,4.0,1.0,6.0,1.0,0.51,0.00,0.51,3.54,50.0,-1075.0,64194.0,14059.0,15134.0,217,Foster,Burnley,Lyle,435973,,4,90,Lyle_Foster,1,Man Utd,90,Burnley,FWD,3
1503,218.0,26.0,14.0,0.0,False,2025-08-30T14:00:00Z,3.0,2.0,3.0,False,0.0,0.0,0.0,0.0,0.0,0.0,0.0,0.0,0.0,0.0,0.0,0.0,0.0,0.0,0.0,0.0,0.0,0.0,0.0,0.0,0.0,0.0,0.00,0.00,0.00,0.00,45.0,-46382.0,203100.0,5655.0,52037.0,218,Barnes,Burnley,Ashley,44699,,4,90,Ashley_Barnes,1,Man Utd,90,Burnley,FWD,3
1504,219.0,26.0,14.0,0.0,False,2025-08-30T14:00:00Z,3.0,2.0,3.0,False,0.0,0.0,0.0,0.0,0.0,0.0,0.0,0.0,0.0,0.0,0.0,0.0,0.0,0.0,0.0,0.0,0.0,0.0,0.0,0.0,0.0,0.0,0.00,0.00,0.00,0.00,45.0,-7251.0,38803.0,1106.0,8357.0,219,Obafemi,Burnley,Michael,220598,,4,90,Michael_Obafemi,1,Man Utd,90,Burnley,FWD,3
1505,470.0,26.0,14.0,2.0,False,2025-08-30T14:00:00Z,3.0,2.0,3.0,False,90.0,0.0,0.0,0.0,3.0,0.0,0.0,0.0,0.0,0.0,5.0,0.0,7.0,35.4,0.0,0.0,3.5,2.0,5.0,0.0,0.0,1.0,0.00,0.00,0.00,3.54,40.0,60622.0,3866489.0,146062.0,85440.0,470,Dúbravka,Burnley,Martin,67089,,1,90,Martin_Dúbravka,1,Man Utd,90,Burnley,GKP,3
1506,676.0,26.0,14.0,2.0,False,2025-08-30T14:00:00Z,3.0,2.0,3.0,False,75.0,0.0,0.0,0.0,2.0,0.0,0.0,0.0,0.0,0.0,0.0,0.0,8.0,8.6,1.7,0.0,1.0,2.0,4.0,4.0,10.0,1.0,0.00,0.00,0.00,2.41,50.0,-359.0,4900.0,292.0,651.0,676,Ugochukwu,Burnley,Lesley,503714,,3,90,Lesley_Ugochukwu,1,Man Utd,90,Burnley,MID,3
1507,680.0,26.0,14.0,0.0,False,2025-08-30T14:00:00Z,3.0,2.0,3.0,False,0.0,0.0,0.0,0.0,0.0,0.0,0.0,0.0,0.0,0.0,0.0,0.0,0.0,0.0,0.0,0.0,0.0,0.0,0.0,0.0,0.0,0.0,0.00,0.00,0.00,0.00,54.0,-6266.0,18529.0,597.0,6863.0,680,Broja,Burnley,Armando,440323,,4,90,Armando_Broja,1,Man Utd,90,Burnley,FWD,3
1508,66.0,29.0,18.0,0.0,False,2025-08-30T14:00:00Z,0.0,1.0,3.0,False,0.0,0.0,0.0,0.0,0.0,0.0,0.0,0.0,0.0,0.0,0.0,0.0,0.0,0.0,0.0,0.0,0.0,0.0,0.0,0.0,0.0,0.0,0.00,0.00,0.00,0.00,45.0,-3018.0,14385.0,0.0,3018.0,66,Murara Neto,Bournemouth,Norberto,69752,Has joined Botafogo permanently.,1,91,Norberto_Murara Neto,6,Spurs,91,Bournemouth,GKP,4
1509,67.0,29.0,18.0,5.0,False,2025-08-30T14:00:00Z,0.0,1.0,3.0,False,90.0,0.0,0.0,1.0,0.0,0.0,0.0,0.0,1.0,0.0,1.0,0.0,22.0,11.0,0.0,0.0,1.1,2.0,10.0,0.0,0.0,1.0,0.00,0.00,0.00,0.17,45.0,8552.0,403445.0,45402.0,36850.0,67,Petrović,Bournemouth,Đorđe,457569,,1,91,Đorđe_Petrović,6,Spurs,91,Bournemouth,GKP,4
1510,68.0,29.0,18.0,0.0,False,2025-08-30T14:00:00Z,0.0,1.0,3.0,False,0.0,0.0,0.0,0.0,0.0,0.0,0.0,0.0,0.0,0.0,0.0,0.0,0.0,0.0,0.0,0.0,0.0,0.0,0.0,0.0,0.0,0.0,0.00,0.00,0.00,0.00,40.0,-416.0,125439.0,8050.0,8466.0,68,Dennis,Bournemouth,Will,444172,,1,91,Will_Dennis,6,Spurs,91,Bournemouth,GKP,4
1511,69.0,29.0,18.0,0.0,False,2025-08-30T14:00:00Z,0.0,1.0,3.0,False,0.0,0.0,0.0,0.0,0.0,0.0,0.0,0.0,0.0,0.0,0.0,0.0,0.0,0.0,0.0,0.0,0.0,0.0,0.0,0.0,0.0,0.0,0.00,0.00,0.00,0.00,40.0,-381.0,24736.0,1123.0,1504.0,69,McKenna,Bournemouth,Callan,568791,,1,91,Callan_McKenna,6,Spurs,91,Bournemouth,GKP,4
1512,70.0,29.0,18.0,0.0,False,2025-08-30T14:00:00Z,0.0,1.0,3.0,False,0.0,0.0,0.0,0.0,0.0,0.0,0.0,0.0,0.0,0.0,0.0,0.0,0.0,0.0,0.0,0.0,0.0,0.0,0.0,0.0,0.0,0.0,0.00,0.00,0.00,0.00,40.0,-1655.0,14490.0,324.0,1979.0,70,Paulsen,Bournemouth,Alex,495145,Has joined Lechia Gdansk on loan for the rest of the season.,1,91,Alex_Paulsen,6,Spurs,91,Bournemouth,GKP,4
1513,71.0,29.0,18.0,0.0,False,2025-08-30T14:00:00Z,0.0,1.0,3.0,False,0.0,0.0,0.0,0.0,0.0,0.0,0.0,0.0,0.0,0.0,0.0,0.0,0.0,0.0,0.0,0.0,0.0,0.0,0.0,0.0,0.0,0.0,0.00,0.00,0.00,0.00,50.0,-1533.0,4650.0,0.0,1533.0,71,Zabarnyi,Bournemouth,Illia,477580,Has joined Paris Saint-Germain permanently.,2,91,Illia_Zabarnyi,6,Spurs,91,Bournemouth,DEF,4
1514,72.0,29.0,18.0,14.0,False,2025-08-30T14:00:00Z,0.0,1.0,3.0,False,90.0,0.0,1.0,1.0,0.0,0.0,0.0,0.0,0.0,0.0,0.0,3.0,41.0,36.2,10.7,6.0,5.3,11.0,6.0,2.0,13.0,1.0,0.11,0.03,0.14,0.17,45.0,39641.0,196264.0,67786.0,28145.0,72,Senesi Barón,Bournemouth,Marcos,221466,,2,91,Marcos_Senesi Barón,6,Spurs,91,Bournemouth,DEF,4
1515,73.0,29.0,18.0,1.0,False,2025-08-30T14:00:00Z,0.0,1.0,3.0,False,25.0,0.0,0.0,0.0,0.0,0.0,0.0,0.0,0.0,0.0,0.0,0.0,2.0,0.0,0.1,0.0,0.0,0.0,0.0,0.0,0.0,1.0,0.00,0.00,0.00,0.00,45.0,-2268.0,40820.0,2510.0,4778.0,73,Smith,Bournemouth,Adam,54469,,2,91,Adam_Smith,6,Spurs,91,Bournemouth,DEF,4
1516,74.0,29.0,18.0,7.0,False,2025-08-30T14:00:00Z,0.0,1.0,3.0,False,90.0,0.0,0.0,1.0,0.0,0.0,0.0,0.0,0.0,0.0,0.0,1.0,24.0,19.8,19.4,1.0,4.0,4.0,0.0,5.0,9.0,1.0,0.01,0.10,0.11,0.17,45.0,1401.0,107444.0,15737.0,14336.0,74,Truffert,Bournemouth,Adrien,494521,,2,91,Adrien_Truffert,6,Spurs,91,Bournemouth,DEF,4
1517,75.0,29.0,18.0,0.0,False,2025-08-30T14:00:00Z,0.0,1.0,3.0,False,0.0,0.0,0.0,0.0,0.0,0.0,0.0,0.0,0.0,0.0,0.0,0.0,0.0,0.0,0.0,0.0,0.0,0.0,0.0,0.0,0.0,0.0,0.00,0.00,0.00,0.00,40.0,-2089.0,34570.0,1919.0,4008.0,75,Akinmboni,Bournemouth,Matai,541462,,2,91,Matai_Akinmboni,6,Spurs,91,Bournemouth,DEF,4
1518,76.0,29.0,18.0,0.0,False,2025-08-30T14:00:00Z,0.0,1.0,3.0,False,0.0,0.0,0.0,0.0,0.0,0.0,0.0,0.0,0.0,0.0,0.0,0.0,0.0,0.0,0.0,0.0,0.0,0.0,0.0,0.0,0.0,0.0,0.00,0.00,0.00,0.00,40.0,-1473.0,18294.0,600.0,2073.0,76,Bevan,Bournemouth,Owen,518906,,2,91,Owen_Bevan,6,Spurs,91,Bournemouth,DEF,4
1519,77.0,29.0,18.0,5.0,False,2025-08-30T14:00:00Z,0.0,1.0,3.0,False,64.0,0.0,0.0,1.0,0.0,0.0,0.0,0.0,1.0,0.0,0.0,0.0,17.0,7.6,0.7,4.0,1.2,5.0,4.0,0.0,5.0,0.0,0.00,0.00,0.00,0.17,40.0,-4151.0,83142.0,6270.0,10421.0,77,Hill,Bournemouth,James,463981,,2,91,James_Hill,6,Spurs,91,Bournemouth,DEF,4
1520,78.0,29.0,18.0,0.0,False,2025-08-30T14:00:00Z,0.0,1.0,3.0,False,0.0,0.0,0.0,0.0,0.0,0.0,0.0,0.0,0.0,0.0,0.0,0.0,0.0,0.0,0.0,0.0,0.0,0.0,0.0,0.0,0.0,0.0,0.00,0.00,0.00,0.00,40.0,-18310.0,116654.0,4673.0,22983.0,78,Araujo Zúñiga,Bournemouth,Julián,436893,,2,91,Julián_Araujo Zúñiga,6,Spurs,91,Bournemouth,DEF,4
1521,79.0,29.0,18.0,0.0,False,2025-08-30T14:00:00Z,0.0,1.0,3.0,False,0.0,0.0,0.0,0.0,0.0,0.0,0.0,0.0,0.0,0.0,0.0,0.0,0.0,0.0,0.0,0.0,0.0,0.0,0.0,0.0,0.0,0.0,0.00,0.00,0.00,0.00,40.0,-1726.0,20442.0,568.0,2294.0,79,Mepham,Bournemouth,Chris,223911,,2,91,Chris_Mepham,6,Spurs,91,Bournemouth,DEF,4
1522,80.0,29.0,18.0,0.0,False,2025-08-30T14:00:00Z,0.0,1.0,3.0,False,0.0,0.0,0.0,0.0,0.0,0.0,0.0,0.0,0.0,0.0,0.0,0.0,0.0,0.0,0.0,0.0,0.0,0.0,0.0,0.0,0.0,0.0,0.00,0.00,0.00,0.00,40.0,-2101.0,29513.0,1250.0,3351.0,80,Soler Barreto,Bournemouth,Julio,575901,,2,91,Julio_Soler Barreto,6,Spurs,91,Bournemouth,DEF,4
1523,81.0,29.0,18.0,1.0,False,2025-08-30T14:00:00Z,0.0,1.0,3.0,False,9.0,0.0,0.0,0.0,0.0,0.0,0.0,0.0,0.0,0.0,0.0,0.0,1.0,0.8,3.3,2.0,0.6,0.0,1.0,0.0,1.0,0.0,0.00,0.00,0.00,0.06,70.0,1776.0,72806.0,10375.0,8599.0,81,Kluivert,Bournemouth,Justin,222683,,3,91,Justin_Kluivert,6,Spurs,91,Bournemouth,MID,4
1524,82.0,29.0,18.0,2.0,False,2025-08-30T14:00:00Z,0.0,1.0,3.0,False,90.0,0.0,0.0,1.0,0.0,0.0,0.0,0.0,1.0,0.0,0.0,0.0,4.0,11.4,23.3,30.0,6.5,0.0,8.0,2.0,10.0,1.0,0.29,0.06,0.35,0.17,73.0,1035361.0,2935140.0,1187657.0,152296.0,82,Semenyo,Bournemouth,Antoine,437730,,3,91,Antoine_Semenyo,6,Spurs,91,Bournemouth,MID,4
1525,84.0,29.0,18.0,3.0,False,2025-08-30T14:00:00Z,0.0,1.0,3.0,False,80.0,0.0,0.0,1.0,0.0,0.0,0.0,0.0,0.0,0.0,0.0,0.0,0.0,4.4,17.3,19.0,4.1,0.0,2.0,3.0,5.0,1.0,0.29,0.05,0.34,0.11,55.0,46016.0,128242.0,69242.0,23226.0,84,Tavernier,Bournemouth,Marcus,201658,,3,91,Marcus_Tavernier,6,Spurs,91,Bournemouth,MID,4
1526,85.0,29.0,18.0,4.0,False,2025-08-30T14:00:00Z,0.0,1.0,3.0,False,90.0,0.0,0.0,1.0,0.0,0.0,0.0,0.0,1.0,0.0,0.0,0.0,14.0,11.2,1.8,17.0,3.0,3.0,7.0,2.0,12.0,1.0,0.04,0.01,0.05,0.17,50.0,-2363.0,37792.0,3631.0,5994.0,85,Adams,Bournemouth,Tyler,200785,,3,91,Tyler_Adams,6,Spurs,91,Bournemouth,MID,4
1527,86.0,29.0,18.0,4.0,False,2025-08-30T14:00:00Z,0.0,1.0,3.0,False,63.0,0.0,0.0,1.0,0.0,0.0,0.0,0.0,0.0,0.0,0.0,1.0,24.0,18.6,25.1,37.0,8.1,0.0,1.0,4.0,5.0,1.0,0.29,0.32,0.61,0.01,50.0,1310.0,30754.0,7385.0,6075.0,86,Brooks,Bournemouth,David,111317,,3,91,David_Brooks,6,Spurs,91,Bournemouth,MID,4
1528,87.0,29.0,18.0,1.0,False,2025-08-30T14:00:00Z,0.0,1.0,3.0,False,27.0,0.0,0.0,0.0,0.0,0.0,0.0,0.0,0.0,0.0,0.0,0.0,10.0,10.2,0.2,2.0,1.2,2.0,3.0,4.0,9.0,0.0,0.00,0.00,0.00,0.16,50.0,-530.0,8328.0,499.0,1029.0,87,Christie,Bournemouth,Ryan,158499,,3,91,Ryan_Christie,6,Spurs,91,Bournemouth,MID,4
1529,88.0,29.0,18.0,0.0,False,2025-08-30T14:00:00Z,0.0,1.0,3.0,False,0.0,0.0,0.0,0.0,0.0,0.0,0.0,0.0,0.0,0.0,0.0,0.0,0.0,0.0,0.0,0.0,0.0,0.0,0.0,0.0,0.0,0.0,0.00,0.00,0.00,0.00,50.0,-230.0,1125.0,34.0,264.0,88,Cook,Bournemouth,Lewis,155408,Knee injury - Expected back 13 Sep,3,91,Lewis_Cook,6,Spurs,91,Bournemouth,MID,4
1530,89.0,29.0,18.0,0.0,False,2025-08-30T14:00:00Z,0.0,1.0,3.0,False,0.0,0.0,0.0,0.0,0.0,0.0,0.0,0.0,0.0,0.0,0.0,0.0,0.0,0.0,0.0,0.0,0.0,0.0,0.0,0.0,0.0,0.0,0.00,0.00,0.00,0.00,49.0,-1748.0,5824.0,190.0,1938.0,89,Billing,Bournemouth,Philip,168991,Has joined Midtjylland permanently.,3,91,Philip_Billing,6,Spurs,91,Bournemouth,MID,4
1531,90.0,29.0,18.0,3.0,False,2025-08-30T14:00:00Z,0.0,1.0,3.0,False,62.0,0.0,0.0,1.0,0.0,0.0,0.0,0.0,0.0,0.0,0.0,0.0,14.0,12.2,30.4,5.0,4.8,2.0,3.0,2.0,7.0,1.0,0.05,0.13,0.18,0.01,50.0,-713.0,10762.0,820.0,1533.0,90,Scott,Bournemouth,Alex,503139,,3,91,Alex_Scott,6,Spurs,91,Bournemouth,MID,4
1532,91.0,29.0,18.0,0.0,False,2025-08-30T14:00:00Z,0.0,1.0,3.0,False,0.0,0.0,0.0,0.0,0.0,0.0,0.0,0.0,0.0,0.0,0.0,0.0,0.0,0.0,0.0,0.0,0.0,0.0,0.0,0.0,0.0,0.0,0.00,0.00,0.00,0.00,50.0,-729.0,2884.0,246.0,975.0,91,Sinisterra Lucumí,Bournemouth,Luis,224995,Has joined Cruzeiro on loan for the rest of the season.,3,91,Luis_Sinisterra Lucumí,6,Spurs,91,Bournemouth,MID,4
1533,92.0,29.0,18.0,0.0,False,2025-08-30T14:00:00Z,0.0,1.0,3.0,False,0.0,0.0,0.0,0.0,0.0,0.0,0.0,0.0,0.0,0.0,0.0,0.0,0.0,0.0,0.0,0.0,0.0,0.0,0.0,0.0,0.0,0.0,0.00,0.00,0.00,0.00,45.0,-2201.0,18908.0,1081.0,3282.0,92,Faivre,Bournemouth,Romain,441240,,3,91,Romain_Faivre,6,Spurs,91,Bournemouth,MID,4
1534,93.0,29.0,18.0,0.0,False,2025-08-30T14:00:00Z,0.0,1.0,3.0,False,0.0,0.0,0.0,0.0,0.0,0.0,0.0,0.0,0.0,0.0,0.0,0.0,0.0,0.0,0.0,0.0,0.0,0.0,0.0,0.0,0.0,0.0,0.00,0.00,0.00,0.00,45.0,-79.0,144165.0,28902.0,28981.0,93,Traorè,Bournemouth,Hamed,424044,,3,91,Hamed_Traorè,6,Spurs,91,Bournemouth,MID,4
1535,94.0,29.0,18.0,0.0,False,2025-08-30T14:00:00Z,0.0,1.0,3.0,False,0.0,0.0,0.0,0.0,0.0,0.0,0.0,0.0,0.0,0.0,0.0,0.0,0.0,0.0,0.0,0.0,0.0,0.0,0.0,0.0,0.0,0.0,0.00,0.00,0.00,0.00,45.0,-581.0,6366.0,375.0,956.0,94,Sadi,Bournemouth,Dominic,550596,,3,91,Dominic_Sadi,6,Spurs,91,Bournemouth,MID,4
1536,95.0,29.0,18.0,0.0,False,2025-08-30T14:00:00Z,0.0,1.0,3.0,False,0.0,0.0,0.0,0.0,0.0,0.0,0.0,0.0,0.0,0.0,0.0,0.0,0.0,0.0,0.0,0.0,0.0,0.0,0.0,0.0,0.0,0.0,0.00,0.00,0.00,0.00,45.0,-1161.0,8352.0,248.0,1409.0,95,Silcott-Duberry,Bournemouth,Zain,530121,,3,91,Zain_Silcott-Duberry,6,Spurs,91,Bournemouth,MID,4
1537,96.0,29.0,18.0,0.0,False,2025-08-30T14:00:00Z,0.0,1.0,3.0,False,0.0,0.0,0.0,0.0,0.0,0.0,0.0,0.0,0.0,0.0,0.0,0.0,0.0,0.0,0.0,0.0,0.0,0.0,0.0,0.0,0.0,0.0,0.00,0.00,0.00,0.00,45.0,-1013.0,10459.0,739.0,1752.0,96,Winterburn,Bournemouth,Ben,606775,,3,91,Ben_Winterburn,6,Spurs,91,Bournemouth,MID,4
1538,97.0,29.0,18.0,8.0,False,2025-08-30T14:00:00Z,0.0,1.0,3.0,False,80.0,1.0,0.0,1.0,0.0,0.0,0.0,0.0,0.0,0.0,0.0,2.0,34.0,40.6,21.7,63.0,12.5,2.0,3.0,0.0,5.0,1.0,0.48,0.06,0.54,0.11,70.0,-58870.0,212854.0,14014.0,72884.0,97,de Lima Barbosa,Bournemouth,Francisco Evanilson,444102,,4,91,Francisco Evanilson_de Lima Barbosa,6,Spurs,91,Bournemouth,FWD,4
1539,98.0,29.0,18.0,0.0,False,2025-08-30T14:00:00Z,0.0,1.0,3.0,False,0.0,0.0,0.0,0.0,0.0,0.0,0.0,0.0,0.0,0.0,0.0,0.0,0.0,0.0,0.0,0.0,0.0,0.0,0.0,0.0,0.0,0.0,0.00,0.00,0.00,0.00,55.0,-155.0,1277.0,101.0,256.0,98,Ünal,Bournemouth,Enes,168636,Knee injury - Unknown return date,4,91,Enes_Ünal,6,Spurs,91,Bournemouth,FWD,4
1540,99.0,29.0,18.0,0.0,False,2025-08-30T14:00:00Z,0.0,1.0,3.0,False,0.0,0.0,0.0,0.0,0.0,0.0,0.0,0.0,0.0,0.0,0.0,0.0,0.0,0.0,0.0,0.0,0.0,0.0,0.0,0.0,0.0,0.0,0.00,0.00,0.00,0.00,45.0,-5111.0,28995.0,1490.0,6601.0,99,Adu-Adjei,Bournemouth,Daniel,590760,,4,91,Daniel_Adu-Adjei,6,Spurs,91,Bournemouth,FWD,4
1541,100.0,29.0,18.0,1.0,False,2025-08-30T14:00:00Z,0.0,1.0,3.0,False,9.0,0.0,0.0,0.0,0.0,0.0,0.0,0.0,0.0,0.0,0.0,0.0,3.0,0.0,0.0,0.0,0.0,0.0,1.0,0.0,1.0,0.0,0.00,0.00,0.00,0.06,45.0,-15048.0,130246.0,20512.0,35560.0,100,Kroupi,Bournemouth,Eli Junior,560262,,4,91,Eli Junior_Kroupi,6,Spurs,91,Bournemouth,FWD,4
1542,391.0,29.0,18.0,0.0,False,2025-08-30T14:00:00Z,0.0,1.0,3.0,False,0.0,0.0,0.0,0.0,0.0,0.0,0.0,0.0,0.0,0.0,0.0,0.0,0.0,0.0,0.0,0.0,0.0,0.0,0.0,0.0,0.0,0.0,0.00,0.00,0.00,0.00,50.0,-543.0,6354.0,508.0,1051.0,391,Gannon-Doak,Bournemouth,Ben,496208,,3,91,Ben_Gannon-Doak,6,Spurs,91,Bournemouth,MID,4
1543,685.0,29.0,18.0,6.0,False,2025-08-30T14:00:00Z,0.0,1.0,3.0,False,90.0,0.0,0.0,1.0,0.0,0.0,0.0,0.0,0.0,0.0,0.0,0.0,22.0,13.4,10.9,2.0,2.6,6.0,3.0,0.0,6.0,1.0,0.00,0.01,0.01,0.17,45.0,8790.0,35681.0,13382.0,4592.0,685,Diakité,Bournemouth,Bafodé,242882,,2,91,Bafodé_Diakité,6,Spurs,91,Bournemouth,DEF,4
1544,687.0,29.0,18.0,0.0,False,2025-08-30T14:00:00Z,0.0,1.0,3.0,False,0.0,0.0,0.0,0.0,0.0,0.0,0.0,0.0,0.0,0.0,0.0,0.0,0.0,0.0,0.0,0.0,0.0,0.0,0.0,0.0,0.0,0.0,0.00,0.00,0.00,0.00,45.0,-1653.0,15182.0,846.0,2499.0,687,Rees-Dottin,Bournemouth,Remy,606774,,3,91,Remy_Rees-Dottin,6,Spurs,91,Bournemouth,MID,4
1545,697.0,29.0,18.0,1.0,False,2025-08-30T14:00:00Z,0.0,1.0,3.0,False,26.0,0.0,0.0,0.0,0.0,0.0,0.0,0.0,0.0,0.0,0.0,0.0,9.0,12.8,10.5,0.0,2.3,2.0,5.0,4.0,11.0,0.0,0.00,0.01,0.01,0.16,55.0,623.0,2547.0,1077.0,454.0,697,Adli,Bournemouth,Amine,489888,,3,91,Amine_Adli,6,Spurs,91,Bournemouth,MID,4
1546,83.0,28.0,17.0,2.0,False,2025-08-30T14:00:00Z,2.0,1.0,3.0,False,90.0,0.0,0.0,0.0,2.0,0.0,0.0,0.0,0.0,0.0,0.0,0.0,6.0,7.2,0.7,19.0,2.7,4.0,3.0,0.0,7.0,1.0,0.11,0.00,0.11,1.59,60.0,100898.0,167945.0,121225.0,20327.0,83,Ouattara,Brentford,Dango,533463,,3,94,Dango_Ouattara,56,Sunderland,94,Brentford,MID,5
1547,101.0,28.0,17.0,1.0,False,2025-08-30T14:00:00Z,2.0,1.0,3.0,False,90.0,0.0,0.0,0.0,2.0,0.0,0.0,0.0,0.0,0.0,1.0,0.0,2.0,13.0,0.0,0.0,1.3,0.0,4.0,0.0,0.0,1.0,0.00,0.00,0.00,1.59,45.0,26285.0,1180892.0,83311.0,57026.0,101,Kelleher,Brentford,Caoimhín,200720,,1,94,Caoimhín_Kelleher,56,Sunderland,94,Brentford,GKP,5
1548,102.0,28.0,17.0,0.0,False,2025-08-30T14:00:00Z,2.0,1.0,3.0,False,0.0,0.0,0.0,0.0,0.0,0.0,0.0,0.0,0.0,0.0,0.0,0.0,0.0,0.0,0.0,0.0,0.0,0.0,0.0,0.0,0.0,0.0,0.00,0.00,0.00,0.00,40.0,-1102.0,35882.0,1562.0,2664.0,102,Balcombe,Brentford,Ellery,235448,,1,94,Ellery_Balcombe,56,Sunderland,94,Brentford,GKP,5
1549,103.0,28.0,17.0,0.0,False,2025-08-30T14:00:00Z,2.0,1.0,3.0,False,0.0,0.0,0.0,0.0,0.0,0.0,0.0,0.0,0.0,0.0,0.0,0.0,0.0,0.0,0.0,0.0,0.0,0.0,0.0,0.0,0.0,0.0,0.00,0.00,0.00,0.00,40.0,-533.0,16828.0,582.0,1115.0,103,Cox,Brentford,Matthew,503300,,1,94,Matthew_Cox,56,Sunderland,94,Brentford,GKP,5
1550,104.0,28.0,17.0,0.0,False,2025-08-30T14:00:00Z,2.0,1.0,3.0,False,0.0,0.0,0.0,0.0,0.0,0.0,0.0,0.0,0.0,0.0,0.0,0.0,0.0,0.0,0.0,0.0,0.0,0.0,0.0,0.0,0.0,0.0,0.00,0.00,0.00,0.00,40.0,-433.0,8492.0,202.0,635.0,104,Eyestone,Brentford,Julian,535017,,1,94,Julian_Eyestone,56,Sunderland,94,Brentford,GKP,5
1551,105.0,28.0,17.0,0.0,False,2025-08-30T14:00:00Z,2.0,1.0,3.0,False,0.0,0.0,0.0,0.0,0.0,0.0,0.0,0.0,0.0,0.0,0.0,0.0,0.0,0.0,0.0,0.0,0.0,0.0,0.0,0.0,0.0,0.0,0.00,0.00,0.00,0.00,40.0,-5937.0,96548.0,1256.0,7193.0,105,Valdimarsson,Brentford,Hákon Rafn,507433,,1,94,Hákon Rafn_Valdimarsson,56,Sunderland,94,Brentford,GKP,5
1552,106.0,28.0,17.0,3.0,False,2025-08-30T14:00:00Z,2.0,1.0,3.0,False,90.0,0.0,0.0,0.0,2.0,0.0,0.0,0.0,0.0,0.0,0.0,0.0,8.0,24.8,0.4,2.0,2.7,10.0,5.0,1.0,11.0,1.0,0.00,0.00,0.00,1.59,50.0,17303.0,207453.0,28235.0,10932.0,106,Collins,Brentford,Nathan,432830,,2,94,Nathan_Collins,56,Sunderland,94,Brentford,DEF,5
1553,107.0,28.0,17.0,6.0,False,2025-08-30T14:00:00Z,2.0,1.0,3.0,False,71.0,0.0,0.0,1.0,0.0,0.0,0.0,0.0,0.0,0.0,0.0,0.0,21.0,8.8,0.3,0.0,0.9,3.0,5.0,2.0,5.0,1.0,0.00,0.00,0.00,0.53,50.0,2073.0,51206.0,5745.0,3672.0,107,Lewis-Potter,Brentford,Keane,249231,,2,94,Keane_Lewis-Potter,56,Sunderland,94,Brentford,DEF,5
1554,108.0,28.0,17.0,0.0,False,2025-08-30T14:00:00Z,2.0,1.0,3.0,False,0.0,0.0,0.0,0.0,0.0,0.0,0.0,0.0,0.0,0.0,0.0,0.0,0.0,0.0,0.0,0.0,0.0,0.0,0.0,0.0,0.0,0.0,0.00,0.00,0.00,0.00,45.0,-833.0,20070.0,1373.0,2206.0,108,Ajer,Brentford,Kristoffer,191866,,2,94,Kristoffer_Ajer,56,Sunderland,94,Brentford,DEF,5
1555,109.0,28.0,17.0,-1.0,False,2025-08-30T14:00:00Z,2.0,1.0,3.0,False,18.0,0.0,0.0,0.0,2.0,0.0,0.0,0.0,1.0,0.0,0.0,0.0,-8.0,0.0,0.3,2.0,0.1,1.0,2.0,1.0,2.0,0.0,0.03,0.02,0.05,1.06,45.0,-1190.0,17423.0,893.0,2083.0,109,Henry,Brentford,Rico,194010,,2,94,Rico_Henry,56,Sunderland,94,Brentford,DEF,5
1556,110.0,28.0,17.0,1.0,False,2025-08-30T14:00:00Z,2.0,1.0,3.0,False,90.0,0.0,0.0,0.0,2.0,0.0,0.0,0.0,0.0,0.0,0.0,0.0,6.0,7.2,2.1,2.0,1.1,2.0,3.0,1.0,3.0,1.0,0.00,0.01,0.01,1.59,45.0,28533.0,62837.0,35051.0,6518.0,110,Kayode,Brentford,Michael,607464,,2,94,Michael_Kayode,56,Sunderland,94,Brentford,DEF,5
1557,111.0,28.0,17.0,0.0,False,2025-08-30T14:00:00Z,2.0,1.0,3.0,False,0.0,0.0,0.0,0.0,0.0,0.0,0.0,0.0,0.0,0.0,0.0,0.0,0.0,0.0,0.0,0.0,0.0,0.0,0.0,0.0,0.0,0.0,0.00,0.00,0.00,0.00,44.0,-3390.0,17465.0,480.0,3870.0,111,Pinnock,Brentford,Ethan,231065,,2,94,Ethan_Pinnock,56,Sunderland,94,Brentford,DEF,5
1558,112.0,28.0,17.0,0.0,False,2025-08-30T14:00:00Z,2.0,1.0,3.0,False,0.0,0.0,0.0,0.0,0.0,0.0,0.0,0.0,0.0,0.0,0.0,0.0,0.0,0.0,0.0,0.0,0.0,0.0,0.0,0.0,0.0,0.0,0.00,0.00,0.00,0.00,45.0,-1465.0,3398.0,0.0,1465.0,112,Roerslev Rasmussen,Brentford,Mads,226956,Has joined Southampton permanently.,2,94,Mads_Roerslev Rasmussen,56,Sunderland,94,Brentford,DEF,5
1559,113.0,28.0,17.0,3.0,False,2025-08-30T14:00:00Z,2.0,1.0,3.0,False,90.0,0.0,0.0,0.0,2.0,0.0,0.0,0.0,0.0,0.0,0.0,0.0,11.0,20.8,0.6,2.0,2.3,10.0,4.0,0.0,10.0,1.0,0.00,0.03,0.03,1.59,45.0,26292.0,91585.0,35223.0,8931.0,113,van den Berg,Brentford,Sepp,444765,,2,94,Sepp_van den Berg,56,Sunderland,94,Brentford,DEF,5
1560,114.0,28.0,17.0,0.0,False,2025-08-30T14:00:00Z,2.0,1.0,3.0,False,0.0,0.0,0.0,0.0,0.0,0.0,0.0,0.0,0.0,0.0,0.0,0.0,0.0,0.0,0.0,0.0,0.0,0.0,0.0,0.0,0.0,0.0,0.00,0.00,0.00,0.00,40.0,-2303.0,32427.0,1535.0,3838.0,114,Arthur,Brentford,Benjamin,622536,,2,94,Benjamin_Arthur,56,Sunderland,94,Brentford,DEF,5
1561,115.0,28.0,17.0,0.0,False,2025-08-30T14:00:00Z,2.0,1.0,3.0,False,0.0,0.0,0.0,0.0,0.0,0.0,0.0,0.0,0.0,0.0,0.0,0.0,0.0,0.0,0.0,0.0,0.0,0.0,0.0,0.0,0.0,0.0,0.00,0.00,0.00,0.00,40.0,-1399.0,17746.0,551.0,1950.0,115,Fredrick,Brentford,Benjamin,612534,,2,94,Benjamin_Fredrick,56,Sunderland,94,Brentford,DEF,5
1562,116.0,28.0,17.0,0.0,False,2025-08-30T14:00:00Z,2.0,1.0,3.0,False,0.0,0.0,0.0,0.0,0.0,0.0,0.0,0.0,0.0,0.0,0.0,0.0,0.0,0.0,0.0,0.0,0.0,0.0,0.0,0.0,0.0,0.0,0.00,0.00,0.00,0.00,40.0,-1625.0,49075.0,3025.0,4650.0,116,Hickey,Brentford,Aaron,472713,,2,94,Aaron_Hickey,56,Sunderland,94,Brentford,DEF,5
1563,117.0,28.0,17.0,0.0,False,2025-08-30T14:00:00Z,2.0,1.0,3.0,False,0.0,0.0,0.0,0.0,0.0,0.0,0.0,0.0,0.0,0.0,0.0,0.0,0.0,0.0,0.0,0.0,0.0,0.0,0.0,0.0,0.0,0.0,0.00,0.00,0.00,0.00,40.0,-1603.0,17108.0,352.0,1955.0,117,Ji-soo,Brentford,Kim,570241,,2,94,Kim_Ji-soo,56,Sunderland,94,Brentford,DEF,5
1564,118.0,28.0,17.0,0.0,False,2025-08-30T14:00:00Z,2.0,1.0,3.0,False,0.0,0.0,0.0,0.0,0.0,0.0,0.0,0.0,0.0,0.0,0.0,0.0,0.0,0.0,0.0,0.0,0.0,0.0,0.0,0.0,0.0,0.0,0.00,0.00,0.00,0.00,40.0,-3011.0,10143.0,0.0,3011.0,118,Meghoma,Brentford,Jayden,499717,Has joined Rangers on loan for the rest of the season.,2,94,Jayden_Meghoma,56,Sunderland,94,Brentford,DEF,5
1565,120.0,28.0,17.0,0.0,False,2025-08-30T14:00:00Z,2.0,1.0,3.0,False,89.0,0.0,0.0,0.0,1.0,0.0,0.0,1.0,0.0,0.0,0.0,0.0,-5.0,6.6,0.7,27.0,3.4,1.0,2.0,1.0,4.0,1.0,0.95,0.00,0.95,1.46,70.0,3559.0,40500.0,8760.0,5201.0,120,Schade,Brentford,Kevin,513418,,3,94,Kevin_Schade,56,Sunderland,94,Brentford,MID,5
1566,121.0,28.0,17.0,2.0,False,2025-08-30T14:00:00Z,2.0,1.0,3.0,False,90.0,0.0,0.0,0.0,2.0,0.0,0.0,0.0,0.0,0.0,0.0,0.0,6.0,11.4,38.6,4.0,5.4,1.0,1.0,0.0,2.0,1.0,0.00,0.28,0.28,1.59,59.0,7264.0,107709.0,17760.0,10496.0,121,Damsgaard,Brentford,Mikkel,440089,,3,94,Mikkel_Damsgaard,56,Sunderland,94,Brentford,MID,5
1567,122.0,28.0,17.0,0.0,False,2025-08-30T14:00:00Z,2.0,1.0,3.0,False,0.0,0.0,0.0,0.0,0.0,0.0,0.0,0.0,0.0,0.0,0.0,0.0,0.0,0.0,0.0,0.0,0.0,0.0,0.0,0.0,0.0,0.0,0.00,0.00,0.00,0.00,54.0,-915.0,5907.0,321.0,1236.0,122,Milambo,Brentford,Antoni,543295,,3,94,Antoni_Milambo,56,Sunderland,94,Brentford,MID,5
1568,123.0,28.0,17.0,1.0,False,2025-08-30T14:00:00Z,2.0,1.0,3.0,False,1.0,0.0,0.0,0.0,1.0,0.0,0.0,0.0,0.0,0.0,0.0,0.0,3.0,0.0,0.1,0.0,0.0,0.0,0.0,0.0,0.0,0.0,0.00,0.00,0.00,0.13,50.0,-5320.0,27391.0,1946.0,7266.0,123,Freitas Gouveia Carvalho,Brentford,Fábio,244858,,3,94,Fábio_Freitas Gouveia Carvalho,56,Sunderland,94,Brentford,MID,5
1569,124.0,28.0,17.0,3.0,False,2025-08-30T14:00:00Z,2.0,1.0,3.0,False,70.0,0.0,0.0,1.0,0.0,0.0,0.0,0.0,0.0,0.0,0.0,0.0,9.0,3.8,6.7,0.0,1.1,2.0,3.0,0.0,5.0,1.0,0.00,0.01,0.01,0.53,50.0,-1058.0,29860.0,2637.0,3695.0,124,Henderson,Brentford,Jordan,56979,,3,94,Jordan_Henderson,56,Sunderland,94,Brentford,MID,5
1570,125.0,28.0,17.0,0.0,False,2025-08-30T14:00:00Z,2.0,1.0,3.0,False,0.0,0.0,0.0,0.0,0.0,0.0,0.0,0.0,0.0,0.0,0.0,0.0,0.0,0.0,0.0,0.0,0.0,0.0,0.0,0.0,0.0,0.0,0.00,0.00,0.00,0.00,49.0,-322.0,1175.0,18.0,340.0,125,Janelt,Brentford,Vitaly,204580,Lack of match fitness - 25% chance of playing,3,94,Vitaly_Janelt,56,Sunderland,94,Brentford,MID,5
1571,126.0,28.0,17.0,0.0,False,2025-08-30T14:00:00Z,2.0,1.0,3.0,False,0.0,0.0,0.0,0.0,0.0,0.0,0.0,0.0,0.0,0.0,0.0,0.0,0.0,0.0,0.0,0.0,0.0,0.0,0.0,0.0,0.0,0.0,0.00,0.00,0.00,0.00,50.0,-1186.0,8897.0,393.0,1579.0,126,Jensen,Brentford,Mathias,207283,,3,94,Mathias_Jensen,56,Sunderland,94,Brentford,MID,5
1572,127.0,28.0,17.0,0.0,False,2025-08-30T14:00:00Z,2.0,1.0,3.0,False,0.0,0.0,0.0,0.0,0.0,0.0,0.0,0.0,0.0,0.0,0.0,0.0,0.0,0.0,0.0,0.0,0.0,0.0,0.0,0.0,0.0,0.0,0.00,0.00,0.00,0.00,50.0,-153.0,872.0,21.0,174.0,127,Nunes Fernandes Gomes,Brentford,Gustavo,626464,Hamstring injury - Unknown return date,3,94,Gustavo_Nunes Fernandes Gomes,56,Sunderland,94,Brentford,MID,5
1573,128.0,28.0,17.0,4.0,False,2025-08-30T14:00:00Z,2.0,1.0,3.0,False,19.0,0.0,1.0,0.0,2.0,0.0,0.0,0.0,0.0,0.0,0.0,0.0,16.0,20.0,12.0,2.0,3.4,0.0,0.0,1.0,1.0,0.0,0.00,0.36,0.36,1.06,50.0,-862.0,6814.0,565.0,1427.0,128,Onyeka,Brentford,Frank,428580,,3,94,Frank_Onyeka,56,Sunderland,94,Brentford,MID,5
1574,129.0,28.0,17.0,2.0,False,2025-08-30T14:00:00Z,2.0,1.0,3.0,False,90.0,0.0,0.0,0.0,2.0,0.0,0.0,0.0,0.0,0.0,0.0,0.0,12.0,13.6,2.8,7.0,2.3,1.0,4.0,2.0,7.0,1.0,0.01,0.01,0.02,1.59,50.0,2047.0,8507.0,3175.0,1128.0,129,Yarmoliuk,Brentford,Yehor,508395,,3,94,Yehor_Yarmoliuk,56,Sunderland,94,Brentford,MID,5
1575,130.0,28.0,17.0,0.0,False,2025-08-30T14:00:00Z,2.0,1.0,3.0,False,0.0,0.0,0.0,0.0,0.0,0.0,0.0,0.0,0.0,0.0,0.0,0.0,0.0,0.0,0.0,0.0,0.0,0.0,0.0,0.0,0.0,0.0,0.00,0.00,0.00,0.00,45.0,-1106.0,11859.0,827.0,1933.0,130,Donovan,Brentford,Romelle,606689,,3,94,Romelle_Donovan,56,Sunderland,94,Brentford,MID,5
1576,131.0,28.0,17.0,0.0,False,2025-08-30T14:00:00Z,2.0,1.0,3.0,False,0.0,0.0,0.0,0.0,0.0,0.0,0.0,0.0,0.0,0.0,0.0,0.0,0.0,0.0,0.0,0.0,0.0,0.0,0.0,0.0,0.0,0.0,0.00,0.00,0.00,0.00,45.0,-2258.0,16408.0,398.0,2656.0,131,Konak,Brentford,Yunus Emre,628204,,3,94,Yunus Emre_Konak,56,Sunderland,94,Brentford,MID,5
1577,132.0,28.0,17.0,0.0,False,2025-08-30T14:00:00Z,2.0,1.0,3.0,False,0.0,0.0,0.0,0.0,0.0,0.0,0.0,0.0,0.0,0.0,0.0,0.0,0.0,0.0,0.0,0.0,0.0,0.0,0.0,0.0,0.0,0.0,0.00,0.00,0.00,0.00,45.0,-429.0,2065.0,37.0,466.0,132,Maghoma,Brentford,Paris,220695,Lack of match fitness - 25% chance of playing,3,94,Paris_Maghoma,56,Sunderland,94,Brentford,MID,5
1578,133.0,28.0,17.0,0.0,False,2025-08-30T14:00:00Z,2.0,1.0,3.0,False,0.0,0.0,0.0,0.0,0.0,0.0,0.0,0.0,0.0,0.0,0.0,0.0,0.0,0.0,0.0,0.0,0.0,0.0,0.0,0.0,0.0,0.0,0.00,0.00,0.00,0.00,45.0,-471.0,4450.0,245.0,716.0,133,Peart-Harris,Brentford,Myles,450539,,3,94,Myles_Peart-Harris,56,Sunderland,94,Brentford,MID,5
1579,134.0,28.0,17.0,0.0,False,2025-08-30T14:00:00Z,2.0,1.0,3.0,False,0.0,0.0,0.0,0.0,0.0,0.0,0.0,0.0,0.0,0.0,0.0,0.0,0.0,0.0,0.0,0.0,0.0,0.0,0.0,0.0,0.0,0.0,0.00,0.00,0.00,0.00,45.0,-214.0,875.0,0.0,214.0,134,Trevitt,Brentford,Ryan,591357,Has joined Wigan on loan for the rest of the season,3,94,Ryan_Trevitt,56,Sunderland,94,Brentford,MID,5
1580,135.0,28.0,17.0,0.0,False,2025-08-30T14:00:00Z,2.0,1.0,3.0,False,0.0,0.0,0.0,0.0,0.0,0.0,0.0,0.0,0.0,0.0,0.0,0.0,0.0,0.0,0.0,0.0,0.0,0.0,0.0,0.0,0.0,0.0,0.00,0.00,0.00,0.00,75.0,-60419.0,119005.0,2550.0,62969.0,135,Wissa,Brentford,Yoane,216646,Won’t be considered for selection on 30/8. - Unknown return date,4,94,Yoane_Wissa,56,Sunderland,94,Brentford,FWD,5
1581,136.0,28.0,17.0,6.0,False,2025-08-30T14:00:00Z,2.0,1.0,3.0,False,90.0,1.0,0.0,0.0,2.0,0.0,0.0,0.0,1.0,0.0,0.0,1.0,29.0,43.2,17.2,19.0,7.9,5.0,0.0,0.0,5.0,1.0,0.12,0.10,0.22,1.59,60.0,19290.0,153641.0,45956.0,26666.0,136,Nascimento Rodrigues,Brentford,Igor Thiago,502500,,4,94,Igor Thiago_Nascimento Rodrigues,56,Sunderland,94,Brentford,FWD,5
1582,137.0,28.0,17.0,0.0,False,2025-08-30T14:00:00Z,2.0,1.0,3.0,False,0.0,0.0,0.0,0.0,0.0,0.0,0.0,0.0,0.0,0.0,0.0,0.0,0.0,0.0,0.0,0.0,0.0,0.0,0.0,0.0,0.0,0.0,0.00,0.00,0.00,0.00,45.0,-7424.0,44742.0,2228.0,9652.0,137,Morgan,Brentford,Iwan,533710,,4,94,Iwan_Morgan,56,Sunderland,94,Brentford,FWD,5
1583,138.0,22.0,13.0,0.0,True,2025-08-31T13:00:00Z,,,3.0,False,0.0,0.0,0.0,0.0,0.0,0.0,0.0,0.0,0.0,0.0,0.0,0.0,0.0,0.0,0.0,0.0,0.0,0.0,0.0,0.0,0.0,0.0,0.00,0.00,0.00,0.00,45.0,-4899.0,45239.0,661.0,5560.0,138,Steele,Brighton,Jason,49262,,1,36,Jason_Steele,43,Man City,36,Brighton,GKP,6
1584,139.0,22.0,13.0,0.0,True,2025-08-31T13:00:00Z,,,3.0,False,0.0,0.0,0.0,0.0,0.0,0.0,0.0,0.0,0.0,0.0,0.0,0.0,0.0,0.0,0.0,0.0,0.0,0.0,0.0,0.0,0.0,0.0,0.00,0.00,0.00,0.00,45.0,-78840.0,705496.0,9560.0,88400.0,139,Verbruggen,Brighton,Bart,489639,,1,36,Bart_Verbruggen,43,Man City,36,Brighton,GKP,6
1585,140.0,22.0,13.0,0.0,True,2025-08-31T13:00:00Z,,,3.0,False,0.0,0.0,0.0,0.0,0.0,0.0,0.0,0.0,0.0,0.0,0.0,0.0,0.0,0.0,0.0,0.0,0.0,0.0,0.0,0.0,0.0,0.0,0.00,0.00,0.00,0.00,40.0,-1559.0,42791.0,1545.0,3104.0,140,McGill,Brighton,Tom,209288,,1,36,Tom_McGill,43,Man City,36,Brighton,GKP,6
1586,141.0,22.0,13.0,0.0,True,2025-08-31T13:00:00Z,,,3.0,False,0.0,0.0,0.0,0.0,0.0,0.0,0.0,0.0,0.0,0.0,0.0,0.0,0.0,0.0,0.0,0.0,0.0,0.0,0.0,0.0,0.0,0.0,0.00,0.00,0.00,0.00,40.0,-28.0,379.0,0.0,28.0,141,Rushworth,Brighton,Carl,472739,Has joined Coventry City on loan for the rest of the season.,1,36,Carl_Rushworth,43,Man City,36,Brighton,GKP,6
1587,142.0,22.0,13.0,0.0,True,2025-08-31T13:00:00Z,,,3.0,False,0.0,0.0,0.0,0.0,0.0,0.0,0.0,0.0,0.0,0.0,0.0,0.0,0.0,0.0,0.0,0.0,0.0,0.0,0.0,0.0,0.0,0.0,0.00,0.00,0.00,0.00,40.0,-35.0,329.0,0.0,35.0,142,Scherpen,Brighton,Kjell,240514,Has joined Union SG permanently,1,36,Kjell_Scherpen,43,Man City,36,Brighton,GKP,6
1588,143.0,22.0,13.0,0.0,True,2025-08-31T13:00:00Z,,,3.0,False,0.0,0.0,0.0,0.0,0.0,0.0,0.0,0.0,0.0,0.0,0.0,0.0,0.0,0.0,0.0,0.0,0.0,0.0,0.0,0.0,0.0,0.0,0.00,0.00,0.00,0.00,44.0,-1548.0,11528.0,408.0,1956.0,143,Boscagli,Brighton,Olivier,204120,,2,36,Olivier_Boscagli,43,Man City,36,Brighton,DEF,6
1589,144.0,22.0,13.0,0.0,True,2025-08-31T13:00:00Z,,,3.0,False,0.0,0.0,0.0,0.0,0.0,0.0,0.0,0.0,0.0,0.0,0.0,0.0,0.0,0.0,0.0,0.0,0.0,0.0,0.0,0.0,0.0,0.0,0.00,0.00,0.00,0.00,44.0,-936.0,7076.0,133.0,1069.0,144,Coppola,Brighton,Diego,550090,,2,36,Diego_Coppola,43,Man City,36,Brighton,DEF,6
1590,145.0,22.0,13.0,0.0,True,2025-08-31T13:00:00Z,,,3.0,False,0.0,0.0,0.0,0.0,0.0,0.0,0.0,0.0,0.0,0.0,0.0,0.0,0.0,0.0,0.0,0.0,0.0,0.0,0.0,0.0,0.0,0.0,0.00,0.00,0.00,0.00,45.0,-92545.0,532901.0,6323.0,98868.0,145,De Cuyper,Brighton,Maxim,465730,,2,36,Maxim_De Cuyper,43,Man City,36,Brighton,DEF,6
1591,146.0,22.0,13.0,0.0,True,2025-08-31T13:00:00Z,,,3.0,False,0.0,0.0,0.0,0.0,0.0,0.0,0.0,0.0,0.0,0.0,0.0,0.0,0.0,0.0,0.0,0.0,0.0,0.0,0.0,0.0,0.0,0.0,0.00,0.00,0.00,0.00,45.0,-12337.0,136179.0,5043.0,17380.0,146,Dunk,Brighton,Lewis,83299,,2,36,Lewis_Dunk,43,Man City,36,Brighton,DEF,6
1592,147.0,22.0,13.0,0.0,True,2025-08-31T13:00:00Z,,,3.0,False,0.0,0.0,0.0,0.0,0.0,0.0,0.0,0.0,0.0,0.0,0.0,0.0,0.0,0.0,0.0,0.0,0.0,0.0,0.0,0.0,0.0,0.0,0.00,0.00,0.00,0.00,45.0,-422.0,1692.0,0.0,422.0,147,Estupiñán Tenorio,Brighton,Pervis,204214,Has joined AC Milan permanently,2,36,Pervis_Estupiñán Tenorio,43,Man City,36,Brighton,DEF,6
1593,148.0,22.0,13.0,0.0,True,2025-08-31T13:00:00Z,,,3.0,False,0.0,0.0,0.0,0.0,0.0,0.0,0.0,0.0,0.0,0.0,0.0,0.0,0.0,0.0,0.0,0.0,0.0,0.0,0.0,0.0,0.0,0.0,0.00,0.00,0.00,0.00,44.0,-2818.0,17371.0,718.0,3536.0,148,Kadıoğlu,Brighton,Ferdi,231416,,2,36,Ferdi_Kadıoğlu,43,Man City,36,Brighton,DEF,6
1594,149.0,22.0,13.0,0.0,True,2025-08-31T13:00:00Z,,,3.0,False,0.0,0.0,0.0,0.0,0.0,0.0,0.0,0.0,0.0,0.0,0.0,0.0,0.0,0.0,0.0,0.0,0.0,0.0,0.0,0.0,0.0,0.0,0.00,0.00,0.00,0.00,45.0,-494.0,5568.0,223.0,717.0,149,dos Santos de Paulo,Brighton,Igor Julio,223434,,2,36,Igor Julio_dos Santos de Paulo,43,Man City,36,Brighton,DEF,6
1595,150.0,22.0,13.0,0.0,True,2025-08-31T13:00:00Z,,,3.0,False,0.0,0.0,0.0,0.0,0.0,0.0,0.0,0.0,0.0,0.0,0.0,0.0,0.0,0.0,0.0,0.0,0.0,0.0,0.0,0.0,0.0,0.0,0.00,0.00,0.00,0.00,44.0,-5266.0,35518.0,905.0,6171.0,150,Lamptey,Brighton,Tariq,232792,,2,36,Tariq_Lamptey,43,Man City,36,Brighton,DEF,6
1596,151.0,22.0,13.0,0.0,True,2025-08-31T13:00:00Z,,,3.0,False,0.0,0.0,0.0,0.0,0.0,0.0,0.0,0.0,0.0,0.0,0.0,0.0,0.0,0.0,0.0,0.0,0.0,0.0,0.0,0.0,0.0,0.0,0.00,0.00,0.00,0.00,45.0,-12508.0,112563.0,2329.0,14837.0,151,van Hecke,Brighton,Jan Paul,469142,,2,36,Jan Paul_van Hecke,43,Man City,36,Brighton,DEF,6
1597,152.0,22.0,13.0,0.0,True,2025-08-31T13:00:00Z,,,3.0,False,0.0,0.0,0.0,0.0,0.0,0.0,0.0,0.0,0.0,0.0,0.0,0.0,0.0,0.0,0.0,0.0,0.0,0.0,0.0,0.0,0.0,0.0,0.00,0.00,0.00,0.00,44.0,-2910.0,21145.0,753.0,3663.0,152,Veltman,Brighton,Joël,111478,,2,36,Joël_Veltman,43,Man City,36,Brighton,DEF,6
1598,153.0,22.0,13.0,0.0,True,2025-08-31T13:00:00Z,,,3.0,False,0.0,0.0,0.0,0.0,0.0,0.0,0.0,0.0,0.0,0.0,0.0,0.0,0.0,0.0,0.0,0.0,0.0,0.0,0.0,0.0,0.0,0.0,0.00,0.00,0.00,0.00,44.0,-214.0,1009.0,45.0,259.0,153,Webster,Brighton,Adam,110735,Knee injury - Unknown return date,2,36,Adam_Webster,43,Man City,36,Brighton,DEF,6
1599,154.0,22.0,13.0,0.0,True,2025-08-31T13:00:00Z,,,3.0,False,0.0,0.0,0.0,0.0,0.0,0.0,0.0,0.0,0.0,0.0,0.0,0.0,0.0,0.0,0.0,0.0,0.0,0.0,0.0,0.0,0.0,0.0,0.00,0.00,0.00,0.00,40.0,-138.0,946.0,0.0,138.0,154,Cashin,Brighton,Eiran,439135,Has joined Birmingham on loan for the rest of the season.,2,36,Eiran_Cashin,43,Man City,36,Brighton,DEF,6
1600,155.0,22.0,13.0,0.0,True,2025-08-31T13:00:00Z,,,3.0,False,0.0,0.0,0.0,0.0,0.0,0.0,0.0,0.0,0.0,0.0,0.0,0.0,0.0,0.0,0.0,0.0,0.0,0.0,0.0,0.0,0.0,0.0,0.00,0.00,0.00,0.00,40.0,-1644.0,20122.0,697.0,2341.0,155,Slater,Brighton,Jacob,589100,,2,36,Jacob_Slater,43,Man City,36,Brighton,DEF,6
1601,156.0,22.0,13.0,0.0,True,2025-08-31T13:00:00Z,,,3.0,False,0.0,0.0,0.0,0.0,0.0,0.0,0.0,0.0,0.0,0.0,0.0,0.0,0.0,0.0,0.0,0.0,0.0,0.0,0.0,0.0,0.0,0.0,0.00,0.00,0.00,0.00,40.0,-1347.0,16676.0,420.0,1767.0,156,Tasker,Brighton,Charlie,547720,,2,36,Charlie_Tasker,43,Man City,36,Brighton,DEF,6
1602,157.0,22.0,13.0,0.0,True,2025-08-31T13:00:00Z,,,3.0,False,0.0,0.0,0.0,0.0,0.0,0.0,0.0,0.0,0.0,0.0,0.0,0.0,0.0,0.0,0.0,0.0,0.0,0.0,0.0,0.0,0.0,0.0,0.00,0.00,0.00,0.00,64.0,-114193.0,560702.0,12822.0,127015.0,157,Kaoru,Brighton,Mitoma,451340,,3,36,Mitoma_Kaoru,43,Man City,36,Brighton,MID,6
1603,158.0,22.0,13.0,0.0,True,2025-08-31T13:00:00Z,,,3.0,False,0.0,0.0,0.0,0.0,0.0,0.0,0.0,0.0,0.0,0.0,0.0,0.0,0.0,0.0,0.0,0.0,0.0,0.0,0.0,0.0,0.0,0.0,0.00,0.00,0.00,0.00,59.0,-51105.0,90670.0,2253.0,53358.0,158,Rutter,Brighton,Georginio,463067,Knock - 75% chance of playing,3,36,Georginio_Rutter,43,Man City,36,Brighton,MID,6
1604,159.0,22.0,13.0,0.0,True,2025-08-31T13:00:00Z,,,3.0,False,0.0,0.0,0.0,0.0,0.0,0.0,0.0,0.0,0.0,0.0,0.0,0.0,0.0,0.0,0.0,0.0,0.0,0.0,0.0,0.0,0.0,0.0,0.00,0.00,0.00,0.00,59.0,-415.0,1227.0,30.0,445.0,159,March,Brighton,Solly,109345,Knee injury - Unknown return date,3,36,Solly_March,43,Man City,36,Brighton,MID,6
1605,160.0,22.0,13.0,0.0,True,2025-08-31T13:00:00Z,,,3.0,False,0.0,0.0,0.0,0.0,0.0,0.0,0.0,0.0,0.0,0.0,0.0,0.0,0.0,0.0,0.0,0.0,0.0,0.0,0.0,0.0,0.0,0.0,0.00,0.00,0.00,0.00,59.0,-21377.0,87461.0,2973.0,24350.0,160,Minteh,Brighton,Yankuba,592031,,3,36,Yankuba_Minteh,43,Man City,36,Brighton,MID,6
1606,161.0,22.0,13.0,0.0,True,2025-08-31T13:00:00Z,,,3.0,False,0.0,0.0,0.0,0.0,0.0,0.0,0.0,0.0,0.0,0.0,0.0,0.0,0.0,0.0,0.0,0.0,0.0,0.0,0.0,0.0,0.0,0.0,0.00,0.00,0.00,0.00,54.0,-588.0,1968.0,40.0,628.0,161,Enciso Espínola,Brighton,Julio,474120,Knee injury - Expected back 18 Oct,3,36,Julio_Enciso Espínola,43,Man City,36,Brighton,MID,6
1607,162.0,22.0,13.0,0.0,True,2025-08-31T13:00:00Z,,,3.0,False,0.0,0.0,0.0,0.0,0.0,0.0,0.0,0.0,0.0,0.0,0.0,0.0,0.0,0.0,0.0,0.0,0.0,0.0,0.0,0.0,0.0,0.0,0.00,0.00,0.00,0.00,54.0,-530.0,4397.0,236.0,766.0,162,Gruda,Brighton,Brajan,513433,,3,36,Brajan_Gruda,43,Man City,36,Brighton,MID,6
1608,163.0,22.0,13.0,0.0,True,2025-08-31T13:00:00Z,,,3.0,False,0.0,0.0,0.0,0.0,0.0,0.0,0.0,0.0,0.0,0.0,0.0,0.0,0.0,0.0,0.0,0.0,0.0,0.0,0.0,0.0,0.0,0.0,0.00,0.00,0.00,0.00,54.0,-1488.0,8342.0,190.0,1678.0,163,Hinshelwood,Brighton,Jack,532529,,3,36,Jack_Hinshelwood,43,Man City,36,Brighton,MID,6
1609,164.0,22.0,13.0,0.0,True,2025-08-31T13:00:00Z,,,3.0,False,0.0,0.0,0.0,0.0,0.0,0.0,0.0,0.0,0.0,0.0,0.0,0.0,0.0,0.0,0.0,0.0,0.0,0.0,0.0,0.0,0.0,0.0,0.00,0.00,0.00,0.00,55.0,-26495.0,169567.0,13638.0,40133.0,164,O'Riley,Brighton,Matt,219249,,3,36,Matt_O'Riley,43,Man City,36,Brighton,MID,6
1610,165.0,22.0,13.0,0.0,True,2025-08-31T13:00:00Z,,,3.0,False,0.0,0.0,0.0,0.0,0.0,0.0,0.0,0.0,0.0,0.0,0.0,0.0,0.0,0.0,0.0,0.0,0.0,0.0,0.0,0.0,0.0,0.0,0.00,0.00,0.00,0.00,54.0,-336.0,2608.0,80.0,416.0,165,Sima,Brighton,Abdallah,516211,,3,36,Abdallah_Sima,43,Man City,36,Brighton,MID,6
1611,166.0,22.0,13.0,0.0,True,2025-08-31T13:00:00Z,,,3.0,False,0.0,0.0,0.0,0.0,0.0,0.0,0.0,0.0,0.0,0.0,0.0,0.0,0.0,0.0,0.0,0.0,0.0,0.0,0.0,0.0,0.0,0.0,0.00,0.00,0.00,0.00,50.0,-2782.0,19384.0,879.0,3661.0,166,Ayari,Brighton,Yasin,509416,,3,36,Yasin_Ayari,43,Man City,36,Brighton,MID,6
1612,167.0,22.0,13.0,0.0,True,2025-08-31T13:00:00Z,,,3.0,False,0.0,0.0,0.0,0.0,0.0,0.0,0.0,0.0,0.0,0.0,0.0,0.0,0.0,0.0,0.0,0.0,0.0,0.0,0.0,0.0,0.0,0.0,0.00,0.00,0.00,0.00,50.0,-66103.0,421916.0,14583.0,80686.0,167,Baleba,Brighton,Carlos,535301,,3,36,Carlos_Baleba,43,Man City,36,Brighton,MID,6
1613,168.0,22.0,13.0,0.0,True,2025-08-31T13:00:00Z,,,3.0,False,0.0,0.0,0.0,0.0,0.0,0.0,0.0,0.0,0.0,0.0,0.0,0.0,0.0,0.0,0.0,0.0,0.0,0.0,0.0,0.0,0.0,0.0,0.00,0.00,0.00,0.00,49.0,-2545.0,16118.0,1387.0,3932.0,168,Buonanotte,Brighton,Facundo,536916,,3,36,Facundo_Buonanotte,43,Man City,36,Brighton,MID,6
1614,169.0,22.0,13.0,0.0,True,2025-08-31T13:00:00Z,,,3.0,False,0.0,0.0,0.0,0.0,0.0,0.0,0.0,0.0,0.0,0.0,0.0,0.0,0.0,0.0,0.0,0.0,0.0,0.0,0.0,0.0,0.0,0.0,0.00,0.00,0.00,0.00,50.0,-694.0,6639.0,174.0,868.0,169,Gómez Amarilla,Brighton,Diego,514254,,3,36,Diego_Gómez Amarilla,43,Man City,36,Brighton,MID,6
1615,170.0,22.0,13.0,0.0,True,2025-08-31T13:00:00Z,,,3.0,False,0.0,0.0,0.0,0.0,0.0,0.0,0.0,0.0,0.0,0.0,0.0,0.0,0.0,0.0,0.0,0.0,0.0,0.0,0.0,0.0,0.0,0.0,0.00,0.00,0.00,0.00,50.0,-1405.0,11074.0,429.0,1834.0,170,Milner,Brighton,James,15157,,3,36,James_Milner,43,Man City,36,Brighton,MID,6
1616,171.0,22.0,13.0,0.0,True,2025-08-31T13:00:00Z,,,3.0,False,0.0,0.0,0.0,0.0,0.0,0.0,0.0,0.0,0.0,0.0,0.0,0.0,0.0,0.0,0.0,0.0,0.0,0.0,0.0,0.0,0.0,0.0,0.00,0.00,0.00,0.00,49.0,-417.0,3611.0,86.0,503.0,171,Sarmiento Morante,Brighton,Jeremy,441192,,3,36,Jeremy_Sarmiento Morante,43,Man City,36,Brighton,MID,6
1617,172.0,22.0,13.0,0.0,True,2025-08-31T13:00:00Z,,,3.0,False,0.0,0.0,0.0,0.0,0.0,0.0,0.0,0.0,0.0,0.0,0.0,0.0,0.0,0.0,0.0,0.0,0.0,0.0,0.0,0.0,0.0,0.0,0.00,0.00,0.00,0.00,50.0,-348.0,3138.0,95.0,443.0,172,Watson,Brighton,Tom,549074,,3,36,Tom_Watson,43,Man City,36,Brighton,MID,6
1618,173.0,22.0,13.0,0.0,True,2025-08-31T13:00:00Z,,,3.0,False,0.0,0.0,0.0,0.0,0.0,0.0,0.0,0.0,0.0,0.0,0.0,0.0,0.0,0.0,0.0,0.0,0.0,0.0,0.0,0.0,0.0,0.0,0.00,0.00,0.00,0.00,50.0,-120.0,7996.0,1091.0,1211.0,173,Wieffer,Brighton,Mats,467779,,3,36,Mats_Wieffer,43,Man City,36,Brighton,MID,6
1619,174.0,22.0,13.0,0.0,True,2025-08-31T13:00:00Z,,,3.0,False,0.0,0.0,0.0,0.0,0.0,0.0,0.0,0.0,0.0,0.0,0.0,0.0,0.0,0.0,0.0,0.0,0.0,0.0,0.0,0.0,0.0,0.0,0.00,0.00,0.00,0.00,50.0,-245.0,955.0,0.0,245.0,174,Yalcouyé,Brighton,Malick,611695,Has joined Swansea City on loan for the rest of the season.,3,36,Malick_Yalcouyé,43,Man City,36,Brighton,MID,6
1620,175.0,22.0,13.0,0.0,True,2025-08-31T13:00:00Z,,,3.0,False,0.0,0.0,0.0,0.0,0.0,0.0,0.0,0.0,0.0,0.0,0.0,0.0,0.0,0.0,0.0,0.0,0.0,0.0,0.0,0.0,0.0,0.0,0.00,0.00,0.00,0.00,45.0,-821.0,9064.0,587.0,1408.0,175,Knight,Brighton,Joe,567121,,3,36,Joe_Knight,43,Man City,36,Brighton,MID,6
1621,176.0,22.0,13.0,0.0,True,2025-08-31T13:00:00Z,,,3.0,False,0.0,0.0,0.0,0.0,0.0,0.0,0.0,0.0,0.0,0.0,0.0,0.0,0.0,0.0,0.0,0.0,0.0,0.0,0.0,0.0,0.0,0.0,0.00,0.00,0.00,0.00,45.0,-370.0,4364.0,250.0,620.0,176,Mazilu,Brighton,Adrian,550141,,3,36,Adrian_Mazilu,43,Man City,36,Brighton,MID,6
1622,177.0,22.0,13.0,0.0,True,2025-08-31T13:00:00Z,,,3.0,False,0.0,0.0,0.0,0.0,0.0,0.0,0.0,0.0,0.0,0.0,0.0,0.0,0.0,0.0,0.0,0.0,0.0,0.0,0.0,0.0,0.0,0.0,0.00,0.00,0.00,0.00,45.0,-1825.0,4146.0,0.0,1825.0,177,Moran,Brighton,Andrew,513834,Has joined Los Angeles FC on loan for the rest of the season.,3,36,Andrew_Moran,43,Man City,36,Brighton,MID,6
1623,178.0,22.0,13.0,0.0,True,2025-08-31T13:00:00Z,,,3.0,False,0.0,0.0,0.0,0.0,0.0,0.0,0.0,0.0,0.0,0.0,0.0,0.0,0.0,0.0,0.0,0.0,0.0,0.0,0.0,0.0,0.0,0.0,0.00,0.00,0.00,0.00,64.0,-116773.0,277273.0,8152.0,124925.0,178,Welbeck,Brighton,Danny,50175,,4,36,Danny_Welbeck,43,Man City,36,Brighton,FWD,6
1624,179.0,22.0,13.0,0.0,True,2025-08-31T13:00:00Z,,,3.0,False,0.0,0.0,0.0,0.0,0.0,0.0,0.0,0.0,0.0,0.0,0.0,0.0,0.0,0.0,0.0,0.0,0.0,0.0,0.0,0.0,0.0,0.0,0.00,0.00,0.00,0.00,55.0,-362.0,1349.0,0.0,362.0,179,Ferguson,Brighton,Evan,487117,Has joined AS Roma on loan for the rest of the season,4,36,Evan_Ferguson,43,Man City,36,Brighton,FWD,6
1625,180.0,22.0,13.0,0.0,True,2025-08-31T13:00:00Z,,,3.0,False,0.0,0.0,0.0,0.0,0.0,0.0,0.0,0.0,0.0,0.0,0.0,0.0,0.0,0.0,0.0,0.0,0.0,0.0,0.0,0.0,0.0,0.0,0.00,0.00,0.00,0.00,54.0,-1876.0,13129.0,1257.0,3133.0,180,Tzimas,Brighton,Stefanos,608181,,4,36,Stefanos_Tzimas,43,Man City,36,Brighton,FWD,6
1626,181.0,22.0,13.0,0.0,True,2025-08-31T13:00:00Z,,,3.0,False,0.0,0.0,0.0,0.0,0.0,0.0,0.0,0.0,0.0,0.0,0.0,0.0,0.0,0.0,0.0,0.0,0.0,0.0,0.0,0.0,0.0,0.0,0.00,0.00,0.00,0.00,49.0,-8233.0,38832.0,1844.0,10077.0,181,Kostoulas,Brighton,Charalampos,647850,,4,36,Charalampos_Kostoulas,43,Man City,36,Brighton,FWD,6
1627,220.0,23.0,10.0,6.0,True,2025-08-30T11:30:00Z,2.0,0.0,3.0,False,90.0,0.0,0.0,1.0,0.0,0.0,0.0,0.0,0.0,0.0,1.0,0.0,22.0,7.0,0.0,0.0,0.7,0.0,6.0,0.0,0.0,1.0,0.00,0.00,0.00,1.02,50.0,-27386.0,2786765.0,138162.0,165548.0,220,Lynch Sánchez,Chelsea,Robert,215059,,1,8,Robert_Lynch Sánchez,54,Fulham,8,Chelsea,GKP,7
1628,221.0,23.0,10.0,0.0,True,2025-08-30T11:30:00Z,2.0,0.0,3.0,False,0.0,0.0,0.0,0.0,0.0,0.0,0.0,0.0,0.0,0.0,0.0,0.0,0.0,0.0,0.0,0.0,0.0,0.0,0.0,0.0,0.0,0.0,0.00,0.00,0.00,0.00,45.0,-2270.0,21479.0,550.0,2820.0,221,Jörgensen,Chelsea,Filip,508479,,1,8,Filip_Jörgensen,54,Fulham,8,Chelsea,GKP,7
1629,222.0,23.0,10.0,0.0,True,2025-08-30T11:30:00Z,2.0,0.0,3.0,False,0.0,0.0,0.0,0.0,0.0,0.0,0.0,0.0,0.0,0.0,0.0,0.0,0.0,0.0,0.0,0.0,0.0,0.0,0.0,0.0,0.0,0.0,0.00,0.00,0.00,0.00,40.0,-64.0,512.0,0.0,64.0,222,Penders,Chelsea,Mike,549939,Has joined RC Strasbourg on loan for the rest of the season.,1,8,Mike_Penders,54,Fulham,8,Chelsea,GKP,7
1630,223.0,23.0,10.0,0.0,True,2025-08-30T11:30:00Z,2.0,0.0,3.0,False,0.0,0.0,0.0,0.0,0.0,0.0,0.0,0.0,0.0,0.0,0.0,0.0,0.0,0.0,0.0,0.0,0.0,0.0,0.0,0.0,0.0,0.0,0.00,0.00,0.00,0.00,40.0,-786.0,12141.0,493.0,1279.0,223,Słonina,Chelsea,Gabriel,471798,,1,8,Gabriel_Słonina,54,Fulham,8,Chelsea,GKP,7
1631,224.0,23.0,10.0,6.0,True,2025-08-30T11:30:00Z,2.0,0.0,3.0,False,90.0,0.0,0.0,1.0,0.0,0.0,0.0,0.0,0.0,0.0,0.0,0.0,31.0,25.0,26.5,0.0,5.2,6.0,3.0,3.0,9.0,1.0,0.00,0.03,0.03,1.02,61.0,482840.0,3239846.0,572256.0,89416.0,224,Cucurella Saseta,Chelsea,Marc,179268,,2,8,Marc_Cucurella Saseta,54,Fulham,8,Chelsea,DEF,7
1632,225.0,23.0,10.0,1.0,True,2025-08-30T11:30:00Z,2.0,0.0,3.0,False,9.0,0.0,0.0,0.0,0.0,0.0,0.0,0.0,0.0,0.0,0.0,0.0,4.0,3.4,0.3,7.0,1.1,0.0,0.0,0.0,0.0,0.0,0.04,0.00,0.04,0.68,55.0,-48685.0,638864.0,50110.0,98795.0,225,James,Chelsea,Reece,225796,,2,8,Reece_James,54,Fulham,8,Chelsea,DEF,7
1633,226.0,23.0,10.0,13.0,True,2025-08-30T11:30:00Z,2.0,0.0,3.0,False,90.0,0.0,1.0,1.0,0.0,0.0,0.0,0.0,0.0,0.0,0.0,2.0,43.0,25.4,8.6,17.0,5.1,6.0,2.0,5.0,11.0,1.0,0.12,0.21,0.33,1.02,50.0,220262.0,460557.0,259533.0,39271.0,226,Chalobah,Chelsea,Trevoh,180736,,2,8,Trevoh_Chalobah,54,Fulham,8,Chelsea,DEF,7
1634,227.0,23.0,10.0,0.0,True,2025-08-30T11:30:00Z,2.0,0.0,3.0,False,0.0,0.0,0.0,0.0,0.0,0.0,0.0,0.0,0.0,0.0,0.0,0.0,0.0,0.0,0.0,0.0,0.0,0.0,0.0,0.0,0.0,0.0,0.00,0.00,0.00,0.00,49.0,-6266.0,20453.0,131.0,6397.0,227,Samuels Colwill,Chelsea,Levi,460028,Anterior cruciate ligament - Unknown return date,2,8,Levi_Samuels Colwill,54,Fulham,8,Chelsea,DEF,7
1635,228.0,23.0,10.0,6.0,True,2025-08-30T11:30:00Z,2.0,0.0,3.0,False,90.0,0.0,0.0,1.0,0.0,0.0,0.0,0.0,0.0,0.0,0.0,0.0,30.0,13.8,14.5,4.0,3.2,3.0,7.0,2.0,5.0,1.0,0.00,0.05,0.05,1.02,50.0,-11879.0,170271.0,12127.0,24006.0,228,Gusto,Chelsea,Malo,482609,,2,8,Malo_Gusto,54,Fulham,8,Chelsea,DEF,7
1636,229.0,23.0,10.0,0.0,True,2025-08-30T11:30:00Z,2.0,0.0,3.0,False,0.0,0.0,0.0,0.0,0.0,0.0,0.0,0.0,0.0,0.0,0.0,0.0,0.0,0.0,0.0,0.0,0.0,0.0,0.0,0.0,0.0,0.0,0.00,0.00,0.00,0.00,44.0,-294.0,1274.0,40.0,334.0,229,Badiashile Mukinayi,Chelsea,Benoît,242880,Knock - Unknown return date,2,8,Benoît_Badiashile Mukinayi,54,Fulham,8,Chelsea,DEF,7
1637,230.0,23.0,10.0,0.0,True,2025-08-30T11:30:00Z,2.0,0.0,3.0,False,0.0,0.0,0.0,0.0,0.0,0.0,0.0,0.0,0.0,0.0,0.0,0.0,0.0,0.0,0.0,0.0,0.0,0.0,0.0,0.0,0.0,0.0,0.00,0.00,0.00,0.00,45.0,-1426.0,22225.0,1598.0,3024.0,230,Fofana,Chelsea,Wesley,444463,,2,8,Wesley_Fofana,54,Fulham,8,Chelsea,DEF,7
1638,231.0,23.0,10.0,0.0,True,2025-08-30T11:30:00Z,2.0,0.0,3.0,False,0.0,0.0,0.0,0.0,0.0,0.0,0.0,0.0,0.0,0.0,0.0,0.0,0.0,0.0,0.0,0.0,0.0,0.0,0.0,0.0,0.0,0.0,0.00,0.00,0.00,0.00,45.0,-413.0,1396.0,0.0,413.0,231,Sarr,Chelsea,Mamadou,574458,Has joined RC Strasbourg on loan for the rest of the season.,2,8,Mamadou_Sarr,54,Fulham,8,Chelsea,DEF,7
1639,232.0,23.0,10.0,8.0,True,2025-08-30T11:30:00Z,2.0,0.0,3.0,False,90.0,0.0,0.0,1.0,0.0,0.0,0.0,0.0,0.0,0.0,0.0,0.0,27.0,26.0,0.5,2.0,2.9,9.0,3.0,2.0,11.0,1.0,0.00,0.01,0.01,1.02,45.0,-391.0,118295.0,14872.0,15263.0,232,Adarabioyo,Chelsea,Tosin,109646,,2,8,Tosin_Adarabioyo,54,Fulham,8,Chelsea,DEF,7
1640,233.0,23.0,10.0,0.0,True,2025-08-30T11:30:00Z,2.0,0.0,3.0,False,0.0,0.0,0.0,0.0,0.0,0.0,0.0,0.0,0.0,0.0,0.0,0.0,0.0,0.0,0.0,0.0,0.0,0.0,0.0,0.0,0.0,0.0,0.00,0.00,0.00,0.00,40.0,-24011.0,261099.0,36568.0,60579.0,233,Acheampong,Chelsea,Josh,577016,,2,8,Josh_Acheampong,54,Fulham,8,Chelsea,DEF,7
1641,234.0,23.0,10.0,0.0,True,2025-08-30T11:30:00Z,2.0,0.0,3.0,False,0.0,0.0,0.0,0.0,0.0,0.0,0.0,0.0,0.0,0.0,0.0,0.0,0.0,0.0,0.0,0.0,0.0,0.0,0.0,0.0,0.0,0.0,0.00,0.00,0.00,0.00,40.0,-1524.0,12625.0,360.0,1884.0,234,Anselmino,Chelsea,Aarón,622758,,2,8,Aarón_Anselmino,54,Fulham,8,Chelsea,DEF,7
1642,235.0,23.0,10.0,0.0,True,2025-08-30T11:30:00Z,2.0,0.0,3.0,False,0.0,0.0,0.0,0.0,0.0,0.0,0.0,0.0,0.0,0.0,0.0,0.0,0.0,0.0,0.0,0.0,0.0,0.0,0.0,0.0,0.0,0.0,0.00,0.00,0.00,0.00,104.0,-2993262.0,3172460.0,30905.0,3024167.0,235,Palmer,Chelsea,Cole,244851,Groin Injury - Unknown return date,3,8,Cole_Palmer,54,Fulham,8,Chelsea,MID,7
1643,236.0,23.0,10.0,3.0,True,2025-08-30T11:30:00Z,2.0,0.0,3.0,False,80.0,0.0,0.0,1.0,0.0,0.0,0.0,0.0,0.0,0.0,0.0,0.0,12.0,9.0,32.5,0.0,4.2,2.0,2.0,0.0,4.0,1.0,0.00,0.17,0.17,0.35,70.0,192984.0,668912.0,239084.0,46100.0,236,Lomba Neto,Chelsea,Pedro,247632,,3,8,Pedro_Lomba Neto,54,Fulham,8,Chelsea,MID,7
1644,237.0,23.0,10.0,12.0,True,2025-08-30T11:30:00Z,2.0,0.0,3.0,False,90.0,1.0,1.0,1.0,0.0,0.0,0.0,0.0,0.0,0.0,0.0,1.0,39.0,60.4,40.4,25.0,12.6,3.0,3.0,0.0,6.0,1.0,0.79,0.24,1.03,1.02,65.0,155527.0,607310.0,196396.0,40869.0,237,Fernández,Chelsea,Enzo,448047,,3,8,Enzo_Fernández,54,Fulham,8,Chelsea,MID,7
1645,238.0,23.0,10.0,3.0,True,2025-08-30T11:30:00Z,2.0,0.0,3.0,False,67.0,0.0,0.0,1.0,0.0,0.0,0.0,0.0,0.0,0.0,0.0,0.0,4.0,8.4,16.1,29.0,5.4,1.0,2.0,0.0,3.0,1.0,0.36,0.06,0.42,0.35,65.0,97033.0,303820.0,120705.0,23672.0,238,Almeida de Oliveira Gonçalves,Chelsea,Estêvão,624773,,3,8,Estêvão_Almeida de Oliveira Gonçalves,54,Fulham,8,Chelsea,MID,7
1646,239.0,23.0,10.0,1.0,True,2025-08-30T11:30:00Z,2.0,0.0,3.0,False,22.0,0.0,0.0,0.0,0.0,0.0,0.0,0.0,0.0,0.0,0.0,0.0,4.0,1.0,0.0,5.0,0.6,0.0,1.0,1.0,2.0,0.0,0.03,0.00,0.03,0.68,64.0,-7408.0,21502.0,978.0,8386.0,239,Bynoe-Gittens,Chelsea,Jamie,463936,,3,8,Jamie_Bynoe-Gittens,54,Fulham,8,Chelsea,MID,7
1647,240.0,23.0,10.0,0.0,True,2025-08-30T11:30:00Z,2.0,0.0,3.0,False,0.0,0.0,0.0,0.0,0.0,0.0,0.0,0.0,0.0,0.0,0.0,0.0,0.0,0.0,0.0,0.0,0.0,0.0,0.0,0.0,0.0,0.0,0.00,0.00,0.00,0.00,59.0,-7478.0,18424.0,753.0,8231.0,240,Nkunku,Chelsea,Christopher,213198,Won’t be considered for selection on 22/8. - Unknown return date,3,8,Christopher_Nkunku,54,Fulham,8,Chelsea,MID,7
1648,241.0,23.0,10.0,4.0,True,2025-08-30T11:30:00Z,2.0,0.0,3.0,False,90.0,0.0,0.0,1.0,0.0,0.0,0.0,0.0,1.0,0.0,0.0,0.0,16.0,23.6,3.8,5.0,3.2,8.0,11.0,4.0,23.0,1.0,0.06,0.03,0.09,1.02,55.0,88754.0,751197.0,139418.0,50664.0,241,Caicedo Corozo,Chelsea,Moisés,486672,,3,8,Moisés_Caicedo Corozo,54,Fulham,8,Chelsea,MID,7
1649,243.0,23.0,10.0,3.0,True,2025-08-30T11:30:00Z,2.0,0.0,3.0,False,66.0,0.0,0.0,1.0,0.0,0.0,0.0,0.0,0.0,0.0,0.0,0.0,4.0,2.6,1.3,33.0,3.7,0.0,1.0,0.0,1.0,0.0,0.21,0.01,0.22,0.27,49.0,-777.0,5760.0,264.0,1041.0,243,George,Chelsea,Tyrique,550615,,3,8,Tyrique_George,54,Fulham,8,Chelsea,MID,7
1650,244.0,23.0,10.0,0.0,True,2025-08-30T11:30:00Z,2.0,0.0,3.0,False,0.0,0.0,0.0,0.0,0.0,0.0,0.0,0.0,0.0,0.0,0.0,0.0,0.0,0.0,0.0,0.0,0.0,0.0,0.0,0.0,0.0,0.0,0.00,0.00,0.00,0.00,49.0,-445.0,1715.0,43.0,488.0,244,Lavia,Chelsea,Roméo,514356,Muscle injury - Unknown return date,3,8,Roméo_Lavia,54,Fulham,8,Chelsea,MID,7
1651,245.0,23.0,10.0,0.0,True,2025-08-30T11:30:00Z,2.0,0.0,3.0,False,0.0,0.0,0.0,0.0,0.0,0.0,0.0,0.0,0.0,0.0,0.0,0.0,0.0,0.0,0.0,0.0,0.0,0.0,0.0,0.0,0.0,0.0,0.00,0.00,0.00,0.00,50.0,-85.0,805.0,68.0,153.0,245,Mudryk,Chelsea,Mykhailo,465920,Suspended - unknown return date,3,8,Mykhailo_Mudryk,54,Fulham,8,Chelsea,MID,7
1652,246.0,23.0,10.0,0.0,True,2025-08-30T11:30:00Z,2.0,0.0,3.0,False,9.0,0.0,0.0,0.0,0.0,0.0,0.0,0.0,1.0,0.0,0.0,0.0,2.0,2.6,10.6,2.0,1.5,0.0,1.0,1.0,2.0,0.0,0.00,0.01,0.01,0.68,45.0,-1765.0,38295.0,5647.0,7412.0,246,Nascimento dos Santos,Chelsea,Andrey,532605,,3,8,Andrey_Nascimento dos Santos,54,Fulham,8,Chelsea,MID,7
1653,247.0,23.0,10.0,0.0,True,2025-08-30T11:30:00Z,2.0,0.0,3.0,False,0.0,0.0,0.0,0.0,0.0,0.0,0.0,0.0,0.0,0.0,0.0,0.0,0.0,0.0,0.0,0.0,0.0,0.0,0.0,0.0,0.0,0.0,0.00,0.00,0.00,0.00,45.0,-760.0,5508.0,319.0,1079.0,247,Luís Essugo,Chelsea,Dário,491007,,3,8,Dário_Luís Essugo,54,Fulham,8,Chelsea,MID,7
1654,248.0,23.0,10.0,0.0,True,2025-08-30T11:30:00Z,2.0,0.0,3.0,False,0.0,0.0,0.0,0.0,0.0,0.0,0.0,0.0,0.0,0.0,0.0,0.0,0.0,0.0,0.0,0.0,0.0,0.0,0.0,0.0,0.0,0.0,0.00,0.00,0.00,0.00,45.0,-204.0,855.0,0.0,204.0,248,Páez Andrade,Chelsea,Kendry,611134,Has joined RC Strasbourg on loan for the rest of the season.,3,8,Kendry_Páez Andrade,54,Fulham,8,Chelsea,MID,7
1655,249.0,23.0,10.0,9.0,True,2025-08-30T11:30:00Z,2.0,0.0,3.0,False,90.0,1.0,0.0,1.0,0.0,0.0,0.0,0.0,0.0,0.0,0.0,3.0,46.0,49.8,13.6,51.0,11.4,3.0,6.0,1.0,10.0,1.0,0.66,0.02,0.68,1.02,76.0,914804.0,6923871.0,990752.0,75948.0,249,Junqueira de Jesus,Chelsea,João Pedro,475168,,4,8,João Pedro_Junqueira de Jesus,54,Fulham,8,Chelsea,FWD,7
1656,250.0,23.0,10.0,1.0,True,2025-08-30T11:30:00Z,2.0,0.0,3.0,False,13.0,0.0,0.0,0.0,0.0,0.0,0.0,0.0,0.0,0.0,0.0,0.0,1.0,0.0,0.0,5.0,0.0,0.0,0.0,0.0,0.0,1.0,0.09,0.00,0.09,0.08,64.0,-72170.0,329671.0,18867.0,91037.0,250,Delap,Chelsea,Liam,463034,,4,8,Liam_Delap,54,Fulham,8,Chelsea,FWD,7
1657,251.0,23.0,10.0,0.0,True,2025-08-30T11:30:00Z,2.0,0.0,3.0,False,0.0,0.0,0.0,0.0,0.0,0.0,0.0,0.0,0.0,0.0,0.0,0.0,0.0,0.0,0.0,0.0,0.0,0.0,0.0,0.0,0.0,0.0,0.00,0.00,0.00,0.00,65.0,-4340.0,15261.0,1256.0,5596.0,251,Jackson,Chelsea,Nicolas,517052,Won’t be considered for selection on 22/8. - Unknown return date,4,8,Nicolas_Jackson,54,Fulham,8,Chelsea,FWD,7
1658,672.0,23.0,10.0,0.0,True,2025-08-30T11:30:00Z,2.0,0.0,3.0,False,0.0,0.0,0.0,0.0,0.0,0.0,0.0,0.0,0.0,0.0,0.0,0.0,0.0,0.0,0.0,0.0,0.0,0.0,0.0,0.0,0.0,0.0,0.00,0.00,0.00,0.00,49.0,-5805.0,28735.0,1880.0,7685.0,672,Hato,Chelsea,Jorrel,551210,,2,8,Jorrel_Hato,54,Fulham,8,Chelsea,DEF,7
1659,253.0,21.0,2.0,0.0,False,2025-08-31T18:00:00Z,,,3.0,False,0.0,0.0,0.0,0.0,0.0,0.0,0.0,0.0,0.0,0.0,0.0,0.0,0.0,0.0,0.0,0.0,0.0,0.0,0.0,0.0,0.0,0.0,0.00,0.00,0.00,0.00,50.0,-5875.0,812861.0,44677.0,50552.0,253,Henderson,Crystal Palace,Dean,172649,,1,31,Dean_Henderson,7,Aston Villa,31,Crystal Palace,GKP,8
1660,254.0,21.0,2.0,0.0,False,2025-08-31T18:00:00Z,,,3.0,False,0.0,0.0,0.0,0.0,0.0,0.0,0.0,0.0,0.0,0.0,0.0,0.0,0.0,0.0,0.0,0.0,0.0,0.0,0.0,0.0,0.0,0.0,0.00,0.00,0.00,0.00,40.0,-1422.0,47155.0,1521.0,2943.0,254,Benítez,Crystal Palace,Walter,121709,,1,31,Walter_Benítez,7,Aston Villa,31,Crystal Palace,GKP,8
1661,255.0,21.0,2.0,0.0,False,2025-08-31T18:00:00Z,,,3.0,False,0.0,0.0,0.0,0.0,0.0,0.0,0.0,0.0,0.0,0.0,0.0,0.0,0.0,0.0,0.0,0.0,0.0,0.0,0.0,0.0,0.0,0.0,0.00,0.00,0.00,0.00,40.0,-435.0,12222.0,342.0,777.0,255,Matthews,Crystal Palace,Remi,169593,,1,31,Remi_Matthews,7,Aston Villa,31,Crystal Palace,GKP,8
1662,256.0,21.0,2.0,0.0,False,2025-08-31T18:00:00Z,,,3.0,False,0.0,0.0,0.0,0.0,0.0,0.0,0.0,0.0,0.0,0.0,0.0,0.0,0.0,0.0,0.0,0.0,0.0,0.0,0.0,0.0,0.0,0.0,0.00,0.00,0.00,0.00,55.0,122499.0,1111636.0,190277.0,67778.0,256,Muñoz Mejía,Crystal Palace,Daniel,247348,,2,31,Daniel_Muñoz Mejía,7,Aston Villa,31,Crystal Palace,DEF,8
1663,257.0,21.0,2.0,0.0,False,2025-08-31T18:00:00Z,,,3.0,False,0.0,0.0,0.0,0.0,0.0,0.0,0.0,0.0,0.0,0.0,0.0,0.0,0.0,0.0,0.0,0.0,0.0,0.0,0.0,0.0,0.0,0.0,0.00,0.00,0.00,0.00,50.0,23680.0,190026.0,46315.0,22635.0,257,Lacroix,Crystal Palace,Maxence,437499,,2,31,Maxence_Lacroix,7,Aston Villa,31,Crystal Palace,DEF,8
1664,258.0,21.0,2.0,0.0,False,2025-08-31T18:00:00Z,,,3.0,False,0.0,0.0,0.0,0.0,0.0,0.0,0.0,0.0,0.0,0.0,0.0,0.0,0.0,0.0,0.0,0.0,0.0,0.0,0.0,0.0,0.0,0.0,0.00,0.00,0.00,0.00,50.0,1819.0,203201.0,23178.0,21359.0,258,Mitchell,Crystal Palace,Tyrick,244723,,2,31,Tyrick_Mitchell,7,Aston Villa,31,Crystal Palace,DEF,8
1665,259.0,21.0,2.0,0.0,False,2025-08-31T18:00:00Z,,,3.0,False,0.0,0.0,0.0,0.0,0.0,0.0,0.0,0.0,0.0,0.0,0.0,0.0,0.0,0.0,0.0,0.0,0.0,0.0,0.0,0.0,0.0,0.0,0.00,0.00,0.00,0.00,50.0,-1398.0,15178.0,719.0,2117.0,259,Sosa,Crystal Palace,Borna,218364,,2,31,Borna_Sosa,7,Aston Villa,31,Crystal Palace,DEF,8
1666,260.0,21.0,2.0,0.0,False,2025-08-31T18:00:00Z,,,3.0,False,0.0,0.0,0.0,0.0,0.0,0.0,0.0,0.0,0.0,0.0,0.0,0.0,0.0,0.0,0.0,0.0,0.0,0.0,0.0,0.0,0.0,0.0,0.00,0.00,0.00,0.00,45.0,13885.0,1477739.0,103020.0,89135.0,260,Guéhi,Crystal Palace,Marc,209036,,2,31,Marc_Guéhi,7,Aston Villa,31,Crystal Palace,DEF,8
1667,261.0,21.0,2.0,0.0,False,2025-08-31T18:00:00Z,,,3.0,False,0.0,0.0,0.0,0.0,0.0,0.0,0.0,0.0,0.0,0.0,0.0,0.0,0.0,0.0,0.0,0.0,0.0,0.0,0.0,0.0,0.0,0.0,0.00,0.00,0.00,0.00,45.0,6895.0,179853.0,24871.0,17976.0,261,Richards,Crystal Palace,Chris,427623,,2,31,Chris_Richards,7,Aston Villa,31,Crystal Palace,DEF,8
1668,262.0,21.0,2.0,0.0,False,2025-08-31T18:00:00Z,,,3.0,False,0.0,0.0,0.0,0.0,0.0,0.0,0.0,0.0,0.0,0.0,0.0,0.0,0.0,0.0,0.0,0.0,0.0,0.0,0.0,0.0,0.0,0.0,0.00,0.00,0.00,0.00,40.0,-85.0,885.0,54.0,139.0,262,Riad Dnanou,Crystal Palace,Chadi,515621,Knee injury - Unknown return date,2,31,Chadi_Riad Dnanou,7,Aston Villa,31,Crystal Palace,DEF,8
1669,263.0,21.0,2.0,0.0,False,2025-08-31T18:00:00Z,,,3.0,False,0.0,0.0,0.0,0.0,0.0,0.0,0.0,0.0,0.0,0.0,0.0,0.0,0.0,0.0,0.0,0.0,0.0,0.0,0.0,0.0,0.0,0.0,0.00,0.00,0.00,0.00,40.0,-5764.0,65125.0,1786.0,7550.0,263,Clyne,Crystal Palace,Nathaniel,57328,,2,31,Nathaniel_Clyne,7,Aston Villa,31,Crystal Palace,DEF,8
1670,264.0,21.0,2.0,0.0,False,2025-08-31T18:00:00Z,,,3.0,False,0.0,0.0,0.0,0.0,0.0,0.0,0.0,0.0,0.0,0.0,0.0,0.0,0.0,0.0,0.0,0.0,0.0,0.0,0.0,0.0,0.0,0.0,0.00,0.00,0.00,0.00,40.0,-728.0,3712.0,0.0,728.0,264,Holding,Crystal Palace,Rob,156074,Has joined Colorado Rapids permanently.,2,31,Rob_Holding,7,Aston Villa,31,Crystal Palace,DEF,8
1671,265.0,21.0,2.0,0.0,False,2025-08-31T18:00:00Z,,,3.0,False,0.0,0.0,0.0,0.0,0.0,0.0,0.0,0.0,0.0,0.0,0.0,0.0,0.0,0.0,0.0,0.0,0.0,0.0,0.0,0.0,0.0,0.0,0.00,0.00,0.00,0.00,40.0,-351.0,2061.0,37.0,388.0,265,Kporha,Crystal Palace,Caleb,590012,Back injury - Unknown return date,2,31,Caleb_Kporha,7,Aston Villa,31,Crystal Palace,DEF,8
1672,267.0,21.0,2.0,0.0,False,2025-08-31T18:00:00Z,,,3.0,False,0.0,0.0,0.0,0.0,0.0,0.0,0.0,0.0,0.0,0.0,0.0,0.0,0.0,0.0,0.0,0.0,0.0,0.0,0.0,0.0,0.0,0.0,0.00,0.00,0.00,0.00,65.0,204162.0,733179.0,262152.0,57990.0,267,Sarr,Crystal Palace,Ismaïla,232185,,3,31,Ismaïla_Sarr,7,Aston Villa,31,Crystal Palace,MID,8
1673,268.0,21.0,2.0,0.0,False,2025-08-31T18:00:00Z,,,3.0,False,0.0,0.0,0.0,0.0,0.0,0.0,0.0,0.0,0.0,0.0,0.0,0.0,0.0,0.0,0.0,0.0,0.0,0.0,0.0,0.0,0.0,0.0,0.00,0.00,0.00,0.00,50.0,-74.0,373.0,19.0,93.0,268,Doucouré,Crystal Palace,Cheick,438464,Knee injury - Unknown return date,3,31,Cheick_Doucouré,7,Aston Villa,31,Crystal Palace,MID,8
1674,269.0,21.0,2.0,0.0,False,2025-08-31T18:00:00Z,,,3.0,False,0.0,0.0,0.0,0.0,0.0,0.0,0.0,0.0,0.0,0.0,0.0,0.0,0.0,0.0,0.0,0.0,0.0,0.0,0.0,0.0,0.0,0.0,0.00,0.00,0.00,0.00,49.0,-2844.0,22052.0,1439.0,4283.0,269,Esse,Crystal Palace,Romain,606921,,3,31,Romain_Esse,7,Aston Villa,31,Crystal Palace,MID,8
1675,270.0,21.0,2.0,0.0,False,2025-08-31T18:00:00Z,,,3.0,False,0.0,0.0,0.0,0.0,0.0,0.0,0.0,0.0,0.0,0.0,0.0,0.0,0.0,0.0,0.0,0.0,0.0,0.0,0.0,0.0,0.0,0.0,0.00,0.00,0.00,0.00,50.0,-1687.0,11426.0,652.0,2339.0,270,Hughes,Crystal Palace,Will,108413,Knock - 75% chance of playing,3,31,Will_Hughes,7,Aston Villa,31,Crystal Palace,MID,8
1676,271.0,21.0,2.0,0.0,False,2025-08-31T18:00:00Z,,,3.0,False,0.0,0.0,0.0,0.0,0.0,0.0,0.0,0.0,0.0,0.0,0.0,0.0,0.0,0.0,0.0,0.0,0.0,0.0,0.0,0.0,0.0,0.0,0.00,0.00,0.00,0.00,50.0,-165.0,1708.0,142.0,307.0,271,Kamada,Crystal Palace,Daichi,209400,,3,31,Daichi_Kamada,7,Aston Villa,31,Crystal Palace,MID,8
1677,272.0,21.0,2.0,0.0,False,2025-08-31T18:00:00Z,,,3.0,False,0.0,0.0,0.0,0.0,0.0,0.0,0.0,0.0,0.0,0.0,0.0,0.0,0.0,0.0,0.0,0.0,0.0,0.0,0.0,0.0,0.0,0.0,0.00,0.00,0.00,0.00,50.0,-721.0,6891.0,184.0,905.0,272,Lerma Solís,Crystal Palace,Jefferson,152551,,3,31,Jefferson_Lerma Solís,7,Aston Villa,31,Crystal Palace,MID,8
1678,273.0,21.0,2.0,0.0,False,2025-08-31T18:00:00Z,,,3.0,False,0.0,0.0,0.0,0.0,0.0,0.0,0.0,0.0,0.0,0.0,0.0,0.0,0.0,0.0,0.0,0.0,0.0,0.0,0.0,0.0,0.0,0.0,0.00,0.00,0.00,0.00,50.0,-2656.0,67625.0,5794.0,8450.0,273,Wharton,Crystal Palace,Adam,496221,,3,31,Adam_Wharton,7,Aston Villa,31,Crystal Palace,MID,8
1679,274.0,21.0,2.0,0.0,False,2025-08-31T18:00:00Z,,,3.0,False,0.0,0.0,0.0,0.0,0.0,0.0,0.0,0.0,0.0,0.0,0.0,0.0,0.0,0.0,0.0,0.0,0.0,0.0,0.0,0.0,0.0,0.0,0.00,0.00,0.00,0.00,45.0,-635.0,6090.0,286.0,921.0,274,Agbinone,Crystal Palace,Asher,579075,,3,31,Asher_Agbinone,7,Aston Villa,31,Crystal Palace,MID,8
1680,275.0,21.0,2.0,0.0,False,2025-08-31T18:00:00Z,,,3.0,False,0.0,0.0,0.0,0.0,0.0,0.0,0.0,0.0,0.0,0.0,0.0,0.0,0.0,0.0,0.0,0.0,0.0,0.0,0.0,0.0,0.0,0.0,0.00,0.00,0.00,0.00,45.0,-462.0,4371.0,209.0,671.0,275,Ahamada,Crystal Palace,Naouirou,466117,,3,31,Naouirou_Ahamada,7,Aston Villa,31,Crystal Palace,MID,8
1681,276.0,21.0,2.0,0.0,False,2025-08-31T18:00:00Z,,,3.0,False,0.0,0.0,0.0,0.0,0.0,0.0,0.0,0.0,0.0,0.0,0.0,0.0,0.0,0.0,0.0,0.0,0.0,0.0,0.0,0.0,0.0,0.0,0.00,0.00,0.00,0.00,45.0,-10277.0,177172.0,15208.0,25485.0,276,Devenny,Crystal Palace,Justin,489706,,3,31,Justin_Devenny,7,Aston Villa,31,Crystal Palace,MID,8
1682,277.0,21.0,2.0,0.0,False,2025-08-31T18:00:00Z,,,3.0,False,0.0,0.0,0.0,0.0,0.0,0.0,0.0,0.0,0.0,0.0,0.0,0.0,0.0,0.0,0.0,0.0,0.0,0.0,0.0,0.0,0.0,0.0,0.00,0.00,0.00,0.00,45.0,-153.0,625.0,0.0,153.0,277,Ebiowei,Crystal Palace,Malcolm,450535,Has joined Blackpool permanently.,3,31,Malcolm_Ebiowei,7,Aston Villa,31,Crystal Palace,MID,8
1683,278.0,21.0,2.0,0.0,False,2025-08-31T18:00:00Z,,,3.0,False,0.0,0.0,0.0,0.0,0.0,0.0,0.0,0.0,0.0,0.0,0.0,0.0,0.0,0.0,0.0,0.0,0.0,0.0,0.0,0.0,0.0,0.0,0.00,0.00,0.00,0.00,45.0,-853.0,6488.0,253.0,1106.0,278,Rak-Sakyi,Crystal Palace,Jesurun,450542,,3,31,Jesurun_Rak-Sakyi,7,Aston Villa,31,Crystal Palace,MID,8
1684,279.0,21.0,2.0,0.0,False,2025-08-31T18:00:00Z,,,3.0,False,0.0,0.0,0.0,0.0,0.0,0.0,0.0,0.0,0.0,0.0,0.0,0.0,0.0,0.0,0.0,0.0,0.0,0.0,0.0,0.0,0.0,0.0,0.00,0.00,0.00,0.00,45.0,-346.0,1539.0,30.0,376.0,279,França de Oliveira,Crystal Palace,Matheus,536694,Has joined CR Vasco da Gama on loan for the rest of the season.,3,31,Matheus_França de Oliveira,7,Aston Villa,31,Crystal Palace,MID,8
1685,280.0,21.0,2.0,0.0,False,2025-08-31T18:00:00Z,,,3.0,False,0.0,0.0,0.0,0.0,0.0,0.0,0.0,0.0,0.0,0.0,0.0,0.0,0.0,0.0,0.0,0.0,0.0,0.0,0.0,0.0,0.0,0.0,0.00,0.00,0.00,0.00,45.0,-43.0,219.0,0.0,43.0,280,Ozoh,Crystal Palace,David,531989,Has joined Derby County on loan for the rest of the season.,3,31,David_Ozoh,7,Aston Villa,31,Crystal Palace,MID,8
1686,281.0,21.0,2.0,0.0,False,2025-08-31T18:00:00Z,,,3.0,False,0.0,0.0,0.0,0.0,0.0,0.0,0.0,0.0,0.0,0.0,0.0,0.0,0.0,0.0,0.0,0.0,0.0,0.0,0.0,0.0,0.0,0.0,0.00,0.00,0.00,0.00,45.0,-412.0,4738.0,181.0,593.0,281,Rodney,Crystal Palace,Kaden,530318,,3,31,Kaden_Rodney,7,Aston Villa,31,Crystal Palace,MID,8
1687,282.0,21.0,2.0,0.0,False,2025-08-31T18:00:00Z,,,3.0,False,0.0,0.0,0.0,0.0,0.0,0.0,0.0,0.0,0.0,0.0,0.0,0.0,0.0,0.0,0.0,0.0,0.0,0.0,0.0,0.0,0.0,0.0,0.00,0.00,0.00,0.00,45.0,-289.0,3259.0,167.0,456.0,282,Umeh-Chibueze,Crystal Palace,Franco,574398,,3,31,Franco_Umeh-Chibueze,7,Aston Villa,31,Crystal Palace,MID,8
1688,283.0,21.0,2.0,0.0,False,2025-08-31T18:00:00Z,,,3.0,False,0.0,0.0,0.0,0.0,0.0,0.0,0.0,0.0,0.0,0.0,0.0,0.0,0.0,0.0,0.0,0.0,0.0,0.0,0.0,0.0,0.0,0.0,0.00,0.00,0.00,0.00,75.0,-87887.0,880342.0,80446.0,168333.0,283,Mateta,Crystal Palace,Jean-Philippe,231747,,4,31,Jean-Philippe_Mateta,7,Aston Villa,31,Crystal Palace,FWD,8
1689,284.0,21.0,2.0,0.0,False,2025-08-31T18:00:00Z,,,3.0,False,0.0,0.0,0.0,0.0,0.0,0.0,0.0,0.0,0.0,0.0,0.0,0.0,0.0,0.0,0.0,0.0,0.0,0.0,0.0,0.0,0.0,0.0,0.00,0.00,0.00,0.00,54.0,-6797.0,21042.0,303.0,7100.0,284,Nketiah,Crystal Palace,Eddie,205533,Hamstring injury - Expected back 18 Oct,4,31,Eddie_Nketiah,7,Aston Villa,31,Crystal Palace,FWD,8
1690,285.0,21.0,2.0,0.0,False,2025-08-31T18:00:00Z,,,3.0,False,0.0,0.0,0.0,0.0,0.0,0.0,0.0,0.0,0.0,0.0,0.0,0.0,0.0,0.0,0.0,0.0,0.0,0.0,0.0,0.0,0.0,0.0,0.00,0.00,0.00,0.00,50.0,-19758.0,76742.0,3222.0,22980.0,285,Édouard,Crystal Palace,Odsonne,199670,Achilles injury - Unknown return date,4,31,Odsonne_Édouard,7,Aston Villa,31,Crystal Palace,FWD,8
1691,286.0,21.0,2.0,0.0,False,2025-08-31T18:00:00Z,,,3.0,False,0.0,0.0,0.0,0.0,0.0,0.0,0.0,0.0,0.0,0.0,0.0,0.0,0.0,0.0,0.0,0.0,0.0,0.0,0.0,0.0,0.0,0.0,0.00,0.00,0.00,0.00,45.0,-4281.0,26972.0,1210.0,5491.0,286,Marsh,Crystal Palace,Zach,576980,,4,31,Zach_Marsh,7,Aston Villa,31,Crystal Palace,FWD,8
1692,690.0,21.0,2.0,0.0,False,2025-08-31T18:00:00Z,,,3.0,False,0.0,0.0,0.0,0.0,0.0,0.0,0.0,0.0,0.0,0.0,0.0,0.0,0.0,0.0,0.0,0.0,0.0,0.0,0.0,0.0,0.0,0.0,0.00,0.00,0.00,0.00,45.0,-1753.0,24979.0,3283.0,5036.0,690,Cardines,Crystal Palace,Rio,590014,,3,31,Rio_Cardines,7,Aston Villa,31,Crystal Palace,MID,8
1693,242.0,30.0,20.0,12.0,False,2025-08-30T14:00:00Z,2.0,3.0,3.0,False,90.0,1.0,1.0,0.0,2.0,0.0,0.0,0.0,1.0,0.0,0.0,3.0,49.0,55.2,44.0,21.0,12.0,0.0,5.0,1.0,6.0,1.0,0.05,0.81,0.86,1.16,50.0,-44998.0,421805.0,19146.0,64144.0,242,Dewsbury-Hall,Everton,Kiernan,215413,,3,11,Kiernan_Dewsbury-Hall,39,Wolves,11,Everton,MID,9
1694,287.0,30.0,20.0,1.0,False,2025-08-30T14:00:00Z,2.0,3.0,3.0,False,90.0,0.0,0.0,0.0,2.0,0.0,0.0,0.0,0.0,0.0,2.0,0.0,5.0,15.2,0.0,0.0,1.5,3.0,8.0,0.0,0.0,1.0,0.00,0.01,0.01,1.16,55.0,131024.0,1411854.0,177358.0,46334.0,287,Pickford,Everton,Jordan,111234,,1,11,Jordan_Pickford,39,Wolves,11,Everton,GKP,9
1695,288.0,30.0,20.0,0.0,False,2025-08-30T14:00:00Z,2.0,3.0,3.0,False,0.0,0.0,0.0,0.0,0.0,0.0,0.0,0.0,0.0,0.0,0.0,0.0,0.0,0.0,0.0,0.0,0.0,0.0,0.0,0.0,0.0,0.0,0.00,0.00,0.00,0.00,45.0,-1004.0,16023.0,423.0,1427.0,288,Travers,Everton,Mark,229600,,1,11,Mark_Travers,39,Wolves,11,Everton,GKP,9
1696,289.0,30.0,20.0,0.0,False,2025-08-30T14:00:00Z,2.0,3.0,3.0,False,0.0,0.0,0.0,0.0,0.0,0.0,0.0,0.0,0.0,0.0,0.0,0.0,0.0,0.0,0.0,0.0,0.0,0.0,0.0,0.0,0.0,0.0,0.00,0.00,0.00,0.00,40.0,-677.0,14137.0,392.0,1069.0,289,Tyrer,Everton,Harry,447325,,1,11,Harry_Tyrer,39,Wolves,11,Everton,GKP,9
1697,290.0,30.0,20.0,0.0,False,2025-08-30T14:00:00Z,2.0,3.0,3.0,False,0.0,0.0,0.0,0.0,0.0,0.0,0.0,0.0,0.0,0.0,0.0,0.0,0.0,0.0,0.0,0.0,0.0,0.0,0.0,0.0,0.0,0.0,0.00,0.00,0.00,0.00,54.0,-14223.0,36736.0,179.0,14402.0,290,Branthwaite,Everton,Jarrad,480455,Hamstring injury - Unknown return date,2,11,Jarrad_Branthwaite,39,Wolves,11,Everton,DEF,9
1698,291.0,30.0,20.0,3.0,False,2025-08-30T14:00:00Z,2.0,3.0,3.0,False,90.0,0.0,0.0,0.0,2.0,0.0,0.0,0.0,0.0,0.0,0.0,0.0,5.0,23.2,0.3,0.0,2.4,10.0,4.0,1.0,11.0,1.0,0.00,0.00,0.00,1.16,55.0,81702.0,876954.0,128286.0,46584.0,291,Tarkowski,Everton,James,17761,,2,11,James_Tarkowski,39,Wolves,11,Everton,DEF,9
1699,292.0,30.0,20.0,1.0,False,2025-08-30T14:00:00Z,2.0,3.0,3.0,False,90.0,0.0,0.0,0.0,2.0,0.0,0.0,0.0,0.0,0.0,0.0,0.0,5.0,7.4,5.3,2.0,1.5,6.0,4.0,1.0,7.0,1.0,0.00,0.07,0.07,1.16,49.0,-22783.0,54519.0,1865.0,24648.0,292,Mykolenko,Everton,Vitalii,224967,,2,11,Vitalii_Mykolenko,39,Wolves,11,Everton,DEF,9
1700,293.0,30.0,20.0,1.0,False,2025-08-30T14:00:00Z,2.0,3.0,3.0,False,90.0,0.0,0.0,0.0,2.0,0.0,0.0,0.0,0.0,0.0,0.0,0.0,-1.0,16.8,9.2,4.0,3.0,7.0,3.0,1.0,8.0,1.0,0.07,0.01,0.08,1.16,50.0,1644.0,65645.0,7113.0,5469.0,293,O'Brien,Everton,Jake,512462,,2,11,Jake_O'Brien,39,Wolves,11,Everton,DEF,9
1701,294.0,30.0,20.0,1.0,False,2025-08-30T14:00:00Z,2.0,3.0,3.0,False,1.0,0.0,0.0,0.0,0.0,0.0,0.0,0.0,0.0,0.0,0.0,0.0,3.0,0.0,0.0,0.0,0.0,0.0,0.0,0.0,0.0,0.0,0.00,0.00,0.00,0.00,45.0,-1801.0,16945.0,736.0,2537.0,294,Coleman,Everton,Séamus,59949,,2,11,Séamus_Coleman,39,Wolves,11,Everton,DEF,9
1702,295.0,30.0,20.0,3.0,False,2025-08-30T14:00:00Z,2.0,3.0,3.0,False,90.0,0.0,0.0,0.0,2.0,0.0,0.0,0.0,0.0,0.0,0.0,0.0,6.0,23.6,0.2,0.0,2.4,12.0,1.0,1.0,13.0,1.0,0.00,0.00,0.00,1.16,45.0,14512.0,62333.0,21611.0,7099.0,295,Keane,Everton,Michael,106611,,2,11,Michael_Keane,39,Wolves,11,Everton,DEF,9
1703,296.0,30.0,20.0,0.0,False,2025-08-30T14:00:00Z,2.0,3.0,3.0,False,0.0,0.0,0.0,0.0,0.0,0.0,0.0,0.0,0.0,0.0,0.0,0.0,0.0,0.0,0.0,0.0,0.0,0.0,0.0,0.0,0.0,0.0,0.00,0.00,0.00,0.00,45.0,-691.0,2086.0,46.0,737.0,296,Patterson,Everton,Nathan,243571,Hernia - Unknown return date,2,11,Nathan_Patterson,39,Wolves,11,Everton,DEF,9
1704,297.0,30.0,20.0,0.0,False,2025-08-30T14:00:00Z,2.0,3.0,3.0,False,0.0,0.0,0.0,0.0,0.0,0.0,0.0,0.0,0.0,0.0,0.0,0.0,0.0,0.0,0.0,0.0,0.0,0.0,0.0,0.0,0.0,0.0,0.00,0.00,0.00,0.00,40.0,-1988.0,23597.0,805.0,2793.0,297,Dixon,Everton,Roman,496178,,2,11,Roman_Dixon,39,Wolves,11,Everton,DEF,9
1705,298.0,30.0,20.0,0.0,False,2025-08-30T14:00:00Z,2.0,3.0,3.0,False,0.0,0.0,0.0,0.0,0.0,0.0,0.0,0.0,0.0,0.0,0.0,0.0,0.0,0.0,0.0,0.0,0.0,0.0,0.0,0.0,0.0,0.0,0.00,0.00,0.00,0.00,40.0,-1471.0,16674.0,335.0,1806.0,298,Welch,Everton,Reece,474907,,2,11,Reece_Welch,39,Wolves,11,Everton,DEF,9
1706,299.0,30.0,20.0,7.0,False,2025-08-30T14:00:00Z,2.0,3.0,3.0,False,90.0,1.0,0.0,0.0,2.0,0.0,0.0,0.0,0.0,0.0,0.0,0.0,23.0,42.6,24.0,25.0,9.2,0.0,5.0,3.0,8.0,1.0,0.56,0.05,0.61,1.16,65.0,-3696.0,1055046.0,85171.0,88867.0,299,Ndiaye,Everton,Iliman,440993,,3,11,Iliman_Ndiaye,39,Wolves,11,Everton,MID,9
1707,300.0,30.0,20.0,0.0,False,2025-08-30T14:00:00Z,2.0,3.0,3.0,False,0.0,0.0,0.0,0.0,0.0,0.0,0.0,0.0,0.0,0.0,0.0,0.0,0.0,0.0,0.0,0.0,0.0,0.0,0.0,0.0,0.0,0.0,0.00,0.00,0.00,0.00,58.0,-7874.0,27126.0,916.0,8790.0,300,McNeil,Everton,Dwight,433154,,3,11,Dwight_McNeil,39,Wolves,11,Everton,MID,9
1708,301.0,30.0,20.0,1.0,False,2025-08-30T14:00:00Z,2.0,3.0,3.0,False,2.0,0.0,0.0,0.0,0.0,0.0,0.0,0.0,0.0,0.0,0.0,0.0,5.0,2.0,0.0,0.0,0.2,0.0,1.0,1.0,2.0,0.0,0.00,0.00,0.00,0.18,54.0,-2351.0,15294.0,816.0,3167.0,301,Alcaraz Durán,Everton,Carlos,502697,,3,11,Carlos_Alcaraz Durán,39,Wolves,11,Everton,MID,9
1709,302.0,30.0,20.0,2.0,False,2025-08-30T14:00:00Z,2.0,3.0,3.0,False,75.0,0.0,0.0,0.0,1.0,0.0,0.0,0.0,0.0,0.0,0.0,0.0,11.0,7.4,12.7,11.0,3.1,0.0,5.0,3.0,8.0,1.0,0.26,0.03,0.29,0.67,55.0,-865.0,10225.0,684.0,1549.0,302,Gueye,Everton,Idrissa Gana,80801,,3,11,Idrissa Gana_Gueye,39,Wolves,11,Everton,MID,9
1710,303.0,30.0,20.0,4.0,False,2025-08-30T14:00:00Z,2.0,3.0,3.0,False,90.0,0.0,0.0,0.0,2.0,0.0,0.0,0.0,0.0,0.0,0.0,0.0,18.0,13.4,3.2,0.0,1.7,4.0,5.0,3.0,12.0,1.0,0.00,0.02,0.02,1.16,50.0,16306.0,33345.0,21034.0,4728.0,303,Garner,Everton,James,232928,,3,11,James_Garner,39,Wolves,11,Everton,MID,9
1711,304.0,30.0,20.0,1.0,False,2025-08-30T14:00:00Z,2.0,3.0,3.0,False,14.0,0.0,0.0,0.0,1.0,0.0,0.0,0.0,0.0,0.0,0.0,0.0,4.0,6.2,0.0,2.0,0.8,2.0,0.0,0.0,2.0,0.0,0.02,0.00,0.02,0.49,50.0,-250.0,3477.0,147.0,397.0,304,Iroegbunam,Everton,Tim,490094,,3,11,Tim_Iroegbunam,39,Wolves,11,Everton,MID,9
1712,305.0,30.0,20.0,0.0,False,2025-08-30T14:00:00Z,2.0,3.0,3.0,False,0.0,0.0,0.0,0.0,0.0,0.0,0.0,0.0,0.0,0.0,0.0,0.0,0.0,0.0,0.0,0.0,0.0,0.0,0.0,0.0,0.0,0.0,0.00,0.00,0.00,0.00,45.0,57.0,14846.0,2090.0,2033.0,305,Armstrong,Everton,Harrison,609873,,3,11,Harrison_Armstrong,39,Wolves,11,Everton,MID,9
1713,306.0,30.0,20.0,0.0,False,2025-08-30T14:00:00Z,2.0,3.0,3.0,False,0.0,0.0,0.0,0.0,0.0,0.0,0.0,0.0,0.0,0.0,0.0,0.0,0.0,0.0,0.0,0.0,0.0,0.0,0.0,0.0,0.0,0.0,0.00,0.00,0.00,0.00,45.0,-1098.0,8524.0,309.0,1407.0,306,Bates,Everton,Callum,547801,,3,11,Callum_Bates,39,Wolves,11,Everton,MID,9
1714,307.0,30.0,20.0,0.0,False,2025-08-30T14:00:00Z,2.0,3.0,3.0,False,0.0,0.0,0.0,0.0,0.0,0.0,0.0,0.0,0.0,0.0,0.0,0.0,0.0,0.0,0.0,0.0,0.0,0.0,0.0,0.0,0.0,0.0,0.00,0.00,0.00,0.00,45.0,-493.0,4455.0,177.0,670.0,307,Ebere,Everton,Coby,504296,,3,11,Coby_Ebere,39,Wolves,11,Everton,MID,9
1715,308.0,30.0,20.0,0.0,False,2025-08-30T14:00:00Z,2.0,3.0,3.0,False,0.0,0.0,0.0,0.0,0.0,0.0,0.0,0.0,0.0,0.0,0.0,0.0,0.0,0.0,0.0,0.0,0.0,0.0,0.0,0.0,0.0,0.0,0.00,0.00,0.00,0.00,45.0,-502.0,4369.0,128.0,630.0,308,Heath,Everton,Isaac,496279,,3,11,Isaac_Heath,39,Wolves,11,Everton,MID,9
1716,309.0,30.0,20.0,0.0,False,2025-08-30T14:00:00Z,2.0,3.0,3.0,False,0.0,0.0,0.0,0.0,0.0,0.0,0.0,0.0,0.0,0.0,0.0,0.0,0.0,0.0,0.0,0.0,0.0,0.0,0.0,0.0,0.0,0.0,0.00,0.00,0.00,0.00,45.0,-21.0,128.0,0.0,21.0,309,Metcalfe,Everton,Jenson,491557,Has joined Bradford City permanently.,3,11,Jenson_Metcalfe,39,Wolves,11,Everton,MID,9
1717,310.0,30.0,20.0,1.0,False,2025-08-30T14:00:00Z,2.0,3.0,3.0,False,14.0,0.0,0.0,0.0,1.0,0.0,0.0,0.0,0.0,0.0,0.0,0.0,3.0,6.2,3.0,0.0,0.9,2.0,0.0,0.0,2.0,0.0,0.00,0.00,0.00,0.49,59.0,-10124.0,62359.0,5393.0,15517.0,310,Barry,Everton,Thierno,586309,,4,11,Thierno_Barry,39,Wolves,11,Everton,FWD,9
1718,311.0,30.0,20.0,7.0,False,2025-08-30T14:00:00Z,2.0,3.0,3.0,False,75.0,1.0,0.0,0.0,1.0,0.0,0.0,0.0,0.0,0.0,0.0,1.0,33.0,32.2,14.1,39.0,8.5,0.0,1.0,0.0,1.0,1.0,0.71,0.08,0.79,0.67,54.0,-215016.0,613252.0,20710.0,235726.0,311,Gomes Betuncal,Everton,Norberto Bercique,486385,,4,11,Norberto Bercique_Gomes Betuncal,39,Wolves,11,Everton,FWD,9
1719,312.0,30.0,20.0,0.0,False,2025-08-30T14:00:00Z,2.0,3.0,3.0,False,0.0,0.0,0.0,0.0,0.0,0.0,0.0,0.0,0.0,0.0,0.0,0.0,0.0,0.0,0.0,0.0,0.0,0.0,0.0,0.0,0.0,0.0,0.00,0.00,0.00,0.00,50.0,-2215.0,15787.0,871.0,3086.0,312,Ramalho Chermiti,Everton,Youssef,491012,,4,11,Youssef_Ramalho Chermiti,39,Wolves,11,Everton,FWD,9
1720,313.0,30.0,20.0,0.0,False,2025-08-30T14:00:00Z,2.0,3.0,3.0,False,0.0,0.0,0.0,0.0,0.0,0.0,0.0,0.0,0.0,0.0,0.0,0.0,0.0,0.0,0.0,0.0,0.0,0.0,0.0,0.0,0.0,0.0,0.00,0.00,0.00,0.00,45.0,-3677.0,23250.0,954.0,4631.0,313,Sherif,Everton,Martin,536241,,4,11,Martin_Sherif,39,Wolves,11,Everton,FWD,9
1721,419.0,30.0,20.0,10.0,False,2025-08-30T14:00:00Z,2.0,3.0,3.0,False,87.0,0.0,2.0,0.0,2.0,0.0,0.0,0.0,0.0,0.0,0.0,2.0,45.0,47.0,35.0,34.0,11.6,2.0,8.0,1.0,11.0,1.0,0.28,0.59,0.87,0.99,66.0,395770.0,846647.0,443493.0,47723.0,419,Grealish,Everton,Jack,114283,,3,11,Jack_Grealish,39,Wolves,11,Everton,MID,9
1722,630.0,30.0,20.0,0.0,False,2025-08-30T14:00:00Z,2.0,3.0,3.0,False,0.0,0.0,0.0,0.0,0.0,0.0,0.0,0.0,0.0,0.0,0.0,0.0,0.0,0.0,0.0,0.0,0.0,0.0,0.0,0.0,0.0,0.0,0.00,0.00,0.00,0.00,40.0,-7552.0,158979.0,2819.0,10371.0,630,King,Everton,Tom,138001,,1,11,Tom_King,39,Wolves,11,Everton,GKP,9
1723,667.0,30.0,20.0,0.0,False,2025-08-30T14:00:00Z,2.0,3.0,3.0,False,0.0,0.0,0.0,0.0,0.0,0.0,0.0,0.0,0.0,0.0,0.0,0.0,0.0,0.0,0.0,0.0,0.0,0.0,0.0,0.0,0.0,0.0,0.00,0.00,0.00,0.00,44.0,-2579.0,9897.0,332.0,2911.0,667,Aznou,Everton,Adam,499300,Ankle injury - 25% chance of playing,2,11,Adam_Aznou,39,Wolves,11,Everton,DEF,9
1724,704.0,30.0,20.0,0.0,False,2025-08-30T14:00:00Z,2.0,3.0,3.0,False,0.0,0.0,0.0,0.0,0.0,0.0,0.0,0.0,0.0,0.0,0.0,0.0,0.0,0.0,0.0,0.0,0.0,0.0,0.0,0.0,0.0,0.0,0.00,0.00,0.00,0.00,45.0,4773.0,12793.0,6127.0,1354.0,704,Onyango,Everton,Tyler,461446,,3,11,Tyler_Onyango,39,Wolves,11,Everton,MID,9
1725,705.0,30.0,20.0,0.0,False,2025-08-30T14:00:00Z,2.0,3.0,3.0,False,0.0,0.0,0.0,0.0,0.0,0.0,0.0,0.0,0.0,0.0,0.0,0.0,0.0,0.0,0.0,0.0,0.0,0.0,0.0,0.0,0.0,0.0,0.00,0.00,0.00,0.00,40.0,6421.0,18697.0,7618.0,1197.0,705,Campbell,Everton,Elijah,491745,,2,11,Elijah_Campbell,39,Wolves,11,Everton,DEF,9
1726,707.0,30.0,20.0,0.0,False,2025-08-30T14:00:00Z,2.0,3.0,3.0,False,0.0,0.0,0.0,0.0,0.0,0.0,0.0,0.0,0.0,0.0,0.0,0.0,0.0,0.0,0.0,0.0,0.0,0.0,0.0,0.0,0.0,0.0,0.00,0.00,0.00,0.00,55.0,876.0,1272.0,1091.0,215.0,707,Dibling,Everton,Tyler,496661,,3,11,Tyler_Dibling,39,Wolves,11,Everton,MID,9
1727,314.0,23.0,7.0,2.0,False,2025-08-30T11:30:00Z,2.0,0.0,3.0,False,90.0,0.0,0.0,0.0,2.0,0.0,0.0,0.0,0.0,0.0,4.0,0.0,12.0,29.4,0.0,0.0,2.9,0.0,13.0,1.0,0.0,1.0,0.00,0.00,0.00,2.35,50.0,-5794.0,170758.0,7796.0,13590.0,314,Leno,Fulham,Bernd,80201,,1,54,Bernd_Leno,8,Chelsea,54,Fulham,GKP,10
1728,315.0,23.0,7.0,0.0,False,2025-08-30T11:30:00Z,2.0,0.0,3.0,False,0.0,0.0,0.0,0.0,0.0,0.0,0.0,0.0,0.0,0.0,0.0,0.0,0.0,0.0,0.0,0.0,0.0,0.0,0.0,0.0,0.0,0.0,0.00,0.00,0.00,0.00,40.0,-89.0,767.0,0.0,89.0,315,Benda,Fulham,Steven,428971,Has joined Millwall on loan for the rest of the season.,1,54,Steven_Benda,8,Chelsea,54,Fulham,GKP,10
1729,316.0,23.0,7.0,1.0,False,2025-08-30T11:30:00Z,2.0,0.0,3.0,False,23.0,0.0,0.0,0.0,0.0,0.0,0.0,0.0,0.0,0.0,0.0,0.0,4.0,5.0,5.3,2.0,1.2,1.0,1.0,0.0,1.0,0.0,0.00,0.04,0.04,0.12,50.0,4358.0,80881.0,12561.0,8203.0,316,Robinson,Fulham,Antonee,169528,,2,54,Antonee_Robinson,8,Chelsea,54,Fulham,DEF,10
1730,317.0,23.0,7.0,3.0,False,2025-08-30T11:30:00Z,2.0,0.0,3.0,False,90.0,0.0,0.0,0.0,2.0,0.0,0.0,0.0,0.0,0.0,0.0,0.0,13.0,20.2,11.2,8.0,3.9,7.0,4.0,3.0,10.0,1.0,0.21,0.02,0.23,2.35,45.0,-6023.0,299587.0,15504.0,21527.0,317,Andersen,Fulham,Joachim,174874,,2,54,Joachim_Andersen,8,Chelsea,54,Fulham,DEF,10
1731,318.0,23.0,7.0,1.0,False,2025-08-30T11:30:00Z,2.0,0.0,3.0,False,90.0,0.0,0.0,0.0,2.0,0.0,0.0,0.0,0.0,0.0,0.0,0.0,7.0,13.2,1.3,0.0,1.5,2.0,4.0,2.0,4.0,1.0,0.00,0.01,0.01,2.35,45.0,459.0,52032.0,5773.0,5314.0,318,Bassey,Fulham,Calvin,232892,,2,54,Calvin_Bassey,8,Chelsea,54,Fulham,DEF,10
1732,319.0,23.0,7.0,0.0,False,2025-08-30T11:30:00Z,2.0,0.0,3.0,False,59.0,0.0,0.0,0.0,2.0,0.0,0.0,0.0,0.0,0.0,0.0,0.0,-5.0,10.0,10.7,7.0,2.8,1.0,2.0,3.0,4.0,1.0,0.08,0.03,0.11,2.19,45.0,-826.0,14115.0,687.0,1513.0,319,Castagne,Fulham,Timothy,166477,,2,54,Timothy_Castagne,8,Chelsea,54,Fulham,DEF,10
1733,320.0,23.0,7.0,0.0,False,2025-08-30T11:30:00Z,2.0,0.0,3.0,False,0.0,0.0,0.0,0.0,0.0,0.0,0.0,0.0,0.0,0.0,0.0,0.0,0.0,0.0,0.0,0.0,0.0,0.0,0.0,0.0,0.0,0.0,0.00,0.00,0.00,0.00,45.0,-931.0,8473.0,203.0,1134.0,320,Diop,Fulham,Issa,219924,,2,54,Issa_Diop,8,Chelsea,54,Fulham,DEF,10
1734,321.0,23.0,7.0,0.0,False,2025-08-30T11:30:00Z,2.0,0.0,3.0,False,0.0,0.0,0.0,0.0,0.0,0.0,0.0,0.0,0.0,0.0,0.0,0.0,0.0,0.0,0.0,0.0,0.0,0.0,0.0,0.0,0.0,0.0,0.00,0.00,0.00,0.00,45.0,-427.0,4625.0,106.0,533.0,321,Cuenca Barreno,Fulham,Jorge,246301,,2,54,Jorge_Cuenca Barreno,8,Chelsea,54,Fulham,DEF,10
1735,322.0,23.0,7.0,3.0,False,2025-08-30T11:30:00Z,2.0,0.0,3.0,False,90.0,0.0,0.0,0.0,2.0,0.0,0.0,0.0,0.0,0.0,0.0,0.0,7.0,22.0,3.9,4.0,3.0,7.0,2.0,4.0,11.0,1.0,0.07,0.01,0.08,2.35,45.0,930.0,19875.0,3100.0,2170.0,322,Tete,Fulham,Kenny,167074,,2,54,Kenny_Tete,8,Chelsea,54,Fulham,DEF,10
1736,323.0,23.0,7.0,0.0,False,2025-08-30T11:30:00Z,2.0,0.0,3.0,False,0.0,0.0,0.0,0.0,0.0,0.0,0.0,0.0,0.0,0.0,0.0,0.0,0.0,0.0,0.0,0.0,0.0,0.0,0.0,0.0,0.0,0.0,0.00,0.00,0.00,0.00,40.0,-1521.0,17432.0,463.0,1984.0,323,Amissah,Fulham,Samuel,591385,,2,54,Samuel_Amissah,8,Chelsea,54,Fulham,DEF,10
1737,324.0,23.0,7.0,1.0,False,2025-08-30T11:30:00Z,2.0,0.0,3.0,False,83.0,0.0,0.0,0.0,2.0,0.0,0.0,0.0,1.0,0.0,0.0,0.0,4.0,4.2,9.8,1.0,1.5,1.0,5.0,3.0,9.0,1.0,0.03,0.05,0.08,2.31,65.0,-1357.0,148277.0,13817.0,15174.0,324,Iwobi,Fulham,Alex,153133,,3,54,Alex_Iwobi,8,Chelsea,54,Fulham,MID,10
1738,325.0,23.0,7.0,1.0,False,2025-08-30T11:30:00Z,2.0,0.0,3.0,False,23.0,0.0,0.0,0.0,0.0,0.0,0.0,0.0,0.0,0.0,0.0,0.0,4.0,4.0,12.3,0.0,1.6,0.0,0.0,0.0,0.0,0.0,0.00,0.03,0.03,0.12,59.0,-562.0,88983.0,11247.0,11809.0,325,Smith Rowe,Fulham,Emile,209289,,3,54,Emile_Smith Rowe,8,Chelsea,54,Fulham,MID,10
1739,326.0,23.0,7.0,1.0,False,2025-08-30T11:30:00Z,2.0,0.0,3.0,False,6.0,0.0,0.0,0.0,0.0,0.0,0.0,0.0,0.0,0.0,0.0,0.0,5.0,4.2,14.7,6.0,2.5,0.0,1.0,0.0,1.0,0.0,0.00,0.07,0.07,0.04,54.0,-4819.0,25759.0,782.0,5601.0,326,Traoré Diarra,Fulham,Adama,159533,,3,54,Adama_Traoré Diarra,8,Chelsea,54,Fulham,MID,10
1740,327.0,23.0,7.0,0.0,False,2025-08-30T11:30:00Z,2.0,0.0,3.0,False,0.0,0.0,0.0,0.0,0.0,0.0,0.0,0.0,0.0,0.0,0.0,0.0,0.0,0.0,0.0,0.0,0.0,0.0,0.0,0.0,0.0,0.0,0.00,0.00,0.00,0.00,54.0,-6322.0,25806.0,949.0,7271.0,327,Hoelgebaum Pereira,Fulham,Andreas,156689,,3,54,Andreas_Hoelgebaum Pereira,8,Chelsea,54,Fulham,MID,10
1741,328.0,23.0,7.0,2.0,False,2025-08-30T11:30:00Z,2.0,0.0,3.0,False,66.0,0.0,0.0,0.0,2.0,0.0,0.0,0.0,0.0,0.0,0.0,0.0,3.0,10.6,1.2,2.0,1.4,5.0,1.0,4.0,10.0,1.0,0.00,0.00,0.00,2.23,54.0,210.0,3129.0,663.0,453.0,328,Sessegnon,Fulham,Ryan,184349,,3,54,Ryan_Sessegnon,8,Chelsea,54,Fulham,MID,10
1742,329.0,23.0,7.0,1.0,False,2025-08-30T11:30:00Z,2.0,0.0,3.0,False,30.0,0.0,0.0,0.0,0.0,0.0,0.0,0.0,0.0,0.0,0.0,0.0,5.0,2.4,0.7,7.0,1.0,0.0,0.0,1.0,1.0,0.0,0.03,0.01,0.04,0.16,55.0,-24839.0,71306.0,2201.0,27040.0,329,Wilson,Fulham,Harry,153682,,3,54,Harry_Wilson,8,Chelsea,54,Fulham,MID,10
1743,330.0,23.0,7.0,2.0,False,2025-08-30T11:30:00Z,2.0,0.0,3.0,False,90.0,0.0,0.0,0.0,2.0,0.0,0.0,0.0,0.0,0.0,0.0,0.0,12.0,14.4,1.3,9.0,2.5,2.0,7.0,2.0,11.0,1.0,0.41,0.01,0.42,2.35,50.0,-473.0,7269.0,297.0,770.0,330,Berge,Fulham,Sander,207189,,3,54,Sander_Berge,8,Chelsea,54,Fulham,MID,10
1744,331.0,23.0,7.0,0.0,False,2025-08-30T11:30:00Z,2.0,0.0,3.0,False,0.0,0.0,0.0,0.0,0.0,0.0,0.0,0.0,0.0,0.0,0.0,0.0,0.0,0.0,0.0,0.0,0.0,0.0,0.0,0.0,0.0,0.0,0.00,0.00,0.00,0.00,49.0,-454.0,3613.0,89.0,543.0,331,Cairney,Fulham,Tom,76357,,3,54,Tom_Cairney,8,Chelsea,54,Fulham,MID,10
1745,332.0,23.0,7.0,1.0,False,2025-08-30T11:30:00Z,2.0,0.0,3.0,False,90.0,0.0,0.0,0.0,2.0,0.0,0.0,0.0,1.0,0.0,0.0,0.0,8.0,23.6,47.8,2.0,7.3,2.0,3.0,5.0,10.0,1.0,0.00,0.11,0.11,2.35,50.0,-94.0,7590.0,843.0,937.0,332,Lukić,Fulham,Saša,212314,,3,54,Saša_Lukić,8,Chelsea,54,Fulham,MID,10
1746,333.0,23.0,7.0,0.0,False,2025-08-30T11:30:00Z,2.0,0.0,3.0,False,0.0,0.0,0.0,0.0,0.0,0.0,0.0,0.0,0.0,0.0,0.0,0.0,0.0,0.0,0.0,0.0,0.0,0.0,0.0,0.0,0.0,0.0,0.00,0.00,0.00,0.00,45.0,-873.0,7032.0,306.0,1179.0,333,Godo,Fulham,Martial,573062,,3,54,Martial_Godo,8,Chelsea,54,Fulham,MID,10
1747,334.0,23.0,7.0,0.0,False,2025-08-30T11:30:00Z,2.0,0.0,3.0,False,0.0,0.0,0.0,0.0,0.0,0.0,0.0,0.0,0.0,0.0,0.0,0.0,0.0,0.0,0.0,0.0,0.0,0.0,0.0,0.0,0.0,0.0,0.00,0.00,0.00,0.00,45.0,-55.0,311.0,0.0,55.0,334,Harris,Fulham,Luke,515024,Has joined Oxford United on loan for the rest of the season.,3,54,Luke_Harris,8,Chelsea,54,Fulham,MID,10
1748,335.0,23.0,7.0,2.0,False,2025-08-30T11:30:00Z,2.0,0.0,3.0,False,66.0,0.0,0.0,0.0,2.0,0.0,0.0,0.0,0.0,0.0,0.0,0.0,11.0,10.8,12.6,11.0,3.4,2.0,3.0,0.0,5.0,1.0,0.04,0.08,0.12,2.23,45.0,21556.0,151711.0,47696.0,26140.0,335,King,Fulham,Josh,577725,,3,54,Josh_King,8,Chelsea,54,Fulham,MID,10
1749,336.0,23.0,7.0,0.0,False,2025-08-30T11:30:00Z,2.0,0.0,3.0,False,0.0,0.0,0.0,0.0,0.0,0.0,0.0,0.0,0.0,0.0,0.0,0.0,0.0,0.0,0.0,0.0,0.0,0.0,0.0,0.0,0.0,0.0,0.00,0.00,0.00,0.00,45.0,-3609.0,23459.0,657.0,4266.0,336,Reed,Fulham,Harrison,153366,,3,54,Harrison_Reed,8,Chelsea,54,Fulham,MID,10
1750,337.0,23.0,7.0,1.0,False,2025-08-30T11:30:00Z,2.0,0.0,3.0,False,31.0,0.0,0.0,0.0,0.0,0.0,0.0,0.0,0.0,0.0,0.0,0.0,-2.0,0.0,1.0,7.0,0.6,1.0,0.0,1.0,2.0,0.0,0.11,0.00,0.11,0.16,64.0,-44794.0,164632.0,5317.0,50111.0,337,Jiménez Rodríguez,Fulham,Raúl,102057,,4,54,Raúl_Jiménez Rodríguez,8,Chelsea,54,Fulham,FWD,10
1751,338.0,23.0,7.0,1.0,False,2025-08-30T11:30:00Z,2.0,0.0,3.0,False,58.0,0.0,0.0,0.0,2.0,0.0,0.0,0.0,0.0,0.0,0.0,0.0,-1.0,0.0,10.3,4.0,1.4,1.0,0.0,0.0,1.0,1.0,0.04,0.00,0.04,2.19,55.0,-23390.0,254354.0,36906.0,60296.0,338,Muniz Carvalho,Fulham,Rodrigo,244042,,4,54,Rodrigo_Muniz Carvalho,8,Chelsea,54,Fulham,FWD,10
1752,664.0,23.0,7.0,0.0,False,2025-08-30T11:30:00Z,2.0,0.0,3.0,False,0.0,0.0,0.0,0.0,0.0,0.0,0.0,0.0,0.0,0.0,0.0,0.0,0.0,0.0,0.0,0.0,0.0,0.0,0.0,0.0,0.0,0.0,0.00,0.00,0.00,0.00,40.0,-3482.0,88440.0,1631.0,5113.0,664,Lecomte,Fulham,Benjamin,86873,,1,54,Benjamin_Lecomte,8,Chelsea,54,Fulham,GKP,10
1753,339.0,24.0,15.0,0.0,True,2025-08-30T16:30:00Z,0.0,0.0,3.0,False,0.0,0.0,0.0,0.0,0.0,0.0,0.0,0.0,0.0,0.0,0.0,0.0,0.0,0.0,0.0,0.0,0.0,0.0,0.0,0.0,0.0,0.0,0.00,0.00,0.00,0.00,45.0,-8798.0,69298.0,861.0,9659.0,339,Meslier,Leeds,Illan,437495,,1,2,Illan_Meslier,4,Newcastle,2,Leeds,GKP,11
1754,340.0,24.0,15.0,0.0,True,2025-08-30T16:30:00Z,0.0,0.0,3.0,False,0.0,0.0,0.0,0.0,0.0,0.0,0.0,0.0,0.0,0.0,0.0,0.0,0.0,0.0,0.0,0.0,0.0,0.0,0.0,0.0,0.0,0.0,0.00,0.00,0.00,0.00,40.0,-994.0,21869.0,528.0,1522.0,340,Cairns,Leeds,Alex,97846,,1,2,Alex_Cairns,4,Newcastle,2,Leeds,GKP,11
1755,341.0,24.0,15.0,0.0,True,2025-08-30T16:30:00Z,0.0,0.0,3.0,False,0.0,0.0,0.0,0.0,0.0,0.0,0.0,0.0,0.0,0.0,0.0,0.0,0.0,0.0,0.0,0.0,0.0,0.0,0.0,0.0,0.0,0.0,0.00,0.00,0.00,0.00,40.0,-22161.0,298448.0,4368.0,26529.0,341,Darlow,Leeds,Karl,59735,,1,2,Karl_Darlow,4,Newcastle,2,Leeds,GKP,11
1756,342.0,24.0,15.0,6.0,True,2025-08-30T16:30:00Z,0.0,0.0,3.0,False,90.0,0.0,0.0,1.0,0.0,0.0,0.0,0.0,0.0,0.0,0.0,0.0,23.0,5.2,1.6,1.0,0.8,5.0,9.0,2.0,7.0,1.0,0.06,0.02,0.08,0.42,45.0,-819.0,21402.0,1257.0,2076.0,342,Bogle,Leeds,Jayden,226182,,2,2,Jayden_Bogle,4,Newcastle,2,Leeds,DEF,11
1757,343.0,24.0,15.0,6.0,True,2025-08-30T16:30:00Z,0.0,0.0,3.0,False,90.0,0.0,0.0,1.0,0.0,0.0,0.0,0.0,0.0,0.0,0.0,0.0,27.0,8.6,1.0,0.0,1.0,4.0,3.0,0.0,4.0,1.0,0.00,0.01,0.01,0.42,45.0,-2772.0,40838.0,3134.0,5906.0,343,Struijk,Leeds,Pascal,222694,,2,2,Pascal_Struijk,4,Newcastle,2,Leeds,DEF,11
1758,344.0,24.0,15.0,0.0,True,2025-08-30T16:30:00Z,0.0,0.0,3.0,False,0.0,0.0,0.0,0.0,0.0,0.0,0.0,0.0,0.0,0.0,0.0,0.0,0.0,0.0,0.0,0.0,0.0,0.0,0.0,0.0,0.0,0.0,0.00,0.00,0.00,0.00,40.0,-1104.0,19039.0,964.0,2068.0,344,Bijol,Leeds,Jaka,434752,,2,2,Jaka_Bijol,4,Newcastle,2,Leeds,DEF,11
1759,345.0,24.0,15.0,0.0,True,2025-08-30T16:30:00Z,0.0,0.0,3.0,False,0.0,0.0,0.0,0.0,0.0,0.0,0.0,0.0,0.0,0.0,0.0,0.0,0.0,0.0,0.0,0.0,0.0,0.0,0.0,0.0,0.0,0.0,0.00,0.00,0.00,0.00,40.0,-552.0,6678.0,160.0,712.0,345,Bornauw,Leeds,Sebastiaan,437738,,2,2,Sebastiaan_Bornauw,4,Newcastle,2,Leeds,DEF,11
1760,346.0,24.0,15.0,0.0,True,2025-08-30T16:30:00Z,0.0,0.0,3.0,False,0.0,0.0,0.0,0.0,0.0,0.0,0.0,0.0,0.0,0.0,0.0,0.0,0.0,0.0,0.0,0.0,0.0,0.0,0.0,0.0,0.0,0.0,0.00,0.00,0.00,0.00,40.0,-2143.0,24643.0,472.0,2615.0,346,Byram,Leeds,Sam,113564,,2,2,Sam_Byram,4,Newcastle,2,Leeds,DEF,11
1761,347.0,24.0,15.0,9.0,True,2025-08-30T16:30:00Z,0.0,0.0,3.0,False,79.0,0.0,0.0,1.0,0.0,0.0,0.0,0.0,0.0,0.0,0.0,3.0,34.0,21.2,25.5,2.0,4.9,3.0,2.0,2.0,5.0,1.0,0.00,0.03,0.03,0.40,40.0,10811.0,404398.0,52197.0,41386.0,347,Gudmundsson,Leeds,Gabriel,243526,,2,2,Gabriel_Gudmundsson,4,Newcastle,2,Leeds,DEF,11
1762,348.0,24.0,15.0,7.0,True,2025-08-30T16:30:00Z,0.0,0.0,3.0,False,90.0,0.0,0.0,1.0,0.0,0.0,0.0,0.0,0.0,0.0,0.0,1.0,28.0,8.4,0.7,0.0,0.9,6.0,3.0,1.0,7.0,1.0,0.00,0.00,0.00,0.42,40.0,19840.0,281123.0,42636.0,22796.0,348,Rodon,Leeds,Joe,214225,,2,2,Joe_Rodon,4,Newcastle,2,Leeds,DEF,11
1763,349.0,24.0,15.0,0.0,True,2025-08-30T16:30:00Z,0.0,0.0,3.0,False,0.0,0.0,0.0,0.0,0.0,0.0,0.0,0.0,0.0,0.0,0.0,0.0,0.0,0.0,0.0,0.0,0.0,0.0,0.0,0.0,0.0,0.0,0.00,0.00,0.00,0.00,40.0,-2109.0,18878.0,258.0,2367.0,349,Schmidt,Leeds,Isaac,492368,,2,2,Isaac_Schmidt,4,Newcastle,2,Leeds,DEF,11
1764,350.0,24.0,15.0,1.0,True,2025-08-30T16:30:00Z,0.0,0.0,3.0,False,30.0,0.0,0.0,0.0,0.0,0.0,0.0,0.0,0.0,0.0,0.0,0.0,7.0,0.0,0.0,0.0,0.0,0.0,0.0,1.0,1.0,0.0,0.00,0.02,0.02,0.06,54.0,-908.0,6181.0,280.0,1188.0,350,Aaronson,Leeds,Brenden,427637,,3,2,Brenden_Aaronson,4,Newcastle,2,Leeds,MID,11
1765,351.0,24.0,15.0,0.0,True,2025-08-30T16:30:00Z,0.0,0.0,3.0,False,59.0,0.0,0.0,0.0,0.0,0.0,0.0,0.0,1.0,0.0,0.0,0.0,0.0,0.0,13.6,3.0,1.6,0.0,3.0,0.0,3.0,1.0,0.04,0.05,0.09,0.36,54.0,-4380.0,30732.0,1393.0,5773.0,351,Gnonto,Leeds,Wilfried,492859,,3,2,Wilfried_Gnonto,4,Newcastle,2,Leeds,MID,11
1766,352.0,24.0,15.0,1.0,True,2025-08-30T16:30:00Z,0.0,0.0,3.0,False,30.0,0.0,0.0,0.0,0.0,0.0,0.0,0.0,0.0,0.0,0.0,0.0,10.0,3.0,0.0,0.0,0.3,3.0,2.0,1.0,6.0,0.0,0.00,0.03,0.03,0.06,54.0,-2855.0,10653.0,246.0,3101.0,352,Harrison,Leeds,Jack,221399,,3,2,Jack_Harrison,4,Newcastle,2,Leeds,MID,11
1767,353.0,24.0,15.0,1.0,True,2025-08-30T16:30:00Z,0.0,0.0,3.0,False,59.0,0.0,0.0,0.0,0.0,0.0,0.0,0.0,0.0,0.0,0.0,0.0,5.0,4.0,15.1,6.0,2.5,0.0,2.0,1.0,3.0,1.0,0.12,0.12,0.24,0.36,54.0,-5736.0,42940.0,1484.0,7220.0,353,James,Leeds,Daniel,200617,,3,2,Daniel_James,4,Newcastle,2,Leeds,MID,11
1768,354.0,24.0,15.0,0.0,True,2025-08-30T16:30:00Z,0.0,0.0,3.0,False,0.0,0.0,0.0,0.0,0.0,0.0,0.0,0.0,0.0,0.0,0.0,0.0,0.0,0.0,0.0,0.0,0.0,0.0,0.0,0.0,0.0,0.0,0.00,0.00,0.00,0.00,49.0,-2742.0,6130.0,34.0,2776.0,354,Ampadu,Leeds,Ethan,199598,Knee injury - Expected back 13 Sep,3,2,Ethan_Ampadu,4,Newcastle,2,Leeds,MID,11
1769,355.0,24.0,15.0,0.0,True,2025-08-30T16:30:00Z,0.0,0.0,3.0,False,0.0,0.0,0.0,0.0,0.0,0.0,0.0,0.0,0.0,0.0,0.0,0.0,0.0,0.0,0.0,0.0,0.0,0.0,0.0,0.0,0.0,0.0,0.00,0.00,0.00,0.00,49.0,-1561.0,9575.0,630.0,2191.0,355,Greenwood,Leeds,Sam,248937,,3,2,Sam_Greenwood,4,Newcastle,2,Leeds,MID,11
1770,356.0,24.0,15.0,3.0,True,2025-08-30T16:30:00Z,0.0,0.0,3.0,False,90.0,0.0,0.0,1.0,0.0,0.0,0.0,0.0,0.0,0.0,0.0,0.0,19.0,10.6,6.3,2.0,1.9,3.0,2.0,3.0,8.0,1.0,0.00,0.01,0.01,0.42,50.0,-452.0,4761.0,148.0,600.0,356,Gruev,Leeds,Ilia,486520,,3,2,Ilia_Gruev,4,Newcastle,2,Leeds,MID,11
1771,357.0,24.0,15.0,0.0,True,2025-08-30T16:30:00Z,0.0,0.0,3.0,False,0.0,0.0,0.0,0.0,0.0,0.0,0.0,0.0,0.0,0.0,0.0,0.0,0.0,0.0,0.0,0.0,0.0,0.0,0.0,0.0,0.0,0.0,0.00,0.00,0.00,0.00,49.0,-899.0,4094.0,105.0,1004.0,357,Ramazani,Leeds,Largie,433952,,3,2,Largie_Ramazani,4,Newcastle,2,Leeds,MID,11
1772,358.0,24.0,15.0,0.0,True,2025-08-30T16:30:00Z,0.0,0.0,3.0,False,0.0,0.0,0.0,0.0,0.0,0.0,0.0,0.0,0.0,0.0,0.0,0.0,0.0,0.0,0.0,0.0,0.0,0.0,0.0,0.0,0.0,0.0,0.00,0.00,0.00,0.00,50.0,-7486.0,20856.0,774.0,8260.0,358,Ao,Leeds,Tanaka,248056,Knee injury - Expected back 13 Sep,3,2,Tanaka_Ao,4,Newcastle,2,Leeds,MID,11
1773,359.0,24.0,15.0,0.0,True,2025-08-30T16:30:00Z,0.0,0.0,3.0,False,0.0,0.0,0.0,0.0,0.0,0.0,0.0,0.0,0.0,0.0,0.0,0.0,0.0,0.0,0.0,0.0,0.0,0.0,0.0,0.0,0.0,0.0,0.00,0.00,0.00,0.00,45.0,-195.0,814.0,0.0,195.0,359,Crew,Leeds,Charlie,536119,Has joined Doncaster Rovers on loan for the rest of the season.,3,2,Charlie_Crew,4,Newcastle,2,Leeds,MID,11
1774,360.0,24.0,15.0,0.0,True,2025-08-30T16:30:00Z,0.0,0.0,3.0,False,0.0,0.0,0.0,0.0,0.0,0.0,0.0,0.0,0.0,0.0,0.0,0.0,0.0,0.0,0.0,0.0,0.0,0.0,0.0,0.0,0.0,0.0,0.00,0.00,0.00,0.00,45.0,-599.0,2133.0,0.0,599.0,360,Gelhardt,Leeds,Joe,462635,Has joined Hull City on loan for the rest of the season.,3,2,Joe_Gelhardt,4,Newcastle,2,Leeds,MID,11
1775,361.0,24.0,15.0,0.0,True,2025-08-30T16:30:00Z,0.0,0.0,3.0,False,0.0,0.0,0.0,0.0,0.0,0.0,0.0,0.0,0.0,0.0,0.0,0.0,0.0,0.0,0.0,0.0,0.0,0.0,0.0,0.0,0.0,0.0,0.00,0.00,0.00,0.00,45.0,-1165.0,8190.0,323.0,1488.0,361,Gyabi,Leeds,Darko,470294,,3,2,Darko_Gyabi,4,Newcastle,2,Leeds,MID,11
1776,362.0,24.0,15.0,0.0,True,2025-08-30T16:30:00Z,0.0,0.0,3.0,False,0.0,0.0,0.0,0.0,0.0,0.0,0.0,0.0,0.0,0.0,0.0,0.0,0.0,0.0,0.0,0.0,0.0,0.0,0.0,0.0,0.0,0.0,0.00,0.00,0.00,0.00,54.0,-50578.0,141834.0,4598.0,55176.0,362,Piroe,Leeds,Joël,235826,,4,2,Joël_Piroe,4,Newcastle,2,Leeds,FWD,11
1777,363.0,24.0,15.0,0.0,True,2025-08-30T16:30:00Z,0.0,0.0,3.0,False,0.0,0.0,0.0,0.0,0.0,0.0,0.0,0.0,0.0,0.0,0.0,0.0,0.0,0.0,0.0,0.0,0.0,0.0,0.0,0.0,0.0,0.0,0.00,0.00,0.00,0.00,49.0,-47751.0,146776.0,4595.0,52346.0,363,Bamford,Leeds,Patrick,106617,,4,2,Patrick_Bamford,4,Newcastle,2,Leeds,FWD,11
1778,364.0,24.0,15.0,0.0,True,2025-08-30T16:30:00Z,0.0,0.0,3.0,False,0.0,0.0,0.0,0.0,0.0,0.0,0.0,0.0,0.0,0.0,0.0,0.0,0.0,0.0,0.0,0.0,0.0,0.0,0.0,0.0,0.0,0.0,0.00,0.00,0.00,0.00,50.0,-534.0,1926.0,0.0,534.0,364,Joseph Fernández-Regatillo,Leeds,Mateo,565297,Has joined RCD Mallorca on loan for the rest of the season.,4,2,Mateo_Joseph Fernández-Regatillo,4,Newcastle,2,Leeds,FWD,11
1779,365.0,24.0,15.0,2.0,True,2025-08-30T16:30:00Z,0.0,0.0,3.0,False,69.0,0.0,0.0,1.0,0.0,0.0,0.0,0.0,0.0,0.0,0.0,0.0,8.0,11.6,5.1,11.0,2.8,5.0,4.0,0.0,9.0,1.0,0.08,0.02,0.10,0.36,50.0,3801.0,84451.0,22631.0,18830.0,365,Nmecha,Leeds,Lukas,174594,,4,2,Lukas_Nmecha,4,Newcastle,2,Leeds,FWD,11
1780,493.0,24.0,15.0,5.0,True,2025-08-30T16:30:00Z,0.0,0.0,3.0,False,90.0,0.0,0.0,1.0,0.0,0.0,0.0,0.0,0.0,0.0,0.0,0.0,21.0,12.0,12.1,0.0,2.4,2.0,6.0,5.0,13.0,1.0,0.00,0.01,0.01,0.42,49.0,-2251.0,16152.0,543.0,2794.0,493,Longstaff,Leeds,Sean,180135,,3,2,Sean_Longstaff,4,Newcastle,2,Leeds,MID,11
1781,660.0,24.0,15.0,3.0,True,2025-08-30T16:30:00Z,0.0,0.0,3.0,False,90.0,0.0,0.0,1.0,0.0,0.0,0.0,0.0,0.0,0.0,0.0,0.0,8.0,4.0,26.8,11.0,4.2,2.0,2.0,2.0,6.0,1.0,0.24,0.02,0.26,0.42,50.0,2447.0,53030.0,9791.0,7344.0,660,Stach,Leeds,Anton,466525,,3,2,Anton_Stach,4,Newcastle,2,Leeds,MID,11
1782,665.0,24.0,15.0,6.0,True,2025-08-30T16:30:00Z,0.0,0.0,3.0,False,90.0,0.0,0.0,1.0,0.0,0.0,0.0,0.0,0.0,0.0,2.0,0.0,25.0,15.4,0.0,0.0,1.5,1.0,8.0,0.0,0.0,1.0,0.00,0.00,0.00,0.42,45.0,-1712.0,44485.0,2788.0,4500.0,665,Perri,Leeds,Lucas Estella,201595,,1,2,Lucas Estella_Perri,4,Newcastle,2,Leeds,GKP,11
1783,691.0,24.0,15.0,1.0,True,2025-08-30T16:30:00Z,0.0,0.0,3.0,False,20.0,0.0,0.0,0.0,0.0,0.0,0.0,0.0,0.0,0.0,0.0,0.0,3.0,0.0,0.0,0.0,0.0,0.0,2.0,0.0,2.0,0.0,0.06,0.00,0.06,0.06,55.0,-596.0,6912.0,1795.0,2391.0,691,Calvert-Lewin,Leeds,Dominic,177815,,4,2,Dominic_Calvert-Lewin,4,Newcastle,2,Leeds,FWD,11
1784,698.0,24.0,15.0,0.0,True,2025-08-30T16:30:00Z,0.0,0.0,3.0,False,0.0,0.0,0.0,0.0,0.0,0.0,0.0,0.0,0.0,0.0,0.0,0.0,0.0,0.0,0.0,0.0,0.0,0.0,0.0,0.0,0.0,0.0,0.00,0.00,0.00,0.00,55.0,338.0,1297.0,786.0,448.0,698,Okafor,Leeds,Noah,435997,,3,2,Noah_Okafor,4,Newcastle,2,Leeds,MID,11
1785,706.0,24.0,15.0,1.0,True,2025-08-30T16:30:00Z,0.0,0.0,3.0,False,10.0,0.0,0.0,0.0,0.0,0.0,0.0,0.0,0.0,0.0,0.0,0.0,3.0,0.0,0.0,0.0,0.0,0.0,0.0,0.0,0.0,0.0,0.00,0.00,0.00,0.02,40.0,7619.0,21528.0,8648.0,1029.0,706,Justin,Leeds,James,220627,,2,2,James_Justin,4,Newcastle,2,Leeds,DEF,11
1786,366.0,25.0,1.0,0.0,True,2025-08-31T15:30:00Z,,,3.0,False,0.0,0.0,0.0,0.0,0.0,0.0,0.0,0.0,0.0,0.0,0.0,0.0,0.0,0.0,0.0,0.0,0.0,0.0,0.0,0.0,0.0,0.0,0.00,0.00,0.00,0.00,55.0,-83136.0,1138607.0,29622.0,112758.0,366,Becker,Liverpool,Alisson,116535,,1,14,Alisson_Becker,3,Arsenal,14,Liverpool,GKP,12
1787,367.0,25.0,1.0,0.0,True,2025-08-31T15:30:00Z,,,3.0,False,0.0,0.0,0.0,0.0,0.0,0.0,0.0,0.0,0.0,0.0,0.0,0.0,0.0,0.0,0.0,0.0,0.0,0.0,0.0,0.0,0.0,0.0,0.00,0.00,0.00,0.00,44.0,-4942.0,45207.0,1489.0,6431.0,367,Mamardashvili,Liverpool,Giorgi,449027,,1,14,Giorgi_Mamardashvili,3,Arsenal,14,Liverpool,GKP,12
1788,368.0,25.0,1.0,0.0,True,2025-08-31T15:30:00Z,,,3.0,False,0.0,0.0,0.0,0.0,0.0,0.0,0.0,0.0,0.0,0.0,0.0,0.0,0.0,0.0,0.0,0.0,0.0,0.0,0.0,0.0,0.0,0.0,0.00,0.00,0.00,0.00,40.0,-597.0,9099.0,240.0,837.0,368,Pécsi,Liverpool,Ármin,586268,,1,14,Ármin_Pécsi,3,Arsenal,14,Liverpool,GKP,12
1789,369.0,25.0,1.0,0.0,True,2025-08-31T15:30:00Z,,,3.0,False,0.0,0.0,0.0,0.0,0.0,0.0,0.0,0.0,0.0,0.0,0.0,0.0,0.0,0.0,0.0,0.0,0.0,0.0,0.0,0.0,0.0,0.0,0.00,0.00,0.00,0.00,40.0,-605.0,10277.0,306.0,911.0,369,Woodman,Liverpool,Freddie,155503,,1,14,Freddie_Woodman,3,Arsenal,14,Liverpool,GKP,12
1790,370.0,25.0,1.0,0.0,True,2025-08-31T15:30:00Z,,,3.0,False,0.0,0.0,0.0,0.0,0.0,0.0,0.0,0.0,0.0,0.0,0.0,0.0,0.0,0.0,0.0,0.0,0.0,0.0,0.0,0.0,0.0,0.0,0.00,0.00,0.00,0.00,59.0,-904178.0,1203102.0,2283.0,906461.0,370,Frimpong,Liverpool,Jeremie,216094,Hamstring injury - Expected back 14 Sep,2,14,Jeremie_Frimpong,3,Arsenal,14,Liverpool,DEF,12
1791,371.0,25.0,1.0,0.0,True,2025-08-31T15:30:00Z,,,3.0,False,0.0,0.0,0.0,0.0,0.0,0.0,0.0,0.0,0.0,0.0,0.0,0.0,0.0,0.0,0.0,0.0,0.0,0.0,0.0,0.0,0.0,0.0,0.00,0.00,0.00,0.00,60.0,-57023.0,622196.0,36691.0,93714.0,371,Kerkez,Liverpool,Milos,544877,,2,14,Milos_Kerkez,3,Arsenal,14,Liverpool,DEF,12
1792,372.0,25.0,1.0,0.0,True,2025-08-31T15:30:00Z,,,3.0,False,0.0,0.0,0.0,0.0,0.0,0.0,0.0,0.0,0.0,0.0,0.0,0.0,0.0,0.0,0.0,0.0,0.0,0.0,0.0,0.0,0.0,0.0,0.00,0.00,0.00,0.00,59.0,-13901.0,132946.0,4498.0,18399.0,372,Robertson,Liverpool,Andrew,122798,,2,14,Andrew_Robertson,3,Arsenal,14,Liverpool,DEF,12
1793,373.0,25.0,1.0,0.0,True,2025-08-31T15:30:00Z,,,3.0,False,0.0,0.0,0.0,0.0,0.0,0.0,0.0,0.0,0.0,0.0,0.0,0.0,0.0,0.0,0.0,0.0,0.0,0.0,0.0,0.0,0.0,0.0,0.00,0.00,0.00,0.00,60.0,-16090.0,2734452.0,154150.0,170240.0,373,van Dijk,Liverpool,Virgil,97032,,2,14,Virgil_van Dijk,3,Arsenal,14,Liverpool,DEF,12
1794,374.0,25.0,1.0,0.0,True,2025-08-31T15:30:00Z,,,3.0,False,0.0,0.0,0.0,0.0,0.0,0.0,0.0,0.0,0.0,0.0,0.0,0.0,0.0,0.0,0.0,0.0,0.0,0.0,0.0,0.0,0.0,0.0,0.00,0.00,0.00,0.00,55.0,-27204.0,310805.0,21429.0,48633.0,374,Konaté,Liverpool,Ibrahima,204716,,2,14,Ibrahima_Konaté,3,Arsenal,14,Liverpool,DEF,12
1795,375.0,25.0,1.0,0.0,True,2025-08-31T15:30:00Z,,,3.0,False,0.0,0.0,0.0,0.0,0.0,0.0,0.0,0.0,0.0,0.0,0.0,0.0,0.0,0.0,0.0,0.0,0.0,0.0,0.0,0.0,0.0,0.0,0.00,0.00,0.00,0.00,50.0,228.0,13350.0,2680.0,2452.0,375,Bradley,Liverpool,Conor,492777,,2,14,Conor_Bradley,3,Arsenal,14,Liverpool,DEF,12
1796,376.0,25.0,1.0,0.0,True,2025-08-31T15:30:00Z,,,3.0,False,0.0,0.0,0.0,0.0,0.0,0.0,0.0,0.0,0.0,0.0,0.0,0.0,0.0,0.0,0.0,0.0,0.0,0.0,0.0,0.0,0.0,0.0,0.00,0.00,0.00,0.00,50.0,-674.0,14499.0,1225.0,1899.0,376,Gomez,Liverpool,Joe,171287,,2,14,Joe_Gomez,3,Arsenal,14,Liverpool,DEF,12
1797,377.0,25.0,1.0,0.0,True,2025-08-31T15:30:00Z,,,3.0,False,0.0,0.0,0.0,0.0,0.0,0.0,0.0,0.0,0.0,0.0,0.0,0.0,0.0,0.0,0.0,0.0,0.0,0.0,0.0,0.0,0.0,0.0,0.00,0.00,0.00,0.00,49.0,-1532.0,11810.0,479.0,2011.0,377,Tsimikas,Liverpool,Konstantinos,214285,,2,14,Konstantinos_Tsimikas,3,Arsenal,14,Liverpool,DEF,12
1798,378.0,25.0,1.0,0.0,True,2025-08-31T15:30:00Z,,,3.0,False,0.0,0.0,0.0,0.0,0.0,0.0,0.0,0.0,0.0,0.0,0.0,0.0,0.0,0.0,0.0,0.0,0.0,0.0,0.0,0.0,0.0,0.0,0.00,0.00,0.00,0.00,40.0,-1189.0,10442.0,160.0,1349.0,378,Nallo,Liverpool,Amara,611926,,2,14,Amara_Nallo,3,Arsenal,14,Liverpool,DEF,12
1799,379.0,25.0,1.0,0.0,True,2025-08-31T15:30:00Z,,,3.0,False,0.0,0.0,0.0,0.0,0.0,0.0,0.0,0.0,0.0,0.0,0.0,0.0,0.0,0.0,0.0,0.0,0.0,0.0,0.0,0.0,0.0,0.0,0.00,0.00,0.00,0.00,40.0,-1886.0,16902.0,432.0,2318.0,379,Williams,Liverpool,Rhys,219937,,2,14,Rhys_Williams,3,Arsenal,14,Liverpool,DEF,12
1800,380.0,25.0,1.0,0.0,True,2025-08-31T15:30:00Z,,,3.0,False,0.0,0.0,0.0,0.0,0.0,0.0,0.0,0.0,0.0,0.0,0.0,0.0,0.0,0.0,0.0,0.0,0.0,0.0,0.0,0.0,0.0,0.0,0.00,0.00,0.00,0.00,40.0,-1847.0,17947.0,435.0,2282.0,380,Ramsay,Liverpool,Calvin,489580,,2,14,Calvin_Ramsay,3,Arsenal,14,Liverpool,DEF,12
1801,381.0,25.0,1.0,0.0,True,2025-08-31T15:30:00Z,,,3.0,False,0.0,0.0,0.0,0.0,0.0,0.0,0.0,0.0,0.0,0.0,0.0,0.0,0.0,0.0,0.0,0.0,0.0,0.0,0.0,0.0,0.0,0.0,0.00,0.00,0.00,0.00,145.0,102632.0,6034857.0,291184.0,188552.0,381,Salah,Liverpool,Mohamed,118748,,3,14,Mohamed_Salah,3,Arsenal,14,Liverpool,MID,12
1802,382.0,25.0,1.0,0.0,True,2025-08-31T15:30:00Z,,,3.0,False,0.0,0.0,0.0,0.0,0.0,0.0,0.0,0.0,0.0,0.0,0.0,0.0,0.0,0.0,0.0,0.0,0.0,0.0,0.0,0.0,0.0,0.0,0.00,0.00,0.00,0.00,84.0,-536444.0,2439208.0,86638.0,623082.0,382,Wirtz,Liverpool,Florian,494595,,3,14,Florian_Wirtz,3,Arsenal,14,Liverpool,MID,12
1803,383.0,25.0,1.0,0.0,True,2025-08-31T15:30:00Z,,,3.0,False,0.0,0.0,0.0,0.0,0.0,0.0,0.0,0.0,0.0,0.0,0.0,0.0,0.0,0.0,0.0,0.0,0.0,0.0,0.0,0.0,0.0,0.0,0.00,0.00,0.00,0.00,80.0,-1344.0,6929.0,0.0,1344.0,383,Díaz Marulanda,Liverpool,Luis,244731,Has joined Bayern Munch permanently.,3,14,Luis_Díaz Marulanda,3,Arsenal,14,Liverpool,MID,12
1804,384.0,25.0,1.0,0.0,True,2025-08-31T15:30:00Z,,,3.0,False,0.0,0.0,0.0,0.0,0.0,0.0,0.0,0.0,0.0,0.0,0.0,0.0,0.0,0.0,0.0,0.0,0.0,0.0,0.0,0.0,0.0,0.0,0.00,0.00,0.00,0.00,76.0,548692.0,1572398.0,655549.0,106857.0,384,Gakpo,Liverpool,Cody,243298,,3,14,Cody_Gakpo,3,Arsenal,14,Liverpool,MID,12
1805,385.0,25.0,1.0,0.0,True,2025-08-31T15:30:00Z,,,3.0,False,0.0,0.0,0.0,0.0,0.0,0.0,0.0,0.0,0.0,0.0,0.0,0.0,0.0,0.0,0.0,0.0,0.0,0.0,0.0,0.0,0.0,0.0,0.00,0.00,0.00,0.00,65.0,-3677.0,39763.0,3604.0,7281.0,385,Chiesa,Liverpool,Federico,223541,,3,14,Federico_Chiesa,3,Arsenal,14,Liverpool,MID,12
1806,386.0,25.0,1.0,0.0,True,2025-08-31T15:30:00Z,,,3.0,False,0.0,0.0,0.0,0.0,0.0,0.0,0.0,0.0,0.0,0.0,0.0,0.0,0.0,0.0,0.0,0.0,0.0,0.0,0.0,0.0,0.0,0.0,0.00,0.00,0.00,0.00,65.0,-38923.0,188526.0,11387.0,50310.0,386,Mac Allister,Liverpool,Alexis,243016,Knock - 75% chance of playing,3,14,Alexis_Mac Allister,3,Arsenal,14,Liverpool,MID,12
1807,387.0,25.0,1.0,0.0,True,2025-08-31T15:30:00Z,,,3.0,False,0.0,0.0,0.0,0.0,0.0,0.0,0.0,0.0,0.0,0.0,0.0,0.0,0.0,0.0,0.0,0.0,0.0,0.0,0.0,0.0,0.0,0.0,0.00,0.00,0.00,0.00,65.0,-15956.0,198200.0,13992.0,29948.0,387,Szoboszlai,Liverpool,Dominik,424876,,3,14,Dominik_Szoboszlai,3,Arsenal,14,Liverpool,MID,12
1808,388.0,25.0,1.0,0.0,True,2025-08-31T15:30:00Z,,,3.0,False,0.0,0.0,0.0,0.0,0.0,0.0,0.0,0.0,0.0,0.0,0.0,0.0,0.0,0.0,0.0,0.0,0.0,0.0,0.0,0.0,0.0,0.0,0.00,0.00,0.00,0.00,54.0,-668.0,11539.0,1316.0,1984.0,388,Jones,Liverpool,Curtis,206915,,3,14,Curtis_Jones,3,Arsenal,14,Liverpool,MID,12
1809,389.0,25.0,1.0,0.0,True,2025-08-31T15:30:00Z,,,3.0,False,0.0,0.0,0.0,0.0,0.0,0.0,0.0,0.0,0.0,0.0,0.0,0.0,0.0,0.0,0.0,0.0,0.0,0.0,0.0,0.0,0.0,0.0,0.00,0.00,0.00,0.00,54.0,-2002.0,15222.0,875.0,2877.0,389,Elliott,Liverpool,Harvey,444884,,3,14,Harvey_Elliott,3,Arsenal,14,Liverpool,MID,12
1810,390.0,25.0,1.0,0.0,True,2025-08-31T15:30:00Z,,,3.0,False,0.0,0.0,0.0,0.0,0.0,0.0,0.0,0.0,0.0,0.0,0.0,0.0,0.0,0.0,0.0,0.0,0.0,0.0,0.0,0.0,0.0,0.0,0.00,0.00,0.00,0.00,55.0,14267.0,50354.0,19577.0,5310.0,390,Gravenberch,Liverpool,Ryan,441266,,3,14,Ryan_Gravenberch,3,Arsenal,14,Liverpool,MID,12
1811,392.0,25.0,1.0,0.0,True,2025-08-31T15:30:00Z,,,3.0,False,0.0,0.0,0.0,0.0,0.0,0.0,0.0,0.0,0.0,0.0,0.0,0.0,0.0,0.0,0.0,0.0,0.0,0.0,0.0,0.0,0.0,0.0,0.00,0.00,0.00,0.00,50.0,-1507.0,13213.0,800.0,2307.0,392,Wataru,Liverpool,Endo,158983,,3,14,Endo_Wataru,3,Arsenal,14,Liverpool,MID,12
1812,393.0,25.0,1.0,0.0,True,2025-08-31T15:30:00Z,,,3.0,False,0.0,0.0,0.0,0.0,0.0,0.0,0.0,0.0,0.0,0.0,0.0,0.0,0.0,0.0,0.0,0.0,0.0,0.0,0.0,0.0,0.0,0.0,0.00,0.00,0.00,0.00,44.0,195.0,7529.0,1206.0,1011.0,393,Bajčetić Maquieira,Liverpool,Stefan,535928,,3,14,Stefan_Bajčetić Maquieira,3,Arsenal,14,Liverpool,MID,12
1813,394.0,25.0,1.0,0.0,True,2025-08-31T15:30:00Z,,,3.0,False,0.0,0.0,0.0,0.0,0.0,0.0,0.0,0.0,0.0,0.0,0.0,0.0,0.0,0.0,0.0,0.0,0.0,0.0,0.0,0.0,0.0,0.0,0.00,0.00,0.00,0.00,45.0,-370.0,3174.0,149.0,519.0,394,McConnell,Liverpool,James,491501,,3,14,James_McConnell,3,Arsenal,14,Liverpool,MID,12
1814,395.0,25.0,1.0,0.0,True,2025-08-31T15:30:00Z,,,3.0,False,0.0,0.0,0.0,0.0,0.0,0.0,0.0,0.0,0.0,0.0,0.0,0.0,0.0,0.0,0.0,0.0,0.0,0.0,0.0,0.0,0.0,0.0,0.00,0.00,0.00,0.00,45.0,-68.0,396.0,0.0,68.0,395,Morton,Liverpool,Tyler,440148,Has joined Lyon permanently.,3,14,Tyler_Morton,3,Arsenal,14,Liverpool,MID,12
1815,396.0,25.0,1.0,0.0,True,2025-08-31T15:30:00Z,,,3.0,False,0.0,0.0,0.0,0.0,0.0,0.0,0.0,0.0,0.0,0.0,0.0,0.0,0.0,0.0,0.0,0.0,0.0,0.0,0.0,0.0,0.0,0.0,0.00,0.00,0.00,0.00,44.0,12294.0,40266.0,17630.0,5336.0,396,Nyoni,Liverpool,Trey,591386,,3,14,Trey_Nyoni,3,Arsenal,14,Liverpool,MID,12
1816,397.0,25.0,1.0,0.0,True,2025-08-31T15:30:00Z,,,3.0,False,0.0,0.0,0.0,0.0,0.0,0.0,0.0,0.0,0.0,0.0,0.0,0.0,0.0,0.0,0.0,0.0,0.0,0.0,0.0,0.0,0.0,0.0,0.00,0.00,0.00,0.00,65.0,-2738.0,10507.0,0.0,2738.0,397,Núñez Ribeiro,Liverpool,Darwin,447203,Has joined Al-Hilal permanently.,4,14,Darwin_Núñez Ribeiro,3,Arsenal,14,Liverpool,FWD,12
1817,398.0,25.0,1.0,0.0,True,2025-08-31T15:30:00Z,,,3.0,False,0.0,0.0,0.0,0.0,0.0,0.0,0.0,0.0,0.0,0.0,0.0,0.0,0.0,0.0,0.0,0.0,0.0,0.0,0.0,0.0,0.0,0.0,0.00,0.00,0.00,0.00,44.0,-1949.0,15622.0,1079.0,3028.0,398,Danns,Liverpool,Jayden,500058,,4,14,Jayden_Danns,3,Arsenal,14,Liverpool,FWD,12
1818,661.0,25.0,1.0,0.0,True,2025-08-31T15:30:00Z,,,3.0,False,0.0,0.0,0.0,0.0,0.0,0.0,0.0,0.0,0.0,0.0,0.0,0.0,0.0,0.0,0.0,0.0,0.0,0.0,0.0,0.0,0.0,0.0,0.00,0.00,0.00,0.00,87.0,554685.0,3110323.0,722062.0,167377.0,661,Ekitiké,Liverpool,Hugo,510663,,4,14,Hugo_Ekitiké,3,Arsenal,14,Liverpool,FWD,12
1819,686.0,25.0,1.0,0.0,True,2025-08-31T15:30:00Z,,,3.0,False,0.0,0.0,0.0,0.0,0.0,0.0,0.0,0.0,0.0,0.0,0.0,0.0,0.0,0.0,0.0,0.0,0.0,0.0,0.0,0.0,0.0,0.0,0.00,0.00,0.00,0.00,45.0,26334.0,53032.0,34799.0,8465.0,686,Ngumoha,Liverpool,Rio,611922,,3,14,Rio_Ngumoha,3,Arsenal,14,Liverpool,MID,12
1820,692.0,25.0,1.0,0.0,True,2025-08-31T15:30:00Z,,,3.0,False,0.0,0.0,0.0,0.0,0.0,0.0,0.0,0.0,0.0,0.0,0.0,0.0,0.0,0.0,0.0,0.0,0.0,0.0,0.0,0.0,0.0,0.0,0.00,0.00,0.00,0.00,50.0,59.0,1722.0,478.0,419.0,692,Leoni,Liverpool,Giovanni,647681,,2,14,Giovanni_Leoni,3,Arsenal,14,Liverpool,DEF,12
1821,182.0,22.0,6.0,0.0,False,2025-08-31T13:00:00Z,,,3.0,False,0.0,0.0,0.0,0.0,0.0,0.0,0.0,0.0,0.0,0.0,0.0,0.0,0.0,0.0,0.0,0.0,0.0,0.0,0.0,0.0,0.0,0.0,0.00,0.00,0.00,0.00,50.0,-16563.0,286648.0,25797.0,42360.0,182,Trafford,Man City,James,432720,,1,43,James_Trafford,36,Brighton,43,Man City,GKP,13
1822,399.0,22.0,6.0,0.0,False,2025-08-31T13:00:00Z,,,3.0,False,0.0,0.0,0.0,0.0,0.0,0.0,0.0,0.0,0.0,0.0,0.0,0.0,0.0,0.0,0.0,0.0,0.0,0.0,0.0,0.0,0.0,0.0,0.00,0.00,0.00,0.00,54.0,-42219.0,242418.0,6651.0,48870.0,399,Santana de Moraes,Man City,Ederson,121160,,1,43,Ederson_Santana de Moraes,36,Brighton,43,Man City,GKP,13
1823,400.0,22.0,6.0,0.0,False,2025-08-31T13:00:00Z,,,3.0,False,0.0,0.0,0.0,0.0,0.0,0.0,0.0,0.0,0.0,0.0,0.0,0.0,0.0,0.0,0.0,0.0,0.0,0.0,0.0,0.0,0.0,0.0,0.00,0.00,0.00,0.00,49.0,-2963.0,25305.0,416.0,3379.0,400,Ortega Moreno,Man City,Stefan,88248,,1,43,Stefan_Ortega Moreno,36,Brighton,43,Man City,GKP,13
1824,401.0,22.0,6.0,0.0,False,2025-08-31T13:00:00Z,,,3.0,False,0.0,0.0,0.0,0.0,0.0,0.0,0.0,0.0,0.0,0.0,0.0,0.0,0.0,0.0,0.0,0.0,0.0,0.0,0.0,0.0,0.0,0.0,0.00,0.00,0.00,0.00,40.0,-2784.0,15913.0,96.0,2880.0,401,Bettinelli,Man City,Marcus,122074,Knock - Unknown return date,1,43,Marcus_Bettinelli,36,Brighton,43,Man City,GKP,13
1825,402.0,22.0,6.0,0.0,False,2025-08-31T13:00:00Z,,,3.0,False,0.0,0.0,0.0,0.0,0.0,0.0,0.0,0.0,0.0,0.0,0.0,0.0,0.0,0.0,0.0,0.0,0.0,0.0,0.0,0.0,0.0,0.0,0.00,0.00,0.00,0.00,60.0,-515875.0,1983304.0,72406.0,588281.0,402,Aït-Nouri,Man City,Rayan,448514,,2,43,Rayan_Aït-Nouri,36,Brighton,43,Man City,DEF,13
1826,403.0,22.0,6.0,0.0,False,2025-08-31T13:00:00Z,,,3.0,False,0.0,0.0,0.0,0.0,0.0,0.0,0.0,0.0,0.0,0.0,0.0,0.0,0.0,0.0,0.0,0.0,0.0,0.0,0.0,0.0,0.0,0.0,0.00,0.00,0.00,0.00,59.0,-209185.0,409078.0,1167.0,210352.0,403,Gvardiol,Man City,Joško,477424,Knock - Unknown return date,2,43,Joško_Gvardiol,36,Brighton,43,Man City,DEF,13
1827,404.0,22.0,6.0,0.0,False,2025-08-31T13:00:00Z,,,3.0,False,0.0,0.0,0.0,0.0,0.0,0.0,0.0,0.0,0.0,0.0,0.0,0.0,0.0,0.0,0.0,0.0,0.0,0.0,0.0,0.0,0.0,0.0,0.00,0.00,0.00,0.00,54.0,-13020.0,78873.0,3886.0,16906.0,404,Akanji,Man City,Manuel,211975,,2,43,Manuel_Akanji,36,Brighton,43,Man City,DEF,13
1828,405.0,22.0,6.0,0.0,False,2025-08-31T13:00:00Z,,,3.0,False,0.0,0.0,0.0,0.0,0.0,0.0,0.0,0.0,0.0,0.0,0.0,0.0,0.0,0.0,0.0,0.0,0.0,0.0,0.0,0.0,0.0,0.0,0.00,0.00,0.00,0.00,55.0,-1253.0,82233.0,7137.0,8390.0,405,Aké,Man City,Nathan,126184,,2,43,Nathan_Aké,36,Brighton,43,Man City,DEF,13
1829,406.0,22.0,6.0,0.0,False,2025-08-31T13:00:00Z,,,3.0,False,0.0,0.0,0.0,0.0,0.0,0.0,0.0,0.0,0.0,0.0,0.0,0.0,0.0,0.0,0.0,0.0,0.0,0.0,0.0,0.0,0.0,0.0,0.00,0.00,0.00,0.00,54.0,-5476.0,38205.0,1780.0,7256.0,406,Khusanov,Man City,Abdukodir,578153,,2,43,Abdukodir_Khusanov,36,Brighton,43,Man City,DEF,13
1830,407.0,22.0,6.0,0.0,False,2025-08-31T13:00:00Z,,,3.0,False,0.0,0.0,0.0,0.0,0.0,0.0,0.0,0.0,0.0,0.0,0.0,0.0,0.0,0.0,0.0,0.0,0.0,0.0,0.0,0.0,0.0,0.0,0.00,0.00,0.00,0.00,54.0,-7973.0,38762.0,1817.0,9790.0,407,Nunes,Man City,Matheus,465351,,2,43,Matheus_Nunes,36,Brighton,43,Man City,DEF,13
1831,408.0,22.0,6.0,0.0,False,2025-08-31T13:00:00Z,,,3.0,False,0.0,0.0,0.0,0.0,0.0,0.0,0.0,0.0,0.0,0.0,0.0,0.0,0.0,0.0,0.0,0.0,0.0,0.0,0.0,0.0,0.0,0.0,0.00,0.00,0.00,0.00,55.0,20467.0,489099.0,60154.0,39687.0,408,dos Santos Gato Alves Dias,Man City,Rúben,171314,,2,43,Rúben_dos Santos Gato Alves Dias,36,Brighton,43,Man City,DEF,13
1832,409.0,22.0,6.0,0.0,False,2025-08-31T13:00:00Z,,,3.0,False,0.0,0.0,0.0,0.0,0.0,0.0,0.0,0.0,0.0,0.0,0.0,0.0,0.0,0.0,0.0,0.0,0.0,0.0,0.0,0.0,0.0,0.0,0.00,0.00,0.00,0.00,55.0,6143.0,126577.0,16227.0,10084.0,409,Stones,Man City,John,97299,,2,43,John_Stones,36,Brighton,43,Man City,DEF,13
1833,410.0,22.0,6.0,0.0,False,2025-08-31T13:00:00Z,,,3.0,False,0.0,0.0,0.0,0.0,0.0,0.0,0.0,0.0,0.0,0.0,0.0,0.0,0.0,0.0,0.0,0.0,0.0,0.0,0.0,0.0,0.0,0.0,0.00,0.00,0.00,0.00,50.0,38841.0,470028.0,99180.0,60339.0,410,Lewis,Man City,Rico,477064,,2,43,Rico_Lewis,36,Brighton,43,Man City,DEF,13
1834,411.0,22.0,6.0,0.0,False,2025-08-31T13:00:00Z,,,3.0,False,0.0,0.0,0.0,0.0,0.0,0.0,0.0,0.0,0.0,0.0,0.0,0.0,0.0,0.0,0.0,0.0,0.0,0.0,0.0,0.0,0.0,0.0,0.00,0.00,0.00,0.00,49.0,-2063.0,15963.0,989.0,3052.0,411,O'Reilly,Man City,Nico,472769,,2,43,Nico_O'Reilly,36,Brighton,43,Man City,DEF,13
1835,412.0,22.0,6.0,0.0,False,2025-08-31T13:00:00Z,,,3.0,False,0.0,0.0,0.0,0.0,0.0,0.0,0.0,0.0,0.0,0.0,0.0,0.0,0.0,0.0,0.0,0.0,0.0,0.0,0.0,0.0,0.0,0.0,0.00,0.00,0.00,0.00,50.0,-184.0,784.0,0.0,184.0,412,de Oliveira Nunes dos Reis,Man City,Vitor,616222,Has joined Girona on loan for the rest of the season.,2,43,Vitor_de Oliveira Nunes dos Reis,36,Brighton,43,Man City,DEF,13
1836,413.0,22.0,6.0,0.0,False,2025-08-31T13:00:00Z,,,3.0,False,0.0,0.0,0.0,0.0,0.0,0.0,0.0,0.0,0.0,0.0,0.0,0.0,0.0,0.0,0.0,0.0,0.0,0.0,0.0,0.0,0.0,0.0,0.00,0.00,0.00,0.00,84.0,-125991.0,839430.0,85771.0,211762.0,413,Marmoush,Man City,Omar,438234,,3,43,Omar_Marmoush,36,Brighton,43,Man City,MID,13
1837,414.0,22.0,6.0,0.0,False,2025-08-31T13:00:00Z,,,3.0,False,0.0,0.0,0.0,0.0,0.0,0.0,0.0,0.0,0.0,0.0,0.0,0.0,0.0,0.0,0.0,0.0,0.0,0.0,0.0,0.0,0.0,0.0,0.00,0.00,0.00,0.00,80.0,-2413.0,165414.0,19919.0,22332.0,414,Foden,Man City,Phil,209244,,3,43,Phil_Foden,36,Brighton,43,Man City,MID,13
1838,415.0,22.0,6.0,0.0,False,2025-08-31T13:00:00Z,,,3.0,False,0.0,0.0,0.0,0.0,0.0,0.0,0.0,0.0,0.0,0.0,0.0,0.0,0.0,0.0,0.0,0.0,0.0,0.0,0.0,0.0,0.0,0.0,0.00,0.00,0.00,0.00,69.0,-16916.0,52132.0,196.0,17112.0,415,Moreira de Oliveira,Man City,Sávio,510281,Knock - Expected back 14 Sep,3,43,Sávio_Moreira de Oliveira,36,Brighton,43,Man City,MID,13
1839,416.0,22.0,6.0,0.0,False,2025-08-31T13:00:00Z,,,3.0,False,0.0,0.0,0.0,0.0,0.0,0.0,0.0,0.0,0.0,0.0,0.0,0.0,0.0,0.0,0.0,0.0,0.0,0.0,0.0,0.0,0.0,0.0,0.00,0.00,0.00,0.00,64.0,-11628.0,77191.0,4632.0,16260.0,416,Mota Veiga de Carvalho e Silva,Man City,Bernardo,165809,,3,43,Bernardo_Mota Veiga de Carvalho e Silva,36,Brighton,43,Man City,MID,13
1840,417.0,22.0,6.0,0.0,False,2025-08-31T13:00:00Z,,,3.0,False,0.0,0.0,0.0,0.0,0.0,0.0,0.0,0.0,0.0,0.0,0.0,0.0,0.0,0.0,0.0,0.0,0.0,0.0,0.0,0.0,0.0,0.0,0.00,0.00,0.00,0.00,65.0,-102463.0,856374.0,56909.0,159372.0,417,Cherki,Man City,Rayan,466052,,3,43,Rayan_Cherki,36,Brighton,43,Man City,MID,13
1841,418.0,22.0,6.0,0.0,False,2025-08-31T13:00:00Z,,,3.0,False,0.0,0.0,0.0,0.0,0.0,0.0,0.0,0.0,0.0,0.0,0.0,0.0,0.0,0.0,0.0,0.0,0.0,0.0,0.0,0.0,0.0,0.0,0.00,0.00,0.00,0.00,64.0,-15222.0,110311.0,7944.0,23166.0,418,Doku,Man City,Jérémy,248875,,3,43,Jérémy_Doku,36,Brighton,43,Man City,MID,13
1842,420.0,22.0,6.0,0.0,False,2025-08-31T13:00:00Z,,,3.0,False,0.0,0.0,0.0,0.0,0.0,0.0,0.0,0.0,0.0,0.0,0.0,0.0,0.0,0.0,0.0,0.0,0.0,0.0,0.0,0.0,0.0,0.0,0.00,0.00,0.00,0.00,63.0,-3424.0,16529.0,698.0,4122.0,420,Gündoğan,Man City,İlkay,59859,,3,43,İlkay_Gündoğan,36,Brighton,43,Man City,MID,13
1843,421.0,22.0,6.0,0.0,False,2025-08-31T13:00:00Z,,,3.0,False,0.0,0.0,0.0,0.0,0.0,0.0,0.0,0.0,0.0,0.0,0.0,0.0,0.0,0.0,0.0,0.0,0.0,0.0,0.0,0.0,0.0,0.0,0.00,0.00,0.00,0.00,64.0,-2942.0,66179.0,6923.0,9865.0,421,Hernandez Cascante,Man City,Rodrigo 'Rodri',220566,,3,43,Rodrigo 'Rodri'_Hernandez Cascante,36,Brighton,43,Man City,MID,13
1844,422.0,22.0,6.0,0.0,False,2025-08-31T13:00:00Z,,,3.0,False,0.0,0.0,0.0,0.0,0.0,0.0,0.0,0.0,0.0,0.0,0.0,0.0,0.0,0.0,0.0,0.0,0.0,0.0,0.0,0.0,0.0,0.0,0.00,0.00,0.00,0.00,60.0,-158.0,1036.0,52.0,210.0,422,Kovačić,Man City,Mateo,91651,Achilles injury - Expected back 13 Sep,3,43,Mateo_Kovačić,36,Brighton,43,Man City,MID,13
1845,423.0,22.0,6.0,0.0,False,2025-08-31T13:00:00Z,,,3.0,False,0.0,0.0,0.0,0.0,0.0,0.0,0.0,0.0,0.0,0.0,0.0,0.0,0.0,0.0,0.0,0.0,0.0,0.0,0.0,0.0,0.0,0.0,0.00,0.00,0.00,0.00,60.0,-489.0,10371.0,1497.0,1986.0,423,González Iglesias,Man City,Nico,465694,,3,43,Nico_González Iglesias,36,Brighton,43,Man City,MID,13
1846,424.0,22.0,6.0,0.0,False,2025-08-31T13:00:00Z,,,3.0,False,0.0,0.0,0.0,0.0,0.0,0.0,0.0,0.0,0.0,0.0,0.0,0.0,0.0,0.0,0.0,0.0,0.0,0.0,0.0,0.0,0.0,0.0,0.00,0.00,0.00,0.00,55.0,6904.0,58256.0,18302.0,11398.0,424,Bobb,Man City,Oscar,477555,,3,43,Oscar_Bobb,36,Brighton,43,Man City,MID,13
1847,425.0,22.0,6.0,0.0,False,2025-08-31T13:00:00Z,,,3.0,False,0.0,0.0,0.0,0.0,0.0,0.0,0.0,0.0,0.0,0.0,0.0,0.0,0.0,0.0,0.0,0.0,0.0,0.0,0.0,0.0,0.0,0.0,0.00,0.00,0.00,0.00,54.0,-1148.0,1987.0,0.0,1148.0,425,Echeverri,Man City,Claudio,575204,Has joined Bayer Leverkusen on loan for the rest of the season.,3,43,Claudio_Echeverri,36,Brighton,43,Man City,MID,13
1848,427.0,22.0,6.0,0.0,False,2025-08-31T13:00:00Z,,,3.0,False,0.0,0.0,0.0,0.0,0.0,0.0,0.0,0.0,0.0,0.0,0.0,0.0,0.0,0.0,0.0,0.0,0.0,0.0,0.0,0.0,0.0,0.0,0.00,0.00,0.00,0.00,57.0,249324.0,3831345.0,465131.0,215807.0,427,Reijnders,Man City,Tijjani,433036,,3,43,Tijjani_Reijnders,36,Brighton,43,Man City,MID,13
1849,428.0,22.0,6.0,0.0,False,2025-08-31T13:00:00Z,,,3.0,False,0.0,0.0,0.0,0.0,0.0,0.0,0.0,0.0,0.0,0.0,0.0,0.0,0.0,0.0,0.0,0.0,0.0,0.0,0.0,0.0,0.0,0.0,0.00,0.00,0.00,0.00,50.0,-736.0,2136.0,0.0,736.0,428,Nypan,Man City,Sverre,566164,Has joined Middlesbrough on loan for the rest of the season.,3,43,Sverre_Nypan,36,Brighton,43,Man City,MID,13
1850,429.0,22.0,6.0,0.0,False,2025-08-31T13:00:00Z,,,3.0,False,0.0,0.0,0.0,0.0,0.0,0.0,0.0,0.0,0.0,0.0,0.0,0.0,0.0,0.0,0.0,0.0,0.0,0.0,0.0,0.0,0.0,0.0,0.00,0.00,0.00,0.00,49.0,-790.0,6998.0,333.0,1123.0,429,Phillips,Man City,Kalvin,155405,,3,43,Kalvin_Phillips,36,Brighton,43,Man City,MID,13
1851,430.0,22.0,6.0,0.0,False,2025-08-31T13:00:00Z,,,3.0,False,0.0,0.0,0.0,0.0,0.0,0.0,0.0,0.0,0.0,0.0,0.0,0.0,0.0,0.0,0.0,0.0,0.0,0.0,0.0,0.0,0.0,0.0,0.00,0.00,0.00,0.00,141.0,179096.0,3747441.0,366370.0,187274.0,430,Haaland,Man City,Erling,223094,,4,43,Erling_Haaland,36,Brighton,43,Man City,FWD,13
1852,119.0,26.0,3.0,10.0,True,2025-08-30T14:00:00Z,3.0,2.0,3.0,False,90.0,1.0,0.0,0.0,2.0,0.0,0.0,0.0,0.0,0.0,0.0,3.0,39.0,48.2,74.4,50.0,17.3,0.0,1.0,0.0,1.0,1.0,0.60,0.69,1.29,1.20,80.0,130509.0,1800062.0,326650.0,196141.0,119,Mbeumo,Man Utd,Bryan,446008,,3,1,Bryan_Mbeumo,90,Burnley,1,Man Utd,MID,14
1853,431.0,26.0,3.0,1.0,True,2025-08-30T14:00:00Z,3.0,2.0,3.0,False,90.0,0.0,0.0,0.0,2.0,0.0,0.0,0.0,0.0,0.0,1.0,0.0,5.0,11.4,0.0,0.0,1.1,0.0,13.0,0.0,0.0,1.0,0.00,0.01,0.01,1.20,50.0,4160.0,60717.0,11240.0,7080.0,431,Bayındır,Man Utd,Altay,451302,,1,1,Altay_Bayındır,90,Burnley,1,Man Utd,GKP,14
1854,432.0,26.0,3.0,0.0,True,2025-08-30T14:00:00Z,3.0,2.0,3.0,False,0.0,0.0,0.0,0.0,0.0,0.0,0.0,0.0,0.0,0.0,0.0,0.0,0.0,0.0,0.0,0.0,0.0,0.0,0.0,0.0,0.0,0.0,0.00,0.00,0.00,0.00,50.0,-3177.0,33431.0,2290.0,5467.0,432,Onana,Man Utd,André,202641,,1,1,André_Onana,90,Burnley,1,Man Utd,GKP,14
1855,433.0,26.0,3.0,0.0,True,2025-08-30T14:00:00Z,3.0,2.0,3.0,False,0.0,0.0,0.0,0.0,0.0,0.0,0.0,0.0,0.0,0.0,0.0,0.0,0.0,0.0,0.0,0.0,0.0,0.0,0.0,0.0,0.0,0.0,0.00,0.00,0.00,0.00,40.0,-55.0,304.0,0.0,55.0,433,Harrison,Man Utd,Elyh,588555,On loan to Shrewsbury Town,1,1,Elyh_Harrison,90,Burnley,1,Man Utd,GKP,14
1856,434.0,26.0,3.0,0.0,True,2025-08-30T14:00:00Z,3.0,2.0,3.0,False,0.0,0.0,0.0,0.0,0.0,0.0,0.0,0.0,0.0,0.0,0.0,0.0,0.0,0.0,0.0,0.0,0.0,0.0,0.0,0.0,0.0,0.0,0.00,0.00,0.00,0.00,40.0,-1358.0,34505.0,1120.0,2478.0,434,Heaton,Man Utd,Tom,21205,,1,1,Tom_Heaton,90,Burnley,1,Man Utd,GKP,14
1857,435.0,26.0,3.0,0.0,True,2025-08-30T14:00:00Z,3.0,2.0,3.0,False,0.0,0.0,0.0,0.0,0.0,0.0,0.0,0.0,0.0,0.0,0.0,0.0,0.0,0.0,0.0,0.0,0.0,0.0,0.0,0.0,0.0,0.0,0.00,0.00,0.00,0.00,40.0,-539.0,12463.0,300.0,839.0,435,Mee,Man Utd,Dermot,461537,,1,1,Dermot_Mee,90,Burnley,1,Man Utd,GKP,14
1858,436.0,26.0,3.0,1.0,True,2025-08-30T14:00:00Z,3.0,2.0,3.0,False,90.0,0.0,0.0,0.0,2.0,0.0,0.0,0.0,0.0,0.0,0.0,0.0,4.0,10.2,0.2,5.0,1.5,4.0,4.0,0.0,4.0,1.0,0.10,0.00,0.10,1.20,50.0,54442.0,393645.0,85622.0,31180.0,436,de Ligt,Man Utd,Matthijs,209365,,2,1,Matthijs_de Ligt,90,Burnley,1,Man Utd,DEF,14
1859,437.0,26.0,3.0,0.0,True,2025-08-30T14:00:00Z,3.0,2.0,3.0,False,0.0,0.0,0.0,0.0,0.0,0.0,0.0,0.0,0.0,0.0,0.0,0.0,0.0,0.0,0.0,0.0,0.0,0.0,0.0,0.0,0.0,0.0,0.00,0.00,0.00,0.00,49.0,-2809.0,11723.0,139.0,2948.0,437,Martínez,Man Utd,Lisandro,221820,Knee injury - Unknown return date,2,1,Lisandro_Martínez,90,Burnley,1,Man Utd,DEF,14
1860,438.0,26.0,3.0,1.0,True,2025-08-30T14:00:00Z,3.0,2.0,3.0,False,5.0,0.0,0.0,0.0,0.0,0.0,0.0,0.0,0.0,0.0,0.0,0.0,5.0,4.6,0.5,0.0,0.5,1.0,0.0,1.0,2.0,0.0,0.00,0.00,0.00,0.00,49.0,-5375.0,17335.0,154.0,5529.0,438,Mazraoui,Man Utd,Noussair,230001,,2,1,Noussair_Mazraoui,90,Burnley,1,Man Utd,DEF,14
1861,439.0,26.0,3.0,0.0,True,2025-08-30T14:00:00Z,3.0,2.0,3.0,False,0.0,0.0,0.0,0.0,0.0,0.0,0.0,0.0,0.0,0.0,0.0,0.0,0.0,0.0,0.0,0.0,0.0,0.0,0.0,0.0,0.0,0.0,0.00,0.00,0.00,0.00,44.0,-1028.0,7272.0,270.0,1298.0,439,León Blanco,Man Utd,Diego,661712,,2,1,Diego_León Blanco,90,Burnley,1,Man Utd,DEF,14
1862,440.0,26.0,3.0,4.0,True,2025-08-30T14:00:00Z,3.0,2.0,3.0,False,90.0,0.0,1.0,0.0,2.0,0.0,0.0,0.0,0.0,0.0,0.0,0.0,19.0,35.6,32.8,6.0,7.4,3.0,3.0,2.0,5.0,1.0,0.00,0.46,0.46,1.20,45.0,-21613.0,213811.0,6318.0,27931.0,440,Dalot Teixeira,Man Utd,Diogo,216051,,2,1,Diogo_Dalot Teixeira,90,Burnley,1,Man Utd,DEF,14
1863,441.0,26.0,3.0,0.0,True,2025-08-30T14:00:00Z,3.0,2.0,3.0,False,0.0,0.0,0.0,0.0,0.0,0.0,0.0,0.0,0.0,0.0,0.0,0.0,0.0,0.0,0.0,0.0,0.0,0.0,0.0,0.0,0.0,0.0,0.00,0.00,0.00,0.00,45.0,48679.0,990550.0,134154.0,85475.0,441,Dorgu,Man Utd,Patrick,596777,,2,1,Patrick_Dorgu,90,Burnley,1,Man Utd,DEF,14
1864,442.0,26.0,3.0,0.0,True,2025-08-30T14:00:00Z,3.0,2.0,3.0,False,0.0,0.0,0.0,0.0,0.0,0.0,0.0,0.0,0.0,0.0,0.0,0.0,0.0,0.0,0.0,0.0,0.0,0.0,0.0,0.0,0.0,0.0,0.00,0.00,0.00,0.00,45.0,-5610.0,77916.0,4702.0,10312.0,442,Maguire,Man Utd,Harry,95658,,2,1,Harry_Maguire,90,Burnley,1,Man Utd,DEF,14
1865,443.0,26.0,3.0,1.0,True,2025-08-30T14:00:00Z,3.0,2.0,3.0,False,90.0,0.0,0.0,0.0,2.0,0.0,0.0,0.0,0.0,0.0,0.0,0.0,5.0,13.0,3.8,0.0,1.7,1.0,2.0,3.0,4.0,1.0,0.00,0.02,0.02,1.20,45.0,1691.0,38491.0,5672.0,3981.0,443,Shaw,Man Utd,Luke,106760,,2,1,Luke_Shaw,90,Burnley,1,Man Utd,DEF,14
1866,444.0,26.0,3.0,1.0,True,2025-08-30T14:00:00Z,3.0,2.0,3.0,False,84.0,0.0,0.0,0.0,2.0,0.0,0.0,0.0,0.0,0.0,0.0,0.0,2.0,7.8,4.6,4.0,1.6,2.0,1.0,2.0,4.0,1.0,0.09,0.02,0.11,1.20,45.0,57551.0,309526.0,81751.0,24200.0,444,Yoro,Man Utd,Leny,550864,,2,1,Leny_Yoro,90,Burnley,1,Man Utd,DEF,14
1867,445.0,26.0,3.0,0.0,True,2025-08-30T14:00:00Z,3.0,2.0,3.0,False,0.0,0.0,0.0,0.0,0.0,0.0,0.0,0.0,0.0,0.0,0.0,0.0,0.0,0.0,0.0,0.0,0.0,0.0,0.0,0.0,0.0,0.0,0.00,0.00,0.00,0.00,40.0,-1887.0,18061.0,416.0,2303.0,445,Amass,Man Utd,Harry,577974,,2,1,Harry_Amass,90,Burnley,1,Man Utd,DEF,14
1868,446.0,26.0,3.0,0.0,True,2025-08-30T14:00:00Z,3.0,2.0,3.0,False,0.0,0.0,0.0,0.0,0.0,0.0,0.0,0.0,0.0,0.0,0.0,0.0,0.0,0.0,0.0,0.0,0.0,0.0,0.0,0.0,0.0,0.0,0.00,0.00,0.00,0.00,40.0,-1183.0,11606.0,161.0,1344.0,446,Fredricson,Man Utd,Tyler,547676,,2,1,Tyler_Fredricson,90,Burnley,1,Man Utd,DEF,14
1869,447.0,26.0,3.0,0.0,True,2025-08-30T14:00:00Z,3.0,2.0,3.0,False,0.0,0.0,0.0,0.0,0.0,0.0,0.0,0.0,0.0,0.0,0.0,0.0,0.0,0.0,0.0,0.0,0.0,0.0,0.0,0.0,0.0,0.0,0.00,0.00,0.00,0.00,40.0,-13789.0,144325.0,3776.0,17565.0,447,Heaven,Man Utd,Ayden,606745,,2,1,Ayden_Heaven,90,Burnley,1,Man Utd,DEF,14
1870,448.0,26.0,3.0,0.0,True,2025-08-30T14:00:00Z,3.0,2.0,3.0,False,0.0,0.0,0.0,0.0,0.0,0.0,0.0,0.0,0.0,0.0,0.0,0.0,0.0,0.0,0.0,0.0,0.0,0.0,0.0,0.0,0.0,0.0,0.00,0.00,0.00,0.00,40.0,-3416.0,31497.0,825.0,4241.0,448,Malacia,Man Utd,Tyrell,222690,,2,1,Tyrell_Malacia,90,Burnley,1,Man Utd,DEF,14
1871,449.0,26.0,3.0,10.0,True,2025-08-30T14:00:00Z,3.0,2.0,3.0,False,90.0,1.0,0.0,0.0,2.0,0.0,0.0,0.0,1.0,0.0,0.0,2.0,34.0,58.8,83.4,27.0,16.9,4.0,8.0,3.0,15.0,1.0,0.91,0.24,1.15,1.20,90.0,77157.0,2502802.0,349543.0,272386.0,449,Borges Fernandes,Man Utd,Bruno,141746,,3,1,Bruno_Borges Fernandes,90,Burnley,1,Man Utd,MID,14
1872,450.0,26.0,3.0,1.0,True,2025-08-30T14:00:00Z,3.0,2.0,3.0,False,30.0,0.0,0.0,0.0,0.0,0.0,0.0,0.0,0.0,0.0,0.0,0.0,7.0,6.8,14.8,11.0,3.3,0.0,2.0,0.0,2.0,1.0,0.03,0.15,0.18,0.00,81.0,399625.0,1606598.0,539404.0,139779.0,450,Santos Carneiro da Cunha,Man Utd,Matheus,430871,,3,1,Matheus_Santos Carneiro da Cunha,90,Burnley,1,Man Utd,MID,14
1873,451.0,26.0,3.0,0.0,True,2025-08-30T14:00:00Z,3.0,2.0,3.0,False,0.0,0.0,0.0,0.0,0.0,0.0,0.0,0.0,0.0,0.0,0.0,0.0,0.0,0.0,0.0,0.0,0.0,0.0,0.0,0.0,0.0,0.0,0.00,0.00,0.00,0.00,70.0,-406.0,2611.0,0.0,406.0,451,Rashford,Man Utd,Marcus,176297,Has joined Barcelona on loan for the rest of the season,3,1,Marcus_Rashford,90,Burnley,1,Man Utd,MID,14
1874,452.0,26.0,3.0,5.0,True,2025-08-30T14:00:00Z,3.0,2.0,3.0,False,90.0,0.0,1.0,0.0,2.0,0.0,0.0,0.0,0.0,0.0,0.0,0.0,24.0,15.4,27.3,33.0,7.6,2.0,7.0,1.0,10.0,1.0,0.63,0.06,0.69,1.20,64.0,-48939.0,239366.0,9027.0,57966.0,452,Diallo,Man Utd,Amad,493250,,3,1,Amad_Diallo,90,Burnley,1,Man Utd,MID,14
1875,453.0,26.0,3.0,0.0,True,2025-08-30T14:00:00Z,3.0,2.0,3.0,False,0.0,0.0,0.0,0.0,0.0,0.0,0.0,0.0,0.0,0.0,0.0,0.0,0.0,0.0,0.0,0.0,0.0,0.0,0.0,0.0,0.0,0.0,0.00,0.00,0.00,0.00,64.0,-2058.0,20873.0,1744.0,3802.0,453,Garnacho Ferreyra,Man Utd,Alejandro,493105,,3,1,Alejandro_Garnacho Ferreyra,90,Burnley,1,Man Utd,MID,14
1876,454.0,26.0,3.0,0.0,True,2025-08-30T14:00:00Z,3.0,2.0,3.0,False,0.0,0.0,0.0,0.0,0.0,0.0,0.0,0.0,0.0,0.0,0.0,0.0,0.0,0.0,0.0,0.0,0.0,0.0,0.0,0.0,0.0,0.0,0.00,0.00,0.00,0.00,59.0,-1698.0,12114.0,685.0,2383.0,454,dos Santos,Man Utd,Antony,467169,,3,1,Antony_dos Santos,90,Burnley,1,Man Utd,MID,14
1877,455.0,26.0,3.0,1.0,True,2025-08-30T14:00:00Z,3.0,2.0,3.0,False,45.0,0.0,0.0,0.0,0.0,0.0,0.0,0.0,0.0,0.0,0.0,0.0,5.0,4.0,12.1,7.0,2.3,0.0,4.0,2.0,6.0,1.0,0.06,0.03,0.09,0.20,60.0,2218.0,40437.0,8949.0,6731.0,455,Mount,Man Utd,Mason,184341,,3,1,Mason_Mount,90,Burnley,1,Man Utd,MID,14
1878,456.0,26.0,3.0,0.0,True,2025-08-30T14:00:00Z,3.0,2.0,3.0,False,0.0,0.0,0.0,0.0,0.0,0.0,0.0,0.0,0.0,0.0,0.0,0.0,0.0,0.0,0.0,0.0,0.0,0.0,0.0,0.0,0.0,0.0,0.00,0.00,0.00,0.00,59.0,-1736.0,12178.0,558.0,2294.0,456,Sancho,Man Utd,Jadon,209243,,3,1,Jadon_Sancho,90,Burnley,1,Man Utd,MID,14
1879,457.0,26.0,3.0,5.0,True,2025-08-30T14:00:00Z,3.0,2.0,3.0,False,71.0,0.0,1.0,0.0,2.0,0.0,0.0,0.0,0.0,0.0,0.0,0.0,19.0,5.6,7.8,4.0,1.7,1.0,3.0,1.0,5.0,1.0,0.13,0.02,0.15,1.20,55.0,-2683.0,24479.0,2090.0,4773.0,457,Casimiro,Man Utd,Carlos Henrique,61256,,3,1,Carlos Henrique_Casimiro,90,Burnley,1,Man Utd,MID,14
1880,458.0,26.0,3.0,1.0,True,2025-08-30T14:00:00Z,3.0,2.0,3.0,False,45.0,0.0,0.0,0.0,2.0,0.0,0.0,0.0,0.0,0.0,0.0,0.0,5.0,5.4,16.7,3.0,2.5,0.0,4.0,1.0,5.0,0.0,0.05,0.09,0.14,1.00,49.0,-11729.0,63756.0,3649.0,15378.0,458,Mainoo,Man Utd,Kobbie,516895,,3,1,Kobbie_Mainoo,90,Burnley,1,Man Utd,MID,14
1881,459.0,26.0,3.0,0.0,True,2025-08-30T14:00:00Z,3.0,2.0,3.0,False,0.0,0.0,0.0,0.0,0.0,0.0,0.0,0.0,0.0,0.0,0.0,0.0,0.0,0.0,0.0,0.0,0.0,0.0,0.0,0.0,0.0,0.0,0.00,0.00,0.00,0.00,49.0,-2268.0,17334.0,1450.0,3718.0,459,Ugarte Ribeiro,Man Utd,Manuel,232112,,3,1,Manuel_Ugarte Ribeiro,90,Burnley,1,Man Utd,MID,14
1882,460.0,26.0,3.0,0.0,True,2025-08-30T14:00:00Z,3.0,2.0,3.0,False,0.0,0.0,0.0,0.0,0.0,0.0,0.0,0.0,0.0,0.0,0.0,0.0,0.0,0.0,0.0,0.0,0.0,0.0,0.0,0.0,0.0,0.0,0.00,0.00,0.00,0.00,45.0,-2647.0,7215.0,0.0,2647.0,460,Collyer,Man Utd,Toby,490881,Has joined West Bromwich Albion on loan for the rest of the season.,3,1,Toby_Collyer,90,Burnley,1,Man Utd,MID,14
1883,461.0,26.0,3.0,0.0,True,2025-08-30T14:00:00Z,3.0,2.0,3.0,False,0.0,0.0,0.0,0.0,0.0,0.0,0.0,0.0,0.0,0.0,0.0,0.0,0.0,0.0,0.0,0.0,0.0,0.0,0.0,0.0,0.0,0.0,0.00,0.00,0.00,0.00,45.0,-405.0,4033.0,142.0,547.0,461,Fitzgerald,Man Utd,Jayce,556639,,3,1,Jayce_Fitzgerald,90,Burnley,1,Man Utd,MID,14
1884,462.0,26.0,3.0,0.0,True,2025-08-30T14:00:00Z,3.0,2.0,3.0,False,0.0,0.0,0.0,0.0,0.0,0.0,0.0,0.0,0.0,0.0,0.0,0.0,0.0,0.0,0.0,0.0,0.0,0.0,0.0,0.0,0.0,0.0,0.00,0.00,0.00,0.00,45.0,-499.0,3933.0,135.0,634.0,462,Fletcher,Man Utd,Jack,547037,,3,1,Jack_Fletcher,90,Burnley,1,Man Utd,MID,14
1885,463.0,26.0,3.0,0.0,True,2025-08-30T14:00:00Z,3.0,2.0,3.0,False,0.0,0.0,0.0,0.0,0.0,0.0,0.0,0.0,0.0,0.0,0.0,0.0,0.0,0.0,0.0,0.0,0.0,0.0,0.0,0.0,0.0,0.0,0.00,0.00,0.00,0.00,45.0,-891.0,8510.0,476.0,1367.0,463,Koné,Man Utd,Sékou,618873,,3,1,Sékou_Koné,90,Burnley,1,Man Utd,MID,14
1886,464.0,26.0,3.0,0.0,True,2025-08-30T14:00:00Z,3.0,2.0,3.0,False,0.0,0.0,0.0,0.0,0.0,0.0,0.0,0.0,0.0,0.0,0.0,0.0,0.0,0.0,0.0,0.0,0.0,0.0,0.0,0.0,0.0,0.0,0.00,0.00,0.00,0.00,45.0,-318.0,3202.0,138.0,456.0,464,Moorhouse,Man Utd,Jack,559684,,3,1,Jack_Moorhouse,90,Burnley,1,Man Utd,MID,14
1887,465.0,26.0,3.0,0.0,True,2025-08-30T14:00:00Z,3.0,2.0,3.0,False,0.0,0.0,0.0,0.0,0.0,0.0,0.0,0.0,0.0,0.0,0.0,0.0,0.0,0.0,0.0,0.0,0.0,0.0,0.0,0.0,0.0,0.0,0.00,0.00,0.00,0.00,64.0,-10918.0,56968.0,2150.0,13068.0,465,Højlund,Man Utd,Rasmus,497894,,4,1,Rasmus_Højlund,90,Burnley,1,Man Utd,FWD,14
1888,466.0,26.0,3.0,1.0,True,2025-08-30T14:00:00Z,3.0,2.0,3.0,False,59.0,0.0,0.0,0.0,2.0,0.0,0.0,0.0,0.0,0.0,0.0,0.0,-2.0,8.2,15.4,52.0,7.6,2.0,1.0,0.0,3.0,0.0,0.67,0.03,0.70,1.20,59.0,-6855.0,43714.0,2857.0,9712.0,466,Zirkzee,Man Utd,Joshua,458249,,4,1,Joshua_Zirkzee,90,Burnley,1,Man Utd,FWD,14
1889,467.0,26.0,3.0,0.0,True,2025-08-30T14:00:00Z,3.0,2.0,3.0,False,0.0,0.0,0.0,0.0,0.0,0.0,0.0,0.0,0.0,0.0,0.0,0.0,0.0,0.0,0.0,0.0,0.0,0.0,0.0,0.0,0.0,0.0,0.00,0.00,0.00,0.00,44.0,-38970.0,188735.0,4555.0,43525.0,467,Obi,Man Utd,Chido,596047,,4,1,Chido_Obi,90,Burnley,1,Man Utd,FWD,14
1890,468.0,26.0,3.0,0.0,True,2025-08-30T14:00:00Z,3.0,2.0,3.0,False,0.0,0.0,0.0,0.0,0.0,0.0,0.0,0.0,0.0,0.0,0.0,0.0,0.0,0.0,0.0,0.0,0.0,0.0,0.0,0.0,0.0,0.0,0.00,0.00,0.00,0.00,45.0,-1984.0,14515.0,448.0,2432.0,468,Wheatley,Man Utd,Ethan,575034,,4,1,Ethan_Wheatley,90,Burnley,1,Man Utd,FWD,14
1891,681.0,26.0,3.0,1.0,True,2025-08-30T14:00:00Z,3.0,2.0,3.0,False,18.0,0.0,0.0,0.0,0.0,0.0,0.0,0.0,0.0,0.0,0.0,0.0,-2.0,0.0,1.1,8.0,0.3,0.0,0.0,0.0,0.0,0.0,0.27,0.00,0.27,0.00,75.0,-170928.0,830439.0,57965.0,228893.0,681,Sesko,Man Utd,Benjamin,485711,,4,1,Benjamin_Sesko,90,Burnley,1,Man Utd,FWD,14
1892,52.0,24.0,11.0,1.0,False,2025-08-30T16:30:00Z,0.0,0.0,3.0,False,45.0,0.0,0.0,0.0,0.0,0.0,0.0,0.0,0.0,0.0,0.0,0.0,8.0,9.2,30.8,7.0,4.7,0.0,2.0,0.0,2.0,1.0,0.03,0.10,0.13,0.47,55.0,-1577.0,60744.0,7660.0,9237.0,52,Ramsey,Newcastle,Jacob,232653,,3,4,Jacob_Ramsey,2,Leeds,4,Newcastle,MID,15
1893,469.0,24.0,11.0,5.0,False,2025-08-30T16:30:00Z,0.0,0.0,3.0,False,90.0,0.0,0.0,1.0,0.0,0.0,0.0,0.0,1.0,0.0,1.0,0.0,21.0,1.4,0.0,0.0,0.1,1.0,11.0,0.0,0.0,1.0,0.00,0.00,0.00,0.59,50.0,96770.0,625713.0,131789.0,35019.0,469,Pope,Newcastle,Nick,98747,,1,4,Nick_Pope,2,Leeds,4,Newcastle,GKP,15
1894,471.0,24.0,11.0,0.0,False,2025-08-30T16:30:00Z,0.0,0.0,3.0,False,0.0,0.0,0.0,0.0,0.0,0.0,0.0,0.0,0.0,0.0,0.0,0.0,0.0,0.0,0.0,0.0,0.0,0.0,0.0,0.0,0.0,0.0,0.00,0.00,0.00,0.00,40.0,-493.0,17007.0,658.0,1151.0,471,Gillespie,Newcastle,Mark,81441,,1,4,Mark_Gillespie,2,Leeds,4,Newcastle,GKP,15
1895,472.0,24.0,11.0,0.0,False,2025-08-30T16:30:00Z,0.0,0.0,3.0,False,0.0,0.0,0.0,0.0,0.0,0.0,0.0,0.0,0.0,0.0,0.0,0.0,0.0,0.0,0.0,0.0,0.0,0.0,0.0,0.0,0.0,0.0,0.00,0.00,0.00,0.00,40.0,-393.0,2998.0,0.0,393.0,472,Vlachodimos,Newcastle,Odysseas,111452,Has joined Sevilla on loan for the rest of the season.,1,4,Odysseas_Vlachodimos,2,Leeds,4,Newcastle,GKP,15
1896,473.0,24.0,11.0,1.0,False,2025-08-30T16:30:00Z,0.0,0.0,3.0,False,29.0,0.0,0.0,0.0,0.0,0.0,0.0,0.0,0.0,0.0,0.0,0.0,3.0,0.0,0.1,0.0,0.0,1.0,0.0,1.0,2.0,0.0,0.04,0.00,0.04,0.06,55.0,-3797.0,191471.0,23936.0,27733.0,473,Hall,Newcastle,Lewis,487838,,2,4,Lewis_Hall,2,Leeds,4,Newcastle,DEF,15
1897,474.0,24.0,11.0,6.0,False,2025-08-30T16:30:00Z,0.0,0.0,3.0,False,90.0,0.0,0.0,1.0,0.0,0.0,0.0,0.0,0.0,0.0,0.0,0.0,23.0,18.4,11.3,3.0,3.3,5.0,3.0,0.0,5.0,1.0,0.03,0.01,0.04,0.59,55.0,-23056.0,309038.0,48843.0,71899.0,474,Schär,Newcastle,Fabian,119471,,2,4,Fabian_Schär,2,Leeds,4,Newcastle,DEF,15
1898,475.0,24.0,11.0,8.0,False,2025-08-30T16:30:00Z,0.0,0.0,3.0,False,68.0,0.0,0.0,1.0,0.0,0.0,0.0,0.0,0.0,0.0,0.0,2.0,29.0,20.6,0.3,0.0,2.1,7.0,5.0,2.0,9.0,1.0,0.00,0.00,0.00,0.53,49.0,-3736.0,47872.0,3284.0,7020.0,475,Botman,Newcastle,Sven,220237,,2,4,Sven_Botman,2,Leeds,4,Newcastle,DEF,15
1899,476.0,24.0,11.0,6.0,False,2025-08-30T16:30:00Z,0.0,0.0,3.0,False,90.0,0.0,0.0,1.0,0.0,0.0,0.0,0.0,0.0,0.0,0.0,0.0,22.0,3.2,1.0,0.0,0.4,1.0,4.0,0.0,1.0,1.0,0.00,0.01,0.01,0.59,50.0,93658.0,605784.0,126653.0,32995.0,476,Burn,Newcastle,Dan,78916,,2,4,Dan_Burn,2,Leeds,4,Newcastle,DEF,15
1900,477.0,24.0,11.0,6.0,False,2025-08-30T16:30:00Z,0.0,0.0,3.0,False,90.0,0.0,0.0,1.0,0.0,0.0,0.0,0.0,0.0,0.0,0.0,0.0,20.0,0.4,2.8,4.0,0.7,0.0,7.0,0.0,0.0,1.0,0.00,0.03,0.03,0.59,51.0,356747.0,936927.0,396403.0,39656.0,477,Livramento,Newcastle,Tino,441191,,2,4,Tino_Livramento,2,Leeds,4,Newcastle,DEF,15
1901,478.0,24.0,11.0,6.0,False,2025-08-30T16:30:00Z,0.0,0.0,3.0,False,61.0,0.0,0.0,1.0,0.0,0.0,0.0,0.0,0.0,0.0,0.0,0.0,22.0,6.8,17.3,2.0,2.6,0.0,4.0,1.0,1.0,1.0,0.00,0.21,0.21,0.53,50.0,32155.0,306349.0,51191.0,19036.0,478,Trippier,Newcastle,Kieran,77794,,2,4,Kieran_Trippier,2,Leeds,4,Newcastle,DEF,15
1902,479.0,24.0,11.0,0.0,False,2025-08-30T16:30:00Z,0.0,0.0,3.0,False,0.0,0.0,0.0,0.0,0.0,0.0,0.0,0.0,0.0,0.0,0.0,0.0,0.0,0.0,0.0,0.0,0.0,0.0,0.0,0.0,0.0,0.0,0.00,0.00,0.00,0.00,45.0,-388.0,5440.0,241.0,629.0,479,Krafth,Newcastle,Emil,111773,,2,4,Emil_Krafth,2,Leeds,4,Newcastle,DEF,15
1903,480.0,24.0,11.0,0.0,False,2025-08-30T16:30:00Z,0.0,0.0,3.0,False,0.0,0.0,0.0,0.0,0.0,0.0,0.0,0.0,0.0,0.0,0.0,0.0,0.0,0.0,0.0,0.0,0.0,0.0,0.0,0.0,0.0,0.0,0.00,0.00,0.00,0.00,45.0,-791.0,8244.0,276.0,1067.0,480,Lascelles,Newcastle,Jamaal,101148,,2,4,Jamaal_Lascelles,2,Leeds,4,Newcastle,DEF,15
1904,481.0,24.0,11.0,0.0,False,2025-08-30T16:30:00Z,0.0,0.0,3.0,False,0.0,0.0,0.0,0.0,0.0,0.0,0.0,0.0,0.0,0.0,0.0,0.0,0.0,0.0,0.0,0.0,0.0,0.0,0.0,0.0,0.0,0.0,0.00,0.00,0.00,0.00,40.0,-6150.0,83957.0,4048.0,10198.0,481,Murphy,Newcastle,Alex,545477,,2,4,Alex_Murphy,2,Leeds,4,Newcastle,DEF,15
1905,482.0,24.0,11.0,0.0,False,2025-08-30T16:30:00Z,0.0,0.0,3.0,False,0.0,0.0,0.0,0.0,0.0,0.0,0.0,0.0,0.0,0.0,0.0,0.0,0.0,0.0,0.0,0.0,0.0,0.0,0.0,0.0,0.0,0.0,0.00,0.00,0.00,0.00,40.0,-1325.0,14418.0,209.0,1534.0,482,Ashby,Newcastle,Harrison,441024,,2,4,Harrison_Ashby,2,Leeds,4,Newcastle,DEF,15
1906,483.0,24.0,11.0,0.0,False,2025-08-30T16:30:00Z,0.0,0.0,3.0,False,0.0,0.0,0.0,0.0,0.0,0.0,0.0,0.0,0.0,0.0,0.0,0.0,0.0,0.0,0.0,0.0,0.0,0.0,0.0,0.0,0.0,0.0,0.00,0.00,0.00,0.00,40.0,-1102.0,13031.0,176.0,1278.0,483,Pivaš,Newcastle,Miodrag,578512,,2,4,Miodrag_Pivaš,2,Leeds,4,Newcastle,DEF,15
1907,484.0,24.0,11.0,0.0,False,2025-08-30T16:30:00Z,0.0,0.0,3.0,False,0.0,0.0,0.0,0.0,0.0,0.0,0.0,0.0,0.0,0.0,0.0,0.0,0.0,0.0,0.0,0.0,0.0,0.0,0.0,0.0,0.0,0.0,0.00,0.00,0.00,0.00,40.0,-4401.0,50499.0,1417.0,5818.0,484,Targett,Newcastle,Matt,169359,,2,4,Matt_Targett,2,Leeds,4,Newcastle,DEF,15
1908,485.0,24.0,11.0,0.0,False,2025-08-30T16:30:00Z,0.0,0.0,3.0,False,0.0,0.0,0.0,0.0,0.0,0.0,0.0,0.0,0.0,0.0,0.0,0.0,0.0,0.0,0.0,0.0,0.0,0.0,0.0,0.0,0.0,0.0,0.00,0.00,0.00,0.00,75.0,-56576.0,163896.0,78344.0,134920.0,485,Gordon,Newcastle,Anthony,232826,Suspended until 28 Sep,3,4,Anthony_Gordon,2,Leeds,4,Newcastle,MID,15
1909,486.0,24.0,11.0,1.0,False,2025-08-30T16:30:00Z,0.0,0.0,3.0,False,28.0,0.0,0.0,0.0,0.0,0.0,0.0,0.0,0.0,0.0,0.0,0.0,3.0,0.0,0.0,0.0,0.0,0.0,0.0,1.0,1.0,0.0,0.00,0.01,0.01,0.06,70.0,236508.0,1117447.0,328038.0,91530.0,486,Elanga,Newcastle,Anthony,449434,,3,4,Anthony_Elanga,2,Leeds,4,Newcastle,MID,15
1910,487.0,24.0,11.0,1.0,False,2025-08-30T16:30:00Z,0.0,0.0,3.0,False,21.0,0.0,0.0,0.0,0.0,0.0,0.0,0.0,0.0,0.0,0.0,0.0,2.0,0.0,0.0,0.0,0.0,0.0,0.0,1.0,1.0,0.0,0.02,0.02,0.04,0.06,65.0,71756.0,159227.0,91499.0,19743.0,487,Barnes,Newcastle,Harvey,201666,,3,4,Harvey_Barnes,2,Leeds,4,Newcastle,MID,15
1911,488.0,24.0,11.0,3.0,False,2025-08-30T16:30:00Z,0.0,0.0,3.0,False,90.0,0.0,0.0,1.0,0.0,0.0,0.0,0.0,0.0,0.0,0.0,0.0,14.0,6.6,7.3,0.0,1.4,0.0,6.0,3.0,9.0,1.0,0.00,0.14,0.14,0.59,65.0,63924.0,268108.0,80916.0,16992.0,488,Guimarães Rodriguez Moura,Newcastle,Bruno,208706,,3,4,Bruno_Guimarães Rodriguez Moura,2,Leeds,4,Newcastle,MID,15
1912,489.0,24.0,11.0,3.0,False,2025-08-30T16:30:00Z,0.0,0.0,3.0,False,61.0,0.0,0.0,1.0,0.0,0.0,0.0,0.0,0.0,0.0,0.0,0.0,7.0,6.0,2.4,33.0,4.1,0.0,1.0,0.0,1.0,1.0,0.07,0.01,0.08,0.53,63.0,-37257.0,153956.0,4990.0,42247.0,489,Murphy,Newcastle,Jacob,114243,,3,4,Jacob_Murphy,2,Leeds,4,Newcastle,MID,15
1913,490.0,24.0,11.0,0.0,False,2025-08-30T16:30:00Z,0.0,0.0,3.0,False,0.0,0.0,0.0,0.0,0.0,0.0,0.0,0.0,0.0,0.0,0.0,0.0,0.0,0.0,0.0,0.0,0.0,0.0,0.0,0.0,0.0,0.0,0.00,0.00,0.00,0.00,60.0,-12553.0,35896.0,2686.0,15239.0,490,Apolinário de Lira,Newcastle,Joelinton Cássio,180974,Thigh injury - Expected back 13 Sep,3,4,Joelinton Cássio_Apolinário de Lira,2,Leeds,4,Newcastle,MID,15
1914,491.0,24.0,11.0,3.0,False,2025-08-30T16:30:00Z,0.0,0.0,3.0,False,90.0,0.0,0.0,1.0,0.0,0.0,0.0,0.0,0.0,0.0,0.0,0.0,17.0,2.6,13.8,0.0,1.6,0.0,6.0,0.0,6.0,1.0,0.00,0.05,0.05,0.59,54.0,-48371.0,141013.0,5645.0,54016.0,491,Tonali,Newcastle,Sandro,432422,,3,4,Sandro_Tonali,2,Leeds,4,Newcastle,MID,15
1915,492.0,24.0,11.0,0.0,False,2025-08-30T16:30:00Z,0.0,0.0,3.0,False,0.0,0.0,0.0,0.0,0.0,0.0,0.0,0.0,0.0,0.0,0.0,0.0,0.0,0.0,0.0,0.0,0.0,0.0,0.0,0.0,0.0,0.0,0.00,0.00,0.00,0.00,50.0,-374.0,4130.0,196.0,570.0,492,Cordero Campillo,Newcastle,Antoñito,640108,,3,4,Antoñito_Cordero Campillo,2,Leeds,4,Newcastle,MID,15
1916,494.0,24.0,11.0,0.0,False,2025-08-30T16:30:00Z,0.0,0.0,3.0,False,0.0,0.0,0.0,0.0,0.0,0.0,0.0,0.0,0.0,0.0,0.0,0.0,0.0,0.0,0.0,0.0,0.0,0.0,0.0,0.0,0.0,0.0,0.00,0.00,0.00,0.00,50.0,183.0,4298.0,604.0,421.0,494,Willock,Newcastle,Joe,200089,,3,4,Joe_Willock,2,Leeds,4,Newcastle,MID,15
1917,495.0,24.0,11.0,0.0,False,2025-08-30T16:30:00Z,0.0,0.0,3.0,False,0.0,0.0,0.0,0.0,0.0,0.0,0.0,0.0,0.0,0.0,0.0,0.0,0.0,0.0,0.0,0.0,0.0,0.0,0.0,0.0,0.0,0.0,0.00,0.00,0.00,0.00,45.0,-352.0,1362.0,0.0,352.0,495,Hayden,Newcastle,Isaac,153127,Has departed the club as a free agent.,3,4,Isaac_Hayden,2,Leeds,4,Newcastle,MID,15
1918,496.0,24.0,11.0,0.0,False,2025-08-30T16:30:00Z,0.0,0.0,3.0,False,0.0,0.0,0.0,0.0,0.0,0.0,0.0,0.0,0.0,0.0,0.0,0.0,0.0,0.0,0.0,0.0,0.0,0.0,0.0,0.0,0.0,0.0,0.00,0.00,0.00,0.00,45.0,-664.0,7285.0,364.0,1028.0,496,Kuol,Newcastle,Garang,564510,,3,4,Garang_Kuol,2,Leeds,4,Newcastle,MID,15
1919,497.0,24.0,11.0,1.0,False,2025-08-30T16:30:00Z,0.0,0.0,3.0,False,45.0,0.0,0.0,0.0,0.0,0.0,0.0,0.0,0.0,0.0,0.0,0.0,8.0,0.8,0.7,0.0,0.2,2.0,3.0,0.0,5.0,0.0,0.00,0.01,0.01,0.12,45.0,-22634.0,245964.0,13015.0,35649.0,497,Miley,Newcastle,Lewis,547719,,3,4,Lewis_Miley,2,Leeds,4,Newcastle,MID,15
1920,498.0,24.0,11.0,0.0,False,2025-08-30T16:30:00Z,0.0,0.0,3.0,False,0.0,0.0,0.0,0.0,0.0,0.0,0.0,0.0,0.0,0.0,0.0,0.0,0.0,0.0,0.0,0.0,0.0,0.0,0.0,0.0,0.0,0.0,0.00,0.00,0.00,0.00,45.0,-256.0,1027.0,0.0,256.0,498,White,Newcastle,Joe,461484,Has joined Leyton Orient on loan for the rest of the season.,3,4,Joe_White,2,Leeds,4,Newcastle,MID,15
1921,499.0,24.0,11.0,0.0,False,2025-08-30T16:30:00Z,0.0,0.0,3.0,False,0.0,0.0,0.0,0.0,0.0,0.0,0.0,0.0,0.0,0.0,0.0,0.0,0.0,0.0,0.0,0.0,0.0,0.0,0.0,0.0,0.0,0.0,0.00,0.00,0.00,0.00,104.0,-156132.0,375419.0,9542.0,165674.0,499,Isak,Newcastle,Alexander,219168,Won’t be considered for selection on 25/8. - Unknown return date,4,4,Alexander_Isak,2,Leeds,4,Newcastle,FWD,15
1922,500.0,24.0,11.0,2.0,False,2025-08-30T16:30:00Z,0.0,0.0,3.0,False,90.0,0.0,0.0,1.0,0.0,0.0,0.0,0.0,0.0,0.0,0.0,0.0,2.0,0.0,2.3,5.0,0.5,0.0,3.0,1.0,4.0,1.0,0.23,0.00,0.23,0.59,55.0,27172.0,63596.0,35970.0,8798.0,500,Osula,Newcastle,William,538207,,4,4,William_Osula,2,Leeds,4,Newcastle,FWD,15
1923,501.0,24.0,11.0,0.0,False,2025-08-30T16:30:00Z,0.0,0.0,3.0,False,0.0,0.0,0.0,0.0,0.0,0.0,0.0,0.0,0.0,0.0,0.0,0.0,0.0,0.0,0.0,0.0,0.0,0.0,0.0,0.0,0.0,0.0,0.00,0.00,0.00,0.00,45.0,-3176.0,25474.0,1526.0,4702.0,501,Neave,Newcastle,Sean,599303,,4,4,Sean_Neave,2,Leeds,4,Newcastle,FWD,15
1924,674.0,24.0,11.0,0.0,False,2025-08-30T16:30:00Z,0.0,0.0,3.0,False,0.0,0.0,0.0,0.0,0.0,0.0,0.0,0.0,0.0,0.0,0.0,0.0,0.0,0.0,0.0,0.0,0.0,0.0,0.0,0.0,0.0,0.0,0.00,0.00,0.00,0.00,50.0,-8186.0,87485.0,2226.0,10412.0,674,Ramsdale,Newcastle,Aaron,225321,,1,4,Aaron_Ramsdale,2,Leeds,4,Newcastle,GKP,15
1925,684.0,24.0,11.0,0.0,False,2025-08-30T16:30:00Z,0.0,0.0,3.0,False,0.0,0.0,0.0,0.0,0.0,0.0,0.0,0.0,0.0,0.0,0.0,0.0,0.0,0.0,0.0,0.0,0.0,0.0,0.0,0.0,0.0,0.0,0.00,0.00,0.00,0.00,50.0,-810.0,18999.0,1713.0,2523.0,684,Thiaw,Newcastle,Malick,465642,,2,4,Malick_Thiaw,2,Leeds,4,Newcastle,DEF,15
1926,689.0,24.0,11.0,0.0,False,2025-08-30T16:30:00Z,0.0,0.0,3.0,False,0.0,0.0,0.0,0.0,0.0,0.0,0.0,0.0,0.0,0.0,0.0,0.0,0.0,0.0,0.0,0.0,0.0,0.0,0.0,0.0,0.0,0.0,0.00,0.00,0.00,0.00,45.0,-1841.0,20716.0,1996.0,3837.0,689,Park,Newcastle,Seung-Soo,623110,,3,4,Seung-Soo_Park,2,Leeds,4,Newcastle,MID,15
1927,426.0,27.0,19.0,0.0,True,2025-08-31T13:00:00Z,,,3.0,False,0.0,0.0,0.0,0.0,0.0,0.0,0.0,0.0,0.0,0.0,0.0,0.0,0.0,0.0,0.0,0.0,0.0,0.0,0.0,0.0,0.0,0.0,0.00,0.00,0.00,0.00,55.0,-1046.0,18556.0,2049.0,3095.0,426,McAtee,Nott'm Forest,James,432714,,3,17,James_McAtee,21,West Ham,17,Nott'm Forest,MID,16
1928,502.0,27.0,19.0,0.0,True,2025-08-31T13:00:00Z,,,3.0,False,0.0,0.0,0.0,0.0,0.0,0.0,0.0,0.0,0.0,0.0,0.0,0.0,0.0,0.0,0.0,0.0,0.0,0.0,0.0,0.0,0.0,0.0,0.00,0.00,0.00,0.00,50.0,-39003.0,2115825.0,101784.0,140787.0,502,Sels,Nott'm Forest,Matz,85633,,1,17,Matz_Sels,21,West Ham,17,Nott'm Forest,GKP,16
1929,503.0,27.0,19.0,0.0,True,2025-08-31T13:00:00Z,,,3.0,False,0.0,0.0,0.0,0.0,0.0,0.0,0.0,0.0,0.0,0.0,0.0,0.0,0.0,0.0,0.0,0.0,0.0,0.0,0.0,0.0,0.0,0.0,0.00,0.00,0.00,0.00,40.0,-3718.0,16912.0,0.0,3718.0,503,dos Santos Pereira,Nott'm Forest,Carlos Miguel,475123,Has joined Palmeiras permanently.,1,17,Carlos Miguel_dos Santos Pereira,21,West Ham,17,Nott'm Forest,GKP,16
1930,504.0,27.0,19.0,0.0,True,2025-08-31T13:00:00Z,,,3.0,False,0.0,0.0,0.0,0.0,0.0,0.0,0.0,0.0,0.0,0.0,0.0,0.0,0.0,0.0,0.0,0.0,0.0,0.0,0.0,0.0,0.0,0.0,0.00,0.00,0.00,0.00,40.0,-2709.0,18096.0,0.0,2709.0,504,Turner,Nott'm Forest,Matt,224068,Has joined Lyon permanently.,1,17,Matt_Turner,21,West Ham,17,Nott'm Forest,GKP,16
1931,505.0,27.0,19.0,0.0,True,2025-08-31T13:00:00Z,,,3.0,False,0.0,0.0,0.0,0.0,0.0,0.0,0.0,0.0,0.0,0.0,0.0,0.0,0.0,0.0,0.0,0.0,0.0,0.0,0.0,0.0,0.0,0.0,0.00,0.00,0.00,0.00,55.0,-1146.0,1107988.0,76353.0,77499.0,505,Milenković,Nott'm Forest,Nikola,227444,,2,17,Nikola_Milenković,21,West Ham,17,Nott'm Forest,DEF,16
1932,506.0,27.0,19.0,0.0,True,2025-08-31T13:00:00Z,,,3.0,False,0.0,0.0,0.0,0.0,0.0,0.0,0.0,0.0,0.0,0.0,0.0,0.0,0.0,0.0,0.0,0.0,0.0,0.0,0.0,0.0,0.0,0.0,0.00,0.00,0.00,0.00,55.0,-25069.0,702496.0,29368.0,54437.0,506,Costa dos Santos,Nott'm Forest,Murillo,575476,,2,17,Murillo_Costa dos Santos,21,West Ham,17,Nott'm Forest,DEF,16
1933,507.0,27.0,19.0,0.0,True,2025-08-31T13:00:00Z,,,3.0,False,0.0,0.0,0.0,0.0,0.0,0.0,0.0,0.0,0.0,0.0,0.0,0.0,0.0,0.0,0.0,0.0,0.0,0.0,0.0,0.0,0.0,0.0,0.00,0.00,0.00,0.00,50.0,2978.0,1602627.0,113249.0,110271.0,507,Aina,Nott'm Forest,Ola,159506,,2,17,Ola_Aina,21,West Ham,17,Nott'm Forest,DEF,16
1934,508.0,27.0,19.0,0.0,True,2025-08-31T13:00:00Z,,,3.0,False,0.0,0.0,0.0,0.0,0.0,0.0,0.0,0.0,0.0,0.0,0.0,0.0,0.0,0.0,0.0,0.0,0.0,0.0,0.0,0.0,0.0,0.0,0.00,0.00,0.00,0.00,50.0,-42554.0,1008472.0,37013.0,79567.0,508,Williams,Nott'm Forest,Neco,215136,,2,17,Neco_Williams,21,West Ham,17,Nott'm Forest,DEF,16
1935,509.0,27.0,19.0,0.0,True,2025-08-31T13:00:00Z,,,3.0,False,0.0,0.0,0.0,0.0,0.0,0.0,0.0,0.0,0.0,0.0,0.0,0.0,0.0,0.0,0.0,0.0,0.0,0.0,0.0,0.0,0.0,0.0,0.00,0.00,0.00,0.00,45.0,-542.0,5375.0,186.0,728.0,509,Mota Veiga Teixeira do Carmo,Nott'm Forest,David,451432,,2,17,David_Mota Veiga Teixeira do Carmo,21,West Ham,17,Nott'm Forest,DEF,16
1936,510.0,27.0,19.0,0.0,True,2025-08-31T13:00:00Z,,,3.0,False,0.0,0.0,0.0,0.0,0.0,0.0,0.0,0.0,0.0,0.0,0.0,0.0,0.0,0.0,0.0,0.0,0.0,0.0,0.0,0.0,0.0,0.0,0.00,0.00,0.00,0.00,45.0,-861.0,8155.0,275.0,1136.0,510,Paula da Cunha Filho,Nott'm Forest,Jair,575458,,2,17,Jair_Paula da Cunha Filho,21,West Ham,17,Nott'm Forest,DEF,16
1937,511.0,27.0,19.0,0.0,True,2025-08-31T13:00:00Z,,,3.0,False,0.0,0.0,0.0,0.0,0.0,0.0,0.0,0.0,0.0,0.0,0.0,0.0,0.0,0.0,0.0,0.0,0.0,0.0,0.0,0.0,0.0,0.0,0.00,0.00,0.00,0.00,45.0,-1041.0,9325.0,166.0,1207.0,511,Rodrigues da Silva,Nott'm Forest,Felipe,485047,,2,17,Felipe_Rodrigues da Silva,21,West Ham,17,Nott'm Forest,DEF,16
1938,512.0,27.0,19.0,0.0,True,2025-08-31T13:00:00Z,,,3.0,False,0.0,0.0,0.0,0.0,0.0,0.0,0.0,0.0,0.0,0.0,0.0,0.0,0.0,0.0,0.0,0.0,0.0,0.0,0.0,0.0,0.0,0.0,0.00,0.00,0.00,0.00,45.0,-514.0,5056.0,125.0,639.0,512,Richards,Nott'm Forest,Omar,204822,,2,17,Omar_Richards,21,West Ham,17,Nott'm Forest,DEF,16
1939,513.0,27.0,19.0,0.0,True,2025-08-31T13:00:00Z,,,3.0,False,0.0,0.0,0.0,0.0,0.0,0.0,0.0,0.0,0.0,0.0,0.0,0.0,0.0,0.0,0.0,0.0,0.0,0.0,0.0,0.0,0.0,0.0,0.00,0.00,0.00,0.00,40.0,-1935.0,21779.0,475.0,2410.0,513,Abbott,Nott'm Forest,Zach,549067,,2,17,Zach_Abbott,21,West Ham,17,Nott'm Forest,DEF,16
1940,514.0,27.0,19.0,0.0,True,2025-08-31T13:00:00Z,,,3.0,False,0.0,0.0,0.0,0.0,0.0,0.0,0.0,0.0,0.0,0.0,0.0,0.0,0.0,0.0,0.0,0.0,0.0,0.0,0.0,0.0,0.0,0.0,0.00,0.00,0.00,0.00,40.0,-4826.0,50677.0,1240.0,6066.0,514,Boly,Nott'm Forest,Willy,90585,,2,17,Willy_Boly,21,West Ham,17,Nott'm Forest,DEF,16
1941,515.0,27.0,19.0,0.0,True,2025-08-31T13:00:00Z,,,3.0,False,0.0,0.0,0.0,0.0,0.0,0.0,0.0,0.0,0.0,0.0,0.0,0.0,0.0,0.0,0.0,0.0,0.0,0.0,0.0,0.0,0.0,0.0,0.00,0.00,0.00,0.00,75.0,117293.0,754402.0,177897.0,60604.0,515,Gibbs-White,Nott'm Forest,Morgan,222531,,3,17,Morgan_Gibbs-White,21,West Ham,17,Nott'm Forest,MID,16
1942,516.0,27.0,19.0,0.0,True,2025-08-31T13:00:00Z,,,3.0,False,0.0,0.0,0.0,0.0,0.0,0.0,0.0,0.0,0.0,0.0,0.0,0.0,0.0,0.0,0.0,0.0,0.0,0.0,0.0,0.0,0.0,0.0,0.00,0.00,0.00,0.00,60.0,51146.0,191306.0,67371.0,16225.0,516,Hudson-Odoi,Nott'm Forest,Callum,209046,,3,17,Callum_Hudson-Odoi,21,West Ham,17,Nott'm Forest,MID,16
1943,517.0,27.0,19.0,0.0,True,2025-08-31T13:00:00Z,,,3.0,False,0.0,0.0,0.0,0.0,0.0,0.0,0.0,0.0,0.0,0.0,0.0,0.0,0.0,0.0,0.0,0.0,0.0,0.0,0.0,0.0,0.0,0.0,0.00,0.00,0.00,0.00,55.0,-14440.0,675082.0,53094.0,67534.0,517,Anderson,Nott'm Forest,Elliot,215379,,3,17,Elliot_Anderson,21,West Ham,17,Nott'm Forest,MID,16
1944,518.0,27.0,19.0,0.0,True,2025-08-31T13:00:00Z,,,3.0,False,0.0,0.0,0.0,0.0,0.0,0.0,0.0,0.0,0.0,0.0,0.0,0.0,0.0,0.0,0.0,0.0,0.0,0.0,0.0,0.0,0.0,0.0,0.00,0.00,0.00,0.00,54.0,-1163.0,9915.0,385.0,1548.0,518,Ferreira da Silva,Nott'm Forest,João Pedro,510500,,3,17,João Pedro_Ferreira da Silva,21,West Ham,17,Nott'm Forest,MID,16
1945,519.0,27.0,19.0,0.0,True,2025-08-31T13:00:00Z,,,3.0,False,0.0,0.0,0.0,0.0,0.0,0.0,0.0,0.0,0.0,0.0,0.0,0.0,0.0,0.0,0.0,0.0,0.0,0.0,0.0,0.0,0.0,0.0,0.00,0.00,0.00,0.00,50.0,-10.0,200.0,17.0,27.0,519,Domínguez,Nott'm Forest,Nicolás,250199,Knee injury - Expected back 04 Oct,3,17,Nicolás_Domínguez,21,West Ham,17,Nott'm Forest,MID,16
1946,520.0,27.0,19.0,0.0,True,2025-08-31T13:00:00Z,,,3.0,False,0.0,0.0,0.0,0.0,0.0,0.0,0.0,0.0,0.0,0.0,0.0,0.0,0.0,0.0,0.0,0.0,0.0,0.0,0.0,0.0,0.0,0.0,0.00,0.00,0.00,0.00,50.0,-25.0,137.0,0.0,25.0,520,O'Brien,Nott'm Forest,Lewis,243345,Has joined Wrexham permanently.,3,17,Lewis_O'Brien,21,West Ham,17,Nott'm Forest,MID,16
1947,521.0,27.0,19.0,0.0,True,2025-08-31T13:00:00Z,,,3.0,False,0.0,0.0,0.0,0.0,0.0,0.0,0.0,0.0,0.0,0.0,0.0,0.0,0.0,0.0,0.0,0.0,0.0,0.0,0.0,0.0,0.0,0.0,0.00,0.00,0.00,0.00,50.0,-231.0,6849.0,673.0,904.0,521,Sangaré,Nott'm Forest,Ibrahim,210462,,3,17,Ibrahim_Sangaré,21,West Ham,17,Nott'm Forest,MID,16
1948,522.0,27.0,19.0,0.0,True,2025-08-31T13:00:00Z,,,3.0,False,0.0,0.0,0.0,0.0,0.0,0.0,0.0,0.0,0.0,0.0,0.0,0.0,0.0,0.0,0.0,0.0,0.0,0.0,0.0,0.0,0.0,0.0,0.00,0.00,0.00,0.00,49.0,-1611.0,11842.0,303.0,1914.0,522,Yates,Nott'm Forest,Ryan,204968,,3,17,Ryan_Yates,21,West Ham,17,Nott'm Forest,MID,16
1949,523.0,27.0,19.0,0.0,True,2025-08-31T13:00:00Z,,,3.0,False,0.0,0.0,0.0,0.0,0.0,0.0,0.0,0.0,0.0,0.0,0.0,0.0,0.0,0.0,0.0,0.0,0.0,0.0,0.0,0.0,0.0,0.0,0.00,0.00,0.00,0.00,45.0,-2161.0,16938.0,632.0,2793.0,523,da Silva Moreira,Nott'm Forest,Eric,569014,,3,17,Eric_da Silva Moreira,21,West Ham,17,Nott'm Forest,MID,16
1950,524.0,27.0,19.0,0.0,True,2025-08-31T13:00:00Z,,,3.0,False,0.0,0.0,0.0,0.0,0.0,0.0,0.0,0.0,0.0,0.0,0.0,0.0,0.0,0.0,0.0,0.0,0.0,0.0,0.0,0.0,0.0,0.0,0.00,0.00,0.00,0.00,45.0,-1834.0,4426.0,0.0,1834.0,524,Stamenić,Nott'm Forest,Marko,495161,Has joined Swansea City permanently.,3,17,Marko_Stamenić,21,West Ham,17,Nott'm Forest,MID,16
1951,525.0,27.0,19.0,0.0,True,2025-08-31T13:00:00Z,,,3.0,False,0.0,0.0,0.0,0.0,0.0,0.0,0.0,0.0,0.0,0.0,0.0,0.0,0.0,0.0,0.0,0.0,0.0,0.0,0.0,0.0,0.0,0.0,0.00,0.00,0.00,0.00,77.0,814169.0,3321006.0,996705.0,182536.0,525,Wood,Nott'm Forest,Chris,60689,,4,17,Chris_Wood,21,West Ham,17,Nott'm Forest,FWD,16
1952,526.0,27.0,19.0,0.0,True,2025-08-31T13:00:00Z,,,3.0,False,0.0,0.0,0.0,0.0,0.0,0.0,0.0,0.0,0.0,0.0,0.0,0.0,0.0,0.0,0.0,0.0,0.0,0.0,0.0,0.0,0.0,0.0,0.00,0.00,0.00,0.00,59.0,-14036.0,63612.0,3374.0,17410.0,526,Maciel da Cruz,Nott'm Forest,Igor Jesus,482973,,4,17,Igor Jesus_Maciel da Cruz,21,West Ham,17,Nott'm Forest,FWD,16
1953,527.0,27.0,19.0,0.0,True,2025-08-31T13:00:00Z,,,3.0,False,0.0,0.0,0.0,0.0,0.0,0.0,0.0,0.0,0.0,0.0,0.0,0.0,0.0,0.0,0.0,0.0,0.0,0.0,0.0,0.0,0.0,0.0,0.00,0.00,0.00,0.00,54.0,-13497.0,61885.0,3227.0,16724.0,527,Awoniyi,Nott'm Forest,Taiwo,210156,,4,17,Taiwo_Awoniyi,21,West Ham,17,Nott'm Forest,FWD,16
1954,669.0,27.0,19.0,0.0,True,2025-08-31T13:00:00Z,,,3.0,False,0.0,0.0,0.0,0.0,0.0,0.0,0.0,0.0,0.0,0.0,0.0,0.0,0.0,0.0,0.0,0.0,0.0,0.0,0.0,0.0,0.0,0.0,0.00,0.00,0.00,0.00,60.0,275393.0,458950.0,315205.0,39812.0,669,Ndoye,Nott'm Forest,Dan,456512,,3,17,Dan_Ndoye,21,West Ham,17,Nott'm Forest,MID,16
1955,675.0,27.0,19.0,0.0,True,2025-08-31T13:00:00Z,,,3.0,False,0.0,0.0,0.0,0.0,0.0,0.0,0.0,0.0,0.0,0.0,0.0,0.0,0.0,0.0,0.0,0.0,0.0,0.0,0.0,0.0,0.0,0.0,0.00,0.00,0.00,0.00,40.0,-7192.0,200202.0,4946.0,12138.0,675,Gunn,Nott'm Forest,Angus,107265,,1,17,Angus_Gunn,21,West Ham,17,Nott'm Forest,GKP,16
1956,693.0,27.0,19.0,0.0,True,2025-08-31T13:00:00Z,,,3.0,False,0.0,0.0,0.0,0.0,0.0,0.0,0.0,0.0,0.0,0.0,0.0,0.0,0.0,0.0,0.0,0.0,0.0,0.0,0.0,0.0,0.0,0.0,0.00,0.00,0.00,0.00,55.0,383.0,2369.0,795.0,412.0,693,Hutchinson,Nott'm Forest,Omari,503301,,3,17,Omari_Hutchinson,21,West Ham,17,Nott'm Forest,MID,16
1957,696.0,27.0,19.0,0.0,True,2025-08-31T13:00:00Z,,,3.0,False,0.0,0.0,0.0,0.0,0.0,0.0,0.0,0.0,0.0,0.0,0.0,0.0,0.0,0.0,0.0,0.0,0.0,0.0,0.0,0.0,0.0,0.0,0.00,0.00,0.00,0.00,60.0,617.0,5132.0,1326.0,709.0,696,Kalimuendo,Nott'm Forest,Arnaud,465680,,4,17,Arnaud_Kalimuendo,21,West Ham,17,Nott'm Forest,FWD,16
1958,699.0,27.0,19.0,0.0,True,2025-08-31T13:00:00Z,,,3.0,False,0.0,0.0,0.0,0.0,0.0,0.0,0.0,0.0,0.0,0.0,0.0,0.0,0.0,0.0,0.0,0.0,0.0,0.0,0.0,0.0,0.0,0.0,0.00,0.00,0.00,0.00,50.0,2923.0,5778.0,4328.0,1405.0,699,Soares de Paulo,Nott'm Forest,Douglas Luiz,230046,,3,17,Douglas Luiz_Soares de Paulo,21,West Ham,17,Nott'm Forest,MID,16
1959,252.0,28.0,5.0,1.0,True,2025-08-30T14:00:00Z,2.0,1.0,3.0,False,3.0,0.0,0.0,0.0,0.0,0.0,0.0,0.0,0.0,0.0,0.0,0.0,3.0,1.0,0.0,0.0,0.1,1.0,0.0,0.0,1.0,0.0,0.00,0.00,0.00,0.00,45.0,-445016.0,1600598.0,60154.0,505170.0,252,Guiu Paz,Sunderland,Marc,499309,,4,56,Marc_Guiu Paz,94,Brentford,56,Sunderland,FWD,17
1960,528.0,28.0,5.0,0.0,True,2025-08-30T14:00:00Z,2.0,1.0,3.0,False,0.0,0.0,0.0,0.0,0.0,0.0,0.0,0.0,0.0,0.0,0.0,0.0,0.0,0.0,0.0,0.0,0.0,0.0,0.0,0.0,0.0,0.0,0.00,0.00,0.00,0.00,45.0,-3864.0,31391.0,839.0,4703.0,528,Patterson,Sunderland,Anthony,232571,,1,56,Anthony_Patterson,94,Brentford,56,Sunderland,GKP,17
1961,529.0,28.0,5.0,0.0,True,2025-08-30T14:00:00Z,2.0,1.0,3.0,False,0.0,0.0,0.0,0.0,0.0,0.0,0.0,0.0,0.0,0.0,0.0,0.0,0.0,0.0,0.0,0.0,0.0,0.0,0.0,0.0,0.0,0.0,0.00,0.00,0.00,0.00,40.0,-2388.0,53351.0,1321.0,3709.0,529,Moore,Sunderland,Simon,74854,,1,56,Simon_Moore,94,Brentford,56,Sunderland,GKP,17
1962,530.0,28.0,5.0,0.0,True,2025-08-30T14:00:00Z,2.0,1.0,3.0,False,0.0,0.0,0.0,0.0,0.0,0.0,0.0,0.0,0.0,0.0,0.0,0.0,0.0,0.0,0.0,0.0,0.0,0.0,0.0,0.0,0.0,0.0,0.00,0.00,0.00,0.00,40.0,-718.0,16450.0,340.0,1058.0,530,Nna Noukeu,Sunderland,Blondy,490000,,1,56,Blondy_Nna Noukeu,94,Brentford,56,Sunderland,GKP,17
1963,531.0,28.0,5.0,0.0,True,2025-08-30T14:00:00Z,2.0,1.0,3.0,False,0.0,0.0,0.0,0.0,0.0,0.0,0.0,0.0,0.0,0.0,0.0,0.0,0.0,0.0,0.0,0.0,0.0,0.0,0.0,0.0,0.0,0.0,0.00,0.00,0.00,0.00,46.0,-165591.0,515526.0,80977.0,246568.0,531,Ballard,Sunderland,Daniel,223827,Groin Injury - Expected back 13 Sep,2,56,Daniel_Ballard,94,Brentford,56,Sunderland,DEF,17
1964,532.0,28.0,5.0,2.0,True,2025-08-30T14:00:00Z,2.0,1.0,3.0,False,90.0,0.0,0.0,0.0,1.0,0.0,0.0,0.0,0.0,0.0,0.0,0.0,7.0,17.2,2.0,4.0,2.3,5.0,2.0,4.0,9.0,1.0,0.04,0.01,0.05,1.22,45.0,-1932.0,32502.0,3570.0,5502.0,532,Hume,Sunderland,Trai,487676,,2,56,Trai_Hume,94,Brentford,56,Sunderland,DEF,17
1965,533.0,28.0,5.0,0.0,True,2025-08-30T14:00:00Z,2.0,1.0,3.0,False,0.0,0.0,0.0,0.0,0.0,0.0,0.0,0.0,0.0,0.0,0.0,0.0,0.0,0.0,0.0,0.0,0.0,0.0,0.0,0.0,0.0,0.0,0.00,0.00,0.00,0.00,40.0,-30.0,539.0,49.0,79.0,533,Alese,Sunderland,Aji,220684,Shoulder injury - Expected back 13 Sep,2,56,Aji_Alese,94,Brentford,56,Sunderland,DEF,17
1966,534.0,28.0,5.0,0.0,True,2025-08-30T14:00:00Z,2.0,1.0,3.0,False,0.0,0.0,0.0,0.0,0.0,0.0,0.0,0.0,0.0,0.0,0.0,0.0,0.0,0.0,0.0,0.0,0.0,0.0,0.0,0.0,0.0,0.0,0.00,0.00,0.00,0.00,40.0,-4630.0,46983.0,1384.0,6014.0,534,Anderson,Sunderland,Joe,232820,,2,56,Joe_Anderson,94,Brentford,56,Sunderland,DEF,17
1967,535.0,28.0,5.0,0.0,True,2025-08-30T14:00:00Z,2.0,1.0,3.0,False,0.0,0.0,0.0,0.0,0.0,0.0,0.0,0.0,0.0,0.0,0.0,0.0,0.0,0.0,0.0,0.0,0.0,0.0,0.0,0.0,0.0,0.0,0.00,0.00,0.00,0.00,40.0,-354.0,2360.0,44.0,398.0,535,Cirkin,Sunderland,Dennis,461195,Wrist Injury - Expected back 13 Sep,2,56,Dennis_Cirkin,94,Brentford,56,Sunderland,DEF,17
1968,536.0,28.0,5.0,0.0,True,2025-08-30T14:00:00Z,2.0,1.0,3.0,False,0.0,0.0,0.0,0.0,0.0,0.0,0.0,0.0,0.0,0.0,0.0,0.0,0.0,0.0,0.0,0.0,0.0,0.0,0.0,0.0,0.0,0.0,0.00,0.00,0.00,0.00,40.0,-27.0,568.0,47.0,74.0,536,Hjelde,Sunderland,Leo Fuhr,477547,Achilles injury - Expected back 13 Sep,2,56,Leo Fuhr_Hjelde,94,Brentford,56,Sunderland,DEF,17
1969,537.0,28.0,5.0,0.0,True,2025-08-30T14:00:00Z,2.0,1.0,3.0,False,0.0,0.0,0.0,0.0,0.0,0.0,0.0,0.0,0.0,0.0,0.0,0.0,0.0,0.0,0.0,0.0,0.0,0.0,0.0,0.0,0.0,0.0,0.00,0.00,0.00,0.00,40.0,-2637.0,19028.0,278.0,2915.0,537,Huggins,Sunderland,Niall,492066,,2,56,Niall_Huggins,94,Brentford,56,Sunderland,DEF,17
1970,538.0,28.0,5.0,0.0,True,2025-08-30T14:00:00Z,2.0,1.0,3.0,False,0.0,0.0,0.0,0.0,0.0,0.0,0.0,0.0,0.0,0.0,0.0,0.0,0.0,0.0,0.0,0.0,0.0,0.0,0.0,0.0,0.0,0.0,0.00,0.00,0.00,0.00,40.0,-2069.0,23784.0,578.0,2647.0,538,Johnson,Sunderland,Zak,514613,,2,56,Zak_Johnson,94,Brentford,56,Sunderland,DEF,17
1971,539.0,28.0,5.0,0.0,True,2025-08-30T14:00:00Z,2.0,1.0,3.0,False,0.0,0.0,0.0,0.0,0.0,0.0,0.0,0.0,0.0,0.0,0.0,0.0,0.0,0.0,0.0,0.0,0.0,0.0,0.0,0.0,0.0,0.0,0.00,0.00,0.00,0.00,40.0,-201.0,2535.0,83.0,284.0,539,O'Nien,Sunderland,Luke,167512,Shoulder injury - Expected back 13 Sep,2,56,Luke_O'Nien,94,Brentford,56,Sunderland,DEF,17
1972,540.0,28.0,5.0,0.0,True,2025-08-30T14:00:00Z,2.0,1.0,3.0,False,0.0,0.0,0.0,0.0,0.0,0.0,0.0,0.0,0.0,0.0,0.0,0.0,0.0,0.0,0.0,0.0,0.0,0.0,0.0,0.0,0.0,0.0,0.00,0.00,0.00,0.00,40.0,-1903.0,20103.0,346.0,2249.0,540,Pembélé,Sunderland,Timothée,465702,,2,56,Timothée_Pembélé,94,Brentford,56,Sunderland,DEF,17
1973,541.0,28.0,5.0,1.0,True,2025-08-30T14:00:00Z,2.0,1.0,3.0,False,90.0,0.0,0.0,0.0,1.0,0.0,0.0,0.0,1.0,0.0,0.0,0.0,7.0,7.6,2.8,6.0,1.6,5.0,3.0,3.0,8.0,1.0,0.02,0.01,0.03,1.22,40.0,46706.0,970540.0,110399.0,63693.0,541,Mandava,Sunderland,Reinildo,434399,,2,56,Reinildo_Mandava,94,Brentford,56,Sunderland,DEF,17
1974,542.0,28.0,5.0,0.0,True,2025-08-30T14:00:00Z,2.0,1.0,3.0,False,0.0,0.0,0.0,0.0,0.0,0.0,0.0,0.0,0.0,0.0,0.0,0.0,0.0,0.0,0.0,0.0,0.0,0.0,0.0,0.0,0.0,0.0,0.00,0.00,0.00,0.00,40.0,-1324.0,29251.0,1160.0,2484.0,542,Seelt,Sunderland,Jenson,519634,,2,56,Jenson_Seelt,94,Brentford,56,Sunderland,DEF,17
1975,543.0,28.0,5.0,1.0,True,2025-08-30T14:00:00Z,2.0,1.0,3.0,False,25.0,0.0,0.0,0.0,1.0,0.0,0.0,0.0,0.0,0.0,0.0,0.0,4.0,4.0,10.5,0.0,1.5,0.0,1.0,1.0,2.0,0.0,0.00,0.00,0.00,0.25,55.0,-27966.0,175819.0,10291.0,38257.0,543,Adingra,Sunderland,Simon,535818,,3,56,Simon_Adingra,94,Brentford,56,Sunderland,MID,17
1976,544.0,28.0,5.0,4.0,True,2025-08-30T14:00:00Z,2.0,1.0,3.0,False,86.0,0.0,1.0,0.0,1.0,0.0,0.0,0.0,1.0,0.0,0.0,0.0,11.0,0.0,5.5,14.0,1.5,1.0,1.0,0.0,2.0,1.0,0.25,0.02,0.27,1.22,55.0,-1552.0,12292.0,780.0,2332.0,544,Diarra,Sunderland,Habib,547027,,3,56,Habib_Diarra,94,Brentford,56,Sunderland,MID,17
1977,545.0,28.0,5.0,0.0,True,2025-08-30T14:00:00Z,2.0,1.0,3.0,False,0.0,0.0,0.0,0.0,0.0,0.0,0.0,0.0,0.0,0.0,0.0,0.0,0.0,0.0,0.0,0.0,0.0,0.0,0.0,0.0,0.0,0.0,0.00,0.00,0.00,0.00,54.0,-456.0,3702.0,244.0,700.0,545,Roberts,Sunderland,Patrick,124165,,3,56,Patrick_Roberts,94,Brentford,56,Sunderland,MID,17
1978,546.0,28.0,5.0,0.0,True,2025-08-30T14:00:00Z,2.0,1.0,3.0,False,0.0,0.0,0.0,0.0,0.0,0.0,0.0,0.0,0.0,0.0,0.0,0.0,0.0,0.0,0.0,0.0,0.0,0.0,0.0,0.0,0.0,0.0,0.00,0.00,0.00,0.00,49.0,-567.0,3708.0,78.0,645.0,546,Aleksić,Sunderland,Milan,626844,,3,56,Milan_Aleksić,94,Brentford,56,Sunderland,MID,17
1979,547.0,28.0,5.0,12.0,True,2025-08-30T14:00:00Z,2.0,1.0,3.0,False,90.0,1.0,0.0,0.0,1.0,0.0,0.0,0.0,0.0,0.0,0.0,3.0,32.0,57.4,17.3,17.0,9.2,3.0,5.0,6.0,14.0,1.0,0.79,0.03,0.82,1.22,49.0,-4846.0,29036.0,1500.0,6346.0,547,Le Fée,Sunderland,Enzo,484420,,3,56,Enzo_Le Fée,94,Brentford,56,Sunderland,MID,17
1980,548.0,28.0,5.0,0.0,True,2025-08-30T14:00:00Z,2.0,1.0,3.0,False,0.0,0.0,0.0,0.0,0.0,0.0,0.0,0.0,0.0,0.0,0.0,0.0,0.0,0.0,0.0,0.0,0.0,0.0,0.0,0.0,0.0,0.0,0.00,0.00,0.00,0.00,49.0,-130.0,627.0,14.0,144.0,548,Mundle,Sunderland,Romaine,461199,Hamstring injury - Expected back 18 Oct,3,56,Romaine_Mundle,94,Brentford,56,Sunderland,MID,17
1981,549.0,28.0,5.0,0.0,True,2025-08-30T14:00:00Z,2.0,1.0,3.0,False,0.0,0.0,0.0,0.0,0.0,0.0,0.0,0.0,0.0,0.0,0.0,0.0,0.0,0.0,0.0,0.0,0.0,0.0,0.0,0.0,0.0,0.0,0.00,0.00,0.00,0.00,49.0,-510.0,3773.0,86.0,596.0,549,Neil,Sunderland,Dan,223336,,3,56,Dan_Neil,94,Brentford,56,Sunderland,MID,17
1982,550.0,28.0,5.0,0.0,True,2025-08-30T14:00:00Z,2.0,1.0,3.0,False,0.0,0.0,0.0,0.0,0.0,0.0,0.0,0.0,0.0,0.0,0.0,0.0,0.0,0.0,0.0,0.0,0.0,0.0,0.0,0.0,0.0,0.0,0.00,0.00,0.00,0.00,49.0,-376.0,2780.0,42.0,418.0,550,Poveda-Ocampo,Sunderland,Ian,215460,,3,56,Ian_Poveda-Ocampo,94,Brentford,56,Sunderland,MID,17
1983,551.0,28.0,5.0,0.0,True,2025-08-30T14:00:00Z,2.0,1.0,3.0,False,0.0,0.0,0.0,0.0,0.0,0.0,0.0,0.0,0.0,0.0,0.0,0.0,0.0,0.0,0.0,0.0,0.0,0.0,0.0,0.0,0.0,0.0,0.00,0.00,0.00,0.00,49.0,-896.0,5725.0,129.0,1025.0,551,Rigg,Sunderland,Chris,554197,,3,56,Chris_Rigg,94,Brentford,56,Sunderland,MID,17
1984,552.0,28.0,5.0,2.0,True,2025-08-30T14:00:00Z,2.0,1.0,3.0,False,90.0,0.0,0.0,0.0,1.0,0.0,0.0,0.0,0.0,0.0,0.0,0.0,12.0,7.6,25.8,0.0,3.3,0.0,2.0,2.0,4.0,1.0,0.00,0.19,0.19,1.22,50.0,-431.0,5517.0,325.0,756.0,552,Sadiki,Sunderland,Noah,577669,,3,56,Noah_Sadiki,94,Brentford,56,Sunderland,MID,17
1985,553.0,28.0,5.0,3.0,True,2025-08-30T14:00:00Z,2.0,1.0,3.0,False,64.0,0.0,0.0,1.0,0.0,0.0,0.0,0.0,0.0,0.0,0.0,0.0,7.0,5.8,8.0,6.0,2.0,2.0,1.0,2.0,5.0,1.0,0.08,0.02,0.10,0.96,50.0,-3480.0,38854.0,5206.0,8686.0,553,Talbi,Sunderland,Chemsdine,549912,,3,56,Chemsdine_Talbi,94,Brentford,56,Sunderland,MID,17
1986,554.0,28.0,5.0,0.0,True,2025-08-30T14:00:00Z,2.0,1.0,3.0,False,0.0,0.0,0.0,0.0,0.0,0.0,0.0,0.0,0.0,0.0,0.0,0.0,0.0,0.0,0.0,0.0,0.0,0.0,0.0,0.0,0.0,0.0,0.00,0.00,0.00,0.00,45.0,-3759.0,23776.0,689.0,4448.0,554,Ba,Sunderland,Abdoullah,477851,,3,56,Abdoullah_Ba,94,Brentford,56,Sunderland,MID,17
1987,555.0,28.0,5.0,0.0,True,2025-08-30T14:00:00Z,2.0,1.0,3.0,False,0.0,0.0,0.0,0.0,0.0,0.0,0.0,0.0,0.0,0.0,0.0,0.0,0.0,0.0,0.0,0.0,0.0,0.0,0.0,0.0,0.0,0.0,0.00,0.00,0.00,0.00,45.0,-1428.0,9945.0,351.0,1779.0,555,Browne,Sunderland,Alan,171422,,3,56,Alan_Browne,94,Brentford,56,Sunderland,MID,17
1988,556.0,28.0,5.0,0.0,True,2025-08-30T14:00:00Z,2.0,1.0,3.0,False,0.0,0.0,0.0,0.0,0.0,0.0,0.0,0.0,0.0,0.0,0.0,0.0,0.0,0.0,0.0,0.0,0.0,0.0,0.0,0.0,0.0,0.0,0.00,0.00,0.00,0.00,45.0,-397.0,1336.0,0.0,397.0,556,Ekwah Elimby,Sunderland,Pierre,458297,Has joined AS Saint-Etienne permanently.,3,56,Pierre_Ekwah Elimby,94,Brentford,56,Sunderland,MID,17
1989,557.0,28.0,5.0,0.0,True,2025-08-30T14:00:00Z,2.0,1.0,3.0,False,0.0,0.0,0.0,0.0,0.0,0.0,0.0,0.0,0.0,0.0,0.0,0.0,0.0,0.0,0.0,0.0,0.0,0.0,0.0,0.0,0.0,0.0,0.00,0.00,0.00,0.00,45.0,-911.0,6490.0,210.0,1121.0,557,Jones,Sunderland,Harrison,547410,,3,56,Harrison_Jones,94,Brentford,56,Sunderland,MID,17
1990,558.0,28.0,5.0,0.0,True,2025-08-30T14:00:00Z,2.0,1.0,3.0,False,0.0,0.0,0.0,0.0,0.0,0.0,0.0,0.0,0.0,0.0,0.0,0.0,0.0,0.0,0.0,0.0,0.0,0.0,0.0,0.0,0.0,0.0,0.00,0.00,0.00,0.00,45.0,-3250.0,25307.0,923.0,4173.0,558,Matete,Sunderland,Jay,493837,,3,56,Jay_Matete,94,Brentford,56,Sunderland,MID,17
1991,559.0,28.0,5.0,0.0,True,2025-08-30T14:00:00Z,2.0,1.0,3.0,False,0.0,0.0,0.0,0.0,0.0,0.0,0.0,0.0,0.0,0.0,0.0,0.0,0.0,0.0,0.0,0.0,0.0,0.0,0.0,0.0,0.0,0.0,0.00,0.00,0.00,0.00,45.0,-973.0,6997.0,166.0,1139.0,559,Triantis,Sunderland,Nectarios,500696,,3,56,Nectarios_Triantis,94,Brentford,56,Sunderland,MID,17
1992,560.0,28.0,5.0,8.0,True,2025-08-30T14:00:00Z,2.0,1.0,3.0,False,25.0,1.0,0.0,0.0,1.0,0.0,0.0,0.0,0.0,0.0,0.0,3.0,32.0,38.6,0.6,35.0,7.4,0.0,0.0,2.0,2.0,0.0,0.25,0.00,0.25,0.25,55.0,-6678.0,33219.0,3253.0,9931.0,560,Isidor,Sunderland,Wilson,437505,,4,56,Wilson_Isidor,94,Brentford,56,Sunderland,FWD,17
1993,561.0,28.0,5.0,2.0,True,2025-08-30T14:00:00Z,2.0,1.0,3.0,False,64.0,0.0,0.0,1.0,0.0,0.0,0.0,0.0,0.0,0.0,0.0,0.0,3.0,0.0,1.5,0.0,0.0,0.0,0.0,0.0,0.0,1.0,0.00,0.00,0.00,0.96,55.0,-8067.0,221221.0,56361.0,64428.0,561,Mayenda Dossou,Sunderland,Eliezer,564406,,4,56,Eliezer_Mayenda Dossou,94,Brentford,56,Sunderland,FWD,17
1994,562.0,28.0,5.0,0.0,True,2025-08-30T14:00:00Z,2.0,1.0,3.0,False,0.0,0.0,0.0,0.0,0.0,0.0,0.0,0.0,0.0,0.0,0.0,0.0,0.0,0.0,0.0,0.0,0.0,0.0,0.0,0.0,0.0,0.0,0.00,0.00,0.00,0.00,45.0,-10272.0,50485.0,1463.0,11735.0,562,Abdullahi,Sunderland,Ahmed,611975,,4,56,Ahmed_Abdullahi,94,Brentford,56,Sunderland,FWD,17
1995,563.0,28.0,5.0,0.0,True,2025-08-30T14:00:00Z,2.0,1.0,3.0,False,0.0,0.0,0.0,0.0,0.0,0.0,0.0,0.0,0.0,0.0,0.0,0.0,0.0,0.0,0.0,0.0,0.0,0.0,0.0,0.0,0.0,0.0,0.00,0.00,0.00,0.00,45.0,-2966.0,18118.0,543.0,3509.0,563,Silva Semedo,Sunderland,Luís Hemir,551153,,4,56,Luís Hemir_Silva Semedo,94,Brentford,56,Sunderland,FWD,17
1996,564.0,28.0,5.0,0.0,True,2025-08-30T14:00:00Z,2.0,1.0,3.0,False,0.0,0.0,0.0,0.0,0.0,0.0,0.0,0.0,0.0,0.0,0.0,0.0,0.0,0.0,0.0,0.0,0.0,0.0,0.0,0.0,0.0,0.0,0.00,0.00,0.00,0.00,45.0,-3419.0,20823.0,775.0,4194.0,564,Rusyn,Sunderland,Nazarii,440955,,4,56,Nazarii_Rusyn,94,Brentford,56,Sunderland,FWD,17
1997,668.0,28.0,5.0,4.0,True,2025-08-30T14:00:00Z,2.0,1.0,3.0,False,90.0,0.0,1.0,0.0,1.0,0.0,0.0,0.0,1.0,0.0,0.0,0.0,27.0,32.4,16.5,0.0,4.9,5.0,4.0,1.0,10.0,1.0,0.00,0.10,0.10,1.22,50.0,-16755.0,307263.0,21325.0,38080.0,668,Xhaka,Sunderland,Granit,84450,,3,56,Granit_Xhaka,94,Brentford,56,Sunderland,MID,17
1998,670.0,28.0,5.0,8.0,True,2025-08-30T14:00:00Z,2.0,1.0,3.0,False,90.0,0.0,0.0,0.0,1.0,0.0,1.0,0.0,0.0,0.0,3.0,0.0,25.0,47.4,0.0,0.0,4.7,0.0,9.0,0.0,0.0,1.0,0.00,0.00,0.00,1.22,45.0,2389.0,130508.0,22651.0,20262.0,670,Roefs,Sunderland,Robin,498016,,1,56,Robin_Roefs,94,Brentford,56,Sunderland,GKP,17
1999,678.0,28.0,5.0,0.0,True,2025-08-30T14:00:00Z,2.0,1.0,3.0,False,0.0,0.0,0.0,0.0,0.0,0.0,0.0,0.0,0.0,0.0,0.0,0.0,0.0,0.0,0.0,0.0,0.0,0.0,0.0,0.0,0.0,0.0,0.00,0.00,0.00,0.00,40.0,-5249.0,78687.0,2657.0,7906.0,678,Masuaku,Sunderland,Arthur,105717,,2,56,Arthur_Masuaku,94,Brentford,56,Sunderland,DEF,17
2000,683.0,28.0,5.0,4.0,True,2025-08-30T14:00:00Z,2.0,1.0,3.0,False,90.0,0.0,0.0,0.0,1.0,0.0,0.0,0.0,0.0,0.0,0.0,0.0,11.0,19.8,1.1,5.0,2.6,9.0,5.0,2.0,11.0,1.0,0.05,0.01,0.06,1.22,40.0,401.0,151117.0,14975.0,14574.0,683,Alderete,Sunderland,Omar,201895,,2,56,Omar_Alderete,94,Brentford,56,Sunderland,DEF,17
2001,694.0,28.0,5.0,4.0,True,2025-08-30T14:00:00Z,2.0,1.0,3.0,False,90.0,0.0,0.0,0.0,1.0,0.0,0.0,0.0,0.0,0.0,0.0,0.0,13.0,19.2,0.6,6.0,2.6,6.0,1.0,4.0,10.0,1.0,0.12,0.00,0.12,1.22,40.0,3147.0,43173.0,8906.0,5759.0,694,Mukiele,Sunderland,Nordi,200834,,2,56,Nordi_Mukiele,94,Brentford,56,Sunderland,DEF,17
2002,565.0,29.0,4.0,3.0,True,2025-08-30T14:00:00Z,0.0,1.0,3.0,False,90.0,0.0,0.0,0.0,1.0,0.0,0.0,0.0,0.0,0.0,5.0,0.0,23.0,40.2,0.1,0.0,4.0,0.0,13.0,0.0,0.0,1.0,0.00,0.00,0.00,1.54,50.0,219342.0,835597.0,268444.0,49102.0,565,Vicario,Spurs,Guglielmo,184254,,1,6,Guglielmo_Vicario,91,Bournemouth,6,Spurs,GKP,18
2003,566.0,29.0,4.0,0.0,True,2025-08-30T14:00:00Z,0.0,1.0,3.0,False,0.0,0.0,0.0,0.0,0.0,0.0,0.0,0.0,0.0,0.0,0.0,0.0,0.0,0.0,0.0,0.0,0.0,0.0,0.0,0.0,0.0,0.0,0.00,0.00,0.00,0.00,40.0,-2237.0,30543.0,562.0,2799.0,566,Austin,Spurs,Brandon,214572,,1,6,Brandon_Austin,91,Bournemouth,6,Spurs,GKP,18
2004,567.0,29.0,4.0,0.0,True,2025-08-30T14:00:00Z,0.0,1.0,3.0,False,0.0,0.0,0.0,0.0,0.0,0.0,0.0,0.0,0.0,0.0,0.0,0.0,0.0,0.0,0.0,0.0,0.0,0.0,0.0,0.0,0.0,0.0,0.00,0.00,0.00,0.00,40.0,-18160.0,195996.0,1643.0,19803.0,567,Kinský,Spurs,Antonín,485055,,1,6,Antonín_Kinský,91,Bournemouth,6,Spurs,GKP,18
2005,568.0,29.0,4.0,4.0,True,2025-08-30T14:00:00Z,0.0,1.0,3.0,False,70.0,0.0,0.0,0.0,1.0,0.0,0.0,0.0,0.0,0.0,0.0,0.0,13.0,20.4,4.9,2.0,2.7,10.0,3.0,2.0,12.0,1.0,0.01,0.02,0.03,1.50,56.0,354261.0,2938321.0,453171.0,98910.0,568,Porro Sauceda,Spurs,Pedro,441164,,2,6,Pedro_Porro Sauceda,91,Bournemouth,6,Spurs,DEF,18
2006,569.0,29.0,4.0,2.0,True,2025-08-30T14:00:00Z,0.0,1.0,3.0,False,90.0,0.0,0.0,0.0,1.0,0.0,0.0,0.0,0.0,0.0,0.0,0.0,13.0,19.4,0.8,0.0,2.0,4.0,6.0,2.0,6.0,1.0,0.00,0.01,0.01,1.54,50.0,142084.0,618067.0,178733.0,36649.0,569,Romero,Spurs,Cristian,221632,,2,6,Cristian_Romero,91,Bournemouth,6,Spurs,DEF,18
2007,570.0,29.0,4.0,0.0,True,2025-08-30T14:00:00Z,0.0,1.0,3.0,False,0.0,0.0,0.0,0.0,0.0,0.0,0.0,0.0,0.0,0.0,0.0,0.0,0.0,0.0,0.0,0.0,0.0,0.0,0.0,0.0,0.0,0.0,0.00,0.00,0.00,0.00,44.0,-733.0,19821.0,3237.0,3970.0,570,Danso,Spurs,Kevin,135720,,2,6,Kevin_Danso,91,Bournemouth,6,Spurs,DEF,18
2008,571.0,29.0,4.0,0.0,True,2025-08-30T14:00:00Z,0.0,1.0,3.0,False,0.0,0.0,0.0,0.0,0.0,0.0,0.0,0.0,0.0,0.0,0.0,0.0,0.0,0.0,0.0,0.0,0.0,0.0,0.0,0.0,0.0,0.0,0.00,0.00,0.00,0.00,45.0,-1043.0,10507.0,493.0,1536.0,571,Davies,Spurs,Ben,115556,,2,6,Ben_Davies,91,Bournemouth,6,Spurs,DEF,18
2009,572.0,29.0,4.0,0.0,True,2025-08-30T14:00:00Z,0.0,1.0,3.0,False,0.0,0.0,0.0,0.0,0.0,0.0,0.0,0.0,0.0,0.0,0.0,0.0,0.0,0.0,0.0,0.0,0.0,0.0,0.0,0.0,0.0,0.0,0.00,0.00,0.00,0.00,45.0,-43.0,561.0,40.0,83.0,572,Drăgușin,Spurs,Radu,493125,Knee injury - Unknown return date,2,6,Radu_Drăgușin,91,Bournemouth,6,Spurs,DEF,18
2010,573.0,29.0,4.0,1.0,True,2025-08-30T14:00:00Z,0.0,1.0,3.0,False,90.0,0.0,0.0,0.0,1.0,0.0,0.0,0.0,1.0,0.0,0.0,0.0,4.0,16.2,21.0,0.0,3.7,4.0,5.0,0.0,4.0,1.0,0.00,0.02,0.02,1.54,45.0,97270.0,263052.0,117542.0,20272.0,573,Spence,Spurs,Djed,232859,,2,6,Djed_Spence,91,Bournemouth,6,Spurs,DEF,18
2011,574.0,29.0,4.0,1.0,True,2025-08-30T14:00:00Z,0.0,1.0,3.0,False,19.0,0.0,0.0,0.0,0.0,0.0,0.0,0.0,0.0,0.0,0.0,0.0,5.0,3.0,2.0,6.0,1.1,1.0,0.0,1.0,2.0,0.0,0.02,0.06,0.08,0.04,44.0,-9380.0,49330.0,2763.0,12143.0,574,Udogie,Spurs,Destiny,487053,,2,6,Destiny_Udogie,91,Bournemouth,6,Spurs,DEF,18
2012,575.0,29.0,4.0,1.0,True,2025-08-30T14:00:00Z,0.0,1.0,3.0,False,90.0,0.0,0.0,0.0,1.0,0.0,0.0,0.0,1.0,0.0,0.0,0.0,8.0,23.0,2.2,0.0,2.5,8.0,6.0,0.0,8.0,1.0,0.00,0.01,0.01,1.54,46.0,252021.0,3276845.0,357951.0,105930.0,575,van de Ven,Spurs,Micky,491279,,2,6,Micky_van de Ven,91,Bournemouth,6,Spurs,DEF,18
2013,576.0,29.0,4.0,0.0,True,2025-08-30T14:00:00Z,0.0,1.0,3.0,False,0.0,0.0,0.0,0.0,0.0,0.0,0.0,0.0,0.0,0.0,0.0,0.0,0.0,0.0,0.0,0.0,0.0,0.0,0.0,0.0,0.0,0.0,0.00,0.00,0.00,0.00,40.0,-396.0,2251.0,0.0,396.0,576,Phillips,Spurs,Ashley,548308,Has joined Stoke City on loan for the rest of the season.,2,6,Ashley_Phillips,91,Bournemouth,6,Spurs,DEF,18
2014,577.0,29.0,4.0,0.0,True,2025-08-30T14:00:00Z,0.0,1.0,3.0,False,0.0,0.0,0.0,0.0,0.0,0.0,0.0,0.0,0.0,0.0,0.0,0.0,0.0,0.0,0.0,0.0,0.0,0.0,0.0,0.0,0.0,0.0,0.00,0.00,0.00,0.00,40.0,-1707.0,9161.0,61.0,1768.0,577,Kōta,Spurs,Takai,553299,Foot injury - 50% chance of playing,2,6,Takai_Kōta,91,Bournemouth,6,Spurs,DEF,18
2015,578.0,29.0,4.0,0.0,True,2025-08-30T14:00:00Z,0.0,1.0,3.0,False,0.0,0.0,0.0,0.0,0.0,0.0,0.0,0.0,0.0,0.0,0.0,0.0,0.0,0.0,0.0,0.0,0.0,0.0,0.0,0.0,0.0,0.0,0.00,0.00,0.00,0.00,40.0,-14528.0,97974.0,1705.0,16233.0,578,Vušković,Spurs,Luka,610799,,2,6,Luka_Vušković,91,Bournemouth,6,Spurs,DEF,18
2016,579.0,29.0,4.0,0.0,True,2025-08-30T14:00:00Z,0.0,1.0,3.0,False,0.0,0.0,0.0,0.0,0.0,0.0,0.0,0.0,0.0,0.0,0.0,0.0,0.0,0.0,0.0,0.0,0.0,0.0,0.0,0.0,0.0,0.0,0.00,0.00,0.00,0.00,85.0,-4332.0,19433.0,0.0,4332.0,579,Heung-min,Spurs,Son,85971,Has joined Los Angeles FC permanently.,3,6,Son_Heung-min,91,Bournemouth,6,Spurs,MID,18
2017,580.0,29.0,4.0,1.0,True,2025-08-30T14:00:00Z,0.0,1.0,3.0,False,53.0,0.0,0.0,0.0,1.0,0.0,0.0,0.0,0.0,0.0,0.0,0.0,2.0,2.8,0.8,2.0,0.6,2.0,2.0,0.0,4.0,1.0,0.00,0.01,0.01,1.23,71.0,747158.0,1247718.0,806002.0,58844.0,580,Johnson,Spurs,Brennan,242898,,3,6,Brennan_Johnson,91,Bournemouth,6,Spurs,MID,18
2018,581.0,29.0,4.0,0.0,True,2025-08-30T14:00:00Z,0.0,1.0,3.0,False,0.0,0.0,0.0,0.0,0.0,0.0,0.0,0.0,0.0,0.0,0.0,0.0,0.0,0.0,0.0,0.0,0.0,0.0,0.0,0.0,0.0,0.0,0.00,0.00,0.00,0.00,69.0,-4589.0,19287.0,183.0,4772.0,581,Maddison,Spurs,James,172780,Anterior cruciate ligament - Unknown return date,3,6,James_Maddison,91,Bournemouth,6,Spurs,MID,18
2019,582.0,29.0,4.0,2.0,True,2025-08-30T14:00:00Z,0.0,1.0,3.0,False,90.0,0.0,0.0,0.0,1.0,0.0,0.0,0.0,0.0,0.0,0.0,0.0,6.0,14.8,20.2,6.0,4.1,0.0,1.0,4.0,5.0,1.0,0.00,0.07,0.07,1.54,66.0,595983.0,3815503.0,746229.0,150246.0,582,Kudus,Spurs,Mohammed,460842,,3,6,Mohammed_Kudus,91,Bournemouth,6,Spurs,MID,18
2020,583.0,29.0,4.0,0.0,True,2025-08-30T14:00:00Z,0.0,1.0,3.0,False,0.0,0.0,0.0,0.0,0.0,0.0,0.0,0.0,0.0,0.0,0.0,0.0,0.0,0.0,0.0,0.0,0.0,0.0,0.0,0.0,0.0,0.0,0.00,0.00,0.00,0.00,65.0,-301.0,1525.0,71.0,372.0,583,Kulusevski,Spurs,Dejan,445044,Knee injury - Unknown return date,3,6,Dejan_Kulusevski,91,Bournemouth,6,Spurs,MID,18
2021,584.0,29.0,4.0,1.0,True,2025-08-30T14:00:00Z,0.0,1.0,3.0,False,14.0,0.0,0.0,0.0,0.0,0.0,0.0,0.0,0.0,0.0,0.0,0.0,3.0,4.6,0.3,1.0,0.6,0.0,2.0,3.0,5.0,0.0,0.04,0.00,0.04,0.00,63.0,-2424.0,11643.0,924.0,3348.0,584,Tel,Spurs,Mathys,511499,,3,6,Mathys_Tel,91,Bournemouth,6,Spurs,MID,18
2022,585.0,29.0,4.0,2.0,True,2025-08-30T14:00:00Z,0.0,1.0,3.0,False,90.0,0.0,0.0,0.0,1.0,0.0,0.0,0.0,0.0,0.0,0.0,0.0,18.0,8.0,4.9,0.0,1.3,0.0,9.0,1.0,10.0,1.0,0.00,0.02,0.02,1.54,55.0,-368.0,17621.0,1956.0,2324.0,585,Bentancur,Spurs,Rodrigo,202993,,3,6,Rodrigo_Bentancur,91,Bournemouth,6,Spurs,MID,18
2023,586.0,29.0,4.0,1.0,True,2025-08-30T14:00:00Z,0.0,1.0,3.0,False,36.0,0.0,0.0,0.0,0.0,0.0,0.0,0.0,0.0,0.0,0.0,0.0,4.0,5.0,1.8,19.0,2.6,0.0,1.0,1.0,2.0,0.0,0.06,0.01,0.07,0.31,55.0,-1940.0,16062.0,596.0,2536.0,586,Bergvall,Spurs,Lucas,570526,,3,6,Lucas_Bergvall,91,Bournemouth,6,Spurs,MID,18
2024,587.0,29.0,4.0,0.0,True,2025-08-30T14:00:00Z,0.0,1.0,3.0,False,0.0,0.0,0.0,0.0,0.0,0.0,0.0,0.0,0.0,0.0,0.0,0.0,0.0,0.0,0.0,0.0,0.0,0.0,0.0,0.0,0.0,0.0,0.00,0.00,0.00,0.00,53.0,-5083.0,8302.0,48.0,5131.0,587,Bissouma,Spurs,Yves,227127,Knock - Unknown return date,3,6,Yves_Bissouma,91,Bournemouth,6,Spurs,MID,18
2025,588.0,29.0,4.0,1.0,True,2025-08-30T14:00:00Z,0.0,1.0,3.0,False,36.0,0.0,0.0,0.0,0.0,0.0,0.0,0.0,0.0,0.0,0.0,0.0,3.0,1.8,2.0,8.0,1.2,1.0,1.0,0.0,2.0,0.0,0.04,0.02,0.06,0.31,54.0,-259.0,3831.0,400.0,659.0,588,Odobert,Spurs,Wilson,550839,,3,6,Wilson_Odobert,91,Bournemouth,6,Spurs,MID,18
2026,589.0,29.0,4.0,0.0,True,2025-08-30T14:00:00Z,0.0,1.0,3.0,False,0.0,0.0,0.0,0.0,0.0,0.0,0.0,0.0,0.0,0.0,0.0,0.0,0.0,0.0,0.0,0.0,0.0,0.0,0.0,0.0,0.0,0.0,0.00,0.00,0.00,0.00,54.0,-241.0,1295.0,24.0,265.0,589,Solomon,Spurs,Manor,235674,,3,6,Manor_Solomon,91,Bournemouth,6,Spurs,MID,18
2027,590.0,29.0,4.0,0.0,True,2025-08-30T14:00:00Z,0.0,1.0,3.0,False,0.0,0.0,0.0,0.0,0.0,0.0,0.0,0.0,0.0,0.0,0.0,0.0,0.0,0.0,0.0,0.0,0.0,0.0,0.0,0.0,0.0,0.0,0.00,0.00,0.00,0.00,49.0,-562.0,5181.0,199.0,761.0,590,Gil Salvatierra,Spurs,Bryan,436234,,3,6,Bryan_Gil Salvatierra,91,Bournemouth,6,Spurs,MID,18
2028,591.0,29.0,4.0,0.0,True,2025-08-30T14:00:00Z,0.0,1.0,3.0,False,0.0,0.0,0.0,0.0,0.0,0.0,0.0,0.0,0.0,0.0,0.0,0.0,0.0,0.0,0.0,0.0,0.0,0.0,0.0,0.0,0.0,0.0,0.00,0.00,0.00,0.00,50.0,-2111.0,14762.0,524.0,2635.0,591,Gray,Spurs,Archie,547701,,3,6,Archie_Gray,91,Bournemouth,6,Spurs,MID,18
2029,592.0,29.0,4.0,0.0,True,2025-08-30T14:00:00Z,0.0,1.0,3.0,False,0.0,0.0,0.0,0.0,0.0,0.0,0.0,0.0,0.0,0.0,0.0,0.0,0.0,0.0,0.0,0.0,0.0,0.0,0.0,0.0,0.0,0.0,0.00,0.00,0.00,0.00,50.0,-141.0,611.0,0.0,141.0,592,Moore,Spurs,Mikey,499721,Has joined Rangers on loan for the rest of the season.,3,6,Mikey_Moore,91,Bournemouth,6,Spurs,MID,18
2030,593.0,29.0,4.0,2.0,True,2025-08-30T14:00:00Z,0.0,1.0,3.0,False,75.0,0.0,0.0,0.0,1.0,0.0,0.0,0.0,0.0,0.0,0.0,0.0,5.0,4.4,1.1,2.0,0.8,4.0,2.0,0.0,6.0,1.0,0.00,0.00,0.00,1.54,50.0,10420.0,314650.0,56653.0,46233.0,593,Sarr,Spurs,Pape Matar,482442,,3,6,Pape Matar_Sarr,91,Bournemouth,6,Spurs,MID,18
2031,594.0,29.0,4.0,0.0,True,2025-08-30T14:00:00Z,0.0,1.0,3.0,False,0.0,0.0,0.0,0.0,0.0,0.0,0.0,0.0,0.0,0.0,0.0,0.0,0.0,0.0,0.0,0.0,0.0,0.0,0.0,0.0,0.0,0.0,0.00,0.00,0.00,0.00,45.0,-601.0,2436.0,0.0,601.0,594,Min-hyeok,Spurs,Yang,623095,Has joined Portsmouth on loan for the rest of the season.,3,6,Yang_Min-hyeok,91,Bournemouth,6,Spurs,MID,18
2032,595.0,29.0,4.0,0.0,True,2025-08-30T14:00:00Z,0.0,1.0,3.0,False,0.0,0.0,0.0,0.0,0.0,0.0,0.0,0.0,0.0,0.0,0.0,0.0,0.0,0.0,0.0,0.0,0.0,0.0,0.0,0.0,0.0,0.0,0.00,0.00,0.00,0.00,45.0,-2388.0,19349.0,840.0,3228.0,595,Olusesi,Spurs,Callum,499726,,3,6,Callum_Olusesi,91,Bournemouth,6,Spurs,MID,18
2033,596.0,29.0,4.0,0.0,True,2025-08-30T14:00:00Z,0.0,1.0,3.0,False,0.0,0.0,0.0,0.0,0.0,0.0,0.0,0.0,0.0,0.0,0.0,0.0,0.0,0.0,0.0,0.0,0.0,0.0,0.0,0.0,0.0,0.0,0.00,0.00,0.00,0.00,73.0,-111900.0,272552.0,10261.0,122161.0,596,Solanke-Mitchell,Spurs,Dominic,154566,,4,6,Dominic_Solanke-Mitchell,91,Bournemouth,6,Spurs,FWD,18
2034,597.0,29.0,4.0,2.0,True,2025-08-30T14:00:00Z,0.0,1.0,3.0,False,90.0,0.0,0.0,0.0,1.0,0.0,0.0,0.0,0.0,0.0,0.0,0.0,7.0,12.4,12.0,10.0,3.4,4.0,0.0,0.0,4.0,1.0,0.00,0.01,0.01,1.54,67.0,673879.0,1585861.0,781226.0,107347.0,597,de Andrade,Spurs,Richarlison,212319,,4,6,Richarlison_de Andrade,91,Bournemouth,6,Spurs,FWD,18
2035,598.0,29.0,4.0,0.0,True,2025-08-30T14:00:00Z,0.0,1.0,3.0,False,0.0,0.0,0.0,0.0,0.0,0.0,0.0,0.0,0.0,0.0,0.0,0.0,0.0,0.0,0.0,0.0,0.0,0.0,0.0,0.0,0.0,0.0,0.00,0.00,0.00,0.00,45.0,-1221.0,4588.0,0.0,1221.0,598,Lankshear,Spurs,Will,552427,Has joined Oxford United on loan for the rest of the season.,4,6,Will_Lankshear,91,Bournemouth,6,Spurs,FWD,18
2036,599.0,29.0,4.0,0.0,True,2025-08-30T14:00:00Z,0.0,1.0,3.0,False,0.0,0.0,0.0,0.0,0.0,0.0,0.0,0.0,0.0,0.0,0.0,0.0,0.0,0.0,0.0,0.0,0.0,0.0,0.0,0.0,0.0,0.0,0.00,0.00,0.00,0.00,45.0,-13771.0,76299.0,3157.0,16928.0,599,Scarlett,Spurs,Dane,490145,,4,6,Dane_Scarlett,91,Bournemouth,6,Spurs,FWD,18
2037,673.0,29.0,4.0,1.0,True,2025-08-30T14:00:00Z,0.0,1.0,3.0,False,53.0,0.0,0.0,0.0,1.0,0.0,0.0,0.0,0.0,0.0,0.0,0.0,6.0,6.8,3.3,2.0,1.2,2.0,2.0,2.0,6.0,1.0,0.00,0.01,0.01,1.23,55.0,34780.0,86176.0,41757.0,6977.0,673,Lobo Alves Palhares Costa Palhinha Gonçalves,Spurs,João Maria,154296,,3,6,João Maria_Lobo Alves Palhares Costa Palhinha Gonçalves,91,Bournemouth,6,Spurs,MID,18
2038,600.0,27.0,16.0,0.0,False,2025-08-31T13:00:00Z,,,3.0,False,0.0,0.0,0.0,0.0,0.0,0.0,0.0,0.0,0.0,0.0,0.0,0.0,0.0,0.0,0.0,0.0,0.0,0.0,0.0,0.0,0.0,0.0,0.00,0.00,0.00,0.00,44.0,-63388.0,363190.0,4397.0,67785.0,600,Areola,West Ham,Alphonse,84182,,1,21,Alphonse_Areola,17,Nott'm Forest,21,West Ham,GKP,19
2039,601.0,27.0,16.0,0.0,False,2025-08-31T13:00:00Z,,,3.0,False,0.0,0.0,0.0,0.0,0.0,0.0,0.0,0.0,0.0,0.0,0.0,0.0,0.0,0.0,0.0,0.0,0.0,0.0,0.0,0.0,0.0,0.0,0.00,0.00,0.00,0.00,40.0,-2672.0,62331.0,1251.0,3923.0,601,Foderingham,West Ham,Wes,82143,,1,21,Wes_Foderingham,17,Nott'm Forest,21,West Ham,GKP,19
2040,602.0,27.0,16.0,0.0,False,2025-08-31T13:00:00Z,,,3.0,False,0.0,0.0,0.0,0.0,0.0,0.0,0.0,0.0,0.0,0.0,0.0,0.0,0.0,0.0,0.0,0.0,0.0,0.0,0.0,0.0,0.0,0.0,0.00,0.00,0.00,0.00,40.0,-1372.0,29297.0,353.0,1725.0,602,Hegyi,West Ham,Krisztián,483364,,1,21,Krisztián_Hegyi,17,Nott'm Forest,21,West Ham,GKP,19
2041,603.0,27.0,16.0,0.0,False,2025-08-31T13:00:00Z,,,3.0,False,0.0,0.0,0.0,0.0,0.0,0.0,0.0,0.0,0.0,0.0,0.0,0.0,0.0,0.0,0.0,0.0,0.0,0.0,0.0,0.0,0.0,0.0,0.00,0.00,0.00,0.00,45.0,-78207.0,604774.0,5904.0,84111.0,603,Diouf,West Ham,El Hadji Malick,613804,,2,21,El Hadji Malick_Diouf,17,Nott'm Forest,21,West Ham,DEF,19
2042,604.0,27.0,16.0,0.0,False,2025-08-31T13:00:00Z,,,3.0,False,0.0,0.0,0.0,0.0,0.0,0.0,0.0,0.0,0.0,0.0,0.0,0.0,0.0,0.0,0.0,0.0,0.0,0.0,0.0,0.0,0.0,0.0,0.00,0.00,0.00,0.00,44.0,-2479.0,18700.0,1145.0,3624.0,604,Palmieri dos Santos,West Ham,Emerson,109533,,2,21,Emerson_Palmieri dos Santos,17,Nott'm Forest,21,West Ham,DEF,19
2043,605.0,27.0,16.0,0.0,False,2025-08-31T13:00:00Z,,,3.0,False,0.0,0.0,0.0,0.0,0.0,0.0,0.0,0.0,0.0,0.0,0.0,0.0,0.0,0.0,0.0,0.0,0.0,0.0,0.0,0.0,0.0,0.0,0.00,0.00,0.00,0.00,44.0,-3858.0,23766.0,1422.0,5280.0,605,Kilman,West Ham,Maximilian,214048,,2,21,Maximilian_Kilman,17,Nott'm Forest,21,West Ham,DEF,19
2044,606.0,27.0,16.0,0.0,False,2025-08-31T13:00:00Z,,,3.0,False,0.0,0.0,0.0,0.0,0.0,0.0,0.0,0.0,0.0,0.0,0.0,0.0,0.0,0.0,0.0,0.0,0.0,0.0,0.0,0.0,0.0,0.0,0.00,0.00,0.00,0.00,44.0,-673.0,5428.0,114.0,787.0,606,Mavropanos,West Ham,Konstantinos,233963,,2,21,Konstantinos_Mavropanos,17,Nott'm Forest,21,West Ham,DEF,19
2045,607.0,27.0,16.0,0.0,False,2025-08-31T13:00:00Z,,,3.0,False,0.0,0.0,0.0,0.0,0.0,0.0,0.0,0.0,0.0,0.0,0.0,0.0,0.0,0.0,0.0,0.0,0.0,0.0,0.0,0.0,0.0,0.0,0.00,0.00,0.00,0.00,45.0,-1219.0,13297.0,562.0,1781.0,607,Aguerd,West Ham,Nayef,210494,,2,21,Nayef_Aguerd,17,Nott'm Forest,21,West Ham,DEF,19
2046,608.0,27.0,16.0,0.0,False,2025-08-31T13:00:00Z,,,3.0,False,0.0,0.0,0.0,0.0,0.0,0.0,0.0,0.0,0.0,0.0,0.0,0.0,0.0,0.0,0.0,0.0,0.0,0.0,0.0,0.0,0.0,0.0,0.00,0.00,0.00,0.00,45.0,-423.0,3754.0,72.0,495.0,608,Scarles,West Ham,Ollie,536109,,2,21,Ollie_Scarles,17,Nott'm Forest,21,West Ham,DEF,19
2047,609.0,27.0,16.0,0.0,False,2025-08-31T13:00:00Z,,,3.0,False,0.0,0.0,0.0,0.0,0.0,0.0,0.0,0.0,0.0,0.0,0.0,0.0,0.0,0.0,0.0,0.0,0.0,0.0,0.0,0.0,0.0,0.0,0.00,0.00,0.00,0.00,44.0,-1484.0,13069.0,815.0,2299.0,609,Todibo,West Ham,Jean-Clair,462116,,2,21,Jean-Clair_Todibo,17,Nott'm Forest,21,West Ham,DEF,19
2048,610.0,27.0,16.0,0.0,False,2025-08-31T13:00:00Z,,,3.0,False,0.0,0.0,0.0,0.0,0.0,0.0,0.0,0.0,0.0,0.0,0.0,0.0,0.0,0.0,0.0,0.0,0.0,0.0,0.0,0.0,0.0,0.0,0.00,0.00,0.00,0.00,44.0,-396365.0,1886141.0,12219.0,408584.0,610,Wan-Bissaka,West Ham,Aaron,214590,,2,21,Aaron_Wan-Bissaka,17,Nott'm Forest,21,West Ham,DEF,19
2049,611.0,27.0,16.0,0.0,False,2025-08-31T13:00:00Z,,,3.0,False,0.0,0.0,0.0,0.0,0.0,0.0,0.0,0.0,0.0,0.0,0.0,0.0,0.0,0.0,0.0,0.0,0.0,0.0,0.0,0.0,0.0,0.0,0.00,0.00,0.00,0.00,40.0,-2428.0,14805.0,0.0,2428.0,611,Casey,West Ham,Kaelan,518438,Has joined Swansea City on loan for the rest of the season.,2,21,Kaelan_Casey,17,Nott'm Forest,21,West Ham,DEF,19
2050,612.0,27.0,16.0,0.0,False,2025-08-31T13:00:00Z,,,3.0,False,0.0,0.0,0.0,0.0,0.0,0.0,0.0,0.0,0.0,0.0,0.0,0.0,0.0,0.0,0.0,0.0,0.0,0.0,0.0,0.0,0.0,0.0,0.00,0.00,0.00,0.00,59.0,16394.0,131016.0,33215.0,16821.0,612,Tolentino Coelho de Lima,West Ham,Lucas,224024,,3,21,Lucas_Tolentino Coelho de Lima,17,Nott'm Forest,21,West Ham,MID,19
2051,613.0,27.0,16.0,0.0,False,2025-08-31T13:00:00Z,,,3.0,False,0.0,0.0,0.0,0.0,0.0,0.0,0.0,0.0,0.0,0.0,0.0,0.0,0.0,0.0,0.0,0.0,0.0,0.0,0.0,0.0,0.0,0.0,0.00,0.00,0.00,0.00,59.0,-13748.0,61716.0,781.0,14529.0,613,Souček,West Ham,Tomáš,215439,,3,21,Tomáš_Souček,17,Nott'm Forest,21,West Ham,MID,19
2052,614.0,27.0,16.0,0.0,False,2025-08-31T13:00:00Z,,,3.0,False,0.0,0.0,0.0,0.0,0.0,0.0,0.0,0.0,0.0,0.0,0.0,0.0,0.0,0.0,0.0,0.0,0.0,0.0,0.0,0.0,0.0,0.0,0.00,0.00,0.00,0.00,59.0,-4941.0,33338.0,1711.0,6652.0,614,Ward-Prowse,West Ham,James,101178,,3,21,James_Ward-Prowse,17,Nott'm Forest,21,West Ham,MID,19
2053,615.0,27.0,16.0,0.0,False,2025-08-31T13:00:00Z,,,3.0,False,0.0,0.0,0.0,0.0,0.0,0.0,0.0,0.0,0.0,0.0,0.0,0.0,0.0,0.0,0.0,0.0,0.0,0.0,0.0,0.0,0.0,0.0,0.00,0.00,0.00,0.00,55.0,-105.0,783.0,60.0,165.0,615,Summerville,West Ham,Crysencio,450070,Hamstring injury - Unknown return date,3,21,Crysencio_Summerville,17,Nott'm Forest,21,West Ham,MID,19
2054,616.0,27.0,16.0,0.0,False,2025-08-31T13:00:00Z,,,3.0,False,0.0,0.0,0.0,0.0,0.0,0.0,0.0,0.0,0.0,0.0,0.0,0.0,0.0,0.0,0.0,0.0,0.0,0.0,0.0,0.0,0.0,0.0,0.00,0.00,0.00,0.00,49.0,-4753.0,12754.0,610.0,5363.0,616,Álvarez Velázquez,West Ham,Edson,213999,Has joined Fenerbahçe on loan for the rest of the season.,3,21,Edson_Álvarez Velázquez,17,Nott'm Forest,21,West Ham,MID,19
2055,617.0,27.0,16.0,0.0,False,2025-08-31T13:00:00Z,,,3.0,False,0.0,0.0,0.0,0.0,0.0,0.0,0.0,0.0,0.0,0.0,0.0,0.0,0.0,0.0,0.0,0.0,0.0,0.0,0.0,0.0,0.0,0.0,0.00,0.00,0.00,0.00,49.0,-439.0,3673.0,137.0,576.0,617,Cornet,West Ham,Maxwel,149519,,3,21,Maxwel_Cornet,17,Nott'm Forest,21,West Ham,MID,19
2056,618.0,27.0,16.0,0.0,False,2025-08-31T13:00:00Z,,,3.0,False,0.0,0.0,0.0,0.0,0.0,0.0,0.0,0.0,0.0,0.0,0.0,0.0,0.0,0.0,0.0,0.0,0.0,0.0,0.0,0.0,0.0,0.0,0.00,0.00,0.00,0.00,50.0,-777.0,5754.0,160.0,937.0,618,Rodríguez,West Ham,Guido,197024,,3,21,Guido_Rodríguez,17,Nott'm Forest,21,West Ham,MID,19
2057,619.0,27.0,16.0,0.0,False,2025-08-31T13:00:00Z,,,3.0,False,0.0,0.0,0.0,0.0,0.0,0.0,0.0,0.0,0.0,0.0,0.0,0.0,0.0,0.0,0.0,0.0,0.0,0.0,0.0,0.0,0.0,0.0,0.00,0.00,0.00,0.00,50.0,-779.0,2453.0,42.0,821.0,619,Lira dos Santos,West Ham,Luis Guilherme,577114,Shoulder injury - Unknown return date,3,21,Luis Guilherme_Lira dos Santos,17,Nott'm Forest,21,West Ham,MID,19
2058,620.0,27.0,16.0,0.0,False,2025-08-31T13:00:00Z,,,3.0,False,0.0,0.0,0.0,0.0,0.0,0.0,0.0,0.0,0.0,0.0,0.0,0.0,0.0,0.0,0.0,0.0,0.0,0.0,0.0,0.0,0.0,0.0,0.00,0.00,0.00,0.00,45.0,-475.0,7197.0,358.0,833.0,620,Earthy,West Ham,George,490885,,3,21,George_Earthy,17,Nott'm Forest,21,West Ham,MID,19
2059,621.0,27.0,16.0,0.0,False,2025-08-31T13:00:00Z,,,3.0,False,0.0,0.0,0.0,0.0,0.0,0.0,0.0,0.0,0.0,0.0,0.0,0.0,0.0,0.0,0.0,0.0,0.0,0.0,0.0,0.0,0.0,0.0,0.00,0.00,0.00,0.00,45.0,-3744.0,29379.0,643.0,4387.0,621,Irving,West Ham,Andy,229384,,3,21,Andy_Irving,17,Nott'm Forest,21,West Ham,MID,19
2060,622.0,27.0,16.0,0.0,False,2025-08-31T13:00:00Z,,,3.0,False,0.0,0.0,0.0,0.0,0.0,0.0,0.0,0.0,0.0,0.0,0.0,0.0,0.0,0.0,0.0,0.0,0.0,0.0,0.0,0.0,0.0,0.0,0.00,0.00,0.00,0.00,45.0,-1707.0,14049.0,293.0,2000.0,622,Orford,West Ham,Lewis,518442,,3,21,Lewis_Orford,17,Nott'm Forest,21,West Ham,MID,19
2061,623.0,27.0,16.0,0.0,False,2025-08-31T13:00:00Z,,,3.0,False,0.0,0.0,0.0,0.0,0.0,0.0,0.0,0.0,0.0,0.0,0.0,0.0,0.0,0.0,0.0,0.0,0.0,0.0,0.0,0.0,0.0,0.0,0.00,0.00,0.00,0.00,45.0,-7893.0,66154.0,1789.0,9682.0,623,Potts,West Ham,Freddie,490142,,3,21,Freddie_Potts,17,Nott'm Forest,21,West Ham,MID,19
2062,624.0,27.0,16.0,0.0,False,2025-08-31T13:00:00Z,,,3.0,False,0.0,0.0,0.0,0.0,0.0,0.0,0.0,0.0,0.0,0.0,0.0,0.0,0.0,0.0,0.0,0.0,0.0,0.0,0.0,0.0,0.0,0.0,0.00,0.00,0.00,0.00,78.0,-471629.0,872029.0,10996.0,482625.0,624,Bowen,West Ham,Jarrod,178186,,4,21,Jarrod_Bowen,17,Nott'm Forest,21,West Ham,FWD,19
2063,625.0,27.0,16.0,0.0,False,2025-08-31T13:00:00Z,,,3.0,False,0.0,0.0,0.0,0.0,0.0,0.0,0.0,0.0,0.0,0.0,0.0,0.0,0.0,0.0,0.0,0.0,0.0,0.0,0.0,0.0,0.0,0.0,0.00,0.00,0.00,0.00,59.0,-120578.0,210590.0,9129.0,129707.0,625,Füllkrug,West Ham,Niclas,91889,,4,21,Niclas_Füllkrug,17,Nott'm Forest,21,West Ham,FWD,19
2064,626.0,27.0,16.0,0.0,False,2025-08-31T13:00:00Z,,,3.0,False,0.0,0.0,0.0,0.0,0.0,0.0,0.0,0.0,0.0,0.0,0.0,0.0,0.0,0.0,0.0,0.0,0.0,0.0,0.0,0.0,0.0,0.0,0.00,0.00,0.00,0.00,45.0,-11186.0,73248.0,3488.0,14674.0,626,Marshall,West Ham,Callum,565431,,4,21,Callum_Marshall,17,Nott'm Forest,21,West Ham,FWD,19
2065,659.0,27.0,16.0,0.0,False,2025-08-31T13:00:00Z,,,3.0,False,0.0,0.0,0.0,0.0,0.0,0.0,0.0,0.0,0.0,0.0,0.0,0.0,0.0,0.0,0.0,0.0,0.0,0.0,0.0,0.0,0.0,0.0,0.00,0.00,0.00,0.00,44.0,-4039.0,38248.0,662.0,4701.0,659,Walker-Peters,West Ham,Kyle,158534,,2,21,Kyle_Walker-Peters,17,Nott'm Forest,21,West Ham,DEF,19
2066,671.0,27.0,16.0,0.0,False,2025-08-31T13:00:00Z,,,3.0,False,0.0,0.0,0.0,0.0,0.0,0.0,0.0,0.0,0.0,0.0,0.0,0.0,0.0,0.0,0.0,0.0,0.0,0.0,0.0,0.0,0.0,0.0,0.00,0.00,0.00,0.00,59.0,-8850.0,42633.0,1995.0,10845.0,671,Wilson,West Ham,Callum,75115,,4,21,Callum_Wilson,17,Nott'm Forest,21,West Ham,FWD,19
2067,679.0,27.0,16.0,0.0,False,2025-08-31T13:00:00Z,,,3.0,False,0.0,0.0,0.0,0.0,0.0,0.0,0.0,0.0,0.0,0.0,0.0,0.0,0.0,0.0,0.0,0.0,0.0,0.0,0.0,0.0,0.0,0.0,0.00,0.00,0.00,0.00,45.0,-3865.0,34737.0,1108.0,4973.0,679,Hermansen,West Ham,Mads,467189,,1,21,Mads_Hermansen,17,Nott'm Forest,21,West Ham,GKP,19
2068,708.0,27.0,16.0,0.0,False,2025-08-31T13:00:00Z,,,3.0,False,0.0,0.0,0.0,0.0,0.0,0.0,0.0,0.0,0.0,0.0,0.0,0.0,0.0,0.0,0.0,0.0,0.0,0.0,0.0,0.0,0.0,0.0,0.00,0.00,0.00,0.00,55.0,221.0,307.0,242.0,21.0,708,Espanha Fernandes,West Ham,Mateus Gonçalo,551226,,3,21,Mateus Gonçalo_Espanha Fernandes,17,Nott'm Forest,21,West Ham,MID,19
2069,627.0,30.0,9.0,0.0,True,2025-08-30T14:00:00Z,2.0,3.0,3.0,False,0.0,0.0,0.0,0.0,0.0,0.0,0.0,0.0,0.0,0.0,0.0,0.0,0.0,0.0,0.0,0.0,0.0,0.0,0.0,0.0,0.0,0.0,0.00,0.00,0.00,0.00,45.0,-1210.0,15179.0,290.0,1500.0,627,Johnstone,Wolves,Sam,101982,,1,39,Sam_Johnstone,11,Everton,39,Wolves,GKP,20
2070,628.0,30.0,9.0,1.0,True,2025-08-30T14:00:00Z,2.0,3.0,3.0,False,90.0,0.0,0.0,0.0,3.0,0.0,0.0,0.0,0.0,0.0,1.0,0.0,1.0,11.8,0.0,0.0,1.2,1.0,12.0,0.0,0.0,1.0,0.00,0.00,0.00,1.93,45.0,-7367.0,208435.0,8399.0,15766.0,628,Malheiro de Sá,Wolves,José,149065,,1,39,José_Malheiro de Sá,11,Everton,39,Wolves,GKP,20
2071,629.0,30.0,9.0,0.0,True,2025-08-30T14:00:00Z,2.0,3.0,3.0,False,0.0,0.0,0.0,0.0,0.0,0.0,0.0,0.0,0.0,0.0,0.0,0.0,0.0,0.0,0.0,0.0,0.0,0.0,0.0,0.0,0.0,0.0,0.00,0.00,0.00,0.00,40.0,-3215.0,82736.0,1639.0,4854.0,629,Bentley,Wolves,Daniel,79602,,1,39,Daniel_Bentley,11,Everton,39,Wolves,GKP,20
2072,631.0,30.0,9.0,1.0,True,2025-08-30T14:00:00Z,2.0,3.0,3.0,False,90.0,0.0,0.0,0.0,3.0,0.0,0.0,0.0,0.0,0.0,0.0,0.0,5.0,21.0,11.1,4.0,3.6,6.0,9.0,0.0,6.0,1.0,0.11,0.02,0.13,1.93,45.0,3525.0,56065.0,7613.0,4088.0,631,Agbadou,Wolves,Emmanuel,516939,,2,39,Emmanuel_Agbadou,11,Everton,39,Wolves,DEF,20
2073,632.0,30.0,9.0,0.0,True,2025-08-30T14:00:00Z,2.0,3.0,3.0,False,0.0,0.0,0.0,0.0,0.0,0.0,0.0,0.0,0.0,0.0,0.0,0.0,0.0,0.0,0.0,0.0,0.0,0.0,0.0,0.0,0.0,0.0,0.00,0.00,0.00,0.00,45.0,-1571.0,19760.0,657.0,2228.0,632,Doherty,Wolves,Matt,87835,,2,39,Matt_Doherty,11,Everton,39,Wolves,DEF,20
2074,633.0,30.0,9.0,1.0,True,2025-08-30T14:00:00Z,2.0,3.0,3.0,False,74.0,0.0,0.0,0.0,3.0,0.0,0.0,0.0,0.0,0.0,0.0,0.0,2.0,20.8,20.7,14.0,5.6,4.0,3.0,5.0,9.0,1.0,0.00,0.04,0.04,1.84,45.0,-1349.0,8345.0,188.0,1537.0,633,Bueno López,Wolves,Hugo,490721,,2,39,Hugo_Bueno López,11,Everton,39,Wolves,DEF,20
2075,634.0,30.0,9.0,0.0,True,2025-08-30T14:00:00Z,2.0,3.0,3.0,False,0.0,0.0,0.0,0.0,0.0,0.0,0.0,0.0,0.0,0.0,0.0,0.0,0.0,0.0,0.0,0.0,0.0,0.0,0.0,0.0,0.0,0.0,0.00,0.00,0.00,0.00,45.0,-685.0,5837.0,133.0,818.0,634,Mosquera Valdelamar,Wolves,Yerson,501837,,2,39,Yerson_Mosquera Valdelamar,11,Everton,39,Wolves,DEF,20
2076,635.0,30.0,9.0,7.0,True,2025-08-30T14:00:00Z,2.0,3.0,3.0,False,26.0,1.0,0.0,0.0,0.0,0.0,0.0,0.0,0.0,0.0,0.0,0.0,16.0,32.2,1.2,27.0,6.0,1.0,3.0,1.0,2.0,0.0,0.44,0.01,0.45,0.17,45.0,-1181.0,8395.0,192.0,1373.0,635,Martins Gomes,Wolves,Rodrigo,483081,,2,39,Rodrigo_Martins Gomes,11,Everton,39,Wolves,DEF,20
2077,636.0,30.0,9.0,3.0,True,2025-08-30T14:00:00Z,2.0,3.0,3.0,False,90.0,0.0,0.0,0.0,3.0,0.0,0.0,0.0,0.0,0.0,0.0,0.0,3.0,23.8,16.2,2.0,4.2,9.0,2.0,2.0,11.0,1.0,0.00,0.05,0.05,1.93,45.0,-457.0,5422.0,88.0,545.0,636,Ignacio Bueno,Wolves,Santiago,231480,,2,39,Santiago_Ignacio Bueno,11,Everton,39,Wolves,DEF,20
2078,637.0,30.0,9.0,3.0,True,2025-08-30T14:00:00Z,2.0,3.0,3.0,False,90.0,0.0,0.0,0.0,3.0,0.0,0.0,0.0,0.0,0.0,0.0,0.0,5.0,27.8,11.8,5.0,4.5,7.0,6.0,4.0,11.0,1.0,0.01,0.01,0.02,1.93,45.0,-2521.0,16163.0,475.0,2996.0,637,Gomes,Wolves,Toti,510362,,2,39,Toti_Gomes,11,Everton,39,Wolves,DEF,20
2079,638.0,30.0,9.0,0.0,True,2025-08-30T14:00:00Z,2.0,3.0,3.0,False,0.0,0.0,0.0,0.0,0.0,0.0,0.0,0.0,0.0,0.0,0.0,0.0,0.0,0.0,0.0,0.0,0.0,0.0,0.0,0.0,0.0,0.0,0.00,0.00,0.00,0.00,40.0,-36233.0,206554.0,3254.0,39487.0,638,Hoever,Wolves,Ki-Jana,441271,Knock - 75% chance of playing,2,39,Ki-Jana_Hoever,11,Everton,39,Wolves,DEF,20
2080,639.0,30.0,9.0,0.0,True,2025-08-30T14:00:00Z,2.0,3.0,3.0,False,0.0,0.0,0.0,0.0,0.0,0.0,0.0,0.0,0.0,0.0,0.0,0.0,0.0,0.0,0.0,0.0,0.0,0.0,0.0,0.0,0.0,0.0,0.00,0.00,0.00,0.00,40.0,-154.0,1260.0,0.0,154.0,639,Meupiyou Menadjou,Wolves,Bastien,560248,On loan to FC Alverca,2,39,Bastien_Meupiyou Menadjou,11,Everton,39,Wolves,DEF,20
2081,640.0,30.0,9.0,0.0,True,2025-08-30T14:00:00Z,2.0,3.0,3.0,False,0.0,0.0,0.0,0.0,0.0,0.0,0.0,0.0,0.0,0.0,0.0,0.0,0.0,0.0,0.0,0.0,0.0,0.0,0.0,0.0,0.0,0.0,0.00,0.00,0.00,0.00,40.0,-9079.0,110169.0,2559.0,11638.0,640,Cardoso de Lima,Wolves,Pedro,641221,,2,39,Pedro_Cardoso de Lima,11,Everton,39,Wolves,DEF,20
2082,641.0,30.0,9.0,0.0,True,2025-08-30T14:00:00Z,2.0,3.0,3.0,False,0.0,0.0,0.0,0.0,0.0,0.0,0.0,0.0,0.0,0.0,0.0,0.0,0.0,0.0,0.0,0.0,0.0,0.0,0.0,0.0,0.0,0.0,0.00,0.00,0.00,0.00,40.0,-12341.0,147145.0,2731.0,15072.0,641,Pond,Wolves,Alfie,517179,,2,39,Alfie_Pond,11,Everton,39,Wolves,DEF,20
2083,642.0,30.0,9.0,7.0,True,2025-08-30T14:00:00Z,2.0,3.0,3.0,False,75.0,1.0,0.0,0.0,3.0,0.0,0.0,0.0,0.0,0.0,0.0,0.0,27.0,35.2,0.8,17.0,5.3,2.0,0.0,0.0,2.0,1.0,0.49,0.00,0.49,1.84,59.0,-2145.0,14885.0,1087.0,3232.0,642,Hee-chan,Wolves,Hwang,184754,,3,39,Hwang_Hee-chan,11,Everton,39,Wolves,MID,20
2084,643.0,30.0,9.0,2.0,True,2025-08-30T14:00:00Z,2.0,3.0,3.0,False,63.0,0.0,0.0,0.0,3.0,0.0,0.0,0.0,0.0,0.0,0.0,0.0,12.0,0.2,3.3,0.0,0.4,1.0,7.0,1.0,9.0,1.0,0.00,0.01,0.01,1.76,55.0,-1570.0,9600.0,795.0,2365.0,643,Trindade da Costa Neto,Wolves,André,509291,,3,39,André_Trindade da Costa Neto,11,Everton,39,Wolves,MID,20
2085,644.0,30.0,9.0,1.0,True,2025-08-30T14:00:00Z,2.0,3.0,3.0,False,26.0,0.0,0.0,0.0,0.0,0.0,0.0,0.0,0.0,0.0,0.0,0.0,5.0,5.4,15.8,9.0,3.0,0.0,1.0,0.0,1.0,0.0,0.04,0.09,0.13,0.17,55.0,-1909.0,8212.0,229.0,2138.0,644,Bellegarde,Wolves,Jean-Ricner,231057,,3,39,Jean-Ricner_Bellegarde,11,Everton,39,Wolves,MID,20
2086,645.0,30.0,9.0,1.0,True,2025-08-30T14:00:00Z,2.0,3.0,3.0,False,27.0,0.0,0.0,0.0,0.0,0.0,0.0,0.0,0.0,0.0,0.0,0.0,0.0,0.0,6.7,2.0,0.8,0.0,1.0,0.0,1.0,0.0,0.02,0.01,0.03,0.17,54.0,-670.0,4160.0,95.0,765.0,645,López González,Wolves,Fer,643135,,3,39,Fer_López González,11,Everton,39,Wolves,MID,20
2087,646.0,30.0,9.0,2.0,True,2025-08-30T14:00:00Z,2.0,3.0,3.0,False,90.0,0.0,0.0,0.0,3.0,0.0,0.0,0.0,0.0,0.0,0.0,0.0,15.0,5.4,15.1,1.0,2.2,0.0,4.0,0.0,4.0,1.0,0.01,0.03,0.04,1.93,55.0,-1354.0,11792.0,438.0,1792.0,646,Gomes da Silva,Wolves,João Victor,448089,,3,39,João Victor_Gomes da Silva,11,Everton,39,Wolves,MID,20
2088,647.0,30.0,9.0,0.0,True,2025-08-30T14:00:00Z,2.0,3.0,3.0,False,0.0,0.0,0.0,0.0,0.0,0.0,0.0,0.0,0.0,0.0,0.0,0.0,0.0,0.0,0.0,0.0,0.0,0.0,0.0,0.0,0.0,0.0,0.00,0.00,0.00,0.00,55.0,-166.0,583.0,0.0,166.0,647,Ganchinho Guedes,Wolves,Gonçalo Manuel,181284,Has joined Real Sociedad permanently.,3,39,Gonçalo Manuel_Ganchinho Guedes,11,Everton,39,Wolves,MID,20
2089,648.0,30.0,9.0,5.0,True,2025-08-30T14:00:00Z,2.0,3.0,3.0,False,90.0,0.0,1.0,0.0,3.0,0.0,0.0,0.0,0.0,0.0,0.0,0.0,16.0,23.4,25.5,9.0,5.8,0.0,0.0,2.0,2.0,1.0,0.03,0.06,0.09,1.93,55.0,-1269.0,5650.0,601.0,1870.0,648,Munetsi,Wolves,Marshall,433312,,3,39,Marshall_Munetsi,11,Everton,39,Wolves,MID,20
2090,649.0,30.0,9.0,0.0,True,2025-08-30T14:00:00Z,2.0,3.0,3.0,False,0.0,0.0,0.0,0.0,0.0,0.0,0.0,0.0,0.0,0.0,0.0,0.0,0.0,0.0,0.0,0.0,0.0,0.0,0.0,0.0,0.0,0.0,0.00,0.00,0.00,0.00,50.0,-40.0,158.0,0.0,40.0,649,Traoré,Wolves,Boubacar,476502,Has joined FC Metz on loan for the rest of the season.,3,39,Boubacar_Traoré,11,Everton,39,Wolves,MID,20
2091,650.0,30.0,9.0,0.0,True,2025-08-30T14:00:00Z,2.0,3.0,3.0,False,0.0,0.0,0.0,0.0,0.0,0.0,0.0,0.0,0.0,0.0,0.0,0.0,0.0,0.0,0.0,0.0,0.0,0.0,0.0,0.0,0.0,0.0,0.00,0.00,0.00,0.00,45.0,-3955.0,29823.0,639.0,4594.0,650,Chirewa,Wolves,Tawanda,497606,,3,39,Tawanda_Chirewa,11,Everton,39,Wolves,MID,20
2092,651.0,30.0,9.0,0.0,True,2025-08-30T14:00:00Z,2.0,3.0,3.0,False,0.0,0.0,0.0,0.0,0.0,0.0,0.0,0.0,0.0,0.0,0.0,0.0,0.0,0.0,0.0,0.0,0.0,0.0,0.0,0.0,0.0,0.0,0.00,0.00,0.00,0.00,45.0,-4724.0,35103.0,579.0,5303.0,651,Edozie,Wolves,Tom,596054,,3,39,Tom_Edozie,11,Everton,39,Wolves,MID,20
2093,652.0,30.0,9.0,0.0,True,2025-08-30T14:00:00Z,2.0,3.0,3.0,False,0.0,0.0,0.0,0.0,0.0,0.0,0.0,0.0,0.0,0.0,0.0,0.0,0.0,0.0,0.0,0.0,0.0,0.0,0.0,0.0,0.0,0.0,0.00,0.00,0.00,0.00,45.0,-18238.0,143690.0,3004.0,21242.0,652,González Medina,Wolves,Enso,593001,,3,39,Enso_González Medina,11,Everton,39,Wolves,MID,20
2094,653.0,30.0,9.0,0.0,True,2025-08-30T14:00:00Z,2.0,3.0,3.0,False,0.0,0.0,0.0,0.0,0.0,0.0,0.0,0.0,0.0,0.0,0.0,0.0,0.0,0.0,0.0,0.0,0.0,0.0,0.0,0.0,0.0,0.0,0.00,0.00,0.00,0.00,45.0,-1123.0,6031.0,0.0,1123.0,653,Hodge,Wolves,Joe,240299,Signed by CD Tondela,3,39,Joe_Hodge,11,Everton,39,Wolves,MID,20
2095,654.0,30.0,9.0,0.0,True,2025-08-30T14:00:00Z,2.0,3.0,3.0,False,0.0,0.0,0.0,0.0,0.0,0.0,0.0,0.0,0.0,0.0,0.0,0.0,0.0,0.0,0.0,0.0,0.0,0.0,0.0,0.0,0.0,0.0,0.00,0.00,0.00,0.00,65.0,-93452.0,402039.0,31416.0,124868.0,654,Strand Larsen,Wolves,Jørgen,247412,Achilles injury - 75% chance of playing,4,39,Jørgen_Strand Larsen,11,Everton,39,Wolves,FWD,20
2096,655.0,30.0,9.0,0.0,True,2025-08-30T14:00:00Z,2.0,3.0,3.0,False,0.0,0.0,0.0,0.0,0.0,0.0,0.0,0.0,0.0,0.0,0.0,0.0,0.0,0.0,0.0,0.0,0.0,0.0,0.0,0.0,0.0,0.0,0.00,0.00,0.00,0.00,49.0,-9662.0,52247.0,2468.0,12130.0,655,Soares Silva,Wolves,Fábio,449988,,4,39,Fábio_Soares Silva,11,Everton,39,Wolves,FWD,20
2097,656.0,30.0,9.0,1.0,True,2025-08-30T14:00:00Z,2.0,3.0,3.0,False,14.0,0.0,0.0,0.0,0.0,0.0,0.0,0.0,0.0,0.0,0.0,0.0,1.0,1.0,2.3,2.0,0.5,1.0,1.0,0.0,2.0,0.0,0.00,0.01,0.01,0.09,49.0,-1712.0,10695.0,325.0,2037.0,656,Kalajdžić,Wolves,Saša,429414,,4,39,Saša_Kalajdžić,11,Everton,39,Wolves,FWD,20
2098,657.0,30.0,9.0,0.0,True,2025-08-30T14:00:00Z,2.0,3.0,3.0,False,0.0,0.0,0.0,0.0,0.0,0.0,0.0,0.0,0.0,0.0,0.0,0.0,0.0,0.0,0.0,0.0,0.0,0.0,0.0,0.0,0.0,0.0,0.00,0.00,0.00,0.00,45.0,-781.0,4653.0,458.0,1239.0,657,Chiwome,Wolves,Leon,589507,Knee injury - Unknown return date,4,39,Leon_Chiwome,11,Everton,39,Wolves,FWD,20
2099,658.0,30.0,9.0,0.0,True,2025-08-30T14:00:00Z,2.0,3.0,3.0,False,0.0,0.0,0.0,0.0,0.0,0.0,0.0,0.0,0.0,0.0,0.0,0.0,0.0,0.0,0.0,0.0,0.0,0.0,0.0,0.0,0.0,0.0,0.00,0.00,0.00,0.00,45.0,-37875.0,246133.0,14038.0,51913.0,658,Fraser,Wolves,Nathan,531363,,4,39,Nathan_Fraser,11,Everton,39,Wolves,FWD,20
2100,663.0,30.0,9.0,2.0,True,2025-08-30T14:00:00Z,2.0,3.0,3.0,False,63.0,0.0,0.0,0.0,3.0,0.0,0.0,0.0,0.0,0.0,0.0,0.0,13.0,13.6,4.9,13.0,3.2,0.0,2.0,5.0,7.0,1.0,0.01,0.02,0.03,1.76,54.0,-10321.0,51909.0,1574.0,11895.0,663,Arias,Wolves,Jhon,230376,,3,39,Jhon_Arias,11,Everton,39,Wolves,MID,20
2101,682.0,30.0,9.0,4.0,True,2025-08-30T14:00:00Z,2.0,3.0,3.0,False,15.0,0.0,1.0,0.0,0.0,0.0,0.0,0.0,0.0,0.0,0.0,0.0,17.0,21.0,14.8,0.0,3.6,1.0,0.0,0.0,1.0,0.0,0.00,0.12,0.12,0.09,45.0,-680.0,9533.0,384.0,1064.0,682,Møller Wolfe,Wolves,David,497949,,2,39,David_Møller Wolfe,11,Everton,39,Wolves,DEF,20
2102,695.0,30.0,9.0,1.0,True,2025-08-30T14:00:00Z,2.0,3.0,3.0,False,62.0,0.0,0.0,0.0,3.0,0.0,0.0,0.0,0.0,0.0,0.0,0.0,-5.0,11.0,6.3,2.0,1.9,2.0,2.0,1.0,3.0,1.0,0.00,0.01,0.01,1.76,45.0,413.0,1497.0,633.0,220.0,695,Tchatchoua,Wolves,Jackson,523705,,2,39,Jackson_Tchatchoua,11,Everton,39,Wolves,DEF,20
2103,709.0,30.0,9.0,0.0,True,2025-08-30T14:00:00Z,2.0,3.0,3.0,False,0.0,0.0,0.0,0.0,0.0,0.0,0.0,0.0,0.0,0.0,0.0,0.0,0.0,0.0,0.0,0.0,0.0,0.0,0.0,0.0,0.0,0.0,0.00,0.00,0.00,0.00,45.0,168.0,267.0,178.0,10.0,709,Krejcí,Wolves,Ladislav,431248,,2,39,Ladislav_Krejcí,11,Everton,39,Wolves,DEF,20
