,element,fixture,opponent_team,total_points,was_home,kickoff_time,team_h_score,team_a_score,round,modified,minutes,goals_scored,assists,clean_sheets,goals_conceded,own_goals,penalties_saved,penalties_missed,yellow_cards,red_cards,saves,bonus,bps,influence,creativity,threat,ict_index,clearances_blocks_interceptions,recoveries,tackles,defensive_contribution,starts,expected_goals,expected_assists,expected_goal_involvements,expected_goals_conceded,value,transfers_balance,selected,transfers_in,transfers_out,id_x,second_name,team,first_name,code_x,news,element_type,team_code,Full_Name,opponent_code,opponent_name,team_code2,team_name,position,team_id
0,1.0,1.0,7.0,6.0,True,2026-08-21T19:00:00Z,3.0,0.0,1.0,False,90.0,0.0,0.0,1.0,0.0,0.0,0.0,0.0,0.0,0.0,1.0,0.0,24.0,11.8,0.0,0.0,1.2,1.0,8.0,0.0,0.0,1.0,0.0,0.0,0.0,0.2,60.0,0.0,3347153.0,0.0,0.0,1,Raya Martín,Arsenal,David,154561,,1,3,David_Raya Martín,9,Coventry City,3,Arsenal,GKP,1
1,2.0,1.0,7.0,0.0,True,2026-08-21T19:00:00Z,3.0,0.0,1.0,False,0.0,0.0,0.0,0.0,0.0,0.0,0.0,0.0,0.0,0.0,0.0,0.0,0.0,0.0,0.0,0.0,0.0,0.0,0.0,0.0,0.0,0.0,0.0,0.0,0.0,0.0,50.0,0.0,7415.0,0.0,0.0,2,Arrizabalaga Revuelta,Arsenal,Kepa,109745,,1,3,Kepa_Arrizabalaga Revuelta,9,Coventry City,3,Arsenal,GKP,1
2,3.0,1.0,7.0,0.0,True,2026-08-21T19:00:00Z,3.0,0.0,1.0,False,0.0,0.0,0.0,0.0,0.0,0.0,0.0,0.0,0.0,0.0,0.0,0.0,0.0,0.0,0.0,0.0,0.0,0.0,0.0,0.0,0.0,0.0,0.0,0.0,0.0,0.0,50.0,0.0,2971.0,0.0,0.0,3,Meslier,Arsenal,Illan,437495,,1,3,Illan_Meslier,9,Coventry City,3,Arsenal,GKP,1
3,4.0,1.0,7.0,5.0,True,2026-08-21T19:00:00Z,3.0,0.0,1.0,False,90.0,0.0,0.0,1.0,0.0,0.0,0.0,0.0,1.0,0.0,0.0,0.0,21.0,6.6,1.8,1.0,0.9,4.0,2.0,0.0,4.0,1.0,0.05,0.01,0.06,0.2,80.0,0.0,2647984.0,0.0,0.0,4,dos Santos Magalhães,Arsenal,Gabriel,226597,,2,3,Gabriel_dos Santos Magalhães,9,Coventry City,3,Arsenal,DEF,1
4,5.0,1.0,7.0,0.0,True,2026-08-21T19:00:00Z,3.0,0.0,1.0,False,0.0,0.0,0.0,0.0,0.0,0.0,0.0,0.0,0.0,0.0,0.0,0.0,0.0,0.0,0.0,0.0,0.0,0.0,0.0,0.0,0.0,0.0,0.0,0.0,0.0,0.0,65.0,0.0,11200.0,0.0,0.0,5,Timber,Arsenal,Jurriën,445122,Groin injury - Unknown return date,2,3,Jurriën_Timber,9,Coventry City,3,Arsenal,DEF,1
5,6.0,1.0,7.0,0.0,True,2026-08-21T19:00:00Z,3.0,0.0,1.0,False,0.0,0.0,0.0,0.0,0.0,0.0,0.0,0.0,0.0,0.0,0.0,0.0,0.0,0.0,0.0,0.0,0.0,0.0,0.0,0.0,0.0,0.0,0.0,0.0,0.0,0.0,60.0,0.0,26559.0,0.0,0.0,6,Saliba,Arsenal,William,462424,Back injury - Unknown return date,2,3,William_Saliba,9,Coventry City,3,Arsenal,DEF,1
6,7.0,1.0,7.0,3.0,True,2026-08-21T19:00:00Z,3.0,0.0,1.0,False,90.0,0.0,0.0,1.0,0.0,0.0,0.0,0.0,0.0,0.0,0.0,0.0,15.0,11.0,22.9,7.0,4.1,1.0,5.0,1.0,7.0,1.0,0.06,0.11,0.17,0.2,55.0,0.0,55656.0,0.0,0.0,7,Lewis-Skelly,Arsenal,Myles,499169,,3,3,Myles_Lewis-Skelly,9,Coventry City,3,Arsenal,MID,1
7,8.0,1.0,7.0,9.0,True,2026-08-21T19:00:00Z,3.0,0.0,1.0,False,80.0,0.0,1.0,1.0,0.0,0.0,0.0,0.0,0.0,0.0,0.0,0.0,31.0,26.0,12.2,4.0,4.2,4.0,1.0,1.0,5.0,1.0,0.04,0.09,0.13,0.06,55.0,0.0,3542684.0,0.0,0.0,8,Calafiori,Arsenal,Riccardo,466075,,2,3,Riccardo_Calafiori,9,Coventry City,3,Arsenal,DEF,1
8,9.0,1.0,7.0,1.0,True,2026-08-21T19:00:00Z,3.0,0.0,1.0,False,9.0,0.0,0.0,0.0,0.0,0.0,0.0,0.0,0.0,0.0,0.0,0.0,3.0,0.4,0.5,0.0,0.1,0.0,0.0,0.0,0.0,0.0,0.0,0.0,0.0,0.15,55.0,0.0,165924.0,0.0,0.0,9,Hincapié,Arsenal,Piero,448104,,2,3,Piero_Hincapié,9,Coventry City,3,Arsenal,DEF,1
9,10.0,1.0,7.0,11.0,True,2026-08-21T19:00:00Z,3.0,0.0,1.0,False,90.0,0.0,1.0,1.0,0.0,0.0,0.0,0.0,0.0,0.0,0.0,2.0,37.0,33.2,26.8,13.0,7.3,4.0,3.0,1.0,5.0,1.0,0.18,0.21,0.39,0.2,55.0,0.0,401419.0,0.0,0.0,10,White,Arsenal,Benjamin,198869,,2,3,Benjamin_White,9,Coventry City,3,Arsenal,DEF,1
10,11.0,1.0,7.0,6.0,True,2026-08-21T19:00:00Z,3.0,0.0,1.0,False,90.0,0.0,0.0,1.0,0.0,0.0,0.0,0.0,0.0,0.0,0.0,0.0,27.0,14.4,0.6,0.0,1.5,6.0,3.0,0.0,6.0,1.0,0.0,0.0,0.0,0.2,55.0,0.0,571606.0,0.0,0.0,11,Mosquera,Arsenal,Cristhian,500040,,2,3,Cristhian_Mosquera,9,Coventry City,3,Arsenal,DEF,1
11,12.0,1.0,7.0,9.0,True,2026-08-21T19:00:00Z,3.0,0.0,1.0,False,67.0,1.0,0.0,1.0,0.0,0.0,0.0,0.0,0.0,0.0,0.0,1.0,36.0,42.8,26.1,33.0,10.2,2.0,4.0,1.0,7.0,1.0,0.64,0.08,0.72,0.06,95.0,0.0,819914.0,0.0,0.0,12,Saka,Arsenal,Bukayo,223340,,3,3,Bukayo_Saka,9,Coventry City,3,Arsenal,MID,1
12,13.0,1.0,7.0,3.0,True,2026-08-21T19:00:00Z,3.0,0.0,1.0,False,67.0,0.0,0.0,1.0,0.0,0.0,0.0,0.0,0.0,0.0,0.0,0.0,10.0,6.8,6.4,2.0,1.5,3.0,3.0,0.0,6.0,1.0,0.07,0.08,0.15,0.06,75.0,0.0,1604406.0,0.0,0.0,13,Rice,Arsenal,Declan,204480,,3,3,Declan_Rice,9,Coventry City,3,Arsenal,MID,1
13,14.0,1.0,7.0,1.0,True,2026-08-21T19:00:00Z,3.0,0.0,1.0,False,14.0,0.0,0.0,0.0,0.0,0.0,0.0,0.0,0.0,0.0,0.0,0.0,4.0,0.0,1.8,1.0,0.1,0.0,2.0,0.0,2.0,0.0,0.04,0.0,0.04,0.15,65.0,0.0,188164.0,0.0,0.0,14,Eze,Arsenal,Eberechi,232413,,3,3,Eberechi_Eze,9,Coventry City,3,Arsenal,MID,1
14,15.0,1.0,7.0,11.0,True,2026-08-21T19:00:00Z,3.0,0.0,1.0,False,75.0,1.0,0.0,1.0,0.0,0.0,0.0,0.0,0.0,0.0,0.0,3.0,41.0,50.6,41.5,31.0,12.3,1.0,4.0,3.0,8.0,1.0,0.21,0.1,0.31,0.06,65.0,0.0,717252.0,0.0,0.0,15,Ødegaard,Arsenal,Martin,184029,,3,3,Martin_Ødegaard,9,Coventry City,3,Arsenal,MID,1
15,16.0,1.0,7.0,1.0,True,2026-08-21T19:00:00Z,3.0,0.0,1.0,False,22.0,0.0,0.0,0.0,0.0,0.0,0.0,0.0,0.0,0.0,0.0,0.0,8.0,9.4,43.1,0.0,5.3,0.0,2.0,0.0,2.0,0.0,0.0,0.04,0.04,0.15,65.0,0.0,30442.0,0.0,0.0,16,Madueke,Arsenal,Noni,248857,,3,3,Noni_Madueke,9,Coventry City,3,Arsenal,MID,1
16,17.0,1.0,7.0,1.0,True,2026-08-21T19:00:00Z,3.0,0.0,1.0,False,14.0,0.0,0.0,0.0,0.0,0.0,0.0,0.0,0.0,0.0,0.0,0.0,5.0,3.6,1.2,14.0,1.9,0.0,2.0,0.0,2.0,0.0,0.14,0.02,0.16,0.15,60.0,0.0,62671.0,0.0,0.0,17,Merino Zazón,Arsenal,Mikel,195384,,3,3,Mikel_Merino Zazón,9,Coventry City,3,Arsenal,MID,1
17,18.0,1.0,7.0,0.0,True,2026-08-21T19:00:00Z,3.0,0.0,1.0,False,0.0,0.0,0.0,0.0,0.0,0.0,0.0,0.0,0.0,0.0,0.0,0.0,0.0,0.0,0.0,0.0,0.0,0.0,0.0,0.0,0.0,0.0,0.0,0.0,0.0,0.0,65.0,0.0,21290.0,0.0,0.0,18,Martinelli Silva,Arsenal,Gabriel,444145,,3,3,Gabriel_Martinelli Silva,9,Coventry City,3,Arsenal,MID,1
18,19.0,1.0,7.0,1.0,True,2026-08-21T19:00:00Z,3.0,0.0,1.0,False,22.0,0.0,0.0,0.0,0.0,0.0,0.0,0.0,0.0,0.0,0.0,0.0,3.0,3.8,2.3,0.0,0.6,0.0,2.0,1.0,3.0,0.0,0.0,0.02,0.02,0.15,55.0,0.0,107568.0,0.0,0.0,19,Zubimendi Ibáñez,Arsenal,Martín,481655,,3,3,Martín_Zubimendi Ibáñez,9,Coventry City,3,Arsenal,MID,1
19,20.0,1.0,7.0,0.0,True,2026-08-21T19:00:00Z,3.0,0.0,1.0,False,0.0,0.0,0.0,0.0,0.0,0.0,0.0,0.0,0.0,0.0,0.0,0.0,0.0,0.0,0.0,0.0,0.0,0.0,0.0,0.0,0.0,0.0,0.0,0.0,0.0,0.0,55.0,0.0,8920.0,0.0,0.0,20,Dowman,Arsenal,Max,616077,,3,3,Max_Dowman,9,Coventry City,3,Arsenal,MID,1
20,22.0,1.0,7.0,0.0,True,2026-08-21T19:00:00Z,3.0,0.0,1.0,False,0.0,0.0,0.0,0.0,0.0,0.0,0.0,0.0,0.0,0.0,0.0,0.0,0.0,0.0,0.0,0.0,0.0,0.0,0.0,0.0,0.0,0.0,0.0,0.0,0.0,0.0,55.0,0.0,1260.0,0.0,0.0,22,Nwaneri,Arsenal,Ethan,499175,,3,3,Ethan_Nwaneri,9,Coventry City,3,Arsenal,MID,1
21,23.0,1.0,7.0,0.0,True,2026-08-21T19:00:00Z,3.0,0.0,1.0,False,0.0,0.0,0.0,0.0,0.0,0.0,0.0,0.0,0.0,0.0,0.0,0.0,0.0,0.0,0.0,0.0,0.0,0.0,0.0,0.0,0.0,0.0,0.0,0.0,0.0,0.0,55.0,0.0,892.0,0.0,0.0,23,Ferreira Vieira,Arsenal,Fábio,438098,,3,3,Fábio_Ferreira Vieira,9,Coventry City,3,Arsenal,MID,1
22,24.0,1.0,7.0,0.0,True,2026-08-21T19:00:00Z,3.0,0.0,1.0,False,0.0,0.0,0.0,0.0,0.0,0.0,0.0,0.0,0.0,0.0,0.0,0.0,0.0,0.0,0.0,0.0,0.0,0.0,0.0,0.0,0.0,0.0,0.0,0.0,0.0,0.0,55.0,0.0,853.0,0.0,0.0,24,Nelson,Arsenal,Reiss,200641,,3,3,Reiss_Nelson,9,Coventry City,3,Arsenal,MID,1
23,25.0,1.0,7.0,0.0,True,2026-08-21T19:00:00Z,3.0,0.0,1.0,False,0.0,0.0,0.0,0.0,0.0,0.0,0.0,0.0,0.0,0.0,0.0,0.0,0.0,0.0,0.0,0.0,0.0,0.0,0.0,0.0,0.0,0.0,0.0,0.0,0.0,0.0,75.0,0.0,816962.0,0.0,0.0,25,Gyökeres,Arsenal,Viktor,224117,,4,3,Viktor_Gyökeres,9,Coventry City,3,Arsenal,FWD,1
24,26.0,1.0,7.0,6.0,True,2026-08-21T19:00:00Z,3.0,0.0,1.0,False,90.0,1.0,0.0,1.0,0.0,0.0,0.0,0.0,0.0,0.0,0.0,0.0,34.0,37.2,13.2,25.0,7.5,2.0,0.0,0.0,2.0,1.0,0.26,0.03,0.29,0.2,75.0,0.0,468616.0,0.0,0.0,26,Havertz,Arsenal,Kai,219847,,4,3,Kai_Havertz,9,Coventry City,3,Arsenal,FWD,1
25,27.0,1.0,7.0,0.0,True,2026-08-21T19:00:00Z,3.0,0.0,1.0,False,0.0,0.0,0.0,0.0,0.0,0.0,0.0,0.0,0.0,0.0,0.0,0.0,0.0,0.0,0.0,0.0,0.0,0.0,0.0,0.0,0.0,0.0,0.0,0.0,0.0,0.0,60.0,0.0,31403.0,0.0,0.0,27,Fernando de Jesus,Arsenal,Gabriel,205651,,4,3,Gabriel_Fernando de Jesus,9,Coventry City,3,Arsenal,FWD,1
26,31.0,1.0,7.0,0.0,True,2026-08-21T19:00:00Z,3.0,0.0,1.0,False,0.0,0.0,0.0,0.0,0.0,0.0,0.0,0.0,0.0,0.0,0.0,0.0,0.0,0.0,0.0,0.0,0.0,0.0,0.0,0.0,0.0,0.0,0.0,0.0,0.0,0.0,45.0,0.0,1206127.0,0.0,0.0,31,Konsa Ngoyo,Arsenal,Ezri,199798,,2,3,Ezri_Konsa Ngoyo,9,Coventry City,3,Arsenal,DEF,1
27,452.0,1.0,7.0,0.0,True,2026-08-21T19:00:00Z,3.0,0.0,1.0,False,0.0,0.0,0.0,0.0,0.0,0.0,0.0,0.0,0.0,0.0,0.0,0.0,0.0,0.0,0.0,0.0,0.0,0.0,0.0,0.0,0.0,0.0,0.0,0.0,0.0,0.0,70.0,0.0,391151.0,0.0,0.0,452,Guimarães Rodriguez Moura,Arsenal,Bruno,208706,Thigh injury - 75% chance of playing,3,3,Bruno_Guimarães Rodriguez Moura,9,Coventry City,3,Arsenal,MID,1
28,557.0,1.0,7.0,6.0,True,2026-08-21T19:00:00Z,3.0,0.0,1.0,False,75.0,0.0,1.0,1.0,0.0,0.0,0.0,0.0,0.0,0.0,0.0,0.0,30.0,17.0,39.8,30.0,8.7,2.0,3.0,1.0,6.0,1.0,0.19,0.14,0.33,0.06,65.0,0.0,2247384.0,0.0,0.0,557,Tzolis,Arsenal,Christos,439509,,3,3,Christos_Tzolis,9,Coventry City,3,Arsenal,MID,1
29,28.0,7.0,5.0,0.0,False,2026-08-23T13:00:00Z,4.0,0.0,1.0,False,0.0,0.0,0.0,0.0,0.0,0.0,0.0,0.0,0.0,0.0,0.0,0.0,0.0,0.0,0.0,0.0,0.0,0.0,0.0,0.0,0.0,0.0,0.0,0.0,0.0,0.0,50.0,0.0,388040.0,0.0,0.0,28,Martínez Romero,Aston Villa,Emiliano,98980,,1,7,Emiliano_Martínez Romero,36,Brighton,7,Aston Villa,GKP,2
30,29.0,7.0,5.0,1.0,False,2026-08-23T13:00:00Z,4.0,0.0,1.0,False,90.0,0.0,0.0,0.0,4.0,0.0,0.0,0.0,0.0,0.0,3.0,0.0,1.0,28.2,0.0,0.0,2.8,2.0,6.0,0.0,0.0,1.0,0.0,0.0,0.0,3.77,45.0,0.0,10183.0,0.0,0.0,29,Bizot,Aston Villa,Marco,72147,,1,7,Marco_Bizot,36,Brighton,7,Aston Villa,GKP,2
31,30.0,7.0,5.0,0.0,False,2026-08-23T13:00:00Z,4.0,0.0,1.0,False,0.0,0.0,0.0,0.0,0.0,0.0,0.0,0.0,0.0,0.0,0.0,0.0,0.0,0.0,0.0,0.0,0.0,0.0,0.0,0.0,0.0,0.0,0.0,0.0,0.0,0.0,45.0,0.0,13780.0,0.0,0.0,30,Digne,Aston Villa,Lucas,101188,Has joined Paris Saint-Germain permanently,2,7,Lucas_Digne,36,Brighton,7,Aston Villa,DEF,2
32,32.0,7.0,5.0,-1.0,False,2026-08-23T13:00:00Z,4.0,0.0,1.0,False,90.0,0.0,0.0,0.0,4.0,0.0,0.0,0.0,1.0,0.0,0.0,0.0,-8.0,12.0,1.1,0.0,1.3,5.0,0.0,2.0,7.0,1.0,0.0,0.0,0.0,3.77,45.0,0.0,789072.0,0.0,0.0,32,Cash,Aston Villa,Matty,199796,,2,7,Matty_Cash,36,Brighton,7,Aston Villa,DEF,2
33,33.0,7.0,5.0,1.0,False,2026-08-23T13:00:00Z,4.0,0.0,1.0,False,16.0,0.0,0.0,0.0,0.0,0.0,0.0,0.0,0.0,0.0,0.0,0.0,5.0,2.0,0.0,0.0,0.2,0.0,0.0,1.0,1.0,0.0,0.0,0.0,0.0,0.22,45.0,0.0,29034.0,0.0,0.0,33,Mings,Aston Villa,Tyrone,149484,,2,7,Tyrone_Mings,36,Brighton,7,Aston Villa,DEF,2
34,34.0,7.0,5.0,0.0,False,2026-08-23T13:00:00Z,4.0,0.0,1.0,False,73.0,0.0,0.0,0.0,4.0,0.0,0.0,0.0,0.0,0.0,0.0,0.0,-14.0,0.0,0.7,0.0,0.0,5.0,1.0,0.0,5.0,1.0,0.0,0.0,0.0,3.55,45.0,0.0,38472.0,0.0,0.0,34,Torres,Aston Villa,Pau,244954,,2,7,Pau_Torres,36,Brighton,7,Aston Villa,DEF,2
35,35.0,7.0,5.0,1.0,False,2026-08-23T13:00:00Z,4.0,0.0,1.0,False,16.0,0.0,0.0,0.0,0.0,0.0,0.0,0.0,0.0,0.0,0.0,0.0,3.0,2.2,0.5,0.0,0.3,1.0,0.0,0.0,1.0,0.0,0.0,0.0,0.0,0.22,50.0,0.0,5822.0,0.0,0.0,35,Bogarde,Aston Villa,Lamare,515597,,3,7,Lamare_Bogarde,36,Brighton,7,Aston Villa,MID,2
36,36.0,7.0,5.0,0.0,False,2026-08-23T13:00:00Z,4.0,0.0,1.0,False,81.0,0.0,0.0,0.0,4.0,0.0,0.0,0.0,0.0,0.0,0.0,0.0,-9.0,9.2,0.8,3.0,1.3,7.0,2.0,2.0,9.0,1.0,0.03,0.0,0.03,3.62,45.0,0.0,71952.0,0.0,0.0,36,Maatsen,Aston Villa,Ian,441302,,2,7,Ian_Maatsen,36,Brighton,7,Aston Villa,DEF,2
37,37.0,7.0,5.0,-2.0,False,2026-08-23T13:00:00Z,4.0,0.0,1.0,False,90.0,0.0,0.0,0.0,4.0,1.0,0.0,0.0,0.0,0.0,0.0,0.0,-13.0,1.8,0.1,0.0,0.2,3.0,1.0,0.0,3.0,1.0,0.0,0.0,0.0,3.77,45.0,0.0,24630.0,0.0,0.0,37,Lindelöf,Aston Villa,Victor,184667,,2,7,Victor_Lindelöf,36,Brighton,7,Aston Villa,DEF,2
38,38.0,7.0,5.0,0.0,False,2026-08-23T13:00:00Z,4.0,0.0,1.0,False,0.0,0.0,0.0,0.0,0.0,0.0,0.0,0.0,0.0,0.0,0.0,0.0,0.0,0.0,0.0,0.0,0.0,0.0,0.0,0.0,0.0,0.0,0.0,0.0,0.0,0.0,40.0,0.0,157304.0,0.0,0.0,38,García,Aston Villa,Andrés,606798,,2,7,Andrés_García,36,Brighton,7,Aston Villa,DEF,2
39,39.0,7.0,5.0,0.0,False,2026-08-23T13:00:00Z,4.0,0.0,1.0,False,0.0,0.0,0.0,0.0,0.0,0.0,0.0,0.0,0.0,0.0,0.0,0.0,0.0,0.0,0.0,0.0,0.0,0.0,0.0,0.0,0.0,0.0,0.0,0.0,0.0,0.0,40.0,0.0,29043.0,0.0,0.0,39,Nedeljkovic,Aston Villa,Kosta,578545,Has joined Rangers on loan for the rest of the season,2,7,Kosta_Nedeljkovic,36,Brighton,7,Aston Villa,DEF,2
40,41.0,7.0,5.0,2.0,False,2026-08-23T13:00:00Z,4.0,0.0,1.0,False,85.0,0.0,0.0,0.0,4.0,0.0,0.0,0.0,0.0,0.0,0.0,0.0,4.0,0.0,16.3,8.0,2.2,3.0,3.0,1.0,7.0,1.0,0.13,0.09,0.22,3.62,60.0,0.0,120830.0,0.0,0.0,41,Buendía Stati,Aston Villa,Emiliano,195546,,3,7,Emiliano_Buendía Stati,36,Brighton,7,Aston Villa,MID,2
41,44.0,7.0,5.0,0.0,False,2026-08-23T13:00:00Z,4.0,0.0,1.0,False,0.0,0.0,0.0,0.0,0.0,0.0,0.0,0.0,0.0,0.0,0.0,0.0,0.0,0.0,0.0,0.0,0.0,0.0,0.0,0.0,0.0,0.0,0.0,0.0,0.0,0.0,55.0,0.0,12940.0,0.0,0.0,44,Bailey,Aston Villa,Leon,215711,,3,7,Leon_Bailey,36,Brighton,7,Aston Villa,MID,2
42,45.0,7.0,5.0,1.0,False,2026-08-23T13:00:00Z,4.0,0.0,1.0,False,81.0,0.0,0.0,0.0,4.0,0.0,0.0,0.0,1.0,0.0,0.0,0.0,8.0,1.6,2.4,1.0,0.5,2.0,3.0,1.0,6.0,1.0,0.04,0.01,0.05,3.62,55.0,0.0,290994.0,0.0,0.0,45,McGinn,Aston Villa,John,122806,,3,7,John_McGinn,36,Brighton,7,Aston Villa,MID,2
43,46.0,7.0,5.0,2.0,False,2026-08-23T13:00:00Z,4.0,0.0,1.0,False,73.0,0.0,0.0,0.0,4.0,0.0,0.0,0.0,0.0,0.0,0.0,0.0,11.0,9.4,21.4,7.0,3.8,1.0,0.0,0.0,1.0,1.0,0.1,0.02,0.12,3.55,50.0,0.0,20508.0,0.0,0.0,46,Barkley,Aston Villa,Ross,88894,,3,7,Ross_Barkley,36,Brighton,7,Aston Villa,MID,2
44,47.0,7.0,5.0,2.0,False,2026-08-23T13:00:00Z,4.0,0.0,1.0,False,90.0,0.0,0.0,0.0,4.0,0.0,0.0,0.0,0.0,0.0,0.0,0.0,9.0,11.2,2.8,0.0,1.4,3.0,2.0,2.0,7.0,1.0,0.0,0.0,0.0,3.77,50.0,0.0,31172.0,0.0,0.0,47,Kamara,Aston Villa,Boubacar,226944,,3,7,Boubacar_Kamara,36,Brighton,7,Aston Villa,MID,2
45,48.0,7.0,5.0,0.0,False,2026-08-23T13:00:00Z,4.0,0.0,1.0,False,0.0,0.0,0.0,0.0,0.0,0.0,0.0,0.0,0.0,0.0,0.0,0.0,0.0,0.0,0.0,0.0,0.0,0.0,0.0,0.0,0.0,0.0,0.0,0.0,0.0,0.0,50.0,0.0,2081.0,0.0,0.0,48,Onana,Aston Villa,Amadou,449871,Knee injury - Unknown return date,3,7,Amadou_Onana,36,Brighton,7,Aston Villa,MID,2
46,49.0,7.0,5.0,0.0,False,2026-08-23T13:00:00Z,4.0,0.0,1.0,False,0.0,0.0,0.0,0.0,0.0,0.0,0.0,0.0,0.0,0.0,0.0,0.0,0.0,0.0,0.0,0.0,0.0,0.0,0.0,0.0,0.0,0.0,0.0,0.0,0.0,0.0,50.0,0.0,394.0,0.0,0.0,49,Iling-Junior,Aston Villa,Samuel,469247,Has joined Bolton Wanderers on loan for the rest of the season,3,7,Samuel_Iling-Junior,36,Brighton,7,Aston Villa,MID,2
47,50.0,7.0,5.0,0.0,False,2026-08-23T13:00:00Z,4.0,0.0,1.0,False,0.0,0.0,0.0,0.0,0.0,0.0,0.0,0.0,0.0,0.0,0.0,0.0,0.0,0.0,0.0,0.0,0.0,0.0,0.0,0.0,0.0,0.0,0.0,0.0,0.0,0.0,45.0,0.0,60228.0,0.0,0.0,50,Burrowes,Aston Villa,Bradley,645618,,3,7,Bradley_Burrowes,36,Brighton,7,Aston Villa,MID,2
48,51.0,7.0,5.0,2.0,False,2026-08-23T13:00:00Z,4.0,0.0,1.0,False,90.0,0.0,0.0,0.0,4.0,0.0,0.0,0.0,0.0,0.0,0.0,0.0,12.0,10.6,11.6,2.0,2.4,0.0,2.0,3.0,5.0,1.0,0.0,0.0,0.0,3.77,45.0,0.0,60759.0,0.0,0.0,51,Hemmings,Aston Villa,George,577285,,3,7,George_Hemmings,36,Brighton,7,Aston Villa,MID,2
49,52.0,7.0,5.0,1.0,False,2026-08-23T13:00:00Z,4.0,0.0,1.0,False,8.0,0.0,0.0,0.0,0.0,0.0,0.0,0.0,0.0,0.0,0.0,0.0,5.0,4.0,0.0,0.0,0.4,1.0,1.0,1.0,3.0,0.0,0.0,0.0,0.0,0.14,50.0,0.0,3792.0,0.0,0.0,52,da Rocha dos Santos,Aston Villa,Alysson Edward Franco,653481,,3,7,Alysson Edward Franco_da Rocha dos Santos,36,Brighton,7,Aston Villa,MID,2
50,53.0,7.0,5.0,0.0,False,2026-08-23T13:00:00Z,4.0,0.0,1.0,False,0.0,0.0,0.0,0.0,0.0,0.0,0.0,0.0,0.0,0.0,0.0,0.0,0.0,0.0,0.0,0.0,0.0,0.0,0.0,0.0,0.0,0.0,0.0,0.0,0.0,0.0,60.0,0.0,26624.0,0.0,0.0,53,Manzambi,Aston Villa,Johan,614071,Knee injury - Unknown return date,3,7,Johan_Manzambi,36,Brighton,7,Aston Villa,MID,2
51,54.0,7.0,5.0,-2.0,False,2026-08-23T13:00:00Z,4.0,0.0,1.0,False,39.0,0.0,0.0,0.0,4.0,0.0,0.0,0.0,0.0,1.0,0.0,0.0,-2.0,1.0,11.0,0.0,1.2,1.0,2.0,4.0,7.0,1.0,0.0,0.01,0.01,2.58,55.0,0.0,6573.0,0.0,0.0,54,Gomes,Aston Villa,Joao,448089,Suspended until 19 Sep,3,7,Joao_Gomes,36,Brighton,7,Aston Villa,MID,2
52,55.0,7.0,5.0,0.0,False,2026-08-23T13:00:00Z,4.0,0.0,1.0,False,0.0,0.0,0.0,0.0,0.0,0.0,0.0,0.0,0.0,0.0,0.0,0.0,0.0,0.0,0.0,0.0,0.0,0.0,0.0,0.0,0.0,0.0,0.0,0.0,0.0,0.0,80.0,0.0,898121.0,0.0,0.0,55,Watkins,Aston Villa,Ollie,178301,,4,7,Ollie_Watkins,36,Brighton,7,Aston Villa,FWD,2
53,56.0,7.0,5.0,0.0,False,2026-08-23T13:00:00Z,4.0,0.0,1.0,False,0.0,0.0,0.0,0.0,0.0,0.0,0.0,0.0,0.0,0.0,0.0,0.0,0.0,0.0,0.0,0.0,0.0,0.0,0.0,0.0,0.0,0.0,0.0,0.0,0.0,0.0,55.0,0.0,11764.0,0.0,0.0,56,Abraham,Aston Villa,Tammy,173879,Knock - 75% chance of playing,4,7,Tammy_Abraham,36,Brighton,7,Aston Villa,FWD,2
54,160.0,7.0,5.0,1.0,False,2026-08-23T13:00:00Z,4.0,0.0,1.0,False,4.0,0.0,0.0,0.0,0.0,0.0,0.0,0.0,0.0,0.0,0.0,0.0,2.0,0.0,0.0,0.0,0.0,0.0,0.0,0.0,0.0,0.0,0.0,0.0,0.0,0.14,60.0,0.0,54802.0,0.0,0.0,160,Garnacho Ferreyra,Aston Villa,Alejandro,493105,,3,7,Alejandro_Garnacho Ferreyra,36,Brighton,7,Aston Villa,MID,2
55,582.0,7.0,5.0,0.0,False,2026-08-23T13:00:00Z,4.0,0.0,1.0,False,0.0,0.0,0.0,0.0,0.0,0.0,0.0,0.0,0.0,0.0,0.0,0.0,0.0,0.0,0.0,0.0,0.0,0.0,0.0,0.0,0.0,0.0,0.0,0.0,0.0,0.0,55.0,0.0,46241.0,0.0,0.0,582,Madjo,Aston Villa,Brian,690838,Unspecified injury - Unknown return date,4,7,Brian_Madjo,36,Brighton,7,Aston Villa,FWD,2
56,596.0,7.0,5.0,1.0,False,2026-08-23T13:00:00Z,4.0,0.0,1.0,False,8.0,0.0,0.0,0.0,0.0,0.0,0.0,0.0,0.0,0.0,0.0,0.0,3.0,4.0,0.0,0.0,0.4,0.0,0.0,2.0,2.0,0.0,0.0,0.0,0.0,0.14,45.0,0.0,7884.0,0.0,0.0,596,Ruggeri,Aston Villa,Matteo,487992,,2,7,Matteo_Ruggeri,36,Brighton,7,Aston Villa,DEF,2
57,597.0,7.0,5.0,0.0,False,2026-08-23T13:00:00Z,4.0,0.0,1.0,False,0.0,0.0,0.0,0.0,0.0,0.0,0.0,0.0,0.0,0.0,0.0,0.0,0.0,0.0,0.0,0.0,0.0,0.0,0.0,0.0,0.0,0.0,0.0,0.0,0.0,0.0,50.0,0.0,61739.0,0.0,0.0,597,Suzuki,Aston Villa,Zion,433969,,1,7,Zion_Suzuki,36,Brighton,7,Aston Villa,GKP,2
58,606.0,7.0,5.0,0.0,False,2026-08-23T13:00:00Z,4.0,0.0,1.0,False,0.0,0.0,0.0,0.0,0.0,0.0,0.0,0.0,0.0,0.0,0.0,0.0,0.0,0.0,0.0,0.0,0.0,0.0,0.0,0.0,0.0,0.0,0.0,0.0,0.0,0.0,40.0,0.0,0.0,0.0,0.0,606,Rowe,Aston Villa,Triston,569577,,2,7,Triston_Rowe,36,Brighton,7,Aston Villa,DEF,2
59,607.0,7.0,5.0,0.0,False,2026-08-23T13:00:00Z,4.0,0.0,1.0,False,0.0,0.0,0.0,0.0,0.0,0.0,0.0,0.0,0.0,0.0,0.0,0.0,0.0,0.0,0.0,0.0,0.0,0.0,0.0,0.0,0.0,0.0,0.0,0.0,0.0,0.0,45.0,0.0,0.0,0.0,0.0,607,Lynch,Aston Villa,Luka,571380,,3,7,Luka_Lynch,36,Brighton,7,Aston Villa,MID,2
60,57.0,8.0,15.0,2.0,False,2026-08-23T13:00:00Z,2.0,1.0,1.0,False,90.0,0.0,0.0,0.0,2.0,0.0,0.0,0.0,0.0,0.0,4.0,0.0,13.0,36.8,0.0,0.0,3.7,2.0,5.0,0.0,0.0,1.0,0.0,0.0,0.0,2.25,45.0,0.0,288326.0,0.0,0.0,57,Petrović,Bournemouth,Đorđe,457569,,1,91,Đorđe_Petrović,43,Man City,91,Bournemouth,GKP,3
61,58.0,8.0,15.0,0.0,False,2026-08-23T13:00:00Z,2.0,1.0,1.0,False,0.0,0.0,0.0,0.0,0.0,0.0,0.0,0.0,0.0,0.0,0.0,0.0,0.0,0.0,0.0,0.0,0.0,0.0,0.0,0.0,0.0,0.0,0.0,0.0,0.0,0.0,40.0,0.0,283903.0,0.0,0.0,58,Forster,Bournemouth,Fraser,40383,,1,91,Fraser_Forster,43,Man City,91,Bournemouth,GKP,3
62,59.0,8.0,15.0,0.0,False,2026-08-23T13:00:00Z,2.0,1.0,1.0,False,0.0,0.0,0.0,0.0,0.0,0.0,0.0,0.0,0.0,0.0,0.0,0.0,0.0,0.0,0.0,0.0,0.0,0.0,0.0,0.0,0.0,0.0,0.0,0.0,0.0,0.0,40.0,0.0,16822.0,0.0,0.0,59,Dennis,Bournemouth,Will,444172,,1,91,Will_Dennis,43,Man City,91,Bournemouth,GKP,3
63,60.0,8.0,15.0,1.0,False,2026-08-23T13:00:00Z,2.0,1.0,1.0,False,90.0,0.0,0.0,0.0,2.0,0.0,0.0,0.0,0.0,0.0,0.0,0.0,0.0,11.6,0.3,0.0,1.2,5.0,1.0,1.0,6.0,1.0,0.0,0.0,0.0,2.25,55.0,0.0,72436.0,0.0,0.0,60,Hill,Bournemouth,James,463981,,2,91,James_Hill,43,Man City,91,Bournemouth,DEF,3
64,61.0,8.0,15.0,1.0,False,2026-08-23T13:00:00Z,2.0,1.0,1.0,False,90.0,0.0,0.0,0.0,2.0,0.0,0.0,0.0,0.0,0.0,0.0,0.0,0.0,15.4,1.3,0.0,1.7,5.0,7.0,2.0,7.0,1.0,0.0,0.0,0.0,2.25,55.0,0.0,392050.0,0.0,0.0,61,Truffert,Bournemouth,Adrien,494521,,2,91,Adrien_Truffert,43,Man City,91,Bournemouth,DEF,3
65,62.0,8.0,15.0,0.0,False,2026-08-23T13:00:00Z,2.0,1.0,1.0,False,0.0,0.0,0.0,0.0,0.0,0.0,0.0,0.0,0.0,0.0,0.0,0.0,0.0,0.0,0.0,0.0,0.0,0.0,0.0,0.0,0.0,0.0,0.0,0.0,0.0,0.0,50.0,0.0,15573.0,0.0,0.0,62,Diakité,Bournemouth,Bafodé,242882,,2,91,Bafodé_Diakité,43,Man City,91,Bournemouth,DEF,3
66,63.0,8.0,15.0,0.0,False,2026-08-23T13:00:00Z,2.0,1.0,1.0,False,0.0,0.0,0.0,0.0,0.0,0.0,0.0,0.0,0.0,0.0,0.0,0.0,0.0,0.0,0.0,0.0,0.0,0.0,0.0,0.0,0.0,0.0,0.0,0.0,0.0,0.0,50.0,0.0,1122.0,0.0,0.0,63,Milosavljevic,Bournemouth,Veljko,620487,Unspecified injury - Unknown return date,2,91,Veljko_Milosavljevic,43,Man City,91,Bournemouth,DEF,3
67,64.0,8.0,15.0,1.0,False,2026-08-23T13:00:00Z,2.0,1.0,1.0,False,90.0,0.0,0.0,0.0,2.0,0.0,0.0,0.0,0.0,0.0,0.0,0.0,4.0,7.0,0.6,0.0,0.8,4.0,3.0,1.0,5.0,1.0,0.0,0.0,0.0,2.25,45.0,0.0,8561.0,0.0,0.0,64,Smith,Bournemouth,Adam,54469,,2,91,Adam_Smith,43,Man City,91,Bournemouth,DEF,3
68,65.0,8.0,15.0,0.0,False,2026-08-23T13:00:00Z,2.0,1.0,1.0,False,0.0,0.0,0.0,0.0,0.0,0.0,0.0,0.0,0.0,0.0,0.0,0.0,0.0,0.0,0.0,0.0,0.0,0.0,0.0,0.0,0.0,0.0,0.0,0.0,0.0,0.0,45.0,0.0,1775.0,0.0,0.0,65,Araujo Zúñiga,Bournemouth,Julián,436893,Thigh injury - Unknown return date,2,91,Julián_Araujo Zúñiga,43,Man City,91,Bournemouth,DEF,3
69,66.0,8.0,15.0,0.0,False,2026-08-23T13:00:00Z,2.0,1.0,1.0,False,0.0,0.0,0.0,0.0,0.0,0.0,0.0,0.0,0.0,0.0,0.0,0.0,0.0,0.0,0.0,0.0,0.0,0.0,0.0,0.0,0.0,0.0,0.0,0.0,0.0,0.0,40.0,0.0,19739.0,0.0,0.0,66,Soler Barreto,Bournemouth,Julio,575901,Hamstring injury - 75% chance of playing,2,91,Julio_Soler Barreto,43,Man City,91,Bournemouth,DEF,3
70,67.0,8.0,15.0,2.0,False,2026-08-23T13:00:00Z,2.0,1.0,1.0,False,88.0,0.0,0.0,0.0,1.0,0.0,0.0,0.0,0.0,0.0,0.0,0.0,9.0,6.2,11.3,17.0,3.5,1.0,0.0,0.0,1.0,1.0,0.04,0.03,0.07,2.06,65.0,0.0,242374.0,0.0,0.0,67,Simplício Rocha,Bournemouth,Rayan Vitor,499604,,3,91,Rayan Vitor_Simplício Rocha,43,Man City,91,Bournemouth,MID,3
71,68.0,8.0,15.0,10.0,False,2026-08-23T13:00:00Z,2.0,1.0,1.0,False,90.0,1.0,0.0,0.0,2.0,0.0,0.0,0.0,0.0,0.0,0.0,3.0,32.0,40.0,17.2,18.0,7.5,2.0,4.0,2.0,8.0,1.0,0.4,0.08,0.48,2.25,60.0,0.0,139421.0,0.0,0.0,68,Tavernier,Bournemouth,Marcus,201658,,3,91,Marcus_Tavernier,43,Man City,91,Bournemouth,MID,3
72,69.0,8.0,15.0,2.0,False,2026-08-23T13:00:00Z,2.0,1.0,1.0,False,90.0,0.0,0.0,0.0,2.0,0.0,0.0,0.0,0.0,0.0,0.0,0.0,17.0,11.4,4.8,0.0,1.6,1.0,6.0,4.0,11.0,1.0,0.0,0.01,0.01,2.25,60.0,0.0,134668.0,0.0,0.0,69,Scott,Bournemouth,Alex,503139,,3,91,Alex_Scott,43,Man City,91,Bournemouth,MID,3
73,70.0,8.0,15.0,3.0,False,2026-08-23T13:00:00Z,2.0,1.0,1.0,False,74.0,0.0,0.0,1.0,0.0,0.0,0.0,0.0,0.0,0.0,0.0,0.0,15.0,11.0,14.3,17.0,4.2,1.0,5.0,3.0,9.0,1.0,0.11,0.0,0.11,1.94,60.0,0.0,96045.0,0.0,0.0,70,Kluivert,Bournemouth,Justin,222683,,3,91,Justin_Kluivert,43,Man City,91,Bournemouth,MID,3
74,71.0,8.0,15.0,3.0,False,2026-08-23T13:00:00Z,2.0,1.0,1.0,False,75.0,0.0,0.0,1.0,0.0,0.0,0.0,0.0,0.0,0.0,0.0,0.0,8.0,4.6,2.1,0.0,0.7,3.0,3.0,1.0,7.0,1.0,0.0,0.0,0.0,1.94,50.0,0.0,13065.0,0.0,0.0,71,Cook,Bournemouth,Lewis,155408,,3,91,Lewis_Cook,43,Man City,91,Bournemouth,MID,3
75,72.0,8.0,15.0,1.0,False,2026-08-23T13:00:00Z,2.0,1.0,1.0,False,1.0,0.0,0.0,0.0,1.0,0.0,0.0,0.0,0.0,0.0,0.0,0.0,3.0,0.2,0.1,2.0,0.2,0.0,1.0,0.0,1.0,0.0,0.0,0.0,0.0,0.19,50.0,0.0,7889.0,0.0,0.0,72,Gannon-Doak,Bournemouth,Ben,496208,,3,91,Ben_Gannon-Doak,43,Man City,91,Bournemouth,MID,3
76,73.0,8.0,15.0,1.0,False,2026-08-23T13:00:00Z,2.0,1.0,1.0,False,15.0,0.0,0.0,0.0,2.0,0.0,0.0,0.0,0.0,0.0,0.0,0.0,4.0,3.6,0.6,0.0,0.4,3.0,0.0,0.0,3.0,0.0,0.0,0.0,0.0,0.31,50.0,0.0,19512.0,0.0,0.0,73,Adams,Bournemouth,Tyler,200785,,3,91,Tyler_Adams,43,Man City,91,Bournemouth,MID,3
77,74.0,8.0,15.0,0.0,False,2026-08-23T13:00:00Z,2.0,1.0,1.0,False,0.0,0.0,0.0,0.0,0.0,0.0,0.0,0.0,0.0,0.0,0.0,0.0,0.0,0.0,0.0,0.0,0.0,0.0,0.0,0.0,0.0,0.0,0.0,0.0,0.0,0.0,50.0,0.0,4610.0,0.0,0.0,74,Brooks,Bournemouth,David,111317,,3,91,David_Brooks,43,Man City,91,Bournemouth,MID,3
78,75.0,8.0,15.0,0.0,False,2026-08-23T13:00:00Z,2.0,1.0,1.0,False,0.0,0.0,0.0,0.0,0.0,0.0,0.0,0.0,0.0,0.0,0.0,0.0,0.0,0.0,0.0,0.0,0.0,0.0,0.0,0.0,0.0,0.0,0.0,0.0,0.0,0.0,50.0,0.0,1007.0,0.0,0.0,75,Christie,Bournemouth,Ryan,158499,,3,91,Ryan_Christie,43,Man City,91,Bournemouth,MID,3
79,76.0,8.0,15.0,1.0,False,2026-08-23T13:00:00Z,2.0,1.0,1.0,False,15.0,0.0,0.0,0.0,2.0,0.0,0.0,0.0,0.0,0.0,0.0,0.0,5.0,2.8,0.6,0.0,0.3,0.0,1.0,1.0,2.0,0.0,0.0,0.0,0.0,0.31,50.0,0.0,1238.0,0.0,0.0,76,Tóth,Bournemouth,Alex,614574,,3,91,Alex_Tóth,43,Man City,91,Bournemouth,MID,3
80,77.0,8.0,15.0,0.0,False,2026-08-23T13:00:00Z,2.0,1.0,1.0,False,0.0,0.0,0.0,0.0,0.0,0.0,0.0,0.0,0.0,0.0,0.0,0.0,0.0,0.0,0.0,0.0,0.0,0.0,0.0,0.0,0.0,0.0,0.0,0.0,0.0,0.0,50.0,0.0,3087.0,0.0,0.0,77,Adli,Bournemouth,Amine,489888,Unspecified injury - Unknown return date,3,91,Amine_Adli,43,Man City,91,Bournemouth,MID,3
81,78.0,8.0,15.0,0.0,False,2026-08-23T13:00:00Z,2.0,1.0,1.0,False,0.0,0.0,0.0,0.0,0.0,0.0,0.0,0.0,0.0,0.0,0.0,0.0,0.0,0.0,0.0,0.0,0.0,0.0,0.0,0.0,0.0,0.0,0.0,0.0,0.0,0.0,75.0,0.0,42378.0,0.0,0.0,78,Kroupi,Bournemouth,Junior,560262,Foot injury - Unknown return date,3,91,Junior_Kroupi,43,Man City,91,Bournemouth,MID,3
82,79.0,8.0,15.0,4.0,False,2026-08-23T13:00:00Z,2.0,1.0,1.0,False,74.0,0.0,1.0,1.0,0.0,0.0,0.0,0.0,1.0,0.0,0.0,0.0,17.0,19.4,11.9,2.0,3.3,4.0,3.0,1.0,8.0,1.0,0.0,0.21,0.21,1.94,60.0,0.0,200122.0,0.0,0.0,79,de Lima Barbosa,Bournemouth,Francisco Evanilson,444102,,4,91,Francisco Evanilson_de Lima Barbosa,43,Man City,91,Bournemouth,FWD,3
83,80.0,8.0,15.0,0.0,False,2026-08-23T13:00:00Z,2.0,1.0,1.0,False,0.0,0.0,0.0,0.0,0.0,0.0,0.0,0.0,0.0,0.0,0.0,0.0,0.0,0.0,0.0,0.0,0.0,0.0,0.0,0.0,0.0,0.0,0.0,0.0,0.0,0.0,55.0,0.0,3581.0,0.0,0.0,80,Ünal,Bournemouth,Enes,168636,Has joined Getafe permanently,4,91,Enes_Ünal,43,Man City,91,Bournemouth,FWD,3
84,81.0,8.0,15.0,0.0,False,2026-08-23T13:00:00Z,2.0,1.0,1.0,False,0.0,0.0,0.0,0.0,0.0,0.0,0.0,0.0,0.0,0.0,0.0,0.0,0.0,0.0,0.0,0.0,0.0,0.0,0.0,0.0,0.0,0.0,0.0,0.0,0.0,0.0,60.0,0.0,9051.0,0.0,0.0,81,Rodríguez,Bournemouth,Álvaro,561245,,4,91,Álvaro_Rodríguez,43,Man City,91,Bournemouth,FWD,3
85,566.0,8.0,15.0,2.0,False,2026-08-23T13:00:00Z,2.0,1.0,1.0,False,90.0,0.0,0.0,0.0,2.0,0.0,0.0,0.0,1.0,0.0,0.0,0.0,5.0,31.4,0.3,0.0,3.2,13.0,1.0,0.0,13.0,1.0,0.0,0.0,0.0,2.25,50.0,0.0,23702.0,0.0,0.0,566,Pereira de Albuquerque Tavares da Silva,Bournemouth,António João,483067,,2,91,António João_Pereira de Albuquerque Tavares da Silva,43,Man City,91,Bournemouth,DEF,3
86,573.0,8.0,15.0,0.0,False,2026-08-23T13:00:00Z,2.0,1.0,1.0,False,0.0,0.0,0.0,0.0,0.0,0.0,0.0,0.0,0.0,0.0,0.0,0.0,0.0,0.0,0.0,0.0,0.0,0.0,0.0,0.0,0.0,0.0,0.0,0.0,0.0,0.0,45.0,0.0,18342.0,0.0,0.0,573,Sánchez,Bournemouth,Juanlu,494928,,2,91,Juanlu_Sánchez,43,Man City,91,Bournemouth,DEF,3
87,608.0,8.0,15.0,1.0,False,2026-08-23T13:00:00Z,2.0,1.0,1.0,False,15.0,0.0,0.0,0.0,2.0,0.0,0.0,0.0,0.0,0.0,0.0,0.0,6.0,3.4,0.8,17.0,2.1,0.0,1.0,0.0,1.0,0.0,0.1,0.0,0.1,0.31,50.0,0.0,0.0,0.0,0.0,608,Jebbison,Bournemouth,Daniel,523700,,4,91,Daniel_Jebbison,43,Man City,91,Bournemouth,FWD,3
88,82.0,2.0,19.0,7.0,True,2026-08-22T16:30:00Z,3.0,0.0,1.0,False,90.0,0.0,0.0,1.0,0.0,0.0,0.0,0.0,0.0,0.0,4.0,0.0,34.0,31.4,0.0,0.0,3.1,0.0,5.0,0.0,0.0,1.0,0.0,0.01,0.01,0.57,50.0,0.0,513912.0,0.0,0.0,82,Kelleher,Brentford,Caoimhín,200720,,1,94,Caoimhín_Kelleher,6,Spurs,94,Brentford,GKP,4
89,83.0,2.0,19.0,0.0,True,2026-08-22T16:30:00Z,3.0,0.0,1.0,False,0.0,0.0,0.0,0.0,0.0,0.0,0.0,0.0,0.0,0.0,0.0,0.0,0.0,0.0,0.0,0.0,0.0,0.0,0.0,0.0,0.0,0.0,0.0,0.0,0.0,0.0,45.0,0.0,9667.0,0.0,0.0,83,Valdimarsson,Brentford,Hákon Rafn,507433,,1,94,Hákon Rafn_Valdimarsson,6,Spurs,94,Brentford,GKP,4
90,84.0,2.0,19.0,6.0,True,2026-08-22T16:30:00Z,3.0,0.0,1.0,False,90.0,0.0,0.0,1.0,0.0,0.0,0.0,0.0,0.0,0.0,0.0,0.0,21.0,11.6,21.5,17.0,5.0,3.0,3.0,0.0,3.0,1.0,0.34,0.04,0.38,0.57,55.0,0.0,156847.0,0.0,0.0,84,Collins,Brentford,Nathan,432830,,2,94,Nathan_Collins,6,Spurs,94,Brentford,DEF,4
91,85.0,2.0,19.0,0.0,True,2026-08-22T16:30:00Z,3.0,0.0,1.0,False,0.0,0.0,0.0,0.0,0.0,0.0,0.0,0.0,0.0,0.0,0.0,0.0,0.0,0.0,0.0,0.0,0.0,0.0,0.0,0.0,0.0,0.0,0.0,0.0,0.0,0.0,50.0,0.0,14391.0,0.0,0.0,85,van den Berg,Brentford,Sepp,444765,Groin injury - Unknown return date,2,94,Sepp_van den Berg,6,Spurs,94,Brentford,DEF,4
92,86.0,2.0,19.0,10.0,True,2026-08-22T16:30:00Z,3.0,0.0,1.0,False,90.0,1.0,0.0,1.0,0.0,0.0,0.0,0.0,0.0,0.0,0.0,2.0,37.0,47.2,15.9,19.0,8.2,4.0,5.0,1.0,10.0,1.0,0.77,0.12,0.89,0.57,55.0,0.0,38558.0,0.0,0.0,86,Lewis-Potter,Brentford,Keane,249231,,3,94,Keane_Lewis-Potter,6,Spurs,94,Brentford,MID,4
93,87.0,2.0,19.0,8.0,True,2026-08-22T16:30:00Z,3.0,0.0,1.0,False,90.0,0.0,0.0,1.0,0.0,0.0,0.0,0.0,0.0,0.0,0.0,0.0,29.0,20.0,0.9,35.0,5.6,8.0,3.0,2.0,10.0,1.0,0.11,0.02,0.13,0.57,45.0,0.0,318142.0,0.0,0.0,87,Ajer,Brentford,Kristoffer,191866,,2,94,Kristoffer_Ajer,6,Spurs,94,Brentford,DEF,4
94,88.0,2.0,19.0,13.0,True,2026-08-22T16:30:00Z,3.0,0.0,1.0,False,75.0,1.0,0.0,1.0,0.0,0.0,0.0,0.0,0.0,0.0,0.0,1.0,36.0,33.8,1.5,46.0,8.1,4.0,5.0,0.0,4.0,1.0,0.5,0.0,0.5,0.47,45.0,0.0,282611.0,0.0,0.0,88,Kayode,Brentford,Michael,607464,,2,94,Michael_Kayode,6,Spurs,94,Brentford,DEF,4
95,89.0,2.0,19.0,0.0,True,2026-08-22T16:30:00Z,3.0,0.0,1.0,False,0.0,0.0,0.0,0.0,0.0,0.0,0.0,0.0,0.0,0.0,0.0,0.0,0.0,0.0,0.0,0.0,0.0,0.0,0.0,0.0,0.0,0.0,0.0,0.0,0.0,0.0,45.0,0.0,22322.0,0.0,0.0,89,Henry,Brentford,Rico,194010,,2,94,Rico_Henry,6,Spurs,94,Brentford,DEF,4
96,90.0,2.0,19.0,1.0,True,2026-08-22T16:30:00Z,3.0,0.0,1.0,False,14.0,0.0,0.0,0.0,0.0,0.0,0.0,0.0,0.0,0.0,0.0,0.0,2.0,0.0,0.3,0.0,0.0,0.0,2.0,0.0,0.0,0.0,0.0,0.0,0.0,0.1,45.0,0.0,5416.0,0.0,0.0,90,Hickey,Brentford,Aaron,472713,,2,94,Aaron_Hickey,6,Spurs,94,Brentford,DEF,4
97,91.0,2.0,19.0,0.0,True,2026-08-22T16:30:00Z,3.0,0.0,1.0,False,0.0,0.0,0.0,0.0,0.0,0.0,0.0,0.0,0.0,0.0,0.0,0.0,0.0,0.0,0.0,0.0,0.0,0.0,0.0,0.0,0.0,0.0,0.0,0.0,0.0,0.0,45.0,0.0,7000.0,0.0,0.0,91,Pinnock,Brentford,Ethan,231065,,2,94,Ethan_Pinnock,6,Spurs,94,Brentford,DEF,4
98,92.0,2.0,19.0,0.0,True,2026-08-22T16:30:00Z,3.0,0.0,1.0,False,0.0,0.0,0.0,0.0,0.0,0.0,0.0,0.0,0.0,0.0,0.0,0.0,0.0,0.0,0.0,0.0,0.0,0.0,0.0,0.0,0.0,0.0,0.0,0.0,0.0,0.0,45.0,0.0,1635.0,0.0,0.0,92,Ji-soo,Brentford,Kim,570241,,2,94,Kim_Ji-soo,6,Spurs,94,Brentford,DEF,4
99,93.0,2.0,19.0,0.0,True,2026-08-22T16:30:00Z,3.0,0.0,1.0,False,0.0,0.0,0.0,0.0,0.0,0.0,0.0,0.0,0.0,0.0,0.0,0.0,0.0,0.0,0.0,0.0,0.0,0.0,0.0,0.0,0.0,0.0,0.0,0.0,0.0,0.0,45.0,0.0,15125.0,0.0,0.0,93,Schuster,Brentford,Jannik,513086,,2,94,Jannik_Schuster,6,Spurs,94,Brentford,DEF,4
100,94.0,2.0,19.0,3.0,True,2026-08-22T16:30:00Z,3.0,0.0,1.0,False,90.0,0.0,0.0,1.0,0.0,0.0,0.0,0.0,0.0,0.0,0.0,0.0,17.0,14.4,11.8,59.0,8.5,1.0,5.0,3.0,9.0,1.0,0.52,0.01,0.53,0.57,60.0,0.0,330810.0,0.0,0.0,94,Schade,Brentford,Kevin,513418,,3,94,Kevin_Schade,6,Spurs,94,Brentford,MID,4
101,95.0,2.0,19.0,3.0,True,2026-08-22T16:30:00Z,3.0,0.0,1.0,False,66.0,0.0,0.0,1.0,0.0,0.0,0.0,0.0,0.0,0.0,0.0,0.0,6.0,1.0,30.8,15.0,4.7,2.0,4.0,0.0,6.0,1.0,0.05,0.29,0.34,0.47,65.0,0.0,105835.0,0.0,0.0,95,Ouattara,Brentford,Dango,533463,,3,94,Dango_Ouattara,6,Spurs,94,Brentford,MID,4
102,96.0,2.0,19.0,1.0,True,2026-08-22T16:30:00Z,3.0,0.0,1.0,False,14.0,0.0,0.0,0.0,0.0,0.0,0.0,0.0,0.0,0.0,0.0,0.0,6.0,7.6,26.3,0.0,3.4,0.0,3.0,1.0,4.0,0.0,0.0,0.11,0.11,0.1,55.0,0.0,52929.0,0.0,0.0,96,Damsgaard,Brentford,Mikkel,440089,,3,94,Mikkel_Damsgaard,6,Spurs,94,Brentford,MID,4
103,97.0,2.0,19.0,6.0,True,2026-08-22T16:30:00Z,3.0,0.0,1.0,False,66.0,0.0,1.0,1.0,0.0,0.0,0.0,0.0,0.0,0.0,0.0,0.0,22.0,12.6,46.2,13.0,7.2,0.0,3.0,2.0,5.0,1.0,0.08,0.34,0.42,0.47,55.0,0.0,16245.0,0.0,0.0,97,Jensen,Brentford,Mathias,207283,,3,94,Mathias_Jensen,6,Spurs,94,Brentford,MID,4
104,98.0,2.0,19.0,9.0,True,2026-08-22T16:30:00Z,3.0,0.0,1.0,False,90.0,1.0,0.0,1.0,0.0,0.0,0.0,0.0,1.0,0.0,0.0,0.0,35.0,53.2,38.8,24.0,11.6,6.0,3.0,4.0,13.0,1.0,0.39,0.17,0.56,0.57,50.0,0.0,9018.0,0.0,0.0,98,Janelt,Brentford,Vitaly,204580,,3,94,Vitaly_Janelt,6,Spurs,94,Brentford,MID,4
105,99.0,2.0,19.0,0.0,True,2026-08-22T16:30:00Z,3.0,0.0,1.0,False,0.0,0.0,0.0,0.0,0.0,0.0,0.0,0.0,0.0,0.0,0.0,0.0,0.0,0.0,0.0,0.0,0.0,0.0,0.0,0.0,0.0,0.0,0.0,0.0,0.0,0.0,50.0,0.0,187.0,0.0,0.0,99,Milambo,Brentford,Antoni,543295,Knee injury - Unknown return date,3,94,Antoni_Milambo,6,Spurs,94,Brentford,MID,4
106,100.0,2.0,19.0,0.0,True,2026-08-22T16:30:00Z,3.0,0.0,1.0,False,0.0,0.0,0.0,0.0,0.0,0.0,0.0,0.0,0.0,0.0,0.0,0.0,0.0,0.0,0.0,0.0,0.0,0.0,0.0,0.0,0.0,0.0,0.0,0.0,0.0,0.0,50.0,0.0,1459.0,0.0,0.0,100,Freitas Gouveia Carvalho,Brentford,Fábio,244858,,3,94,Fábio_Freitas Gouveia Carvalho,6,Spurs,94,Brentford,MID,4
107,102.0,2.0,19.0,1.0,True,2026-08-22T16:30:00Z,3.0,0.0,1.0,False,23.0,0.0,0.0,0.0,0.0,0.0,0.0,0.0,0.0,0.0,0.0,0.0,7.0,2.2,0.8,3.0,0.6,1.0,3.0,2.0,6.0,0.0,0.04,0.0,0.04,0.1,50.0,0.0,123741.0,0.0,0.0,102,Yarmoliuk,Brentford,Yehor,508395,,3,94,Yehor_Yarmoliuk,6,Spurs,94,Brentford,MID,4
108,103.0,2.0,19.0,0.0,True,2026-08-22T16:30:00Z,3.0,0.0,1.0,False,0.0,0.0,0.0,0.0,0.0,0.0,0.0,0.0,0.0,0.0,0.0,0.0,0.0,0.0,0.0,0.0,0.0,0.0,0.0,0.0,0.0,0.0,0.0,0.0,0.0,0.0,50.0,0.0,2396.0,0.0,0.0,103,Dasilva,Brentford,Josh,183656,,3,94,Josh_Dasilva,6,Spurs,94,Brentford,MID,4
109,105.0,2.0,19.0,1.0,True,2026-08-22T16:30:00Z,3.0,0.0,1.0,False,23.0,0.0,0.0,0.0,0.0,0.0,0.0,0.0,0.0,0.0,0.0,0.0,9.0,10.6,34.9,1.0,4.7,0.0,6.0,2.0,8.0,0.0,0.03,0.35,0.38,0.1,60.0,0.0,14244.0,0.0,0.0,105,Anthony,Brentford,Jaidon,444180,,3,94,Jaidon_Anthony,6,Spurs,94,Brentford,MID,4
110,106.0,2.0,19.0,0.0,True,2026-08-22T16:30:00Z,3.0,0.0,1.0,False,82.0,0.0,0.0,1.0,0.0,0.0,0.0,1.0,0.0,0.0,0.0,0.0,-3.0,2.2,4.0,8.0,1.4,1.0,4.0,0.0,5.0,1.0,1.0,0.08,1.08,0.5,80.0,0.0,1509299.0,0.0,0.0,106,Nascimento Rodrigues,Brentford,Igor Thiago,502500,,4,94,Igor Thiago_Nascimento Rodrigues,6,Spurs,94,Brentford,FWD,4
111,107.0,2.0,19.0,0.0,True,2026-08-22T16:30:00Z,3.0,0.0,1.0,False,0.0,0.0,0.0,0.0,0.0,0.0,0.0,0.0,0.0,0.0,0.0,0.0,0.0,0.0,0.0,0.0,0.0,0.0,0.0,0.0,0.0,0.0,0.0,0.0,0.0,0.0,45.0,0.0,78000.0,0.0,0.0,107,Furo,Brentford,Kaye,593174,,4,94,Kaye_Furo,6,Spurs,94,Brentford,FWD,4
112,108.0,2.0,19.0,1.0,True,2026-08-22T16:30:00Z,3.0,0.0,1.0,False,7.0,0.0,0.0,0.0,0.0,0.0,0.0,0.0,0.0,0.0,0.0,0.0,4.0,2.2,10.3,5.0,1.8,0.0,0.0,0.0,0.0,0.0,0.03,0.04,0.07,0.07,55.0,0.0,30450.0,0.0,0.0,108,Wilson,Brentford,Callum,75115,,4,94,Callum_Wilson,6,Spurs,94,Brentford,FWD,4
113,565.0,2.0,19.0,14.0,True,2026-08-22T16:30:00Z,3.0,0.0,1.0,False,75.0,0.0,2.0,1.0,0.0,0.0,0.0,0.0,0.0,0.0,0.0,3.0,41.0,31.6,21.8,21.0,7.4,4.0,7.0,2.0,13.0,1.0,0.05,0.33,0.38,0.47,55.0,0.0,294770.0,0.0,0.0,565,Sangaré,Brentford,Mamadou,513545,,3,94,Mamadou_Sangaré,6,Spurs,94,Brentford,MID,4
114,109.0,7.0,2.0,6.0,True,2026-08-23T13:00:00Z,4.0,0.0,1.0,False,90.0,0.0,0.0,1.0,0.0,0.0,0.0,0.0,0.0,0.0,0.0,0.0,25.0,6.6,0.0,0.0,0.7,0.0,4.0,0.0,0.0,1.0,0.0,0.0,0.0,0.29,45.0,0.0,1987586.0,0.0,0.0,109,Verbruggen,Brighton,Bart,489639,,1,36,Bart_Verbruggen,7,Aston Villa,36,Brighton,GKP,5
115,111.0,7.0,2.0,0.0,True,2026-08-23T13:00:00Z,4.0,0.0,1.0,False,0.0,0.0,0.0,0.0,0.0,0.0,0.0,0.0,0.0,0.0,0.0,0.0,0.0,0.0,0.0,0.0,0.0,0.0,0.0,0.0,0.0,0.0,0.0,0.0,0.0,0.0,40.0,0.0,369830.0,0.0,0.0,111,Steele,Brighton,Jason,49262,,1,36,Jason_Steele,7,Aston Villa,36,Brighton,GKP,5
116,113.0,7.0,2.0,0.0,True,2026-08-23T13:00:00Z,4.0,0.0,1.0,False,0.0,0.0,0.0,0.0,0.0,0.0,0.0,0.0,0.0,0.0,0.0,0.0,0.0,0.0,0.0,0.0,0.0,0.0,0.0,0.0,0.0,0.0,0.0,0.0,0.0,0.0,45.0,0.0,265528.0,0.0,0.0,113,Kadıoğlu,Brighton,Ferdi,231416,Unspecified injury - 75% chance of playing,2,36,Ferdi_Kadıoğlu,7,Aston Villa,36,Brighton,DEF,5
117,114.0,7.0,2.0,6.0,True,2026-08-23T13:00:00Z,4.0,0.0,1.0,False,90.0,0.0,0.0,1.0,0.0,0.0,0.0,0.0,0.0,0.0,0.0,0.0,29.0,15.2,7.3,6.0,2.9,5.0,4.0,1.0,6.0,1.0,0.0,0.04,0.04,0.29,45.0,0.0,19109.0,0.0,0.0,114,Boscagli,Brighton,Olivier,204120,,2,36,Olivier_Boscagli,7,Aston Villa,36,Brighton,DEF,5
118,115.0,7.0,2.0,17.0,True,2026-08-23T13:00:00Z,4.0,0.0,1.0,False,77.0,1.0,1.0,1.0,0.0,0.0,0.0,0.0,0.0,0.0,0.0,2.0,46.0,40.6,45.3,43.0,12.9,1.0,3.0,3.0,4.0,1.0,1.47,0.21,1.68,0.29,45.0,0.0,151636.0,0.0,0.0,115,De Cuyper,Brighton,Maxim,465730,,2,36,Maxim_De Cuyper,7,Aston Villa,36,Brighton,DEF,5
119,116.0,7.0,2.0,6.0,True,2026-08-23T13:00:00Z,4.0,0.0,1.0,False,90.0,0.0,0.0,1.0,0.0,0.0,0.0,0.0,0.0,0.0,0.0,0.0,24.0,13.4,6.4,0.0,2.0,1.0,2.0,1.0,2.0,1.0,0.0,0.04,0.04,0.29,45.0,0.0,88762.0,0.0,0.0,116,Dunk,Brighton,Lewis,83299,,2,36,Lewis_Dunk,7,Aston Villa,36,Brighton,DEF,5
120,117.0,7.0,2.0,0.0,True,2026-08-23T13:00:00Z,4.0,0.0,1.0,False,0.0,0.0,0.0,0.0,0.0,0.0,0.0,0.0,0.0,0.0,0.0,0.0,0.0,0.0,0.0,0.0,0.0,0.0,0.0,0.0,0.0,0.0,0.0,0.0,0.0,0.0,45.0,0.0,1583.0,0.0,0.0,117,Coppola,Brighton,Diego,550090,,2,36,Diego_Coppola,7,Aston Villa,36,Brighton,DEF,5
121,118.0,7.0,2.0,0.0,True,2026-08-23T13:00:00Z,4.0,0.0,1.0,False,0.0,0.0,0.0,0.0,0.0,0.0,0.0,0.0,0.0,0.0,0.0,0.0,0.0,0.0,0.0,0.0,0.0,0.0,0.0,0.0,0.0,0.0,0.0,0.0,0.0,0.0,45.0,0.0,7195.0,0.0,0.0,118,dos Santos de Paulo,Brighton,Igor Julio,223434,,2,36,Igor Julio_dos Santos de Paulo,7,Aston Villa,36,Brighton,DEF,5
122,119.0,7.0,2.0,1.0,True,2026-08-23T13:00:00Z,4.0,0.0,1.0,False,26.0,0.0,0.0,0.0,0.0,0.0,0.0,0.0,0.0,0.0,0.0,0.0,7.0,8.2,1.9,18.0,2.8,3.0,0.0,1.0,4.0,0.0,0.12,0.0,0.12,0.1,45.0,0.0,2148.0,0.0,0.0,119,Loureiro da Costa,Brighton,João Pedro,451490,,2,36,João Pedro_Loureiro da Costa,7,Aston Villa,36,Brighton,DEF,5
123,120.0,7.0,2.0,0.0,True,2026-08-23T13:00:00Z,4.0,0.0,1.0,False,0.0,0.0,0.0,0.0,0.0,0.0,0.0,0.0,0.0,0.0,0.0,0.0,0.0,0.0,0.0,0.0,0.0,0.0,0.0,0.0,0.0,0.0,0.0,0.0,0.0,0.0,50.0,0.0,3997.0,0.0,0.0,120,Svoboda,Brighton,Michael,454490,,2,36,Michael_Svoboda,7,Aston Villa,36,Brighton,DEF,5
124,121.0,7.0,2.0,0.0,True,2026-08-23T13:00:00Z,4.0,0.0,1.0,False,0.0,0.0,0.0,0.0,0.0,0.0,0.0,0.0,0.0,0.0,0.0,0.0,0.0,0.0,0.0,0.0,0.0,0.0,0.0,0.0,0.0,0.0,0.0,0.0,0.0,0.0,60.0,0.0,4360.0,0.0,0.0,121,Kaoru,Brighton,Mitoma,451340,Hamstring injury - Unknown return date,3,36,Mitoma_Kaoru,7,Aston Villa,36,Brighton,MID,5
125,122.0,7.0,2.0,0.0,True,2026-08-23T13:00:00Z,4.0,0.0,1.0,False,0.0,0.0,0.0,0.0,0.0,0.0,0.0,0.0,0.0,0.0,0.0,0.0,0.0,0.0,0.0,0.0,0.0,0.0,0.0,0.0,0.0,0.0,0.0,0.0,0.0,0.0,60.0,0.0,9337.0,0.0,0.0,122,Minteh,Brighton,Yankuba,592031,Leg injury - Expected back 28 Nov,3,36,Yankuba_Minteh,7,Aston Villa,36,Brighton,MID,5
126,123.0,7.0,2.0,16.0,True,2026-08-23T13:00:00Z,4.0,0.0,1.0,False,63.0,2.0,0.0,1.0,0.0,0.0,0.0,0.0,0.0,0.0,0.0,3.0,54.0,72.8,13.4,59.0,14.5,0.0,1.0,2.0,3.0,1.0,1.41,0.02,1.43,0.19,60.0,0.0,39219.0,0.0,0.0,123,Hinshelwood,Brighton,Jack,532529,,3,36,Jack_Hinshelwood,7,Aston Villa,36,Brighton,MID,5
127,124.0,7.0,2.0,2.0,True,2026-08-23T13:00:00Z,4.0,0.0,1.0,False,90.0,0.0,0.0,1.0,0.0,0.0,0.0,0.0,1.0,0.0,0.0,0.0,18.0,21.0,56.9,8.0,8.6,0.0,2.0,3.0,5.0,1.0,0.0,0.27,0.27,0.29,55.0,0.0,1308033.0,0.0,0.0,124,Groß,Brighton,Pascal,60307,,3,36,Pascal_Groß,7,Aston Villa,36,Brighton,MID,5
128,125.0,7.0,2.0,5.0,True,2026-08-23T13:00:00Z,4.0,0.0,1.0,False,90.0,0.0,1.0,1.0,0.0,0.0,0.0,0.0,0.0,0.0,0.0,0.0,22.0,19.8,11.4,15.0,4.6,1.0,4.0,2.0,7.0,1.0,0.08,0.44,0.52,0.29,55.0,0.0,78765.0,0.0,0.0,125,Rutter,Brighton,Georginio,463067,,4,36,Georginio_Rutter,7,Aston Villa,36,Brighton,FWD,5
129,126.0,7.0,2.0,0.0,True,2026-08-23T13:00:00Z,4.0,0.0,1.0,False,0.0,0.0,0.0,0.0,0.0,0.0,0.0,0.0,0.0,0.0,0.0,0.0,0.0,0.0,0.0,0.0,0.0,0.0,0.0,0.0,0.0,0.0,0.0,0.0,0.0,0.0,55.0,0.0,8249.0,0.0,0.0,126,O'Riley,Brighton,Matt,219249,,3,36,Matt_O'Riley,7,Aston Villa,36,Brighton,MID,5
130,127.0,7.0,2.0,6.0,True,2026-08-23T13:00:00Z,4.0,0.0,1.0,False,85.0,0.0,1.0,1.0,0.0,0.0,0.0,0.0,0.0,0.0,0.0,0.0,27.0,33.0,25.1,41.0,9.9,2.0,1.0,3.0,6.0,1.0,0.18,0.48,0.66,0.29,50.0,0.0,355972.0,0.0,0.0,127,Gómez Amarilla,Brighton,Diego,514254,,3,36,Diego_Gómez Amarilla,7,Aston Villa,36,Brighton,MID,5
131,128.0,7.0,2.0,0.0,True,2026-08-23T13:00:00Z,4.0,0.0,1.0,False,0.0,0.0,0.0,0.0,0.0,0.0,0.0,0.0,0.0,0.0,0.0,0.0,0.0,0.0,0.0,0.0,0.0,0.0,0.0,0.0,0.0,0.0,0.0,0.0,0.0,0.0,50.0,0.0,528.0,0.0,0.0,128,Buonanotte,Brighton,Facundo,536916,Has joined Elche on loan for the rest of the season,3,36,Facundo_Buonanotte,7,Aston Villa,36,Brighton,MID,5
132,129.0,7.0,2.0,2.0,True,2026-08-23T13:00:00Z,4.0,0.0,1.0,False,63.0,0.0,0.0,1.0,0.0,0.0,0.0,0.0,1.0,0.0,0.0,0.0,8.0,0.0,15.0,6.0,1.7,1.0,3.0,0.0,4.0,1.0,0.11,0.03,0.14,0.19,55.0,0.0,61091.0,0.0,0.0,129,Ayari,Brighton,Yasin,509416,,3,36,Yasin_Ayari,7,Aston Villa,36,Brighton,MID,5
133,130.0,7.0,2.0,7.0,True,2026-08-23T13:00:00Z,4.0,0.0,1.0,False,77.0,0.0,0.0,1.0,0.0,0.0,0.0,0.0,0.0,0.0,0.0,1.0,32.0,16.6,26.3,6.0,4.9,4.0,5.0,4.0,8.0,1.0,0.09,0.05,0.14,0.29,50.0,0.0,22925.0,0.0,0.0,130,Wieffer,Brighton,Mats,467779,,2,36,Mats_Wieffer,7,Aston Villa,36,Brighton,DEF,5
134,131.0,7.0,2.0,0.0,True,2026-08-23T13:00:00Z,4.0,0.0,1.0,False,0.0,0.0,0.0,0.0,0.0,0.0,0.0,0.0,0.0,0.0,0.0,0.0,0.0,0.0,0.0,0.0,0.0,0.0,0.0,0.0,0.0,0.0,0.0,0.0,0.0,0.0,50.0,0.0,17798.0,0.0,0.0,131,Baleba,Brighton,Carlos,535301,Ankle injury - Unknown return date,3,36,Carlos_Baleba,7,Aston Villa,36,Brighton,MID,5
135,132.0,7.0,2.0,0.0,True,2026-08-23T13:00:00Z,4.0,0.0,1.0,False,0.0,0.0,0.0,0.0,0.0,0.0,0.0,0.0,0.0,0.0,0.0,0.0,0.0,0.0,0.0,0.0,0.0,0.0,0.0,0.0,0.0,0.0,0.0,0.0,0.0,0.0,45.0,0.0,6770.0,0.0,0.0,132,Howell,Brighton,Harry,597320,Has joined Leicester City on loan for the rest of the season,3,36,Harry_Howell,7,Aston Villa,36,Brighton,MID,5
136,133.0,7.0,2.0,0.0,True,2026-08-23T13:00:00Z,4.0,0.0,1.0,False,0.0,0.0,0.0,0.0,0.0,0.0,0.0,0.0,0.0,0.0,0.0,0.0,0.0,0.0,0.0,0.0,0.0,0.0,0.0,0.0,0.0,0.0,0.0,0.0,0.0,0.0,50.0,0.0,241.0,0.0,0.0,133,Watson,Brighton,Tom,549074,Has joined Leicester City on loan for the rest of the season,3,36,Tom_Watson,7,Aston Villa,36,Brighton,MID,5
137,134.0,7.0,2.0,0.0,True,2026-08-23T13:00:00Z,4.0,0.0,1.0,False,0.0,0.0,0.0,0.0,0.0,0.0,0.0,0.0,0.0,0.0,0.0,0.0,0.0,0.0,0.0,0.0,0.0,0.0,0.0,0.0,0.0,0.0,0.0,0.0,0.0,0.0,45.0,0.0,24725.0,0.0,0.0,134,Oriola,Brighton,Nehemiah,556637,,3,36,Nehemiah_Oriola,7,Aston Villa,36,Brighton,MID,5
138,135.0,7.0,2.0,1.0,True,2026-08-23T13:00:00Z,4.0,0.0,1.0,False,12.0,0.0,0.0,0.0,0.0,0.0,0.0,0.0,0.0,0.0,0.0,0.0,3.0,0.2,1.3,0.0,0.2,0.0,0.0,0.0,0.0,0.0,0.0,0.03,0.03,0.0,50.0,0.0,6623.0,0.0,0.0,135,Yohanna,Brighton,Zadok,700308,,3,36,Zadok_Yohanna,7,Aston Villa,36,Brighton,MID,5
139,137.0,7.0,2.0,0.0,True,2026-08-23T13:00:00Z,4.0,0.0,1.0,False,0.0,0.0,0.0,0.0,0.0,0.0,0.0,0.0,0.0,0.0,0.0,0.0,0.0,0.0,0.0,0.0,0.0,0.0,0.0,0.0,0.0,0.0,0.0,0.0,0.0,0.0,55.0,0.0,879.0,0.0,0.0,137,Tzimas,Brighton,Stefanos,608181,Knee injury - Unknown return date,4,36,Stefanos_Tzimas,7,Aston Villa,36,Brighton,FWD,5
140,138.0,7.0,2.0,1.0,True,2026-08-23T13:00:00Z,4.0,0.0,1.0,False,26.0,0.0,0.0,0.0,0.0,0.0,0.0,0.0,0.0,0.0,0.0,0.0,-1.0,0.0,0.4,10.0,0.9,0.0,1.0,1.0,2.0,0.0,0.18,0.0,0.18,0.1,55.0,0.0,19339.0,0.0,0.0,138,Kostoulas,Brighton,Charalampos,647850,,4,36,Charalampos_Kostoulas,7,Aston Villa,36,Brighton,FWD,5
141,139.0,7.0,2.0,0.0,True,2026-08-23T13:00:00Z,4.0,0.0,1.0,False,0.0,0.0,0.0,0.0,0.0,0.0,0.0,0.0,0.0,0.0,0.0,0.0,0.0,0.0,0.0,0.0,0.0,0.0,0.0,0.0,0.0,0.0,0.0,0.0,0.0,0.0,50.0,0.0,2877.0,0.0,0.0,139,Ferguson,Brighton,Evan,487117,Ankle injury - Expected back 10 Oct,4,36,Evan_Ferguson,7,Aston Villa,36,Brighton,FWD,5
142,328.0,7.0,2.0,0.0,True,2026-08-23T13:00:00Z,4.0,0.0,1.0,False,0.0,0.0,0.0,0.0,0.0,0.0,0.0,0.0,0.0,0.0,0.0,0.0,0.0,0.0,0.0,0.0,0.0,0.0,0.0,0.0,0.0,0.0,0.0,0.0,0.0,0.0,50.0,0.0,19933.0,0.0,0.0,328,Struijk,Brighton,Pascal,222694,,2,36,Pascal_Struijk,7,Aston Villa,36,Brighton,DEF,5
143,504.0,7.0,2.0,6.0,True,2026-08-23T13:00:00Z,4.0,0.0,1.0,False,90.0,0.0,0.0,1.0,0.0,0.0,0.0,0.0,0.0,0.0,0.0,0.0,19.0,12.4,4.5,12.0,2.9,4.0,2.0,0.0,4.0,1.0,0.13,0.03,0.16,0.29,50.0,0.0,221596.0,0.0,0.0,504,Vušković,Brighton,Luka,610799,,2,36,Luka_Vušković,7,Aston Villa,36,Brighton,DEF,5
144,594.0,7.0,2.0,0.0,True,2026-08-23T13:00:00Z,4.0,0.0,1.0,False,0.0,0.0,0.0,0.0,0.0,0.0,0.0,0.0,0.0,0.0,0.0,0.0,0.0,0.0,0.0,0.0,0.0,0.0,0.0,0.0,0.0,0.0,0.0,0.0,0.0,0.0,60.0,0.0,20944.0,0.0,0.0,594,David,Brighton,Promise,538007,,4,36,Promise_David,7,Aston Villa,36,Brighton,FWD,5
145,600.0,7.0,2.0,1.0,True,2026-08-23T13:00:00Z,4.0,0.0,1.0,False,12.0,0.0,0.0,0.0,0.0,0.0,0.0,0.0,0.0,0.0,0.0,0.0,7.0,4.2,15.4,4.0,2.4,0.0,2.0,0.0,2.0,0.0,0.0,0.05,0.05,0.0,50.0,0.0,633.0,0.0,0.0,600,Osman,Brighton,Ibrahim,612855,,3,36,Ibrahim_Osman,7,Aston Villa,36,Brighton,MID,5
146,605.0,7.0,2.0,1.0,True,2026-08-23T13:00:00Z,4.0,0.0,1.0,False,4.0,0.0,0.0,0.0,0.0,0.0,0.0,0.0,0.0,0.0,0.0,0.0,3.0,0.6,2.7,0.0,0.3,0.0,0.0,0.0,0.0,0.0,0.0,0.01,0.01,0.0,45.0,0.0,0.0,0.0,0.0,605,Yalcouyé,Brighton,Malick,611695,,3,36,Malick_Yalcouyé,7,Aston Villa,36,Brighton,MID,5
147,40.0,10.0,10.0,8.0,False,2026-08-24T19:00:00Z,2.0,3.0,1.0,False,81.0,1.0,0.0,0.0,2.0,0.0,0.0,0.0,0.0,0.0,0.0,1.0,37.0,48.8,53.5,29.0,13.1,0.0,5.0,2.0,7.0,1.0,0.96,0.1,1.06,1.24,75.0,0.0,2178086.0,0.0,0.0,40,Rogers,Chelsea,Morgan,244850,,3,8,Morgan_Rogers,54,Fulham,8,Chelsea,MID,6
148,101.0,10.0,10.0,0.0,False,2026-08-24T19:00:00Z,2.0,3.0,1.0,False,0.0,0.0,0.0,0.0,0.0,0.0,0.0,0.0,0.0,0.0,0.0,0.0,0.0,0.0,0.0,0.0,0.0,0.0,0.0,0.0,0.0,0.0,0.0,0.0,0.0,0.0,50.0,0.0,3629.0,0.0,0.0,101,Henderson,Chelsea,Jordan,56979,Wrist injury - 75% chance of playing,3,8,Jordan_Henderson,54,Fulham,8,Chelsea,MID,6
149,136.0,10.0,10.0,0.0,False,2026-08-24T19:00:00Z,2.0,3.0,1.0,False,0.0,0.0,0.0,0.0,0.0,0.0,0.0,0.0,0.0,0.0,0.0,0.0,0.0,0.0,0.0,0.0,0.0,0.0,0.0,0.0,0.0,0.0,0.0,0.0,0.0,0.0,60.0,0.0,112037.0,0.0,0.0,136,Welbeck,Chelsea,Danny,50175,,4,8,Danny_Welbeck,54,Fulham,8,Chelsea,FWD,6
150,140.0,10.0,10.0,2.0,False,2026-08-24T19:00:00Z,2.0,3.0,1.0,False,90.0,0.0,0.0,0.0,2.0,0.0,0.0,0.0,0.0,0.0,4.0,0.0,6.0,21.4,0.0,0.0,2.1,1.0,5.0,0.0,0.0,1.0,0.0,0.01,0.01,1.33,50.0,0.0,207899.0,0.0,0.0,140,Lynch Sánchez,Chelsea,Robert,215059,,1,8,Robert_Lynch Sánchez,54,Fulham,8,Chelsea,GKP,6
151,141.0,10.0,10.0,0.0,False,2026-08-24T19:00:00Z,2.0,3.0,1.0,False,0.0,0.0,0.0,0.0,0.0,0.0,0.0,0.0,0.0,0.0,0.0,0.0,0.0,0.0,0.0,0.0,0.0,0.0,0.0,0.0,0.0,0.0,0.0,0.0,0.0,0.0,50.0,0.0,1796.0,0.0,0.0,141,Jörgensen,Chelsea,Filip,508479,Has joined RC Strasbourg on loan for the rest of the season,1,8,Filip_Jörgensen,54,Fulham,8,Chelsea,GKP,6
152,142.0,10.0,10.0,0.0,False,2026-08-24T19:00:00Z,2.0,3.0,1.0,False,90.0,0.0,0.0,0.0,2.0,0.0,0.0,0.0,1.0,0.0,0.0,0.0,5.0,23.4,16.8,19.0,5.9,6.0,4.0,0.0,6.0,1.0,0.1,0.07,0.17,1.33,55.0,0.0,879361.0,0.0,0.0,142,James,Chelsea,Reece,225796,,2,8,Reece_James,54,Fulham,8,Chelsea,DEF,6
153,143.0,10.0,10.0,0.0,False,2026-08-24T19:00:00Z,2.0,3.0,1.0,False,0.0,0.0,0.0,0.0,0.0,0.0,0.0,0.0,0.0,0.0,0.0,0.0,0.0,0.0,0.0,0.0,0.0,0.0,0.0,0.0,0.0,0.0,0.0,0.0,0.0,0.0,55.0,0.0,21121.0,0.0,0.0,143,Chalobah,Chelsea,Trevoh,180736,Has joined Como permanently,2,8,Trevoh_Chalobah,54,Fulham,8,Chelsea,DEF,6
154,144.0,10.0,10.0,1.0,False,2026-08-24T19:00:00Z,2.0,3.0,1.0,False,75.0,0.0,0.0,0.0,2.0,0.0,0.0,0.0,0.0,0.0,0.0,0.0,2.0,7.2,9.8,6.0,2.3,2.0,4.0,1.0,3.0,1.0,0.0,0.03,0.03,1.11,50.0,0.0,98423.0,0.0,0.0,144,Gusto,Chelsea,Malo,482609,,2,8,Malo_Gusto,54,Fulham,8,Chelsea,DEF,6
155,145.0,10.0,10.0,0.0,False,2026-08-24T19:00:00Z,2.0,3.0,1.0,False,0.0,0.0,0.0,0.0,0.0,0.0,0.0,0.0,0.0,0.0,0.0,0.0,0.0,0.0,0.0,0.0,0.0,0.0,0.0,0.0,0.0,0.0,0.0,0.0,0.0,0.0,50.0,0.0,1057.0,0.0,0.0,145,Fofana,Chelsea,Wesley,444463,,2,8,Wesley_Fofana,54,Fulham,8,Chelsea,DEF,6
156,146.0,10.0,10.0,0.0,False,2026-08-24T19:00:00Z,2.0,3.0,1.0,False,0.0,0.0,0.0,0.0,0.0,0.0,0.0,0.0,0.0,0.0,0.0,0.0,0.0,0.0,0.0,0.0,0.0,0.0,0.0,0.0,0.0,0.0,0.0,0.0,0.0,0.0,45.0,0.0,2313.0,0.0,0.0,146,Badiashile Mukinayi,Chelsea,Benoît,242880,Has joined Napoli on loan for the rest of the season,2,8,Benoît_Badiashile Mukinayi,54,Fulham,8,Chelsea,DEF,6
157,147.0,10.0,10.0,0.0,False,2026-08-24T19:00:00Z,2.0,3.0,1.0,False,0.0,0.0,0.0,0.0,0.0,0.0,0.0,0.0,0.0,0.0,0.0,0.0,0.0,0.0,0.0,0.0,0.0,0.0,0.0,0.0,0.0,0.0,0.0,0.0,0.0,0.0,45.0,0.0,18070.0,0.0,0.0,147,Adarabioyo,Chelsea,Tosin,109646,,2,8,Tosin_Adarabioyo,54,Fulham,8,Chelsea,DEF,6
158,148.0,10.0,10.0,1.0,False,2026-08-24T19:00:00Z,2.0,3.0,1.0,False,64.0,0.0,0.0,0.0,2.0,0.0,0.0,0.0,0.0,0.0,0.0,0.0,5.0,8.4,12.3,11.0,3.2,1.0,2.0,2.0,3.0,1.0,0.01,0.03,0.04,1.05,45.0,0.0,40724.0,0.0,0.0,148,Hato,Chelsea,Jorrel,551210,,2,8,Jorrel_Hato,54,Fulham,8,Chelsea,DEF,6
159,149.0,10.0,10.0,0.0,False,2026-08-24T19:00:00Z,2.0,3.0,1.0,False,90.0,0.0,0.0,0.0,2.0,0.0,0.0,0.0,1.0,0.0,0.0,0.0,6.0,6.0,1.6,7.0,1.5,2.0,3.0,2.0,4.0,1.0,0.01,0.03,0.04,1.33,50.0,0.0,142918.0,0.0,0.0,149,Samuels Colwill,Chelsea,Levi,460028,,2,8,Levi_Samuels Colwill,54,Fulham,8,Chelsea,DEF,6
160,150.0,10.0,10.0,0.0,False,2026-08-24T19:00:00Z,2.0,3.0,1.0,False,0.0,0.0,0.0,0.0,0.0,0.0,0.0,0.0,0.0,0.0,0.0,0.0,0.0,0.0,0.0,0.0,0.0,0.0,0.0,0.0,0.0,0.0,0.0,0.0,0.0,0.0,45.0,0.0,6689.0,0.0,0.0,150,Sarr,Chelsea,Mamadou,574458,,2,8,Mamadou_Sarr,54,Fulham,8,Chelsea,DEF,6
161,151.0,10.0,10.0,3.0,False,2026-08-24T19:00:00Z,2.0,3.0,1.0,False,90.0,0.0,0.0,0.0,2.0,0.0,0.0,0.0,0.0,0.0,0.0,0.0,13.0,33.2,2.2,2.0,3.7,10.0,6.0,5.0,15.0,1.0,0.0,0.01,0.01,1.33,45.0,0.0,24066.0,0.0,0.0,151,Acheampong,Chelsea,Josh,577016,,2,8,Josh_Acheampong,54,Fulham,8,Chelsea,DEF,6
162,152.0,10.0,10.0,0.0,False,2026-08-24T19:00:00Z,2.0,3.0,1.0,False,0.0,0.0,0.0,0.0,0.0,0.0,0.0,0.0,0.0,0.0,0.0,0.0,0.0,0.0,0.0,0.0,0.0,0.0,0.0,0.0,0.0,0.0,0.0,0.0,0.0,0.0,55.0,0.0,263643.0,0.0,0.0,152,Palestra,Chelsea,Marco,620109,Unspecified injury - 75% chance of playing,2,8,Marco_Palestra,54,Fulham,8,Chelsea,DEF,6
163,153.0,10.0,10.0,0.0,False,2026-08-24T19:00:00Z,2.0,3.0,1.0,False,0.0,0.0,0.0,0.0,0.0,0.0,0.0,0.0,0.0,0.0,0.0,0.0,0.0,0.0,0.0,0.0,0.0,0.0,0.0,0.0,0.0,0.0,0.0,0.0,0.0,0.0,45.0,0.0,5243.0,0.0,0.0,153,Disasi,Chelsea,Axel,220362,,2,8,Axel_Disasi,54,Fulham,8,Chelsea,DEF,6
164,154.0,10.0,10.0,13.0,False,2026-08-24T19:00:00Z,2.0,3.0,1.0,False,82.0,1.0,1.0,0.0,2.0,0.0,0.0,0.0,0.0,0.0,0.0,3.0,60.0,65.2,41.3,54.0,16.1,0.0,7.0,2.0,9.0,1.0,0.28,0.19,0.47,1.24,95.0,0.0,919516.0,0.0,0.0,154,Palmer,Chelsea,Cole,244851,,3,8,Cole_Palmer,54,Fulham,8,Chelsea,MID,6
165,155.0,10.0,10.0,1.0,False,2026-08-24T19:00:00Z,2.0,3.0,1.0,False,25.0,0.0,0.0,0.0,0.0,0.0,0.0,0.0,0.0,0.0,0.0,0.0,6.0,3.4,12.0,0.0,1.5,0.0,3.0,0.0,3.0,0.0,0.0,0.02,0.02,0.28,70.0,0.0,442051.0,0.0,0.0,155,Fernández,Chelsea,Enzo,448047,,3,8,Enzo_Fernández,54,Fulham,8,Chelsea,MID,6
166,156.0,10.0,10.0,1.0,False,2026-08-24T19:00:00Z,2.0,3.0,1.0,False,14.0,0.0,0.0,0.0,0.0,0.0,0.0,0.0,0.0,0.0,0.0,0.0,9.0,5.2,4.1,4.0,1.3,0.0,3.0,1.0,4.0,0.0,0.03,0.07,0.1,0.22,65.0,0.0,116795.0,0.0,0.0,156,Lomba Neto,Chelsea,Pedro,247632,,3,8,Pedro_Lomba Neto,54,Fulham,8,Chelsea,MID,6
167,157.0,10.0,10.0,1.0,False,2026-08-24T19:00:00Z,2.0,3.0,1.0,False,7.0,0.0,0.0,0.0,0.0,0.0,0.0,0.0,0.0,0.0,0.0,0.0,3.0,0.2,0.4,0.0,0.1,0.0,1.0,0.0,1.0,0.0,0.0,0.0,0.0,0.09,65.0,0.0,109575.0,0.0,0.0,157,Almeida de Oliveira Gonçalves,Chelsea,Estêvão,624773,,3,8,Estêvão_Almeida de Oliveira Gonçalves,54,Fulham,8,Chelsea,MID,6
168,158.0,10.0,10.0,0.0,False,2026-08-24T19:00:00Z,2.0,3.0,1.0,False,0.0,0.0,0.0,0.0,0.0,0.0,0.0,0.0,0.0,0.0,0.0,0.0,0.0,0.0,0.0,0.0,0.0,0.0,0.0,0.0,0.0,0.0,0.0,0.0,0.0,0.0,60.0,0.0,3231.0,0.0,0.0,158,Bynoe-Gittens,Chelsea,Jamie,463936,,3,8,Jamie_Bynoe-Gittens,54,Fulham,8,Chelsea,MID,6
169,159.0,10.0,10.0,0.0,False,2026-08-24T19:00:00Z,2.0,3.0,1.0,False,0.0,0.0,0.0,0.0,0.0,0.0,0.0,0.0,0.0,0.0,0.0,0.0,0.0,0.0,0.0,0.0,0.0,0.0,0.0,0.0,0.0,0.0,0.0,0.0,0.0,0.0,55.0,0.0,347122.0,0.0,0.0,159,Caicedo Corozo,Chelsea,Moisés,486672,Unspecified injury - 75% chance of playing,3,8,Moisés_Caicedo Corozo,54,Fulham,8,Chelsea,MID,6
170,161.0,10.0,10.0,1.0,False,2026-08-24T19:00:00Z,2.0,3.0,1.0,False,64.0,0.0,0.0,0.0,2.0,0.0,0.0,0.0,1.0,0.0,0.0,0.0,8.0,13.6,21.9,33.0,6.9,2.0,4.0,3.0,9.0,1.0,0.21,0.03,0.24,1.05,50.0,0.0,4654.0,0.0,0.0,161,Lavia,Chelsea,Roméo,514356,,3,8,Roméo_Lavia,54,Fulham,8,Chelsea,MID,6
171,163.0,10.0,10.0,0.0,False,2026-08-24T19:00:00Z,2.0,3.0,1.0,False,0.0,0.0,0.0,0.0,0.0,0.0,0.0,0.0,0.0,0.0,0.0,0.0,0.0,0.0,0.0,0.0,0.0,0.0,0.0,0.0,0.0,0.0,0.0,0.0,0.0,0.0,45.0,0.0,18298.0,0.0,0.0,163,Luís Essugo,Chelsea,Dário,491007,,3,8,Dário_Luís Essugo,54,Fulham,8,Chelsea,MID,6
172,164.0,10.0,10.0,1.0,False,2026-08-24T19:00:00Z,2.0,3.0,1.0,False,8.0,0.0,0.0,0.0,0.0,0.0,0.0,0.0,0.0,0.0,0.0,0.0,2.0,1.2,0.3,2.0,0.4,1.0,0.0,0.0,1.0,0.0,0.0,0.0,0.0,0.09,55.0,0.0,3758.0,0.0,0.0,164,Quenda,Chelsea,Geovany,593117,,3,8,Geovany_Quenda,54,Fulham,8,Chelsea,MID,6
173,165.0,10.0,10.0,11.0,False,2026-08-24T19:00:00Z,2.0,3.0,1.0,False,90.0,1.0,1.0,0.0,2.0,0.0,0.0,0.0,0.0,0.0,0.0,2.0,45.0,51.2,23.0,37.0,11.1,1.0,2.0,0.0,3.0,1.0,0.63,0.06,0.69,1.33,75.0,0.0,5764207.0,0.0,0.0,165,Junqueira de Jesus,Chelsea,João Pedro,475168,,4,8,João Pedro_Junqueira de Jesus,54,Fulham,8,Chelsea,FWD,6
174,166.0,10.0,10.0,0.0,False,2026-08-24T19:00:00Z,2.0,3.0,1.0,False,0.0,0.0,0.0,0.0,0.0,0.0,0.0,0.0,0.0,0.0,0.0,0.0,0.0,0.0,0.0,0.0,0.0,0.0,0.0,0.0,0.0,0.0,0.0,0.0,0.0,0.0,65.0,0.0,29435.0,0.0,0.0,166,Jackson,Chelsea,Nicolas,517052,,4,8,Nicolas_Jackson,54,Fulham,8,Chelsea,FWD,6
175,167.0,10.0,10.0,0.0,False,2026-08-24T19:00:00Z,2.0,3.0,1.0,False,0.0,0.0,0.0,0.0,0.0,0.0,0.0,0.0,0.0,0.0,0.0,0.0,0.0,0.0,0.0,0.0,0.0,0.0,0.0,0.0,0.0,0.0,0.0,0.0,0.0,0.0,55.0,0.0,40156.0,0.0,0.0,167,Delap,Chelsea,Liam,463034,,4,8,Liam_Delap,54,Fulham,8,Chelsea,FWD,6
176,168.0,10.0,10.0,0.0,False,2026-08-24T19:00:00Z,2.0,3.0,1.0,False,0.0,0.0,0.0,0.0,0.0,0.0,0.0,0.0,0.0,0.0,0.0,0.0,0.0,0.0,0.0,0.0,0.0,0.0,0.0,0.0,0.0,0.0,0.0,0.0,0.0,0.0,50.0,0.0,42801.0,0.0,0.0,168,Guiu Paz,Chelsea,Marc,499309,,4,8,Marc_Guiu Paz,54,Fulham,8,Chelsea,FWD,6
177,169.0,10.0,10.0,0.0,False,2026-08-24T19:00:00Z,2.0,3.0,1.0,False,0.0,0.0,0.0,0.0,0.0,0.0,0.0,0.0,0.0,0.0,0.0,0.0,0.0,0.0,0.0,0.0,0.0,0.0,0.0,0.0,0.0,0.0,0.0,0.0,0.0,0.0,45.0,0.0,30422.0,0.0,0.0,169,Mheuka,Chelsea,Shumaira,567119,,4,8,Shumaira_Mheuka,54,Fulham,8,Chelsea,FWD,6
178,170.0,10.0,10.0,0.0,False,2026-08-24T19:00:00Z,2.0,3.0,1.0,False,0.0,0.0,0.0,0.0,0.0,0.0,0.0,0.0,0.0,0.0,0.0,0.0,0.0,0.0,0.0,0.0,0.0,0.0,0.0,0.0,0.0,0.0,0.0,0.0,0.0,0.0,50.0,0.0,11724.0,0.0,0.0,170,Emegha,Chelsea,Emmanuel,503037,,4,8,Emmanuel_Emegha,54,Fulham,8,Chelsea,FWD,6
179,200.0,10.0,10.0,6.0,False,2026-08-24T19:00:00Z,2.0,3.0,1.0,False,90.0,0.0,1.0,0.0,2.0,0.0,0.0,0.0,0.0,0.0,0.0,0.0,25.0,44.2,11.2,2.0,5.7,7.0,2.0,5.0,12.0,1.0,0.0,0.2,0.2,1.33,60.0,0.0,792478.0,0.0,0.0,200,Lacroix,Chelsea,Maxence,437499,,2,8,Maxence_Lacroix,54,Fulham,8,Chelsea,DEF,6
180,560.0,10.0,10.0,0.0,False,2026-08-24T19:00:00Z,2.0,3.0,1.0,False,0.0,0.0,0.0,0.0,0.0,0.0,0.0,0.0,0.0,0.0,0.0,0.0,0.0,0.0,0.0,0.0,0.0,0.0,0.0,0.0,0.0,0.0,0.0,0.0,0.0,0.0,45.0,0.0,6087.0,0.0,0.0,560,Penders,Chelsea,Mike,549939,,1,8,Mike_Penders,54,Fulham,8,Chelsea,GKP,6
181,561.0,10.0,10.0,0.0,False,2026-08-24T19:00:00Z,2.0,3.0,1.0,False,0.0,0.0,0.0,0.0,0.0,0.0,0.0,0.0,0.0,0.0,0.0,0.0,0.0,0.0,0.0,0.0,0.0,0.0,0.0,0.0,0.0,0.0,0.0,0.0,0.0,0.0,45.0,0.0,1770.0,0.0,0.0,561,Anselmino,Chelsea,Aaron,622758,Hamstring injury - 25% chance of playing,2,8,Aaron_Anselmino,54,Fulham,8,Chelsea,DEF,6
182,568.0,10.0,10.0,0.0,False,2026-08-24T19:00:00Z,2.0,3.0,1.0,False,0.0,0.0,0.0,0.0,0.0,0.0,0.0,0.0,0.0,0.0,0.0,0.0,0.0,0.0,0.0,0.0,0.0,0.0,0.0,0.0,0.0,0.0,0.0,0.0,0.0,0.0,55.0,0.0,12041.0,0.0,0.0,568,Barco,Chelsea,Valentín,543158,,3,8,Valentín_Barco,54,Fulham,8,Chelsea,MID,6
183,578.0,10.0,10.0,0.0,False,2026-08-24T19:00:00Z,2.0,3.0,1.0,False,0.0,0.0,0.0,0.0,0.0,0.0,0.0,0.0,0.0,0.0,0.0,0.0,0.0,0.0,0.0,0.0,0.0,0.0,0.0,0.0,0.0,0.0,0.0,0.0,0.0,0.0,55.0,0.0,3847.0,0.0,0.0,578,Mudryk,Chelsea,Mykhailo,465920,,3,8,Mykhailo_Mudryk,54,Fulham,8,Chelsea,MID,6
184,583.0,10.0,10.0,1.0,False,2026-08-24T19:00:00Z,2.0,3.0,1.0,False,25.0,0.0,0.0,0.0,0.0,0.0,0.0,0.0,0.0,0.0,0.0,0.0,3.0,2.4,0.2,2.0,0.5,1.0,1.0,0.0,1.0,0.0,0.0,0.0,0.0,0.28,50.0,0.0,17073.0,0.0,0.0,583,Chavarría,Chelsea,Pep,498444,,2,8,Pep_Chavarría,54,Fulham,8,Chelsea,DEF,6
185,104.0,1.0,1.0,2.0,False,2026-08-21T19:00:00Z,3.0,0.0,1.0,False,90.0,0.0,0.0,0.0,3.0,0.0,0.0,0.0,0.0,0.0,0.0,0.0,8.0,3.6,1.6,0.0,0.5,3.0,5.0,1.0,9.0,1.0,0.0,0.01,0.01,1.88,50.0,0.0,13188.0,0.0,0.0,104,Onyeka,Coventry City,Frank,428580,,3,9,Frank_Onyeka,3,Arsenal,9,Coventry City,MID,7
186,110.0,1.0,1.0,1.0,False,2026-08-21T19:00:00Z,3.0,0.0,1.0,False,90.0,0.0,0.0,0.0,3.0,0.0,0.0,0.0,0.0,0.0,2.0,0.0,0.0,14.2,0.0,0.0,1.4,1.0,7.0,0.0,0.0,1.0,0.0,0.01,0.01,1.88,45.0,0.0,100521.0,0.0,0.0,110,Rushworth,Coventry City,Carl,472739,,1,9,Carl_Rushworth,3,Arsenal,9,Coventry City,GKP,7
187,171.0,1.0,1.0,0.0,False,2026-08-21T19:00:00Z,3.0,0.0,1.0,False,0.0,0.0,0.0,0.0,0.0,0.0,0.0,0.0,0.0,0.0,0.0,0.0,0.0,0.0,0.0,0.0,0.0,0.0,0.0,0.0,0.0,0.0,0.0,0.0,0.0,0.0,40.0,0.0,142267.0,0.0,0.0,171,Dovin,Coventry City,Oliver,484389,,1,9,Oliver_Dovin,3,Arsenal,9,Coventry City,GKP,7
188,172.0,1.0,1.0,0.0,False,2026-08-21T19:00:00Z,3.0,0.0,1.0,False,0.0,0.0,0.0,0.0,0.0,0.0,0.0,0.0,0.0,0.0,0.0,0.0,0.0,0.0,0.0,0.0,0.0,0.0,0.0,0.0,0.0,0.0,0.0,0.0,0.0,0.0,45.0,0.0,42690.0,0.0,0.0,172,Wilson,Coventry City,Ben,110690,,1,9,Ben_Wilson,3,Arsenal,9,Coventry City,GKP,7
189,173.0,1.0,1.0,3.0,False,2026-08-21T19:00:00Z,3.0,0.0,1.0,False,90.0,0.0,0.0,0.0,3.0,0.0,0.0,0.0,0.0,0.0,0.0,0.0,11.0,23.2,11.2,1.0,3.5,9.0,2.0,1.0,10.0,1.0,0.02,0.01,0.03,1.88,40.0,0.0,721945.0,0.0,0.0,173,Thomas,Coventry City,Bobby,461102,,2,9,Bobby_Thomas,3,Arsenal,9,Coventry City,DEF,7
190,174.0,1.0,1.0,0.0,False,2026-08-21T19:00:00Z,3.0,0.0,1.0,False,0.0,0.0,0.0,0.0,0.0,0.0,0.0,0.0,0.0,0.0,0.0,0.0,0.0,0.0,0.0,0.0,0.0,0.0,0.0,0.0,0.0,0.0,0.0,0.0,0.0,0.0,40.0,0.0,60272.0,0.0,0.0,174,Kitching,Coventry City,Liam,436761,,2,9,Liam_Kitching,3,Arsenal,9,Coventry City,DEF,7
191,175.0,1.0,1.0,1.0,False,2026-08-21T19:00:00Z,3.0,0.0,1.0,False,90.0,0.0,0.0,0.0,3.0,0.0,0.0,0.0,0.0,0.0,0.0,0.0,-8.0,10.6,2.0,2.0,1.5,6.0,3.0,1.0,7.0,1.0,0.0,0.01,0.01,1.88,40.0,0.0,1257228.0,0.0,0.0,175,van Ewijk,Coventry City,Milan,451284,,2,9,Milan_van Ewijk,3,Arsenal,9,Coventry City,DEF,7
192,176.0,1.0,1.0,1.0,False,2026-08-21T19:00:00Z,3.0,0.0,1.0,False,90.0,0.0,0.0,0.0,3.0,0.0,0.0,0.0,0.0,0.0,0.0,0.0,-4.0,13.8,3.8,0.0,1.8,6.0,1.0,0.0,6.0,1.0,0.0,0.02,0.02,1.88,40.0,0.0,73424.0,0.0,0.0,176,Dasilva,Coventry City,Jay,173878,,2,9,Jay_Dasilva,3,Arsenal,9,Coventry City,DEF,7
193,177.0,1.0,1.0,0.0,False,2026-08-21T19:00:00Z,3.0,0.0,1.0,False,0.0,0.0,0.0,0.0,0.0,0.0,0.0,0.0,0.0,0.0,0.0,0.0,0.0,0.0,0.0,0.0,0.0,0.0,0.0,0.0,0.0,0.0,0.0,0.0,0.0,0.0,40.0,0.0,6032.0,0.0,0.0,177,Kesler-Hayden,Coventry City,Kaine,465390,,2,9,Kaine_Kesler-Hayden,3,Arsenal,9,Coventry City,DEF,7
194,178.0,1.0,1.0,0.0,False,2026-08-21T19:00:00Z,3.0,0.0,1.0,False,0.0,0.0,0.0,0.0,0.0,0.0,0.0,0.0,0.0,0.0,0.0,0.0,0.0,0.0,0.0,0.0,0.0,0.0,0.0,0.0,0.0,0.0,0.0,0.0,0.0,0.0,40.0,0.0,7091.0,0.0,0.0,178,Bidwell,Coventry City,Jake,80178,,2,9,Jake_Bidwell,3,Arsenal,9,Coventry City,DEF,7
195,179.0,1.0,1.0,0.0,False,2026-08-21T19:00:00Z,3.0,0.0,1.0,False,0.0,0.0,0.0,0.0,0.0,0.0,0.0,0.0,0.0,0.0,0.0,0.0,0.0,0.0,0.0,0.0,0.0,0.0,0.0,0.0,0.0,0.0,0.0,0.0,0.0,0.0,40.0,0.0,3977.0,0.0,0.0,179,Latibeaudiere,Coventry City,Joel,204813,,2,9,Joel_Latibeaudiere,3,Arsenal,9,Coventry City,DEF,7
196,180.0,1.0,1.0,0.0,False,2026-08-21T19:00:00Z,3.0,0.0,1.0,False,0.0,0.0,0.0,0.0,0.0,0.0,0.0,0.0,0.0,0.0,0.0,0.0,0.0,0.0,0.0,0.0,0.0,0.0,0.0,0.0,0.0,0.0,0.0,0.0,0.0,0.0,40.0,0.0,16501.0,0.0,0.0,180,Woolfenden,Coventry City,Luke,220583,,2,9,Luke_Woolfenden,3,Arsenal,9,Coventry City,DEF,7
197,181.0,1.0,1.0,0.0,False,2026-08-21T19:00:00Z,3.0,0.0,1.0,False,0.0,0.0,0.0,0.0,0.0,0.0,0.0,0.0,0.0,0.0,0.0,0.0,0.0,0.0,0.0,0.0,0.0,0.0,0.0,0.0,0.0,0.0,0.0,0.0,0.0,0.0,40.0,0.0,3736.0,0.0,0.0,181,Brau,Coventry City,Miguel,577411,,2,9,Miguel_Brau,3,Arsenal,9,Coventry City,DEF,7
198,182.0,1.0,1.0,1.0,False,2026-08-21T19:00:00Z,3.0,0.0,1.0,False,90.0,0.0,0.0,0.0,3.0,0.0,0.0,0.0,0.0,0.0,0.0,0.0,1.0,28.8,0.8,0.0,3.0,9.0,4.0,0.0,9.0,1.0,0.0,0.01,0.01,1.88,40.0,0.0,75420.0,0.0,0.0,182,Amenda,Coventry City,Aurèle,539142,,2,9,Aurèle_Amenda,3,Arsenal,9,Coventry City,DEF,7
199,183.0,1.0,1.0,1.0,False,2026-08-21T19:00:00Z,3.0,0.0,1.0,False,20.0,0.0,0.0,0.0,0.0,0.0,0.0,0.0,0.0,0.0,0.0,0.0,3.0,5.6,3.8,17.0,2.6,0.0,4.0,1.0,5.0,0.0,0.15,0.0,0.15,0.29,50.0,0.0,13002.0,0.0,0.0,183,Rudoni,Coventry City,Jack,480457,,3,9,Jack_Rudoni,3,Arsenal,9,Coventry City,MID,7
200,184.0,1.0,1.0,2.0,False,2026-08-21T19:00:00Z,3.0,0.0,1.0,False,90.0,0.0,0.0,0.0,3.0,0.0,0.0,0.0,0.0,0.0,0.0,0.0,14.0,13.4,3.7,0.0,1.7,4.0,3.0,0.0,7.0,1.0,0.0,0.01,0.01,1.88,50.0,0.0,17412.0,0.0,0.0,184,Grimes,Coventry City,Matt,168144,,3,9,Matt_Grimes,3,Arsenal,9,Coventry City,MID,7
201,185.0,1.0,1.0,0.0,False,2026-08-21T19:00:00Z,3.0,0.0,1.0,False,0.0,0.0,0.0,0.0,0.0,0.0,0.0,0.0,0.0,0.0,0.0,0.0,0.0,0.0,0.0,0.0,0.0,0.0,0.0,0.0,0.0,0.0,0.0,0.0,0.0,0.0,50.0,0.0,10294.0,0.0,0.0,185,Sakamoto,Coventry City,Tatsuhiro,501459,,3,9,Tatsuhiro_Sakamoto,3,Arsenal,9,Coventry City,MID,7
202,186.0,1.0,1.0,0.0,False,2026-08-21T19:00:00Z,3.0,0.0,1.0,False,0.0,0.0,0.0,0.0,0.0,0.0,0.0,0.0,0.0,0.0,0.0,0.0,0.0,0.0,0.0,0.0,0.0,0.0,0.0,0.0,0.0,0.0,0.0,0.0,0.0,0.0,55.0,0.0,11314.0,0.0,0.0,186,Mason-Clark,Coventry City,Ephron,241293,,3,9,Ephron_Mason-Clark,3,Arsenal,9,Coventry City,MID,7
203,187.0,1.0,1.0,0.0,False,2026-08-21T19:00:00Z,3.0,0.0,1.0,False,0.0,0.0,0.0,0.0,0.0,0.0,0.0,0.0,0.0,0.0,0.0,0.0,0.0,0.0,0.0,0.0,0.0,0.0,0.0,0.0,0.0,0.0,0.0,0.0,0.0,0.0,50.0,0.0,1503.0,0.0,0.0,187,Eccles,Coventry City,Josh,439668,,3,9,Josh_Eccles,3,Arsenal,9,Coventry City,MID,7
204,188.0,1.0,1.0,1.0,False,2026-08-21T19:00:00Z,3.0,0.0,1.0,False,28.0,0.0,0.0,0.0,0.0,0.0,0.0,0.0,0.0,0.0,0.0,0.0,8.0,6.8,16.4,0.0,2.3,1.0,0.0,0.0,1.0,0.0,0.0,0.11,0.11,0.32,55.0,0.0,15509.0,0.0,0.0,188,Torp,Coventry City,Victor,226965,,3,9,Victor_Torp,3,Arsenal,9,Coventry City,MID,7
205,189.0,1.0,1.0,0.0,False,2026-08-21T19:00:00Z,3.0,0.0,1.0,False,0.0,0.0,0.0,0.0,0.0,0.0,0.0,0.0,0.0,0.0,0.0,0.0,0.0,0.0,0.0,0.0,0.0,0.0,0.0,0.0,0.0,0.0,0.0,0.0,0.0,0.0,45.0,0.0,28435.0,0.0,0.0,189,Shepherd,Coventry City,George,684268,,3,9,George_Shepherd,3,Arsenal,9,Coventry City,MID,7
206,190.0,1.0,1.0,2.0,False,2026-08-21T19:00:00Z,3.0,0.0,1.0,False,81.0,0.0,0.0,0.0,3.0,0.0,0.0,0.0,0.0,0.0,0.0,0.0,11.0,1.8,6.0,3.0,1.1,3.0,5.0,0.0,8.0,1.0,0.04,0.02,0.06,1.76,55.0,0.0,12321.0,0.0,0.0,190,Tchaouna,Coventry City,Loum,469272,,3,9,Loum_Tchaouna,3,Arsenal,9,Coventry City,MID,7
207,191.0,1.0,1.0,0.0,False,2026-08-21T19:00:00Z,3.0,0.0,1.0,False,0.0,0.0,0.0,0.0,0.0,0.0,0.0,0.0,0.0,0.0,0.0,0.0,0.0,0.0,0.0,0.0,0.0,0.0,0.0,0.0,0.0,0.0,0.0,0.0,0.0,0.0,45.0,0.0,16813.0,0.0,0.0,191,Borges Rodrigues,Coventry City,Raphael,492498,,3,9,Raphael_Borges Rodrigues,3,Arsenal,9,Coventry City,MID,7
208,192.0,1.0,1.0,0.0,False,2026-08-21T19:00:00Z,3.0,0.0,1.0,False,0.0,0.0,0.0,0.0,0.0,0.0,0.0,0.0,0.0,0.0,0.0,0.0,0.0,0.0,0.0,0.0,0.0,0.0,0.0,0.0,0.0,0.0,0.0,0.0,0.0,0.0,45.0,0.0,62690.0,0.0,0.0,192,Andrews,Coventry City,Kaine,629397,,3,9,Kaine_Andrews,3,Arsenal,9,Coventry City,MID,7
209,193.0,1.0,1.0,0.0,False,2026-08-21T19:00:00Z,3.0,0.0,1.0,False,0.0,0.0,0.0,0.0,0.0,0.0,0.0,0.0,0.0,0.0,0.0,0.0,0.0,0.0,0.0,0.0,0.0,0.0,0.0,0.0,0.0,0.0,0.0,0.0,0.0,0.0,55.0,0.0,18871.0,0.0,0.0,193,Wright,Coventry City,Haji,176412,Thigh injury - Unknown return date,4,9,Haji_Wright,3,Arsenal,9,Coventry City,FWD,7
210,194.0,1.0,1.0,2.0,False,2026-08-21T19:00:00Z,3.0,0.0,1.0,False,69.0,0.0,0.0,0.0,3.0,0.0,0.0,0.0,0.0,0.0,0.0,0.0,9.0,4.6,1.1,0.0,0.6,5.0,1.0,0.0,6.0,1.0,0.0,0.02,0.02,1.6,50.0,0.0,66198.0,0.0,0.0,194,Thomas-Asante,Coventry City,Brandon,230730,,4,9,Brandon_Thomas-Asante,3,Arsenal,9,Coventry City,FWD,7
211,195.0,1.0,1.0,2.0,False,2026-08-21T19:00:00Z,3.0,0.0,1.0,False,69.0,0.0,0.0,0.0,3.0,0.0,0.0,0.0,0.0,0.0,0.0,0.0,7.0,2.6,12.3,2.0,1.7,1.0,2.0,0.0,3.0,1.0,0.0,0.01,0.01,1.6,50.0,0.0,78607.0,0.0,0.0,195,Simms,Coventry City,Ellis,218997,,4,9,Ellis_Simms,3,Arsenal,9,Coventry City,FWD,7
212,196.0,1.0,1.0,0.0,False,2026-08-21T19:00:00Z,3.0,0.0,1.0,False,0.0,0.0,0.0,0.0,0.0,0.0,0.0,0.0,0.0,0.0,0.0,0.0,0.0,0.0,0.0,0.0,0.0,0.0,0.0,0.0,0.0,0.0,0.0,0.0,0.0,0.0,50.0,0.0,1827.0,0.0,0.0,196,Markelo,Coventry City,Jahnoah,551262,Has joined Shabab Al-Ahli Dubai permanently,4,9,Jahnoah_Markelo,3,Arsenal,9,Coventry City,FWD,7
213,197.0,1.0,1.0,0.0,False,2026-08-21T19:00:00Z,3.0,0.0,1.0,False,0.0,0.0,0.0,0.0,0.0,0.0,0.0,0.0,0.0,0.0,0.0,0.0,0.0,0.0,0.0,0.0,0.0,0.0,0.0,0.0,0.0,0.0,0.0,0.0,0.0,0.0,45.0,0.0,4620.0,0.0,0.0,197,Bassette,Coventry City,Norman,549653,Has joined KVC Westerlo on loan for the rest of the season,4,9,Norman_Bassette,3,Arsenal,9,Coventry City,FWD,7
214,492.0,1.0,1.0,1.0,False,2026-08-21T19:00:00Z,3.0,0.0,1.0,False,20.0,0.0,0.0,0.0,0.0,0.0,0.0,0.0,0.0,0.0,0.0,0.0,4.0,0.0,1.4,0.0,0.1,0.0,1.0,0.0,1.0,0.0,0.0,0.0,0.0,0.29,55.0,0.0,76129.0,0.0,0.0,492,Awoniyi,Coventry City,Taiwo,210156,,4,9,Taiwo_Awoniyi,3,Arsenal,9,Coventry City,FWD,7
215,575.0,1.0,1.0,1.0,False,2026-08-21T19:00:00Z,3.0,0.0,1.0,False,61.0,0.0,0.0,0.0,3.0,0.0,0.0,0.0,1.0,0.0,0.0,0.0,2.0,0.0,3.1,0.0,0.0,0.0,3.0,0.0,3.0,1.0,0.0,0.0,0.0,1.56,50.0,0.0,23536.0,0.0,0.0,575,Yirenkyi,Coventry City,Caleb,661888,,3,9,Caleb_Yirenkyi,3,Arsenal,9,Coventry City,MID,7
216,584.0,1.0,1.0,1.0,False,2026-08-21T19:00:00Z,3.0,0.0,1.0,False,8.0,0.0,0.0,0.0,0.0,0.0,0.0,0.0,0.0,0.0,0.0,0.0,3.0,0.4,0.3,0.0,0.1,0.0,1.0,0.0,1.0,0.0,0.0,0.0,0.0,0.13,55.0,0.0,12932.0,0.0,0.0,584,Hamer,Coventry City,Gustavo,196100,,3,9,Gustavo_Hamer,3,Arsenal,9,Coventry City,MID,7
217,599.0,1.0,1.0,0.0,False,2026-08-21T19:00:00Z,3.0,0.0,1.0,False,0.0,0.0,0.0,0.0,0.0,0.0,0.0,0.0,0.0,0.0,0.0,0.0,0.0,0.0,0.0,0.0,0.0,0.0,0.0,0.0,0.0,0.0,0.0,0.0,0.0,0.0,50.0,0.0,7348.0,0.0,0.0,599,Cherif,Coventry City,Sidiki,627221,,4,9,Sidiki_Cherif,3,Arsenal,9,Coventry City,FWD,7
218,42.0,3.0,9.0,1.0,False,2026-08-22T14:00:00Z,2.0,0.0,1.0,False,27.0,0.0,0.0,0.0,0.0,0.0,0.0,0.0,0.0,0.0,0.0,0.0,3.0,3.2,1.8,7.0,1.2,0.0,0.0,1.0,1.0,0.0,0.03,0.02,0.05,0.14,55.0,0.0,3238.0,0.0,0.0,42,Guessand,Crystal Palace,Evann,485337,,3,31,Evann_Guessand,11,Everton,31,Crystal Palace,MID,8
219,198.0,3.0,9.0,2.0,False,2026-08-22T14:00:00Z,2.0,0.0,1.0,False,90.0,0.0,0.0,0.0,2.0,0.0,0.0,0.0,0.0,0.0,3.0,0.0,14.0,28.2,0.0,0.0,2.8,3.0,13.0,0.0,0.0,1.0,0.0,0.0,0.0,1.12,50.0,0.0,171144.0,0.0,0.0,198,Henderson,Crystal Palace,Dean,172649,,1,31,Dean_Henderson,11,Everton,31,Crystal Palace,GKP,8
220,199.0,3.0,9.0,0.0,False,2026-08-22T14:00:00Z,2.0,0.0,1.0,False,0.0,0.0,0.0,0.0,0.0,0.0,0.0,0.0,0.0,0.0,0.0,0.0,0.0,0.0,0.0,0.0,0.0,0.0,0.0,0.0,0.0,0.0,0.0,0.0,0.0,0.0,45.0,0.0,10987.0,0.0,0.0,199,Benítez,Crystal Palace,Walter,121709,,1,31,Walter_Benítez,11,Everton,31,Crystal Palace,GKP,8
221,201.0,3.0,9.0,0.0,False,2026-08-22T14:00:00Z,2.0,0.0,1.0,False,54.0,0.0,0.0,0.0,2.0,0.0,0.0,0.0,0.0,0.0,0.0,0.0,-4.0,1.2,1.8,21.0,2.4,3.0,1.0,1.0,4.0,1.0,0.23,0.01,0.24,0.84,55.0,0.0,873015.0,0.0,0.0,201,Muñoz Mejía,Crystal Palace,Daniel,247348,,2,31,Daniel_Muñoz Mejía,11,Everton,31,Crystal Palace,DEF,8
222,202.0,3.0,9.0,3.0,False,2026-08-22T14:00:00Z,2.0,0.0,1.0,False,90.0,0.0,0.0,0.0,2.0,0.0,0.0,0.0,0.0,0.0,0.0,0.0,13.0,42.6,0.7,0.0,4.3,14.0,1.0,2.0,16.0,1.0,0.0,0.0,0.0,1.12,50.0,0.0,66477.0,0.0,0.0,202,Richards,Crystal Palace,Chris,427623,,2,31,Chris_Richards,11,Everton,31,Crystal Palace,DEF,8
223,203.0,3.0,9.0,1.0,False,2026-08-22T14:00:00Z,2.0,0.0,1.0,False,90.0,0.0,0.0,0.0,2.0,0.0,0.0,0.0,0.0,0.0,0.0,0.0,9.0,27.4,5.7,5.0,3.8,4.0,3.0,4.0,8.0,1.0,0.05,0.01,0.06,1.12,50.0,0.0,30748.0,0.0,0.0,203,Canvot,Crystal Palace,Jaydee,651426,,2,31,Jaydee_Canvot,11,Everton,31,Crystal Palace,DEF,8
224,204.0,3.0,9.0,1.0,False,2026-08-22T14:00:00Z,2.0,0.0,1.0,False,90.0,0.0,0.0,0.0,2.0,0.0,0.0,0.0,0.0,0.0,0.0,0.0,9.0,11.6,13.8,2.0,2.7,3.0,4.0,2.0,5.0,1.0,0.0,0.01,0.01,1.12,45.0,0.0,580791.0,0.0,0.0,204,Mitchell,Crystal Palace,Tyrick,244723,,2,31,Tyrick_Mitchell,11,Everton,31,Crystal Palace,DEF,8
225,205.0,3.0,9.0,0.0,False,2026-08-22T14:00:00Z,2.0,0.0,1.0,False,0.0,0.0,0.0,0.0,0.0,0.0,0.0,0.0,0.0,0.0,0.0,0.0,0.0,0.0,0.0,0.0,0.0,0.0,0.0,0.0,0.0,0.0,0.0,0.0,0.0,0.0,45.0,0.0,2785.0,0.0,0.0,205,Sosa,Crystal Palace,Borna,218364,,2,31,Borna_Sosa,11,Everton,31,Crystal Palace,DEF,8
226,206.0,3.0,9.0,1.0,False,2026-08-22T14:00:00Z,2.0,0.0,1.0,False,72.0,0.0,0.0,0.0,2.0,0.0,0.0,0.0,0.0,0.0,0.0,0.0,7.0,12.6,1.3,0.0,1.4,6.0,3.0,1.0,7.0,1.0,0.0,0.01,0.01,0.98,45.0,0.0,6521.0,0.0,0.0,206,Riad Dnanou,Crystal Palace,Chadi,515621,Knee injury - 50% chance of playing,2,31,Chadi_Riad Dnanou,11,Everton,31,Crystal Palace,DEF,8
227,207.0,3.0,9.0,0.0,False,2026-08-22T14:00:00Z,2.0,0.0,1.0,False,0.0,0.0,0.0,0.0,0.0,0.0,0.0,0.0,0.0,0.0,0.0,0.0,0.0,0.0,0.0,0.0,0.0,0.0,0.0,0.0,0.0,0.0,0.0,0.0,0.0,0.0,45.0,0.0,7928.0,0.0,0.0,207,Mingueza,Crystal Palace,Oscar,242313,,2,31,Oscar_Mingueza,11,Everton,31,Crystal Palace,DEF,8
228,208.0,3.0,9.0,0.0,False,2026-08-22T14:00:00Z,2.0,0.0,1.0,False,0.0,0.0,0.0,0.0,0.0,0.0,0.0,0.0,0.0,0.0,0.0,0.0,0.0,0.0,0.0,0.0,0.0,0.0,0.0,0.0,0.0,0.0,0.0,0.0,0.0,0.0,65.0,0.0,424225.0,0.0,0.0,208,Sarr,Crystal Palace,Ismaïla,232185,Groin injury - 75% chance of playing,3,31,Ismaïla_Sarr,11,Everton,31,Crystal Palace,MID,8
229,210.0,3.0,9.0,4.0,False,2026-08-22T14:00:00Z,2.0,0.0,1.0,False,90.0,0.0,0.0,0.0,2.0,0.0,0.0,0.0,0.0,0.0,0.0,0.0,20.0,16.8,30.9,0.0,4.8,4.0,8.0,2.0,14.0,1.0,0.0,0.24,0.24,1.12,55.0,0.0,75177.0,0.0,0.0,210,Wharton,Crystal Palace,Adam,496221,,3,31,Adam_Wharton,11,Everton,31,Crystal Palace,MID,8
230,211.0,3.0,9.0,1.0,False,2026-08-22T14:00:00Z,2.0,0.0,1.0,False,35.0,0.0,0.0,0.0,0.0,0.0,0.0,0.0,0.0,0.0,0.0,0.0,4.0,2.0,6.3,6.0,1.4,0.0,3.0,2.0,5.0,0.0,0.06,0.02,0.08,0.27,55.0,0.0,18106.0,0.0,0.0,211,Pino Santos,Crystal Palace,Yéremy,488024,,3,31,Yéremy_Pino Santos,11,Everton,31,Crystal Palace,MID,8
231,212.0,3.0,9.0,0.0,False,2026-08-22T14:00:00Z,2.0,0.0,1.0,False,0.0,0.0,0.0,0.0,0.0,0.0,0.0,0.0,0.0,0.0,0.0,0.0,0.0,0.0,0.0,0.0,0.0,0.0,0.0,0.0,0.0,0.0,0.0,0.0,0.0,0.0,45.0,0.0,1093674.0,0.0,0.0,212,Hughes,Crystal Palace,Will,108413,,3,31,Will_Hughes,11,Everton,31,Crystal Palace,MID,8
232,213.0,3.0,9.0,0.0,False,2026-08-22T14:00:00Z,2.0,0.0,1.0,False,0.0,0.0,0.0,0.0,0.0,0.0,0.0,0.0,0.0,0.0,0.0,0.0,0.0,0.0,0.0,0.0,0.0,0.0,0.0,0.0,0.0,0.0,0.0,0.0,0.0,0.0,50.0,0.0,10665.0,0.0,0.0,213,Lerma Solís,Crystal Palace,Jefferson,152551,,3,31,Jefferson_Lerma Solís,11,Everton,31,Crystal Palace,MID,8
233,214.0,3.0,9.0,3.0,False,2026-08-22T14:00:00Z,2.0,0.0,1.0,False,90.0,0.0,0.0,0.0,2.0,0.0,0.0,0.0,1.0,0.0,0.0,0.0,25.0,20.4,29.3,0.0,5.0,3.0,8.0,3.0,14.0,1.0,0.0,0.27,0.27,1.12,50.0,0.0,24728.0,0.0,0.0,214,Kamada,Crystal Palace,Daichi,209400,,3,31,Daichi_Kamada,11,Everton,31,Crystal Palace,MID,8
234,215.0,3.0,9.0,0.0,False,2026-08-22T14:00:00Z,2.0,0.0,1.0,False,0.0,0.0,0.0,0.0,0.0,0.0,0.0,0.0,0.0,0.0,0.0,0.0,0.0,0.0,0.0,0.0,0.0,0.0,0.0,0.0,0.0,0.0,0.0,0.0,0.0,0.0,50.0,0.0,1134.0,0.0,0.0,215,Devenny,Crystal Palace,Justin,489706,,3,31,Justin_Devenny,11,Everton,31,Crystal Palace,MID,8
235,216.0,3.0,9.0,0.0,False,2026-08-22T14:00:00Z,2.0,0.0,1.0,False,0.0,0.0,0.0,0.0,0.0,0.0,0.0,0.0,0.0,0.0,0.0,0.0,0.0,0.0,0.0,0.0,0.0,0.0,0.0,0.0,0.0,0.0,0.0,0.0,0.0,0.0,50.0,0.0,3728.0,0.0,0.0,216,Esse,Crystal Palace,Romain,606921,,3,31,Romain_Esse,11,Everton,31,Crystal Palace,MID,8
236,217.0,3.0,9.0,0.0,False,2026-08-22T14:00:00Z,2.0,0.0,1.0,False,0.0,0.0,0.0,0.0,0.0,0.0,0.0,0.0,0.0,0.0,0.0,0.0,0.0,0.0,0.0,0.0,0.0,0.0,0.0,0.0,0.0,0.0,0.0,0.0,0.0,0.0,50.0,0.0,3157.0,0.0,0.0,217,França de Oliveira,Crystal Palace,Matheus,536694,,3,31,Matheus_França de Oliveira,11,Everton,31,Crystal Palace,MID,8
237,218.0,3.0,9.0,0.0,False,2026-08-22T14:00:00Z,2.0,0.0,1.0,False,0.0,0.0,0.0,0.0,0.0,0.0,0.0,0.0,0.0,0.0,0.0,0.0,0.0,0.0,0.0,0.0,0.0,0.0,0.0,0.0,0.0,0.0,0.0,0.0,0.0,0.0,50.0,0.0,6199.0,0.0,0.0,218,Doucouré,Crystal Palace,Cheick,438464,,3,31,Cheick_Doucouré,11,Everton,31,Crystal Palace,MID,8
238,219.0,3.0,9.0,0.0,False,2026-08-22T14:00:00Z,2.0,0.0,1.0,False,0.0,0.0,0.0,0.0,0.0,0.0,0.0,0.0,0.0,0.0,0.0,0.0,0.0,0.0,0.0,0.0,0.0,0.0,0.0,0.0,0.0,0.0,0.0,0.0,0.0,0.0,50.0,0.0,550.0,0.0,0.0,219,Rak-Sakyi,Crystal Palace,Jesurun,450542,,3,31,Jesurun_Rak-Sakyi,11,Everton,31,Crystal Palace,MID,8
239,220.0,3.0,9.0,0.0,False,2026-08-22T14:00:00Z,2.0,0.0,1.0,False,0.0,0.0,0.0,0.0,0.0,0.0,0.0,0.0,0.0,0.0,0.0,0.0,0.0,0.0,0.0,0.0,0.0,0.0,0.0,0.0,0.0,0.0,0.0,0.0,0.0,0.0,45.0,0.0,255.0,0.0,0.0,220,Cardines,Crystal Palace,Rio,590014,Has joined Bristol City on loan for the rest of the season,2,31,Rio_Cardines,11,Everton,31,Crystal Palace,DEF,8
240,221.0,3.0,9.0,0.0,False,2026-08-22T14:00:00Z,2.0,0.0,1.0,False,0.0,0.0,0.0,0.0,0.0,0.0,0.0,0.0,0.0,0.0,0.0,0.0,0.0,0.0,0.0,0.0,0.0,0.0,0.0,0.0,0.0,0.0,0.0,0.0,0.0,0.0,45.0,0.0,8076.0,0.0,0.0,221,Drakes-Thomas,Crystal Palace,Joél,672492,,3,31,Joél_Drakes-Thomas,11,Everton,31,Crystal Palace,MID,8
241,222.0,3.0,9.0,1.0,False,2026-08-22T14:00:00Z,2.0,0.0,1.0,False,27.0,0.0,0.0,0.0,0.0,0.0,0.0,0.0,0.0,0.0,0.0,0.0,3.0,1.0,3.5,17.0,2.2,0.0,0.0,0.0,0.0,0.0,0.25,0.01,0.26,0.14,60.0,0.0,50940.0,0.0,0.0,222,Strand Larsen,Crystal Palace,Jørgen,247412,,4,31,Jørgen_Strand Larsen,11,Everton,31,Crystal Palace,FWD,8
242,223.0,3.0,9.0,2.0,False,2026-08-22T14:00:00Z,2.0,0.0,1.0,False,62.0,0.0,0.0,0.0,2.0,0.0,0.0,0.0,0.0,0.0,0.0,0.0,-3.0,1.4,12.3,11.0,2.5,1.0,2.0,2.0,5.0,1.0,0.7,0.02,0.72,0.98,65.0,0.0,504100.0,0.0,0.0,223,Mateta,Crystal Palace,Jean-Philippe,231747,,4,31,Jean-Philippe_Mateta,11,Everton,31,Crystal Palace,FWD,8
243,224.0,3.0,9.0,1.0,False,2026-08-22T14:00:00Z,2.0,0.0,1.0,False,55.0,0.0,0.0,0.0,2.0,0.0,0.0,0.0,0.0,0.0,0.0,0.0,12.0,10.4,24.5,23.0,5.8,1.0,1.0,1.0,3.0,1.0,0.6,0.58,1.18,0.84,55.0,0.0,43148.0,0.0,0.0,224,Nketiah,Crystal Palace,Eddie,205533,,4,31,Eddie_Nketiah,11,Everton,31,Crystal Palace,FWD,8
244,225.0,3.0,9.0,0.0,False,2026-08-22T14:00:00Z,2.0,0.0,1.0,False,0.0,0.0,0.0,0.0,0.0,0.0,0.0,0.0,0.0,0.0,0.0,0.0,0.0,0.0,0.0,0.0,0.0,0.0,0.0,0.0,0.0,0.0,0.0,0.0,0.0,0.0,50.0,0.0,0.0,0.0,0.0,225,Uche,Crystal Palace,Christantus,660392,has returned to Getafe CF,4,31,Christantus_Uche,11,Everton,31,Crystal Palace,FWD,8
245,241.0,3.0,9.0,2.0,False,2026-08-22T14:00:00Z,2.0,0.0,1.0,False,62.0,0.0,0.0,0.0,2.0,0.0,0.0,0.0,0.0,0.0,0.0,0.0,11.0,9.6,4.7,2.0,1.6,3.0,2.0,0.0,5.0,1.0,0.05,0.02,0.07,0.98,55.0,0.0,15735.0,0.0,0.0,241,McNeil,Crystal Palace,Dwight,433154,,3,31,Dwight_McNeil,11,Everton,31,Crystal Palace,MID,8
246,555.0,3.0,9.0,0.0,False,2026-08-22T14:00:00Z,2.0,0.0,1.0,False,0.0,0.0,0.0,0.0,0.0,0.0,0.0,0.0,0.0,0.0,0.0,0.0,0.0,0.0,0.0,0.0,0.0,0.0,0.0,0.0,0.0,0.0,0.0,0.0,0.0,0.0,40.0,0.0,156141.0,0.0,0.0,555,Matthews,Crystal Palace,Remi,169593,,1,31,Remi_Matthews,11,Everton,31,Crystal Palace,GKP,8
247,577.0,3.0,9.0,1.0,False,2026-08-22T14:00:00Z,2.0,0.0,1.0,False,18.0,0.0,0.0,0.0,0.0,0.0,0.0,0.0,0.0,0.0,0.0,0.0,3.0,2.4,2.4,0.0,0.5,1.0,1.0,0.0,1.0,0.0,0.0,0.01,0.01,0.14,45.0,0.0,31543.0,0.0,0.0,577,Tomiyasu,Crystal Palace,Takehiro,223723,,2,31,Takehiro_Tomiyasu,11,Everton,31,Crystal Palace,DEF,8
248,588.0,3.0,9.0,1.0,False,2026-08-22T14:00:00Z,2.0,0.0,1.0,False,35.0,0.0,0.0,0.0,0.0,0.0,0.0,0.0,0.0,0.0,0.0,0.0,12.0,24.0,26.5,4.0,5.5,5.0,3.0,4.0,9.0,0.0,0.0,0.16,0.16,0.27,50.0,0.0,8418.0,0.0,0.0,588,Khalaili,Crystal Palace,Anan,570794,,2,31,Anan_Khalaili,11,Everton,31,Crystal Palace,DEF,8
249,595.0,3.0,9.0,0.0,False,2026-08-22T14:00:00Z,2.0,0.0,1.0,False,0.0,0.0,0.0,0.0,0.0,0.0,0.0,0.0,0.0,0.0,0.0,0.0,0.0,0.0,0.0,0.0,0.0,0.0,0.0,0.0,0.0,0.0,0.0,0.0,0.0,0.0,50.0,0.0,1214.0,0.0,0.0,595,Gozo,Crystal Palace,Zavier,559152,,3,31,Zavier_Gozo,11,Everton,31,Crystal Palace,MID,8
250,21.0,3.0,8.0,0.0,True,2026-08-22T14:00:00Z,2.0,0.0,1.0,False,0.0,0.0,0.0,0.0,0.0,0.0,0.0,0.0,0.0,0.0,0.0,0.0,0.0,0.0,0.0,0.0,0.0,0.0,0.0,0.0,0.0,0.0,0.0,0.0,0.0,0.0,50.0,0.0,10920.0,0.0,0.0,21,Nørgaard,Everton,Christian,128295,Unspecified injury - Unknown return date,3,11,Christian_Nørgaard,31,Crystal Palace,11,Everton,MID,9
251,209.0,3.0,8.0,1.0,True,2026-08-22T14:00:00Z,2.0,0.0,1.0,False,6.0,0.0,0.0,0.0,0.0,0.0,0.0,0.0,0.0,0.0,0.0,0.0,3.0,4.0,0.3,0.0,0.4,2.0,0.0,0.0,2.0,0.0,0.0,0.0,0.0,0.29,60.0,0.0,15299.0,0.0,0.0,209,Johnson,Everton,Brennan,242898,,3,11,Brennan_Johnson,31,Crystal Palace,11,Everton,MID,9
252,226.0,3.0,8.0,7.0,True,2026-08-22T14:00:00Z,2.0,0.0,1.0,False,90.0,0.0,0.0,1.0,0.0,0.0,0.0,0.0,0.0,0.0,4.0,0.0,34.0,31.8,0.0,0.0,3.2,0.0,12.0,0.0,0.0,1.0,0.0,0.02,0.02,1.96,55.0,0.0,698199.0,0.0,0.0,226,Pickford,Everton,Jordan,111234,,1,11,Jordan_Pickford,31,Crystal Palace,11,Everton,GKP,9
253,227.0,3.0,8.0,0.0,True,2026-08-22T14:00:00Z,2.0,0.0,1.0,False,0.0,0.0,0.0,0.0,0.0,0.0,0.0,0.0,0.0,0.0,0.0,0.0,0.0,0.0,0.0,0.0,0.0,0.0,0.0,0.0,0.0,0.0,0.0,0.0,0.0,0.0,50.0,0.0,3019.0,0.0,0.0,227,Travers,Everton,Mark,229600,,1,11,Mark_Travers,31,Crystal Palace,11,Everton,GKP,9
254,228.0,3.0,8.0,0.0,True,2026-08-22T14:00:00Z,2.0,0.0,1.0,False,0.0,0.0,0.0,0.0,0.0,0.0,0.0,0.0,0.0,0.0,0.0,0.0,0.0,0.0,0.0,0.0,0.0,0.0,0.0,0.0,0.0,0.0,0.0,0.0,0.0,0.0,45.0,0.0,3498.0,0.0,0.0,228,King,Everton,Tom,138001,,1,11,Tom_King,31,Crystal Palace,11,Everton,GKP,9
255,229.0,3.0,8.0,6.0,True,2026-08-22T14:00:00Z,2.0,0.0,1.0,False,90.0,0.0,0.0,1.0,0.0,0.0,0.0,0.0,0.0,0.0,0.0,0.0,25.0,15.2,0.8,4.0,2.0,8.0,4.0,1.0,9.0,1.0,0.05,0.0,0.05,1.96,60.0,0.0,765229.0,0.0,0.0,229,Tarkowski,Everton,James,17761,,2,11,James_Tarkowski,31,Crystal Palace,11,Everton,DEF,9
256,230.0,3.0,8.0,6.0,True,2026-08-22T14:00:00Z,2.0,0.0,1.0,False,90.0,0.0,0.0,1.0,0.0,0.0,0.0,0.0,0.0,0.0,0.0,0.0,27.0,18.6,0.8,6.0,2.5,6.0,2.0,2.0,8.0,1.0,0.0,0.01,0.01,1.96,55.0,0.0,141420.0,0.0,0.0,230,Branthwaite,Everton,Jarrad,480455,,2,11,Jarrad_Branthwaite,31,Crystal Palace,11,Everton,DEF,9
257,231.0,3.0,8.0,0.0,True,2026-08-22T14:00:00Z,2.0,0.0,1.0,False,0.0,0.0,0.0,0.0,0.0,0.0,0.0,0.0,0.0,0.0,0.0,0.0,0.0,0.0,0.0,0.0,0.0,0.0,0.0,0.0,0.0,0.0,0.0,0.0,0.0,0.0,50.0,0.0,151116.0,0.0,0.0,231,Keane,Everton,Michael,106611,,2,11,Michael_Keane,31,Crystal Palace,11,Everton,DEF,9
258,232.0,3.0,8.0,0.0,True,2026-08-22T14:00:00Z,2.0,0.0,1.0,False,0.0,0.0,0.0,0.0,0.0,0.0,0.0,0.0,0.0,0.0,0.0,0.0,0.0,0.0,0.0,0.0,0.0,0.0,0.0,0.0,0.0,0.0,0.0,0.0,0.0,0.0,50.0,0.0,44689.0,0.0,0.0,232,O'Brien,Everton,Jake,512462,,2,11,Jake_O'Brien,31,Crystal Palace,11,Everton,DEF,9
259,233.0,3.0,8.0,6.0,True,2026-08-22T14:00:00Z,2.0,0.0,1.0,False,90.0,0.0,0.0,1.0,0.0,0.0,0.0,0.0,0.0,0.0,0.0,0.0,27.0,12.8,13.8,2.0,2.9,4.0,4.0,0.0,4.0,1.0,0.0,0.05,0.05,1.96,45.0,0.0,134687.0,0.0,0.0,233,Mykolenko,Everton,Vitalii,224967,,2,11,Vitalii_Mykolenko,31,Crystal Palace,11,Everton,DEF,9
260,234.0,3.0,8.0,0.0,True,2026-08-22T14:00:00Z,2.0,0.0,1.0,False,0.0,0.0,0.0,0.0,0.0,0.0,0.0,0.0,0.0,0.0,0.0,0.0,0.0,0.0,0.0,0.0,0.0,0.0,0.0,0.0,0.0,0.0,0.0,0.0,0.0,0.0,45.0,0.0,2948.0,0.0,0.0,234,Patterson,Everton,Nathan,243571,,2,11,Nathan_Patterson,31,Crystal Palace,11,Everton,DEF,9
261,235.0,3.0,8.0,0.0,True,2026-08-22T14:00:00Z,2.0,0.0,1.0,False,0.0,0.0,0.0,0.0,0.0,0.0,0.0,0.0,0.0,0.0,0.0,0.0,0.0,0.0,0.0,0.0,0.0,0.0,0.0,0.0,0.0,0.0,0.0,0.0,0.0,0.0,40.0,0.0,16732.0,0.0,0.0,235,Aznou,Everton,Adam,499300,,2,11,Adam_Aznou,31,Crystal Palace,11,Everton,DEF,9
262,236.0,3.0,8.0,11.0,True,2026-08-22T14:00:00Z,2.0,0.0,1.0,False,90.0,1.0,0.0,1.0,0.0,0.0,0.0,0.0,0.0,0.0,0.0,3.0,40.0,42.8,28.3,27.0,9.8,1.0,5.0,2.0,8.0,1.0,0.12,0.17,0.29,1.92,65.0,0.0,288693.0,0.0,0.0,236,Dewsbury-Hall,Everton,Kiernan,215413,,3,11,Kiernan_Dewsbury-Hall,31,Crystal Palace,11,Everton,MID,9
263,237.0,3.0,8.0,9.0,True,2026-08-22T14:00:00Z,2.0,0.0,1.0,False,90.0,0.0,1.0,1.0,0.0,0.0,0.0,0.0,0.0,0.0,0.0,1.0,36.0,40.8,39.8,48.0,12.9,0.0,8.0,4.0,12.0,1.0,0.24,0.32,0.56,1.96,60.0,0.0,1434152.0,0.0,0.0,237,Ndiaye,Everton,Iliman,440993,,3,11,Iliman_Ndiaye,31,Crystal Palace,11,Everton,MID,9
264,239.0,3.0,8.0,1.0,True,2026-08-22T14:00:00Z,2.0,0.0,1.0,False,11.0,0.0,0.0,0.0,0.0,0.0,0.0,0.0,0.0,0.0,0.0,0.0,6.0,4.8,11.8,2.0,1.9,0.0,0.0,1.0,1.0,0.0,0.0,0.03,0.03,0.34,60.0,0.0,11659.0,0.0,0.0,239,Garner,Everton,James,232928,,3,11,James_Garner,31,Crystal Palace,11,Everton,MID,9
265,240.0,3.0,8.0,0.0,True,2026-08-22T14:00:00Z,2.0,0.0,1.0,False,0.0,0.0,0.0,0.0,0.0,0.0,0.0,0.0,0.0,0.0,0.0,0.0,0.0,0.0,0.0,0.0,0.0,0.0,0.0,0.0,0.0,0.0,0.0,0.0,0.0,0.0,50.0,0.0,1417.0,0.0,0.0,240,Iroegbunam,Everton,Tim,490094,Thigh injury - Unknown return date,3,11,Tim_Iroegbunam,31,Crystal Palace,11,Everton,MID,9
266,242.0,3.0,8.0,3.0,True,2026-08-22T14:00:00Z,2.0,0.0,1.0,False,83.0,0.0,0.0,1.0,0.0,0.0,0.0,0.0,0.0,0.0,0.0,0.0,13.0,7.0,23.4,25.0,5.5,3.0,4.0,0.0,7.0,1.0,0.18,0.08,0.26,1.67,55.0,0.0,24527.0,0.0,0.0,242,George,Everton,Tyrique,550615,,3,11,Tyrique_George,31,Crystal Palace,11,Everton,MID,9
267,243.0,3.0,8.0,1.0,True,2026-08-22T14:00:00Z,2.0,0.0,1.0,False,1.0,0.0,0.0,0.0,0.0,0.0,0.0,0.0,0.0,0.0,0.0,0.0,7.0,5.0,0.3,17.0,2.2,0.0,2.0,1.0,3.0,0.0,0.02,0.0,0.02,0.04,50.0,0.0,8329.0,0.0,0.0,243,Alcaraz Durán,Everton,Carlos,502697,,3,11,Carlos_Alcaraz Durán,31,Crystal Palace,11,Everton,MID,9
268,244.0,3.0,8.0,8.0,True,2026-08-22T14:00:00Z,2.0,0.0,1.0,False,90.0,0.0,1.0,1.0,0.0,0.0,0.0,0.0,0.0,0.0,0.0,0.0,25.0,28.8,14.7,4.0,4.8,3.0,11.0,2.0,16.0,1.0,0.0,0.04,0.04,1.96,50.0,0.0,6793.0,0.0,0.0,244,Armstrong,Everton,Harrison,609873,,3,11,Harrison_Armstrong,31,Crystal Palace,11,Everton,MID,9
269,245.0,3.0,8.0,0.0,True,2026-08-22T14:00:00Z,2.0,0.0,1.0,False,0.0,0.0,0.0,0.0,0.0,0.0,0.0,0.0,0.0,0.0,0.0,0.0,0.0,0.0,0.0,0.0,0.0,0.0,0.0,0.0,0.0,0.0,0.0,0.0,0.0,0.0,55.0,0.0,3592.0,0.0,0.0,245,Dibling,Everton,Tyler,496661,,3,11,Tyler_Dibling,31,Crystal Palace,11,Everton,MID,9
270,246.0,3.0,8.0,3.0,True,2026-08-22T14:00:00Z,2.0,0.0,1.0,False,90.0,0.0,0.0,1.0,0.0,0.0,0.0,0.0,0.0,0.0,0.0,0.0,12.0,13.8,13.0,2.0,2.9,2.0,5.0,2.0,9.0,1.0,0.0,0.06,0.06,1.96,50.0,0.0,5179.0,0.0,0.0,246,Röhl,Everton,Merlin,513466,,3,11,Merlin_Röhl,31,Crystal Palace,11,Everton,MID,9
271,247.0,3.0,8.0,3.0,True,2026-08-22T14:00:00Z,2.0,0.0,1.0,False,78.0,0.0,0.0,1.0,0.0,0.0,0.0,0.0,0.0,0.0,0.0,0.0,16.0,8.6,12.2,5.0,2.6,1.0,4.0,2.0,7.0,1.0,0.01,0.01,0.02,1.62,55.0,0.0,24410.0,0.0,0.0,247,Hackney,Everton,Hayden,244860,,3,11,Hayden_Hackney,31,Crystal Palace,11,Everton,MID,9
272,248.0,3.0,8.0,1.0,True,2026-08-22T14:00:00Z,2.0,0.0,1.0,False,11.0,0.0,0.0,0.0,0.0,0.0,0.0,0.0,0.0,0.0,0.0,0.0,3.0,0.0,0.0,2.0,0.2,0.0,0.0,0.0,0.0,0.0,0.05,0.0,0.05,0.34,55.0,0.0,249740.0,0.0,0.0,248,Gomes Betuncal,Everton,Norberto Bercique,486385,,4,11,Norberto Bercique_Gomes Betuncal,31,Crystal Palace,11,Everton,FWD,9
273,249.0,3.0,8.0,8.0,True,2026-08-22T14:00:00Z,2.0,0.0,1.0,False,78.0,1.0,0.0,1.0,0.0,0.0,0.0,0.0,0.0,0.0,0.0,2.0,37.0,38.0,19.0,41.0,9.8,0.0,2.0,1.0,3.0,1.0,0.45,0.09,0.54,1.62,55.0,0.0,117327.0,0.0,0.0,249,Barry,Everton,Thierno,586309,,4,11,Thierno_Barry,31,Crystal Palace,11,Everton,FWD,9
274,250.0,10.0,6.0,2.0,True,2026-08-24T19:00:00Z,2.0,3.0,1.0,False,90.0,0.0,0.0,0.0,3.0,0.0,0.0,0.0,0.0,0.0,3.0,0.0,11.0,29.6,0.0,0.0,3.0,1.0,9.0,0.0,0.0,1.0,0.0,0.0,0.0,2.24,45.0,0.0,272035.0,0.0,0.0,250,Leno,Fulham,Bernd,80201,,1,54,Bernd_Leno,8,Chelsea,54,Fulham,GKP,10
275,251.0,10.0,6.0,0.0,True,2026-08-24T19:00:00Z,2.0,3.0,1.0,False,0.0,0.0,0.0,0.0,0.0,0.0,0.0,0.0,0.0,0.0,0.0,0.0,0.0,0.0,0.0,0.0,0.0,0.0,0.0,0.0,0.0,0.0,0.0,0.0,0.0,0.0,40.0,0.0,107540.0,0.0,0.0,251,Lecomte,Fulham,Benjamin,86873,,1,54,Benjamin_Lecomte,8,Chelsea,54,Fulham,GKP,10
276,252.0,10.0,6.0,0.0,True,2026-08-24T19:00:00Z,2.0,3.0,1.0,False,0.0,0.0,0.0,0.0,0.0,0.0,0.0,0.0,0.0,0.0,0.0,0.0,0.0,0.0,0.0,0.0,0.0,0.0,0.0,0.0,0.0,0.0,0.0,0.0,0.0,0.0,40.0,0.0,13569.0,0.0,0.0,252,McNally,Fulham,Alfie,505079,,1,54,Alfie_McNally,8,Chelsea,54,Fulham,GKP,10
277,253.0,10.0,6.0,0.0,True,2026-08-24T19:00:00Z,2.0,3.0,1.0,False,0.0,0.0,0.0,0.0,0.0,0.0,0.0,0.0,0.0,0.0,0.0,0.0,0.0,0.0,0.0,0.0,0.0,0.0,0.0,0.0,0.0,0.0,0.0,0.0,0.0,0.0,50.0,0.0,3342.0,0.0,0.0,253,Andersen,Fulham,Joachim,174874,,2,54,Joachim_Andersen,8,Chelsea,54,Fulham,DEF,10
278,254.0,10.0,6.0,1.0,True,2026-08-24T19:00:00Z,2.0,3.0,1.0,False,81.0,0.0,0.0,0.0,3.0,0.0,0.0,0.0,0.0,0.0,0.0,0.0,4.0,21.6,25.2,3.0,5.0,4.0,5.0,3.0,7.0,1.0,0.13,0.04,0.17,2.21,45.0,0.0,148513.0,0.0,0.0,254,Robinson,Fulham,Antonee,169528,,2,54,Antonee_Robinson,8,Chelsea,54,Fulham,DEF,10
279,255.0,10.0,6.0,3.0,True,2026-08-24T19:00:00Z,2.0,3.0,1.0,False,90.0,0.0,0.0,0.0,3.0,0.0,0.0,0.0,0.0,0.0,0.0,0.0,7.0,32.8,21.3,0.0,5.4,9.0,3.0,1.0,10.0,1.0,0.0,0.03,0.03,2.24,45.0,0.0,1787.0,0.0,0.0,255,Cuenca Barreno,Fulham,Jorge,246301,,2,54,Jorge_Cuenca Barreno,8,Chelsea,54,Fulham,DEF,10
280,256.0,10.0,6.0,0.0,True,2026-08-24T19:00:00Z,2.0,3.0,1.0,False,0.0,0.0,0.0,0.0,0.0,0.0,0.0,0.0,0.0,0.0,0.0,0.0,0.0,0.0,0.0,0.0,0.0,0.0,0.0,0.0,0.0,0.0,0.0,0.0,0.0,0.0,45.0,0.0,24681.0,0.0,0.0,256,Tete,Fulham,Kenny,167074,,2,54,Kenny_Tete,8,Chelsea,54,Fulham,DEF,10
281,257.0,10.0,6.0,0.0,True,2026-08-24T19:00:00Z,2.0,3.0,1.0,False,90.0,0.0,0.0,0.0,3.0,0.0,0.0,0.0,1.0,0.0,0.0,0.0,1.0,13.8,3.8,2.0,2.0,3.0,4.0,1.0,4.0,1.0,0.02,0.02,0.04,2.24,45.0,0.0,64737.0,0.0,0.0,257,Bassey,Fulham,Calvin,232892,,2,54,Calvin_Bassey,8,Chelsea,54,Fulham,DEF,10
282,258.0,10.0,6.0,6.0,True,2026-08-24T19:00:00Z,2.0,3.0,1.0,False,90.0,0.0,2.0,0.0,3.0,0.0,0.0,0.0,1.0,0.0,0.0,0.0,21.0,38.0,27.8,23.0,8.9,5.0,4.0,1.0,6.0,1.0,0.09,0.18,0.27,2.24,45.0,0.0,26346.0,0.0,0.0,258,Castagne,Fulham,Timothy,166477,,2,54,Timothy_Castagne,8,Chelsea,54,Fulham,DEF,10
283,261.0,10.0,6.0,2.0,True,2026-08-24T19:00:00Z,2.0,3.0,1.0,False,90.0,0.0,0.0,0.0,3.0,0.0,0.0,0.0,0.0,0.0,0.0,0.0,17.0,12.4,11.3,0.0,2.4,3.0,6.0,1.0,10.0,1.0,0.0,0.04,0.04,2.24,55.0,0.0,88413.0,0.0,0.0,261,Iwobi,Fulham,Alex,153133,,3,54,Alex_Iwobi,8,Chelsea,54,Fulham,MID,10
284,262.0,10.0,6.0,0.0,True,2026-08-24T19:00:00Z,2.0,3.0,1.0,False,0.0,0.0,0.0,0.0,0.0,0.0,0.0,0.0,0.0,0.0,0.0,0.0,0.0,0.0,0.0,0.0,0.0,0.0,0.0,0.0,0.0,0.0,0.0,0.0,0.0,0.0,55.0,0.0,35036.0,0.0,0.0,262,Smith Rowe,Fulham,Emile,209289,,3,54,Emile_Smith Rowe,8,Chelsea,54,Fulham,MID,10
285,263.0,10.0,6.0,1.0,True,2026-08-24T19:00:00Z,2.0,3.0,1.0,False,17.0,0.0,0.0,0.0,0.0,0.0,0.0,0.0,0.0,0.0,0.0,0.0,2.0,5.2,1.9,0.0,0.7,0.0,1.0,2.0,3.0,0.0,0.0,0.01,0.01,0.03,55.0,0.0,5144.0,0.0,0.0,263,Santos Lopes de Macedo,Fulham,Kevin,560552,,3,54,Kevin_Santos Lopes de Macedo,8,Chelsea,54,Fulham,MID,10
286,264.0,10.0,6.0,2.0,True,2026-08-24T19:00:00Z,2.0,3.0,1.0,False,66.0,0.0,0.0,0.0,3.0,0.0,0.0,0.0,0.0,0.0,0.0,0.0,10.0,9.8,13.8,6.0,3.0,1.0,2.0,3.0,6.0,1.0,0.0,0.26,0.26,2.21,55.0,0.0,26829.0,0.0,0.0,264,Bobb,Fulham,Oscar,477555,,3,54,Oscar_Bobb,8,Chelsea,54,Fulham,MID,10
287,265.0,10.0,6.0,2.0,True,2026-08-24T19:00:00Z,2.0,3.0,1.0,False,72.0,0.0,0.0,0.0,3.0,0.0,0.0,0.0,0.0,0.0,0.0,0.0,14.0,13.6,23.1,7.0,4.4,1.0,2.0,1.0,4.0,1.0,0.03,0.03,0.06,2.21,50.0,0.0,38470.0,0.0,0.0,265,Berge,Fulham,Sander,207189,,3,54,Sander_Berge,8,Chelsea,54,Fulham,MID,10
288,266.0,10.0,6.0,0.0,True,2026-08-24T19:00:00Z,2.0,3.0,1.0,False,0.0,0.0,0.0,0.0,0.0,0.0,0.0,0.0,0.0,0.0,0.0,0.0,0.0,0.0,0.0,0.0,0.0,0.0,0.0,0.0,0.0,0.0,0.0,0.0,0.0,0.0,50.0,0.0,464.0,0.0,0.0,266,Cairney,Fulham,Tom,76357,Knee injury - Expected back 10 Oct,3,54,Tom_Cairney,8,Chelsea,54,Fulham,MID,10
289,268.0,10.0,6.0,7.0,True,2026-08-24T19:00:00Z,2.0,3.0,1.0,False,90.0,1.0,0.0,0.0,3.0,0.0,0.0,0.0,0.0,0.0,0.0,0.0,34.0,41.6,15.6,41.0,9.8,2.0,4.0,2.0,8.0,1.0,0.17,0.04,0.21,2.24,55.0,0.0,14215.0,0.0,0.0,268,King,Fulham,Josh,577725,,3,54,Josh_King,8,Chelsea,54,Fulham,MID,10
290,269.0,10.0,6.0,1.0,True,2026-08-24T19:00:00Z,2.0,3.0,1.0,False,17.0,0.0,0.0,0.0,0.0,0.0,0.0,0.0,0.0,0.0,0.0,0.0,7.0,6.6,0.5,19.0,2.6,1.0,1.0,0.0,1.0,0.0,0.03,0.0,0.03,0.03,45.0,0.0,39784.0,0.0,0.0,269,Sessegnon,Fulham,Ryan,184349,,2,54,Ryan_Sessegnon,8,Chelsea,54,Fulham,DEF,10
291,270.0,10.0,6.0,0.0,True,2026-08-24T19:00:00Z,2.0,3.0,1.0,False,0.0,0.0,0.0,0.0,0.0,0.0,0.0,0.0,0.0,0.0,0.0,0.0,0.0,0.0,0.0,0.0,0.0,0.0,0.0,0.0,0.0,0.0,0.0,0.0,0.0,0.0,45.0,0.0,139875.0,0.0,0.0,270,Reed,Fulham,Harrison,153366,,3,54,Harrison_Reed,8,Chelsea,54,Fulham,MID,10
292,271.0,10.0,6.0,1.0,True,2026-08-24T19:00:00Z,2.0,3.0,1.0,False,8.0,0.0,0.0,0.0,0.0,0.0,0.0,0.0,0.0,0.0,0.0,0.0,6.0,6.0,11.5,7.0,2.5,1.0,0.0,0.0,1.0,0.0,0.02,0.0,0.02,0.03,55.0,0.0,52452.0,0.0,0.0,271,Muniz Carvalho,Fulham,Rodrigo,244042,,4,54,Rodrigo_Muniz Carvalho,8,Chelsea,54,Fulham,FWD,10
293,272.0,10.0,6.0,0.0,True,2026-08-24T19:00:00Z,2.0,3.0,1.0,False,0.0,0.0,0.0,0.0,0.0,0.0,0.0,0.0,0.0,0.0,0.0,0.0,0.0,0.0,0.0,0.0,0.0,0.0,0.0,0.0,0.0,0.0,0.0,0.0,0.0,0.0,45.0,0.0,669004.0,0.0,0.0,272,Kusi-Asare,Fulham,Jonah,631786,,4,54,Jonah_Kusi-Asare,8,Chelsea,54,Fulham,FWD,10
294,569.0,10.0,6.0,6.0,True,2026-08-24T19:00:00Z,2.0,3.0,1.0,False,90.0,1.0,0.0,0.0,3.0,0.0,0.0,0.0,0.0,0.0,0.0,0.0,33.0,37.2,4.3,40.0,8.2,0.0,1.0,1.0,2.0,1.0,0.73,0.01,0.74,2.24,60.0,0.0,180799.0,0.0,0.0,569,García,Fulham,Gonzalo,551466,,4,54,Gonzalo_García,8,Chelsea,54,Fulham,FWD,10
295,570.0,10.0,6.0,2.0,True,2026-08-24T19:00:00Z,2.0,3.0,1.0,False,72.0,0.0,0.0,0.0,3.0,0.0,0.0,0.0,0.0,0.0,0.0,0.0,10.0,2.8,7.3,8.0,1.8,0.0,2.0,2.0,4.0,1.0,0.16,0.01,0.17,2.21,55.0,0.0,18267.0,0.0,0.0,570,Palacios,Fulham,César,571779,,3,54,César_Palacios,8,Chelsea,54,Fulham,MID,10
296,580.0,10.0,6.0,1.0,True,2026-08-24T19:00:00Z,2.0,3.0,1.0,False,23.0,0.0,0.0,0.0,0.0,0.0,0.0,0.0,0.0,0.0,0.0,0.0,5.0,3.4,1.3,0.0,0.5,0.0,2.0,1.0,3.0,0.0,0.0,0.0,0.0,0.03,50.0,0.0,8110.0,0.0,0.0,580,Charles,Fulham,Shea,463210,,3,54,Shea_Charles,8,Chelsea,54,Fulham,MID,10
297,610.0,10.0,6.0,0.0,True,2026-08-24T19:00:00Z,2.0,3.0,1.0,False,0.0,0.0,0.0,0.0,0.0,0.0,0.0,0.0,0.0,0.0,0.0,0.0,0.0,0.0,0.0,0.0,0.0,0.0,0.0,0.0,0.0,0.0,0.0,0.0,0.0,0.0,40.0,0.0,0.0,0.0,0.0,610,De Fougerolles,Fulham,Luc,547686,,2,54,Luc_De Fougerolles,8,Chelsea,54,Fulham,DEF,10
298,273.0,4.0,16.0,0.0,True,2026-08-22T11:30:00Z,2.0,0.0,1.0,False,0.0,0.0,0.0,0.0,0.0,0.0,0.0,0.0,0.0,0.0,0.0,0.0,0.0,0.0,0.0,0.0,0.0,0.0,0.0,0.0,0.0,0.0,0.0,0.0,0.0,0.0,40.0,0.0,138196.0,0.0,0.0,273,Phillips,Hull City,Dillon,167825,,1,88,Dillon_Phillips,1,Man Utd,88,Hull City,GKP,11
299,274.0,4.0,16.0,0.0,True,2026-08-22T11:30:00Z,2.0,0.0,1.0,False,0.0,0.0,0.0,0.0,0.0,0.0,0.0,0.0,0.0,0.0,0.0,0.0,0.0,0.0,0.0,0.0,0.0,0.0,0.0,0.0,0.0,0.0,0.0,0.0,0.0,0.0,45.0,0.0,11096.0,0.0,0.0,274,Butland,Hull City,Jack,105666,Arm injury - Unknown return date,1,88,Jack_Butland,1,Man Utd,88,Hull City,GKP,11
300,275.0,4.0,16.0,0.0,True,2026-08-22T11:30:00Z,2.0,0.0,1.0,False,0.0,0.0,0.0,0.0,0.0,0.0,0.0,0.0,0.0,0.0,0.0,0.0,0.0,0.0,0.0,0.0,0.0,0.0,0.0,0.0,0.0,0.0,0.0,0.0,0.0,0.0,40.0,0.0,1022.0,0.0,0.0,275,Cartwright,Hull City,Harvey,494950,Has joined Grimsby Town on loan for the rest of the season,1,88,Harvey_Cartwright,1,Man Utd,88,Hull City,GKP,11
301,276.0,4.0,16.0,0.0,True,2026-08-22T11:30:00Z,2.0,0.0,1.0,False,0.0,0.0,0.0,0.0,0.0,0.0,0.0,0.0,0.0,0.0,0.0,0.0,0.0,0.0,0.0,0.0,0.0,0.0,0.0,0.0,0.0,0.0,0.0,0.0,0.0,0.0,40.0,0.0,3519.0,0.0,0.0,276,Lo-Tutala,Hull City,Thimothée,444307,Has joined Colchester United on loan for the rest of the season,1,88,Thimothée_Lo-Tutala,1,Man Utd,88,Hull City,GKP,11
302,277.0,4.0,16.0,8.0,True,2026-08-22T11:30:00Z,2.0,0.0,1.0,False,90.0,0.0,0.0,1.0,0.0,0.0,0.0,0.0,0.0,0.0,0.0,0.0,27.0,43.4,0.1,2.0,4.6,20.0,3.0,1.0,21.0,1.0,0.0,0.0,0.0,1.83,40.0,0.0,134746.0,0.0,0.0,277,Egan,Hull City,John,108416,,2,88,John_Egan,1,Man Utd,88,Hull City,DEF,11
303,278.0,4.0,16.0,0.0,True,2026-08-22T11:30:00Z,2.0,0.0,1.0,False,0.0,0.0,0.0,0.0,0.0,0.0,0.0,0.0,0.0,0.0,0.0,0.0,0.0,0.0,0.0,0.0,0.0,0.0,0.0,0.0,0.0,0.0,0.0,0.0,0.0,0.0,40.0,0.0,12660.0,0.0,0.0,278,Hughes,Hull City,Charlie,501902,Groin injury - Unknown return date,2,88,Charlie_Hughes,1,Man Utd,88,Hull City,DEF,11
304,279.0,4.0,16.0,14.0,True,2026-08-22T11:30:00Z,2.0,0.0,1.0,False,63.0,1.0,0.0,1.0,0.0,0.0,0.0,0.0,0.0,0.0,0.0,2.0,39.0,44.2,0.2,35.0,7.9,7.0,3.0,0.0,7.0,1.0,0.52,0.0,0.52,0.86,40.0,0.0,83256.0,0.0,0.0,279,Ajayi,Hull City,Semi,146426,Hamstring injury - 75% chance of playing,2,88,Semi_Ajayi,1,Man Utd,88,Hull City,DEF,11
305,280.0,4.0,16.0,6.0,True,2026-08-22T11:30:00Z,2.0,0.0,1.0,False,69.0,0.0,0.0,1.0,0.0,0.0,0.0,0.0,0.0,0.0,0.0,0.0,23.0,5.8,11.3,0.0,1.7,1.0,3.0,1.0,2.0,1.0,0.0,0.01,0.01,1.16,40.0,0.0,59278.0,0.0,0.0,280,Coyle,Hull City,Lewie,193278,Ankle injury - 75% chance of playing,2,88,Lewie_Coyle,1,Man Utd,88,Hull City,DEF,11
306,281.0,4.0,16.0,1.0,True,2026-08-22T11:30:00Z,2.0,0.0,1.0,False,20.0,0.0,0.0,0.0,0.0,0.0,0.0,0.0,0.0,0.0,0.0,0.0,4.0,2.2,0.0,1.0,0.3,2.0,2.0,1.0,3.0,0.0,0.05,0.0,0.05,0.67,40.0,0.0,1668.0,0.0,0.0,281,Drameh,Hull City,Cody,433590,,2,88,Cody_Drameh,1,Man Utd,88,Hull City,DEF,11
307,282.0,4.0,16.0,6.0,True,2026-08-22T11:30:00Z,2.0,0.0,1.0,False,84.0,0.0,0.0,1.0,0.0,0.0,0.0,0.0,0.0,0.0,0.0,0.0,24.0,13.8,18.8,4.0,3.7,5.0,1.0,1.0,6.0,1.0,0.02,0.07,0.09,1.76,40.0,0.0,67208.0,0.0,0.0,282,Giles,Hull City,Ryan,232351,,2,88,Ryan_Giles,1,Man Utd,88,Hull City,DEF,11
308,283.0,4.0,16.0,0.0,True,2026-08-22T11:30:00Z,2.0,0.0,1.0,False,0.0,0.0,0.0,0.0,0.0,0.0,0.0,0.0,0.0,0.0,0.0,0.0,0.0,0.0,0.0,0.0,0.0,0.0,0.0,0.0,0.0,0.0,0.0,0.0,0.0,0.0,40.0,0.0,1251.0,0.0,0.0,283,Jacob,Hull City,Matty,449428,Hip injury - Expected back 5 Sep,2,88,Matty_Jacob,1,Man Utd,88,Hull City,DEF,11
309,284.0,4.0,16.0,0.0,True,2026-08-22T11:30:00Z,2.0,0.0,1.0,False,0.0,0.0,0.0,0.0,0.0,0.0,0.0,0.0,0.0,0.0,0.0,0.0,0.0,0.0,0.0,0.0,0.0,0.0,0.0,0.0,0.0,0.0,0.0,0.0,0.0,0.0,40.0,0.0,7616.0,0.0,0.0,284,McCarthy,Hull City,Cathal,661800,,2,88,Cathal_McCarthy,1,Man Utd,88,Hull City,DEF,11
310,285.0,4.0,16.0,1.0,True,2026-08-22T11:30:00Z,2.0,0.0,1.0,False,26.0,0.0,0.0,0.0,0.0,0.0,0.0,0.0,0.0,0.0,0.0,0.0,3.0,4.2,0.0,0.0,0.4,2.0,1.0,0.0,2.0,0.0,0.0,0.0,0.0,0.96,40.0,0.0,8697.0,0.0,0.0,285,McNair,Hull City,Paddy,160817,,2,88,Paddy_McNair,1,Man Utd,88,Hull City,DEF,11
311,286.0,4.0,16.0,3.0,True,2026-08-22T11:30:00Z,2.0,0.0,1.0,False,90.0,0.0,0.0,1.0,0.0,0.0,0.0,0.0,0.0,0.0,0.0,0.0,8.0,10.6,2.2,7.0,2.0,3.0,3.0,4.0,10.0,1.0,0.05,0.03,0.08,1.83,50.0,0.0,40446.0,0.0,0.0,286,Belloumi,Hull City,Mohamed,540324,,3,88,Mohamed_Belloumi,1,Man Utd,88,Hull City,MID,11
312,287.0,4.0,16.0,0.0,True,2026-08-22T11:30:00Z,2.0,0.0,1.0,False,19.0,0.0,0.0,0.0,0.0,0.0,0.0,0.0,1.0,0.0,0.0,0.0,2.0,2.0,0.3,2.0,0.4,1.0,1.0,1.0,3.0,0.0,0.0,0.0,0.0,0.67,50.0,0.0,6086.0,0.0,0.0,287,Millar,Hull City,Liam,232905,,3,88,Liam_Millar,1,Man Utd,88,Hull City,MID,11
313,288.0,4.0,16.0,0.0,True,2026-08-22T11:30:00Z,2.0,0.0,1.0,False,0.0,0.0,0.0,0.0,0.0,0.0,0.0,0.0,0.0,0.0,0.0,0.0,0.0,0.0,0.0,0.0,0.0,0.0,0.0,0.0,0.0,0.0,0.0,0.0,0.0,0.0,45.0,0.0,35457.0,0.0,0.0,288,Dowell,Hull City,Kieran,171270,,3,88,Kieran_Dowell,1,Man Utd,88,Hull City,MID,11
314,289.0,4.0,16.0,2.0,True,2026-08-22T11:30:00Z,2.0,0.0,1.0,False,90.0,0.0,0.0,1.0,0.0,0.0,0.0,0.0,1.0,0.0,0.0,0.0,9.0,19.0,2.4,0.0,2.1,4.0,1.0,4.0,9.0,1.0,0.0,0.0,0.0,1.83,45.0,0.0,57929.0,0.0,0.0,289,Crooks,Hull City,Matt,101282,,3,88,Matt_Crooks,1,Man Utd,88,Hull City,MID,11
315,290.0,4.0,16.0,6.0,True,2026-08-22T11:30:00Z,2.0,0.0,1.0,False,90.0,0.0,1.0,1.0,0.0,0.0,0.0,0.0,0.0,0.0,0.0,0.0,20.0,18.4,19.3,0.0,3.8,0.0,2.0,1.0,3.0,1.0,0.0,0.44,0.44,1.83,45.0,0.0,272889.0,0.0,0.0,290,Slater,Hull City,Regan,243413,,3,88,Regan_Slater,1,Man Utd,88,Hull City,MID,11
316,291.0,4.0,16.0,0.0,True,2026-08-22T11:30:00Z,2.0,0.0,1.0,False,0.0,0.0,0.0,0.0,0.0,0.0,0.0,0.0,0.0,0.0,0.0,0.0,0.0,0.0,0.0,0.0,0.0,0.0,0.0,0.0,0.0,0.0,0.0,0.0,0.0,0.0,45.0,0.0,600.0,0.0,0.0,291,Matazo,Hull City,Eliot,465525,Knee injury - Unknown return date,3,88,Eliot_Matazo,1,Man Utd,88,Hull City,MID,11
317,292.0,4.0,16.0,0.0,True,2026-08-22T11:30:00Z,2.0,0.0,1.0,False,0.0,0.0,0.0,0.0,0.0,0.0,0.0,0.0,0.0,0.0,0.0,0.0,0.0,0.0,0.0,0.0,0.0,0.0,0.0,0.0,0.0,0.0,0.0,0.0,0.0,0.0,50.0,0.0,1546.0,0.0,0.0,292,Ömür,Hull City,Abdülkadir,208481,,3,88,Abdülkadir_Ömür,1,Man Utd,88,Hull City,MID,11
318,293.0,4.0,16.0,0.0,True,2026-08-22T11:30:00Z,2.0,0.0,1.0,False,0.0,0.0,0.0,0.0,0.0,0.0,0.0,0.0,0.0,0.0,0.0,0.0,0.0,0.0,0.0,0.0,0.0,0.0,0.0,0.0,0.0,0.0,0.0,0.0,0.0,0.0,50.0,0.0,555.0,0.0,0.0,293,Kamara,Hull City,Abu,490161,Has joined Portsmouth permanently,3,88,Abu_Kamara,1,Man Utd,88,Hull City,MID,11
319,294.0,4.0,16.0,0.0,True,2026-08-22T11:30:00Z,2.0,0.0,1.0,False,0.0,0.0,0.0,0.0,0.0,0.0,0.0,0.0,0.0,0.0,0.0,0.0,0.0,0.0,0.0,0.0,0.0,0.0,0.0,0.0,0.0,0.0,0.0,0.0,0.0,0.0,45.0,0.0,10995.0,0.0,0.0,294,Zambrano,Hull City,Óscar,553783,Thigh injury - Unknown return date,3,88,Óscar_Zambrano,1,Man Utd,88,Hull City,MID,11
320,295.0,4.0,16.0,5.0,True,2026-08-22T11:30:00Z,2.0,0.0,1.0,False,90.0,0.0,1.0,1.0,0.0,0.0,0.0,0.0,0.0,0.0,0.0,0.0,21.0,17.2,21.1,52.0,9.0,3.0,2.0,0.0,5.0,1.0,0.16,0.01,0.17,1.83,55.0,0.0,113765.0,0.0,0.0,295,McBurnie,Hull City,Oli,169432,,4,88,Oli_McBurnie,1,Man Utd,88,Hull City,FWD,11
321,296.0,4.0,16.0,0.0,True,2026-08-22T11:30:00Z,2.0,0.0,1.0,False,0.0,0.0,0.0,0.0,0.0,0.0,0.0,0.0,0.0,0.0,0.0,0.0,0.0,0.0,0.0,0.0,0.0,0.0,0.0,0.0,0.0,0.0,0.0,0.0,0.0,0.0,50.0,0.0,3400.0,0.0,0.0,296,Akintola,Hull City,David,213292,,3,88,David_Akintola,1,Man Utd,88,Hull City,MID,11
322,297.0,4.0,16.0,0.0,True,2026-08-22T11:30:00Z,2.0,0.0,1.0,False,0.0,0.0,0.0,0.0,0.0,0.0,0.0,0.0,0.0,0.0,0.0,0.0,0.0,0.0,0.0,0.0,0.0,0.0,0.0,0.0,0.0,0.0,0.0,0.0,0.0,0.0,45.0,0.0,2774.0,0.0,0.0,297,Gyabi,Hull City,Darko,470294,Thigh injury - Unknown return date,3,88,Darko_Gyabi,1,Man Utd,88,Hull City,MID,11
323,298.0,4.0,16.0,0.0,True,2026-08-22T11:30:00Z,2.0,0.0,1.0,False,0.0,0.0,0.0,0.0,0.0,0.0,0.0,0.0,0.0,0.0,0.0,0.0,0.0,0.0,0.0,0.0,0.0,0.0,0.0,0.0,0.0,0.0,0.0,0.0,0.0,0.0,45.0,0.0,40958.0,0.0,0.0,298,Destan,Hull City,Enis,500957,Has joined Konyaspor permanently,4,88,Enis_Destan,1,Man Utd,88,Hull City,FWD,11
324,299.0,4.0,16.0,0.0,True,2026-08-22T11:30:00Z,2.0,0.0,1.0,False,0.0,0.0,0.0,0.0,0.0,0.0,0.0,0.0,0.0,0.0,0.0,0.0,0.0,0.0,0.0,0.0,0.0,0.0,0.0,0.0,0.0,0.0,0.0,0.0,0.0,0.0,45.0,0.0,6401.0,0.0,0.0,299,Burstow,Hull City,Mason,534392,Has joined Sheffield Wednesday on loan for the rest of the season,4,88,Mason_Burstow,1,Man Utd,88,Hull City,FWD,11
325,340.0,4.0,16.0,0.0,True,2026-08-22T11:30:00Z,2.0,0.0,1.0,False,0.0,0.0,0.0,0.0,0.0,0.0,0.0,0.0,0.0,0.0,0.0,0.0,0.0,0.0,0.0,0.0,0.0,0.0,0.0,0.0,0.0,0.0,0.0,0.0,0.0,0.0,50.0,0.0,1365.0,0.0,0.0,340,Gelhardt,Hull City,Joe,462635,Ankle injury - Expected back 5 Sep,3,88,Joe_Gelhardt,1,Man Utd,88,Hull City,MID,11
326,556.0,4.0,16.0,1.0,True,2026-08-22T11:30:00Z,2.0,0.0,1.0,False,5.0,0.0,0.0,0.0,0.0,0.0,0.0,0.0,0.0,0.0,0.0,0.0,3.0,0.4,0.0,0.0,0.0,0.0,1.0,0.0,0.0,0.0,0.0,0.0,0.0,0.07,40.0,0.0,218902.0,0.0,0.0,556,Targett,Hull City,Matt,169359,,2,88,Matt_Targett,1,Man Utd,88,Hull City,DEF,11
327,563.0,4.0,16.0,0.0,True,2026-08-22T11:30:00Z,2.0,0.0,1.0,False,0.0,0.0,0.0,0.0,0.0,0.0,0.0,0.0,0.0,0.0,0.0,0.0,0.0,0.0,0.0,0.0,0.0,0.0,0.0,0.0,0.0,0.0,0.0,0.0,0.0,0.0,50.0,0.0,2175.0,0.0,0.0,563,Morita,Hull City,Hidemasa,445028,,3,88,Hidemasa_Morita,1,Man Utd,88,Hull City,MID,11
328,572.0,4.0,16.0,10.0,True,2026-08-22T11:30:00Z,2.0,0.0,1.0,False,90.0,0.0,0.0,1.0,0.0,0.0,0.0,0.0,0.0,0.0,5.0,3.0,41.0,34.6,0.0,0.0,3.5,0.0,22.0,0.0,0.0,1.0,0.0,0.0,0.0,1.83,45.0,0.0,48305.0,0.0,0.0,572,Tzolakis,Hull City,Konstantinos,473284,,1,88,Konstantinos_Tzolakis,1,Man Utd,88,Hull City,GKP,11
329,574.0,4.0,16.0,0.0,True,2026-08-22T11:30:00Z,2.0,0.0,1.0,False,0.0,0.0,0.0,0.0,0.0,0.0,0.0,0.0,0.0,0.0,0.0,0.0,0.0,0.0,0.0,0.0,0.0,0.0,0.0,0.0,0.0,0.0,0.0,0.0,0.0,0.0,50.0,0.0,7500.0,0.0,0.0,574,Hjertø-Dahl,Hull City,Jens,552946,,3,88,Jens_Hjertø-Dahl,1,Man Utd,88,Hull City,MID,11
330,576.0,4.0,16.0,3.0,True,2026-08-22T11:30:00Z,2.0,0.0,1.0,False,70.0,0.0,0.0,1.0,0.0,0.0,0.0,0.0,0.0,0.0,0.0,0.0,11.0,8.4,4.8,0.0,1.3,1.0,2.0,3.0,6.0,1.0,0.0,0.03,0.03,1.16,50.0,0.0,6733.0,0.0,0.0,576,Stroud,Hull City,Elliot,608227,,3,88,Elliot_Stroud,1,Man Utd,88,Hull City,MID,11
331,585.0,4.0,16.0,1.0,True,2026-08-22T11:30:00Z,2.0,0.0,1.0,False,26.0,0.0,0.0,0.0,0.0,0.0,0.0,0.0,0.0,0.0,0.0,0.0,4.0,8.0,0.0,0.0,0.8,4.0,0.0,0.0,4.0,0.0,0.0,0.0,0.0,0.96,40.0,0.0,53978.0,0.0,0.0,585,Herrington,Hull City,Lucas,597462,,2,88,Lucas_Herrington,1,Man Utd,88,Hull City,DEF,11
332,586.0,4.0,16.0,15.0,True,2026-08-22T11:30:00Z,2.0,0.0,1.0,False,63.0,1.0,0.0,1.0,0.0,0.0,0.0,0.0,0.0,0.0,0.0,1.0,35.0,51.8,0.6,33.0,8.5,13.0,2.0,0.0,13.0,1.0,0.28,0.0,0.28,0.86,40.0,0.0,92688.0,0.0,0.0,586,Mendy,Hull City,Nobel,606930,,2,88,Nobel_Mendy,1,Man Utd,88,Hull City,DEF,11
333,589.0,4.0,16.0,0.0,True,2026-08-22T11:30:00Z,2.0,0.0,1.0,False,0.0,0.0,0.0,0.0,0.0,0.0,0.0,0.0,0.0,0.0,0.0,0.0,0.0,0.0,0.0,0.0,0.0,0.0,0.0,0.0,0.0,0.0,0.0,0.0,0.0,0.0,50.0,0.0,2352.0,0.0,0.0,589,Gourna-Douath,Hull City,Lucas,469266,,3,88,Lucas_Gourna-Douath,1,Man Utd,88,Hull City,MID,11
334,259.0,5.0,20.0,2.0,True,2026-08-22T14:00:00Z,2.0,1.0,1.0,False,90.0,0.0,0.0,0.0,1.0,0.0,0.0,0.0,0.0,0.0,0.0,0.0,7.0,7.2,0.8,2.0,1.0,4.0,6.0,1.0,5.0,1.0,0.0,0.01,0.01,0.66,40.0,0.0,1668644.0,0.0,0.0,259,Diop,Ipswich Town,Issa,219924,,2,40,Issa_Diop,56,Sunderland,40,Ipswich Town,DEF,12
335,267.0,5.0,20.0,5.0,True,2026-08-22T14:00:00Z,2.0,1.0,1.0,False,90.0,0.0,1.0,0.0,1.0,0.0,0.0,0.0,0.0,0.0,0.0,0.0,22.0,23.4,14.8,2.0,4.0,2.0,3.0,1.0,6.0,1.0,0.0,0.02,0.02,0.66,50.0,0.0,10816.0,0.0,0.0,267,Lukić,Ipswich Town,Saša,212314,,3,40,Saša_Lukić,56,Sunderland,40,Ipswich Town,MID,12
336,300.0,5.0,20.0,0.0,True,2026-08-22T14:00:00Z,2.0,1.0,1.0,False,0.0,0.0,0.0,0.0,0.0,0.0,0.0,0.0,0.0,0.0,0.0,0.0,0.0,0.0,0.0,0.0,0.0,0.0,0.0,0.0,0.0,0.0,0.0,0.0,0.0,0.0,45.0,0.0,47085.0,0.0,0.0,300,Walton,Ipswich Town,Christian,108813,,1,40,Christian_Walton,56,Sunderland,40,Ipswich Town,GKP,12
337,301.0,5.0,20.0,0.0,True,2026-08-22T14:00:00Z,2.0,1.0,1.0,False,0.0,0.0,0.0,0.0,0.0,0.0,0.0,0.0,0.0,0.0,0.0,0.0,0.0,0.0,0.0,0.0,0.0,0.0,0.0,0.0,0.0,0.0,0.0,0.0,0.0,0.0,40.0,0.0,426453.0,0.0,0.0,301,Palmer,Ipswich Town,Alex,112520,,1,40,Alex_Palmer,56,Sunderland,40,Ipswich Town,GKP,12
338,302.0,5.0,20.0,0.0,True,2026-08-22T14:00:00Z,2.0,1.0,1.0,False,0.0,0.0,0.0,0.0,0.0,0.0,0.0,0.0,0.0,0.0,0.0,0.0,0.0,0.0,0.0,0.0,0.0,0.0,0.0,0.0,0.0,0.0,0.0,0.0,0.0,0.0,40.0,0.0,40566.0,0.0,0.0,302,Button,Ipswich Town,David,50093,,1,40,David_Button,56,Sunderland,40,Ipswich Town,GKP,12
339,303.0,5.0,20.0,0.0,True,2026-08-22T14:00:00Z,2.0,1.0,1.0,False,0.0,0.0,0.0,0.0,0.0,0.0,0.0,0.0,0.0,0.0,0.0,0.0,0.0,0.0,0.0,0.0,0.0,0.0,0.0,0.0,0.0,0.0,0.0,0.0,0.0,0.0,40.0,0.0,57775.0,0.0,0.0,303,Kipré,Ipswich Town,Cédric,183015,,2,40,Cédric_Kipré,56,Sunderland,40,Ipswich Town,DEF,12
340,304.0,5.0,20.0,4.0,True,2026-08-22T14:00:00Z,2.0,1.0,1.0,False,90.0,0.0,0.0,0.0,1.0,0.0,0.0,0.0,0.0,0.0,0.0,0.0,16.0,48.0,24.5,2.0,7.5,16.0,6.0,2.0,18.0,1.0,0.0,0.16,0.16,0.66,40.0,0.0,313565.0,0.0,0.0,304,O'Shea,Ipswich Town,Dara,216616,,2,40,Dara_O'Shea,56,Sunderland,40,Ipswich Town,DEF,12
341,305.0,5.0,20.0,2.0,True,2026-08-22T14:00:00Z,2.0,1.0,1.0,False,90.0,0.0,0.0,0.0,1.0,0.0,0.0,0.0,0.0,0.0,0.0,0.0,10.0,15.2,2.3,0.0,1.8,7.0,4.0,0.0,7.0,1.0,0.0,0.01,0.01,0.66,40.0,0.0,479363.0,0.0,0.0,305,Davis,Ipswich Town,Leif,455084,,2,40,Leif_Davis,56,Sunderland,40,Ipswich Town,DEF,12
342,306.0,5.0,20.0,2.0,True,2026-08-22T14:00:00Z,2.0,1.0,1.0,False,90.0,0.0,0.0,0.0,1.0,0.0,0.0,0.0,0.0,0.0,0.0,0.0,12.0,16.4,1.3,0.0,1.8,4.0,1.0,3.0,7.0,1.0,0.0,0.0,0.0,0.66,40.0,0.0,134129.0,0.0,0.0,306,Greaves,Ipswich Town,Jacob,449429,,2,40,Jacob_Greaves,56,Sunderland,40,Ipswich Town,DEF,12
343,307.0,5.0,20.0,0.0,True,2026-08-22T14:00:00Z,2.0,1.0,1.0,False,0.0,0.0,0.0,0.0,0.0,0.0,0.0,0.0,0.0,0.0,0.0,0.0,0.0,0.0,0.0,0.0,0.0,0.0,0.0,0.0,0.0,0.0,0.0,0.0,0.0,0.0,40.0,0.0,10016.0,0.0,0.0,307,Johnson,Ipswich Town,Ben,222018,,2,40,Ben_Johnson,56,Sunderland,40,Ipswich Town,DEF,12
344,308.0,5.0,20.0,0.0,True,2026-08-22T14:00:00Z,2.0,1.0,1.0,False,0.0,0.0,0.0,0.0,0.0,0.0,0.0,0.0,0.0,0.0,0.0,0.0,0.0,0.0,0.0,0.0,0.0,0.0,0.0,0.0,0.0,0.0,0.0,0.0,0.0,0.0,40.0,0.0,56130.0,0.0,0.0,308,Furlong,Ipswich Town,Darnell,176420,,2,40,Darnell_Furlong,56,Sunderland,40,Ipswich Town,DEF,12
345,309.0,5.0,20.0,4.0,True,2026-08-22T14:00:00Z,2.0,1.0,1.0,False,79.0,0.0,0.0,0.0,1.0,0.0,0.0,0.0,0.0,0.0,0.0,0.0,26.0,13.0,7.3,4.0,2.4,4.0,6.0,2.0,12.0,1.0,0.03,0.03,0.06,0.63,50.0,0.0,11544.0,0.0,0.0,309,Núñez,Ipswich Town,Marcelino,501390,,3,40,Marcelino_Núñez,56,Sunderland,40,Ipswich Town,MID,12
346,310.0,5.0,20.0,0.0,True,2026-08-22T14:00:00Z,2.0,1.0,1.0,False,0.0,0.0,0.0,0.0,0.0,0.0,0.0,0.0,0.0,0.0,0.0,0.0,0.0,0.0,0.0,0.0,0.0,0.0,0.0,0.0,0.0,0.0,0.0,0.0,0.0,0.0,50.0,0.0,430.0,0.0,0.0,310,Matusiwa,Ipswich Town,Azor,241117,Muscular injury - Unknown return date,3,40,Azor_Matusiwa,56,Sunderland,40,Ipswich Town,MID,12
347,311.0,5.0,20.0,0.0,True,2026-08-22T14:00:00Z,2.0,1.0,1.0,False,0.0,0.0,0.0,0.0,0.0,0.0,0.0,0.0,0.0,0.0,0.0,0.0,0.0,0.0,0.0,0.0,0.0,0.0,0.0,0.0,0.0,0.0,0.0,0.0,0.0,0.0,50.0,0.0,562.0,0.0,0.0,311,Burns,Ipswich Town,Wes,149929,Has joined Leicester City permanently,3,40,Wes_Burns,56,Sunderland,40,Ipswich Town,MID,12
348,312.0,5.0,20.0,0.0,True,2026-08-22T14:00:00Z,2.0,1.0,1.0,False,0.0,0.0,0.0,0.0,0.0,0.0,0.0,0.0,0.0,0.0,0.0,0.0,0.0,0.0,0.0,0.0,0.0,0.0,0.0,0.0,0.0,0.0,0.0,0.0,0.0,0.0,45.0,0.0,4505.0,0.0,0.0,312,Taylor,Ipswich Town,Jack,231899,Knee injury - Unknown return date,3,40,Jack_Taylor,56,Sunderland,40,Ipswich Town,MID,12
349,313.0,5.0,20.0,7.0,True,2026-08-22T14:00:00Z,2.0,1.0,1.0,False,19.0,1.0,0.0,0.0,0.0,0.0,0.0,0.0,0.0,0.0,0.0,1.0,27.0,33.6,0.6,18.0,5.2,0.0,1.0,1.0,2.0,0.0,0.1,0.0,0.1,0.03,55.0,0.0,24135.0,0.0,0.0,313,Clarke,Ipswich Town,Jack,443261,,3,40,Jack_Clarke,56,Sunderland,40,Ipswich Town,MID,12
350,314.0,5.0,20.0,0.0,True,2026-08-22T14:00:00Z,2.0,1.0,1.0,False,0.0,0.0,0.0,0.0,0.0,0.0,0.0,0.0,0.0,0.0,0.0,0.0,0.0,0.0,0.0,0.0,0.0,0.0,0.0,0.0,0.0,0.0,0.0,0.0,0.0,0.0,50.0,0.0,1539.0,0.0,0.0,314,Ogbene,Ipswich Town,Chiedozie,229164,,3,40,Chiedozie_Ogbene,56,Sunderland,40,Ipswich Town,MID,12
351,315.0,5.0,20.0,2.0,True,2026-08-22T14:00:00Z,2.0,1.0,1.0,False,65.0,0.0,0.0,0.0,1.0,0.0,0.0,0.0,0.0,0.0,0.0,0.0,22.0,18.6,28.4,8.0,5.5,1.0,2.0,4.0,7.0,1.0,0.0,0.41,0.41,0.63,55.0,0.0,21235.0,0.0,0.0,315,Fatawu,Ipswich Town,Abdul,531442,,3,40,Abdul_Fatawu,56,Sunderland,40,Ipswich Town,MID,12
352,316.0,5.0,20.0,9.0,True,2026-08-22T14:00:00Z,2.0,1.0,1.0,False,65.0,1.0,0.0,0.0,1.0,0.0,0.0,0.0,0.0,0.0,0.0,3.0,41.0,45.6,26.3,40.0,11.2,1.0,1.0,1.0,3.0,1.0,0.82,0.06,0.88,0.63,55.0,0.0,33590.0,0.0,0.0,316,Correia da Silva,Ipswich Town,Emersonn,543968,,4,40,Emersonn_Correia da Silva,56,Sunderland,40,Ipswich Town,FWD,12
353,317.0,5.0,20.0,0.0,True,2026-08-22T14:00:00Z,2.0,1.0,1.0,False,0.0,0.0,0.0,0.0,0.0,0.0,0.0,0.0,0.0,0.0,0.0,0.0,0.0,0.0,0.0,0.0,0.0,0.0,0.0,0.0,0.0,0.0,0.0,0.0,0.0,0.0,50.0,0.0,25160.0,0.0,0.0,317,Hirst,Ipswich Town,George,222625,Has joined Stoke City permanently,4,40,George_Hirst,56,Sunderland,40,Ipswich Town,FWD,12
354,318.0,5.0,20.0,0.0,True,2026-08-22T14:00:00Z,2.0,1.0,1.0,False,0.0,0.0,0.0,0.0,0.0,0.0,0.0,0.0,0.0,0.0,0.0,0.0,0.0,0.0,0.0,0.0,0.0,0.0,0.0,0.0,0.0,0.0,0.0,0.0,0.0,0.0,55.0,0.0,14821.0,0.0,0.0,318,Philogene,Ipswich Town,Jaden,481624,Ankle injury - Unknown return date,3,40,Jaden_Philogene,56,Sunderland,40,Ipswich Town,MID,12
355,319.0,5.0,20.0,0.0,True,2026-08-22T14:00:00Z,2.0,1.0,1.0,False,0.0,0.0,0.0,0.0,0.0,0.0,0.0,0.0,0.0,0.0,0.0,0.0,0.0,0.0,0.0,0.0,0.0,0.0,0.0,0.0,0.0,0.0,0.0,0.0,0.0,0.0,50.0,0.0,1030.0,0.0,0.0,319,Szmodics,Ipswich Town,Sam,172453,Has joined Derby County on loan for the rest of the season,3,40,Sam_Szmodics,56,Sunderland,40,Ipswich Town,MID,12
356,320.0,5.0,20.0,1.0,True,2026-08-22T14:00:00Z,2.0,1.0,1.0,False,24.0,0.0,0.0,0.0,0.0,0.0,0.0,0.0,0.0,0.0,0.0,0.0,3.0,1.4,0.0,2.0,0.3,0.0,2.0,1.0,3.0,0.0,0.0,0.0,0.0,0.03,50.0,0.0,47871.0,0.0,0.0,320,Akpom,Ipswich Town,Chuba,147675,,4,40,Chuba_Akpom,56,Sunderland,40,Ipswich Town,FWD,12
357,321.0,5.0,20.0,1.0,True,2026-08-22T14:00:00Z,2.0,1.0,1.0,False,10.0,0.0,0.0,0.0,0.0,0.0,0.0,0.0,0.0,0.0,0.0,0.0,3.0,0.0,0.1,0.0,0.0,0.0,0.0,0.0,0.0,0.0,0.0,0.0,0.0,0.03,45.0,0.0,199675.0,0.0,0.0,321,Walle Egeli,Ipswich Town,Sindre,557012,,4,40,Sindre_Walle Egeli,56,Sunderland,40,Ipswich Town,FWD,12
358,322.0,5.0,20.0,0.0,True,2026-08-22T14:00:00Z,2.0,1.0,1.0,False,0.0,0.0,0.0,0.0,0.0,0.0,0.0,0.0,0.0,0.0,0.0,0.0,0.0,0.0,0.0,0.0,0.0,0.0,0.0,0.0,0.0,0.0,0.0,0.0,0.0,0.0,50.0,0.0,13332.0,0.0,0.0,322,Al-Hamadi,Ipswich Town,Ali,462387,,4,40,Ali_Al-Hamadi,56,Sunderland,40,Ipswich Town,FWD,12
359,323.0,5.0,20.0,1.0,True,2026-08-22T14:00:00Z,2.0,1.0,1.0,False,24.0,0.0,0.0,0.0,0.0,0.0,0.0,0.0,0.0,0.0,0.0,0.0,4.0,1.2,1.3,0.0,0.3,0.0,2.0,1.0,3.0,0.0,0.0,0.0,0.0,0.03,45.0,0.0,130440.0,0.0,0.0,323,McAteer,Ipswich Town,Kasey,461587,,3,40,Kasey_McAteer,56,Sunderland,40,Ipswich Town,MID,12
360,324.0,5.0,20.0,0.0,True,2026-08-22T14:00:00Z,2.0,1.0,1.0,False,0.0,0.0,0.0,0.0,0.0,0.0,0.0,0.0,0.0,0.0,0.0,0.0,0.0,0.0,0.0,0.0,0.0,0.0,0.0,0.0,0.0,0.0,0.0,0.0,0.0,0.0,50.0,0.0,4850.0,0.0,0.0,324,Mehmeti,Ipswich Town,Anis,232457,,3,40,Anis_Mehmeti,56,Sunderland,40,Ipswich Town,MID,12
361,554.0,5.0,20.0,0.0,True,2026-08-22T14:00:00Z,2.0,1.0,1.0,False,0.0,0.0,0.0,0.0,0.0,0.0,0.0,0.0,0.0,0.0,0.0,0.0,0.0,0.0,0.0,0.0,0.0,0.0,0.0,0.0,0.0,0.0,0.0,0.0,0.0,0.0,45.0,0.0,3509.0,0.0,0.0,554,van Oevelen,Ipswich Town,Kayne,546600,Has joined Valencia on loan for the rest of the season,1,40,Kayne_van Oevelen,56,Sunderland,40,Ipswich Town,GKP,12
362,562.0,5.0,20.0,2.0,True,2026-08-22T14:00:00Z,2.0,1.0,1.0,False,79.0,0.0,0.0,0.0,1.0,0.0,0.0,0.0,0.0,0.0,0.0,0.0,7.0,12.6,1.4,7.0,2.1,3.0,2.0,4.0,9.0,1.0,0.61,0.0,0.61,0.63,55.0,0.0,37656.0,0.0,0.0,562,Maeda,Ipswich Town,Daizen,442967,,3,40,Daizen_Maeda,56,Sunderland,40,Ipswich Town,MID,12
363,564.0,5.0,20.0,2.0,True,2026-08-22T14:00:00Z,2.0,1.0,1.0,False,90.0,0.0,0.0,0.0,1.0,0.0,0.0,0.0,0.0,0.0,2.0,0.0,12.0,14.4,0.0,0.0,1.4,1.0,10.0,0.0,0.0,1.0,0.0,0.0,0.0,0.66,45.0,0.0,57252.0,0.0,0.0,564,Scherpen,Ipswich Town,Kjell,240514,,1,40,Kjell_Scherpen,56,Sunderland,40,Ipswich Town,GKP,12
364,571.0,5.0,20.0,0.0,True,2026-08-22T14:00:00Z,2.0,1.0,1.0,False,0.0,0.0,0.0,0.0,0.0,0.0,0.0,0.0,0.0,0.0,0.0,0.0,0.0,0.0,0.0,0.0,0.0,0.0,0.0,0.0,0.0,0.0,0.0,0.0,0.0,0.0,50.0,0.0,12850.0,0.0,0.0,571,Morris Luís,Ipswich Town,Florentino Ibrain,216055,Calf injury - 75% chance of playing,3,40,Florentino Ibrain_Morris Luís,56,Sunderland,40,Ipswich Town,MID,12
365,591.0,5.0,20.0,5.0,True,2026-08-22T14:00:00Z,2.0,1.0,1.0,False,70.0,0.0,1.0,0.0,1.0,0.0,0.0,0.0,0.0,0.0,0.0,0.0,24.0,21.6,14.0,18.0,5.4,2.0,5.0,1.0,8.0,1.0,0.23,0.31,0.54,0.63,55.0,0.0,24595.0,0.0,0.0,591,Enciso,Ipswich Town,Julio,474120,,3,40,Julio_Enciso,56,Sunderland,40,Ipswich Town,MID,12
366,592.0,5.0,20.0,1.0,True,2026-08-22T14:00:00Z,2.0,1.0,1.0,False,10.0,0.0,0.0,0.0,0.0,0.0,0.0,0.0,0.0,0.0,0.0,0.0,4.0,5.2,10.0,0.0,1.5,2.0,0.0,0.0,2.0,0.0,0.0,0.0,0.0,0.03,40.0,0.0,86218.0,0.0,0.0,592,Ouattara,Ipswich Town,Abdoul,572584,,2,40,Abdoul_Ouattara,56,Sunderland,40,Ipswich Town,DEF,12
367,602.0,5.0,20.0,0.0,True,2026-08-22T14:00:00Z,2.0,1.0,1.0,False,0.0,0.0,0.0,0.0,0.0,0.0,0.0,0.0,0.0,0.0,0.0,0.0,0.0,0.0,0.0,0.0,0.0,0.0,0.0,0.0,0.0,0.0,0.0,0.0,0.0,0.0,45.0,0.0,0.0,0.0,0.0,602,Humphreys,Ipswich Town,Cameron,524180,,3,40,Cameron_Humphreys,56,Sunderland,40,Ipswich Town,MID,12
368,260.0,6.0,18.0,3.0,False,2026-08-22T14:00:00Z,0.0,1.0,1.0,False,65.0,0.0,0.0,1.0,0.0,0.0,0.0,0.0,0.0,0.0,0.0,0.0,8.0,6.2,15.3,4.0,2.6,0.0,0.0,2.0,2.0,1.0,0.0,0.02,0.02,0.53,65.0,0.0,577649.0,0.0,0.0,260,Wilson,Leeds,Harry,153682,,3,2,Harry_Wilson,17,Nott'm Forest,2,Leeds,MID,13
369,326.0,6.0,18.0,0.0,False,2026-08-22T14:00:00Z,0.0,1.0,1.0,False,0.0,0.0,0.0,0.0,0.0,0.0,0.0,0.0,0.0,0.0,0.0,0.0,0.0,0.0,0.0,0.0,0.0,0.0,0.0,0.0,0.0,0.0,0.0,0.0,0.0,0.0,45.0,0.0,52897.0,0.0,0.0,326,Perri,Leeds,Lucas Estella,201595,,1,2,Lucas Estella_Perri,17,Nott'm Forest,2,Leeds,GKP,13
370,327.0,6.0,18.0,10.0,False,2026-08-22T14:00:00Z,0.0,1.0,1.0,False,90.0,0.0,0.0,1.0,0.0,0.0,0.0,0.0,0.0,0.0,0.0,2.0,28.0,23.6,0.4,15.0,3.9,11.0,5.0,1.0,12.0,1.0,0.11,0.0,0.11,0.66,50.0,0.0,27043.0,0.0,0.0,327,Bijol,Leeds,Jaka,434752,,2,2,Jaka_Bijol,17,Nott'm Forest,2,Leeds,DEF,13
371,329.0,6.0,18.0,6.0,False,2026-08-22T14:00:00Z,0.0,1.0,1.0,False,90.0,0.0,0.0,1.0,0.0,0.0,0.0,0.0,0.0,0.0,0.0,0.0,21.0,14.4,14.4,5.0,3.4,6.0,1.0,1.0,7.0,1.0,0.03,0.06,0.09,0.66,45.0,0.0,330772.0,0.0,0.0,329,Rodon,Leeds,Joe,214225,,2,2,Joe_Rodon,17,Nott'm Forest,2,Leeds,DEF,13
372,330.0,6.0,18.0,6.0,False,2026-08-22T14:00:00Z,0.0,1.0,1.0,False,90.0,0.0,0.0,1.0,0.0,0.0,0.0,0.0,0.0,0.0,0.0,0.0,24.0,7.0,1.1,0.0,0.8,2.0,3.0,1.0,3.0,1.0,0.0,0.0,0.0,0.66,45.0,0.0,45674.0,0.0,0.0,330,Bogle,Leeds,Jayden,226182,,2,2,Jayden_Bogle,17,Nott'm Forest,2,Leeds,DEF,13
373,331.0,6.0,18.0,0.0,False,2026-08-22T14:00:00Z,0.0,1.0,1.0,False,0.0,0.0,0.0,0.0,0.0,0.0,0.0,0.0,0.0,0.0,0.0,0.0,0.0,0.0,0.0,0.0,0.0,0.0,0.0,0.0,0.0,0.0,0.0,0.0,0.0,0.0,45.0,0.0,5099.0,0.0,0.0,331,Gudmundsson,Leeds,Gabriel,243526,Hamstring injury - Unknown return date,2,2,Gabriel_Gudmundsson,17,Nott'm Forest,2,Leeds,DEF,13
374,332.0,6.0,18.0,10.0,False,2026-08-22T14:00:00Z,0.0,1.0,1.0,False,90.0,0.0,0.0,1.0,0.0,0.0,0.0,0.0,0.0,0.0,0.0,2.0,28.0,24.6,2.3,2.0,2.9,6.0,4.0,6.0,12.0,1.0,0.0,0.01,0.01,0.66,45.0,0.0,52732.0,0.0,0.0,332,Justin,Leeds,James,220627,,2,2,James_Justin,17,Nott'm Forest,2,Leeds,DEF,13
375,333.0,6.0,18.0,0.0,False,2026-08-22T14:00:00Z,0.0,1.0,1.0,False,0.0,0.0,0.0,0.0,0.0,0.0,0.0,0.0,0.0,0.0,0.0,0.0,0.0,0.0,0.0,0.0,0.0,0.0,0.0,0.0,0.0,0.0,0.0,0.0,0.0,0.0,45.0,0.0,512.0,0.0,0.0,333,Bornauw,Leeds,Sebastiaan,437738,Has joined Hamburg SV on loan for the rest of the season,2,2,Sebastiaan_Bornauw,17,Nott'm Forest,2,Leeds,DEF,13
376,334.0,6.0,18.0,6.0,False,2026-08-22T14:00:00Z,0.0,1.0,1.0,False,90.0,0.0,0.0,1.0,0.0,0.0,0.0,0.0,0.0,0.0,0.0,0.0,25.0,15.6,0.6,17.0,3.3,7.0,1.0,0.0,7.0,1.0,0.09,0.0,0.09,0.66,50.0,0.0,306283.0,0.0,0.0,334,Muharemović,Leeds,Tarik,522047,,2,2,Tarik_Muharemović,17,Nott'm Forest,2,Leeds,DEF,13
377,335.0,6.0,18.0,13.0,False,2026-08-22T14:00:00Z,0.0,1.0,1.0,False,90.0,1.0,0.0,1.0,0.0,0.0,0.0,0.0,0.0,0.0,0.0,3.0,37.0,47.8,2.3,16.0,6.6,8.0,5.0,3.0,16.0,1.0,0.1,0.05,0.15,0.66,60.0,0.0,80326.0,0.0,0.0,335,Stach,Leeds,Anton,466525,,3,2,Anton_Stach,17,Nott'm Forest,2,Leeds,MID,13
378,336.0,6.0,18.0,1.0,False,2026-08-22T14:00:00Z,0.0,1.0,1.0,False,24.0,0.0,0.0,0.0,0.0,0.0,0.0,0.0,0.0,0.0,0.0,0.0,10.0,10.0,14.0,4.0,2.8,1.0,2.0,2.0,5.0,0.0,0.0,0.16,0.16,0.13,60.0,0.0,45369.0,0.0,0.0,336,Okafor,Leeds,Noah,435997,,3,2,Noah_Okafor,17,Nott'm Forest,2,Leeds,MID,13
379,337.0,6.0,18.0,3.0,False,2026-08-22T14:00:00Z,0.0,1.0,1.0,False,81.0,0.0,0.0,1.0,0.0,0.0,0.0,0.0,0.0,0.0,0.0,0.0,16.0,8.0,1.1,7.0,1.6,0.0,6.0,1.0,7.0,1.0,0.01,0.01,0.02,0.58,55.0,0.0,87156.0,0.0,0.0,337,Aaronson,Leeds,Brenden,427637,,3,2,Brenden_Aaronson,17,Nott'm Forest,2,Leeds,MID,13
380,338.0,6.0,18.0,5.0,False,2026-08-22T14:00:00Z,0.0,1.0,1.0,False,90.0,0.0,0.0,1.0,0.0,0.0,0.0,0.0,0.0,0.0,0.0,0.0,18.0,18.6,23.3,0.0,4.2,6.0,5.0,2.0,13.0,1.0,0.0,0.04,0.04,0.66,55.0,0.0,132659.0,0.0,0.0,338,Ampadu,Leeds,Ethan,199598,,3,2,Ethan_Ampadu,17,Nott'm Forest,2,Leeds,MID,13
381,339.0,6.0,18.0,1.0,False,2026-08-22T14:00:00Z,0.0,1.0,1.0,False,8.0,0.0,0.0,0.0,0.0,0.0,0.0,0.0,0.0,0.0,0.0,0.0,3.0,0.0,0.2,0.0,0.0,0.0,0.0,0.0,0.0,0.0,0.0,0.0,0.0,0.07,50.0,0.0,12582.0,0.0,0.0,339,Longstaff,Leeds,Sean,180135,,3,2,Sean_Longstaff,17,Nott'm Forest,2,Leeds,MID,13
382,341.0,6.0,18.0,0.0,False,2026-08-22T14:00:00Z,0.0,1.0,1.0,False,0.0,0.0,0.0,0.0,0.0,0.0,0.0,0.0,0.0,0.0,0.0,0.0,0.0,0.0,0.0,0.0,0.0,0.0,0.0,0.0,0.0,0.0,0.0,0.0,0.0,0.0,50.0,0.0,2172.0,0.0,0.0,341,Gnonto,Leeds,Wilfried,492859,Hamstring injury - Unknown return date,3,2,Wilfried_Gnonto,17,Nott'm Forest,2,Leeds,MID,13
383,342.0,6.0,18.0,0.0,False,2026-08-22T14:00:00Z,0.0,1.0,1.0,False,0.0,0.0,0.0,0.0,0.0,0.0,0.0,0.0,0.0,0.0,0.0,0.0,0.0,0.0,0.0,0.0,0.0,0.0,0.0,0.0,0.0,0.0,0.0,0.0,0.0,0.0,50.0,0.0,135.0,0.0,0.0,342,Harrison,Leeds,Jack,221399,Has joined New England Revolution permanently,3,2,Jack_Harrison,17,Nott'm Forest,2,Leeds,MID,13
384,343.0,6.0,18.0,0.0,False,2026-08-22T14:00:00Z,0.0,1.0,1.0,False,0.0,0.0,0.0,0.0,0.0,0.0,0.0,0.0,0.0,0.0,0.0,0.0,0.0,0.0,0.0,0.0,0.0,0.0,0.0,0.0,0.0,0.0,0.0,0.0,0.0,0.0,50.0,0.0,11272.0,0.0,0.0,343,James,Leeds,Daniel,200617,,3,2,Daniel_James,17,Nott'm Forest,2,Leeds,MID,13
385,344.0,6.0,18.0,0.0,False,2026-08-22T14:00:00Z,0.0,1.0,1.0,False,0.0,0.0,0.0,0.0,0.0,0.0,0.0,0.0,0.0,0.0,0.0,0.0,0.0,0.0,0.0,0.0,0.0,0.0,0.0,0.0,0.0,0.0,0.0,0.0,0.0,0.0,50.0,0.0,461.0,0.0,0.0,344,Gruev,Leeds,Ilia,486520,Knee injury - Unknown return date,3,2,Ilia_Gruev,17,Nott'm Forest,2,Leeds,MID,13
386,345.0,6.0,18.0,0.0,False,2026-08-22T14:00:00Z,0.0,1.0,1.0,False,0.0,0.0,0.0,0.0,0.0,0.0,0.0,0.0,0.0,0.0,0.0,0.0,0.0,0.0,0.0,0.0,0.0,0.0,0.0,0.0,0.0,0.0,0.0,0.0,0.0,0.0,50.0,0.0,23052.0,0.0,0.0,345,Ao,Leeds,Tanaka,248056,,3,2,Tanaka_Ao,17,Nott'm Forest,2,Leeds,MID,13
387,346.0,6.0,18.0,1.0,False,2026-08-22T14:00:00Z,0.0,1.0,1.0,False,90.0,0.0,0.0,1.0,0.0,0.0,0.0,0.0,1.0,0.0,0.0,0.0,-2.0,0.0,0.8,11.0,0.7,0.0,2.0,0.0,2.0,1.0,0.13,0.0,0.13,0.66,60.0,0.0,2823371.0,0.0,0.0,346,Calvert-Lewin,Leeds,Dominic,177815,,4,2,Dominic_Calvert-Lewin,17,Nott'm Forest,2,Leeds,FWD,13
388,347.0,6.0,18.0,0.0,False,2026-08-22T14:00:00Z,0.0,1.0,1.0,False,0.0,0.0,0.0,0.0,0.0,0.0,0.0,0.0,0.0,0.0,0.0,0.0,0.0,0.0,0.0,0.0,0.0,0.0,0.0,0.0,0.0,0.0,0.0,0.0,0.0,0.0,55.0,0.0,53564.0,0.0,0.0,347,Nmecha,Leeds,Lukas,174594,,4,2,Lukas_Nmecha,17,Nott'm Forest,2,Leeds,FWD,13
389,348.0,6.0,18.0,0.0,False,2026-08-22T14:00:00Z,0.0,1.0,1.0,False,0.0,0.0,0.0,0.0,0.0,0.0,0.0,0.0,0.0,0.0,0.0,0.0,0.0,0.0,0.0,0.0,0.0,0.0,0.0,0.0,0.0,0.0,0.0,0.0,0.0,0.0,50.0,0.0,17239.0,0.0,0.0,348,Piroe,Leeds,Joël,235826,Has joined West Ham United on loan for the rest of the season,4,2,Joël_Piroe,17,Nott'm Forest,2,Leeds,FWD,13
390,349.0,6.0,18.0,0.0,False,2026-08-22T14:00:00Z,0.0,1.0,1.0,False,0.0,0.0,0.0,0.0,0.0,0.0,0.0,0.0,0.0,0.0,0.0,0.0,0.0,0.0,0.0,0.0,0.0,0.0,0.0,0.0,0.0,0.0,0.0,0.0,0.0,0.0,45.0,0.0,5936.0,0.0,0.0,349,Joseph Fernández-Regatillo,Leeds,Mateo,565297,Knee injury - Unknown return date,4,2,Mateo_Joseph Fernández-Regatillo,17,Nott'm Forest,2,Leeds,FWD,13
391,385.0,6.0,18.0,9.0,False,2026-08-22T14:00:00Z,0.0,1.0,1.0,False,90.0,0.0,0.0,1.0,0.0,0.0,0.0,0.0,0.0,0.0,3.0,2.0,28.0,19.4,0.0,0.0,1.9,0.0,9.0,0.0,0.0,1.0,0.0,0.0,0.0,0.66,50.0,0.0,265439.0,0.0,0.0,385,Trafford,Leeds,James,432720,,1,2,James_Trafford,17,Nott'm Forest,2,Leeds,GKP,13
392,598.0,6.0,18.0,0.0,False,2026-08-22T14:00:00Z,0.0,1.0,1.0,False,0.0,0.0,0.0,0.0,0.0,0.0,0.0,0.0,0.0,0.0,0.0,0.0,0.0,0.0,0.0,0.0,0.0,0.0,0.0,0.0,0.0,0.0,0.0,0.0,0.0,0.0,45.0,0.0,1842.0,0.0,0.0,598,Elvedi,Leeds,Nico,173774,,2,2,Nico_Elvedi,17,Nott'm Forest,2,Leeds,DEF,13
393,603.0,6.0,18.0,0.0,False,2026-08-22T14:00:00Z,0.0,1.0,1.0,False,0.0,0.0,0.0,0.0,0.0,0.0,0.0,0.0,0.0,0.0,0.0,0.0,0.0,0.0,0.0,0.0,0.0,0.0,0.0,0.0,0.0,0.0,0.0,0.0,0.0,0.0,40.0,0.0,0.0,0.0,0.0,603,Lienou,Leeds,Jayden,643970,,2,2,Jayden_Lienou,17,Nott'm Forest,2,Leeds,DEF,13
394,604.0,6.0,18.0,0.0,False,2026-08-22T14:00:00Z,0.0,1.0,1.0,False,0.0,0.0,0.0,0.0,0.0,0.0,0.0,0.0,0.0,0.0,0.0,0.0,0.0,0.0,0.0,0.0,0.0,0.0,0.0,0.0,0.0,0.0,0.0,0.0,0.0,0.0,45.0,0.0,0.0,0.0,0.0,604,Cresswell,Leeds,Alfie,592740,,3,2,Alfie_Cresswell,17,Nott'm Forest,2,Leeds,MID,13
395,350.0,9.0,17.0,2.0,False,2026-08-23T15:30:00Z,2.0,2.0,1.0,False,90.0,0.0,0.0,0.0,2.0,0.0,0.0,0.0,0.0,0.0,3.0,0.0,7.0,17.8,0.0,0.0,1.8,2.0,6.0,0.0,0.0,1.0,0.0,0.0,0.0,1.58,55.0,0.0,302846.0,0.0,0.0,350,Becker,Liverpool,Alisson,116535,,1,14,Alisson_Becker,4,Newcastle,14,Liverpool,GKP,14
396,351.0,9.0,17.0,0.0,False,2026-08-23T15:30:00Z,2.0,2.0,1.0,False,0.0,0.0,0.0,0.0,0.0,0.0,0.0,0.0,0.0,0.0,0.0,0.0,0.0,0.0,0.0,0.0,0.0,0.0,0.0,0.0,0.0,0.0,0.0,0.0,0.0,0.0,50.0,0.0,13503.0,0.0,0.0,351,Mamardashvili,Liverpool,Giorgi,449027,,1,14,Giorgi_Mamardashvili,4,Newcastle,14,Liverpool,GKP,14
397,352.0,9.0,17.0,0.0,False,2026-08-23T15:30:00Z,2.0,2.0,1.0,False,0.0,0.0,0.0,0.0,0.0,0.0,0.0,0.0,0.0,0.0,0.0,0.0,0.0,0.0,0.0,0.0,0.0,0.0,0.0,0.0,0.0,0.0,0.0,0.0,0.0,0.0,40.0,0.0,97477.0,0.0,0.0,352,Woodman,Liverpool,Freddie,155503,,1,14,Freddie_Woodman,4,Newcastle,14,Liverpool,GKP,14
398,353.0,9.0,17.0,0.0,False,2026-08-23T15:30:00Z,2.0,2.0,1.0,False,0.0,0.0,0.0,0.0,0.0,0.0,0.0,0.0,0.0,0.0,0.0,0.0,0.0,0.0,0.0,0.0,0.0,0.0,0.0,0.0,0.0,0.0,0.0,0.0,0.0,0.0,40.0,0.0,2936.0,0.0,0.0,353,Pecsi,Liverpool,Armin,586268,Has joined TSV Hartberg on loan for the rest of the season,1,14,Armin_Pecsi,4,Newcastle,14,Liverpool,GKP,14
399,354.0,9.0,17.0,0.0,False,2026-08-23T15:30:00Z,2.0,2.0,1.0,False,0.0,0.0,0.0,0.0,0.0,0.0,0.0,0.0,0.0,0.0,0.0,0.0,0.0,0.0,0.0,0.0,0.0,0.0,0.0,0.0,0.0,0.0,0.0,0.0,0.0,0.0,40.0,0.0,1351.0,0.0,0.0,354,Jaros,Liverpool,Vitezslav,432987,Knee injury - Unknown return date,1,14,Vitezslav_Jaros,4,Newcastle,14,Liverpool,GKP,14
400,355.0,9.0,17.0,0.0,False,2026-08-23T15:30:00Z,2.0,2.0,1.0,False,0.0,0.0,0.0,0.0,0.0,0.0,0.0,0.0,0.0,0.0,0.0,0.0,0.0,0.0,0.0,0.0,0.0,0.0,0.0,0.0,0.0,0.0,0.0,0.0,0.0,0.0,40.0,0.0,11845.0,0.0,0.0,355,Davies,Liverpool,Harvey,464353,,1,14,Harvey_Davies,4,Newcastle,14,Liverpool,GKP,14
401,356.0,9.0,17.0,2.0,False,2026-08-23T15:30:00Z,2.0,2.0,1.0,False,90.0,0.0,0.0,0.0,2.0,0.0,0.0,0.0,1.0,0.0,0.0,0.0,8.0,25.6,1.6,24.0,5.1,9.0,6.0,2.0,11.0,1.0,0.25,0.01,0.26,1.58,65.0,0.0,1670280.0,0.0,0.0,356,van Dijk,Liverpool,Virgil,97032,,2,14,Virgil_van Dijk,4,Newcastle,14,Liverpool,DEF,14
402,357.0,9.0,17.0,0.0,False,2026-08-23T15:30:00Z,2.0,2.0,1.0,False,90.0,0.0,0.0,0.0,2.0,0.0,0.0,0.0,1.0,0.0,0.0,0.0,3.0,13.6,37.8,10.0,6.1,1.0,3.0,1.0,2.0,1.0,0.01,0.09,0.1,1.58,55.0,0.0,302241.0,0.0,0.0,357,Frimpong,Liverpool,Jeremie,216094,,2,14,Jeremie_Frimpong,4,Newcastle,14,Liverpool,DEF,14
403,358.0,9.0,17.0,0.0,False,2026-08-23T15:30:00Z,2.0,2.0,1.0,False,90.0,0.0,0.0,0.0,2.0,0.0,0.0,0.0,1.0,0.0,0.0,0.0,3.0,18.0,13.8,12.0,4.4,4.0,3.0,3.0,7.0,1.0,0.02,0.02,0.04,1.58,55.0,0.0,332539.0,0.0,0.0,358,Kerkez,Liverpool,Milos,544877,,2,14,Milos_Kerkez,4,Newcastle,14,Liverpool,DEF,14
404,359.0,9.0,17.0,0.0,False,2026-08-23T15:30:00Z,2.0,2.0,1.0,False,0.0,0.0,0.0,0.0,0.0,0.0,0.0,0.0,0.0,0.0,0.0,0.0,0.0,0.0,0.0,0.0,0.0,0.0,0.0,0.0,0.0,0.0,0.0,0.0,0.0,0.0,50.0,0.0,1714.0,0.0,0.0,359,Gomez,Liverpool,Joe,171287,Muscular injury - Unknown return date,2,14,Joe_Gomez,4,Newcastle,14,Liverpool,DEF,14
405,360.0,9.0,17.0,0.0,False,2026-08-23T15:30:00Z,2.0,2.0,1.0,False,0.0,0.0,0.0,0.0,0.0,0.0,0.0,0.0,0.0,0.0,0.0,0.0,0.0,0.0,0.0,0.0,0.0,0.0,0.0,0.0,0.0,0.0,0.0,0.0,0.0,0.0,50.0,0.0,957.0,0.0,0.0,360,Bradley,Liverpool,Conor,492777,Knee injury - Unknown return date,2,14,Conor_Bradley,4,Newcastle,14,Liverpool,DEF,14
406,361.0,9.0,17.0,0.0,False,2026-08-23T15:30:00Z,2.0,2.0,1.0,False,0.0,0.0,0.0,0.0,0.0,0.0,0.0,0.0,0.0,0.0,0.0,0.0,0.0,0.0,0.0,0.0,0.0,0.0,0.0,0.0,0.0,0.0,0.0,0.0,0.0,0.0,40.0,0.0,10838.0,0.0,0.0,361,Lucky,Liverpool,Wellity,519440,,2,14,Wellity_Lucky,4,Newcastle,14,Liverpool,DEF,14
407,362.0,9.0,17.0,1.0,False,2026-08-23T15:30:00Z,2.0,2.0,1.0,False,69.0,0.0,0.0,0.0,2.0,0.0,0.0,0.0,0.0,0.0,0.0,0.0,9.0,12.4,11.9,0.0,2.4,2.0,3.0,1.0,3.0,1.0,0.0,0.02,0.02,1.04,50.0,0.0,205604.0,0.0,0.0,362,Jacquet,Liverpool,Jeremy,606702,,2,14,Jeremy_Jacquet,4,Newcastle,14,Liverpool,DEF,14
408,363.0,9.0,17.0,0.0,False,2026-08-23T15:30:00Z,2.0,2.0,1.0,False,0.0,0.0,0.0,0.0,0.0,0.0,0.0,0.0,0.0,0.0,0.0,0.0,0.0,0.0,0.0,0.0,0.0,0.0,0.0,0.0,0.0,0.0,0.0,0.0,0.0,0.0,40.0,0.0,4082.0,0.0,0.0,363,Leoni,Liverpool,Giovanni,647681,Knee injury - Unknown return date,2,14,Giovanni_Leoni,4,Newcastle,14,Liverpool,DEF,14
409,364.0,9.0,17.0,0.0,False,2026-08-23T15:30:00Z,2.0,2.0,1.0,False,0.0,0.0,0.0,0.0,0.0,0.0,0.0,0.0,0.0,0.0,0.0,0.0,0.0,0.0,0.0,0.0,0.0,0.0,0.0,0.0,0.0,0.0,0.0,0.0,0.0,0.0,50.0,0.0,6683.0,0.0,0.0,364,Tsimikas,Liverpool,Kostas,214285,,2,14,Kostas_Tsimikas,4,Newcastle,14,Liverpool,DEF,14
410,365.0,9.0,17.0,0.0,False,2026-08-23T15:30:00Z,2.0,2.0,1.0,False,0.0,0.0,0.0,0.0,0.0,0.0,0.0,0.0,0.0,0.0,0.0,0.0,0.0,0.0,0.0,0.0,0.0,0.0,0.0,0.0,0.0,0.0,0.0,0.0,0.0,0.0,40.0,0.0,19328.0,0.0,0.0,365,Ramsay,Liverpool,Calvin,489580,,2,14,Calvin_Ramsay,4,Newcastle,14,Liverpool,DEF,14
411,366.0,9.0,17.0,2.0,False,2026-08-23T15:30:00Z,2.0,2.0,1.0,False,62.0,0.0,0.0,0.0,2.0,0.0,0.0,0.0,0.0,0.0,0.0,0.0,16.0,9.8,17.9,29.0,5.7,0.0,4.0,1.0,5.0,1.0,0.26,0.04,0.3,0.51,75.0,0.0,1122658.0,0.0,0.0,366,Wirtz,Liverpool,Florian,494595,,3,14,Florian_Wirtz,4,Newcastle,14,Liverpool,MID,14
412,367.0,9.0,17.0,12.0,False,2026-08-23T15:30:00Z,2.0,2.0,1.0,False,90.0,1.0,0.0,0.0,2.0,0.0,0.0,0.0,0.0,0.0,0.0,3.0,33.0,44.0,34.0,37.0,11.5,4.0,5.0,3.0,12.0,1.0,0.3,0.15,0.45,1.58,70.0,0.0,310403.0,0.0,0.0,367,Gakpo,Liverpool,Cody,243298,,3,14,Cody_Gakpo,4,Newcastle,14,Liverpool,MID,14
413,368.0,9.0,17.0,8.0,False,2026-08-23T15:30:00Z,2.0,2.0,1.0,False,90.0,1.0,0.0,0.0,2.0,0.0,0.0,0.0,0.0,0.0,0.0,1.0,29.0,50.4,47.1,21.0,11.9,2.0,4.0,1.0,7.0,1.0,0.85,0.27,1.12,1.58,70.0,0.0,3733259.0,0.0,0.0,368,Szoboszlai,Liverpool,Dominik,424876,,3,14,Dominik_Szoboszlai,4,Newcastle,14,Liverpool,MID,14
414,369.0,9.0,17.0,2.0,False,2026-08-23T15:30:00Z,2.0,2.0,1.0,False,62.0,0.0,0.0,0.0,2.0,0.0,0.0,0.0,0.0,0.0,0.0,0.0,9.0,2.4,6.0,5.0,1.3,0.0,2.0,1.0,3.0,1.0,0.04,0.02,0.06,0.51,60.0,0.0,104767.0,0.0,0.0,369,Ngumoha,Liverpool,Rio,611922,,3,14,Rio_Ngumoha,4,Newcastle,14,Liverpool,MID,14
415,370.0,9.0,17.0,0.0,False,2026-08-23T15:30:00Z,2.0,2.0,1.0,False,0.0,0.0,0.0,0.0,0.0,0.0,0.0,0.0,0.0,0.0,0.0,0.0,0.0,0.0,0.0,0.0,0.0,0.0,0.0,0.0,0.0,0.0,0.0,0.0,0.0,0.0,55.0,0.0,11756.0,0.0,0.0,370,Chiesa,Liverpool,Federico,223541,,3,14,Federico_Chiesa,4,Newcastle,14,Liverpool,MID,14
416,371.0,9.0,17.0,5.0,False,2026-08-23T15:30:00Z,2.0,2.0,1.0,False,77.0,0.0,1.0,0.0,2.0,0.0,0.0,0.0,0.0,0.0,0.0,0.0,26.0,24.4,16.0,4.0,4.4,2.0,8.0,1.0,11.0,1.0,0.06,0.05,0.11,1.1,60.0,0.0,172067.0,0.0,0.0,371,Gravenberch,Liverpool,Ryan,441266,,3,14,Ryan_Gravenberch,4,Newcastle,14,Liverpool,MID,14
417,372.0,9.0,17.0,1.0,False,2026-08-23T15:30:00Z,2.0,2.0,1.0,False,27.0,0.0,0.0,0.0,0.0,0.0,0.0,0.0,0.0,0.0,0.0,0.0,9.0,5.8,1.4,0.0,0.7,0.0,1.0,2.0,3.0,0.0,0.0,0.01,0.01,1.07,55.0,0.0,151941.0,0.0,0.0,372,Mac Allister,Liverpool,Alexis,243016,,3,14,Alexis_Mac Allister,4,Newcastle,14,Liverpool,MID,14
418,373.0,9.0,17.0,0.0,False,2026-08-23T15:30:00Z,2.0,2.0,1.0,False,0.0,0.0,0.0,0.0,0.0,0.0,0.0,0.0,0.0,0.0,0.0,0.0,0.0,0.0,0.0,0.0,0.0,0.0,0.0,0.0,0.0,0.0,0.0,0.0,0.0,0.0,55.0,0.0,4822.0,0.0,0.0,373,Jones,Liverpool,Curtis,206915,Hip injury - 75% chance of playing,3,14,Curtis_Jones,4,Newcastle,14,Liverpool,MID,14
419,374.0,9.0,17.0,0.0,False,2026-08-23T15:30:00Z,2.0,2.0,1.0,False,0.0,0.0,0.0,0.0,0.0,0.0,0.0,0.0,0.0,0.0,0.0,0.0,0.0,0.0,0.0,0.0,0.0,0.0,0.0,0.0,0.0,0.0,0.0,0.0,0.0,0.0,50.0,0.0,5090.0,0.0,0.0,374,Wataru,Liverpool,Endo,158983,,3,14,Endo_Wataru,4,Newcastle,14,Liverpool,MID,14
420,375.0,9.0,17.0,0.0,False,2026-08-23T15:30:00Z,2.0,2.0,1.0,False,0.0,0.0,0.0,0.0,0.0,0.0,0.0,0.0,0.0,0.0,0.0,0.0,0.0,0.0,0.0,0.0,0.0,0.0,0.0,0.0,0.0,0.0,0.0,0.0,0.0,0.0,50.0,0.0,3729.0,0.0,0.0,375,Nyoni,Liverpool,Trey,591386,,3,14,Trey_Nyoni,4,Newcastle,14,Liverpool,MID,14
421,376.0,9.0,17.0,0.0,False,2026-08-23T15:30:00Z,2.0,2.0,1.0,False,0.0,0.0,0.0,0.0,0.0,0.0,0.0,0.0,0.0,0.0,0.0,0.0,0.0,0.0,0.0,0.0,0.0,0.0,0.0,0.0,0.0,0.0,0.0,0.0,0.0,0.0,50.0,0.0,157.0,0.0,0.0,376,Bajčetić Maquieira,Liverpool,Stefan,535928,Hamstring injury - Unknown return date,3,14,Stefan_Bajčetić Maquieira,4,Newcastle,14,Liverpool,MID,14
422,377.0,9.0,17.0,4.0,False,2026-08-23T15:30:00Z,2.0,2.0,1.0,False,27.0,0.0,1.0,0.0,0.0,0.0,0.0,0.0,0.0,0.0,0.0,0.0,15.0,4.0,8.9,14.0,2.7,0.0,0.0,0.0,0.0,0.0,0.1,0.04,0.14,1.07,65.0,0.0,48042.0,0.0,0.0,377,Munoz,Liverpool,Victor,551499,,3,14,Victor_Munoz,4,Newcastle,14,Liverpool,MID,14
423,378.0,9.0,17.0,0.0,False,2026-08-23T15:30:00Z,2.0,2.0,1.0,False,0.0,0.0,0.0,0.0,0.0,0.0,0.0,0.0,0.0,0.0,0.0,0.0,0.0,0.0,0.0,0.0,0.0,0.0,0.0,0.0,0.0,0.0,0.0,0.0,0.0,0.0,45.0,0.0,24189.0,0.0,0.0,378,McConnell,Liverpool,James,491501,,3,14,James_McConnell,4,Newcastle,14,Liverpool,MID,14
424,379.0,9.0,17.0,2.0,False,2026-08-23T15:30:00Z,2.0,2.0,1.0,False,90.0,0.0,0.0,0.0,2.0,0.0,0.0,0.0,0.0,0.0,0.0,0.0,6.0,11.4,14.6,66.0,9.2,1.0,0.0,0.0,1.0,1.0,1.09,0.01,1.1,1.58,90.0,0.0,1493302.0,0.0,0.0,379,Isak,Liverpool,Alexander,219168,,4,14,Alexander_Isak,4,Newcastle,14,Liverpool,FWD,14
425,380.0,9.0,17.0,0.0,False,2026-08-23T15:30:00Z,2.0,2.0,1.0,False,0.0,0.0,0.0,0.0,0.0,0.0,0.0,0.0,0.0,0.0,0.0,0.0,0.0,0.0,0.0,0.0,0.0,0.0,0.0,0.0,0.0,0.0,0.0,0.0,0.0,0.0,75.0,0.0,14410.0,0.0,0.0,380,Ekitiké,Liverpool,Hugo,510663,Achilles injury - Unknown return date,4,14,Hugo_Ekitiké,4,Newcastle,14,Liverpool,FWD,14
426,381.0,9.0,17.0,1.0,False,2026-08-23T15:30:00Z,2.0,2.0,1.0,False,12.0,0.0,0.0,0.0,0.0,0.0,0.0,0.0,0.0,0.0,0.0,0.0,4.0,1.2,0.5,7.0,0.9,0.0,1.0,0.0,1.0,0.0,0.03,0.0,0.03,0.48,50.0,0.0,1626.0,0.0,0.0,381,Koumas,Liverpool,Lewis,514514,,3,14,Lewis_Koumas,4,Newcastle,14,Liverpool,MID,14
427,382.0,9.0,17.0,0.0,False,2026-08-23T15:30:00Z,2.0,2.0,1.0,False,0.0,0.0,0.0,0.0,0.0,0.0,0.0,0.0,0.0,0.0,0.0,0.0,0.0,0.0,0.0,0.0,0.0,0.0,0.0,0.0,0.0,0.0,0.0,0.0,0.0,0.0,45.0,0.0,3221.0,0.0,0.0,382,Danns,Liverpool,Jayden,500058,Unspecified injury - Unknown return date,4,14,Jayden_Danns,4,Newcastle,14,Liverpool,FWD,14
428,383.0,9.0,17.0,0.0,False,2026-08-23T15:30:00Z,2.0,2.0,1.0,False,0.0,0.0,0.0,0.0,0.0,0.0,0.0,0.0,0.0,0.0,0.0,0.0,0.0,0.0,0.0,0.0,0.0,0.0,0.0,0.0,0.0,0.0,0.0,0.0,0.0,0.0,55.0,0.0,6399.0,0.0,0.0,383,Elliott,Liverpool,Harvey,444884,,3,14,Harvey_Elliott,4,Newcastle,14,Liverpool,MID,14
429,579.0,9.0,17.0,1.0,False,2026-08-23T15:30:00Z,2.0,2.0,1.0,False,20.0,0.0,0.0,0.0,0.0,0.0,0.0,0.0,0.0,0.0,0.0,0.0,3.0,13.2,1.2,0.0,1.4,3.0,1.0,1.0,4.0,0.0,0.0,0.03,0.03,0.54,55.0,0.0,211388.0,0.0,0.0,579,Araujo,Liverpool,Ronald,445087,,2,14,Ronald_Araujo,4,Newcastle,14,Liverpool,DEF,14
430,238.0,8.0,3.0,1.0,True,2026-08-23T13:00:00Z,2.0,1.0,1.0,False,8.0,0.0,0.0,0.0,0.0,0.0,0.0,0.0,0.0,0.0,0.0,0.0,2.0,1.0,0.6,0.0,0.2,0.0,0.0,1.0,1.0,0.0,0.0,0.0,0.0,0.0,65.0,0.0,16005.0,0.0,0.0,238,Grealish,Man City,Jack,114283,,3,43,Jack_Grealish,91,Bournemouth,43,Man City,MID,15
431,384.0,8.0,3.0,3.0,True,2026-08-23T13:00:00Z,2.0,1.0,1.0,False,90.0,0.0,0.0,0.0,1.0,0.0,0.0,0.0,0.0,0.0,3.0,0.0,12.0,26.8,0.0,0.0,2.7,1.0,4.0,0.0,0.0,1.0,0.0,0.0,0.0,0.65,55.0,0.0,722204.0,0.0,0.0,384,Donnarumma,Man City,Gianluigi,204936,,1,43,Gianluigi_Donnarumma,91,Bournemouth,43,Man City,GKP,15
432,386.0,8.0,3.0,0.0,True,2026-08-23T13:00:00Z,2.0,1.0,1.0,False,0.0,0.0,0.0,0.0,0.0,0.0,0.0,0.0,0.0,0.0,0.0,0.0,0.0,0.0,0.0,0.0,0.0,0.0,0.0,0.0,0.0,0.0,0.0,0.0,0.0,0.0,45.0,0.0,2479.0,0.0,0.0,386,Bettinelli,Man City,Marcus,122074,,1,43,Marcus_Bettinelli,91,Bournemouth,43,Man City,GKP,15
433,387.0,8.0,3.0,2.0,True,2026-08-23T13:00:00Z,2.0,1.0,1.0,False,62.0,0.0,0.0,0.0,1.0,0.0,0.0,0.0,0.0,0.0,0.0,0.0,5.0,8.8,30.4,11.0,5.0,1.0,5.0,1.0,2.0,1.0,0.07,0.41,0.48,0.55,65.0,0.0,1877660.0,0.0,0.0,387,O'Reilly,Man City,Nico,472769,,2,43,Nico_O'Reilly,91,Bournemouth,43,Man City,DEF,15
434,388.0,8.0,3.0,10.0,True,2026-08-23T13:00:00Z,2.0,1.0,1.0,False,90.0,1.0,0.0,0.0,1.0,0.0,0.0,0.0,0.0,0.0,0.0,2.0,31.0,43.6,17.5,28.0,8.9,1.0,4.0,3.0,4.0,1.0,0.89,0.32,1.21,0.65,60.0,0.0,1521853.0,0.0,0.0,388,Guéhi,Man City,Marc,209036,,2,43,Marc_Guéhi,91,Bournemouth,43,Man City,DEF,15
435,389.0,8.0,3.0,1.0,True,2026-08-23T13:00:00Z,2.0,1.0,1.0,False,33.0,0.0,0.0,0.0,0.0,0.0,0.0,0.0,0.0,0.0,0.0,0.0,4.0,3.8,1.5,4.0,0.9,1.0,2.0,0.0,1.0,0.0,0.0,0.04,0.04,0.1,60.0,0.0,123928.0,0.0,0.0,389,Nunes,Man City,Matheus,465351,,2,43,Matheus_Nunes,91,Bournemouth,43,Man City,DEF,15
436,390.0,8.0,3.0,2.0,True,2026-08-23T13:00:00Z,2.0,1.0,1.0,False,90.0,0.0,0.0,0.0,1.0,0.0,0.0,0.0,0.0,0.0,0.0,0.0,11.0,24.4,17.9,2.0,4.4,6.0,8.0,0.0,6.0,1.0,0.0,0.14,0.14,0.65,55.0,0.0,148709.0,0.0,0.0,390,dos Santos Gato Alves Dias,Man City,Rúben,171314,,2,43,Rúben_dos Santos Gato Alves Dias,91,Bournemouth,43,Man City,DEF,15
437,391.0,8.0,3.0,9.0,True,2026-08-23T13:00:00Z,2.0,1.0,1.0,False,90.0,1.0,0.0,0.0,1.0,0.0,0.0,0.0,0.0,0.0,0.0,1.0,28.0,47.6,13.3,17.0,7.8,5.0,5.0,2.0,7.0,1.0,0.19,0.05,0.24,0.65,55.0,0.0,980214.0,0.0,0.0,391,Gvardiol,Man City,Joško,477424,,2,43,Joško_Gvardiol,91,Bournemouth,43,Man City,DEF,15
438,392.0,8.0,3.0,0.0,True,2026-08-23T13:00:00Z,2.0,1.0,1.0,False,0.0,0.0,0.0,0.0,0.0,0.0,0.0,0.0,0.0,0.0,0.0,0.0,0.0,0.0,0.0,0.0,0.0,0.0,0.0,0.0,0.0,0.0,0.0,0.0,0.0,0.0,55.0,0.0,79425.0,0.0,0.0,392,Aït-Nouri,Man City,Rayan,448514,,2,43,Rayan_Aït-Nouri,91,Bournemouth,43,Man City,DEF,15
439,393.0,8.0,3.0,2.0,True,2026-08-23T13:00:00Z,2.0,1.0,1.0,False,90.0,0.0,0.0,0.0,1.0,0.0,0.0,0.0,0.0,0.0,0.0,0.0,14.0,17.0,3.4,0.0,2.0,2.0,6.0,2.0,4.0,1.0,0.0,0.02,0.02,0.65,55.0,0.0,147622.0,0.0,0.0,393,Khusanov,Man City,Abdukodir,578153,,2,43,Abdukodir_Khusanov,91,Bournemouth,43,Man City,DEF,15
440,394.0,8.0,3.0,0.0,True,2026-08-23T13:00:00Z,2.0,1.0,1.0,False,0.0,0.0,0.0,0.0,0.0,0.0,0.0,0.0,0.0,0.0,0.0,0.0,0.0,0.0,0.0,0.0,0.0,0.0,0.0,0.0,0.0,0.0,0.0,0.0,0.0,0.0,50.0,0.0,1089.0,0.0,0.0,394,Alleyne,Man City,Max,494307,Has joined Burnley on loan for the rest of the season,2,43,Max_Alleyne,91,Bournemouth,43,Man City,DEF,15
441,395.0,8.0,3.0,1.0,True,2026-08-23T13:00:00Z,2.0,1.0,1.0,False,56.0,0.0,0.0,0.0,1.0,0.0,0.0,0.0,0.0,0.0,0.0,0.0,-1.0,3.8,3.8,39.0,4.7,2.0,0.0,0.0,2.0,1.0,0.17,0.02,0.19,0.55,45.0,0.0,18491.0,0.0,0.0,395,Lewis,Man City,Rico,477064,,2,43,Rico_Lewis,91,Bournemouth,43,Man City,DEF,15
442,396.0,8.0,3.0,0.0,True,2026-08-23T13:00:00Z,2.0,1.0,1.0,False,0.0,0.0,0.0,0.0,0.0,0.0,0.0,0.0,0.0,0.0,0.0,0.0,0.0,0.0,0.0,0.0,0.0,0.0,0.0,0.0,0.0,0.0,0.0,0.0,0.0,0.0,45.0,0.0,1856.0,0.0,0.0,396,de Oliveira Nunes dos Reis,Man City,Vitor,616222,,2,43,Vitor_de Oliveira Nunes dos Reis,91,Bournemouth,43,Man City,DEF,15
443,397.0,8.0,3.0,2.0,True,2026-08-23T13:00:00Z,2.0,1.0,1.0,False,90.0,0.0,0.0,0.0,1.0,0.0,0.0,0.0,0.0,0.0,0.0,0.0,16.0,5.8,8.9,31.0,4.6,0.0,4.0,1.0,5.0,1.0,0.06,0.02,0.08,0.65,85.0,0.0,2354040.0,0.0,0.0,397,Semenyo,Man City,Antoine,437730,,3,43,Antoine_Semenyo,91,Bournemouth,43,Man City,MID,15
444,398.0,8.0,3.0,1.0,True,2026-08-23T13:00:00Z,2.0,1.0,1.0,False,81.0,0.0,0.0,0.0,1.0,0.0,0.0,0.0,1.0,0.0,0.0,0.0,15.0,10.4,49.6,15.0,7.5,0.0,3.0,3.0,6.0,1.0,0.12,0.4,0.52,0.65,70.0,0.0,387178.0,0.0,0.0,398,Foden,Man City,Phil,209244,,3,43,Phil_Foden,91,Bournemouth,43,Man City,MID,15
445,399.0,8.0,3.0,8.0,True,2026-08-23T13:00:00Z,2.0,1.0,1.0,False,27.0,0.0,2.0,0.0,0.0,0.0,0.0,0.0,0.0,0.0,0.0,1.0,28.0,39.2,48.8,4.0,9.2,0.0,0.0,0.0,0.0,0.0,0.0,0.5,0.5,0.1,75.0,0.0,679336.0,0.0,0.0,399,Cherki,Man City,Rayan,466052,,3,43,Rayan_Cherki,91,Bournemouth,43,Man City,MID,15
446,400.0,8.0,3.0,0.0,True,2026-08-23T13:00:00Z,2.0,1.0,1.0,False,0.0,0.0,0.0,0.0,0.0,0.0,0.0,0.0,0.0,0.0,0.0,0.0,0.0,0.0,0.0,0.0,0.0,0.0,0.0,0.0,0.0,0.0,0.0,0.0,0.0,0.0,75.0,0.0,191182.0,0.0,0.0,400,Doku,Man City,Jérémy,248875,Calf injury - Expected back 5 Sep,3,43,Jérémy_Doku,91,Bournemouth,43,Man City,MID,15
447,401.0,8.0,3.0,0.0,True,2026-08-23T13:00:00Z,2.0,1.0,1.0,False,0.0,0.0,0.0,0.0,0.0,0.0,0.0,0.0,0.0,0.0,0.0,0.0,0.0,0.0,0.0,0.0,0.0,0.0,0.0,0.0,0.0,0.0,0.0,0.0,0.0,0.0,70.0,0.0,80421.0,0.0,0.0,401,Marmoush,Man City,Omar,438234,,4,43,Omar_Marmoush,91,Bournemouth,43,Man City,FWD,15
448,402.0,8.0,3.0,0.0,True,2026-08-23T13:00:00Z,2.0,1.0,1.0,False,0.0,0.0,0.0,0.0,0.0,0.0,0.0,0.0,0.0,0.0,0.0,0.0,0.0,0.0,0.0,0.0,0.0,0.0,0.0,0.0,0.0,0.0,0.0,0.0,0.0,0.0,65.0,0.0,2341.0,0.0,0.0,402,Hernandez Cascante,Man City,Rodrigo 'Rodri',220566,Has joined Barcelona permanently,3,43,Rodrigo 'Rodri'_Hernandez Cascante,91,Bournemouth,43,Man City,MID,15
449,404.0,8.0,3.0,0.0,True,2026-08-23T13:00:00Z,2.0,1.0,1.0,False,0.0,0.0,0.0,0.0,0.0,0.0,0.0,0.0,0.0,0.0,0.0,0.0,0.0,0.0,0.0,0.0,0.0,0.0,0.0,0.0,0.0,0.0,0.0,0.0,0.0,0.0,60.0,0.0,11692.0,0.0,0.0,404,Reijnders,Man City,Tijjani,433036,Has joined Al Qadsiah permanently,3,43,Tijjani_Reijnders,91,Bournemouth,43,Man City,MID,15
450,405.0,8.0,3.0,0.0,True,2026-08-23T13:00:00Z,2.0,1.0,1.0,False,0.0,0.0,0.0,0.0,0.0,0.0,0.0,0.0,0.0,0.0,0.0,0.0,0.0,0.0,0.0,0.0,0.0,0.0,0.0,0.0,0.0,0.0,0.0,0.0,0.0,0.0,55.0,0.0,11878.0,0.0,0.0,405,González Iglesias,Man City,Nico,465694,,3,43,Nico_González Iglesias,91,Bournemouth,43,Man City,MID,15
451,406.0,8.0,3.0,1.0,True,2026-08-23T13:00:00Z,2.0,1.0,1.0,False,27.0,0.0,0.0,0.0,0.0,0.0,0.0,0.0,0.0,0.0,0.0,0.0,3.0,2.2,2.1,0.0,0.4,0.0,2.0,0.0,2.0,0.0,0.0,0.01,0.01,0.1,55.0,0.0,6303.0,0.0,0.0,406,Kovačić,Man City,Mateo,91651,,3,43,Mateo_Kovačić,91,Bournemouth,43,Man City,MID,15
452,407.0,8.0,3.0,0.0,True,2026-08-23T13:00:00Z,2.0,1.0,1.0,False,0.0,0.0,0.0,0.0,0.0,0.0,0.0,0.0,0.0,0.0,0.0,0.0,0.0,0.0,0.0,0.0,0.0,0.0,0.0,0.0,0.0,0.0,0.0,0.0,0.0,0.0,50.0,0.0,1572.0,0.0,0.0,407,Echeverri,Man City,Claudio,575204,,3,43,Claudio_Echeverri,91,Bournemouth,43,Man City,MID,15
453,408.0,8.0,3.0,0.0,True,2026-08-23T13:00:00Z,2.0,1.0,1.0,False,0.0,0.0,0.0,0.0,0.0,0.0,0.0,0.0,0.0,0.0,0.0,0.0,0.0,0.0,0.0,0.0,0.0,0.0,0.0,0.0,0.0,0.0,0.0,0.0,0.0,0.0,50.0,0.0,1073.0,0.0,0.0,408,Phillips,Man City,Kalvin,155405,Has joined Sheffield United on loan for the rest of the season,3,43,Kalvin_Phillips,91,Bournemouth,43,Man City,MID,15
454,409.0,8.0,3.0,0.0,True,2026-08-23T13:00:00Z,2.0,1.0,1.0,False,0.0,0.0,0.0,0.0,0.0,0.0,0.0,0.0,0.0,0.0,0.0,0.0,0.0,0.0,0.0,0.0,0.0,0.0,0.0,0.0,0.0,0.0,0.0,0.0,0.0,0.0,45.0,0.0,16621.0,0.0,0.0,409,Mukasa,Man City,Divine,590039,,3,43,Divine_Mukasa,91,Bournemouth,43,Man City,MID,15
455,410.0,8.0,3.0,0.0,True,2026-08-23T13:00:00Z,2.0,1.0,1.0,False,0.0,0.0,0.0,0.0,0.0,0.0,0.0,0.0,0.0,0.0,0.0,0.0,0.0,0.0,0.0,0.0,0.0,0.0,0.0,0.0,0.0,0.0,0.0,0.0,0.0,0.0,50.0,0.0,1505.0,0.0,0.0,410,Monga,Man City,Jeremy,649208,,3,43,Jeremy_Monga,91,Bournemouth,43,Man City,MID,15
456,411.0,8.0,3.0,2.0,True,2026-08-23T13:00:00Z,2.0,1.0,1.0,False,90.0,0.0,0.0,0.0,1.0,0.0,0.0,0.0,0.0,0.0,0.0,0.0,6.0,3.8,5.2,50.0,5.9,0.0,3.0,0.0,3.0,1.0,0.74,0.02,0.76,0.65,155.0,0.0,6209794.0,0.0,0.0,411,Haaland,Man City,Erling,223094,,4,43,Erling_Haaland,91,Bournemouth,43,Man City,FWD,15
457,481.0,8.0,3.0,2.0,True,2026-08-23T13:00:00Z,2.0,1.0,1.0,False,62.0,0.0,0.0,0.0,1.0,0.0,0.0,0.0,0.0,0.0,0.0,0.0,14.0,7.2,20.8,0.0,2.8,1.0,3.0,2.0,6.0,1.0,0.0,0.25,0.25,0.55,65.0,0.0,707651.0,0.0,0.0,481,Anderson,Man City,Elliot,215379,Knock - 75% chance of playing,3,43,Elliot_Anderson,91,Bournemouth,43,Man City,MID,15
458,587.0,8.0,3.0,0.0,True,2026-08-23T13:00:00Z,2.0,1.0,1.0,False,0.0,0.0,0.0,0.0,0.0,0.0,0.0,0.0,0.0,0.0,0.0,0.0,0.0,0.0,0.0,0.0,0.0,0.0,0.0,0.0,0.0,0.0,0.0,0.0,0.0,0.0,50.0,0.0,1589.0,0.0,0.0,587,Rulli,Man City,Gerónimo,106921,,1,43,Gerónimo_Rulli,91,Bournemouth,43,Man City,GKP,15
459,43.0,4.0,11.0,2.0,False,2026-08-22T11:30:00Z,2.0,0.0,1.0,False,66.0,0.0,0.0,0.0,2.0,0.0,0.0,0.0,0.0,0.0,0.0,0.0,13.0,5.0,11.3,4.0,2.0,0.0,5.0,0.0,5.0,1.0,0.04,0.11,0.15,0.94,60.0,0.0,224637.0,0.0,0.0,43,Tielemans,Man Utd,Youri,166989,,3,1,Youri_Tielemans,88,Hull City,1,Man Utd,MID,16
460,162.0,4.0,11.0,2.0,False,2026-08-22T11:30:00Z,2.0,0.0,1.0,False,66.0,0.0,0.0,0.0,2.0,0.0,0.0,0.0,0.0,0.0,0.0,0.0,17.0,11.4,4.2,2.0,1.8,3.0,5.0,1.0,9.0,1.0,0.0,0.23,0.23,0.94,50.0,0.0,93940.0,0.0,0.0,162,Nascimento dos Santos,Man Utd,Andrey,532605,,3,1,Andrey_Nascimento dos Santos,88,Hull City,1,Man Utd,MID,16
461,325.0,4.0,11.0,0.0,False,2026-08-22T11:30:00Z,2.0,0.0,1.0,False,0.0,0.0,0.0,0.0,0.0,0.0,0.0,0.0,0.0,0.0,0.0,0.0,0.0,0.0,0.0,0.0,0.0,0.0,0.0,0.0,0.0,0.0,0.0,0.0,0.0,0.0,45.0,0.0,3043.0,0.0,0.0,325,Darlow,Man Utd,Karl,59735,,1,1,Karl_Darlow,88,Hull City,1,Man Utd,GKP,16
462,412.0,4.0,11.0,1.0,False,2026-08-22T11:30:00Z,2.0,0.0,1.0,False,90.0,0.0,0.0,0.0,2.0,0.0,0.0,0.0,0.0,0.0,2.0,0.0,7.0,20.2,0.0,0.0,2.0,2.0,8.0,0.0,0.0,1.0,0.0,0.0,0.0,1.01,50.0,0.0,1497029.0,0.0,0.0,412,Lammens,Man Utd,Senne,465247,,1,1,Senne_Lammens,88,Hull City,1,Man Utd,GKP,16
463,413.0,4.0,11.0,0.0,False,2026-08-22T11:30:00Z,2.0,0.0,1.0,False,0.0,0.0,0.0,0.0,0.0,0.0,0.0,0.0,0.0,0.0,0.0,0.0,0.0,0.0,0.0,0.0,0.0,0.0,0.0,0.0,0.0,0.0,0.0,0.0,0.0,0.0,45.0,0.0,2353.0,0.0,0.0,413,Bayındır,Man Utd,Altay,451302,Has joined Celta Vigo on loan for the rest of the season,1,1,Altay_Bayındır,88,Hull City,1,Man Utd,GKP,16
464,414.0,4.0,11.0,0.0,False,2026-08-22T11:30:00Z,2.0,0.0,1.0,False,0.0,0.0,0.0,0.0,0.0,0.0,0.0,0.0,0.0,0.0,0.0,0.0,0.0,0.0,0.0,0.0,0.0,0.0,0.0,0.0,0.0,0.0,0.0,0.0,0.0,0.0,40.0,0.0,9078.0,0.0,0.0,414,Heaton,Man Utd,Tom,21205,Hamstring injury - Unknown return date,1,1,Tom_Heaton,88,Hull City,1,Man Utd,GKP,16
465,415.0,4.0,11.0,0.0,False,2026-08-22T11:30:00Z,2.0,0.0,1.0,False,45.0,0.0,0.0,0.0,2.0,0.0,0.0,0.0,1.0,0.0,0.0,0.0,-11.0,0.0,1.2,16.0,0.7,1.0,0.0,0.0,1.0,1.0,0.47,0.03,0.5,0.92,60.0,0.0,121744.0,0.0,0.0,415,Dorgu,Man Utd,Patrick,596777,,3,1,Patrick_Dorgu,88,Hull City,1,Man Utd,MID,16
466,416.0,4.0,11.0,0.0,False,2026-08-22T11:30:00Z,2.0,0.0,1.0,False,0.0,0.0,0.0,0.0,0.0,0.0,0.0,0.0,0.0,0.0,0.0,0.0,0.0,0.0,0.0,0.0,0.0,0.0,0.0,0.0,0.0,0.0,0.0,0.0,0.0,0.0,50.0,0.0,2274.0,0.0,0.0,416,de Ligt,Man Utd,Matthijs,209365,Back injury - Unknown return date,2,1,Matthijs_de Ligt,88,Hull City,1,Man Utd,DEF,16
467,417.0,4.0,11.0,1.0,False,2026-08-22T11:30:00Z,2.0,0.0,1.0,False,10.0,0.0,0.0,0.0,0.0,0.0,0.0,0.0,0.0,0.0,0.0,0.0,6.0,7.6,11.3,0.0,1.9,1.0,1.0,2.0,3.0,0.0,0.0,0.0,0.0,0.0,50.0,0.0,246316.0,0.0,0.0,417,Dalot Teixeira,Man Utd,Diogo,216051,,2,1,Diogo_Dalot Teixeira,88,Hull City,1,Man Utd,DEF,16
468,418.0,4.0,11.0,1.0,False,2026-08-22T11:30:00Z,2.0,0.0,1.0,False,90.0,0.0,0.0,0.0,2.0,0.0,0.0,0.0,0.0,0.0,0.0,0.0,15.0,25.4,28.6,19.0,7.3,4.0,5.0,0.0,4.0,1.0,0.04,0.4,0.44,1.01,50.0,0.0,1650905.0,0.0,0.0,418,Maguire,Man Utd,Harry,95658,,2,1,Harry_Maguire,88,Hull City,1,Man Utd,DEF,16
469,419.0,4.0,11.0,0.0,False,2026-08-22T11:30:00Z,2.0,0.0,1.0,False,0.0,0.0,0.0,0.0,0.0,0.0,0.0,0.0,0.0,0.0,0.0,0.0,0.0,0.0,0.0,0.0,0.0,0.0,0.0,0.0,0.0,0.0,0.0,0.0,0.0,0.0,50.0,0.0,115360.0,0.0,0.0,419,Martínez,Man Utd,Lisandro,221820,,2,1,Lisandro_Martínez,88,Hull City,1,Man Utd,DEF,16
470,420.0,4.0,11.0,0.0,False,2026-08-22T11:30:00Z,2.0,0.0,1.0,False,0.0,0.0,0.0,0.0,0.0,0.0,0.0,0.0,0.0,0.0,0.0,0.0,0.0,0.0,0.0,0.0,0.0,0.0,0.0,0.0,0.0,0.0,0.0,0.0,0.0,0.0,50.0,0.0,62047.0,0.0,0.0,420,Yoro,Man Utd,Leny,550864,,2,1,Leny_Yoro,88,Hull City,1,Man Utd,DEF,16
471,421.0,4.0,11.0,1.0,False,2026-08-22T11:30:00Z,2.0,0.0,1.0,False,90.0,0.0,0.0,0.0,2.0,0.0,0.0,0.0,0.0,0.0,0.0,0.0,5.0,6.8,2.6,11.0,2.0,1.0,4.0,1.0,2.0,1.0,0.12,0.04,0.16,1.01,45.0,0.0,33647.0,0.0,0.0,421,Heaven,Man Utd,Ayden,606745,,2,1,Ayden_Heaven,88,Hull City,1,Man Utd,DEF,16
472,422.0,4.0,11.0,1.0,False,2026-08-22T11:30:00Z,2.0,0.0,1.0,False,79.0,0.0,0.0,0.0,2.0,0.0,0.0,0.0,0.0,0.0,0.0,0.0,8.0,17.4,29.4,9.0,5.6,4.0,3.0,1.0,5.0,1.0,0.22,0.05,0.27,1.01,45.0,0.0,56217.0,0.0,0.0,422,Mazraoui,Man Utd,Noussair,230001,,2,1,Noussair_Mazraoui,88,Hull City,1,Man Utd,DEF,16
473,423.0,4.0,11.0,1.0,False,2026-08-22T11:30:00Z,2.0,0.0,1.0,False,90.0,0.0,0.0,0.0,2.0,0.0,0.0,0.0,0.0,0.0,0.0,0.0,13.0,25.2,59.2,6.0,9.0,3.0,3.0,1.0,4.0,1.0,0.0,0.26,0.26,1.01,45.0,0.0,1947696.0,0.0,0.0,423,Shaw,Man Utd,Luke,106760,,2,1,Luke_Shaw,88,Hull City,1,Man Utd,DEF,16
474,424.0,4.0,11.0,0.0,False,2026-08-22T11:30:00Z,2.0,0.0,1.0,False,0.0,0.0,0.0,0.0,0.0,0.0,0.0,0.0,0.0,0.0,0.0,0.0,0.0,0.0,0.0,0.0,0.0,0.0,0.0,0.0,0.0,0.0,0.0,0.0,0.0,0.0,40.0,0.0,18310.0,0.0,0.0,424,Amass,Man Utd,Harry,577974,,2,1,Harry_Amass,88,Hull City,1,Man Utd,DEF,16
475,425.0,4.0,11.0,0.0,False,2026-08-22T11:30:00Z,2.0,0.0,1.0,False,0.0,0.0,0.0,0.0,0.0,0.0,0.0,0.0,0.0,0.0,0.0,0.0,0.0,0.0,0.0,0.0,0.0,0.0,0.0,0.0,0.0,0.0,0.0,0.0,0.0,0.0,40.0,0.0,2582.0,0.0,0.0,425,Fredricson,Man Utd,Tyler,547676,Has joined Lausanne-Sport permanently,2,1,Tyler_Fredricson,88,Hull City,1,Man Utd,DEF,16
476,426.0,4.0,11.0,2.0,False,2026-08-22T11:30:00Z,2.0,0.0,1.0,False,90.0,0.0,0.0,0.0,2.0,0.0,0.0,0.0,0.0,0.0,0.0,0.0,18.0,20.2,55.4,17.0,9.3,1.0,5.0,0.0,6.0,1.0,0.08,0.26,0.34,1.01,120.0,0.0,4653303.0,0.0,0.0,426,Borges Fernandes,Man Utd,Bruno,141746,,3,1,Bruno_Borges Fernandes,88,Hull City,1,Man Utd,MID,16
477,427.0,4.0,11.0,2.0,False,2026-08-22T11:30:00Z,2.0,0.0,1.0,False,90.0,0.0,0.0,0.0,2.0,0.0,0.0,0.0,0.0,0.0,0.0,0.0,12.0,9.6,28.1,49.0,8.7,0.0,4.0,0.0,4.0,1.0,0.5,0.23,0.73,1.01,80.0,0.0,3492739.0,0.0,0.0,427,Mbeumo,Man Utd,Bryan,446008,,3,1,Bryan_Mbeumo,88,Hull City,1,Man Utd,MID,16
478,428.0,4.0,11.0,2.0,False,2026-08-22T11:30:00Z,2.0,0.0,1.0,False,79.0,0.0,0.0,0.0,2.0,0.0,0.0,0.0,0.0,0.0,0.0,0.0,14.0,5.4,28.2,35.0,6.9,0.0,3.0,0.0,3.0,1.0,0.24,0.21,0.45,1.01,80.0,0.0,901042.0,0.0,0.0,428,Santos Carneiro da Cunha,Man Utd,Matheus,430871,,3,1,Matheus_Santos Carneiro da Cunha,88,Hull City,1,Man Utd,MID,16
479,429.0,4.0,11.0,1.0,False,2026-08-22T11:30:00Z,2.0,0.0,1.0,False,45.0,0.0,0.0,0.0,0.0,0.0,0.0,0.0,0.0,0.0,0.0,0.0,9.0,11.6,48.6,4.0,6.4,0.0,1.0,0.0,1.0,0.0,0.0,0.1,0.1,0.09,70.0,0.0,134653.0,0.0,0.0,429,Rashford,Man Utd,Marcus,176297,,3,1,Marcus_Rashford,88,Hull City,1,Man Utd,MID,16
480,430.0,4.0,11.0,0.0,False,2026-08-22T11:30:00Z,2.0,0.0,1.0,False,0.0,0.0,0.0,0.0,0.0,0.0,0.0,0.0,0.0,0.0,0.0,0.0,0.0,0.0,0.0,0.0,0.0,0.0,0.0,0.0,0.0,0.0,0.0,0.0,0.0,0.0,55.0,0.0,3202.0,0.0,0.0,430,Mount,Man Utd,Mason,184341,Foot injury - 75% chance of playing,3,1,Mason_Mount,88,Hull City,1,Man Utd,MID,16
481,431.0,4.0,11.0,0.0,False,2026-08-22T11:30:00Z,2.0,0.0,1.0,False,0.0,0.0,0.0,0.0,0.0,0.0,0.0,0.0,0.0,0.0,0.0,0.0,0.0,0.0,0.0,0.0,0.0,0.0,0.0,0.0,0.0,0.0,0.0,0.0,0.0,0.0,60.0,0.0,145627.0,0.0,0.0,431,Diallo,Man Utd,Amad,493250,Unspecified injury - 75% chance of playing,3,1,Amad_Diallo,88,Hull City,1,Man Utd,MID,16
482,432.0,4.0,11.0,1.0,False,2026-08-22T11:30:00Z,2.0,0.0,1.0,False,23.0,0.0,0.0,0.0,0.0,0.0,0.0,0.0,0.0,0.0,0.0,0.0,7.0,2.8,2.5,2.0,0.7,0.0,1.0,0.0,1.0,0.0,0.07,0.01,0.08,0.07,55.0,0.0,89014.0,0.0,0.0,432,Mainoo,Man Utd,Kobbie,516895,,3,1,Kobbie_Mainoo,88,Hull City,1,Man Utd,MID,16
483,433.0,4.0,11.0,0.0,False,2026-08-22T11:30:00Z,2.0,0.0,1.0,False,0.0,0.0,0.0,0.0,0.0,0.0,0.0,0.0,0.0,0.0,0.0,0.0,0.0,0.0,0.0,0.0,0.0,0.0,0.0,0.0,0.0,0.0,0.0,0.0,0.0,0.0,50.0,0.0,333.0,0.0,0.0,433,Ugarte Ribeiro,Man Utd,Manuel,232112,Knee injury - Unknown return date,3,1,Manuel_Ugarte Ribeiro,88,Hull City,1,Man Utd,MID,16
484,434.0,4.0,11.0,0.0,False,2026-08-22T11:30:00Z,2.0,0.0,1.0,False,0.0,0.0,0.0,0.0,0.0,0.0,0.0,0.0,0.0,0.0,0.0,0.0,0.0,0.0,0.0,0.0,0.0,0.0,0.0,0.0,0.0,0.0,0.0,0.0,0.0,0.0,50.0,0.0,1008.0,0.0,0.0,434,Fletcher,Man Utd,Jack,547037,,3,1,Jack_Fletcher,88,Hull City,1,Man Utd,MID,16
485,435.0,4.0,11.0,1.0,False,2026-08-22T11:30:00Z,2.0,0.0,1.0,False,10.0,0.0,0.0,0.0,0.0,0.0,0.0,0.0,0.0,0.0,0.0,0.0,3.0,0.2,0.6,0.0,0.1,0.0,1.0,0.0,1.0,0.0,0.0,0.0,0.0,0.0,50.0,0.0,4147.0,0.0,0.0,435,Lacey,Man Utd,Shea,576628,,3,1,Shea_Lacey,88,Hull City,1,Man Utd,MID,16
486,436.0,4.0,11.0,0.0,False,2026-08-22T11:30:00Z,2.0,0.0,1.0,False,0.0,0.0,0.0,0.0,0.0,0.0,0.0,0.0,0.0,0.0,0.0,0.0,0.0,0.0,0.0,0.0,0.0,0.0,0.0,0.0,0.0,0.0,0.0,0.0,0.0,0.0,50.0,0.0,1568.0,0.0,0.0,436,Collyer,Man Utd,Toby,490881,,3,1,Toby_Collyer,88,Hull City,1,Man Utd,MID,16
487,437.0,4.0,11.0,0.0,False,2026-08-22T11:30:00Z,2.0,0.0,1.0,False,0.0,0.0,0.0,0.0,0.0,0.0,0.0,0.0,0.0,0.0,0.0,0.0,0.0,0.0,0.0,0.0,0.0,0.0,0.0,0.0,0.0,0.0,0.0,0.0,0.0,0.0,45.0,0.0,16079.0,0.0,0.0,437,Mantato,Man Utd,Bendito,576620,,3,1,Bendito_Mantato,88,Hull City,1,Man Utd,MID,16
488,438.0,4.0,11.0,0.0,False,2026-08-22T11:30:00Z,2.0,0.0,1.0,False,0.0,0.0,0.0,0.0,0.0,0.0,0.0,0.0,0.0,0.0,0.0,0.0,0.0,0.0,0.0,0.0,0.0,0.0,0.0,0.0,0.0,0.0,0.0,0.0,0.0,0.0,45.0,0.0,31336.0,0.0,0.0,438,Fletcher,Man Utd,Tyler,519913,,3,1,Tyler_Fletcher,88,Hull City,1,Man Utd,MID,16
489,439.0,4.0,11.0,1.0,False,2026-08-22T11:30:00Z,2.0,0.0,1.0,False,23.0,0.0,0.0,0.0,0.0,0.0,0.0,0.0,0.0,0.0,0.0,0.0,2.0,0.0,0.5,9.0,0.9,0.0,0.0,0.0,0.0,0.0,0.04,0.0,0.04,0.07,70.0,0.0,114788.0,0.0,0.0,439,Sesko,Man Utd,Benjamin,485711,,4,1,Benjamin_Sesko,88,Hull City,1,Man Utd,FWD,16
490,440.0,4.0,11.0,0.0,False,2026-08-22T11:30:00Z,2.0,0.0,1.0,False,0.0,0.0,0.0,0.0,0.0,0.0,0.0,0.0,0.0,0.0,0.0,0.0,0.0,0.0,0.0,0.0,0.0,0.0,0.0,0.0,0.0,0.0,0.0,0.0,0.0,0.0,55.0,0.0,56060.0,0.0,0.0,440,Zirkzee,Man Utd,Joshua,458249,,4,1,Joshua_Zirkzee,88,Hull City,1,Man Utd,FWD,16
491,441.0,4.0,11.0,0.0,False,2026-08-22T11:30:00Z,2.0,0.0,1.0,False,0.0,0.0,0.0,0.0,0.0,0.0,0.0,0.0,0.0,0.0,0.0,0.0,0.0,0.0,0.0,0.0,0.0,0.0,0.0,0.0,0.0,0.0,0.0,0.0,0.0,0.0,45.0,0.0,100521.0,0.0,0.0,441,Obi,Man Utd,Chido,596047,,4,1,Chido_Obi,88,Hull City,1,Man Utd,FWD,16
492,442.0,9.0,14.0,0.0,True,2026-08-23T15:30:00Z,2.0,2.0,1.0,False,0.0,0.0,0.0,0.0,0.0,0.0,0.0,0.0,0.0,0.0,0.0,0.0,0.0,0.0,0.0,0.0,0.0,0.0,0.0,0.0,0.0,0.0,0.0,0.0,0.0,0.0,50.0,0.0,113822.0,0.0,0.0,442,Pope,Newcastle,Nick,98747,,1,4,Nick_Pope,14,Liverpool,4,Newcastle,GKP,17
493,443.0,9.0,14.0,0.0,True,2026-08-23T15:30:00Z,2.0,2.0,1.0,False,0.0,0.0,0.0,0.0,0.0,0.0,0.0,0.0,0.0,0.0,0.0,0.0,0.0,0.0,0.0,0.0,0.0,0.0,0.0,0.0,0.0,0.0,0.0,0.0,0.0,0.0,45.0,0.0,2989.0,0.0,0.0,443,Gillespie,Newcastle,Mark,81441,,1,4,Mark_Gillespie,14,Liverpool,4,Newcastle,GKP,17
494,444.0,9.0,14.0,0.0,True,2026-08-23T15:30:00Z,2.0,2.0,1.0,False,0.0,0.0,0.0,0.0,0.0,0.0,0.0,0.0,0.0,0.0,0.0,0.0,0.0,0.0,0.0,0.0,0.0,0.0,0.0,0.0,0.0,0.0,0.0,0.0,0.0,0.0,45.0,0.0,2666.0,0.0,0.0,444,Jaouen,Newcastle,Ewen,554578,,1,4,Ewen_Jaouen,14,Liverpool,4,Newcastle,GKP,17
495,445.0,9.0,14.0,3.0,True,2026-08-23T15:30:00Z,2.0,2.0,1.0,False,90.0,0.0,0.0,0.0,2.0,0.0,0.0,0.0,0.0,0.0,0.0,0.0,0.0,37.8,0.2,0.0,3.8,15.0,2.0,0.0,15.0,1.0,0.0,0.0,0.0,2.98,50.0,0.0,146838.0,0.0,0.0,445,Thiaw,Newcastle,Malick,465642,,2,4,Malick_Thiaw,14,Liverpool,4,Newcastle,DEF,17
496,446.0,9.0,14.0,1.0,True,2026-08-23T15:30:00Z,2.0,2.0,1.0,False,1.0,0.0,0.0,0.0,1.0,0.0,0.0,0.0,0.0,0.0,0.0,0.0,-1.0,0.0,0.0,0.0,0.0,0.0,0.0,0.0,0.0,0.0,0.0,0.0,0.0,0.79,50.0,0.0,20496.0,0.0,0.0,446,Schär,Newcastle,Fabian,119471,,2,4,Fabian_Schär,14,Liverpool,4,Newcastle,DEF,17
497,447.0,9.0,14.0,3.0,True,2026-08-23T15:30:00Z,2.0,2.0,1.0,False,90.0,0.0,0.0,0.0,2.0,0.0,0.0,0.0,0.0,0.0,0.0,0.0,4.0,32.4,0.3,0.0,3.3,10.0,2.0,0.0,10.0,1.0,0.0,0.01,0.01,2.98,50.0,0.0,34765.0,0.0,0.0,447,Botman,Newcastle,Sven,220237,,2,4,Sven_Botman,14,Liverpool,4,Newcastle,DEF,17
498,448.0,9.0,14.0,0.0,True,2026-08-23T15:30:00Z,2.0,2.0,1.0,False,0.0,0.0,0.0,0.0,0.0,0.0,0.0,0.0,0.0,0.0,0.0,0.0,0.0,0.0,0.0,0.0,0.0,0.0,0.0,0.0,0.0,0.0,0.0,0.0,0.0,0.0,50.0,0.0,213973.0,0.0,0.0,448,Burn,Newcastle,Dan,78916,Ankle injury - Expected back 14 Sep,2,4,Dan_Burn,14,Liverpool,4,Newcastle,DEF,17
499,449.0,9.0,14.0,3.0,True,2026-08-23T15:30:00Z,2.0,2.0,1.0,False,90.0,0.0,0.0,0.0,2.0,0.0,0.0,0.0,0.0,0.0,0.0,0.0,8.0,22.0,15.2,0.0,3.7,6.0,8.0,5.0,11.0,1.0,0.0,0.35,0.35,2.98,50.0,0.0,310247.0,0.0,0.0,449,Hall,Newcastle,Lewis,487838,,2,4,Lewis_Hall,14,Liverpool,4,Newcastle,DEF,17
500,450.0,9.0,14.0,0.0,True,2026-08-23T15:30:00Z,2.0,2.0,1.0,False,0.0,0.0,0.0,0.0,0.0,0.0,0.0,0.0,0.0,0.0,0.0,0.0,0.0,0.0,0.0,0.0,0.0,0.0,0.0,0.0,0.0,0.0,0.0,0.0,0.0,0.0,50.0,0.0,4326.0,0.0,0.0,450,Livramento,Newcastle,Tino,441191,Calf injury - Unknown return date,2,4,Tino_Livramento,14,Liverpool,4,Newcastle,DEF,17
501,451.0,9.0,14.0,0.0,True,2026-08-23T15:30:00Z,2.0,2.0,1.0,False,0.0,0.0,0.0,0.0,0.0,0.0,0.0,0.0,0.0,0.0,0.0,0.0,0.0,0.0,0.0,0.0,0.0,0.0,0.0,0.0,0.0,0.0,0.0,0.0,0.0,0.0,40.0,0.0,12873.0,0.0,0.0,451,Murphy,Newcastle,Alex,545477,Has joined FC Kaiserslautern on loan for the rest of the season,2,4,Alex_Murphy,14,Liverpool,4,Newcastle,DEF,17
502,453.0,9.0,14.0,2.0,True,2026-08-23T15:30:00Z,2.0,2.0,1.0,False,90.0,0.0,0.0,0.0,2.0,0.0,0.0,0.0,0.0,0.0,0.0,0.0,12.0,5.2,2.4,9.0,1.7,3.0,4.0,1.0,8.0,1.0,0.07,0.02,0.09,2.98,60.0,0.0,95531.0,0.0,0.0,453,Barnes,Newcastle,Harvey,201666,,3,4,Harvey_Barnes,14,Liverpool,4,Newcastle,MID,17
503,454.0,9.0,14.0,9.0,True,2026-08-23T15:30:00Z,2.0,2.0,1.0,False,75.0,1.0,0.0,0.0,1.0,0.0,0.0,0.0,0.0,0.0,0.0,2.0,31.0,37.4,3.5,28.0,6.9,1.0,1.0,0.0,2.0,1.0,0.22,0.01,0.23,1.94,60.0,0.0,64591.0,0.0,0.0,454,Elanga,Newcastle,Anthony,449434,,3,4,Anthony_Elanga,14,Liverpool,4,Newcastle,MID,17
504,456.0,9.0,14.0,0.0,True,2026-08-23T15:30:00Z,2.0,2.0,1.0,False,34.0,0.0,0.0,0.0,1.0,0.0,0.0,0.0,1.0,0.0,0.0,0.0,1.0,7.8,1.3,4.0,1.3,3.0,1.0,2.0,6.0,0.0,0.06,0.01,0.07,1.5,50.0,0.0,34032.0,0.0,0.0,456,Ramsey,Newcastle,Jacob,232653,,3,4,Jacob_Ramsey,14,Liverpool,4,Newcastle,MID,17
505,457.0,9.0,14.0,0.0,True,2026-08-23T15:30:00Z,2.0,2.0,1.0,False,14.0,0.0,0.0,0.0,1.0,0.0,0.0,0.0,1.0,0.0,0.0,0.0,-1.0,0.0,0.1,2.0,0.1,1.0,1.0,0.0,2.0,0.0,0.0,0.0,0.0,1.04,60.0,0.0,14816.0,0.0,0.0,457,Murphy,Newcastle,Jacob,114243,,3,4,Jacob_Murphy,14,Liverpool,4,Newcastle,MID,17
506,458.0,9.0,14.0,0.0,True,2026-08-23T15:30:00Z,2.0,2.0,1.0,False,0.0,0.0,0.0,0.0,0.0,0.0,0.0,0.0,0.0,0.0,0.0,0.0,0.0,0.0,0.0,0.0,0.0,0.0,0.0,0.0,0.0,0.0,0.0,0.0,0.0,0.0,55.0,0.0,3620.0,0.0,0.0,458,Apolinário de Lira,Newcastle,Joelinton Cássio,180974,Unspecified injury - Unknown return date,3,4,Joelinton Cássio_Apolinário de Lira,14,Liverpool,4,Newcastle,MID,17
507,459.0,9.0,14.0,3.0,True,2026-08-23T15:30:00Z,2.0,2.0,1.0,False,75.0,0.0,0.0,0.0,1.0,0.0,0.0,0.0,1.0,0.0,0.0,0.0,13.0,15.6,21.4,3.0,4.0,6.0,6.0,1.0,13.0,1.0,0.05,0.01,0.06,1.94,55.0,0.0,4093.0,0.0,0.0,459,Miley,Newcastle,Lewis,547719,,3,4,Lewis_Miley,14,Liverpool,4,Newcastle,MID,17
508,460.0,9.0,14.0,6.0,True,2026-08-23T15:30:00Z,2.0,2.0,1.0,False,34.0,1.0,0.0,0.0,1.0,0.0,0.0,0.0,0.0,0.0,0.0,0.0,28.0,38.4,13.9,9.0,6.1,0.0,1.0,2.0,3.0,0.0,0.09,0.17,0.26,1.5,50.0,0.0,10181.0,0.0,0.0,460,Willock,Newcastle,Joe,200089,,3,4,Joe_Willock,14,Liverpool,4,Newcastle,MID,17
509,461.0,9.0,14.0,0.0,True,2026-08-23T15:30:00Z,2.0,2.0,1.0,False,0.0,0.0,0.0,0.0,0.0,0.0,0.0,0.0,0.0,0.0,0.0,0.0,0.0,0.0,0.0,0.0,0.0,0.0,0.0,0.0,0.0,0.0,0.0,0.0,0.0,0.0,60.0,0.0,22780.0,0.0,0.0,461,Touré,Newcastle,Bazoumana,611665,,3,4,Bazoumana_Touré,14,Liverpool,4,Newcastle,MID,17
510,462.0,9.0,14.0,1.0,True,2026-08-23T15:30:00Z,2.0,2.0,1.0,False,55.0,0.0,0.0,0.0,1.0,0.0,0.0,0.0,0.0,0.0,0.0,0.0,3.0,0.4,1.2,0.0,0.2,0.0,2.0,0.0,2.0,1.0,0.0,0.0,0.0,1.48,50.0,0.0,9830.0,0.0,0.0,462,Steur,Newcastle,Sean,636852,,3,4,Sean_Steur,14,Liverpool,4,Newcastle,MID,17
511,463.0,9.0,14.0,0.0,True,2026-08-23T15:30:00Z,2.0,2.0,1.0,False,0.0,0.0,0.0,0.0,0.0,0.0,0.0,0.0,0.0,0.0,0.0,0.0,0.0,0.0,0.0,0.0,0.0,0.0,0.0,0.0,0.0,0.0,0.0,0.0,0.0,0.0,60.0,0.0,151424.0,0.0,0.0,463,Woltemade,Newcastle,Nick,470313,,4,4,Nick_Woltemade,14,Liverpool,4,Newcastle,FWD,17
512,464.0,9.0,14.0,4.0,True,2026-08-23T15:30:00Z,2.0,2.0,1.0,False,90.0,0.0,1.0,0.0,1.0,0.0,0.0,0.0,1.0,0.0,0.0,0.0,7.0,20.0,16.3,28.0,6.4,1.0,3.0,4.0,8.0,1.0,1.0,0.02,1.02,2.19,60.0,0.0,142989.0,0.0,0.0,464,Wissa,Newcastle,Yoane,216646,,4,4,Yoane_Wissa,14,Liverpool,4,Newcastle,FWD,17
513,465.0,9.0,14.0,4.0,True,2026-08-23T15:30:00Z,2.0,2.0,1.0,False,55.0,0.0,1.0,0.0,1.0,0.0,0.0,0.0,0.0,0.0,0.0,0.0,18.0,28.2,13.7,8.0,5.0,2.0,2.0,1.0,5.0,1.0,0.06,0.14,0.2,1.48,60.0,0.0,83021.0,0.0,0.0,465,Osula,Newcastle,William,538207,Knock - 50% chance of playing,4,4,William_Osula,14,Liverpool,4,Newcastle,FWD,17
514,466.0,9.0,14.0,0.0,True,2026-08-23T15:30:00Z,2.0,2.0,1.0,False,0.0,0.0,0.0,0.0,0.0,0.0,0.0,0.0,0.0,0.0,0.0,0.0,0.0,0.0,0.0,0.0,0.0,0.0,0.0,0.0,0.0,0.0,0.0,0.0,0.0,0.0,45.0,0.0,66588.0,0.0,0.0,466,Neave,Newcastle,Sean,599303,,4,4,Sean_Neave,14,Liverpool,4,Newcastle,FWD,17
515,559.0,9.0,14.0,1.0,True,2026-08-23T15:30:00Z,2.0,2.0,1.0,False,14.0,0.0,0.0,0.0,1.0,0.0,0.0,0.0,0.0,0.0,0.0,0.0,5.0,4.0,0.0,0.0,0.4,1.0,0.0,1.0,2.0,0.0,0.0,0.0,0.0,1.04,50.0,0.0,12608.0,0.0,0.0,559,Bamba,Newcastle,Aladji,632794,,3,4,Aladji_Bamba,14,Liverpool,4,Newcastle,MID,17
516,567.0,9.0,14.0,1.0,True,2026-08-23T15:30:00Z,2.0,2.0,1.0,False,90.0,0.0,0.0,0.0,2.0,0.0,0.0,0.0,1.0,0.0,5.0,0.0,12.0,41.2,0.0,0.0,4.1,3.0,5.0,0.0,0.0,1.0,0.0,0.0,0.0,2.98,50.0,0.0,55382.0,0.0,0.0,567,Hornícek,Newcastle,Lukás,470551,,1,4,Lukás_Hornícek,14,Liverpool,4,Newcastle,GKP,17
517,593.0,9.0,14.0,1.0,True,2026-08-23T15:30:00Z,2.0,2.0,1.0,False,90.0,0.0,0.0,0.0,2.0,0.0,0.0,0.0,0.0,0.0,0.0,0.0,-1.0,16.4,1.2,5.0,2.3,7.0,2.0,2.0,9.0,1.0,0.03,0.0,0.03,2.98,45.0,0.0,20712.0,0.0,0.0,593,Dedic,Newcastle,Amar,463726,,2,4,Amar_Dedic,14,Liverpool,4,Newcastle,DEF,17
518,609.0,9.0,14.0,0.0,True,2026-08-23T15:30:00Z,2.0,2.0,1.0,False,0.0,0.0,0.0,0.0,0.0,0.0,0.0,0.0,0.0,0.0,0.0,0.0,0.0,0.0,0.0,0.0,0.0,0.0,0.0,0.0,0.0,0.0,0.0,0.0,0.0,0.0,40.0,0.0,0.0,0.0,0.0,609,Shahar,Newcastle,Leo,553746,,2,4,Leo_Shahar,14,Liverpool,4,Newcastle,DEF,17
519,467.0,6.0,13.0,2.0,True,2026-08-22T14:00:00Z,0.0,1.0,1.0,False,90.0,0.0,0.0,0.0,1.0,0.0,0.0,0.0,0.0,0.0,2.0,0.0,11.0,14.2,0.0,0.0,1.4,0.0,9.0,0.0,0.0,1.0,0.0,0.0,0.0,0.47,50.0,0.0,140711.0,0.0,0.0,467,Sels,Nott'm Forest,Matz,85633,,1,17,Matz_Sels,2,Leeds,17,Nott'm Forest,GKP,18
520,468.0,6.0,13.0,0.0,True,2026-08-22T14:00:00Z,0.0,1.0,1.0,False,0.0,0.0,0.0,0.0,0.0,0.0,0.0,0.0,0.0,0.0,0.0,0.0,0.0,0.0,0.0,0.0,0.0,0.0,0.0,0.0,0.0,0.0,0.0,0.0,0.0,0.0,45.0,0.0,5970.0,0.0,0.0,468,Maciel Furtado,Nott'm Forest,John Victor,221389,,1,17,John Victor_Maciel Furtado,2,Leeds,17,Nott'm Forest,GKP,18
521,469.0,6.0,13.0,2.0,True,2026-08-22T14:00:00Z,0.0,1.0,1.0,False,90.0,0.0,0.0,0.0,1.0,0.0,0.0,0.0,0.0,0.0,0.0,0.0,13.0,15.2,5.8,6.0,2.7,3.0,10.0,3.0,6.0,1.0,0.0,0.02,0.02,0.47,50.0,0.0,924685.0,0.0,0.0,469,Williams,Nott'm Forest,Neco,215136,,2,17,Neco_Williams,2,Leeds,17,Nott'm Forest,DEF,18
522,470.0,6.0,13.0,0.0,True,2026-08-22T14:00:00Z,0.0,1.0,1.0,False,0.0,0.0,0.0,0.0,0.0,0.0,0.0,0.0,0.0,0.0,0.0,0.0,0.0,0.0,0.0,0.0,0.0,0.0,0.0,0.0,0.0,0.0,0.0,0.0,0.0,0.0,50.0,0.0,4345.0,0.0,0.0,470,Rodrigues da Silva,Nott'm Forest,Felipe,485047,,2,17,Felipe_Rodrigues da Silva,2,Leeds,17,Nott'm Forest,DEF,18
523,471.0,6.0,13.0,2.0,True,2026-08-22T14:00:00Z,0.0,1.0,1.0,False,90.0,0.0,0.0,0.0,1.0,0.0,0.0,0.0,0.0,0.0,0.0,0.0,4.0,7.6,0.6,14.0,2.2,7.0,6.0,0.0,7.0,1.0,0.11,0.02,0.13,0.47,55.0,0.0,173511.0,0.0,0.0,471,Milenković,Nott'm Forest,Nikola,227444,,2,17,Nikola_Milenković,2,Leeds,17,Nott'm Forest,DEF,18
524,472.0,6.0,13.0,4.0,True,2026-08-22T14:00:00Z,0.0,1.0,1.0,False,90.0,0.0,0.0,0.0,1.0,0.0,0.0,0.0,0.0,0.0,0.0,0.0,15.0,32.2,25.9,0.0,5.8,12.0,3.0,2.0,14.0,1.0,0.0,0.28,0.28,0.47,55.0,0.0,134909.0,0.0,0.0,472,Costa dos Santos,Nott'm Forest,Murillo,575476,,2,17,Murillo_Costa dos Santos,2,Leeds,17,Nott'm Forest,DEF,18
525,473.0,6.0,13.0,5.0,True,2026-08-22T14:00:00Z,0.0,1.0,1.0,False,73.0,0.0,0.0,1.0,0.0,0.0,0.0,0.0,1.0,0.0,0.0,0.0,24.0,16.0,35.6,11.0,6.3,2.0,4.0,0.0,2.0,1.0,0.04,0.17,0.21,0.34,45.0,0.0,328883.0,0.0,0.0,473,Aina,Nott'm Forest,Ola,159506,,2,17,Ola_Aina,2,Leeds,17,Nott'm Forest,DEF,18
526,474.0,6.0,13.0,1.0,True,2026-08-22T14:00:00Z,0.0,1.0,1.0,False,90.0,0.0,0.0,0.0,1.0,0.0,0.0,0.0,1.0,0.0,0.0,0.0,5.0,20.8,1.3,0.0,2.2,7.0,0.0,1.0,8.0,1.0,0.0,0.0,0.0,0.47,45.0,0.0,19663.0,0.0,0.0,474,Paula da Cunha Filho,Nott'm Forest,Jair,575458,,2,17,Jair_Paula da Cunha Filho,2,Leeds,17,Nott'm Forest,DEF,18
527,475.0,6.0,13.0,0.0,True,2026-08-22T14:00:00Z,0.0,1.0,1.0,False,0.0,0.0,0.0,0.0,0.0,0.0,0.0,0.0,0.0,0.0,0.0,0.0,0.0,0.0,0.0,0.0,0.0,0.0,0.0,0.0,0.0,0.0,0.0,0.0,0.0,0.0,45.0,0.0,209.0,0.0,0.0,475,Savona,Nott'm Forest,Nicolò,500151,Knee injury - Unknown return date,2,17,Nicolò_Savona,2,Leeds,17,Nott'm Forest,DEF,18
528,476.0,6.0,13.0,0.0,True,2026-08-22T14:00:00Z,0.0,1.0,1.0,False,0.0,0.0,0.0,0.0,0.0,0.0,0.0,0.0,0.0,0.0,0.0,0.0,0.0,0.0,0.0,0.0,0.0,0.0,0.0,0.0,0.0,0.0,0.0,0.0,0.0,0.0,40.0,0.0,23191.0,0.0,0.0,476,Richards,Nott'm Forest,Omar,204822,,2,17,Omar_Richards,2,Leeds,17,Nott'm Forest,DEF,18
529,477.0,6.0,13.0,0.0,True,2026-08-22T14:00:00Z,0.0,1.0,1.0,False,0.0,0.0,0.0,0.0,0.0,0.0,0.0,0.0,0.0,0.0,0.0,0.0,0.0,0.0,0.0,0.0,0.0,0.0,0.0,0.0,0.0,0.0,0.0,0.0,0.0,0.0,40.0,0.0,23851.0,0.0,0.0,477,Abbott,Nott'm Forest,Zach,549067,,2,17,Zach_Abbott,2,Leeds,17,Nott'm Forest,DEF,18
530,478.0,6.0,13.0,1.0,True,2026-08-22T14:00:00Z,0.0,1.0,1.0,False,16.0,0.0,0.0,0.0,1.0,0.0,0.0,0.0,0.0,0.0,0.0,0.0,-2.0,0.0,0.9,0.0,0.1,0.0,1.0,0.0,0.0,0.0,0.0,0.0,0.0,0.13,45.0,0.0,2322.0,0.0,0.0,478,Netz,Nott'm Forest,Luca,470315,,2,17,Luca_Netz,2,Leeds,17,Nott'm Forest,DEF,18
531,479.0,6.0,13.0,0.0,True,2026-08-22T14:00:00Z,0.0,1.0,1.0,False,0.0,0.0,0.0,0.0,0.0,0.0,0.0,0.0,0.0,0.0,0.0,0.0,0.0,0.0,0.0,0.0,0.0,0.0,0.0,0.0,0.0,0.0,0.0,0.0,0.0,0.0,40.0,0.0,18342.0,0.0,0.0,479,Bindon,Nott'm Forest,Tyler,538638,,2,17,Tyler_Bindon,2,Leeds,17,Nott'm Forest,DEF,18
532,480.0,6.0,13.0,2.0,True,2026-08-22T14:00:00Z,0.0,1.0,1.0,False,90.0,0.0,0.0,0.0,1.0,0.0,0.0,0.0,0.0,0.0,0.0,0.0,10.0,0.0,9.3,16.0,2.4,1.0,2.0,0.0,3.0,1.0,0.13,0.06,0.19,0.47,80.0,0.0,1039647.0,0.0,0.0,480,Gibbs-White,Nott'm Forest,Morgan,222531,Knee injury - 75% chance of playing,3,17,Morgan_Gibbs-White,2,Leeds,17,Nott'm Forest,MID,18
533,482.0,6.0,13.0,0.0,True,2026-08-22T14:00:00Z,0.0,1.0,1.0,False,0.0,0.0,0.0,0.0,0.0,0.0,0.0,0.0,0.0,0.0,0.0,0.0,0.0,0.0,0.0,0.0,0.0,0.0,0.0,0.0,0.0,0.0,0.0,0.0,0.0,0.0,60.0,0.0,23579.0,0.0,0.0,482,Hudson-Odoi,Nott'm Forest,Callum,209046,,3,17,Callum_Hudson-Odoi,2,Leeds,17,Nott'm Forest,MID,18
534,483.0,6.0,13.0,3.0,True,2026-08-22T14:00:00Z,0.0,1.0,1.0,False,61.0,0.0,0.0,1.0,0.0,0.0,0.0,0.0,0.0,0.0,0.0,0.0,5.0,1.4,2.5,0.0,0.4,1.0,1.0,1.0,3.0,1.0,0.0,0.0,0.0,0.25,55.0,0.0,39539.0,0.0,0.0,483,Ndoye,Nott'm Forest,Dan,456512,,3,17,Dan_Ndoye,2,Leeds,17,Nott'm Forest,MID,18
535,484.0,6.0,13.0,0.0,True,2026-08-22T14:00:00Z,0.0,1.0,1.0,False,0.0,0.0,0.0,0.0,0.0,0.0,0.0,0.0,0.0,0.0,0.0,0.0,0.0,0.0,0.0,0.0,0.0,0.0,0.0,0.0,0.0,0.0,0.0,0.0,0.0,0.0,55.0,0.0,15797.0,0.0,0.0,484,Hutchinson,Nott'm Forest,Omari,503301,,3,17,Omari_Hutchinson,2,Leeds,17,Nott'm Forest,MID,18
536,485.0,6.0,13.0,0.0,True,2026-08-22T14:00:00Z,0.0,1.0,1.0,False,0.0,0.0,0.0,0.0,0.0,0.0,0.0,0.0,0.0,0.0,0.0,0.0,0.0,0.0,0.0,0.0,0.0,0.0,0.0,0.0,0.0,0.0,0.0,0.0,0.0,0.0,55.0,0.0,1373.0,0.0,0.0,485,Bakwa,Nott'm Forest,Dilane,476887,,3,17,Dilane_Bakwa,2,Leeds,17,Nott'm Forest,MID,18
537,486.0,6.0,13.0,3.0,True,2026-08-22T14:00:00Z,0.0,1.0,1.0,False,73.0,0.0,0.0,1.0,0.0,0.0,0.0,0.0,0.0,0.0,0.0,0.0,18.0,11.6,42.5,0.0,5.4,2.0,5.0,1.0,8.0,1.0,0.0,0.16,0.16,0.34,55.0,0.0,3147.0,0.0,0.0,486,McAtee,Nott'm Forest,James,432714,,3,17,James_McAtee,2,Leeds,17,Nott'm Forest,MID,18
538,487.0,6.0,13.0,0.0,True,2026-08-22T14:00:00Z,0.0,1.0,1.0,False,0.0,0.0,0.0,0.0,0.0,0.0,0.0,0.0,0.0,0.0,0.0,0.0,0.0,0.0,0.0,0.0,0.0,0.0,0.0,0.0,0.0,0.0,0.0,0.0,0.0,0.0,50.0,0.0,7576.0,0.0,0.0,487,Domínguez,Nott'm Forest,Nicolás,250199,,3,17,Nicolás_Domínguez,2,Leeds,17,Nott'm Forest,MID,18
539,488.0,6.0,13.0,2.0,True,2026-08-22T14:00:00Z,0.0,1.0,1.0,False,90.0,0.0,0.0,0.0,1.0,0.0,0.0,0.0,0.0,0.0,0.0,0.0,10.0,17.8,13.0,3.0,3.4,3.0,3.0,0.0,6.0,1.0,0.03,0.01,0.04,0.47,50.0,0.0,100536.0,0.0,0.0,488,Sangaré,Nott'm Forest,Ibrahim,210462,,3,17,Ibrahim_Sangaré,2,Leeds,17,Nott'm Forest,MID,18
540,489.0,6.0,13.0,0.0,True,2026-08-22T14:00:00Z,0.0,1.0,1.0,False,0.0,0.0,0.0,0.0,0.0,0.0,0.0,0.0,0.0,0.0,0.0,0.0,0.0,0.0,0.0,0.0,0.0,0.0,0.0,0.0,0.0,0.0,0.0,0.0,0.0,0.0,45.0,0.0,177323.0,0.0,0.0,489,Yates,Nott'm Forest,Ryan,204968,Unspecified injury - Unknown return date,3,17,Ryan_Yates,2,Leeds,17,Nott'm Forest,MID,18
541,490.0,6.0,13.0,1.0,True,2026-08-22T14:00:00Z,0.0,1.0,1.0,False,28.0,0.0,0.0,0.0,1.0,0.0,0.0,0.0,0.0,0.0,0.0,0.0,3.0,0.0,2.4,3.0,0.4,0.0,1.0,0.0,1.0,0.0,0.12,0.01,0.13,0.22,60.0,0.0,159951.0,0.0,0.0,490,Wood,Nott'm Forest,Chris,60689,,4,17,Chris_Wood,2,Leeds,17,Nott'm Forest,FWD,18
542,491.0,6.0,13.0,2.0,True,2026-08-22T14:00:00Z,0.0,1.0,1.0,False,90.0,0.0,0.0,0.0,1.0,0.0,0.0,0.0,0.0,0.0,0.0,0.0,8.0,5.2,6.8,31.0,4.3,2.0,1.0,0.0,3.0,1.0,0.22,0.02,0.24,0.47,60.0,0.0,389784.0,0.0,0.0,491,Maciel da Cruz,Nott'm Forest,Igor Jesus,482973,,4,17,Igor Jesus_Maciel da Cruz,2,Leeds,17,Nott'm Forest,FWD,18
543,493.0,6.0,13.0,1.0,True,2026-08-22T14:00:00Z,0.0,1.0,1.0,False,1.0,0.0,0.0,0.0,0.0,0.0,0.0,0.0,0.0,0.0,0.0,0.0,3.0,0.0,0.0,0.0,0.0,0.0,0.0,0.0,0.0,0.0,0.0,0.0,0.0,0.0,55.0,0.0,4138.0,0.0,0.0,493,Kalimuendo,Nott'm Forest,Arnaud,465680,,4,17,Arnaud_Kalimuendo,2,Leeds,17,Nott'm Forest,FWD,18
544,558.0,6.0,13.0,1.0,True,2026-08-22T14:00:00Z,0.0,1.0,1.0,False,16.0,0.0,0.0,0.0,1.0,0.0,0.0,0.0,0.0,0.0,0.0,0.0,3.0,0.6,1.0,2.0,0.4,0.0,1.0,0.0,1.0,0.0,0.0,0.0,0.0,0.13,50.0,0.0,10065.0,0.0,0.0,558,Schlager,Nott'm Forest,Xaver,204561,,3,17,Xaver_Schlager,2,Leeds,17,Nott'm Forest,MID,18
545,581.0,6.0,13.0,0.0,True,2026-08-22T14:00:00Z,0.0,1.0,1.0,False,0.0,0.0,0.0,0.0,0.0,0.0,0.0,0.0,0.0,0.0,0.0,0.0,0.0,0.0,0.0,0.0,0.0,0.0,0.0,0.0,0.0,0.0,0.0,0.0,0.0,0.0,55.0,0.0,67092.0,0.0,0.0,581,Diomande,Nott'm Forest,Ousmane,568420,,2,17,Ousmane_Diomande,2,Leeds,17,Nott'm Forest,DEF,18
546,590.0,6.0,13.0,0.0,True,2026-08-22T14:00:00Z,0.0,1.0,1.0,False,0.0,0.0,0.0,0.0,0.0,0.0,0.0,0.0,0.0,0.0,0.0,0.0,0.0,0.0,0.0,0.0,0.0,0.0,0.0,0.0,0.0,0.0,0.0,0.0,0.0,0.0,45.0,0.0,5245.0,0.0,0.0,590,Benda,Nott'm Forest,Steven,428971,,1,17,Steven_Benda,2,Leeds,17,Nott'm Forest,GKP,18
547,112.0,2.0,4.0,1.0,False,2026-08-22T16:30:00Z,3.0,0.0,1.0,False,90.0,0.0,0.0,0.0,3.0,0.0,0.0,0.0,0.0,0.0,0.0,0.0,3.0,28.2,2.8,2.0,3.3,7.0,3.0,2.0,9.0,1.0,0.0,0.03,0.03,3.87,50.0,0.0,955905.0,0.0,0.0,112,van Hecke,Spurs,Jan Paul,469142,,2,6,Jan Paul_van Hecke,94,Brentford,6,Spurs,DEF,19
548,403.0,8.0,3.0,0.0,True,2026-08-23T13:00:00Z,2.0,1.0,1.0,False,0.0,0.0,0.0,0.0,0.0,0.0,0.0,0.0,0.0,0.0,0.0,0.0,0.0,0.0,0.0,0.0,0.0,0.0,0.0,0.0,0.0,0.0,0.0,0.0,0.0,0.0,65.0,0.0,23783.0,0.0,0.0,403,Moreira de Oliveira,Spurs,Sávio,510281,,3,6,Sávio_Moreira de Oliveira,91,Bournemouth,6,Spurs,MID,19
549,455.0,2.0,4.0,2.0,False,2026-08-22T16:30:00Z,3.0,0.0,1.0,False,90.0,0.0,0.0,0.0,3.0,0.0,0.0,0.0,0.0,0.0,0.0,0.0,14.0,6.2,6.4,8.0,2.1,0.0,3.0,1.0,4.0,1.0,0.04,0.06,0.1,3.87,55.0,0.0,376914.0,0.0,0.0,455,Tonali,Spurs,Sandro,432422,,3,6,Sandro_Tonali,94,Brentford,6,Spurs,MID,19
550,494.0,2.0,4.0,0.0,False,2026-08-22T16:30:00Z,3.0,0.0,1.0,False,0.0,0.0,0.0,0.0,0.0,0.0,0.0,0.0,0.0,0.0,0.0,0.0,0.0,0.0,0.0,0.0,0.0,0.0,0.0,0.0,0.0,0.0,0.0,0.0,0.0,0.0,45.0,0.0,35657.0,0.0,0.0,494,Vicario,Spurs,Guglielmo,184254,Has joined Juventus on loan for the rest of the season,1,6,Guglielmo_Vicario,94,Brentford,6,Spurs,GKP,19
551,495.0,2.0,4.0,0.0,False,2026-08-22T16:30:00Z,3.0,0.0,1.0,False,0.0,0.0,0.0,0.0,0.0,0.0,0.0,0.0,0.0,0.0,0.0,0.0,0.0,0.0,0.0,0.0,0.0,0.0,0.0,0.0,0.0,0.0,0.0,0.0,0.0,0.0,40.0,0.0,78400.0,0.0,0.0,495,Austin,Spurs,Brandon,214572,,1,6,Brandon_Austin,94,Brentford,6,Spurs,GKP,19
552,496.0,2.0,4.0,2.0,False,2026-08-22T16:30:00Z,3.0,0.0,1.0,False,90.0,0.0,0.0,0.0,3.0,0.0,0.0,0.0,0.0,0.0,5.0,0.0,15.0,43.6,0.0,0.0,4.4,4.0,12.0,0.0,0.0,1.0,0.0,0.0,0.0,3.87,45.0,0.0,2208330.0,0.0,0.0,496,Kinský,Spurs,Antonín,485055,,1,6,Antonín_Kinský,94,Brentford,6,Spurs,GKP,19
553,497.0,2.0,4.0,0.0,False,2026-08-22T16:30:00Z,3.0,0.0,1.0,False,0.0,0.0,0.0,0.0,0.0,0.0,0.0,0.0,0.0,0.0,0.0,0.0,0.0,0.0,0.0,0.0,0.0,0.0,0.0,0.0,0.0,0.0,0.0,0.0,0.0,0.0,40.0,0.0,1778139.0,0.0,0.0,497,Dubravka,Spurs,Martin,67089,,1,6,Martin_Dubravka,94,Brentford,6,Spurs,GKP,19
554,498.0,2.0,4.0,3.0,False,2026-08-22T16:30:00Z,3.0,0.0,1.0,False,90.0,0.0,0.0,0.0,3.0,0.0,0.0,0.0,0.0,0.0,0.0,0.0,10.0,36.6,2.2,0.0,3.9,11.0,2.0,5.0,16.0,1.0,0.0,0.02,0.02,3.87,60.0,0.0,724252.0,0.0,0.0,498,Senesi Barón,Spurs,Marcos,221466,,2,6,Marcos_Senesi Barón,94,Brentford,6,Spurs,DEF,19
555,499.0,2.0,4.0,0.0,False,2026-08-22T16:30:00Z,3.0,0.0,1.0,False,0.0,0.0,0.0,0.0,0.0,0.0,0.0,0.0,0.0,0.0,0.0,0.0,0.0,0.0,0.0,0.0,0.0,0.0,0.0,0.0,0.0,0.0,0.0,0.0,0.0,0.0,55.0,0.0,1595087.0,0.0,0.0,499,Porro Sauceda,Spurs,Pedro,441164,,2,6,Pedro_Porro Sauceda,94,Brentford,6,Spurs,DEF,19
556,500.0,2.0,4.0,0.0,False,2026-08-22T16:30:00Z,3.0,0.0,1.0,False,0.0,0.0,0.0,0.0,0.0,0.0,0.0,0.0,0.0,0.0,0.0,0.0,0.0,0.0,0.0,0.0,0.0,0.0,0.0,0.0,0.0,0.0,0.0,0.0,0.0,0.0,50.0,0.0,25814.0,0.0,0.0,500,Romero,Spurs,Cristian,221632,Has joined Atletico Madrid permanently,2,6,Cristian_Romero,94,Brentford,6,Spurs,DEF,19
557,501.0,2.0,4.0,0.0,False,2026-08-22T16:30:00Z,3.0,0.0,1.0,False,0.0,0.0,0.0,0.0,0.0,0.0,0.0,0.0,0.0,0.0,0.0,0.0,0.0,0.0,0.0,0.0,0.0,0.0,0.0,0.0,0.0,0.0,0.0,0.0,0.0,0.0,50.0,0.0,15516.0,0.0,0.0,501,Danso,Spurs,Kevin,135720,,2,6,Kevin_Danso,94,Brentford,6,Spurs,DEF,19
558,502.0,2.0,4.0,3.0,False,2026-08-22T16:30:00Z,3.0,0.0,1.0,False,90.0,0.0,0.0,0.0,3.0,0.0,0.0,0.0,0.0,0.0,0.0,0.0,13.0,31.8,19.2,2.0,5.3,9.0,3.0,2.0,11.0,1.0,0.0,0.06,0.06,3.87,45.0,0.0,350993.0,0.0,0.0,502,Robertson,Spurs,Andrew,122798,,2,6,Andrew_Robertson,94,Brentford,6,Spurs,DEF,19
559,503.0,2.0,4.0,0.0,False,2026-08-22T16:30:00Z,3.0,0.0,1.0,False,0.0,0.0,0.0,0.0,0.0,0.0,0.0,0.0,0.0,0.0,0.0,0.0,0.0,0.0,0.0,0.0,0.0,0.0,0.0,0.0,0.0,0.0,0.0,0.0,0.0,0.0,50.0,0.0,522301.0,0.0,0.0,503,van de Ven,Spurs,Micky,491279,,2,6,Micky_van de Ven,94,Brentford,6,Spurs,DEF,19
560,505.0,2.0,4.0,0.0,False,2026-08-22T16:30:00Z,3.0,0.0,1.0,False,0.0,0.0,0.0,0.0,0.0,0.0,0.0,0.0,0.0,0.0,0.0,0.0,0.0,0.0,0.0,0.0,0.0,0.0,0.0,0.0,0.0,0.0,0.0,0.0,0.0,0.0,45.0,0.0,93085.0,0.0,0.0,505,Spence,Spurs,Djed,232859,Has joined Internazionale permanently,2,6,Djed_Spence,94,Brentford,6,Spurs,DEF,19
561,506.0,2.0,4.0,1.0,False,2026-08-22T16:30:00Z,3.0,0.0,1.0,False,4.0,0.0,0.0,0.0,0.0,0.0,0.0,0.0,0.0,0.0,0.0,0.0,3.0,0.0,0.7,0.0,0.0,0.0,2.0,0.0,0.0,0.0,0.0,0.02,0.02,0.44,45.0,0.0,43741.0,0.0,0.0,506,Udogie,Spurs,Destiny,487053,,2,6,Destiny_Udogie,94,Brentford,6,Spurs,DEF,19
562,507.0,2.0,4.0,0.0,False,2026-08-22T16:30:00Z,3.0,0.0,1.0,False,0.0,0.0,0.0,0.0,0.0,0.0,0.0,0.0,0.0,0.0,0.0,0.0,0.0,0.0,0.0,0.0,0.0,0.0,0.0,0.0,0.0,0.0,0.0,0.0,0.0,0.0,45.0,0.0,2583.0,0.0,0.0,507,Phillips,Spurs,Ashley,548308,Has joined Middlesbrough permanently,2,6,Ashley_Phillips,94,Brentford,6,Spurs,DEF,19
563,508.0,2.0,4.0,0.0,False,2026-08-22T16:30:00Z,3.0,0.0,1.0,False,0.0,0.0,0.0,0.0,0.0,0.0,0.0,0.0,0.0,0.0,0.0,0.0,0.0,0.0,0.0,0.0,0.0,0.0,0.0,0.0,0.0,0.0,0.0,0.0,0.0,0.0,40.0,0.0,99420.0,0.0,0.0,508,Davies,Spurs,Ben,115556,,2,6,Ben_Davies,94,Brentford,6,Spurs,DEF,19
564,509.0,2.0,4.0,0.0,False,2026-08-22T16:30:00Z,3.0,0.0,1.0,False,0.0,0.0,0.0,0.0,0.0,0.0,0.0,0.0,0.0,0.0,0.0,0.0,0.0,0.0,0.0,0.0,0.0,0.0,0.0,0.0,0.0,0.0,0.0,0.0,0.0,0.0,40.0,0.0,4794.0,0.0,0.0,509,Byfield,Spurs,Jun'ai,640419,,2,6,Jun'ai_Byfield,94,Brentford,6,Spurs,DEF,19
565,510.0,2.0,4.0,0.0,False,2026-08-22T16:30:00Z,3.0,0.0,1.0,False,0.0,0.0,0.0,0.0,0.0,0.0,0.0,0.0,0.0,0.0,0.0,0.0,0.0,0.0,0.0,0.0,0.0,0.0,0.0,0.0,0.0,0.0,0.0,0.0,0.0,0.0,40.0,0.0,7021.0,0.0,0.0,510,Rowswell,Spurs,James,499716,,2,6,James_Rowswell,94,Brentford,6,Spurs,DEF,19
566,511.0,2.0,4.0,0.0,False,2026-08-22T16:30:00Z,3.0,0.0,1.0,False,0.0,0.0,0.0,0.0,0.0,0.0,0.0,0.0,0.0,0.0,0.0,0.0,0.0,0.0,0.0,0.0,0.0,0.0,0.0,0.0,0.0,0.0,0.0,0.0,0.0,0.0,40.0,0.0,27254.0,0.0,0.0,511,de Souza Menezes,Spurs,João Victor,616221,,2,6,João Victor_de Souza Menezes,94,Brentford,6,Spurs,DEF,19
567,512.0,2.0,4.0,0.0,False,2026-08-22T16:30:00Z,3.0,0.0,1.0,False,0.0,0.0,0.0,0.0,0.0,0.0,0.0,0.0,0.0,0.0,0.0,0.0,0.0,0.0,0.0,0.0,0.0,0.0,0.0,0.0,0.0,0.0,0.0,0.0,0.0,0.0,65.0,0.0,8272.0,0.0,0.0,512,Kudus,Spurs,Mohammed,460842,Thigh injury - 50% chance of playing,3,6,Mohammed_Kudus,94,Brentford,6,Spurs,MID,19
568,513.0,2.0,4.0,0.0,False,2026-08-22T16:30:00Z,3.0,0.0,1.0,False,0.0,0.0,0.0,0.0,0.0,0.0,0.0,0.0,0.0,0.0,0.0,0.0,0.0,0.0,0.0,0.0,0.0,0.0,0.0,0.0,0.0,0.0,0.0,0.0,0.0,0.0,60.0,0.0,1345.0,0.0,0.0,513,Simons,Spurs,Xavi,493362,Knee injury - Unknown return date,3,6,Xavi_Simons,94,Brentford,6,Spurs,MID,19
569,514.0,2.0,4.0,2.0,False,2026-08-22T16:30:00Z,3.0,0.0,1.0,False,90.0,0.0,0.0,0.0,3.0,0.0,0.0,0.0,0.0,0.0,0.0,0.0,17.0,10.4,26.0,9.0,4.5,1.0,7.0,0.0,8.0,1.0,0.06,0.06,0.12,3.87,60.0,0.0,50995.0,0.0,0.0,514,Tel,Spurs,Mathys,511499,,3,6,Mathys_Tel,94,Brentford,6,Spurs,MID,19
570,515.0,2.0,4.0,1.0,False,2026-08-22T16:30:00Z,3.0,0.0,1.0,False,22.0,0.0,0.0,0.0,0.0,0.0,0.0,0.0,0.0,0.0,0.0,0.0,6.0,4.4,8.3,8.0,2.1,1.0,1.0,0.0,2.0,0.0,0.0,0.01,0.01,0.85,65.0,0.0,119410.0,0.0,0.0,515,Maddison,Spurs,James,172780,Shoulder injury - 75% chance of playing,3,6,James_Maddison,94,Brentford,6,Spurs,MID,19
571,516.0,2.0,4.0,1.0,False,2026-08-22T16:30:00Z,3.0,0.0,1.0,False,45.0,0.0,0.0,0.0,1.0,0.0,0.0,0.0,0.0,0.0,0.0,0.0,8.0,2.0,14.7,0.0,1.7,0.0,2.0,3.0,5.0,0.0,0.0,0.01,0.01,2.18,55.0,0.0,17403.0,0.0,0.0,516,Bentancur,Spurs,Rodrigo,202993,,3,6,Rodrigo_Bentancur,94,Brentford,6,Spurs,MID,19
572,517.0,2.0,4.0,0.0,False,2026-08-22T16:30:00Z,3.0,0.0,1.0,False,0.0,0.0,0.0,0.0,0.0,0.0,0.0,0.0,0.0,0.0,0.0,0.0,0.0,0.0,0.0,0.0,0.0,0.0,0.0,0.0,0.0,0.0,0.0,0.0,0.0,0.0,55.0,0.0,100.0,0.0,0.0,517,Odobert,Spurs,Wilson,550839,Knee injury - Unknown return date,3,6,Wilson_Odobert,94,Brentford,6,Spurs,MID,19
573,518.0,2.0,4.0,0.0,False,2026-08-22T16:30:00Z,3.0,0.0,1.0,False,0.0,0.0,0.0,0.0,0.0,0.0,0.0,0.0,0.0,0.0,0.0,0.0,0.0,0.0,0.0,0.0,0.0,0.0,0.0,0.0,0.0,0.0,0.0,0.0,0.0,0.0,50.0,0.0,25576.0,0.0,0.0,518,Sarr,Spurs,Pape Matar,482442,Hamstring injury - Unknown return date,3,6,Pape Matar_Sarr,94,Brentford,6,Spurs,MID,19
574,519.0,2.0,4.0,0.0,False,2026-08-22T16:30:00Z,3.0,0.0,1.0,False,45.0,0.0,0.0,0.0,2.0,0.0,0.0,0.0,1.0,0.0,0.0,0.0,1.0,0.0,5.5,1.0,0.5,0.0,2.0,1.0,3.0,1.0,0.02,0.06,0.08,1.7,55.0,0.0,26860.0,0.0,0.0,519,Gallagher,Spurs,Conor,232787,,3,6,Conor_Gallagher,94,Brentford,6,Spurs,MID,19
575,520.0,2.0,4.0,1.0,False,2026-08-22T16:30:00Z,3.0,0.0,1.0,False,45.0,0.0,0.0,0.0,2.0,0.0,0.0,0.0,0.0,0.0,0.0,0.0,2.0,0.0,2.0,2.0,0.0,0.0,7.0,1.0,8.0,1.0,0.0,0.01,0.01,1.7,55.0,0.0,18443.0,0.0,0.0,520,Bergvall,Spurs,Lucas,570526,,3,6,Lucas_Bergvall,94,Brentford,6,Spurs,MID,19
576,521.0,2.0,4.0,0.0,False,2026-08-22T16:30:00Z,3.0,0.0,1.0,False,0.0,0.0,0.0,0.0,0.0,0.0,0.0,0.0,0.0,0.0,0.0,0.0,0.0,0.0,0.0,0.0,0.0,0.0,0.0,0.0,0.0,0.0,0.0,0.0,0.0,0.0,65.0,0.0,949.0,0.0,0.0,521,Kulusevski,Spurs,Dejan,445044,Knee injury - Unknown return date,3,6,Dejan_Kulusevski,94,Brentford,6,Spurs,MID,19
577,522.0,2.0,4.0,2.0,False,2026-08-22T16:30:00Z,3.0,0.0,1.0,False,85.0,0.0,0.0,0.0,3.0,0.0,0.0,0.0,0.0,0.0,0.0,0.0,15.0,6.2,3.3,0.0,1.0,2.0,2.0,1.0,5.0,1.0,0.0,0.01,0.01,3.43,50.0,0.0,19767.0,0.0,0.0,522,Gray,Spurs,Archie,547701,,3,6,Archie_Gray,94,Brentford,6,Spurs,MID,19
578,523.0,2.0,4.0,2.0,False,2026-08-22T16:30:00Z,3.0,0.0,1.0,False,67.0,0.0,0.0,0.0,3.0,0.0,0.0,0.0,0.0,0.0,0.0,0.0,10.0,14.2,5.9,55.0,7.5,0.0,1.0,1.0,2.0,1.0,0.38,0.02,0.4,3.02,50.0,0.0,17505.0,0.0,0.0,523,Moore,Spurs,Mikey,499721,,3,6,Mikey_Moore,94,Brentford,6,Spurs,MID,19
579,524.0,2.0,4.0,0.0,False,2026-08-22T16:30:00Z,3.0,0.0,1.0,False,0.0,0.0,0.0,0.0,0.0,0.0,0.0,0.0,0.0,0.0,0.0,0.0,0.0,0.0,0.0,0.0,0.0,0.0,0.0,0.0,0.0,0.0,0.0,0.0,0.0,0.0,45.0,0.0,79913.0,0.0,0.0,524,Olusesi,Spurs,Callum,499726,,3,6,Callum_Olusesi,94,Brentford,6,Spurs,MID,19
580,525.0,2.0,4.0,1.0,False,2026-08-22T16:30:00Z,3.0,0.0,1.0,False,45.0,0.0,0.0,0.0,1.0,0.0,0.0,0.0,0.0,0.0,0.0,0.0,16.0,7.2,27.2,2.0,3.6,0.0,1.0,1.0,2.0,0.0,0.0,0.06,0.06,2.18,60.0,0.0,178624.0,0.0,0.0,525,Fernandes,Spurs,Mateus,551226,,3,6,Mateus_Fernandes,94,Brentford,6,Spurs,MID,19
581,526.0,2.0,4.0,1.0,False,2026-08-22T16:30:00Z,3.0,0.0,1.0,False,22.0,0.0,0.0,0.0,0.0,0.0,0.0,0.0,0.0,0.0,0.0,0.0,3.0,0.0,0.0,5.0,0.5,0.0,0.0,0.0,0.0,0.0,0.07,0.0,0.07,0.85,60.0,0.0,126667.0,0.0,0.0,526,Solanke-Mitchell,Spurs,Dominic,154566,,4,6,Dominic_Solanke-Mitchell,94,Brentford,6,Spurs,FWD,19
582,527.0,2.0,4.0,2.0,False,2026-08-22T16:30:00Z,3.0,0.0,1.0,False,67.0,0.0,0.0,0.0,3.0,0.0,0.0,0.0,0.0,0.0,0.0,0.0,6.0,0.0,2.2,0.0,0.2,1.0,0.0,0.0,1.0,1.0,0.0,0.0,0.0,3.02,60.0,0.0,283639.0,0.0,0.0,527,de Andrade,Spurs,Richarlison,212319,,4,6,Richarlison_de Andrade,94,Brentford,6,Spurs,FWD,19
583,528.0,2.0,4.0,0.0,False,2026-08-22T16:30:00Z,3.0,0.0,1.0,False,0.0,0.0,0.0,0.0,0.0,0.0,0.0,0.0,0.0,0.0,0.0,0.0,0.0,0.0,0.0,0.0,0.0,0.0,0.0,0.0,0.0,0.0,0.0,0.0,0.0,0.0,45.0,0.0,149807.0,0.0,0.0,528,Scarlett,Spurs,Dane,490145,,4,6,Dane_Scarlett,94,Brentford,6,Spurs,FWD,19
584,601.0,2.0,4.0,0.0,False,2026-08-22T16:30:00Z,3.0,0.0,1.0,False,0.0,0.0,0.0,0.0,0.0,0.0,0.0,0.0,0.0,0.0,0.0,0.0,0.0,0.0,0.0,0.0,0.0,0.0,0.0,0.0,0.0,0.0,0.0,0.0,0.0,0.0,45.0,0.0,0.0,0.0,0.0,601,Williams-Barnett,Spurs,Luca,611917,,3,6,Luca_Williams-Barnett,94,Brentford,6,Spurs,MID,19
585,529.0,5.0,12.0,1.0,False,2026-08-22T14:00:00Z,2.0,1.0,1.0,False,90.0,0.0,0.0,0.0,2.0,0.0,0.0,0.0,0.0,0.0,1.0,0.0,7.0,15.2,0.0,0.0,1.5,1.0,8.0,0.0,0.0,1.0,0.0,0.0,0.0,1.8,50.0,0.0,397315.0,0.0,0.0,529,Roefs,Sunderland,Robin,498016,,1,56,Robin_Roefs,40,Ipswich Town,56,Sunderland,GKP,20
586,530.0,5.0,12.0,0.0,False,2026-08-22T14:00:00Z,2.0,1.0,1.0,False,0.0,0.0,0.0,0.0,0.0,0.0,0.0,0.0,0.0,0.0,0.0,0.0,0.0,0.0,0.0,0.0,0.0,0.0,0.0,0.0,0.0,0.0,0.0,0.0,0.0,0.0,40.0,0.0,18557.0,0.0,0.0,530,Patterson,Sunderland,Anthony,232571,Has joined Wrexham permanently,1,56,Anthony_Patterson,40,Ipswich Town,56,Sunderland,GKP,20
587,531.0,5.0,12.0,0.0,False,2026-08-22T14:00:00Z,2.0,1.0,1.0,False,0.0,0.0,0.0,0.0,0.0,0.0,0.0,0.0,0.0,0.0,0.0,0.0,0.0,0.0,0.0,0.0,0.0,0.0,0.0,0.0,0.0,0.0,0.0,0.0,0.0,0.0,45.0,0.0,8630.0,0.0,0.0,531,Ellborg,Sunderland,Melker,515046,,1,56,Melker_Ellborg,40,Ipswich Town,56,Sunderland,GKP,20
588,532.0,5.0,12.0,0.0,False,2026-08-22T14:00:00Z,2.0,1.0,1.0,False,90.0,0.0,0.0,0.0,2.0,0.0,0.0,0.0,1.0,0.0,0.0,0.0,4.0,18.2,1.2,0.0,1.9,7.0,0.0,2.0,9.0,1.0,0.0,0.01,0.01,1.8,50.0,0.0,518741.0,0.0,0.0,532,Ballard,Sunderland,Daniel,223827,,2,56,Daniel_Ballard,40,Ipswich Town,56,Sunderland,DEF,20
589,533.0,5.0,12.0,0.0,False,2026-08-22T14:00:00Z,2.0,1.0,1.0,False,0.0,0.0,0.0,0.0,0.0,0.0,0.0,0.0,0.0,0.0,0.0,0.0,0.0,0.0,0.0,0.0,0.0,0.0,0.0,0.0,0.0,0.0,0.0,0.0,0.0,0.0,55.0,0.0,257772.0,0.0,0.0,533,Mukiele,Sunderland,Nordi,200834,,2,56,Nordi_Mukiele,40,Ipswich Town,56,Sunderland,DEF,20
590,534.0,5.0,12.0,2.0,False,2026-08-22T14:00:00Z,2.0,1.0,1.0,False,79.0,0.0,0.0,0.0,1.0,0.0,0.0,0.0,0.0,0.0,0.0,0.0,14.0,9.4,39.4,13.0,6.2,1.0,6.0,3.0,4.0,1.0,0.04,0.27,0.31,1.69,45.0,0.0,641436.0,0.0,0.0,534,Hume,Sunderland,Trai,487676,,2,56,Trai_Hume,40,Ipswich Town,56,Sunderland,DEF,20
591,535.0,5.0,12.0,1.0,False,2026-08-22T14:00:00Z,2.0,1.0,1.0,False,23.0,0.0,0.0,0.0,1.0,0.0,0.0,0.0,0.0,0.0,0.0,0.0,2.0,0.0,0.6,0.0,0.0,0.0,2.0,0.0,0.0,0.0,0.0,0.01,0.01,0.1,50.0,0.0,41929.0,0.0,0.0,535,Alderete,Sunderland,Omar,201895,,2,56,Omar_Alderete,40,Ipswich Town,56,Sunderland,DEF,20
592,536.0,5.0,12.0,1.0,False,2026-08-22T14:00:00Z,2.0,1.0,1.0,False,90.0,0.0,0.0,0.0,2.0,0.0,0.0,0.0,0.0,0.0,0.0,0.0,9.0,23.0,27.5,4.0,5.5,5.0,5.0,3.0,8.0,1.0,0.0,0.29,0.29,1.8,45.0,0.0,43515.0,0.0,0.0,536,Mandava,Sunderland,Reinildo,434399,,2,56,Reinildo_Mandava,40,Ipswich Town,56,Sunderland,DEF,20
593,537.0,5.0,12.0,0.0,False,2026-08-22T14:00:00Z,2.0,1.0,1.0,False,0.0,0.0,0.0,0.0,0.0,0.0,0.0,0.0,0.0,0.0,0.0,0.0,0.0,0.0,0.0,0.0,0.0,0.0,0.0,0.0,0.0,0.0,0.0,0.0,0.0,0.0,45.0,0.0,941.0,0.0,0.0,537,Seelt,Sunderland,Jenson,519634,,2,56,Jenson_Seelt,40,Ipswich Town,56,Sunderland,DEF,20
594,538.0,5.0,12.0,0.0,False,2026-08-22T14:00:00Z,2.0,1.0,1.0,False,0.0,0.0,0.0,0.0,0.0,0.0,0.0,0.0,0.0,0.0,0.0,0.0,0.0,0.0,0.0,0.0,0.0,0.0,0.0,0.0,0.0,0.0,0.0,0.0,0.0,0.0,40.0,0.0,6220.0,0.0,0.0,538,Hjelde,Sunderland,Leo Fuhr,477547,Has joined KV Mechelen on loan for the rest of the season,2,56,Leo Fuhr_Hjelde,40,Ipswich Town,56,Sunderland,DEF,20
595,539.0,5.0,12.0,1.0,False,2026-08-22T14:00:00Z,2.0,1.0,1.0,False,66.0,0.0,0.0,0.0,1.0,0.0,0.0,0.0,1.0,0.0,0.0,0.0,1.0,11.4,1.4,4.0,1.7,4.0,4.0,1.0,5.0,1.0,0.01,0.01,0.02,1.69,40.0,0.0,332959.0,0.0,0.0,539,O'Nien,Sunderland,Luke,167512,,2,56,Luke_O'Nien,40,Ipswich Town,56,Sunderland,DEF,20
596,540.0,5.0,12.0,0.0,False,2026-08-22T14:00:00Z,2.0,1.0,1.0,False,0.0,0.0,0.0,0.0,0.0,0.0,0.0,0.0,0.0,0.0,0.0,0.0,0.0,0.0,0.0,0.0,0.0,0.0,0.0,0.0,0.0,0.0,0.0,0.0,0.0,0.0,40.0,0.0,25578.0,0.0,0.0,540,Masuaku,Sunderland,Arthur,105717,Has joined Konyaspor permanently,2,56,Arthur_Masuaku,40,Ipswich Town,56,Sunderland,DEF,20
597,541.0,5.0,12.0,1.0,False,2026-08-22T14:00:00Z,2.0,1.0,1.0,False,90.0,0.0,0.0,0.0,2.0,0.0,0.0,0.0,0.0,0.0,0.0,0.0,5.0,13.8,5.3,11.0,3.0,2.0,3.0,2.0,4.0,1.0,0.08,0.08,0.16,1.8,45.0,0.0,26928.0,0.0,0.0,541,Meunier,Sunderland,Thomas,93605,,2,56,Thomas_Meunier,40,Ipswich Town,56,Sunderland,DEF,20
598,542.0,5.0,12.0,2.0,False,2026-08-22T14:00:00Z,2.0,1.0,1.0,False,79.0,0.0,0.0,0.0,1.0,0.0,0.0,0.0,0.0,0.0,0.0,0.0,13.0,4.6,9.9,0.0,1.5,0.0,1.0,1.0,2.0,1.0,0.0,0.03,0.03,1.69,60.0,0.0,942702.0,0.0,0.0,542,Le Fée,Sunderland,Enzo,484420,,3,56,Enzo_Le Fée,40,Ipswich Town,56,Sunderland,MID,20
599,543.0,5.0,12.0,1.0,False,2026-08-22T14:00:00Z,2.0,1.0,1.0,False,10.0,0.0,0.0,0.0,1.0,0.0,0.0,0.0,0.0,0.0,0.0,0.0,3.0,0.4,0.6,2.0,0.3,0.0,0.0,0.0,0.0,0.0,0.03,0.0,0.03,0.1,55.0,0.0,6286.0,0.0,0.0,543,Diarra,Sunderland,Habib,547027,,3,56,Habib_Diarra,40,Ipswich Town,56,Sunderland,MID,20
600,544.0,5.0,12.0,9.0,False,2026-08-22T14:00:00Z,2.0,1.0,1.0,False,90.0,0.0,1.0,0.0,2.0,0.0,0.0,0.0,0.0,0.0,0.0,2.0,31.0,18.8,31.4,0.0,5.0,2.0,8.0,3.0,13.0,1.0,0.0,0.09,0.09,1.8,55.0,0.0,392611.0,0.0,0.0,544,Xhaka,Sunderland,Granit,84450,,3,56,Granit_Xhaka,40,Ipswich Town,56,Sunderland,MID,20
601,545.0,5.0,12.0,2.0,False,2026-08-22T14:00:00Z,2.0,1.0,1.0,False,90.0,0.0,0.0,0.0,2.0,0.0,0.0,0.0,0.0,0.0,0.0,0.0,18.0,14.6,32.1,25.0,7.2,0.0,2.0,0.0,2.0,1.0,0.06,0.03,0.09,1.8,50.0,0.0,32634.0,0.0,0.0,545,Sadiki,Sunderland,Noah,577669,,3,56,Noah_Sadiki,40,Ipswich Town,56,Sunderland,MID,20
602,546.0,5.0,12.0,0.0,False,2026-08-22T14:00:00Z,2.0,1.0,1.0,False,0.0,0.0,0.0,0.0,0.0,0.0,0.0,0.0,0.0,0.0,0.0,0.0,0.0,0.0,0.0,0.0,0.0,0.0,0.0,0.0,0.0,0.0,0.0,0.0,0.0,0.0,50.0,0.0,9551.0,0.0,0.0,546,Adingra,Sunderland,Simon,535818,Ankle injury - Unknown return date,3,56,Simon_Adingra,40,Ipswich Town,56,Sunderland,MID,20
603,547.0,5.0,12.0,0.0,False,2026-08-22T14:00:00Z,2.0,1.0,1.0,False,0.0,0.0,0.0,0.0,0.0,0.0,0.0,0.0,0.0,0.0,0.0,0.0,0.0,0.0,0.0,0.0,0.0,0.0,0.0,0.0,0.0,0.0,0.0,0.0,0.0,0.0,50.0,0.0,801.0,0.0,0.0,547,Mundle,Sunderland,Romaine,461199,,3,56,Romaine_Mundle,40,Ipswich Town,56,Sunderland,MID,20
604,548.0,5.0,12.0,1.0,False,2026-08-22T14:00:00Z,2.0,1.0,1.0,False,10.0,0.0,0.0,0.0,1.0,0.0,0.0,0.0,0.0,0.0,0.0,0.0,3.0,0.0,0.3,0.0,0.0,0.0,1.0,0.0,1.0,0.0,0.0,0.0,0.0,0.1,50.0,0.0,6214.0,0.0,0.0,548,Rigg,Sunderland,Chris,554197,,3,56,Chris_Rigg,40,Ipswich Town,56,Sunderland,MID,20
605,549.0,5.0,12.0,1.0,False,2026-08-22T14:00:00Z,2.0,1.0,1.0,False,31.0,0.0,0.0,0.0,1.0,0.0,0.0,0.0,0.0,0.0,0.0,0.0,1.0,0.0,0.9,0.0,0.0,0.0,2.0,0.0,2.0,0.0,0.0,0.0,0.0,0.14,55.0,0.0,20822.0,0.0,0.0,549,Talbi,Sunderland,Chemsdine,549912,,3,56,Chemsdine_Talbi,40,Ipswich Town,56,Sunderland,MID,20
606,550.0,5.0,12.0,0.0,False,2026-08-22T14:00:00Z,2.0,1.0,1.0,False,0.0,0.0,0.0,0.0,0.0,0.0,0.0,0.0,0.0,0.0,0.0,0.0,0.0,0.0,0.0,0.0,0.0,0.0,0.0,0.0,0.0,0.0,0.0,0.0,0.0,0.0,50.0,0.0,501.0,0.0,0.0,550,Bi,Sunderland,Djiamgone Jocelin Ta,699989,,3,56,Djiamgone Jocelin Ta_Bi,40,Ipswich Town,56,Sunderland,MID,20
607,551.0,5.0,12.0,5.0,False,2026-08-22T14:00:00Z,2.0,1.0,1.0,False,58.0,1.0,0.0,0.0,1.0,0.0,0.0,0.0,1.0,0.0,0.0,0.0,23.0,32.8,3.3,16.0,5.2,1.0,5.0,1.0,7.0,1.0,0.15,0.01,0.16,1.66,50.0,0.0,5260.0,0.0,0.0,551,Angulo,Sunderland,Nilson,536661,,3,56,Nilson_Angulo,40,Ipswich Town,56,Sunderland,MID,20
608,552.0,5.0,12.0,2.0,False,2026-08-22T14:00:00Z,2.0,1.0,1.0,False,66.0,0.0,0.0,0.0,1.0,0.0,0.0,0.0,0.0,0.0,0.0,0.0,1.0,0.0,1.5,9.0,1.1,0.0,0.0,0.0,0.0,1.0,0.3,0.0,0.3,1.69,60.0,0.0,1279847.0,0.0,0.0,552,Brobbey,Sunderland,Brian,441264,,4,56,Brian_Brobbey,40,Ipswich Town,56,Sunderland,FWD,20
609,553.0,5.0,12.0,1.0,False,2026-08-22T14:00:00Z,2.0,1.0,1.0,False,23.0,0.0,0.0,0.0,1.0,0.0,0.0,0.0,0.0,0.0,0.0,0.0,3.0,0.0,0.2,0.0,0.0,0.0,0.0,0.0,0.0,0.0,0.0,0.0,0.0,0.1,55.0,0.0,90196.0,0.0,0.0,553,Isidor,Sunderland,Wilson,437505,,4,56,Wilson_Isidor,40,Ipswich Town,56,Sunderland,FWD,20
610,1.0,20.0,2.0,6.0,False,2026-08-31T19:00:00Z,0.0,1.0,2.0,False,90.0,0.0,0.0,1.0,0.0,0.0,0.0,0.0,0.0,0.0,0.0,0.0,21.0,5.6,0.0,0.0,0.6,1.0,11.0,0.0,0.0,1.0,0.0,0.0,0.0,0.33,60.0,24756.0,3801300.0,106734.0,81978.0,1,Raya Martín,Arsenal,David,154561,,1,3,David_Raya Martín,7,Aston Villa,3,Arsenal,GKP,1
611,2.0,20.0,2.0,0.0,False,2026-08-31T19:00:00Z,0.0,1.0,2.0,False,0.0,0.0,0.0,0.0,0.0,0.0,0.0,0.0,0.0,0.0,0.0,0.0,0.0,0.0,0.0,0.0,0.0,0.0,0.0,0.0,0.0,0.0,0.0,0.0,0.0,0.0,50.0,-1067.0,7844.0,322.0,1389.0,2,Arrizabalaga Revuelta,Arsenal,Kepa,109745,,1,3,Kepa_Arrizabalaga Revuelta,7,Aston Villa,3,Arsenal,GKP,1
612,3.0,20.0,2.0,0.0,False,2026-08-31T19:00:00Z,0.0,1.0,2.0,False,0.0,0.0,0.0,0.0,0.0,0.0,0.0,0.0,0.0,0.0,0.0,0.0,0.0,0.0,0.0,0.0,0.0,0.0,0.0,0.0,0.0,0.0,0.0,0.0,0.0,0.0,50.0,-391.0,3125.0,101.0,492.0,3,Meslier,Arsenal,Illan,437495,,1,3,Illan_Meslier,7,Aston Villa,3,Arsenal,GKP,1
613,4.0,20.0,2.0,8.0,False,2026-08-31T19:00:00Z,0.0,1.0,2.0,False,90.0,0.0,0.0,1.0,0.0,0.0,0.0,0.0,0.0,0.0,0.0,0.0,23.0,18.2,3.2,6.0,2.7,8.0,5.0,2.0,10.0,1.0,0.13,0.02,0.15,0.33,80.0,-65343.0,2878770.0,58765.0,124108.0,4,dos Santos Magalhães,Arsenal,Gabriel,226597,,2,3,Gabriel_dos Santos Magalhães,7,Aston Villa,3,Arsenal,DEF,1
614,5.0,20.0,2.0,0.0,False,2026-08-31T19:00:00Z,0.0,1.0,2.0,False,0.0,0.0,0.0,0.0,0.0,0.0,0.0,0.0,0.0,0.0,0.0,0.0,0.0,0.0,0.0,0.0,0.0,0.0,0.0,0.0,0.0,0.0,0.0,0.0,0.0,0.0,65.0,-2703.0,9810.0,401.0,3104.0,5,Timber,Arsenal,Jurriën,445122,Groin injury - Unknown return date,2,3,Jurriën_Timber,7,Aston Villa,3,Arsenal,DEF,1
615,6.0,20.0,2.0,0.0,False,2026-08-31T19:00:00Z,0.0,1.0,2.0,False,0.0,0.0,0.0,0.0,0.0,0.0,0.0,0.0,0.0,0.0,0.0,0.0,0.0,0.0,0.0,0.0,0.0,0.0,0.0,0.0,0.0,0.0,0.0,0.0,0.0,0.0,60.0,-5970.0,25581.0,846.0,6816.0,6,Saliba,Arsenal,William,462424,Back injury - Unknown return date,2,3,William_Saliba,7,Aston Villa,3,Arsenal,DEF,1
616,7.0,20.0,2.0,3.0,False,2026-08-31T19:00:00Z,0.0,1.0,2.0,False,70.0,0.0,0.0,1.0,0.0,0.0,0.0,0.0,0.0,0.0,0.0,0.0,15.0,10.6,3.2,5.0,1.9,4.0,1.0,0.0,5.0,1.0,0.07,0.02,0.09,0.33,55.0,642.0,70615.0,9693.0,9051.0,7,Lewis-Skelly,Arsenal,Myles,499169,,3,3,Myles_Lewis-Skelly,7,Aston Villa,3,Arsenal,MID,1
617,8.0,20.0,2.0,11.0,False,2026-08-31T19:00:00Z,0.0,1.0,2.0,False,90.0,0.0,1.0,1.0,0.0,0.0,0.0,0.0,0.0,0.0,0.0,2.0,30.0,21.2,11.9,9.0,4.2,2.0,4.0,1.0,3.0,1.0,0.11,0.46,0.57,0.33,56.0,268472.0,4150694.0,310105.0,41633.0,8,Calafiori,Arsenal,Riccardo,466075,,2,3,Riccardo_Calafiori,7,Aston Villa,3,Arsenal,DEF,1
618,9.0,20.0,2.0,0.0,False,2026-08-31T19:00:00Z,0.0,1.0,2.0,False,0.0,0.0,0.0,0.0,0.0,0.0,0.0,0.0,0.0,0.0,0.0,0.0,0.0,0.0,0.0,0.0,0.0,0.0,0.0,0.0,0.0,0.0,0.0,0.0,0.0,0.0,54.0,-37136.0,145234.0,3910.0,41046.0,9,Hincapié,Arsenal,Piero,448104,,2,3,Piero_Hincapié,7,Aston Villa,3,Arsenal,DEF,1
619,10.0,20.0,2.0,7.0,False,2026-08-31T19:00:00Z,0.0,1.0,2.0,False,90.0,0.0,0.0,1.0,0.0,0.0,0.0,0.0,0.0,0.0,0.0,1.0,26.0,16.4,20.3,0.0,3.7,3.0,2.0,1.0,4.0,1.0,0.0,0.05,0.05,0.33,55.0,119886.0,683136.0,144941.0,25055.0,10,White,Arsenal,Benjamin,198869,,2,3,Benjamin_White,7,Aston Villa,3,Arsenal,DEF,1
620,11.0,20.0,2.0,6.0,False,2026-08-31T19:00:00Z,0.0,1.0,2.0,False,78.0,0.0,0.0,1.0,0.0,0.0,0.0,0.0,0.0,0.0,0.0,0.0,25.0,10.2,1.4,0.0,1.2,4.0,0.0,0.0,4.0,1.0,0.0,0.01,0.01,0.33,55.0,-30539.0,566006.0,15410.0,45949.0,11,Mosquera,Arsenal,Cristhian,500040,,2,3,Cristhian_Mosquera,7,Aston Villa,3,Arsenal,DEF,1
621,12.0,20.0,2.0,11.0,False,2026-08-31T19:00:00Z,0.0,1.0,2.0,False,90.0,1.0,0.0,1.0,0.0,0.0,0.0,0.0,0.0,0.0,0.0,3.0,46.0,41.0,8.0,44.0,9.3,3.0,6.0,2.0,11.0,1.0,0.63,0.04,0.67,0.33,95.0,53683.0,1039189.0,88913.0,35230.0,12,Saka,Arsenal,Bukayo,223340,,3,3,Bukayo_Saka,7,Aston Villa,3,Arsenal,MID,1
622,13.0,20.0,2.0,5.0,False,2026-08-31T19:00:00Z,0.0,1.0,2.0,False,84.0,0.0,0.0,1.0,0.0,0.0,0.0,0.0,0.0,0.0,0.0,0.0,19.0,24.0,27.6,0.0,5.2,2.0,7.0,3.0,12.0,1.0,0.0,0.1,0.1,0.33,75.0,-122235.0,1662633.0,35487.0,157722.0,13,Rice,Arsenal,Declan,204480,,3,3,Declan_Rice,7,Aston Villa,3,Arsenal,MID,1
623,14.0,20.0,2.0,1.0,False,2026-08-31T19:00:00Z,0.0,1.0,2.0,False,45.0,0.0,0.0,0.0,0.0,0.0,0.0,0.0,0.0,0.0,0.0,0.0,6.0,1.6,2.0,2.0,0.6,0.0,3.0,0.0,3.0,0.0,0.0,0.07,0.07,0.24,65.0,-38776.0,169814.0,5716.0,44492.0,14,Eze,Arsenal,Eberechi,232413,,3,3,Eberechi_Eze,7,Aston Villa,3,Arsenal,MID,1
624,15.0,20.0,2.0,3.0,False,2026-08-31T19:00:00Z,0.0,1.0,2.0,False,70.0,0.0,0.0,1.0,0.0,0.0,0.0,0.0,0.0,0.0,0.0,0.0,13.0,6.8,6.8,5.0,1.9,2.0,1.0,2.0,5.0,1.0,0.08,0.07,0.15,0.33,66.0,252699.0,1174125.0,289559.0,36860.0,15,Ødegaard,Arsenal,Martin,184029,,3,3,Martin_Ødegaard,7,Aston Villa,3,Arsenal,MID,1
625,16.0,20.0,2.0,0.0,False,2026-08-31T19:00:00Z,0.0,1.0,2.0,False,0.0,0.0,0.0,0.0,0.0,0.0,0.0,0.0,0.0,0.0,0.0,0.0,0.0,0.0,0.0,0.0,0.0,0.0,0.0,0.0,0.0,0.0,0.0,0.0,0.0,0.0,64.0,-6819.0,29476.0,1412.0,8231.0,16,Madueke,Arsenal,Noni,248857,,3,3,Noni_Madueke,7,Aston Villa,3,Arsenal,MID,1
626,17.0,20.0,2.0,1.0,False,2026-08-31T19:00:00Z,0.0,1.0,2.0,False,19.0,0.0,0.0,0.0,0.0,0.0,0.0,0.0,0.0,0.0,0.0,0.0,7.0,2.8,1.0,0.0,0.4,0.0,4.0,0.0,4.0,0.0,0.0,0.0,0.0,0.0,60.0,-12835.0,58253.0,2422.0,15257.0,17,Merino Zazón,Arsenal,Mikel,195384,,3,3,Mikel_Merino Zazón,7,Aston Villa,3,Arsenal,MID,1
627,18.0,20.0,2.0,0.0,False,2026-08-31T19:00:00Z,0.0,1.0,2.0,False,0.0,0.0,0.0,0.0,0.0,0.0,0.0,0.0,0.0,0.0,0.0,0.0,0.0,0.0,0.0,0.0,0.0,0.0,0.0,0.0,0.0,0.0,0.0,0.0,0.0,0.0,64.0,-5718.0,19331.0,1318.0,7036.0,18,Martinelli Silva,Arsenal,Gabriel,444145,,3,3,Gabriel_Martinelli Silva,7,Aston Villa,3,Arsenal,MID,1
628,19.0,20.0,2.0,1.0,False,2026-08-31T19:00:00Z,0.0,1.0,2.0,False,5.0,0.0,0.0,0.0,0.0,0.0,0.0,0.0,0.0,0.0,0.0,0.0,5.0,4.8,0.9,0.0,0.6,0.0,0.0,2.0,2.0,0.0,0.0,0.0,0.0,0.0,55.0,-19013.0,94430.0,1579.0,20592.0,19,Zubimendi Ibáñez,Arsenal,Martín,481655,,3,3,Martín_Zubimendi Ibáñez,7,Aston Villa,3,Arsenal,MID,1
629,20.0,20.0,2.0,0.0,False,2026-08-31T19:00:00Z,0.0,1.0,2.0,False,0.0,0.0,0.0,0.0,0.0,0.0,0.0,0.0,0.0,0.0,0.0,0.0,0.0,0.0,0.0,0.0,0.0,0.0,0.0,0.0,0.0,0.0,0.0,0.0,0.0,0.0,54.0,-1857.0,8233.0,473.0,2330.0,20,Dowman,Arsenal,Max,616077,,3,3,Max_Dowman,7,Aston Villa,3,Arsenal,MID,1
630,22.0,20.0,2.0,0.0,False,2026-08-31T19:00:00Z,0.0,1.0,2.0,False,0.0,0.0,0.0,0.0,0.0,0.0,0.0,0.0,0.0,0.0,0.0,0.0,0.0,0.0,0.0,0.0,0.0,0.0,0.0,0.0,0.0,0.0,0.0,0.0,0.0,0.0,55.0,-248.0,1254.0,76.0,324.0,22,Nwaneri,Arsenal,Ethan,499175,,3,3,Ethan_Nwaneri,7,Aston Villa,3,Arsenal,MID,1
631,23.0,20.0,2.0,0.0,False,2026-08-31T19:00:00Z,0.0,1.0,2.0,False,0.0,0.0,0.0,0.0,0.0,0.0,0.0,0.0,0.0,0.0,0.0,0.0,0.0,0.0,0.0,0.0,0.0,0.0,0.0,0.0,0.0,0.0,0.0,0.0,0.0,0.0,55.0,-135.0,979.0,80.0,215.0,23,Ferreira Vieira,Arsenal,Fábio,438098,,3,3,Fábio_Ferreira Vieira,7,Aston Villa,3,Arsenal,MID,1
632,24.0,20.0,2.0,0.0,False,2026-08-31T19:00:00Z,0.0,1.0,2.0,False,0.0,0.0,0.0,0.0,0.0,0.0,0.0,0.0,0.0,0.0,0.0,0.0,0.0,0.0,0.0,0.0,0.0,0.0,0.0,0.0,0.0,0.0,0.0,0.0,0.0,0.0,55.0,-108.0,966.0,64.0,172.0,24,Nelson,Arsenal,Reiss,200641,has departed the club as a free agent.,3,3,Reiss_Nelson,7,Aston Villa,3,Arsenal,MID,1
633,25.0,20.0,2.0,0.0,False,2026-08-31T19:00:00Z,0.0,1.0,2.0,False,0.0,0.0,0.0,0.0,0.0,0.0,0.0,0.0,0.0,0.0,0.0,0.0,0.0,0.0,0.0,0.0,0.0,0.0,0.0,0.0,0.0,0.0,0.0,0.0,0.0,0.0,74.0,-229353.0,650596.0,8776.0,238129.0,25,Gyökeres,Arsenal,Viktor,224117,,4,3,Viktor_Gyökeres,7,Aston Villa,3,Arsenal,FWD,1
634,26.0,20.0,2.0,2.0,False,2026-08-31T19:00:00Z,0.0,1.0,2.0,False,90.0,0.0,0.0,1.0,0.0,0.0,0.0,0.0,0.0,0.0,0.0,0.0,5.0,2.4,3.4,23.0,2.9,0.0,5.0,0.0,5.0,1.0,0.02,0.03,0.05,0.33,75.0,148783.0,752082.0,187608.0,38825.0,26,Havertz,Arsenal,Kai,219847,,4,3,Kai_Havertz,7,Aston Villa,3,Arsenal,FWD,1
635,27.0,20.0,2.0,0.0,False,2026-08-31T19:00:00Z,0.0,1.0,2.0,False,0.0,0.0,0.0,0.0,0.0,0.0,0.0,0.0,0.0,0.0,0.0,0.0,0.0,0.0,0.0,0.0,0.0,0.0,0.0,0.0,0.0,0.0,0.0,0.0,0.0,0.0,60.0,-5264.0,32779.0,1914.0,7178.0,27,Fernando de Jesus,Arsenal,Gabriel,205651,,4,3,Gabriel_Fernando de Jesus,7,Aston Villa,3,Arsenal,FWD,1
636,31.0,20.0,2.0,1.0,False,2026-08-31T19:00:00Z,0.0,1.0,2.0,False,11.0,0.0,0.0,0.0,0.0,0.0,0.0,0.0,0.0,0.0,0.0,0.0,3.0,3.2,0.1,0.0,0.3,1.0,0.0,0.0,1.0,0.0,0.0,0.0,0.0,0.0,45.0,-179766.0,1061562.0,49821.0,229587.0,31,Konsa Ngoyo,Arsenal,Ezri,199798,,2,3,Ezri_Konsa Ngoyo,7,Aston Villa,3,Arsenal,DEF,1
637,452.0,20.0,2.0,1.0,False,2026-08-31T19:00:00Z,0.0,1.0,2.0,False,19.0,0.0,0.0,0.0,0.0,0.0,0.0,0.0,0.0,0.0,0.0,0.0,4.0,1.4,0.8,2.0,0.4,0.0,3.0,0.0,3.0,0.0,0.0,0.01,0.01,0.0,69.0,-125705.0,265263.0,850.0,126555.0,452,Guimarães Rodriguez Moura,Arsenal,Bruno,208706,,3,3,Bruno_Guimarães Rodriguez Moura,7,Aston Villa,3,Arsenal,MID,1
638,557.0,20.0,2.0,0.0,False,2026-08-31T19:00:00Z,0.0,1.0,2.0,False,45.0,0.0,0.0,0.0,0.0,0.0,0.0,0.0,1.0,0.0,0.0,0.0,1.0,0.0,11.8,4.0,1.6,1.0,2.0,0.0,3.0,1.0,0.0,0.01,0.01,0.1,65.0,180987.0,2597617.0,236687.0,55700.0,557,Tzolis,Arsenal,Christos,439509,,3,3,Christos_Tzolis,7,Aston Villa,3,Arsenal,MID,1
639,29.0,20.0,1.0,0.0,True,2026-08-31T19:00:00Z,0.0,1.0,2.0,False,0.0,0.0,0.0,0.0,0.0,0.0,0.0,0.0,0.0,0.0,0.0,0.0,0.0,0.0,0.0,0.0,0.0,0.0,0.0,0.0,0.0,0.0,0.0,0.0,0.0,0.0,45.0,-36.0,13320.0,845.0,881.0,29,Bizot,Aston Villa,Marco,72147,,1,7,Marco_Bizot,3,Arsenal,7,Aston Villa,GKP,2
640,30.0,20.0,1.0,0.0,True,2026-08-31T19:00:00Z,0.0,1.0,2.0,False,0.0,0.0,0.0,0.0,0.0,0.0,0.0,0.0,0.0,0.0,0.0,0.0,0.0,0.0,0.0,0.0,0.0,0.0,0.0,0.0,0.0,0.0,0.0,0.0,0.0,0.0,45.0,-4977.0,8690.0,0.0,4977.0,30,Digne,Aston Villa,Lucas,101188,Has joined Paris Saint-Germain permanently,2,7,Lucas_Digne,3,Arsenal,7,Aston Villa,DEF,2
641,32.0,20.0,1.0,2.0,True,2026-08-31T19:00:00Z,0.0,1.0,2.0,False,77.0,0.0,0.0,0.0,1.0,0.0,0.0,0.0,0.0,0.0,0.0,0.0,8.0,14.0,1.8,7.0,2.3,2.0,1.0,4.0,6.0,1.0,0.15,0.01,0.16,1.04,45.0,-79349.0,749133.0,26978.0,106327.0,32,Cash,Aston Villa,Matty,199796,,2,7,Matty_Cash,3,Arsenal,7,Aston Villa,DEF,2
642,33.0,20.0,1.0,0.0,True,2026-08-31T19:00:00Z,0.0,1.0,2.0,False,0.0,0.0,0.0,0.0,0.0,0.0,0.0,0.0,0.0,0.0,0.0,0.0,0.0,0.0,0.0,0.0,0.0,0.0,0.0,0.0,0.0,0.0,0.0,0.0,0.0,0.0,45.0,-254.0,38144.0,3253.0,3507.0,33,Mings,Aston Villa,Tyrone,149484,,2,7,Tyrone_Mings,3,Arsenal,7,Aston Villa,DEF,2
643,34.0,20.0,1.0,2.0,True,2026-08-31T19:00:00Z,0.0,1.0,2.0,False,90.0,0.0,0.0,0.0,1.0,0.0,0.0,0.0,0.0,0.0,0.0,0.0,6.0,11.0,0.8,0.0,1.2,3.0,8.0,1.0,4.0,1.0,0.0,0.01,0.01,1.04,45.0,-3229.0,41549.0,1831.0,5060.0,34,Torres,Aston Villa,Pau,244954,,2,7,Pau_Torres,3,Arsenal,7,Aston Villa,DEF,2
644,35.0,20.0,1.0,0.0,True,2026-08-31T19:00:00Z,0.0,1.0,2.0,False,0.0,0.0,0.0,0.0,0.0,0.0,0.0,0.0,0.0,0.0,0.0,0.0,0.0,0.0,0.0,0.0,0.0,0.0,0.0,0.0,0.0,0.0,0.0,0.0,0.0,0.0,50.0,-349.0,6973.0,636.0,985.0,35,Bogarde,Aston Villa,Lamare,515597,,3,7,Lamare_Bogarde,3,Arsenal,7,Aston Villa,MID,2
645,36.0,20.0,1.0,1.0,True,2026-08-31T19:00:00Z,0.0,1.0,2.0,False,90.0,0.0,0.0,0.0,1.0,0.0,0.0,0.0,1.0,0.0,0.0,0.0,-5.0,4.8,0.5,12.0,1.7,5.0,2.0,3.0,8.0,1.0,0.07,0.0,0.07,1.04,45.0,-6312.0,72655.0,2546.0,8858.0,36,Maatsen,Aston Villa,Ian,441302,,2,7,Ian_Maatsen,3,Arsenal,7,Aston Villa,DEF,2
646,37.0,20.0,1.0,2.0,True,2026-08-31T19:00:00Z,0.0,1.0,2.0,False,90.0,0.0,0.0,0.0,1.0,0.0,0.0,0.0,0.0,0.0,0.0,0.0,10.0,15.0,1.2,0.0,1.6,6.0,1.0,1.0,7.0,1.0,0.0,0.08,0.08,1.04,45.0,-2236.0,27172.0,1775.0,4011.0,37,Lindelöf,Aston Villa,Victor,184667,,2,7,Victor_Lindelöf,3,Arsenal,7,Aston Villa,DEF,2
647,38.0,20.0,1.0,0.0,True,2026-08-31T19:00:00Z,0.0,1.0,2.0,False,0.0,0.0,0.0,0.0,0.0,0.0,0.0,0.0,0.0,0.0,0.0,0.0,0.0,0.0,0.0,0.0,0.0,0.0,0.0,0.0,0.0,0.0,0.0,0.0,0.0,0.0,40.0,-6584.0,167046.0,7339.0,13923.0,38,García,Aston Villa,Andrés,606798,,2,7,Andrés_García,3,Arsenal,7,Aston Villa,DEF,2
648,39.0,20.0,1.0,0.0,True,2026-08-31T19:00:00Z,0.0,1.0,2.0,False,0.0,0.0,0.0,0.0,0.0,0.0,0.0,0.0,0.0,0.0,0.0,0.0,0.0,0.0,0.0,0.0,0.0,0.0,0.0,0.0,0.0,0.0,0.0,0.0,0.0,0.0,40.0,-7238.0,21591.0,0.0,7238.0,39,Nedeljkovic,Aston Villa,Kosta,578545,Has joined Rangers on loan for the rest of the season,2,7,Kosta_Nedeljkovic,3,Arsenal,7,Aston Villa,DEF,2
649,41.0,20.0,1.0,2.0,True,2026-08-31T19:00:00Z,0.0,1.0,2.0,False,90.0,0.0,0.0,0.0,1.0,0.0,0.0,0.0,0.0,0.0,0.0,0.0,9.0,5.0,13.2,9.0,2.7,0.0,4.0,1.0,5.0,1.0,0.04,0.02,0.06,1.04,60.0,-16866.0,114718.0,5020.0,21886.0,41,Buendía Stati,Aston Villa,Emiliano,195546,,3,7,Emiliano_Buendía Stati,3,Arsenal,7,Aston Villa,MID,2
650,44.0,20.0,1.0,0.0,True,2026-08-31T19:00:00Z,0.0,1.0,2.0,False,0.0,0.0,0.0,0.0,0.0,0.0,0.0,0.0,0.0,0.0,0.0,0.0,0.0,0.0,0.0,0.0,0.0,0.0,0.0,0.0,0.0,0.0,0.0,0.0,0.0,0.0,55.0,-1655.0,14192.0,1002.0,2657.0,44,Bailey,Aston Villa,Leon,215711,,3,7,Leon_Bailey,3,Arsenal,7,Aston Villa,MID,2
651,45.0,20.0,1.0,1.0,True,2026-08-31T19:00:00Z,0.0,1.0,2.0,False,90.0,0.0,0.0,0.0,1.0,0.0,0.0,0.0,1.0,0.0,0.0,0.0,2.0,0.0,12.0,10.0,1.7,1.0,2.0,1.0,4.0,1.0,0.05,0.05,0.1,1.04,55.0,-37047.0,274653.0,7606.0,44653.0,45,McGinn,Aston Villa,John,122806,,3,7,John_McGinn,3,Arsenal,7,Aston Villa,MID,2
652,46.0,20.0,1.0,2.0,True,2026-08-31T19:00:00Z,0.0,1.0,2.0,False,77.0,0.0,0.0,0.0,1.0,0.0,0.0,0.0,0.0,0.0,0.0,0.0,23.0,12.8,23.3,2.0,3.8,1.0,6.0,3.0,10.0,1.0,0.03,0.02,0.05,1.04,50.0,-841.0,23246.0,1875.0,2716.0,46,Barkley,Aston Villa,Ross,88894,,3,7,Ross_Barkley,3,Arsenal,7,Aston Villa,MID,2
653,47.0,20.0,1.0,2.0,True,2026-08-31T19:00:00Z,0.0,1.0,2.0,False,90.0,0.0,0.0,0.0,1.0,0.0,0.0,0.0,0.0,0.0,0.0,0.0,13.0,10.6,14.2,0.0,2.5,3.0,4.0,1.0,8.0,1.0,0.0,0.03,0.03,1.04,50.0,-2250.0,33591.0,2489.0,4739.0,47,Kamara,Aston Villa,Boubacar,226944,,3,7,Boubacar_Kamara,3,Arsenal,7,Aston Villa,MID,2
654,48.0,20.0,1.0,0.0,True,2026-08-31T19:00:00Z,0.0,1.0,2.0,False,0.0,0.0,0.0,0.0,0.0,0.0,0.0,0.0,0.0,0.0,0.0,0.0,0.0,0.0,0.0,0.0,0.0,0.0,0.0,0.0,0.0,0.0,0.0,0.0,0.0,0.0,50.0,-372.0,2156.0,157.0,529.0,48,Onana,Aston Villa,Amadou,449871,Knee injury - Unknown return date,3,7,Amadou_Onana,3,Arsenal,7,Aston Villa,MID,2
655,49.0,20.0,1.0,0.0,True,2026-08-31T19:00:00Z,0.0,1.0,2.0,False,0.0,0.0,0.0,0.0,0.0,0.0,0.0,0.0,0.0,0.0,0.0,0.0,0.0,0.0,0.0,0.0,0.0,0.0,0.0,0.0,0.0,0.0,0.0,0.0,0.0,0.0,50.0,-120.0,271.0,0.0,120.0,49,Iling-Junior,Aston Villa,Samuel,469247,Has joined Bolton Wanderers on loan for the rest of the season,3,7,Samuel_Iling-Junior,3,Arsenal,7,Aston Villa,MID,2
656,50.0,20.0,1.0,0.0,True,2026-08-31T19:00:00Z,0.0,1.0,2.0,False,0.0,0.0,0.0,0.0,0.0,0.0,0.0,0.0,0.0,0.0,0.0,0.0,0.0,0.0,0.0,0.0,0.0,0.0,0.0,0.0,0.0,0.0,0.0,0.0,0.0,0.0,45.0,-3255.0,64781.0,3513.0,6768.0,50,Burrowes,Aston Villa,Bradley,645618,,3,7,Bradley_Burrowes,3,Arsenal,7,Aston Villa,MID,2
657,51.0,20.0,1.0,2.0,True,2026-08-31T19:00:00Z,0.0,1.0,2.0,False,70.0,0.0,0.0,0.0,1.0,0.0,0.0,0.0,0.0,0.0,0.0,0.0,5.0,1.8,4.3,0.0,0.6,0.0,4.0,2.0,6.0,1.0,0.0,0.01,0.01,1.01,45.0,3259.0,72550.0,8743.0,5484.0,51,Hemmings,Aston Villa,George,577285,,3,7,George_Hemmings,3,Arsenal,7,Aston Villa,MID,2
658,52.0,20.0,1.0,0.0,True,2026-08-31T19:00:00Z,0.0,1.0,2.0,False,19.0,0.0,0.0,0.0,0.0,0.0,0.0,0.0,1.0,0.0,0.0,0.0,2.0,1.2,0.8,2.0,0.4,0.0,1.0,1.0,2.0,0.0,0.0,0.0,0.0,0.02,50.0,-253.0,4426.0,343.0,596.0,52,da Rocha dos Santos,Aston Villa,Alysson Edward Franco,653481,,3,7,Alysson Edward Franco_da Rocha dos Santos,3,Arsenal,7,Aston Villa,MID,2
659,53.0,20.0,1.0,0.0,True,2026-08-31T19:00:00Z,0.0,1.0,2.0,False,0.0,0.0,0.0,0.0,0.0,0.0,0.0,0.0,0.0,0.0,0.0,0.0,0.0,0.0,0.0,0.0,0.0,0.0,0.0,0.0,0.0,0.0,0.0,0.0,0.0,0.0,60.0,-8558.0,18618.0,232.0,8790.0,53,Manzambi,Aston Villa,Johan,614071,Knee injury - Unknown return date,3,7,Johan_Manzambi,3,Arsenal,7,Aston Villa,MID,2
660,54.0,20.0,1.0,0.0,True,2026-08-31T19:00:00Z,0.0,1.0,2.0,False,0.0,0.0,0.0,0.0,0.0,0.0,0.0,0.0,0.0,0.0,0.0,0.0,0.0,0.0,0.0,0.0,0.0,0.0,0.0,0.0,0.0,0.0,0.0,0.0,0.0,0.0,55.0,-1729.0,5096.0,154.0,1883.0,54,Gomes,Aston Villa,Joao,448089,Suspended until 19 Sep,3,7,Joao_Gomes,3,Arsenal,7,Aston Villa,MID,2
661,55.0,20.0,1.0,0.0,True,2026-08-31T19:00:00Z,0.0,1.0,2.0,False,0.0,0.0,0.0,0.0,0.0,0.0,0.0,0.0,0.0,0.0,0.0,0.0,0.0,0.0,0.0,0.0,0.0,0.0,0.0,0.0,0.0,0.0,0.0,0.0,0.0,0.0,79.0,-265828.0,734872.0,10632.0,276460.0,55,Watkins,Aston Villa,Ollie,178301,Has joined Al Hilal permanently,4,7,Ollie_Watkins,3,Arsenal,7,Aston Villa,FWD,2
662,56.0,20.0,1.0,1.0,True,2026-08-31T19:00:00Z,0.0,1.0,2.0,False,19.0,0.0,0.0,0.0,0.0,0.0,0.0,0.0,0.0,0.0,0.0,0.0,3.0,0.0,1.3,0.0,0.1,0.0,0.0,0.0,0.0,0.0,0.0,0.0,0.0,0.02,55.0,-2086.0,10592.0,597.0,2683.0,56,Abraham,Aston Villa,Tammy,173879,,4,7,Tammy_Abraham,3,Arsenal,7,Aston Villa,FWD,2
663,160.0,20.0,1.0,1.0,True,2026-08-31T19:00:00Z,0.0,1.0,2.0,False,12.0,0.0,0.0,0.0,0.0,0.0,0.0,0.0,0.0,0.0,0.0,0.0,3.0,0.2,2.0,0.0,0.2,0.0,2.0,0.0,2.0,0.0,0.0,0.0,0.0,0.0,60.0,-8554.0,53506.0,2021.0,10575.0,160,Garnacho Ferreyra,Aston Villa,Alejandro,493105,,3,7,Alejandro_Garnacho Ferreyra,3,Arsenal,7,Aston Villa,MID,2
664,166.0,20.0,1.0,2.0,True,2026-08-31T19:00:00Z,0.0,1.0,2.0,False,70.0,0.0,0.0,0.0,1.0,0.0,0.0,0.0,0.0,0.0,0.0,0.0,11.0,4.2,5.9,2.0,1.2,0.0,3.0,0.0,3.0,1.0,0.0,0.1,0.1,1.01,65.0,-2878.0,63340.0,26989.0,5175.0,166,Jackson,Aston Villa,Nicolas,517052,,4,7,Nicolas_Jackson,3,Arsenal,7,Aston Villa,FWD,2
665,582.0,20.0,1.0,0.0,True,2026-08-31T19:00:00Z,0.0,1.0,2.0,False,0.0,0.0,0.0,0.0,0.0,0.0,0.0,0.0,0.0,0.0,0.0,0.0,0.0,0.0,0.0,0.0,0.0,0.0,0.0,0.0,0.0,0.0,0.0,0.0,0.0,0.0,55.0,-7757.0,40291.0,1166.0,8923.0,582,Madjo,Aston Villa,Brian,690838,Unspecified injury - Unknown return date,4,7,Brian_Madjo,3,Arsenal,7,Aston Villa,FWD,2
666,596.0,20.0,1.0,0.0,True,2026-08-31T19:00:00Z,0.0,1.0,2.0,False,0.0,0.0,0.0,0.0,0.0,0.0,0.0,0.0,0.0,0.0,0.0,0.0,0.0,0.0,0.0,0.0,0.0,0.0,0.0,0.0,0.0,0.0,0.0,0.0,0.0,0.0,45.0,-243.0,10673.0,856.0,1099.0,596,Ruggeri,Aston Villa,Matteo,487992,,2,7,Matteo_Ruggeri,3,Arsenal,7,Aston Villa,DEF,2
667,597.0,20.0,1.0,2.0,True,2026-08-31T19:00:00Z,0.0,1.0,2.0,False,90.0,0.0,0.0,0.0,1.0,0.0,0.0,0.0,0.0,0.0,1.0,0.0,8.0,13.6,0.0,0.0,1.4,2.0,9.0,0.0,0.0,1.0,0.0,0.0,0.0,1.04,50.0,-2542.0,82325.0,4229.0,6771.0,597,Suzuki,Aston Villa,Zion,433969,,1,7,Zion_Suzuki,3,Arsenal,7,Aston Villa,GKP,2
668,606.0,20.0,1.0,0.0,True,2026-08-31T19:00:00Z,0.0,1.0,2.0,False,0.0,0.0,0.0,0.0,0.0,0.0,0.0,0.0,0.0,0.0,0.0,0.0,0.0,0.0,0.0,0.0,0.0,0.0,0.0,0.0,0.0,0.0,0.0,0.0,0.0,0.0,40.0,1314.0,5947.0,1560.0,246.0,606,Rowe,Aston Villa,Triston,569577,,2,7,Triston_Rowe,3,Arsenal,7,Aston Villa,DEF,2
669,607.0,20.0,1.0,0.0,True,2026-08-31T19:00:00Z,0.0,1.0,2.0,False,0.0,0.0,0.0,0.0,0.0,0.0,0.0,0.0,0.0,0.0,0.0,0.0,0.0,0.0,0.0,0.0,0.0,0.0,0.0,0.0,0.0,0.0,0.0,0.0,0.0,0.0,45.0,2771.0,8874.0,3603.0,832.0,607,Lynch,Aston Villa,Luka,571380,,3,7,Luka_Lynch,3,Arsenal,7,Aston Villa,MID,2
670,611.0,20.0,1.0,1.0,True,2026-08-31T19:00:00Z,0.0,1.0,2.0,False,12.0,0.0,0.0,0.0,0.0,0.0,0.0,0.0,0.0,0.0,0.0,0.0,4.0,3.6,0.8,0.0,0.4,0.0,0.0,2.0,2.0,0.0,0.0,0.0,0.0,0.0,45.0,1383.0,4588.0,1549.0,166.0,611,Wan-Bissaka,Aston Villa,Aaron,214590,,2,7,Aaron_Wan-Bissaka,3,Arsenal,7,Aston Villa,DEF,2
671,618.0,20.0,1.0,0.0,True,2026-08-31T19:00:00Z,0.0,1.0,2.0,False,0.0,0.0,0.0,0.0,0.0,0.0,0.0,0.0,0.0,0.0,0.0,0.0,0.0,0.0,0.0,0.0,0.0,0.0,0.0,0.0,0.0,0.0,0.0,0.0,0.0,0.0,60.0,205.0,386.0,212.0,7.0,618,Goretzka,Aston Villa,Leon,119090,,3,7,Leon_Goretzka,3,Arsenal,7,Aston Villa,MID,2
672,57.0,12.0,9.0,3.0,True,2026-08-29T14:00:00Z,1.0,1.0,2.0,False,90.0,0.0,0.0,0.0,1.0,0.0,0.0,0.0,0.0,0.0,5.0,0.0,20.0,33.8,0.0,0.0,3.4,3.0,8.0,0.0,0.0,1.0,0.0,0.0,0.0,1.84,45.0,11325.0,332768.0,25378.0,14053.0,57,Petrović,Bournemouth,Đorđe,457569,,1,91,Đorđe_Petrović,11,Everton,91,Bournemouth,GKP,3
673,58.0,12.0,9.0,0.0,True,2026-08-29T14:00:00Z,1.0,1.0,2.0,False,0.0,0.0,0.0,0.0,0.0,0.0,0.0,0.0,0.0,0.0,0.0,0.0,0.0,0.0,0.0,0.0,0.0,0.0,0.0,0.0,0.0,0.0,0.0,0.0,0.0,0.0,40.0,-1091.0,317899.0,9562.0,10653.0,58,Forster,Bournemouth,Fraser,40383,,1,91,Fraser_Forster,11,Everton,91,Bournemouth,GKP,3
674,59.0,12.0,9.0,0.0,True,2026-08-29T14:00:00Z,1.0,1.0,2.0,False,0.0,0.0,0.0,0.0,0.0,0.0,0.0,0.0,0.0,0.0,0.0,0.0,0.0,0.0,0.0,0.0,0.0,0.0,0.0,0.0,0.0,0.0,0.0,0.0,0.0,0.0,40.0,-384.0,18847.0,1133.0,1517.0,59,Dennis,Bournemouth,Will,444172,Has joined MK Dons permanently,1,91,Will_Dennis,11,Everton,91,Bournemouth,GKP,3
675,60.0,12.0,9.0,4.0,True,2026-08-29T14:00:00Z,1.0,1.0,2.0,False,90.0,0.0,0.0,0.0,1.0,0.0,0.0,0.0,0.0,0.0,0.0,0.0,19.0,25.6,21.0,4.0,5.1,9.0,3.0,3.0,12.0,1.0,0.0,0.74,0.74,1.84,55.0,2412.0,89428.0,9153.0,6741.0,60,Hill,Bournemouth,James,463981,,2,91,James_Hill,11,Everton,91,Bournemouth,DEF,3
676,61.0,12.0,9.0,4.0,True,2026-08-29T14:00:00Z,1.0,1.0,2.0,False,90.0,0.0,0.0,0.0,1.0,0.0,0.0,0.0,0.0,0.0,0.0,2.0,27.0,27.8,23.7,4.0,5.6,7.0,6.0,2.0,9.0,1.0,0.0,0.07,0.07,1.84,55.0,-5220.0,417325.0,20601.0,25821.0,61,Truffert,Bournemouth,Adrien,494521,,2,91,Adrien_Truffert,11,Everton,91,Bournemouth,DEF,3
677,62.0,12.0,9.0,0.0,True,2026-08-29T14:00:00Z,1.0,1.0,2.0,False,0.0,0.0,0.0,0.0,0.0,0.0,0.0,0.0,0.0,0.0,0.0,0.0,0.0,0.0,0.0,0.0,0.0,0.0,0.0,0.0,0.0,0.0,0.0,0.0,0.0,0.0,50.0,401.0,19940.0,2722.0,2321.0,62,Diakité,Bournemouth,Bafodé,242882,,2,91,Bafodé_Diakité,11,Everton,91,Bournemouth,DEF,3
678,63.0,12.0,9.0,0.0,True,2026-08-29T14:00:00Z,1.0,1.0,2.0,False,0.0,0.0,0.0,0.0,0.0,0.0,0.0,0.0,0.0,0.0,0.0,0.0,0.0,0.0,0.0,0.0,0.0,0.0,0.0,0.0,0.0,0.0,0.0,0.0,0.0,0.0,50.0,-222.0,1026.0,74.0,296.0,63,Milosavljevic,Bournemouth,Veljko,620487,Unspecified injury - Unknown return date,2,91,Veljko_Milosavljevic,11,Everton,91,Bournemouth,DEF,3
679,64.0,12.0,9.0,1.0,True,2026-08-29T14:00:00Z,1.0,1.0,2.0,False,90.0,0.0,0.0,0.0,1.0,0.0,0.0,0.0,1.0,0.0,0.0,0.0,5.0,15.6,15.7,0.0,3.1,4.0,0.0,2.0,6.0,1.0,0.0,0.02,0.02,1.84,45.0,1827.0,13789.0,2845.0,1018.0,64,Smith,Bournemouth,Adam,54469,,2,91,Adam_Smith,11,Everton,91,Bournemouth,DEF,3
680,65.0,12.0,9.0,0.0,True,2026-08-29T14:00:00Z,1.0,1.0,2.0,False,0.0,0.0,0.0,0.0,0.0,0.0,0.0,0.0,0.0,0.0,0.0,0.0,0.0,0.0,0.0,0.0,0.0,0.0,0.0,0.0,0.0,0.0,0.0,0.0,0.0,0.0,45.0,-418.0,1571.0,88.0,506.0,65,Araujo Zúñiga,Bournemouth,Julián,436893,Thigh injury - Unknown return date,2,91,Julián_Araujo Zúñiga,11,Everton,91,Bournemouth,DEF,3
681,66.0,12.0,9.0,0.0,True,2026-08-29T14:00:00Z,1.0,1.0,2.0,False,0.0,0.0,0.0,0.0,0.0,0.0,0.0,0.0,0.0,0.0,0.0,0.0,0.0,0.0,0.0,0.0,0.0,0.0,0.0,0.0,0.0,0.0,0.0,0.0,0.0,0.0,40.0,-2011.0,18565.0,416.0,2427.0,66,Soler Barreto,Bournemouth,Julio,575901,,2,91,Julio_Soler Barreto,11,Everton,91,Bournemouth,DEF,3
682,67.0,12.0,9.0,2.0,True,2026-08-29T14:00:00Z,1.0,1.0,2.0,False,90.0,0.0,0.0,0.0,1.0,0.0,0.0,0.0,0.0,0.0,0.0,0.0,4.0,8.6,3.5,44.0,5.6,1.0,3.0,1.0,5.0,1.0,0.4,0.02,0.42,1.84,65.0,1501.0,276541.0,23680.0,22179.0,67,Simplício Rocha,Bournemouth,Rayan Vitor,499604,,3,91,Rayan Vitor_Simplício Rocha,11,Everton,91,Bournemouth,MID,3
683,68.0,12.0,9.0,1.0,True,2026-08-29T14:00:00Z,1.0,1.0,2.0,False,90.0,0.0,0.0,0.0,1.0,0.0,0.0,0.0,1.0,0.0,0.0,0.0,20.0,15.0,38.3,11.0,6.4,1.0,6.0,4.0,11.0,1.0,0.09,0.21,0.3,1.84,60.0,74776.0,254437.0,87207.0,12431.0,68,Tavernier,Bournemouth,Marcus,201658,,3,91,Marcus_Tavernier,11,Everton,91,Bournemouth,MID,3
684,69.0,12.0,9.0,12.0,True,2026-08-29T14:00:00Z,1.0,1.0,2.0,False,86.0,1.0,0.0,1.0,0.0,0.0,0.0,0.0,1.0,0.0,0.0,3.0,39.0,47.6,32.1,21.0,10.1,3.0,9.0,3.0,15.0,1.0,0.26,0.27,0.53,1.71,60.0,-4366.0,145926.0,8520.0,12886.0,69,Scott,Bournemouth,Alex,503139,,3,91,Alex_Scott,11,Everton,91,Bournemouth,MID,3
685,70.0,12.0,9.0,3.0,True,2026-08-29T14:00:00Z,1.0,1.0,2.0,False,80.0,0.0,0.0,1.0,0.0,0.0,0.0,0.0,0.0,0.0,0.0,0.0,12.0,11.2,26.9,57.0,9.5,0.0,5.0,0.0,5.0,1.0,0.61,0.05,0.66,1.67,60.0,6731.0,123176.0,16321.0,9590.0,70,Kluivert,Bournemouth,Justin,222683,,3,91,Justin_Kluivert,11,Everton,91,Bournemouth,MID,3
686,71.0,12.0,9.0,3.0,True,2026-08-29T14:00:00Z,1.0,1.0,2.0,False,68.0,0.0,0.0,1.0,0.0,0.0,0.0,0.0,0.0,0.0,0.0,0.0,13.0,3.8,12.8,0.0,1.7,0.0,2.0,0.0,2.0,1.0,0.0,0.01,0.01,1.67,50.0,1552.0,18237.0,3259.0,1707.0,71,Cook,Bournemouth,Lewis,155408,,3,91,Lewis_Cook,11,Everton,91,Bournemouth,MID,3
687,72.0,12.0,9.0,0.0,True,2026-08-29T14:00:00Z,1.0,1.0,2.0,False,0.0,0.0,0.0,0.0,0.0,0.0,0.0,0.0,0.0,0.0,0.0,0.0,0.0,0.0,0.0,0.0,0.0,0.0,0.0,0.0,0.0,0.0,0.0,0.0,0.0,0.0,50.0,-468.0,8171.0,365.0,833.0,72,Gannon-Doak,Bournemouth,Ben,496208,,3,91,Ben_Gannon-Doak,11,Everton,91,Bournemouth,MID,3
688,73.0,12.0,9.0,1.0,True,2026-08-29T14:00:00Z,1.0,1.0,2.0,False,21.0,0.0,0.0,0.0,1.0,0.0,0.0,0.0,0.0,0.0,0.0,0.0,4.0,1.6,1.3,0.0,0.3,0.0,3.0,0.0,3.0,0.0,0.0,0.0,0.0,0.16,50.0,177.0,22708.0,3032.0,2855.0,73,Adams,Bournemouth,Tyler,200785,,3,91,Tyler_Adams,11,Everton,91,Bournemouth,MID,3
689,74.0,12.0,9.0,1.0,True,2026-08-29T14:00:00Z,1.0,1.0,2.0,False,9.0,0.0,0.0,0.0,1.0,0.0,0.0,0.0,0.0,0.0,0.0,0.0,3.0,0.0,1.6,0.0,0.1,0.0,0.0,0.0,0.0,0.0,0.0,0.01,0.01,0.16,50.0,-93.0,5133.0,602.0,695.0,74,Brooks,Bournemouth,David,111317,,3,91,David_Brooks,11,Everton,91,Bournemouth,MID,3
690,75.0,12.0,9.0,1.0,True,2026-08-29T14:00:00Z,1.0,1.0,2.0,False,3.0,0.0,0.0,0.0,1.0,0.0,0.0,0.0,0.0,0.0,0.0,0.0,5.0,2.8,0.3,0.0,0.3,0.0,1.0,1.0,2.0,0.0,0.0,0.0,0.0,0.13,50.0,364.0,1962.0,560.0,196.0,75,Christie,Bournemouth,Ryan,158499,,3,91,Ryan_Christie,11,Everton,91,Bournemouth,MID,3
691,76.0,12.0,9.0,0.0,True,2026-08-29T14:00:00Z,1.0,1.0,2.0,False,0.0,0.0,0.0,0.0,0.0,0.0,0.0,0.0,0.0,0.0,0.0,0.0,0.0,0.0,0.0,0.0,0.0,0.0,0.0,0.0,0.0,0.0,0.0,0.0,0.0,0.0,50.0,-46.0,1576.0,100.0,146.0,76,Tóth,Bournemouth,Alex,614574,,3,91,Alex_Tóth,11,Everton,91,Bournemouth,MID,3
692,77.0,12.0,9.0,0.0,True,2026-08-29T14:00:00Z,1.0,1.0,2.0,False,0.0,0.0,0.0,0.0,0.0,0.0,0.0,0.0,0.0,0.0,0.0,0.0,0.0,0.0,0.0,0.0,0.0,0.0,0.0,0.0,0.0,0.0,0.0,0.0,0.0,0.0,50.0,-922.0,2226.0,54.0,976.0,77,Adli,Bournemouth,Amine,489888,Unspecified injury - Unknown return date,3,91,Amine_Adli,11,Everton,91,Bournemouth,MID,3
693,78.0,12.0,9.0,0.0,True,2026-08-29T14:00:00Z,1.0,1.0,2.0,False,0.0,0.0,0.0,0.0,0.0,0.0,0.0,0.0,0.0,0.0,0.0,0.0,0.0,0.0,0.0,0.0,0.0,0.0,0.0,0.0,0.0,0.0,0.0,0.0,0.0,0.0,75.0,-12946.0,30734.0,462.0,13408.0,78,Kroupi,Bournemouth,Junior,560262,Foot injury - Unknown return date,3,91,Junior_Kroupi,11,Everton,91,Bournemouth,MID,3
694,79.0,12.0,9.0,5.0,True,2026-08-29T14:00:00Z,1.0,1.0,2.0,False,80.0,0.0,1.0,1.0,0.0,0.0,0.0,0.0,0.0,0.0,0.0,0.0,11.0,15.0,22.2,22.0,5.9,1.0,2.0,0.0,3.0,1.0,0.58,0.04,0.62,1.67,60.0,53599.0,300527.0,72625.0,19026.0,79,de Lima Barbosa,Bournemouth,Francisco Evanilson,444102,,4,91,Francisco Evanilson_de Lima Barbosa,11,Everton,91,Bournemouth,FWD,3
695,80.0,12.0,9.0,0.0,True,2026-08-29T14:00:00Z,1.0,1.0,2.0,False,0.0,0.0,0.0,0.0,0.0,0.0,0.0,0.0,0.0,0.0,0.0,0.0,0.0,0.0,0.0,0.0,0.0,0.0,0.0,0.0,0.0,0.0,0.0,0.0,0.0,0.0,55.0,-1070.0,2487.0,0.0,1070.0,80,Ünal,Bournemouth,Enes,168636,Has joined Getafe permanently,4,91,Enes_Ünal,11,Everton,91,Bournemouth,FWD,3
696,81.0,12.0,9.0,1.0,True,2026-08-29T14:00:00Z,1.0,1.0,2.0,False,9.0,0.0,0.0,0.0,1.0,0.0,0.0,0.0,0.0,0.0,0.0,0.0,4.0,0.0,0.0,0.0,0.0,0.0,1.0,0.0,1.0,0.0,0.0,0.0,0.0,0.16,60.0,-182.0,11569.0,1000.0,1182.0,81,Rodríguez,Bournemouth,Álvaro,561245,,4,91,Álvaro_Rodríguez,11,Everton,91,Bournemouth,FWD,3
697,566.0,12.0,9.0,4.0,True,2026-08-29T14:00:00Z,1.0,1.0,2.0,False,90.0,0.0,0.0,0.0,1.0,0.0,0.0,0.0,0.0,0.0,0.0,0.0,11.0,18.6,1.8,13.0,3.3,8.0,4.0,2.0,10.0,1.0,0.25,0.03,0.28,1.84,50.0,5175.0,36812.0,7365.0,2190.0,566,Pereira de Albuquerque Tavares da Silva,Bournemouth,António João,483067,,2,91,António João_Pereira de Albuquerque Tavares da Silva,11,Everton,91,Bournemouth,DEF,3
698,573.0,12.0,9.0,0.0,True,2026-08-29T14:00:00Z,1.0,1.0,2.0,False,0.0,0.0,0.0,0.0,0.0,0.0,0.0,0.0,0.0,0.0,0.0,0.0,0.0,0.0,0.0,0.0,0.0,0.0,0.0,0.0,0.0,0.0,0.0,0.0,0.0,0.0,45.0,-1013.0,21445.0,452.0,1465.0,573,Sánchez,Bournemouth,Juanlu,494928,,2,91,Juanlu_Sánchez,11,Everton,91,Bournemouth,DEF,3
699,608.0,12.0,9.0,0.0,True,2026-08-29T14:00:00Z,1.0,1.0,2.0,False,0.0,0.0,0.0,0.0,0.0,0.0,0.0,0.0,0.0,0.0,0.0,0.0,0.0,0.0,0.0,0.0,0.0,0.0,0.0,0.0,0.0,0.0,0.0,0.0,0.0,0.0,50.0,2056.0,4738.0,2477.0,421.0,608,Jebbison,Bournemouth,Daniel,523700,,4,91,Daniel_Jebbison,11,Everton,91,Bournemouth,FWD,3
700,615.0,12.0,9.0,0.0,True,2026-08-29T14:00:00Z,1.0,1.0,2.0,False,0.0,0.0,0.0,0.0,0.0,0.0,0.0,0.0,0.0,0.0,0.0,0.0,0.0,0.0,0.0,0.0,0.0,0.0,0.0,0.0,0.0,0.0,0.0,0.0,0.0,0.0,45.0,214.0,593.0,241.0,27.0,615,Di Gregorio,Bournemouth,Michele,230650,,1,91,Michele_Di Gregorio,11,Everton,91,Bournemouth,GKP,3
701,82.0,17.0,13.0,2.0,False,2026-08-30T13:00:00Z,1.0,1.0,2.0,False,90.0,0.0,0.0,0.0,1.0,0.0,0.0,0.0,0.0,0.0,1.0,0.0,7.0,9.4,0.0,0.0,0.9,2.0,4.0,0.0,0.0,1.0,0.0,0.0,0.0,1.46,50.0,54510.0,649790.0,74434.0,19924.0,82,Kelleher,Brentford,Caoimhín,200720,,1,94,Caoimhín_Kelleher,2,Leeds,94,Brentford,GKP,4
702,83.0,17.0,13.0,0.0,False,2026-08-30T13:00:00Z,1.0,1.0,2.0,False,0.0,0.0,0.0,0.0,0.0,0.0,0.0,0.0,0.0,0.0,0.0,0.0,0.0,0.0,0.0,0.0,0.0,0.0,0.0,0.0,0.0,0.0,0.0,0.0,0.0,0.0,45.0,-248.0,10896.0,642.0,890.0,83,Valdimarsson,Brentford,Hákon Rafn,507433,,1,94,Hákon Rafn_Valdimarsson,2,Leeds,94,Brentford,GKP,4
703,84.0,17.0,13.0,3.0,False,2026-08-30T13:00:00Z,1.0,1.0,2.0,False,90.0,0.0,0.0,0.0,1.0,0.0,0.0,0.0,1.0,0.0,0.0,0.0,14.0,28.0,0.9,34.0,6.3,11.0,8.0,2.0,13.0,1.0,0.17,0.01,0.18,1.46,55.0,15716.0,207535.0,25089.0,9373.0,84,Collins,Brentford,Nathan,432830,,2,94,Nathan_Collins,2,Leeds,94,Brentford,DEF,4
704,85.0,17.0,13.0,0.0,False,2026-08-30T13:00:00Z,1.0,1.0,2.0,False,0.0,0.0,0.0,0.0,0.0,0.0,0.0,0.0,0.0,0.0,0.0,0.0,0.0,0.0,0.0,0.0,0.0,0.0,0.0,0.0,0.0,0.0,0.0,0.0,0.0,0.0,50.0,-3978.0,10710.0,145.0,4123.0,85,van den Berg,Brentford,Sepp,444765,Groin injury - Unknown return date,2,94,Sepp_van den Berg,2,Leeds,94,Brentford,DEF,4
705,86.0,17.0,13.0,6.0,False,2026-08-30T13:00:00Z,1.0,1.0,2.0,False,87.0,0.0,1.0,0.0,1.0,0.0,0.0,0.0,0.0,0.0,0.0,1.0,29.0,38.4,31.6,2.0,7.2,3.0,6.0,2.0,11.0,1.0,0.02,0.13,0.15,1.46,55.0,45826.0,116486.0,52542.0,6716.0,86,Lewis-Potter,Brentford,Keane,249231,,3,94,Keane_Lewis-Potter,2,Leeds,94,Brentford,MID,4
706,87.0,17.0,13.0,3.0,False,2026-08-30T13:00:00Z,1.0,1.0,2.0,False,90.0,0.0,0.0,0.0,1.0,0.0,0.0,0.0,1.0,0.0,0.0,0.0,7.0,37.8,21.0,2.0,6.1,17.0,2.0,0.0,17.0,1.0,0.0,0.01,0.01,1.46,45.0,56076.0,412431.0,69978.0,13902.0,87,Ajer,Brentford,Kristoffer,191866,,2,94,Kristoffer_Ajer,2,Leeds,94,Brentford,DEF,4
707,88.0,17.0,13.0,2.0,False,2026-08-30T13:00:00Z,1.0,1.0,2.0,False,87.0,0.0,0.0,0.0,1.0,0.0,0.0,0.0,0.0,0.0,0.0,0.0,9.0,14.4,16.0,8.0,3.8,3.0,4.0,1.0,4.0,1.0,0.02,0.21,0.23,1.46,46.0,289643.0,778776.0,310803.0,21160.0,88,Kayode,Brentford,Michael,607464,,2,94,Michael_Kayode,2,Leeds,94,Brentford,DEF,4
708,89.0,17.0,13.0,1.0,False,2026-08-30T13:00:00Z,1.0,1.0,2.0,False,2.0,0.0,0.0,0.0,0.0,0.0,0.0,0.0,0.0,0.0,0.0,0.0,3.0,0.0,0.0,0.0,0.0,0.0,0.0,0.0,0.0,0.0,0.0,0.0,0.0,0.0,45.0,-1602.0,24226.0,544.0,2146.0,89,Henry,Brentford,Rico,194010,,2,94,Rico_Henry,2,Leeds,94,Brentford,DEF,4
709,90.0,17.0,13.0,1.0,False,2026-08-30T13:00:00Z,1.0,1.0,2.0,False,2.0,0.0,0.0,0.0,0.0,0.0,0.0,0.0,0.0,0.0,0.0,0.0,6.0,4.0,4.1,0.0,0.8,0.0,0.0,1.0,1.0,0.0,0.0,0.02,0.02,0.0,45.0,83.0,7643.0,623.0,540.0,90,Hickey,Brentford,Aaron,472713,,2,94,Aaron_Hickey,2,Leeds,94,Brentford,DEF,4
710,92.0,17.0,13.0,0.0,False,2026-08-30T13:00:00Z,1.0,1.0,2.0,False,0.0,0.0,0.0,0.0,0.0,0.0,0.0,0.0,0.0,0.0,0.0,0.0,0.0,0.0,0.0,0.0,0.0,0.0,0.0,0.0,0.0,0.0,0.0,0.0,0.0,0.0,45.0,-86.0,1940.0,112.0,198.0,92,Ji-soo,Brentford,Kim,570241,,2,94,Kim_Ji-soo,2,Leeds,94,Brentford,DEF,4
711,93.0,17.0,13.0,0.0,False,2026-08-30T13:00:00Z,1.0,1.0,2.0,False,0.0,0.0,0.0,0.0,0.0,0.0,0.0,0.0,0.0,0.0,0.0,0.0,0.0,0.0,0.0,0.0,0.0,0.0,0.0,0.0,0.0,0.0,0.0,0.0,0.0,0.0,45.0,-1064.0,16511.0,142.0,1206.0,93,Schuster,Brentford,Jannik,513086,,2,94,Jannik_Schuster,2,Leeds,94,Brentford,DEF,4
712,94.0,17.0,13.0,10.0,False,2026-08-30T13:00:00Z,1.0,1.0,2.0,False,87.0,1.0,0.0,0.0,1.0,0.0,0.0,0.0,0.0,0.0,0.0,3.0,34.0,45.6,11.1,34.0,9.1,3.0,4.0,2.0,9.0,1.0,0.25,0.02,0.27,1.46,60.0,-791.0,344201.0,24998.0,25789.0,94,Schade,Brentford,Kevin,513418,,3,94,Kevin_Schade,2,Leeds,94,Brentford,MID,4
713,95.0,17.0,13.0,1.0,False,2026-08-30T13:00:00Z,1.0,1.0,2.0,False,29.0,0.0,0.0,0.0,1.0,0.0,0.0,0.0,0.0,0.0,0.0,0.0,16.0,15.4,15.5,2.0,3.3,3.0,3.0,1.0,7.0,0.0,0.02,0.08,0.1,1.36,65.0,-3604.0,110686.0,7348.0,10952.0,95,Ouattara,Brentford,Dango,533463,,3,94,Dango_Ouattara,2,Leeds,94,Brentford,MID,4
714,96.0,17.0,13.0,3.0,False,2026-08-30T13:00:00Z,1.0,1.0,2.0,False,68.0,0.0,0.0,1.0,0.0,0.0,0.0,0.0,0.0,0.0,0.0,0.0,20.0,16.6,32.4,25.0,7.4,2.0,5.0,2.0,9.0,1.0,0.03,0.13,0.16,0.13,55.0,-5226.0,52568.0,2318.0,7544.0,96,Damsgaard,Brentford,Mikkel,440089,,3,94,Mikkel_Damsgaard,2,Leeds,94,Brentford,MID,4
715,97.0,17.0,13.0,0.0,False,2026-08-30T13:00:00Z,1.0,1.0,2.0,False,0.0,0.0,0.0,0.0,0.0,0.0,0.0,0.0,0.0,0.0,0.0,0.0,0.0,0.0,0.0,0.0,0.0,0.0,0.0,0.0,0.0,0.0,0.0,0.0,0.0,0.0,55.0,2521.0,22961.0,3858.0,1337.0,97,Jensen,Brentford,Mathias,207283,Unspecified injury - 75% chance of playing,3,94,Mathias_Jensen,2,Leeds,94,Brentford,MID,4
716,98.0,17.0,13.0,1.0,False,2026-08-30T13:00:00Z,1.0,1.0,2.0,False,90.0,0.0,0.0,0.0,1.0,0.0,0.0,0.0,1.0,0.0,0.0,0.0,11.0,16.4,35.4,4.0,5.6,5.0,2.0,3.0,10.0,1.0,0.0,0.14,0.14,1.46,50.0,29474.0,49684.0,33759.0,4285.0,98,Janelt,Brentford,Vitaly,204580,,3,94,Vitaly_Janelt,2,Leeds,94,Brentford,MID,4
717,99.0,17.0,13.0,0.0,False,2026-08-30T13:00:00Z,1.0,1.0,2.0,False,0.0,0.0,0.0,0.0,0.0,0.0,0.0,0.0,0.0,0.0,0.0,0.0,0.0,0.0,0.0,0.0,0.0,0.0,0.0,0.0,0.0,0.0,0.0,0.0,0.0,0.0,50.0,-17.0,190.0,28.0,45.0,99,Milambo,Brentford,Antoni,543295,Knee injury - Unknown return date,3,94,Antoni_Milambo,2,Leeds,94,Brentford,MID,4
718,100.0,17.0,13.0,0.0,False,2026-08-30T13:00:00Z,1.0,1.0,2.0,False,0.0,0.0,0.0,0.0,0.0,0.0,0.0,0.0,0.0,0.0,0.0,0.0,0.0,0.0,0.0,0.0,0.0,0.0,0.0,0.0,0.0,0.0,0.0,0.0,0.0,0.0,50.0,-91.0,1624.0,155.0,246.0,100,Freitas Gouveia Carvalho,Brentford,Fábio,244858,,3,94,Fábio_Freitas Gouveia Carvalho,2,Leeds,94,Brentford,MID,4
719,102.0,17.0,13.0,1.0,False,2026-08-30T13:00:00Z,1.0,1.0,2.0,False,21.0,0.0,0.0,0.0,1.0,0.0,0.0,0.0,0.0,0.0,0.0,0.0,4.0,3.0,12.5,4.0,2.0,0.0,0.0,0.0,0.0,0.0,0.0,0.01,0.01,1.32,50.0,-12434.0,112295.0,745.0,13179.0,102,Yarmoliuk,Brentford,Yehor,508395,,3,94,Yehor_Yarmoliuk,2,Leeds,94,Brentford,MID,4
720,103.0,17.0,13.0,0.0,False,2026-08-30T13:00:00Z,1.0,1.0,2.0,False,0.0,0.0,0.0,0.0,0.0,0.0,0.0,0.0,0.0,0.0,0.0,0.0,0.0,0.0,0.0,0.0,0.0,0.0,0.0,0.0,0.0,0.0,0.0,0.0,0.0,0.0,50.0,-189.0,2549.0,164.0,353.0,103,Dasilva,Brentford,Josh,183656,,3,94,Josh_Dasilva,2,Leeds,94,Brentford,MID,4
721,105.0,17.0,13.0,2.0,False,2026-08-30T13:00:00Z,1.0,1.0,2.0,False,60.0,0.0,0.0,1.0,0.0,0.0,0.0,0.0,1.0,0.0,0.0,0.0,4.0,3.2,25.9,15.0,4.4,0.0,1.0,0.0,1.0,1.0,0.11,0.06,0.17,0.09,60.0,-433.0,16949.0,1958.0,2391.0,105,Anthony,Brentford,Jaidon,444180,,3,94,Jaidon_Anthony,2,Leeds,94,Brentford,MID,4
722,106.0,17.0,13.0,2.0,False,2026-08-30T13:00:00Z,1.0,1.0,2.0,False,90.0,0.0,0.0,0.0,1.0,0.0,0.0,0.0,0.0,0.0,0.0,0.0,2.0,2.4,6.2,55.0,6.4,0.0,3.0,1.0,4.0,1.0,0.8,0.01,0.81,1.46,80.0,-49395.0,1635017.0,91772.0,141167.0,106,Nascimento Rodrigues,Brentford,Igor Thiago,502500,,4,94,Igor Thiago_Nascimento Rodrigues,2,Leeds,94,Brentford,FWD,4
723,107.0,17.0,13.0,0.0,False,2026-08-30T13:00:00Z,1.0,1.0,2.0,False,0.0,0.0,0.0,0.0,0.0,0.0,0.0,0.0,0.0,0.0,0.0,0.0,0.0,0.0,0.0,0.0,0.0,0.0,0.0,0.0,0.0,0.0,0.0,0.0,0.0,0.0,45.0,-252.0,89302.0,8191.0,8443.0,107,Furo,Brentford,Kaye,593174,,4,94,Kaye_Furo,2,Leeds,94,Brentford,FWD,4
724,108.0,17.0,13.0,1.0,False,2026-08-30T13:00:00Z,1.0,1.0,2.0,False,2.0,0.0,0.0,0.0,0.0,0.0,0.0,0.0,0.0,0.0,0.0,0.0,3.0,0.0,0.1,7.0,0.7,0.0,1.0,0.0,1.0,0.0,0.04,0.0,0.04,0.0,55.0,-457.0,37634.0,4351.0,4808.0,108,Wilson,Brentford,Callum,75115,,4,94,Callum_Wilson,2,Leeds,94,Brentford,FWD,4
725,565.0,17.0,13.0,4.0,False,2026-08-30T13:00:00Z,1.0,1.0,2.0,False,90.0,0.0,0.0,0.0,1.0,0.0,0.0,0.0,0.0,0.0,0.0,0.0,16.0,24.4,25.3,11.0,6.1,5.0,5.0,4.0,14.0,1.0,0.21,0.03,0.24,1.46,56.0,420422.0,902725.0,443762.0,23340.0,565,Sangaré,Brentford,Mamadou,513545,,3,94,Mamadou_Sangaré,2,Leeds,94,Brentford,MID,4
726,620.0,17.0,13.0,0.0,False,2026-08-30T13:00:00Z,1.0,1.0,2.0,False,0.0,0.0,0.0,0.0,0.0,0.0,0.0,0.0,0.0,0.0,0.0,0.0,0.0,0.0,0.0,0.0,0.0,0.0,0.0,0.0,0.0,0.0,0.0,0.0,0.0,0.0,45.0,563.0,817.0,600.0,37.0,620,Diouf,Brentford,El Hadji Malick,613804,,2,94,El Hadji Malick_Diouf,2,Leeds,94,Brentford,DEF,4
727,109.0,16.0,6.0,0.0,False,2026-08-30T13:00:00Z,4.0,3.0,2.0,False,90.0,0.0,0.0,0.0,4.0,0.0,0.0,0.0,0.0,0.0,1.0,0.0,-1.0,10.2,0.0,0.0,1.0,0.0,14.0,0.0,0.0,1.0,0.0,0.0,0.0,2.93,45.0,39276.0,2133814.0,84756.0,45480.0,109,Verbruggen,Brighton,Bart,489639,,1,36,Bart_Verbruggen,8,Chelsea,36,Brighton,GKP,5
728,111.0,16.0,6.0,0.0,False,2026-08-30T13:00:00Z,4.0,3.0,2.0,False,0.0,0.0,0.0,0.0,0.0,0.0,0.0,0.0,0.0,0.0,0.0,0.0,0.0,0.0,0.0,0.0,0.0,0.0,0.0,0.0,0.0,0.0,0.0,0.0,0.0,0.0,40.0,-3330.0,398691.0,10714.0,14044.0,111,Steele,Brighton,Jason,49262,,1,36,Jason_Steele,8,Chelsea,36,Brighton,GKP,5
729,113.0,16.0,6.0,0.0,False,2026-08-30T13:00:00Z,4.0,3.0,2.0,False,90.0,0.0,0.0,0.0,4.0,0.0,0.0,0.0,0.0,0.0,0.0,0.0,-4.0,2.8,16.7,8.0,2.8,0.0,2.0,0.0,0.0,1.0,0.02,0.01,0.03,2.93,45.0,-48824.0,221172.0,2580.0,51404.0,113,Kadıoğlu,Brighton,Ferdi,231416,,2,36,Ferdi_Kadıoğlu,8,Chelsea,36,Brighton,DEF,5
730,114.0,16.0,6.0,-1.0,False,2026-08-30T13:00:00Z,4.0,3.0,2.0,False,90.0,0.0,0.0,0.0,4.0,0.0,0.0,0.0,1.0,0.0,0.0,0.0,-2.0,16.8,26.6,11.0,5.4,3.0,2.0,0.0,3.0,1.0,0.05,0.11,0.16,2.93,45.0,2544.0,26909.0,4103.0,1559.0,114,Boscagli,Brighton,Olivier,204120,,2,36,Olivier_Boscagli,8,Chelsea,36,Brighton,DEF,5
731,115.0,16.0,6.0,0.0,False,2026-08-30T13:00:00Z,4.0,3.0,2.0,False,90.0,0.0,0.0,0.0,4.0,0.0,0.0,0.0,0.0,0.0,0.0,0.0,-2.0,8.8,23.7,5.0,3.8,2.0,3.0,0.0,2.0,1.0,0.03,0.05,0.08,2.93,46.0,473840.0,847829.0,494998.0,21158.0,115,De Cuyper,Brighton,Maxim,465730,,2,36,Maxim_De Cuyper,8,Chelsea,36,Brighton,DEF,5
732,116.0,16.0,6.0,-1.0,False,2026-08-30T13:00:00Z,4.0,3.0,2.0,False,90.0,0.0,0.0,0.0,4.0,0.0,0.0,0.0,1.0,0.0,0.0,0.0,-4.0,14.8,2.0,0.0,1.7,2.0,4.0,1.0,3.0,1.0,0.0,0.01,0.01,2.93,45.0,8033.0,118436.0,13343.0,5310.0,116,Dunk,Brighton,Lewis,83299,,2,36,Lewis_Dunk,8,Chelsea,36,Brighton,DEF,5
733,117.0,16.0,6.0,0.0,False,2026-08-30T13:00:00Z,4.0,3.0,2.0,False,0.0,0.0,0.0,0.0,0.0,0.0,0.0,0.0,0.0,0.0,0.0,0.0,0.0,0.0,0.0,0.0,0.0,0.0,0.0,0.0,0.0,0.0,0.0,0.0,0.0,0.0,45.0,-33.0,1892.0,191.0,224.0,117,Coppola,Brighton,Diego,550090,,2,36,Diego_Coppola,8,Chelsea,36,Brighton,DEF,5
734,118.0,16.0,6.0,0.0,False,2026-08-30T13:00:00Z,4.0,3.0,2.0,False,0.0,0.0,0.0,0.0,0.0,0.0,0.0,0.0,0.0,0.0,0.0,0.0,0.0,0.0,0.0,0.0,0.0,0.0,0.0,0.0,0.0,0.0,0.0,0.0,0.0,0.0,45.0,-404.0,8240.0,471.0,875.0,118,dos Santos de Paulo,Brighton,Igor Julio,223434,,2,36,Igor Julio_dos Santos de Paulo,8,Chelsea,36,Brighton,DEF,5
735,119.0,16.0,6.0,0.0,False,2026-08-30T13:00:00Z,4.0,3.0,2.0,False,10.0,0.0,0.0,0.0,0.0,0.0,0.0,0.0,1.0,0.0,0.0,0.0,-1.0,0.0,0.3,0.0,0.0,0.0,0.0,0.0,0.0,0.0,0.0,0.0,0.0,0.04,45.0,59.0,3512.0,285.0,226.0,119,Loureiro da Costa,Brighton,João Pedro,451490,,2,36,João Pedro_Loureiro da Costa,8,Chelsea,36,Brighton,DEF,5
736,120.0,16.0,6.0,0.0,False,2026-08-30T13:00:00Z,4.0,3.0,2.0,False,0.0,0.0,0.0,0.0,0.0,0.0,0.0,0.0,0.0,0.0,0.0,0.0,0.0,0.0,0.0,0.0,0.0,0.0,0.0,0.0,0.0,0.0,0.0,0.0,0.0,0.0,50.0,84.0,5185.0,768.0,684.0,120,Svoboda,Brighton,Michael,454490,,2,36,Michael_Svoboda,8,Chelsea,36,Brighton,DEF,5
737,121.0,16.0,6.0,0.0,False,2026-08-30T13:00:00Z,4.0,3.0,2.0,False,0.0,0.0,0.0,0.0,0.0,0.0,0.0,0.0,0.0,0.0,0.0,0.0,0.0,0.0,0.0,0.0,0.0,0.0,0.0,0.0,0.0,0.0,0.0,0.0,0.0,0.0,60.0,-1078.0,4114.0,159.0,1237.0,121,Kaoru,Brighton,Mitoma,451340,Hamstring injury - Unknown return date,3,36,Mitoma_Kaoru,8,Chelsea,36,Brighton,MID,5
738,122.0,16.0,6.0,0.0,False,2026-08-30T13:00:00Z,4.0,3.0,2.0,False,0.0,0.0,0.0,0.0,0.0,0.0,0.0,0.0,0.0,0.0,0.0,0.0,0.0,0.0,0.0,0.0,0.0,0.0,0.0,0.0,0.0,0.0,0.0,0.0,0.0,0.0,60.0,-3381.0,6199.0,140.0,3521.0,122,Minteh,Brighton,Yankuba,592031,Leg injury - Expected back 28 Nov,3,36,Yankuba_Minteh,8,Chelsea,36,Brighton,MID,5
739,123.0,16.0,6.0,0.0,False,2026-08-30T13:00:00Z,4.0,3.0,2.0,False,0.0,0.0,0.0,0.0,0.0,0.0,0.0,0.0,0.0,0.0,0.0,0.0,0.0,0.0,0.0,0.0,0.0,0.0,0.0,0.0,0.0,0.0,0.0,0.0,0.0,0.0,60.0,101743.0,230171.0,139828.0,38085.0,123,Hinshelwood,Brighton,Jack,532529,Unspecified injury - 50% chance of playing,3,36,Jack_Hinshelwood,8,Chelsea,36,Brighton,MID,5
740,124.0,16.0,6.0,13.0,False,2026-08-30T13:00:00Z,4.0,3.0,2.0,False,90.0,1.0,1.0,0.0,4.0,0.0,0.0,0.0,0.0,0.0,0.0,3.0,46.0,47.8,33.2,23.0,10.4,2.0,3.0,1.0,6.0,1.0,0.05,0.11,0.16,2.93,55.0,-81694.0,1268429.0,24179.0,105873.0,124,Groß,Brighton,Pascal,60307,,3,36,Pascal_Groß,8,Chelsea,36,Brighton,MID,5
741,125.0,16.0,6.0,0.0,False,2026-08-30T13:00:00Z,4.0,3.0,2.0,False,0.0,0.0,0.0,0.0,0.0,0.0,0.0,0.0,0.0,0.0,0.0,0.0,0.0,0.0,0.0,0.0,0.0,0.0,0.0,0.0,0.0,0.0,0.0,0.0,0.0,0.0,55.0,8880.0,98683.0,23887.0,15007.0,125,Rutter,Brighton,Georginio,463067,Unspecified injury - 75% chance of playing,4,36,Georginio_Rutter,8,Chelsea,36,Brighton,FWD,5
742,126.0,16.0,6.0,0.0,False,2026-08-30T13:00:00Z,4.0,3.0,2.0,False,0.0,0.0,0.0,0.0,0.0,0.0,0.0,0.0,0.0,0.0,0.0,0.0,0.0,0.0,0.0,0.0,0.0,0.0,0.0,0.0,0.0,0.0,0.0,0.0,0.0,0.0,55.0,-696.0,10143.0,656.0,1352.0,126,O'Riley,Brighton,Matt,219249,,3,36,Matt_O'Riley,8,Chelsea,36,Brighton,MID,5
743,127.0,16.0,6.0,5.0,False,2026-08-30T13:00:00Z,4.0,3.0,2.0,False,90.0,0.0,1.0,0.0,4.0,0.0,0.0,0.0,0.0,0.0,0.0,0.0,15.0,4.6,20.3,42.0,6.7,1.0,2.0,2.0,5.0,1.0,0.38,0.17,0.55,2.93,50.0,7080.0,380491.0,23952.0,16872.0,127,Gómez Amarilla,Brighton,Diego,514254,,3,36,Diego_Gómez Amarilla,8,Chelsea,36,Brighton,MID,5
744,128.0,16.0,6.0,0.0,False,2026-08-30T13:00:00Z,4.0,3.0,2.0,False,0.0,0.0,0.0,0.0,0.0,0.0,0.0,0.0,0.0,0.0,0.0,0.0,0.0,0.0,0.0,0.0,0.0,0.0,0.0,0.0,0.0,0.0,0.0,0.0,0.0,0.0,50.0,-173.0,346.0,0.0,173.0,128,Buonanotte,Brighton,Facundo,536916,Has joined Elche on loan for the rest of the season,3,36,Facundo_Buonanotte,8,Chelsea,36,Brighton,MID,5
745,129.0,16.0,6.0,0.0,False,2026-08-30T13:00:00Z,4.0,3.0,2.0,False,0.0,0.0,0.0,0.0,0.0,0.0,0.0,0.0,0.0,0.0,0.0,0.0,0.0,0.0,0.0,0.0,0.0,0.0,0.0,0.0,0.0,0.0,0.0,0.0,0.0,0.0,55.0,-4277.0,62632.0,3334.0,7611.0,129,Ayari,Brighton,Yasin,509416,Ankle injury - 75% chance of playing,3,36,Yasin_Ayari,8,Chelsea,36,Brighton,MID,5
746,130.0,16.0,6.0,0.0,False,2026-08-30T13:00:00Z,4.0,3.0,2.0,False,79.0,0.0,0.0,0.0,4.0,0.0,0.0,0.0,0.0,0.0,0.0,0.0,6.0,20.4,9.2,4.0,3.4,7.0,4.0,0.0,7.0,1.0,0.03,0.08,0.11,2.89,50.0,10371.0,43921.0,13428.0,3057.0,130,Wieffer,Brighton,Mats,467779,,2,36,Mats_Wieffer,8,Chelsea,36,Brighton,DEF,5
747,132.0,16.0,6.0,0.0,False,2026-08-30T13:00:00Z,4.0,3.0,2.0,False,0.0,0.0,0.0,0.0,0.0,0.0,0.0,0.0,0.0,0.0,0.0,0.0,0.0,0.0,0.0,0.0,0.0,0.0,0.0,0.0,0.0,0.0,0.0,0.0,0.0,0.0,45.0,-1532.0,5161.0,0.0,1532.0,132,Howell,Brighton,Harry,597320,Has joined Leicester City on loan for the rest of the season,3,36,Harry_Howell,8,Chelsea,36,Brighton,MID,5
748,133.0,16.0,6.0,0.0,False,2026-08-30T13:00:00Z,4.0,3.0,2.0,False,0.0,0.0,0.0,0.0,0.0,0.0,0.0,0.0,0.0,0.0,0.0,0.0,0.0,0.0,0.0,0.0,0.0,0.0,0.0,0.0,0.0,0.0,0.0,0.0,0.0,0.0,50.0,-56.0,182.0,0.0,56.0,133,Watson,Brighton,Tom,549074,Has joined Leicester City on loan for the rest of the season,3,36,Tom_Watson,8,Chelsea,36,Brighton,MID,5
749,134.0,16.0,6.0,0.0,False,2026-08-30T13:00:00Z,4.0,3.0,2.0,False,0.0,0.0,0.0,0.0,0.0,0.0,0.0,0.0,0.0,0.0,0.0,0.0,0.0,0.0,0.0,0.0,0.0,0.0,0.0,0.0,0.0,0.0,0.0,0.0,0.0,0.0,45.0,-1072.0,27277.0,1708.0,2780.0,134,Oriola,Brighton,Nehemiah,556637,,3,36,Nehemiah_Oriola,8,Chelsea,36,Brighton,MID,5
750,135.0,16.0,6.0,0.0,False,2026-08-30T13:00:00Z,4.0,3.0,2.0,False,0.0,0.0,0.0,0.0,0.0,0.0,0.0,0.0,0.0,0.0,0.0,0.0,0.0,0.0,0.0,0.0,0.0,0.0,0.0,0.0,0.0,0.0,0.0,0.0,0.0,0.0,50.0,-506.0,6909.0,373.0,879.0,135,Yohanna,Brighton,Zadok,700308,,3,36,Zadok_Yohanna,8,Chelsea,36,Brighton,MID,5
751,137.0,16.0,6.0,0.0,False,2026-08-30T13:00:00Z,4.0,3.0,2.0,False,0.0,0.0,0.0,0.0,0.0,0.0,0.0,0.0,0.0,0.0,0.0,0.0,0.0,0.0,0.0,0.0,0.0,0.0,0.0,0.0,0.0,0.0,0.0,0.0,0.0,0.0,55.0,-168.0,839.0,84.0,252.0,137,Tzimas,Brighton,Stefanos,608181,Knee injury - Unknown return date,4,36,Stefanos_Tzimas,8,Chelsea,36,Brighton,FWD,5
752,138.0,16.0,6.0,5.0,False,2026-08-30T13:00:00Z,4.0,3.0,2.0,False,79.0,0.0,1.0,0.0,4.0,0.0,0.0,0.0,0.0,0.0,0.0,0.0,17.0,5.0,15.1,17.0,3.7,0.0,6.0,0.0,6.0,1.0,0.17,0.02,0.19,2.89,55.0,-767.0,22097.0,1384.0,2151.0,138,Kostoulas,Brighton,Charalampos,647850,,4,36,Charalampos_Kostoulas,8,Chelsea,36,Brighton,FWD,5
753,139.0,16.0,6.0,0.0,False,2026-08-30T13:00:00Z,4.0,3.0,2.0,False,0.0,0.0,0.0,0.0,0.0,0.0,0.0,0.0,0.0,0.0,0.0,0.0,0.0,0.0,0.0,0.0,0.0,0.0,0.0,0.0,0.0,0.0,0.0,0.0,0.0,0.0,50.0,-305.0,3163.0,318.0,623.0,139,Ferguson,Brighton,Evan,487117,Ankle injury - Expected back 10 Oct,4,36,Evan_Ferguson,8,Chelsea,36,Brighton,FWD,5
754,328.0,16.0,6.0,0.0,False,2026-08-30T13:00:00Z,4.0,3.0,2.0,False,0.0,0.0,0.0,0.0,0.0,0.0,0.0,0.0,0.0,0.0,0.0,0.0,0.0,0.0,0.0,0.0,0.0,0.0,0.0,0.0,0.0,0.0,0.0,0.0,0.0,0.0,50.0,-1138.0,22519.0,1416.0,2554.0,328,Struijk,Brighton,Pascal,222694,,2,36,Pascal_Struijk,8,Chelsea,36,Brighton,DEF,5
755,504.0,16.0,6.0,0.0,False,2026-08-30T13:00:00Z,4.0,3.0,2.0,False,90.0,0.0,0.0,0.0,4.0,0.0,0.0,0.0,0.0,0.0,0.0,0.0,-2.0,22.8,8.3,5.0,3.6,7.0,3.0,1.0,8.0,1.0,0.03,0.02,0.05,2.93,50.0,8839.0,250629.0,21186.0,12347.0,504,Vušković,Brighton,Luka,610799,,2,36,Luka_Vušković,8,Chelsea,36,Brighton,DEF,5
756,594.0,16.0,6.0,1.0,False,2026-08-30T13:00:00Z,4.0,3.0,2.0,False,10.0,0.0,0.0,0.0,0.0,0.0,0.0,0.0,0.0,0.0,0.0,0.0,3.0,0.0,3.7,0.0,0.4,0.0,0.0,0.0,0.0,0.0,0.0,0.0,0.0,0.04,60.0,-1622.0,25435.0,2519.0,4141.0,594,David,Brighton,Promise,538007,,4,36,Promise_David,8,Chelsea,36,Brighton,FWD,5
757,600.0,16.0,6.0,1.0,False,2026-08-30T13:00:00Z,4.0,3.0,2.0,False,16.0,0.0,0.0,0.0,1.0,0.0,0.0,0.0,0.0,0.0,0.0,0.0,6.0,3.0,1.3,2.0,0.6,0.0,0.0,1.0,1.0,0.0,0.0,0.01,0.01,0.1,50.0,75.0,1521.0,218.0,143.0,600,Osman,Brighton,Ibrahim,612855,,3,36,Ibrahim_Osman,8,Chelsea,36,Brighton,MID,5
758,605.0,16.0,6.0,8.0,False,2026-08-30T13:00:00Z,4.0,3.0,2.0,False,73.0,1.0,0.0,0.0,3.0,0.0,0.0,0.0,0.0,0.0,0.0,1.0,39.0,50.8,20.1,42.0,11.3,2.0,2.0,3.0,7.0,1.0,0.7,0.16,0.86,2.83,45.0,3387.0,9806.0,4339.0,952.0,605,Yalcouyé,Brighton,Malick,611695,,3,36,Malick_Yalcouyé,8,Chelsea,36,Brighton,MID,5
759,614.0,16.0,6.0,0.0,False,2026-08-30T13:00:00Z,4.0,3.0,2.0,False,0.0,0.0,0.0,0.0,0.0,0.0,0.0,0.0,0.0,0.0,0.0,0.0,0.0,0.0,0.0,0.0,0.0,0.0,0.0,0.0,0.0,0.0,0.0,0.0,0.0,0.0,45.0,952.0,1839.0,1006.0,54.0,614,Hadjam,Brighton,Jaouen,512123,,2,36,Jaouen_Hadjam,8,Chelsea,36,Brighton,DEF,5
760,624.0,16.0,6.0,0.0,False,2026-08-30T13:00:00Z,4.0,3.0,2.0,False,0.0,0.0,0.0,0.0,0.0,0.0,0.0,0.0,0.0,0.0,0.0,0.0,0.0,0.0,0.0,0.0,0.0,0.0,0.0,0.0,0.0,0.0,0.0,0.0,0.0,0.0,50.0,0.0,0.0,0.0,0.0,624,Cozier-Duberry,Brighton,Amario,519324,,3,36,Amario_Cozier-Duberry,8,Chelsea,36,Brighton,MID,5
761,28.0,16.0,5.0,2.0,True,2026-08-30T13:00:00Z,4.0,3.0,2.0,False,90.0,0.0,0.0,0.0,3.0,0.0,0.0,0.0,0.0,0.0,4.0,0.0,18.0,36.2,20.0,0.0,5.6,1.0,13.0,0.0,0.0,1.0,0.0,0.01,0.01,1.41,50.0,-42289.0,419555.0,14876.0,8115.0,28,Martínez Romero,Chelsea,Emiliano,98980,,1,8,Emiliano_Martínez Romero,36,Brighton,8,Chelsea,GKP,6
762,40.0,16.0,5.0,5.0,True,2026-08-30T13:00:00Z,4.0,3.0,2.0,False,90.0,0.0,1.0,0.0,3.0,0.0,0.0,0.0,0.0,0.0,0.0,0.0,28.0,26.8,46.5,23.0,9.6,1.0,3.0,1.0,5.0,1.0,0.14,1.01,1.15,1.41,75.0,180102.0,2607781.0,251851.0,71749.0,40,Rogers,Chelsea,Morgan,244850,,3,8,Morgan_Rogers,36,Brighton,8,Chelsea,MID,6
763,101.0,16.0,5.0,0.0,True,2026-08-30T13:00:00Z,4.0,3.0,2.0,False,0.0,0.0,0.0,0.0,0.0,0.0,0.0,0.0,0.0,0.0,0.0,0.0,0.0,0.0,0.0,0.0,0.0,0.0,0.0,0.0,0.0,0.0,0.0,0.0,0.0,0.0,50.0,-477.0,3715.0,214.0,691.0,101,Henderson,Chelsea,Jordan,56979,Wrist injury - 75% chance of playing,3,8,Jordan_Henderson,36,Brighton,8,Chelsea,MID,6
764,136.0,16.0,5.0,0.0,True,2026-08-30T13:00:00Z,4.0,3.0,2.0,False,0.0,0.0,0.0,0.0,0.0,0.0,0.0,0.0,0.0,0.0,0.0,0.0,0.0,0.0,0.0,0.0,0.0,0.0,0.0,0.0,0.0,0.0,0.0,0.0,0.0,0.0,60.0,-19289.0,96753.0,3136.0,22425.0,136,Welbeck,Chelsea,Danny,50175,,4,8,Danny_Welbeck,36,Brighton,8,Chelsea,FWD,6
765,140.0,16.0,5.0,0.0,True,2026-08-30T13:00:00Z,4.0,3.0,2.0,False,0.0,0.0,0.0,0.0,0.0,0.0,0.0,0.0,0.0,0.0,0.0,0.0,0.0,0.0,0.0,0.0,0.0,0.0,0.0,0.0,0.0,0.0,0.0,0.0,0.0,0.0,50.0,-18267.0,217448.0,8924.0,27191.0,140,Lynch Sánchez,Chelsea,Robert,215059,,1,8,Robert_Lynch Sánchez,36,Brighton,8,Chelsea,GKP,6
766,141.0,16.0,5.0,0.0,True,2026-08-30T13:00:00Z,4.0,3.0,2.0,False,0.0,0.0,0.0,0.0,0.0,0.0,0.0,0.0,0.0,0.0,0.0,0.0,0.0,0.0,0.0,0.0,0.0,0.0,0.0,0.0,0.0,0.0,0.0,0.0,0.0,0.0,50.0,-501.0,1280.0,0.0,501.0,141,Jörgensen,Chelsea,Filip,508479,Has joined RC Strasbourg on loan for the rest of the season,1,8,Filip_Jörgensen,36,Brighton,8,Chelsea,GKP,6
767,142.0,16.0,5.0,1.0,True,2026-08-30T13:00:00Z,4.0,3.0,2.0,False,22.0,0.0,0.0,0.0,1.0,0.0,0.0,0.0,0.0,0.0,0.0,0.0,-1.0,0.4,0.4,2.0,0.3,0.0,1.0,0.0,0.0,0.0,0.0,0.0,0.0,0.14,55.0,-18793.0,987947.0,62525.0,81318.0,142,James,Chelsea,Reece,225796,,2,8,Reece_James,36,Brighton,8,Chelsea,DEF,6
768,143.0,16.0,5.0,0.0,True,2026-08-30T13:00:00Z,4.0,3.0,2.0,False,0.0,0.0,0.0,0.0,0.0,0.0,0.0,0.0,0.0,0.0,0.0,0.0,0.0,0.0,0.0,0.0,0.0,0.0,0.0,0.0,0.0,0.0,0.0,0.0,0.0,0.0,55.0,-8058.0,12877.0,0.0,8058.0,143,Chalobah,Chelsea,Trevoh,180736,Has joined Como permanently,2,8,Trevoh_Chalobah,36,Brighton,8,Chelsea,DEF,6
769,144.0,16.0,5.0,1.0,True,2026-08-30T13:00:00Z,4.0,3.0,2.0,False,90.0,0.0,0.0,0.0,3.0,0.0,0.0,0.0,0.0,0.0,0.0,0.0,-1.0,7.8,0.7,0.0,0.9,4.0,3.0,1.0,5.0,1.0,0.0,0.01,0.01,1.41,50.0,2378.0,122291.0,13325.0,10947.0,144,Gusto,Chelsea,Malo,482609,,2,8,Malo_Gusto,36,Brighton,8,Chelsea,DEF,6
770,145.0,16.0,5.0,0.0,True,2026-08-30T13:00:00Z,4.0,3.0,2.0,False,67.0,0.0,0.0,0.0,2.0,0.0,0.0,0.0,1.0,0.0,0.0,0.0,-2.0,19.4,0.9,0.0,2.0,9.0,0.0,0.0,9.0,1.0,0.0,0.01,0.01,1.26,50.0,552.0,3489.0,813.0,261.0,145,Fofana,Chelsea,Wesley,444463,,2,8,Wesley_Fofana,36,Brighton,8,Chelsea,DEF,6
771,146.0,16.0,5.0,0.0,True,2026-08-30T13:00:00Z,4.0,3.0,2.0,False,0.0,0.0,0.0,0.0,0.0,0.0,0.0,0.0,0.0,0.0,0.0,0.0,0.0,0.0,0.0,0.0,0.0,0.0,0.0,0.0,0.0,0.0,0.0,0.0,0.0,0.0,45.0,-568.0,2126.0,232.0,800.0,146,Badiashile Mukinayi,Chelsea,Benoît,242880,Has joined Napoli on loan for the rest of the season,2,8,Benoît_Badiashile Mukinayi,36,Brighton,8,Chelsea,DEF,6
772,147.0,16.0,5.0,0.0,True,2026-08-30T13:00:00Z,4.0,3.0,2.0,False,0.0,0.0,0.0,0.0,0.0,0.0,0.0,0.0,0.0,0.0,0.0,0.0,0.0,0.0,0.0,0.0,0.0,0.0,0.0,0.0,0.0,0.0,0.0,0.0,0.0,0.0,45.0,-1857.0,19280.0,263.0,2120.0,147,Adarabioyo,Chelsea,Tosin,109646,,2,8,Tosin_Adarabioyo,36,Brighton,8,Chelsea,DEF,6
773,148.0,16.0,5.0,4.0,True,2026-08-30T13:00:00Z,4.0,3.0,2.0,False,90.0,0.0,1.0,0.0,3.0,0.0,0.0,0.0,0.0,0.0,0.0,0.0,12.0,30.0,20.7,0.0,5.1,4.0,3.0,2.0,6.0,1.0,0.0,0.06,0.06,1.41,45.0,-126.0,47286.0,4358.0,4484.0,148,Hato,Chelsea,Jorrel,551210,,2,8,Jorrel_Hato,36,Brighton,8,Chelsea,DEF,6
774,149.0,16.0,5.0,1.0,True,2026-08-30T13:00:00Z,4.0,3.0,2.0,False,71.0,0.0,0.0,0.0,2.0,0.0,0.0,0.0,0.0,0.0,0.0,0.0,2.0,13.2,0.4,0.0,1.4,8.0,2.0,1.0,9.0,1.0,0.0,0.0,0.0,1.31,50.0,-7208.0,150119.0,10571.0,17779.0,149,Samuels Colwill,Chelsea,Levi,460028,,2,8,Levi_Samuels Colwill,36,Brighton,8,Chelsea,DEF,6
775,150.0,16.0,5.0,0.0,True,2026-08-30T13:00:00Z,4.0,3.0,2.0,False,0.0,0.0,0.0,0.0,0.0,0.0,0.0,0.0,0.0,0.0,0.0,0.0,0.0,0.0,0.0,0.0,0.0,0.0,0.0,0.0,0.0,0.0,0.0,0.0,0.0,0.0,45.0,-544.0,7741.0,405.0,949.0,150,Sarr,Chelsea,Mamadou,574458,Has joined Real Sociedad on loan for the rest of the season,2,8,Mamadou_Sarr,36,Brighton,8,Chelsea,DEF,6
776,151.0,16.0,5.0,1.0,True,2026-08-30T13:00:00Z,4.0,3.0,2.0,False,22.0,0.0,0.0,0.0,1.0,0.0,0.0,0.0,0.0,0.0,0.0,0.0,-1.0,6.2,0.1,0.0,0.6,2.0,0.0,1.0,3.0,0.0,0.0,0.0,0.0,0.14,45.0,4931.0,37116.0,8065.0,3134.0,151,Acheampong,Chelsea,Josh,577016,,2,8,Josh_Acheampong,36,Brighton,8,Chelsea,DEF,6
777,152.0,16.0,5.0,0.0,True,2026-08-30T13:00:00Z,4.0,3.0,2.0,False,0.0,0.0,0.0,0.0,0.0,0.0,0.0,0.0,0.0,0.0,0.0,0.0,0.0,0.0,0.0,0.0,0.0,0.0,0.0,0.0,0.0,0.0,0.0,0.0,0.0,0.0,55.0,-64977.0,209865.0,4960.0,69937.0,152,Palestra,Chelsea,Marco,620109,Unspecified injury - 75% chance of playing,2,8,Marco_Palestra,36,Brighton,8,Chelsea,DEF,6
778,154.0,16.0,5.0,7.0,True,2026-08-30T13:00:00Z,4.0,3.0,2.0,False,90.0,1.0,0.0,0.0,3.0,0.0,0.0,0.0,0.0,0.0,0.0,0.0,28.0,40.8,25.3,26.0,9.2,2.0,4.0,2.0,8.0,1.0,0.66,0.13,0.79,1.41,95.0,344912.0,1644351.0,376872.0,31960.0,154,Palmer,Chelsea,Cole,244851,,3,8,Cole_Palmer,36,Brighton,8,Chelsea,MID,6
779,155.0,16.0,5.0,0.0,True,2026-08-30T13:00:00Z,4.0,3.0,2.0,False,0.0,0.0,0.0,0.0,0.0,0.0,0.0,0.0,0.0,0.0,0.0,0.0,0.0,0.0,0.0,0.0,0.0,0.0,0.0,0.0,0.0,0.0,0.0,0.0,0.0,0.0,70.0,-74211.0,430662.0,14954.0,89165.0,155,Fernández,Chelsea,Enzo,448047,,3,8,Enzo_Fernández,36,Brighton,8,Chelsea,MID,6
780,156.0,16.0,5.0,7.0,True,2026-08-30T13:00:00Z,4.0,3.0,2.0,False,67.0,1.0,0.0,0.0,2.0,0.0,0.0,0.0,0.0,0.0,0.0,0.0,32.0,45.2,25.6,38.0,10.9,3.0,1.0,0.0,4.0,1.0,0.41,0.33,0.74,1.26,65.0,-17727.0,117566.0,5635.0,23362.0,156,Lomba Neto,Chelsea,Pedro,247632,,3,8,Pedro_Lomba Neto,36,Brighton,8,Chelsea,MID,6
781,157.0,16.0,5.0,0.0,True,2026-08-30T13:00:00Z,4.0,3.0,2.0,False,0.0,0.0,0.0,0.0,0.0,0.0,0.0,0.0,0.0,0.0,0.0,0.0,0.0,0.0,0.0,0.0,0.0,0.0,0.0,0.0,0.0,0.0,0.0,0.0,0.0,0.0,65.0,-18220.0,111448.0,5564.0,23784.0,157,Almeida de Oliveira Gonçalves,Chelsea,Estêvão,624773,,3,8,Estêvão_Almeida de Oliveira Gonçalves,36,Brighton,8,Chelsea,MID,6
782,158.0,16.0,5.0,0.0,True,2026-08-30T13:00:00Z,4.0,3.0,2.0,False,0.0,0.0,0.0,0.0,0.0,0.0,0.0,0.0,0.0,0.0,0.0,0.0,0.0,0.0,0.0,0.0,0.0,0.0,0.0,0.0,0.0,0.0,0.0,0.0,0.0,0.0,60.0,-502.0,3391.0,271.0,773.0,158,Bynoe-Gittens,Chelsea,Jamie,463936,,3,8,Jamie_Bynoe-Gittens,36,Brighton,8,Chelsea,MID,6
783,159.0,16.0,5.0,1.0,True,2026-08-30T13:00:00Z,4.0,3.0,2.0,False,13.0,0.0,0.0,0.0,0.0,0.0,0.0,0.0,0.0,0.0,0.0,0.0,3.0,0.0,0.1,0.0,0.0,0.0,0.0,0.0,0.0,0.0,0.0,0.0,0.0,0.07,55.0,-88842.0,282404.0,9481.0,98323.0,159,Caicedo Corozo,Chelsea,Moisés,486672,Unspecified injury - 75% chance of playing,3,8,Moisés_Caicedo Corozo,36,Brighton,8,Chelsea,MID,6
784,161.0,16.0,5.0,7.0,True,2026-08-30T13:00:00Z,4.0,3.0,2.0,False,67.0,1.0,0.0,0.0,2.0,0.0,0.0,0.0,0.0,0.0,0.0,0.0,32.0,39.0,0.8,33.0,7.3,3.0,3.0,1.0,7.0,1.0,0.54,0.0,0.54,1.26,50.0,254.0,6337.0,1173.0,919.0,161,Lavia,Chelsea,Roméo,514356,,3,8,Roméo_Lavia,36,Brighton,8,Chelsea,MID,6
785,163.0,16.0,5.0,0.0,True,2026-08-30T13:00:00Z,4.0,3.0,2.0,False,0.0,0.0,0.0,0.0,0.0,0.0,0.0,0.0,0.0,0.0,0.0,0.0,0.0,0.0,0.0,0.0,0.0,0.0,0.0,0.0,0.0,0.0,0.0,0.0,0.0,0.0,45.0,-1635.0,18847.0,1252.0,2887.0,163,Luís Essugo,Chelsea,Dário,491007,,3,8,Dário_Luís Essugo,36,Brighton,8,Chelsea,MID,6
786,164.0,16.0,5.0,0.0,True,2026-08-30T13:00:00Z,4.0,3.0,2.0,False,0.0,0.0,0.0,0.0,0.0,0.0,0.0,0.0,0.0,0.0,0.0,0.0,0.0,0.0,0.0,0.0,0.0,0.0,0.0,0.0,0.0,0.0,0.0,0.0,0.0,0.0,55.0,-589.0,4061.0,231.0,820.0,164,Quenda,Chelsea,Geovany,593117,,3,8,Geovany_Quenda,36,Brighton,8,Chelsea,MID,6
787,165.0,16.0,5.0,9.0,True,2026-08-30T13:00:00Z,4.0,3.0,2.0,False,90.0,1.0,1.0,0.0,3.0,1.0,0.0,0.0,0.0,0.0,0.0,2.0,44.0,52.8,22.5,46.0,12.1,0.0,2.0,1.0,3.0,1.0,1.23,0.04,1.27,1.41,76.0,377023.0,6802308.0,405188.0,28165.0,165,Junqueira de Jesus,Chelsea,João Pedro,475168,,4,8,João Pedro_Junqueira de Jesus,36,Brighton,8,Chelsea,FWD,6
788,168.0,16.0,5.0,0.0,True,2026-08-30T13:00:00Z,4.0,3.0,2.0,False,0.0,0.0,0.0,0.0,0.0,0.0,0.0,0.0,0.0,0.0,0.0,0.0,0.0,0.0,0.0,0.0,0.0,0.0,0.0,0.0,0.0,0.0,0.0,0.0,0.0,0.0,50.0,-3968.0,43955.0,2178.0,6146.0,168,Guiu Paz,Chelsea,Marc,499309,Has joined RB Leipzig permanently,4,8,Marc_Guiu Paz,36,Brighton,8,Chelsea,FWD,6
789,169.0,16.0,5.0,0.0,True,2026-08-30T13:00:00Z,4.0,3.0,2.0,False,0.0,0.0,0.0,0.0,0.0,0.0,0.0,0.0,0.0,0.0,0.0,0.0,0.0,0.0,0.0,0.0,0.0,0.0,0.0,0.0,0.0,0.0,0.0,0.0,0.0,0.0,45.0,-1480.0,34265.0,2929.0,4409.0,169,Mheuka,Chelsea,Shumaira,567119,,4,8,Shumaira_Mheuka,36,Brighton,8,Chelsea,FWD,6
790,170.0,16.0,5.0,0.0,True,2026-08-30T13:00:00Z,4.0,3.0,2.0,False,0.0,0.0,0.0,0.0,0.0,0.0,0.0,0.0,0.0,0.0,0.0,0.0,0.0,0.0,0.0,0.0,0.0,0.0,0.0,0.0,0.0,0.0,0.0,0.0,0.0,0.0,50.0,-884.0,14647.0,1450.0,2334.0,170,Emegha,Chelsea,Emmanuel,503037,,4,8,Emmanuel_Emegha,36,Brighton,8,Chelsea,FWD,6
791,200.0,16.0,5.0,1.0,True,2026-08-30T13:00:00Z,4.0,3.0,2.0,False,90.0,0.0,0.0,0.0,3.0,0.0,0.0,0.0,0.0,0.0,0.0,0.0,-3.0,13.0,0.1,6.0,1.9,8.0,1.0,1.0,9.0,1.0,0.02,0.0,0.02,1.41,60.0,18715.0,946023.0,63522.0,44807.0,200,Lacroix,Chelsea,Maxence,437499,,2,8,Maxence_Lacroix,36,Brighton,8,Chelsea,DEF,6
792,560.0,16.0,5.0,0.0,True,2026-08-30T13:00:00Z,4.0,3.0,2.0,False,0.0,0.0,0.0,0.0,0.0,0.0,0.0,0.0,0.0,0.0,0.0,0.0,0.0,0.0,0.0,0.0,0.0,0.0,0.0,0.0,0.0,0.0,0.0,0.0,0.0,0.0,45.0,-370.0,7073.0,395.0,765.0,560,Penders,Chelsea,Mike,549939,,1,8,Mike_Penders,36,Brighton,8,Chelsea,GKP,6
793,561.0,16.0,5.0,0.0,True,2026-08-30T13:00:00Z,4.0,3.0,2.0,False,0.0,0.0,0.0,0.0,0.0,0.0,0.0,0.0,0.0,0.0,0.0,0.0,0.0,0.0,0.0,0.0,0.0,0.0,0.0,0.0,0.0,0.0,0.0,0.0,0.0,0.0,45.0,-324.0,1737.0,122.0,446.0,561,Anselmino,Chelsea,Aaron,622758,,2,8,Aaron_Anselmino,36,Brighton,8,Chelsea,DEF,6
794,568.0,16.0,5.0,1.0,True,2026-08-30T13:00:00Z,4.0,3.0,2.0,False,8.0,0.0,0.0,0.0,1.0,0.0,0.0,0.0,0.0,0.0,0.0,0.0,1.0,0.0,0.0,4.0,0.2,1.0,0.0,0.0,1.0,0.0,0.04,0.0,0.04,0.07,55.0,-1133.0,13561.0,528.0,1661.0,568,Barco,Chelsea,Valentín,543158,,3,8,Valentín_Barco,36,Brighton,8,Chelsea,MID,6
795,578.0,16.0,5.0,0.0,True,2026-08-30T13:00:00Z,4.0,3.0,2.0,False,0.0,0.0,0.0,0.0,0.0,0.0,0.0,0.0,0.0,0.0,0.0,0.0,0.0,0.0,0.0,0.0,0.0,0.0,0.0,0.0,0.0,0.0,0.0,0.0,0.0,0.0,55.0,-742.0,4222.0,234.0,976.0,578,Mudryk,Chelsea,Mykhailo,465920,,3,8,Mykhailo_Mudryk,36,Brighton,8,Chelsea,MID,6
796,583.0,16.0,5.0,1.0,True,2026-08-30T13:00:00Z,4.0,3.0,2.0,False,18.0,0.0,0.0,0.0,1.0,0.0,0.0,0.0,0.0,0.0,0.0,0.0,1.0,6.4,0.3,0.0,0.7,2.0,1.0,1.0,3.0,0.0,0.0,0.02,0.02,0.09,50.0,-1477.0,19574.0,1081.0,2558.0,583,Chavarría,Chelsea,Pep,498444,,2,8,Pep_Chavarría,36,Brighton,8,Chelsea,DEF,6
797,91.0,13.0,11.0,1.0,True,2026-08-29T14:00:00Z,0.0,1.0,2.0,False,12.0,0.0,0.0,0.0,1.0,0.0,0.0,0.0,0.0,0.0,0.0,0.0,-1.0,3.8,0.7,0.0,0.5,2.0,0.0,0.0,2.0,0.0,0.0,0.0,0.0,0.54,45.0,-397.0,7757.0,574.0,971.0,91,Pinnock,Coventry City,Ethan,231065,,2,9,Ethan_Pinnock,88,Hull City,9,Coventry City,DEF,7
798,104.0,13.0,11.0,0.0,True,2026-08-29T14:00:00Z,0.0,1.0,2.0,False,0.0,0.0,0.0,0.0,0.0,0.0,0.0,0.0,0.0,0.0,0.0,0.0,0.0,0.0,0.0,0.0,0.0,0.0,0.0,0.0,0.0,0.0,0.0,0.0,0.0,0.0,50.0,856.0,16442.0,2456.0,1600.0,104,Onyeka,Coventry City,Frank,428580,,3,9,Frank_Onyeka,88,Hull City,9,Coventry City,MID,7
799,110.0,13.0,11.0,2.0,True,2026-08-29T14:00:00Z,0.0,1.0,2.0,False,90.0,0.0,0.0,0.0,1.0,0.0,0.0,0.0,0.0,0.0,1.0,0.0,10.0,10.6,0.0,0.0,1.1,1.0,13.0,0.0,0.0,1.0,0.0,0.0,0.0,0.72,45.0,7259.0,122624.0,11931.0,4672.0,110,Rushworth,Coventry City,Carl,472739,,1,9,Carl_Rushworth,88,Hull City,9,Coventry City,GKP,7
800,171.0,13.0,11.0,0.0,True,2026-08-29T14:00:00Z,0.0,1.0,2.0,False,0.0,0.0,0.0,0.0,0.0,0.0,0.0,0.0,0.0,0.0,0.0,0.0,0.0,0.0,0.0,0.0,0.0,0.0,0.0,0.0,0.0,0.0,0.0,0.0,0.0,0.0,40.0,-3777.0,152756.0,2634.0,6411.0,171,Dovin,Coventry City,Oliver,484389,,1,9,Oliver_Dovin,88,Hull City,9,Coventry City,GKP,7
801,172.0,13.0,11.0,0.0,True,2026-08-29T14:00:00Z,0.0,1.0,2.0,False,0.0,0.0,0.0,0.0,0.0,0.0,0.0,0.0,0.0,0.0,0.0,0.0,0.0,0.0,0.0,0.0,0.0,0.0,0.0,0.0,0.0,0.0,0.0,0.0,0.0,0.0,45.0,-3213.0,45549.0,227.0,3440.0,172,Wilson,Coventry City,Ben,110690,,1,9,Ben_Wilson,88,Hull City,9,Coventry City,GKP,7
802,173.0,13.0,11.0,8.0,True,2026-08-29T14:00:00Z,0.0,1.0,2.0,False,77.0,0.0,0.0,1.0,0.0,0.0,0.0,0.0,0.0,0.0,0.0,2.0,28.0,17.0,0.7,0.0,1.8,9.0,6.0,0.0,9.0,1.0,0.0,0.01,0.01,0.18,40.0,14221.0,791028.0,38111.0,23890.0,173,Thomas,Coventry City,Bobby,461102,,2,9,Bobby_Thomas,88,Hull City,9,Coventry City,DEF,7
803,174.0,13.0,11.0,0.0,True,2026-08-29T14:00:00Z,0.0,1.0,2.0,False,0.0,0.0,0.0,0.0,0.0,0.0,0.0,0.0,0.0,0.0,0.0,0.0,0.0,0.0,0.0,0.0,0.0,0.0,0.0,0.0,0.0,0.0,0.0,0.0,0.0,0.0,40.0,-4266.0,64130.0,520.0,4786.0,174,Kitching,Coventry City,Liam,436761,,2,9,Liam_Kitching,88,Hull City,9,Coventry City,DEF,7
804,175.0,13.0,11.0,2.0,True,2026-08-29T14:00:00Z,0.0,1.0,2.0,False,90.0,0.0,0.0,0.0,1.0,0.0,0.0,0.0,0.0,0.0,0.0,0.0,15.0,15.4,33.9,6.0,5.5,1.0,3.0,1.0,2.0,1.0,0.0,0.19,0.19,0.72,40.0,-15407.0,1295672.0,34451.0,49858.0,175,van Ewijk,Coventry City,Milan,451284,,2,9,Milan_van Ewijk,88,Hull City,9,Coventry City,DEF,7
805,176.0,13.0,11.0,2.0,True,2026-08-29T14:00:00Z,0.0,1.0,2.0,False,90.0,0.0,0.0,0.0,1.0,0.0,0.0,0.0,0.0,0.0,0.0,0.0,15.0,15.2,7.3,17.0,4.0,1.0,3.0,2.0,3.0,1.0,0.18,0.05,0.23,0.72,40.0,-830.0,82832.0,3224.0,4054.0,176,Dasilva,Coventry City,Jay,173878,,2,9,Jay_Dasilva,88,Hull City,9,Coventry City,DEF,7
806,177.0,13.0,11.0,0.0,True,2026-08-29T14:00:00Z,0.0,1.0,2.0,False,0.0,0.0,0.0,0.0,0.0,0.0,0.0,0.0,0.0,0.0,0.0,0.0,0.0,0.0,0.0,0.0,0.0,0.0,0.0,0.0,0.0,0.0,0.0,0.0,0.0,0.0,40.0,-582.0,5764.0,168.0,750.0,177,Kesler-Hayden,Coventry City,Kaine,465390,Hamstring injury - Unknown return date,2,9,Kaine_Kesler-Hayden,88,Hull City,9,Coventry City,DEF,7
807,178.0,13.0,11.0,0.0,True,2026-08-29T14:00:00Z,0.0,1.0,2.0,False,0.0,0.0,0.0,0.0,0.0,0.0,0.0,0.0,0.0,0.0,0.0,0.0,0.0,0.0,0.0,0.0,0.0,0.0,0.0,0.0,0.0,0.0,0.0,0.0,0.0,0.0,40.0,-238.0,8500.0,506.0,744.0,178,Bidwell,Coventry City,Jake,80178,,2,9,Jake_Bidwell,88,Hull City,9,Coventry City,DEF,7
808,179.0,13.0,11.0,0.0,True,2026-08-29T14:00:00Z,0.0,1.0,2.0,False,0.0,0.0,0.0,0.0,0.0,0.0,0.0,0.0,0.0,0.0,0.0,0.0,0.0,0.0,0.0,0.0,0.0,0.0,0.0,0.0,0.0,0.0,0.0,0.0,0.0,0.0,40.0,-260.0,3984.0,160.0,420.0,179,Latibeaudiere,Coventry City,Joel,204813,,2,9,Joel_Latibeaudiere,88,Hull City,9,Coventry City,DEF,7
809,180.0,13.0,11.0,0.0,True,2026-08-29T14:00:00Z,0.0,1.0,2.0,False,0.0,0.0,0.0,0.0,0.0,0.0,0.0,0.0,0.0,0.0,0.0,0.0,0.0,0.0,0.0,0.0,0.0,0.0,0.0,0.0,0.0,0.0,0.0,0.0,0.0,0.0,40.0,-1282.0,16943.0,946.0,2228.0,180,Woolfenden,Coventry City,Luke,220583,Knee injury - Unknown return date,2,9,Luke_Woolfenden,88,Hull City,9,Coventry City,DEF,7
810,181.0,13.0,11.0,0.0,True,2026-08-29T14:00:00Z,0.0,1.0,2.0,False,0.0,0.0,0.0,0.0,0.0,0.0,0.0,0.0,0.0,0.0,0.0,0.0,0.0,0.0,0.0,0.0,0.0,0.0,0.0,0.0,0.0,0.0,0.0,0.0,0.0,0.0,40.0,-82.0,4079.0,256.0,338.0,181,Brau,Coventry City,Miguel,577411,Has joined Academico de Viseu on loan for the rest of the season,2,9,Miguel_Brau,88,Hull City,9,Coventry City,DEF,7
811,182.0,13.0,11.0,1.0,True,2026-08-29T14:00:00Z,0.0,1.0,2.0,False,90.0,0.0,0.0,0.0,1.0,0.0,0.0,0.0,1.0,0.0,0.0,0.0,4.0,11.4,2.1,5.0,1.9,4.0,1.0,0.0,4.0,1.0,0.02,0.04,0.06,0.72,40.0,-1183.0,84795.0,3328.0,4511.0,182,Amenda,Coventry City,Aurèle,539142,,2,9,Aurèle_Amenda,88,Hull City,9,Coventry City,DEF,7
812,183.0,13.0,11.0,3.0,True,2026-08-29T14:00:00Z,0.0,1.0,2.0,False,70.0,0.0,0.0,1.0,0.0,0.0,0.0,0.0,0.0,0.0,0.0,0.0,12.0,6.8,27.7,4.0,3.9,1.0,4.0,1.0,6.0,1.0,0.06,0.09,0.15,0.02,50.0,-49.0,14191.0,1250.0,1299.0,183,Rudoni,Coventry City,Jack,480457,,3,9,Jack_Rudoni,88,Hull City,9,Coventry City,MID,7
813,184.0,13.0,11.0,2.0,True,2026-08-29T14:00:00Z,0.0,1.0,2.0,False,90.0,0.0,0.0,0.0,1.0,0.0,0.0,0.0,0.0,0.0,0.0,0.0,14.0,14.2,20.9,2.0,3.7,1.0,9.0,0.0,10.0,1.0,0.01,0.04,0.05,0.72,50.0,674.0,20154.0,2290.0,1616.0,184,Grimes,Coventry City,Matt,168144,,3,9,Matt_Grimes,88,Hull City,9,Coventry City,MID,7
814,185.0,13.0,11.0,1.0,True,2026-08-29T14:00:00Z,0.0,1.0,2.0,False,31.0,0.0,0.0,0.0,1.0,0.0,0.0,0.0,0.0,0.0,0.0,0.0,8.0,6.2,5.9,7.0,1.9,0.0,2.0,2.0,4.0,0.0,0.02,0.02,0.04,0.69,50.0,-1318.0,9710.0,137.0,1455.0,185,Sakamoto,Coventry City,Tatsuhiro,501459,,3,9,Tatsuhiro_Sakamoto,88,Hull City,9,Coventry City,MID,7
815,186.0,13.0,11.0,1.0,True,2026-08-29T14:00:00Z,0.0,1.0,2.0,False,57.0,0.0,0.0,0.0,0.0,0.0,0.0,0.0,0.0,0.0,0.0,0.0,4.0,4.2,16.0,0.0,2.0,2.0,2.0,0.0,4.0,1.0,0.0,0.06,0.06,0.02,55.0,-1089.0,12149.0,489.0,1578.0,186,Mason-Clark,Coventry City,Ephron,241293,,3,9,Ephron_Mason-Clark,88,Hull City,9,Coventry City,MID,7
816,187.0,13.0,11.0,0.0,True,2026-08-29T14:00:00Z,0.0,1.0,2.0,False,0.0,0.0,0.0,0.0,0.0,0.0,0.0,0.0,0.0,0.0,0.0,0.0,0.0,0.0,0.0,0.0,0.0,0.0,0.0,0.0,0.0,0.0,0.0,0.0,0.0,0.0,50.0,-230.0,1391.0,69.0,299.0,187,Eccles,Coventry City,Josh,439668,,3,9,Josh_Eccles,88,Hull City,9,Coventry City,MID,7
817,188.0,13.0,11.0,1.0,True,2026-08-29T14:00:00Z,0.0,1.0,2.0,False,19.0,0.0,0.0,0.0,1.0,0.0,0.0,0.0,0.0,0.0,0.0,0.0,2.0,0.0,3.6,0.0,0.3,0.0,2.0,0.0,2.0,0.0,0.0,0.01,0.01,0.69,55.0,-1275.0,16221.0,549.0,1824.0,188,Torp,Coventry City,Victor,226965,,3,9,Victor_Torp,88,Hull City,9,Coventry City,MID,7
818,189.0,13.0,11.0,0.0,True,2026-08-29T14:00:00Z,0.0,1.0,2.0,False,0.0,0.0,0.0,0.0,0.0,0.0,0.0,0.0,0.0,0.0,0.0,0.0,0.0,0.0,0.0,0.0,0.0,0.0,0.0,0.0,0.0,0.0,0.0,0.0,0.0,0.0,45.0,-2158.0,28459.0,1013.0,3171.0,189,Shepherd,Coventry City,George,684268,,3,9,George_Shepherd,88,Hull City,9,Coventry City,MID,7
819,190.0,13.0,11.0,1.0,True,2026-08-29T14:00:00Z,0.0,1.0,2.0,False,58.0,0.0,0.0,0.0,0.0,0.0,0.0,0.0,0.0,0.0,0.0,0.0,7.0,7.0,18.5,5.0,3.1,2.0,3.0,1.0,6.0,1.0,0.05,0.13,0.18,0.02,55.0,1311.0,16325.0,2762.0,1451.0,190,Tchaouna,Coventry City,Loum,469272,,3,9,Loum_Tchaouna,88,Hull City,9,Coventry City,MID,7
820,191.0,13.0,11.0,0.0,True,2026-08-29T14:00:00Z,0.0,1.0,2.0,False,0.0,0.0,0.0,0.0,0.0,0.0,0.0,0.0,0.0,0.0,0.0,0.0,0.0,0.0,0.0,0.0,0.0,0.0,0.0,0.0,0.0,0.0,0.0,0.0,0.0,0.0,45.0,-1193.0,16655.0,680.0,1873.0,191,Borges Rodrigues,Coventry City,Raphael,492498,,3,9,Raphael_Borges Rodrigues,88,Hull City,9,Coventry City,MID,7
821,192.0,13.0,11.0,0.0,True,2026-08-29T14:00:00Z,0.0,1.0,2.0,False,0.0,0.0,0.0,0.0,0.0,0.0,0.0,0.0,0.0,0.0,0.0,0.0,0.0,0.0,0.0,0.0,0.0,0.0,0.0,0.0,0.0,0.0,0.0,0.0,0.0,0.0,45.0,-4618.0,62913.0,2576.0,7194.0,192,Andrews,Coventry City,Kai,629397,Has joined Oxford United on loan for the rest of the season,3,9,Kai_Andrews,88,Hull City,9,Coventry City,MID,7
822,193.0,13.0,11.0,0.0,True,2026-08-29T14:00:00Z,0.0,1.0,2.0,False,0.0,0.0,0.0,0.0,0.0,0.0,0.0,0.0,0.0,0.0,0.0,0.0,0.0,0.0,0.0,0.0,0.0,0.0,0.0,0.0,0.0,0.0,0.0,0.0,0.0,0.0,55.0,-5318.0,13634.0,107.0,5425.0,193,Wright,Coventry City,Haji,176412,Thigh injury - Unknown return date,4,9,Haji_Wright,88,Hull City,9,Coventry City,FWD,7
823,194.0,13.0,11.0,1.0,True,2026-08-29T14:00:00Z,0.0,1.0,2.0,False,32.0,0.0,0.0,0.0,1.0,0.0,0.0,0.0,0.0,0.0,0.0,0.0,5.0,1.2,2.0,2.0,0.5,0.0,2.0,0.0,2.0,0.0,0.0,0.0,0.0,0.69,50.0,6706.0,83366.0,14594.0,7888.0,194,Thomas-Asante,Coventry City,Brandon,230730,,4,9,Brandon_Thomas-Asante,88,Hull City,9,Coventry City,FWD,7
824,195.0,13.0,11.0,0.0,True,2026-08-29T14:00:00Z,0.0,1.0,2.0,False,0.0,0.0,0.0,0.0,0.0,0.0,0.0,0.0,0.0,0.0,0.0,0.0,0.0,0.0,0.0,0.0,0.0,0.0,0.0,0.0,0.0,0.0,0.0,0.0,0.0,0.0,50.0,10333.0,100916.0,19936.0,9603.0,195,Simms,Coventry City,Ellis,218997,,4,9,Ellis_Simms,88,Hull City,9,Coventry City,FWD,7
825,196.0,13.0,11.0,0.0,True,2026-08-29T14:00:00Z,0.0,1.0,2.0,False,0.0,0.0,0.0,0.0,0.0,0.0,0.0,0.0,0.0,0.0,0.0,0.0,0.0,0.0,0.0,0.0,0.0,0.0,0.0,0.0,0.0,0.0,0.0,0.0,0.0,0.0,50.0,-590.0,1206.0,0.0,590.0,196,Markelo,Coventry City,Jahnoah,551262,Has joined Shabab Al-Ahli Dubai permanently,4,9,Jahnoah_Markelo,88,Hull City,9,Coventry City,FWD,7
826,197.0,13.0,11.0,0.0,True,2026-08-29T14:00:00Z,0.0,1.0,2.0,False,0.0,0.0,0.0,0.0,0.0,0.0,0.0,0.0,0.0,0.0,0.0,0.0,0.0,0.0,0.0,0.0,0.0,0.0,0.0,0.0,0.0,0.0,0.0,0.0,0.0,0.0,45.0,-788.0,3783.0,0.0,788.0,197,Bassette,Coventry City,Norman,549653,Has joined KVC Westerlo on loan for the rest of the season,4,9,Norman_Bassette,88,Hull City,9,Coventry City,FWD,7
827,492.0,13.0,11.0,2.0,True,2026-08-29T14:00:00Z,0.0,1.0,2.0,False,90.0,0.0,0.0,0.0,1.0,0.0,0.0,0.0,0.0,0.0,0.0,0.0,6.0,10.0,23.6,65.0,9.9,1.0,2.0,0.0,3.0,1.0,0.93,0.03,0.96,0.72,55.0,-639.0,83094.0,8654.0,9293.0,492,Awoniyi,Coventry City,Taiwo,210156,,4,9,Taiwo_Awoniyi,88,Hull City,9,Coventry City,FWD,7
828,575.0,13.0,11.0,3.0,True,2026-08-29T14:00:00Z,0.0,1.0,2.0,False,70.0,0.0,0.0,1.0,0.0,0.0,0.0,0.0,0.0,0.0,0.0,0.0,17.0,9.4,16.0,7.0,3.2,3.0,4.0,0.0,7.0,1.0,0.03,0.13,0.16,0.02,50.0,-1578.0,23711.0,997.0,2575.0,575,Yirenkyi,Coventry City,Caleb,661888,,3,9,Caleb_Yirenkyi,88,Hull City,9,Coventry City,MID,7
829,584.0,13.0,11.0,1.0,True,2026-08-29T14:00:00Z,0.0,1.0,2.0,False,19.0,0.0,0.0,0.0,1.0,0.0,0.0,0.0,0.0,0.0,0.0,0.0,2.0,0.2,1.5,0.0,0.2,0.0,0.0,0.0,0.0,0.0,0.0,0.02,0.02,0.69,55.0,-1042.0,13996.0,386.0,1428.0,584,Hamer,Coventry City,Gustavo,196100,,3,9,Gustavo_Hamer,88,Hull City,9,Coventry City,MID,7
830,599.0,13.0,11.0,0.0,True,2026-08-29T14:00:00Z,0.0,1.0,2.0,False,0.0,0.0,0.0,0.0,0.0,0.0,0.0,0.0,0.0,0.0,0.0,0.0,0.0,0.0,0.0,0.0,0.0,0.0,0.0,0.0,0.0,0.0,0.0,0.0,0.0,0.0,50.0,330.0,9736.0,1724.0,1394.0,599,Cherif,Coventry City,Sidiki,627221,,4,9,Sidiki_Cherif,88,Hull City,9,Coventry City,FWD,7
831,623.0,13.0,11.0,0.0,True,2026-08-29T14:00:00Z,0.0,1.0,2.0,False,0.0,0.0,0.0,0.0,0.0,0.0,0.0,0.0,0.0,0.0,0.0,0.0,0.0,0.0,0.0,0.0,0.0,0.0,0.0,0.0,0.0,0.0,0.0,0.0,0.0,0.0,40.0,0.0,0.0,0.0,0.0,623,Bentley,Coventry City,Dan,79602,,1,9,Dan_Bentley,88,Hull City,9,Coventry City,GKP,7
832,42.0,11.0,15.0,1.0,True,2026-08-28T19:00:00Z,1.0,4.0,2.0,False,27.0,0.0,0.0,0.0,1.0,0.0,0.0,0.0,0.0,0.0,0.0,0.0,3.0,2.2,0.3,0.0,0.3,1.0,0.0,0.0,1.0,0.0,0.0,0.01,0.01,0.2,55.0,-140.0,4594.0,483.0,623.0,42,Guessand,Crystal Palace,Evann,485337,,3,31,Evann_Guessand,43,Man City,31,Crystal Palace,MID,8
833,153.0,11.0,15.0,1.0,True,2026-08-28T19:00:00Z,1.0,4.0,2.0,False,16.0,0.0,0.0,0.0,1.0,0.0,0.0,0.0,0.0,0.0,0.0,0.0,-2.0,1.2,0.0,0.0,0.1,0.0,1.0,1.0,1.0,0.0,0.0,0.0,0.0,0.2,45.0,-323.0,6037.0,525.0,848.0,153,Disasi,Crystal Palace,Axel,220362,,2,31,Axel_Disasi,43,Man City,31,Crystal Palace,DEF,8
834,198.0,11.0,15.0,1.0,True,2026-08-28T19:00:00Z,1.0,4.0,2.0,False,90.0,0.0,0.0,0.0,4.0,0.0,0.0,0.0,0.0,0.0,4.0,0.0,4.0,30.2,0.0,0.0,3.0,2.0,11.0,0.0,0.0,1.0,0.0,0.0,0.0,2.21,50.0,-7870.0,182716.0,5904.0,13774.0,198,Henderson,Crystal Palace,Dean,172649,,1,31,Dean_Henderson,43,Man City,31,Crystal Palace,GKP,8
835,199.0,11.0,15.0,0.0,True,2026-08-28T19:00:00Z,1.0,4.0,2.0,False,0.0,0.0,0.0,0.0,0.0,0.0,0.0,0.0,0.0,0.0,0.0,0.0,0.0,0.0,0.0,0.0,0.0,0.0,0.0,0.0,0.0,0.0,0.0,0.0,0.0,0.0,45.0,-908.0,11403.0,468.0,1376.0,199,Benítez,Crystal Palace,Walter,121709,,1,31,Walter_Benítez,43,Man City,31,Crystal Palace,GKP,8
836,202.0,11.0,15.0,0.0,True,2026-08-28T19:00:00Z,1.0,4.0,2.0,False,90.0,0.0,0.0,0.0,4.0,0.0,0.0,0.0,0.0,0.0,0.0,0.0,-4.0,15.0,0.1,17.0,3.2,4.0,2.0,2.0,6.0,1.0,0.04,0.0,0.04,2.21,50.0,-2246.0,71981.0,4208.0,6454.0,202,Richards,Crystal Palace,Chris,427623,,2,31,Chris_Richards,43,Man City,31,Crystal Palace,DEF,8
837,203.0,11.0,15.0,0.0,True,2026-08-28T19:00:00Z,1.0,4.0,2.0,False,90.0,0.0,0.0,0.0,4.0,0.0,0.0,0.0,0.0,0.0,0.0,0.0,-1.0,22.8,0.5,0.0,2.3,6.0,1.0,1.0,7.0,1.0,0.0,0.0,0.0,2.21,50.0,-3200.0,29914.0,821.0,4021.0,203,Canvot,Crystal Palace,Jaydee,651426,,2,31,Jaydee_Canvot,43,Man City,31,Crystal Palace,DEF,8
838,204.0,11.0,15.0,0.0,True,2026-08-28T19:00:00Z,1.0,4.0,2.0,False,90.0,0.0,0.0,0.0,4.0,0.0,0.0,0.0,0.0,0.0,0.0,0.0,-8.0,11.6,21.6,7.0,4.0,3.0,1.0,2.0,5.0,1.0,0.11,0.16,0.27,2.21,45.0,-44374.0,548942.0,5965.0,50339.0,204,Mitchell,Crystal Palace,Tyrick,244723,,2,31,Tyrick_Mitchell,43,Man City,31,Crystal Palace,DEF,8
839,205.0,11.0,15.0,0.0,True,2026-08-28T19:00:00Z,1.0,4.0,2.0,False,0.0,0.0,0.0,0.0,0.0,0.0,0.0,0.0,0.0,0.0,0.0,0.0,0.0,0.0,0.0,0.0,0.0,0.0,0.0,0.0,0.0,0.0,0.0,0.0,0.0,0.0,45.0,-226.0,3040.0,126.0,352.0,205,Sosa,Crystal Palace,Borna,218364,,2,31,Borna_Sosa,43,Man City,31,Crystal Palace,DEF,8
840,206.0,11.0,15.0,0.0,True,2026-08-28T19:00:00Z,1.0,4.0,2.0,False,0.0,0.0,0.0,0.0,0.0,0.0,0.0,0.0,0.0,0.0,0.0,0.0,0.0,0.0,0.0,0.0,0.0,0.0,0.0,0.0,0.0,0.0,0.0,0.0,0.0,0.0,45.0,-2523.0,4410.0,320.0,2843.0,206,Riad Dnanou,Crystal Palace,Chadi,515621,Knee injury - Unknown return date,2,31,Chadi_Riad Dnanou,43,Man City,31,Crystal Palace,DEF,8
841,207.0,11.0,15.0,1.0,True,2026-08-28T19:00:00Z,1.0,4.0,2.0,False,15.0,0.0,0.0,0.0,1.0,0.0,0.0,0.0,0.0,0.0,0.0,0.0,1.0,2.2,0.1,0.0,0.2,0.0,0.0,1.0,1.0,0.0,0.0,0.0,0.0,0.2,45.0,-1081.0,7384.0,199.0,1280.0,207,Mingueza,Crystal Palace,Oscar,242313,,2,31,Oscar_Mingueza,43,Man City,31,Crystal Palace,DEF,8
842,208.0,11.0,15.0,0.0,True,2026-08-28T19:00:00Z,1.0,4.0,2.0,False,0.0,0.0,0.0,0.0,0.0,0.0,0.0,0.0,0.0,0.0,0.0,0.0,0.0,0.0,0.0,0.0,0.0,0.0,0.0,0.0,0.0,0.0,0.0,0.0,0.0,0.0,64.0,-204476.0,227391.0,2102.0,206578.0,208,Sarr,Crystal Palace,Ismaïla,232185,Groin injury - Unknown return date,3,31,Ismaïla_Sarr,43,Man City,31,Crystal Palace,MID,8
843,210.0,11.0,15.0,2.0,True,2026-08-28T19:00:00Z,1.0,4.0,2.0,False,90.0,0.0,0.0,0.0,4.0,0.0,0.0,0.0,0.0,0.0,0.0,0.0,21.0,16.2,24.7,0.0,4.1,0.0,3.0,4.0,7.0,1.0,0.0,0.07,0.07,2.21,55.0,-1090.0,88998.0,6710.0,7800.0,210,Wharton,Crystal Palace,Adam,496221,,3,31,Adam_Wharton,43,Man City,31,Crystal Palace,MID,8
844,211.0,11.0,15.0,5.0,True,2026-08-28T19:00:00Z,1.0,4.0,2.0,False,67.0,0.0,1.0,0.0,3.0,0.0,0.0,0.0,0.0,0.0,0.0,0.0,27.0,10.8,34.2,9.0,5.4,2.0,6.0,2.0,10.0,1.0,0.05,0.07,0.12,2.01,55.0,-2144.0,18326.0,314.0,2458.0,211,Pino Santos,Crystal Palace,Yéremy,488024,,3,31,Yéremy_Pino Santos,43,Man City,31,Crystal Palace,MID,8
845,212.0,11.0,15.0,0.0,True,2026-08-28T19:00:00Z,1.0,4.0,2.0,False,0.0,0.0,0.0,0.0,0.0,0.0,0.0,0.0,0.0,0.0,0.0,0.0,0.0,0.0,0.0,0.0,0.0,0.0,0.0,0.0,0.0,0.0,0.0,0.0,0.0,0.0,45.0,-69998.0,1064673.0,20182.0,90180.0,212,Hughes,Crystal Palace,Will,108413,,3,31,Will_Hughes,43,Man City,31,Crystal Palace,MID,8
846,213.0,11.0,15.0,0.0,True,2026-08-28T19:00:00Z,1.0,4.0,2.0,False,0.0,0.0,0.0,0.0,0.0,0.0,0.0,0.0,0.0,0.0,0.0,0.0,0.0,0.0,0.0,0.0,0.0,0.0,0.0,0.0,0.0,0.0,0.0,0.0,0.0,0.0,50.0,-1246.0,10302.0,204.0,1450.0,213,Lerma Solís,Crystal Palace,Jefferson,152551,,3,31,Jefferson_Lerma Solís,43,Man City,31,Crystal Palace,MID,8
847,214.0,11.0,15.0,2.0,True,2026-08-28T19:00:00Z,1.0,4.0,2.0,False,90.0,0.0,0.0,0.0,4.0,0.0,0.0,0.0,0.0,0.0,0.0,0.0,21.0,17.6,2.8,7.0,2.7,1.0,2.0,6.0,9.0,1.0,0.05,0.02,0.07,2.21,50.0,-1150.0,27191.0,1944.0,3094.0,214,Kamada,Crystal Palace,Daichi,209400,,3,31,Daichi_Kamada,43,Man City,31,Crystal Palace,MID,8
848,215.0,11.0,15.0,0.0,True,2026-08-28T19:00:00Z,1.0,4.0,2.0,False,0.0,0.0,0.0,0.0,0.0,0.0,0.0,0.0,0.0,0.0,0.0,0.0,0.0,0.0,0.0,0.0,0.0,0.0,0.0,0.0,0.0,0.0,0.0,0.0,0.0,0.0,50.0,-107.0,1141.0,69.0,176.0,215,Devenny,Crystal Palace,Justin,489706,,3,31,Justin_Devenny,43,Man City,31,Crystal Palace,MID,8
849,216.0,11.0,15.0,0.0,True,2026-08-28T19:00:00Z,1.0,4.0,2.0,False,0.0,0.0,0.0,0.0,0.0,0.0,0.0,0.0,0.0,0.0,0.0,0.0,0.0,0.0,0.0,0.0,0.0,0.0,0.0,0.0,0.0,0.0,0.0,0.0,0.0,0.0,50.0,-379.0,3956.0,211.0,590.0,216,Esse,Crystal Palace,Romain,606921,,3,31,Romain_Esse,43,Man City,31,Crystal Palace,MID,8
850,217.0,11.0,15.0,0.0,True,2026-08-28T19:00:00Z,1.0,4.0,2.0,False,0.0,0.0,0.0,0.0,0.0,0.0,0.0,0.0,0.0,0.0,0.0,0.0,0.0,0.0,0.0,0.0,0.0,0.0,0.0,0.0,0.0,0.0,0.0,0.0,0.0,0.0,50.0,-697.0,2546.0,17.0,714.0,217,França de Oliveira,Crystal Palace,Matheus,536694,,3,31,Matheus_França de Oliveira,43,Man City,31,Crystal Palace,MID,8
851,218.0,11.0,15.0,0.0,True,2026-08-28T19:00:00Z,1.0,4.0,2.0,False,0.0,0.0,0.0,0.0,0.0,0.0,0.0,0.0,0.0,0.0,0.0,0.0,0.0,0.0,0.0,0.0,0.0,0.0,0.0,0.0,0.0,0.0,0.0,0.0,0.0,0.0,50.0,-811.0,6115.0,248.0,1059.0,218,Doucouré,Crystal Palace,Cheick,438464,,3,31,Cheick_Doucouré,43,Man City,31,Crystal Palace,MID,8
852,219.0,11.0,15.0,0.0,True,2026-08-28T19:00:00Z,1.0,4.0,2.0,False,0.0,0.0,0.0,0.0,0.0,0.0,0.0,0.0,0.0,0.0,0.0,0.0,0.0,0.0,0.0,0.0,0.0,0.0,0.0,0.0,0.0,0.0,0.0,0.0,0.0,0.0,50.0,-51.0,578.0,39.0,90.0,219,Rak-Sakyi,Crystal Palace,Jesurun,450542,,3,31,Jesurun_Rak-Sakyi,43,Man City,31,Crystal Palace,MID,8
853,220.0,11.0,15.0,0.0,True,2026-08-28T19:00:00Z,1.0,4.0,2.0,False,0.0,0.0,0.0,0.0,0.0,0.0,0.0,0.0,0.0,0.0,0.0,0.0,0.0,0.0,0.0,0.0,0.0,0.0,0.0,0.0,0.0,0.0,0.0,0.0,0.0,0.0,45.0,-65.0,187.0,0.0,65.0,220,Cardines,Crystal Palace,Rio,590014,Has joined Bristol City on loan for the rest of the season,2,31,Rio_Cardines,43,Man City,31,Crystal Palace,DEF,8
854,221.0,11.0,15.0,0.0,True,2026-08-28T19:00:00Z,1.0,4.0,2.0,False,0.0,0.0,0.0,0.0,0.0,0.0,0.0,0.0,0.0,0.0,0.0,0.0,0.0,0.0,0.0,0.0,0.0,0.0,0.0,0.0,0.0,0.0,0.0,0.0,0.0,0.0,45.0,-589.0,8204.0,399.0,988.0,221,Drakes-Thomas,Crystal Palace,Joél,672492,,3,31,Joél_Drakes-Thomas,43,Man City,31,Crystal Palace,MID,8
855,222.0,11.0,15.0,2.0,True,2026-08-28T19:00:00Z,1.0,4.0,2.0,False,62.0,0.0,0.0,0.0,3.0,0.0,0.0,0.0,0.0,0.0,0.0,0.0,13.0,5.2,0.3,4.0,1.0,2.0,1.0,1.0,4.0,1.0,0.05,0.0,0.05,2.01,60.0,-6261.0,50504.0,1510.0,7771.0,222,Strand Larsen,Crystal Palace,Jørgen,247412,,4,31,Jørgen_Strand Larsen,43,Man City,31,Crystal Palace,FWD,8
856,223.0,11.0,15.0,0.0,True,2026-08-28T19:00:00Z,1.0,4.0,2.0,False,0.0,0.0,0.0,0.0,0.0,0.0,0.0,0.0,0.0,0.0,0.0,0.0,0.0,0.0,0.0,0.0,0.0,0.0,0.0,0.0,0.0,0.0,0.0,0.0,0.0,0.0,65.0,-48482.0,510630.0,23951.0,72433.0,223,Mateta,Crystal Palace,Jean-Philippe,231747,Hamstring injury - Expected back 11 Oct,4,31,Jean-Philippe_Mateta,43,Man City,31,Crystal Palace,FWD,8
857,224.0,11.0,15.0,2.0,True,2026-08-28T19:00:00Z,1.0,4.0,2.0,False,67.0,0.0,0.0,0.0,3.0,0.0,0.0,0.0,0.0,0.0,0.0,0.0,8.0,2.6,10.6,8.0,2.1,1.0,3.0,2.0,6.0,1.0,0.36,0.0,0.36,2.01,55.0,-2517.0,47953.0,3263.0,5780.0,224,Nketiah,Crystal Palace,Eddie,205533,,4,31,Eddie_Nketiah,43,Man City,31,Crystal Palace,FWD,8
858,225.0,11.0,15.0,0.0,True,2026-08-28T19:00:00Z,1.0,4.0,2.0,False,0.0,0.0,0.0,0.0,0.0,0.0,0.0,0.0,0.0,0.0,0.0,0.0,0.0,0.0,0.0,0.0,0.0,0.0,0.0,0.0,0.0,0.0,0.0,0.0,0.0,0.0,50.0,0.0,0.0,0.0,0.0,225,Uche,Crystal Palace,Christantus,660392,has returned to Getafe CF,4,31,Christantus_Uche,43,Man City,31,Crystal Palace,FWD,8
859,241.0,11.0,15.0,1.0,True,2026-08-28T19:00:00Z,1.0,4.0,2.0,False,22.0,0.0,0.0,0.0,1.0,0.0,0.0,0.0,0.0,0.0,0.0,0.0,2.0,0.4,0.3,0.0,0.1,1.0,1.0,0.0,2.0,0.0,0.0,0.0,0.0,0.2,55.0,-1356.0,16698.0,472.0,1828.0,241,McNeil,Crystal Palace,Dwight,433154,,3,31,Dwight_McNeil,43,Man City,31,Crystal Palace,MID,8
860,555.0,11.0,15.0,0.0,True,2026-08-28T19:00:00Z,1.0,4.0,2.0,False,0.0,0.0,0.0,0.0,0.0,0.0,0.0,0.0,0.0,0.0,0.0,0.0,0.0,0.0,0.0,0.0,0.0,0.0,0.0,0.0,0.0,0.0,0.0,0.0,0.0,0.0,40.0,-290.0,183203.0,5945.0,6235.0,555,Matthews,Crystal Palace,Remi,169593,,1,31,Remi_Matthews,43,Man City,31,Crystal Palace,GKP,8
861,577.0,11.0,15.0,1.0,True,2026-08-28T19:00:00Z,1.0,4.0,2.0,False,73.0,0.0,0.0,0.0,3.0,0.0,0.0,0.0,0.0,0.0,0.0,0.0,-3.0,12.6,1.3,2.0,1.6,7.0,3.0,1.0,8.0,1.0,0.0,0.0,0.0,2.01,45.0,-1838.0,34647.0,829.0,2667.0,577,Tomiyasu,Crystal Palace,Takehiro,223723,,2,31,Takehiro_Tomiyasu,43,Man City,31,Crystal Palace,DEF,8
862,588.0,11.0,15.0,2.0,True,2026-08-28T19:00:00Z,1.0,4.0,2.0,False,74.0,0.0,0.0,0.0,3.0,0.0,0.0,0.0,1.0,0.0,0.0,0.0,9.0,26.4,1.5,3.0,3.1,4.0,5.0,10.0,14.0,1.0,0.02,0.0,0.02,2.01,50.0,-365.0,10199.0,462.0,827.0,588,Khalaili,Crystal Palace,Anan,570794,,2,31,Anan_Khalaili,43,Man City,31,Crystal Palace,DEF,8
863,595.0,11.0,15.0,1.0,True,2026-08-28T19:00:00Z,1.0,4.0,2.0,False,22.0,0.0,0.0,0.0,1.0,0.0,0.0,0.0,0.0,0.0,0.0,0.0,3.0,1.4,1.3,0.0,0.3,0.0,0.0,1.0,1.0,0.0,0.0,0.0,0.0,0.2,50.0,-72.0,1414.0,101.0,173.0,595,Gozo,Crystal Palace,Zavier,559152,,3,31,Zavier_Gozo,43,Man City,31,Crystal Palace,MID,8
864,21.0,12.0,3.0,0.0,False,2026-08-29T14:00:00Z,1.0,1.0,2.0,False,0.0,0.0,0.0,0.0,0.0,0.0,0.0,0.0,0.0,0.0,0.0,0.0,0.0,0.0,0.0,0.0,0.0,0.0,0.0,0.0,0.0,0.0,0.0,0.0,0.0,0.0,50.0,-2764.0,8315.0,102.0,2866.0,21,Nørgaard,Everton,Christian,128295,Groin injury - Unknown return date,3,11,Christian_Nørgaard,91,Bournemouth,11,Everton,MID,9
865,209.0,12.0,3.0,1.0,False,2026-08-29T14:00:00Z,1.0,1.0,2.0,False,28.0,0.0,0.0,0.0,0.0,0.0,0.0,0.0,0.0,0.0,0.0,0.0,1.0,1.2,0.0,0.0,0.1,0.0,1.0,1.0,2.0,0.0,0.0,0.0,0.0,1.58,60.0,-1848.0,15402.0,732.0,2580.0,209,Johnson,Everton,Brennan,242898,,3,11,Brennan_Johnson,91,Bournemouth,11,Everton,MID,9
866,226.0,12.0,3.0,3.0,False,2026-08-29T14:00:00Z,1.0,1.0,2.0,False,90.0,0.0,0.0,0.0,1.0,0.0,0.0,0.0,0.0,0.0,4.0,0.0,22.0,31.6,0.0,0.0,3.2,4.0,11.0,0.0,0.0,1.0,0.0,0.0,0.0,2.16,55.0,35349.0,878157.0,63539.0,28190.0,226,Pickford,Everton,Jordan,111234,,1,11,Jordan_Pickford,91,Bournemouth,11,Everton,GKP,9
867,227.0,12.0,3.0,0.0,False,2026-08-29T14:00:00Z,1.0,1.0,2.0,False,0.0,0.0,0.0,0.0,0.0,0.0,0.0,0.0,0.0,0.0,0.0,0.0,0.0,0.0,0.0,0.0,0.0,0.0,0.0,0.0,0.0,0.0,0.0,0.0,0.0,0.0,50.0,-113.0,3593.0,290.0,403.0,227,Travers,Everton,Mark,229600,,1,11,Mark_Travers,91,Bournemouth,11,Everton,GKP,9
868,228.0,12.0,3.0,0.0,False,2026-08-29T14:00:00Z,1.0,1.0,2.0,False,0.0,0.0,0.0,0.0,0.0,0.0,0.0,0.0,0.0,0.0,0.0,0.0,0.0,0.0,0.0,0.0,0.0,0.0,0.0,0.0,0.0,0.0,0.0,0.0,0.0,0.0,45.0,-136.0,4235.0,243.0,379.0,228,King,Everton,Tom,138001,,1,11,Tom_King,91,Bournemouth,11,Everton,GKP,9
869,229.0,12.0,3.0,12.0,False,2026-08-29T14:00:00Z,1.0,1.0,2.0,False,90.0,1.0,0.0,0.0,1.0,0.0,0.0,0.0,0.0,0.0,0.0,2.0,27.0,54.8,11.3,19.0,8.5,9.0,3.0,1.0,10.0,1.0,0.1,0.01,0.11,2.16,60.0,5670.0,861719.0,42736.0,37066.0,229,Tarkowski,Everton,James,17761,,2,11,James_Tarkowski,91,Bournemouth,11,Everton,DEF,9
870,230.0,12.0,3.0,4.0,False,2026-08-29T14:00:00Z,1.0,1.0,2.0,False,90.0,0.0,0.0,0.0,1.0,0.0,0.0,0.0,0.0,0.0,0.0,0.0,6.0,22.6,1.5,33.0,5.7,11.0,3.0,1.0,12.0,1.0,0.09,0.01,0.1,2.16,55.0,10185.0,183710.0,19103.0,8918.0,230,Branthwaite,Everton,Jarrad,480455,,2,11,Jarrad_Branthwaite,91,Bournemouth,11,Everton,DEF,9
871,231.0,12.0,3.0,0.0,False,2026-08-29T14:00:00Z,1.0,1.0,2.0,False,0.0,0.0,0.0,0.0,0.0,0.0,0.0,0.0,0.0,0.0,0.0,0.0,0.0,0.0,0.0,0.0,0.0,0.0,0.0,0.0,0.0,0.0,0.0,0.0,0.0,0.0,50.0,-21625.0,136213.0,3260.0,24885.0,231,Keane,Everton,Michael,106611,,2,11,Michael_Keane,91,Bournemouth,11,Everton,DEF,9
872,232.0,12.0,3.0,0.0,False,2026-08-29T14:00:00Z,1.0,1.0,2.0,False,0.0,0.0,0.0,0.0,0.0,0.0,0.0,0.0,0.0,0.0,0.0,0.0,0.0,0.0,0.0,0.0,0.0,0.0,0.0,0.0,0.0,0.0,0.0,0.0,0.0,0.0,50.0,-6326.0,42208.0,1403.0,7729.0,232,O'Brien,Everton,Jake,512462,,2,11,Jake_O'Brien,91,Bournemouth,11,Everton,DEF,9
873,233.0,12.0,3.0,4.0,False,2026-08-29T14:00:00Z,1.0,1.0,2.0,False,90.0,0.0,0.0,0.0,1.0,0.0,0.0,0.0,0.0,0.0,0.0,0.0,7.0,36.8,1.0,0.0,3.8,11.0,7.0,1.0,12.0,1.0,0.0,0.01,0.01,2.16,45.0,12714.0,164056.0,21784.0,9070.0,233,Mykolenko,Everton,Vitalii,224967,,2,11,Vitalii_Mykolenko,91,Bournemouth,11,Everton,DEF,9
874,234.0,12.0,3.0,0.0,False,2026-08-29T14:00:00Z,1.0,1.0,2.0,False,0.0,0.0,0.0,0.0,0.0,0.0,0.0,0.0,0.0,0.0,0.0,0.0,0.0,0.0,0.0,0.0,0.0,0.0,0.0,0.0,0.0,0.0,0.0,0.0,0.0,0.0,45.0,-162.0,3302.0,207.0,369.0,234,Patterson,Everton,Nathan,243571,,2,11,Nathan_Patterson,91,Bournemouth,11,Everton,DEF,9
875,235.0,12.0,3.0,0.0,False,2026-08-29T14:00:00Z,1.0,1.0,2.0,False,0.0,0.0,0.0,0.0,0.0,0.0,0.0,0.0,0.0,0.0,0.0,0.0,0.0,0.0,0.0,0.0,0.0,0.0,0.0,0.0,0.0,0.0,0.0,0.0,0.0,0.0,40.0,-679.0,18113.0,1009.0,1688.0,235,Aznou,Everton,Adam,499300,Has joined Malaga on loan for the rest of the season,2,11,Adam_Aznou,91,Bournemouth,11,Everton,DEF,9
876,236.0,12.0,3.0,2.0,False,2026-08-29T14:00:00Z,1.0,1.0,2.0,False,90.0,0.0,0.0,0.0,1.0,0.0,0.0,0.0,0.0,0.0,0.0,0.0,24.0,19.4,52.3,9.0,8.1,0.0,7.0,3.0,10.0,1.0,0.06,0.16,0.22,2.16,65.0,105696.0,473030.0,132647.0,26951.0,236,Dewsbury-Hall,Everton,Kiernan,215413,,3,11,Kiernan_Dewsbury-Hall,91,Bournemouth,11,Everton,MID,9
877,237.0,12.0,3.0,4.0,False,2026-08-29T14:00:00Z,1.0,1.0,2.0,False,90.0,0.0,0.0,0.0,1.0,0.0,0.0,0.0,0.0,0.0,0.0,0.0,16.0,12.6,14.5,10.0,3.7,5.0,7.0,1.0,13.0,1.0,0.02,0.07,0.09,2.16,60.0,62668.0,1595715.0,122688.0,60020.0,237,Ndiaye,Everton,Iliman,440993,,3,11,Iliman_Ndiaye,91,Bournemouth,11,Everton,MID,9
878,239.0,12.0,3.0,1.0,False,2026-08-29T14:00:00Z,1.0,1.0,2.0,False,61.0,0.0,0.0,0.0,1.0,0.0,0.0,0.0,1.0,0.0,0.0,0.0,9.0,3.4,1.1,0.0,0.5,0.0,7.0,3.0,10.0,1.0,0.0,0.0,0.0,0.58,60.0,-116.0,13621.0,1533.0,1649.0,239,Garner,Everton,James,232928,,3,11,James_Garner,91,Bournemouth,11,Everton,MID,9
879,240.0,12.0,3.0,1.0,False,2026-08-29T14:00:00Z,1.0,1.0,2.0,False,4.0,0.0,0.0,0.0,0.0,0.0,0.0,0.0,0.0,0.0,0.0,0.0,2.0,0.0,0.0,0.0,0.0,0.0,0.0,0.0,0.0,0.0,0.0,0.0,0.0,0.0,50.0,-327.0,1093.0,21.0,348.0,240,Iroegbunam,Everton,Tim,490094,,3,11,Tim_Iroegbunam,91,Bournemouth,11,Everton,MID,9
880,242.0,12.0,3.0,2.0,False,2026-08-29T14:00:00Z,1.0,1.0,2.0,False,61.0,0.0,0.0,0.0,1.0,0.0,0.0,0.0,0.0,0.0,0.0,0.0,12.0,6.0,12.2,16.0,3.4,0.0,1.0,1.0,2.0,1.0,0.05,0.01,0.06,0.58,55.0,-209.0,28043.0,2273.0,2482.0,242,George,Everton,Tyrique,550615,,3,11,Tyrique_George,91,Bournemouth,11,Everton,MID,9
881,243.0,12.0,3.0,0.0,False,2026-08-29T14:00:00Z,1.0,1.0,2.0,False,4.0,0.0,0.0,0.0,0.0,0.0,0.0,0.0,1.0,0.0,0.0,0.0,-2.0,0.0,0.5,8.0,0.5,0.0,0.0,0.0,0.0,0.0,0.03,0.02,0.05,0.0,50.0,-385.0,9333.0,753.0,1138.0,243,Alcaraz Durán,Everton,Carlos,502697,,3,11,Carlos_Alcaraz Durán,91,Bournemouth,11,Everton,MID,9
882,244.0,12.0,3.0,2.0,False,2026-08-29T14:00:00Z,1.0,1.0,2.0,False,86.0,0.0,0.0,0.0,1.0,0.0,0.0,0.0,0.0,0.0,0.0,0.0,12.0,11.2,12.3,0.0,2.4,3.0,3.0,3.0,9.0,1.0,0.0,0.03,0.03,2.16,50.0,10319.0,24656.0,12786.0,2467.0,244,Armstrong,Everton,Harrison,609873,,3,11,Harrison_Armstrong,91,Bournemouth,11,Everton,MID,9
883,245.0,12.0,3.0,0.0,False,2026-08-29T14:00:00Z,1.0,1.0,2.0,False,0.0,0.0,0.0,0.0,0.0,0.0,0.0,0.0,0.0,0.0,0.0,0.0,0.0,0.0,0.0,0.0,0.0,0.0,0.0,0.0,0.0,0.0,0.0,0.0,0.0,0.0,55.0,-550.0,3529.0,201.0,751.0,245,Dibling,Everton,Tyler,496661,,3,11,Tyler_Dibling,91,Bournemouth,11,Everton,MID,9
884,246.0,12.0,3.0,2.0,False,2026-08-29T14:00:00Z,1.0,1.0,2.0,False,85.0,0.0,0.0,0.0,1.0,0.0,0.0,0.0,0.0,0.0,0.0,0.0,13.0,8.4,2.3,0.0,1.1,2.0,4.0,3.0,9.0,1.0,0.0,0.01,0.01,2.16,50.0,-118.0,5759.0,518.0,636.0,246,Röhl,Everton,Merlin,513466,,3,11,Merlin_Röhl,91,Bournemouth,11,Everton,MID,9
885,247.0,12.0,3.0,1.0,False,2026-08-29T14:00:00Z,1.0,1.0,2.0,False,28.0,0.0,0.0,0.0,0.0,0.0,0.0,0.0,0.0,0.0,0.0,0.0,3.0,7.8,1.4,2.0,1.1,2.0,1.0,0.0,3.0,0.0,0.0,0.01,0.01,1.58,55.0,-2358.0,24628.0,844.0,3202.0,247,Hackney,Everton,Hayden,244860,,3,11,Hayden_Hackney,91,Bournemouth,11,Everton,MID,9
886,248.0,12.0,3.0,1.0,False,2026-08-29T14:00:00Z,1.0,1.0,2.0,False,20.0,0.0,0.0,0.0,0.0,0.0,0.0,0.0,0.0,0.0,0.0,0.0,2.0,3.0,0.3,3.0,0.6,1.0,0.0,0.0,1.0,0.0,0.04,0.0,0.04,1.58,55.0,-35102.0,227543.0,7709.0,42811.0,248,Gomes Betuncal,Everton,Norberto Bercique,486385,,4,11,Norberto Bercique_Gomes Betuncal,91,Bournemouth,11,Everton,FWD,9
887,249.0,12.0,3.0,2.0,False,2026-08-29T14:00:00Z,1.0,1.0,2.0,False,69.0,0.0,0.0,0.0,1.0,0.0,0.0,0.0,0.0,0.0,0.0,0.0,6.0,10.0,11.7,58.0,8.0,2.0,1.0,0.0,3.0,1.0,1.48,0.0,1.48,0.58,55.0,127837.0,352239.0,150265.0,22428.0,249,Barry,Everton,Thierno,586309,,4,11,Thierno_Barry,91,Bournemouth,11,Everton,FWD,9
888,250.0,19.0,20.0,3.0,False,2026-08-30T13:00:00Z,1.0,0.0,2.0,False,90.0,0.0,0.0,0.0,1.0,0.0,0.0,0.0,0.0,0.0,3.0,0.0,11.0,19.2,0.0,0.0,1.9,2.0,8.0,0.0,0.0,1.0,0.0,0.0,0.0,2.02,45.0,645.0,300981.0,12174.0,11529.0,250,Leno,Fulham,Bernd,80201,,1,54,Bernd_Leno,56,Sunderland,54,Fulham,GKP,10
889,251.0,19.0,20.0,0.0,False,2026-08-30T13:00:00Z,1.0,0.0,2.0,False,0.0,0.0,0.0,0.0,0.0,0.0,0.0,0.0,0.0,0.0,0.0,0.0,0.0,0.0,0.0,0.0,0.0,0.0,0.0,0.0,0.0,0.0,0.0,0.0,0.0,0.0,40.0,-2636.0,117798.0,1492.0,4128.0,251,Lecomte,Fulham,Benjamin,86873,,1,54,Benjamin_Lecomte,56,Sunderland,54,Fulham,GKP,10
890,252.0,19.0,20.0,0.0,False,2026-08-30T13:00:00Z,1.0,0.0,2.0,False,0.0,0.0,0.0,0.0,0.0,0.0,0.0,0.0,0.0,0.0,0.0,0.0,0.0,0.0,0.0,0.0,0.0,0.0,0.0,0.0,0.0,0.0,0.0,0.0,0.0,0.0,40.0,185.0,15794.0,805.0,620.0,252,McNally,Fulham,Alfie,505079,Has joined York City on loan for the rest of the season,1,54,Alfie_McNally,56,Sunderland,54,Fulham,GKP,10
891,253.0,19.0,20.0,1.0,False,2026-08-30T13:00:00Z,1.0,0.0,2.0,False,90.0,0.0,0.0,0.0,1.0,0.0,0.0,0.0,1.0,0.0,0.0,0.0,4.0,17.8,12.9,2.0,3.3,8.0,2.0,0.0,8.0,1.0,0.0,0.04,0.04,2.02,50.0,1684.0,7735.0,2314.0,630.0,253,Andersen,Fulham,Joachim,174874,,2,54,Joachim_Andersen,56,Sunderland,54,Fulham,DEF,10
892,254.0,19.0,20.0,2.0,False,2026-08-30T13:00:00Z,1.0,0.0,2.0,False,90.0,0.0,0.0,0.0,1.0,0.0,0.0,0.0,0.0,0.0,0.0,0.0,10.0,9.8,4.6,0.0,1.4,0.0,2.0,3.0,3.0,1.0,0.0,0.02,0.02,2.02,45.0,1752.0,165662.0,11181.0,9429.0,254,Robinson,Fulham,Antonee,169528,,2,54,Antonee_Robinson,56,Sunderland,54,Fulham,DEF,10
893,255.0,19.0,20.0,0.0,False,2026-08-30T13:00:00Z,1.0,0.0,2.0,False,0.0,0.0,0.0,0.0,0.0,0.0,0.0,0.0,0.0,0.0,0.0,0.0,0.0,0.0,0.0,0.0,0.0,0.0,0.0,0.0,0.0,0.0,0.0,0.0,0.0,0.0,45.0,522.0,3423.0,781.0,259.0,255,Cuenca Barreno,Fulham,Jorge,246301,,2,54,Jorge_Cuenca Barreno,56,Sunderland,54,Fulham,DEF,10
894,256.0,19.0,20.0,0.0,False,2026-08-30T13:00:00Z,1.0,0.0,2.0,False,0.0,0.0,0.0,0.0,0.0,0.0,0.0,0.0,0.0,0.0,0.0,0.0,0.0,0.0,0.0,0.0,0.0,0.0,0.0,0.0,0.0,0.0,0.0,0.0,0.0,0.0,45.0,-1723.0,25956.0,338.0,2061.0,256,Tete,Fulham,Kenny,167074,,2,54,Kenny_Tete,56,Sunderland,54,Fulham,DEF,10
895,257.0,19.0,20.0,2.0,False,2026-08-30T13:00:00Z,1.0,0.0,2.0,False,90.0,0.0,0.0,0.0,1.0,0.0,0.0,0.0,0.0,0.0,0.0,0.0,13.0,19.4,2.6,0.0,2.2,6.0,6.0,1.0,7.0,1.0,0.0,0.01,0.01,2.02,45.0,821.0,75885.0,6863.0,6042.0,257,Bassey,Fulham,Calvin,232892,,2,54,Calvin_Bassey,56,Sunderland,54,Fulham,DEF,10
896,258.0,19.0,20.0,6.0,False,2026-08-30T13:00:00Z,1.0,0.0,2.0,False,67.0,0.0,0.0,1.0,0.0,0.0,0.0,0.0,0.0,0.0,0.0,0.0,18.0,0.0,0.7,0.0,0.0,1.0,2.0,1.0,2.0,1.0,0.0,0.0,0.0,0.26,45.0,9481.0,45933.0,12096.0,2615.0,258,Castagne,Fulham,Timothy,166477,,2,54,Timothy_Castagne,56,Sunderland,54,Fulham,DEF,10
897,261.0,19.0,20.0,2.0,False,2026-08-30T13:00:00Z,1.0,0.0,2.0,False,90.0,0.0,0.0,0.0,1.0,0.0,0.0,0.0,0.0,0.0,0.0,0.0,20.0,12.0,35.5,2.0,5.0,1.0,2.0,1.0,4.0,1.0,0.01,0.4,0.41,2.02,55.0,-3301.0,95898.0,6095.0,9396.0,261,Iwobi,Fulham,Alex,153133,,3,54,Alex_Iwobi,56,Sunderland,54,Fulham,MID,10
898,262.0,19.0,20.0,1.0,False,2026-08-30T13:00:00Z,1.0,0.0,2.0,False,14.0,0.0,0.0,0.0,0.0,0.0,0.0,0.0,0.0,0.0,0.0,0.0,5.0,5.2,22.8,7.0,3.5,0.0,1.0,0.0,1.0,0.0,0.06,0.02,0.08,0.41,55.0,-3334.0,36765.0,1414.0,4748.0,262,Smith Rowe,Fulham,Emile,209289,,3,54,Emile_Smith Rowe,56,Sunderland,54,Fulham,MID,10
899,263.0,19.0,20.0,1.0,False,2026-08-30T13:00:00Z,1.0,0.0,2.0,False,7.0,0.0,0.0,0.0,0.0,0.0,0.0,0.0,0.0,0.0,0.0,0.0,2.0,0.0,1.5,0.0,0.1,0.0,0.0,0.0,0.0,0.0,0.0,0.04,0.04,0.17,55.0,-443.0,5495.0,419.0,862.0,263,Santos Lopes de Macedo,Fulham,Kevin,560552,,3,54,Kevin_Santos Lopes de Macedo,56,Sunderland,54,Fulham,MID,10
900,264.0,19.0,20.0,3.0,False,2026-08-30T13:00:00Z,1.0,0.0,2.0,False,67.0,0.0,0.0,1.0,0.0,0.0,0.0,0.0,0.0,0.0,0.0,0.0,8.0,7.0,12.4,6.0,2.5,1.0,2.0,2.0,5.0,1.0,0.0,0.01,0.01,0.26,55.0,1523.0,33606.0,4520.0,2997.0,264,Bobb,Fulham,Oscar,477555,,3,54,Oscar_Bobb,56,Sunderland,54,Fulham,MID,10
901,265.0,19.0,20.0,2.0,False,2026-08-30T13:00:00Z,1.0,0.0,2.0,False,82.0,0.0,0.0,0.0,1.0,0.0,0.0,0.0,0.0,0.0,0.0,0.0,14.0,6.0,27.9,2.0,3.6,0.0,2.0,0.0,2.0,1.0,0.0,0.2,0.2,1.85,50.0,-1868.0,38868.0,1465.0,3333.0,265,Berge,Fulham,Sander,207189,,3,54,Sander_Berge,56,Sunderland,54,Fulham,MID,10
902,266.0,19.0,20.0,0.0,False,2026-08-30T13:00:00Z,1.0,0.0,2.0,False,0.0,0.0,0.0,0.0,0.0,0.0,0.0,0.0,0.0,0.0,0.0,0.0,0.0,0.0,0.0,0.0,0.0,0.0,0.0,0.0,0.0,0.0,0.0,0.0,0.0,0.0,50.0,-103.0,379.0,12.0,115.0,266,Cairney,Fulham,Tom,76357,Knee injury - Expected back 10 Oct,3,54,Tom_Cairney,56,Sunderland,54,Fulham,MID,10
903,268.0,19.0,20.0,2.0,False,2026-08-30T13:00:00Z,1.0,0.0,2.0,False,90.0,0.0,0.0,0.0,1.0,0.0,0.0,0.0,0.0,0.0,0.0,0.0,8.0,10.6,4.5,21.0,3.6,1.0,1.0,2.0,4.0,1.0,0.47,0.03,0.5,2.02,55.0,30519.0,59498.0,34683.0,4164.0,268,King,Fulham,Josh,577725,,3,54,Josh_King,56,Sunderland,54,Fulham,MID,10
904,269.0,19.0,20.0,1.0,False,2026-08-30T13:00:00Z,1.0,0.0,2.0,False,22.0,0.0,0.0,0.0,1.0,0.0,0.0,0.0,0.0,0.0,0.0,0.0,3.0,8.6,11.0,8.0,2.8,0.0,1.0,1.0,1.0,0.0,0.02,0.12,0.14,1.77,45.0,-2055.0,41879.0,959.0,3014.0,269,Sessegnon,Fulham,Ryan,184349,,2,54,Ryan_Sessegnon,56,Sunderland,54,Fulham,DEF,10
905,270.0,19.0,20.0,0.0,False,2026-08-30T13:00:00Z,1.0,0.0,2.0,False,0.0,0.0,0.0,0.0,0.0,0.0,0.0,0.0,0.0,0.0,0.0,0.0,0.0,0.0,0.0,0.0,0.0,0.0,0.0,0.0,0.0,0.0,0.0,0.0,0.0,0.0,45.0,-8921.0,141446.0,5582.0,14503.0,270,Reed,Fulham,Harrison,153366,,3,54,Harrison_Reed,56,Sunderland,54,Fulham,MID,10
906,271.0,19.0,20.0,0.0,False,2026-08-30T13:00:00Z,1.0,0.0,2.0,False,0.0,0.0,0.0,0.0,0.0,0.0,0.0,0.0,0.0,0.0,0.0,0.0,0.0,0.0,0.0,0.0,0.0,0.0,0.0,0.0,0.0,0.0,0.0,0.0,0.0,0.0,55.0,-4078.0,54718.0,2812.0,6890.0,271,Muniz Carvalho,Fulham,Rodrigo,244042,,4,54,Rodrigo_Muniz Carvalho,56,Sunderland,54,Fulham,FWD,10
907,272.0,19.0,20.0,0.0,False,2026-08-30T13:00:00Z,1.0,0.0,2.0,False,0.0,0.0,0.0,0.0,0.0,0.0,0.0,0.0,0.0,0.0,0.0,0.0,0.0,0.0,0.0,0.0,0.0,0.0,0.0,0.0,0.0,0.0,0.0,0.0,0.0,0.0,45.0,-20589.0,685336.0,23688.0,44277.0,272,Kusi-Asare,Fulham,Jonah,631786,,4,54,Jonah_Kusi-Asare,56,Sunderland,54,Fulham,FWD,10
908,569.0,19.0,20.0,2.0,False,2026-08-30T13:00:00Z,1.0,0.0,2.0,False,90.0,0.0,0.0,0.0,1.0,0.0,0.0,0.0,0.0,0.0,0.0,0.0,2.0,5.6,2.8,24.0,3.2,2.0,2.0,0.0,4.0,1.0,0.27,0.01,0.28,2.02,60.0,135011.0,399587.0,152218.0,17207.0,569,García,Fulham,Gonzalo,551466,,4,54,Gonzalo_García,56,Sunderland,54,Fulham,FWD,10
909,570.0,19.0,20.0,1.0,False,2026-08-30T13:00:00Z,1.0,0.0,2.0,False,75.0,0.0,0.0,0.0,1.0,0.0,0.0,0.0,1.0,0.0,0.0,0.0,6.0,3.0,1.3,3.0,0.7,3.0,6.0,0.0,9.0,1.0,0.02,0.0,0.02,1.62,55.0,-874.0,20418.0,910.0,1784.0,570,Palacios,Fulham,César,571779,,3,54,César_Palacios,56,Sunderland,54,Fulham,MID,10
910,580.0,19.0,20.0,1.0,False,2026-08-30T13:00:00Z,1.0,0.0,2.0,False,22.0,0.0,0.0,0.0,1.0,0.0,0.0,0.0,0.0,0.0,0.0,0.0,2.0,0.6,2.8,6.0,0.9,1.0,1.0,0.0,2.0,0.0,0.09,0.03,0.12,1.77,50.0,-449.0,8645.0,359.0,808.0,580,Charles,Fulham,Shea,463210,,3,54,Shea_Charles,56,Sunderland,54,Fulham,MID,10
911,610.0,19.0,20.0,0.0,False,2026-08-30T13:00:00Z,1.0,0.0,2.0,False,0.0,0.0,0.0,0.0,0.0,0.0,0.0,0.0,0.0,0.0,0.0,0.0,0.0,0.0,0.0,0.0,0.0,0.0,0.0,0.0,0.0,0.0,0.0,0.0,0.0,0.0,40.0,2577.0,7950.0,3051.0,474.0,610,De Fougerolles,Fulham,Luc,547686,Unspecified injury - 75% chance of playing,2,54,Luc_De Fougerolles,56,Sunderland,54,Fulham,DEF,10
912,626.0,19.0,20.0,0.0,False,2026-08-30T13:00:00Z,1.0,0.0,2.0,False,0.0,0.0,0.0,0.0,0.0,0.0,0.0,0.0,0.0,0.0,0.0,0.0,0.0,0.0,0.0,0.0,0.0,0.0,0.0,0.0,0.0,0.0,0.0,0.0,0.0,0.0,45.0,0.0,0.0,0.0,0.0,626,Zepa,Fulham,Macauley,616069,,3,54,Macauley_Zepa,56,Sunderland,54,Fulham,MID,10
913,273.0,13.0,7.0,0.0,False,2026-08-29T14:00:00Z,0.0,1.0,2.0,False,0.0,0.0,0.0,0.0,0.0,0.0,0.0,0.0,0.0,0.0,0.0,0.0,0.0,0.0,0.0,0.0,0.0,0.0,0.0,0.0,0.0,0.0,0.0,0.0,0.0,0.0,40.0,-3979.0,150763.0,3115.0,7094.0,273,Phillips,Hull City,Dillon,167825,,1,88,Dillon_Phillips,9,Coventry City,88,Hull City,GKP,11
914,274.0,13.0,7.0,0.0,False,2026-08-29T14:00:00Z,0.0,1.0,2.0,False,0.0,0.0,0.0,0.0,0.0,0.0,0.0,0.0,0.0,0.0,0.0,0.0,0.0,0.0,0.0,0.0,0.0,0.0,0.0,0.0,0.0,0.0,0.0,0.0,0.0,0.0,45.0,-1614.0,9646.0,124.0,1738.0,274,Butland,Hull City,Jack,105666,Arm injury - Unknown return date,1,88,Jack_Butland,9,Coventry City,88,Hull City,GKP,11
915,275.0,13.0,7.0,0.0,False,2026-08-29T14:00:00Z,0.0,1.0,2.0,False,0.0,0.0,0.0,0.0,0.0,0.0,0.0,0.0,0.0,0.0,0.0,0.0,0.0,0.0,0.0,0.0,0.0,0.0,0.0,0.0,0.0,0.0,0.0,0.0,0.0,0.0,40.0,-111.0,909.0,0.0,111.0,275,Cartwright,Hull City,Harvey,494950,Has joined Grimsby Town on loan for the rest of the season,1,88,Harvey_Cartwright,9,Coventry City,88,Hull City,GKP,11
916,276.0,13.0,7.0,0.0,False,2026-08-29T14:00:00Z,0.0,1.0,2.0,False,0.0,0.0,0.0,0.0,0.0,0.0,0.0,0.0,0.0,0.0,0.0,0.0,0.0,0.0,0.0,0.0,0.0,0.0,0.0,0.0,0.0,0.0,0.0,0.0,0.0,0.0,40.0,-383.0,3116.0,0.0,383.0,276,Lo-Tutala,Hull City,Thimothée,444307,Has joined Colchester United on loan for the rest of the season,1,88,Thimothée_Lo-Tutala,9,Coventry City,88,Hull City,GKP,11
917,277.0,13.0,7.0,9.0,False,2026-08-29T14:00:00Z,0.0,1.0,2.0,False,90.0,0.0,0.0,1.0,0.0,0.0,0.0,0.0,0.0,0.0,0.0,1.0,25.0,23.8,0.4,0.0,2.4,12.0,1.0,1.0,13.0,1.0,0.0,0.0,0.0,1.29,40.0,31730.0,197783.0,42937.0,11207.0,277,Egan,Hull City,John,108416,,2,88,John_Egan,9,Coventry City,88,Hull City,DEF,11
918,278.0,13.0,7.0,0.0,False,2026-08-29T14:00:00Z,0.0,1.0,2.0,False,0.0,0.0,0.0,0.0,0.0,0.0,0.0,0.0,0.0,0.0,0.0,0.0,0.0,0.0,0.0,0.0,0.0,0.0,0.0,0.0,0.0,0.0,0.0,0.0,0.0,0.0,40.0,-2221.0,10606.0,99.0,2320.0,278,Hughes,Hull City,Charlie,501902,Groin injury - Unknown return date,2,88,Charlie_Hughes,9,Coventry City,88,Hull City,DEF,11
919,279.0,13.0,7.0,6.0,False,2026-08-29T14:00:00Z,0.0,1.0,2.0,False,90.0,0.0,0.0,1.0,0.0,0.0,0.0,0.0,0.0,0.0,0.0,0.0,24.0,15.6,0.8,0.0,1.6,5.0,5.0,2.0,7.0,1.0,0.0,0.0,0.0,1.29,40.0,63813.0,200860.0,79406.0,15593.0,279,Ajayi,Hull City,Semi,146426,,2,88,Semi_Ajayi,9,Coventry City,88,Hull City,DEF,11
920,280.0,13.0,7.0,0.0,False,2026-08-29T14:00:00Z,0.0,1.0,2.0,False,45.0,0.0,0.0,0.0,0.0,0.0,0.0,0.0,1.0,0.0,0.0,0.0,2.0,4.6,0.3,0.0,0.5,4.0,1.0,0.0,4.0,1.0,0.0,0.0,0.0,1.09,40.0,-2458.0,62770.0,2623.0,5081.0,280,Coyle,Hull City,Lewie,193278,Unspecified injury - 75% chance of playing,2,88,Lewie_Coyle,9,Coventry City,88,Hull City,DEF,11
921,281.0,13.0,7.0,1.0,False,2026-08-29T14:00:00Z,0.0,1.0,2.0,False,45.0,0.0,0.0,0.0,0.0,0.0,0.0,0.0,0.0,0.0,0.0,0.0,4.0,4.2,0.4,0.0,0.5,3.0,2.0,0.0,3.0,0.0,0.0,0.0,0.0,0.2,40.0,695.0,7175.0,1108.0,413.0,281,Drameh,Hull City,Cody,433590,,2,88,Cody_Drameh,9,Coventry City,88,Hull City,DEF,11
922,282.0,13.0,7.0,6.0,False,2026-08-29T14:00:00Z,0.0,1.0,2.0,False,90.0,0.0,0.0,1.0,0.0,0.0,0.0,0.0,0.0,0.0,0.0,0.0,21.0,9.6,15.0,2.0,2.7,1.0,4.0,1.0,2.0,1.0,0.0,0.07,0.07,1.29,40.0,8701.0,90479.0,12892.0,4191.0,282,Giles,Hull City,Ryan,232351,,2,88,Ryan_Giles,9,Coventry City,88,Hull City,DEF,11
923,283.0,13.0,7.0,0.0,False,2026-08-29T14:00:00Z,0.0,1.0,2.0,False,0.0,0.0,0.0,0.0,0.0,0.0,0.0,0.0,0.0,0.0,0.0,0.0,0.0,0.0,0.0,0.0,0.0,0.0,0.0,0.0,0.0,0.0,0.0,0.0,0.0,0.0,40.0,-171.0,1177.0,57.0,228.0,283,Jacob,Hull City,Matty,449428,Hip injury - Expected back 5 Sep,2,88,Matty_Jacob,9,Coventry City,88,Hull City,DEF,11
924,284.0,13.0,7.0,0.0,False,2026-08-29T14:00:00Z,0.0,1.0,2.0,False,0.0,0.0,0.0,0.0,0.0,0.0,0.0,0.0,0.0,0.0,0.0,0.0,0.0,0.0,0.0,0.0,0.0,0.0,0.0,0.0,0.0,0.0,0.0,0.0,0.0,0.0,40.0,-284.0,8232.0,675.0,959.0,284,McCarthy,Hull City,Cathal,661800,,2,88,Cathal_McCarthy,9,Coventry City,88,Hull City,DEF,11
925,285.0,13.0,7.0,0.0,False,2026-08-29T14:00:00Z,0.0,1.0,2.0,False,0.0,0.0,0.0,0.0,0.0,0.0,0.0,0.0,0.0,0.0,0.0,0.0,0.0,0.0,0.0,0.0,0.0,0.0,0.0,0.0,0.0,0.0,0.0,0.0,0.0,0.0,40.0,-44.0,13083.0,646.0,690.0,285,McNair,Hull City,Paddy,160817,,2,88,Paddy_McNair,9,Coventry City,88,Hull City,DEF,11
926,286.0,13.0,7.0,6.0,False,2026-08-29T14:00:00Z,0.0,1.0,2.0,False,82.0,0.0,1.0,1.0,0.0,0.0,0.0,0.0,0.0,0.0,0.0,0.0,23.0,23.2,12.1,11.0,4.6,3.0,5.0,2.0,10.0,1.0,0.12,0.02,0.14,1.11,50.0,9859.0,63814.0,13890.0,4031.0,286,Belloumi,Hull City,Mohamed,540324,,3,88,Mohamed_Belloumi,9,Coventry City,88,Hull City,MID,11
927,287.0,13.0,7.0,6.0,False,2026-08-29T14:00:00Z,0.0,1.0,2.0,False,31.0,1.0,0.0,0.0,0.0,0.0,0.0,0.0,0.0,0.0,0.0,0.0,24.0,34.0,0.8,13.0,4.8,1.0,0.0,0.0,1.0,0.0,0.58,0.0,0.58,0.2,50.0,-682.0,6233.0,305.0,987.0,287,Millar,Hull City,Liam,232905,,3,88,Liam_Millar,9,Coventry City,88,Hull City,MID,11
928,288.0,13.0,7.0,0.0,False,2026-08-29T14:00:00Z,0.0,1.0,2.0,False,0.0,0.0,0.0,0.0,0.0,0.0,0.0,0.0,0.0,0.0,0.0,0.0,0.0,0.0,0.0,0.0,0.0,0.0,0.0,0.0,0.0,0.0,0.0,0.0,0.0,0.0,45.0,-2542.0,35966.0,1716.0,4258.0,288,Dowell,Hull City,Kieran,171270,,3,88,Kieran_Dowell,9,Coventry City,88,Hull City,MID,11
929,289.0,13.0,7.0,0.0,False,2026-08-29T14:00:00Z,0.0,1.0,2.0,False,0.0,0.0,0.0,0.0,0.0,0.0,0.0,0.0,0.0,0.0,0.0,0.0,0.0,0.0,0.0,0.0,0.0,0.0,0.0,0.0,0.0,0.0,0.0,0.0,0.0,0.0,45.0,4451.0,71261.0,10141.0,5690.0,289,Crooks,Hull City,Matt,101282,Thigh injury - 75% chance of playing,3,88,Matt_Crooks,9,Coventry City,88,Hull City,MID,11
930,290.0,13.0,7.0,2.0,False,2026-08-29T14:00:00Z,0.0,1.0,2.0,False,90.0,0.0,0.0,1.0,0.0,0.0,0.0,0.0,1.0,0.0,0.0,0.0,6.0,9.8,2.8,2.0,1.5,2.0,4.0,4.0,10.0,1.0,0.0,0.01,0.01,1.29,45.0,69997.0,391444.0,92371.0,22374.0,290,Slater,Hull City,Regan,243413,,3,88,Regan_Slater,9,Coventry City,88,Hull City,MID,11
931,291.0,13.0,7.0,0.0,False,2026-08-29T14:00:00Z,0.0,1.0,2.0,False,0.0,0.0,0.0,0.0,0.0,0.0,0.0,0.0,0.0,0.0,0.0,0.0,0.0,0.0,0.0,0.0,0.0,0.0,0.0,0.0,0.0,0.0,0.0,0.0,0.0,0.0,45.0,-32.0,625.0,64.0,96.0,291,Matazo,Hull City,Eliot,465525,Knee injury - Unknown return date,3,88,Eliot_Matazo,9,Coventry City,88,Hull City,MID,11
932,292.0,13.0,7.0,0.0,False,2026-08-29T14:00:00Z,0.0,1.0,2.0,False,0.0,0.0,0.0,0.0,0.0,0.0,0.0,0.0,0.0,0.0,0.0,0.0,0.0,0.0,0.0,0.0,0.0,0.0,0.0,0.0,0.0,0.0,0.0,0.0,0.0,0.0,50.0,-178.0,1668.0,209.0,387.0,292,Ömür,Hull City,Abdülkadir,208481,,3,88,Abdülkadir_Ömür,9,Coventry City,88,Hull City,MID,11
933,293.0,13.0,7.0,0.0,False,2026-08-29T14:00:00Z,0.0,1.0,2.0,False,0.0,0.0,0.0,0.0,0.0,0.0,0.0,0.0,0.0,0.0,0.0,0.0,0.0,0.0,0.0,0.0,0.0,0.0,0.0,0.0,0.0,0.0,0.0,0.0,0.0,0.0,50.0,-197.0,353.0,0.0,197.0,293,Kamara,Hull City,Abu,490161,Has joined Portsmouth permanently,3,88,Abu_Kamara,9,Coventry City,88,Hull City,MID,11
934,294.0,13.0,7.0,0.0,False,2026-08-29T14:00:00Z,0.0,1.0,2.0,False,0.0,0.0,0.0,0.0,0.0,0.0,0.0,0.0,0.0,0.0,0.0,0.0,0.0,0.0,0.0,0.0,0.0,0.0,0.0,0.0,0.0,0.0,0.0,0.0,0.0,0.0,45.0,-1658.0,10090.0,491.0,2149.0,294,Zambrano,Hull City,Óscar,553783,Thigh injury - Unknown return date,3,88,Óscar_Zambrano,9,Coventry City,88,Hull City,MID,11
935,295.0,13.0,7.0,1.0,False,2026-08-29T14:00:00Z,0.0,1.0,2.0,False,90.0,0.0,0.0,1.0,0.0,0.0,0.0,0.0,1.0,0.0,0.0,0.0,7.0,0.8,13.3,8.0,2.2,0.0,4.0,0.0,4.0,1.0,0.0,0.01,0.01,1.29,55.0,66700.0,219548.0,82641.0,15941.0,295,McBurnie,Hull City,Oli,169432,,4,88,Oli_McBurnie,9,Coventry City,88,Hull City,FWD,11
936,296.0,13.0,7.0,0.0,False,2026-08-29T14:00:00Z,0.0,1.0,2.0,False,0.0,0.0,0.0,0.0,0.0,0.0,0.0,0.0,0.0,0.0,0.0,0.0,0.0,0.0,0.0,0.0,0.0,0.0,0.0,0.0,0.0,0.0,0.0,0.0,0.0,0.0,50.0,-26.0,4113.0,914.0,940.0,296,Akintola,Hull City,David,213292,,3,88,David_Akintola,9,Coventry City,88,Hull City,MID,11
937,297.0,13.0,7.0,0.0,False,2026-08-29T14:00:00Z,0.0,1.0,2.0,False,0.0,0.0,0.0,0.0,0.0,0.0,0.0,0.0,0.0,0.0,0.0,0.0,0.0,0.0,0.0,0.0,0.0,0.0,0.0,0.0,0.0,0.0,0.0,0.0,0.0,0.0,45.0,-462.0,2377.0,64.0,526.0,297,Gyabi,Hull City,Darko,470294,Thigh injury - Unknown return date,3,88,Darko_Gyabi,9,Coventry City,88,Hull City,MID,11
938,298.0,13.0,7.0,0.0,False,2026-08-29T14:00:00Z,0.0,1.0,2.0,False,0.0,0.0,0.0,0.0,0.0,0.0,0.0,0.0,0.0,0.0,0.0,0.0,0.0,0.0,0.0,0.0,0.0,0.0,0.0,0.0,0.0,0.0,0.0,0.0,0.0,0.0,45.0,-8866.0,31698.0,0.0,8866.0,298,Destan,Hull City,Enis,500957,Has joined Konyaspor permanently,4,88,Enis_Destan,9,Coventry City,88,Hull City,FWD,11
939,299.0,13.0,7.0,0.0,False,2026-08-29T14:00:00Z,0.0,1.0,2.0,False,0.0,0.0,0.0,0.0,0.0,0.0,0.0,0.0,0.0,0.0,0.0,0.0,0.0,0.0,0.0,0.0,0.0,0.0,0.0,0.0,0.0,0.0,0.0,0.0,0.0,0.0,45.0,-1210.0,5122.0,0.0,1210.0,299,Burstow,Hull City,Mason,534392,Has joined Sheffield Wednesday on loan for the rest of the season,4,88,Mason_Burstow,9,Coventry City,88,Hull City,FWD,11
940,340.0,13.0,7.0,0.0,False,2026-08-29T14:00:00Z,0.0,1.0,2.0,False,0.0,0.0,0.0,0.0,0.0,0.0,0.0,0.0,0.0,0.0,0.0,0.0,0.0,0.0,0.0,0.0,0.0,0.0,0.0,0.0,0.0,0.0,0.0,0.0,0.0,0.0,50.0,-243.0,1160.0,45.0,288.0,340,Gelhardt,Hull City,Joe,462635,Ankle injury - Expected back 5 Sep,3,88,Joe_Gelhardt,9,Coventry City,88,Hull City,MID,11
941,556.0,13.0,7.0,0.0,False,2026-08-29T14:00:00Z,0.0,1.0,2.0,False,0.0,0.0,0.0,0.0,0.0,0.0,0.0,0.0,0.0,0.0,0.0,0.0,0.0,0.0,0.0,0.0,0.0,0.0,0.0,0.0,0.0,0.0,0.0,0.0,0.0,0.0,40.0,-10048.0,224749.0,5393.0,15441.0,556,Targett,Hull City,Matt,169359,,2,88,Matt_Targett,9,Coventry City,88,Hull City,DEF,11
942,563.0,13.0,7.0,1.0,False,2026-08-29T14:00:00Z,0.0,1.0,2.0,False,45.0,0.0,0.0,0.0,0.0,0.0,0.0,0.0,0.0,0.0,0.0,0.0,6.0,11.0,13.4,0.0,2.4,2.0,1.0,0.0,3.0,1.0,0.0,0.0,0.0,1.09,50.0,-210.0,2129.0,118.0,328.0,563,Morita,Hull City,Hidemasa,445028,,3,88,Hidemasa_Morita,9,Coventry City,88,Hull City,MID,11
943,572.0,13.0,7.0,10.0,False,2026-08-29T14:00:00Z,0.0,1.0,2.0,False,90.0,0.0,0.0,1.0,0.0,0.0,0.0,0.0,0.0,0.0,3.0,3.0,32.0,26.2,0.0,0.0,2.6,0.0,11.0,0.0,0.0,1.0,0.0,0.0,0.0,1.29,45.0,89555.0,301344.0,101970.0,12415.0,572,Tzolakis,Hull City,Konstantinos,473284,,1,88,Konstantinos_Tzolakis,9,Coventry City,88,Hull City,GKP,11
944,574.0,13.0,7.0,0.0,False,2026-08-29T14:00:00Z,0.0,1.0,2.0,False,0.0,0.0,0.0,0.0,0.0,0.0,0.0,0.0,0.0,0.0,0.0,0.0,0.0,0.0,0.0,0.0,0.0,0.0,0.0,0.0,0.0,0.0,0.0,0.0,0.0,0.0,50.0,-662.0,7716.0,307.0,969.0,574,Hjertø-Dahl,Hull City,Jens,552946,,3,88,Jens_Hjertø-Dahl,9,Coventry City,88,Hull City,MID,11
945,576.0,13.0,7.0,0.0,False,2026-08-29T14:00:00Z,0.0,1.0,2.0,False,58.0,0.0,0.0,0.0,0.0,0.0,0.0,0.0,1.0,0.0,0.0,0.0,-2.0,0.0,4.3,7.0,0.9,2.0,5.0,0.0,7.0,1.0,0.01,0.01,0.02,1.09,50.0,833.0,9465.0,1430.0,597.0,576,Stroud,Hull City,Elliot,608227,,3,88,Elliot_Stroud,9,Coventry City,88,Hull City,MID,11
946,585.0,13.0,7.0,1.0,False,2026-08-29T14:00:00Z,0.0,1.0,2.0,False,31.0,0.0,0.0,0.0,0.0,0.0,0.0,0.0,0.0,0.0,0.0,0.0,3.0,3.0,0.2,0.0,0.3,1.0,0.0,0.0,1.0,0.0,0.0,0.0,0.0,0.2,40.0,-831.0,63919.0,2771.0,3602.0,585,Herrington,Hull City,Lucas,597462,,2,88,Lucas_Herrington,9,Coventry City,88,Hull City,DEF,11
947,586.0,13.0,7.0,1.0,False,2026-08-29T14:00:00Z,0.0,1.0,2.0,False,58.0,0.0,0.0,0.0,0.0,0.0,0.0,0.0,0.0,0.0,0.0,0.0,9.0,27.6,0.0,7.0,3.5,7.0,2.0,2.0,9.0,1.0,0.01,0.0,0.01,1.09,40.0,160120.0,418634.0,179580.0,19460.0,586,Mendy,Hull City,Nobel,606930,,2,88,Nobel_Mendy,9,Coventry City,88,Hull City,DEF,11
948,589.0,13.0,7.0,1.0,False,2026-08-29T14:00:00Z,0.0,1.0,2.0,False,45.0,0.0,0.0,0.0,0.0,0.0,0.0,0.0,0.0,0.0,0.0,0.0,6.0,12.8,0.9,0.0,1.4,1.0,2.0,3.0,6.0,0.0,0.0,0.01,0.01,0.2,50.0,-178.0,2781.0,135.0,313.0,589,Gourna-Douath,Hull City,Lucas,469266,,3,88,Lucas_Gourna-Douath,9,Coventry City,88,Hull City,MID,11
949,617.0,13.0,7.0,1.0,False,2026-08-29T14:00:00Z,0.0,1.0,2.0,False,7.0,0.0,0.0,0.0,0.0,0.0,0.0,0.0,0.0,0.0,0.0,0.0,3.0,0.4,0.3,0.0,0.1,0.0,0.0,0.0,0.0,0.0,0.0,0.0,0.0,0.18,50.0,23.0,49.0,25.0,2.0,617,Cho,Hull City,Mohamed-Ali,490884,,3,88,Mohamed-Ali_Cho,9,Coventry City,88,Hull City,MID,11
950,259.0,18.0,16.0,2.0,False,2026-08-30T15:30:00Z,5.0,2.0,2.0,False,90.0,0.0,0.0,0.0,5.0,0.0,0.0,0.0,0.0,0.0,0.0,0.0,7.0,40.8,0.3,0.0,4.1,12.0,4.0,0.0,12.0,1.0,0.0,0.0,0.0,4.77,40.0,-44411.0,1683238.0,26513.0,70924.0,259,Diop,Ipswich Town,Issa,219924,,2,40,Issa_Diop,1,Man Utd,40,Ipswich Town,DEF,12
951,267.0,18.0,16.0,1.0,False,2026-08-30T15:30:00Z,5.0,2.0,2.0,False,72.0,0.0,0.0,0.0,4.0,0.0,0.0,0.0,1.0,0.0,0.0,0.0,11.0,17.4,11.9,2.0,3.1,7.0,1.0,3.0,11.0,1.0,0.02,0.02,0.04,3.91,50.0,-167.0,12592.0,1178.0,1345.0,267,Lukić,Ipswich Town,Saša,212314,,3,40,Saša_Lukić,1,Man Utd,40,Ipswich Town,MID,12
952,300.0,18.0,16.0,0.0,False,2026-08-30T15:30:00Z,5.0,2.0,2.0,False,0.0,0.0,0.0,0.0,0.0,0.0,0.0,0.0,0.0,0.0,0.0,0.0,0.0,0.0,0.0,0.0,0.0,0.0,0.0,0.0,0.0,0.0,0.0,0.0,0.0,0.0,45.0,-4363.0,48759.0,209.0,4572.0,300,Walton,Ipswich Town,Christian,108813,,1,40,Christian_Walton,1,Man Utd,40,Ipswich Town,GKP,12
953,301.0,18.0,16.0,0.0,False,2026-08-30T15:30:00Z,5.0,2.0,2.0,False,0.0,0.0,0.0,0.0,0.0,0.0,0.0,0.0,0.0,0.0,0.0,0.0,0.0,0.0,0.0,0.0,0.0,0.0,0.0,0.0,0.0,0.0,0.0,0.0,0.0,0.0,40.0,-9662.0,442454.0,7686.0,17348.0,301,Palmer,Ipswich Town,Alex,112520,,1,40,Alex_Palmer,1,Man Utd,40,Ipswich Town,GKP,12
954,302.0,18.0,16.0,0.0,False,2026-08-30T15:30:00Z,5.0,2.0,2.0,False,0.0,0.0,0.0,0.0,0.0,0.0,0.0,0.0,0.0,0.0,0.0,0.0,0.0,0.0,0.0,0.0,0.0,0.0,0.0,0.0,0.0,0.0,0.0,0.0,0.0,0.0,40.0,140.0,44640.0,1959.0,1819.0,302,Button,Ipswich Town,David,50093,,1,40,David_Button,1,Man Utd,40,Ipswich Town,GKP,12
955,303.0,18.0,16.0,0.0,False,2026-08-30T15:30:00Z,5.0,2.0,2.0,False,0.0,0.0,0.0,0.0,0.0,0.0,0.0,0.0,0.0,0.0,0.0,0.0,0.0,0.0,0.0,0.0,0.0,0.0,0.0,0.0,0.0,0.0,0.0,0.0,0.0,0.0,40.0,-4615.0,60443.0,332.0,4947.0,303,Kipré,Ipswich Town,Cédric,183015,,2,40,Cédric_Kipré,1,Man Utd,40,Ipswich Town,DEF,12
956,304.0,18.0,16.0,0.0,False,2026-08-30T15:30:00Z,5.0,2.0,2.0,False,90.0,0.0,0.0,0.0,5.0,0.0,0.0,0.0,0.0,0.0,0.0,0.0,-14.0,0.0,0.8,9.0,0.9,1.0,2.0,0.0,1.0,1.0,0.07,0.01,0.08,4.77,40.0,1655.0,338381.0,15639.0,13984.0,304,O'Shea,Ipswich Town,Dara,216616,,2,40,Dara_O'Shea,1,Man Utd,40,Ipswich Town,DEF,12
957,305.0,18.0,16.0,6.0,False,2026-08-30T15:30:00Z,5.0,2.0,2.0,False,90.0,1.0,0.0,0.0,5.0,0.0,0.0,0.0,0.0,0.0,0.0,0.0,1.0,47.0,14.7,50.0,11.2,4.0,1.0,0.0,4.0,1.0,0.54,0.12,0.66,4.77,40.0,-13968.0,482824.0,7322.0,21290.0,305,Davis,Ipswich Town,Leif,455084,,2,40,Leif_Davis,1,Man Utd,40,Ipswich Town,DEF,12
958,306.0,18.0,16.0,-1.0,False,2026-08-30T15:30:00Z,5.0,2.0,2.0,False,90.0,0.0,0.0,0.0,5.0,1.0,0.0,0.0,1.0,0.0,0.0,0.0,-13.0,18.4,1.3,0.0,2.0,9.0,4.0,1.0,10.0,1.0,0.0,0.01,0.01,4.77,40.0,-4475.0,141835.0,1636.0,6111.0,306,Greaves,Ipswich Town,Jacob,449429,,2,40,Jacob_Greaves,1,Man Utd,40,Ipswich Town,DEF,12
959,307.0,18.0,16.0,0.0,False,2026-08-30T15:30:00Z,5.0,2.0,2.0,False,0.0,0.0,0.0,0.0,0.0,0.0,0.0,0.0,0.0,0.0,0.0,0.0,0.0,0.0,0.0,0.0,0.0,0.0,0.0,0.0,0.0,0.0,0.0,0.0,0.0,0.0,40.0,-595.0,10501.0,427.0,1022.0,307,Johnson,Ipswich Town,Ben,222018,,2,40,Ben_Johnson,1,Man Utd,40,Ipswich Town,DEF,12
960,308.0,18.0,16.0,1.0,False,2026-08-30T15:30:00Z,5.0,2.0,2.0,False,17.0,0.0,0.0,0.0,1.0,0.0,0.0,0.0,0.0,0.0,0.0,0.0,-1.0,5.0,0.5,0.0,0.6,2.0,0.0,1.0,3.0,0.0,0.0,0.0,0.0,0.86,40.0,-4147.0,59266.0,269.0,4416.0,308,Furlong,Ipswich Town,Darnell,176420,,2,40,Darnell_Furlong,1,Man Utd,40,Ipswich Town,DEF,12
961,309.0,18.0,16.0,2.0,False,2026-08-30T15:30:00Z,5.0,2.0,2.0,False,61.0,0.0,0.0,0.0,3.0,0.0,0.0,0.0,0.0,0.0,0.0,0.0,6.0,11.6,12.1,2.0,2.6,4.0,4.0,1.0,9.0,1.0,0.0,0.02,0.02,2.85,50.0,-196.0,14039.0,1197.0,1393.0,309,Núñez,Ipswich Town,Marcelino,501390,,3,40,Marcelino_Núñez,1,Man Utd,40,Ipswich Town,MID,12
962,310.0,18.0,16.0,0.0,False,2026-08-30T15:30:00Z,5.0,2.0,2.0,False,0.0,0.0,0.0,0.0,0.0,0.0,0.0,0.0,0.0,0.0,0.0,0.0,0.0,0.0,0.0,0.0,0.0,0.0,0.0,0.0,0.0,0.0,0.0,0.0,0.0,0.0,50.0,-104.0,328.0,8.0,112.0,310,Matusiwa,Ipswich Town,Azor,241117,Muscular injury - Unknown return date,3,40,Azor_Matusiwa,1,Man Utd,40,Ipswich Town,MID,12
963,311.0,18.0,16.0,0.0,False,2026-08-30T15:30:00Z,5.0,2.0,2.0,False,0.0,0.0,0.0,0.0,0.0,0.0,0.0,0.0,0.0,0.0,0.0,0.0,0.0,0.0,0.0,0.0,0.0,0.0,0.0,0.0,0.0,0.0,0.0,0.0,0.0,0.0,50.0,-191.0,366.0,0.0,191.0,311,Burns,Ipswich Town,Wes,149929,Has joined Leicester City permanently,3,40,Wes_Burns,1,Man Utd,40,Ipswich Town,MID,12
964,312.0,18.0,16.0,0.0,False,2026-08-30T15:30:00Z,5.0,2.0,2.0,False,0.0,0.0,0.0,0.0,0.0,0.0,0.0,0.0,0.0,0.0,0.0,0.0,0.0,0.0,0.0,0.0,0.0,0.0,0.0,0.0,0.0,0.0,0.0,0.0,0.0,0.0,45.0,-772.0,3887.0,111.0,883.0,312,Taylor,Ipswich Town,Jack,231899,Knee injury - Unknown return date,3,40,Jack_Taylor,1,Man Utd,40,Ipswich Town,MID,12
965,313.0,18.0,16.0,0.0,False,2026-08-30T15:30:00Z,5.0,2.0,2.0,False,0.0,0.0,0.0,0.0,0.0,0.0,0.0,0.0,0.0,0.0,0.0,0.0,0.0,0.0,0.0,0.0,0.0,0.0,0.0,0.0,0.0,0.0,0.0,0.0,0.0,0.0,55.0,759.0,29170.0,3202.0,2443.0,313,Clarke,Ipswich Town,Jack,443261,,3,40,Jack_Clarke,1,Man Utd,40,Ipswich Town,MID,12
966,314.0,18.0,16.0,0.0,False,2026-08-30T15:30:00Z,5.0,2.0,2.0,False,0.0,0.0,0.0,0.0,0.0,0.0,0.0,0.0,0.0,0.0,0.0,0.0,0.0,0.0,0.0,0.0,0.0,0.0,0.0,0.0,0.0,0.0,0.0,0.0,0.0,0.0,50.0,-206.0,1468.0,37.0,243.0,314,Ogbene,Ipswich Town,Chiedozie,229164,,3,40,Chiedozie_Ogbene,1,Man Utd,40,Ipswich Town,MID,12
967,315.0,18.0,16.0,4.0,False,2026-08-30T15:30:00Z,5.0,2.0,2.0,False,82.0,0.0,1.0,0.0,5.0,0.0,0.0,0.0,1.0,0.0,0.0,0.0,25.0,26.6,42.3,2.0,7.1,1.0,2.0,1.0,4.0,1.0,0.0,0.22,0.22,4.59,55.0,-2198.0,21573.0,570.0,2768.0,315,Fatawu,Ipswich Town,Abdul,531442,,3,40,Abdul_Fatawu,1,Man Utd,40,Ipswich Town,MID,12
968,316.0,18.0,16.0,1.0,False,2026-08-30T15:30:00Z,5.0,2.0,2.0,False,45.0,0.0,0.0,0.0,1.0,0.0,0.0,0.0,0.0,0.0,0.0,0.0,7.0,1.0,11.1,2.0,1.4,1.0,0.0,0.0,1.0,1.0,0.0,0.0,0.0,0.77,55.0,59997.0,182058.0,76807.0,16810.0,316,Correia da Silva,Ipswich Town,Emersonn,543968,Knee injury - 75% chance of playing,4,40,Emersonn_Correia da Silva,1,Man Utd,40,Ipswich Town,FWD,12
969,317.0,18.0,16.0,0.0,False,2026-08-30T15:30:00Z,5.0,2.0,2.0,False,0.0,0.0,0.0,0.0,0.0,0.0,0.0,0.0,0.0,0.0,0.0,0.0,0.0,0.0,0.0,0.0,0.0,0.0,0.0,0.0,0.0,0.0,0.0,0.0,0.0,0.0,50.0,-8695.0,16241.0,0.0,8695.0,317,Hirst,Ipswich Town,George,222625,Has joined Stoke City permanently,4,40,George_Hirst,1,Man Utd,40,Ipswich Town,FWD,12
970,318.0,18.0,16.0,0.0,False,2026-08-30T15:30:00Z,5.0,2.0,2.0,False,0.0,0.0,0.0,0.0,0.0,0.0,0.0,0.0,0.0,0.0,0.0,0.0,0.0,0.0,0.0,0.0,0.0,0.0,0.0,0.0,0.0,0.0,0.0,0.0,0.0,0.0,55.0,-3822.0,12592.0,106.0,3928.0,318,Philogene,Ipswich Town,Jaden,481624,Ankle injury - Unknown return date,3,40,Jaden_Philogene,1,Man Utd,40,Ipswich Town,MID,12
971,319.0,18.0,16.0,0.0,False,2026-08-30T15:30:00Z,5.0,2.0,2.0,False,0.0,0.0,0.0,0.0,0.0,0.0,0.0,0.0,0.0,0.0,0.0,0.0,0.0,0.0,0.0,0.0,0.0,0.0,0.0,0.0,0.0,0.0,0.0,0.0,0.0,0.0,50.0,-409.0,615.0,0.0,409.0,319,Szmodics,Ipswich Town,Sam,172453,Has joined Derby County on loan for the rest of the season,3,40,Sam_Szmodics,1,Man Utd,40,Ipswich Town,MID,12
972,320.0,18.0,16.0,5.0,False,2026-08-30T15:30:00Z,5.0,2.0,2.0,False,45.0,1.0,0.0,0.0,4.0,0.0,0.0,0.0,0.0,0.0,0.0,0.0,30.0,33.2,1.7,17.0,5.2,0.0,0.0,0.0,0.0,0.0,0.97,0.0,0.97,4.01,50.0,-1625.0,52422.0,4625.0,6250.0,320,Akpom,Ipswich Town,Chuba,147675,,4,40,Chuba_Akpom,1,Man Utd,40,Ipswich Town,FWD,12
973,321.0,18.0,16.0,0.0,False,2026-08-30T15:30:00Z,5.0,2.0,2.0,False,0.0,0.0,0.0,0.0,0.0,0.0,0.0,0.0,0.0,0.0,0.0,0.0,0.0,0.0,0.0,0.0,0.0,0.0,0.0,0.0,0.0,0.0,0.0,0.0,0.0,0.0,45.0,17271.0,247770.0,40712.0,23441.0,321,Walle Egeli,Ipswich Town,Sindre,557012,,4,40,Sindre_Walle Egeli,1,Man Utd,40,Ipswich Town,FWD,12
974,322.0,18.0,16.0,0.0,False,2026-08-30T15:30:00Z,5.0,2.0,2.0,False,0.0,0.0,0.0,0.0,0.0,0.0,0.0,0.0,0.0,0.0,0.0,0.0,0.0,0.0,0.0,0.0,0.0,0.0,0.0,0.0,0.0,0.0,0.0,0.0,0.0,0.0,50.0,-2247.0,12213.0,755.0,3002.0,322,Al-Hamadi,Ipswich Town,Ali,462387,Has joined Sheffield Wednesday on loan for the rest of the season,4,40,Ali_Al-Hamadi,1,Man Utd,40,Ipswich Town,FWD,12
975,323.0,18.0,16.0,1.0,False,2026-08-30T15:30:00Z,5.0,2.0,2.0,False,7.0,0.0,0.0,0.0,0.0,0.0,0.0,0.0,0.0,0.0,0.0,0.0,3.0,0.2,0.0,0.0,0.0,0.0,1.0,0.0,1.0,0.0,0.0,0.0,0.0,0.18,45.0,-5950.0,133761.0,5615.0,11565.0,323,McAteer,Ipswich Town,Kasey,461587,,3,40,Kasey_McAteer,1,Man Utd,40,Ipswich Town,MID,12
976,324.0,18.0,16.0,0.0,False,2026-08-30T15:30:00Z,5.0,2.0,2.0,False,0.0,0.0,0.0,0.0,0.0,0.0,0.0,0.0,0.0,0.0,0.0,0.0,0.0,0.0,0.0,0.0,0.0,0.0,0.0,0.0,0.0,0.0,0.0,0.0,0.0,0.0,50.0,-639.0,4692.0,47.0,686.0,324,Mehmeti,Ipswich Town,Anis,232457,,3,40,Anis_Mehmeti,1,Man Utd,40,Ipswich Town,MID,12
977,554.0,18.0,16.0,0.0,False,2026-08-30T15:30:00Z,5.0,2.0,2.0,False,0.0,0.0,0.0,0.0,0.0,0.0,0.0,0.0,0.0,0.0,0.0,0.0,0.0,0.0,0.0,0.0,0.0,0.0,0.0,0.0,0.0,0.0,0.0,0.0,0.0,0.0,45.0,-583.0,3085.0,54.0,637.0,554,van Oevelen,Ipswich Town,Kayne,546600,Has joined Valencia on loan for the rest of the season,1,40,Kayne_van Oevelen,1,Man Utd,40,Ipswich Town,GKP,12
978,562.0,18.0,16.0,2.0,False,2026-08-30T15:30:00Z,5.0,2.0,2.0,False,72.0,0.0,0.0,0.0,4.0,0.0,0.0,0.0,0.0,0.0,0.0,0.0,10.0,8.0,1.4,19.0,2.8,3.0,1.0,1.0,5.0,1.0,0.06,0.01,0.07,3.91,55.0,-3302.0,37115.0,740.0,4042.0,562,Maeda,Ipswich Town,Daizen,442967,,3,40,Daizen_Maeda,1,Man Utd,40,Ipswich Town,MID,12
979,564.0,18.0,16.0,2.0,False,2026-08-30T15:30:00Z,5.0,2.0,2.0,False,90.0,0.0,0.0,0.0,5.0,0.0,0.0,0.0,0.0,0.0,6.0,0.0,9.0,46.4,0.0,0.0,4.6,4.0,13.0,0.0,0.0,1.0,0.0,0.01,0.01,4.77,45.0,-2247.0,62701.0,1329.0,3576.0,564,Scherpen,Ipswich Town,Kjell,240514,,1,40,Kjell_Scherpen,1,Man Utd,40,Ipswich Town,GKP,12
980,571.0,18.0,16.0,0.0,False,2026-08-30T15:30:00Z,5.0,2.0,2.0,False,0.0,0.0,0.0,0.0,0.0,0.0,0.0,0.0,0.0,0.0,0.0,0.0,0.0,0.0,0.0,0.0,0.0,0.0,0.0,0.0,0.0,0.0,0.0,0.0,0.0,0.0,50.0,-1993.0,11870.0,214.0,2207.0,571,Morris Luís,Ipswich Town,Florentino Ibrain,216055,Calf injury - 75% chance of playing,3,40,Florentino Ibrain_Morris Luís,1,Man Utd,40,Ipswich Town,MID,12
981,591.0,18.0,16.0,5.0,False,2026-08-30T15:30:00Z,5.0,2.0,2.0,False,90.0,0.0,1.0,0.0,5.0,0.0,0.0,0.0,0.0,0.0,0.0,0.0,25.0,21.8,12.4,21.0,5.5,0.0,7.0,1.0,8.0,1.0,0.4,0.31,0.71,4.77,55.0,13215.0,48266.0,17669.0,4454.0,591,Enciso,Ipswich Town,Julio,474120,,3,40,Julio_Enciso,1,Man Utd,40,Ipswich Town,MID,12
982,592.0,18.0,16.0,1.0,False,2026-08-30T15:30:00Z,5.0,2.0,2.0,False,17.0,0.0,0.0,0.0,1.0,0.0,0.0,0.0,0.0,0.0,0.0,0.0,-1.0,0.6,0.6,0.0,0.1,0.0,1.0,0.0,0.0,0.0,0.0,0.0,0.0,0.86,40.0,-3097.0,99458.0,2769.0,5866.0,592,Ouattara,Ipswich Town,Abdoul,572584,,2,40,Abdoul_Ouattara,1,Man Utd,40,Ipswich Town,DEF,12
983,602.0,18.0,16.0,0.0,False,2026-08-30T15:30:00Z,5.0,2.0,2.0,False,0.0,0.0,0.0,0.0,0.0,0.0,0.0,0.0,0.0,0.0,0.0,0.0,0.0,0.0,0.0,0.0,0.0,0.0,0.0,0.0,0.0,0.0,0.0,0.0,0.0,0.0,45.0,942.0,3086.0,1275.0,333.0,602,Humphreys,Ipswich Town,Cameron,524180,,3,40,Cameron_Humphreys,1,Man Utd,40,Ipswich Town,MID,12
984,619.0,18.0,16.0,1.0,False,2026-08-30T15:30:00Z,5.0,2.0,2.0,False,28.0,0.0,0.0,0.0,2.0,0.0,0.0,0.0,0.0,0.0,0.0,0.0,11.0,7.2,12.0,2.0,2.1,2.0,3.0,1.0,6.0,0.0,0.0,0.01,0.01,1.92,50.0,84.0,127.0,89.0,5.0,619,Palacios,Ipswich Town,Exequiel,218543,,3,40,Exequiel_Palacios,1,Man Utd,40,Ipswich Town,MID,12
985,260.0,17.0,4.0,1.0,True,2026-08-30T13:00:00Z,1.0,1.0,2.0,False,45.0,0.0,0.0,0.0,0.0,0.0,0.0,0.0,0.0,0.0,0.0,0.0,7.0,8.4,12.1,6.0,2.7,2.0,3.0,1.0,6.0,0.0,0.01,0.04,0.05,1.13,65.0,-42839.0,557212.0,14929.0,57768.0,260,Wilson,Leeds,Harry,153682,,3,2,Harry_Wilson,94,Brentford,2,Leeds,MID,13
986,326.0,17.0,4.0,0.0,True,2026-08-30T13:00:00Z,1.0,1.0,2.0,False,0.0,0.0,0.0,0.0,0.0,0.0,0.0,0.0,0.0,0.0,0.0,0.0,0.0,0.0,0.0,0.0,0.0,0.0,0.0,0.0,0.0,0.0,0.0,0.0,0.0,0.0,45.0,-5031.0,54468.0,328.0,5359.0,326,Perri,Leeds,Lucas Estella,201595,Has joined Torino on loan for the rest of the season,1,2,Lucas Estella_Perri,94,Brentford,2,Leeds,GKP,13
987,327.0,17.0,4.0,1.0,True,2026-08-30T13:00:00Z,1.0,1.0,2.0,False,45.0,0.0,0.0,0.0,1.0,0.0,0.0,0.0,0.0,0.0,0.0,0.0,0.0,8.4,0.2,0.0,0.9,5.0,2.0,0.0,5.0,1.0,0.0,0.0,0.0,0.55,50.0,37035.0,96315.0,45219.0,8184.0,327,Bijol,Leeds,Jaka,434752,,2,2,Jaka_Bijol,94,Brentford,2,Leeds,DEF,13
988,329.0,17.0,4.0,1.0,True,2026-08-30T13:00:00Z,1.0,1.0,2.0,False,33.0,0.0,0.0,0.0,0.0,0.0,0.0,0.0,0.0,0.0,0.0,0.0,4.0,8.6,0.3,2.0,1.1,4.0,1.0,0.0,4.0,1.0,0.0,0.0,0.0,0.35,45.0,9026.0,358288.0,21600.0,12574.0,329,Rodon,Leeds,Joe,214225,Hamstring injury - 50% chance of playing,2,2,Joe_Rodon,94,Brentford,2,Leeds,DEF,13
989,330.0,17.0,4.0,2.0,True,2026-08-30T13:00:00Z,1.0,1.0,2.0,False,67.0,0.0,0.0,0.0,1.0,0.0,0.0,0.0,0.0,0.0,0.0,0.0,9.0,18.6,11.3,4.0,3.4,5.0,5.0,2.0,7.0,1.0,0.0,0.01,0.01,0.74,45.0,2801.0,54809.0,5925.0,3124.0,330,Bogle,Leeds,Jayden,226182,,2,2,Jayden_Bogle,94,Brentford,2,Leeds,DEF,13
990,331.0,17.0,4.0,0.0,True,2026-08-30T13:00:00Z,1.0,1.0,2.0,False,0.0,0.0,0.0,0.0,0.0,0.0,0.0,0.0,0.0,0.0,0.0,0.0,0.0,0.0,0.0,0.0,0.0,0.0,0.0,0.0,0.0,0.0,0.0,0.0,0.0,0.0,45.0,-926.0,4329.0,66.0,992.0,331,Gudmundsson,Leeds,Gabriel,243526,,2,2,Gabriel_Gudmundsson,94,Brentford,2,Leeds,DEF,13
991,332.0,17.0,4.0,2.0,True,2026-08-30T13:00:00Z,1.0,1.0,2.0,False,90.0,0.0,0.0,0.0,1.0,0.0,0.0,0.0,0.0,0.0,0.0,0.0,12.0,24.6,11.8,9.0,4.5,6.0,3.0,2.0,8.0,1.0,0.03,0.01,0.04,1.67,45.0,34143.0,121554.0,43534.0,9391.0,332,Justin,Leeds,James,220627,,2,2,James_Justin,94,Brentford,2,Leeds,DEF,13
992,333.0,17.0,4.0,0.0,True,2026-08-30T13:00:00Z,1.0,1.0,2.0,False,0.0,0.0,0.0,0.0,0.0,0.0,0.0,0.0,0.0,0.0,0.0,0.0,0.0,0.0,0.0,0.0,0.0,0.0,0.0,0.0,0.0,0.0,0.0,0.0,0.0,0.0,45.0,-170.0,335.0,0.0,170.0,333,Bornauw,Leeds,Sebastiaan,437738,Has joined Hamburg SV on loan for the rest of the season,2,2,Sebastiaan_Bornauw,94,Brentford,2,Leeds,DEF,13
993,334.0,17.0,4.0,4.0,True,2026-08-30T13:00:00Z,1.0,1.0,2.0,False,90.0,0.0,0.0,0.0,1.0,0.0,0.0,0.0,0.0,0.0,0.0,0.0,17.0,51.6,0.8,2.0,5.4,17.0,3.0,2.0,19.0,1.0,0.0,0.01,0.01,1.67,50.0,9697.0,336009.0,21539.0,11842.0,334,Muharemović,Leeds,Tarik,522047,,2,2,Tarik_Muharemović,94,Brentford,2,Leeds,DEF,13
994,335.0,17.0,4.0,4.0,True,2026-08-30T13:00:00Z,1.0,1.0,2.0,False,90.0,0.0,0.0,0.0,1.0,0.0,0.0,0.0,0.0,0.0,0.0,0.0,13.0,24.6,17.0,4.0,4.6,8.0,4.0,4.0,16.0,1.0,0.07,0.01,0.08,1.67,60.0,67665.0,255319.0,81344.0,13679.0,335,Stach,Leeds,Anton,466525,,3,2,Anton_Stach,94,Brentford,2,Leeds,MID,13
995,336.0,17.0,4.0,2.0,True,2026-08-30T13:00:00Z,1.0,1.0,2.0,False,68.0,0.0,0.0,0.0,1.0,0.0,0.0,0.0,0.0,0.0,0.0,0.0,11.0,6.4,7.5,10.0,2.4,1.0,0.0,1.0,2.0,1.0,0.08,0.01,0.09,0.74,60.0,-7813.0,40559.0,1355.0,9168.0,336,Okafor,Leeds,Noah,435997,,3,2,Noah_Okafor,94,Brentford,2,Leeds,MID,13
996,337.0,17.0,4.0,1.0,True,2026-08-30T13:00:00Z,1.0,1.0,2.0,False,45.0,0.0,0.0,0.0,1.0,0.0,0.0,0.0,0.0,0.0,0.0,0.0,6.0,2.2,0.6,0.0,0.3,1.0,1.0,1.0,3.0,1.0,0.0,0.01,0.01,0.55,55.0,-5840.0,85405.0,2593.0,8433.0,337,Aaronson,Leeds,Brenden,427637,,3,2,Brenden_Aaronson,94,Brentford,2,Leeds,MID,13
997,338.0,17.0,4.0,2.0,True,2026-08-30T13:00:00Z,1.0,1.0,2.0,False,90.0,0.0,0.0,0.0,1.0,0.0,0.0,0.0,0.0,0.0,0.0,0.0,12.0,19.6,16.6,1.0,3.7,5.0,3.0,2.0,10.0,1.0,0.01,0.09,0.1,1.67,55.0,-4850.0,133624.0,4591.0,9441.0,338,Ampadu,Leeds,Ethan,199598,,3,2,Ethan_Ampadu,94,Brentford,2,Leeds,MID,13
998,339.0,17.0,4.0,0.0,True,2026-08-30T13:00:00Z,1.0,1.0,2.0,False,0.0,0.0,0.0,0.0,0.0,0.0,0.0,0.0,0.0,0.0,0.0,0.0,0.0,0.0,0.0,0.0,0.0,0.0,0.0,0.0,0.0,0.0,0.0,0.0,0.0,0.0,50.0,-1056.0,12723.0,575.0,1631.0,339,Longstaff,Leeds,Sean,180135,,3,2,Sean_Longstaff,94,Brentford,2,Leeds,MID,13
999,341.0,17.0,4.0,0.0,True,2026-08-30T13:00:00Z,1.0,1.0,2.0,False,0.0,0.0,0.0,0.0,0.0,0.0,0.0,0.0,0.0,0.0,0.0,0.0,0.0,0.0,0.0,0.0,0.0,0.0,0.0,0.0,0.0,0.0,0.0,0.0,0.0,0.0,50.0,-678.0,1522.0,18.0,696.0,341,Gnonto,Leeds,Wilfried,492859,,3,2,Wilfried_Gnonto,94,Brentford,2,Leeds,MID,13
1000,342.0,17.0,4.0,0.0,True,2026-08-30T13:00:00Z,1.0,1.0,2.0,False,0.0,0.0,0.0,0.0,0.0,0.0,0.0,0.0,0.0,0.0,0.0,0.0,0.0,0.0,0.0,0.0,0.0,0.0,0.0,0.0,0.0,0.0,0.0,0.0,0.0,0.0,50.0,-36.0,98.0,0.0,36.0,342,Harrison,Leeds,Jack,221399,Has joined New England Revolution permanently,3,2,Jack_Harrison,94,Brentford,2,Leeds,MID,13
1001,343.0,17.0,4.0,1.0,True,2026-08-30T13:00:00Z,1.0,1.0,2.0,False,22.0,0.0,0.0,0.0,0.0,0.0,0.0,0.0,0.0,0.0,0.0,0.0,2.0,0.0,1.1,12.0,1.1,0.0,2.0,0.0,2.0,0.0,0.24,0.01,0.25,0.93,50.0,-873.0,11703.0,863.0,1736.0,343,James,Leeds,Daniel,200617,,3,2,Daniel_James,94,Brentford,2,Leeds,MID,13
1002,344.0,17.0,4.0,0.0,True,2026-08-30T13:00:00Z,1.0,1.0,2.0,False,0.0,0.0,0.0,0.0,0.0,0.0,0.0,0.0,0.0,0.0,0.0,0.0,0.0,0.0,0.0,0.0,0.0,0.0,0.0,0.0,0.0,0.0,0.0,0.0,0.0,0.0,50.0,-120.0,362.0,9.0,129.0,344,Gruev,Leeds,Ilia,486520,Knee injury - 25% chance of playing,3,2,Ilia_Gruev,94,Brentford,2,Leeds,MID,13
1003,345.0,17.0,4.0,1.0,True,2026-08-30T13:00:00Z,1.0,1.0,2.0,False,45.0,0.0,0.0,0.0,0.0,0.0,0.0,0.0,0.0,0.0,0.0,0.0,6.0,20.0,1.8,0.0,2.2,5.0,3.0,3.0,11.0,0.0,0.0,0.01,0.01,1.13,50.0,-3334.0,21386.0,899.0,4233.0,345,Ao,Leeds,Tanaka,248056,,3,2,Tanaka_Ao,94,Brentford,2,Leeds,MID,13
1004,346.0,17.0,4.0,8.0,True,2026-08-30T13:00:00Z,1.0,1.0,2.0,False,90.0,1.0,0.0,0.0,1.0,0.0,0.0,0.0,0.0,0.0,0.0,2.0,31.0,38.4,4.0,35.0,7.7,3.0,1.0,0.0,4.0,1.0,0.92,0.02,0.94,1.67,60.0,-104622.0,2823193.0,84314.0,188936.0,346,Calvert-Lewin,Leeds,Dominic,177815,,4,2,Dominic_Calvert-Lewin,94,Brentford,2,Leeds,FWD,13
1005,347.0,17.0,4.0,4.0,True,2026-08-30T13:00:00Z,1.0,1.0,2.0,False,21.0,0.0,1.0,0.0,0.0,0.0,0.0,0.0,0.0,0.0,0.0,0.0,18.0,18.2,20.3,6.0,4.5,0.0,1.0,0.0,1.0,0.0,0.1,0.0,0.1,0.93,55.0,-7627.0,51231.0,1917.0,9544.0,347,Nmecha,Leeds,Lukas,174594,,4,2,Lukas_Nmecha,94,Brentford,2,Leeds,FWD,13
1006,348.0,17.0,4.0,0.0,True,2026-08-30T13:00:00Z,1.0,1.0,2.0,False,0.0,0.0,0.0,0.0,0.0,0.0,0.0,0.0,0.0,0.0,0.0,0.0,0.0,0.0,0.0,0.0,0.0,0.0,0.0,0.0,0.0,0.0,0.0,0.0,0.0,0.0,50.0,-5351.0,11733.0,0.0,5351.0,348,Piroe,Leeds,Joël,235826,Has joined West Ham United on loan for the rest of the season,4,2,Joël_Piroe,94,Brentford,2,Leeds,FWD,13
1007,349.0,17.0,4.0,0.0,True,2026-08-30T13:00:00Z,1.0,1.0,2.0,False,0.0,0.0,0.0,0.0,0.0,0.0,0.0,0.0,0.0,0.0,0.0,0.0,0.0,0.0,0.0,0.0,0.0,0.0,0.0,0.0,0.0,0.0,0.0,0.0,0.0,0.0,45.0,-726.0,5489.0,325.0,1051.0,349,Joseph Fernández-Regatillo,Leeds,Mateo,565297,Knee injury - Unknown return date,4,2,Mateo_Joseph Fernández-Regatillo,94,Brentford,2,Leeds,FWD,13
1008,385.0,17.0,4.0,3.0,True,2026-08-30T13:00:00Z,1.0,1.0,2.0,False,90.0,0.0,0.0,0.0,1.0,0.0,0.0,0.0,0.0,0.0,4.0,0.0,20.0,37.6,0.0,0.0,3.8,0.0,11.0,0.0,0.0,1.0,0.0,0.0,0.0,1.67,50.0,48690.0,437245.0,63794.0,15104.0,385,Trafford,Leeds,James,432720,,1,2,James_Trafford,94,Brentford,2,Leeds,GKP,13
1009,598.0,17.0,4.0,1.0,True,2026-08-30T13:00:00Z,1.0,1.0,2.0,False,56.0,0.0,0.0,0.0,1.0,0.0,0.0,0.0,0.0,0.0,0.0,0.0,9.0,16.0,1.1,6.0,2.3,5.0,4.0,1.0,6.0,0.0,0.0,0.0,0.0,1.32,45.0,75.0,2511.0,354.0,279.0,598,Elvedi,Leeds,Nico,173774,,2,2,Nico_Elvedi,94,Brentford,2,Leeds,DEF,13
1010,603.0,17.0,4.0,0.0,True,2026-08-30T13:00:00Z,1.0,1.0,2.0,False,0.0,0.0,0.0,0.0,0.0,0.0,0.0,0.0,0.0,0.0,0.0,0.0,0.0,0.0,0.0,0.0,0.0,0.0,0.0,0.0,0.0,0.0,0.0,0.0,0.0,0.0,40.0,1169.0,7187.0,1488.0,319.0,603,Lienou,Leeds,Jayden,643970,,2,2,Jayden_Lienou,94,Brentford,2,Leeds,DEF,13
1011,604.0,17.0,4.0,0.0,True,2026-08-30T13:00:00Z,1.0,1.0,2.0,False,0.0,0.0,0.0,0.0,0.0,0.0,0.0,0.0,0.0,0.0,0.0,0.0,0.0,0.0,0.0,0.0,0.0,0.0,0.0,0.0,0.0,0.0,0.0,0.0,0.0,0.0,45.0,2319.0,7215.0,3029.0,710.0,604,Cresswell,Leeds,Alfie,592740,,3,2,Alfie_Cresswell,94,Brentford,2,Leeds,MID,13
1012,625.0,17.0,4.0,0.0,True,2026-08-30T13:00:00Z,1.0,1.0,2.0,False,0.0,0.0,0.0,0.0,0.0,0.0,0.0,0.0,0.0,0.0,0.0,0.0,0.0,0.0,0.0,0.0,0.0,0.0,0.0,0.0,0.0,0.0,0.0,0.0,0.0,0.0,40.0,0.0,0.0,0.0,0.0,625,Cairns,Leeds,Alex,97846,,1,2,Alex_Cairns,94,Brentford,2,Leeds,GKP,13
1013,350.0,14.0,18.0,0.0,True,2026-08-29T11:30:00Z,2.0,2.0,2.0,False,90.0,0.0,0.0,0.0,2.0,0.0,0.0,0.0,1.0,0.0,1.0,0.0,-5.0,7.6,0.0,0.0,0.8,2.0,4.0,0.0,0.0,1.0,0.0,0.0,0.0,2.3,55.0,4084.0,377543.0,25307.0,21223.0,350,Becker,Liverpool,Alisson,116535,,1,14,Alisson_Becker,17,Nott'm Forest,14,Liverpool,GKP,14
1014,351.0,14.0,18.0,0.0,True,2026-08-29T11:30:00Z,2.0,2.0,2.0,False,0.0,0.0,0.0,0.0,0.0,0.0,0.0,0.0,0.0,0.0,0.0,0.0,0.0,0.0,0.0,0.0,0.0,0.0,0.0,0.0,0.0,0.0,0.0,0.0,0.0,0.0,50.0,-1380.0,15032.0,658.0,2038.0,351,Mamardashvili,Liverpool,Giorgi,449027,,1,14,Giorgi_Mamardashvili,17,Nott'm Forest,14,Liverpool,GKP,14
1015,352.0,14.0,18.0,0.0,True,2026-08-29T11:30:00Z,2.0,2.0,2.0,False,0.0,0.0,0.0,0.0,0.0,0.0,0.0,0.0,0.0,0.0,0.0,0.0,0.0,0.0,0.0,0.0,0.0,0.0,0.0,0.0,0.0,0.0,0.0,0.0,0.0,0.0,40.0,-2260.0,107195.0,3263.0,5523.0,352,Woodman,Liverpool,Freddie,155503,,1,14,Freddie_Woodman,17,Nott'm Forest,14,Liverpool,GKP,14
1016,353.0,14.0,18.0,0.0,True,2026-08-29T11:30:00Z,2.0,2.0,2.0,False,0.0,0.0,0.0,0.0,0.0,0.0,0.0,0.0,0.0,0.0,0.0,0.0,0.0,0.0,0.0,0.0,0.0,0.0,0.0,0.0,0.0,0.0,0.0,0.0,0.0,0.0,40.0,-448.0,2467.0,0.0,448.0,353,Pecsi,Liverpool,Armin,586268,Has joined TSV Hartberg on loan for the rest of the season,1,14,Armin_Pecsi,17,Nott'm Forest,14,Liverpool,GKP,14
1017,354.0,14.0,18.0,0.0,True,2026-08-29T11:30:00Z,2.0,2.0,2.0,False,0.0,0.0,0.0,0.0,0.0,0.0,0.0,0.0,0.0,0.0,0.0,0.0,0.0,0.0,0.0,0.0,0.0,0.0,0.0,0.0,0.0,0.0,0.0,0.0,0.0,0.0,40.0,-16.0,1453.0,163.0,179.0,354,Jaros,Liverpool,Vitezslav,432987,Knee injury - Unknown return date,1,14,Vitezslav_Jaros,17,Nott'm Forest,14,Liverpool,GKP,14
1018,355.0,14.0,18.0,0.0,True,2026-08-29T11:30:00Z,2.0,2.0,2.0,False,0.0,0.0,0.0,0.0,0.0,0.0,0.0,0.0,0.0,0.0,0.0,0.0,0.0,0.0,0.0,0.0,0.0,0.0,0.0,0.0,0.0,0.0,0.0,0.0,0.0,0.0,40.0,-69.0,13945.0,644.0,713.0,355,Davies,Liverpool,Harvey,464353,,1,14,Harvey_Davies,17,Nott'm Forest,14,Liverpool,GKP,14
1019,356.0,14.0,18.0,1.0,True,2026-08-29T11:30:00Z,2.0,2.0,2.0,False,90.0,0.0,0.0,0.0,2.0,0.0,0.0,0.0,0.0,0.0,0.0,0.0,5.0,24.6,4.3,2.0,3.1,7.0,5.0,0.0,7.0,1.0,0.0,0.03,0.03,2.3,65.0,-4506.0,1939518.0,74614.0,79120.0,356,van Dijk,Liverpool,Virgil,97032,,2,14,Virgil_van Dijk,17,Nott'm Forest,14,Liverpool,DEF,14
1020,357.0,14.0,18.0,1.0,True,2026-08-29T11:30:00Z,2.0,2.0,2.0,False,70.0,0.0,0.0,0.0,2.0,0.0,0.0,0.0,0.0,0.0,0.0,0.0,9.0,12.8,13.8,4.0,3.1,4.0,3.0,2.0,6.0,1.0,0.0,0.02,0.02,2.23,55.0,-9049.0,339802.0,24520.0,33569.0,357,Frimpong,Liverpool,Jeremie,216094,,2,14,Jeremie_Frimpong,17,Nott'm Forest,14,Liverpool,DEF,14
1021,358.0,14.0,18.0,1.0,True,2026-08-29T11:30:00Z,2.0,2.0,2.0,False,70.0,0.0,0.0,0.0,2.0,0.0,0.0,0.0,0.0,0.0,0.0,0.0,9.0,24.0,12.8,0.0,3.7,7.0,4.0,1.0,8.0,1.0,0.0,0.01,0.01,2.23,55.0,-18742.0,347978.0,15645.0,34387.0,358,Kerkez,Liverpool,Milos,544877,,2,14,Milos_Kerkez,17,Nott'm Forest,14,Liverpool,DEF,14
1022,359.0,14.0,18.0,0.0,True,2026-08-29T11:30:00Z,2.0,2.0,2.0,False,0.0,0.0,0.0,0.0,0.0,0.0,0.0,0.0,0.0,0.0,0.0,0.0,0.0,0.0,0.0,0.0,0.0,0.0,0.0,0.0,0.0,0.0,0.0,0.0,0.0,0.0,50.0,-330.0,1606.0,79.0,409.0,359,Gomez,Liverpool,Joe,171287,Muscular injury - Unknown return date,2,14,Joe_Gomez,17,Nott'm Forest,14,Liverpool,DEF,14
1023,360.0,14.0,18.0,0.0,True,2026-08-29T11:30:00Z,2.0,2.0,2.0,False,0.0,0.0,0.0,0.0,0.0,0.0,0.0,0.0,0.0,0.0,0.0,0.0,0.0,0.0,0.0,0.0,0.0,0.0,0.0,0.0,0.0,0.0,0.0,0.0,0.0,0.0,50.0,-140.0,1023.0,79.0,219.0,360,Bradley,Liverpool,Conor,492777,Knee injury - Unknown return date,2,14,Conor_Bradley,17,Nott'm Forest,14,Liverpool,DEF,14
1024,361.0,14.0,18.0,0.0,True,2026-08-29T11:30:00Z,2.0,2.0,2.0,False,0.0,0.0,0.0,0.0,0.0,0.0,0.0,0.0,0.0,0.0,0.0,0.0,0.0,0.0,0.0,0.0,0.0,0.0,0.0,0.0,0.0,0.0,0.0,0.0,0.0,0.0,40.0,-529.0,11947.0,608.0,1137.0,361,Lucky,Liverpool,Wellity,519440,,2,14,Wellity_Lucky,17,Nott'm Forest,14,Liverpool,DEF,14
1025,362.0,14.0,18.0,3.0,True,2026-08-29T11:30:00Z,2.0,2.0,2.0,False,76.0,0.0,0.0,0.0,2.0,0.0,0.0,0.0,0.0,0.0,0.0,0.0,13.0,30.8,15.1,2.0,4.8,8.0,4.0,3.0,11.0,1.0,0.0,0.05,0.05,2.23,50.0,4556.0,235410.0,22712.0,18156.0,362,Jacquet,Liverpool,Jeremy,606702,,2,14,Jeremy_Jacquet,17,Nott'm Forest,14,Liverpool,DEF,14
1026,363.0,14.0,18.0,0.0,True,2026-08-29T11:30:00Z,2.0,2.0,2.0,False,0.0,0.0,0.0,0.0,0.0,0.0,0.0,0.0,0.0,0.0,0.0,0.0,0.0,0.0,0.0,0.0,0.0,0.0,0.0,0.0,0.0,0.0,0.0,0.0,0.0,0.0,40.0,-337.0,4039.0,182.0,519.0,363,Leoni,Liverpool,Giovanni,647681,Knee injury - Unknown return date,2,14,Giovanni_Leoni,17,Nott'm Forest,14,Liverpool,DEF,14
1027,364.0,14.0,18.0,1.0,True,2026-08-29T11:30:00Z,2.0,2.0,2.0,False,19.0,0.0,0.0,0.0,0.0,0.0,0.0,0.0,0.0,0.0,0.0,0.0,4.0,3.6,1.3,9.0,1.4,0.0,0.0,0.0,0.0,0.0,0.04,0.01,0.05,0.07,50.0,-643.0,7352.0,339.0,982.0,364,Tsimikas,Liverpool,Kostas,214285,,2,14,Kostas_Tsimikas,17,Nott'm Forest,14,Liverpool,DEF,14
1028,365.0,14.0,18.0,0.0,True,2026-08-29T11:30:00Z,2.0,2.0,2.0,False,0.0,0.0,0.0,0.0,0.0,0.0,0.0,0.0,0.0,0.0,0.0,0.0,0.0,0.0,0.0,0.0,0.0,0.0,0.0,0.0,0.0,0.0,0.0,0.0,0.0,0.0,40.0,-3114.0,18344.0,638.0,3752.0,365,Ramsay,Liverpool,Calvin,489580,Has joined St Mirren on loan for the rest of the season,2,14,Calvin_Ramsay,17,Nott'm Forest,14,Liverpool,DEF,14
1029,366.0,14.0,18.0,4.0,True,2026-08-29T11:30:00Z,2.0,2.0,2.0,False,90.0,0.0,1.0,0.0,2.0,0.0,0.0,0.0,1.0,0.0,0.0,0.0,23.0,27.8,24.3,22.0,7.4,0.0,7.0,3.0,10.0,1.0,0.23,0.2,0.43,2.3,75.0,-98339.0,1118328.0,24923.0,123262.0,366,Wirtz,Liverpool,Florian,494595,,3,14,Florian_Wirtz,17,Nott'm Forest,14,Liverpool,MID,14
1030,367.0,14.0,18.0,5.0,True,2026-08-29T11:30:00Z,2.0,2.0,2.0,False,70.0,0.0,1.0,0.0,2.0,0.0,0.0,0.0,0.0,0.0,0.0,0.0,21.0,23.2,27.8,6.0,5.7,1.0,2.0,0.0,3.0,1.0,0.0,0.65,0.65,2.23,70.0,177953.0,653797.0,205704.0,27751.0,367,Gakpo,Liverpool,Cody,243298,,3,14,Cody_Gakpo,17,Nott'm Forest,14,Liverpool,MID,14
1031,368.0,14.0,18.0,4.0,True,2026-08-29T11:30:00Z,2.0,2.0,2.0,False,90.0,0.0,0.0,0.0,2.0,0.0,0.0,0.0,0.0,0.0,0.0,0.0,24.0,21.4,40.7,4.0,6.6,3.0,7.0,3.0,13.0,1.0,0.16,0.17,0.33,2.3,70.0,177598.0,4309636.0,245003.0,67405.0,368,Szoboszlai,Liverpool,Dominik,424876,,3,14,Dominik_Szoboszlai,17,Nott'm Forest,14,Liverpool,MID,14
1032,369.0,14.0,18.0,1.0,True,2026-08-29T11:30:00Z,2.0,2.0,2.0,False,19.0,0.0,0.0,0.0,0.0,0.0,0.0,0.0,0.0,0.0,0.0,0.0,5.0,2.0,1.3,2.0,0.5,0.0,0.0,0.0,0.0,0.0,0.0,0.03,0.03,0.07,60.0,-9330.0,106917.0,5547.0,14877.0,369,Ngumoha,Liverpool,Rio,611922,,3,14,Rio_Ngumoha,17,Nott'm Forest,14,Liverpool,MID,14
1033,370.0,14.0,18.0,0.0,True,2026-08-29T11:30:00Z,2.0,2.0,2.0,False,0.0,0.0,0.0,0.0,0.0,0.0,0.0,0.0,0.0,0.0,0.0,0.0,0.0,0.0,0.0,0.0,0.0,0.0,0.0,0.0,0.0,0.0,0.0,0.0,0.0,0.0,55.0,-2965.0,10863.0,585.0,3550.0,370,Chiesa,Liverpool,Federico,223541,Back injury - Unknown return date,3,14,Federico_Chiesa,17,Nott'm Forest,14,Liverpool,MID,14
1034,371.0,14.0,18.0,1.0,True,2026-08-29T11:30:00Z,2.0,2.0,2.0,False,19.0,0.0,0.0,0.0,0.0,0.0,0.0,0.0,0.0,0.0,0.0,0.0,7.0,4.4,12.1,0.0,1.7,0.0,0.0,1.0,1.0,0.0,0.0,0.01,0.01,0.07,60.0,-178.0,196536.0,15005.0,15183.0,371,Gravenberch,Liverpool,Ryan,441266,,3,14,Ryan_Gravenberch,17,Nott'm Forest,14,Liverpool,MID,14
1035,372.0,14.0,18.0,2.0,True,2026-08-29T11:30:00Z,2.0,2.0,2.0,False,76.0,0.0,0.0,0.0,2.0,0.0,0.0,0.0,0.0,0.0,0.0,0.0,10.0,12.6,7.7,0.0,2.0,2.0,5.0,3.0,10.0,1.0,0.0,0.39,0.39,2.23,55.0,-14941.0,156781.0,6567.0,21508.0,372,Mac Allister,Liverpool,Alexis,243016,,3,14,Alexis_Mac Allister,17,Nott'm Forest,14,Liverpool,MID,14
1036,373.0,14.0,18.0,0.0,True,2026-08-29T11:30:00Z,2.0,2.0,2.0,False,0.0,0.0,0.0,0.0,0.0,0.0,0.0,0.0,0.0,0.0,0.0,0.0,0.0,0.0,0.0,0.0,0.0,0.0,0.0,0.0,0.0,0.0,0.0,0.0,0.0,0.0,55.0,-1095.0,3769.0,33.0,1128.0,373,Jones,Liverpool,Curtis,206915,Has joined Internazionale permanently,3,14,Curtis_Jones,17,Nott'm Forest,14,Liverpool,MID,14
1037,374.0,14.0,18.0,0.0,True,2026-08-29T11:30:00Z,2.0,2.0,2.0,False,0.0,0.0,0.0,0.0,0.0,0.0,0.0,0.0,0.0,0.0,0.0,0.0,0.0,0.0,0.0,0.0,0.0,0.0,0.0,0.0,0.0,0.0,0.0,0.0,0.0,0.0,50.0,-500.0,6389.0,485.0,985.0,374,Wataru,Liverpool,Endo,158983,,3,14,Endo_Wataru,17,Nott'm Forest,14,Liverpool,MID,14
1038,375.0,14.0,18.0,1.0,True,2026-08-29T11:30:00Z,2.0,2.0,2.0,False,13.0,0.0,0.0,0.0,0.0,0.0,0.0,0.0,0.0,0.0,0.0,0.0,3.0,6.4,2.2,0.0,0.9,1.0,2.0,2.0,5.0,0.0,0.0,0.0,0.0,0.07,50.0,-534.0,3607.0,139.0,673.0,375,Nyoni,Liverpool,Trey,591386,,3,14,Trey_Nyoni,17,Nott'm Forest,14,Liverpool,MID,14
1039,376.0,14.0,18.0,0.0,True,2026-08-29T11:30:00Z,2.0,2.0,2.0,False,0.0,0.0,0.0,0.0,0.0,0.0,0.0,0.0,0.0,0.0,0.0,0.0,0.0,0.0,0.0,0.0,0.0,0.0,0.0,0.0,0.0,0.0,0.0,0.0,0.0,0.0,50.0,-21.0,173.0,8.0,29.0,376,Bajčetić Maquieira,Liverpool,Stefan,535928,Has joined Celta Vigo permanently,3,14,Stefan_Bajčetić Maquieira,17,Nott'm Forest,14,Liverpool,MID,14
1040,377.0,14.0,18.0,6.0,True,2026-08-29T11:30:00Z,2.0,2.0,2.0,False,90.0,1.0,0.0,0.0,2.0,0.0,0.0,0.0,1.0,0.0,0.0,0.0,24.0,42.2,16.8,29.0,8.8,4.0,1.0,2.0,7.0,1.0,0.32,0.19,0.51,2.3,65.0,573.0,60184.0,6486.0,5913.0,377,Munoz,Liverpool,Victor,551499,,3,14,Victor_Munoz,17,Nott'm Forest,14,Liverpool,MID,14
1041,378.0,14.0,18.0,0.0,True,2026-08-29T11:30:00Z,2.0,2.0,2.0,False,0.0,0.0,0.0,0.0,0.0,0.0,0.0,0.0,0.0,0.0,0.0,0.0,0.0,0.0,0.0,0.0,0.0,0.0,0.0,0.0,0.0,0.0,0.0,0.0,0.0,0.0,45.0,-2017.0,25168.0,883.0,2900.0,378,McConnell,Liverpool,James,491501,,3,14,James_McConnell,17,Nott'm Forest,14,Liverpool,MID,14
1042,379.0,14.0,18.0,8.0,True,2026-08-29T11:30:00Z,2.0,2.0,2.0,False,90.0,1.0,0.0,0.0,2.0,0.0,0.0,0.0,0.0,0.0,0.0,2.0,30.0,34.0,10.3,48.0,9.2,0.0,0.0,1.0,1.0,1.0,0.99,0.0,0.99,2.3,90.0,-28097.0,1629014.0,73036.0,101133.0,379,Isak,Liverpool,Alexander,219168,,4,14,Alexander_Isak,17,Nott'm Forest,14,Liverpool,FWD,14
1043,380.0,14.0,18.0,0.0,True,2026-08-29T11:30:00Z,2.0,2.0,2.0,False,0.0,0.0,0.0,0.0,0.0,0.0,0.0,0.0,0.0,0.0,0.0,0.0,0.0,0.0,0.0,0.0,0.0,0.0,0.0,0.0,0.0,0.0,0.0,0.0,0.0,0.0,75.0,-3098.0,14299.0,709.0,3807.0,380,Ekitiké,Liverpool,Hugo,510663,Achilles injury - Unknown return date,4,14,Hugo_Ekitiké,17,Nott'm Forest,14,Liverpool,FWD,14
1044,381.0,14.0,18.0,0.0,True,2026-08-29T11:30:00Z,2.0,2.0,2.0,False,0.0,0.0,0.0,0.0,0.0,0.0,0.0,0.0,0.0,0.0,0.0,0.0,0.0,0.0,0.0,0.0,0.0,0.0,0.0,0.0,0.0,0.0,0.0,0.0,0.0,0.0,50.0,-54.0,2137.0,156.0,210.0,381,Koumas,Liverpool,Lewis,514514,,3,14,Lewis_Koumas,17,Nott'm Forest,14,Liverpool,MID,14
1045,382.0,14.0,18.0,0.0,True,2026-08-29T11:30:00Z,2.0,2.0,2.0,False,0.0,0.0,0.0,0.0,0.0,0.0,0.0,0.0,0.0,0.0,0.0,0.0,0.0,0.0,0.0,0.0,0.0,0.0,0.0,0.0,0.0,0.0,0.0,0.0,0.0,0.0,45.0,-253.0,3423.0,309.0,562.0,382,Danns,Liverpool,Jayden,500058,Unspecified injury - Unknown return date,4,14,Jayden_Danns,17,Nott'm Forest,14,Liverpool,FWD,14
1046,383.0,14.0,18.0,0.0,True,2026-08-29T11:30:00Z,2.0,2.0,2.0,False,0.0,0.0,0.0,0.0,0.0,0.0,0.0,0.0,0.0,0.0,0.0,0.0,0.0,0.0,0.0,0.0,0.0,0.0,0.0,0.0,0.0,0.0,0.0,0.0,0.0,0.0,55.0,-836.0,7117.0,380.0,1216.0,383,Elliott,Liverpool,Harvey,444884,,3,14,Harvey_Elliott,17,Nott'm Forest,14,Liverpool,MID,14
1047,579.0,14.0,18.0,0.0,True,2026-08-29T11:30:00Z,2.0,2.0,2.0,False,13.0,0.0,0.0,0.0,0.0,0.0,0.0,0.0,1.0,0.0,0.0,0.0,-1.0,5.8,2.3,0.0,0.8,1.0,2.0,0.0,1.0,0.0,0.0,0.01,0.01,0.07,55.0,-9867.0,267054.0,23907.0,33774.0,579,Araujo,Liverpool,Ronald,445087,,2,14,Ronald_Araujo,17,Nott'm Forest,14,Liverpool,DEF,14
1048,238.0,11.0,8.0,0.0,False,2026-08-28T19:00:00Z,1.0,4.0,2.0,False,0.0,0.0,0.0,0.0,0.0,0.0,0.0,0.0,0.0,0.0,0.0,0.0,0.0,0.0,0.0,0.0,0.0,0.0,0.0,0.0,0.0,0.0,0.0,0.0,0.0,0.0,65.0,-1201.0,21085.0,1202.0,2403.0,238,Grealish,Man City,Jack,114283,,3,43,Jack_Grealish,31,Crystal Palace,43,Man City,MID,15
1049,384.0,11.0,8.0,0.0,False,2026-08-28T19:00:00Z,1.0,4.0,2.0,False,90.0,0.0,0.0,0.0,1.0,1.0,0.0,0.0,0.0,0.0,1.0,0.0,5.0,6.8,0.0,0.0,0.7,0.0,8.0,0.0,0.0,1.0,0.0,0.0,0.0,0.66,55.0,-10944.0,828113.0,34008.0,44952.0,384,Donnarumma,Man City,Gianluigi,204936,,1,43,Gianluigi_Donnarumma,31,Crystal Palace,43,Man City,GKP,15
1050,386.0,11.0,8.0,0.0,False,2026-08-28T19:00:00Z,1.0,4.0,2.0,False,0.0,0.0,0.0,0.0,0.0,0.0,0.0,0.0,0.0,0.0,0.0,0.0,0.0,0.0,0.0,0.0,0.0,0.0,0.0,0.0,0.0,0.0,0.0,0.0,0.0,0.0,45.0,-101.0,2853.0,135.0,236.0,386,Bettinelli,Man City,Marcus,122074,,1,43,Marcus_Bettinelli,31,Crystal Palace,43,Man City,GKP,15
1051,387.0,11.0,8.0,2.0,False,2026-08-28T19:00:00Z,1.0,4.0,2.0,False,88.0,0.0,0.0,0.0,1.0,0.0,0.0,0.0,0.0,0.0,0.0,0.0,11.0,3.6,7.8,5.0,1.6,0.0,2.0,1.0,1.0,1.0,0.02,0.02,0.04,0.66,65.0,-38546.0,2068744.0,68784.0,107330.0,387,O'Reilly,Man City,Nico,472769,,2,43,Nico_O'Reilly,31,Crystal Palace,43,Man City,DEF,15
1052,388.0,11.0,8.0,2.0,False,2026-08-28T19:00:00Z,1.0,4.0,2.0,False,90.0,0.0,0.0,0.0,1.0,0.0,0.0,0.0,0.0,0.0,0.0,0.0,12.0,24.2,15.8,0.0,4.0,5.0,4.0,0.0,5.0,1.0,0.0,0.04,0.04,0.66,60.0,140987.0,1952448.0,182745.0,41758.0,388,Guéhi,Man City,Marc,209036,,2,43,Marc_Guéhi,31,Crystal Palace,43,Man City,DEF,15
1053,389.0,11.0,8.0,0.0,False,2026-08-28T19:00:00Z,1.0,4.0,2.0,False,0.0,0.0,0.0,0.0,0.0,0.0,0.0,0.0,0.0,0.0,0.0,0.0,0.0,0.0,0.0,0.0,0.0,0.0,0.0,0.0,0.0,0.0,0.0,0.0,0.0,0.0,60.0,-14462.0,142089.0,3031.0,17493.0,389,Nunes,Man City,Matheus,465351,Unspecified injury - 75% chance of playing,2,43,Matheus_Nunes,31,Crystal Palace,43,Man City,DEF,15
1054,390.0,11.0,8.0,2.0,False,2026-08-28T19:00:00Z,1.0,4.0,2.0,False,90.0,0.0,0.0,0.0,1.0,0.0,0.0,0.0,0.0,0.0,0.0,0.0,19.0,27.0,22.3,35.0,8.4,5.0,6.0,1.0,6.0,1.0,0.09,0.57,0.66,0.66,55.0,-2699.0,176387.0,9858.0,12557.0,390,dos Santos Gato Alves Dias,Man City,Rúben,171314,,2,43,Rúben_dos Santos Gato Alves Dias,31,Crystal Palace,43,Man City,DEF,15
1055,391.0,11.0,8.0,5.0,False,2026-08-28T19:00:00Z,1.0,4.0,2.0,False,74.0,0.0,1.0,0.0,1.0,0.0,0.0,0.0,0.0,0.0,0.0,0.0,18.0,27.6,30.8,2.0,6.0,1.0,0.0,1.0,2.0,1.0,0.0,0.04,0.04,0.66,55.0,193061.0,1383738.0,228418.0,35357.0,391,Gvardiol,Man City,Joško,477424,,2,43,Joško_Gvardiol,31,Crystal Palace,43,Man City,DEF,15
1056,392.0,11.0,8.0,0.0,False,2026-08-28T19:00:00Z,1.0,4.0,2.0,False,0.0,0.0,0.0,0.0,0.0,0.0,0.0,0.0,0.0,0.0,0.0,0.0,0.0,0.0,0.0,0.0,0.0,0.0,0.0,0.0,0.0,0.0,0.0,0.0,0.0,0.0,55.0,-14163.0,77633.0,2616.0,16779.0,392,Aït-Nouri,Man City,Rayan,448514,,2,43,Rayan_Aït-Nouri,31,Crystal Palace,43,Man City,DEF,15
1057,393.0,11.0,8.0,2.0,False,2026-08-28T19:00:00Z,1.0,4.0,2.0,False,88.0,0.0,0.0,0.0,1.0,0.0,0.0,0.0,0.0,0.0,0.0,0.0,17.0,21.0,5.3,4.0,3.0,3.0,3.0,4.0,7.0,1.0,0.0,0.02,0.02,0.66,55.0,-8451.0,170855.0,6086.0,14537.0,393,Khusanov,Man City,Abdukodir,578153,,2,43,Abdukodir_Khusanov,31,Crystal Palace,43,Man City,DEF,15
1058,394.0,11.0,8.0,0.0,False,2026-08-28T19:00:00Z,1.0,4.0,2.0,False,0.0,0.0,0.0,0.0,0.0,0.0,0.0,0.0,0.0,0.0,0.0,0.0,0.0,0.0,0.0,0.0,0.0,0.0,0.0,0.0,0.0,0.0,0.0,0.0,0.0,0.0,50.0,-357.0,720.0,0.0,357.0,394,Alleyne,Man City,Max,494307,Has joined Burnley on loan for the rest of the season,2,43,Max_Alleyne,31,Crystal Palace,43,Man City,DEF,15
1059,395.0,11.0,8.0,0.0,False,2026-08-28T19:00:00Z,1.0,4.0,2.0,False,0.0,0.0,0.0,0.0,0.0,0.0,0.0,0.0,0.0,0.0,0.0,0.0,0.0,0.0,0.0,0.0,0.0,0.0,0.0,0.0,0.0,0.0,0.0,0.0,0.0,0.0,45.0,1097.0,25045.0,3620.0,2523.0,395,Lewis,Man City,Rico,477064,,2,43,Rico_Lewis,31,Crystal Palace,43,Man City,DEF,15
1060,396.0,11.0,8.0,1.0,False,2026-08-28T19:00:00Z,1.0,4.0,2.0,False,1.0,0.0,0.0,0.0,0.0,0.0,0.0,0.0,0.0,0.0,0.0,0.0,3.0,1.2,0.9,0.0,0.2,0.0,0.0,0.0,0.0,0.0,0.0,0.0,0.0,0.0,45.0,-138.0,2034.0,102.0,240.0,396,de Oliveira Nunes dos Reis,Man City,Vitor,616222,,2,43,Vitor_de Oliveira Nunes dos Reis,31,Crystal Palace,43,Man City,DEF,15
1061,397.0,11.0,8.0,5.0,False,2026-08-28T19:00:00Z,1.0,4.0,2.0,False,90.0,0.0,1.0,0.0,1.0,0.0,0.0,0.0,0.0,0.0,0.0,0.0,33.0,29.2,43.0,40.0,11.2,0.0,2.0,1.0,3.0,1.0,0.06,0.57,0.63,0.66,85.0,-124110.0,2377196.0,49100.0,173210.0,397,Semenyo,Man City,Antoine,437730,,3,43,Antoine_Semenyo,31,Crystal Palace,43,Man City,MID,15
1062,398.0,11.0,8.0,9.0,False,2026-08-28T19:00:00Z,1.0,4.0,2.0,False,90.0,0.0,2.0,0.0,1.0,0.0,0.0,0.0,0.0,0.0,0.0,1.0,38.0,42.8,45.8,17.0,10.6,2.0,4.0,1.0,7.0,1.0,0.87,0.45,1.32,0.66,70.0,-26374.0,400716.0,20147.0,46521.0,398,Foden,Man City,Phil,209244,,3,43,Phil_Foden,31,Crystal Palace,43,Man City,MID,15
1063,399.0,11.0,8.0,14.0,False,2026-08-28T19:00:00Z,1.0,4.0,2.0,False,81.0,2.0,0.0,0.0,1.0,0.0,0.0,0.0,1.0,0.0,0.0,3.0,60.0,74.8,47.8,49.0,17.2,0.0,3.0,0.0,3.0,1.0,0.35,0.55,0.9,0.66,75.0,161916.0,1073154.0,203318.0,41402.0,399,Cherki,Man City,Rayan,466052,,3,43,Rayan_Cherki,31,Crystal Palace,43,Man City,MID,15
1064,400.0,11.0,8.0,0.0,False,2026-08-28T19:00:00Z,1.0,4.0,2.0,False,0.0,0.0,0.0,0.0,0.0,0.0,0.0,0.0,0.0,0.0,0.0,0.0,0.0,0.0,0.0,0.0,0.0,0.0,0.0,0.0,0.0,0.0,0.0,0.0,0.0,0.0,75.0,-69521.0,122950.0,494.0,70015.0,400,Doku,Man City,Jérémy,248875,Calf injury - Expected back 5 Sep,3,43,Jérémy_Doku,31,Crystal Palace,43,Man City,MID,15
1065,402.0,11.0,8.0,0.0,False,2026-08-28T19:00:00Z,1.0,4.0,2.0,False,0.0,0.0,0.0,0.0,0.0,0.0,0.0,0.0,0.0,0.0,0.0,0.0,0.0,0.0,0.0,0.0,0.0,0.0,0.0,0.0,0.0,0.0,0.0,0.0,0.0,0.0,65.0,-796.0,1526.0,0.0,796.0,402,Hernandez Cascante,Man City,Rodrigo 'Rodri',220566,Has joined Barcelona permanently,3,43,Rodrigo 'Rodri'_Hernandez Cascante,31,Crystal Palace,43,Man City,MID,15
1066,404.0,11.0,8.0,0.0,False,2026-08-28T19:00:00Z,1.0,4.0,2.0,False,0.0,0.0,0.0,0.0,0.0,0.0,0.0,0.0,0.0,0.0,0.0,0.0,0.0,0.0,0.0,0.0,0.0,0.0,0.0,0.0,0.0,0.0,0.0,0.0,0.0,0.0,60.0,-5624.0,5966.0,0.0,5624.0,404,Reijnders,Man City,Tijjani,433036,Has joined Al Qadsiah permanently,3,43,Tijjani_Reijnders,31,Crystal Palace,43,Man City,MID,15
1067,406.0,11.0,8.0,1.0,False,2026-08-28T19:00:00Z,1.0,4.0,2.0,False,15.0,0.0,0.0,0.0,0.0,0.0,0.0,0.0,0.0,0.0,0.0,0.0,9.0,2.0,3.1,0.0,0.5,0.0,0.0,0.0,0.0,0.0,0.0,0.01,0.01,0.0,55.0,-460.0,8589.0,829.0,1289.0,406,Kovačić,Man City,Mateo,91651,,3,43,Mateo_Kovačić,31,Crystal Palace,43,Man City,MID,15
1068,407.0,11.0,8.0,0.0,False,2026-08-28T19:00:00Z,1.0,4.0,2.0,False,0.0,0.0,0.0,0.0,0.0,0.0,0.0,0.0,0.0,0.0,0.0,0.0,0.0,0.0,0.0,0.0,0.0,0.0,0.0,0.0,0.0,0.0,0.0,0.0,0.0,0.0,50.0,-204.0,1653.0,93.0,297.0,407,Echeverri,Man City,Claudio,575204,,3,43,Claudio_Echeverri,31,Crystal Palace,43,Man City,MID,15
1069,408.0,11.0,8.0,0.0,False,2026-08-28T19:00:00Z,1.0,4.0,2.0,False,0.0,0.0,0.0,0.0,0.0,0.0,0.0,0.0,0.0,0.0,0.0,0.0,0.0,0.0,0.0,0.0,0.0,0.0,0.0,0.0,0.0,0.0,0.0,0.0,0.0,0.0,50.0,-305.0,762.0,0.0,305.0,408,Phillips,Man City,Kalvin,155405,Has joined Sheffield United on loan for the rest of the season,3,43,Kalvin_Phillips,31,Crystal Palace,43,Man City,MID,15
1070,409.0,11.0,8.0,0.0,False,2026-08-28T19:00:00Z,1.0,4.0,2.0,False,0.0,0.0,0.0,0.0,0.0,0.0,0.0,0.0,0.0,0.0,0.0,0.0,0.0,0.0,0.0,0.0,0.0,0.0,0.0,0.0,0.0,0.0,0.0,0.0,0.0,0.0,45.0,-1559.0,17482.0,927.0,2486.0,409,Mukasa,Man City,Divine,590039,,3,43,Divine_Mukasa,31,Crystal Palace,43,Man City,MID,15
1071,410.0,11.0,8.0,0.0,False,2026-08-28T19:00:00Z,1.0,4.0,2.0,False,0.0,0.0,0.0,0.0,0.0,0.0,0.0,0.0,0.0,0.0,0.0,0.0,0.0,0.0,0.0,0.0,0.0,0.0,0.0,0.0,0.0,0.0,0.0,0.0,0.0,0.0,50.0,-207.0,1523.0,76.0,283.0,410,Monga,Man City,Jeremy,649208,,3,43,Jeremy_Monga,31,Crystal Palace,43,Man City,MID,15
1072,411.0,11.0,8.0,13.0,False,2026-08-28T19:00:00Z,1.0,4.0,2.0,False,90.0,2.0,0.0,0.0,1.0,0.0,0.0,0.0,0.0,0.0,0.0,3.0,60.0,69.0,0.1,51.0,12.0,3.0,2.0,0.0,5.0,1.0,0.66,0.0,0.66,0.66,155.0,-34247.0,6731685.0,69605.0,103852.0,411,Haaland,Man City,Erling,223094,,4,43,Erling_Haaland,31,Crystal Palace,43,Man City,FWD,15
1073,481.0,11.0,8.0,3.0,False,2026-08-28T19:00:00Z,1.0,4.0,2.0,False,81.0,0.0,0.0,0.0,1.0,0.0,0.0,0.0,1.0,0.0,0.0,0.0,25.0,25.0,20.2,13.0,5.8,4.0,5.0,5.0,14.0,1.0,0.07,0.22,0.29,0.66,64.0,-143069.0,597491.0,10236.0,153305.0,481,Anderson,Man City,Elliot,215379,,3,43,Elliot_Anderson,31,Crystal Palace,43,Man City,MID,15
1074,587.0,11.0,8.0,0.0,False,2026-08-28T19:00:00Z,1.0,4.0,2.0,False,0.0,0.0,0.0,0.0,0.0,0.0,0.0,0.0,0.0,0.0,0.0,0.0,0.0,0.0,0.0,0.0,0.0,0.0,0.0,0.0,0.0,0.0,0.0,0.0,0.0,0.0,50.0,-130.0,2020.0,94.0,224.0,587,Rulli,Man City,Gerónimo,106921,,1,43,Gerónimo_Rulli,31,Crystal Palace,43,Man City,GKP,15
1075,616.0,11.0,8.0,1.0,False,2026-08-28T19:00:00Z,1.0,4.0,2.0,False,8.0,0.0,0.0,0.0,0.0,0.0,0.0,0.0,0.0,0.0,0.0,0.0,3.0,1.8,4.3,0.0,0.6,1.0,0.0,0.0,1.0,0.0,0.0,0.12,0.12,0.0,55.0,2706.0,4327.0,3055.0,349.0,616,Bouaddi,Man City,Ayyoub,637238,,3,43,Ayyoub_Bouaddi,31,Crystal Palace,43,Man City,MID,15
1076,621.0,11.0,8.0,1.0,False,2026-08-28T19:00:00Z,1.0,4.0,2.0,False,8.0,0.0,0.0,0.0,0.0,0.0,0.0,0.0,0.0,0.0,0.0,0.0,3.0,0.0,0.5,1.0,0.1,0.0,0.0,0.0,0.0,0.0,0.1,0.0,0.1,0.0,45.0,0.0,0.0,0.0,0.0,621,McAidoo,Man City,Ryan,616288,,3,43,Ryan_McAidoo,31,Crystal Palace,43,Man City,MID,15
1077,622.0,11.0,8.0,1.0,False,2026-08-28T19:00:00Z,1.0,4.0,2.0,False,1.0,0.0,0.0,0.0,0.0,0.0,0.0,0.0,0.0,0.0,0.0,0.0,3.0,0.6,0.8,0.0,0.1,0.0,1.0,0.0,0.0,0.0,0.0,0.0,0.0,0.0,40.0,0.0,0.0,0.0,0.0,622,Braithwaite,Man City,Kaden,554054,,2,43,Kaden_Braithwaite,31,Crystal Palace,43,Man City,DEF,15
1078,43.0,18.0,12.0,4.0,True,2026-08-30T15:30:00Z,5.0,2.0,2.0,False,90.0,0.0,0.0,0.0,2.0,0.0,0.0,0.0,0.0,0.0,0.0,0.0,26.0,33.2,46.3,20.0,10.0,4.0,7.0,2.0,13.0,1.0,0.47,0.11,0.58,2.06,60.0,-23073.0,232262.0,12631.0,35704.0,43,Tielemans,Man Utd,Youri,166989,,3,1,Youri_Tielemans,40,Ipswich Town,1,Man Utd,MID,16
1079,131.0,18.0,12.0,0.0,True,2026-08-30T15:30:00Z,5.0,2.0,2.0,False,0.0,0.0,0.0,0.0,0.0,0.0,0.0,0.0,0.0,0.0,0.0,0.0,0.0,0.0,0.0,0.0,0.0,0.0,0.0,0.0,0.0,0.0,0.0,0.0,0.0,0.0,50.0,-2097.0,17743.0,2324.0,4421.0,131,Baleba,Man Utd,Carlos,535301,Ankle injury - Expected back 19 Sep,3,1,Carlos_Baleba,40,Ipswich Town,1,Man Utd,MID,16
1080,162.0,18.0,12.0,1.0,True,2026-08-30T15:30:00Z,5.0,2.0,2.0,False,10.0,0.0,0.0,0.0,1.0,0.0,0.0,0.0,0.0,0.0,0.0,0.0,2.0,6.2,0.7,0.0,0.7,0.0,2.0,3.0,5.0,0.0,0.0,0.0,0.0,1.0,50.0,-7693.0,96490.0,7456.0,15149.0,162,Nascimento dos Santos,Man Utd,Andrey,532605,,3,1,Andrey_Nascimento dos Santos,40,Ipswich Town,1,Man Utd,MID,16
1081,325.0,18.0,12.0,0.0,True,2026-08-30T15:30:00Z,5.0,2.0,2.0,False,0.0,0.0,0.0,0.0,0.0,0.0,0.0,0.0,0.0,0.0,0.0,0.0,0.0,0.0,0.0,0.0,0.0,0.0,0.0,0.0,0.0,0.0,0.0,0.0,0.0,0.0,45.0,-15.0,3863.0,242.0,257.0,325,Darlow,Man Utd,Karl,59735,,1,1,Karl_Darlow,40,Ipswich Town,1,Man Utd,GKP,16
1082,412.0,18.0,12.0,2.0,True,2026-08-30T15:30:00Z,5.0,2.0,2.0,False,90.0,0.0,0.0,0.0,2.0,0.0,0.0,0.0,0.0,0.0,3.0,0.0,11.0,27.0,0.0,0.0,2.7,1.0,6.0,0.0,0.0,1.0,0.0,0.0,0.0,2.06,50.0,-53896.0,1543070.0,34714.0,88610.0,412,Lammens,Man Utd,Senne,465247,,1,1,Senne_Lammens,40,Ipswich Town,1,Man Utd,GKP,16
1083,413.0,18.0,12.0,0.0,True,2026-08-30T15:30:00Z,5.0,2.0,2.0,False,0.0,0.0,0.0,0.0,0.0,0.0,0.0,0.0,0.0,0.0,0.0,0.0,0.0,0.0,0.0,0.0,0.0,0.0,0.0,0.0,0.0,0.0,0.0,0.0,0.0,0.0,45.0,-588.0,1739.0,0.0,588.0,413,Bayındır,Man Utd,Altay,451302,Has joined Celta Vigo on loan for the rest of the season,1,1,Altay_Bayındır,40,Ipswich Town,1,Man Utd,GKP,16
1084,414.0,18.0,12.0,0.0,True,2026-08-30T15:30:00Z,5.0,2.0,2.0,False,0.0,0.0,0.0,0.0,0.0,0.0,0.0,0.0,0.0,0.0,0.0,0.0,0.0,0.0,0.0,0.0,0.0,0.0,0.0,0.0,0.0,0.0,0.0,0.0,0.0,0.0,40.0,-790.0,8703.0,215.0,1005.0,414,Heaton,Man Utd,Tom,21205,Hamstring injury - Unknown return date,1,1,Tom_Heaton,40,Ipswich Town,1,Man Utd,GKP,16
1085,415.0,18.0,12.0,1.0,True,2026-08-30T15:30:00Z,5.0,2.0,2.0,False,10.0,0.0,0.0,0.0,1.0,0.0,0.0,0.0,0.0,0.0,0.0,0.0,4.0,7.0,11.7,39.0,5.8,1.0,0.0,1.0,2.0,0.0,0.18,0.01,0.19,1.0,60.0,-23853.0,107542.0,4808.0,28661.0,415,Dorgu,Man Utd,Patrick,596777,,3,1,Patrick_Dorgu,40,Ipswich Town,1,Man Utd,MID,16
1086,416.0,18.0,12.0,0.0,True,2026-08-30T15:30:00Z,5.0,2.0,2.0,False,0.0,0.0,0.0,0.0,0.0,0.0,0.0,0.0,0.0,0.0,0.0,0.0,0.0,0.0,0.0,0.0,0.0,0.0,0.0,0.0,0.0,0.0,0.0,0.0,0.0,0.0,50.0,-381.0,2498.0,117.0,498.0,416,de Ligt,Man Utd,Matthijs,209365,Back injury - Unknown return date,2,1,Matthijs_de Ligt,40,Ipswich Town,1,Man Utd,DEF,16
1087,417.0,18.0,12.0,2.0,True,2026-08-30T15:30:00Z,5.0,2.0,2.0,False,73.0,0.0,0.0,0.0,1.0,0.0,0.0,0.0,0.0,0.0,0.0,0.0,12.0,16.4,42.2,33.0,9.2,4.0,1.0,0.0,4.0,1.0,0.15,0.12,0.27,1.06,50.0,-25442.0,242125.0,8190.0,33632.0,417,Dalot Teixeira,Man Utd,Diogo,216051,,2,1,Diogo_Dalot Teixeira,40,Ipswich Town,1,Man Utd,DEF,16
1088,418.0,18.0,12.0,4.0,True,2026-08-30T15:30:00Z,5.0,2.0,2.0,False,90.0,0.0,1.0,0.0,2.0,0.0,0.0,0.0,0.0,0.0,0.0,0.0,13.0,7.2,1.5,6.0,1.5,4.0,4.0,1.0,5.0,1.0,0.03,0.01,0.04,2.06,50.0,-53358.0,1686850.0,52953.0,106311.0,418,Maguire,Man Utd,Harry,95658,,2,1,Harry_Maguire,40,Ipswich Town,1,Man Utd,DEF,16
1089,419.0,18.0,12.0,1.0,True,2026-08-30T15:30:00Z,5.0,2.0,2.0,False,90.0,0.0,0.0,0.0,2.0,0.0,0.0,0.0,0.0,0.0,0.0,0.0,2.0,4.8,1.8,3.0,1.0,0.0,6.0,0.0,0.0,1.0,0.03,0.06,0.09,2.06,50.0,-12800.0,127444.0,6775.0,19575.0,419,Martínez,Man Utd,Lisandro,221820,,2,1,Lisandro_Martínez,40,Ipswich Town,1,Man Utd,DEF,16
1090,420.0,18.0,12.0,1.0,True,2026-08-30T15:30:00Z,5.0,2.0,2.0,False,16.0,0.0,0.0,0.0,1.0,0.0,0.0,0.0,0.0,0.0,0.0,0.0,-2.0,1.8,1.8,0.0,0.4,2.0,1.0,0.0,2.0,0.0,0.0,0.01,0.01,1.0,50.0,-9208.0,62806.0,1536.0,10744.0,420,Yoro,Man Utd,Leny,550864,,2,1,Leny_Yoro,40,Ipswich Town,1,Man Utd,DEF,16
1091,421.0,18.0,12.0,0.0,True,2026-08-30T15:30:00Z,5.0,2.0,2.0,False,0.0,0.0,0.0,0.0,0.0,0.0,0.0,0.0,0.0,0.0,0.0,0.0,0.0,0.0,0.0,0.0,0.0,0.0,0.0,0.0,0.0,0.0,0.0,0.0,0.0,0.0,45.0,-1103.0,40184.0,3088.0,4191.0,421,Heaven,Man Utd,Ayden,606745,,2,1,Ayden_Heaven,40,Ipswich Town,1,Man Utd,DEF,16
1092,422.0,18.0,12.0,1.0,True,2026-08-30T15:30:00Z,5.0,2.0,2.0,False,17.0,0.0,0.0,0.0,1.0,0.0,0.0,0.0,0.0,0.0,0.0,0.0,-1.0,1.4,1.3,0.0,0.3,0.0,0.0,0.0,0.0,0.0,0.0,0.0,0.0,1.0,45.0,-238.0,70057.0,5854.0,6092.0,422,Mazraoui,Man Utd,Noussair,230001,,2,1,Noussair_Mazraoui,40,Ipswich Town,1,Man Utd,DEF,16
1093,423.0,18.0,12.0,2.0,True,2026-08-30T15:30:00Z,5.0,2.0,2.0,False,72.0,0.0,0.0,0.0,1.0,0.0,0.0,0.0,0.0,0.0,0.0,0.0,12.0,18.4,1.6,4.0,2.4,4.0,2.0,4.0,8.0,1.0,0.0,0.02,0.02,1.06,45.0,-74162.0,1935721.0,42927.0,117089.0,423,Shaw,Man Utd,Luke,106760,,2,1,Luke_Shaw,40,Ipswich Town,1,Man Utd,DEF,16
1094,424.0,18.0,12.0,0.0,True,2026-08-30T15:30:00Z,5.0,2.0,2.0,False,0.0,0.0,0.0,0.0,0.0,0.0,0.0,0.0,0.0,0.0,0.0,0.0,0.0,0.0,0.0,0.0,0.0,0.0,0.0,0.0,0.0,0.0,0.0,0.0,0.0,0.0,40.0,-1093.0,19337.0,888.0,1981.0,424,Amass,Man Utd,Harry,577974,,2,1,Harry_Amass,40,Ipswich Town,1,Man Utd,DEF,16
1095,425.0,18.0,12.0,0.0,True,2026-08-30T15:30:00Z,5.0,2.0,2.0,False,0.0,0.0,0.0,0.0,0.0,0.0,0.0,0.0,0.0,0.0,0.0,0.0,0.0,0.0,0.0,0.0,0.0,0.0,0.0,0.0,0.0,0.0,0.0,0.0,0.0,0.0,40.0,-680.0,1885.0,0.0,680.0,425,Fredricson,Man Utd,Tyler,547676,Has joined Lausanne-Sport permanently,2,1,Tyler_Fredricson,40,Ipswich Town,1,Man Utd,DEF,16
1096,426.0,18.0,12.0,23.0,True,2026-08-30T15:30:00Z,5.0,2.0,2.0,False,90.0,3.0,1.0,0.0,2.0,0.0,0.0,0.0,0.0,0.0,0.0,3.0,87.0,132.4,62.5,66.0,26.1,1.0,5.0,2.0,8.0,1.0,2.02,0.48,2.5,2.06,120.0,-180062.0,4770471.0,48518.0,228580.0,426,Borges Fernandes,Man Utd,Bruno,141746,,3,1,Bruno_Borges Fernandes,40,Ipswich Town,1,Man Utd,MID,16
1097,427.0,18.0,12.0,11.0,True,2026-08-30T15:30:00Z,5.0,2.0,2.0,False,90.0,1.0,1.0,0.0,2.0,0.0,0.0,0.0,1.0,0.0,0.0,2.0,37.0,45.6,43.3,35.0,12.4,0.0,2.0,3.0,5.0,1.0,1.76,0.21,1.97,2.06,80.0,-137963.0,3537164.0,82225.0,220188.0,427,Mbeumo,Man Utd,Bryan,446008,,3,1,Bryan_Mbeumo,40,Ipswich Town,1,Man Utd,MID,16
1098,428.0,18.0,12.0,9.0,True,2026-08-30T15:30:00Z,5.0,2.0,2.0,False,79.0,0.0,2.0,0.0,1.0,0.0,0.0,0.0,0.0,0.0,0.0,1.0,31.0,20.0,27.6,28.0,7.6,0.0,2.0,0.0,2.0,1.0,0.11,0.15,0.26,1.06,80.0,-66103.0,924196.0,26854.0,92957.0,428,Santos Carneiro da Cunha,Man Utd,Matheus,430871,,3,1,Matheus_Santos Carneiro da Cunha,40,Ipswich Town,1,Man Utd,MID,16
1099,429.0,18.0,12.0,2.0,True,2026-08-30T15:30:00Z,5.0,2.0,2.0,False,79.0,0.0,0.0,0.0,1.0,0.0,0.0,0.0,0.0,0.0,0.0,0.0,17.0,16.0,34.3,58.0,10.8,0.0,3.0,3.0,6.0,1.0,0.26,0.05,0.31,1.06,70.0,-7014.0,165554.0,15064.0,22078.0,429,Rashford,Man Utd,Marcus,176297,,3,1,Marcus_Rashford,40,Ipswich Town,1,Man Utd,MID,16
1100,430.0,18.0,12.0,0.0,True,2026-08-30T15:30:00Z,5.0,2.0,2.0,False,0.0,0.0,0.0,0.0,0.0,0.0,0.0,0.0,0.0,0.0,0.0,0.0,0.0,0.0,0.0,0.0,0.0,0.0,0.0,0.0,0.0,0.0,0.0,0.0,0.0,0.0,55.0,-660.0,2752.0,35.0,695.0,430,Mount,Man Utd,Mason,184341,Foot injury - 75% chance of playing,3,1,Mason_Mount,40,Ipswich Town,1,Man Utd,MID,16
1101,431.0,18.0,12.0,0.0,True,2026-08-30T15:30:00Z,5.0,2.0,2.0,False,0.0,0.0,0.0,0.0,0.0,0.0,0.0,0.0,0.0,0.0,0.0,0.0,0.0,0.0,0.0,0.0,0.0,0.0,0.0,0.0,0.0,0.0,0.0,0.0,0.0,0.0,59.0,-57883.0,91945.0,1576.0,59459.0,431,Diallo,Man Utd,Amad,493250,Unspecified injury - Unknown return date,3,1,Amad_Diallo,40,Ipswich Town,1,Man Utd,MID,16
1102,432.0,18.0,12.0,4.0,True,2026-08-30T15:30:00Z,5.0,2.0,2.0,False,79.0,0.0,0.0,0.0,1.0,0.0,0.0,0.0,0.0,0.0,0.0,0.0,25.0,15.2,7.2,9.0,3.1,2.0,10.0,3.0,15.0,1.0,0.14,0.27,0.41,1.06,55.0,-10233.0,93316.0,3460.0,13693.0,432,Mainoo,Man Utd,Kobbie,516895,,3,1,Kobbie_Mainoo,40,Ipswich Town,1,Man Utd,MID,16
1103,433.0,18.0,12.0,0.0,True,2026-08-30T15:30:00Z,5.0,2.0,2.0,False,0.0,0.0,0.0,0.0,0.0,0.0,0.0,0.0,0.0,0.0,0.0,0.0,0.0,0.0,0.0,0.0,0.0,0.0,0.0,0.0,0.0,0.0,0.0,0.0,0.0,0.0,50.0,-64.0,348.0,24.0,88.0,433,Ugarte Ribeiro,Man Utd,Manuel,232112,Knee injury - Unknown return date,3,1,Manuel_Ugarte Ribeiro,40,Ipswich Town,1,Man Utd,MID,16
1104,434.0,18.0,12.0,0.0,True,2026-08-30T15:30:00Z,5.0,2.0,2.0,False,0.0,0.0,0.0,0.0,0.0,0.0,0.0,0.0,0.0,0.0,0.0,0.0,0.0,0.0,0.0,0.0,0.0,0.0,0.0,0.0,0.0,0.0,0.0,0.0,0.0,0.0,50.0,-128.0,1094.0,41.0,169.0,434,Fletcher,Man Utd,Jack,547037,,3,1,Jack_Fletcher,40,Ipswich Town,1,Man Utd,MID,16
1105,435.0,18.0,12.0,0.0,True,2026-08-30T15:30:00Z,5.0,2.0,2.0,False,0.0,0.0,0.0,0.0,0.0,0.0,0.0,0.0,0.0,0.0,0.0,0.0,0.0,0.0,0.0,0.0,0.0,0.0,0.0,0.0,0.0,0.0,0.0,0.0,0.0,0.0,50.0,-263.0,4851.0,327.0,590.0,435,Lacey,Man Utd,Shea,576628,,3,1,Shea_Lacey,40,Ipswich Town,1,Man Utd,MID,16
1106,436.0,18.0,12.0,0.0,True,2026-08-30T15:30:00Z,5.0,2.0,2.0,False,0.0,0.0,0.0,0.0,0.0,0.0,0.0,0.0,0.0,0.0,0.0,0.0,0.0,0.0,0.0,0.0,0.0,0.0,0.0,0.0,0.0,0.0,0.0,0.0,0.0,0.0,50.0,-174.0,1667.0,60.0,234.0,436,Collyer,Man Utd,Toby,490881,Has joined West Brom permanently,3,1,Toby_Collyer,40,Ipswich Town,1,Man Utd,MID,16
1107,437.0,18.0,12.0,0.0,True,2026-08-30T15:30:00Z,5.0,2.0,2.0,False,0.0,0.0,0.0,0.0,0.0,0.0,0.0,0.0,0.0,0.0,0.0,0.0,0.0,0.0,0.0,0.0,0.0,0.0,0.0,0.0,0.0,0.0,0.0,0.0,0.0,0.0,45.0,-1410.0,17670.0,961.0,2371.0,437,Mantato,Man Utd,Bendito,576620,,3,1,Bendito_Mantato,40,Ipswich Town,1,Man Utd,MID,16
1108,438.0,18.0,12.0,0.0,True,2026-08-30T15:30:00Z,5.0,2.0,2.0,False,0.0,0.0,0.0,0.0,0.0,0.0,0.0,0.0,0.0,0.0,0.0,0.0,0.0,0.0,0.0,0.0,0.0,0.0,0.0,0.0,0.0,0.0,0.0,0.0,0.0,0.0,45.0,-2656.0,32667.0,1328.0,3984.0,438,Fletcher,Man Utd,Tyler,519913,,3,1,Tyler_Fletcher,40,Ipswich Town,1,Man Utd,MID,16
1109,439.0,18.0,12.0,1.0,True,2026-08-30T15:30:00Z,5.0,2.0,2.0,False,10.0,0.0,0.0,0.0,1.0,0.0,0.0,0.0,0.0,0.0,0.0,0.0,5.0,2.2,10.5,2.0,1.5,0.0,3.0,0.0,3.0,0.0,0.0,0.01,0.01,1.0,70.0,15428.0,181866.0,30554.0,15126.0,439,Sesko,Man Utd,Benjamin,485711,,4,1,Benjamin_Sesko,40,Ipswich Town,1,Man Utd,FWD,16
1110,440.0,18.0,12.0,0.0,True,2026-08-30T15:30:00Z,5.0,2.0,2.0,False,0.0,0.0,0.0,0.0,0.0,0.0,0.0,0.0,0.0,0.0,0.0,0.0,0.0,0.0,0.0,0.0,0.0,0.0,0.0,0.0,0.0,0.0,0.0,0.0,0.0,0.0,55.0,-11086.0,51589.0,2045.0,13131.0,440,Zirkzee,Man Utd,Joshua,458249,,4,1,Joshua_Zirkzee,40,Ipswich Town,1,Man Utd,FWD,16
1111,441.0,18.0,12.0,0.0,True,2026-08-30T15:30:00Z,5.0,2.0,2.0,False,0.0,0.0,0.0,0.0,0.0,0.0,0.0,0.0,0.0,0.0,0.0,0.0,0.0,0.0,0.0,0.0,0.0,0.0,0.0,0.0,0.0,0.0,0.0,0.0,0.0,0.0,45.0,-5253.0,109991.0,6316.0,11569.0,441,Obi,Man Utd,Chido,596047,,4,1,Chido_Obi,40,Ipswich Town,1,Man Utd,FWD,16
1112,405.0,15.0,19.0,2.0,False,2026-08-29T16:30:00Z,0.0,2.0,2.0,False,70.0,0.0,0.0,1.0,0.0,0.0,0.0,0.0,1.0,0.0,0.0,0.0,9.0,7.2,29.5,0.0,3.7,2.0,2.0,0.0,4.0,1.0,0.0,0.2,0.2,0.74,55.0,645.0,15669.0,2387.0,1742.0,405,González Iglesias,Newcastle,Nico,465694,,3,4,Nico_González Iglesias,6,Spurs,4,Newcastle,MID,17
1113,442.0,15.0,19.0,0.0,False,2026-08-29T16:30:00Z,0.0,2.0,2.0,False,0.0,0.0,0.0,0.0,0.0,0.0,0.0,0.0,0.0,0.0,0.0,0.0,0.0,0.0,0.0,0.0,0.0,0.0,0.0,0.0,0.0,0.0,0.0,0.0,0.0,0.0,50.0,-9598.0,124934.0,2706.0,12304.0,442,Pope,Newcastle,Nick,98747,,1,4,Nick_Pope,6,Spurs,4,Newcastle,GKP,17
1114,443.0,15.0,19.0,0.0,False,2026-08-29T16:30:00Z,0.0,2.0,2.0,False,0.0,0.0,0.0,0.0,0.0,0.0,0.0,0.0,0.0,0.0,0.0,0.0,0.0,0.0,0.0,0.0,0.0,0.0,0.0,0.0,0.0,0.0,0.0,0.0,0.0,0.0,45.0,-69.0,3435.0,162.0,231.0,443,Gillespie,Newcastle,Mark,81441,,1,4,Mark_Gillespie,6,Spurs,4,Newcastle,GKP,17
1115,444.0,15.0,19.0,0.0,False,2026-08-29T16:30:00Z,0.0,2.0,2.0,False,0.0,0.0,0.0,0.0,0.0,0.0,0.0,0.0,0.0,0.0,0.0,0.0,0.0,0.0,0.0,0.0,0.0,0.0,0.0,0.0,0.0,0.0,0.0,0.0,0.0,0.0,45.0,-224.0,2775.0,124.0,348.0,444,Jaouen,Newcastle,Ewen,554578,,1,4,Ewen_Jaouen,6,Spurs,4,Newcastle,GKP,17
1116,445.0,15.0,19.0,6.0,False,2026-08-29T16:30:00Z,0.0,2.0,2.0,False,90.0,0.0,0.0,1.0,0.0,0.0,0.0,0.0,0.0,0.0,0.0,0.0,25.0,6.8,1.5,0.0,0.8,3.0,1.0,0.0,3.0,1.0,0.0,0.02,0.02,1.12,50.0,8900.0,175248.0,19798.0,10898.0,445,Thiaw,Newcastle,Malick,465642,,2,4,Malick_Thiaw,6,Spurs,4,Newcastle,DEF,17
1117,446.0,15.0,19.0,0.0,False,2026-08-29T16:30:00Z,0.0,2.0,2.0,False,0.0,0.0,0.0,0.0,0.0,0.0,0.0,0.0,0.0,0.0,0.0,0.0,0.0,0.0,0.0,0.0,0.0,0.0,0.0,0.0,0.0,0.0,0.0,0.0,0.0,0.0,50.0,10.0,26250.0,1895.0,1885.0,446,Schär,Newcastle,Fabian,119471,,2,4,Fabian_Schär,6,Spurs,4,Newcastle,DEF,17
1118,447.0,15.0,19.0,5.0,False,2026-08-29T16:30:00Z,0.0,2.0,2.0,False,90.0,0.0,0.0,1.0,0.0,0.0,0.0,0.0,1.0,0.0,0.0,0.0,22.0,11.2,1.8,2.0,1.5,4.0,4.0,1.0,5.0,1.0,0.01,0.0,0.01,1.12,50.0,5603.0,52947.0,8885.0,3282.0,447,Botman,Newcastle,Sven,220237,,2,4,Sven_Botman,6,Spurs,4,Newcastle,DEF,17
1119,448.0,15.0,19.0,0.0,False,2026-08-29T16:30:00Z,0.0,2.0,2.0,False,0.0,0.0,0.0,0.0,0.0,0.0,0.0,0.0,0.0,0.0,0.0,0.0,0.0,0.0,0.0,0.0,0.0,0.0,0.0,0.0,0.0,0.0,0.0,0.0,0.0,0.0,50.0,-69064.0,159459.0,6247.0,75311.0,448,Burn,Newcastle,Dan,78916,Ankle injury - Expected back 14 Sep,2,4,Dan_Burn,6,Spurs,4,Newcastle,DEF,17
1120,449.0,15.0,19.0,11.0,False,2026-08-29T16:30:00Z,0.0,2.0,2.0,False,90.0,0.0,0.0,1.0,0.0,0.0,0.0,0.0,0.0,0.0,0.0,3.0,52.0,39.0,27.3,4.0,7.0,11.0,6.0,2.0,13.0,1.0,0.03,0.31,0.34,1.12,50.0,33265.0,411061.0,52701.0,19436.0,449,Hall,Newcastle,Lewis,487838,,2,4,Lewis_Hall,6,Spurs,4,Newcastle,DEF,17
1121,450.0,15.0,19.0,0.0,False,2026-08-29T16:30:00Z,0.0,2.0,2.0,False,0.0,0.0,0.0,0.0,0.0,0.0,0.0,0.0,0.0,0.0,0.0,0.0,0.0,0.0,0.0,0.0,0.0,0.0,0.0,0.0,0.0,0.0,0.0,0.0,0.0,0.0,50.0,-1137.0,3475.0,91.0,1228.0,450,Livramento,Newcastle,Tino,441191,Calf injury - Unknown return date,2,4,Tino_Livramento,6,Spurs,4,Newcastle,DEF,17
1122,451.0,15.0,19.0,0.0,False,2026-08-29T16:30:00Z,0.0,2.0,2.0,False,0.0,0.0,0.0,0.0,0.0,0.0,0.0,0.0,0.0,0.0,0.0,0.0,0.0,0.0,0.0,0.0,0.0,0.0,0.0,0.0,0.0,0.0,0.0,0.0,0.0,0.0,40.0,-3276.0,9468.0,0.0,3276.0,451,Murphy,Newcastle,Alex,545477,Has joined FC Kaiserslautern on loan for the rest of the season,2,4,Alex_Murphy,6,Spurs,4,Newcastle,DEF,17
1123,453.0,15.0,19.0,3.0,False,2026-08-29T16:30:00Z,0.0,2.0,2.0,False,90.0,0.0,0.0,1.0,0.0,0.0,0.0,0.0,0.0,0.0,0.0,0.0,9.0,7.2,22.1,7.0,3.6,2.0,0.0,2.0,4.0,1.0,0.04,0.01,0.05,1.12,60.0,4665.0,113402.0,14995.0,10330.0,453,Barnes,Newcastle,Harvey,201666,,3,4,Harvey_Barnes,6,Spurs,4,Newcastle,MID,17
1124,454.0,15.0,19.0,8.0,False,2026-08-29T16:30:00Z,0.0,2.0,2.0,False,81.0,1.0,0.0,1.0,0.0,0.0,0.0,0.0,0.0,0.0,0.0,0.0,32.0,36.8,15.3,29.0,8.1,0.0,1.0,2.0,3.0,1.0,0.2,0.1,0.3,0.74,60.0,83568.0,215548.0,95441.0,11873.0,454,Elanga,Newcastle,Anthony,449434,,3,4,Anthony_Elanga,6,Spurs,4,Newcastle,MID,17
1125,456.0,15.0,19.0,1.0,False,2026-08-29T16:30:00Z,0.0,2.0,2.0,False,8.0,0.0,0.0,0.0,0.0,0.0,0.0,0.0,0.0,0.0,0.0,0.0,3.0,0.2,4.2,0.0,0.4,0.0,1.0,0.0,1.0,0.0,0.0,0.13,0.13,0.38,50.0,-3238.0,34073.0,1442.0,4680.0,456,Ramsey,Newcastle,Jacob,232653,,3,4,Jacob_Ramsey,6,Spurs,4,Newcastle,MID,17
1126,457.0,15.0,19.0,1.0,False,2026-08-29T16:30:00Z,0.0,2.0,2.0,False,8.0,0.0,0.0,0.0,0.0,0.0,0.0,0.0,0.0,0.0,0.0,0.0,3.0,2.2,3.1,2.0,0.7,0.0,2.0,1.0,3.0,0.0,0.0,0.2,0.2,0.38,60.0,-1965.0,15641.0,717.0,2682.0,457,Murphy,Newcastle,Jacob,114243,,3,4,Jacob_Murphy,6,Spurs,4,Newcastle,MID,17
1127,458.0,15.0,19.0,0.0,False,2026-08-29T16:30:00Z,0.0,2.0,2.0,False,0.0,0.0,0.0,0.0,0.0,0.0,0.0,0.0,0.0,0.0,0.0,0.0,0.0,0.0,0.0,0.0,0.0,0.0,0.0,0.0,0.0,0.0,0.0,0.0,0.0,0.0,55.0,-1020.0,2722.0,48.0,1068.0,458,Apolinário de Lira,Newcastle,Joelinton Cássio,180974,Unspecified injury - Unknown return date,3,4,Joelinton Cássio_Apolinário de Lira,6,Spurs,4,Newcastle,MID,17
1128,459.0,15.0,19.0,3.0,False,2026-08-29T16:30:00Z,0.0,2.0,2.0,False,90.0,0.0,0.0,1.0,0.0,0.0,0.0,0.0,0.0,0.0,0.0,0.0,16.0,11.2,14.7,0.0,2.6,3.0,6.0,0.0,9.0,1.0,0.0,0.04,0.04,1.12,55.0,857.0,6985.0,1391.0,534.0,459,Miley,Newcastle,Lewis,547719,,3,4,Lewis_Miley,6,Spurs,4,Newcastle,MID,17
1129,460.0,15.0,19.0,3.0,False,2026-08-29T16:30:00Z,0.0,2.0,2.0,False,70.0,0.0,0.0,1.0,0.0,0.0,0.0,0.0,0.0,0.0,0.0,0.0,0.0,0.0,4.3,8.0,0.5,1.0,1.0,0.0,2.0,1.0,0.07,0.02,0.09,0.74,50.0,6831.0,24746.0,8763.0,1932.0,460,Willock,Newcastle,Joe,200089,,3,4,Joe_Willock,6,Spurs,4,Newcastle,MID,17
1130,461.0,15.0,19.0,1.0,False,2026-08-29T16:30:00Z,0.0,2.0,2.0,False,1.0,0.0,0.0,0.0,0.0,0.0,0.0,0.0,0.0,0.0,0.0,0.0,3.0,0.0,0.0,0.0,0.0,0.0,0.0,0.0,0.0,0.0,0.0,0.0,0.0,0.0,60.0,-3945.0,20967.0,513.0,4458.0,461,Touré,Newcastle,Bazoumana,611665,,3,4,Bazoumana_Touré,6,Spurs,4,Newcastle,MID,17
1131,462.0,15.0,19.0,1.0,False,2026-08-29T16:30:00Z,0.0,2.0,2.0,False,19.0,0.0,0.0,0.0,0.0,0.0,0.0,0.0,0.0,0.0,0.0,0.0,4.0,5.0,0.0,0.0,0.5,3.0,0.0,0.0,3.0,0.0,0.0,0.0,0.0,0.38,50.0,-238.0,10539.0,762.0,1000.0,462,Steur,Newcastle,Sean,636852,,3,4,Sean_Steur,6,Spurs,4,Newcastle,MID,17
1132,463.0,15.0,19.0,4.0,False,2026-08-29T16:30:00Z,0.0,2.0,2.0,False,19.0,0.0,1.0,0.0,0.0,0.0,0.0,0.0,0.0,0.0,0.0,0.0,18.0,18.2,10.5,11.0,4.0,0.0,0.0,0.0,0.0,0.0,0.02,0.01,0.03,0.38,60.0,-23591.0,150038.0,7193.0,30784.0,463,Woltemade,Newcastle,Nick,470313,,4,4,Nick_Woltemade,6,Spurs,4,Newcastle,FWD,17
1133,464.0,15.0,19.0,8.0,False,2026-08-29T16:30:00Z,0.0,2.0,2.0,False,81.0,1.0,0.0,1.0,0.0,0.0,0.0,0.0,0.0,0.0,0.0,2.0,37.0,35.6,10.3,46.0,9.2,1.0,4.0,1.0,6.0,1.0,0.35,0.0,0.35,0.74,60.0,134869.0,359321.0,158957.0,24088.0,464,Wissa,Newcastle,Yoane,216646,,4,4,Yoane_Wissa,6,Spurs,4,Newcastle,FWD,17
1134,465.0,15.0,19.0,0.0,False,2026-08-29T16:30:00Z,0.0,2.0,2.0,False,0.0,0.0,0.0,0.0,0.0,0.0,0.0,0.0,0.0,0.0,0.0,0.0,0.0,0.0,0.0,0.0,0.0,0.0,0.0,0.0,0.0,0.0,0.0,0.0,0.0,0.0,60.0,-6163.0,90550.0,20344.0,26507.0,465,Osula,Newcastle,William,538207,Foot injury - Unknown return date,4,4,William_Osula,6,Spurs,4,Newcastle,FWD,17
1135,466.0,15.0,19.0,0.0,False,2026-08-29T16:30:00Z,0.0,2.0,2.0,False,0.0,0.0,0.0,0.0,0.0,0.0,0.0,0.0,0.0,0.0,0.0,0.0,0.0,0.0,0.0,0.0,0.0,0.0,0.0,0.0,0.0,0.0,0.0,0.0,0.0,0.0,45.0,-1647.0,75688.0,6478.0,8125.0,466,Neave,Newcastle,Sean,599303,,4,4,Sean_Neave,6,Spurs,4,Newcastle,FWD,17
1136,559.0,15.0,19.0,0.0,False,2026-08-29T16:30:00Z,0.0,2.0,2.0,False,0.0,0.0,0.0,0.0,0.0,0.0,0.0,0.0,0.0,0.0,0.0,0.0,0.0,0.0,0.0,0.0,0.0,0.0,0.0,0.0,0.0,0.0,0.0,0.0,0.0,0.0,50.0,-977.0,13188.0,690.0,1667.0,559,Bamba,Newcastle,Aladji,632794,,3,4,Aladji_Bamba,6,Spurs,4,Newcastle,MID,17
1137,567.0,15.0,19.0,7.0,False,2026-08-29T16:30:00Z,0.0,2.0,2.0,False,90.0,0.0,0.0,1.0,0.0,0.0,0.0,0.0,0.0,0.0,4.0,0.0,32.0,34.6,0.0,0.0,3.5,2.0,4.0,0.0,0.0,1.0,0.0,0.0,0.0,1.12,50.0,1279.0,70807.0,5537.0,4258.0,567,Hornícek,Newcastle,Lukás,470551,,1,4,Lukás_Hornícek,6,Spurs,4,Newcastle,GKP,17
1138,593.0,15.0,19.0,11.0,False,2026-08-29T16:30:00Z,0.0,2.0,2.0,False,90.0,0.0,1.0,1.0,0.0,0.0,0.0,0.0,0.0,0.0,0.0,2.0,37.0,42.6,30.4,0.0,7.3,5.0,5.0,3.0,8.0,1.0,0.0,0.06,0.06,1.12,45.0,8203.0,36928.0,10359.0,2156.0,593,Dedic,Newcastle,Amar,463726,,2,4,Amar_Dedic,6,Spurs,4,Newcastle,DEF,17
1139,609.0,15.0,19.0,0.0,False,2026-08-29T16:30:00Z,0.0,2.0,2.0,False,0.0,0.0,0.0,0.0,0.0,0.0,0.0,0.0,0.0,0.0,0.0,0.0,0.0,0.0,0.0,0.0,0.0,0.0,0.0,0.0,0.0,0.0,0.0,0.0,0.0,0.0,40.0,3348.0,11777.0,3993.0,645.0,609,Shahar,Newcastle,Leo,553746,,2,4,Leo_Shahar,6,Spurs,4,Newcastle,DEF,17
1140,167.0,14.0,14.0,1.0,False,2026-08-29T11:30:00Z,2.0,2.0,2.0,False,24.0,0.0,0.0,0.0,1.0,0.0,0.0,0.0,0.0,0.0,0.0,0.0,9.0,4.0,10.1,7.0,2.1,0.0,0.0,0.0,0.0,0.0,0.07,0.0,0.07,0.33,55.0,175.0,48067.0,7740.0,7565.0,167,Delap,Nott'm Forest,Liam,463034,,4,17,Liam_Delap,14,Liverpool,17,Nott'm Forest,FWD,18
1141,201.0,11.0,15.0,0.0,True,2026-08-28T19:00:00Z,1.0,4.0,2.0,False,0.0,0.0,0.0,0.0,0.0,0.0,0.0,0.0,0.0,0.0,0.0,0.0,0.0,0.0,0.0,0.0,0.0,0.0,0.0,0.0,0.0,0.0,0.0,0.0,0.0,0.0,55.0,-109781.0,815530.0,15645.0,125426.0,201,Muñoz Mejía,Nott'm Forest,Daniel,247348,,2,17,Daniel_Muñoz Mejía,43,Man City,17,Nott'm Forest,DEF,18
1142,467.0,14.0,14.0,1.0,False,2026-08-29T11:30:00Z,2.0,2.0,2.0,False,90.0,0.0,0.0,0.0,2.0,0.0,0.0,0.0,0.0,0.0,2.0,0.0,6.0,16.6,0.0,0.0,1.7,3.0,6.0,0.0,0.0,1.0,0.0,0.01,0.01,1.75,50.0,-8396.0,148147.0,3350.0,11746.0,467,Sels,Nott'm Forest,Matz,85633,,1,17,Matz_Sels,14,Liverpool,17,Nott'm Forest,GKP,18
1143,468.0,14.0,14.0,0.0,False,2026-08-29T11:30:00Z,2.0,2.0,2.0,False,0.0,0.0,0.0,0.0,0.0,0.0,0.0,0.0,0.0,0.0,0.0,0.0,0.0,0.0,0.0,0.0,0.0,0.0,0.0,0.0,0.0,0.0,0.0,0.0,0.0,0.0,45.0,-288.0,6338.0,178.0,466.0,468,Maciel Furtado,Nott'm Forest,John Victor,221389,,1,17,John Victor_Maciel Furtado,14,Liverpool,17,Nott'm Forest,GKP,18
1144,469.0,14.0,14.0,6.0,False,2026-08-29T11:30:00Z,2.0,2.0,2.0,False,90.0,0.0,1.0,0.0,2.0,0.0,0.0,0.0,0.0,0.0,0.0,0.0,16.0,34.4,25.3,6.0,6.6,6.0,1.0,6.0,12.0,1.0,0.12,0.15,0.27,1.75,50.0,-67984.0,880209.0,14150.0,82134.0,469,Williams,Nott'm Forest,Neco,215136,,2,17,Neco_Williams,14,Liverpool,17,Nott'm Forest,DEF,18
1145,470.0,14.0,14.0,0.0,False,2026-08-29T11:30:00Z,2.0,2.0,2.0,False,0.0,0.0,0.0,0.0,0.0,0.0,0.0,0.0,0.0,0.0,0.0,0.0,0.0,0.0,0.0,0.0,0.0,0.0,0.0,0.0,0.0,0.0,0.0,0.0,0.0,0.0,50.0,-437.0,4633.0,230.0,667.0,470,Rodrigues da Silva,Nott'm Forest,Felipe,485047,,2,17,Felipe_Rodrigues da Silva,14,Liverpool,17,Nott'm Forest,DEF,18
1146,471.0,14.0,14.0,3.0,False,2026-08-29T11:30:00Z,2.0,2.0,2.0,False,90.0,0.0,0.0,0.0,2.0,0.0,0.0,0.0,0.0,0.0,0.0,0.0,3.0,17.0,0.0,0.0,1.7,10.0,3.0,3.0,13.0,1.0,0.0,0.0,0.0,1.75,55.0,-14450.0,176049.0,2591.0,17041.0,471,Milenković,Nott'm Forest,Nikola,227444,,2,17,Nikola_Milenković,14,Liverpool,17,Nott'm Forest,DEF,18
1147,472.0,14.0,14.0,1.0,False,2026-08-29T11:30:00Z,2.0,2.0,2.0,False,90.0,0.0,0.0,0.0,2.0,0.0,0.0,0.0,0.0,0.0,0.0,0.0,2.0,11.2,0.3,8.0,2.0,6.0,3.0,0.0,6.0,1.0,0.18,0.0,0.18,1.75,55.0,-3257.0,162661.0,8580.0,11837.0,472,Costa dos Santos,Nott'm Forest,Murillo,575476,,2,17,Murillo_Costa dos Santos,14,Liverpool,17,Nott'm Forest,DEF,18
1148,473.0,14.0,14.0,0.0,False,2026-08-29T11:30:00Z,2.0,2.0,2.0,False,85.0,0.0,0.0,0.0,2.0,0.0,0.0,0.0,1.0,0.0,0.0,0.0,2.0,11.8,15.5,4.0,3.1,3.0,4.0,2.0,5.0,1.0,0.0,0.35,0.35,1.75,45.0,-5067.0,345943.0,17770.0,22837.0,473,Aina,Nott'm Forest,Ola,159506,,2,17,Ola_Aina,14,Liverpool,17,Nott'm Forest,DEF,18
1149,474.0,14.0,14.0,1.0,False,2026-08-29T11:30:00Z,2.0,2.0,2.0,False,90.0,0.0,0.0,0.0,2.0,0.0,0.0,0.0,0.0,0.0,0.0,0.0,6.0,14.6,0.4,0.0,1.5,6.0,3.0,2.0,8.0,1.0,0.0,0.0,0.0,1.75,45.0,-1300.0,21029.0,259.0,1559.0,474,Paula da Cunha Filho,Nott'm Forest,Jair,575458,,2,17,Jair_Paula da Cunha Filho,14,Liverpool,17,Nott'm Forest,DEF,18
1150,475.0,14.0,14.0,0.0,False,2026-08-29T11:30:00Z,2.0,2.0,2.0,False,0.0,0.0,0.0,0.0,0.0,0.0,0.0,0.0,0.0,0.0,0.0,0.0,0.0,0.0,0.0,0.0,0.0,0.0,0.0,0.0,0.0,0.0,0.0,0.0,0.0,0.0,45.0,65.0,304.0,113.0,48.0,475,Savona,Nott'm Forest,Nicolò,500151,Knee injury - Unknown return date,2,17,Nicolò_Savona,14,Liverpool,17,Nott'm Forest,DEF,18
1151,476.0,14.0,14.0,0.0,False,2026-08-29T11:30:00Z,2.0,2.0,2.0,False,0.0,0.0,0.0,0.0,0.0,0.0,0.0,0.0,0.0,0.0,0.0,0.0,0.0,0.0,0.0,0.0,0.0,0.0,0.0,0.0,0.0,0.0,0.0,0.0,0.0,0.0,40.0,-1513.0,23167.0,495.0,2008.0,476,Richards,Nott'm Forest,Omar,204822,,2,17,Omar_Richards,14,Liverpool,17,Nott'm Forest,DEF,18
1152,477.0,14.0,14.0,0.0,False,2026-08-29T11:30:00Z,2.0,2.0,2.0,False,0.0,0.0,0.0,0.0,0.0,0.0,0.0,0.0,0.0,0.0,0.0,0.0,0.0,0.0,0.0,0.0,0.0,0.0,0.0,0.0,0.0,0.0,0.0,0.0,0.0,0.0,40.0,-1227.0,24822.0,996.0,2223.0,477,Abbott,Nott'm Forest,Zach,549067,,2,17,Zach_Abbott,14,Liverpool,17,Nott'm Forest,DEF,18
1153,478.0,14.0,14.0,1.0,False,2026-08-29T11:30:00Z,2.0,2.0,2.0,False,4.0,0.0,0.0,0.0,0.0,0.0,0.0,0.0,0.0,0.0,0.0,0.0,5.0,2.0,0.0,0.0,0.2,0.0,0.0,1.0,1.0,0.0,0.0,0.0,0.0,0.0,45.0,-176.0,3516.0,112.0,288.0,478,Netz,Nott'm Forest,Luca,470315,,2,17,Luca_Netz,14,Liverpool,17,Nott'm Forest,DEF,18
1154,479.0,14.0,14.0,0.0,False,2026-08-29T11:30:00Z,2.0,2.0,2.0,False,0.0,0.0,0.0,0.0,0.0,0.0,0.0,0.0,0.0,0.0,0.0,0.0,0.0,0.0,0.0,0.0,0.0,0.0,0.0,0.0,0.0,0.0,0.0,0.0,0.0,0.0,40.0,-1052.0,18138.0,365.0,1417.0,479,Bindon,Nott'm Forest,Tyler,538638,Has joined Charlton Athletic on loan for the rest of the season,2,17,Tyler_Bindon,14,Liverpool,17,Nott'm Forest,DEF,18
1155,480.0,14.0,14.0,13.0,False,2026-08-29T11:30:00Z,2.0,2.0,2.0,False,90.0,1.0,1.0,0.0,2.0,0.0,0.0,0.0,0.0,0.0,0.0,3.0,36.0,56.4,12.5,17.0,8.6,1.0,2.0,2.0,5.0,1.0,0.79,0.04,0.83,1.75,80.0,-274313.0,815842.0,8780.0,283093.0,480,Gibbs-White,Nott'm Forest,Morgan,222531,,3,17,Morgan_Gibbs-White,14,Liverpool,17,Nott'm Forest,MID,18
1156,482.0,14.0,14.0,1.0,False,2026-08-29T11:30:00Z,2.0,2.0,2.0,False,1.0,0.0,0.0,0.0,0.0,0.0,0.0,0.0,0.0,0.0,0.0,0.0,2.0,0.0,0.3,0.0,0.0,0.0,0.0,0.0,0.0,0.0,0.0,0.0,0.0,0.0,60.0,-4758.0,21667.0,726.0,5484.0,482,Hudson-Odoi,Nott'm Forest,Callum,209046,,3,17,Callum_Hudson-Odoi,14,Liverpool,17,Nott'm Forest,MID,18
1157,483.0,14.0,14.0,9.0,False,2026-08-29T11:30:00Z,2.0,2.0,2.0,False,65.0,1.0,0.0,0.0,1.0,0.0,0.0,0.0,0.0,0.0,0.0,2.0,30.0,35.8,23.0,36.0,9.5,1.0,8.0,0.0,9.0,1.0,0.35,0.63,0.98,1.42,55.0,-3771.0,39501.0,1491.0,5262.0,483,Ndoye,Nott'm Forest,Dan,456512,,3,17,Dan_Ndoye,14,Liverpool,17,Nott'm Forest,MID,18
1158,484.0,14.0,14.0,0.0,False,2026-08-29T11:30:00Z,2.0,2.0,2.0,False,0.0,0.0,0.0,0.0,0.0,0.0,0.0,0.0,0.0,0.0,0.0,0.0,0.0,0.0,0.0,0.0,0.0,0.0,0.0,0.0,0.0,0.0,0.0,0.0,0.0,0.0,55.0,-2032.0,15837.0,214.0,2246.0,484,Hutchinson,Nott'm Forest,Omari,503301,Has joined AC Milan on loan for the rest of the season,3,17,Omari_Hutchinson,14,Liverpool,17,Nott'm Forest,MID,18
1159,485.0,14.0,14.0,0.0,False,2026-08-29T11:30:00Z,2.0,2.0,2.0,False,0.0,0.0,0.0,0.0,0.0,0.0,0.0,0.0,0.0,0.0,0.0,0.0,0.0,0.0,0.0,0.0,0.0,0.0,0.0,0.0,0.0,0.0,0.0,0.0,0.0,0.0,55.0,-298.0,1297.0,107.0,405.0,485,Bakwa,Nott'm Forest,Dilane,476887,Has joined Lille on loan for the rest of the season,3,17,Dilane_Bakwa,14,Liverpool,17,Nott'm Forest,MID,18
1160,486.0,14.0,14.0,2.0,False,2026-08-29T11:30:00Z,2.0,2.0,2.0,False,90.0,0.0,0.0,0.0,2.0,0.0,0.0,0.0,0.0,0.0,0.0,0.0,16.0,8.2,18.5,0.0,2.7,2.0,5.0,1.0,8.0,1.0,0.0,0.16,0.16,1.75,55.0,199.0,5218.0,674.0,475.0,486,McAtee,Nott'm Forest,James,432714,,3,17,James_McAtee,14,Liverpool,17,Nott'm Forest,MID,18
1161,487.0,14.0,14.0,1.0,False,2026-08-29T11:30:00Z,2.0,2.0,2.0,False,1.0,0.0,0.0,0.0,0.0,0.0,0.0,0.0,0.0,0.0,0.0,0.0,3.0,0.2,0.0,0.0,0.0,0.0,0.0,0.0,0.0,0.0,0.0,0.0,0.0,0.0,50.0,-848.0,7613.0,214.0,1062.0,487,Domínguez,Nott'm Forest,Nicolás,250199,,3,17,Nicolás_Domínguez,14,Liverpool,17,Nott'm Forest,MID,18
1162,488.0,14.0,14.0,0.0,False,2026-08-29T11:30:00Z,2.0,2.0,2.0,False,0.0,0.0,0.0,0.0,0.0,0.0,0.0,0.0,0.0,0.0,0.0,0.0,0.0,0.0,0.0,0.0,0.0,0.0,0.0,0.0,0.0,0.0,0.0,0.0,0.0,0.0,50.0,-15127.0,88298.0,2850.0,17977.0,488,Sangaré,Nott'm Forest,Ibrahim,210462,Calf injury - Unknown return date,3,17,Ibrahim_Sangaré,14,Liverpool,17,Nott'm Forest,MID,18
1163,489.0,14.0,14.0,0.0,False,2026-08-29T11:30:00Z,2.0,2.0,2.0,False,0.0,0.0,0.0,0.0,0.0,0.0,0.0,0.0,0.0,0.0,0.0,0.0,0.0,0.0,0.0,0.0,0.0,0.0,0.0,0.0,0.0,0.0,0.0,0.0,0.0,0.0,45.0,-35340.0,142945.0,1743.0,37083.0,489,Yates,Nott'm Forest,Ryan,204968,,3,17,Ryan_Yates,14,Liverpool,17,Nott'm Forest,MID,18
1164,490.0,14.0,14.0,0.0,False,2026-08-29T11:30:00Z,2.0,2.0,2.0,False,0.0,0.0,0.0,0.0,0.0,0.0,0.0,0.0,0.0,0.0,0.0,0.0,0.0,0.0,0.0,0.0,0.0,0.0,0.0,0.0,0.0,0.0,0.0,0.0,0.0,0.0,60.0,-24782.0,152998.0,4569.0,29351.0,490,Wood,Nott'm Forest,Chris,60689,,4,17,Chris_Wood,14,Liverpool,17,Nott'm Forest,FWD,18
1165,491.0,14.0,14.0,1.0,False,2026-08-29T11:30:00Z,2.0,2.0,2.0,False,90.0,0.0,0.0,0.0,2.0,0.0,0.0,0.0,1.0,0.0,0.0,0.0,4.0,8.6,13.3,38.0,6.0,3.0,1.0,1.0,5.0,1.0,0.74,0.04,0.78,1.75,60.0,-48313.0,361702.0,10237.0,58550.0,491,Maciel da Cruz,Nott'm Forest,Igor Jesus,482973,,4,17,Igor Jesus_Maciel da Cruz,14,Liverpool,17,Nott'm Forest,FWD,18
1166,493.0,14.0,14.0,0.0,False,2026-08-29T11:30:00Z,2.0,2.0,2.0,False,0.0,0.0,0.0,0.0,0.0,0.0,0.0,0.0,0.0,0.0,0.0,0.0,0.0,0.0,0.0,0.0,0.0,0.0,0.0,0.0,0.0,0.0,0.0,0.0,0.0,0.0,55.0,-418.0,5177.0,339.0,757.0,493,Kalimuendo,Nott'm Forest,Arnaud,465680,,4,17,Arnaud_Kalimuendo,14,Liverpool,17,Nott'm Forest,FWD,18
1167,558.0,14.0,14.0,4.0,False,2026-08-29T11:30:00Z,2.0,2.0,2.0,False,90.0,0.0,0.0,0.0,2.0,0.0,0.0,0.0,0.0,0.0,0.0,0.0,15.0,21.2,0.7,7.0,2.9,3.0,7.0,5.0,15.0,1.0,0.05,0.0,0.05,1.75,50.0,-986.0,9781.0,158.0,1144.0,558,Schlager,Nott'm Forest,Xaver,204561,,3,17,Xaver_Schlager,14,Liverpool,17,Nott'm Forest,MID,18
1168,581.0,14.0,14.0,0.0,False,2026-08-29T11:30:00Z,2.0,2.0,2.0,False,0.0,0.0,0.0,0.0,0.0,0.0,0.0,0.0,0.0,0.0,0.0,0.0,0.0,0.0,0.0,0.0,0.0,0.0,0.0,0.0,0.0,0.0,0.0,0.0,0.0,0.0,55.0,-8617.0,71062.0,3484.0,12101.0,581,Diomande,Nott'm Forest,Ousmane,568420,,2,17,Ousmane_Diomande,14,Liverpool,17,Nott'm Forest,DEF,18
1169,590.0,14.0,14.0,0.0,False,2026-08-29T11:30:00Z,2.0,2.0,2.0,False,0.0,0.0,0.0,0.0,0.0,0.0,0.0,0.0,0.0,0.0,0.0,0.0,0.0,0.0,0.0,0.0,0.0,0.0,0.0,0.0,0.0,0.0,0.0,0.0,0.0,0.0,45.0,81.0,6630.0,625.0,544.0,590,Benda,Nott'm Forest,Steven,428971,,1,17,Steven_Benda,14,Liverpool,17,Nott'm Forest,GKP,18
1170,112.0,15.0,17.0,1.0,True,2026-08-29T16:30:00Z,0.0,2.0,2.0,False,90.0,0.0,0.0,0.0,2.0,0.0,0.0,0.0,0.0,0.0,0.0,0.0,9.0,26.6,13.7,33.0,7.3,6.0,4.0,2.0,8.0,1.0,0.11,0.03,0.14,0.72,50.0,-62164.0,945549.0,36604.0,98768.0,112,van Hecke,Spurs,Jan Paul,469142,,2,6,Jan Paul_van Hecke,4,Newcastle,6,Spurs,DEF,19
1171,401.0,15.0,17.0,2.0,True,2026-08-29T16:30:00Z,0.0,2.0,2.0,False,90.0,0.0,0.0,0.0,2.0,0.0,0.0,0.0,0.0,0.0,0.0,0.0,14.0,9.2,35.1,28.0,7.2,0.0,3.0,1.0,4.0,1.0,0.17,0.07,0.24,0.72,70.0,20447.0,131884.0,39808.0,19361.0,401,Marmoush,Spurs,Omar,438234,,4,6,Omar_Marmoush,4,Newcastle,6,Spurs,FWD,19
1172,403.0,15.0,17.0,0.0,True,2026-08-29T16:30:00Z,0.0,2.0,2.0,False,0.0,0.0,0.0,0.0,0.0,0.0,0.0,0.0,0.0,0.0,0.0,0.0,0.0,0.0,0.0,0.0,0.0,0.0,0.0,0.0,0.0,0.0,0.0,0.0,0.0,0.0,65.0,48883.0,92925.0,55747.0,6864.0,403,Moreira de Oliveira,Spurs,Sávio,510281,Muscular injury - 75% chance of playing,3,6,Sávio_Moreira de Oliveira,4,Newcastle,6,Spurs,MID,19
1173,455.0,15.0,17.0,2.0,True,2026-08-29T16:30:00Z,0.0,2.0,2.0,False,74.0,0.0,0.0,0.0,2.0,0.0,0.0,0.0,0.0,0.0,0.0,0.0,16.0,5.0,26.3,4.0,3.5,1.0,3.0,0.0,4.0,1.0,0.05,0.02,0.07,0.72,55.0,-38097.0,369291.0,14119.0,52216.0,455,Tonali,Spurs,Sandro,432422,,3,6,Sandro_Tonali,4,Newcastle,6,Spurs,MID,19
1174,494.0,15.0,17.0,0.0,True,2026-08-29T16:30:00Z,0.0,2.0,2.0,False,0.0,0.0,0.0,0.0,0.0,0.0,0.0,0.0,0.0,0.0,0.0,0.0,0.0,0.0,0.0,0.0,0.0,0.0,0.0,0.0,0.0,0.0,0.0,0.0,0.0,0.0,45.0,-11437.0,23872.0,0.0,11437.0,494,Vicario,Spurs,Guglielmo,184254,Has joined Juventus on loan for the rest of the season,1,6,Guglielmo_Vicario,4,Newcastle,6,Spurs,GKP,19
1175,495.0,15.0,17.0,0.0,True,2026-08-29T16:30:00Z,0.0,2.0,2.0,False,0.0,0.0,0.0,0.0,0.0,0.0,0.0,0.0,0.0,0.0,0.0,0.0,0.0,0.0,0.0,0.0,0.0,0.0,0.0,0.0,0.0,0.0,0.0,0.0,0.0,0.0,40.0,-490.0,88358.0,3212.0,3702.0,495,Austin,Spurs,Brandon,214572,,1,6,Brandon_Austin,4,Newcastle,6,Spurs,GKP,19
1176,496.0,15.0,17.0,1.0,True,2026-08-29T16:30:00Z,0.0,2.0,2.0,False,90.0,0.0,0.0,0.0,2.0,0.0,0.0,0.0,0.0,0.0,0.0,0.0,4.0,3.8,0.0,0.0,0.4,0.0,6.0,0.0,0.0,1.0,0.0,0.0,0.0,0.72,45.0,-41526.0,2247365.0,40625.0,82151.0,496,Kinský,Spurs,Antonín,485055,,1,6,Antonín_Kinský,4,Newcastle,6,Spurs,GKP,19
1177,497.0,15.0,17.0,0.0,True,2026-08-29T16:30:00Z,0.0,2.0,2.0,False,0.0,0.0,0.0,0.0,0.0,0.0,0.0,0.0,0.0,0.0,0.0,0.0,0.0,0.0,0.0,0.0,0.0,0.0,0.0,0.0,0.0,0.0,0.0,0.0,0.0,0.0,40.0,-28731.0,1835588.0,35086.0,63817.0,497,Dubravka,Spurs,Martin,67089,,1,6,Martin_Dubravka,4,Newcastle,6,Spurs,GKP,19
1178,498.0,15.0,17.0,0.0,True,2026-08-29T16:30:00Z,0.0,2.0,2.0,False,0.0,0.0,0.0,0.0,0.0,0.0,0.0,0.0,0.0,0.0,0.0,0.0,0.0,0.0,0.0,0.0,0.0,0.0,0.0,0.0,0.0,0.0,0.0,0.0,0.0,0.0,60.0,-48293.0,746751.0,15942.0,64235.0,498,Senesi Barón,Spurs,Marcos,221466,,2,6,Marcos_Senesi Barón,4,Newcastle,6,Spurs,DEF,19
1179,499.0,15.0,17.0,1.0,True,2026-08-29T16:30:00Z,0.0,2.0,2.0,False,90.0,0.0,0.0,0.0,2.0,0.0,0.0,0.0,0.0,0.0,0.0,0.0,1.0,9.4,7.9,21.0,3.8,3.0,2.0,1.0,4.0,1.0,0.33,0.1,0.43,0.72,55.0,-296944.0,1331308.0,20574.0,317518.0,499,Porro Sauceda,Spurs,Pedro,441164,,2,6,Pedro_Porro Sauceda,4,Newcastle,6,Spurs,DEF,19
1180,500.0,15.0,17.0,0.0,True,2026-08-29T16:30:00Z,0.0,2.0,2.0,False,0.0,0.0,0.0,0.0,0.0,0.0,0.0,0.0,0.0,0.0,0.0,0.0,0.0,0.0,0.0,0.0,0.0,0.0,0.0,0.0,0.0,0.0,0.0,0.0,0.0,0.0,50.0,-10779.0,14805.0,0.0,10779.0,500,Romero,Spurs,Cristian,221632,Has joined Atletico Madrid permanently,2,6,Cristian_Romero,4,Newcastle,6,Spurs,DEF,19
1181,501.0,15.0,17.0,0.0,True,2026-08-29T16:30:00Z,0.0,2.0,2.0,False,0.0,0.0,0.0,0.0,0.0,0.0,0.0,0.0,0.0,0.0,0.0,0.0,0.0,0.0,0.0,0.0,0.0,0.0,0.0,0.0,0.0,0.0,0.0,0.0,0.0,0.0,50.0,-1412.0,17484.0,1020.0,2432.0,501,Danso,Spurs,Kevin,135720,,2,6,Kevin_Danso,4,Newcastle,6,Spurs,DEF,19
1182,502.0,15.0,17.0,2.0,True,2026-08-29T16:30:00Z,0.0,2.0,2.0,False,67.0,0.0,0.0,0.0,1.0,0.0,0.0,0.0,0.0,0.0,0.0,0.0,7.0,11.2,16.8,25.0,5.3,2.0,1.0,1.0,3.0,1.0,0.06,0.02,0.08,0.48,45.0,-1127.0,379457.0,22171.0,23298.0,502,Robertson,Spurs,Andrew,122798,,2,6,Andrew_Robertson,4,Newcastle,6,Spurs,DEF,19
1183,503.0,15.0,17.0,0.0,True,2026-08-29T16:30:00Z,0.0,2.0,2.0,False,90.0,0.0,0.0,0.0,2.0,0.0,0.0,0.0,1.0,0.0,0.0,0.0,5.0,15.2,2.1,0.0,1.7,7.0,4.0,1.0,8.0,1.0,0.0,0.02,0.02,0.72,50.0,-116329.0,422798.0,8374.0,124703.0,503,van de Ven,Spurs,Micky,491279,,2,6,Micky_van de Ven,4,Newcastle,6,Spurs,DEF,19
1184,505.0,15.0,17.0,0.0,True,2026-08-29T16:30:00Z,0.0,2.0,2.0,False,0.0,0.0,0.0,0.0,0.0,0.0,0.0,0.0,0.0,0.0,0.0,0.0,0.0,0.0,0.0,0.0,0.0,0.0,0.0,0.0,0.0,0.0,0.0,0.0,0.0,0.0,45.0,-45782.0,46576.0,0.0,45782.0,505,Spence,Spurs,Djed,232859,Has joined Internazionale permanently,2,6,Djed_Spence,4,Newcastle,6,Spurs,DEF,19
1185,506.0,15.0,17.0,1.0,True,2026-08-29T16:30:00Z,0.0,2.0,2.0,False,22.0,0.0,0.0,0.0,1.0,0.0,0.0,0.0,0.0,0.0,0.0,0.0,2.0,5.2,11.5,2.0,1.9,0.0,1.0,1.0,1.0,0.0,0.0,0.19,0.19,0.24,45.0,-3007.0,47523.0,1685.0,4692.0,506,Udogie,Spurs,Destiny,487053,,2,6,Destiny_Udogie,4,Newcastle,6,Spurs,DEF,19
1186,507.0,15.0,17.0,0.0,True,2026-08-29T16:30:00Z,0.0,2.0,2.0,False,0.0,0.0,0.0,0.0,0.0,0.0,0.0,0.0,0.0,0.0,0.0,0.0,0.0,0.0,0.0,0.0,0.0,0.0,0.0,0.0,0.0,0.0,0.0,0.0,0.0,0.0,45.0,-658.0,1903.0,0.0,658.0,507,Phillips,Spurs,Ashley,548308,Has joined Middlesbrough permanently,2,6,Ashley_Phillips,4,Newcastle,6,Spurs,DEF,19
1187,508.0,15.0,17.0,0.0,True,2026-08-29T16:30:00Z,0.0,2.0,2.0,False,0.0,0.0,0.0,0.0,0.0,0.0,0.0,0.0,0.0,0.0,0.0,0.0,0.0,0.0,0.0,0.0,0.0,0.0,0.0,0.0,0.0,0.0,0.0,0.0,0.0,0.0,40.0,-6106.0,102932.0,2877.0,8983.0,508,Davies,Spurs,Ben,115556,,2,6,Ben_Davies,4,Newcastle,6,Spurs,DEF,19
1188,509.0,15.0,17.0,0.0,True,2026-08-29T16:30:00Z,0.0,2.0,2.0,False,0.0,0.0,0.0,0.0,0.0,0.0,0.0,0.0,0.0,0.0,0.0,0.0,0.0,0.0,0.0,0.0,0.0,0.0,0.0,0.0,0.0,0.0,0.0,0.0,0.0,0.0,40.0,-239.0,5341.0,319.0,558.0,509,Byfield,Spurs,Jun'ai,640419,,2,6,Jun'ai_Byfield,4,Newcastle,6,Spurs,DEF,19
1189,510.0,15.0,17.0,0.0,True,2026-08-29T16:30:00Z,0.0,2.0,2.0,False,0.0,0.0,0.0,0.0,0.0,0.0,0.0,0.0,0.0,0.0,0.0,0.0,0.0,0.0,0.0,0.0,0.0,0.0,0.0,0.0,0.0,0.0,0.0,0.0,0.0,0.0,40.0,-360.0,7895.0,335.0,695.0,510,Rowswell,Spurs,James,499716,,2,6,James_Rowswell,4,Newcastle,6,Spurs,DEF,19
1190,511.0,15.0,17.0,0.0,True,2026-08-29T16:30:00Z,0.0,2.0,2.0,False,0.0,0.0,0.0,0.0,0.0,0.0,0.0,0.0,0.0,0.0,0.0,0.0,0.0,0.0,0.0,0.0,0.0,0.0,0.0,0.0,0.0,0.0,0.0,0.0,0.0,0.0,40.0,-1501.0,29162.0,1193.0,2694.0,511,de Souza Menezes,Spurs,João Victor,616221,Has joined FC Porto on loan for the rest of the season,2,6,João Victor_de Souza Menezes,4,Newcastle,6,Spurs,DEF,19
1191,512.0,15.0,17.0,1.0,True,2026-08-29T16:30:00Z,0.0,2.0,2.0,False,22.0,0.0,0.0,0.0,1.0,0.0,0.0,0.0,0.0,0.0,0.0,0.0,4.0,1.2,3.3,11.0,1.6,0.0,2.0,0.0,2.0,0.0,0.04,0.01,0.05,0.24,65.0,-2137.0,6789.0,269.0,2406.0,512,Kudus,Spurs,Mohammed,460842,,3,6,Mohammed_Kudus,4,Newcastle,6,Spurs,MID,19
1192,513.0,15.0,17.0,0.0,True,2026-08-29T16:30:00Z,0.0,2.0,2.0,False,0.0,0.0,0.0,0.0,0.0,0.0,0.0,0.0,0.0,0.0,0.0,0.0,0.0,0.0,0.0,0.0,0.0,0.0,0.0,0.0,0.0,0.0,0.0,0.0,0.0,0.0,60.0,-279.0,1453.0,77.0,356.0,513,Simons,Spurs,Xavi,493362,Knee injury - Unknown return date,3,6,Xavi_Simons,4,Newcastle,6,Spurs,MID,19
1193,514.0,15.0,17.0,2.0,True,2026-08-29T16:30:00Z,0.0,2.0,2.0,False,67.0,0.0,0.0,0.0,1.0,0.0,0.0,0.0,0.0,0.0,0.0,0.0,10.0,3.8,3.3,34.0,4.1,0.0,2.0,1.0,3.0,1.0,0.14,0.03,0.17,0.48,60.0,-6287.0,48495.0,4174.0,10461.0,514,Tel,Spurs,Mathys,511499,,3,6,Mathys_Tel,4,Newcastle,6,Spurs,MID,19
1194,515.0,15.0,17.0,0.0,True,2026-08-29T16:30:00Z,0.0,2.0,2.0,False,0.0,0.0,0.0,0.0,0.0,0.0,0.0,0.0,0.0,0.0,0.0,0.0,0.0,0.0,0.0,0.0,0.0,0.0,0.0,0.0,0.0,0.0,0.0,0.0,0.0,0.0,65.0,-34300.0,96409.0,2686.0,36986.0,515,Maddison,Spurs,James,172780,Shoulder injury - 75% chance of playing,3,6,James_Maddison,4,Newcastle,6,Spurs,MID,19
1195,516.0,15.0,17.0,2.0,True,2026-08-29T16:30:00Z,0.0,2.0,2.0,False,90.0,0.0,0.0,0.0,2.0,0.0,0.0,0.0,0.0,0.0,0.0,0.0,17.0,15.4,7.1,0.0,2.3,3.0,6.0,2.0,11.0,1.0,0.0,0.02,0.02,0.72,55.0,-1429.0,18887.0,602.0,2031.0,516,Bentancur,Spurs,Rodrigo,202993,,3,6,Rodrigo_Bentancur,4,Newcastle,6,Spurs,MID,19
1196,517.0,15.0,17.0,0.0,True,2026-08-29T16:30:00Z,0.0,2.0,2.0,False,0.0,0.0,0.0,0.0,0.0,0.0,0.0,0.0,0.0,0.0,0.0,0.0,0.0,0.0,0.0,0.0,0.0,0.0,0.0,0.0,0.0,0.0,0.0,0.0,0.0,0.0,55.0,-3.0,121.0,16.0,19.0,517,Odobert,Spurs,Wilson,550839,Knee injury - Unknown return date,3,6,Wilson_Odobert,4,Newcastle,6,Spurs,MID,19
1197,518.0,15.0,17.0,0.0,True,2026-08-29T16:30:00Z,0.0,2.0,2.0,False,0.0,0.0,0.0,0.0,0.0,0.0,0.0,0.0,0.0,0.0,0.0,0.0,0.0,0.0,0.0,0.0,0.0,0.0,0.0,0.0,0.0,0.0,0.0,0.0,0.0,0.0,49.0,-10351.0,15118.0,113.0,10464.0,518,Sarr,Spurs,Pape Matar,482442,,3,6,Pape Matar_Sarr,4,Newcastle,6,Spurs,MID,19
1198,519.0,15.0,17.0,0.0,True,2026-08-29T16:30:00Z,0.0,2.0,2.0,False,0.0,0.0,0.0,0.0,0.0,0.0,0.0,0.0,0.0,0.0,0.0,0.0,0.0,0.0,0.0,0.0,0.0,0.0,0.0,0.0,0.0,0.0,0.0,0.0,0.0,0.0,55.0,-3439.0,27438.0,1208.0,4647.0,519,Gallagher,Spurs,Conor,232787,,3,6,Conor_Gallagher,4,Newcastle,6,Spurs,MID,19
1199,520.0,15.0,17.0,0.0,True,2026-08-29T16:30:00Z,0.0,2.0,2.0,False,0.0,0.0,0.0,0.0,0.0,0.0,0.0,0.0,0.0,0.0,0.0,0.0,0.0,0.0,0.0,0.0,0.0,0.0,0.0,0.0,0.0,0.0,0.0,0.0,0.0,0.0,55.0,-1564.0,20234.0,635.0,2199.0,520,Bergvall,Spurs,Lucas,570526,,3,6,Lucas_Bergvall,4,Newcastle,6,Spurs,MID,19
1200,521.0,15.0,17.0,0.0,True,2026-08-29T16:30:00Z,0.0,2.0,2.0,False,0.0,0.0,0.0,0.0,0.0,0.0,0.0,0.0,0.0,0.0,0.0,0.0,0.0,0.0,0.0,0.0,0.0,0.0,0.0,0.0,0.0,0.0,0.0,0.0,0.0,0.0,65.0,-166.0,939.0,75.0,241.0,521,Kulusevski,Spurs,Dejan,445044,Knee injury - Unknown return date,3,6,Dejan_Kulusevski,4,Newcastle,6,Spurs,MID,19
1201,522.0,15.0,17.0,2.0,True,2026-08-29T16:30:00Z,0.0,2.0,2.0,False,67.0,0.0,0.0,0.0,1.0,0.0,0.0,0.0,0.0,0.0,0.0,0.0,9.0,1.8,1.5,0.0,0.3,3.0,3.0,0.0,6.0,1.0,0.0,0.0,0.0,0.48,50.0,-833.0,22329.0,1711.0,2544.0,522,Gray,Spurs,Archie,547701,,3,6,Archie_Gray,4,Newcastle,6,Spurs,MID,19
1202,523.0,15.0,17.0,1.0,True,2026-08-29T16:30:00Z,0.0,2.0,2.0,False,22.0,0.0,0.0,0.0,1.0,0.0,0.0,0.0,0.0,0.0,0.0,0.0,1.0,0.0,0.4,1.0,0.0,0.0,1.0,0.0,1.0,0.0,0.02,0.0,0.02,0.24,50.0,-107.0,19021.0,2419.0,2526.0,523,Moore,Spurs,Mikey,499721,,3,6,Mikey_Moore,4,Newcastle,6,Spurs,MID,19
1203,524.0,15.0,17.0,0.0,True,2026-08-29T16:30:00Z,0.0,2.0,2.0,False,0.0,0.0,0.0,0.0,0.0,0.0,0.0,0.0,0.0,0.0,0.0,0.0,0.0,0.0,0.0,0.0,0.0,0.0,0.0,0.0,0.0,0.0,0.0,0.0,0.0,0.0,45.0,-7298.0,79923.0,2014.0,9312.0,524,Olusesi,Spurs,Callum,499726,,3,6,Callum_Olusesi,4,Newcastle,6,Spurs,MID,19
1204,525.0,15.0,17.0,2.0,True,2026-08-29T16:30:00Z,0.0,2.0,2.0,False,90.0,0.0,0.0,0.0,2.0,0.0,0.0,0.0,0.0,0.0,0.0,0.0,18.0,14.0,46.3,1.0,6.1,0.0,5.0,3.0,8.0,1.0,0.01,0.17,0.18,0.72,60.0,-26800.0,160253.0,4529.0,31329.0,525,Fernandes,Spurs,Mateus,551226,,3,6,Mateus_Fernandes,4,Newcastle,6,Spurs,MID,19
1205,526.0,15.0,17.0,1.0,True,2026-08-29T16:30:00Z,0.0,2.0,2.0,False,15.0,0.0,0.0,0.0,0.0,0.0,0.0,0.0,0.0,0.0,0.0,0.0,6.0,3.2,0.3,6.0,1.0,0.0,0.0,0.0,0.0,0.0,0.2,0.0,0.2,0.0,60.0,-12606.0,131276.0,8212.0,20818.0,526,Solanke-Mitchell,Spurs,Dominic,154566,,4,6,Dominic_Solanke-Mitchell,4,Newcastle,6,Spurs,FWD,19
1206,527.0,15.0,17.0,0.0,True,2026-08-29T16:30:00Z,0.0,2.0,2.0,False,0.0,0.0,0.0,0.0,0.0,0.0,0.0,0.0,0.0,0.0,0.0,0.0,0.0,0.0,0.0,0.0,0.0,0.0,0.0,0.0,0.0,0.0,0.0,0.0,0.0,0.0,60.0,-31748.0,275481.0,14723.0,46471.0,527,de Andrade,Spurs,Richarlison,212319,,4,6,Richarlison_de Andrade,4,Newcastle,6,Spurs,FWD,19
1207,528.0,15.0,17.0,0.0,True,2026-08-29T16:30:00Z,0.0,2.0,2.0,False,0.0,0.0,0.0,0.0,0.0,0.0,0.0,0.0,0.0,0.0,0.0,0.0,0.0,0.0,0.0,0.0,0.0,0.0,0.0,0.0,0.0,0.0,0.0,0.0,0.0,0.0,45.0,-3996.0,172295.0,13184.0,17180.0,528,Scarlett,Spurs,Dane,490145,,4,6,Dane_Scarlett,4,Newcastle,6,Spurs,FWD,19
1208,601.0,15.0,17.0,0.0,True,2026-08-29T16:30:00Z,0.0,2.0,2.0,False,0.0,0.0,0.0,0.0,0.0,0.0,0.0,0.0,0.0,0.0,0.0,0.0,0.0,0.0,0.0,0.0,0.0,0.0,0.0,0.0,0.0,0.0,0.0,0.0,0.0,0.0,45.0,2052.0,7704.0,2636.0,584.0,601,Williams-Barnett,Spurs,Luca,611917,,3,6,Luca_Williams-Barnett,4,Newcastle,6,Spurs,MID,19
1209,529.0,19.0,10.0,6.0,True,2026-08-30T13:00:00Z,1.0,0.0,2.0,False,90.0,0.0,0.0,1.0,0.0,0.0,0.0,0.0,0.0,0.0,0.0,0.0,22.0,4.0,0.0,0.0,0.4,2.0,7.0,0.0,0.0,1.0,0.0,0.0,0.0,0.95,50.0,-25568.0,389022.0,4766.0,30334.0,529,Roefs,Sunderland,Robin,498016,,1,56,Robin_Roefs,54,Fulham,56,Sunderland,GKP,20
1210,530.0,19.0,10.0,0.0,True,2026-08-30T13:00:00Z,1.0,0.0,2.0,False,0.0,0.0,0.0,0.0,0.0,0.0,0.0,0.0,0.0,0.0,0.0,0.0,0.0,0.0,0.0,0.0,0.0,0.0,0.0,0.0,0.0,0.0,0.0,0.0,0.0,0.0,40.0,-2307.0,16075.0,0.0,2307.0,530,Patterson,Sunderland,Anthony,232571,Has joined Wrexham permanently,1,56,Anthony_Patterson,54,Fulham,56,Sunderland,GKP,20
1211,531.0,19.0,10.0,0.0,True,2026-08-30T13:00:00Z,1.0,0.0,2.0,False,0.0,0.0,0.0,0.0,0.0,0.0,0.0,0.0,0.0,0.0,0.0,0.0,0.0,0.0,0.0,0.0,0.0,0.0,0.0,0.0,0.0,0.0,0.0,0.0,0.0,0.0,45.0,-645.0,8877.0,209.0,854.0,531,Ellborg,Sunderland,Melker,515046,,1,56,Melker_Ellborg,54,Fulham,56,Sunderland,GKP,20
1212,532.0,19.0,10.0,8.0,True,2026-08-30T13:00:00Z,1.0,0.0,2.0,False,90.0,0.0,0.0,1.0,0.0,0.0,0.0,0.0,0.0,0.0,0.0,0.0,27.0,23.6,1.2,7.0,3.2,9.0,1.0,1.0,10.0,1.0,0.03,0.0,0.03,0.95,50.0,-36906.0,495946.0,12798.0,49704.0,532,Ballard,Sunderland,Daniel,223827,,2,56,Daniel_Ballard,54,Fulham,56,Sunderland,DEF,20
1213,533.0,19.0,10.0,9.0,True,2026-08-30T13:00:00Z,1.0,0.0,2.0,False,90.0,0.0,0.0,1.0,0.0,0.0,0.0,0.0,0.0,0.0,0.0,1.0,28.0,42.6,8.0,2.0,5.3,17.0,4.0,2.0,19.0,1.0,0.0,0.01,0.01,0.95,55.0,-32999.0,244003.0,5588.0,38587.0,533,Mukiele,Sunderland,Nordi,200834,,2,56,Nordi_Mukiele,54,Fulham,56,Sunderland,DEF,20
1214,534.0,19.0,10.0,6.0,True,2026-08-30T13:00:00Z,1.0,0.0,2.0,False,90.0,0.0,0.0,1.0,0.0,0.0,0.0,0.0,0.0,0.0,0.0,0.0,24.0,18.6,19.1,2.0,4.0,2.0,4.0,4.0,6.0,1.0,0.0,0.01,0.01,0.95,45.0,-23752.0,631620.0,13619.0,37371.0,534,Hume,Sunderland,Trai,487676,,2,56,Trai_Hume,54,Fulham,56,Sunderland,DEF,20
1215,535.0,19.0,10.0,0.0,True,2026-08-30T13:00:00Z,1.0,0.0,2.0,False,0.0,0.0,0.0,0.0,0.0,0.0,0.0,0.0,0.0,0.0,0.0,0.0,0.0,0.0,0.0,0.0,0.0,0.0,0.0,0.0,0.0,0.0,0.0,0.0,0.0,0.0,50.0,-2667.0,43620.0,2597.0,5264.0,535,Alderete,Sunderland,Omar,201895,,2,56,Omar_Alderete,54,Fulham,56,Sunderland,DEF,20
1216,536.0,19.0,10.0,6.0,True,2026-08-30T13:00:00Z,1.0,0.0,2.0,False,90.0,0.0,0.0,1.0,0.0,0.0,0.0,0.0,0.0,0.0,0.0,0.0,26.0,16.4,6.0,2.0,2.4,6.0,3.0,1.0,7.0,1.0,0.0,0.01,0.01,0.95,45.0,-2603.0,44204.0,975.0,3578.0,536,Mandava,Sunderland,Reinildo,434399,,2,56,Reinildo_Mandava,54,Fulham,56,Sunderland,DEF,20
1217,537.0,19.0,10.0,0.0,True,2026-08-30T13:00:00Z,1.0,0.0,2.0,False,0.0,0.0,0.0,0.0,0.0,0.0,0.0,0.0,0.0,0.0,0.0,0.0,0.0,0.0,0.0,0.0,0.0,0.0,0.0,0.0,0.0,0.0,0.0,0.0,0.0,0.0,45.0,-69.0,1055.0,58.0,127.0,537,Seelt,Sunderland,Jenson,519634,Has joined Swansea City on loan for the rest of the season,2,56,Jenson_Seelt,54,Fulham,56,Sunderland,DEF,20
1218,538.0,19.0,10.0,0.0,True,2026-08-30T13:00:00Z,1.0,0.0,2.0,False,0.0,0.0,0.0,0.0,0.0,0.0,0.0,0.0,0.0,0.0,0.0,0.0,0.0,0.0,0.0,0.0,0.0,0.0,0.0,0.0,0.0,0.0,0.0,0.0,0.0,0.0,40.0,-990.0,5174.0,0.0,990.0,538,Hjelde,Sunderland,Leo Fuhr,477547,Has joined KV Mechelen on loan for the rest of the season,2,56,Leo Fuhr_Hjelde,54,Fulham,56,Sunderland,DEF,20
1219,539.0,19.0,10.0,0.0,True,2026-08-30T13:00:00Z,1.0,0.0,2.0,False,0.0,0.0,0.0,0.0,0.0,0.0,0.0,0.0,0.0,0.0,0.0,0.0,0.0,0.0,0.0,0.0,0.0,0.0,0.0,0.0,0.0,0.0,0.0,0.0,0.0,0.0,40.0,-12937.0,338160.0,4602.0,17539.0,539,O'Nien,Sunderland,Luke,167512,,2,56,Luke_O'Nien,54,Fulham,56,Sunderland,DEF,20
1220,540.0,19.0,10.0,0.0,True,2026-08-30T13:00:00Z,1.0,0.0,2.0,False,0.0,0.0,0.0,0.0,0.0,0.0,0.0,0.0,0.0,0.0,0.0,0.0,0.0,0.0,0.0,0.0,0.0,0.0,0.0,0.0,0.0,0.0,0.0,0.0,0.0,0.0,40.0,-4868.0,20421.0,0.0,4868.0,540,Masuaku,Sunderland,Arthur,105717,Has joined Konyaspor permanently,2,56,Arthur_Masuaku,54,Fulham,56,Sunderland,DEF,20
1221,541.0,19.0,10.0,6.0,True,2026-08-30T13:00:00Z,1.0,0.0,2.0,False,90.0,0.0,0.0,1.0,0.0,0.0,0.0,0.0,0.0,0.0,0.0,0.0,27.0,22.6,20.0,9.0,5.2,8.0,5.0,0.0,8.0,1.0,0.02,0.05,0.07,0.95,45.0,-708.0,29834.0,1010.0,1718.0,541,Meunier,Sunderland,Thomas,93605,,2,56,Thomas_Meunier,54,Fulham,56,Sunderland,DEF,20
1222,542.0,19.0,10.0,3.0,True,2026-08-30T13:00:00Z,1.0,0.0,2.0,False,89.0,0.0,0.0,1.0,0.0,0.0,0.0,0.0,0.0,0.0,0.0,0.0,13.0,3.4,21.2,30.0,5.5,1.0,4.0,1.0,6.0,1.0,0.37,0.17,0.54,0.86,60.0,-103724.0,853085.0,11386.0,115110.0,542,Le Fée,Sunderland,Enzo,484420,,3,56,Enzo_Le Fée,54,Fulham,56,Sunderland,MID,20
1223,543.0,19.0,10.0,4.0,True,2026-08-30T13:00:00Z,1.0,0.0,2.0,False,18.0,0.0,1.0,0.0,0.0,0.0,0.0,0.0,0.0,0.0,0.0,0.0,15.0,15.2,10.3,0.0,2.6,0.0,0.0,0.0,0.0,0.0,0.0,0.16,0.16,0.02,55.0,-842.0,6801.0,335.0,1177.0,543,Diarra,Sunderland,Habib,547027,Unspecified injury - 75% chance of playing,3,56,Habib_Diarra,54,Fulham,56,Sunderland,MID,20
1224,544.0,19.0,10.0,6.0,True,2026-08-30T13:00:00Z,1.0,0.0,2.0,False,90.0,0.0,0.0,1.0,0.0,0.0,0.0,0.0,0.0,0.0,0.0,3.0,29.0,20.4,57.9,0.0,7.8,1.0,6.0,0.0,7.0,1.0,0.0,0.36,0.36,0.95,55.0,24566.0,464299.0,42781.0,18215.0,544,Xhaka,Sunderland,Granit,84450,,3,56,Granit_Xhaka,54,Fulham,56,Sunderland,MID,20
1225,545.0,19.0,10.0,3.0,True,2026-08-30T13:00:00Z,1.0,0.0,2.0,False,90.0,0.0,0.0,1.0,0.0,0.0,0.0,0.0,0.0,0.0,0.0,0.0,21.0,18.4,7.8,6.0,3.2,6.0,2.0,3.0,11.0,1.0,0.02,0.02,0.04,0.95,50.0,-2332.0,32341.0,1165.0,3497.0,545,Sadiki,Sunderland,Noah,577669,,3,56,Noah_Sadiki,54,Fulham,56,Sunderland,MID,20
1226,546.0,19.0,10.0,0.0,True,2026-08-30T13:00:00Z,1.0,0.0,2.0,False,0.0,0.0,0.0,0.0,0.0,0.0,0.0,0.0,0.0,0.0,0.0,0.0,0.0,0.0,0.0,0.0,0.0,0.0,0.0,0.0,0.0,0.0,0.0,0.0,0.0,0.0,50.0,-3506.0,6042.0,53.0,3559.0,546,Adingra,Sunderland,Simon,535818,Ankle injury - Unknown return date,3,56,Simon_Adingra,54,Fulham,56,Sunderland,MID,20
1227,547.0,19.0,10.0,1.0,True,2026-08-30T13:00:00Z,1.0,0.0,2.0,False,1.0,0.0,0.0,0.0,0.0,0.0,0.0,0.0,0.0,0.0,0.0,0.0,2.0,8.0,0.1,17.0,2.5,1.0,0.0,0.0,1.0,0.0,0.17,0.0,0.17,0.09,50.0,-110.0,822.0,40.0,150.0,547,Mundle,Sunderland,Romaine,461199,,3,56,Romaine_Mundle,54,Fulham,56,Sunderland,MID,20
1228,548.0,19.0,10.0,1.0,True,2026-08-30T13:00:00Z,1.0,0.0,2.0,False,7.0,0.0,0.0,0.0,0.0,0.0,0.0,0.0,0.0,0.0,0.0,0.0,3.0,0.0,0.0,0.0,0.0,0.0,0.0,0.0,0.0,0.0,0.0,0.0,0.0,0.34,50.0,-521.0,6409.0,99.0,620.0,548,Rigg,Sunderland,Chris,554197,,3,56,Chris_Rigg,54,Fulham,56,Sunderland,MID,20
1229,549.0,19.0,10.0,0.0,True,2026-08-30T13:00:00Z,1.0,0.0,2.0,False,0.0,0.0,0.0,0.0,0.0,0.0,0.0,0.0,0.0,0.0,0.0,0.0,0.0,0.0,0.0,0.0,0.0,0.0,0.0,0.0,0.0,0.0,0.0,0.0,0.0,0.0,55.0,-2560.0,20684.0,284.0,2844.0,549,Talbi,Sunderland,Chemsdine,549912,,3,56,Chemsdine_Talbi,54,Fulham,56,Sunderland,MID,20
1230,550.0,19.0,10.0,0.0,True,2026-08-30T13:00:00Z,1.0,0.0,2.0,False,0.0,0.0,0.0,0.0,0.0,0.0,0.0,0.0,0.0,0.0,0.0,0.0,0.0,0.0,0.0,0.0,0.0,0.0,0.0,0.0,0.0,0.0,0.0,0.0,0.0,0.0,50.0,-50.0,569.0,51.0,101.0,550,Bi,Sunderland,Djiamgone Jocelin Ta,699989,,3,56,Djiamgone Jocelin Ta_Bi,54,Fulham,56,Sunderland,MID,20
1231,551.0,19.0,10.0,3.0,True,2026-08-30T13:00:00Z,1.0,0.0,2.0,False,64.0,0.0,0.0,1.0,0.0,0.0,0.0,0.0,0.0,0.0,0.0,0.0,13.0,7.2,16.7,0.0,2.4,0.0,4.0,1.0,5.0,1.0,0.0,0.04,0.04,0.58,50.0,3964.0,13112.0,5343.0,1379.0,551,Angulo,Sunderland,Nilson,536661,,3,56,Nilson_Angulo,54,Fulham,56,Sunderland,MID,20
1232,552.0,19.0,10.0,2.0,True,2026-08-30T13:00:00Z,1.0,0.0,2.0,False,63.0,0.0,0.0,1.0,0.0,0.0,0.0,0.0,0.0,0.0,0.0,0.0,5.0,0.0,2.8,6.0,0.7,1.0,3.0,0.0,4.0,1.0,0.03,0.0,0.03,0.58,60.0,-81358.0,1261093.0,38269.0,119627.0,552,Brobbey,Sunderland,Brian,441264,,4,56,Brian_Brobbey,54,Fulham,56,Sunderland,FWD,20
1233,553.0,19.0,10.0,8.0,True,2026-08-30T13:00:00Z,1.0,0.0,2.0,False,26.0,1.0,0.0,0.0,0.0,0.0,0.0,0.0,0.0,0.0,0.0,3.0,29.0,29.2,0.1,25.0,5.4,0.0,0.0,0.0,0.0,0.0,1.39,0.0,1.39,0.37,55.0,-10451.0,85703.0,2470.0,12921.0,553,Isidor,Sunderland,Wilson,437505,,4,56,Wilson_Isidor,54,Fulham,56,Sunderland,FWD,20
1234,612.0,19.0,10.0,0.0,True,2026-08-30T13:00:00Z,1.0,0.0,2.0,False,0.0,0.0,0.0,0.0,0.0,0.0,0.0,0.0,0.0,0.0,0.0,0.0,0.0,0.0,0.0,0.0,0.0,0.0,0.0,0.0,0.0,0.0,0.0,0.0,0.0,0.0,45.0,68.0,156.0,95.0,27.0,612,Méthalie,Sunderland,Dayann,638411,,2,56,Dayann_Méthalie,54,Fulham,56,Sunderland,DEF,20
1235,613.0,19.0,10.0,0.0,True,2026-08-30T13:00:00Z,1.0,0.0,2.0,False,0.0,0.0,0.0,0.0,0.0,0.0,0.0,0.0,0.0,0.0,0.0,0.0,0.0,0.0,0.0,0.0,0.0,0.0,0.0,0.0,0.0,0.0,0.0,0.0,0.0,0.0,45.0,2077.0,6052.0,2475.0,398.0,613,Ahoka,Sunderland,Jules,696104,,3,56,Jules_Ahoka,54,Fulham,56,Sunderland,MID,20
1236,1.0,29.0,6.0,3.0,True,2026-09-06T15:30:00Z,2.0,1.0,3.0,False,90.0,0.0,0.0,0.0,1.0,0.0,0.0,0.0,0.0,0.0,4.0,0.0,15.0,0.0,0.0,0.0,0.0,2.0,11.0,0.0,0.0,1.0,0.00,0.01,0.01,0.39,60.0,-23780.0,3887669.0,204948.0,228728.0,1,Raya Martín,Arsenal,David,154561,,1,3,David_Raya Martín,8,Chelsea,3,Arsenal,GKP,1
1237,2.0,29.0,6.0,0.0,True,2026-09-06T15:30:00Z,2.0,1.0,3.0,False,0.0,0.0,0.0,0.0,0.0,0.0,0.0,0.0,0.0,0.0,0.0,0.0,0.0,0.0,0.0,0.0,0.0,0.0,0.0,0.0,0.0,0.0,0.00,0.00,0.00,0.00,50.0,-615.0,8025.0,599.0,1214.0,2,Arrizabalaga Revuelta,Arsenal,Kepa,109745,,1,3,Kepa_Arrizabalaga Revuelta,8,Chelsea,3,Arsenal,GKP,1
1238,3.0,29.0,6.0,0.0,True,2026-09-06T15:30:00Z,2.0,1.0,3.0,False,0.0,0.0,0.0,0.0,0.0,0.0,0.0,0.0,0.0,0.0,0.0,0.0,0.0,0.0,0.0,0.0,0.0,0.0,0.0,0.0,0.0,0.0,0.00,0.00,0.00,0.00,50.0,-287.0,3143.0,172.0,459.0,3,Meslier,Arsenal,Illan,437495,,1,3,Illan_Meslier,8,Chelsea,3,Arsenal,GKP,1
1239,4.0,29.0,6.0,2.0,True,2026-09-06T15:30:00Z,2.0,1.0,3.0,False,90.0,0.0,0.0,0.0,1.0,0.0,0.0,0.0,0.0,0.0,0.0,0.0,10.0,0.0,0.0,0.0,0.0,7.0,4.0,0.0,7.0,1.0,0.31,0.02,0.33,0.39,80.0,-298759.0,2590027.0,46883.0,345642.0,4,dos Santos Magalhães,Arsenal,Gabriel,226597,,2,3,Gabriel_dos Santos Magalhães,8,Chelsea,3,Arsenal,DEF,1
1240,5.0,29.0,6.0,0.0,True,2026-09-06T15:30:00Z,2.0,1.0,3.0,False,0.0,0.0,0.0,0.0,0.0,0.0,0.0,0.0,0.0,0.0,0.0,0.0,0.0,0.0,0.0,0.0,0.0,0.0,0.0,0.0,0.0,0.0,0.00,0.00,0.00,0.00,65.0,-1892.0,8594.0,549.0,2441.0,5,Timber,Arsenal,Jurriën,445122,Groin injury - 25% chance of playing,2,3,Jurriën_Timber,8,Chelsea,3,Arsenal,DEF,1
1241,6.0,29.0,6.0,0.0,True,2026-09-06T15:30:00Z,2.0,1.0,3.0,False,0.0,0.0,0.0,0.0,0.0,0.0,0.0,0.0,0.0,0.0,0.0,0.0,0.0,0.0,0.0,0.0,0.0,0.0,0.0,0.0,0.0,0.0,0.00,0.00,0.00,0.00,60.0,-4380.0,23846.0,1102.0,5482.0,6,Saliba,Arsenal,William,462424,Back injury - Unknown return date,2,3,William_Saliba,8,Chelsea,3,Arsenal,DEF,1
1242,7.0,29.0,6.0,2.0,True,2026-09-06T15:30:00Z,2.0,1.0,3.0,False,66.0,0.0,0.0,0.0,1.0,0.0,0.0,0.0,0.0,0.0,0.0,0.0,5.0,0.0,0.0,0.0,0.0,0.0,2.0,0.0,2.0,1.0,0.03,0.10,0.13,0.26,55.0,-4641.0,71335.0,8849.0,13490.0,7,Lewis-Skelly,Arsenal,Myles,499169,,3,3,Myles_Lewis-Skelly,8,Chelsea,3,Arsenal,MID,1
1243,8.0,29.0,6.0,2.0,True,2026-09-06T15:30:00Z,2.0,1.0,3.0,False,66.0,0.0,0.0,0.0,1.0,0.0,0.0,0.0,0.0,0.0,0.0,0.0,0.0,0.0,0.0,0.0,0.0,0.0,1.0,1.0,1.0,1.0,0.39,0.03,0.42,0.26,57.0,396923.0,4639050.0,515479.0,118556.0,8,Calafiori,Arsenal,Riccardo,466075,,2,3,Riccardo_Calafiori,8,Chelsea,3,Arsenal,DEF,1
1244,9.0,29.0,6.0,1.0,True,2026-09-06T15:30:00Z,2.0,1.0,3.0,False,23.0,0.0,0.0,0.0,0.0,0.0,0.0,0.0,0.0,0.0,0.0,0.0,3.0,0.0,0.0,0.0,0.0,2.0,0.0,1.0,3.0,0.0,0.00,0.00,0.00,0.13,54.0,-31216.0,119369.0,4425.0,35641.0,9,Hincapié,Arsenal,Piero,448104,,2,3,Piero_Hincapié,8,Chelsea,3,Arsenal,DEF,1
1245,10.0,29.0,6.0,2.0,True,2026-09-06T15:30:00Z,2.0,1.0,3.0,False,90.0,0.0,0.0,0.0,1.0,0.0,0.0,0.0,0.0,0.0,0.0,0.0,11.0,0.0,0.0,0.0,0.0,4.0,4.0,2.0,6.0,1.0,0.00,0.03,0.03,0.39,55.0,45919.0,745511.0,163295.0,117376.0,10,White,Arsenal,Benjamin,198869,,2,3,Benjamin_White,8,Chelsea,3,Arsenal,DEF,1
1246,11.0,29.0,6.0,0.0,True,2026-09-06T15:30:00Z,2.0,1.0,3.0,False,0.0,0.0,0.0,0.0,0.0,0.0,0.0,0.0,0.0,0.0,0.0,0.0,0.0,0.0,0.0,0.0,0.0,0.0,0.0,0.0,0.0,0.0,0.00,0.00,0.00,0.00,55.0,-114822.0,438589.0,13546.0,128368.0,11,Mosquera,Arsenal,Cristhian,500040,Unspecified injury - 75% chance of playing,2,3,Cristhian_Mosquera,8,Chelsea,3,Arsenal,DEF,1
1247,12.0,29.0,6.0,2.0,True,2026-09-06T15:30:00Z,2.0,1.0,3.0,False,89.0,0.0,0.0,0.0,1.0,0.0,0.0,0.0,0.0,0.0,0.0,0.0,13.0,0.0,0.0,0.0,0.0,1.0,2.0,1.0,4.0,1.0,0.23,0.23,0.46,0.39,95.0,55091.0,1160318.0,156377.0,101286.0,12,Saka,Arsenal,Bukayo,223340,,3,3,Bukayo_Saka,8,Chelsea,3,Arsenal,MID,1
1248,13.0,29.0,6.0,5.0,True,2026-09-06T15:30:00Z,2.0,1.0,3.0,False,90.0,0.0,1.0,0.0,1.0,0.0,0.0,0.0,0.0,0.0,0.0,0.0,22.0,0.0,0.0,0.0,0.0,5.0,1.0,0.0,6.0,1.0,0.03,0.08,0.11,0.39,75.0,-227106.0,1465517.0,21785.0,248891.0,13,Rice,Arsenal,Declan,204480,,3,3,Declan_Rice,8,Chelsea,3,Arsenal,MID,1
1249,14.0,29.0,6.0,0.0,True,2026-09-06T15:30:00Z,2.0,1.0,3.0,False,0.0,0.0,0.0,0.0,0.0,0.0,0.0,0.0,0.0,0.0,0.0,0.0,0.0,0.0,0.0,0.0,0.0,0.0,0.0,0.0,0.0,0.0,0.00,0.00,0.00,0.00,64.0,-32301.0,146059.0,8271.0,40572.0,14,Eze,Arsenal,Eberechi,232413,,3,3,Eberechi_Eze,8,Chelsea,3,Arsenal,MID,1
1250,15.0,29.0,6.0,10.0,True,2026-09-06T15:30:00Z,2.0,1.0,3.0,False,76.0,1.0,0.0,0.0,1.0,0.0,0.0,0.0,0.0,0.0,0.0,3.0,47.0,0.0,0.0,0.0,0.0,0.0,3.0,0.0,3.0,1.0,0.72,0.88,1.60,0.27,66.0,-52949.0,1130521.0,119653.0,172602.0,15,Ødegaard,Arsenal,Martin,184029,,3,3,Martin_Ødegaard,8,Chelsea,3,Arsenal,MID,1
1251,16.0,29.0,6.0,1.0,True,2026-09-06T15:30:00Z,2.0,1.0,3.0,False,1.0,0.0,0.0,0.0,0.0,0.0,0.0,0.0,0.0,0.0,0.0,0.0,3.0,0.0,0.0,0.0,0.0,0.0,0.0,1.0,1.0,0.0,0.00,0.01,0.01,0.00,63.0,-6797.0,24885.0,1276.0,8073.0,16,Madueke,Arsenal,Noni,248857,,3,3,Noni_Madueke,8,Chelsea,3,Arsenal,MID,1
1252,17.0,29.0,6.0,0.0,True,2026-09-06T15:30:00Z,2.0,1.0,3.0,False,13.0,0.0,0.0,0.0,0.0,0.0,0.0,0.0,1.0,0.0,0.0,0.0,0.0,0.0,0.0,0.0,0.0,0.0,0.0,0.0,0.0,0.0,0.00,0.00,0.00,0.11,59.0,-10808.0,51449.0,3061.0,13869.0,17,Merino Zazón,Arsenal,Mikel,195384,,3,3,Mikel_Merino Zazón,8,Chelsea,3,Arsenal,MID,1
1253,18.0,29.0,6.0,0.0,True,2026-09-06T15:30:00Z,2.0,1.0,3.0,False,0.0,0.0,0.0,0.0,0.0,0.0,0.0,0.0,0.0,0.0,0.0,0.0,0.0,0.0,0.0,0.0,0.0,0.0,0.0,0.0,0.0,0.0,0.00,0.00,0.00,0.00,63.0,-5441.0,15232.0,1165.0,6606.0,18,Martinelli Silva,Arsenal,Gabriel,444145,Has joined Al Hilal permanently,3,3,Gabriel_Martinelli Silva,8,Chelsea,3,Arsenal,MID,1
1254,19.0,29.0,6.0,1.0,True,2026-09-06T15:30:00Z,2.0,1.0,3.0,False,23.0,0.0,0.0,0.0,0.0,0.0,0.0,0.0,0.0,0.0,0.0,0.0,1.0,0.0,0.0,0.0,0.0,4.0,0.0,0.0,4.0,0.0,0.08,0.02,0.10,0.13,54.0,-16532.0,80922.0,3485.0,20017.0,19,Zubimendi Ibáñez,Arsenal,Martín,481655,,3,3,Martín_Zubimendi Ibáñez,8,Chelsea,3,Arsenal,MID,1
1255,20.0,29.0,6.0,0.0,True,2026-09-06T15:30:00Z,2.0,1.0,3.0,False,0.0,0.0,0.0,0.0,0.0,0.0,0.0,0.0,0.0,0.0,0.0,0.0,0.0,0.0,0.0,0.0,0.0,0.0,0.0,0.0,0.0,0.0,0.00,0.00,0.00,0.00,54.0,-1389.0,7381.0,608.0,1997.0,20,Dowman,Arsenal,Max,616077,,3,3,Max_Dowman,8,Chelsea,3,Arsenal,MID,1
1256,22.0,29.0,6.0,0.0,True,2026-09-06T15:30:00Z,2.0,1.0,3.0,False,0.0,0.0,0.0,0.0,0.0,0.0,0.0,0.0,0.0,0.0,0.0,0.0,0.0,0.0,0.0,0.0,0.0,0.0,0.0,0.0,0.0,0.0,0.00,0.00,0.00,0.00,54.0,-270.0,1107.0,157.0,427.0,22,Nwaneri,Arsenal,Ethan,499175,Has joined Borussia Dortmund on loan for the rest of the season,3,3,Ethan_Nwaneri,8,Chelsea,3,Arsenal,MID,1
1257,23.0,29.0,6.0,0.0,True,2026-09-06T15:30:00Z,2.0,1.0,3.0,False,0.0,0.0,0.0,0.0,0.0,0.0,0.0,0.0,0.0,0.0,0.0,0.0,0.0,0.0,0.0,0.0,0.0,0.0,0.0,0.0,0.0,0.0,0.00,0.00,0.00,0.00,55.0,-136.0,972.0,175.0,311.0,23,Ferreira Vieira,Arsenal,Fábio,438098,Has joined Hamburger SV permanently,3,3,Fábio_Ferreira Vieira,8,Chelsea,3,Arsenal,MID,1
1258,24.0,29.0,6.0,0.0,True,2026-09-06T15:30:00Z,2.0,1.0,3.0,False,0.0,0.0,0.0,0.0,0.0,0.0,0.0,0.0,0.0,0.0,0.0,0.0,0.0,0.0,0.0,0.0,0.0,0.0,0.0,0.0,0.0,0.0,0.00,0.00,0.00,0.00,55.0,-299.0,662.0,4.0,303.0,24,Nelson,Arsenal,Reiss,200641,has departed the club as a free agent.,3,3,Reiss_Nelson,8,Chelsea,3,Arsenal,MID,1
1259,25.0,29.0,6.0,1.0,True,2026-09-06T15:30:00Z,2.0,1.0,3.0,False,12.0,0.0,0.0,0.0,0.0,0.0,0.0,0.0,0.0,0.0,0.0,0.0,2.0,0.0,0.0,0.0,0.0,0.0,1.0,0.0,1.0,0.0,0.00,0.00,0.00,0.11,73.0,-192830.0,466852.0,8161.0,200991.0,25,Gyökeres,Arsenal,Viktor,224117,,4,3,Viktor_Gyökeres,8,Chelsea,3,Arsenal,FWD,1
1260,26.0,29.0,6.0,8.0,True,2026-09-06T15:30:00Z,2.0,1.0,3.0,False,77.0,1.0,0.0,0.0,1.0,0.0,0.0,0.0,0.0,0.0,0.0,2.0,38.0,0.0,0.0,0.0,0.0,1.0,0.0,0.0,1.0,1.0,0.27,0.27,0.54,0.27,75.0,-68870.0,686572.0,72519.0,141389.0,26,Havertz,Arsenal,Kai,219847,,4,3,Kai_Havertz,8,Chelsea,3,Arsenal,FWD,1
1261,27.0,29.0,6.0,0.0,True,2026-09-06T15:30:00Z,2.0,1.0,3.0,False,0.0,0.0,0.0,0.0,0.0,0.0,0.0,0.0,0.0,0.0,0.0,0.0,0.0,0.0,0.0,0.0,0.0,0.0,0.0,0.0,0.0,0.0,0.00,0.00,0.00,0.00,59.0,-8859.0,26101.0,2250.0,11109.0,27,Fernando de Jesus,Arsenal,Gabriel,205651,Has joined FC Barcelona permanently,4,3,Gabriel_Fernando de Jesus,8,Chelsea,3,Arsenal,FWD,1
1262,31.0,29.0,6.0,4.0,True,2026-09-06T15:30:00Z,2.0,1.0,3.0,False,90.0,0.0,0.0,0.0,1.0,0.0,0.0,0.0,0.0,0.0,0.0,0.0,15.0,0.0,0.0,0.0,0.0,7.0,5.0,3.0,10.0,1.0,0.00,0.01,0.01,0.39,44.0,71726.0,1139279.0,270872.0,199146.0,31,Konsa Ngoyo,Arsenal,Ezri,199798,,2,3,Ezri_Konsa Ngoyo,8,Chelsea,3,Arsenal,DEF,1
1263,452.0,29.0,6.0,0.0,True,2026-09-06T15:30:00Z,2.0,1.0,3.0,False,0.0,0.0,0.0,0.0,0.0,0.0,0.0,0.0,0.0,0.0,0.0,0.0,0.0,0.0,0.0,0.0,0.0,0.0,0.0,0.0,0.0,0.0,0.00,0.00,0.00,0.00,68.0,-57236.0,212586.0,5546.0,62782.0,452,Guimarães Rodriguez Moura,Arsenal,Bruno,208706,,3,3,Bruno_Guimarães Rodriguez Moura,8,Chelsea,3,Arsenal,MID,1
1264,557.0,29.0,6.0,5.0,True,2026-09-06T15:30:00Z,2.0,1.0,3.0,False,90.0,0.0,1.0,0.0,1.0,0.0,0.0,0.0,1.0,0.0,0.0,1.0,31.0,0.0,0.0,0.0,0.0,2.0,5.0,1.0,8.0,1.0,0.00,0.20,0.20,0.39,65.0,-601940.0,1889271.0,91384.0,693324.0,557,Tzolis,Arsenal,Christos,439509,,3,3,Christos_Tzolis,8,Chelsea,3,Arsenal,MID,1
1265,29.0,25.0,11.0,0.0,False,2026-09-05T16:30:00Z,0.0,0.0,3.0,False,0.0,0.0,0.0,0.0,0.0,0.0,0.0,0.0,0.0,0.0,0.0,0.0,0.0,0.0,0.0,0.0,0.0,0.0,0.0,0.0,0.0,0.0,0.00,0.00,0.00,0.00,45.0,-69.0,14920.0,2306.0,2375.0,29,Bizot,Aston Villa,Marco,72147,,1,7,Marco_Bizot,88,Hull City,7,Aston Villa,GKP,2
1266,30.0,25.0,11.0,0.0,False,2026-09-05T16:30:00Z,0.0,0.0,3.0,False,0.0,0.0,0.0,0.0,0.0,0.0,0.0,0.0,0.0,0.0,0.0,0.0,0.0,0.0,0.0,0.0,0.0,0.0,0.0,0.0,0.0,0.0,0.00,0.00,0.00,0.00,45.0,-2071.0,6725.0,0.0,2071.0,30,Digne,Aston Villa,Lucas,101188,Has joined Paris Saint-Germain permanently,2,7,Lucas_Digne,88,Hull City,7,Aston Villa,DEF,2
1267,32.0,25.0,11.0,6.0,False,2026-09-05T16:30:00Z,0.0,0.0,3.0,False,84.0,0.0,0.0,1.0,0.0,0.0,0.0,0.0,0.0,0.0,0.0,0.0,23.0,0.0,0.0,0.0,0.0,1.0,1.0,0.0,1.0,1.0,0.00,0.03,0.03,0.22,45.0,-35679.0,731987.0,41628.0,77307.0,32,Cash,Aston Villa,Matty,199796,,2,7,Matty_Cash,88,Hull City,7,Aston Villa,DEF,2
1268,33.0,25.0,11.0,6.0,False,2026-09-05T16:30:00Z,0.0,0.0,3.0,False,90.0,0.0,0.0,1.0,0.0,0.0,0.0,0.0,0.0,0.0,0.0,0.0,28.0,0.0,0.0,0.0,0.0,4.0,2.0,1.0,5.0,1.0,0.11,0.02,0.13,0.57,45.0,-2214.0,38099.0,2622.0,4836.0,33,Mings,Aston Villa,Tyrone,149484,,2,7,Tyrone_Mings,88,Hull City,7,Aston Villa,DEF,2
1269,34.0,25.0,11.0,0.0,False,2026-09-05T16:30:00Z,0.0,0.0,3.0,False,0.0,0.0,0.0,0.0,0.0,0.0,0.0,0.0,0.0,0.0,0.0,0.0,0.0,0.0,0.0,0.0,0.0,0.0,0.0,0.0,0.0,0.0,0.00,0.00,0.00,0.00,45.0,919.0,46943.0,5255.0,4336.0,34,Torres,Aston Villa,Pau,244954,,2,7,Pau_Torres,88,Hull City,7,Aston Villa,DEF,2
1270,35.0,25.0,11.0,0.0,False,2026-09-05T16:30:00Z,0.0,0.0,3.0,False,0.0,0.0,0.0,0.0,0.0,0.0,0.0,0.0,0.0,0.0,0.0,0.0,0.0,0.0,0.0,0.0,0.0,0.0,0.0,0.0,0.0,0.0,0.00,0.00,0.00,0.00,50.0,-311.0,7284.0,945.0,1256.0,35,Bogarde,Aston Villa,Lamare,515597,,3,7,Lamare_Bogarde,88,Hull City,7,Aston Villa,MID,2
1271,36.0,25.0,11.0,7.0,False,2026-09-05T16:30:00Z,0.0,0.0,3.0,False,74.0,0.0,0.0,1.0,0.0,0.0,0.0,0.0,0.0,0.0,0.0,1.0,29.0,0.0,0.0,0.0,0.0,2.0,0.0,1.0,3.0,1.0,0.00,0.42,0.42,0.22,45.0,2667.0,83194.0,11292.0,8625.0,36,Maatsen,Aston Villa,Ian,441302,,2,7,Ian_Maatsen,88,Hull City,7,Aston Villa,DEF,2
1272,37.0,25.0,11.0,6.0,False,2026-09-05T16:30:00Z,0.0,0.0,3.0,False,90.0,0.0,0.0,1.0,0.0,0.0,0.0,0.0,0.0,0.0,0.0,0.0,28.0,0.0,0.0,0.0,0.0,4.0,3.0,0.0,4.0,1.0,0.00,0.08,0.08,0.57,45.0,216.0,29725.0,3211.0,2995.0,37,Lindelöf,Aston Villa,Victor,184667,,2,7,Victor_Lindelöf,88,Hull City,7,Aston Villa,DEF,2
1273,38.0,25.0,11.0,0.0,False,2026-09-05T16:30:00Z,0.0,0.0,3.0,False,0.0,0.0,0.0,0.0,0.0,0.0,0.0,0.0,0.0,0.0,0.0,0.0,0.0,0.0,0.0,0.0,0.0,0.0,0.0,0.0,0.0,0.0,0.00,0.00,0.00,0.00,40.0,-506.0,187661.0,16171.0,16677.0,38,García,Aston Villa,Andrés,606798,,2,7,Andrés_García,88,Hull City,7,Aston Villa,DEF,2
1274,39.0,25.0,11.0,0.0,False,2026-09-05T16:30:00Z,0.0,0.0,3.0,False,0.0,0.0,0.0,0.0,0.0,0.0,0.0,0.0,0.0,0.0,0.0,0.0,0.0,0.0,0.0,0.0,0.0,0.0,0.0,0.0,0.0,0.0,0.00,0.00,0.00,0.00,40.0,-3988.0,17687.0,0.0,3988.0,39,Nedeljkovic,Aston Villa,Kosta,578545,Has joined Rangers on loan for the rest of the season,2,7,Kosta_Nedeljkovic,88,Hull City,7,Aston Villa,DEF,2
1275,41.0,25.0,11.0,3.0,False,2026-09-05T16:30:00Z,0.0,0.0,3.0,False,74.0,0.0,0.0,1.0,0.0,0.0,0.0,0.0,0.0,0.0,0.0,0.0,2.0,0.0,0.0,0.0,0.0,0.0,2.0,0.0,2.0,1.0,0.61,0.05,0.66,0.22,60.0,-3519.0,128636.0,20598.0,24117.0,41,Buendía Stati,Aston Villa,Emiliano,195546,,3,7,Emiliano_Buendía Stati,88,Hull City,7,Aston Villa,MID,2
1276,44.0,25.0,11.0,0.0,False,2026-09-05T16:30:00Z,0.0,0.0,3.0,False,0.0,0.0,0.0,0.0,0.0,0.0,0.0,0.0,0.0,0.0,0.0,0.0,0.0,0.0,0.0,0.0,0.0,0.0,0.0,0.0,0.0,0.0,0.00,0.00,0.00,0.00,54.0,-2630.0,12237.0,1094.0,3724.0,44,Bailey,Aston Villa,Leon,215711,Has joined Olympiakos permanently,3,7,Leon_Bailey,88,Hull City,7,Aston Villa,MID,2
1277,45.0,25.0,11.0,3.0,False,2026-09-05T16:30:00Z,0.0,0.0,3.0,False,90.0,0.0,0.0,1.0,0.0,0.0,0.0,0.0,0.0,0.0,0.0,0.0,6.0,0.0,0.0,0.0,0.0,1.0,2.0,2.0,5.0,1.0,0.68,0.03,0.71,0.57,54.0,-27591.0,252885.0,16891.0,44482.0,45,McGinn,Aston Villa,John,122806,,3,7,John_McGinn,88,Hull City,7,Aston Villa,MID,2
1278,46.0,25.0,11.0,3.0,False,2026-09-05T16:30:00Z,0.0,0.0,3.0,False,90.0,0.0,0.0,1.0,0.0,0.0,0.0,0.0,0.0,0.0,0.0,0.0,15.0,0.0,0.0,0.0,0.0,2.0,4.0,0.0,6.0,1.0,0.22,0.09,0.31,0.57,50.0,1735.0,27497.0,5744.0,4009.0,46,Barkley,Aston Villa,Ross,88894,,3,7,Ross_Barkley,88,Hull City,7,Aston Villa,MID,2
1279,47.0,25.0,11.0,3.0,False,2026-09-05T16:30:00Z,0.0,0.0,3.0,False,90.0,0.0,0.0,1.0,0.0,0.0,0.0,0.0,0.0,0.0,0.0,0.0,20.0,0.0,0.0,0.0,0.0,3.0,6.0,1.0,10.0,1.0,0.00,0.07,0.07,0.57,50.0,-720.0,35132.0,5061.0,5781.0,47,Kamara,Aston Villa,Boubacar,226944,,3,7,Boubacar_Kamara,88,Hull City,7,Aston Villa,MID,2
1280,48.0,25.0,11.0,0.0,False,2026-09-05T16:30:00Z,0.0,0.0,3.0,False,0.0,0.0,0.0,0.0,0.0,0.0,0.0,0.0,0.0,0.0,0.0,0.0,0.0,0.0,0.0,0.0,0.0,0.0,0.0,0.0,0.0,0.0,0.00,0.00,0.00,0.00,50.0,-430.0,1852.0,140.0,570.0,48,Onana,Aston Villa,Amadou,449871,Knee injury - Unknown return date,3,7,Amadou_Onana,88,Hull City,7,Aston Villa,MID,2
1281,49.0,25.0,11.0,0.0,False,2026-09-05T16:30:00Z,0.0,0.0,3.0,False,0.0,0.0,0.0,0.0,0.0,0.0,0.0,0.0,0.0,0.0,0.0,0.0,0.0,0.0,0.0,0.0,0.0,0.0,0.0,0.0,0.0,0.0,0.00,0.00,0.00,0.00,50.0,-63.0,211.0,0.0,63.0,49,Iling-Junior,Aston Villa,Samuel,469247,Has joined Bolton Wanderers on loan for the rest of the season,3,7,Samuel_Iling-Junior,88,Hull City,7,Aston Villa,MID,2
1282,50.0,25.0,11.0,0.0,False,2026-09-05T16:30:00Z,0.0,0.0,3.0,False,0.0,0.0,0.0,0.0,0.0,0.0,0.0,0.0,0.0,0.0,0.0,0.0,0.0,0.0,0.0,0.0,0.0,0.0,0.0,0.0,0.0,0.0,0.00,0.00,0.00,0.00,45.0,-408.0,72806.0,8705.0,9113.0,50,Burrowes,Aston Villa,Bradley,645618,,3,7,Bradley_Burrowes,88,Hull City,7,Aston Villa,MID,2
1283,51.0,25.0,11.0,3.0,False,2026-09-05T16:30:00Z,0.0,0.0,3.0,False,74.0,0.0,0.0,1.0,0.0,0.0,0.0,0.0,0.0,0.0,0.0,0.0,12.0,0.0,0.0,0.0,0.0,2.0,4.0,1.0,7.0,1.0,0.07,0.14,0.21,0.22,45.0,21970.0,110782.0,36405.0,14435.0,51,Hemmings,Aston Villa,George,577285,,3,7,George_Hemmings,88,Hull City,7,Aston Villa,MID,2
1284,52.0,25.0,11.0,1.0,False,2026-09-05T16:30:00Z,0.0,0.0,3.0,False,15.0,0.0,0.0,0.0,0.0,0.0,0.0,0.0,0.0,0.0,0.0,0.0,3.0,0.0,0.0,0.0,0.0,0.0,1.0,0.0,1.0,0.0,0.00,0.00,0.00,0.35,50.0,-102.0,4733.0,827.0,929.0,52,da Rocha dos Santos,Aston Villa,Alysson Edward Franco,653481,,3,7,Alysson Edward Franco_da Rocha dos Santos,88,Hull City,7,Aston Villa,MID,2
1285,53.0,25.0,11.0,0.0,False,2026-09-05T16:30:00Z,0.0,0.0,3.0,False,0.0,0.0,0.0,0.0,0.0,0.0,0.0,0.0,0.0,0.0,0.0,0.0,0.0,0.0,0.0,0.0,0.0,0.0,0.0,0.0,0.0,0.0,0.00,0.00,0.00,0.00,59.0,-4708.0,14230.0,341.0,5049.0,53,Manzambi,Aston Villa,Johan,614071,Knee injury - Expected back 12 Sep,3,7,Johan_Manzambi,88,Hull City,7,Aston Villa,MID,2
1286,54.0,25.0,11.0,0.0,False,2026-09-05T16:30:00Z,0.0,0.0,3.0,False,0.0,0.0,0.0,0.0,0.0,0.0,0.0,0.0,0.0,0.0,0.0,0.0,0.0,0.0,0.0,0.0,0.0,0.0,0.0,0.0,0.0,0.0,0.00,0.00,0.00,0.00,55.0,-1095.0,4112.0,90.0,1185.0,54,Gomes,Aston Villa,Joao,448089,Suspended until 19 Sep,3,7,Joao_Gomes,88,Hull City,7,Aston Villa,MID,2
1287,55.0,25.0,11.0,0.0,False,2026-09-05T16:30:00Z,0.0,0.0,3.0,False,0.0,0.0,0.0,0.0,0.0,0.0,0.0,0.0,0.0,0.0,0.0,0.0,0.0,0.0,0.0,0.0,0.0,0.0,0.0,0.0,0.0,0.0,0.00,0.00,0.00,0.00,78.0,-305129.0,433685.0,4250.0,309379.0,55,Watkins,Aston Villa,Ollie,178301,Has joined Al Hilal permanently,4,7,Ollie_Watkins,88,Hull City,7,Aston Villa,FWD,2
1288,56.0,25.0,11.0,1.0,False,2026-09-05T16:30:00Z,0.0,0.0,3.0,False,5.0,0.0,0.0,0.0,0.0,0.0,0.0,0.0,0.0,0.0,0.0,0.0,3.0,0.0,0.0,0.0,0.0,0.0,0.0,1.0,1.0,0.0,0.00,0.00,0.00,0.35,55.0,2174.0,14917.0,4925.0,2751.0,56,Abraham,Aston Villa,Tammy,173879,,4,7,Tammy_Abraham,88,Hull City,7,Aston Villa,FWD,2
1289,160.0,25.0,11.0,1.0,False,2026-09-05T16:30:00Z,0.0,0.0,3.0,False,15.0,0.0,0.0,0.0,0.0,0.0,0.0,0.0,0.0,0.0,0.0,0.0,4.0,0.0,0.0,0.0,0.0,0.0,0.0,0.0,0.0,0.0,0.00,0.00,0.00,0.35,59.0,-9524.0,46064.0,2557.0,12081.0,160,Garnacho Ferreyra,Aston Villa,Alejandro,493105,,3,7,Alejandro_Garnacho Ferreyra,88,Hull City,7,Aston Villa,MID,2
1290,166.0,25.0,11.0,2.0,False,2026-09-05T16:30:00Z,0.0,0.0,3.0,False,84.0,0.0,0.0,1.0,0.0,0.0,0.0,0.0,0.0,0.0,0.0,0.0,10.0,0.0,0.0,0.0,0.0,0.0,2.0,0.0,2.0,1.0,0.24,0.44,0.68,0.22,65.0,37834.0,115958.0,46877.0,9043.0,166,Jackson,Aston Villa,Nicolas,517052,,4,7,Nicolas_Jackson,88,Hull City,7,Aston Villa,FWD,2
1291,582.0,25.0,11.0,0.0,False,2026-09-05T16:30:00Z,0.0,0.0,3.0,False,0.0,0.0,0.0,0.0,0.0,0.0,0.0,0.0,0.0,0.0,0.0,0.0,0.0,0.0,0.0,0.0,0.0,0.0,0.0,0.0,0.0,0.0,0.00,0.00,0.00,0.00,55.0,-8463.0,31743.0,894.0,9357.0,582,Madjo,Aston Villa,Brian,690838,Unspecified injury - Unknown return date,4,7,Brian_Madjo,88,Hull City,7,Aston Villa,FWD,2
1292,596.0,25.0,11.0,1.0,False,2026-09-05T16:30:00Z,0.0,0.0,3.0,False,15.0,0.0,0.0,0.0,0.0,0.0,0.0,0.0,0.0,0.0,0.0,0.0,3.0,0.0,0.0,0.0,0.0,1.0,2.0,0.0,1.0,0.0,0.00,0.01,0.01,0.35,45.0,-990.0,10240.0,736.0,1726.0,596,Ruggeri,Aston Villa,Matteo,487992,,2,7,Matteo_Ruggeri,88,Hull City,7,Aston Villa,DEF,2
1293,597.0,25.0,11.0,10.0,False,2026-09-05T16:30:00Z,0.0,0.0,3.0,False,90.0,0.0,0.0,1.0,0.0,0.0,0.0,0.0,0.0,0.0,4.0,3.0,38.0,0.0,0.0,0.0,0.0,1.0,13.0,0.0,0.0,1.0,0.00,0.00,0.00,0.57,50.0,21820.0,144003.0,33094.0,11274.0,597,Suzuki,Aston Villa,Zion,433969,,1,7,Zion_Suzuki,88,Hull City,7,Aston Villa,GKP,2
1294,606.0,25.0,11.0,0.0,False,2026-09-05T16:30:00Z,0.0,0.0,3.0,False,0.0,0.0,0.0,0.0,0.0,0.0,0.0,0.0,0.0,0.0,0.0,0.0,0.0,0.0,0.0,0.0,0.0,0.0,0.0,0.0,0.0,0.0,0.00,0.00,0.00,0.00,40.0,4717.0,18767.0,6400.0,1683.0,606,Rowe,Aston Villa,Triston,569577,,2,7,Triston_Rowe,88,Hull City,7,Aston Villa,DEF,2
1295,607.0,25.0,11.0,0.0,False,2026-09-05T16:30:00Z,0.0,0.0,3.0,False,0.0,0.0,0.0,0.0,0.0,0.0,0.0,0.0,0.0,0.0,0.0,0.0,0.0,0.0,0.0,0.0,0.0,0.0,0.0,0.0,0.0,0.0,0.00,0.00,0.00,0.00,45.0,1177.0,12683.0,3500.0,2323.0,607,Lynch,Aston Villa,Luka,571380,Has joined Oxford United on loan until January,3,7,Luka_Lynch,88,Hull City,7,Aston Villa,MID,2
1296,611.0,25.0,11.0,1.0,False,2026-09-05T16:30:00Z,0.0,0.0,3.0,False,5.0,0.0,0.0,0.0,0.0,0.0,0.0,0.0,0.0,0.0,0.0,0.0,3.0,0.0,0.0,0.0,0.0,1.0,0.0,0.0,1.0,0.0,0.00,0.00,0.00,0.35,45.0,5012.0,15829.0,6633.0,1621.0,611,Wan-Bissaka,Aston Villa,Aaron,214590,,2,7,Aaron_Wan-Bissaka,88,Hull City,7,Aston Villa,DEF,2
1297,618.0,25.0,11.0,0.0,False,2026-09-05T16:30:00Z,0.0,0.0,3.0,False,0.0,0.0,0.0,0.0,0.0,0.0,0.0,0.0,0.0,0.0,0.0,0.0,0.0,0.0,0.0,0.0,0.0,0.0,0.0,0.0,0.0,0.0,0.00,0.00,0.00,0.00,60.0,2608.0,5084.0,3449.0,841.0,618,Goretzka,Aston Villa,Leon,119090,,3,7,Leon_Goretzka,88,Hull City,7,Aston Villa,MID,2
1298,630.0,25.0,11.0,0.0,False,2026-09-05T16:30:00Z,0.0,0.0,3.0,False,0.0,0.0,0.0,0.0,0.0,0.0,0.0,0.0,0.0,0.0,0.0,0.0,0.0,0.0,0.0,0.0,0.0,0.0,0.0,0.0,0.0,0.0,0.00,0.00,0.00,0.00,45.0,755.0,1010.0,945.0,190.0,630,Harwood-Bellis,Aston Villa,Taylor,245719,,2,7,Taylor_Harwood-Bellis,88,Hull City,7,Aston Villa,DEF,2
1299,631.0,25.0,11.0,0.0,False,2026-09-05T16:30:00Z,0.0,0.0,3.0,False,0.0,0.0,0.0,0.0,0.0,0.0,0.0,0.0,0.0,0.0,0.0,0.0,0.0,0.0,0.0,0.0,0.0,0.0,0.0,0.0,0.0,0.0,0.00,0.00,0.00,0.00,60.0,3426.0,4421.0,4056.0,630.0,631,Mbaye,Aston Villa,Ibrahim,638987,,3,7,Ibrahim_Mbaye,88,Hull City,7,Aston Villa,MID,2
1300,57.0,27.0,17.0,1.0,False,2026-09-05T11:30:00Z,2.0,2.0,3.0,False,90.0,0.0,0.0,0.0,2.0,0.0,0.0,0.0,0.0,0.0,0.0,0.0,0.0,0.0,0.0,0.0,0.0,1.0,8.0,0.0,0.0,1.0,0.00,0.00,0.00,0.71,45.0,11030.0,349425.0,45982.0,34952.0,57,Petrović,Bournemouth,Đorđe,457569,,1,91,Đorđe_Petrović,4,Newcastle,91,Bournemouth,GKP,3
1301,58.0,27.0,17.0,0.0,False,2026-09-05T11:30:00Z,2.0,2.0,3.0,False,0.0,0.0,0.0,0.0,0.0,0.0,0.0,0.0,0.0,0.0,0.0,0.0,0.0,0.0,0.0,0.0,0.0,0.0,0.0,0.0,0.0,0.0,0.00,0.00,0.00,0.00,40.0,17023.0,371559.0,38348.0,21325.0,58,Forster,Bournemouth,Fraser,40383,,1,91,Fraser_Forster,4,Newcastle,91,Bournemouth,GKP,3
1302,59.0,27.0,17.0,0.0,False,2026-09-05T11:30:00Z,2.0,2.0,3.0,False,0.0,0.0,0.0,0.0,0.0,0.0,0.0,0.0,0.0,0.0,0.0,0.0,0.0,0.0,0.0,0.0,0.0,0.0,0.0,0.0,0.0,0.0,0.00,0.00,0.00,0.00,40.0,-2784.0,15695.0,0.0,2784.0,59,Dennis,Bournemouth,Will,444172,Has joined MK Dons permanently,1,91,Will_Dennis,4,Newcastle,91,Bournemouth,GKP,3
1303,60.0,27.0,17.0,1.0,False,2026-09-05T11:30:00Z,2.0,2.0,3.0,False,90.0,0.0,0.0,0.0,2.0,0.0,0.0,0.0,0.0,0.0,0.0,0.0,4.0,0.0,0.0,0.0,0.0,6.0,1.0,0.0,6.0,1.0,0.00,0.02,0.02,0.71,55.0,-4574.0,87381.0,7094.0,11668.0,60,Hill,Bournemouth,James,463981,,2,91,James_Hill,4,Newcastle,91,Bournemouth,DEF,3
1304,61.0,27.0,17.0,0.0,False,2026-09-05T11:30:00Z,2.0,2.0,3.0,False,90.0,0.0,0.0,0.0,2.0,0.0,0.0,0.0,1.0,0.0,0.0,0.0,-3.0,0.0,0.0,0.0,0.0,3.0,5.0,3.0,6.0,1.0,0.01,0.06,0.07,0.71,55.0,-30205.0,387734.0,11879.0,42084.0,61,Truffert,Bournemouth,Adrien,494521,,2,91,Adrien_Truffert,4,Newcastle,91,Bournemouth,DEF,3
1305,62.0,27.0,17.0,0.0,False,2026-09-05T11:30:00Z,2.0,2.0,3.0,False,0.0,0.0,0.0,0.0,0.0,0.0,0.0,0.0,0.0,0.0,0.0,0.0,0.0,0.0,0.0,0.0,0.0,0.0,0.0,0.0,0.0,0.0,0.00,0.00,0.00,0.00,50.0,-2153.0,18773.0,1710.0,3863.0,62,Diakité,Bournemouth,Bafodé,242882,,2,91,Bafodé_Diakité,4,Newcastle,91,Bournemouth,DEF,3
1306,63.0,27.0,17.0,0.0,False,2026-09-05T11:30:00Z,2.0,2.0,3.0,False,0.0,0.0,0.0,0.0,0.0,0.0,0.0,0.0,0.0,0.0,0.0,0.0,0.0,0.0,0.0,0.0,0.0,0.0,0.0,0.0,0.0,0.0,0.00,0.00,0.00,0.00,50.0,-154.0,919.0,88.0,242.0,63,Milosavljevic,Bournemouth,Veljko,620487,Unspecified injury - Unknown return date,2,91,Veljko_Milosavljevic,4,Newcastle,91,Bournemouth,DEF,3
1307,64.0,27.0,17.0,0.0,False,2026-09-05T11:30:00Z,2.0,2.0,3.0,False,90.0,0.0,0.0,0.0,2.0,0.0,0.0,0.0,1.0,0.0,0.0,0.0,3.0,0.0,0.0,0.0,0.0,3.0,6.0,1.0,4.0,1.0,0.01,0.04,0.05,0.71,45.0,-461.0,13869.0,1630.0,2091.0,64,Smith,Bournemouth,Adam,54469,,2,91,Adam_Smith,4,Newcastle,91,Bournemouth,DEF,3
1308,65.0,27.0,17.0,0.0,False,2026-09-05T11:30:00Z,2.0,2.0,3.0,False,0.0,0.0,0.0,0.0,0.0,0.0,0.0,0.0,0.0,0.0,0.0,0.0,0.0,0.0,0.0,0.0,0.0,0.0,0.0,0.0,0.0,0.0,0.00,0.00,0.00,0.00,45.0,-270.0,1391.0,96.0,366.0,65,Araujo Zúñiga,Bournemouth,Julián,436893,Thigh injury - Unknown return date,2,91,Julián_Araujo Zúñiga,4,Newcastle,91,Bournemouth,DEF,3
1309,66.0,27.0,17.0,0.0,False,2026-09-05T11:30:00Z,2.0,2.0,3.0,False,0.0,0.0,0.0,0.0,0.0,0.0,0.0,0.0,0.0,0.0,0.0,0.0,0.0,0.0,0.0,0.0,0.0,0.0,0.0,0.0,0.0,0.0,0.00,0.00,0.00,0.00,40.0,3691.0,30657.0,6046.0,2355.0,66,Soler Barreto,Bournemouth,Julio,575901,,2,91,Julio_Soler Barreto,4,Newcastle,91,Bournemouth,DEF,3
1310,67.0,27.0,17.0,2.0,False,2026-09-05T11:30:00Z,2.0,2.0,3.0,False,88.0,0.0,0.0,0.0,2.0,0.0,0.0,0.0,0.0,0.0,0.0,0.0,8.0,0.0,0.0,0.0,0.0,1.0,0.0,1.0,2.0,1.0,0.04,0.01,0.05,0.66,65.0,-48316.0,230133.0,11708.0,60024.0,67,Simplício Rocha,Bournemouth,Rayan Vitor,499604,,3,91,Rayan Vitor_Simplício Rocha,4,Newcastle,91,Bournemouth,MID,3
1311,68.0,27.0,17.0,10.0,False,2026-09-05T11:30:00Z,2.0,2.0,3.0,False,88.0,1.0,0.0,0.0,2.0,0.0,0.0,0.0,0.0,0.0,0.0,3.0,43.0,0.0,0.0,0.0,0.0,0.0,8.0,1.0,9.0,1.0,1.01,0.05,1.06,0.66,60.0,-21585.0,230783.0,28263.0,49848.0,68,Tavernier,Bournemouth,Marcus,201658,,3,91,Marcus_Tavernier,4,Newcastle,91,Bournemouth,MID,3
1312,69.0,27.0,17.0,10.0,False,2026-09-05T11:30:00Z,2.0,2.0,3.0,False,90.0,0.0,2.0,0.0,2.0,0.0,0.0,0.0,0.0,0.0,0.0,2.0,37.0,0.0,0.0,0.0,0.0,5.0,6.0,0.0,11.0,1.0,0.07,0.02,0.09,0.71,60.0,39114.0,210299.0,56885.0,17771.0,69,Scott,Bournemouth,Alex,503139,,3,91,Alex_Scott,4,Newcastle,91,Bournemouth,MID,3
1313,70.0,27.0,17.0,1.0,False,2026-09-05T11:30:00Z,2.0,2.0,3.0,False,75.0,0.0,0.0,0.0,1.0,0.0,0.0,0.0,1.0,0.0,0.0,0.0,6.0,0.0,0.0,0.0,0.0,0.0,3.0,1.0,4.0,1.0,0.06,0.01,0.07,0.48,60.0,-12692.0,113173.0,10830.0,23522.0,70,Kluivert,Bournemouth,Justin,222683,,3,91,Justin_Kluivert,4,Newcastle,91,Bournemouth,MID,3
1314,71.0,27.0,17.0,1.0,False,2026-09-05T11:30:00Z,2.0,2.0,3.0,False,14.0,0.0,0.0,0.0,1.0,0.0,0.0,0.0,0.0,0.0,0.0,0.0,2.0,0.0,0.0,0.0,0.0,1.0,0.0,0.0,1.0,0.0,0.00,0.00,0.00,0.23,50.0,2757.0,23118.0,6600.0,3843.0,71,Cook,Bournemouth,Lewis,155408,,3,91,Lewis_Cook,4,Newcastle,91,Bournemouth,MID,3
1315,72.0,27.0,17.0,1.0,False,2026-09-05T11:30:00Z,2.0,2.0,3.0,False,1.0,0.0,0.0,0.0,0.0,0.0,0.0,0.0,0.0,0.0,0.0,0.0,3.0,0.0,0.0,0.0,0.0,0.0,1.0,1.0,2.0,0.0,0.02,0.00,0.02,0.05,50.0,-1165.0,7170.0,384.0,1549.0,72,Gannon-Doak,Bournemouth,Ben,496208,,3,91,Ben_Gannon-Doak,4,Newcastle,91,Bournemouth,MID,3
1316,73.0,27.0,17.0,4.0,False,2026-09-05T11:30:00Z,2.0,2.0,3.0,False,75.0,0.0,0.0,0.0,1.0,0.0,0.0,0.0,0.0,0.0,0.0,0.0,15.0,0.0,0.0,0.0,0.0,1.0,8.0,3.0,12.0,1.0,0.00,0.01,0.01,0.48,50.0,897.0,26019.0,5588.0,4691.0,73,Adams,Bournemouth,Tyler,200785,,3,91,Tyler_Adams,4,Newcastle,91,Bournemouth,MID,3
1317,74.0,27.0,17.0,1.0,False,2026-09-05T11:30:00Z,2.0,2.0,3.0,False,14.0,0.0,0.0,0.0,1.0,0.0,0.0,0.0,0.0,0.0,0.0,0.0,2.0,0.0,0.0,0.0,0.0,0.0,0.0,0.0,0.0,0.0,0.00,0.00,0.00,0.23,50.0,292.0,5938.0,1296.0,1004.0,74,Brooks,Bournemouth,David,111317,,3,91,David_Brooks,4,Newcastle,91,Bournemouth,MID,3
1318,75.0,27.0,17.0,1.0,False,2026-09-05T11:30:00Z,2.0,2.0,3.0,False,1.0,0.0,0.0,0.0,0.0,0.0,0.0,0.0,0.0,0.0,0.0,0.0,3.0,0.0,0.0,0.0,0.0,0.0,0.0,0.0,0.0,0.0,0.00,0.00,0.00,0.00,50.0,522.0,2833.0,1038.0,516.0,75,Christie,Bournemouth,Ryan,158499,,3,91,Ryan_Christie,4,Newcastle,91,Bournemouth,MID,3
1319,76.0,27.0,17.0,0.0,False,2026-09-05T11:30:00Z,2.0,2.0,3.0,False,0.0,0.0,0.0,0.0,0.0,0.0,0.0,0.0,0.0,0.0,0.0,0.0,0.0,0.0,0.0,0.0,0.0,0.0,0.0,0.0,0.0,0.0,0.00,0.00,0.00,0.00,50.0,-108.0,1563.0,123.0,231.0,76,Tóth,Bournemouth,Alex,614574,,3,91,Alex_Tóth,4,Newcastle,91,Bournemouth,MID,3
1320,77.0,27.0,17.0,0.0,False,2026-09-05T11:30:00Z,2.0,2.0,3.0,False,0.0,0.0,0.0,0.0,0.0,0.0,0.0,0.0,0.0,0.0,0.0,0.0,0.0,0.0,0.0,0.0,0.0,0.0,0.0,0.0,0.0,0.0,0.00,0.00,0.00,0.00,49.0,-491.0,1803.0,136.0,627.0,77,Adli,Bournemouth,Amine,489888,Unspecified injury - Unknown return date,3,91,Amine_Adli,4,Newcastle,91,Bournemouth,MID,3
1321,78.0,27.0,17.0,0.0,False,2026-09-05T11:30:00Z,2.0,2.0,3.0,False,0.0,0.0,0.0,0.0,0.0,0.0,0.0,0.0,0.0,0.0,0.0,0.0,0.0,0.0,0.0,0.0,0.0,0.0,0.0,0.0,0.0,0.0,0.00,0.00,0.00,0.00,74.0,-7714.0,23655.0,246.0,7960.0,78,Kroupi,Bournemouth,Junior,560262,Foot injury - Unknown return date,3,91,Junior_Kroupi,4,Newcastle,91,Bournemouth,MID,3
1322,79.0,27.0,17.0,2.0,False,2026-09-05T11:30:00Z,2.0,2.0,3.0,False,90.0,0.0,0.0,0.0,2.0,0.0,0.0,0.0,0.0,0.0,0.0,0.0,4.0,0.0,0.0,0.0,0.0,4.0,3.0,0.0,7.0,1.0,0.13,0.01,0.14,0.71,60.0,26119.0,336364.0,69571.0,43452.0,79,de Lima Barbosa,Bournemouth,Francisco Evanilson,444102,,4,91,Francisco Evanilson_de Lima Barbosa,4,Newcastle,91,Bournemouth,FWD,3
1323,80.0,27.0,17.0,0.0,False,2026-09-05T11:30:00Z,2.0,2.0,3.0,False,0.0,0.0,0.0,0.0,0.0,0.0,0.0,0.0,0.0,0.0,0.0,0.0,0.0,0.0,0.0,0.0,0.0,0.0,0.0,0.0,0.0,0.0,0.00,0.00,0.00,0.00,55.0,-522.0,1977.0,0.0,522.0,80,Ünal,Bournemouth,Enes,168636,Has joined Getafe permanently,4,91,Enes_Ünal,4,Newcastle,91,Bournemouth,FWD,3
1324,81.0,27.0,17.0,0.0,False,2026-09-05T11:30:00Z,2.0,2.0,3.0,False,0.0,0.0,0.0,0.0,0.0,0.0,0.0,0.0,0.0,0.0,0.0,0.0,0.0,0.0,0.0,0.0,0.0,0.0,0.0,0.0,0.0,0.0,0.00,0.00,0.00,0.00,60.0,-398.0,12281.0,1521.0,1919.0,81,Rodríguez,Bournemouth,Álvaro,561245,,4,91,Álvaro_Rodríguez,4,Newcastle,91,Bournemouth,FWD,3
1325,566.0,27.0,17.0,1.0,False,2026-09-05T11:30:00Z,2.0,2.0,3.0,False,90.0,0.0,0.0,0.0,2.0,0.0,0.0,0.0,0.0,0.0,0.0,0.0,8.0,0.0,0.0,0.0,0.0,7.0,2.0,1.0,8.0,1.0,0.02,0.01,0.03,0.71,50.0,3048.0,43269.0,9722.0,6674.0,566,Pereira de Albuquerque Tavares da Silva,Bournemouth,António João,483067,,2,91,António João_Pereira de Albuquerque Tavares da Silva,4,Newcastle,91,Bournemouth,DEF,3
1326,573.0,27.0,17.0,0.0,False,2026-09-05T11:30:00Z,2.0,2.0,3.0,False,0.0,0.0,0.0,0.0,0.0,0.0,0.0,0.0,0.0,0.0,0.0,0.0,0.0,0.0,0.0,0.0,0.0,0.0,0.0,0.0,0.0,0.0,0.00,0.00,0.00,0.00,45.0,-1920.0,19900.0,369.0,2289.0,573,Sánchez,Bournemouth,Juanlu,494928,,2,91,Juanlu_Sánchez,4,Newcastle,91,Bournemouth,DEF,3
1327,608.0,27.0,17.0,1.0,False,2026-09-05T11:30:00Z,2.0,2.0,3.0,False,1.0,0.0,0.0,0.0,0.0,0.0,0.0,0.0,0.0,0.0,0.0,0.0,4.0,0.0,0.0,0.0,0.0,0.0,0.0,0.0,0.0,0.0,0.00,0.00,0.00,0.05,50.0,2512.0,9237.0,4510.0,1998.0,608,Jebbison,Bournemouth,Daniel,523700,,4,91,Daniel_Jebbison,4,Newcastle,91,Bournemouth,FWD,3
1328,615.0,27.0,17.0,0.0,False,2026-09-05T11:30:00Z,2.0,2.0,3.0,False,0.0,0.0,0.0,0.0,0.0,0.0,0.0,0.0,0.0,0.0,0.0,0.0,0.0,0.0,0.0,0.0,0.0,0.0,0.0,0.0,0.0,0.0,0.00,0.00,0.00,0.00,45.0,949.0,2932.0,1404.0,455.0,615,Di Gregorio,Bournemouth,Michele,230650,,1,91,Michele_Di Gregorio,4,Newcastle,91,Bournemouth,GKP,3
1329,82.0,22.0,20.0,2.0,True,2026-09-05T14:00:00Z,1.0,1.0,3.0,False,90.0,0.0,0.0,0.0,1.0,0.0,0.0,0.0,0.0,0.0,2.0,0.0,10.0,0.0,0.0,0.0,0.0,2.0,6.0,0.0,0.0,1.0,0.00,0.00,0.00,1.71,50.0,54758.0,832099.0,113703.0,58945.0,82,Kelleher,Brentford,Caoimhín,200720,,1,94,Caoimhín_Kelleher,56,Sunderland,94,Brentford,GKP,4
1330,83.0,22.0,20.0,0.0,True,2026-09-05T14:00:00Z,1.0,1.0,3.0,False,0.0,0.0,0.0,0.0,0.0,0.0,0.0,0.0,0.0,0.0,0.0,0.0,0.0,0.0,0.0,0.0,0.0,0.0,0.0,0.0,0.0,0.0,0.00,0.00,0.00,0.00,45.0,-432.0,11246.0,975.0,1407.0,83,Valdimarsson,Brentford,Hákon Rafn,507433,,1,94,Hákon Rafn_Valdimarsson,56,Sunderland,94,Brentford,GKP,4
1331,84.0,22.0,20.0,1.0,True,2026-09-05T14:00:00Z,1.0,1.0,3.0,False,16.0,0.0,0.0,0.0,0.0,0.0,0.0,0.0,0.0,0.0,0.0,0.0,4.0,0.0,0.0,0.0,0.0,1.0,0.0,0.0,1.0,1.0,0.00,0.00,0.00,0.10,55.0,11591.0,271484.0,32175.0,20584.0,84,Collins,Brentford,Nathan,432830,Calf injury - 25% chance of playing,2,94,Nathan_Collins,56,Sunderland,94,Brentford,DEF,4
1332,85.0,22.0,20.0,0.0,True,2026-09-05T14:00:00Z,1.0,1.0,3.0,False,0.0,0.0,0.0,0.0,0.0,0.0,0.0,0.0,0.0,0.0,0.0,0.0,0.0,0.0,0.0,0.0,0.0,0.0,0.0,0.0,0.0,0.0,0.00,0.00,0.00,0.00,49.0,-2342.0,8510.0,121.0,2463.0,85,van den Berg,Brentford,Sepp,444765,Groin injury - Unknown return date,2,94,Sepp_van den Berg,56,Sunderland,94,Brentford,DEF,4
1333,86.0,22.0,20.0,2.0,True,2026-09-05T14:00:00Z,1.0,1.0,3.0,False,90.0,0.0,0.0,0.0,1.0,0.0,0.0,0.0,0.0,0.0,0.0,0.0,4.0,0.0,0.0,0.0,0.0,4.0,1.0,1.0,6.0,1.0,0.24,0.40,0.64,1.71,55.0,74882.0,235201.0,101209.0,26327.0,86,Lewis-Potter,Brentford,Keane,249231,,3,94,Keane_Lewis-Potter,56,Sunderland,94,Brentford,MID,4
1334,87.0,22.0,20.0,2.0,True,2026-09-05T14:00:00Z,1.0,1.0,3.0,False,90.0,0.0,0.0,0.0,1.0,0.0,0.0,0.0,0.0,0.0,0.0,0.0,8.0,0.0,0.0,0.0,0.0,5.0,2.0,0.0,5.0,1.0,0.00,0.00,0.00,1.71,45.0,112523.0,610187.0,174453.0,61930.0,87,Ajer,Brentford,Kristoffer,191866,,2,94,Kristoffer_Ajer,56,Sunderland,94,Brentford,DEF,4
1335,88.0,22.0,20.0,1.0,True,2026-09-05T14:00:00Z,1.0,1.0,3.0,False,45.0,0.0,0.0,0.0,0.0,0.0,0.0,0.0,0.0,0.0,0.0,0.0,2.0,0.0,0.0,0.0,0.0,5.0,2.0,0.0,5.0,1.0,0.03,0.00,0.03,0.35,46.0,121903.0,1044649.0,201513.0,79610.0,88,Kayode,Brentford,Michael,607464,,2,94,Michael_Kayode,56,Sunderland,94,Brentford,DEF,4
1336,89.0,22.0,20.0,0.0,True,2026-09-05T14:00:00Z,1.0,1.0,3.0,False,0.0,0.0,0.0,0.0,0.0,0.0,0.0,0.0,0.0,0.0,0.0,0.0,0.0,0.0,0.0,0.0,0.0,0.0,0.0,0.0,0.0,0.0,0.00,0.00,0.00,0.00,45.0,-1641.0,22909.0,561.0,2202.0,89,Henry,Brentford,Rico,194010,,2,94,Rico_Henry,56,Sunderland,94,Brentford,DEF,4
1337,90.0,22.0,20.0,1.0,True,2026-09-05T14:00:00Z,1.0,1.0,3.0,False,45.0,0.0,0.0,0.0,1.0,0.0,0.0,0.0,0.0,0.0,0.0,0.0,0.0,0.0,0.0,0.0,0.0,4.0,2.0,1.0,5.0,0.0,0.00,0.00,0.00,1.36,45.0,-239.0,7835.0,653.0,892.0,90,Hickey,Brentford,Aaron,472713,,2,94,Aaron_Hickey,56,Sunderland,94,Brentford,DEF,4
1338,92.0,22.0,20.0,0.0,True,2026-09-05T14:00:00Z,1.0,1.0,3.0,False,0.0,0.0,0.0,0.0,0.0,0.0,0.0,0.0,0.0,0.0,0.0,0.0,0.0,0.0,0.0,0.0,0.0,0.0,0.0,0.0,0.0,0.0,0.00,0.00,0.00,0.00,45.0,-133.0,1937.0,151.0,284.0,92,Ji-soo,Brentford,Kim,570241,,2,94,Kim_Ji-soo,56,Sunderland,94,Brentford,DEF,4
1339,93.0,22.0,20.0,4.0,True,2026-09-05T14:00:00Z,1.0,1.0,3.0,False,73.0,0.0,0.0,0.0,1.0,0.0,0.0,0.0,0.0,0.0,0.0,0.0,11.0,0.0,0.0,0.0,0.0,10.0,0.0,0.0,10.0,0.0,0.10,0.01,0.11,1.61,45.0,-1306.0,15267.0,166.0,1472.0,93,Schuster,Brentford,Jannik,513086,,2,94,Jannik_Schuster,56,Sunderland,94,Brentford,DEF,4
1340,94.0,22.0,20.0,2.0,True,2026-09-05T14:00:00Z,1.0,1.0,3.0,False,90.0,0.0,0.0,0.0,1.0,0.0,0.0,0.0,0.0,0.0,0.0,0.0,11.0,0.0,0.0,0.0,0.0,0.0,5.0,0.0,5.0,1.0,0.00,0.17,0.17,1.71,60.0,92782.0,492340.0,140288.0,47506.0,94,Schade,Brentford,Kevin,513418,,3,94,Kevin_Schade,56,Sunderland,94,Brentford,MID,4
1341,95.0,22.0,20.0,1.0,True,2026-09-05T14:00:00Z,1.0,1.0,3.0,False,45.0,0.0,0.0,0.0,0.0,0.0,0.0,0.0,0.0,0.0,0.0,0.0,6.0,0.0,0.0,0.0,0.0,3.0,7.0,1.0,11.0,1.0,0.00,0.01,0.01,0.35,65.0,-24974.0,85265.0,4607.0,29581.0,95,Ouattara,Brentford,Dango,533463,,3,94,Dango_Ouattara,56,Sunderland,94,Brentford,MID,4
1342,96.0,22.0,20.0,8.0,True,2026-09-05T14:00:00Z,1.0,1.0,3.0,False,85.0,0.0,1.0,0.0,1.0,0.0,0.0,0.0,0.0,0.0,0.0,3.0,30.0,0.0,0.0,0.0,0.0,1.0,3.0,0.0,4.0,1.0,0.00,0.21,0.21,1.63,55.0,-3734.0,49863.0,3933.0,7667.0,96,Damsgaard,Brentford,Mikkel,440089,,3,94,Mikkel_Damsgaard,56,Sunderland,94,Brentford,MID,4
1343,97.0,22.0,20.0,0.0,True,2026-09-05T14:00:00Z,1.0,1.0,3.0,False,0.0,0.0,0.0,0.0,0.0,0.0,0.0,0.0,0.0,0.0,0.0,0.0,0.0,0.0,0.0,0.0,0.0,0.0,0.0,0.0,0.0,0.0,0.00,0.00,0.00,0.00,55.0,-6340.0,16413.0,569.0,6909.0,97,Jensen,Brentford,Mathias,207283,Unspecified injury - Expected back 18 Sep,3,94,Mathias_Jensen,56,Sunderland,94,Brentford,MID,4
1344,98.0,22.0,20.0,11.0,True,2026-09-05T14:00:00Z,1.0,1.0,3.0,False,90.0,1.0,0.0,0.0,1.0,0.0,0.0,0.0,1.0,0.0,0.0,3.0,30.0,0.0,0.0,0.0,0.0,3.0,5.0,4.0,12.0,1.0,0.11,0.01,0.12,1.71,50.0,16015.0,69448.0,29605.0,13590.0,98,Janelt,Brentford,Vitaly,204580,,3,94,Vitaly_Janelt,56,Sunderland,94,Brentford,MID,4
1345,99.0,22.0,20.0,0.0,True,2026-09-05T14:00:00Z,1.0,1.0,3.0,False,0.0,0.0,0.0,0.0,0.0,0.0,0.0,0.0,0.0,0.0,0.0,0.0,0.0,0.0,0.0,0.0,0.0,0.0,0.0,0.0,0.0,0.0,0.00,0.00,0.00,0.00,50.0,-8.0,190.0,34.0,42.0,99,Milambo,Brentford,Antoni,543295,Knee injury - Unknown return date,3,94,Antoni_Milambo,56,Sunderland,94,Brentford,MID,4
1346,100.0,22.0,20.0,0.0,True,2026-09-05T14:00:00Z,1.0,1.0,3.0,False,0.0,0.0,0.0,0.0,0.0,0.0,0.0,0.0,0.0,0.0,0.0,0.0,0.0,0.0,0.0,0.0,0.0,0.0,0.0,0.0,0.0,0.0,0.00,0.00,0.00,0.00,50.0,185.0,2107.0,543.0,358.0,100,Freitas Gouveia Carvalho,Brentford,Fábio,244858,,3,94,Fábio_Freitas Gouveia Carvalho,56,Sunderland,94,Brentford,MID,4
1347,102.0,22.0,20.0,0.0,True,2026-09-05T14:00:00Z,1.0,1.0,3.0,False,45.0,0.0,0.0,0.0,1.0,0.0,0.0,0.0,1.0,0.0,0.0,0.0,1.0,0.0,0.0,0.0,0.0,1.0,3.0,1.0,5.0,0.0,0.03,0.02,0.05,1.36,49.0,-18230.0,93335.0,1076.0,19306.0,102,Yarmoliuk,Brentford,Yehor,508395,,3,94,Yehor_Yarmoliuk,56,Sunderland,94,Brentford,MID,4
1348,103.0,22.0,20.0,0.0,True,2026-09-05T14:00:00Z,1.0,1.0,3.0,False,0.0,0.0,0.0,0.0,0.0,0.0,0.0,0.0,0.0,0.0,0.0,0.0,0.0,0.0,0.0,0.0,0.0,0.0,0.0,0.0,0.0,0.0,0.00,0.00,0.00,0.00,50.0,-369.0,2280.0,180.0,549.0,103,Dasilva,Brentford,Josh,183656,Hamstring injury - Expected back 10 Oct,3,94,Josh_Dasilva,56,Sunderland,94,Brentford,MID,4
1349,105.0,22.0,20.0,1.0,True,2026-09-05T14:00:00Z,1.0,1.0,3.0,False,45.0,0.0,0.0,0.0,1.0,0.0,0.0,0.0,0.0,0.0,0.0,0.0,3.0,0.0,0.0,0.0,0.0,0.0,4.0,0.0,4.0,0.0,0.05,0.01,0.06,1.36,60.0,-1707.0,16152.0,1644.0,3351.0,105,Anthony,Brentford,Jaidon,444180,,3,94,Jaidon_Anthony,56,Sunderland,94,Brentford,MID,4
1350,106.0,22.0,20.0,2.0,True,2026-09-05T14:00:00Z,1.0,1.0,3.0,False,90.0,0.0,0.0,0.0,1.0,0.0,0.0,0.0,0.0,0.0,0.0,0.0,9.0,0.0,0.0,0.0,0.0,3.0,2.0,1.0,6.0,1.0,0.50,0.01,0.51,1.71,80.0,-240730.0,1462107.0,72058.0,312788.0,106,Nascimento Rodrigues,Brentford,Igor Thiago,502500,,4,94,Igor Thiago_Nascimento Rodrigues,56,Sunderland,94,Brentford,FWD,4
1351,107.0,22.0,20.0,0.0,True,2026-09-05T14:00:00Z,1.0,1.0,3.0,False,0.0,0.0,0.0,0.0,0.0,0.0,0.0,0.0,0.0,0.0,0.0,0.0,0.0,0.0,0.0,0.0,0.0,0.0,0.0,0.0,0.0,0.0,0.00,0.00,0.00,0.00,45.0,13495.0,116698.0,27280.0,13785.0,107,Furo,Brentford,Kaye,593174,,4,94,Kaye_Furo,56,Sunderland,94,Brentford,FWD,4
1352,108.0,22.0,20.0,1.0,True,2026-09-05T14:00:00Z,1.0,1.0,3.0,False,4.0,0.0,0.0,0.0,0.0,0.0,0.0,0.0,0.0,0.0,0.0,0.0,2.0,0.0,0.0,0.0,0.0,1.0,0.0,0.0,1.0,0.0,0.00,0.00,0.00,0.08,55.0,-1724.0,38790.0,5560.0,7284.0,108,Wilson,Brentford,Callum,75115,,4,94,Callum_Wilson,56,Sunderland,94,Brentford,FWD,4
1353,565.0,22.0,20.0,0.0,True,2026-09-05T14:00:00Z,1.0,1.0,3.0,False,45.0,0.0,0.0,0.0,0.0,0.0,0.0,0.0,1.0,0.0,0.0,0.0,0.0,0.0,0.0,0.0,0.0,1.0,3.0,1.0,5.0,1.0,0.15,0.01,0.16,0.35,57.0,509396.0,1631469.0,639468.0,130072.0,565,Sangaré,Brentford,Mamadou,513545,,3,94,Mamadou_Sangaré,56,Sunderland,94,Brentford,MID,4
1354,620.0,22.0,20.0,0.0,True,2026-09-05T14:00:00Z,1.0,1.0,3.0,False,0.0,0.0,0.0,0.0,0.0,0.0,0.0,0.0,0.0,0.0,0.0,0.0,0.0,0.0,0.0,0.0,0.0,0.0,0.0,0.0,0.0,0.0,0.00,0.00,0.00,0.00,45.0,6560.0,10083.0,9542.0,2982.0,620,Diouf,Brentford,El Hadji Malick,613804,,2,94,El Hadji Malick_Diouf,56,Sunderland,94,Brentford,DEF,4
1355,109.0,23.0,13.0,3.0,True,2026-09-05T14:00:00Z,1.0,1.0,3.0,False,90.0,0.0,0.0,0.0,1.0,0.0,0.0,0.0,0.0,0.0,3.0,0.0,17.0,0.0,0.0,0.0,0.0,0.0,5.0,0.0,0.0,1.0,0.00,0.20,0.20,2.49,45.0,114050.0,2293721.0,270948.0,156898.0,109,Verbruggen,Brighton,Bart,489639,,1,36,Bart_Verbruggen,2,Leeds,36,Brighton,GKP,5
1356,111.0,23.0,13.0,0.0,True,2026-09-05T14:00:00Z,1.0,1.0,3.0,False,0.0,0.0,0.0,0.0,0.0,0.0,0.0,0.0,0.0,0.0,0.0,0.0,0.0,0.0,0.0,0.0,0.0,0.0,0.0,0.0,0.0,0.0,0.00,0.00,0.00,0.00,40.0,27834.0,459848.0,62093.0,34259.0,111,Steele,Brighton,Jason,49262,,1,36,Jason_Steele,2,Leeds,36,Brighton,GKP,5
1357,113.0,23.0,13.0,2.0,True,2026-09-05T14:00:00Z,1.0,1.0,3.0,False,77.0,0.0,0.0,0.0,1.0,0.0,0.0,0.0,0.0,0.0,0.0,0.0,8.0,0.0,0.0,0.0,0.0,4.0,2.0,1.0,5.0,1.0,0.06,0.01,0.07,2.40,44.0,-19909.0,203285.0,12724.0,32633.0,113,Kadıoğlu,Brighton,Ferdi,231416,,2,36,Ferdi_Kadıoğlu,2,Leeds,36,Brighton,DEF,5
1358,114.0,23.0,13.0,2.0,True,2026-09-05T14:00:00Z,1.0,1.0,3.0,False,90.0,0.0,0.0,0.0,1.0,0.0,0.0,0.0,0.0,0.0,0.0,0.0,17.0,0.0,0.0,0.0,0.0,4.0,4.0,0.0,4.0,1.0,0.00,0.33,0.33,2.49,45.0,2298.0,31479.0,6293.0,3995.0,114,Boscagli,Brighton,Olivier,204120,,2,36,Olivier_Boscagli,2,Leeds,36,Brighton,DEF,5
1359,115.0,23.0,13.0,4.0,True,2026-09-05T14:00:00Z,1.0,1.0,3.0,False,76.0,0.0,1.0,0.0,1.0,0.0,0.0,0.0,1.0,0.0,0.0,0.0,17.0,0.0,0.0,0.0,0.0,1.0,4.0,1.0,2.0,1.0,0.00,0.14,0.14,2.40,47.0,762031.0,1978466.0,871841.0,109810.0,115,De Cuyper,Brighton,Maxim,465730,,2,36,Maxim_De Cuyper,2,Leeds,36,Brighton,DEF,5
1360,116.0,23.0,13.0,5.0,True,2026-09-05T14:00:00Z,1.0,1.0,3.0,False,90.0,0.0,0.0,0.0,1.0,0.0,0.0,0.0,0.0,0.0,0.0,1.0,20.0,0.0,0.0,0.0,0.0,12.0,5.0,0.0,12.0,1.0,0.00,0.01,0.01,2.49,45.0,6568.0,133493.0,20326.0,13758.0,116,Dunk,Brighton,Lewis,83299,,2,36,Lewis_Dunk,2,Leeds,36,Brighton,DEF,5
1361,117.0,23.0,13.0,0.0,True,2026-09-05T14:00:00Z,1.0,1.0,3.0,False,0.0,0.0,0.0,0.0,0.0,0.0,0.0,0.0,0.0,0.0,0.0,0.0,0.0,0.0,0.0,0.0,0.0,0.0,0.0,0.0,0.0,0.0,0.00,0.00,0.00,0.00,45.0,-35.0,2029.0,261.0,296.0,117,Coppola,Brighton,Diego,550090,,2,36,Diego_Coppola,2,Leeds,36,Brighton,DEF,5
1362,118.0,23.0,13.0,0.0,True,2026-09-05T14:00:00Z,1.0,1.0,3.0,False,0.0,0.0,0.0,0.0,0.0,0.0,0.0,0.0,0.0,0.0,0.0,0.0,0.0,0.0,0.0,0.0,0.0,0.0,0.0,0.0,0.0,0.0,0.00,0.00,0.00,0.00,45.0,-1451.0,7052.0,444.0,1895.0,118,dos Santos de Paulo,Brighton,Igor Julio,223434,Has joined Burnley permanently,2,36,Igor Julio_dos Santos de Paulo,2,Leeds,36,Brighton,DEF,5
1363,119.0,23.0,13.0,1.0,True,2026-09-05T14:00:00Z,1.0,1.0,3.0,False,12.0,0.0,0.0,0.0,0.0,0.0,0.0,0.0,0.0,0.0,0.0,0.0,7.0,0.0,0.0,0.0,0.0,1.0,0.0,0.0,1.0,0.0,0.00,0.16,0.16,0.10,45.0,-72.0,3762.0,400.0,472.0,119,Loureiro da Costa,Brighton,João Pedro,451490,,2,36,João Pedro_Loureiro da Costa,2,Leeds,36,Brighton,DEF,5
1364,120.0,23.0,13.0,0.0,True,2026-09-05T14:00:00Z,1.0,1.0,3.0,False,0.0,0.0,0.0,0.0,0.0,0.0,0.0,0.0,0.0,0.0,0.0,0.0,0.0,0.0,0.0,0.0,0.0,0.0,0.0,0.0,0.0,0.0,0.00,0.00,0.00,0.00,50.0,-124.0,5613.0,863.0,987.0,120,Svoboda,Brighton,Michael,454490,,2,36,Michael_Svoboda,2,Leeds,36,Brighton,DEF,5
1365,121.0,23.0,13.0,0.0,True,2026-09-05T14:00:00Z,1.0,1.0,3.0,False,0.0,0.0,0.0,0.0,0.0,0.0,0.0,0.0,0.0,0.0,0.0,0.0,0.0,0.0,0.0,0.0,0.0,0.0,0.0,0.0,0.0,0.0,0.00,0.00,0.00,0.00,60.0,-821.0,3542.0,130.0,951.0,121,Kaoru,Brighton,Mitoma,451340,Hamstring injury - Unknown return date,3,36,Mitoma_Kaoru,2,Leeds,36,Brighton,MID,5
1366,122.0,23.0,13.0,0.0,True,2026-09-05T14:00:00Z,1.0,1.0,3.0,False,0.0,0.0,0.0,0.0,0.0,0.0,0.0,0.0,0.0,0.0,0.0,0.0,0.0,0.0,0.0,0.0,0.0,0.0,0.0,0.0,0.0,0.0,0.00,0.00,0.00,0.00,59.0,-1839.0,4472.0,87.0,1926.0,122,Minteh,Brighton,Yankuba,592031,Leg injury - Expected back 28 Nov,3,36,Yankuba_Minteh,2,Leeds,36,Brighton,MID,5
1367,123.0,23.0,13.0,0.0,True,2026-09-05T14:00:00Z,1.0,1.0,3.0,False,0.0,0.0,0.0,0.0,0.0,0.0,0.0,0.0,0.0,0.0,0.0,0.0,0.0,0.0,0.0,0.0,0.0,0.0,0.0,0.0,0.0,0.0,0.00,0.00,0.00,0.00,60.0,-92072.0,129183.0,6623.0,98695.0,123,Hinshelwood,Brighton,Jack,532529,Unspecified injury - 50% chance of playing,3,36,Jack_Hinshelwood,2,Leeds,36,Brighton,MID,5
1368,124.0,23.0,13.0,1.0,True,2026-09-05T14:00:00Z,1.0,1.0,3.0,False,90.0,0.0,0.0,0.0,1.0,0.0,0.0,0.0,1.0,0.0,0.0,0.0,-1.0,0.0,0.0,0.0,0.0,2.0,2.0,0.0,4.0,1.0,0.79,0.04,0.83,2.49,55.0,341111.0,1691790.0,448315.0,107204.0,124,Groß,Brighton,Pascal,60307,,3,36,Pascal_Groß,2,Leeds,36,Brighton,MID,5
1369,125.0,23.0,13.0,0.0,True,2026-09-05T14:00:00Z,1.0,1.0,3.0,False,0.0,0.0,0.0,0.0,0.0,0.0,0.0,0.0,0.0,0.0,0.0,0.0,0.0,0.0,0.0,0.0,0.0,0.0,0.0,0.0,0.0,0.0,0.00,0.00,0.00,0.00,55.0,-21930.0,74079.0,4546.0,26476.0,125,Rutter,Brighton,Georginio,463067,Unspecified injury - 75% chance of playing,4,36,Georginio_Rutter,2,Leeds,36,Brighton,FWD,5
1370,126.0,23.0,13.0,0.0,True,2026-09-05T14:00:00Z,1.0,1.0,3.0,False,0.0,0.0,0.0,0.0,0.0,0.0,0.0,0.0,0.0,0.0,0.0,0.0,0.0,0.0,0.0,0.0,0.0,0.0,0.0,0.0,0.0,0.0,0.00,0.00,0.00,0.00,55.0,-909.0,10276.0,1040.0,1949.0,126,O'Riley,Brighton,Matt,219249,,3,36,Matt_O'Riley,2,Leeds,36,Brighton,MID,5
1371,127.0,23.0,13.0,2.0,True,2026-09-05T14:00:00Z,1.0,1.0,3.0,False,90.0,0.0,0.0,0.0,1.0,0.0,0.0,0.0,0.0,0.0,0.0,0.0,13.0,0.0,0.0,0.0,0.0,2.0,4.0,3.0,9.0,1.0,0.09,0.05,0.14,2.49,50.0,117389.0,525464.0,177501.0,60112.0,127,Gómez Amarilla,Brighton,Diego,514254,,3,36,Diego_Gómez Amarilla,2,Leeds,36,Brighton,MID,5
1372,128.0,23.0,13.0,0.0,True,2026-09-05T14:00:00Z,1.0,1.0,3.0,False,0.0,0.0,0.0,0.0,0.0,0.0,0.0,0.0,0.0,0.0,0.0,0.0,0.0,0.0,0.0,0.0,0.0,0.0,0.0,0.0,0.0,0.0,0.00,0.00,0.00,0.00,50.0,-94.0,257.0,0.0,94.0,128,Buonanotte,Brighton,Facundo,536916,Has joined Elche on loan for the rest of the season,3,36,Facundo_Buonanotte,2,Leeds,36,Brighton,MID,5
1373,129.0,23.0,13.0,2.0,True,2026-09-05T14:00:00Z,1.0,1.0,3.0,False,90.0,0.0,0.0,0.0,1.0,0.0,0.0,0.0,0.0,0.0,0.0,0.0,18.0,0.0,0.0,0.0,0.0,1.0,2.0,0.0,3.0,1.0,0.17,0.04,0.21,2.49,54.0,-19892.0,42114.0,1443.0,21335.0,129,Ayari,Brighton,Yasin,509416,,3,36,Yasin_Ayari,2,Leeds,36,Brighton,MID,5
1374,130.0,23.0,13.0,0.0,True,2026-09-05T14:00:00Z,1.0,1.0,3.0,False,0.0,0.0,0.0,0.0,0.0,0.0,0.0,0.0,0.0,0.0,0.0,0.0,0.0,0.0,0.0,0.0,0.0,0.0,0.0,0.0,0.0,0.0,0.00,0.00,0.00,0.00,50.0,-473.0,46414.0,12362.0,12835.0,130,Wieffer,Brighton,Mats,467779,Knee injury - Unknown return date,2,36,Mats_Wieffer,2,Leeds,36,Brighton,DEF,5
1375,132.0,23.0,13.0,0.0,True,2026-09-05T14:00:00Z,1.0,1.0,3.0,False,0.0,0.0,0.0,0.0,0.0,0.0,0.0,0.0,0.0,0.0,0.0,0.0,0.0,0.0,0.0,0.0,0.0,0.0,0.0,0.0,0.0,0.0,0.00,0.00,0.00,0.00,45.0,-976.0,4183.0,0.0,976.0,132,Howell,Brighton,Harry,597320,Has joined Leicester City on loan for the rest of the season,3,36,Harry_Howell,2,Leeds,36,Brighton,MID,5
1376,133.0,23.0,13.0,0.0,True,2026-09-05T14:00:00Z,1.0,1.0,3.0,False,0.0,0.0,0.0,0.0,0.0,0.0,0.0,0.0,0.0,0.0,0.0,0.0,0.0,0.0,0.0,0.0,0.0,0.0,0.0,0.0,0.0,0.0,0.00,0.00,0.00,0.00,50.0,-46.0,139.0,0.0,46.0,133,Watson,Brighton,Tom,549074,Has joined Leicester City on loan for the rest of the season,3,36,Tom_Watson,2,Leeds,36,Brighton,MID,5
1377,134.0,23.0,13.0,0.0,True,2026-09-05T14:00:00Z,1.0,1.0,3.0,False,0.0,0.0,0.0,0.0,0.0,0.0,0.0,0.0,0.0,0.0,0.0,0.0,0.0,0.0,0.0,0.0,0.0,0.0,0.0,0.0,0.0,0.0,0.00,0.00,0.00,0.00,45.0,-147.0,29432.0,3612.0,3759.0,134,Oriola,Brighton,Nehemiah,556637,,3,36,Nehemiah_Oriola,2,Leeds,36,Brighton,MID,5
1378,135.0,23.0,13.0,0.0,True,2026-09-05T14:00:00Z,1.0,1.0,3.0,False,0.0,0.0,0.0,0.0,0.0,0.0,0.0,0.0,0.0,0.0,0.0,0.0,0.0,0.0,0.0,0.0,0.0,0.0,0.0,0.0,0.0,0.0,0.00,0.00,0.00,0.00,50.0,-1062.0,6108.0,517.0,1579.0,135,Yohanna,Brighton,Zadok,700308,,3,36,Zadok_Yohanna,2,Leeds,36,Brighton,MID,5
1379,137.0,23.0,13.0,0.0,True,2026-09-05T14:00:00Z,1.0,1.0,3.0,False,0.0,0.0,0.0,0.0,0.0,0.0,0.0,0.0,0.0,0.0,0.0,0.0,0.0,0.0,0.0,0.0,0.0,0.0,0.0,0.0,0.0,0.0,0.00,0.00,0.00,0.00,55.0,-130.0,754.0,80.0,210.0,137,Tzimas,Brighton,Stefanos,608181,Knee injury - Unknown return date,4,36,Stefanos_Tzimas,2,Leeds,36,Brighton,FWD,5
1380,138.0,23.0,13.0,2.0,True,2026-09-05T14:00:00Z,1.0,1.0,3.0,False,90.0,0.0,0.0,0.0,1.0,0.0,0.0,0.0,0.0,0.0,0.0,0.0,9.0,0.0,0.0,0.0,0.0,3.0,4.0,1.0,8.0,1.0,0.43,0.02,0.45,2.49,55.0,23615.0,52785.0,29733.0,6118.0,138,Kostoulas,Brighton,Charalampos,647850,,4,36,Charalampos_Kostoulas,2,Leeds,36,Brighton,FWD,5
1381,139.0,23.0,13.0,0.0,True,2026-09-05T14:00:00Z,1.0,1.0,3.0,False,0.0,0.0,0.0,0.0,0.0,0.0,0.0,0.0,0.0,0.0,0.0,0.0,0.0,0.0,0.0,0.0,0.0,0.0,0.0,0.0,0.0,0.0,0.00,0.00,0.00,0.00,50.0,-173.0,3252.0,545.0,718.0,139,Ferguson,Brighton,Evan,487117,Ankle injury - Expected back 10 Oct,4,36,Evan_Ferguson,2,Leeds,36,Brighton,FWD,5
1382,328.0,23.0,13.0,1.0,True,2026-09-05T14:00:00Z,1.0,1.0,3.0,False,1.0,0.0,0.0,0.0,0.0,0.0,0.0,0.0,0.0,0.0,0.0,0.0,3.0,0.0,0.0,0.0,0.0,0.0,0.0,0.0,0.0,0.0,0.00,0.00,0.00,0.00,50.0,-2128.0,21218.0,1548.0,3676.0,328,Struijk,Brighton,Pascal,222694,,2,36,Pascal_Struijk,2,Leeds,36,Brighton,DEF,5
1383,504.0,23.0,13.0,12.0,True,2026-09-05T14:00:00Z,1.0,1.0,3.0,False,90.0,1.0,0.0,0.0,1.0,0.0,0.0,0.0,0.0,0.0,0.0,2.0,27.0,0.0,0.0,0.0,0.0,8.0,4.0,2.0,10.0,1.0,0.19,0.01,0.20,2.49,50.0,-9735.0,244648.0,22843.0,32578.0,504,Vušković,Brighton,Luka,610799,,2,36,Luka_Vušković,2,Leeds,36,Brighton,DEF,5
1384,594.0,23.0,13.0,0.0,True,2026-09-05T14:00:00Z,1.0,1.0,3.0,False,13.0,0.0,0.0,0.0,0.0,0.0,0.0,0.0,1.0,0.0,0.0,0.0,-7.0,0.0,0.0,0.0,0.0,0.0,0.0,0.0,0.0,0.0,0.42,0.00,0.42,0.10,60.0,-1278.0,25799.0,4444.0,5722.0,594,David,Brighton,Promise,538007,,4,36,Promise_David,2,Leeds,36,Brighton,FWD,5
1385,600.0,23.0,13.0,0.0,True,2026-09-05T14:00:00Z,1.0,1.0,3.0,False,0.0,0.0,0.0,0.0,0.0,0.0,0.0,0.0,0.0,0.0,0.0,0.0,0.0,0.0,0.0,0.0,0.0,0.0,0.0,0.0,0.0,0.0,0.00,0.00,0.00,0.00,50.0,30.0,1841.0,312.0,282.0,600,Osman,Brighton,Ibrahim,612855,,3,36,Ibrahim_Osman,2,Leeds,36,Brighton,MID,5
1386,605.0,23.0,13.0,2.0,True,2026-09-05T14:00:00Z,1.0,1.0,3.0,False,90.0,0.0,0.0,0.0,1.0,0.0,0.0,0.0,0.0,0.0,0.0,0.0,16.0,0.0,0.0,0.0,0.0,2.0,3.0,0.0,5.0,1.0,0.05,0.09,0.14,2.49,45.0,174780.0,252653.0,208413.0,33633.0,605,Yalcouyé,Brighton,Malick,611695,,3,36,Malick_Yalcouyé,2,Leeds,36,Brighton,MID,5
1387,614.0,23.0,13.0,0.0,True,2026-09-05T14:00:00Z,1.0,1.0,3.0,False,0.0,0.0,0.0,0.0,0.0,0.0,0.0,0.0,0.0,0.0,0.0,0.0,0.0,0.0,0.0,0.0,0.0,0.0,0.0,0.0,0.0,0.0,0.00,0.00,0.00,0.00,45.0,1310.0,4150.0,1795.0,485.0,614,Hadjam,Brighton,Jaouen,512123,,2,36,Jaouen_Hadjam,2,Leeds,36,Brighton,DEF,5
1388,624.0,23.0,13.0,0.0,True,2026-09-05T14:00:00Z,1.0,1.0,3.0,False,0.0,0.0,0.0,0.0,0.0,0.0,0.0,0.0,0.0,0.0,0.0,0.0,0.0,0.0,0.0,0.0,0.0,0.0,0.0,0.0,0.0,0.0,0.00,0.00,0.00,0.00,50.0,61.0,111.0,117.0,56.0,624,Cozier-Duberry,Brighton,Amario,519324,Has joined Middlesbrough on loan for the rest of the season,3,36,Amario_Cozier-Duberry,2,Leeds,36,Brighton,MID,5
1389,639.0,23.0,13.0,0.0,True,2026-09-05T14:00:00Z,1.0,1.0,3.0,False,0.0,0.0,0.0,0.0,0.0,0.0,0.0,0.0,0.0,0.0,0.0,0.0,0.0,0.0,0.0,0.0,0.0,0.0,0.0,0.0,0.0,0.0,0.00,0.00,0.00,0.00,55.0,219.0,345.0,261.0,42.0,639,Andrés Baixauli,Brighton,José María,592984,,3,36,José María_Andrés Baixauli,2,Leeds,36,Brighton,MID,5
1390,652.0,23.0,13.0,0.0,True,2026-09-05T14:00:00Z,1.0,1.0,3.0,False,0.0,0.0,0.0,0.0,0.0,0.0,0.0,0.0,0.0,0.0,0.0,0.0,0.0,0.0,0.0,0.0,0.0,0.0,0.0,0.0,0.0,0.0,0.00,0.00,0.00,0.00,55.0,214.0,256.0,248.0,34.0,652,Azeez,Brighton,Femi,471551,Unspecified injury - Expected back 13 Sep,3,36,Femi_Azeez,2,Leeds,36,Brighton,MID,5
1391,28.0,29.0,1.0,3.0,False,2026-09-06T15:30:00Z,2.0,1.0,3.0,False,90.0,0.0,0.0,0.0,2.0,0.0,0.0,0.0,0.0,0.0,8.0,0.0,26.0,0.0,0.0,0.0,0.0,0.0,8.0,0.0,0.0,1.0,0.00,0.00,0.00,2.05,50.0,13115.0,459337.0,68378.0,55263.0,28,Martínez Romero,Chelsea,Emiliano,98980,,1,8,Emiliano_Martínez Romero,3,Arsenal,8,Chelsea,GKP,6
1392,40.0,29.0,1.0,6.0,False,2026-09-06T15:30:00Z,2.0,1.0,3.0,False,86.0,1.0,0.0,0.0,2.0,0.0,0.0,0.0,1.0,0.0,0.0,0.0,22.0,0.0,0.0,0.0,0.0,0.0,5.0,0.0,5.0,1.0,0.08,0.03,0.11,2.05,75.0,-110434.0,2472597.0,211550.0,321984.0,40,Rogers,Chelsea,Morgan,244850,,3,8,Morgan_Rogers,3,Arsenal,8,Chelsea,MID,6
1393,101.0,29.0,1.0,0.0,False,2026-09-06T15:30:00Z,2.0,1.0,3.0,False,0.0,0.0,0.0,0.0,0.0,0.0,0.0,0.0,0.0,0.0,0.0,0.0,0.0,0.0,0.0,0.0,0.0,0.0,0.0,0.0,0.0,0.0,0.00,0.00,0.00,0.00,50.0,-557.0,3322.0,209.0,766.0,101,Henderson,Chelsea,Jordan,56979,Wrist injury - 75% chance of playing,3,8,Jordan_Henderson,3,Arsenal,8,Chelsea,MID,6
1394,136.0,29.0,1.0,1.0,False,2026-09-06T15:30:00Z,2.0,1.0,3.0,False,3.0,0.0,0.0,0.0,0.0,0.0,0.0,0.0,0.0,0.0,0.0,0.0,3.0,0.0,0.0,0.0,0.0,0.0,0.0,0.0,0.0,0.0,0.00,0.00,0.00,0.00,59.0,-16503.0,84671.0,7873.0,24376.0,136,Welbeck,Chelsea,Danny,50175,,4,8,Danny_Welbeck,3,Arsenal,8,Chelsea,FWD,6
1395,140.0,29.0,1.0,0.0,False,2026-09-06T15:30:00Z,2.0,1.0,3.0,False,0.0,0.0,0.0,0.0,0.0,0.0,0.0,0.0,0.0,0.0,0.0,0.0,0.0,0.0,0.0,0.0,0.0,0.0,0.0,0.0,0.0,0.0,0.00,0.00,0.00,0.00,49.0,-82439.0,130954.0,1923.0,84362.0,140,Lynch Sánchez,Chelsea,Robert,215059,Has joined Como on loan for the rest of the season,1,8,Robert_Lynch Sánchez,3,Arsenal,8,Chelsea,GKP,6
1396,141.0,29.0,1.0,0.0,False,2026-09-06T15:30:00Z,2.0,1.0,3.0,False,0.0,0.0,0.0,0.0,0.0,0.0,0.0,0.0,0.0,0.0,0.0,0.0,0.0,0.0,0.0,0.0,0.0,0.0,0.0,0.0,0.0,0.0,0.00,0.00,0.00,0.00,50.0,-270.0,1022.0,0.0,270.0,141,Jörgensen,Chelsea,Filip,508479,Has joined RC Strasbourg on loan for the rest of the season,1,8,Filip_Jörgensen,3,Arsenal,8,Chelsea,GKP,6
1397,142.0,29.0,1.0,1.0,False,2026-09-06T15:30:00Z,2.0,1.0,3.0,False,90.0,0.0,0.0,0.0,2.0,0.0,0.0,0.0,0.0,0.0,0.0,0.0,9.0,0.0,0.0,0.0,0.0,3.0,6.0,0.0,3.0,1.0,0.07,0.05,0.12,2.05,55.0,-184123.0,810910.0,27039.0,211162.0,142,James,Chelsea,Reece,225796,,2,8,Reece_James,3,Arsenal,8,Chelsea,DEF,6
1398,143.0,29.0,1.0,0.0,False,2026-09-06T15:30:00Z,2.0,1.0,3.0,False,0.0,0.0,0.0,0.0,0.0,0.0,0.0,0.0,0.0,0.0,0.0,0.0,0.0,0.0,0.0,0.0,0.0,0.0,0.0,0.0,0.0,0.0,0.00,0.00,0.00,0.00,55.0,-3529.0,9527.0,0.0,3529.0,143,Chalobah,Chelsea,Trevoh,180736,Has joined Como permanently,2,8,Trevoh_Chalobah,3,Arsenal,8,Chelsea,DEF,6
1399,144.0,29.0,1.0,1.0,False,2026-09-06T15:30:00Z,2.0,1.0,3.0,False,30.0,0.0,0.0,0.0,0.0,0.0,0.0,0.0,0.0,0.0,0.0,0.0,4.0,0.0,0.0,0.0,0.0,0.0,2.0,2.0,2.0,0.0,0.04,0.01,0.05,0.14,50.0,-11595.0,116347.0,9926.0,21521.0,144,Gusto,Chelsea,Malo,482609,,2,8,Malo_Gusto,3,Arsenal,8,Chelsea,DEF,6
1400,145.0,29.0,1.0,3.0,False,2026-09-06T15:30:00Z,2.0,1.0,3.0,False,90.0,0.0,0.0,0.0,2.0,0.0,0.0,0.0,0.0,0.0,0.0,0.0,16.0,0.0,0.0,0.0,0.0,14.0,3.0,3.0,17.0,1.0,0.00,0.04,0.04,2.05,50.0,1351.0,7346.0,2579.0,1228.0,145,Fofana,Chelsea,Wesley,444463,,2,8,Wesley_Fofana,3,Arsenal,8,Chelsea,DEF,6
1401,146.0,29.0,1.0,0.0,False,2026-09-06T15:30:00Z,2.0,1.0,3.0,False,0.0,0.0,0.0,0.0,0.0,0.0,0.0,0.0,0.0,0.0,0.0,0.0,0.0,0.0,0.0,0.0,0.0,0.0,0.0,0.0,0.0,0.0,0.00,0.00,0.00,0.00,45.0,-719.0,1405.0,0.0,719.0,146,Badiashile Mukinayi,Chelsea,Benoît,242880,Has joined Napoli on loan for the rest of the season,2,8,Benoît_Badiashile Mukinayi,3,Arsenal,8,Chelsea,DEF,6
1402,148.0,29.0,1.0,3.0,False,2026-09-06T15:30:00Z,2.0,1.0,3.0,False,59.0,0.0,1.0,0.0,2.0,0.0,0.0,0.0,0.0,0.0,0.0,0.0,5.0,0.0,0.0,0.0,0.0,4.0,2.0,2.0,6.0,1.0,0.00,0.02,0.02,1.91,45.0,12089.0,65104.0,22516.0,10427.0,148,Hato,Chelsea,Jorrel,551210,,2,8,Jorrel_Hato,3,Arsenal,8,Chelsea,DEF,6
1403,149.0,29.0,1.0,0.0,False,2026-09-06T15:30:00Z,2.0,1.0,3.0,False,0.0,0.0,0.0,0.0,0.0,0.0,0.0,0.0,0.0,0.0,0.0,0.0,0.0,0.0,0.0,0.0,0.0,0.0,0.0,0.0,0.0,0.0,0.00,0.00,0.00,0.00,50.0,-25878.0,124492.0,7720.0,33598.0,149,Samuels Colwill,Chelsea,Levi,460028,,2,8,Levi_Samuels Colwill,3,Arsenal,8,Chelsea,DEF,6
1404,150.0,29.0,1.0,0.0,False,2026-09-06T15:30:00Z,2.0,1.0,3.0,False,0.0,0.0,0.0,0.0,0.0,0.0,0.0,0.0,0.0,0.0,0.0,0.0,0.0,0.0,0.0,0.0,0.0,0.0,0.0,0.0,0.0,0.0,0.00,0.00,0.00,0.00,45.0,-3325.0,4381.0,24.0,3349.0,150,Sarr,Chelsea,Mamadou,574458,Has joined Real Sociedad on loan for the rest of the season,2,8,Mamadou_Sarr,3,Arsenal,8,Chelsea,DEF,6
1405,151.0,29.0,1.0,1.0,False,2026-09-06T15:30:00Z,2.0,1.0,3.0,False,90.0,0.0,0.0,0.0,2.0,0.0,0.0,0.0,0.0,0.0,0.0,0.0,-3.0,0.0,0.0,0.0,0.0,1.0,1.0,0.0,1.0,1.0,0.00,0.01,0.01,2.05,45.0,-1989.0,38207.0,4792.0,6781.0,151,Acheampong,Chelsea,Josh,577016,,2,8,Josh_Acheampong,3,Arsenal,8,Chelsea,DEF,6
1406,152.0,29.0,1.0,0.0,False,2026-09-06T15:30:00Z,2.0,1.0,3.0,False,0.0,0.0,0.0,0.0,0.0,0.0,0.0,0.0,0.0,0.0,0.0,0.0,0.0,0.0,0.0,0.0,0.0,0.0,0.0,0.0,0.0,0.0,0.00,0.00,0.00,0.00,54.0,-79182.0,121873.0,821.0,80003.0,152,Palestra,Chelsea,Marco,620109,Unspecified injury - 75% chance of playing,2,8,Marco_Palestra,3,Arsenal,8,Chelsea,DEF,6
1407,154.0,29.0,1.0,1.0,False,2026-09-06T15:30:00Z,2.0,1.0,3.0,False,90.0,0.0,0.0,0.0,2.0,0.0,0.0,0.0,1.0,0.0,0.0,0.0,11.0,0.0,0.0,0.0,0.0,0.0,3.0,0.0,3.0,1.0,0.11,0.04,0.15,2.05,96.0,195102.0,1912956.0,387902.0,192800.0,154,Palmer,Chelsea,Cole,244851,,3,8,Cole_Palmer,3,Arsenal,8,Chelsea,MID,6
1408,156.0,29.0,1.0,2.0,False,2026-09-06T15:30:00Z,2.0,1.0,3.0,False,80.0,0.0,0.0,0.0,2.0,0.0,0.0,0.0,0.0,0.0,0.0,0.0,10.0,0.0,0.0,0.0,0.0,2.0,4.0,1.0,7.0,1.0,0.03,0.03,0.06,2.05,65.0,2299.0,130367.0,21878.0,19579.0,156,Lomba Neto,Chelsea,Pedro,247632,,3,8,Pedro_Lomba Neto,3,Arsenal,8,Chelsea,MID,6
1409,157.0,29.0,1.0,1.0,False,2026-09-06T15:30:00Z,2.0,1.0,3.0,False,9.0,0.0,0.0,0.0,0.0,0.0,0.0,0.0,0.0,0.0,0.0,0.0,5.0,0.0,0.0,0.0,0.0,0.0,0.0,0.0,0.0,0.0,0.04,0.00,0.04,0.00,64.0,-31266.0,84845.0,3486.0,34752.0,157,Almeida de Oliveira Gonçalves,Chelsea,Estêvão,624773,,3,8,Estêvão_Almeida de Oliveira Gonçalves,3,Arsenal,8,Chelsea,MID,6
1410,158.0,29.0,1.0,0.0,False,2026-09-06T15:30:00Z,2.0,1.0,3.0,False,0.0,0.0,0.0,0.0,0.0,0.0,0.0,0.0,0.0,0.0,0.0,0.0,0.0,0.0,0.0,0.0,0.0,0.0,0.0,0.0,0.0,0.0,0.00,0.00,0.00,0.00,59.0,-715.0,2954.0,260.0,975.0,158,Bynoe-Gittens,Chelsea,Jamie,463936,,3,8,Jamie_Bynoe-Gittens,3,Arsenal,8,Chelsea,MID,6
1411,159.0,29.0,1.0,0.0,False,2026-09-06T15:30:00Z,2.0,1.0,3.0,False,0.0,0.0,0.0,0.0,0.0,0.0,0.0,0.0,0.0,0.0,0.0,0.0,0.0,0.0,0.0,0.0,0.0,0.0,0.0,0.0,0.0,0.0,0.00,0.00,0.00,0.00,54.0,-88920.0,192746.0,3231.0,92151.0,159,Caicedo Corozo,Chelsea,Moisés,486672,Unspecified injury - 75% chance of playing,3,8,Moisés_Caicedo Corozo,3,Arsenal,8,Chelsea,MID,6
1412,161.0,29.0,1.0,1.0,False,2026-09-06T15:30:00Z,2.0,1.0,3.0,False,59.0,0.0,0.0,0.0,2.0,0.0,0.0,0.0,0.0,0.0,0.0,0.0,7.0,0.0,0.0,0.0,0.0,2.0,3.0,1.0,6.0,1.0,0.00,0.01,0.01,1.91,50.0,9966.0,20847.0,13724.0,3758.0,161,Lavia,Chelsea,Roméo,514356,,3,8,Roméo_Lavia,3,Arsenal,8,Chelsea,MID,6
1413,163.0,29.0,1.0,0.0,False,2026-09-06T15:30:00Z,2.0,1.0,3.0,False,0.0,0.0,0.0,0.0,0.0,0.0,0.0,0.0,0.0,0.0,0.0,0.0,0.0,0.0,0.0,0.0,0.0,0.0,0.0,0.0,0.0,0.0,0.00,0.00,0.00,0.00,45.0,-3147.0,16417.0,1446.0,4593.0,163,Luís Essugo,Chelsea,Dário,491007,Has joined RC Strasbourg on loan for the rest of the season,3,8,Dário_Luís Essugo,3,Arsenal,8,Chelsea,MID,6
1414,164.0,29.0,1.0,0.0,False,2026-09-06T15:30:00Z,2.0,1.0,3.0,False,0.0,0.0,0.0,0.0,0.0,0.0,0.0,0.0,0.0,0.0,0.0,0.0,0.0,0.0,0.0,0.0,0.0,0.0,0.0,0.0,0.0,0.0,0.00,0.00,0.00,0.00,54.0,-904.0,3704.0,292.0,1196.0,164,Quenda,Chelsea,Geovany,593117,,3,8,Geovany_Quenda,3,Arsenal,8,Chelsea,MID,6
1415,165.0,29.0,1.0,1.0,False,2026-09-06T15:30:00Z,2.0,1.0,3.0,False,90.0,0.0,0.0,0.0,2.0,0.0,0.0,0.0,1.0,0.0,0.0,0.0,8.0,0.0,0.0,0.0,0.0,0.0,1.0,0.0,1.0,1.0,0.02,0.05,0.07,2.05,77.0,255757.0,7177659.0,446528.0,190771.0,165,Junqueira de Jesus,Chelsea,João Pedro,475168,,4,8,João Pedro_Junqueira de Jesus,3,Arsenal,8,Chelsea,FWD,6
1416,168.0,29.0,1.0,0.0,False,2026-09-06T15:30:00Z,2.0,1.0,3.0,False,0.0,0.0,0.0,0.0,0.0,0.0,0.0,0.0,0.0,0.0,0.0,0.0,0.0,0.0,0.0,0.0,0.0,0.0,0.0,0.0,0.0,0.0,0.00,0.00,0.00,0.00,50.0,-10863.0,33721.0,1924.0,12787.0,168,Guiu Paz,Chelsea,Marc,499309,Has joined RB Leipzig permanently,4,8,Marc_Guiu Paz,3,Arsenal,8,Chelsea,FWD,6
1417,169.0,29.0,1.0,0.0,False,2026-09-06T15:30:00Z,2.0,1.0,3.0,False,0.0,0.0,0.0,0.0,0.0,0.0,0.0,0.0,0.0,0.0,0.0,0.0,0.0,0.0,0.0,0.0,0.0,0.0,0.0,0.0,0.0,0.0,0.00,0.00,0.00,0.00,45.0,2681.0,43546.0,8439.0,5758.0,169,Mheuka,Chelsea,Shumaira,567119,,4,8,Shumaira_Mheuka,3,Arsenal,8,Chelsea,FWD,6
1418,170.0,29.0,1.0,0.0,False,2026-09-06T15:30:00Z,2.0,1.0,3.0,False,0.0,0.0,0.0,0.0,0.0,0.0,0.0,0.0,0.0,0.0,0.0,0.0,0.0,0.0,0.0,0.0,0.0,0.0,0.0,0.0,0.0,0.0,0.00,0.00,0.00,0.00,50.0,-539.0,15735.0,2709.0,3248.0,170,Emegha,Chelsea,Emmanuel,503037,,4,8,Emmanuel_Emegha,3,Arsenal,8,Chelsea,FWD,6
1419,200.0,29.0,1.0,2.0,False,2026-09-06T15:30:00Z,2.0,1.0,3.0,False,90.0,0.0,0.0,0.0,2.0,0.0,0.0,0.0,1.0,0.0,0.0,0.0,3.0,0.0,0.0,0.0,0.0,9.0,2.0,2.0,11.0,1.0,0.00,0.01,0.01,2.05,60.0,-117331.0,839049.0,32879.0,150210.0,200,Lacroix,Chelsea,Maxence,437499,,2,8,Maxence_Lacroix,3,Arsenal,8,Chelsea,DEF,6
1420,560.0,29.0,1.0,0.0,False,2026-09-06T15:30:00Z,2.0,1.0,3.0,False,0.0,0.0,0.0,0.0,0.0,0.0,0.0,0.0,0.0,0.0,0.0,0.0,0.0,0.0,0.0,0.0,0.0,0.0,0.0,0.0,0.0,0.0,0.00,0.00,0.00,0.00,45.0,-769.0,6809.0,363.0,1132.0,560,Penders,Chelsea,Mike,549939,,1,8,Mike_Penders,3,Arsenal,8,Chelsea,GKP,6
1421,561.0,29.0,1.0,0.0,False,2026-09-06T15:30:00Z,2.0,1.0,3.0,False,0.0,0.0,0.0,0.0,0.0,0.0,0.0,0.0,0.0,0.0,0.0,0.0,0.0,0.0,0.0,0.0,0.0,0.0,0.0,0.0,0.0,0.0,0.00,0.00,0.00,0.00,45.0,-49.0,1971.0,225.0,274.0,561,Anselmino,Chelsea,Aaron,622758,,2,8,Aaron_Anselmino,3,Arsenal,8,Chelsea,DEF,6
1422,568.0,29.0,1.0,0.0,False,2026-09-06T15:30:00Z,2.0,1.0,3.0,False,0.0,0.0,0.0,0.0,0.0,0.0,0.0,0.0,0.0,0.0,0.0,0.0,0.0,0.0,0.0,0.0,0.0,0.0,0.0,0.0,0.0,0.0,0.00,0.00,0.00,0.00,55.0,-1018.0,13655.0,1055.0,2073.0,568,Barco,Chelsea,Valentín,543158,,3,8,Valentín_Barco,3,Arsenal,8,Chelsea,MID,6
1423,583.0,29.0,1.0,1.0,False,2026-09-06T15:30:00Z,2.0,1.0,3.0,False,30.0,0.0,0.0,0.0,0.0,0.0,0.0,0.0,0.0,0.0,0.0,0.0,2.0,0.0,0.0,0.0,0.0,1.0,1.0,1.0,2.0,0.0,0.00,0.00,0.00,0.14,50.0,-3413.0,17402.0,664.0,4077.0,583,Chavarría,Chelsea,Pep,498444,,2,8,Pep_Chavarría,3,Arsenal,8,Chelsea,DEF,6
1424,91.0,26.0,15.0,3.0,False,2026-09-05T14:00:00Z,1.0,0.0,3.0,False,90.0,0.0,0.0,0.0,1.0,0.0,0.0,0.0,1.0,0.0,0.0,0.0,3.0,0.0,0.0,0.0,0.0,12.0,2.0,1.0,13.0,1.0,0.11,0.00,0.11,2.12,45.0,-811.0,7182.0,505.0,1316.0,91,Pinnock,Coventry City,Ethan,231065,,2,9,Ethan_Pinnock,43,Man City,9,Coventry City,DEF,7
1425,104.0,26.0,15.0,2.0,False,2026-09-05T14:00:00Z,1.0,0.0,3.0,False,62.0,0.0,0.0,0.0,1.0,0.0,0.0,0.0,0.0,0.0,0.0,0.0,5.0,0.0,0.0,0.0,0.0,0.0,2.0,1.0,3.0,1.0,0.00,0.00,0.00,1.17,50.0,-3826.0,12452.0,379.0,4205.0,104,Onyeka,Coventry City,Frank,428580,,3,9,Frank_Onyeka,43,Man City,9,Coventry City,MID,7
1426,110.0,26.0,15.0,2.0,False,2026-09-05T14:00:00Z,1.0,0.0,3.0,False,90.0,0.0,0.0,0.0,1.0,0.0,0.0,0.0,0.0,0.0,2.0,0.0,13.0,0.0,0.0,0.0,0.0,1.0,9.0,0.0,0.0,1.0,0.00,0.00,0.00,2.12,45.0,-16015.0,95482.0,2938.0,18953.0,110,Rushworth,Coventry City,Carl,472739,,1,9,Carl_Rushworth,43,Man City,9,Coventry City,GKP,7
1427,171.0,26.0,15.0,0.0,False,2026-09-05T14:00:00Z,1.0,0.0,3.0,False,0.0,0.0,0.0,0.0,0.0,0.0,0.0,0.0,0.0,0.0,0.0,0.0,0.0,0.0,0.0,0.0,0.0,0.0,0.0,0.0,0.0,0.0,0.00,0.00,0.00,0.00,40.0,-12005.0,141466.0,6290.0,18295.0,171,Dovin,Coventry City,Oliver,484389,Has joined Leyton Orient on loan for the rest of the season,1,9,Oliver_Dovin,43,Man City,9,Coventry City,GKP,7
1428,172.0,26.0,15.0,0.0,False,2026-09-05T14:00:00Z,1.0,0.0,3.0,False,0.0,0.0,0.0,0.0,0.0,0.0,0.0,0.0,0.0,0.0,0.0,0.0,0.0,0.0,0.0,0.0,0.0,0.0,0.0,0.0,0.0,0.0,0.00,0.00,0.00,0.00,45.0,-3942.0,41782.0,265.0,4207.0,172,Wilson,Coventry City,Ben,110690,,1,9,Ben_Wilson,43,Man City,9,Coventry City,GKP,7
1429,173.0,26.0,15.0,4.0,False,2026-09-05T14:00:00Z,1.0,0.0,3.0,False,90.0,0.0,0.0,0.0,1.0,0.0,0.0,0.0,0.0,0.0,0.0,0.0,19.0,0.0,0.0,0.0,0.0,11.0,3.0,1.0,12.0,1.0,0.22,0.17,0.39,2.12,40.0,44441.0,883716.0,114108.0,69667.0,173,Thomas,Coventry City,Bobby,461102,,2,9,Bobby_Thomas,43,Man City,9,Coventry City,DEF,7
1430,174.0,26.0,15.0,0.0,False,2026-09-05T14:00:00Z,1.0,0.0,3.0,False,0.0,0.0,0.0,0.0,0.0,0.0,0.0,0.0,0.0,0.0,0.0,0.0,0.0,0.0,0.0,0.0,0.0,0.0,0.0,0.0,0.0,0.0,0.00,0.00,0.00,0.00,40.0,-9976.0,53997.0,461.0,10437.0,174,Kitching,Coventry City,Liam,436761,Has joined Sheffield United on loan for the rest of the season,2,9,Liam_Kitching,43,Man City,9,Coventry City,DEF,7
1431,175.0,26.0,15.0,3.0,False,2026-09-05T14:00:00Z,1.0,0.0,3.0,False,90.0,0.0,0.0,0.0,1.0,0.0,0.0,0.0,1.0,0.0,0.0,0.0,5.0,0.0,0.0,0.0,0.0,8.0,4.0,3.0,11.0,1.0,0.00,0.06,0.06,2.12,40.0,-80255.0,1209039.0,41712.0,121967.0,175,van Ewijk,Coventry City,Milan,451284,,2,9,Milan_van Ewijk,43,Man City,9,Coventry City,DEF,7
1432,176.0,26.0,15.0,2.0,False,2026-09-05T14:00:00Z,1.0,0.0,3.0,False,84.0,0.0,0.0,0.0,1.0,0.0,0.0,0.0,0.0,0.0,0.0,0.0,10.0,0.0,0.0,0.0,0.0,5.0,3.0,2.0,7.0,1.0,0.00,0.08,0.08,2.12,40.0,-4522.0,79293.0,2664.0,7186.0,176,Dasilva,Coventry City,Jay,173878,,2,9,Jay_Dasilva,43,Man City,9,Coventry City,DEF,7
1433,177.0,26.0,15.0,0.0,False,2026-09-05T14:00:00Z,1.0,0.0,3.0,False,0.0,0.0,0.0,0.0,0.0,0.0,0.0,0.0,0.0,0.0,0.0,0.0,0.0,0.0,0.0,0.0,0.0,0.0,0.0,0.0,0.0,0.0,0.00,0.00,0.00,0.00,40.0,-1131.0,4676.0,131.0,1262.0,177,Kesler-Hayden,Coventry City,Kaine,465390,Hamstring injury - Unknown return date,2,9,Kaine_Kesler-Hayden,43,Man City,9,Coventry City,DEF,7
1434,178.0,26.0,15.0,0.0,False,2026-09-05T14:00:00Z,1.0,0.0,3.0,False,0.0,0.0,0.0,0.0,0.0,0.0,0.0,0.0,0.0,0.0,0.0,0.0,0.0,0.0,0.0,0.0,0.0,0.0,0.0,0.0,0.0,0.0,0.00,0.00,0.00,0.00,40.0,-315.0,8763.0,663.0,978.0,178,Bidwell,Coventry City,Jake,80178,,2,9,Jake_Bidwell,43,Man City,9,Coventry City,DEF,7
1435,179.0,26.0,15.0,0.0,False,2026-09-05T14:00:00Z,1.0,0.0,3.0,False,0.0,0.0,0.0,0.0,0.0,0.0,0.0,0.0,0.0,0.0,0.0,0.0,0.0,0.0,0.0,0.0,0.0,0.0,0.0,0.0,0.0,0.0,0.00,0.00,0.00,0.00,40.0,-161.0,4150.0,319.0,480.0,179,Latibeaudiere,Coventry City,Joel,204813,,2,9,Joel_Latibeaudiere,43,Man City,9,Coventry City,DEF,7
1436,180.0,26.0,15.0,0.0,False,2026-09-05T14:00:00Z,1.0,0.0,3.0,False,0.0,0.0,0.0,0.0,0.0,0.0,0.0,0.0,0.0,0.0,0.0,0.0,0.0,0.0,0.0,0.0,0.0,0.0,0.0,0.0,0.0,0.0,0.00,0.00,0.00,0.00,40.0,-2522.0,15091.0,659.0,3181.0,180,Woolfenden,Coventry City,Luke,220583,Knee injury - Unknown return date,2,9,Luke_Woolfenden,43,Man City,9,Coventry City,DEF,7
1437,181.0,26.0,15.0,0.0,False,2026-09-05T14:00:00Z,1.0,0.0,3.0,False,0.0,0.0,0.0,0.0,0.0,0.0,0.0,0.0,0.0,0.0,0.0,0.0,0.0,0.0,0.0,0.0,0.0,0.0,0.0,0.0,0.0,0.0,0.00,0.00,0.00,0.00,40.0,-956.0,3074.0,19.0,975.0,181,Brau,Coventry City,Miguel,577411,Has joined Academico de Viseu on loan for the rest of the season,2,9,Miguel_Brau,43,Man City,9,Coventry City,DEF,7
1438,182.0,26.0,15.0,2.0,False,2026-09-05T14:00:00Z,1.0,0.0,3.0,False,90.0,0.0,0.0,0.0,1.0,0.0,0.0,0.0,0.0,0.0,0.0,0.0,4.0,0.0,0.0,0.0,0.0,2.0,6.0,1.0,3.0,1.0,0.00,0.34,0.34,2.12,40.0,-4953.0,81029.0,3124.0,8077.0,182,Amenda,Coventry City,Aurèle,539142,,2,9,Aurèle_Amenda,43,Man City,9,Coventry City,DEF,7
1439,183.0,26.0,15.0,2.0,False,2026-09-05T14:00:00Z,1.0,0.0,3.0,False,62.0,0.0,0.0,0.0,1.0,0.0,0.0,0.0,0.0,0.0,0.0,0.0,9.0,0.0,0.0,0.0,0.0,2.0,2.0,1.0,5.0,1.0,0.29,0.09,0.38,1.17,50.0,-1863.0,12234.0,706.0,2569.0,183,Rudoni,Coventry City,Jack,480457,,3,9,Jack_Rudoni,43,Man City,9,Coventry City,MID,7
1440,184.0,26.0,15.0,2.0,False,2026-09-05T14:00:00Z,1.0,0.0,3.0,False,90.0,0.0,0.0,0.0,1.0,0.0,0.0,0.0,0.0,0.0,0.0,0.0,8.0,0.0,0.0,0.0,0.0,3.0,0.0,5.0,8.0,1.0,0.04,0.00,0.04,2.12,50.0,-3443.0,16127.0,481.0,3924.0,184,Grimes,Coventry City,Matt,168144,,3,9,Matt_Grimes,43,Man City,9,Coventry City,MID,7
1441,185.0,26.0,15.0,0.0,False,2026-09-05T14:00:00Z,1.0,0.0,3.0,False,0.0,0.0,0.0,0.0,0.0,0.0,0.0,0.0,0.0,0.0,0.0,0.0,0.0,0.0,0.0,0.0,0.0,0.0,0.0,0.0,0.0,0.0,0.00,0.00,0.00,0.00,49.0,-1339.0,8559.0,404.0,1743.0,185,Sakamoto,Coventry City,Tatsuhiro,501459,,3,9,Tatsuhiro_Sakamoto,43,Man City,9,Coventry City,MID,7
1442,186.0,26.0,15.0,2.0,False,2026-09-05T14:00:00Z,1.0,0.0,3.0,False,70.0,0.0,0.0,0.0,1.0,0.0,0.0,0.0,0.0,0.0,0.0,0.0,4.0,0.0,0.0,0.0,0.0,2.0,3.0,0.0,5.0,1.0,0.00,0.00,0.00,1.17,54.0,-1860.0,10318.0,228.0,2088.0,186,Mason-Clark,Coventry City,Ephron,241293,,3,9,Ephron_Mason-Clark,43,Man City,9,Coventry City,MID,7
1443,187.0,26.0,15.0,0.0,False,2026-09-05T14:00:00Z,1.0,0.0,3.0,False,0.0,0.0,0.0,0.0,0.0,0.0,0.0,0.0,0.0,0.0,0.0,0.0,0.0,0.0,0.0,0.0,0.0,0.0,0.0,0.0,0.0,0.0,0.00,0.00,0.00,0.00,49.0,30.0,1547.0,434.0,404.0,187,Eccles,Coventry City,Josh,439668,,3,9,Josh_Eccles,43,Man City,9,Coventry City,MID,7
1444,188.0,26.0,15.0,0.0,False,2026-09-05T14:00:00Z,1.0,0.0,3.0,False,0.0,0.0,0.0,0.0,0.0,0.0,0.0,0.0,0.0,0.0,0.0,0.0,0.0,0.0,0.0,0.0,0.0,0.0,0.0,0.0,0.0,0.0,0.00,0.00,0.00,0.00,54.0,-2872.0,13303.0,100.0,2972.0,188,Torp,Coventry City,Victor,226965,,3,9,Victor_Torp,43,Man City,9,Coventry City,MID,7
1445,189.0,26.0,15.0,0.0,False,2026-09-05T14:00:00Z,1.0,0.0,3.0,False,0.0,0.0,0.0,0.0,0.0,0.0,0.0,0.0,0.0,0.0,0.0,0.0,0.0,0.0,0.0,0.0,0.0,0.0,0.0,0.0,0.0,0.0,0.00,0.00,0.00,0.00,45.0,-2042.0,27151.0,1697.0,3739.0,189,Shepherd,Coventry City,George,684268,,3,9,George_Shepherd,43,Man City,9,Coventry City,MID,7
1446,190.0,26.0,15.0,1.0,False,2026-09-05T14:00:00Z,1.0,0.0,3.0,False,27.0,0.0,0.0,0.0,0.0,0.0,0.0,0.0,0.0,0.0,0.0,0.0,9.0,0.0,0.0,0.0,0.0,0.0,1.0,0.0,1.0,0.0,0.10,0.03,0.13,0.95,55.0,-3624.0,12425.0,128.0,3752.0,190,Tchaouna,Coventry City,Loum,469272,,3,9,Loum_Tchaouna,43,Man City,9,Coventry City,MID,7
1447,191.0,26.0,15.0,0.0,False,2026-09-05T14:00:00Z,1.0,0.0,3.0,False,0.0,0.0,0.0,0.0,0.0,0.0,0.0,0.0,0.0,0.0,0.0,0.0,0.0,0.0,0.0,0.0,0.0,0.0,0.0,0.0,0.0,0.0,0.00,0.00,0.00,0.00,45.0,-2425.0,14534.0,1263.0,3688.0,191,Borges Rodrigues,Coventry City,Raphael,492498,Has joined Burton Albion on loan for the rest of the season,3,9,Raphael_Borges Rodrigues,43,Man City,9,Coventry City,MID,7
1448,192.0,26.0,15.0,0.0,False,2026-09-05T14:00:00Z,1.0,0.0,3.0,False,0.0,0.0,0.0,0.0,0.0,0.0,0.0,0.0,0.0,0.0,0.0,0.0,0.0,0.0,0.0,0.0,0.0,0.0,0.0,0.0,0.0,0.0,0.00,0.00,0.00,0.00,45.0,-17623.0,44026.0,142.0,17765.0,192,Andrews,Coventry City,Kai,629397,Has joined Oxford United on loan for the rest of the season,3,9,Kai_Andrews,43,Man City,9,Coventry City,MID,7
1449,193.0,26.0,15.0,0.0,False,2026-09-05T14:00:00Z,1.0,0.0,3.0,False,0.0,0.0,0.0,0.0,0.0,0.0,0.0,0.0,0.0,0.0,0.0,0.0,0.0,0.0,0.0,0.0,0.0,0.0,0.0,0.0,0.0,0.0,0.00,0.00,0.00,0.00,54.0,-3102.0,10607.0,246.0,3348.0,193,Wright,Coventry City,Haji,176412,Thigh injury - Unknown return date,4,9,Haji_Wright,43,Man City,9,Coventry City,FWD,7
1450,194.0,26.0,15.0,1.0,False,2026-09-05T14:00:00Z,1.0,0.0,3.0,False,19.0,0.0,0.0,0.0,0.0,0.0,0.0,0.0,0.0,0.0,0.0,0.0,6.0,0.0,0.0,0.0,0.0,1.0,2.0,0.0,3.0,0.0,0.00,0.00,0.00,0.95,50.0,-1110.0,84492.0,16389.0,17499.0,194,Thomas-Asante,Coventry City,Brandon,230730,,4,9,Brandon_Thomas-Asante,43,Man City,9,Coventry City,FWD,7
1451,195.0,26.0,15.0,1.0,False,2026-09-05T14:00:00Z,1.0,0.0,3.0,False,19.0,0.0,0.0,0.0,0.0,0.0,0.0,0.0,0.0,0.0,0.0,0.0,3.0,0.0,0.0,0.0,0.0,0.0,0.0,0.0,0.0,0.0,0.30,0.00,0.30,0.95,50.0,-11944.0,88094.0,10057.0,22001.0,195,Simms,Coventry City,Ellis,218997,,4,9,Ellis_Simms,43,Man City,9,Coventry City,FWD,7
1452,196.0,26.0,15.0,0.0,False,2026-09-05T14:00:00Z,1.0,0.0,3.0,False,0.0,0.0,0.0,0.0,0.0,0.0,0.0,0.0,0.0,0.0,0.0,0.0,0.0,0.0,0.0,0.0,0.0,0.0,0.0,0.0,0.0,0.0,0.00,0.00,0.00,0.00,50.0,-296.0,929.0,0.0,296.0,196,Markelo,Coventry City,Jahnoah,551262,Has joined Shabab Al-Ahli Dubai permanently,4,9,Jahnoah_Markelo,43,Man City,9,Coventry City,FWD,7
1453,197.0,26.0,15.0,0.0,False,2026-09-05T14:00:00Z,1.0,0.0,3.0,False,0.0,0.0,0.0,0.0,0.0,0.0,0.0,0.0,0.0,0.0,0.0,0.0,0.0,0.0,0.0,0.0,0.0,0.0,0.0,0.0,0.0,0.0,0.00,0.00,0.00,0.00,45.0,-548.0,3200.0,0.0,548.0,197,Bassette,Coventry City,Norman,549653,Has joined KVC Westerlo on loan for the rest of the season,4,9,Norman_Bassette,43,Man City,9,Coventry City,FWD,7
1454,492.0,26.0,15.0,2.0,False,2026-09-05T14:00:00Z,1.0,0.0,3.0,False,70.0,0.0,0.0,0.0,1.0,0.0,0.0,0.0,0.0,0.0,0.0,0.0,6.0,0.0,0.0,0.0,0.0,2.0,3.0,0.0,5.0,1.0,0.31,0.00,0.31,1.17,55.0,-13314.0,69494.0,4842.0,18156.0,492,Awoniyi,Coventry City,Taiwo,210156,,4,9,Taiwo_Awoniyi,43,Man City,9,Coventry City,FWD,7
1455,575.0,26.0,15.0,1.0,False,2026-09-05T14:00:00Z,1.0,0.0,3.0,False,27.0,0.0,0.0,0.0,0.0,0.0,0.0,0.0,0.0,0.0,0.0,0.0,4.0,0.0,0.0,0.0,0.0,2.0,4.0,0.0,6.0,0.0,0.00,0.00,0.00,0.95,50.0,-3438.0,20321.0,778.0,4216.0,575,Yirenkyi,Coventry City,Caleb,661888,,3,9,Caleb_Yirenkyi,43,Man City,9,Coventry City,MID,7
1456,584.0,26.0,15.0,1.0,False,2026-09-05T14:00:00Z,1.0,0.0,3.0,False,5.0,0.0,0.0,0.0,0.0,0.0,0.0,0.0,0.0,0.0,0.0,0.0,1.0,0.0,0.0,0.0,0.0,0.0,1.0,1.0,2.0,0.0,0.00,0.00,0.00,0.00,55.0,-2126.0,11896.0,153.0,2279.0,584,Hamer,Coventry City,Gustavo,196100,,3,9,Gustavo_Hamer,43,Man City,9,Coventry City,MID,7
1457,599.0,26.0,15.0,0.0,False,2026-09-05T14:00:00Z,1.0,0.0,3.0,False,0.0,0.0,0.0,0.0,0.0,0.0,0.0,0.0,0.0,0.0,0.0,0.0,0.0,0.0,0.0,0.0,0.0,0.0,0.0,0.0,0.0,0.0,0.00,0.00,0.00,0.00,50.0,-134.0,10406.0,2227.0,2361.0,599,Cherif,Coventry City,Sidiki,627221,,4,9,Sidiki_Cherif,43,Man City,9,Coventry City,FWD,7
1458,623.0,26.0,15.0,0.0,False,2026-09-05T14:00:00Z,1.0,0.0,3.0,False,0.0,0.0,0.0,0.0,0.0,0.0,0.0,0.0,0.0,0.0,0.0,0.0,0.0,0.0,0.0,0.0,0.0,0.0,0.0,0.0,0.0,0.0,0.00,0.00,0.00,0.00,40.0,17253.0,29804.0,20080.0,2827.0,623,Bentley,Coventry City,Dan,79602,,1,9,Dan_Bentley,43,Man City,9,Coventry City,GKP,7
1459,42.0,24.0,10.0,0.0,False,2026-09-05T14:00:00Z,2.0,3.0,3.0,False,0.0,0.0,0.0,0.0,0.0,0.0,0.0,0.0,0.0,0.0,0.0,0.0,0.0,0.0,0.0,0.0,0.0,0.0,0.0,0.0,0.0,0.0,0.00,0.00,0.00,0.00,55.0,-422.0,4367.0,556.0,978.0,42,Guessand,Crystal Palace,Evann,485337,,3,31,Evann_Guessand,54,Fulham,31,Crystal Palace,MID,8
1460,153.0,24.0,10.0,3.0,False,2026-09-05T14:00:00Z,2.0,3.0,3.0,False,90.0,0.0,0.0,0.0,2.0,0.0,0.0,0.0,0.0,0.0,0.0,0.0,14.0,0.0,0.0,0.0,0.0,9.0,8.0,4.0,13.0,1.0,0.00,0.04,0.04,3.14,45.0,503.0,7480.0,1511.0,1008.0,153,Disasi,Crystal Palace,Axel,220362,,2,31,Axel_Disasi,54,Fulham,31,Crystal Palace,DEF,8
1461,198.0,24.0,10.0,2.0,False,2026-09-05T14:00:00Z,2.0,3.0,3.0,False,90.0,0.0,0.0,0.0,2.0,0.0,0.0,0.0,0.0,0.0,5.0,0.0,19.0,0.0,0.0,0.0,0.0,1.0,7.0,0.0,0.0,1.0,0.00,0.00,0.00,3.14,50.0,-3328.0,188350.0,15007.0,18335.0,198,Henderson,Crystal Palace,Dean,172649,,1,31,Dean_Henderson,54,Fulham,31,Crystal Palace,GKP,8
1462,199.0,24.0,10.0,0.0,False,2026-09-05T14:00:00Z,2.0,3.0,3.0,False,0.0,0.0,0.0,0.0,0.0,0.0,0.0,0.0,0.0,0.0,0.0,0.0,0.0,0.0,0.0,0.0,0.0,0.0,0.0,0.0,0.0,0.0,0.00,0.00,0.00,0.00,45.0,-646.0,11282.0,648.0,1294.0,199,Benítez,Crystal Palace,Walter,121709,,1,31,Walter_Benítez,54,Fulham,31,Crystal Palace,GKP,8
1463,202.0,24.0,10.0,1.0,False,2026-09-05T14:00:00Z,2.0,3.0,3.0,False,90.0,0.0,0.0,0.0,2.0,0.0,0.0,0.0,0.0,0.0,0.0,0.0,8.0,0.0,0.0,0.0,0.0,8.0,4.0,1.0,9.0,1.0,0.04,0.00,0.04,3.14,50.0,-5426.0,68124.0,5745.0,11171.0,202,Richards,Crystal Palace,Chris,427623,,2,31,Chris_Richards,54,Fulham,31,Crystal Palace,DEF,8
1464,203.0,24.0,10.0,1.0,False,2026-09-05T14:00:00Z,2.0,3.0,3.0,False,90.0,0.0,0.0,0.0,2.0,0.0,0.0,0.0,0.0,0.0,0.0,0.0,4.0,0.0,0.0,0.0,0.0,7.0,2.0,2.0,9.0,1.0,0.00,0.00,0.00,3.14,49.0,-4057.0,25628.0,1708.0,5765.0,203,Canvot,Crystal Palace,Jaydee,651426,,2,31,Jaydee_Canvot,54,Fulham,31,Crystal Palace,DEF,8
1465,204.0,24.0,10.0,15.0,False,2026-09-05T14:00:00Z,2.0,3.0,3.0,False,73.0,2.0,0.0,0.0,2.0,0.0,0.0,0.0,0.0,0.0,0.0,2.0,31.0,0.0,0.0,0.0,0.0,4.0,2.0,2.0,6.0,1.0,0.66,0.01,0.67,2.57,45.0,-68532.0,476563.0,9051.0,77583.0,204,Mitchell,Crystal Palace,Tyrick,244723,,2,31,Tyrick_Mitchell,54,Fulham,31,Crystal Palace,DEF,8
1466,205.0,24.0,10.0,0.0,False,2026-09-05T14:00:00Z,2.0,3.0,3.0,False,0.0,0.0,0.0,0.0,0.0,0.0,0.0,0.0,0.0,0.0,0.0,0.0,0.0,0.0,0.0,0.0,0.0,0.0,0.0,0.0,0.0,0.0,0.00,0.00,0.00,0.00,45.0,-594.0,2568.0,110.0,704.0,205,Sosa,Crystal Palace,Borna,218364,Has joined FC Cologne on loan for the rest of the season,2,31,Borna_Sosa,54,Fulham,31,Crystal Palace,DEF,8
1467,206.0,24.0,10.0,0.0,False,2026-09-05T14:00:00Z,2.0,3.0,3.0,False,0.0,0.0,0.0,0.0,0.0,0.0,0.0,0.0,0.0,0.0,0.0,0.0,0.0,0.0,0.0,0.0,0.0,0.0,0.0,0.0,0.0,0.0,0.00,0.00,0.00,0.00,44.0,-1423.0,3064.0,193.0,1616.0,206,Riad Dnanou,Crystal Palace,Chadi,515621,Knee injury - Unknown return date,2,31,Chadi_Riad Dnanou,54,Fulham,31,Crystal Palace,DEF,8
1468,207.0,24.0,10.0,1.0,False,2026-09-05T14:00:00Z,2.0,3.0,3.0,False,1.0,0.0,0.0,0.0,0.0,0.0,0.0,0.0,0.0,0.0,0.0,0.0,4.0,0.0,0.0,0.0,0.0,0.0,1.0,1.0,1.0,0.0,0.00,0.00,0.00,0.13,44.0,-541.0,7148.0,770.0,1311.0,207,Mingueza,Crystal Palace,Oscar,242313,,2,31,Oscar_Mingueza,54,Fulham,31,Crystal Palace,DEF,8
1469,208.0,24.0,10.0,0.0,False,2026-09-05T14:00:00Z,2.0,3.0,3.0,False,0.0,0.0,0.0,0.0,0.0,0.0,0.0,0.0,0.0,0.0,0.0,0.0,0.0,0.0,0.0,0.0,0.0,0.0,0.0,0.0,0.0,0.0,0.00,0.00,0.00,0.00,63.0,-118099.0,109790.0,330.0,118429.0,208,Sarr,Crystal Palace,Ismaïla,232185,Groin injury - Unknown return date,3,31,Ismaïla_Sarr,54,Fulham,31,Crystal Palace,MID,8
1470,210.0,24.0,10.0,2.0,False,2026-09-05T14:00:00Z,2.0,3.0,3.0,False,90.0,0.0,0.0,0.0,2.0,0.0,0.0,0.0,0.0,0.0,0.0,0.0,10.0,0.0,0.0,0.0,0.0,7.0,0.0,1.0,8.0,1.0,0.00,0.01,0.01,3.14,55.0,-3644.0,89835.0,10076.0,13720.0,210,Wharton,Crystal Palace,Adam,496221,,3,31,Adam_Wharton,54,Fulham,31,Crystal Palace,MID,8
1471,211.0,24.0,10.0,5.0,False,2026-09-05T14:00:00Z,2.0,3.0,3.0,False,88.0,0.0,1.0,0.0,2.0,0.0,0.0,0.0,0.0,0.0,0.0,0.0,25.0,0.0,0.0,0.0,0.0,1.0,3.0,1.0,5.0,1.0,0.25,0.30,0.55,3.01,55.0,2869.0,22762.0,5451.0,2582.0,211,Pino Santos,Crystal Palace,Yéremy,488024,,3,31,Yéremy_Pino Santos,54,Fulham,31,Crystal Palace,MID,8
1472,212.0,24.0,10.0,1.0,False,2026-09-05T14:00:00Z,2.0,3.0,3.0,False,16.0,0.0,0.0,0.0,0.0,0.0,0.0,0.0,0.0,0.0,0.0,0.0,3.0,0.0,0.0,0.0,0.0,2.0,1.0,0.0,3.0,0.0,0.00,0.00,0.00,0.57,45.0,-96023.0,969611.0,37588.0,133611.0,212,Hughes,Crystal Palace,Will,108413,,3,31,Will_Hughes,54,Fulham,31,Crystal Palace,MID,8
1473,213.0,24.0,10.0,0.0,False,2026-09-05T14:00:00Z,2.0,3.0,3.0,False,0.0,0.0,0.0,0.0,0.0,0.0,0.0,0.0,0.0,0.0,0.0,0.0,0.0,0.0,0.0,0.0,0.0,0.0,0.0,0.0,0.0,0.0,0.00,0.00,0.00,0.00,49.0,-1246.0,9259.0,496.0,1742.0,213,Lerma Solís,Crystal Palace,Jefferson,152551,,3,31,Jefferson_Lerma Solís,54,Fulham,31,Crystal Palace,MID,8
1474,214.0,24.0,10.0,5.0,False,2026-09-05T14:00:00Z,2.0,3.0,3.0,False,88.0,0.0,1.0,0.0,2.0,0.0,0.0,0.0,0.0,0.0,0.0,0.0,21.0,0.0,0.0,0.0,0.0,0.0,4.0,0.0,4.0,1.0,0.00,0.01,0.01,3.01,50.0,-259.0,28293.0,4293.0,4552.0,214,Kamada,Crystal Palace,Daichi,209400,,3,31,Daichi_Kamada,54,Fulham,31,Crystal Palace,MID,8
1475,215.0,24.0,10.0,0.0,False,2026-09-05T14:00:00Z,2.0,3.0,3.0,False,0.0,0.0,0.0,0.0,0.0,0.0,0.0,0.0,0.0,0.0,0.0,0.0,0.0,0.0,0.0,0.0,0.0,0.0,0.0,0.0,0.0,0.0,0.00,0.00,0.00,0.00,50.0,-275.0,914.0,63.0,338.0,215,Devenny,Crystal Palace,Justin,489706,Has joined Stoke City permanently,3,31,Justin_Devenny,54,Fulham,31,Crystal Palace,MID,8
1476,216.0,24.0,10.0,0.0,False,2026-09-05T14:00:00Z,2.0,3.0,3.0,False,0.0,0.0,0.0,0.0,0.0,0.0,0.0,0.0,0.0,0.0,0.0,0.0,0.0,0.0,0.0,0.0,0.0,0.0,0.0,0.0,0.0,0.0,0.00,0.00,0.00,0.00,50.0,-965.0,3105.0,188.0,1153.0,216,Esse,Crystal Palace,Romain,606921,Has joined Millwall on loan for the rest of the season,3,31,Romain_Esse,54,Fulham,31,Crystal Palace,MID,8
1477,217.0,24.0,10.0,0.0,False,2026-09-05T14:00:00Z,2.0,3.0,3.0,False,0.0,0.0,0.0,0.0,0.0,0.0,0.0,0.0,0.0,0.0,0.0,0.0,0.0,0.0,0.0,0.0,0.0,0.0,0.0,0.0,0.0,0.0,0.00,0.00,0.00,0.00,49.0,-173.0,2633.0,933.0,1106.0,217,França de Oliveira,Crystal Palace,Matheus,536694,,3,31,Matheus_França de Oliveira,54,Fulham,31,Crystal Palace,MID,8
1478,218.0,24.0,10.0,0.0,False,2026-09-05T14:00:00Z,2.0,3.0,3.0,False,0.0,0.0,0.0,0.0,0.0,0.0,0.0,0.0,0.0,0.0,0.0,0.0,0.0,0.0,0.0,0.0,0.0,0.0,0.0,0.0,0.0,0.0,0.00,0.00,0.00,0.00,49.0,-336.0,6155.0,984.0,1320.0,218,Doucouré,Crystal Palace,Cheick,438464,,3,31,Cheick_Doucouré,54,Fulham,31,Crystal Palace,MID,8
1479,219.0,24.0,10.0,0.0,False,2026-09-05T14:00:00Z,2.0,3.0,3.0,False,0.0,0.0,0.0,0.0,0.0,0.0,0.0,0.0,0.0,0.0,0.0,0.0,0.0,0.0,0.0,0.0,0.0,0.0,0.0,0.0,0.0,0.0,0.00,0.00,0.00,0.00,50.0,-60.0,553.0,51.0,111.0,219,Rak-Sakyi,Crystal Palace,Jesurun,450542,,3,31,Jesurun_Rak-Sakyi,54,Fulham,31,Crystal Palace,MID,8
1480,220.0,24.0,10.0,0.0,False,2026-09-05T14:00:00Z,2.0,3.0,3.0,False,0.0,0.0,0.0,0.0,0.0,0.0,0.0,0.0,0.0,0.0,0.0,0.0,0.0,0.0,0.0,0.0,0.0,0.0,0.0,0.0,0.0,0.0,0.00,0.00,0.00,0.00,45.0,-39.0,151.0,0.0,39.0,220,Cardines,Crystal Palace,Rio,590014,Has joined Bristol City on loan for the rest of the season,2,31,Rio_Cardines,54,Fulham,31,Crystal Palace,DEF,8
1481,221.0,24.0,10.0,0.0,False,2026-09-05T14:00:00Z,2.0,3.0,3.0,False,0.0,0.0,0.0,0.0,0.0,0.0,0.0,0.0,0.0,0.0,0.0,0.0,0.0,0.0,0.0,0.0,0.0,0.0,0.0,0.0,0.0,0.0,0.00,0.00,0.00,0.00,45.0,-252.0,8457.0,939.0,1191.0,221,Drakes-Thomas,Crystal Palace,Joél,672492,,3,31,Joél_Drakes-Thomas,54,Fulham,31,Crystal Palace,MID,8
1482,222.0,24.0,10.0,1.0,False,2026-09-05T14:00:00Z,2.0,3.0,3.0,False,45.0,0.0,0.0,0.0,0.0,0.0,0.0,0.0,0.0,0.0,0.0,0.0,4.0,0.0,0.0,0.0,0.0,1.0,3.0,0.0,4.0,0.0,0.00,0.00,0.00,1.54,60.0,-981.0,51335.0,7524.0,8505.0,222,Strand Larsen,Crystal Palace,Jørgen,247412,,4,31,Jørgen_Strand Larsen,54,Fulham,31,Crystal Palace,FWD,8
1483,223.0,24.0,10.0,0.0,False,2026-09-05T14:00:00Z,2.0,3.0,3.0,False,0.0,0.0,0.0,0.0,0.0,0.0,0.0,0.0,0.0,0.0,0.0,0.0,0.0,0.0,0.0,0.0,0.0,0.0,0.0,0.0,0.0,0.0,0.00,0.00,0.00,0.00,64.0,-269301.0,236661.0,1227.0,270528.0,223,Mateta,Crystal Palace,Jean-Philippe,231747,Hamstring injury - Expected back 11 Oct,4,31,Jean-Philippe_Mateta,54,Fulham,31,Crystal Palace,FWD,8
1484,224.0,24.0,10.0,4.0,False,2026-09-05T14:00:00Z,2.0,3.0,3.0,False,45.0,0.0,1.0,0.0,2.0,0.0,0.0,0.0,0.0,0.0,0.0,0.0,16.0,0.0,0.0,0.0,0.0,0.0,1.0,1.0,2.0,1.0,0.14,0.00,0.14,1.60,55.0,3590.0,55843.0,11874.0,8284.0,224,Nketiah,Crystal Palace,Eddie,205533,,4,31,Eddie_Nketiah,54,Fulham,31,Crystal Palace,FWD,8
1485,225.0,24.0,10.0,0.0,False,2026-09-05T14:00:00Z,2.0,3.0,3.0,False,0.0,0.0,0.0,0.0,0.0,0.0,0.0,0.0,0.0,0.0,0.0,0.0,0.0,0.0,0.0,0.0,0.0,0.0,0.0,0.0,0.0,0.0,0.00,0.00,0.00,0.00,50.0,0.0,0.0,0.0,0.0,225,Uche,Crystal Palace,Christantus,660392,has returned to Getafe CF,4,31,Christantus_Uche,54,Fulham,31,Crystal Palace,FWD,8
1486,241.0,24.0,10.0,0.0,False,2026-09-05T14:00:00Z,2.0,3.0,3.0,False,0.0,0.0,0.0,0.0,0.0,0.0,0.0,0.0,0.0,0.0,0.0,0.0,0.0,0.0,0.0,0.0,0.0,0.0,0.0,0.0,0.0,0.0,0.00,0.00,0.00,0.00,55.0,-1942.0,14863.0,540.0,2482.0,241,McNeil,Crystal Palace,Dwight,433154,,3,31,Dwight_McNeil,54,Fulham,31,Crystal Palace,MID,8
1487,555.0,24.0,10.0,0.0,False,2026-09-05T14:00:00Z,2.0,3.0,3.0,False,0.0,0.0,0.0,0.0,0.0,0.0,0.0,0.0,0.0,0.0,0.0,0.0,0.0,0.0,0.0,0.0,0.0,0.0,0.0,0.0,0.0,0.0,0.00,0.00,0.00,0.00,40.0,-1097.0,188559.0,7566.0,8663.0,555,Matthews,Crystal Palace,Remi,169593,,1,31,Remi_Matthews,54,Fulham,31,Crystal Palace,GKP,8
1488,577.0,24.0,10.0,0.0,False,2026-09-05T14:00:00Z,2.0,3.0,3.0,False,0.0,0.0,0.0,0.0,0.0,0.0,0.0,0.0,0.0,0.0,0.0,0.0,0.0,0.0,0.0,0.0,0.0,0.0,0.0,0.0,0.0,0.0,0.00,0.00,0.00,0.00,45.0,-2052.0,33461.0,1378.0,3430.0,577,Tomiyasu,Crystal Palace,Takehiro,223723,,2,31,Takehiro_Tomiyasu,54,Fulham,31,Crystal Palace,DEF,8
1489,588.0,24.0,10.0,3.0,False,2026-09-05T14:00:00Z,2.0,3.0,3.0,False,90.0,0.0,0.0,0.0,2.0,0.0,0.0,0.0,0.0,0.0,0.0,0.0,6.0,0.0,0.0,0.0,0.0,7.0,3.0,3.0,10.0,1.0,0.72,0.01,0.73,3.14,50.0,2499.0,13924.0,4048.0,1549.0,588,Khalaili,Crystal Palace,Anan,570794,,2,31,Anan_Khalaili,54,Fulham,31,Crystal Palace,DEF,8
1490,595.0,24.0,10.0,0.0,False,2026-09-05T14:00:00Z,2.0,3.0,3.0,False,0.0,0.0,0.0,0.0,0.0,0.0,0.0,0.0,0.0,0.0,0.0,0.0,0.0,0.0,0.0,0.0,0.0,0.0,0.0,0.0,0.0,0.0,0.00,0.00,0.00,0.00,50.0,-66.0,1444.0,158.0,224.0,595,Gozo,Crystal Palace,Zavier,559152,,3,31,Zavier_Gozo,54,Fulham,31,Crystal Palace,MID,8
1491,633.0,24.0,10.0,0.0,False,2026-09-05T14:00:00Z,2.0,3.0,3.0,False,0.0,0.0,0.0,0.0,0.0,0.0,0.0,0.0,0.0,0.0,0.0,0.0,0.0,0.0,0.0,0.0,0.0,0.0,0.0,0.0,0.0,0.0,0.00,0.00,0.00,0.00,45.0,185.0,296.0,217.0,32.0,633,Ahanor,Crystal Palace,Honest,605972,,2,31,Honest_Ahanor,54,Fulham,31,Crystal Palace,DEF,8
1492,643.0,24.0,10.0,7.0,False,2026-09-05T14:00:00Z,2.0,3.0,3.0,False,16.0,1.0,0.0,0.0,0.0,0.0,0.0,0.0,0.0,0.0,0.0,0.0,20.0,0.0,0.0,0.0,0.0,0.0,0.0,0.0,0.0,0.0,0.15,0.00,0.15,0.57,45.0,679.0,984.0,763.0,84.0,643,Chilwell,Crystal Palace,Ben,172850,,2,31,Ben_Chilwell,54,Fulham,31,Crystal Palace,DEF,8
1493,644.0,24.0,10.0,2.0,False,2026-09-05T14:00:00Z,2.0,3.0,3.0,False,73.0,0.0,0.0,0.0,2.0,0.0,0.0,0.0,0.0,0.0,0.0,0.0,8.0,0.0,0.0,0.0,0.0,2.0,3.0,1.0,6.0,1.0,0.02,0.00,0.02,2.57,50.0,556.0,782.0,656.0,100.0,644,Timber,Crystal Palace,Quinten,450063,,3,31,Quinten_Timber,54,Fulham,31,Crystal Palace,MID,8
1494,647.0,24.0,10.0,1.0,False,2026-09-05T14:00:00Z,2.0,3.0,3.0,False,1.0,0.0,0.0,0.0,0.0,0.0,0.0,0.0,0.0,0.0,0.0,0.0,2.0,0.0,0.0,0.0,0.0,0.0,0.0,1.0,1.0,0.0,0.00,0.00,0.00,0.13,55.0,411.0,535.0,461.0,50.0,647,Osorio,Crystal Palace,Darío,533646,,3,31,Darío_Osorio,54,Fulham,31,Crystal Palace,MID,8
1495,21.0,30.0,16.0,0.0,True,2026-09-06T13:00:00Z,2.0,2.0,3.0,False,0.0,0.0,0.0,0.0,0.0,0.0,0.0,0.0,0.0,0.0,0.0,0.0,0.0,0.0,0.0,0.0,0.0,0.0,0.0,0.0,0.0,0.0,0.00,0.00,0.00,0.00,49.0,-1962.0,6444.0,209.0,2171.0,21,Nørgaard,Everton,Christian,128295,Groin injury - Unknown return date,3,11,Christian_Nørgaard,1,Man Utd,11,Everton,MID,9
1496,209.0,30.0,16.0,1.0,True,2026-09-06T13:00:00Z,2.0,2.0,3.0,False,65.0,0.0,0.0,0.0,1.0,0.0,0.0,0.0,1.0,0.0,0.0,0.0,3.0,0.0,0.0,0.0,0.0,3.0,4.0,1.0,8.0,1.0,0.05,0.04,0.09,0.37,59.0,-2691.0,13119.0,786.0,3477.0,209,Johnson,Everton,Brennan,242898,,3,11,Brennan_Johnson,1,Man Utd,11,Everton,MID,9
1497,226.0,30.0,16.0,1.0,True,2026-09-06T13:00:00Z,2.0,2.0,3.0,False,90.0,0.0,0.0,0.0,2.0,0.0,0.0,0.0,0.0,0.0,1.0,0.0,6.0,0.0,0.0,0.0,0.0,0.0,12.0,0.0,0.0,1.0,0.00,0.00,0.00,0.69,55.0,-25446.0,890933.0,56478.0,81924.0,226,Pickford,Everton,Jordan,111234,,1,11,Jordan_Pickford,1,Man Utd,11,Everton,GKP,9
1498,227.0,30.0,16.0,0.0,True,2026-09-06T13:00:00Z,2.0,2.0,3.0,False,0.0,0.0,0.0,0.0,0.0,0.0,0.0,0.0,0.0,0.0,0.0,0.0,0.0,0.0,0.0,0.0,0.0,0.0,0.0,0.0,0.0,0.0,0.00,0.00,0.00,0.00,50.0,-276.0,3563.0,282.0,558.0,227,Travers,Everton,Mark,229600,,1,11,Mark_Travers,1,Man Utd,11,Everton,GKP,9
1499,228.0,30.0,16.0,0.0,True,2026-09-06T13:00:00Z,2.0,2.0,3.0,False,0.0,0.0,0.0,0.0,0.0,0.0,0.0,0.0,0.0,0.0,0.0,0.0,0.0,0.0,0.0,0.0,0.0,0.0,0.0,0.0,0.0,0.0,0.00,0.00,0.00,0.00,45.0,-211.0,4408.0,303.0,514.0,228,King,Everton,Tom,138001,,1,11,Tom_King,1,Man Utd,11,Everton,GKP,9
1500,229.0,30.0,16.0,3.0,True,2026-09-06T13:00:00Z,2.0,2.0,3.0,False,90.0,0.0,0.0,0.0,2.0,0.0,0.0,0.0,0.0,0.0,0.0,0.0,11.0,0.0,0.0,0.0,0.0,9.0,3.0,3.0,12.0,1.0,0.02,0.01,0.03,0.69,60.0,126081.0,1115834.0,211638.0,85557.0,229,Tarkowski,Everton,James,17761,,2,11,James_Tarkowski,1,Man Utd,11,Everton,DEF,9
1501,230.0,30.0,16.0,3.0,True,2026-09-06T13:00:00Z,2.0,2.0,3.0,False,90.0,0.0,0.0,0.0,2.0,0.0,0.0,0.0,0.0,0.0,0.0,0.0,10.0,0.0,0.0,0.0,0.0,10.0,4.0,1.0,11.0,1.0,0.08,0.00,0.08,0.69,55.0,-5884.0,182675.0,15501.0,21385.0,230,Branthwaite,Everton,Jarrad,480455,,2,11,Jarrad_Branthwaite,1,Man Utd,11,Everton,DEF,9
1502,231.0,30.0,16.0,0.0,True,2026-09-06T13:00:00Z,2.0,2.0,3.0,False,0.0,0.0,0.0,0.0,0.0,0.0,0.0,0.0,0.0,0.0,0.0,0.0,0.0,0.0,0.0,0.0,0.0,0.0,0.0,0.0,0.0,0.0,0.00,0.00,0.00,0.00,49.0,-30710.0,105416.0,2294.0,33004.0,231,Keane,Everton,Michael,106611,,2,11,Michael_Keane,1,Man Utd,11,Everton,DEF,9
1503,232.0,30.0,16.0,0.0,True,2026-09-06T13:00:00Z,2.0,2.0,3.0,False,0.0,0.0,0.0,0.0,0.0,0.0,0.0,0.0,0.0,0.0,0.0,0.0,0.0,0.0,0.0,0.0,0.0,0.0,0.0,0.0,0.0,0.0,0.00,0.00,0.00,0.00,49.0,-7511.0,35192.0,929.0,8440.0,232,O'Brien,Everton,Jake,512462,,2,11,Jake_O'Brien,1,Man Utd,11,Everton,DEF,9
1504,233.0,30.0,16.0,1.0,True,2026-09-06T13:00:00Z,2.0,2.0,3.0,False,90.0,0.0,0.0,0.0,2.0,0.0,0.0,0.0,0.0,0.0,0.0,0.0,8.0,0.0,0.0,0.0,0.0,3.0,4.0,3.0,6.0,1.0,0.00,0.01,0.01,0.69,45.0,13864.0,178705.0,40120.0,26256.0,233,Mykolenko,Everton,Vitalii,224967,,2,11,Vitalii_Mykolenko,1,Man Utd,11,Everton,DEF,9
1505,234.0,30.0,16.0,0.0,True,2026-09-06T13:00:00Z,2.0,2.0,3.0,False,0.0,0.0,0.0,0.0,0.0,0.0,0.0,0.0,0.0,0.0,0.0,0.0,0.0,0.0,0.0,0.0,0.0,0.0,0.0,0.0,0.0,0.0,0.00,0.00,0.00,0.00,45.0,-715.0,2692.0,164.0,879.0,234,Patterson,Everton,Nathan,243571,Has joined Torino permanently,2,11,Nathan_Patterson,1,Man Utd,11,Everton,DEF,9
1506,235.0,30.0,16.0,0.0,True,2026-09-06T13:00:00Z,2.0,2.0,3.0,False,0.0,0.0,0.0,0.0,0.0,0.0,0.0,0.0,0.0,0.0,0.0,0.0,0.0,0.0,0.0,0.0,0.0,0.0,0.0,0.0,0.0,0.0,0.00,0.00,0.00,0.00,40.0,-3462.0,14764.0,719.0,4181.0,235,Aznou,Everton,Adam,499300,Has joined Malaga on loan for the rest of the season,2,11,Adam_Aznou,1,Man Utd,11,Everton,DEF,9
1507,236.0,30.0,16.0,2.0,True,2026-09-06T13:00:00Z,2.0,2.0,3.0,False,90.0,0.0,0.0,0.0,2.0,0.0,0.0,0.0,0.0,0.0,0.0,0.0,20.0,0.0,0.0,0.0,0.0,2.0,5.0,4.0,11.0,1.0,0.27,0.07,0.34,0.69,65.0,-32072.0,440536.0,60861.0,92933.0,236,Dewsbury-Hall,Everton,Kiernan,215413,,3,11,Kiernan_Dewsbury-Hall,1,Man Utd,11,Everton,MID,9
1508,238.0,30.0,16.0,1.0,True,2026-09-06T13:00:00Z,2.0,2.0,3.0,False,24.0,0.0,0.0,0.0,1.0,0.0,0.0,0.0,0.0,0.0,0.0,0.0,8.0,0.0,0.0,0.0,0.0,0.0,0.0,1.0,1.0,0.0,0.02,0.13,0.15,0.31,65.0,3989.0,28839.0,9521.0,5532.0,238,Grealish,Everton,Jack,114283,,3,11,Jack_Grealish,1,Man Utd,11,Everton,MID,9
1509,239.0,30.0,16.0,2.0,True,2026-09-06T13:00:00Z,2.0,2.0,3.0,False,76.0,0.0,0.0,0.0,1.0,0.0,0.0,0.0,0.0,0.0,0.0,0.0,19.0,0.0,0.0,0.0,0.0,2.0,5.0,1.0,8.0,1.0,0.00,0.08,0.08,0.40,60.0,-336.0,14095.0,2988.0,3324.0,239,Garner,Everton,James,232928,Unspecified injury - 75% chance of playing,3,11,James_Garner,1,Man Utd,11,Everton,MID,9
1510,242.0,30.0,16.0,10.0,True,2026-09-06T13:00:00Z,2.0,2.0,3.0,False,90.0,1.0,0.0,0.0,2.0,0.0,0.0,0.0,0.0,0.0,0.0,3.0,35.0,0.0,0.0,0.0,0.0,1.0,3.0,0.0,4.0,1.0,0.04,0.07,0.11,0.69,55.0,-3040.0,25310.0,1760.0,4800.0,242,George,Everton,Tyrique,550615,,3,11,Tyrique_George,1,Man Utd,11,Everton,MID,9
1511,243.0,30.0,16.0,0.0,True,2026-09-06T13:00:00Z,2.0,2.0,3.0,False,0.0,0.0,0.0,0.0,0.0,0.0,0.0,0.0,0.0,0.0,0.0,0.0,0.0,0.0,0.0,0.0,0.0,0.0,0.0,0.0,0.0,0.0,0.00,0.00,0.00,0.00,50.0,-1124.0,8638.0,815.0,1939.0,243,Alcaraz Durán,Everton,Carlos,502697,,3,11,Carlos_Alcaraz Durán,1,Man Utd,11,Everton,MID,9
1512,244.0,30.0,16.0,1.0,True,2026-09-06T13:00:00Z,2.0,2.0,3.0,False,90.0,0.0,0.0,0.0,2.0,0.0,0.0,0.0,1.0,0.0,0.0,0.0,5.0,0.0,0.0,0.0,0.0,3.0,1.0,1.0,5.0,1.0,0.09,0.03,0.12,0.69,50.0,12190.0,41659.0,21368.0,9178.0,244,Armstrong,Everton,Harrison,609873,,3,11,Harrison_Armstrong,1,Man Utd,11,Everton,MID,9
1513,245.0,30.0,16.0,0.0,True,2026-09-06T13:00:00Z,2.0,2.0,3.0,False,0.0,0.0,0.0,0.0,0.0,0.0,0.0,0.0,0.0,0.0,0.0,0.0,0.0,0.0,0.0,0.0,0.0,0.0,0.0,0.0,0.0,0.0,0.00,0.00,0.00,0.00,54.0,-512.0,3219.0,356.0,868.0,245,Dibling,Everton,Tyler,496661,,3,11,Tyler_Dibling,1,Man Utd,11,Everton,MID,9
1514,246.0,30.0,16.0,1.0,True,2026-09-06T13:00:00Z,2.0,2.0,3.0,False,74.0,0.0,0.0,0.0,1.0,0.0,0.0,0.0,1.0,0.0,0.0,0.0,10.0,0.0,0.0,0.0,0.0,2.0,4.0,0.0,6.0,1.0,0.00,0.13,0.13,0.40,50.0,-587.0,5345.0,580.0,1167.0,246,Röhl,Everton,Merlin,513466,,3,11,Merlin_Röhl,1,Man Utd,11,Everton,MID,9
1515,247.0,30.0,16.0,4.0,True,2026-09-06T13:00:00Z,2.0,2.0,3.0,False,15.0,0.0,1.0,0.0,1.0,0.0,0.0,0.0,0.0,0.0,0.0,0.0,14.0,0.0,0.0,0.0,0.0,0.0,0.0,1.0,1.0,0.0,0.04,0.09,0.13,0.29,55.0,-3215.0,21598.0,499.0,3714.0,247,Hackney,Everton,Hayden,244860,,3,11,Hayden_Hackney,1,Man Utd,11,Everton,MID,9
1516,248.0,30.0,16.0,0.0,True,2026-09-06T13:00:00Z,2.0,2.0,3.0,False,0.0,0.0,0.0,0.0,0.0,0.0,0.0,0.0,0.0,0.0,0.0,0.0,0.0,0.0,0.0,0.0,0.0,0.0,0.0,0.0,0.0,0.0,0.00,0.00,0.00,0.00,54.0,-73618.0,153951.0,8513.0,82131.0,248,Gomes Betuncal,Everton,Norberto Bercique,486385,Has joined Fiorentina permanently,4,11,Norberto Bercique_Gomes Betuncal,1,Man Utd,11,Everton,FWD,9
1517,249.0,30.0,16.0,2.0,True,2026-09-06T13:00:00Z,2.0,2.0,3.0,False,90.0,0.0,0.0,0.0,2.0,0.0,0.0,0.0,0.0,0.0,0.0,0.0,7.0,0.0,0.0,0.0,0.0,0.0,4.0,0.0,4.0,1.0,0.38,0.02,0.40,0.69,55.0,104566.0,501671.0,195909.0,91343.0,249,Barry,Everton,Thierno,586309,,4,11,Thierno_Barry,1,Man Utd,11,Everton,FWD,9
1518,649.0,30.0,16.0,7.0,True,2026-09-06T13:00:00Z,2.0,2.0,3.0,False,13.0,1.0,0.0,0.0,1.0,0.0,0.0,0.0,0.0,0.0,0.0,0.0,13.0,0.0,0.0,0.0,0.0,0.0,0.0,0.0,0.0,0.0,0.03,0.00,0.03,0.29,45.0,431.0,569.0,559.0,128.0,649,Maitland-Niles,Everton,Ainsley,154043,,2,11,Ainsley_Maitland-Niles,1,Man Utd,11,Everton,DEF,9
1519,654.0,30.0,16.0,0.0,True,2026-09-06T13:00:00Z,2.0,2.0,3.0,False,0.0,0.0,0.0,0.0,0.0,0.0,0.0,0.0,0.0,0.0,0.0,0.0,0.0,0.0,0.0,0.0,0.0,0.0,0.0,0.0,0.0,0.0,0.00,0.00,0.00,0.00,45.0,0.0,0.0,0.0,0.0,654,Graham,Everton,Braiden,629068,,3,11,Braiden_Graham,1,Man Utd,11,Everton,MID,9
1520,250.0,24.0,8.0,1.0,True,2026-09-05T14:00:00Z,2.0,3.0,3.0,False,90.0,0.0,0.0,0.0,3.0,0.0,0.0,0.0,0.0,0.0,2.0,0.0,8.0,0.0,0.0,0.0,0.0,0.0,8.0,0.0,0.0,1.0,0.00,0.00,0.00,1.97,45.0,14483.0,339301.0,41560.0,27077.0,250,Leno,Fulham,Bernd,80201,,1,54,Bernd_Leno,31,Crystal Palace,54,Fulham,GKP,10
1521,251.0,24.0,8.0,0.0,True,2026-09-05T14:00:00Z,2.0,3.0,3.0,False,0.0,0.0,0.0,0.0,0.0,0.0,0.0,0.0,0.0,0.0,0.0,0.0,0.0,0.0,0.0,0.0,0.0,0.0,0.0,0.0,0.0,0.0,0.00,0.00,0.00,0.00,40.0,1599.0,123475.0,9450.0,7851.0,251,Lecomte,Fulham,Benjamin,86873,,1,54,Benjamin_Lecomte,31,Crystal Palace,54,Fulham,GKP,10
1522,252.0,24.0,8.0,0.0,True,2026-09-05T14:00:00Z,2.0,3.0,3.0,False,0.0,0.0,0.0,0.0,0.0,0.0,0.0,0.0,0.0,0.0,0.0,0.0,0.0,0.0,0.0,0.0,0.0,0.0,0.0,0.0,0.0,0.0,0.00,0.00,0.00,0.00,40.0,-805.0,15288.0,1784.0,2589.0,252,McNally,Fulham,Alfie,505079,Has joined York City on loan for the rest of the season,1,54,Alfie_McNally,31,Crystal Palace,54,Fulham,GKP,10
1523,253.0,24.0,8.0,1.0,True,2026-09-05T14:00:00Z,2.0,3.0,3.0,False,90.0,0.0,0.0,0.0,3.0,0.0,0.0,0.0,0.0,0.0,0.0,0.0,8.0,0.0,0.0,0.0,0.0,5.0,7.0,2.0,7.0,1.0,0.00,0.06,0.06,1.97,50.0,3704.0,15474.0,5842.0,2138.0,253,Andersen,Fulham,Joachim,174874,,2,54,Joachim_Andersen,31,Crystal Palace,54,Fulham,DEF,10
1524,254.0,24.0,8.0,1.0,True,2026-09-05T14:00:00Z,2.0,3.0,3.0,False,78.0,0.0,0.0,0.0,3.0,0.0,0.0,0.0,0.0,0.0,0.0,0.0,7.0,0.0,0.0,0.0,0.0,3.0,5.0,2.0,5.0,1.0,0.08,0.10,0.18,1.97,45.0,-2176.0,173615.0,15006.0,17182.0,254,Robinson,Fulham,Antonee,169528,,2,54,Antonee_Robinson,31,Crystal Palace,54,Fulham,DEF,10
1525,255.0,24.0,8.0,0.0,True,2026-09-05T14:00:00Z,2.0,3.0,3.0,False,0.0,0.0,0.0,0.0,0.0,0.0,0.0,0.0,0.0,0.0,0.0,0.0,0.0,0.0,0.0,0.0,0.0,0.0,0.0,0.0,0.0,0.0,0.00,0.00,0.00,0.00,45.0,-183.0,3459.0,506.0,689.0,255,Cuenca Barreno,Fulham,Jorge,246301,,2,54,Jorge_Cuenca Barreno,31,Crystal Palace,54,Fulham,DEF,10
1526,256.0,24.0,8.0,0.0,True,2026-09-05T14:00:00Z,2.0,3.0,3.0,False,0.0,0.0,0.0,0.0,0.0,0.0,0.0,0.0,0.0,0.0,0.0,0.0,0.0,0.0,0.0,0.0,0.0,0.0,0.0,0.0,0.0,0.0,0.00,0.00,0.00,0.00,45.0,-2586.0,23617.0,430.0,3016.0,256,Tete,Fulham,Kenny,167074,,2,54,Kenny_Tete,31,Crystal Palace,54,Fulham,DEF,10
1527,257.0,24.0,8.0,1.0,True,2026-09-05T14:00:00Z,2.0,3.0,3.0,False,90.0,0.0,0.0,0.0,3.0,0.0,0.0,0.0,0.0,0.0,0.0,0.0,2.0,0.0,0.0,0.0,0.0,1.0,2.0,1.0,2.0,1.0,0.00,0.04,0.04,1.97,45.0,224.0,79648.0,8199.0,7975.0,257,Bassey,Fulham,Calvin,232892,,2,54,Calvin_Bassey,31,Crystal Palace,54,Fulham,DEF,10
1528,258.0,24.0,8.0,1.0,True,2026-09-05T14:00:00Z,2.0,3.0,3.0,False,90.0,0.0,0.0,0.0,3.0,0.0,0.0,0.0,0.0,0.0,0.0,0.0,-1.0,0.0,0.0,0.0,0.0,5.0,5.0,2.0,7.0,1.0,0.58,0.19,0.77,1.97,45.0,33375.0,105919.0,44214.0,10839.0,258,Castagne,Fulham,Timothy,166477,,2,54,Timothy_Castagne,31,Crystal Palace,54,Fulham,DEF,10
1529,261.0,24.0,8.0,2.0,True,2026-09-05T14:00:00Z,2.0,3.0,3.0,False,82.0,0.0,0.0,0.0,3.0,0.0,0.0,0.0,0.0,0.0,0.0,0.0,15.0,0.0,0.0,0.0,0.0,0.0,3.0,1.0,4.0,1.0,0.04,0.26,0.30,1.97,55.0,-9517.0,88922.0,7354.0,16871.0,261,Iwobi,Fulham,Alex,153133,,3,54,Alex_Iwobi,31,Crystal Palace,54,Fulham,MID,10
1530,262.0,24.0,8.0,1.0,True,2026-09-05T14:00:00Z,2.0,3.0,3.0,False,11.0,0.0,0.0,0.0,0.0,0.0,0.0,0.0,0.0,0.0,0.0,0.0,3.0,0.0,0.0,0.0,0.0,0.0,0.0,0.0,0.0,0.0,0.00,0.00,0.00,0.00,55.0,-5101.0,32334.0,1425.0,6526.0,262,Smith Rowe,Fulham,Emile,209289,,3,54,Emile_Smith Rowe,31,Crystal Palace,54,Fulham,MID,10
1531,263.0,24.0,8.0,0.0,True,2026-09-05T14:00:00Z,2.0,3.0,3.0,False,0.0,0.0,0.0,0.0,0.0,0.0,0.0,0.0,0.0,0.0,0.0,0.0,0.0,0.0,0.0,0.0,0.0,0.0,0.0,0.0,0.0,0.0,0.00,0.00,0.00,0.00,54.0,-789.0,4945.0,553.0,1342.0,263,Santos Lopes de Macedo,Fulham,Kevin,560552,,3,54,Kevin_Santos Lopes de Macedo,31,Crystal Palace,54,Fulham,MID,10
1532,264.0,24.0,8.0,2.0,True,2026-09-05T14:00:00Z,2.0,3.0,3.0,False,78.0,0.0,0.0,0.0,3.0,0.0,0.0,0.0,0.0,0.0,0.0,0.0,17.0,0.0,0.0,0.0,0.0,0.0,4.0,0.0,4.0,1.0,0.32,0.65,0.97,1.97,55.0,-1360.0,34364.0,4635.0,5995.0,264,Bobb,Fulham,Oscar,477555,,3,54,Oscar_Bobb,31,Crystal Palace,54,Fulham,MID,10
1533,265.0,24.0,8.0,1.0,True,2026-09-05T14:00:00Z,2.0,3.0,3.0,False,29.0,0.0,0.0,0.0,1.0,0.0,0.0,0.0,0.0,0.0,0.0,0.0,9.0,0.0,0.0,0.0,0.0,0.0,2.0,0.0,2.0,0.0,0.00,0.10,0.10,0.84,50.0,-3309.0,36133.0,1875.0,5184.0,265,Berge,Fulham,Sander,207189,,3,54,Sander_Berge,31,Crystal Palace,54,Fulham,MID,10
1534,266.0,24.0,8.0,0.0,True,2026-09-05T14:00:00Z,2.0,3.0,3.0,False,0.0,0.0,0.0,0.0,0.0,0.0,0.0,0.0,0.0,0.0,0.0,0.0,0.0,0.0,0.0,0.0,0.0,0.0,0.0,0.0,0.0,0.0,0.00,0.00,0.00,0.00,50.0,-58.0,335.0,24.0,82.0,266,Cairney,Fulham,Tom,76357,Knee injury - Expected back 10 Oct,3,54,Tom_Cairney,31,Crystal Palace,54,Fulham,MID,10
1535,268.0,24.0,8.0,10.0,True,2026-09-05T14:00:00Z,2.0,3.0,3.0,False,90.0,1.0,0.0,0.0,3.0,0.0,0.0,0.0,0.0,0.0,0.0,3.0,38.0,0.0,0.0,0.0,0.0,1.0,5.0,1.0,7.0,1.0,0.31,0.27,0.58,1.97,55.0,9662.0,76528.0,23134.0,13472.0,268,King,Fulham,Josh,577725,,3,54,Josh_King,31,Crystal Palace,54,Fulham,MID,10
1536,269.0,24.0,8.0,1.0,True,2026-09-05T14:00:00Z,2.0,3.0,3.0,False,11.0,0.0,0.0,0.0,0.0,0.0,0.0,0.0,0.0,0.0,0.0,0.0,3.0,0.0,0.0,0.0,0.0,1.0,1.0,0.0,1.0,0.0,0.08,0.32,0.40,0.00,45.0,-3956.0,37980.0,887.0,4843.0,269,Sessegnon,Fulham,Ryan,184349,,2,54,Ryan_Sessegnon,31,Crystal Palace,54,Fulham,DEF,10
1537,270.0,24.0,8.0,0.0,True,2026-09-05T14:00:00Z,2.0,3.0,3.0,False,0.0,0.0,0.0,0.0,0.0,0.0,0.0,0.0,0.0,0.0,0.0,0.0,0.0,0.0,0.0,0.0,0.0,0.0,0.0,0.0,0.0,0.0,0.00,0.00,0.00,0.00,45.0,-11001.0,132811.0,8075.0,19076.0,270,Reed,Fulham,Harrison,153366,,3,54,Harrison_Reed,31,Crystal Palace,54,Fulham,MID,10
1538,271.0,24.0,8.0,1.0,True,2026-09-05T14:00:00Z,2.0,3.0,3.0,False,7.0,0.0,0.0,0.0,0.0,0.0,0.0,0.0,0.0,0.0,0.0,0.0,5.0,0.0,0.0,0.0,0.0,0.0,0.0,0.0,0.0,0.0,0.38,0.00,0.38,0.00,55.0,-6919.0,49384.0,4409.0,11328.0,271,Muniz Carvalho,Fulham,Rodrigo,244042,,4,54,Rodrigo_Muniz Carvalho,31,Crystal Palace,54,Fulham,FWD,10
1539,272.0,24.0,8.0,0.0,True,2026-09-05T14:00:00Z,2.0,3.0,3.0,False,0.0,0.0,0.0,0.0,0.0,0.0,0.0,0.0,0.0,0.0,0.0,0.0,0.0,0.0,0.0,0.0,0.0,0.0,0.0,0.0,0.0,0.0,0.00,0.00,0.00,0.00,45.0,-11359.0,689011.0,60586.0,71945.0,272,Kusi-Asare,Fulham,Jonah,631786,,4,54,Jonah_Kusi-Asare,31,Crystal Palace,54,Fulham,FWD,10
1540,569.0,24.0,8.0,2.0,True,2026-09-05T14:00:00Z,2.0,3.0,3.0,False,90.0,0.0,0.0,0.0,3.0,0.0,0.0,0.0,0.0,0.0,0.0,0.0,10.0,0.0,0.0,0.0,0.0,3.0,3.0,1.0,7.0,1.0,0.44,0.20,0.64,1.97,60.0,49426.0,490355.0,128611.0,79185.0,569,García,Fulham,Gonzalo,551466,,4,54,Gonzalo_García,31,Crystal Palace,54,Fulham,FWD,10
1541,570.0,24.0,8.0,8.0,True,2026-09-05T14:00:00Z,2.0,3.0,3.0,False,60.0,1.0,0.0,0.0,2.0,0.0,0.0,0.0,0.0,0.0,0.0,1.0,27.0,0.0,0.0,0.0,0.0,0.0,0.0,0.0,0.0,1.0,0.80,0.02,0.82,1.14,55.0,-2344.0,18435.0,1012.0,3356.0,570,Palacios,Fulham,César,571779,,3,54,César_Palacios,31,Crystal Palace,54,Fulham,MID,10
1542,580.0,24.0,8.0,2.0,True,2026-09-05T14:00:00Z,2.0,3.0,3.0,False,78.0,0.0,0.0,0.0,3.0,0.0,0.0,0.0,0.0,0.0,0.0,0.0,18.0,0.0,0.0,0.0,0.0,3.0,8.0,0.0,11.0,1.0,0.00,0.09,0.09,1.97,50.0,-910.0,7900.0,334.0,1244.0,580,Charles,Fulham,Shea,463210,,3,54,Shea_Charles,31,Crystal Palace,54,Fulham,MID,10
1543,610.0,24.0,8.0,0.0,True,2026-09-05T14:00:00Z,2.0,3.0,3.0,False,0.0,0.0,0.0,0.0,0.0,0.0,0.0,0.0,0.0,0.0,0.0,0.0,0.0,0.0,0.0,0.0,0.0,0.0,0.0,0.0,0.0,0.0,0.00,0.00,0.00,0.00,40.0,382.0,11771.0,2221.0,1839.0,610,De Fougerolles,Fulham,Luc,547686,Unspecified injury - 75% chance of playing,2,54,Luc_De Fougerolles,31,Crystal Palace,54,Fulham,DEF,10
1544,626.0,24.0,8.0,0.0,True,2026-09-05T14:00:00Z,2.0,3.0,3.0,False,0.0,0.0,0.0,0.0,0.0,0.0,0.0,0.0,0.0,0.0,0.0,0.0,0.0,0.0,0.0,0.0,0.0,0.0,0.0,0.0,0.0,0.0,0.00,0.00,0.00,0.00,45.0,17179.0,40392.0,22010.0,4831.0,626,Zepa,Fulham,Macauley,616069,,3,54,Macauley_Zepa,31,Crystal Palace,54,Fulham,MID,10
1545,635.0,24.0,8.0,1.0,True,2026-09-05T14:00:00Z,2.0,3.0,3.0,False,11.0,0.0,0.0,0.0,0.0,0.0,0.0,0.0,0.0,0.0,0.0,0.0,3.0,0.0,0.0,0.0,0.0,0.0,0.0,1.0,1.0,0.0,0.13,0.22,0.35,0.00,50.0,261.0,322.0,288.0,27.0,635,Larsson,Fulham,Hugo,551050,,3,54,Hugo_Larsson,31,Crystal Palace,54,Fulham,MID,10
1546,636.0,24.0,8.0,0.0,True,2026-09-05T14:00:00Z,2.0,3.0,3.0,False,0.0,0.0,0.0,0.0,0.0,0.0,0.0,0.0,0.0,0.0,0.0,0.0,0.0,0.0,0.0,0.0,0.0,0.0,0.0,0.0,0.0,0.0,0.00,0.00,0.00,0.00,50.0,106.0,151.0,120.0,14.0,636,Morán Ibáñez,Fulham,Manuel Ángel,500033,,3,54,Manuel Ángel_Morán Ibáñez,31,Crystal Palace,54,Fulham,MID,10
1547,650.0,24.0,8.0,0.0,True,2026-09-05T14:00:00Z,2.0,3.0,3.0,False,0.0,0.0,0.0,0.0,0.0,0.0,0.0,0.0,0.0,0.0,0.0,0.0,0.0,0.0,0.0,0.0,0.0,0.0,0.0,0.0,0.0,0.0,0.00,0.00,0.00,0.00,45.0,177.0,317.0,204.0,27.0,650,Affengruber,Fulham,David,442299,,2,54,David_Affengruber,31,Crystal Palace,54,Fulham,DEF,10
1548,240.0,25.0,2.0,0.0,True,2026-09-05T16:30:00Z,0.0,0.0,3.0,False,0.0,0.0,0.0,0.0,0.0,0.0,0.0,0.0,0.0,0.0,0.0,0.0,0.0,0.0,0.0,0.0,0.0,0.0,0.0,0.0,0.0,0.0,0.00,0.00,0.00,0.00,50.0,122.0,1385.0,309.0,187.0,240,Iroegbunam,Hull City,Tim,490094,,3,88,Tim_Iroegbunam,7,Aston Villa,88,Hull City,MID,11
1549,273.0,25.0,2.0,0.0,True,2026-09-05T16:30:00Z,0.0,0.0,3.0,False,0.0,0.0,0.0,0.0,0.0,0.0,0.0,0.0,0.0,0.0,0.0,0.0,0.0,0.0,0.0,0.0,0.0,0.0,0.0,0.0,0.0,0.0,0.00,0.00,0.00,0.00,40.0,-1922.0,154754.0,9318.0,11240.0,273,Phillips,Hull City,Dillon,167825,,1,88,Dillon_Phillips,7,Aston Villa,88,Hull City,GKP,11
1550,274.0,25.0,2.0,0.0,True,2026-09-05T16:30:00Z,0.0,0.0,3.0,False,0.0,0.0,0.0,0.0,0.0,0.0,0.0,0.0,0.0,0.0,0.0,0.0,0.0,0.0,0.0,0.0,0.0,0.0,0.0,0.0,0.0,0.0,0.00,0.00,0.00,0.00,45.0,-1301.0,8463.0,166.0,1467.0,274,Butland,Hull City,Jack,105666,Arm injury - Unknown return date,1,88,Jack_Butland,7,Aston Villa,88,Hull City,GKP,11
1551,275.0,25.0,2.0,0.0,True,2026-09-05T16:30:00Z,0.0,0.0,3.0,False,0.0,0.0,0.0,0.0,0.0,0.0,0.0,0.0,0.0,0.0,0.0,0.0,0.0,0.0,0.0,0.0,0.0,0.0,0.0,0.0,0.0,0.0,0.00,0.00,0.00,0.00,40.0,-83.0,816.0,0.0,83.0,275,Cartwright,Hull City,Harvey,494950,Has joined Grimsby Town on loan for the rest of the season,1,88,Harvey_Cartwright,7,Aston Villa,88,Hull City,GKP,11
1552,276.0,25.0,2.0,0.0,True,2026-09-05T16:30:00Z,0.0,0.0,3.0,False,0.0,0.0,0.0,0.0,0.0,0.0,0.0,0.0,0.0,0.0,0.0,0.0,0.0,0.0,0.0,0.0,0.0,0.0,0.0,0.0,0.0,0.0,0.00,0.00,0.00,0.00,40.0,-272.0,2831.0,0.0,272.0,276,Lo-Tutala,Hull City,Thimothée,444307,Has joined Colchester United on loan for the rest of the season,1,88,Thimothée_Lo-Tutala,7,Aston Villa,88,Hull City,GKP,11
1553,277.0,25.0,2.0,6.0,True,2026-09-05T16:30:00Z,0.0,0.0,3.0,False,90.0,0.0,0.0,1.0,0.0,0.0,0.0,0.0,0.0,0.0,0.0,0.0,18.0,0.0,0.0,0.0,0.0,4.0,1.0,3.0,7.0,1.0,0.00,0.00,0.00,1.93,40.0,278040.0,623541.0,335706.0,57666.0,277,Egan,Hull City,John,108416,,2,88,John_Egan,7,Aston Villa,88,Hull City,DEF,11
1554,278.0,25.0,2.0,0.0,True,2026-09-05T16:30:00Z,0.0,0.0,3.0,False,0.0,0.0,0.0,0.0,0.0,0.0,0.0,0.0,0.0,0.0,0.0,0.0,0.0,0.0,0.0,0.0,0.0,0.0,0.0,0.0,0.0,0.0,0.00,0.00,0.00,0.00,40.0,-1682.0,9038.0,138.0,1820.0,278,Hughes,Hull City,Charlie,501902,Groin injury - Unknown return date,2,88,Charlie_Hughes,7,Aston Villa,88,Hull City,DEF,11
1555,279.0,25.0,2.0,5.0,True,2026-09-05T16:30:00Z,0.0,0.0,3.0,False,90.0,0.0,0.0,1.0,0.0,0.0,0.0,0.0,1.0,0.0,0.0,0.0,17.0,0.0,0.0,0.0,0.0,5.0,1.0,1.0,6.0,1.0,0.00,0.00,0.00,1.93,41.0,562671.0,1055220.0,631920.0,69249.0,279,Ajayi,Hull City,Semi,146426,,2,88,Semi_Ajayi,7,Aston Villa,88,Hull City,DEF,11
1556,280.0,25.0,2.0,6.0,True,2026-09-05T16:30:00Z,0.0,0.0,3.0,False,63.0,0.0,0.0,1.0,0.0,0.0,0.0,0.0,0.0,0.0,0.0,0.0,19.0,0.0,0.0,0.0,0.0,0.0,0.0,0.0,0.0,1.0,0.00,0.01,0.01,1.81,40.0,-8654.0,54378.0,1532.0,10186.0,280,Coyle,Hull City,Lewie,193278,,2,88,Lewie_Coyle,7,Aston Villa,88,Hull City,DEF,11
1557,281.0,25.0,2.0,0.0,True,2026-09-05T16:30:00Z,0.0,0.0,3.0,False,0.0,0.0,0.0,0.0,0.0,0.0,0.0,0.0,0.0,0.0,0.0,0.0,0.0,0.0,0.0,0.0,0.0,0.0,0.0,0.0,0.0,0.0,0.00,0.00,0.00,0.00,40.0,-663.0,6824.0,1010.0,1673.0,281,Drameh,Hull City,Cody,433590,Has joined Genoa permanently,2,88,Cody_Drameh,7,Aston Villa,88,Hull City,DEF,11
1558,282.0,25.0,2.0,8.0,True,2026-09-05T16:30:00Z,0.0,0.0,3.0,False,90.0,0.0,0.0,1.0,0.0,0.0,0.0,0.0,0.0,0.0,0.0,2.0,30.0,0.0,0.0,0.0,0.0,3.0,5.0,1.0,4.0,1.0,0.00,0.04,0.04,1.93,40.0,18469.0,123114.0,26812.0,8343.0,282,Giles,Hull City,Ryan,232351,,2,88,Ryan_Giles,7,Aston Villa,88,Hull City,DEF,11
1559,283.0,25.0,2.0,0.0,True,2026-09-05T16:30:00Z,0.0,0.0,3.0,False,0.0,0.0,0.0,0.0,0.0,0.0,0.0,0.0,0.0,0.0,0.0,0.0,0.0,0.0,0.0,0.0,0.0,0.0,0.0,0.0,0.0,0.0,0.00,0.00,0.00,0.00,40.0,-153.0,1068.0,57.0,210.0,283,Jacob,Hull City,Matty,449428,Has joined Newport County on loan until January,2,88,Matty_Jacob,7,Aston Villa,88,Hull City,DEF,11
1560,284.0,25.0,2.0,0.0,True,2026-09-05T16:30:00Z,0.0,0.0,3.0,False,0.0,0.0,0.0,0.0,0.0,0.0,0.0,0.0,0.0,0.0,0.0,0.0,0.0,0.0,0.0,0.0,0.0,0.0,0.0,0.0,0.0,0.0,0.00,0.00,0.00,0.00,40.0,295.0,9409.0,1507.0,1212.0,284,McCarthy,Hull City,Cathal,661800,,2,88,Cathal_McCarthy,7,Aston Villa,88,Hull City,DEF,11
1561,285.0,25.0,2.0,0.0,True,2026-09-05T16:30:00Z,0.0,0.0,3.0,False,0.0,0.0,0.0,0.0,0.0,0.0,0.0,0.0,0.0,0.0,0.0,0.0,0.0,0.0,0.0,0.0,0.0,0.0,0.0,0.0,0.0,0.0,0.00,0.00,0.00,0.00,40.0,-491.0,13231.0,1008.0,1499.0,285,McNair,Hull City,Paddy,160817,,2,88,Paddy_McNair,7,Aston Villa,88,Hull City,DEF,11
1562,286.0,25.0,2.0,5.0,True,2026-09-05T16:30:00Z,0.0,0.0,3.0,False,81.0,0.0,0.0,1.0,0.0,0.0,0.0,0.0,0.0,0.0,0.0,0.0,15.0,0.0,0.0,0.0,0.0,8.0,1.0,3.0,12.0,1.0,0.03,0.01,0.04,1.93,50.0,16123.0,88726.0,26562.0,10439.0,286,Belloumi,Hull City,Mohamed,540324,,3,88,Mohamed_Belloumi,7,Aston Villa,88,Hull City,MID,11
1563,287.0,25.0,2.0,0.0,True,2026-09-05T16:30:00Z,0.0,0.0,3.0,False,0.0,0.0,0.0,0.0,0.0,0.0,0.0,0.0,0.0,0.0,0.0,0.0,0.0,0.0,0.0,0.0,0.0,0.0,0.0,0.0,0.0,0.0,0.00,0.00,0.00,0.00,50.0,140.0,6931.0,2873.0,2733.0,287,Millar,Hull City,Liam,232905,Has joined Birmingham on loan for the rest of the season,3,88,Liam_Millar,7,Aston Villa,88,Hull City,MID,11
1564,288.0,25.0,2.0,0.0,True,2026-09-05T16:30:00Z,0.0,0.0,3.0,False,0.0,0.0,0.0,0.0,0.0,0.0,0.0,0.0,0.0,0.0,0.0,0.0,0.0,0.0,0.0,0.0,0.0,0.0,0.0,0.0,0.0,0.0,0.00,0.00,0.00,0.00,45.0,-165.0,37923.0,5767.0,5932.0,288,Dowell,Hull City,Kieran,171270,,3,88,Kieran_Dowell,7,Aston Villa,88,Hull City,MID,11
1565,289.0,25.0,2.0,0.0,True,2026-09-05T16:30:00Z,0.0,0.0,3.0,False,0.0,0.0,0.0,0.0,0.0,0.0,0.0,0.0,0.0,0.0,0.0,0.0,0.0,0.0,0.0,0.0,0.0,0.0,0.0,0.0,0.0,0.0,0.00,0.00,0.00,0.00,45.0,-12365.0,57596.0,2885.0,15250.0,289,Crooks,Hull City,Matt,101282,Thigh injury - 75% chance of playing,3,88,Matt_Crooks,7,Aston Villa,88,Hull City,MID,11
1566,290.0,25.0,2.0,3.0,True,2026-09-05T16:30:00Z,0.0,0.0,3.0,False,90.0,0.0,0.0,1.0,0.0,0.0,0.0,0.0,0.0,0.0,0.0,0.0,10.0,0.0,0.0,0.0,0.0,3.0,2.0,1.0,6.0,1.0,0.04,0.01,0.05,1.93,45.0,91326.0,523606.0,157568.0,66242.0,290,Slater,Hull City,Regan,243413,,3,88,Regan_Slater,7,Aston Villa,88,Hull City,MID,11
1567,291.0,25.0,2.0,0.0,True,2026-09-05T16:30:00Z,0.0,0.0,3.0,False,0.0,0.0,0.0,0.0,0.0,0.0,0.0,0.0,0.0,0.0,0.0,0.0,0.0,0.0,0.0,0.0,0.0,0.0,0.0,0.0,0.0,0.0,0.00,0.00,0.00,0.00,45.0,-33.0,637.0,103.0,136.0,291,Matazo,Hull City,Eliot,465525,Knee injury - Unknown return date,3,88,Eliot_Matazo,7,Aston Villa,88,Hull City,MID,11
1568,292.0,25.0,2.0,0.0,True,2026-09-05T16:30:00Z,0.0,0.0,3.0,False,0.0,0.0,0.0,0.0,0.0,0.0,0.0,0.0,0.0,0.0,0.0,0.0,0.0,0.0,0.0,0.0,0.0,0.0,0.0,0.0,0.0,0.0,0.00,0.00,0.00,0.00,49.0,-131.0,1697.0,323.0,454.0,292,Ömür,Hull City,Abdülkadir,208481,,3,88,Abdülkadir_Ömür,7,Aston Villa,88,Hull City,MID,11
1569,293.0,25.0,2.0,0.0,True,2026-09-05T16:30:00Z,0.0,0.0,3.0,False,0.0,0.0,0.0,0.0,0.0,0.0,0.0,0.0,0.0,0.0,0.0,0.0,0.0,0.0,0.0,0.0,0.0,0.0,0.0,0.0,0.0,0.0,0.00,0.00,0.00,0.00,50.0,-96.0,258.0,0.0,96.0,293,Kamara,Hull City,Abu,490161,Has joined Portsmouth permanently,3,88,Abu_Kamara,7,Aston Villa,88,Hull City,MID,11
1570,294.0,25.0,2.0,0.0,True,2026-09-05T16:30:00Z,0.0,0.0,3.0,False,0.0,0.0,0.0,0.0,0.0,0.0,0.0,0.0,0.0,0.0,0.0,0.0,0.0,0.0,0.0,0.0,0.0,0.0,0.0,0.0,0.0,0.0,0.00,0.00,0.00,0.00,45.0,-1263.0,9216.0,645.0,1908.0,294,Zambrano,Hull City,Óscar,553783,Thigh injury - Unknown return date,3,88,Óscar_Zambrano,7,Aston Villa,88,Hull City,MID,11
1571,295.0,25.0,2.0,2.0,True,2026-09-05T16:30:00Z,0.0,0.0,3.0,False,90.0,0.0,0.0,1.0,0.0,0.0,0.0,0.0,0.0,0.0,0.0,0.0,2.0,0.0,0.0,0.0,0.0,1.0,0.0,2.0,3.0,1.0,0.38,0.05,0.43,1.93,55.0,-9368.0,211366.0,40632.0,50000.0,295,McBurnie,Hull City,Oli,169432,,4,88,Oli_McBurnie,7,Aston Villa,88,Hull City,FWD,11
1572,296.0,25.0,2.0,0.0,True,2026-09-05T16:30:00Z,0.0,0.0,3.0,False,0.0,0.0,0.0,0.0,0.0,0.0,0.0,0.0,0.0,0.0,0.0,0.0,0.0,0.0,0.0,0.0,0.0,0.0,0.0,0.0,0.0,0.0,0.00,0.00,0.00,0.00,50.0,-67.0,4439.0,1268.0,1335.0,296,Akintola,Hull City,David,213292,,3,88,David_Akintola,7,Aston Villa,88,Hull City,MID,11
1573,297.0,25.0,2.0,0.0,True,2026-09-05T16:30:00Z,0.0,0.0,3.0,False,0.0,0.0,0.0,0.0,0.0,0.0,0.0,0.0,0.0,0.0,0.0,0.0,0.0,0.0,0.0,0.0,0.0,0.0,0.0,0.0,0.0,0.0,0.00,0.00,0.00,0.00,45.0,-302.0,2158.0,141.0,443.0,297,Gyabi,Hull City,Darko,470294,Thigh injury - Unknown return date,3,88,Darko_Gyabi,7,Aston Villa,88,Hull City,MID,11
1574,298.0,25.0,2.0,0.0,True,2026-09-05T16:30:00Z,0.0,0.0,3.0,False,0.0,0.0,0.0,0.0,0.0,0.0,0.0,0.0,0.0,0.0,0.0,0.0,0.0,0.0,0.0,0.0,0.0,0.0,0.0,0.0,0.0,0.0,0.00,0.00,0.00,0.00,45.0,-5574.0,26020.0,0.0,5574.0,298,Destan,Hull City,Enis,500957,Has joined Konyaspor permanently,4,88,Enis_Destan,7,Aston Villa,88,Hull City,FWD,11
1575,299.0,25.0,2.0,0.0,True,2026-09-05T16:30:00Z,0.0,0.0,3.0,False,0.0,0.0,0.0,0.0,0.0,0.0,0.0,0.0,0.0,0.0,0.0,0.0,0.0,0.0,0.0,0.0,0.0,0.0,0.0,0.0,0.0,0.0,0.00,0.00,0.00,0.00,45.0,-778.0,4321.0,0.0,778.0,299,Burstow,Hull City,Mason,534392,Has joined Sheffield Wednesday on loan for the rest of the season,4,88,Mason_Burstow,7,Aston Villa,88,Hull City,FWD,11
1576,340.0,25.0,2.0,0.0,True,2026-09-05T16:30:00Z,0.0,0.0,3.0,False,0.0,0.0,0.0,0.0,0.0,0.0,0.0,0.0,0.0,0.0,0.0,0.0,0.0,0.0,0.0,0.0,0.0,0.0,0.0,0.0,0.0,0.0,0.00,0.00,0.00,0.00,50.0,-124.0,1068.0,99.0,223.0,340,Gelhardt,Hull City,Joe,462635,,3,88,Joe_Gelhardt,7,Aston Villa,88,Hull City,MID,11
1577,556.0,25.0,2.0,0.0,True,2026-09-05T16:30:00Z,0.0,0.0,3.0,False,0.0,0.0,0.0,0.0,0.0,0.0,0.0,0.0,0.0,0.0,0.0,0.0,0.0,0.0,0.0,0.0,0.0,0.0,0.0,0.0,0.0,0.0,0.00,0.00,0.00,0.00,40.0,-12694.0,218007.0,10419.0,23113.0,556,Targett,Hull City,Matt,169359,,2,88,Matt_Targett,7,Aston Villa,88,Hull City,DEF,11
1578,563.0,25.0,2.0,0.0,True,2026-09-05T16:30:00Z,0.0,0.0,3.0,False,0.0,0.0,0.0,0.0,0.0,0.0,0.0,0.0,0.0,0.0,0.0,0.0,0.0,0.0,0.0,0.0,0.0,0.0,0.0,0.0,0.0,0.0,0.00,0.00,0.00,0.00,50.0,104.0,2482.0,421.0,317.0,563,Morita,Hull City,Hidemasa,445028,,3,88,Hidemasa_Morita,7,Aston Villa,88,Hull City,MID,11
1579,572.0,25.0,2.0,6.0,True,2026-09-05T16:30:00Z,0.0,0.0,3.0,False,90.0,0.0,0.0,1.0,0.0,0.0,0.0,0.0,0.0,0.0,1.0,0.0,25.0,0.0,0.0,0.0,0.0,0.0,10.0,0.0,0.0,1.0,0.00,0.00,0.00,1.93,46.0,306909.0,857252.0,367782.0,60873.0,572,Tzolakis,Hull City,Konstantinos,473284,,1,88,Konstantinos_Tzolakis,7,Aston Villa,88,Hull City,GKP,11
1580,574.0,25.0,2.0,1.0,True,2026-09-05T16:30:00Z,0.0,0.0,3.0,False,8.0,0.0,0.0,0.0,0.0,0.0,0.0,0.0,0.0,0.0,0.0,0.0,4.0,0.0,0.0,0.0,0.0,0.0,1.0,0.0,1.0,0.0,0.00,0.00,0.00,0.00,50.0,-1139.0,6691.0,321.0,1460.0,574,Hjertø-Dahl,Hull City,Jens,552946,,3,88,Jens_Hjertø-Dahl,7,Aston Villa,88,Hull City,MID,11
1581,576.0,25.0,2.0,3.0,True,2026-09-05T16:30:00Z,0.0,0.0,3.0,False,62.0,0.0,0.0,1.0,0.0,0.0,0.0,0.0,0.0,0.0,0.0,0.0,5.0,0.0,0.0,0.0,0.0,0.0,2.0,0.0,2.0,1.0,0.04,0.01,0.05,1.81,50.0,-916.0,8900.0,770.0,1686.0,576,Stroud,Hull City,Elliot,608227,,3,88,Elliot_Stroud,7,Aston Villa,88,Hull City,MID,11
1582,585.0,25.0,2.0,1.0,True,2026-09-05T16:30:00Z,0.0,0.0,3.0,False,19.0,0.0,0.0,0.0,0.0,0.0,0.0,0.0,0.0,0.0,0.0,0.0,2.0,0.0,0.0,0.0,0.0,1.0,1.0,1.0,2.0,0.0,0.00,0.00,0.00,0.12,40.0,-1665.0,64658.0,3434.0,5099.0,585,Herrington,Hull City,Lucas,597462,,2,88,Lucas_Herrington,7,Aston Villa,88,Hull City,DEF,11
1583,586.0,25.0,2.0,8.0,True,2026-09-05T16:30:00Z,0.0,0.0,3.0,False,70.0,0.0,0.0,1.0,0.0,0.0,0.0,0.0,0.0,0.0,0.0,0.0,22.0,0.0,0.0,0.0,0.0,7.0,2.0,3.0,10.0,1.0,0.03,0.00,0.03,1.81,40.0,98035.0,619201.0,166798.0,68763.0,586,Mendy,Hull City,Nobel,606930,,2,88,Nobel_Mendy,7,Aston Villa,88,Hull City,DEF,11
1584,589.0,25.0,2.0,2.0,True,2026-09-05T16:30:00Z,0.0,0.0,3.0,False,81.0,0.0,0.0,1.0,0.0,0.0,0.0,0.0,1.0,0.0,0.0,0.0,7.0,0.0,0.0,0.0,0.0,4.0,5.0,1.0,10.0,1.0,0.00,0.01,0.01,1.93,50.0,-134.0,2738.0,213.0,347.0,589,Gourna-Douath,Hull City,Lucas,469266,,3,88,Lucas_Gourna-Douath,7,Aston Villa,88,Hull City,MID,11
1585,617.0,25.0,2.0,1.0,True,2026-09-05T16:30:00Z,0.0,0.0,3.0,False,8.0,0.0,0.0,0.0,0.0,0.0,0.0,0.0,0.0,0.0,0.0,0.0,5.0,0.0,0.0,0.0,0.0,0.0,0.0,0.0,0.0,0.0,0.05,0.00,0.05,0.00,50.0,482.0,871.0,671.0,189.0,617,Cho,Hull City,Mohamed-Ali,490884,,3,88,Mohamed-Ali_Cho,7,Aston Villa,88,Hull City,MID,11
1586,632.0,25.0,2.0,0.0,True,2026-09-05T16:30:00Z,0.0,0.0,3.0,False,0.0,0.0,0.0,0.0,0.0,0.0,0.0,0.0,0.0,0.0,0.0,0.0,0.0,0.0,0.0,0.0,0.0,0.0,0.0,0.0,0.0,0.0,0.00,0.00,0.00,0.00,50.0,2012.0,2839.0,2222.0,210.0,632,Ansah,Hull City,Ilyas,626751,,4,88,Ilyas_Ansah,7,Aston Villa,88,Hull City,FWD,11
1587,637.0,25.0,2.0,0.0,True,2026-09-05T16:30:00Z,0.0,0.0,3.0,False,0.0,0.0,0.0,0.0,0.0,0.0,0.0,0.0,0.0,0.0,0.0,0.0,0.0,0.0,0.0,0.0,0.0,0.0,0.0,0.0,0.0,0.0,0.00,0.00,0.00,0.00,50.0,1405.0,2077.0,1607.0,202.0,637,Vaz,Hull City,Robinio,631000,,4,88,Robinio_Vaz,7,Aston Villa,88,Hull City,FWD,11
1588,638.0,25.0,2.0,1.0,True,2026-09-05T16:30:00Z,0.0,0.0,3.0,False,26.0,0.0,0.0,0.0,0.0,0.0,0.0,0.0,0.0,0.0,0.0,0.0,3.0,0.0,0.0,0.0,0.0,1.0,2.0,0.0,1.0,0.0,0.00,0.00,0.00,0.12,40.0,5681.0,17629.0,6454.0,773.0,638,Norton-Cuffy,Hull City,Brooke,496181,,2,88,Brooke_Norton-Cuffy,7,Aston Villa,88,Hull City,DEF,11
1589,642.0,25.0,2.0,1.0,True,2026-09-05T16:30:00Z,0.0,0.0,3.0,False,27.0,0.0,0.0,0.0,0.0,0.0,0.0,0.0,0.0,0.0,0.0,0.0,5.0,0.0,0.0,0.0,0.0,0.0,1.0,0.0,1.0,0.0,0.00,0.04,0.04,0.12,55.0,388.0,569.0,446.0,58.0,642,Thomas,Hull City,Sorba,243951,,3,88,Sorba_Thomas,7,Aston Villa,88,Hull City,MID,11
1590,645.0,25.0,2.0,0.0,True,2026-09-05T16:30:00Z,0.0,0.0,3.0,False,0.0,0.0,0.0,0.0,0.0,0.0,0.0,0.0,0.0,0.0,0.0,0.0,0.0,0.0,0.0,0.0,0.0,0.0,0.0,0.0,0.0,0.0,0.00,0.00,0.00,0.00,50.0,186.0,288.0,210.0,24.0,645,Mouzakitis,Hull City,Christos,647839,,3,88,Christos_Mouzakitis,7,Aston Villa,88,Hull City,MID,11
1591,259.0,21.0,14.0,3.0,True,2026-09-04T19:00:00Z,0.0,2.0,3.0,False,90.0,0.0,0.0,0.0,2.0,0.0,0.0,0.0,0.0,0.0,0.0,0.0,10.0,0.0,0.0,0.0,0.0,9.0,2.0,2.0,11.0,1.0,0.00,0.01,0.01,0.69,40.0,-81636.0,1603991.0,43514.0,125150.0,259,Diop,Ipswich Town,Issa,219924,,2,40,Issa_Diop,14,Liverpool,40,Ipswich Town,DEF,12
1592,267.0,21.0,14.0,2.0,True,2026-09-04T19:00:00Z,0.0,2.0,3.0,False,90.0,0.0,0.0,0.0,2.0,0.0,0.0,0.0,0.0,0.0,0.0,0.0,13.0,0.0,0.0,0.0,0.0,1.0,2.0,1.0,4.0,1.0,0.00,0.02,0.02,0.69,50.0,-997.0,11933.0,809.0,1806.0,267,Lukić,Ipswich Town,Saša,212314,,3,40,Saša_Lukić,14,Liverpool,40,Ipswich Town,MID,12
1593,300.0,21.0,14.0,0.0,True,2026-09-04T19:00:00Z,0.0,2.0,3.0,False,0.0,0.0,0.0,0.0,0.0,0.0,0.0,0.0,0.0,0.0,0.0,0.0,0.0,0.0,0.0,0.0,0.0,0.0,0.0,0.0,0.0,0.0,0.00,0.00,0.00,0.00,45.0,-4114.0,44862.0,350.0,4464.0,300,Walton,Ipswich Town,Christian,108813,,1,40,Christian_Walton,14,Liverpool,40,Ipswich Town,GKP,12
1594,301.0,21.0,14.0,0.0,True,2026-09-04T19:00:00Z,0.0,2.0,3.0,False,0.0,0.0,0.0,0.0,0.0,0.0,0.0,0.0,0.0,0.0,0.0,0.0,0.0,0.0,0.0,0.0,0.0,0.0,0.0,0.0,0.0,0.0,0.00,0.00,0.00,0.00,40.0,-1187.0,452044.0,29680.0,30867.0,301,Palmer,Ipswich Town,Alex,112520,,1,40,Alex_Palmer,14,Liverpool,40,Ipswich Town,GKP,12
1595,302.0,21.0,14.0,0.0,True,2026-09-04T19:00:00Z,0.0,2.0,3.0,False,0.0,0.0,0.0,0.0,0.0,0.0,0.0,0.0,0.0,0.0,0.0,0.0,0.0,0.0,0.0,0.0,0.0,0.0,0.0,0.0,0.0,0.0,0.00,0.00,0.00,0.00,40.0,3716.0,51311.0,7597.0,3881.0,302,Button,Ipswich Town,David,50093,,1,40,David_Button,14,Liverpool,40,Ipswich Town,GKP,12
1596,303.0,21.0,14.0,0.0,True,2026-09-04T19:00:00Z,0.0,2.0,3.0,False,0.0,0.0,0.0,0.0,0.0,0.0,0.0,0.0,0.0,0.0,0.0,0.0,0.0,0.0,0.0,0.0,0.0,0.0,0.0,0.0,0.0,0.0,0.00,0.00,0.00,0.00,40.0,-4792.0,56159.0,632.0,5424.0,303,Kipré,Ipswich Town,Cédric,183015,,2,40,Cédric_Kipré,14,Liverpool,40,Ipswich Town,DEF,12
1597,304.0,21.0,14.0,3.0,True,2026-09-04T19:00:00Z,0.0,2.0,3.0,False,90.0,0.0,0.0,0.0,2.0,0.0,0.0,0.0,0.0,0.0,0.0,0.0,5.0,0.0,0.0,0.0,0.0,8.0,3.0,3.0,11.0,1.0,0.00,0.01,0.01,0.69,40.0,-15021.0,330000.0,22172.0,37193.0,304,O'Shea,Ipswich Town,Dara,216616,,2,40,Dara_O'Shea,14,Liverpool,40,Ipswich Town,DEF,12
1598,305.0,21.0,14.0,1.0,True,2026-09-04T19:00:00Z,0.0,2.0,3.0,False,90.0,0.0,0.0,0.0,2.0,0.0,0.0,0.0,0.0,0.0,0.0,0.0,4.0,0.0,0.0,0.0,0.0,4.0,3.0,2.0,6.0,1.0,0.11,0.12,0.23,0.69,40.0,22917.0,540194.0,62873.0,39956.0,305,Davis,Ipswich Town,Leif,455084,,2,40,Leif_Davis,14,Liverpool,40,Ipswich Town,DEF,12
1599,306.0,21.0,14.0,1.0,True,2026-09-04T19:00:00Z,0.0,2.0,3.0,False,90.0,0.0,0.0,0.0,2.0,0.0,0.0,0.0,0.0,0.0,0.0,0.0,6.0,0.0,0.0,0.0,0.0,6.0,3.0,1.0,7.0,1.0,0.00,0.04,0.04,0.69,40.0,-8595.0,134162.0,2678.0,11273.0,306,Greaves,Ipswich Town,Jacob,449429,,2,40,Jacob_Greaves,14,Liverpool,40,Ipswich Town,DEF,12
1600,307.0,21.0,14.0,0.0,True,2026-09-04T19:00:00Z,0.0,2.0,3.0,False,0.0,0.0,0.0,0.0,0.0,0.0,0.0,0.0,0.0,0.0,0.0,0.0,0.0,0.0,0.0,0.0,0.0,0.0,0.0,0.0,0.0,0.0,0.00,0.00,0.00,0.00,40.0,-658.0,10397.0,710.0,1368.0,307,Johnson,Ipswich Town,Ben,222018,Has joined Stoke City on loan for the rest of the season,2,40,Ben_Johnson,14,Liverpool,40,Ipswich Town,DEF,12
1601,308.0,21.0,14.0,0.0,True,2026-09-04T19:00:00Z,0.0,2.0,3.0,False,0.0,0.0,0.0,0.0,0.0,0.0,0.0,0.0,0.0,0.0,0.0,0.0,0.0,0.0,0.0,0.0,0.0,0.0,0.0,0.0,0.0,0.0,0.00,0.00,0.00,0.00,40.0,-3936.0,55806.0,612.0,4548.0,308,Furlong,Ipswich Town,Darnell,176420,,2,40,Darnell_Furlong,14,Liverpool,40,Ipswich Town,DEF,12
1602,309.0,21.0,14.0,0.0,True,2026-09-04T19:00:00Z,0.0,2.0,3.0,False,0.0,0.0,0.0,0.0,0.0,0.0,0.0,0.0,0.0,0.0,0.0,0.0,0.0,0.0,0.0,0.0,0.0,0.0,0.0,0.0,0.0,0.0,0.00,0.00,0.00,0.00,50.0,-879.0,13914.0,1106.0,1985.0,309,Núñez,Ipswich Town,Marcelino,501390,,3,40,Marcelino_Núñez,14,Liverpool,40,Ipswich Town,MID,12
1603,310.0,21.0,14.0,0.0,True,2026-09-04T19:00:00Z,0.0,2.0,3.0,False,0.0,0.0,0.0,0.0,0.0,0.0,0.0,0.0,0.0,0.0,0.0,0.0,0.0,0.0,0.0,0.0,0.0,0.0,0.0,0.0,0.0,0.0,0.00,0.00,0.00,0.00,50.0,-55.0,278.0,12.0,67.0,310,Matusiwa,Ipswich Town,Azor,241117,Muscular injury - Unknown return date,3,40,Azor_Matusiwa,14,Liverpool,40,Ipswich Town,MID,12
1604,311.0,21.0,14.0,0.0,True,2026-09-04T19:00:00Z,0.0,2.0,3.0,False,0.0,0.0,0.0,0.0,0.0,0.0,0.0,0.0,0.0,0.0,0.0,0.0,0.0,0.0,0.0,0.0,0.0,0.0,0.0,0.0,0.0,0.0,0.00,0.00,0.00,0.00,50.0,-88.0,278.0,0.0,88.0,311,Burns,Ipswich Town,Wes,149929,Has joined Leicester City permanently,3,40,Wes_Burns,14,Liverpool,40,Ipswich Town,MID,12
1605,312.0,21.0,14.0,0.0,True,2026-09-04T19:00:00Z,0.0,2.0,3.0,False,0.0,0.0,0.0,0.0,0.0,0.0,0.0,0.0,0.0,0.0,0.0,0.0,0.0,0.0,0.0,0.0,0.0,0.0,0.0,0.0,0.0,0.0,0.00,0.00,0.00,0.00,45.0,-505.0,3500.0,190.0,695.0,312,Taylor,Ipswich Town,Jack,231899,Knee injury - Unknown return date,3,40,Jack_Taylor,14,Liverpool,40,Ipswich Town,MID,12
1606,313.0,21.0,14.0,1.0,True,2026-09-04T19:00:00Z,0.0,2.0,3.0,False,24.0,0.0,0.0,0.0,0.0,0.0,0.0,0.0,0.0,0.0,0.0,0.0,3.0,0.0,0.0,0.0,0.0,1.0,1.0,0.0,2.0,0.0,0.05,0.02,0.07,0.06,55.0,-4559.0,24744.0,1167.0,5726.0,313,Clarke,Ipswich Town,Jack,443261,,3,40,Jack_Clarke,14,Liverpool,40,Ipswich Town,MID,12
1607,314.0,21.0,14.0,0.0,True,2026-09-04T19:00:00Z,0.0,2.0,3.0,False,0.0,0.0,0.0,0.0,0.0,0.0,0.0,0.0,0.0,0.0,0.0,0.0,0.0,0.0,0.0,0.0,0.0,0.0,0.0,0.0,0.0,0.0,0.00,0.00,0.00,0.00,49.0,-351.0,1159.0,67.0,418.0,314,Ogbene,Ipswich Town,Chiedozie,229164,Has joined Lincoln City on loan until January,3,40,Chiedozie_Ogbene,14,Liverpool,40,Ipswich Town,MID,12
1608,315.0,21.0,14.0,2.0,True,2026-09-04T19:00:00Z,0.0,2.0,3.0,False,78.0,0.0,0.0,0.0,2.0,0.0,0.0,0.0,0.0,0.0,0.0,0.0,14.0,0.0,0.0,0.0,0.0,2.0,2.0,2.0,6.0,1.0,0.03,0.15,0.18,0.69,55.0,-849.0,21660.0,2126.0,2975.0,315,Fatawu,Ipswich Town,Abdul,531442,,3,40,Abdul_Fatawu,14,Liverpool,40,Ipswich Town,MID,12
1609,316.0,21.0,14.0,2.0,True,2026-09-04T19:00:00Z,0.0,2.0,3.0,False,65.0,0.0,0.0,0.0,2.0,0.0,0.0,0.0,0.0,0.0,0.0,0.0,8.0,0.0,0.0,0.0,0.0,1.0,1.0,1.0,3.0,1.0,0.22,0.00,0.22,0.62,55.0,-30504.0,167319.0,20740.0,51244.0,316,Correia da Silva,Ipswich Town,Emersonn,543968,,4,40,Emersonn_Correia da Silva,14,Liverpool,40,Ipswich Town,FWD,12
1610,317.0,21.0,14.0,0.0,True,2026-09-04T19:00:00Z,0.0,2.0,3.0,False,0.0,0.0,0.0,0.0,0.0,0.0,0.0,0.0,0.0,0.0,0.0,0.0,0.0,0.0,0.0,0.0,0.0,0.0,0.0,0.0,0.0,0.0,0.00,0.00,0.00,0.00,50.0,-4365.0,11907.0,0.0,4365.0,317,Hirst,Ipswich Town,George,222625,Has joined Stoke City permanently,4,40,George_Hirst,14,Liverpool,40,Ipswich Town,FWD,12
1611,318.0,21.0,14.0,0.0,True,2026-09-04T19:00:00Z,0.0,2.0,3.0,False,0.0,0.0,0.0,0.0,0.0,0.0,0.0,0.0,0.0,0.0,0.0,0.0,0.0,0.0,0.0,0.0,0.0,0.0,0.0,0.0,0.0,0.0,0.00,0.00,0.00,0.00,54.0,-3409.0,9209.0,41.0,3450.0,318,Philogene,Ipswich Town,Jaden,481624,Ankle injury - Unknown return date,3,40,Jaden_Philogene,14,Liverpool,40,Ipswich Town,MID,12
1612,319.0,21.0,14.0,0.0,True,2026-09-04T19:00:00Z,0.0,2.0,3.0,False,0.0,0.0,0.0,0.0,0.0,0.0,0.0,0.0,0.0,0.0,0.0,0.0,0.0,0.0,0.0,0.0,0.0,0.0,0.0,0.0,0.0,0.0,0.00,0.00,0.00,0.00,50.0,-191.0,427.0,0.0,191.0,319,Szmodics,Ipswich Town,Sam,172453,Has joined Derby County on loan for the rest of the season,3,40,Sam_Szmodics,14,Liverpool,40,Ipswich Town,MID,12
1613,320.0,21.0,14.0,0.0,True,2026-09-04T19:00:00Z,0.0,2.0,3.0,False,0.0,0.0,0.0,0.0,0.0,0.0,0.0,0.0,0.0,0.0,0.0,0.0,0.0,0.0,0.0,0.0,0.0,0.0,0.0,0.0,0.0,0.0,0.00,0.00,0.00,0.00,50.0,45434.0,114005.0,62654.0,17220.0,320,Akpom,Ipswich Town,Chuba,147675,,4,40,Chuba_Akpom,14,Liverpool,40,Ipswich Town,FWD,12
1614,321.0,21.0,14.0,0.0,True,2026-09-04T19:00:00Z,0.0,2.0,3.0,False,0.0,0.0,0.0,0.0,0.0,0.0,0.0,0.0,0.0,0.0,0.0,0.0,0.0,0.0,0.0,0.0,0.0,0.0,0.0,0.0,0.0,0.0,0.00,0.00,0.00,0.00,45.0,73544.0,367243.0,127698.0,54154.0,321,Walle Egeli,Ipswich Town,Sindre,557012,,4,40,Sindre_Walle Egeli,14,Liverpool,40,Ipswich Town,FWD,12
1615,322.0,21.0,14.0,0.0,True,2026-09-04T19:00:00Z,0.0,2.0,3.0,False,0.0,0.0,0.0,0.0,0.0,0.0,0.0,0.0,0.0,0.0,0.0,0.0,0.0,0.0,0.0,0.0,0.0,0.0,0.0,0.0,0.0,0.0,0.00,0.00,0.00,0.00,50.0,-3877.0,8170.0,0.0,3877.0,322,Al-Hamadi,Ipswich Town,Ali,462387,Has joined Sheffield Wednesday on loan for the rest of the season,4,40,Ali_Al-Hamadi,14,Liverpool,40,Ipswich Town,FWD,12
1616,323.0,21.0,14.0,1.0,True,2026-09-04T19:00:00Z,0.0,2.0,3.0,False,11.0,0.0,0.0,0.0,0.0,0.0,0.0,0.0,0.0,0.0,0.0,0.0,5.0,0.0,0.0,0.0,0.0,0.0,1.0,0.0,1.0,0.0,0.05,0.00,0.05,0.00,45.0,-4340.0,133131.0,11626.0,15966.0,323,McAteer,Ipswich Town,Kasey,461587,,3,40,Kasey_McAteer,14,Liverpool,40,Ipswich Town,MID,12
1617,324.0,21.0,14.0,0.0,True,2026-09-04T19:00:00Z,0.0,2.0,3.0,False,0.0,0.0,0.0,0.0,0.0,0.0,0.0,0.0,0.0,0.0,0.0,0.0,0.0,0.0,0.0,0.0,0.0,0.0,0.0,0.0,0.0,0.0,0.00,0.00,0.00,0.00,49.0,-648.0,4120.0,109.0,757.0,324,Mehmeti,Ipswich Town,Anis,232457,,3,40,Anis_Mehmeti,14,Liverpool,40,Ipswich Town,MID,12
1618,554.0,21.0,14.0,0.0,True,2026-09-04T19:00:00Z,0.0,2.0,3.0,False,0.0,0.0,0.0,0.0,0.0,0.0,0.0,0.0,0.0,0.0,0.0,0.0,0.0,0.0,0.0,0.0,0.0,0.0,0.0,0.0,0.0,0.0,0.00,0.00,0.00,0.00,45.0,-698.0,2365.0,0.0,698.0,554,van Oevelen,Ipswich Town,Kayne,546600,Has joined Valencia on loan for the rest of the season,1,40,Kayne_van Oevelen,14,Liverpool,40,Ipswich Town,GKP,12
1619,562.0,21.0,14.0,2.0,True,2026-09-04T19:00:00Z,0.0,2.0,3.0,False,65.0,0.0,0.0,0.0,2.0,0.0,0.0,0.0,0.0,0.0,0.0,0.0,9.0,0.0,0.0,0.0,0.0,2.0,1.0,2.0,5.0,1.0,0.04,0.00,0.04,0.62,55.0,-4936.0,32352.0,903.0,5839.0,562,Maeda,Ipswich Town,Daizen,442967,,3,40,Daizen_Maeda,14,Liverpool,40,Ipswich Town,MID,12
1620,564.0,21.0,14.0,2.0,True,2026-09-04T19:00:00Z,0.0,2.0,3.0,False,90.0,0.0,0.0,0.0,2.0,0.0,0.0,0.0,0.0,0.0,5.0,0.0,13.0,0.0,0.0,0.0,0.0,0.0,7.0,0.0,0.0,1.0,0.00,0.00,0.00,0.69,45.0,-2758.0,58738.0,4399.0,7157.0,564,Scherpen,Ipswich Town,Kjell,240514,,1,40,Kjell_Scherpen,14,Liverpool,40,Ipswich Town,GKP,12
1621,571.0,21.0,14.0,0.0,True,2026-09-04T19:00:00Z,0.0,2.0,3.0,False,0.0,0.0,0.0,0.0,0.0,0.0,0.0,0.0,0.0,0.0,0.0,0.0,0.0,0.0,0.0,0.0,0.0,0.0,0.0,0.0,0.0,0.0,0.00,0.00,0.00,0.00,49.0,-2128.0,9821.0,223.0,2351.0,571,Morris Luís,Ipswich Town,Florentino Ibrain,216055,,3,40,Florentino Ibrain_Morris Luís,14,Liverpool,40,Ipswich Town,MID,12
1622,591.0,21.0,14.0,1.0,True,2026-09-04T19:00:00Z,0.0,2.0,3.0,False,90.0,0.0,0.0,0.0,2.0,0.0,0.0,0.0,1.0,0.0,0.0,0.0,16.0,0.0,0.0,0.0,0.0,2.0,3.0,0.0,5.0,1.0,0.24,0.02,0.26,0.69,55.0,25086.0,82553.0,35897.0,10811.0,591,Enciso,Ipswich Town,Julio,474120,,3,40,Julio_Enciso,14,Liverpool,40,Ipswich Town,MID,12
1623,592.0,21.0,14.0,1.0,True,2026-09-04T19:00:00Z,0.0,2.0,3.0,False,12.0,0.0,0.0,0.0,0.0,0.0,0.0,0.0,0.0,0.0,0.0,0.0,4.0,0.0,0.0,0.0,0.0,0.0,2.0,0.0,0.0,0.0,0.00,0.02,0.02,0.00,40.0,-2760.0,100578.0,4401.0,7161.0,592,Ouattara,Ipswich Town,Abdoul,572584,,2,40,Abdoul_Ouattara,14,Liverpool,40,Ipswich Town,DEF,12
1624,602.0,21.0,14.0,0.0,True,2026-09-04T19:00:00Z,0.0,2.0,3.0,False,0.0,0.0,0.0,0.0,0.0,0.0,0.0,0.0,0.0,0.0,0.0,0.0,0.0,0.0,0.0,0.0,0.0,0.0,0.0,0.0,0.0,0.0,0.00,0.00,0.00,0.00,45.0,382.0,4148.0,1586.0,1204.0,602,Humphreys,Ipswich Town,Cameron,524180,Has joined Huddersfield Town on loan for the rest of the season,3,40,Cameron_Humphreys,14,Liverpool,40,Ipswich Town,MID,12
1625,619.0,21.0,14.0,4.0,True,2026-09-04T19:00:00Z,0.0,2.0,3.0,False,77.0,0.0,0.0,0.0,2.0,0.0,0.0,0.0,0.0,0.0,0.0,0.0,24.0,0.0,0.0,0.0,0.0,3.0,12.0,4.0,19.0,1.0,0.00,0.02,0.02,0.69,50.0,979.0,1551.0,1326.0,347.0,619,Palacios,Ipswich Town,Exequiel,218543,,3,40,Exequiel_Palacios,14,Liverpool,40,Ipswich Town,MID,12
1626,640.0,21.0,14.0,1.0,True,2026-09-04T19:00:00Z,0.0,2.0,3.0,False,24.0,0.0,0.0,0.0,0.0,0.0,0.0,0.0,0.0,0.0,0.0,0.0,4.0,0.0,0.0,0.0,0.0,0.0,0.0,0.0,0.0,0.0,0.02,0.01,0.03,0.06,55.0,1528.0,1904.0,1761.0,233.0,640,Flemming,Ipswich Town,Zian,431639,,4,40,Zian_Flemming,14,Liverpool,40,Ipswich Town,FWD,12
1627,260.0,23.0,5.0,0.0,False,2026-09-05T14:00:00Z,1.0,1.0,3.0,False,17.0,0.0,0.0,0.0,0.0,0.0,0.0,0.0,1.0,0.0,0.0,0.0,0.0,0.0,0.0,0.0,0.0,0.0,1.0,0.0,1.0,0.0,0.00,0.00,0.00,1.32,64.0,-148278.0,401861.0,7327.0,155605.0,260,Wilson,Leeds,Harry,153682,,3,2,Harry_Wilson,36,Brighton,2,Leeds,MID,13
1628,326.0,23.0,5.0,0.0,False,2026-09-05T14:00:00Z,1.0,1.0,3.0,False,0.0,0.0,0.0,0.0,0.0,0.0,0.0,0.0,0.0,0.0,0.0,0.0,0.0,0.0,0.0,0.0,0.0,0.0,0.0,0.0,0.0,0.0,0.00,0.00,0.00,0.00,45.0,-9253.0,45033.0,204.0,9457.0,326,Perri,Leeds,Lucas Estella,201595,Has joined Torino on loan for the rest of the season,1,2,Lucas Estella_Perri,36,Brighton,2,Leeds,GKP,13
1629,327.0,23.0,5.0,1.0,False,2026-09-05T14:00:00Z,1.0,1.0,3.0,False,29.0,0.0,0.0,0.0,1.0,0.0,0.0,0.0,0.0,0.0,0.0,0.0,1.0,0.0,0.0,0.0,0.0,2.0,0.0,2.0,4.0,0.0,0.00,0.00,0.00,1.95,50.0,-2619.0,95603.0,14908.0,17527.0,327,Bijol,Leeds,Jaka,434752,,2,2,Jaka_Bijol,36,Brighton,2,Leeds,DEF,13
1630,329.0,23.0,5.0,0.0,False,2026-09-05T14:00:00Z,1.0,1.0,3.0,False,0.0,0.0,0.0,0.0,0.0,0.0,0.0,0.0,0.0,0.0,0.0,0.0,0.0,0.0,0.0,0.0,0.0,0.0,0.0,0.0,0.0,0.0,0.00,0.00,0.00,0.00,45.0,-122557.0,220934.0,5070.0,127627.0,329,Rodon,Leeds,Joe,214225,Hamstring injury - Expected back 21 Nov,2,2,Joe_Rodon,36,Brighton,2,Leeds,DEF,13
1631,330.0,23.0,5.0,14.0,False,2026-09-05T14:00:00Z,1.0,1.0,3.0,False,60.0,1.0,0.0,1.0,0.0,0.0,0.0,0.0,1.0,0.0,0.0,3.0,30.0,0.0,0.0,0.0,0.0,2.0,0.0,0.0,2.0,1.0,0.90,0.02,0.92,0.24,45.0,-432.0,54984.0,5089.0,5521.0,330,Bogle,Leeds,Jayden,226182,,2,2,Jayden_Bogle,36,Brighton,2,Leeds,DEF,13
1632,331.0,23.0,5.0,2.0,False,2026-09-05T14:00:00Z,1.0,1.0,3.0,False,90.0,0.0,0.0,0.0,1.0,0.0,0.0,0.0,0.0,0.0,0.0,0.0,9.0,0.0,0.0,0.0,0.0,2.0,9.0,3.0,5.0,1.0,0.00,0.00,0.00,2.19,45.0,253.0,4932.0,644.0,391.0,331,Gudmundsson,Leeds,Gabriel,243526,,2,2,Gabriel_Gudmundsson,36,Brighton,2,Leeds,DEF,13
1633,332.0,23.0,5.0,4.0,False,2026-09-05T14:00:00Z,1.0,1.0,3.0,False,90.0,0.0,0.0,0.0,1.0,0.0,0.0,0.0,0.0,0.0,0.0,0.0,9.0,0.0,0.0,0.0,0.0,7.0,4.0,3.0,10.0,1.0,0.14,0.00,0.14,2.19,45.0,14204.0,150950.0,35632.0,21428.0,332,Justin,Leeds,James,220627,,2,2,James_Justin,36,Brighton,2,Leeds,DEF,13
1634,333.0,23.0,5.0,0.0,False,2026-09-05T14:00:00Z,1.0,1.0,3.0,False,0.0,0.0,0.0,0.0,0.0,0.0,0.0,0.0,0.0,0.0,0.0,0.0,0.0,0.0,0.0,0.0,0.0,0.0,0.0,0.0,0.0,0.0,0.00,0.00,0.00,0.00,45.0,-63.0,276.0,0.0,63.0,333,Bornauw,Leeds,Sebastiaan,437738,Has joined Hamburg SV on loan for the rest of the season,2,2,Sebastiaan_Bornauw,36,Brighton,2,Leeds,DEF,13
1635,334.0,23.0,5.0,4.0,False,2026-09-05T14:00:00Z,1.0,1.0,3.0,False,90.0,0.0,0.0,0.0,1.0,0.0,0.0,0.0,0.0,0.0,0.0,0.0,10.0,0.0,0.0,0.0,0.0,12.0,2.0,1.0,13.0,1.0,0.00,0.01,0.01,2.19,50.0,-2089.0,326555.0,40504.0,42593.0,334,Muharemović,Leeds,Tarik,522047,,2,2,Tarik_Muharemović,36,Brighton,2,Leeds,DEF,13
1636,335.0,23.0,5.0,2.0,False,2026-09-05T14:00:00Z,1.0,1.0,3.0,False,90.0,0.0,0.0,0.0,1.0,0.0,0.0,0.0,0.0,0.0,0.0,0.0,7.0,0.0,0.0,0.0,0.0,2.0,2.0,2.0,6.0,1.0,0.32,0.10,0.42,2.19,60.0,12619.0,303711.0,62176.0,49557.0,335,Stach,Leeds,Anton,466525,,3,2,Anton_Stach,36,Brighton,2,Leeds,MID,13
1637,336.0,23.0,5.0,3.0,False,2026-09-05T14:00:00Z,1.0,1.0,3.0,False,61.0,0.0,0.0,1.0,0.0,0.0,0.0,0.0,0.0,0.0,0.0,0.0,9.0,0.0,0.0,0.0,0.0,0.0,0.0,0.0,0.0,1.0,0.00,0.01,0.01,0.24,59.0,-8372.0,32691.0,2519.0,10891.0,336,Okafor,Leeds,Noah,435997,,3,2,Noah_Okafor,36,Brighton,2,Leeds,MID,13
1638,337.0,23.0,5.0,1.0,False,2026-09-05T14:00:00Z,1.0,1.0,3.0,False,28.0,0.0,0.0,0.0,1.0,0.0,0.0,0.0,0.0,0.0,0.0,0.0,5.0,0.0,0.0,0.0,0.0,0.0,0.0,0.0,0.0,0.0,0.00,0.00,0.00,1.95,55.0,-14068.0,70876.0,2026.0,16094.0,337,Aaronson,Leeds,Brenden,427637,,3,2,Brenden_Aaronson,36,Brighton,2,Leeds,MID,13
1639,338.0,23.0,5.0,2.0,False,2026-09-05T14:00:00Z,1.0,1.0,3.0,False,90.0,0.0,0.0,0.0,1.0,0.0,0.0,0.0,0.0,0.0,0.0,0.0,13.0,0.0,0.0,0.0,0.0,6.0,1.0,4.0,11.0,1.0,0.00,0.01,0.01,2.19,55.0,-15707.0,117203.0,3562.0,19269.0,338,Ampadu,Leeds,Ethan,199598,,3,2,Ethan_Ampadu,36,Brighton,2,Leeds,MID,13
1640,339.0,23.0,5.0,0.0,False,2026-09-05T14:00:00Z,1.0,1.0,3.0,False,0.0,0.0,0.0,0.0,0.0,0.0,0.0,0.0,0.0,0.0,0.0,0.0,0.0,0.0,0.0,0.0,0.0,0.0,0.0,0.0,0.0,0.0,0.00,0.00,0.00,0.00,50.0,-1965.0,10952.0,639.0,2604.0,339,Longstaff,Leeds,Sean,180135,,3,2,Sean_Longstaff,36,Brighton,2,Leeds,MID,13
1641,341.0,23.0,5.0,0.0,False,2026-09-05T14:00:00Z,1.0,1.0,3.0,False,0.0,0.0,0.0,0.0,0.0,0.0,0.0,0.0,0.0,0.0,0.0,0.0,0.0,0.0,0.0,0.0,0.0,0.0,0.0,0.0,0.0,0.0,0.00,0.00,0.00,0.00,50.0,-222.0,1395.0,226.0,448.0,341,Gnonto,Leeds,Wilfried,492859,Has joined ACF Fiorentina on loan for the rest of the season,3,2,Wilfried_Gnonto,36,Brighton,2,Leeds,MID,13
1642,342.0,23.0,5.0,0.0,False,2026-09-05T14:00:00Z,1.0,1.0,3.0,False,0.0,0.0,0.0,0.0,0.0,0.0,0.0,0.0,0.0,0.0,0.0,0.0,0.0,0.0,0.0,0.0,0.0,0.0,0.0,0.0,0.0,0.0,0.00,0.00,0.00,0.00,50.0,-17.0,81.0,0.0,17.0,342,Harrison,Leeds,Jack,221399,Has joined New England Revolution permanently,3,2,Jack_Harrison,36,Brighton,2,Leeds,MID,13
1643,343.0,23.0,5.0,0.0,False,2026-09-05T14:00:00Z,1.0,1.0,3.0,False,0.0,0.0,0.0,0.0,0.0,0.0,0.0,0.0,0.0,0.0,0.0,0.0,0.0,0.0,0.0,0.0,0.0,0.0,0.0,0.0,0.0,0.0,0.00,0.00,0.00,0.00,50.0,-692.0,11657.0,1599.0,2291.0,343,James,Leeds,Daniel,200617,,3,2,Daniel_James,36,Brighton,2,Leeds,MID,13
1644,344.0,23.0,5.0,0.0,False,2026-09-05T14:00:00Z,1.0,1.0,3.0,False,0.0,0.0,0.0,0.0,0.0,0.0,0.0,0.0,0.0,0.0,0.0,0.0,0.0,0.0,0.0,0.0,0.0,0.0,0.0,0.0,0.0,0.0,0.00,0.00,0.00,0.00,50.0,-38.0,350.0,33.0,71.0,344,Gruev,Leeds,Ilia,486520,Knee injury - 25% chance of playing,3,2,Ilia_Gruev,36,Brighton,2,Leeds,MID,13
1645,345.0,23.0,5.0,5.0,False,2026-09-05T14:00:00Z,1.0,1.0,3.0,False,72.0,0.0,1.0,0.0,1.0,0.0,0.0,0.0,0.0,0.0,0.0,0.0,18.0,0.0,0.0,0.0,0.0,3.0,3.0,2.0,8.0,1.0,0.53,0.01,0.54,0.87,49.0,-1035.0,21765.0,3466.0,4501.0,345,Ao,Leeds,Tanaka,248056,,3,2,Tanaka_Ao,36,Brighton,2,Leeds,MID,13
1646,346.0,23.0,5.0,1.0,False,2026-09-05T14:00:00Z,1.0,1.0,3.0,False,72.0,0.0,0.0,0.0,1.0,0.0,0.0,0.0,1.0,0.0,0.0,0.0,0.0,0.0,0.0,0.0,0.0,1.0,2.0,0.0,3.0,1.0,0.56,0.06,0.62,0.87,60.0,-144642.0,2612462.0,198586.0,343228.0,346,Calvert-Lewin,Leeds,Dominic,177815,,4,2,Dominic_Calvert-Lewin,36,Brighton,2,Leeds,FWD,13
1647,347.0,23.0,5.0,1.0,False,2026-09-05T14:00:00Z,1.0,1.0,3.0,False,17.0,0.0,0.0,0.0,0.0,0.0,0.0,0.0,0.0,0.0,0.0,0.0,2.0,0.0,0.0,0.0,0.0,0.0,0.0,0.0,0.0,0.0,0.17,0.14,0.31,1.32,55.0,-3112.0,50649.0,5427.0,8539.0,347,Nmecha,Leeds,Lukas,174594,,4,2,Lukas_Nmecha,36,Brighton,2,Leeds,FWD,13
1648,348.0,23.0,5.0,0.0,False,2026-09-05T14:00:00Z,1.0,1.0,3.0,False,0.0,0.0,0.0,0.0,0.0,0.0,0.0,0.0,0.0,0.0,0.0,0.0,0.0,0.0,0.0,0.0,0.0,0.0,0.0,0.0,0.0,0.0,0.00,0.00,0.00,0.00,50.0,-2945.0,8831.0,0.0,2945.0,348,Piroe,Leeds,Joël,235826,Has joined West Ham United on loan for the rest of the season,4,2,Joël_Piroe,36,Brighton,2,Leeds,FWD,13
1649,349.0,23.0,5.0,0.0,False,2026-09-05T14:00:00Z,1.0,1.0,3.0,False,0.0,0.0,0.0,0.0,0.0,0.0,0.0,0.0,0.0,0.0,0.0,0.0,0.0,0.0,0.0,0.0,0.0,0.0,0.0,0.0,0.0,0.0,0.00,0.00,0.00,0.00,45.0,-135.0,5679.0,947.0,1082.0,349,Joseph Fernández-Regatillo,Leeds,Mateo,565297,Knee injury - Unknown return date,4,2,Mateo_Joseph Fernández-Regatillo,36,Brighton,2,Leeds,FWD,13
1650,385.0,23.0,5.0,3.0,False,2026-09-05T14:00:00Z,1.0,1.0,3.0,False,90.0,0.0,0.0,0.0,1.0,0.0,0.0,0.0,0.0,0.0,4.0,0.0,18.0,0.0,0.0,0.0,0.0,2.0,11.0,0.0,0.0,1.0,0.00,0.00,0.00,2.19,50.0,32677.0,532682.0,81497.0,48820.0,385,Trafford,Leeds,James,432720,,1,2,James_Trafford,36,Brighton,2,Leeds,GKP,13
1651,598.0,23.0,5.0,4.0,False,2026-09-05T14:00:00Z,1.0,1.0,3.0,False,90.0,0.0,0.0,0.0,1.0,0.0,0.0,0.0,0.0,0.0,0.0,0.0,12.0,0.0,0.0,0.0,0.0,10.0,0.0,0.0,10.0,1.0,0.00,0.57,0.57,2.19,45.0,201.0,2951.0,729.0,528.0,598,Elvedi,Leeds,Nico,173774,,2,2,Nico_Elvedi,36,Brighton,2,Leeds,DEF,13
1652,603.0,23.0,5.0,0.0,False,2026-09-05T14:00:00Z,1.0,1.0,3.0,False,0.0,0.0,0.0,0.0,0.0,0.0,0.0,0.0,0.0,0.0,0.0,0.0,0.0,0.0,0.0,0.0,0.0,0.0,0.0,0.0,0.0,0.0,0.00,0.00,0.00,0.00,40.0,1400.0,11399.0,2536.0,1136.0,603,Lienou,Leeds,Jayden,643970,,2,2,Jayden_Lienou,36,Brighton,2,Leeds,DEF,13
1653,604.0,23.0,5.0,0.0,False,2026-09-05T14:00:00Z,1.0,1.0,3.0,False,0.0,0.0,0.0,0.0,0.0,0.0,0.0,0.0,0.0,0.0,0.0,0.0,0.0,0.0,0.0,0.0,0.0,0.0,0.0,0.0,0.0,0.0,0.00,0.00,0.00,0.00,45.0,3728.0,14318.0,5922.0,2194.0,604,Cresswell,Leeds,Alfie,592740,,3,2,Alfie_Cresswell,36,Brighton,2,Leeds,MID,13
1654,625.0,23.0,5.0,0.0,False,2026-09-05T14:00:00Z,1.0,1.0,3.0,False,0.0,0.0,0.0,0.0,0.0,0.0,0.0,0.0,0.0,0.0,0.0,0.0,0.0,0.0,0.0,0.0,0.0,0.0,0.0,0.0,0.0,0.0,0.00,0.00,0.00,0.00,40.0,8041.0,19774.0,9425.0,1384.0,625,Cairns,Leeds,Alex,97846,,1,2,Alex_Cairns,36,Brighton,2,Leeds,GKP,13
1655,629.0,23.0,5.0,0.0,False,2026-09-05T14:00:00Z,1.0,1.0,3.0,False,0.0,0.0,0.0,0.0,0.0,0.0,0.0,0.0,0.0,0.0,0.0,0.0,0.0,0.0,0.0,0.0,0.0,0.0,0.0,0.0,0.0,0.0,0.00,0.00,0.00,0.00,40.0,11967.0,37143.0,13274.0,1307.0,629,Zetterer,Leeds,Michael,155465,,1,2,Michael_Zetterer,36,Brighton,2,Leeds,GKP,13
1656,641.0,23.0,5.0,0.0,False,2026-09-05T14:00:00Z,1.0,1.0,3.0,False,0.0,0.0,0.0,0.0,0.0,0.0,0.0,0.0,0.0,0.0,0.0,0.0,0.0,0.0,0.0,0.0,0.0,0.0,0.0,0.0,0.0,0.0,0.00,0.00,0.00,0.00,45.0,149.0,242.0,177.0,28.0,641,Bard,Leeds,Melvin,437497,,2,2,Melvin_Bard,36,Brighton,2,Leeds,DEF,13
1657,648.0,23.0,5.0,0.0,False,2026-09-05T14:00:00Z,1.0,1.0,3.0,False,0.0,0.0,0.0,0.0,0.0,0.0,0.0,0.0,0.0,0.0,0.0,0.0,0.0,0.0,0.0,0.0,0.0,0.0,0.0,0.0,0.0,0.0,0.00,0.00,0.00,0.00,50.0,819.0,1030.0,1015.0,196.0,648,Bahoya,Leeds,Jean-Mattéo,587982,,3,2,Jean-Mattéo_Bahoya,36,Brighton,2,Leeds,MID,13
1658,350.0,21.0,12.0,8.0,False,2026-09-04T19:00:00Z,0.0,2.0,3.0,False,90.0,0.0,0.0,1.0,0.0,0.0,0.0,0.0,0.0,0.0,5.0,1.0,35.0,0.0,0.0,0.0,0.0,2.0,14.0,0.0,0.0,1.0,0.00,0.00,0.00,0.75,55.0,-15469.0,402518.0,42521.0,57990.0,350,Becker,Liverpool,Alisson,116535,,1,14,Alisson_Becker,40,Ipswich Town,14,Liverpool,GKP,14
1659,351.0,21.0,12.0,0.0,False,2026-09-04T19:00:00Z,0.0,2.0,3.0,False,0.0,0.0,0.0,0.0,0.0,0.0,0.0,0.0,0.0,0.0,0.0,0.0,0.0,0.0,0.0,0.0,0.0,0.0,0.0,0.0,0.0,0.0,0.00,0.00,0.00,0.00,49.0,-1838.0,14432.0,1002.0,2840.0,351,Mamardashvili,Liverpool,Giorgi,449027,,1,14,Giorgi_Mamardashvili,40,Ipswich Town,14,Liverpool,GKP,14
1660,352.0,21.0,12.0,0.0,False,2026-09-04T19:00:00Z,0.0,2.0,3.0,False,0.0,0.0,0.0,0.0,0.0,0.0,0.0,0.0,0.0,0.0,0.0,0.0,0.0,0.0,0.0,0.0,0.0,0.0,0.0,0.0,0.0,0.0,0.00,0.00,0.00,0.00,40.0,280.0,114962.0,8227.0,7947.0,352,Woodman,Liverpool,Freddie,155503,,1,14,Freddie_Woodman,40,Ipswich Town,14,Liverpool,GKP,14
1661,353.0,21.0,12.0,0.0,False,2026-09-04T19:00:00Z,0.0,2.0,3.0,False,0.0,0.0,0.0,0.0,0.0,0.0,0.0,0.0,0.0,0.0,0.0,0.0,0.0,0.0,0.0,0.0,0.0,0.0,0.0,0.0,0.0,0.0,0.00,0.00,0.00,0.00,40.0,-284.0,2180.0,0.0,284.0,353,Pecsi,Liverpool,Armin,586268,Has joined TSV Hartberg on loan for the rest of the season,1,14,Armin_Pecsi,40,Ipswich Town,14,Liverpool,GKP,14
1662,354.0,21.0,12.0,0.0,False,2026-09-04T19:00:00Z,0.0,2.0,3.0,False,0.0,0.0,0.0,0.0,0.0,0.0,0.0,0.0,0.0,0.0,0.0,0.0,0.0,0.0,0.0,0.0,0.0,0.0,0.0,0.0,0.0,0.0,0.00,0.00,0.00,0.00,40.0,213.0,1744.0,549.0,336.0,354,Jaros,Liverpool,Vitezslav,432987,Knee injury - Unknown return date,1,14,Vitezslav_Jaros,40,Ipswich Town,14,Liverpool,GKP,14
1663,355.0,21.0,12.0,0.0,False,2026-09-04T19:00:00Z,0.0,2.0,3.0,False,0.0,0.0,0.0,0.0,0.0,0.0,0.0,0.0,0.0,0.0,0.0,0.0,0.0,0.0,0.0,0.0,0.0,0.0,0.0,0.0,0.0,0.0,0.00,0.00,0.00,0.00,40.0,578.0,16191.0,1717.0,1139.0,355,Davies,Liverpool,Harvey,464353,,1,14,Harvey_Davies,40,Ipswich Town,14,Liverpool,GKP,14
1664,356.0,21.0,12.0,6.0,False,2026-09-04T19:00:00Z,0.0,2.0,3.0,False,90.0,0.0,0.0,1.0,0.0,0.0,0.0,0.0,0.0,0.0,0.0,0.0,32.0,0.0,0.0,0.0,0.0,4.0,4.0,3.0,7.0,1.0,0.00,0.02,0.02,0.75,65.0,-205785.0,1837428.0,67650.0,273435.0,356,van Dijk,Liverpool,Virgil,97032,,2,14,Virgil_van Dijk,40,Ipswich Town,14,Liverpool,DEF,14
1665,357.0,21.0,12.0,0.0,False,2026-09-04T19:00:00Z,0.0,2.0,3.0,False,0.0,0.0,0.0,0.0,0.0,0.0,0.0,0.0,0.0,0.0,0.0,0.0,0.0,0.0,0.0,0.0,0.0,0.0,0.0,0.0,0.0,0.0,0.00,0.00,0.00,0.00,55.0,-45306.0,309643.0,25094.0,70400.0,357,Frimpong,Liverpool,Jeremie,216094,,2,14,Jeremie_Frimpong,40,Ipswich Town,14,Liverpool,DEF,14
1666,358.0,21.0,12.0,5.0,False,2026-09-04T19:00:00Z,0.0,2.0,3.0,False,90.0,0.0,0.0,1.0,0.0,0.0,0.0,0.0,1.0,0.0,0.0,0.0,23.0,0.0,0.0,0.0,0.0,3.0,1.0,2.0,5.0,1.0,0.00,0.03,0.03,0.75,55.0,-51052.0,302995.0,13999.0,65051.0,358,Kerkez,Liverpool,Milos,544877,,2,14,Milos_Kerkez,40,Ipswich Town,14,Liverpool,DEF,14
1667,359.0,21.0,12.0,0.0,False,2026-09-04T19:00:00Z,0.0,2.0,3.0,False,0.0,0.0,0.0,0.0,0.0,0.0,0.0,0.0,0.0,0.0,0.0,0.0,0.0,0.0,0.0,0.0,0.0,0.0,0.0,0.0,0.0,0.0,0.00,0.00,0.00,0.00,50.0,-255.0,1465.0,70.0,325.0,359,Gomez,Liverpool,Joe,171287,Muscular injury - Unknown return date,2,14,Joe_Gomez,40,Ipswich Town,14,Liverpool,DEF,14
1668,360.0,21.0,12.0,0.0,False,2026-09-04T19:00:00Z,0.0,2.0,3.0,False,0.0,0.0,0.0,0.0,0.0,0.0,0.0,0.0,0.0,0.0,0.0,0.0,0.0,0.0,0.0,0.0,0.0,0.0,0.0,0.0,0.0,0.0,0.00,0.00,0.00,0.00,50.0,-104.0,1036.0,114.0,218.0,360,Bradley,Liverpool,Conor,492777,Knee injury - Unknown return date,2,14,Conor_Bradley,40,Ipswich Town,14,Liverpool,DEF,14
1669,361.0,21.0,12.0,0.0,False,2026-09-04T19:00:00Z,0.0,2.0,3.0,False,0.0,0.0,0.0,0.0,0.0,0.0,0.0,0.0,0.0,0.0,0.0,0.0,0.0,0.0,0.0,0.0,0.0,0.0,0.0,0.0,0.0,0.0,0.00,0.00,0.00,0.00,40.0,-8.0,13766.0,1420.0,1428.0,361,Lucky,Liverpool,Wellity,519440,,2,14,Wellity_Lucky,40,Ipswich Town,14,Liverpool,DEF,14
1670,362.0,21.0,12.0,5.0,False,2026-09-04T19:00:00Z,0.0,2.0,3.0,False,90.0,0.0,0.0,1.0,0.0,0.0,0.0,0.0,1.0,0.0,0.0,0.0,28.0,0.0,0.0,0.0,0.0,6.0,3.0,3.0,9.0,1.0,0.00,0.03,0.03,0.75,50.0,16306.0,277052.0,56823.0,40517.0,362,Jacquet,Liverpool,Jeremy,606702,,2,14,Jeremy_Jacquet,40,Ipswich Town,14,Liverpool,DEF,14
1671,363.0,21.0,12.0,0.0,False,2026-09-04T19:00:00Z,0.0,2.0,3.0,False,0.0,0.0,0.0,0.0,0.0,0.0,0.0,0.0,0.0,0.0,0.0,0.0,0.0,0.0,0.0,0.0,0.0,0.0,0.0,0.0,0.0,0.0,0.00,0.00,0.00,0.00,40.0,-285.0,3887.0,332.0,617.0,363,Leoni,Liverpool,Giovanni,647681,Knee injury - Unknown return date,2,14,Giovanni_Leoni,40,Ipswich Town,14,Liverpool,DEF,14
1672,364.0,21.0,12.0,0.0,False,2026-09-04T19:00:00Z,0.0,2.0,3.0,False,0.0,0.0,0.0,0.0,0.0,0.0,0.0,0.0,0.0,0.0,0.0,0.0,0.0,0.0,0.0,0.0,0.0,0.0,0.0,0.0,0.0,0.0,0.00,0.00,0.00,0.00,50.0,-600.0,7858.0,487.0,1087.0,364,Tsimikas,Liverpool,Kostas,214285,,2,14,Kostas_Tsimikas,40,Ipswich Town,14,Liverpool,DEF,14
1673,365.0,21.0,12.0,0.0,False,2026-09-04T19:00:00Z,0.0,2.0,3.0,False,0.0,0.0,0.0,0.0,0.0,0.0,0.0,0.0,0.0,0.0,0.0,0.0,0.0,0.0,0.0,0.0,0.0,0.0,0.0,0.0,0.0,0.0,0.00,0.00,0.00,0.00,40.0,-5215.0,12989.0,0.0,5215.0,365,Ramsay,Liverpool,Calvin,489580,Has joined St Mirren on loan for the rest of the season,2,14,Calvin_Ramsay,40,Ipswich Town,14,Liverpool,DEF,14
1674,366.0,21.0,12.0,3.0,False,2026-09-04T19:00:00Z,0.0,2.0,3.0,False,90.0,0.0,0.0,1.0,0.0,0.0,0.0,0.0,0.0,0.0,0.0,0.0,14.0,0.0,0.0,0.0,0.0,0.0,4.0,0.0,4.0,1.0,0.18,0.05,0.23,0.65,75.0,-121349.0,1044657.0,69030.0,190379.0,366,Wirtz,Liverpool,Florian,494595,,3,14,Florian_Wirtz,40,Ipswich Town,14,Liverpool,MID,14
1675,367.0,21.0,12.0,11.0,False,2026-09-04T19:00:00Z,0.0,2.0,3.0,False,90.0,0.0,2.0,1.0,0.0,0.0,0.0,0.0,0.0,0.0,0.0,2.0,43.0,0.0,0.0,0.0,0.0,2.0,5.0,3.0,10.0,1.0,0.06,0.40,0.46,0.75,71.0,103812.0,933667.0,234993.0,131181.0,367,Gakpo,Liverpool,Cody,243298,,3,14,Cody_Gakpo,40,Ipswich Town,14,Liverpool,MID,14
1676,368.0,21.0,12.0,3.0,False,2026-09-04T19:00:00Z,0.0,2.0,3.0,False,90.0,0.0,0.0,1.0,0.0,0.0,0.0,0.0,0.0,0.0,0.0,0.0,20.0,0.0,0.0,0.0,0.0,3.0,6.0,0.0,9.0,1.0,0.16,0.08,0.24,0.75,70.0,-105407.0,4313411.0,281021.0,386428.0,368,Szoboszlai,Liverpool,Dominik,424876,,3,14,Dominik_Szoboszlai,40,Ipswich Town,14,Liverpool,MID,14
1677,369.0,21.0,12.0,0.0,False,2026-09-04T19:00:00Z,0.0,2.0,3.0,False,0.0,0.0,0.0,0.0,0.0,0.0,0.0,0.0,0.0,0.0,0.0,0.0,0.0,0.0,0.0,0.0,0.0,0.0,0.0,0.0,0.0,0.0,0.00,0.00,0.00,0.00,59.0,-31936.0,77015.0,3473.0,35409.0,369,Ngumoha,Liverpool,Rio,611922,,3,14,Rio_Ngumoha,40,Ipswich Town,14,Liverpool,MID,14
1678,370.0,21.0,12.0,0.0,False,2026-09-04T19:00:00Z,0.0,2.0,3.0,False,0.0,0.0,0.0,0.0,0.0,0.0,0.0,0.0,0.0,0.0,0.0,0.0,0.0,0.0,0.0,0.0,0.0,0.0,0.0,0.0,0.0,0.0,0.00,0.00,0.00,0.00,54.0,-4196.0,6728.0,50.0,4246.0,370,Chiesa,Liverpool,Federico,223541,Back injury - Unknown return date,3,14,Federico_Chiesa,40,Ipswich Town,14,Liverpool,MID,14
1679,371.0,21.0,12.0,1.0,False,2026-09-04T19:00:00Z,0.0,2.0,3.0,False,26.0,0.0,0.0,0.0,0.0,0.0,0.0,0.0,0.0,0.0,0.0,0.0,2.0,0.0,0.0,0.0,0.0,1.0,1.0,0.0,2.0,0.0,0.00,0.00,0.00,0.17,60.0,-34196.0,168420.0,10774.0,44970.0,371,Gravenberch,Liverpool,Ryan,441266,,3,14,Ryan_Gravenberch,40,Ipswich Town,14,Liverpool,MID,14
1680,372.0,21.0,12.0,2.0,False,2026-09-04T19:00:00Z,0.0,2.0,3.0,False,83.0,0.0,0.0,1.0,0.0,0.0,0.0,0.0,1.0,0.0,0.0,0.0,14.0,0.0,0.0,0.0,0.0,3.0,5.0,3.0,11.0,1.0,0.08,0.02,0.10,0.60,55.0,-17436.0,147584.0,10622.0,28058.0,372,Mac Allister,Liverpool,Alexis,243016,,3,14,Alexis_Mac Allister,40,Ipswich Town,14,Liverpool,MID,14
1681,373.0,21.0,12.0,0.0,False,2026-09-04T19:00:00Z,0.0,2.0,3.0,False,0.0,0.0,0.0,0.0,0.0,0.0,0.0,0.0,0.0,0.0,0.0,0.0,0.0,0.0,0.0,0.0,0.0,0.0,0.0,0.0,0.0,0.0,0.00,0.00,0.00,0.00,55.0,-929.0,2874.0,1.0,930.0,373,Jones,Liverpool,Curtis,206915,Has joined Internazionale permanently,3,14,Curtis_Jones,40,Ipswich Town,14,Liverpool,MID,14
1682,374.0,21.0,12.0,0.0,False,2026-09-04T19:00:00Z,0.0,2.0,3.0,False,0.0,0.0,0.0,0.0,0.0,0.0,0.0,0.0,0.0,0.0,0.0,0.0,0.0,0.0,0.0,0.0,0.0,0.0,0.0,0.0,0.0,0.0,0.00,0.00,0.00,0.00,50.0,-648.0,6810.0,798.0,1446.0,374,Wataru,Liverpool,Endo,158983,,3,14,Endo_Wataru,40,Ipswich Town,14,Liverpool,MID,14
1683,375.0,21.0,12.0,1.0,False,2026-09-04T19:00:00Z,0.0,2.0,3.0,False,6.0,0.0,0.0,0.0,0.0,0.0,0.0,0.0,0.0,0.0,0.0,0.0,3.0,0.0,0.0,0.0,0.0,0.0,0.0,0.0,0.0,0.0,0.00,0.00,0.00,0.15,50.0,-319.0,3899.0,503.0,822.0,375,Nyoni,Liverpool,Trey,591386,,3,14,Trey_Nyoni,40,Ipswich Town,14,Liverpool,MID,14
1684,376.0,21.0,12.0,0.0,False,2026-09-04T19:00:00Z,0.0,2.0,3.0,False,0.0,0.0,0.0,0.0,0.0,0.0,0.0,0.0,0.0,0.0,0.0,0.0,0.0,0.0,0.0,0.0,0.0,0.0,0.0,0.0,0.0,0.0,0.00,0.00,0.00,0.00,50.0,-32.0,148.0,11.0,43.0,376,Bajčetić Maquieira,Liverpool,Stefan,535928,Has joined Celta Vigo permanently,3,14,Stefan_Bajčetić Maquieira,40,Ipswich Town,14,Liverpool,MID,14
1685,377.0,21.0,12.0,3.0,False,2026-09-04T19:00:00Z,0.0,2.0,3.0,False,63.0,0.0,0.0,1.0,0.0,0.0,0.0,0.0,0.0,0.0,0.0,0.0,9.0,0.0,0.0,0.0,0.0,0.0,4.0,0.0,4.0,1.0,0.00,0.02,0.02,0.58,65.0,60010.0,147326.0,83211.0,23201.0,377,Munoz,Liverpool,Victor,551499,,3,14,Victor_Munoz,40,Ipswich Town,14,Liverpool,MID,14
1686,378.0,21.0,12.0,0.0,False,2026-09-04T19:00:00Z,0.0,2.0,3.0,False,0.0,0.0,0.0,0.0,0.0,0.0,0.0,0.0,0.0,0.0,0.0,0.0,0.0,0.0,0.0,0.0,0.0,0.0,0.0,0.0,0.0,0.0,0.00,0.00,0.00,0.00,45.0,-1919.0,24779.0,1404.0,3323.0,378,McConnell,Liverpool,James,491501,,3,14,James_McConnell,40,Ipswich Town,14,Liverpool,MID,14
1687,379.0,21.0,12.0,13.0,False,2026-09-04T19:00:00Z,0.0,2.0,3.0,False,63.0,2.0,0.0,1.0,0.0,0.0,0.0,0.0,0.0,0.0,0.0,3.0,61.0,0.0,0.0,0.0,0.0,1.0,2.0,0.0,3.0,1.0,0.21,0.05,0.26,0.58,90.0,-25262.0,1811350.0,181587.0,206849.0,379,Isak,Liverpool,Alexander,219168,,4,14,Alexander_Isak,40,Ipswich Town,14,Liverpool,FWD,14
1688,380.0,21.0,12.0,0.0,False,2026-09-04T19:00:00Z,0.0,2.0,3.0,False,0.0,0.0,0.0,0.0,0.0,0.0,0.0,0.0,0.0,0.0,0.0,0.0,0.0,0.0,0.0,0.0,0.0,0.0,0.0,0.0,0.0,0.0,0.00,0.00,0.00,0.00,75.0,-2736.0,12739.0,696.0,3432.0,380,Ekitiké,Liverpool,Hugo,510663,Achilles injury - Unknown return date,4,14,Hugo_Ekitiké,40,Ipswich Town,14,Liverpool,FWD,14
1689,381.0,21.0,12.0,1.0,False,2026-09-04T19:00:00Z,0.0,2.0,3.0,False,1.0,0.0,0.0,0.0,0.0,0.0,0.0,0.0,0.0,0.0,0.0,0.0,3.0,0.0,0.0,0.0,0.0,0.0,0.0,0.0,0.0,0.0,0.00,0.00,0.00,0.10,50.0,-217.0,2473.0,161.0,378.0,381,Koumas,Liverpool,Lewis,514514,,3,14,Lewis_Koumas,40,Ipswich Town,14,Liverpool,MID,14
1690,382.0,21.0,12.0,0.0,False,2026-09-04T19:00:00Z,0.0,2.0,3.0,False,0.0,0.0,0.0,0.0,0.0,0.0,0.0,0.0,0.0,0.0,0.0,0.0,0.0,0.0,0.0,0.0,0.0,0.0,0.0,0.0,0.0,0.0,0.00,0.00,0.00,0.00,45.0,1969.0,7591.0,2915.0,946.0,382,Danns,Liverpool,Jayden,500058,,4,14,Jayden_Danns,40,Ipswich Town,14,Liverpool,FWD,14
1691,383.0,21.0,12.0,0.0,False,2026-09-04T19:00:00Z,0.0,2.0,3.0,False,0.0,0.0,0.0,0.0,0.0,0.0,0.0,0.0,0.0,0.0,0.0,0.0,0.0,0.0,0.0,0.0,0.0,0.0,0.0,0.0,0.0,0.0,0.00,0.00,0.00,0.00,54.0,-1929.0,5742.0,527.0,2456.0,383,Elliott,Liverpool,Harvey,444884,Has joined Valencia on loan for the rest of the season,3,14,Harvey_Elliott,40,Ipswich Town,14,Liverpool,MID,14
1692,579.0,21.0,12.0,8.0,False,2026-09-04T19:00:00Z,0.0,2.0,3.0,False,90.0,0.0,0.0,1.0,0.0,0.0,0.0,0.0,0.0,0.0,0.0,0.0,27.0,0.0,0.0,0.0,0.0,9.0,1.0,1.0,10.0,1.0,0.00,0.01,0.01,0.75,54.0,-69165.0,212525.0,11375.0,80540.0,579,Araujo,Liverpool,Ronald,445087,,2,14,Ronald_Araujo,40,Ipswich Town,14,Liverpool,DEF,14
1693,627.0,21.0,12.0,1.0,False,2026-09-04T19:00:00Z,0.0,2.0,3.0,False,26.0,0.0,0.0,0.0,0.0,0.0,0.0,0.0,0.0,0.0,0.0,0.0,5.0,0.0,0.0,0.0,0.0,0.0,0.0,0.0,0.0,0.0,0.00,0.07,0.07,0.17,80.0,116172.0,145340.0,135788.0,19616.0,627,Barcola,Liverpool,Bradley,482616,,3,14,Bradley_Barcola,40,Ipswich Town,14,Liverpool,MID,14
1694,155.0,26.0,7.0,3.0,True,2026-09-05T14:00:00Z,1.0,0.0,3.0,False,75.0,0.0,0.0,1.0,0.0,0.0,0.0,0.0,0.0,0.0,0.0,0.0,17.0,0.0,0.0,0.0,0.0,1.0,1.0,1.0,3.0,1.0,0.13,0.12,0.25,1.00,69.0,-101968.0,341334.0,30968.0,132936.0,155,Fernández,Man City,Enzo,448047,,3,43,Enzo_Fernández,9,Coventry City,43,Man City,MID,15
1695,237.0,26.0,7.0,3.0,True,2026-09-05T14:00:00Z,1.0,0.0,3.0,False,86.0,0.0,0.0,1.0,0.0,0.0,0.0,0.0,0.0,0.0,0.0,0.0,12.0,0.0,0.0,0.0,0.0,1.0,2.0,2.0,5.0,1.0,0.02,0.04,0.06,1.35,60.0,-391471.0,1152171.0,81681.0,473152.0,237,Ndiaye,Man City,Iliman,440993,,3,43,Iliman_Ndiaye,9,Coventry City,43,Man City,MID,15
1696,384.0,26.0,7.0,7.0,True,2026-09-05T14:00:00Z,1.0,0.0,3.0,False,90.0,0.0,0.0,1.0,0.0,0.0,0.0,0.0,0.0,0.0,3.0,0.0,29.0,0.0,0.0,0.0,0.0,1.0,2.0,0.0,0.0,1.0,0.00,0.00,0.00,1.37,55.0,-48925.0,836587.0,71140.0,120065.0,384,Donnarumma,Man City,Gianluigi,204936,,1,43,Gianluigi_Donnarumma,9,Coventry City,43,Man City,GKP,15
1697,386.0,26.0,7.0,0.0,True,2026-09-05T14:00:00Z,1.0,0.0,3.0,False,0.0,0.0,0.0,0.0,0.0,0.0,0.0,0.0,0.0,0.0,0.0,0.0,0.0,0.0,0.0,0.0,0.0,0.0,0.0,0.0,0.0,0.0,0.00,0.00,0.00,0.00,45.0,-201.0,2867.0,172.0,373.0,386,Bettinelli,Man City,Marcus,122074,,1,43,Marcus_Bettinelli,9,Coventry City,43,Man City,GKP,15
1698,387.0,26.0,7.0,0.0,True,2026-09-05T14:00:00Z,1.0,0.0,3.0,False,0.0,0.0,0.0,0.0,0.0,0.0,0.0,0.0,0.0,0.0,0.0,0.0,0.0,0.0,0.0,0.0,0.0,0.0,0.0,0.0,0.0,0.0,0.00,0.00,0.00,0.00,65.0,-193787.0,1933486.0,97243.0,291030.0,387,O'Reilly,Man City,Nico,472769,Back injury - 75% chance of playing,2,43,Nico_O'Reilly,9,Coventry City,43,Man City,DEF,15
1699,388.0,26.0,7.0,8.0,True,2026-09-05T14:00:00Z,1.0,0.0,3.0,False,90.0,0.0,0.0,1.0,0.0,0.0,0.0,0.0,0.0,0.0,0.0,2.0,31.0,0.0,0.0,0.0,0.0,9.0,6.0,0.0,9.0,1.0,0.00,0.02,0.02,1.37,60.0,-59173.0,1945720.0,122887.0,182060.0,388,Guéhi,Man City,Marc,209036,,2,43,Marc_Guéhi,9,Coventry City,43,Man City,DEF,15
1700,389.0,26.0,7.0,0.0,True,2026-09-05T14:00:00Z,1.0,0.0,3.0,False,0.0,0.0,0.0,0.0,0.0,0.0,0.0,0.0,0.0,0.0,0.0,0.0,0.0,0.0,0.0,0.0,0.0,0.0,0.0,0.0,0.0,0.0,0.00,0.00,0.00,0.00,59.0,-37940.0,103772.0,479.0,38419.0,389,Nunes,Man City,Matheus,465351,,2,43,Matheus_Nunes,9,Coventry City,43,Man City,DEF,15
1701,390.0,26.0,7.0,6.0,True,2026-09-05T14:00:00Z,1.0,0.0,3.0,False,90.0,0.0,0.0,1.0,0.0,0.0,0.0,0.0,0.0,0.0,0.0,0.0,25.0,0.0,0.0,0.0,0.0,3.0,0.0,0.0,3.0,1.0,0.00,0.03,0.03,1.37,55.0,-3537.0,186055.0,20417.0,23954.0,390,dos Santos Gato Alves Dias,Man City,Rúben,171314,,2,43,Rúben_dos Santos Gato Alves Dias,9,Coventry City,43,Man City,DEF,15
1702,391.0,26.0,7.0,8.0,True,2026-09-05T14:00:00Z,1.0,0.0,3.0,False,90.0,0.0,0.0,1.0,0.0,0.0,0.0,0.0,0.0,0.0,0.0,2.0,31.0,0.0,0.0,0.0,0.0,4.0,7.0,4.0,8.0,1.0,0.01,0.02,0.03,1.37,56.0,427408.0,2019409.0,548352.0,120944.0,391,Gvardiol,Man City,Joško,477424,,2,43,Joško_Gvardiol,9,Coventry City,43,Man City,DEF,15
1703,392.0,26.0,7.0,0.0,True,2026-09-05T14:00:00Z,1.0,0.0,3.0,False,0.0,0.0,0.0,0.0,0.0,0.0,0.0,0.0,0.0,0.0,0.0,0.0,0.0,0.0,0.0,0.0,0.0,0.0,0.0,0.0,0.0,0.0,0.00,0.00,0.00,0.00,54.0,-23051.0,56252.0,2020.0,25071.0,392,Aït-Nouri,Man City,Rayan,448514,,2,43,Rayan_Aït-Nouri,9,Coventry City,43,Man City,DEF,15
1704,393.0,26.0,7.0,5.0,True,2026-09-05T14:00:00Z,1.0,0.0,3.0,False,90.0,0.0,0.0,1.0,0.0,0.0,0.0,0.0,1.0,0.0,0.0,0.0,22.0,0.0,0.0,0.0,0.0,4.0,4.0,2.0,6.0,1.0,0.00,0.02,0.02,1.37,55.0,-14491.0,166742.0,9792.0,24283.0,393,Khusanov,Man City,Abdukodir,578153,,2,43,Abdukodir_Khusanov,9,Coventry City,43,Man City,DEF,15
1705,394.0,26.0,7.0,0.0,True,2026-09-05T14:00:00Z,1.0,0.0,3.0,False,0.0,0.0,0.0,0.0,0.0,0.0,0.0,0.0,0.0,0.0,0.0,0.0,0.0,0.0,0.0,0.0,0.0,0.0,0.0,0.0,0.0,0.0,0.00,0.00,0.00,0.00,50.0,-142.0,589.0,0.0,142.0,394,Alleyne,Man City,Max,494307,Has joined Burnley on loan for the rest of the season,2,43,Max_Alleyne,9,Coventry City,43,Man City,DEF,15
1706,395.0,26.0,7.0,0.0,True,2026-09-05T14:00:00Z,1.0,0.0,3.0,False,0.0,0.0,0.0,0.0,0.0,0.0,0.0,0.0,0.0,0.0,0.0,0.0,0.0,0.0,0.0,0.0,0.0,0.0,0.0,0.0,0.0,0.0,0.00,0.00,0.00,0.00,45.0,-3581.0,23634.0,2152.0,5733.0,395,Lewis,Man City,Rico,477064,,2,43,Rico_Lewis,9,Coventry City,43,Man City,DEF,15
1707,396.0,26.0,7.0,0.0,True,2026-09-05T14:00:00Z,1.0,0.0,3.0,False,0.0,0.0,0.0,0.0,0.0,0.0,0.0,0.0,0.0,0.0,0.0,0.0,0.0,0.0,0.0,0.0,0.0,0.0,0.0,0.0,0.0,0.0,0.00,0.00,0.00,0.00,45.0,-130.0,2767.0,132.0,262.0,396,de Oliveira Nunes dos Reis,Man City,Vitor,616222,,2,43,Vitor_de Oliveira Nunes dos Reis,9,Coventry City,43,Man City,DEF,15
1708,397.0,26.0,7.0,6.0,True,2026-09-05T14:00:00Z,1.0,0.0,3.0,False,90.0,0.0,1.0,1.0,0.0,0.0,0.0,0.0,0.0,0.0,0.0,0.0,26.0,0.0,0.0,0.0,0.0,0.0,3.0,1.0,4.0,1.0,0.05,0.34,0.39,1.37,85.0,-362493.0,2009104.0,68628.0,431121.0,397,Semenyo,Man City,Antoine,437730,,3,43,Antoine_Semenyo,9,Coventry City,43,Man City,MID,15
1709,398.0,26.0,7.0,1.0,True,2026-09-05T14:00:00Z,1.0,0.0,3.0,False,24.0,0.0,0.0,0.0,0.0,0.0,0.0,0.0,0.0,0.0,0.0,0.0,3.0,0.0,0.0,0.0,0.0,0.0,1.0,0.0,1.0,0.0,0.62,0.01,0.63,0.50,70.0,187857.0,687362.0,262736.0,74879.0,398,Foden,Man City,Phil,209244,,3,43,Phil_Foden,9,Coventry City,43,Man City,MID,15
1710,399.0,26.0,7.0,3.0,True,2026-09-05T14:00:00Z,1.0,0.0,3.0,False,65.0,0.0,0.0,1.0,0.0,0.0,0.0,0.0,0.0,0.0,0.0,0.0,23.0,0.0,0.0,0.0,0.0,0.0,3.0,0.0,3.0,1.0,0.21,0.30,0.51,0.86,77.0,1783948.0,3431400.0,1865890.0,81942.0,399,Cherki,Man City,Rayan,466052,,3,43,Rayan_Cherki,9,Coventry City,43,Man City,MID,15
1711,400.0,26.0,7.0,0.0,True,2026-09-05T14:00:00Z,1.0,0.0,3.0,False,0.0,0.0,0.0,0.0,0.0,0.0,0.0,0.0,0.0,0.0,0.0,0.0,0.0,0.0,0.0,0.0,0.0,0.0,0.0,0.0,0.0,0.0,0.00,0.00,0.00,0.00,74.0,-33918.0,90983.0,453.0,34371.0,400,Doku,Man City,Jérémy,248875,Calf injury - Expected back 13 Sep,3,43,Jérémy_Doku,9,Coventry City,43,Man City,MID,15
1712,402.0,26.0,7.0,0.0,True,2026-09-05T14:00:00Z,1.0,0.0,3.0,False,0.0,0.0,0.0,0.0,0.0,0.0,0.0,0.0,0.0,0.0,0.0,0.0,0.0,0.0,0.0,0.0,0.0,0.0,0.0,0.0,0.0,0.0,0.00,0.00,0.00,0.00,65.0,-269.0,1283.0,0.0,269.0,402,Hernandez Cascante,Man City,Rodrigo 'Rodri',220566,Has joined Barcelona permanently,3,43,Rodrigo 'Rodri'_Hernandez Cascante,9,Coventry City,43,Man City,MID,15
1713,404.0,26.0,7.0,0.0,True,2026-09-05T14:00:00Z,1.0,0.0,3.0,False,0.0,0.0,0.0,0.0,0.0,0.0,0.0,0.0,0.0,0.0,0.0,0.0,0.0,0.0,0.0,0.0,0.0,0.0,0.0,0.0,0.0,0.0,0.00,0.00,0.00,0.00,60.0,-1696.0,4425.0,0.0,1696.0,404,Reijnders,Man City,Tijjani,433036,Has joined Al Qadsiah permanently,3,43,Tijjani_Reijnders,9,Coventry City,43,Man City,MID,15
1714,406.0,26.0,7.0,0.0,True,2026-09-05T14:00:00Z,1.0,0.0,3.0,False,0.0,0.0,0.0,0.0,0.0,0.0,0.0,0.0,0.0,0.0,0.0,0.0,0.0,0.0,0.0,0.0,0.0,0.0,0.0,0.0,0.0,0.0,0.00,0.00,0.00,0.00,55.0,-1500.0,8577.0,647.0,2147.0,406,Kovačić,Man City,Mateo,91651,,3,43,Mateo_Kovačić,9,Coventry City,43,Man City,MID,15
1715,407.0,26.0,7.0,0.0,True,2026-09-05T14:00:00Z,1.0,0.0,3.0,False,0.0,0.0,0.0,0.0,0.0,0.0,0.0,0.0,0.0,0.0,0.0,0.0,0.0,0.0,0.0,0.0,0.0,0.0,0.0,0.0,0.0,0.0,0.00,0.00,0.00,0.00,49.0,-349.0,1429.0,157.0,506.0,407,Echeverri,Man City,Claudio,575204,Has joined Benfica on loan for the rest of the season,3,43,Claudio_Echeverri,9,Coventry City,43,Man City,MID,15
1716,408.0,26.0,7.0,0.0,True,2026-09-05T14:00:00Z,1.0,0.0,3.0,False,0.0,0.0,0.0,0.0,0.0,0.0,0.0,0.0,0.0,0.0,0.0,0.0,0.0,0.0,0.0,0.0,0.0,0.0,0.0,0.0,0.0,0.0,0.00,0.00,0.00,0.00,50.0,-156.0,608.0,0.0,156.0,408,Phillips,Man City,Kalvin,155405,Has joined Sheffield United on loan for the rest of the season,3,43,Kalvin_Phillips,9,Coventry City,43,Man City,MID,15
1717,409.0,26.0,7.0,0.0,True,2026-09-05T14:00:00Z,1.0,0.0,3.0,False,0.0,0.0,0.0,0.0,0.0,0.0,0.0,0.0,0.0,0.0,0.0,0.0,0.0,0.0,0.0,0.0,0.0,0.0,0.0,0.0,0.0,0.0,0.00,0.00,0.00,0.00,45.0,-3281.0,14465.0,694.0,3975.0,409,Mukasa,Man City,Divine,590039,has joined West Ham on loan for the rest of the seaon.,3,43,Divine_Mukasa,9,Coventry City,43,Man City,MID,15
1718,410.0,26.0,7.0,0.0,True,2026-09-05T14:00:00Z,1.0,0.0,3.0,False,0.0,0.0,0.0,0.0,0.0,0.0,0.0,0.0,0.0,0.0,0.0,0.0,0.0,0.0,0.0,0.0,0.0,0.0,0.0,0.0,0.0,0.0,0.00,0.00,0.00,0.00,49.0,-309.0,1321.0,143.0,452.0,410,Monga,Man City,Jeremy,649208,Has joined Swansea City on loan for the rest of the season,3,43,Jeremy_Monga,9,Coventry City,43,Man City,MID,15
1719,411.0,26.0,7.0,9.0,True,2026-09-05T14:00:00Z,1.0,0.0,3.0,False,90.0,1.0,0.0,1.0,0.0,0.0,0.0,0.0,0.0,0.0,0.0,3.0,40.0,0.0,0.0,0.0,0.0,5.0,2.0,0.0,7.0,1.0,1.06,0.48,1.54,1.37,155.0,360063.0,7594638.0,400573.0,40510.0,411,Haaland,Man City,Erling,223094,,4,43,Erling_Haaland,9,Coventry City,43,Man City,FWD,15
1720,481.0,26.0,7.0,3.0,True,2026-09-05T14:00:00Z,1.0,0.0,3.0,False,90.0,0.0,0.0,1.0,0.0,0.0,0.0,0.0,0.0,0.0,0.0,0.0,23.0,0.0,0.0,0.0,0.0,4.0,6.0,1.0,11.0,1.0,0.02,0.17,0.19,1.37,64.0,-91799.0,514714.0,41120.0,132919.0,481,Anderson,Man City,Elliot,215379,,3,43,Elliot_Anderson,9,Coventry City,43,Man City,MID,15
1721,587.0,26.0,7.0,0.0,True,2026-09-05T14:00:00Z,1.0,0.0,3.0,False,0.0,0.0,0.0,0.0,0.0,0.0,0.0,0.0,0.0,0.0,0.0,0.0,0.0,0.0,0.0,0.0,0.0,0.0,0.0,0.0,0.0,0.0,0.00,0.00,0.00,0.00,50.0,-193.0,2050.0,147.0,340.0,587,Rulli,Man City,Gerónimo,106921,,1,43,Gerónimo_Rulli,9,Coventry City,43,Man City,GKP,15
1722,616.0,26.0,7.0,1.0,True,2026-09-05T14:00:00Z,1.0,0.0,3.0,False,14.0,0.0,0.0,0.0,0.0,0.0,0.0,0.0,0.0,0.0,0.0,0.0,5.0,0.0,0.0,0.0,0.0,2.0,3.0,0.0,5.0,0.0,0.00,0.00,0.00,0.37,55.0,6041.0,15546.0,9299.0,3258.0,616,Bouaddi,Man City,Ayyoub,637238,,3,43,Ayyoub_Bouaddi,9,Coventry City,43,Man City,MID,15
1723,621.0,26.0,7.0,1.0,True,2026-09-05T14:00:00Z,1.0,0.0,3.0,False,3.0,0.0,0.0,0.0,0.0,0.0,0.0,0.0,0.0,0.0,0.0,0.0,5.0,0.0,0.0,0.0,0.0,0.0,2.0,2.0,4.0,0.0,0.00,0.00,0.00,0.02,45.0,4752.0,9526.0,6678.0,1926.0,621,McAidoo,Man City,Ryan,616288,,3,43,Ryan_McAidoo,9,Coventry City,43,Man City,MID,15
1724,622.0,26.0,7.0,0.0,True,2026-09-05T14:00:00Z,1.0,0.0,3.0,False,0.0,0.0,0.0,0.0,0.0,0.0,0.0,0.0,0.0,0.0,0.0,0.0,0.0,0.0,0.0,0.0,0.0,0.0,0.0,0.0,0.0,0.0,0.00,0.00,0.00,0.00,40.0,7079.0,14144.0,9284.0,2205.0,622,Braithwaite,Man City,Kaden,554054,,2,43,Kaden_Braithwaite,9,Coventry City,43,Man City,DEF,15
1725,628.0,26.0,7.0,0.0,True,2026-09-05T14:00:00Z,1.0,0.0,3.0,False,0.0,0.0,0.0,0.0,0.0,0.0,0.0,0.0,0.0,0.0,0.0,0.0,0.0,0.0,0.0,0.0,0.0,0.0,0.0,0.0,0.0,0.0,0.00,0.00,0.00,0.00,60.0,213.0,365.0,300.0,87.0,628,Andrade Elias,Man City,Allan,624777,,3,43,Allan_Andrade Elias,9,Coventry City,43,Man City,MID,15
1726,653.0,26.0,7.0,0.0,True,2026-09-05T14:00:00Z,1.0,0.0,3.0,False,0.0,0.0,0.0,0.0,0.0,0.0,0.0,0.0,0.0,0.0,0.0,0.0,0.0,0.0,0.0,0.0,0.0,0.0,0.0,0.0,0.0,0.0,0.00,0.00,0.00,0.00,45.0,0.0,0.0,0.0,0.0,653,Samba,Man City,Floyd,595480,,3,43,Floyd_Samba,9,Coventry City,43,Man City,MID,15
1727,43.0,30.0,9.0,2.0,False,2026-09-06T13:00:00Z,2.0,2.0,3.0,False,90.0,0.0,0.0,0.0,2.0,0.0,0.0,0.0,0.0,0.0,0.0,0.0,17.0,0.0,0.0,0.0,0.0,2.0,5.0,0.0,7.0,1.0,0.05,0.06,0.11,1.01,59.0,-38742.0,201931.0,12766.0,51508.0,43,Tielemans,Man Utd,Youri,166989,,3,1,Youri_Tielemans,11,Everton,1,Man Utd,MID,16
1728,131.0,30.0,9.0,0.0,False,2026-09-06T13:00:00Z,2.0,2.0,3.0,False,0.0,0.0,0.0,0.0,0.0,0.0,0.0,0.0,0.0,0.0,0.0,0.0,0.0,0.0,0.0,0.0,0.0,0.0,0.0,0.0,0.0,0.0,0.00,0.00,0.00,0.00,50.0,-3278.0,14956.0,1696.0,4974.0,131,Baleba,Man Utd,Carlos,535301,Ankle injury - Expected back 19 Sep,3,1,Carlos_Baleba,11,Everton,1,Man Utd,MID,16
1729,162.0,30.0,9.0,1.0,False,2026-09-06T13:00:00Z,2.0,2.0,3.0,False,6.0,0.0,0.0,0.0,1.0,0.0,0.0,0.0,0.0,0.0,0.0,0.0,4.0,0.0,0.0,0.0,0.0,4.0,0.0,0.0,4.0,0.0,0.00,0.01,0.01,0.09,49.0,-16957.0,83163.0,7346.0,24303.0,162,Nascimento dos Santos,Man Utd,Andrey,532605,,3,1,Andrey_Nascimento dos Santos,11,Everton,1,Man Utd,MID,16
1730,325.0,30.0,9.0,0.0,False,2026-09-06T13:00:00Z,2.0,2.0,3.0,False,0.0,0.0,0.0,0.0,0.0,0.0,0.0,0.0,0.0,0.0,0.0,0.0,0.0,0.0,0.0,0.0,0.0,0.0,0.0,0.0,0.0,0.0,0.00,0.00,0.00,0.00,45.0,-122.0,4184.0,340.0,462.0,325,Darlow,Man Utd,Karl,59735,,1,1,Karl_Darlow,11,Everton,1,Man Utd,GKP,16
1731,412.0,30.0,9.0,2.0,False,2026-09-06T13:00:00Z,2.0,2.0,3.0,False,90.0,0.0,0.0,0.0,2.0,0.0,0.0,0.0,0.0,0.0,4.0,0.0,13.0,0.0,0.0,0.0,0.0,1.0,14.0,0.0,0.0,1.0,0.00,0.00,0.00,1.01,50.0,-158382.0,1379189.0,32200.0,190582.0,412,Lammens,Man Utd,Senne,465247,,1,1,Senne_Lammens,11,Everton,1,Man Utd,GKP,16
1732,413.0,30.0,9.0,0.0,False,2026-09-06T13:00:00Z,2.0,2.0,3.0,False,0.0,0.0,0.0,0.0,0.0,0.0,0.0,0.0,0.0,0.0,0.0,0.0,0.0,0.0,0.0,0.0,0.0,0.0,0.0,0.0,0.0,0.0,0.00,0.00,0.00,0.00,45.0,-292.0,1465.0,0.0,292.0,413,Bayındır,Man Utd,Altay,451302,Has joined Celta Vigo on loan for the rest of the season,1,1,Altay_Bayındır,11,Everton,1,Man Utd,GKP,16
1733,414.0,30.0,9.0,0.0,False,2026-09-06T13:00:00Z,2.0,2.0,3.0,False,0.0,0.0,0.0,0.0,0.0,0.0,0.0,0.0,0.0,0.0,0.0,0.0,0.0,0.0,0.0,0.0,0.0,0.0,0.0,0.0,0.0,0.0,0.00,0.00,0.00,0.00,40.0,-342.0,8868.0,634.0,976.0,414,Heaton,Man Utd,Tom,21205,Hamstring injury - Unknown return date,1,1,Tom_Heaton,11,Everton,1,Man Utd,GKP,16
1734,415.0,30.0,9.0,1.0,False,2026-09-06T13:00:00Z,2.0,2.0,3.0,False,20.0,0.0,0.0,0.0,2.0,0.0,0.0,0.0,0.0,0.0,0.0,0.0,3.0,0.0,0.0,0.0,0.0,1.0,1.0,1.0,3.0,0.0,0.00,0.01,0.01,0.36,59.0,-33546.0,75573.0,3139.0,36685.0,415,Dorgu,Man Utd,Patrick,596777,,3,1,Patrick_Dorgu,11,Everton,1,Man Utd,MID,16
1735,416.0,30.0,9.0,0.0,False,2026-09-06T13:00:00Z,2.0,2.0,3.0,False,0.0,0.0,0.0,0.0,0.0,0.0,0.0,0.0,0.0,0.0,0.0,0.0,0.0,0.0,0.0,0.0,0.0,0.0,0.0,0.0,0.0,0.0,0.00,0.00,0.00,0.00,50.0,-367.0,2390.0,96.0,463.0,416,de Ligt,Man Utd,Matthijs,209365,Back injury - Unknown return date,2,1,Matthijs_de Ligt,11,Everton,1,Man Utd,DEF,16
1736,417.0,30.0,9.0,1.0,False,2026-09-06T13:00:00Z,2.0,2.0,3.0,False,83.0,0.0,0.0,0.0,1.0,0.0,0.0,0.0,1.0,0.0,0.0,0.0,8.0,0.0,0.0,0.0,0.0,2.0,3.0,2.0,4.0,1.0,0.01,0.01,0.02,0.92,50.0,-29674.0,219064.0,9011.0,38685.0,417,Dalot Teixeira,Man Utd,Diogo,216051,,2,1,Diogo_Dalot Teixeira,11,Everton,1,Man Utd,DEF,16
1737,418.0,30.0,9.0,2.0,False,2026-09-06T13:00:00Z,2.0,2.0,3.0,False,90.0,0.0,0.0,0.0,2.0,0.0,0.0,0.0,1.0,0.0,0.0,0.0,1.0,0.0,0.0,0.0,0.0,12.0,2.0,0.0,12.0,1.0,0.00,0.01,0.01,1.01,50.0,-240933.0,1407635.0,49780.0,290713.0,418,Maguire,Man Utd,Harry,95658,,2,1,Harry_Maguire,11,Everton,1,Man Utd,DEF,16
1738,419.0,30.0,9.0,3.0,False,2026-09-06T13:00:00Z,2.0,2.0,3.0,False,90.0,0.0,0.0,0.0,2.0,0.0,0.0,0.0,0.0,0.0,0.0,0.0,7.0,0.0,0.0,0.0,0.0,10.0,2.0,0.0,10.0,1.0,0.00,0.00,0.00,1.01,50.0,-9944.0,128156.0,8174.0,18118.0,419,Martínez,Man Utd,Lisandro,221820,,2,1,Lisandro_Martínez,11,Everton,1,Man Utd,DEF,16
1739,420.0,30.0,9.0,1.0,False,2026-09-06T13:00:00Z,2.0,2.0,3.0,False,6.0,0.0,0.0,0.0,1.0,0.0,0.0,0.0,0.0,0.0,0.0,0.0,1.0,0.0,0.0,0.0,0.0,1.0,0.0,2.0,3.0,0.0,0.00,0.01,0.01,0.09,49.0,-9461.0,56599.0,1735.0,11196.0,420,Yoro,Man Utd,Leny,550864,,2,1,Leny_Yoro,11,Everton,1,Man Utd,DEF,16
1740,421.0,30.0,9.0,0.0,False,2026-09-06T13:00:00Z,2.0,2.0,3.0,False,0.0,0.0,0.0,0.0,0.0,0.0,0.0,0.0,0.0,0.0,0.0,0.0,0.0,0.0,0.0,0.0,0.0,0.0,0.0,0.0,0.0,0.0,0.00,0.00,0.00,0.00,45.0,-7661.0,34853.0,1300.0,8961.0,421,Heaven,Man Utd,Ayden,606745,,2,1,Ayden_Heaven,11,Everton,1,Man Utd,DEF,16
1741,422.0,30.0,9.0,1.0,False,2026-09-06T13:00:00Z,2.0,2.0,3.0,False,1.0,0.0,0.0,0.0,1.0,0.0,0.0,0.0,0.0,0.0,0.0,0.0,-1.0,0.0,0.0,0.0,0.0,0.0,0.0,1.0,1.0,0.0,0.00,0.01,0.01,0.07,45.0,-9779.0,64636.0,3244.0,13023.0,422,Mazraoui,Man Utd,Noussair,230001,,2,1,Noussair_Mazraoui,11,Everton,1,Man Utd,DEF,16
1742,423.0,30.0,9.0,4.0,False,2026-09-06T13:00:00Z,2.0,2.0,3.0,False,90.0,0.0,1.0,0.0,1.0,0.0,0.0,0.0,1.0,0.0,0.0,0.0,22.0,0.0,0.0,0.0,0.0,7.0,1.0,1.0,8.0,1.0,0.02,0.23,0.25,0.94,45.0,-303431.0,1575355.0,30459.0,333890.0,423,Shaw,Man Utd,Luke,106760,,2,1,Luke_Shaw,11,Everton,1,Man Utd,DEF,16
1743,424.0,30.0,9.0,0.0,False,2026-09-06T13:00:00Z,2.0,2.0,3.0,False,0.0,0.0,0.0,0.0,0.0,0.0,0.0,0.0,0.0,0.0,0.0,0.0,0.0,0.0,0.0,0.0,0.0,0.0,0.0,0.0,0.0,0.0,0.00,0.00,0.00,0.00,40.0,-414.0,21308.0,1942.0,2356.0,424,Amass,Man Utd,Harry,577974,,2,1,Harry_Amass,11,Everton,1,Man Utd,DEF,16
1744,425.0,30.0,9.0,0.0,False,2026-09-06T13:00:00Z,2.0,2.0,3.0,False,0.0,0.0,0.0,0.0,0.0,0.0,0.0,0.0,0.0,0.0,0.0,0.0,0.0,0.0,0.0,0.0,0.0,0.0,0.0,0.0,0.0,0.0,0.00,0.00,0.00,0.00,40.0,-329.0,1561.0,0.0,329.0,425,Fredricson,Man Utd,Tyler,547676,Has joined Lausanne-Sport permanently,2,1,Tyler_Fredricson,11,Everton,1,Man Utd,DEF,16
1745,426.0,30.0,9.0,2.0,False,2026-09-06T13:00:00Z,2.0,2.0,3.0,False,90.0,0.0,0.0,0.0,2.0,0.0,0.0,0.0,0.0,0.0,0.0,0.0,11.0,0.0,0.0,0.0,0.0,0.0,2.0,0.0,2.0,1.0,0.15,0.06,0.21,1.01,120.0,36750.0,5025755.0,371832.0,335082.0,426,Borges Fernandes,Man Utd,Bruno,141746,,3,1,Bruno_Borges Fernandes,11,Everton,1,Man Utd,MID,16
1746,427.0,30.0,9.0,8.0,False,2026-09-06T13:00:00Z,2.0,2.0,3.0,False,90.0,1.0,0.0,0.0,2.0,0.0,0.0,0.0,0.0,0.0,0.0,1.0,29.0,0.0,0.0,0.0,0.0,4.0,4.0,0.0,8.0,1.0,0.05,0.03,0.08,1.01,80.0,-752284.0,2705759.0,92628.0,844912.0,427,Mbeumo,Man Utd,Bryan,446008,,3,1,Bryan_Mbeumo,11,Everton,1,Man Utd,MID,16
1747,428.0,30.0,9.0,3.0,False,2026-09-06T13:00:00Z,2.0,2.0,3.0,False,69.0,0.0,0.0,1.0,0.0,0.0,0.0,0.0,0.0,0.0,0.0,0.0,10.0,0.0,0.0,0.0,0.0,0.0,1.0,2.0,3.0,1.0,0.12,0.05,0.17,0.65,80.0,-134183.0,802045.0,23584.0,157767.0,428,Santos Carneiro da Cunha,Man Utd,Matheus,430871,,3,1,Matheus_Santos Carneiro da Cunha,11,Everton,1,Man Utd,MID,16
1748,429.0,30.0,9.0,3.0,False,2026-09-06T13:00:00Z,2.0,2.0,3.0,False,69.0,0.0,0.0,1.0,0.0,0.0,0.0,0.0,0.0,0.0,0.0,0.0,11.0,0.0,0.0,0.0,0.0,0.0,4.0,0.0,4.0,1.0,0.00,0.06,0.06,0.65,70.0,-15044.0,166436.0,22811.0,37855.0,429,Rashford,Man Utd,Marcus,176297,,3,1,Marcus_Rashford,11,Everton,1,Man Utd,MID,16
1749,430.0,30.0,9.0,0.0,False,2026-09-06T13:00:00Z,2.0,2.0,3.0,False,0.0,0.0,0.0,0.0,0.0,0.0,0.0,0.0,0.0,0.0,0.0,0.0,0.0,0.0,0.0,0.0,0.0,0.0,0.0,0.0,0.0,0.0,0.00,0.00,0.00,0.00,54.0,-530.0,2327.0,60.0,590.0,430,Mount,Man Utd,Mason,184341,,3,1,Mason_Mount,11,Everton,1,Man Utd,MID,16
1750,431.0,30.0,9.0,0.0,False,2026-09-06T13:00:00Z,2.0,2.0,3.0,False,0.0,0.0,0.0,0.0,0.0,0.0,0.0,0.0,0.0,0.0,0.0,0.0,0.0,0.0,0.0,0.0,0.0,0.0,0.0,0.0,0.0,0.0,0.00,0.00,0.00,0.00,58.0,-42560.0,50069.0,243.0,42803.0,431,Diallo,Man Utd,Amad,493250,Unspecified injury - Unknown return date,3,1,Amad_Diallo,11,Everton,1,Man Utd,MID,16
1751,432.0,30.0,9.0,9.0,False,2026-09-06T13:00:00Z,2.0,2.0,3.0,False,83.0,0.0,1.0,0.0,1.0,0.0,0.0,0.0,0.0,0.0,0.0,2.0,32.0,0.0,0.0,0.0,0.0,3.0,10.0,2.0,15.0,1.0,0.00,0.07,0.07,0.92,55.0,6351.0,117218.0,19482.0,13131.0,432,Mainoo,Man Utd,Kobbie,516895,,3,1,Kobbie_Mainoo,11,Everton,1,Man Utd,MID,16
1752,433.0,30.0,9.0,0.0,False,2026-09-06T13:00:00Z,2.0,2.0,3.0,False,0.0,0.0,0.0,0.0,0.0,0.0,0.0,0.0,0.0,0.0,0.0,0.0,0.0,0.0,0.0,0.0,0.0,0.0,0.0,0.0,0.0,0.0,0.00,0.00,0.00,0.00,50.0,-37.0,371.0,32.0,69.0,433,Ugarte Ribeiro,Man Utd,Manuel,232112,Knee injury - Unknown return date,3,1,Manuel_Ugarte Ribeiro,11,Everton,1,Man Utd,MID,16
1753,434.0,30.0,9.0,0.0,False,2026-09-06T13:00:00Z,2.0,2.0,3.0,False,0.0,0.0,0.0,0.0,0.0,0.0,0.0,0.0,0.0,0.0,0.0,0.0,0.0,0.0,0.0,0.0,0.0,0.0,0.0,0.0,0.0,0.0,0.00,0.00,0.00,0.00,50.0,-102.0,1121.0,84.0,186.0,434,Fletcher,Man Utd,Jack,547037,,3,1,Jack_Fletcher,11,Everton,1,Man Utd,MID,16
1754,435.0,30.0,9.0,0.0,False,2026-09-06T13:00:00Z,2.0,2.0,3.0,False,0.0,0.0,0.0,0.0,0.0,0.0,0.0,0.0,0.0,0.0,0.0,0.0,0.0,0.0,0.0,0.0,0.0,0.0,0.0,0.0,0.0,0.0,0.00,0.00,0.00,0.00,50.0,-740.0,5286.0,298.0,1038.0,435,Lacey,Man Utd,Shea,576628,,3,1,Shea_Lacey,11,Everton,1,Man Utd,MID,16
1755,436.0,30.0,9.0,0.0,False,2026-09-06T13:00:00Z,2.0,2.0,3.0,False,0.0,0.0,0.0,0.0,0.0,0.0,0.0,0.0,0.0,0.0,0.0,0.0,0.0,0.0,0.0,0.0,0.0,0.0,0.0,0.0,0.0,0.0,0.00,0.00,0.00,0.00,50.0,-291.0,1461.0,90.0,381.0,436,Collyer,Man Utd,Toby,490881,Has joined West Brom permanently,3,1,Toby_Collyer,11,Everton,1,Man Utd,MID,16
1756,437.0,30.0,9.0,0.0,False,2026-09-06T13:00:00Z,2.0,2.0,3.0,False,0.0,0.0,0.0,0.0,0.0,0.0,0.0,0.0,0.0,0.0,0.0,0.0,0.0,0.0,0.0,0.0,0.0,0.0,0.0,0.0,0.0,0.0,0.00,0.00,0.00,0.00,45.0,-934.0,18885.0,1762.0,2696.0,437,Mantato,Man Utd,Bendito,576620,,3,1,Bendito_Mantato,11,Everton,1,Man Utd,MID,16
1757,438.0,30.0,9.0,0.0,False,2026-09-06T13:00:00Z,2.0,2.0,3.0,False,0.0,0.0,0.0,0.0,0.0,0.0,0.0,0.0,0.0,0.0,0.0,0.0,0.0,0.0,0.0,0.0,0.0,0.0,0.0,0.0,0.0,0.0,0.00,0.00,0.00,0.00,45.0,-2436.0,32226.0,1884.0,4320.0,438,Fletcher,Man Utd,Tyler,519913,,3,1,Tyler_Fletcher,11,Everton,1,Man Utd,MID,16
1758,439.0,30.0,9.0,5.0,False,2026-09-06T13:00:00Z,2.0,2.0,3.0,False,20.0,1.0,0.0,0.0,2.0,0.0,0.0,0.0,0.0,0.0,0.0,0.0,28.0,0.0,0.0,0.0,0.0,0.0,0.0,0.0,0.0,0.0,0.29,0.00,0.29,0.36,70.0,-32919.0,161952.0,15581.0,48500.0,439,Sesko,Man Utd,Benjamin,485711,,4,1,Benjamin_Sesko,11,Everton,1,Man Utd,FWD,16
1759,440.0,30.0,9.0,0.0,False,2026-09-06T13:00:00Z,2.0,2.0,3.0,False,0.0,0.0,0.0,0.0,0.0,0.0,0.0,0.0,0.0,0.0,0.0,0.0,0.0,0.0,0.0,0.0,0.0,0.0,0.0,0.0,0.0,0.0,0.00,0.00,0.00,0.00,54.0,-7291.0,47734.0,5615.0,12906.0,440,Zirkzee,Man Utd,Joshua,458249,,4,1,Joshua_Zirkzee,11,Everton,1,Man Utd,FWD,16
1760,441.0,30.0,9.0,0.0,False,2026-09-06T13:00:00Z,2.0,2.0,3.0,False,0.0,0.0,0.0,0.0,0.0,0.0,0.0,0.0,0.0,0.0,0.0,0.0,0.0,0.0,0.0,0.0,0.0,0.0,0.0,0.0,0.0,0.0,0.00,0.00,0.00,0.00,45.0,3280.0,125871.0,19118.0,15838.0,441,Obi,Man Utd,Chido,596047,,4,1,Chido_Obi,11,Everton,1,Man Utd,FWD,16
1761,405.0,27.0,3.0,2.0,True,2026-09-05T11:30:00Z,2.0,2.0,3.0,False,76.0,0.0,0.0,0.0,2.0,0.0,0.0,0.0,0.0,0.0,0.0,0.0,11.0,0.0,0.0,0.0,0.0,1.0,6.0,0.0,7.0,1.0,0.00,0.01,0.01,1.33,55.0,7163.0,26047.0,10136.0,2973.0,405,González Iglesias,Newcastle,Nico,465694,,3,4,Nico_González Iglesias,91,Bournemouth,4,Newcastle,MID,17
1762,442.0,27.0,3.0,0.0,True,2026-09-05T11:30:00Z,2.0,2.0,3.0,False,0.0,0.0,0.0,0.0,0.0,0.0,0.0,0.0,0.0,0.0,0.0,0.0,0.0,0.0,0.0,0.0,0.0,0.0,0.0,0.0,0.0,0.0,0.00,0.00,0.00,0.00,50.0,-14257.0,115196.0,4952.0,19209.0,442,Pope,Newcastle,Nick,98747,,1,4,Nick_Pope,91,Bournemouth,4,Newcastle,GKP,17
1763,443.0,27.0,3.0,0.0,True,2026-09-05T11:30:00Z,2.0,2.0,3.0,False,0.0,0.0,0.0,0.0,0.0,0.0,0.0,0.0,0.0,0.0,0.0,0.0,0.0,0.0,0.0,0.0,0.0,0.0,0.0,0.0,0.0,0.0,0.00,0.00,0.00,0.00,45.0,-143.0,3576.0,239.0,382.0,443,Gillespie,Newcastle,Mark,81441,,1,4,Mark_Gillespie,91,Bournemouth,4,Newcastle,GKP,17
1764,444.0,27.0,3.0,0.0,True,2026-09-05T11:30:00Z,2.0,2.0,3.0,False,0.0,0.0,0.0,0.0,0.0,0.0,0.0,0.0,0.0,0.0,0.0,0.0,0.0,0.0,0.0,0.0,0.0,0.0,0.0,0.0,0.0,0.0,0.00,0.00,0.00,0.00,45.0,-279.0,2647.0,182.0,461.0,444,Jaouen,Newcastle,Ewen,554578,,1,4,Ewen_Jaouen,91,Bournemouth,4,Newcastle,GKP,17
1765,445.0,27.0,3.0,-1.0,True,2026-09-05T11:30:00Z,2.0,2.0,3.0,False,90.0,0.0,0.0,0.0,2.0,1.0,0.0,0.0,0.0,0.0,0.0,0.0,0.0,0.0,0.0,0.0,0.0,3.0,3.0,0.0,3.0,1.0,0.00,0.05,0.05,1.37,50.0,40274.0,238054.0,72237.0,31963.0,445,Thiaw,Newcastle,Malick,465642,,2,4,Malick_Thiaw,91,Bournemouth,4,Newcastle,DEF,17
1766,446.0,27.0,3.0,0.0,True,2026-09-05T11:30:00Z,2.0,2.0,3.0,False,0.0,0.0,0.0,0.0,0.0,0.0,0.0,0.0,0.0,0.0,0.0,0.0,0.0,0.0,0.0,0.0,0.0,0.0,0.0,0.0,0.0,0.0,0.00,0.00,0.00,0.00,50.0,-2838.0,24845.0,2055.0,4893.0,446,Schär,Newcastle,Fabian,119471,,2,4,Fabian_Schär,91,Bournemouth,4,Newcastle,DEF,17
1767,447.0,27.0,3.0,1.0,True,2026-09-05T11:30:00Z,2.0,2.0,3.0,False,90.0,0.0,0.0,0.0,2.0,0.0,0.0,0.0,0.0,0.0,0.0,0.0,3.0,0.0,0.0,0.0,0.0,8.0,3.0,1.0,9.0,1.0,0.00,0.16,0.16,1.37,50.0,8611.0,69972.0,15452.0,6841.0,447,Botman,Newcastle,Sven,220237,,2,4,Sven_Botman,91,Bournemouth,4,Newcastle,DEF,17
1768,448.0,27.0,3.0,0.0,True,2026-09-05T11:30:00Z,2.0,2.0,3.0,False,0.0,0.0,0.0,0.0,0.0,0.0,0.0,0.0,0.0,0.0,0.0,0.0,0.0,0.0,0.0,0.0,0.0,0.0,0.0,0.0,0.0,0.0,0.00,0.00,0.00,0.00,49.0,-46419.0,114109.0,549.0,46968.0,448,Burn,Newcastle,Dan,78916,Ankle injury - Expected back 14 Sep,2,4,Dan_Burn,91,Bournemouth,4,Newcastle,DEF,17
1769,449.0,27.0,3.0,4.0,True,2026-09-05T11:30:00Z,2.0,2.0,3.0,False,89.0,0.0,1.0,0.0,2.0,0.0,0.0,0.0,0.0,0.0,0.0,0.0,20.0,0.0,0.0,0.0,0.0,5.0,13.0,1.0,6.0,1.0,0.01,0.01,0.02,1.35,51.0,496570.0,1101917.0,576636.0,80066.0,449,Hall,Newcastle,Lewis,487838,,2,4,Lewis_Hall,91,Bournemouth,4,Newcastle,DEF,17
1770,450.0,27.0,3.0,1.0,True,2026-09-05T11:30:00Z,2.0,2.0,3.0,False,1.0,0.0,0.0,0.0,0.0,0.0,0.0,0.0,0.0,0.0,0.0,0.0,3.0,0.0,0.0,0.0,0.0,0.0,0.0,0.0,0.0,0.0,0.00,0.00,0.00,0.02,49.0,-745.0,2841.0,115.0,860.0,450,Livramento,Newcastle,Tino,441191,,2,4,Tino_Livramento,91,Bournemouth,4,Newcastle,DEF,17
1771,451.0,27.0,3.0,0.0,True,2026-09-05T11:30:00Z,2.0,2.0,3.0,False,0.0,0.0,0.0,0.0,0.0,0.0,0.0,0.0,0.0,0.0,0.0,0.0,0.0,0.0,0.0,0.0,0.0,0.0,0.0,0.0,0.0,0.0,0.00,0.00,0.00,0.00,40.0,-1826.0,7660.0,0.0,1826.0,451,Murphy,Newcastle,Alex,545477,Has joined FC Kaiserslautern on loan for the rest of the season,2,4,Alex_Murphy,91,Bournemouth,4,Newcastle,DEF,17
1772,453.0,27.0,3.0,12.0,True,2026-09-05T11:30:00Z,2.0,2.0,3.0,False,90.0,1.0,1.0,0.0,2.0,0.0,0.0,0.0,0.0,0.0,0.0,2.0,37.0,0.0,0.0,0.0,0.0,2.0,4.0,0.0,6.0,1.0,0.11,0.03,0.14,1.37,60.0,2446.0,122479.0,25187.0,22741.0,453,Barnes,Newcastle,Harvey,201666,,3,4,Harvey_Barnes,91,Bournemouth,4,Newcastle,MID,17
1773,454.0,27.0,3.0,1.0,True,2026-09-05T11:30:00Z,2.0,2.0,3.0,False,76.0,0.0,0.0,0.0,2.0,0.0,0.0,0.0,1.0,0.0,0.0,0.0,8.0,0.0,0.0,0.0,0.0,1.0,1.0,2.0,4.0,1.0,0.00,0.23,0.23,1.33,61.0,716203.0,1142637.0,810672.0,94469.0,454,Elanga,Newcastle,Anthony,449434,,3,4,Anthony_Elanga,91,Bournemouth,4,Newcastle,MID,17
1774,456.0,27.0,3.0,6.0,True,2026-09-05T11:30:00Z,2.0,2.0,3.0,False,27.0,1.0,0.0,0.0,0.0,0.0,0.0,0.0,0.0,0.0,0.0,0.0,22.0,0.0,0.0,0.0,0.0,0.0,4.0,0.0,4.0,0.0,0.11,0.02,0.13,0.04,50.0,-4753.0,30127.0,1799.0,6552.0,456,Ramsey,Newcastle,Jacob,232653,,3,4,Jacob_Ramsey,91,Bournemouth,4,Newcastle,MID,17
1775,457.0,27.0,3.0,1.0,True,2026-09-05T11:30:00Z,2.0,2.0,3.0,False,13.0,0.0,0.0,0.0,0.0,0.0,0.0,0.0,0.0,0.0,0.0,0.0,5.0,0.0,0.0,0.0,0.0,0.0,1.0,0.0,1.0,0.0,0.00,0.00,0.00,0.04,59.0,-2357.0,14114.0,1115.0,3472.0,457,Murphy,Newcastle,Jacob,114243,,3,4,Jacob_Murphy,91,Bournemouth,4,Newcastle,MID,17
1776,458.0,27.0,3.0,0.0,True,2026-09-05T11:30:00Z,2.0,2.0,3.0,False,0.0,0.0,0.0,0.0,0.0,0.0,0.0,0.0,0.0,0.0,0.0,0.0,0.0,0.0,0.0,0.0,0.0,0.0,0.0,0.0,0.0,0.0,0.00,0.00,0.00,0.00,54.0,-546.0,2235.0,86.0,632.0,458,Apolinário de Lira,Newcastle,Joelinton Cássio,180974,Unspecified injury - Unknown return date,3,4,Joelinton Cássio_Apolinário de Lira,91,Bournemouth,4,Newcastle,MID,17
1777,459.0,27.0,3.0,2.0,True,2026-09-05T11:30:00Z,2.0,2.0,3.0,False,62.0,0.0,0.0,0.0,2.0,0.0,0.0,0.0,0.0,0.0,0.0,0.0,11.0,0.0,0.0,0.0,0.0,1.0,3.0,0.0,4.0,1.0,0.00,0.02,0.02,1.33,55.0,629.0,8538.0,2211.0,1582.0,459,Miley,Newcastle,Lewis,547719,,3,4,Lewis_Miley,91,Bournemouth,4,Newcastle,MID,17
1778,460.0,27.0,3.0,2.0,True,2026-09-05T11:30:00Z,2.0,2.0,3.0,False,62.0,0.0,0.0,0.0,2.0,0.0,0.0,0.0,0.0,0.0,0.0,0.0,6.0,0.0,0.0,0.0,0.0,1.0,1.0,1.0,3.0,1.0,0.36,0.01,0.37,1.33,50.0,14485.0,45043.0,22227.0,7742.0,460,Willock,Newcastle,Joe,200089,,3,4,Joe_Willock,91,Bournemouth,4,Newcastle,MID,17
1779,461.0,27.0,3.0,0.0,True,2026-09-05T11:30:00Z,2.0,2.0,3.0,False,0.0,0.0,0.0,0.0,0.0,0.0,0.0,0.0,0.0,0.0,0.0,0.0,0.0,0.0,0.0,0.0,0.0,0.0,0.0,0.0,0.0,0.0,0.00,0.00,0.00,0.00,59.0,-5573.0,15932.0,657.0,6230.0,461,Touré,Newcastle,Bazoumana,611665,,3,4,Bazoumana_Touré,91,Bournemouth,4,Newcastle,MID,17
1780,462.0,27.0,3.0,1.0,True,2026-09-05T11:30:00Z,2.0,2.0,3.0,False,13.0,0.0,0.0,0.0,0.0,0.0,0.0,0.0,0.0,0.0,0.0,0.0,3.0,0.0,0.0,0.0,0.0,1.0,1.0,0.0,2.0,0.0,0.00,0.00,0.00,0.04,50.0,-1763.0,8925.0,584.0,2347.0,462,Steur,Newcastle,Sean,636852,,3,4,Sean_Steur,91,Bournemouth,4,Newcastle,MID,17
1781,463.0,27.0,3.0,0.0,True,2026-09-05T11:30:00Z,2.0,2.0,3.0,False,0.0,0.0,0.0,0.0,0.0,0.0,0.0,0.0,0.0,0.0,0.0,0.0,0.0,0.0,0.0,0.0,0.0,0.0,0.0,0.0,0.0,0.0,0.00,0.00,0.00,0.00,59.0,-49449.0,103336.0,7327.0,56776.0,463,Woltemade,Newcastle,Nick,470313,Has joined Juventus on loan for the rest of the season,4,4,Nick_Woltemade,91,Bournemouth,4,Newcastle,FWD,17
1782,464.0,27.0,3.0,1.0,True,2026-09-05T11:30:00Z,2.0,2.0,3.0,False,90.0,0.0,0.0,0.0,2.0,0.0,0.0,0.0,1.0,0.0,0.0,0.0,7.0,0.0,0.0,0.0,0.0,0.0,3.0,0.0,3.0,1.0,0.00,0.03,0.03,1.37,61.0,1029731.0,1697200.0,1119139.0,89408.0,464,Wissa,Newcastle,Yoane,216646,,4,4,Yoane_Wissa,91,Bournemouth,4,Newcastle,FWD,17
1783,465.0,27.0,3.0,0.0,True,2026-09-05T11:30:00Z,2.0,2.0,3.0,False,0.0,0.0,0.0,0.0,0.0,0.0,0.0,0.0,0.0,0.0,0.0,0.0,0.0,0.0,0.0,0.0,0.0,0.0,0.0,0.0,0.0,0.0,0.00,0.00,0.00,0.00,59.0,-37692.0,51608.0,557.0,38249.0,465,Osula,Newcastle,William,538207,Foot injury - Unknown return date,4,4,William_Osula,91,Bournemouth,4,Newcastle,FWD,17
1784,466.0,27.0,3.0,0.0,True,2026-09-05T11:30:00Z,2.0,2.0,3.0,False,0.0,0.0,0.0,0.0,0.0,0.0,0.0,0.0,0.0,0.0,0.0,0.0,0.0,0.0,0.0,0.0,0.0,0.0,0.0,0.0,0.0,0.0,0.00,0.00,0.00,0.00,45.0,3928.0,87795.0,17327.0,13399.0,466,Neave,Newcastle,Sean,599303,Has joined Wolves on loan for the rest of the season,4,4,Sean_Neave,91,Bournemouth,4,Newcastle,FWD,17
1785,559.0,27.0,3.0,0.0,True,2026-09-05T11:30:00Z,2.0,2.0,3.0,False,0.0,0.0,0.0,0.0,0.0,0.0,0.0,0.0,0.0,0.0,0.0,0.0,0.0,0.0,0.0,0.0,0.0,0.0,0.0,0.0,0.0,0.0,0.00,0.00,0.00,0.00,50.0,-1788.0,11930.0,834.0,2622.0,559,Bamba,Newcastle,Aladji,632794,,3,4,Aladji_Bamba,91,Bournemouth,4,Newcastle,MID,17
1786,567.0,27.0,3.0,2.0,True,2026-09-05T11:30:00Z,2.0,2.0,3.0,False,90.0,0.0,0.0,0.0,2.0,0.0,0.0,0.0,0.0,0.0,4.0,0.0,12.0,0.0,0.0,0.0,0.0,0.0,6.0,0.0,0.0,1.0,0.00,0.00,0.00,1.37,50.0,39154.0,125893.0,58261.0,19107.0,567,Hornícek,Newcastle,Lukás,470551,,1,4,Lukás_Hornícek,91,Bournemouth,4,Newcastle,GKP,17
1787,593.0,27.0,3.0,1.0,True,2026-09-05T11:30:00Z,2.0,2.0,3.0,False,90.0,0.0,0.0,0.0,2.0,0.0,0.0,0.0,0.0,0.0,0.0,0.0,3.0,0.0,0.0,0.0,0.0,1.0,4.0,0.0,1.0,1.0,0.11,0.02,0.13,1.37,45.0,269442.0,365061.0,318645.0,49203.0,593,Dedic,Newcastle,Amar,463726,,2,4,Amar_Dedic,91,Bournemouth,4,Newcastle,DEF,17
1788,609.0,27.0,3.0,0.0,True,2026-09-05T11:30:00Z,2.0,2.0,3.0,False,0.0,0.0,0.0,0.0,0.0,0.0,0.0,0.0,0.0,0.0,0.0,0.0,0.0,0.0,0.0,0.0,0.0,0.0,0.0,0.0,0.0,0.0,0.00,0.00,0.00,0.00,40.0,7555.0,31239.0,10871.0,3316.0,609,Shahar,Newcastle,Leo,553746,,2,4,Leo_Shahar,91,Bournemouth,4,Newcastle,DEF,17
1789,634.0,27.0,3.0,1.0,True,2026-09-05T11:30:00Z,2.0,2.0,3.0,False,27.0,0.0,0.0,0.0,0.0,0.0,0.0,0.0,0.0,0.0,0.0,0.0,4.0,0.0,0.0,0.0,0.0,0.0,1.0,0.0,1.0,0.0,0.00,0.00,0.00,0.04,60.0,4798.0,5694.0,5384.0,586.0,634,Fernandez-Pardo,Newcastle,Matias,613221,,4,4,Matias_Fernandez-Pardo,91,Bournemouth,4,Newcastle,FWD,17
1790,167.0,28.0,19.0,2.0,True,2026-09-05T14:00:00Z,0.0,0.0,3.0,False,73.0,0.0,0.0,1.0,0.0,0.0,0.0,0.0,0.0,0.0,0.0,0.0,6.0,0.0,0.0,0.0,0.0,2.0,3.0,0.0,5.0,1.0,0.06,0.06,0.12,0.89,55.0,24969.0,83350.0,36946.0,11977.0,167,Delap,Nott'm Forest,Liam,463034,,4,17,Liam_Delap,6,Spurs,17,Nott'm Forest,FWD,18
1791,201.0,28.0,19.0,1.0,True,2026-09-05T14:00:00Z,0.0,0.0,3.0,False,31.0,0.0,0.0,0.0,0.0,0.0,0.0,0.0,0.0,0.0,0.0,0.0,5.0,0.0,0.0,0.0,0.0,0.0,0.0,1.0,1.0,0.0,0.03,0.00,0.03,0.26,54.0,-158458.0,658550.0,23260.0,181718.0,201,Muñoz Mejía,Nott'm Forest,Daniel,247348,,2,17,Daniel_Muñoz Mejía,6,Spurs,17,Nott'm Forest,DEF,18
1792,467.0,28.0,19.0,6.0,True,2026-09-05T14:00:00Z,0.0,0.0,3.0,False,90.0,0.0,0.0,1.0,0.0,0.0,0.0,0.0,0.0,0.0,0.0,0.0,21.0,0.0,0.0,0.0,0.0,1.0,11.0,0.0,0.0,1.0,0.00,0.00,0.00,1.06,50.0,-9819.0,143042.0,8404.0,18223.0,467,Sels,Nott'm Forest,Matz,85633,,1,17,Matz_Sels,6,Spurs,17,Nott'm Forest,GKP,18
1793,468.0,28.0,19.0,0.0,True,2026-09-05T14:00:00Z,0.0,0.0,3.0,False,0.0,0.0,0.0,0.0,0.0,0.0,0.0,0.0,0.0,0.0,0.0,0.0,0.0,0.0,0.0,0.0,0.0,0.0,0.0,0.0,0.0,0.0,0.00,0.00,0.00,0.00,45.0,-392.0,6270.0,259.0,651.0,468,Maciel Furtado,Nott'm Forest,John Victor,221389,,1,17,John Victor_Maciel Furtado,6,Spurs,17,Nott'm Forest,GKP,18
1794,469.0,28.0,19.0,7.0,True,2026-09-05T14:00:00Z,0.0,0.0,3.0,False,90.0,0.0,0.0,1.0,0.0,0.0,0.0,0.0,0.0,0.0,0.0,1.0,28.0,0.0,0.0,0.0,0.0,3.0,8.0,3.0,6.0,1.0,0.00,0.07,0.07,1.06,50.0,-35180.0,851007.0,53518.0,88698.0,469,Williams,Nott'm Forest,Neco,215136,,2,17,Neco_Williams,6,Spurs,17,Nott'm Forest,DEF,18
1795,470.0,28.0,19.0,0.0,True,2026-09-05T14:00:00Z,0.0,0.0,3.0,False,0.0,0.0,0.0,0.0,0.0,0.0,0.0,0.0,0.0,0.0,0.0,0.0,0.0,0.0,0.0,0.0,0.0,0.0,0.0,0.0,0.0,0.0,0.00,0.00,0.00,0.00,50.0,-1172.0,3599.0,194.0,1366.0,470,Rodrigues da Silva,Nott'm Forest,Felipe,485047,Has joined West Ham on loan for the rest of the season,2,17,Felipe_Rodrigues da Silva,6,Spurs,17,Nott'm Forest,DEF,18
1796,471.0,28.0,19.0,7.0,True,2026-09-05T14:00:00Z,0.0,0.0,3.0,False,90.0,0.0,0.0,1.0,0.0,0.0,0.0,0.0,1.0,0.0,0.0,0.0,27.0,0.0,0.0,0.0,0.0,9.0,3.0,2.0,11.0,1.0,0.00,0.01,0.01,1.06,55.0,-12221.0,168090.0,5627.0,17848.0,471,Milenković,Nott'm Forest,Nikola,227444,,2,17,Nikola_Milenković,6,Spurs,17,Nott'm Forest,DEF,18
1797,472.0,28.0,19.0,8.0,True,2026-09-05T14:00:00Z,0.0,0.0,3.0,False,89.0,0.0,0.0,1.0,0.0,0.0,0.0,0.0,0.0,0.0,0.0,0.0,25.0,0.0,0.0,0.0,0.0,6.0,4.0,4.0,10.0,1.0,0.17,0.00,0.17,1.06,55.0,-10492.0,160118.0,9660.0,20152.0,472,Costa dos Santos,Nott'm Forest,Murillo,575476,,2,17,Murillo_Costa dos Santos,6,Spurs,17,Nott'm Forest,DEF,18
1798,473.0,28.0,19.0,1.0,True,2026-09-05T14:00:00Z,0.0,0.0,3.0,False,58.0,0.0,0.0,0.0,0.0,0.0,0.0,0.0,0.0,0.0,0.0,0.0,8.0,0.0,0.0,0.0,0.0,2.0,4.0,5.0,7.0,1.0,0.00,0.00,0.00,0.81,45.0,-30402.0,313105.0,20608.0,51010.0,473,Aina,Nott'm Forest,Ola,159506,,2,17,Ola_Aina,6,Spurs,17,Nott'm Forest,DEF,18
1799,474.0,28.0,19.0,8.0,True,2026-09-05T14:00:00Z,0.0,0.0,3.0,False,90.0,0.0,0.0,1.0,0.0,0.0,0.0,0.0,0.0,0.0,0.0,0.0,24.0,0.0,0.0,0.0,0.0,10.0,2.0,2.0,12.0,1.0,0.03,0.01,0.04,1.06,45.0,-1070.0,20256.0,924.0,1994.0,474,Paula da Cunha Filho,Nott'm Forest,Jair,575458,,2,17,Jair_Paula da Cunha Filho,6,Spurs,17,Nott'm Forest,DEF,18
1800,475.0,28.0,19.0,0.0,True,2026-09-05T14:00:00Z,0.0,0.0,3.0,False,0.0,0.0,0.0,0.0,0.0,0.0,0.0,0.0,0.0,0.0,0.0,0.0,0.0,0.0,0.0,0.0,0.0,0.0,0.0,0.0,0.0,0.0,0.00,0.00,0.00,0.00,45.0,-97.0,221.0,34.0,131.0,475,Savona,Nott'm Forest,Nicolò,500151,Knee injury - Unknown return date,2,17,Nicolò_Savona,6,Spurs,17,Nott'm Forest,DEF,18
1801,476.0,28.0,19.0,0.0,True,2026-09-05T14:00:00Z,0.0,0.0,3.0,False,0.0,0.0,0.0,0.0,0.0,0.0,0.0,0.0,0.0,0.0,0.0,0.0,0.0,0.0,0.0,0.0,0.0,0.0,0.0,0.0,0.0,0.0,0.00,0.00,0.00,0.00,40.0,-858.0,23523.0,1258.0,2116.0,476,Richards,Nott'm Forest,Omar,204822,,2,17,Omar_Richards,6,Spurs,17,Nott'm Forest,DEF,18
1802,477.0,28.0,19.0,0.0,True,2026-09-05T14:00:00Z,0.0,0.0,3.0,False,0.0,0.0,0.0,0.0,0.0,0.0,0.0,0.0,0.0,0.0,0.0,0.0,0.0,0.0,0.0,0.0,0.0,0.0,0.0,0.0,0.0,0.0,0.00,0.00,0.00,0.00,40.0,-2802.0,22912.0,1463.0,4265.0,477,Abbott,Nott'm Forest,Zach,549067,Has joined Southampton on loan for the rest of the season,2,17,Zach_Abbott,6,Spurs,17,Nott'm Forest,DEF,18
1803,478.0,28.0,19.0,0.0,True,2026-09-05T14:00:00Z,0.0,0.0,3.0,False,0.0,0.0,0.0,0.0,0.0,0.0,0.0,0.0,0.0,0.0,0.0,0.0,0.0,0.0,0.0,0.0,0.0,0.0,0.0,0.0,0.0,0.0,0.00,0.00,0.00,0.00,45.0,-304.0,3401.0,168.0,472.0,478,Netz,Nott'm Forest,Luca,470315,,2,17,Luca_Netz,6,Spurs,17,Nott'm Forest,DEF,18
1804,479.0,28.0,19.0,0.0,True,2026-09-05T14:00:00Z,0.0,0.0,3.0,False,0.0,0.0,0.0,0.0,0.0,0.0,0.0,0.0,0.0,0.0,0.0,0.0,0.0,0.0,0.0,0.0,0.0,0.0,0.0,0.0,0.0,0.0,0.00,0.00,0.00,0.00,40.0,-2507.0,15742.0,434.0,2941.0,479,Bindon,Nott'm Forest,Tyler,538638,Has joined Charlton Athletic on loan for the rest of the season,2,17,Tyler_Bindon,6,Spurs,17,Nott'm Forest,DEF,18
1805,480.0,28.0,19.0,3.0,True,2026-09-05T14:00:00Z,0.0,0.0,3.0,False,90.0,0.0,0.0,1.0,0.0,0.0,0.0,0.0,0.0,0.0,0.0,0.0,3.0,0.0,0.0,0.0,0.0,0.0,5.0,2.0,7.0,1.0,0.48,0.01,0.49,1.06,79.0,102526.0,1065969.0,215196.0,112670.0,480,Gibbs-White,Nott'm Forest,Morgan,222531,,3,17,Morgan_Gibbs-White,6,Spurs,17,Nott'm Forest,MID,18
1806,482.0,28.0,19.0,0.0,True,2026-09-05T14:00:00Z,0.0,0.0,3.0,False,0.0,0.0,0.0,0.0,0.0,0.0,0.0,0.0,0.0,0.0,0.0,0.0,0.0,0.0,0.0,0.0,0.0,0.0,0.0,0.0,0.0,0.0,0.00,0.00,0.00,0.00,59.0,-3315.0,19189.0,1609.0,4924.0,482,Hudson-Odoi,Nott'm Forest,Callum,209046,,3,17,Callum_Hudson-Odoi,6,Spurs,17,Nott'm Forest,MID,18
1807,483.0,28.0,19.0,1.0,True,2026-09-05T14:00:00Z,0.0,0.0,3.0,False,58.0,0.0,0.0,0.0,0.0,0.0,0.0,0.0,0.0,0.0,0.0,0.0,5.0,0.0,0.0,0.0,0.0,0.0,4.0,1.0,5.0,1.0,0.00,0.00,0.00,0.81,55.0,22451.0,73790.0,33732.0,11281.0,483,Ndoye,Nott'm Forest,Dan,456512,,3,17,Dan_Ndoye,6,Spurs,17,Nott'm Forest,MID,18
1808,484.0,28.0,19.0,0.0,True,2026-09-05T14:00:00Z,0.0,0.0,3.0,False,0.0,0.0,0.0,0.0,0.0,0.0,0.0,0.0,0.0,0.0,0.0,0.0,0.0,0.0,0.0,0.0,0.0,0.0,0.0,0.0,0.0,0.0,0.00,0.00,0.00,0.00,54.0,-4400.0,11458.0,213.0,4613.0,484,Hutchinson,Nott'm Forest,Omari,503301,Has joined AC Milan on loan for the rest of the season,3,17,Omari_Hutchinson,6,Spurs,17,Nott'm Forest,MID,18
1809,485.0,28.0,19.0,0.0,True,2026-09-05T14:00:00Z,0.0,0.0,3.0,False,0.0,0.0,0.0,0.0,0.0,0.0,0.0,0.0,0.0,0.0,0.0,0.0,0.0,0.0,0.0,0.0,0.0,0.0,0.0,0.0,0.0,0.0,0.00,0.00,0.00,0.00,55.0,-532.0,761.0,0.0,532.0,485,Bakwa,Nott'm Forest,Dilane,476887,Has joined Lille on loan for the rest of the season,3,17,Dilane_Bakwa,6,Spurs,17,Nott'm Forest,MID,18
1810,486.0,28.0,19.0,2.0,True,2026-09-05T14:00:00Z,0.0,0.0,3.0,False,90.0,0.0,0.0,1.0,0.0,0.0,0.0,0.0,1.0,0.0,0.0,0.0,22.0,0.0,0.0,0.0,0.0,0.0,4.0,3.0,7.0,1.0,0.13,0.22,0.35,1.06,55.0,1865.0,8416.0,3393.0,1528.0,486,McAtee,Nott'm Forest,James,432714,,3,17,James_McAtee,6,Spurs,17,Nott'm Forest,MID,18
1811,487.0,28.0,19.0,0.0,True,2026-09-05T14:00:00Z,0.0,0.0,3.0,False,0.0,0.0,0.0,0.0,0.0,0.0,0.0,0.0,0.0,0.0,0.0,0.0,0.0,0.0,0.0,0.0,0.0,0.0,0.0,0.0,0.0,0.0,0.00,0.00,0.00,0.00,50.0,-788.0,7052.0,358.0,1146.0,487,Domínguez,Nott'm Forest,Nicolás,250199,,3,17,Nicolás_Domínguez,6,Spurs,17,Nott'm Forest,MID,18
1812,488.0,28.0,19.0,0.0,True,2026-09-05T14:00:00Z,0.0,0.0,3.0,False,0.0,0.0,0.0,0.0,0.0,0.0,0.0,0.0,0.0,0.0,0.0,0.0,0.0,0.0,0.0,0.0,0.0,0.0,0.0,0.0,0.0,0.0,0.00,0.00,0.00,0.00,49.0,-26662.0,60777.0,1817.0,28479.0,488,Sangaré,Nott'm Forest,Ibrahim,210462,,3,17,Ibrahim_Sangaré,6,Spurs,17,Nott'm Forest,MID,18
1813,489.0,28.0,19.0,0.0,True,2026-09-05T14:00:00Z,0.0,0.0,3.0,False,0.0,0.0,0.0,0.0,0.0,0.0,0.0,0.0,0.0,0.0,0.0,0.0,0.0,0.0,0.0,0.0,0.0,0.0,0.0,0.0,0.0,0.0,0.00,0.00,0.00,0.00,45.0,-864.0,152628.0,17319.0,18183.0,489,Yates,Nott'm Forest,Ryan,204968,,3,17,Ryan_Yates,6,Spurs,17,Nott'm Forest,MID,18
1814,490.0,28.0,19.0,1.0,True,2026-09-05T14:00:00Z,0.0,0.0,3.0,False,16.0,0.0,0.0,0.0,0.0,0.0,0.0,0.0,0.0,0.0,0.0,0.0,3.0,0.0,0.0,0.0,0.0,0.0,0.0,0.0,0.0,0.0,0.00,0.00,0.00,0.18,59.0,-35128.0,121647.0,7780.0,42908.0,490,Wood,Nott'm Forest,Chris,60689,,4,17,Chris_Wood,6,Spurs,17,Nott'm Forest,FWD,18
1815,491.0,28.0,19.0,1.0,True,2026-09-05T14:00:00Z,0.0,0.0,3.0,False,31.0,0.0,0.0,0.0,0.0,0.0,0.0,0.0,0.0,0.0,0.0,0.0,3.0,0.0,0.0,0.0,0.0,0.0,0.0,1.0,1.0,0.0,0.00,0.00,0.00,0.26,59.0,-56312.0,307784.0,25411.0,81723.0,491,Maciel da Cruz,Nott'm Forest,Igor Jesus,482973,,4,17,Igor Jesus_Maciel da Cruz,6,Spurs,17,Nott'm Forest,FWD,18
1816,493.0,28.0,19.0,0.0,True,2026-09-05T14:00:00Z,0.0,0.0,3.0,False,0.0,0.0,0.0,0.0,0.0,0.0,0.0,0.0,0.0,0.0,0.0,0.0,0.0,0.0,0.0,0.0,0.0,0.0,0.0,0.0,0.0,0.0,0.00,0.00,0.00,0.00,54.0,-411.0,5117.0,838.0,1249.0,493,Kalimuendo,Nott'm Forest,Arnaud,465680,,4,17,Arnaud_Kalimuendo,6,Spurs,17,Nott'm Forest,FWD,18
1817,558.0,28.0,19.0,3.0,True,2026-09-05T14:00:00Z,0.0,0.0,3.0,False,90.0,0.0,0.0,1.0,0.0,0.0,0.0,0.0,0.0,0.0,0.0,0.0,18.0,0.0,0.0,0.0,0.0,3.0,3.0,4.0,10.0,1.0,0.03,0.06,0.09,1.06,50.0,99.0,10377.0,1419.0,1320.0,558,Schlager,Nott'm Forest,Xaver,204561,,3,17,Xaver_Schlager,6,Spurs,17,Nott'm Forest,MID,18
1818,581.0,28.0,19.0,1.0,True,2026-09-05T14:00:00Z,0.0,0.0,3.0,False,1.0,0.0,0.0,0.0,0.0,0.0,0.0,0.0,0.0,0.0,0.0,0.0,3.0,0.0,0.0,0.0,0.0,0.0,0.0,0.0,0.0,0.0,0.00,0.00,0.00,0.00,54.0,-12790.0,61213.0,3142.0,15932.0,581,Diomande,Nott'm Forest,Ousmane,568420,,2,17,Ousmane_Diomande,6,Spurs,17,Nott'm Forest,DEF,18
1819,590.0,28.0,19.0,0.0,True,2026-09-05T14:00:00Z,0.0,0.0,3.0,False,0.0,0.0,0.0,0.0,0.0,0.0,0.0,0.0,0.0,0.0,0.0,0.0,0.0,0.0,0.0,0.0,0.0,0.0,0.0,0.0,0.0,0.0,0.00,0.00,0.00,0.00,45.0,79.0,7389.0,950.0,871.0,590,Benda,Nott'm Forest,Steven,428971,,1,17,Steven_Benda,6,Spurs,17,Nott'm Forest,GKP,18
1820,112.0,28.0,18.0,8.0,False,2026-09-05T14:00:00Z,0.0,0.0,3.0,False,90.0,0.0,0.0,1.0,0.0,0.0,0.0,0.0,0.0,0.0,0.0,2.0,29.0,0.0,0.0,0.0,0.0,3.0,4.0,1.0,4.0,1.0,0.09,0.01,0.10,0.92,49.0,-198387.0,733037.0,21192.0,219579.0,112,van Hecke,Spurs,Jan Paul,469142,,2,6,Jan Paul_van Hecke,17,Nott'm Forest,6,Spurs,DEF,19
1821,147.0,28.0,18.0,0.0,False,2026-09-05T14:00:00Z,0.0,0.0,3.0,False,0.0,0.0,0.0,0.0,0.0,0.0,0.0,0.0,0.0,0.0,0.0,0.0,0.0,0.0,0.0,0.0,0.0,0.0,0.0,0.0,0.0,0.0,0.00,0.00,0.00,0.00,45.0,-2004.0,17692.0,553.0,2557.0,147,Adarabioyo,Spurs,Tosin,109646,,2,6,Tosin_Adarabioyo,17,Nott'm Forest,6,Spurs,DEF,19
1822,401.0,28.0,18.0,2.0,False,2026-09-05T14:00:00Z,0.0,0.0,3.0,False,83.0,0.0,0.0,1.0,0.0,0.0,0.0,0.0,0.0,0.0,0.0,0.0,6.0,0.0,0.0,0.0,0.0,0.0,0.0,0.0,0.0,1.0,0.17,0.01,0.18,0.88,70.0,64907.0,232425.0,100495.0,35588.0,401,Marmoush,Spurs,Omar,438234,,4,6,Omar_Marmoush,17,Nott'm Forest,6,Spurs,FWD,19
1823,403.0,28.0,18.0,3.0,False,2026-09-05T14:00:00Z,0.0,0.0,3.0,False,60.0,0.0,0.0,1.0,0.0,0.0,0.0,0.0,0.0,0.0,0.0,0.0,15.0,0.0,0.0,0.0,0.0,0.0,0.0,0.0,0.0,1.0,0.02,0.27,0.29,0.49,65.0,-23670.0,68277.0,15136.0,38806.0,403,Moreira de Oliveira,Spurs,Sávio,510281,,3,6,Sávio_Moreira de Oliveira,17,Nott'm Forest,6,Spurs,MID,19
1824,455.0,28.0,18.0,5.0,False,2026-09-05T14:00:00Z,0.0,0.0,3.0,False,90.0,0.0,0.0,1.0,0.0,0.0,0.0,0.0,0.0,0.0,0.0,0.0,22.0,0.0,0.0,0.0,0.0,4.0,4.0,4.0,12.0,1.0,0.00,0.01,0.01,0.92,54.0,-83285.0,288825.0,14031.0,97316.0,455,Tonali,Spurs,Sandro,432422,,3,6,Sandro_Tonali,17,Nott'm Forest,6,Spurs,MID,19
1825,494.0,28.0,18.0,0.0,False,2026-09-05T14:00:00Z,0.0,0.0,3.0,False,0.0,0.0,0.0,0.0,0.0,0.0,0.0,0.0,0.0,0.0,0.0,0.0,0.0,0.0,0.0,0.0,0.0,0.0,0.0,0.0,0.0,0.0,0.00,0.00,0.00,0.00,45.0,-5759.0,18205.0,0.0,5759.0,494,Vicario,Spurs,Guglielmo,184254,Has joined Juventus on loan for the rest of the season,1,6,Guglielmo_Vicario,17,Nott'm Forest,6,Spurs,GKP,19
1826,495.0,28.0,18.0,0.0,False,2026-09-05T14:00:00Z,0.0,0.0,3.0,False,0.0,0.0,0.0,0.0,0.0,0.0,0.0,0.0,0.0,0.0,0.0,0.0,0.0,0.0,0.0,0.0,0.0,0.0,0.0,0.0,0.0,0.0,0.00,0.00,0.00,0.00,40.0,3899.0,104639.0,9717.0,5818.0,495,Austin,Spurs,Brandon,214572,,1,6,Brandon_Austin,17,Nott'm Forest,6,Spurs,GKP,19
1827,496.0,28.0,18.0,6.0,False,2026-09-05T14:00:00Z,0.0,0.0,3.0,False,90.0,0.0,0.0,1.0,0.0,0.0,0.0,0.0,0.0,0.0,1.0,0.0,24.0,0.0,0.0,0.0,0.0,2.0,8.0,0.0,0.0,1.0,0.00,0.00,0.00,0.92,45.0,-225719.0,1949396.0,46420.0,272139.0,496,Kinský,Spurs,Antonín,485055,,1,6,Antonín_Kinský,17,Nott'm Forest,6,Spurs,GKP,19
1828,497.0,28.0,18.0,0.0,False,2026-09-05T14:00:00Z,0.0,0.0,3.0,False,0.0,0.0,0.0,0.0,0.0,0.0,0.0,0.0,0.0,0.0,0.0,0.0,0.0,0.0,0.0,0.0,0.0,0.0,0.0,0.0,0.0,0.0,0.00,0.00,0.00,0.00,40.0,12181.0,1908726.0,131012.0,118831.0,497,Dubravka,Spurs,Martin,67089,,1,6,Martin_Dubravka,17,Nott'm Forest,6,Spurs,GKP,19
1829,498.0,28.0,18.0,0.0,False,2026-09-05T14:00:00Z,0.0,0.0,3.0,False,0.0,0.0,0.0,0.0,0.0,0.0,0.0,0.0,0.0,0.0,0.0,0.0,0.0,0.0,0.0,0.0,0.0,0.0,0.0,0.0,0.0,0.0,0.00,0.00,0.00,0.00,59.0,-185202.0,558130.0,5382.0,190584.0,498,Senesi Barón,Spurs,Marcos,221466,,2,6,Marcos_Senesi Barón,17,Nott'm Forest,6,Spurs,DEF,19
1830,499.0,28.0,18.0,7.0,False,2026-09-05T14:00:00Z,0.0,0.0,3.0,False,90.0,0.0,0.0,1.0,0.0,0.0,0.0,0.0,0.0,0.0,0.0,1.0,28.0,0.0,0.0,0.0,0.0,3.0,3.0,1.0,4.0,1.0,0.03,0.06,0.09,0.92,55.0,-179795.0,1176909.0,48390.0,228185.0,499,Porro Sauceda,Spurs,Pedro,441164,,2,6,Pedro_Porro Sauceda,17,Nott'm Forest,6,Spurs,DEF,19
1831,500.0,28.0,18.0,0.0,False,2026-09-05T14:00:00Z,0.0,0.0,3.0,False,0.0,0.0,0.0,0.0,0.0,0.0,0.0,0.0,0.0,0.0,0.0,0.0,0.0,0.0,0.0,0.0,0.0,0.0,0.0,0.0,0.0,0.0,0.00,0.00,0.00,0.00,50.0,-3763.0,11327.0,0.0,3763.0,500,Romero,Spurs,Cristian,221632,Has joined Atletico Madrid permanently,2,6,Cristian_Romero,17,Nott'm Forest,6,Spurs,DEF,19
1832,502.0,28.0,18.0,1.0,False,2026-09-05T14:00:00Z,0.0,0.0,3.0,False,29.0,0.0,0.0,0.0,0.0,0.0,0.0,0.0,0.0,0.0,0.0,0.0,3.0,0.0,0.0,0.0,0.0,1.0,1.0,0.0,1.0,0.0,0.00,0.00,0.00,0.43,45.0,-47646.0,328965.0,13705.0,61351.0,502,Robertson,Spurs,Andrew,122798,,2,6,Andrew_Robertson,17,Nott'm Forest,6,Spurs,DEF,19
1833,503.0,28.0,18.0,9.0,False,2026-09-05T14:00:00Z,0.0,0.0,3.0,False,90.0,0.0,0.0,1.0,0.0,0.0,0.0,0.0,0.0,0.0,0.0,3.0,30.0,0.0,0.0,0.0,0.0,6.0,4.0,3.0,9.0,1.0,0.57,0.00,0.57,0.92,50.0,-61459.0,380320.0,16557.0,78016.0,503,van de Ven,Spurs,Micky,491279,,2,6,Micky_van de Ven,17,Nott'm Forest,6,Spurs,DEF,19
1834,505.0,28.0,18.0,0.0,False,2026-09-05T14:00:00Z,0.0,0.0,3.0,False,0.0,0.0,0.0,0.0,0.0,0.0,0.0,0.0,0.0,0.0,0.0,0.0,0.0,0.0,0.0,0.0,0.0,0.0,0.0,0.0,0.0,0.0,0.00,0.00,0.00,0.00,45.0,-14294.0,33138.0,0.0,14294.0,505,Spence,Spurs,Djed,232859,Has joined Internazionale permanently,2,6,Djed_Spence,17,Nott'm Forest,6,Spurs,DEF,19
1835,506.0,28.0,18.0,5.0,False,2026-09-05T14:00:00Z,0.0,0.0,3.0,False,60.0,0.0,0.0,1.0,0.0,0.0,0.0,0.0,1.0,0.0,0.0,0.0,16.0,0.0,0.0,0.0,0.0,3.0,1.0,0.0,3.0,1.0,0.00,0.02,0.02,0.49,45.0,-5660.0,43060.0,1127.0,6787.0,506,Udogie,Spurs,Destiny,487053,,2,6,Destiny_Udogie,17,Nott'm Forest,6,Spurs,DEF,19
1836,507.0,28.0,18.0,0.0,False,2026-09-05T14:00:00Z,0.0,0.0,3.0,False,0.0,0.0,0.0,0.0,0.0,0.0,0.0,0.0,0.0,0.0,0.0,0.0,0.0,0.0,0.0,0.0,0.0,0.0,0.0,0.0,0.0,0.0,0.00,0.00,0.00,0.00,45.0,-312.0,1605.0,0.0,312.0,507,Phillips,Spurs,Ashley,548308,Has joined Middlesbrough permanently,2,6,Ashley_Phillips,17,Nott'm Forest,6,Spurs,DEF,19
1837,508.0,28.0,18.0,0.0,False,2026-09-05T14:00:00Z,0.0,0.0,3.0,False,0.0,0.0,0.0,0.0,0.0,0.0,0.0,0.0,0.0,0.0,0.0,0.0,0.0,0.0,0.0,0.0,0.0,0.0,0.0,0.0,0.0,0.0,0.00,0.00,0.00,0.00,40.0,-7462.0,98874.0,4305.0,11767.0,508,Davies,Spurs,Ben,115556,,2,6,Ben_Davies,17,Nott'm Forest,6,Spurs,DEF,19
1838,509.0,28.0,18.0,0.0,False,2026-09-05T14:00:00Z,0.0,0.0,3.0,False,0.0,0.0,0.0,0.0,0.0,0.0,0.0,0.0,0.0,0.0,0.0,0.0,0.0,0.0,0.0,0.0,0.0,0.0,0.0,0.0,0.0,0.0,0.00,0.00,0.00,0.00,40.0,71.0,6404.0,719.0,648.0,509,Byfield,Spurs,Jun'ai,640419,,2,6,Jun'ai_Byfield,17,Nott'm Forest,6,Spurs,DEF,19
1839,510.0,28.0,18.0,0.0,False,2026-09-05T14:00:00Z,0.0,0.0,3.0,False,0.0,0.0,0.0,0.0,0.0,0.0,0.0,0.0,0.0,0.0,0.0,0.0,0.0,0.0,0.0,0.0,0.0,0.0,0.0,0.0,0.0,0.0,0.00,0.00,0.00,0.00,40.0,-25.0,9320.0,898.0,923.0,510,Rowswell,Spurs,James,499716,,2,6,James_Rowswell,17,Nott'm Forest,6,Spurs,DEF,19
1840,511.0,28.0,18.0,0.0,False,2026-09-05T14:00:00Z,0.0,0.0,3.0,False,0.0,0.0,0.0,0.0,0.0,0.0,0.0,0.0,0.0,0.0,0.0,0.0,0.0,0.0,0.0,0.0,0.0,0.0,0.0,0.0,0.0,0.0,0.00,0.00,0.00,0.00,40.0,-4780.0,25220.0,1362.0,6142.0,511,de Souza Menezes,Spurs,João Victor,616221,Has joined FC Porto on loan for the rest of the season,2,6,João Victor_de Souza Menezes,17,Nott'm Forest,6,Spurs,DEF,19
1841,512.0,28.0,18.0,1.0,False,2026-09-05T14:00:00Z,0.0,0.0,3.0,False,29.0,0.0,0.0,0.0,0.0,0.0,0.0,0.0,0.0,0.0,0.0,0.0,13.0,0.0,0.0,0.0,0.0,0.0,3.0,0.0,3.0,0.0,0.00,0.16,0.16,0.43,65.0,2526.0,12485.0,4599.0,2073.0,512,Kudus,Spurs,Mohammed,460842,,3,6,Mohammed_Kudus,17,Nott'm Forest,6,Spurs,MID,19
1842,513.0,28.0,18.0,0.0,False,2026-09-05T14:00:00Z,0.0,0.0,3.0,False,0.0,0.0,0.0,0.0,0.0,0.0,0.0,0.0,0.0,0.0,0.0,0.0,0.0,0.0,0.0,0.0,0.0,0.0,0.0,0.0,0.0,0.0,0.00,0.00,0.00,0.00,60.0,-291.0,1296.0,78.0,369.0,513,Simons,Spurs,Xavi,493362,Knee injury - Unknown return date,3,6,Xavi_Simons,17,Nott'm Forest,6,Spurs,MID,19
1843,514.0,28.0,18.0,3.0,False,2026-09-05T14:00:00Z,0.0,0.0,3.0,False,73.0,0.0,0.0,1.0,0.0,0.0,0.0,0.0,0.0,0.0,0.0,0.0,11.0,0.0,0.0,0.0,0.0,0.0,2.0,0.0,2.0,1.0,0.00,0.05,0.05,0.76,59.0,-17708.0,30912.0,2049.0,19757.0,514,Tel,Spurs,Mathys,511499,,3,6,Mathys_Tel,17,Nott'm Forest,6,Spurs,MID,19
1844,515.0,28.0,18.0,0.0,False,2026-09-05T14:00:00Z,0.0,0.0,3.0,False,0.0,0.0,0.0,0.0,0.0,0.0,0.0,0.0,0.0,0.0,0.0,0.0,0.0,0.0,0.0,0.0,0.0,0.0,0.0,0.0,0.0,0.0,0.00,0.00,0.00,0.00,64.0,-38883.0,57231.0,175.0,39058.0,515,Maddison,Spurs,James,172780,Shoulder injury - 75% chance of playing,3,6,James_Maddison,17,Nott'm Forest,6,Spurs,MID,19
1845,516.0,28.0,18.0,5.0,False,2026-09-05T14:00:00Z,0.0,0.0,3.0,False,90.0,0.0,0.0,1.0,0.0,0.0,0.0,0.0,0.0,0.0,0.0,0.0,14.0,0.0,0.0,0.0,0.0,11.0,5.0,1.0,17.0,1.0,0.02,0.01,0.03,0.92,55.0,-1789.0,17786.0,831.0,2620.0,516,Bentancur,Spurs,Rodrigo,202993,,3,6,Rodrigo_Bentancur,17,Nott'm Forest,6,Spurs,MID,19
1846,517.0,28.0,18.0,0.0,False,2026-09-05T14:00:00Z,0.0,0.0,3.0,False,0.0,0.0,0.0,0.0,0.0,0.0,0.0,0.0,0.0,0.0,0.0,0.0,0.0,0.0,0.0,0.0,0.0,0.0,0.0,0.0,0.0,0.0,0.00,0.00,0.00,0.00,55.0,-11.0,117.0,27.0,38.0,517,Odobert,Spurs,Wilson,550839,Knee injury - Unknown return date,3,6,Wilson_Odobert,17,Nott'm Forest,6,Spurs,MID,19
1847,518.0,28.0,18.0,0.0,False,2026-09-05T14:00:00Z,0.0,0.0,3.0,False,0.0,0.0,0.0,0.0,0.0,0.0,0.0,0.0,0.0,0.0,0.0,0.0,0.0,0.0,0.0,0.0,0.0,0.0,0.0,0.0,0.0,0.0,0.00,0.00,0.00,0.00,49.0,-1782.0,14992.0,4025.0,5807.0,518,Sarr,Spurs,Pape Matar,482442,Has joined Juventus on loan for the rest of the season,3,6,Pape Matar_Sarr,17,Nott'm Forest,6,Spurs,MID,19
1848,519.0,28.0,18.0,3.0,False,2026-09-05T14:00:00Z,0.0,0.0,3.0,False,83.0,0.0,0.0,1.0,0.0,0.0,0.0,0.0,0.0,0.0,0.0,0.0,23.0,0.0,0.0,0.0,0.0,1.0,6.0,4.0,11.0,1.0,0.00,0.06,0.06,0.88,54.0,-5563.0,22380.0,1024.0,6587.0,519,Gallagher,Spurs,Conor,232787,,3,6,Conor_Gallagher,17,Nott'm Forest,6,Spurs,MID,19
1849,520.0,28.0,18.0,0.0,False,2026-09-05T14:00:00Z,0.0,0.0,3.0,False,0.0,0.0,0.0,0.0,0.0,0.0,0.0,0.0,0.0,0.0,0.0,0.0,0.0,0.0,0.0,0.0,0.0,0.0,0.0,0.0,0.0,0.0,0.00,0.00,0.00,0.00,54.0,-3012.0,17646.0,482.0,3494.0,520,Bergvall,Spurs,Lucas,570526,,3,6,Lucas_Bergvall,17,Nott'm Forest,6,Spurs,MID,19
1850,521.0,28.0,18.0,0.0,False,2026-09-05T14:00:00Z,0.0,0.0,3.0,False,0.0,0.0,0.0,0.0,0.0,0.0,0.0,0.0,0.0,0.0,0.0,0.0,0.0,0.0,0.0,0.0,0.0,0.0,0.0,0.0,0.0,0.0,0.00,0.00,0.00,0.00,65.0,-90.0,912.0,87.0,177.0,521,Kulusevski,Spurs,Dejan,445044,Knee injury - Unknown return date,3,6,Dejan_Kulusevski,17,Nott'm Forest,6,Spurs,MID,19
1851,522.0,28.0,18.0,0.0,False,2026-09-05T14:00:00Z,0.0,0.0,3.0,False,0.0,0.0,0.0,0.0,0.0,0.0,0.0,0.0,0.0,0.0,0.0,0.0,0.0,0.0,0.0,0.0,0.0,0.0,0.0,0.0,0.0,0.0,0.00,0.00,0.00,0.00,50.0,-1885.0,21616.0,2161.0,4046.0,522,Gray,Spurs,Archie,547701,,3,6,Archie_Gray,17,Nott'm Forest,6,Spurs,MID,19
1852,523.0,28.0,18.0,0.0,False,2026-09-05T14:00:00Z,0.0,0.0,3.0,False,0.0,0.0,0.0,0.0,0.0,0.0,0.0,0.0,0.0,0.0,0.0,0.0,0.0,0.0,0.0,0.0,0.0,0.0,0.0,0.0,0.0,0.0,0.00,0.00,0.00,0.00,50.0,-5650.0,13268.0,839.0,6489.0,523,Moore,Spurs,Mikey,499721,Has joined FC Köln on loan for the rest of the season,3,6,Mikey_Moore,17,Nott'm Forest,6,Spurs,MID,19
1853,524.0,28.0,18.0,0.0,False,2026-09-05T14:00:00Z,0.0,0.0,3.0,False,0.0,0.0,0.0,0.0,0.0,0.0,0.0,0.0,0.0,0.0,0.0,0.0,0.0,0.0,0.0,0.0,0.0,0.0,0.0,0.0,0.0,0.0,0.00,0.00,0.00,0.00,45.0,-7853.0,72776.0,1613.0,9466.0,524,Olusesi,Spurs,Callum,499726,,3,6,Callum_Olusesi,17,Nott'm Forest,6,Spurs,MID,19
1854,525.0,28.0,18.0,0.0,False,2026-09-05T14:00:00Z,0.0,0.0,3.0,False,7.0,0.0,0.0,0.0,0.0,0.0,0.0,0.0,1.0,0.0,0.0,0.0,-1.0,0.0,0.0,0.0,0.0,0.0,0.0,0.0,0.0,0.0,0.00,0.00,0.00,0.04,59.0,-38063.0,123903.0,4942.0,43005.0,525,Fernandes,Spurs,Mateus,551226,,3,6,Mateus_Fernandes,17,Nott'm Forest,6,Spurs,MID,19
1855,526.0,28.0,18.0,1.0,False,2026-09-05T14:00:00Z,0.0,0.0,3.0,False,6.0,0.0,0.0,0.0,0.0,0.0,0.0,0.0,0.0,0.0,0.0,0.0,-1.0,0.0,0.0,0.0,0.0,1.0,0.0,0.0,1.0,0.0,0.17,0.00,0.17,0.04,59.0,-27806.0,106592.0,7532.0,35338.0,526,Solanke-Mitchell,Spurs,Dominic,154566,,4,6,Dominic_Solanke-Mitchell,17,Nott'm Forest,6,Spurs,FWD,19
1856,527.0,28.0,18.0,0.0,False,2026-09-05T14:00:00Z,0.0,0.0,3.0,False,0.0,0.0,0.0,0.0,0.0,0.0,0.0,0.0,0.0,0.0,0.0,0.0,0.0,0.0,0.0,0.0,0.0,0.0,0.0,0.0,0.0,0.0,0.00,0.00,0.00,0.00,59.0,-117513.0,153916.0,6716.0,124229.0,527,de Andrade,Spurs,Richarlison,212319,not included in squad.,4,6,Richarlison_de Andrade,17,Nott'm Forest,6,Spurs,FWD,19
1857,528.0,28.0,18.0,0.0,False,2026-09-05T14:00:00Z,0.0,0.0,3.0,False,0.0,0.0,0.0,0.0,0.0,0.0,0.0,0.0,0.0,0.0,0.0,0.0,0.0,0.0,0.0,0.0,0.0,0.0,0.0,0.0,0.0,0.0,0.00,0.00,0.00,0.00,45.0,-5408.0,178567.0,29341.0,34749.0,528,Scarlett,Spurs,Dane,490145,Has joined Leyton Orient permanently,4,6,Dane_Scarlett,17,Nott'm Forest,6,Spurs,FWD,19
1858,578.0,28.0,18.0,1.0,False,2026-09-05T14:00:00Z,0.0,0.0,3.0,False,16.0,0.0,0.0,0.0,0.0,0.0,0.0,0.0,0.0,0.0,0.0,0.0,3.0,0.0,0.0,0.0,0.0,0.0,0.0,0.0,0.0,0.0,0.00,0.00,0.00,0.16,54.0,1892.0,7171.0,3534.0,1642.0,578,Mudryk,Spurs,Mykhailo,465920,,3,6,Mykhailo_Mudryk,17,Nott'm Forest,6,Spurs,MID,19
1859,601.0,28.0,18.0,0.0,False,2026-09-05T14:00:00Z,0.0,0.0,3.0,False,0.0,0.0,0.0,0.0,0.0,0.0,0.0,0.0,0.0,0.0,0.0,0.0,0.0,0.0,0.0,0.0,0.0,0.0,0.0,0.0,0.0,0.0,0.00,0.00,0.00,0.00,45.0,2301.0,13933.0,4467.0,2166.0,601,Williams-Barnett,Spurs,Luca,611917,,3,6,Luca_Williams-Barnett,17,Nott'm Forest,6,Spurs,MID,19
1860,501.0,22.0,4.0,2.0,False,2026-09-05T14:00:00Z,1.0,1.0,3.0,False,90.0,0.0,0.0,0.0,1.0,0.0,0.0,0.0,0.0,0.0,0.0,0.0,9.0,0.0,0.0,0.0,0.0,7.0,3.0,1.0,8.0,1.0,0.00,0.08,0.08,1.21,50.0,-2005.0,16199.0,1307.0,3312.0,501,Danso,Sunderland,Kevin,135720,,2,56,Kevin_Danso,94,Brentford,56,Sunderland,DEF,20
1861,529.0,22.0,4.0,2.0,False,2026-09-05T14:00:00Z,1.0,1.0,3.0,False,90.0,0.0,0.0,0.0,1.0,0.0,0.0,0.0,0.0,0.0,1.0,0.0,11.0,0.0,0.0,0.0,0.0,1.0,13.0,0.0,0.0,1.0,0.00,0.00,0.00,1.21,50.0,-38987.0,342137.0,10237.0,49224.0,529,Roefs,Sunderland,Robin,498016,,1,56,Robin_Roefs,94,Brentford,56,Sunderland,GKP,20
1862,530.0,22.0,4.0,0.0,False,2026-09-05T14:00:00Z,1.0,1.0,3.0,False,0.0,0.0,0.0,0.0,0.0,0.0,0.0,0.0,0.0,0.0,0.0,0.0,0.0,0.0,0.0,0.0,0.0,0.0,0.0,0.0,0.0,0.0,0.00,0.00,0.00,0.00,40.0,-1616.0,14484.0,0.0,1616.0,530,Patterson,Sunderland,Anthony,232571,Has joined Wrexham permanently,1,56,Anthony_Patterson,94,Brentford,56,Sunderland,GKP,20
1863,531.0,22.0,4.0,0.0,False,2026-09-05T14:00:00Z,1.0,1.0,3.0,False,0.0,0.0,0.0,0.0,0.0,0.0,0.0,0.0,0.0,0.0,0.0,0.0,0.0,0.0,0.0,0.0,0.0,0.0,0.0,0.0,0.0,0.0,0.00,0.00,0.00,0.00,45.0,-546.0,8803.0,405.0,951.0,531,Ellborg,Sunderland,Melker,515046,,1,56,Melker_Ellborg,94,Brentford,56,Sunderland,GKP,20
1864,532.0,22.0,4.0,4.0,False,2026-09-05T14:00:00Z,1.0,1.0,3.0,False,90.0,0.0,0.0,0.0,1.0,0.0,0.0,0.0,0.0,0.0,0.0,0.0,12.0,0.0,0.0,0.0,0.0,8.0,5.0,2.0,10.0,1.0,0.06,0.14,0.20,1.21,50.0,-79167.0,398900.0,15628.0,94795.0,532,Ballard,Sunderland,Daniel,223827,,2,56,Daniel_Ballard,94,Brentford,56,Sunderland,DEF,20
1865,533.0,22.0,4.0,4.0,False,2026-09-05T14:00:00Z,1.0,1.0,3.0,False,90.0,0.0,0.0,0.0,1.0,0.0,0.0,0.0,0.0,0.0,0.0,0.0,16.0,0.0,0.0,0.0,0.0,10.0,6.0,4.0,14.0,1.0,0.00,0.02,0.02,1.21,55.0,-3387.0,247977.0,21418.0,24805.0,533,Mukiele,Sunderland,Nordi,200834,,2,56,Nordi_Mukiele,94,Brentford,56,Sunderland,DEF,20
1866,534.0,22.0,4.0,1.0,False,2026-09-05T14:00:00Z,1.0,1.0,3.0,False,26.0,0.0,0.0,0.0,0.0,0.0,0.0,0.0,0.0,0.0,0.0,0.0,8.0,0.0,0.0,0.0,0.0,0.0,2.0,2.0,2.0,0.0,0.00,0.00,0.00,0.45,45.0,-68992.0,528010.0,17561.0,86553.0,534,Hume,Sunderland,Trai,487676,,2,56,Trai_Hume,94,Brentford,56,Sunderland,DEF,20
1867,535.0,22.0,4.0,0.0,False,2026-09-05T14:00:00Z,1.0,1.0,3.0,False,0.0,0.0,0.0,0.0,0.0,0.0,0.0,0.0,0.0,0.0,0.0,0.0,0.0,0.0,0.0,0.0,0.0,0.0,0.0,0.0,0.0,0.0,0.00,0.00,0.00,0.00,50.0,-8564.0,35107.0,1476.0,10040.0,535,Alderete,Sunderland,Omar,201895,,2,56,Omar_Alderete,94,Brentford,56,Sunderland,DEF,20
1868,536.0,22.0,4.0,2.0,False,2026-09-05T14:00:00Z,1.0,1.0,3.0,False,90.0,0.0,0.0,0.0,1.0,0.0,0.0,0.0,0.0,0.0,0.0,0.0,14.0,0.0,0.0,0.0,0.0,4.0,7.0,3.0,7.0,1.0,0.00,0.01,0.01,1.21,45.0,-2351.0,41923.0,1972.0,4323.0,536,Mandava,Sunderland,Reinildo,434399,,2,56,Reinildo_Mandava,94,Brentford,56,Sunderland,DEF,20
1869,537.0,22.0,4.0,0.0,False,2026-09-05T14:00:00Z,1.0,1.0,3.0,False,0.0,0.0,0.0,0.0,0.0,0.0,0.0,0.0,0.0,0.0,0.0,0.0,0.0,0.0,0.0,0.0,0.0,0.0,0.0,0.0,0.0,0.0,0.00,0.00,0.00,0.00,45.0,-357.0,701.0,3.0,360.0,537,Seelt,Sunderland,Jenson,519634,Has joined Swansea City on loan for the rest of the season,2,56,Jenson_Seelt,94,Brentford,56,Sunderland,DEF,20
1870,538.0,22.0,4.0,0.0,False,2026-09-05T14:00:00Z,1.0,1.0,3.0,False,0.0,0.0,0.0,0.0,0.0,0.0,0.0,0.0,0.0,0.0,0.0,0.0,0.0,0.0,0.0,0.0,0.0,0.0,0.0,0.0,0.0,0.0,0.00,0.00,0.00,0.00,40.0,-680.0,4484.0,0.0,680.0,538,Hjelde,Sunderland,Leo Fuhr,477547,Has joined KV Mechelen on loan for the rest of the season,2,56,Leo Fuhr_Hjelde,94,Brentford,56,Sunderland,DEF,20
1871,539.0,22.0,4.0,0.0,False,2026-09-05T14:00:00Z,1.0,1.0,3.0,False,0.0,0.0,0.0,0.0,0.0,0.0,0.0,0.0,0.0,0.0,0.0,0.0,0.0,0.0,0.0,0.0,0.0,0.0,0.0,0.0,0.0,0.0,0.00,0.00,0.00,0.00,40.0,-27829.0,310001.0,5301.0,33130.0,539,O'Nien,Sunderland,Luke,167512,,2,56,Luke_O'Nien,94,Brentford,56,Sunderland,DEF,20
1872,540.0,22.0,4.0,0.0,False,2026-09-05T14:00:00Z,1.0,1.0,3.0,False,0.0,0.0,0.0,0.0,0.0,0.0,0.0,0.0,0.0,0.0,0.0,0.0,0.0,0.0,0.0,0.0,0.0,0.0,0.0,0.0,0.0,0.0,0.00,0.00,0.00,0.00,40.0,-3070.0,17428.0,0.0,3070.0,540,Masuaku,Sunderland,Arthur,105717,Has joined Konyaspor permanently,2,56,Arthur_Masuaku,94,Brentford,56,Sunderland,DEF,20
1873,541.0,22.0,4.0,2.0,False,2026-09-05T14:00:00Z,1.0,1.0,3.0,False,63.0,0.0,0.0,0.0,1.0,0.0,0.0,0.0,0.0,0.0,0.0,0.0,0.0,0.0,0.0,0.0,0.0,2.0,0.0,0.0,2.0,1.0,0.11,0.00,0.11,0.76,45.0,301.0,30963.0,2639.0,2338.0,541,Meunier,Sunderland,Thomas,93605,,2,56,Thomas_Meunier,94,Brentford,56,Sunderland,DEF,20
1874,542.0,22.0,4.0,8.0,False,2026-09-05T14:00:00Z,1.0,1.0,3.0,False,90.0,1.0,0.0,0.0,1.0,0.0,0.0,0.0,0.0,0.0,0.0,1.0,25.0,0.0,0.0,0.0,0.0,0.0,2.0,4.0,6.0,1.0,0.84,0.03,0.87,1.21,59.0,-256530.0,564317.0,7320.0,263850.0,542,Le Fée,Sunderland,Enzo,484420,,3,56,Enzo_Le Fée,94,Brentford,56,Sunderland,MID,20
1875,543.0,22.0,4.0,0.0,False,2026-09-05T14:00:00Z,1.0,1.0,3.0,False,0.0,0.0,0.0,0.0,0.0,0.0,0.0,0.0,0.0,0.0,0.0,0.0,0.0,0.0,0.0,0.0,0.0,0.0,0.0,0.0,0.0,0.0,0.00,0.00,0.00,0.00,55.0,-2142.0,4664.0,164.0,2306.0,543,Diarra,Sunderland,Habib,547027,Hamstring injury - Unknown return date,3,56,Habib_Diarra,94,Brentford,56,Sunderland,MID,20
1876,544.0,22.0,4.0,3.0,False,2026-09-05T14:00:00Z,1.0,1.0,3.0,False,90.0,0.0,0.0,0.0,1.0,0.0,0.0,0.0,1.0,0.0,0.0,0.0,12.0,0.0,0.0,0.0,0.0,4.0,9.0,2.0,15.0,1.0,0.06,0.12,0.18,1.21,55.0,-1951.0,475519.0,45125.0,47076.0,544,Xhaka,Sunderland,Granit,84450,,3,56,Granit_Xhaka,94,Brentford,56,Sunderland,MID,20
1877,545.0,22.0,4.0,1.0,False,2026-09-05T14:00:00Z,1.0,1.0,3.0,False,73.0,0.0,0.0,0.0,1.0,0.0,0.0,0.0,1.0,0.0,0.0,0.0,16.0,0.0,0.0,0.0,0.0,0.0,3.0,0.0,3.0,1.0,0.28,0.18,0.46,0.82,50.0,-3063.0,29609.0,1887.0,4950.0,545,Sadiki,Sunderland,Noah,577669,,3,56,Noah_Sadiki,94,Brentford,56,Sunderland,MID,20
1878,546.0,22.0,4.0,0.0,False,2026-09-05T14:00:00Z,1.0,1.0,3.0,False,0.0,0.0,0.0,0.0,0.0,0.0,0.0,0.0,0.0,0.0,0.0,0.0,0.0,0.0,0.0,0.0,0.0,0.0,0.0,0.0,0.0,0.0,0.00,0.00,0.00,0.00,49.0,-1749.0,4340.0,187.0,1936.0,546,Adingra,Sunderland,Simon,535818,Has joined Ajax on loan for the rest of the season,3,56,Simon_Adingra,94,Brentford,56,Sunderland,MID,20
1879,547.0,22.0,4.0,0.0,False,2026-09-05T14:00:00Z,1.0,1.0,3.0,False,0.0,0.0,0.0,0.0,0.0,0.0,0.0,0.0,0.0,0.0,0.0,0.0,0.0,0.0,0.0,0.0,0.0,0.0,0.0,0.0,0.0,0.0,0.00,0.00,0.00,0.00,50.0,-51.0,810.0,83.0,134.0,547,Mundle,Sunderland,Romaine,461199,,3,56,Romaine_Mundle,94,Brentford,56,Sunderland,MID,20
1880,548.0,22.0,4.0,0.0,False,2026-09-05T14:00:00Z,1.0,1.0,3.0,False,0.0,0.0,0.0,0.0,0.0,0.0,0.0,0.0,0.0,0.0,0.0,0.0,0.0,0.0,0.0,0.0,0.0,0.0,0.0,0.0,0.0,0.0,0.00,0.00,0.00,0.00,50.0,-719.0,5751.0,143.0,862.0,548,Rigg,Sunderland,Chris,554197,,3,56,Chris_Rigg,94,Brentford,56,Sunderland,MID,20
1881,549.0,22.0,4.0,0.0,False,2026-09-05T14:00:00Z,1.0,1.0,3.0,False,0.0,0.0,0.0,0.0,0.0,0.0,0.0,0.0,0.0,0.0,0.0,0.0,0.0,0.0,0.0,0.0,0.0,0.0,0.0,0.0,0.0,0.0,0.00,0.00,0.00,0.00,54.0,-3700.0,17189.0,427.0,4127.0,549,Talbi,Sunderland,Chemsdine,549912,,3,56,Chemsdine_Talbi,94,Brentford,56,Sunderland,MID,20
1882,550.0,22.0,4.0,0.0,False,2026-09-05T14:00:00Z,1.0,1.0,3.0,False,0.0,0.0,0.0,0.0,0.0,0.0,0.0,0.0,0.0,0.0,0.0,0.0,0.0,0.0,0.0,0.0,0.0,0.0,0.0,0.0,0.0,0.0,0.00,0.00,0.00,0.00,50.0,-21.0,602.0,80.0,101.0,550,Bi,Sunderland,Djiamgone Jocelin Ta,699989,,3,56,Djiamgone Jocelin Ta_Bi,94,Brentford,56,Sunderland,MID,20
1883,551.0,22.0,4.0,2.0,False,2026-09-05T14:00:00Z,1.0,1.0,3.0,False,63.0,0.0,0.0,0.0,1.0,0.0,0.0,0.0,0.0,0.0,0.0,0.0,11.0,0.0,0.0,0.0,0.0,1.0,3.0,1.0,5.0,1.0,0.00,0.07,0.07,0.76,50.0,1656.0,15646.0,4768.0,3112.0,551,Angulo,Sunderland,Nilson,536661,,3,56,Nilson_Angulo,94,Brentford,56,Sunderland,MID,20
1884,552.0,22.0,4.0,2.0,False,2026-09-05T14:00:00Z,1.0,1.0,3.0,False,90.0,0.0,0.0,0.0,1.0,0.0,0.0,0.0,0.0,0.0,0.0,0.0,11.0,0.0,0.0,0.0,0.0,0.0,3.0,0.0,3.0,1.0,0.26,0.06,0.32,1.21,59.0,-321733.0,912046.0,27284.0,349017.0,552,Brobbey,Sunderland,Brian,441264,,4,56,Brian_Brobbey,94,Brentford,56,Sunderland,FWD,20
1885,553.0,22.0,4.0,4.0,False,2026-09-05T14:00:00Z,1.0,1.0,3.0,False,26.0,0.0,1.0,0.0,0.0,0.0,0.0,0.0,0.0,0.0,0.0,0.0,15.0,0.0,0.0,0.0,0.0,0.0,2.0,0.0,2.0,0.0,0.10,0.01,0.11,0.45,55.0,21273.0,116229.0,35830.0,14557.0,553,Isidor,Sunderland,Wilson,437505,,4,56,Wilson_Isidor,94,Brentford,56,Sunderland,FWD,20
1886,612.0,22.0,4.0,0.0,False,2026-09-05T14:00:00Z,1.0,1.0,3.0,False,0.0,0.0,0.0,0.0,0.0,0.0,0.0,0.0,0.0,0.0,0.0,0.0,0.0,0.0,0.0,0.0,0.0,0.0,0.0,0.0,0.0,0.0,0.00,0.00,0.00,0.00,45.0,262.0,632.0,362.0,100.0,612,Méthalie,Sunderland,Dayann,638411,,2,56,Dayann_Méthalie,94,Brentford,56,Sunderland,DEF,20
1887,613.0,22.0,4.0,0.0,False,2026-09-05T14:00:00Z,1.0,1.0,3.0,False,0.0,0.0,0.0,0.0,0.0,0.0,0.0,0.0,0.0,0.0,0.0,0.0,0.0,0.0,0.0,0.0,0.0,0.0,0.0,0.0,0.0,0.0,0.00,0.00,0.00,0.00,45.0,8884.0,27345.0,13182.0,4298.0,613,Ahoka,Sunderland,Jules,696104,,3,56,Jules_Ahoka,94,Brentford,56,Sunderland,MID,20
1888,646.0,22.0,4.0,1.0,False,2026-09-05T14:00:00Z,1.0,1.0,3.0,False,16.0,0.0,0.0,0.0,0.0,0.0,0.0,0.0,0.0,0.0,0.0,0.0,3.0,0.0,0.0,0.0,0.0,0.0,0.0,0.0,0.0,0.0,0.00,0.00,0.00,0.39,55.0,1832.0,2246.0,2071.0,239.0,646,Fofana,Sunderland,Malick,549940,,3,56,Malick_Fofana,94,Brentford,56,Sunderland,MID,20
1889,651.0,22.0,4.0,0.0,False,2026-09-05T14:00:00Z,1.0,1.0,3.0,False,0.0,0.0,0.0,0.0,0.0,0.0,0.0,0.0,0.0,0.0,0.0,0.0,0.0,0.0,0.0,0.0,0.0,0.0,0.0,0.0,0.0,0.0,0.00,0.00,0.00,0.00,45.0,14103.0,27023.0,15939.0,1836.0,651,Angulo,Sunderland,Juan,661313,,4,56,Juan_Angulo,94,Brentford,56,Sunderland,FWD,20
